NETWORK t=     0.0ms dt=    0.0ms tid=ThreadId(2) discovery_started
NETWORK t=     0.1ms dt=    0.1ms tid=ThreadId(3) discovery_attempt attempt=1
NETWORK t=     2.3ms dt=    2.2ms tid=ThreadId(3) discovery_result attempt=1 uri=smb://DietPi.local:445/
NETWORK t=     2.3ms dt=    0.0ms tid=ThreadId(3) discovery_result attempt=1 uri=nfs://DietPi.local/mnt
NETWORK t=     2.3ms dt=    0.0ms tid=ThreadId(3) discovery_pass_done attempt=1 found=2 total=2 errored=false
NETWORK t=     2.4ms dt=    0.0ms tid=ThreadId(3) discovery_complete count=2
NETWORK t=     2.4ms dt=    0.0ms tid=ThreadId(2) discovery_prefetch_done
NETWORK t=    33.1ms dt=   30.7ms tid=main startup_phase recent_view_loaded ms=0.4
STARTUP cold_start_ms=33 photos=688 displayed=50 folders=80 albums=1 scan=disabled rss_mb=60
NETWORK t=    35.1ms dt=    2.0ms tid=main gallery_replace_start op=0 count=0 cache_scoped=true progressive=true
NETWORK t=    35.1ms dt=    0.0ms tid=main gallery_replace_unchanged skip_rebuild
NETWORK t=   224.8ms dt=  189.7ms tid=main shares_refresh_start
NETWORK t=   225.3ms dt=    0.4ms tid=main shares_refresh_done count=9
NETWORK t=   236.4ms dt=   11.2ms tid=main startup_phase layout_built ms=20.1
NETWORK t=   237.6ms dt=    1.1ms tid=main startup_phase gallery_and_actions_built ms=21.2
NETWORK t=   241.1ms dt=    3.5ms tid=main recovery_scheduled photos=688
NETWORK t=   242.0ms dt=    0.9ms tid=main startup_nfs_probe uri=nfs://DietPi.local/exports/Work delay_ms=2500
NETWORK t=   242.0ms dt=    0.0ms tid=main startup_nfs_probe uri=nfs://DietPi.local/mnt/4TBP/Other/Tat%20Sing delay_ms=3100
NETWORK t=   242.0ms dt=    0.0ms tid=main startup_nfs_probe uri=nfs://DietPi.local/mnt/4TBS/sg1/Extras-Stargate%20Atlantis delay_ms=3700
NETWORK t=   242.0ms dt=    0.0ms tid=main startup_smb_probe uri=smb://dietpi.local/4tbp/Work/James delay_ms=4300
NETWORK t=   242.1ms dt=    0.0ms tid=main startup_smb_probe uri=smb://dietpi.local/4tbs/pics-sport/NMB%20Half%202025/FB%20NMB%20Half%202025%20%20All-Timestamp delay_ms=4900
NETWORK t=   242.1ms dt=    0.0ms tid=main startup_smb_probe uri=smb://DietPi.local:445/4TBP/mypics-2026/Tats%28Shoot%29_2/tat%20photshoot%203 delay_ms=5500
NETWORK t=   242.1ms dt=    0.0ms tid=main startup_smb_probe uri=smb://DietPi.local:445/4TBS/series-kids/He-Man%20and%20the%20Masters%20of%20the%20Universe%20%281983%29 delay_ms=6100
NETWORK t=   242.1ms dt=    0.0ms tid=main startup_smb_probe uri=smb://DietPi.local:445/4TBS/sg1 delay_ms=6700
NETWORK t=   242.1ms dt=    0.0ms tid=main startup_smb_probe uri=smb://DietPi.local:445/epg delay_ms=7300
NETWORK t=   242.2ms dt=    0.0ms tid=main startup_phase build_done_pre_present ms=25.8
NETWORK t=   244.2ms dt=    2.0ms tid=ThreadId(6) recovery_start total=0 offline=0
NETWORK t=   244.2ms dt=    0.0ms tid=ThreadId(6) recovery_done created=0 failed=0 offline=0 cancelled=false
WARNING: radv is not a conformant Vulkan implementation, testing use only.
NETWORK t=   312.9ms dt=   68.7ms tid=main ui_stall ms=313.0
NETWORK t=   312.9ms dt=    0.0ms tid=main shares_counts_ready count=9
NETWORK t=   339.1ms dt=   26.1ms tid=main startup_phase first_idle_batch ms=122.7
NETWORK t=   339.1ms dt=    0.0ms tid=main gallery_replace_start op=0 count=50 cache_scoped=true progressive=true
===== SCAN COMPLETE: imported=0 failed=0 | progressive gallery updates complete =====
NETWORK t=  2748.8ms dt= 2409.7ms tid=ThreadId(15) nfs_helper_stat_failed uri=nfs://DietPi.local/exports/Work error=NFS server/export not permitted by root-owned helper policy
NETWORK t=  2792.1ms dt=   43.4ms tid=main startup_nfs_probe_done uri=nfs://DietPi.local/exports/Work ok=false reason=NFS server/export not permitted by root-owned helper policy
NETWORK t=  3044.9ms dt=  252.8ms tid=ThreadId(17) nfs_helper_stat_failed uri=nfs://DietPi.local/exports/Work error=NFS server/export not permitted by root-owned helper policy
NETWORK t=  3051.3ms dt=    6.3ms tid=ThreadId(17) nfs_helper_stat_ok uri=nfs://DietPi.local/mnt/4TBP/Other/Tat%20Sing size=4096
NETWORK t=  3054.9ms dt=    3.7ms tid=ThreadId(17) nfs_helper_stat_ok uri=nfs://DietPi.local/mnt/4TBS/sg1/Extras-Stargate%20Atlantis size=4096
NETWORK t=  3055.0ms dt=    0.0ms tid=ThreadId(17) smb_stat_start url=smb://dietpi.local/4tbp/Work/James lane=background
NETWORK t=  3057.3ms dt=    2.4ms tid=pic-smb-transport smb_client_new_start
NETWORK t=  3058.6ms dt=    1.2ms tid=pic-smb-transport smb_client_context_created
NETWORK t=  3058.6ms dt=    0.0ms tid=pic-smb-transport smb_client_init_start
NETWORK t=  3058.6ms dt=    0.0ms tid=pic-smb-transport smb_client_init_done
NETWORK t=  3077.0ms dt=   18.4ms tid=pic-smb-transport smb_transport stat ms=18.3
NETWORK t=  3077.4ms dt=    0.5ms tid=pic-smb-transport smb_client_context_freed
NETWORK t=  3077.5ms dt=    0.1ms tid=ThreadId(17) smb_stat_start url=smb://dietpi.local/4tbs/pics-sport/NMB Half 2025/FB NMB Half 2025  All-Timestamp lane=background
NETWORK t=  3079.4ms dt=    1.9ms tid=pic-smb-transport smb_client_new_start
NETWORK t=  3080.0ms dt=    0.6ms tid=pic-smb-transport smb_client_context_created
NETWORK t=  3080.0ms dt=    0.0ms tid=pic-smb-transport smb_client_init_start
NETWORK t=  3080.0ms dt=    0.0ms tid=pic-smb-transport smb_client_init_done
NETWORK t=  3094.2ms dt=   14.1ms tid=pic-smb-transport smb_transport stat ms=14.1
NETWORK t=  3094.6ms dt=    0.4ms tid=pic-smb-transport smb_client_context_freed
NETWORK t=  3094.6ms dt=    0.0ms tid=ThreadId(17) smb_stat_start url=smb://DietPi.local/4TBP/mypics-2026/Tats(Shoot)_2/tat photshoot 3 lane=background
NETWORK t=  3096.8ms dt=    2.2ms tid=pic-smb-transport smb_client_new_start
NETWORK t=  3097.4ms dt=    0.6ms tid=pic-smb-transport smb_client_context_created
NETWORK t=  3097.5ms dt=    0.0ms tid=pic-smb-transport smb_client_init_start
NETWORK t=  3097.5ms dt=    0.0ms tid=pic-smb-transport smb_client_init_done
NETWORK t=  3113.1ms dt=   15.6ms tid=pic-smb-transport smb_transport stat ms=15.6
NETWORK t=  3113.6ms dt=    0.5ms tid=pic-smb-transport smb_client_context_freed
NETWORK t=  3113.7ms dt=    0.0ms tid=ThreadId(17) smb_stat_start url=smb://DietPi.local/4TBS/series-kids/He-Man and the Masters of the Universe (1983) lane=background
NETWORK t=  3115.7ms dt=    2.0ms tid=pic-smb-transport smb_client_new_start
NETWORK t=  3116.3ms dt=    0.7ms tid=pic-smb-transport smb_client_context_created
NETWORK t=  3116.4ms dt=    0.0ms tid=pic-smb-transport smb_client_init_start
NETWORK t=  3116.4ms dt=    0.0ms tid=pic-smb-transport smb_client_init_done
NETWORK t=  3132.7ms dt=   16.3ms tid=pic-smb-transport smb_transport stat ms=16.3
NETWORK t=  3133.2ms dt=    0.5ms tid=pic-smb-transport smb_client_context_freed
NETWORK t=  3133.2ms dt=    0.0ms tid=ThreadId(17) smb_stat_start url=smb://DietPi.local/4TBS/sg1 lane=background
NETWORK t=  3135.5ms dt=    2.3ms tid=pic-smb-transport smb_client_new_start
NETWORK t=  3136.1ms dt=    0.6ms tid=pic-smb-transport smb_client_context_created
NETWORK t=  3136.1ms dt=    0.0ms tid=pic-smb-transport smb_client_init_start
NETWORK t=  3136.1ms dt=    0.0ms tid=pic-smb-transport smb_client_init_done
NETWORK t=  3153.8ms dt=   17.7ms tid=pic-smb-transport smb_transport stat ms=17.7
NETWORK t=  3154.4ms dt=    0.6ms tid=pic-smb-transport smb_client_context_freed
NETWORK t=  3154.4ms dt=    0.0ms tid=ThreadId(17) smb_stat_start url=smb://DietPi.local/epg/ lane=background
NETWORK t=  3156.6ms dt=    2.1ms tid=pic-smb-transport smb_client_new_start
NETWORK t=  3157.1ms dt=    0.6ms tid=pic-smb-transport smb_client_context_created
NETWORK t=  3157.1ms dt=    0.0ms tid=pic-smb-transport smb_client_init_start
NETWORK t=  3157.1ms dt=    0.0ms tid=pic-smb-transport smb_client_init_done
NETWORK t=  3171.8ms dt=   14.7ms tid=pic-smb-transport smb_transport stat ms=14.7
NETWORK t=  3172.2ms dt=    0.4ms tid=pic-smb-transport smb_client_context_freed
NETWORK t=  3192.5ms dt=   20.3ms tid=main availability_apply no_updates
NETWORK t=  3193.2ms dt=    0.7ms tid=main shares_refresh_start
NETWORK t=  3193.9ms dt=    0.7ms tid=main shares_refresh_done count=9
NETWORK t=  3244.0ms dt=   50.1ms tid=main shares_counts_ready count=9
NETWORK t=  3344.0ms dt=  100.0ms tid=ThreadId(28) nfs_helper_stat_ok uri=nfs://DietPi.local/mnt/4TBP/Other/Tat%20Sing size=4096
NETWORK t=  3392.5ms dt=   48.5ms tid=main startup_nfs_probe_done uri=nfs://DietPi.local/mnt/4TBP/Other/Tat%20Sing ok=true
NETWORK t=  3943.9ms dt=  551.4ms tid=ThreadId(30) nfs_helper_stat_ok uri=nfs://DietPi.local/mnt/4TBS/sg1/Extras-Stargate%20Atlantis size=4096
NETWORK t=  3992.2ms dt=   48.3ms tid=main startup_nfs_probe_done uri=nfs://DietPi.local/mnt/4TBS/sg1/Extras-Stargate%20Atlantis ok=true
NETWORK t=  4542.2ms dt=  550.0ms tid=ThreadId(32) smb_stat_start url=smb://dietpi.local/4tbp/Work/James lane=background
NETWORK t=  4544.9ms dt=    2.7ms tid=pic-smb-transport smb_client_new_start
NETWORK t=  4545.5ms dt=    0.6ms tid=pic-smb-transport smb_client_context_created
NETWORK t=  4545.5ms dt=    0.0ms tid=pic-smb-transport smb_client_init_start
NETWORK t=  4545.5ms dt=    0.0ms tid=pic-smb-transport smb_client_init_done
NETWORK t=  4564.9ms dt=   19.3ms tid=pic-smb-transport smb_transport stat ms=19.3
NETWORK t=  4565.3ms dt=    0.5ms tid=pic-smb-transport smb_client_context_freed
NETWORK t=  4571.3ms dt=    6.0ms tid=main discovery_ui_started
NETWORK t=  4571.4ms dt=    0.0ms tid=main discovery_cache_seeded count=2
NETWORK t=  4571.4ms dt=    0.1ms tid=main dialog_opened
NETWORK t=  4571.4ms dt=    0.0ms tid=ThreadId(34) discovery_started
NETWORK t=  4571.5ms dt=    0.1ms tid=ThreadId(35) discovery_attempt attempt=1
NETWORK t=  4572.9ms dt=    1.4ms tid=ThreadId(35) discovery_result attempt=1 uri=smb://DietPi.local:445/
NETWORK t=  4572.9ms dt=    0.0ms tid=ThreadId(35) discovery_result attempt=1 uri=nfs://DietPi.local/mnt
NETWORK t=  4572.9ms dt=    0.0ms tid=ThreadId(35) discovery_pass_done attempt=1 found=2 total=2 errored=false
NETWORK t=  4572.9ms dt=    0.0ms tid=ThreadId(35) discovery_complete count=2
NETWORK t=  4592.2ms dt=   19.3ms tid=main startup_smb_probe_done uri=smb://dietpi.local/4tbp/Work/James ok=true reason=ok
NETWORK t=  4621.5ms dt=   29.2ms tid=main discovery_ui_item n=1 uri=smb://DietPi.local:445/
NETWORK t=  4621.9ms dt=    0.5ms tid=main discovery_ui_item n=2 uri=nfs://DietPi.local/mnt
NETWORK t=  4622.1ms dt=    0.1ms tid=main discovery_ui_done count=2 shown=2
NETWORK t=  5142.2ms dt=  520.2ms tid=ThreadId(37) smb_stat_start url=smb://dietpi.local/4tbs/pics-sport/NMB Half 2025/FB NMB Half 2025  All-Timestamp lane=background
NETWORK t=  5145.1ms dt=    2.8ms tid=pic-smb-transport smb_client_new_start
NETWORK t=  5145.8ms dt=    0.7ms tid=pic-smb-transport smb_client_context_created
NETWORK t=  5145.8ms dt=    0.0ms tid=pic-smb-transport smb_client_init_start
NETWORK t=  5145.8ms dt=    0.0ms tid=pic-smb-transport smb_client_init_done
NETWORK t=  5164.0ms dt=   18.2ms tid=pic-smb-transport smb_transport stat ms=18.2
NETWORK t=  5164.4ms dt=    0.4ms tid=pic-smb-transport smb_client_context_freed
NETWORK t=  5192.2ms dt=   27.9ms tid=main startup_smb_probe_done uri=smb://dietpi.local/4tbs/pics-sport/NMB%20Half%202025/FB%20NMB%20Half%202025%20%20All-Timestamp ok=true reason=ok
NETWORK t=  5742.2ms dt=  550.0ms tid=ThreadId(39) smb_stat_start url=smb://DietPi.local/4TBP/mypics-2026/Tats(Shoot)_2/tat photshoot 3 lane=background
NETWORK t=  5744.9ms dt=    2.7ms tid=pic-smb-transport smb_client_new_start
NETWORK t=  5745.6ms dt=    0.7ms tid=pic-smb-transport smb_client_context_created
NETWORK t=  5745.6ms dt=    0.0ms tid=pic-smb-transport smb_client_init_start
NETWORK t=  5745.6ms dt=    0.0ms tid=pic-smb-transport smb_client_init_done
NETWORK t=  5763.0ms dt=   17.4ms tid=pic-smb-transport smb_transport stat ms=17.3
NETWORK t=  5763.4ms dt=    0.4ms tid=pic-smb-transport smb_client_context_freed
NETWORK t=  5792.3ms dt=   28.8ms tid=main startup_smb_probe_done uri=smb://DietPi.local:445/4TBP/mypics-2026/Tats%28Shoot%29_2/tat%20photshoot%203 ok=true reason=ok
NETWORK t=  5992.9ms dt=  200.6ms tid=main discovery_row_clicked name=NFS file sharing on DietPi uri=nfs://DietPi.local/mnt
NETWORK t=  6342.3ms dt=  349.4ms tid=ThreadId(41) smb_stat_start url=smb://DietPi.local/4TBS/series-kids/He-Man and the Masters of the Universe (1983) lane=background
NETWORK t=  6344.7ms dt=    2.4ms tid=pic-smb-transport smb_client_new_start
NETWORK t=  6345.4ms dt=    0.6ms tid=pic-smb-transport smb_client_context_created
NETWORK t=  6345.4ms dt=    0.0ms tid=pic-smb-transport smb_client_init_start
NETWORK t=  6345.4ms dt=    0.0ms tid=pic-smb-transport smb_client_init_done
NETWORK t=  6363.4ms dt=   18.0ms tid=pic-smb-transport smb_transport stat ms=18.0
NETWORK t=  6363.9ms dt=    0.4ms tid=pic-smb-transport smb_client_context_freed
NETWORK t=  6392.3ms dt=   28.4ms tid=main startup_smb_probe_done uri=smb://DietPi.local:445/4TBS/series-kids/He-Man%20and%20the%20Masters%20of%20the%20Universe%20%281983%29 ok=true reason=ok
NETWORK t=  6393.2ms dt=    0.9ms tid=main nfs_lookup_started host=DietPi.local
NETWORK t=  6400.0ms dt=    6.8ms tid=ThreadId(43) nfs_exports host=DietPi.local count=5
NETWORK t=  6423.5ms dt=   23.6ms tid=main discovery_ui_item n=3 uri=nfs://DietPi.local/exports/Work
NETWORK t=  6423.8ms dt=    0.2ms tid=main discovery_ui_item n=4 uri=nfs://DietPi.local/mnt/4TBM
NETWORK t=  6423.9ms dt=    0.2ms tid=main discovery_ui_item n=5 uri=nfs://DietPi.local/mnt/4TBP
NETWORK t=  6424.1ms dt=    0.1ms tid=main discovery_ui_item n=6 uri=nfs://DietPi.local/mnt/4TBS
NETWORK t=  6424.2ms dt=    0.1ms tid=main discovery_ui_item n=7 uri=nfs://DietPi.local/mnt/dietpi_userdata
NETWORK t=  6942.7ms dt=  518.4ms tid=ThreadId(44) smb_stat_start url=smb://DietPi.local/4TBS/sg1 lane=background
NETWORK t=  6944.9ms dt=    2.3ms tid=pic-smb-transport smb_client_new_start
NETWORK t=  6945.6ms dt=    0.7ms tid=pic-smb-transport smb_client_context_created
NETWORK t=  6945.6ms dt=    0.0ms tid=pic-smb-transport smb_client_init_start
NETWORK t=  6945.6ms dt=    0.0ms tid=pic-smb-transport smb_client_init_done
NETWORK t=  6962.9ms dt=   17.3ms tid=pic-smb-transport smb_transport stat ms=17.3
NETWORK t=  6963.3ms dt=    0.4ms tid=pic-smb-transport smb_client_context_freed
NETWORK t=  6992.6ms dt=   29.3ms tid=main startup_smb_probe_done uri=smb://DietPi.local:445/4TBS/sg1 ok=true reason=ok
NETWORK t=  7412.9ms dt=  420.3ms tid=main dialog_connect_state server='DietPi.local' discovered=true protocol=1
NETWORK t=  7412.9ms dt=    0.0ms tid=main dialog_connect_source=discovered uri=nfs://DietPi.local/mnt
NETWORK t=  7412.9ms dt=    0.0ms tid=main dialog_accepted root=nfs://DietPi.local/mnt name=
NETWORK t=  7412.9ms dt=    0.0ms tid=main connect_requested uri=nfs://DietPi.local/mnt
NETWORK t=  7413.0ms dt=    0.0ms tid=main browse_root_in uri=nfs://DietPi.local/mnt
NETWORK t=  7413.0ms dt=    0.0ms tid=main browse_root_out uri=nfs://DietPi.local/mnt/
NETWORK t=  7413.0ms dt=    0.0ms tid=main connect_root normalized=nfs://DietPi.local/
NETWORK t=  7413.0ms dt=    0.0ms tid=main browse_root uri=nfs://DietPi.local/
NETWORK t=  7420.3ms dt=    7.3ms tid=main discovery_ui_closed_flag
NETWORK t=  7420.3ms dt=    0.0ms tid=main dialog_closed
NETWORK t=  7420.8ms dt=    0.5ms tid=ThreadId(46) nfs_exports host=DietPi.local count=5
NETWORK t=  7420.9ms dt=    0.0ms tid=ThreadId(46) browse_enumerate uri=nfs://DietPi.local/ count=5 ms=6.9
NETWORK t=  7426.1ms dt=    5.2ms tid=main discovery_ui_stopped_closed
NETWORK t=  7464.2ms dt=   38.1ms tid=main browse_list uri=nfs://DietPi.local/ count=5
NETWORK t=  7542.3ms dt=   78.1ms tid=ThreadId(47) smb_stat_start url=smb://DietPi.local/epg/ lane=background
NETWORK t=  7544.6ms dt=    2.4ms tid=pic-smb-transport smb_client_new_start
NETWORK t=  7545.4ms dt=    0.7ms tid=pic-smb-transport smb_client_context_created
NETWORK t=  7545.4ms dt=    0.0ms tid=pic-smb-transport smb_client_init_start
NETWORK t=  7545.4ms dt=    0.0ms tid=pic-smb-transport smb_client_init_done
NETWORK t=  7562.7ms dt=   17.3ms tid=pic-smb-transport smb_transport stat ms=17.3
NETWORK t=  7563.1ms dt=    0.4ms tid=pic-smb-transport smb_client_context_freed
NETWORK t=  7592.3ms dt=   29.2ms tid=main startup_smb_probe_done uri=smb://DietPi.local:445/epg ok=true reason=ok
NETWORK t=  8044.6ms dt=  452.2ms tid=ThreadId(49) nfs_helper_stat_failed uri=nfs://DietPi.local/exports/Work error=NFS server/export not permitted by root-owned helper policy
NETWORK t=  8045.4ms dt=    0.9ms tid=ThreadId(49) nfs_helper_stat_ok uri=nfs://DietPi.local/mnt/4TBP/Other/Tat%20Sing size=4096
NETWORK t=  8046.1ms dt=    0.7ms tid=ThreadId(49) nfs_helper_stat_ok uri=nfs://DietPi.local/mnt/4TBS/sg1/Extras-Stargate%20Atlantis size=4096
NETWORK t=  8046.2ms dt=    0.0ms tid=ThreadId(49) smb_stat_start url=smb://dietpi.local/4tbp/Work/James lane=background
NETWORK t=  8048.4ms dt=    2.2ms tid=pic-smb-transport smb_client_new_start
NETWORK t=  8049.1ms dt=    0.7ms tid=pic-smb-transport smb_client_context_created
NETWORK t=  8049.2ms dt=    0.0ms tid=pic-smb-transport smb_client_init_start
NETWORK t=  8049.2ms dt=    0.0ms tid=pic-smb-transport smb_client_init_done
NETWORK t=  8060.7ms dt=   11.5ms tid=pic-smb-transport smb_transport stat ms=11.5
NETWORK t=  8061.0ms dt=    0.3ms tid=pic-smb-transport smb_client_context_freed
NETWORK t=  8061.1ms dt=    0.0ms tid=ThreadId(49) smb_stat_start url=smb://dietpi.local/4tbs/pics-sport/NMB Half 2025/FB NMB Half 2025  All-Timestamp lane=background
NETWORK t=  8063.0ms dt=    1.9ms tid=pic-smb-transport smb_client_new_start
NETWORK t=  8063.6ms dt=    0.6ms tid=pic-smb-transport smb_client_context_created
NETWORK t=  8063.6ms dt=    0.0ms tid=pic-smb-transport smb_client_init_start
NETWORK t=  8063.6ms dt=    0.0ms tid=pic-smb-transport smb_client_init_done
NETWORK t=  8074.9ms dt=   11.3ms tid=pic-smb-transport smb_transport stat ms=11.3
NETWORK t=  8075.3ms dt=    0.4ms tid=pic-smb-transport smb_client_context_freed
NETWORK t=  8075.4ms dt=    0.0ms tid=ThreadId(49) smb_stat_start url=smb://DietPi.local/4TBP/mypics-2026/Tats(Shoot)_2/tat photshoot 3 lane=background
NETWORK t=  8077.3ms dt=    2.0ms tid=pic-smb-transport smb_client_new_start
NETWORK t=  8077.9ms dt=    0.5ms tid=pic-smb-transport smb_client_context_created
NETWORK t=  8077.9ms dt=    0.0ms tid=pic-smb-transport smb_client_init_start
NETWORK t=  8077.9ms dt=    0.0ms tid=pic-smb-transport smb_client_init_done
NETWORK t=  8089.4ms dt=   11.5ms tid=pic-smb-transport smb_transport stat ms=11.5
NETWORK t=  8089.8ms dt=    0.4ms tid=pic-smb-transport smb_client_context_freed
NETWORK t=  8089.9ms dt=    0.0ms tid=ThreadId(49) smb_stat_start url=smb://DietPi.local/4TBS/series-kids/He-Man and the Masters of the Universe (1983) lane=background
NETWORK t=  8092.0ms dt=    2.1ms tid=pic-smb-transport smb_client_new_start
NETWORK t=  8092.7ms dt=    0.7ms tid=pic-smb-transport smb_client_context_created
NETWORK t=  8092.7ms dt=    0.0ms tid=pic-smb-transport smb_client_init_start
NETWORK t=  8092.7ms dt=    0.0ms tid=pic-smb-transport smb_client_init_done
NETWORK t=  8106.4ms dt=   13.7ms tid=pic-smb-transport smb_transport stat ms=13.6
NETWORK t=  8106.8ms dt=    0.5ms tid=pic-smb-transport smb_client_context_freed
NETWORK t=  8106.9ms dt=    0.0ms tid=ThreadId(49) smb_stat_start url=smb://DietPi.local/4TBS/sg1 lane=background
NETWORK t=  8109.0ms dt=    2.1ms tid=pic-smb-transport smb_client_new_start
NETWORK t=  8109.6ms dt=    0.6ms tid=pic-smb-transport smb_client_context_created
NETWORK t=  8109.7ms dt=    0.0ms tid=pic-smb-transport smb_client_init_start
NETWORK t=  8109.7ms dt=    0.0ms tid=pic-smb-transport smb_client_init_done
NETWORK t=  8124.0ms dt=   14.3ms tid=pic-smb-transport smb_transport stat ms=14.3
NETWORK t=  8124.4ms dt=    0.4ms tid=pic-smb-transport smb_client_context_freed
NETWORK t=  8124.5ms dt=    0.0ms tid=ThreadId(49) smb_stat_start url=smb://DietPi.local/epg/ lane=background
NETWORK t=  8126.3ms dt=    1.9ms tid=pic-smb-transport smb_client_new_start
NETWORK t=  8127.0ms dt=    0.7ms tid=pic-smb-transport smb_client_context_created
NETWORK t=  8127.0ms dt=    0.0ms tid=pic-smb-transport smb_client_init_start
NETWORK t=  8127.0ms dt=    0.0ms tid=pic-smb-transport smb_client_init_done
NETWORK t=  8139.9ms dt=   12.8ms tid=pic-smb-transport smb_transport stat ms=12.8
NETWORK t=  8140.3ms dt=    0.4ms tid=pic-smb-transport smb_client_context_freed
NETWORK t=  8142.4ms dt=    2.2ms tid=main shares_refresh_start
NETWORK t=  8143.1ms dt=    0.6ms tid=main shares_refresh_done count=9
NETWORK t=  8193.2ms dt=   50.1ms tid=main shares_counts_ready count=9
NETWORK t=  8661.2ms dt=  468.0ms tid=main browse_enter uri=nfs://DietPi.local/mnt/4TBM
NETWORK t= 11200.8ms dt= 2539.6ms tid=main browse_up uri=nfs://DietPi.local/mnt
NETWORK t= 11920.7ms dt=  720.0ms tid=main browse_back uri=nfs://DietPi.local/mnt/4TBM
NETWORK t= 13028.8ms dt= 1108.0ms tid=main browse_cancelled
NETWORK t= 13028.8ms dt=    0.0ms tid=main browse_closed
NETWORK t= 14406.9ms dt= 1378.1ms tid=main discovery_ui_started
NETWORK t= 14407.0ms dt=    0.0ms tid=main discovery_cache_seeded count=7
NETWORK t= 14407.1ms dt=    0.1ms tid=main dialog_opened
NETWORK t= 14407.1ms dt=    0.1ms tid=ThreadId(66) discovery_started
NETWORK t= 14407.2ms dt=    0.1ms tid=ThreadId(67) discovery_attempt attempt=1
NETWORK t= 14408.6ms dt=    1.4ms tid=ThreadId(67) discovery_result attempt=1 uri=smb://DietPi.local:445/
NETWORK t= 14408.7ms dt=    0.0ms tid=ThreadId(67) discovery_result attempt=1 uri=nfs://DietPi.local/mnt
NETWORK t= 14408.7ms dt=    0.0ms tid=ThreadId(67) discovery_pass_done attempt=1 found=2 total=2 errored=false
NETWORK t= 14408.7ms dt=    0.0ms tid=ThreadId(67) discovery_complete count=2
NETWORK t= 14457.1ms dt=   48.4ms tid=main discovery_ui_item n=1 uri=smb://DietPi.local:445/
NETWORK t= 14457.6ms dt=    0.5ms tid=main discovery_ui_item n=2 uri=nfs://DietPi.local/mnt
NETWORK t= 14457.7ms dt=    0.1ms tid=main discovery_ui_item n=3 uri=nfs://DietPi.local/exports/Work
NETWORK t= 14457.8ms dt=    0.1ms tid=main discovery_ui_item n=4 uri=nfs://DietPi.local/mnt/4TBM
NETWORK t= 14457.9ms dt=    0.1ms tid=main discovery_ui_item n=5 uri=nfs://DietPi.local/mnt/4TBP
NETWORK t= 14458.1ms dt=    0.1ms tid=main discovery_ui_item n=6 uri=nfs://DietPi.local/mnt/4TBS
NETWORK t= 14458.2ms dt=    0.1ms tid=main discovery_ui_item n=7 uri=nfs://DietPi.local/mnt/dietpi_userdata
NETWORK t= 14458.3ms dt=    0.1ms tid=main discovery_ui_done count=2 shown=7
NETWORK t= 15578.0ms dt= 1119.7ms tid=ThreadId(60) nfs_helper_list_ok uri=nfs://DietPi.local/mnt/4TBM count=7
NETWORK t= 15578.0ms dt=    0.0ms tid=ThreadId(60) browse_enumerate uri=nfs://DietPi.local/mnt/4TBM count=7 ms=6916.4
NETWORK t= 15579.6ms dt=    1.6ms tid=ThreadId(62) nfs_helper_list_failed uri=nfs://DietPi.local/mnt error=NFS server/export not permitted by root-owned helper policy
NETWORK t= 15579.6ms dt=    0.0ms tid=ThreadId(62) browse_enumerate uri=nfs://DietPi.local/mnt ms=4378.7 failed
NETWORK t= 15580.4ms dt=    0.8ms tid=ThreadId(64) nfs_helper_list_ok uri=nfs://DietPi.local/mnt/4TBM count=7
NETWORK t= 15580.4ms dt=    0.0ms tid=ThreadId(64) browse_enumerate uri=nfs://DietPi.local/mnt/4TBM count=7 ms=3659.5
NETWORK t= 16073.2ms dt=  492.8ms tid=main discovery_row_clicked name=NFS file sharing on DietPi uri=nfs://DietPi.local/mnt
NETWORK t= 16473.6ms dt=  400.4ms tid=main nfs_lookup_started host=DietPi.local
NETWORK t= 16480.6ms dt=    7.0ms tid=ThreadId(69) nfs_exports host=DietPi.local count=5
NETWORK t= 17392.9ms dt=  912.3ms tid=main dialog_connect_state server='DietPi.local' discovered=true protocol=1
NETWORK t= 17392.9ms dt=    0.0ms tid=main dialog_connect_source=discovered uri=nfs://DietPi.local/mnt
NETWORK t= 17392.9ms dt=    0.0ms tid=main dialog_accepted root=nfs://DietPi.local/mnt name=
NETWORK t= 17392.9ms dt=    0.0ms tid=main connect_requested uri=nfs://DietPi.local/mnt
NETWORK t= 17392.9ms dt=    0.0ms tid=main browse_root_in uri=nfs://DietPi.local/mnt
NETWORK t= 17392.9ms dt=    0.0ms tid=main browse_root_out uri=nfs://DietPi.local/mnt/
NETWORK t= 17392.9ms dt=    0.0ms tid=main connect_root normalized=nfs://DietPi.local/
NETWORK t= 17393.0ms dt=    0.0ms tid=main browse_root uri=nfs://DietPi.local/
NETWORK t= 17400.1ms dt=    7.2ms tid=ThreadId(70) nfs_exports host=DietPi.local count=5
NETWORK t= 17400.1ms dt=    0.0ms tid=ThreadId(70) browse_enumerate uri=nfs://DietPi.local/ count=5 ms=6.4
NETWORK t= 17401.6ms dt=    1.5ms tid=main discovery_ui_closed_flag
NETWORK t= 17401.6ms dt=    0.0ms tid=main dialog_closed
NETWORK t= 17411.2ms dt=    9.5ms tid=main discovery_ui_stopped_closed
NETWORK t= 17444.0ms dt=   32.8ms tid=main browse_list uri=nfs://DietPi.local/ count=5
NETWORK t= 18869.6ms dt= 1425.6ms tid=main browse_enter uri=nfs://DietPi.local/mnt/4TBP
NETWORK t= 18871.9ms dt=    2.3ms tid=ThreadId(71) nfs_helper_list_ok uri=nfs://DietPi.local/mnt/4TBP count=11
NETWORK t= 18872.0ms dt=    0.0ms tid=ThreadId(71) browse_enumerate uri=nfs://DietPi.local/mnt/4TBP count=11 ms=1.9
NETWORK t= 18921.1ms dt=   49.1ms tid=main browse_list uri=nfs://DietPi.local/mnt/4TBP count=11
NETWORK t= 23113.7ms dt= 4192.6ms tid=main browse_enter uri=nfs://DietPi.local/mnt/4TBP/Work
NETWORK t= 23117.6ms dt=    4.0ms tid=ThreadId(73) nfs_helper_list_ok uri=nfs://DietPi.local/mnt/4TBP/Work count=104
NETWORK t= 23117.7ms dt=    0.1ms tid=ThreadId(73) browse_enumerate uri=nfs://DietPi.local/mnt/4TBP/Work count=103 ms=3.3
NETWORK t= 23365.0ms dt=  247.3ms tid=main browse_list uri=nfs://DietPi.local/mnt/4TBP/Work count=103
NETWORK t= 24877.2ms dt= 1512.2ms tid=main browse_enter uri=nfs://DietPi.local/mnt/4TBP/Work/Arise2014
NETWORK t= 24885.8ms dt=    8.6ms tid=ThreadId(75) nfs_helper_list_ok uri=nfs://DietPi.local/mnt/4TBP/Work/Arise2014 count=155
NETWORK t= 24885.9ms dt=    0.1ms tid=ThreadId(75) browse_enumerate uri=nfs://DietPi.local/mnt/4TBP/Work/Arise2014 count=155 ms=5.5
NETWORK t= 25231.7ms dt=  345.8ms tid=main browse_list uri=nfs://DietPi.local/mnt/4TBP/Work/Arise2014 count=155
NETWORK t= 25788.9ms dt=  557.2ms tid=main browse_selected uri=nfs://DietPi.local/mnt/4TBP/Work/Arise2014
NETWORK t= 25788.9ms dt=    0.0ms tid=main register_start uri=nfs://DietPi.local/mnt/4TBP/Work/Arise2014 name=Arise2014
NETWORK t= 25793.3ms dt=    4.4ms tid=main registered uri=nfs://DietPi.local/mnt/4TBP/Work/Arise2014
NETWORK t= 25793.4ms dt=    0.1ms tid=main scan_queued uri=nfs://DietPi.local/mnt/4TBP/Work/Arise2014
NETWORK t= 25793.5ms dt=    0.0ms tid=main browse_closed
NETWORK t= 25795.9ms dt=    2.4ms tid=ThreadId(78) nfs_helper_stat_ok uri=nfs://DietPi.local/mnt/4TBP/Work/Arise2014 size=12288
NETWORK t= 25796.4ms dt=    0.6ms tid=ThreadId(77) nfs_helper_stat_failed uri=nfs://DietPi.local/exports/Work error=NFS server/export not permitted by root-owned helper policy
NETWORK t= 25797.3ms dt=    0.9ms tid=ThreadId(77) nfs_helper_stat_ok uri=nfs://DietPi.local/mnt/4TBP/Other/Tat%20Sing size=4096
NETWORK t= 25798.2ms dt=    0.9ms tid=ThreadId(77) nfs_helper_stat_ok uri=nfs://DietPi.local/mnt/4TBP/Work/Arise2014 size=12288
NETWORK t= 25799.3ms dt=    1.1ms tid=ThreadId(77) nfs_helper_stat_ok uri=nfs://DietPi.local/mnt/4TBS/sg1/Extras-Stargate%20Atlantis size=4096
NETWORK t= 25799.3ms dt=    0.0ms tid=ThreadId(77) smb_stat_start url=smb://dietpi.local/4tbp/Work/James lane=background
NETWORK t= 25800.6ms dt=    1.3ms tid=ThreadId(78) nfs_helper_stat_failed uri=nfs://DietPi.local/exports/Work error=NFS server/export not permitted by root-owned helper policy
NETWORK t= 25801.8ms dt=    1.2ms tid=ThreadId(78) nfs_helper_stat_ok uri=nfs://DietPi.local/mnt/4TBP/Other/Tat%20Sing size=4096
NETWORK t= 25802.0ms dt=    0.2ms tid=pic-smb-transport smb_client_new_start
NETWORK t= 25802.7ms dt=    0.7ms tid=pic-smb-transport smb_client_context_created
NETWORK t= 25802.7ms dt=    0.0ms tid=pic-smb-transport smb_client_init_start
NETWORK t= 25802.7ms dt=    0.0ms tid=pic-smb-transport smb_client_init_done
NETWORK t= 25802.8ms dt=    0.1ms tid=ThreadId(78) nfs_helper_stat_ok uri=nfs://DietPi.local/mnt/4TBP/Work/Arise2014 size=12288
NETWORK t= 25803.7ms dt=    1.0ms tid=ThreadId(78) nfs_helper_stat_ok uri=nfs://DietPi.local/mnt/4TBS/sg1/Extras-Stargate%20Atlantis size=4096
NETWORK t= 25803.8ms dt=    0.0ms tid=ThreadId(78) smb_stat_start url=smb://dietpi.local/4tbp/Work/James lane=background
NETWORK t= 25826.5ms dt=   22.7ms tid=pic-smb-transport smb_transport stat ms=23.8
NETWORK t= 25827.1ms dt=    0.7ms tid=pic-smb-transport smb_client_context_freed
NETWORK t= 25827.2ms dt=    0.0ms tid=pic-smb-transport smb_client_new_start
NETWORK t= 25827.2ms dt=    0.0ms tid=ThreadId(77) smb_stat_start url=smb://dietpi.local/4tbs/pics-sport/NMB Half 2025/FB NMB Half 2025  All-Timestamp lane=background
NETWORK t= 25827.8ms dt=    0.7ms tid=pic-smb-transport smb_client_context_created
NETWORK t= 25827.9ms dt=    0.0ms tid=pic-smb-transport smb_client_init_start
NETWORK t= 25827.9ms dt=    0.0ms tid=pic-smb-transport smb_client_init_done
NETWORK t= 25844.4ms dt=   16.5ms tid=pic-smb-transport smb_transport stat ms=16.5
NETWORK t= 25844.7ms dt=    0.3ms tid=pic-smb-transport smb_client_context_freed
NETWORK t= 25844.7ms dt=    0.0ms tid=pic-smb-transport smb_client_new_start
NETWORK t= 25844.8ms dt=    0.0ms tid=ThreadId(78) smb_stat_start url=smb://dietpi.local/4tbs/pics-sport/NMB Half 2025/FB NMB Half 2025  All-Timestamp lane=background
NETWORK t= 25845.3ms dt=    0.5ms tid=pic-smb-transport smb_client_context_created
NETWORK t= 25845.3ms dt=    0.0ms tid=pic-smb-transport smb_client_init_start
NETWORK t= 25845.3ms dt=    0.0ms tid=pic-smb-transport smb_client_init_done
NETWORK t= 25856.1ms dt=   10.8ms tid=pic-smb-transport smb_transport stat ms=10.8
NETWORK t= 25856.5ms dt=    0.4ms tid=pic-smb-transport smb_client_context_freed
NETWORK t= 25856.6ms dt=    0.0ms tid=pic-smb-transport smb_client_new_start
NETWORK t= 25856.6ms dt=    0.0ms tid=ThreadId(77) smb_stat_start url=smb://DietPi.local/4TBP/mypics-2026/Tats(Shoot)_2/tat photshoot 3 lane=background
NETWORK t= 25857.1ms dt=    0.5ms tid=pic-smb-transport smb_client_context_created
NETWORK t= 25857.1ms dt=    0.0ms tid=pic-smb-transport smb_client_init_start
NETWORK t= 25857.1ms dt=    0.0ms tid=pic-smb-transport smb_client_init_done
NETWORK t= 25868.4ms dt=   11.2ms tid=pic-smb-transport smb_transport stat ms=11.2
NETWORK t= 25868.7ms dt=    0.3ms tid=pic-smb-transport smb_client_context_freed
NETWORK t= 25868.7ms dt=    0.0ms tid=pic-smb-transport smb_client_new_start
NETWORK t= 25868.7ms dt=    0.0ms tid=ThreadId(78) smb_stat_start url=smb://DietPi.local/4TBP/mypics-2026/Tats(Shoot)_2/tat photshoot 3 lane=background
NETWORK t= 25869.3ms dt=    0.6ms tid=pic-smb-transport smb_client_context_created
NETWORK t= 25869.3ms dt=    0.0ms tid=pic-smb-transport smb_client_init_start
NETWORK t= 25869.4ms dt=    0.0ms tid=pic-smb-transport smb_client_init_done
NETWORK t= 25880.1ms dt=   10.7ms tid=pic-smb-transport smb_transport stat ms=10.7
NETWORK t= 25880.4ms dt=    0.3ms tid=pic-smb-transport smb_client_context_freed
NETWORK t= 25880.4ms dt=    0.0ms tid=pic-smb-transport smb_client_new_start
NETWORK t= 25880.5ms dt=    0.0ms tid=ThreadId(77) smb_stat_start url=smb://DietPi.local/4TBS/series-kids/He-Man and the Masters of the Universe (1983) lane=background
NETWORK t= 25881.0ms dt=    0.5ms tid=pic-smb-transport smb_client_context_created
NETWORK t= 25881.0ms dt=    0.0ms tid=pic-smb-transport smb_client_init_start
NETWORK t= 25881.1ms dt=    0.0ms tid=pic-smb-transport smb_client_init_done
NETWORK t= 25891.7ms dt=   10.7ms tid=pic-smb-transport smb_transport stat ms=10.7
NETWORK t= 25892.1ms dt=    0.4ms tid=pic-smb-transport smb_client_context_freed
NETWORK t= 25892.1ms dt=    0.0ms tid=pic-smb-transport smb_client_new_start
NETWORK t= 25892.1ms dt=    0.0ms tid=ThreadId(78) smb_stat_start url=smb://DietPi.local/4TBS/series-kids/He-Man and the Masters of the Universe (1983) lane=background
NETWORK t= 25892.8ms dt=    0.6ms tid=pic-smb-transport smb_client_context_created
NETWORK t= 25892.8ms dt=    0.0ms tid=pic-smb-transport smb_client_init_start
NETWORK t= 25892.8ms dt=    0.0ms tid=pic-smb-transport smb_client_init_done
NETWORK t= 25903.5ms dt=   10.7ms tid=pic-smb-transport smb_transport stat ms=10.7
NETWORK t= 25904.0ms dt=    0.5ms tid=pic-smb-transport smb_client_context_freed
NETWORK t= 25904.0ms dt=    0.0ms tid=pic-smb-transport smb_client_new_start
NETWORK t= 25904.0ms dt=    0.0ms tid=ThreadId(77) smb_stat_start url=smb://DietPi.local/4TBS/sg1 lane=background
NETWORK t= 25904.5ms dt=    0.5ms tid=pic-smb-transport smb_client_context_created
NETWORK t= 25904.5ms dt=    0.0ms tid=pic-smb-transport smb_client_init_start
NETWORK t= 25904.6ms dt=    0.0ms tid=pic-smb-transport smb_client_init_done
NETWORK t= 25915.5ms dt=   10.9ms tid=pic-smb-transport smb_transport stat ms=10.9
NETWORK t= 25915.8ms dt=    0.3ms tid=pic-smb-transport smb_client_context_freed
NETWORK t= 25915.8ms dt=    0.0ms tid=pic-smb-transport smb_client_new_start
NETWORK t= 25915.8ms dt=    0.0ms tid=ThreadId(78) smb_stat_start url=smb://DietPi.local/4TBS/sg1 lane=background
NETWORK t= 25916.5ms dt=    0.6ms tid=pic-smb-transport smb_client_context_created
NETWORK t= 25916.5ms dt=    0.0ms tid=pic-smb-transport smb_client_init_start
NETWORK t= 25916.5ms dt=    0.0ms tid=pic-smb-transport smb_client_init_done
NETWORK t= 25927.7ms dt=   11.2ms tid=pic-smb-transport smb_transport stat ms=11.2
NETWORK t= 25928.2ms dt=    0.4ms tid=pic-smb-transport smb_client_context_freed
NETWORK t= 25928.2ms dt=    0.0ms tid=pic-smb-transport smb_client_new_start
NETWORK t= 25928.2ms dt=    0.0ms tid=ThreadId(77) smb_stat_start url=smb://DietPi.local/epg/ lane=background
NETWORK t= 25928.7ms dt=    0.5ms tid=pic-smb-transport smb_client_context_created
NETWORK t= 25928.7ms dt=    0.0ms tid=pic-smb-transport smb_client_init_start
NETWORK t= 25928.8ms dt=    0.0ms tid=pic-smb-transport smb_client_init_done
NETWORK t= 25940.1ms dt=   11.4ms tid=pic-smb-transport smb_transport stat ms=11.3
NETWORK t= 25940.5ms dt=    0.3ms tid=pic-smb-transport smb_client_context_freed
NETWORK t= 25940.5ms dt=    0.0ms tid=pic-smb-transport smb_client_new_start
NETWORK t= 25940.5ms dt=    0.0ms tid=ThreadId(78) smb_stat_start url=smb://DietPi.local/epg/ lane=background
NETWORK t= 25941.0ms dt=    0.5ms tid=pic-smb-transport smb_client_context_created
NETWORK t= 25941.0ms dt=    0.0ms tid=pic-smb-transport smb_client_init_start
NETWORK t= 25941.1ms dt=    0.0ms tid=pic-smb-transport smb_client_init_done
NETWORK t= 25951.2ms dt=   10.1ms tid=pic-smb-transport smb_transport stat ms=10.1
NETWORK t= 25951.5ms dt=    0.3ms tid=pic-smb-transport smb_client_context_freed
NETWORK t= 25951.5ms dt=    0.0ms tid=pic-smb-transport smb_client_new_start
NETWORK t= 25952.1ms dt=    0.6ms tid=pic-smb-transport smb_client_context_created
NETWORK t= 25952.1ms dt=    0.0ms tid=pic-smb-transport smb_client_init_start
NETWORK t= 25952.2ms dt=    0.0ms tid=pic-smb-transport smb_client_init_done
NETWORK t= 25962.4ms dt=   10.2ms tid=pic-smb-transport smb_transport stat ms=10.2
NETWORK t= 25962.7ms dt=    0.3ms tid=pic-smb-transport smb_client_context_freed
NETWORK t= 25966.0ms dt=    3.3ms tid=ThreadId(78) nfs_helper_list_ok uri=nfs://DietPi.local/mnt/4TBP/Work/Arise2014/ count=155
NETWORK t= 25967.0ms dt=    1.0ms tid=ThreadId(78) nfs_helper_stat_ok uri=nfs://DietPi.local/mnt/4TBP/Work/Arise2014/The-vintage-letter-wallpaper-with-words-classic-design-combined-by-long-wood-bench-black-fur-rug-black-ceramic-floor..jpg size=137175
NETWORK t= 25967.9ms dt=    1.0ms tid=ThreadId(78) nfs_helper_stat_ok uri=nfs://DietPi.local/mnt/4TBP/Work/Arise2014/T-Shirt.jpg size=35895
NETWORK t= 25968.9ms dt=    1.0ms tid=ThreadId(78) nfs_helper_stat_ok uri=nfs://DietPi.local/mnt/4TBP/Work/Arise2014/Arise-Logo1-4.jpg size=60996
NETWORK t= 25969.8ms dt=    0.9ms tid=ThreadId(78) nfs_helper_stat_ok uri=nfs://DietPi.local/mnt/4TBP/Work/Arise2014/327285_slova_bukvy_nadpis_fon_1920x1200_%28www.GdeFon.ru%29.jpg size=494944
NETWORK t= 25970.6ms dt=    0.9ms tid=ThreadId(78) nfs_helper_stat_ok uri=nfs://DietPi.local/mnt/4TBP/Work/Arise2014/Logo-PNG.png size=252995
NETWORK t= 25971.5ms dt=    0.8ms tid=ThreadId(78) nfs_helper_stat_ok uri=nfs://DietPi.local/mnt/4TBP/Work/Arise2014/Arise-Logo4-1.jpg size=42417
NETWORK t= 25972.3ms dt=    0.8ms tid=ThreadId(78) nfs_helper_stat_ok uri=nfs://DietPi.local/mnt/4TBP/Work/Arise2014/img_mouseover3.jpg size=11503
NETWORK t= 25973.2ms dt=    0.9ms tid=ThreadId(78) nfs_helper_stat_ok uri=nfs://DietPi.local/mnt/4TBP/Work/Arise2014/Arise-Logo1-6.jpg size=33494
NETWORK t= 25974.0ms dt=    0.8ms tid=ThreadId(78) nfs_helper_stat_ok uri=nfs://DietPi.local/mnt/4TBP/Work/Arise2014/img_large_watermarked.jpg size=11738
NETWORK t= 25974.9ms dt=    0.9ms tid=ThreadId(78) nfs_helper_stat_ok uri=nfs://DietPi.local/mnt/4TBP/Work/Arise2014/AriseLogoConcept1-2.jpg size=14217
NETWORK t= 25975.8ms dt=    0.9ms tid=ThreadId(78) nfs_helper_stat_ok uri=nfs://DietPi.local/mnt/4TBP/Work/Arise2014/images.jpg size=4735
NETWORK t= 25976.7ms dt=    0.9ms tid=ThreadId(78) nfs_helper_stat_ok uri=nfs://DietPi.local/mnt/4TBP/Work/Arise2014/08_Car_Branding_Mockup_03.jpg size=36771
NETWORK t= 25977.5ms dt=    0.8ms tid=ThreadId(78) nfs_helper_stat_ok uri=nfs://DietPi.local/mnt/4TBP/Work/Arise2014/DSC_2632.png size=46119
NETWORK t= 25978.4ms dt=    0.8ms tid=ThreadId(78) nfs_helper_stat_ok uri=nfs://DietPi.local/mnt/4TBP/Work/Arise2014/Arise-Logo4-1-4.jpg size=66972
NETWORK t= 25979.2ms dt=    0.8ms tid=ThreadId(78) nfs_helper_stat_ok uri=nfs://DietPi.local/mnt/4TBP/Work/Arise2014/Young-WOmen2.png size=517338
NETWORK t= 25980.0ms dt=    0.8ms tid=ThreadId(78) nfs_helper_stat_ok uri=nfs://DietPi.local/mnt/4TBP/Work/Arise2014/Arise-Logo4-1-c222.jpg size=100221
NETWORK t= 25980.9ms dt=    0.8ms tid=ThreadId(78) nfs_helper_stat_ok uri=nfs://DietPi.local/mnt/4TBP/Work/Arise2014/73ddc98fa43f6b4dcfcb74f4ec4c0de8.png size=116606
NETWORK t= 25981.8ms dt=    0.9ms tid=ThreadId(78) nfs_helper_stat_ok uri=nfs://DietPi.local/mnt/4TBP/Work/Arise2014/Arise-Logo4-1-C.jpg size=87482
NETWORK t= 25982.7ms dt=    0.9ms tid=ThreadId(78) nfs_helper_stat_ok uri=nfs://DietPi.local/mnt/4TBP/Work/Arise2014/Wallpaper-PC-1366x768-Grey.jpg size=171696
NETWORK t= 25983.6ms dt=    0.8ms tid=ThreadId(78) nfs_helper_stat_ok uri=nfs://DietPi.local/mnt/4TBP/Work/Arise2014/Banners.jpg size=67348
NETWORK t= 25984.4ms dt=    0.9ms tid=ThreadId(78) nfs_helper_stat_ok uri=nfs://DietPi.local/mnt/4TBP/Work/Arise2014/Arise-Logo4-1-3.jpg size=73698
NETWORK t= 25985.3ms dt=    0.8ms tid=ThreadId(78) nfs_helper_stat_ok uri=nfs://DietPi.local/mnt/4TBP/Work/Arise2014/AriseTypeBack6.jpg size=203578
NETWORK t= 25986.1ms dt=    0.8ms tid=ThreadId(78) nfs_helper_stat_ok uri=nfs://DietPi.local/mnt/4TBP/Work/Arise2014/Arise-Logo4-1-c221.jpg size=98190
NETWORK t= 25986.9ms dt=    0.8ms tid=ThreadId(78) nfs_helper_stat_ok uri=nfs://DietPi.local/mnt/4TBP/Work/Arise2014/Arise-Logo4-1-c2222222.jpg size=114610
NETWORK t= 25987.7ms dt=    0.8ms tid=ThreadId(78) nfs_helper_stat_ok uri=nfs://DietPi.local/mnt/4TBP/Work/Arise2014/Arise-Logo4-1-c222222.jpg size=249828
NETWORK t= 25988.5ms dt=    0.8ms tid=ThreadId(78) nfs_helper_stat_ok uri=nfs://DietPi.local/mnt/4TBP/Work/Arise2014/Arise-Logo1-6-1.jpg size=36562
NETWORK t= 25989.3ms dt=    0.8ms tid=ThreadId(78) nfs_helper_stat_ok uri=nfs://DietPi.local/mnt/4TBP/Work/Arise2014/ARise-VIdeo.png size=422373
NETWORK t= 25990.1ms dt=    0.8ms tid=ThreadId(78) nfs_helper_stat_ok uri=nfs://DietPi.local/mnt/4TBP/Work/Arise2014/Wallpaper-iPhone-1136-640-BlueG.jpg size=95633
NETWORK t= 25990.9ms dt=    0.8ms tid=ThreadId(78) nfs_helper_stat_ok uri=nfs://DietPi.local/mnt/4TBP/Work/Arise2014/Aqua_Divas_by_misscam_ftw.jpg size=220996
NETWORK t= 25991.8ms dt=    0.8ms tid=ThreadId(78) nfs_helper_stat_ok uri=nfs://DietPi.local/mnt/4TBP/Work/Arise2014/Arise-Logo4-1-1.jpg size=40030
NETWORK t= 25992.7ms dt=    0.9ms tid=ThreadId(78) nfs_helper_stat_ok uri=nfs://DietPi.local/mnt/4TBP/Work/Arise2014/AriseLogoConcept1.jpg size=96471
NETWORK t= 25993.6ms dt=    0.9ms tid=ThreadId(78) nfs_helper_stat_ok uri=nfs://DietPi.local/mnt/4TBP/Work/Arise2014/The-female-models-blank-trend-short-sleeved-t-shirt-template-GoMedia-produced-psd-layered-material-8-47186.jpg size=23139
NETWORK t= 25994.5ms dt=    0.9ms tid=main shares_refresh_start
NETWORK t= 25994.5ms dt=    0.0ms tid=ThreadId(78) nfs_helper_stat_ok uri=nfs://DietPi.local/mnt/4TBP/Work/Arise2014/stock-vector-hands-praying-vector-illustration-133680245.jpg size=15503
NETWORK t= 25995.4ms dt=    0.9ms tid=main shares_refresh_done count=10
NETWORK t= 25995.4ms dt=    0.1ms tid=ThreadId(78) nfs_helper_stat_ok uri=nfs://DietPi.local/mnt/4TBP/Work/Arise2014/Cap.jpg size=18474
NETWORK t= 25996.3ms dt=    0.9ms tid=ThreadId(78) nfs_helper_stat_ok uri=nfs://DietPi.local/mnt/4TBP/Work/Arise2014/proverbs.png size=42788
NETWORK t= 25997.2ms dt=    0.9ms tid=ThreadId(78) nfs_helper_stat_ok uri=nfs://DietPi.local/mnt/4TBP/Work/Arise2014/New-Setra-2013-upout%C3%A1vka_ENG.png size=137142
NETWORK t= 25998.1ms dt=    0.9ms tid=ThreadId(78) nfs_helper_stat_ok uri=nfs://DietPi.local/mnt/4TBP/Work/Arise2014/woman-hands-prayer-29670049.jpg size=12864
NETWORK t= 25998.9ms dt=    0.9ms tid=ThreadId(78) nfs_helper_stat_ok uri=nfs://DietPi.local/mnt/4TBP/Work/Arise2014/Words.jpg size=122048
NETWORK t= 25999.9ms dt=    0.9ms tid=ThreadId(78) nfs_helper_stat_ok uri=nfs://DietPi.local/mnt/4TBP/Work/Arise2014/Wallpapers-Karin.jpg size=127702
NETWORK t= 26000.7ms dt=    0.8ms tid=ThreadId(78) nfs_helper_stat_ok uri=nfs://DietPi.local/mnt/4TBP/Work/Arise2014/da257209d36aef4eee976c3f3bc52760.jpg size=194738
NETWORK t= 26001.6ms dt=    0.9ms tid=ThreadId(78) nfs_helper_stat_ok uri=nfs://DietPi.local/mnt/4TBP/Work/Arise2014/Arise-Logo45.jpg size=176884
NETWORK t= 26002.4ms dt=    0.9ms tid=ThreadId(78) nfs_helper_stat_ok uri=nfs://DietPi.local/mnt/4TBP/Work/Arise2014/054251e38132b91fbe749759f9a62949.jpg size=9502
NETWORK t= 26003.3ms dt=    0.9ms tid=ThreadId(78) nfs_helper_stat_ok uri=nfs://DietPi.local/mnt/4TBP/Work/Arise2014/Wallpaper-PC-1366x768-Blue.jpg size=181602
NETWORK t= 26004.1ms dt=    0.8ms tid=ThreadId(78) nfs_helper_stat_ok uri=nfs://DietPi.local/mnt/4TBP/Work/Arise2014/slide-1-1024.jpg size=135408
NETWORK t= 26004.9ms dt=    0.9ms tid=ThreadId(78) nfs_helper_stat_ok uri=nfs://DietPi.local/mnt/4TBP/Work/Arise2014/kARIN-SINGLE.png size=2558858
NETWORK t= 26005.7ms dt=    0.8ms tid=ThreadId(78) nfs_helper_stat_ok uri=nfs://DietPi.local/mnt/4TBP/Work/Arise2014/Wallpaper_Arise-Janike.jpg size=77724
NETWORK t= 26006.7ms dt=    1.0ms tid=ThreadId(78) nfs_helper_stat_ok uri=nfs://DietPi.local/mnt/4TBP/Work/Arise2014/Car-Branding.jpg size=44991
NETWORK t= 26007.5ms dt=    0.8ms tid=ThreadId(78) nfs_helper_stat_ok uri=nfs://DietPi.local/mnt/4TBP/Work/Arise2014/AriseLogoConcept1-1.jpg size=26916
NETWORK t= 26008.5ms dt=    0.9ms tid=ThreadId(78) nfs_helper_stat_ok uri=nfs://DietPi.local/mnt/4TBP/Work/Arise2014/Arise-Logo4-1-C-vODEO.jpg size=104181
NETWORK t= 26009.3ms dt=    0.9ms tid=ThreadId(78) nfs_helper_stat_ok uri=nfs://DietPi.local/mnt/4TBP/Work/Arise2014/Wallpaper-PC-1366x768-Purple.jpg size=182430
NETWORK t= 26010.2ms dt=    0.9ms tid=ThreadId(78) nfs_helper_stat_ok uri=nfs://DietPi.local/mnt/4TBP/Work/Arise2014/Arise-Logo4-1-c22222.jpg size=111553
NETWORK t= 26011.2ms dt=    1.0ms tid=ThreadId(78) nfs_helper_stat_ok uri=nfs://DietPi.local/mnt/4TBP/Work/Arise2014/girl_silhouette.jpg size=115112
NETWORK t= 26012.1ms dt=    0.9ms tid=ThreadId(78) nfs_helper_stat_ok uri=nfs://DietPi.local/mnt/4TBP/Work/Arise2014/soworthloving-wallpaper.jpg size=26897
NETWORK t= 26013.0ms dt=    0.9ms tid=ThreadId(78) nfs_helper_stat_ok uri=nfs://DietPi.local/mnt/4TBP/Work/Arise2014/Image1.jpg size=33873
NETWORK t= 26013.9ms dt=    0.8ms tid=ThreadId(78) nfs_helper_stat_ok uri=nfs://DietPi.local/mnt/4TBP/Work/Arise2014/Arise-Logo4-1-2.jpg size=70753
NETWORK t= 26014.7ms dt=    0.8ms tid=ThreadId(78) nfs_helper_stat_ok uri=nfs://DietPi.local/mnt/4TBP/Work/Arise2014/Wallpapers2.jpg size=84230
NETWORK t= 26015.4ms dt=    0.8ms tid=ThreadId(78) nfs_helper_stat_ok uri=nfs://DietPi.local/mnt/4TBP/Work/Arise2014/Wallpaper---Karin---Mountain2.jpg size=702756
NETWORK t= 26016.4ms dt=    0.9ms tid=ThreadId(78) nfs_helper_stat_ok uri=nfs://DietPi.local/mnt/4TBP/Work/Arise2014/AriseLogoConcept1-NoText.jpg size=26438
NETWORK t= 26017.3ms dt=    0.9ms tid=ThreadId(78) nfs_helper_stat_ok uri=nfs://DietPi.local/mnt/4TBP/Work/Arise2014/nature-all-summer-morning-sun-rise-287728.jpg size=304710
NETWORK t= 26018.3ms dt=    1.0ms tid=ThreadId(78) nfs_helper_stat_ok uri=nfs://DietPi.local/mnt/4TBP/Work/Arise2014/a4f486884cb230c583f6f443cc89d2cd.jpg size=51821
NETWORK t= 26019.2ms dt=    0.9ms tid=ThreadId(78) nfs_helper_stat_ok uri=nfs://DietPi.local/mnt/4TBP/Work/Arise2014/jumping-people-silhouettes-c2a9-biansho.jpg size=370290
NETWORK t= 26020.0ms dt=    0.9ms tid=ThreadId(78) nfs_helper_stat_ok uri=nfs://DietPi.local/mnt/4TBP/Work/Arise2014/download.jpg size=5733
NETWORK t= 26020.9ms dt=    0.9ms tid=ThreadId(78) nfs_helper_stat_ok uri=nfs://DietPi.local/mnt/4TBP/Work/Arise2014/stock-vector-vector-silhouette-of-girl-jumping-up-in-the-air-116475568.jpg size=18343
NETWORK t= 26021.7ms dt=    0.8ms tid=ThreadId(78) nfs_helper_stat_ok uri=nfs://DietPi.local/mnt/4TBP/Work/Arise2014/7773834-silhouettes-of-woman-praying.jpg size=22664
NETWORK t= 26022.6ms dt=    0.9ms tid=ThreadId(78) nfs_helper_stat_ok uri=nfs://DietPi.local/mnt/4TBP/Work/Arise2014/Arise-Logo4.jpg size=38985
NETWORK t= 26023.5ms dt=    0.9ms tid=ThreadId(78) nfs_helper_stat_ok uri=nfs://DietPi.local/mnt/4TBP/Work/Arise2014/Wallpaper-with-Words-from-the-poem-IF-by-Rudyard-Kipling.jpg size=70330
NETWORK t= 26024.5ms dt=    1.0ms tid=ThreadId(78) nfs_helper_stat_ok uri=nfs://DietPi.local/mnt/4TBP/Work/Arise2014/hc-2014-white-large.jpg size=12138
NETWORK t= 26025.4ms dt=    0.9ms tid=ThreadId(78) nfs_helper_stat_ok uri=nfs://DietPi.local/mnt/4TBP/Work/Arise2014/img_large_watermarked%20%281%29.jpg size=11213
NETWORK t= 26026.4ms dt=    1.0ms tid=ThreadId(78) nfs_helper_list_ok uri=nfs://DietPi.local/mnt/4TBP/Work/Arise2014/fonts/ count=1
NETWORK t= 26032.3ms dt=    5.9ms tid=ThreadId(78) nfs_helper_list_ok uri=nfs://DietPi.local/mnt/4TBP/Work/Arise2014/fonts/fonts/ count=209
NETWORK t= 26033.2ms dt=    0.9ms tid=ThreadId(78) nfs_helper_stat_ok uri=nfs://DietPi.local/mnt/4TBP/Work/Arise2014/fonts/fonts/Quilted%20Butterfly%20Image.png size=702857
NETWORK t= 26034.1ms dt=    0.8ms tid=ThreadId(78) nfs_helper_stat_ok uri=nfs://DietPi.local/mnt/4TBP/Work/Arise2014/fonts/fonts/Billy%20Argel%20Blessed%20Day.jpg size=352818
NETWORK t= 26035.0ms dt=    1.0ms tid=ThreadId(78) nfs_helper_stat_ok uri=nfs://DietPi.local/mnt/4TBP/Work/Arise2014/fonts/fonts/Trashtype%20Poster%201.png size=473842
NETWORK t= 26035.9ms dt=    0.9ms tid=ThreadId(78) nfs_helper_stat_ok uri=nfs://DietPi.local/mnt/4TBP/Work/Arise2014/fonts/fonts/Moi%20Non%20Plus%20Poster%203.png size=53380
NETWORK t= 26036.7ms dt=    0.8ms tid=ThreadId(78) nfs_helper_stat_ok uri=nfs://DietPi.local/mnt/4TBP/Work/Arise2014/fonts/fonts/remachine_poster.png size=1229600
NETWORK t= 26037.5ms dt=    0.8ms tid=ThreadId(78) nfs_helper_stat_ok uri=nfs://DietPi.local/mnt/4TBP/Work/Arise2014/fonts/fonts/Aderyn%20Poster%201.png size=34496
NETWORK t= 26038.3ms dt=    0.8ms tid=ThreadId(78) nfs_helper_stat_ok uri=nfs://DietPi.local/mnt/4TBP/Work/Arise2014/fonts/fonts/Fiebiger-Zwei-Poster-1.png size=25805
NETWORK t= 26039.1ms dt=    0.8ms tid=ThreadId(78) nfs_helper_stat_ok uri=nfs://DietPi.local/mnt/4TBP/Work/Arise2014/fonts/fonts/Kundalini%20Poster%201.png size=1370527
NETWORK t= 26040.0ms dt=    0.9ms tid=ThreadId(78) nfs_helper_stat_ok uri=nfs://DietPi.local/mnt/4TBP/Work/Arise2014/fonts/fonts/Moi%20Non%20Plus%20Poster%202.png size=57219
NETWORK t= 26041.0ms dt=    1.0ms tid=ThreadId(78) nfs_helper_stat_ok uri=nfs://DietPi.local/mnt/4TBP/Work/Arise2014/fonts/fonts/Moi%20Non%20Plus%20Poster.png size=452211
NETWORK t= 26041.8ms dt=    0.9ms tid=ThreadId(78) nfs_helper_stat_ok uri=nfs://DietPi.local/mnt/4TBP/Work/Arise2014/fonts/fonts/Allez%20Hop%20Poster.jpg size=73019
NETWORK t= 26042.7ms dt=    0.9ms tid=ThreadId(78) nfs_helper_stat_ok uri=nfs://DietPi.local/mnt/4TBP/Work/Arise2014/fonts/fonts/southern-aire_poster.png size=636875
NETWORK t= 26043.6ms dt=    0.9ms tid=ThreadId(78) nfs_helper_stat_ok uri=nfs://DietPi.local/mnt/4TBP/Work/Arise2014/fonts/fonts/Bullet%20In%20Your%20Head%20Image.png size=707626
NETWORK t= 26044.4ms dt=    0.8ms tid=ThreadId(78) nfs_helper_stat_ok uri=nfs://DietPi.local/mnt/4TBP/Work/Arise2014/fonts/fonts/Rumpelstiltskin%20Image.png size=624206
NETWORK t= 26045.2ms dt=    0.8ms tid=ThreadId(78) nfs_helper_stat_ok uri=nfs://DietPi.local/mnt/4TBP/Work/Arise2014/fonts/fonts/Kerberos%20Fang%20Image.png size=632599
NETWORK t= 26045.5ms dt=    0.3ms tid=main shares_counts_ready count=10
NETWORK t= 26046.1ms dt=    0.6ms tid=ThreadId(78) nfs_helper_stat_ok uri=nfs://DietPi.local/mnt/4TBP/Work/Arise2014/fonts/fonts/All%20Over%20Again%20Image.png size=535655
NETWORK t= 26046.9ms dt=    0.8ms tid=ThreadId(78) nfs_helper_stat_ok uri=nfs://DietPi.local/mnt/4TBP/Work/Arise2014/fonts/fonts/billion-stars_poster.png size=856252
NETWORK t= 26047.8ms dt=    0.8ms tid=ThreadId(78) nfs_helper_stat_ok uri=nfs://DietPi.local/mnt/4TBP/Work/Arise2014/fonts/fonts/Bergelmir%20Poster%202.png size=982760
NETWORK t= 26048.7ms dt=    0.9ms tid=ThreadId(78) nfs_helper_stat_ok uri=nfs://DietPi.local/mnt/4TBP/Work/Arise2014/fonts/fonts/Nathaniel.jpg size=65783
NETWORK t= 26049.5ms dt=    0.8ms tid=ThreadId(78) nfs_helper_stat_ok uri=nfs://DietPi.local/mnt/4TBP/Work/Arise2014/fonts/fonts/Mayonaise%20Image.png size=558994
NETWORK t= 26050.4ms dt=    0.9ms tid=ThreadId(78) nfs_helper_stat_ok uri=nfs://DietPi.local/mnt/4TBP/Work/Arise2014/fonts/fonts/love-%26-trust-poster.png size=27791
NETWORK t= 26051.3ms dt=    1.0ms tid=ThreadId(78) nfs_helper_stat_ok uri=nfs://DietPi.local/mnt/4TBP/Work/Arise2014/fonts/fonts/Meshuggeneh%20Poster%201.png size=54053
NETWORK t= 26052.2ms dt=    0.9ms tid=ThreadId(78) nfs_helper_stat_ok uri=nfs://DietPi.local/mnt/4TBP/Work/Arise2014/fonts/fonts/Ersatz%20Image.png size=617559
NETWORK t= 26053.1ms dt=    0.8ms tid=ThreadId(78) nfs_helper_stat_ok uri=nfs://DietPi.local/mnt/4TBP/Work/Arise2014/fonts/fonts/southern-aire_flag.png size=103403
NETWORK t= 26053.9ms dt=    0.8ms tid=ThreadId(78) nfs_helper_stat_ok uri=nfs://DietPi.local/mnt/4TBP/Work/Arise2014/fonts/fonts/Moonlight%20Shadow%20Image.png size=546090
NETWORK t= 26054.7ms dt=    0.8ms tid=ThreadId(78) nfs_helper_stat_ok uri=nfs://DietPi.local/mnt/4TBP/Work/Arise2014/fonts/fonts/billion-stars_flag.png size=342736
NETWORK t= 26055.5ms dt=    0.8ms tid=ThreadId(78) nfs_helper_stat_ok uri=nfs://DietPi.local/mnt/4TBP/Work/Arise2014/fonts/fonts/babylove.png size=243788
NETWORK t= 26056.3ms dt=    0.8ms tid=ThreadId(78) nfs_helper_stat_ok uri=nfs://DietPi.local/mnt/4TBP/Work/Arise2014/fonts/fonts/Limoen-Poster-1.png size=82830
NETWORK t= 26057.1ms dt=    0.8ms tid=ThreadId(78) nfs_helper_stat_ok uri=nfs://DietPi.local/mnt/4TBP/Work/Arise2014/fonts/fonts/The%20Mighty%20Avengers.png size=29616
NETWORK t= 26058.0ms dt=    0.9ms tid=ThreadId(78) nfs_helper_stat_ok uri=nfs://DietPi.local/mnt/4TBP/Work/Arise2014/fonts/fonts/Keswick%20Poster%201.png size=845028
NETWORK t= 26059.0ms dt=    1.0ms tid=ThreadId(78) nfs_helper_stat_ok uri=nfs://DietPi.local/mnt/4TBP/Work/Arise2014/fonts/fonts/gretoon.png size=177912
NETWORK t= 26060.0ms dt=    1.0ms tid=ThreadId(78) nfs_helper_stat_ok uri=nfs://DietPi.local/mnt/4TBP/Work/Arise2014/fonts/fonts/Lampion%20Poster%201.png size=57705
NETWORK t= 26060.9ms dt=    0.9ms tid=ThreadId(78) nfs_helper_stat_ok uri=nfs://DietPi.local/mnt/4TBP/Work/Arise2014/fonts/fonts/Thievery%20Poster%201.png size=40077
NETWORK t= 26061.7ms dt=    0.8ms tid=ThreadId(78) nfs_helper_stat_ok uri=nfs://DietPi.local/mnt/4TBP/Work/Arise2014/fonts/fonts/Rum%20Doodle%20Poster%201.png size=53797
NETWORK t= 26062.5ms dt=    0.8ms tid=ThreadId(78) nfs_helper_stat_ok uri=nfs://DietPi.local/mnt/4TBP/Work/Arise2014/fonts/fonts/Joe%20Shmoe%20Poster.png size=72361
NETWORK t= 26063.2ms dt=    0.7ms tid=ThreadId(78) nfs_helper_stat_ok uri=nfs://DietPi.local/mnt/4TBP/Work/Arise2014/fonts/fonts/Quid%20Pro%20Quo%20Image.png size=556446
NETWORK t= 26063.9ms dt=    0.7ms tid=ThreadId(78) nfs_helper_stat_ok uri=nfs://DietPi.local/mnt/4TBP/Work/Arise2014/fonts/fonts/Sunday%20Monday%20Image.png size=294638
NETWORK t= 26064.7ms dt=    0.8ms tid=ThreadId(78) nfs_helper_stat_ok uri=nfs://DietPi.local/mnt/4TBP/Work/Arise2014/fonts/fonts/Nanuk%20Poster%201.png size=105149
NETWORK t= 26065.6ms dt=    0.9ms tid=ThreadId(78) nfs_helper_stat_ok uri=nfs://DietPi.local/mnt/4TBP/Work/Arise2014/fonts/fonts/Syphon%20Spritz%20Image.png size=533041
NETWORK t= 26066.5ms dt=    0.9ms tid=ThreadId(78) nfs_helper_stat_ok uri=nfs://DietPi.local/mnt/4TBP/Work/Arise2014/fonts/fonts/phraell_flag.png size=123285
NETWORK t= 26067.4ms dt=    0.9ms tid=ThreadId(78) nfs_helper_stat_ok uri=nfs://DietPi.local/mnt/4TBP/Work/Arise2014/fonts/fonts/Babysitter%20Poster.png size=106999
NETWORK t= 26068.3ms dt=    0.9ms tid=ThreadId(78) nfs_helper_stat_ok uri=nfs://DietPi.local/mnt/4TBP/Work/Arise2014/fonts/fonts/Deco%20Pimp%20Image.png size=253131
NETWORK t= 26069.0ms dt=    0.8ms tid=ThreadId(78) nfs_helper_stat_ok uri=nfs://DietPi.local/mnt/4TBP/Work/Arise2014/fonts/fonts/phraell_poster.png size=422358
NETWORK t= 26069.8ms dt=    0.8ms tid=ThreadId(78) nfs_helper_stat_ok uri=nfs://DietPi.local/mnt/4TBP/Work/Arise2014/fonts/fonts/MyValentineLover_fontscafe-dot-com.png size=1469033
NETWORK t= 26070.6ms dt=    0.8ms tid=ThreadId(78) nfs_helper_stat_ok uri=nfs://DietPi.local/mnt/4TBP/Work/Arise2014/fonts/fonts/Formosa%20Poster%202.png size=491617
NETWORK t= 26071.4ms dt=    0.8ms tid=ThreadId(78) nfs_helper_stat_ok uri=nfs://DietPi.local/mnt/4TBP/Work/Arise2014/fonts/fonts/All%20Over%20Again%20%28Lower%20Case%29%20Image.png size=639574
NETWORK t= 26072.2ms dt=    0.8ms tid=ThreadId(78) nfs_helper_stat_ok uri=nfs://DietPi.local/mnt/4TBP/Work/Arise2014/fonts/fonts/Clair%20De%20Lune%20Poster%204.png size=131010
NETWORK t= 26073.0ms dt=    0.8ms tid=ThreadId(78) nfs_helper_stat_ok uri=nfs://DietPi.local/mnt/4TBP/Work/Arise2014/fonts/fonts/show2.png size=108854
NETWORK t= 26073.9ms dt=    0.9ms tid=ThreadId(78) nfs_helper_stat_ok uri=nfs://DietPi.local/mnt/4TBP/Work/Arise2014/fonts/fonts/show.png size=19393
NETWORK t= 26074.8ms dt=    0.9ms tid=ThreadId(78) nfs_helper_stat_ok uri=nfs://DietPi.local/mnt/4TBP/Work/Arise2014/fonts/fonts/remachine_flag.png size=164239
NETWORK t= 26075.7ms dt=    0.9ms tid=ThreadId(78) nfs_helper_stat_ok uri=nfs://DietPi.local/mnt/4TBP/Work/Arise2014/fonts/fonts/Monsieur%20Le%20Chat%20Poster%201.png size=228600
NETWORK t= 26076.6ms dt=    0.9ms tid=ThreadId(78) nfs_helper_stat_ok uri=nfs://DietPi.local/mnt/4TBP/Work/Arise2014/fonts/fonts/Castanea-Poster-1.png size=504750
NETWORK t= 26077.4ms dt=    0.9ms tid=ThreadId(78) nfs_helper_list_ok uri=nfs://DietPi.local/mnt/4TBP/Work/Arise2014/fonts/fonts/KGAlwaysAGoodTime/ count=1
NETWORK t= 26078.3ms dt=    0.9ms tid=ThreadId(78) nfs_helper_list_ok uri=nfs://DietPi.local/mnt/4TBP/Work/Arise2014/fonts/fonts/arwen/ count=1
NETWORK t= 26079.1ms dt=    0.9ms tid=ThreadId(78) nfs_helper_list_ok uri=nfs://DietPi.local/mnt/4TBP/Work/Arise2014/fonts/fonts/Valken/ count=1
NETWORK t= 26080.0ms dt=    0.8ms tid=ThreadId(78) nfs_helper_list_ok uri=nfs://DietPi.local/mnt/4TBP/Work/Arise2014/fonts/fonts/Original%20version%20by%20Edson%20%26%20Eliane/ count=0
NETWORK t= 26080.8ms dt=    0.8ms tid=ThreadId(78) nfs_helper_list_ok uri=nfs://DietPi.local/mnt/4TBP/Work/Arise2014/fonts/fonts/Improved%20version%20by%20Alex/ count=1
NETWORK t= 26081.7ms dt=    0.9ms tid=ThreadId(78) nfs_helper_list_ok uri=nfs://DietPi.local/mnt/4TBP/Work/Arise2014/fonts/fonts/KGChasingPavements/ count=1
NETWORK t= 26082.6ms dt=    1.0ms tid=ThreadId(78) nfs_helper_list_ok uri=nfs://DietPi.local/mnt/4TBP/Work/Arise2014/fonts/fonts/__MACOSX/ count=4
NETWORK t= 26083.7ms dt=    1.0ms tid=ThreadId(78) nfs_helper_list_ok uri=nfs://DietPi.local/mnt/4TBP/Work/Arise2014/fonts/fonts/__MACOSX/kaushan-script-v.1.02/ count=5
NETWORK t= 26084.7ms dt=    1.0ms tid=ThreadId(78) nfs_helper_list_ok uri=nfs://DietPi.local/mnt/4TBP/Work/Arise2014/fonts/fonts/__MACOSX/kaushan-script-v.1.02/src/ count=4
NETWORK t= 26086.1ms dt=    1.4ms tid=ThreadId(78) nfs_helper_list_ok uri=nfs://DietPi.local/mnt/4TBP/Work/Arise2014/fonts/fonts/ot/ count=30
NETWORK t= 26089.0ms dt=    2.9ms tid=ThreadId(78) nfs_helper_list_ok uri=nfs://DietPi.local/mnt/4TBP/Work/Arise2014/fonts/fonts/tt/ count=102
NETWORK t= 26090.1ms dt=    1.0ms tid=ThreadId(78) nfs_helper_list_ok uri=nfs://DietPi.local/mnt/4TBP/Work/Arise2014/fonts/fonts/kaushan-script-v.1.02/ count=4
NETWORK t= 26091.0ms dt=    0.9ms tid=ThreadId(78) nfs_helper_list_ok uri=nfs://DietPi.local/mnt/4TBP/Work/Arise2014/fonts/fonts/kaushan-script-v.1.02/src/ count=4
NETWORK t= 26092.6ms dt=    1.6ms tid=ThreadId(78) nfs_helper_list_ok uri=nfs://DietPi.local/mnt/4TBP/Work/Arise2014/Arise%20Logo/ count=47
NETWORK t= 26093.5ms dt=    0.9ms tid=ThreadId(78) nfs_helper_stat_ok uri=nfs://DietPi.local/mnt/4TBP/Work/Arise2014/Arise%20Logo/Logo22-G.jpg size=34266
NETWORK t= 26094.4ms dt=    0.8ms tid=ThreadId(78) nfs_helper_stat_ok uri=nfs://DietPi.local/mnt/4TBP/Work/Arise2014/Arise%20Logo/Logo22-G2.jpg size=31181
NETWORK t= 26095.1ms dt=    0.8ms tid=ThreadId(78) nfs_helper_stat_ok uri=nfs://DietPi.local/mnt/4TBP/Work/Arise2014/Arise%20Logo/Arise.jpg size=92219
NETWORK t= 26096.0ms dt=    0.8ms tid=ThreadId(78) nfs_helper_list_ok uri=nfs://DietPi.local/mnt/4TBP/Work/Arise2014/Arise%20Logo/Karin%20Silioutte/ count=1
NETWORK t= 26096.8ms dt=    0.8ms tid=ThreadId(78) nfs_helper_stat_ok uri=nfs://DietPi.local/mnt/4TBP/Work/Arise2014/Arise%20Logo/Karin%20Silioutte/Arise-Silouette.png size=13934
NETWORK t= 26097.7ms dt=    0.9ms tid=ThreadId(78) nfs_helper_list_ok uri=nfs://DietPi.local/mnt/4TBP/Work/Arise2014/Arise%20Logo/Forms/ count=6
NETWORK t= 26098.5ms dt=    0.9ms tid=ThreadId(78) nfs_helper_stat_ok uri=nfs://DietPi.local/mnt/4TBP/Work/Arise2014/Arise%20Logo/Forms/Arise-Registration-Form-2013-2.jpg size=796950
NETWORK t= 26099.4ms dt=    0.9ms tid=ThreadId(78) nfs_helper_stat_ok uri=nfs://DietPi.local/mnt/4TBP/Work/Arise2014/Arise%20Logo/Forms/Arise-Registration-Form-2013-6.jpg size=736785
NETWORK t= 26100.3ms dt=    0.9ms tid=ThreadId(78) nfs_helper_stat_ok uri=nfs://DietPi.local/mnt/4TBP/Work/Arise2014/Arise%20Logo/Forms/Arise-Registration-Form-2013-5.jpg size=774542
NETWORK t= 26101.2ms dt=    0.9ms tid=ThreadId(78) nfs_helper_stat_ok uri=nfs://DietPi.local/mnt/4TBP/Work/Arise2014/Arise%20Logo/Forms/Arise-Registration-Form-2013.jpg size=793755
NETWORK t= 26102.1ms dt=    0.8ms tid=ThreadId(78) nfs_helper_stat_ok uri=nfs://DietPi.local/mnt/4TBP/Work/Arise2014/Arise%20Logo/Forms/Arise-Registration-Form-2013-4.jpg size=759784
NETWORK t= 26103.0ms dt=    0.9ms tid=ThreadId(78) nfs_helper_stat_ok uri=nfs://DietPi.local/mnt/4TBP/Work/Arise2014/Arise%20Logo/Forms/Arise-Registration-Form-2013-3.jpg size=853373
NETWORK t= 26104.0ms dt=    1.0ms tid=ThreadId(78) nfs_helper_list_ok uri=nfs://DietPi.local/mnt/4TBP/Work/Arise2014/Backgrounds/ count=6
NETWORK t= 26104.9ms dt=    0.8ms tid=ThreadId(78) nfs_helper_stat_ok uri=nfs://DietPi.local/mnt/4TBP/Work/Arise2014/Backgrounds/Bokeh-Dark-Pink-Small.jpg size=12377
NETWORK t= 26105.7ms dt=    0.8ms tid=ThreadId(78) nfs_helper_stat_ok uri=nfs://DietPi.local/mnt/4TBP/Work/Arise2014/Backgrounds/Bokeh-Dark-Turquise.jpg size=360386
NETWORK t= 26106.6ms dt=    0.9ms tid=ThreadId(78) nfs_helper_stat_ok uri=nfs://DietPi.local/mnt/4TBP/Work/Arise2014/Backgrounds/Bokeh-Dark-Pink.jpg size=452241
NETWORK t= 26107.4ms dt=    0.9ms tid=ThreadId(78) nfs_helper_stat_ok uri=nfs://DietPi.local/mnt/4TBP/Work/Arise2014/Backgrounds/Bokeh-Pink.jpg size=370460
NETWORK t= 26108.4ms dt=    0.9ms tid=ThreadId(78) nfs_helper_stat_ok uri=nfs://DietPi.local/mnt/4TBP/Work/Arise2014/Backgrounds/Bokeh-Turquise.jpg size=338756
NETWORK t= 26109.3ms dt=    0.9ms tid=ThreadId(78) nfs_helper_stat_ok uri=nfs://DietPi.local/mnt/4TBP/Work/Arise2014/Backgrounds/Bokeh-Blue.jpg size=327165
NETWORK t= 26110.2ms dt=    0.9ms tid=ThreadId(78) nfs_helper_list_ok uri=nfs://DietPi.local/mnt/4TBP/Work/Arise2014/iStock/ count=2
NETWORK t= 26111.4ms dt=    1.2ms tid=ThreadId(78) nfs_helper_list_ok uri=nfs://DietPi.local/mnt/4TBP/Work/Arise2014/iStock/Video/ count=19
NETWORK t= 26112.6ms dt=    1.2ms tid=ThreadId(78) nfs_helper_list_ok uri=nfs://DietPi.local/mnt/4TBP/Work/Arise2014/iStock/Light/ count=22
NETWORK t= 26113.9ms dt=    1.3ms tid=ThreadId(78) nfs_helper_list_ok uri=nfs://DietPi.local/mnt/4TBP/Work/Arise2014/inDesign/ count=34
NETWORK t= 26114.7ms dt=    0.8ms tid=ThreadId(78) nfs_helper_stat_ok uri=nfs://DietPi.local/mnt/4TBP/Work/Arise2014/inDesign/Poster%20A3-YouAre.jpg size=3730353
NETWORK t= 26115.5ms dt=    0.8ms tid=ThreadId(78) nfs_helper_stat_ok uri=nfs://DietPi.local/mnt/4TBP/Work/Arise2014/inDesign/Arise%20CD%20Cover.jpg size=308706
NETWORK t= 26116.3ms dt=    0.8ms tid=ThreadId(78) nfs_helper_stat_ok uri=nfs://DietPi.local/mnt/4TBP/Work/Arise2014/inDesign/DVD%20Label%20Inside.jpg size=283338
NETWORK t= 26117.2ms dt=    0.9ms tid=ThreadId(78) nfs_helper_stat_ok uri=nfs://DietPi.local/mnt/4TBP/Work/Arise2014/inDesign/Arise%20CD%20Cover2.jpg size=307172
NETWORK t= 26118.2ms dt=    1.0ms tid=ThreadId(78) nfs_helper_stat_ok uri=nfs://DietPi.local/mnt/4TBP/Work/Arise2014/inDesign/Poster%20A3-Arise.jpg size=3485682
NETWORK t= 26119.0ms dt=    0.8ms tid=ThreadId(78) nfs_helper_stat_ok uri=nfs://DietPi.local/mnt/4TBP/Work/Arise2014/inDesign/BCards.jpg size=891747
NETWORK t= 26119.8ms dt=    0.8ms tid=ThreadId(78) nfs_helper_stat_ok uri=nfs://DietPi.local/mnt/4TBP/Work/Arise2014/inDesign/Poster%20A3-AriseFina2l.jpg size=1933915
NETWORK t= 26120.6ms dt=    0.8ms tid=ThreadId(78) nfs_helper_stat_ok uri=nfs://DietPi.local/mnt/4TBP/Work/Arise2014/inDesign/BCard.jpg size=1037883
NETWORK t= 26121.4ms dt=    0.8ms tid=ThreadId(78) nfs_helper_stat_ok uri=nfs://DietPi.local/mnt/4TBP/Work/Arise2014/inDesign/Poster%20A3-AriseFinal.jpg size=1940760
NETWORK t= 26122.2ms dt=    0.8ms tid=ThreadId(78) nfs_helper_stat_ok uri=nfs://DietPi.local/mnt/4TBP/Work/Arise2014/inDesign/Arise%20Letter.jpg size=1040878
NETWORK t= 26123.1ms dt=    0.9ms tid=ThreadId(78) nfs_helper_list_ok uri=nfs://DietPi.local/mnt/4TBP/Work/Arise2014/inDesign/Launch%20File/ count=2
NETWORK t= 26123.9ms dt=    0.8ms tid=ThreadId(78) nfs_helper_stat_ok uri=nfs://DietPi.local/mnt/4TBP/Work/Arise2014/inDesign/Launch%20File/BCards-Final.jpg size=70535
NETWORK t= 26124.9ms dt=    1.0ms tid=ThreadId(78) nfs_helper_list_ok uri=nfs://DietPi.local/mnt/4TBP/Work/Arise2014/inDesign/Poster%20A3-Arise%20Folder/ count=4
NETWORK t= 26125.8ms dt=    1.0ms tid=ThreadId(78) nfs_helper_list_ok uri=nfs://DietPi.local/mnt/4TBP/Work/Arise2014/inDesign/Poster%20A3-Arise%20Folder/Links/ count=3
NETWORK t= 26126.7ms dt=    0.8ms tid=ThreadId(78) nfs_helper_stat_ok uri=nfs://DietPi.local/mnt/4TBP/Work/Arise2014/inDesign/Poster%20A3-Arise%20Folder/Links/Young-WOmen2.png size=506572
NETWORK t= 26127.5ms dt=    0.8ms tid=ThreadId(78) nfs_helper_stat_ok uri=nfs://DietPi.local/mnt/4TBP/Work/Arise2014/inDesign/Poster%20A3-Arise%20Folder/Links/AriseTypeBack6.jpg size=203578
NETWORK t= 26128.3ms dt=    0.8ms tid=ThreadId(78) nfs_helper_stat_ok uri=nfs://DietPi.local/mnt/4TBP/Work/Arise2014/inDesign/Poster%20A3-Arise%20Folder/Links/Bokeh-Turquise.jpg size=338756
NETWORK t= 26129.2ms dt=    0.9ms tid=ThreadId(78) nfs_helper_list_ok uri=nfs://DietPi.local/mnt/4TBP/Work/Arise2014/inDesign/Poster%20A3-Arise%20Folder/Document%20fonts/ count=6
NETWORK t= 26130.0ms dt=    0.9ms tid=ThreadId(78) nfs_helper_list_ok uri=nfs://DietPi.local/mnt/4TBP/Work/Arise2014/inDesign/Poster%20A3-Final/ count=3
NETWORK t= 26130.9ms dt=    0.9ms tid=ThreadId(78) nfs_helper_list_ok uri=nfs://DietPi.local/mnt/4TBP/Work/Arise2014/inDesign/Poster%20A3-Final/Links/ count=1
NETWORK t= 26131.7ms dt=    0.8ms tid=ThreadId(78) nfs_helper_stat_ok uri=nfs://DietPi.local/mnt/4TBP/Work/Arise2014/inDesign/Poster%20A3-Final/Links/Girl2.png size=4114893
NETWORK t= 26132.6ms dt=    0.8ms tid=ThreadId(78) nfs_helper_list_ok uri=nfs://DietPi.local/mnt/4TBP/Work/Arise2014/inDesign/Pins/ count=1
NETWORK t= 26133.5ms dt=    1.0ms tid=ThreadId(78) nfs_helper_list_ok uri=nfs://DietPi.local/mnt/4TBP/Work/Arise2014/inDesign/Pins/Pins/ count=5
NETWORK t= 26134.6ms dt=    1.0ms tid=ThreadId(78) nfs_helper_stat_ok uri=nfs://DietPi.local/mnt/4TBP/Work/Arise2014/inDesign/Pins/Pins/Pins.jpg size=195827
NETWORK t= 26135.5ms dt=    1.0ms tid=ThreadId(78) nfs_helper_list_ok uri=nfs://DietPi.local/mnt/4TBP/Work/Arise2014/inDesign/Pins/Pins/Pins-Final/ count=3
NETWORK t= 26136.4ms dt=    0.8ms tid=ThreadId(78) nfs_helper_list_ok uri=nfs://DietPi.local/mnt/4TBP/Work/Arise2014/inDesign/Pins/Pins/Pins-Final/Links/ count=0
NETWORK t= 26137.3ms dt=    0.9ms tid=ThreadId(78) nfs_helper_list_ok uri=nfs://DietPi.local/mnt/4TBP/Work/Arise2014/inDesign/Pins/Pins/Pins-Final/Document%20fonts/ count=4
NETWORK t= 26138.1ms dt=    0.8ms tid=ThreadId(78) nfs_helper_list_ok uri=nfs://DietPi.local/mnt/4TBP/Work/Arise2014/inDesign/Poster%20FInal/ count=1
NETWORK t= 26139.0ms dt=    0.9ms tid=ThreadId(78) nfs_helper_list_ok uri=nfs://DietPi.local/mnt/4TBP/Work/Arise2014/inDesign/Poster%20FInal/Poster%20A3-AriseFinal%20Folder/ count=4
NETWORK t= 26139.9ms dt=    0.9ms tid=ThreadId(78) nfs_helper_list_ok uri=nfs://DietPi.local/mnt/4TBP/Work/Arise2014/inDesign/Poster%20FInal/Poster%20A3-AriseFinal%20Folder/Links/ count=3
NETWORK t= 26140.7ms dt=    0.8ms tid=ThreadId(78) nfs_helper_stat_ok uri=nfs://DietPi.local/mnt/4TBP/Work/Arise2014/inDesign/Poster%20FInal/Poster%20A3-AriseFinal%20Folder/Links/Young-WOmen2.png size=517338
NETWORK t= 26141.6ms dt=    0.8ms tid=ThreadId(78) nfs_helper_stat_ok uri=nfs://DietPi.local/mnt/4TBP/Work/Arise2014/inDesign/Poster%20FInal/Poster%20A3-AriseFinal%20Folder/Links/AriseTypeBack6.jpg size=203578
NETWORK t= 26142.5ms dt=    1.0ms tid=ThreadId(78) nfs_helper_stat_ok uri=nfs://DietPi.local/mnt/4TBP/Work/Arise2014/inDesign/Poster%20FInal/Poster%20A3-AriseFinal%20Folder/Links/Bokeh-Turquise.jpg size=338756
NETWORK t= 26143.6ms dt=    1.1ms tid=ThreadId(78) nfs_helper_list_ok uri=nfs://DietPi.local/mnt/4TBP/Work/Arise2014/inDesign/Poster%20FInal/Poster%20A3-AriseFinal%20Folder/Document%20fonts/ count=10
NETWORK t= 26144.6ms dt=    1.0ms tid=ThreadId(78) nfs_helper_list_ok uri=nfs://DietPi.local/mnt/4TBP/Work/Arise2014/inDesign/Poster%20A3-Poster-Mar2014/ count=5
NETWORK t= 26145.4ms dt=    0.9ms tid=ThreadId(78) nfs_helper_list_ok uri=nfs://DietPi.local/mnt/4TBP/Work/Arise2014/inDesign/Poster%20A3-Poster-Mar2014/Links/ count=3
NETWORK t= 26146.2ms dt=    0.8ms tid=ThreadId(78) nfs_helper_stat_ok uri=nfs://DietPi.local/mnt/4TBP/Work/Arise2014/inDesign/Poster%20A3-Poster-Mar2014/Links/Young-WOmen2.png size=517338
NETWORK t= 26147.0ms dt=    0.8ms tid=ThreadId(78) nfs_helper_stat_ok uri=nfs://DietPi.local/mnt/4TBP/Work/Arise2014/inDesign/Poster%20A3-Poster-Mar2014/Links/AriseTypeBack6.jpg size=203578
NETWORK t= 26147.8ms dt=    0.8ms tid=ThreadId(78) nfs_helper_stat_ok uri=nfs://DietPi.local/mnt/4TBP/Work/Arise2014/inDesign/Poster%20A3-Poster-Mar2014/Links/Bokeh-Turquise.jpg size=338756
NETWORK t= 26148.8ms dt=    1.0ms tid=ThreadId(78) nfs_helper_list_ok uri=nfs://DietPi.local/mnt/4TBP/Work/Arise2014/inDesign/Poster%20A3-Poster-Mar2014/Document%20fonts/ count=10
NETWORK t= 26149.8ms dt=    0.9ms tid=ThreadId(78) nfs_helper_list_ok uri=nfs://DietPi.local/mnt/4TBP/Work/Arise2014/inDesign/Poster/ count=4
NETWORK t= 26150.7ms dt=    1.0ms tid=ThreadId(78) nfs_helper_list_ok uri=nfs://DietPi.local/mnt/4TBP/Work/Arise2014/inDesign/Poster/Links/ count=2
NETWORK t= 26151.6ms dt=    0.9ms tid=ThreadId(78) nfs_helper_stat_ok uri=nfs://DietPi.local/mnt/4TBP/Work/Arise2014/inDesign/Poster/Links/Girl2.png size=4114893
NETWORK t= 26152.4ms dt=    0.8ms tid=ThreadId(78) nfs_helper_stat_ok uri=nfs://DietPi.local/mnt/4TBP/Work/Arise2014/inDesign/Poster/Links/Bokeh-Turquise.jpg size=338756
NETWORK t= 26153.5ms dt=    1.0ms tid=ThreadId(78) nfs_helper_list_ok uri=nfs://DietPi.local/mnt/4TBP/Work/Arise2014/inDesign/Poster/Document%20fonts/ count=10
NETWORK t= 26154.4ms dt=    0.9ms tid=ThreadId(78) nfs_helper_list_ok uri=nfs://DietPi.local/mnt/4TBP/Work/Arise2014/inDesign/Magnet%20Folder/ count=4
NETWORK t= 26155.2ms dt=    0.8ms tid=ThreadId(78) nfs_helper_stat_ok uri=nfs://DietPi.local/mnt/4TBP/Work/Arise2014/inDesign/Magnet%20Folder/Magnet.jpg size=1914688
NETWORK t= 26156.1ms dt=    0.9ms tid=ThreadId(78) nfs_helper_list_ok uri=nfs://DietPi.local/mnt/4TBP/Work/Arise2014/inDesign/Poster-A3-Final/ count=2
NETWORK t= 26157.1ms dt=    1.0ms tid=ThreadId(78) nfs_helper_list_ok uri=nfs://DietPi.local/mnt/4TBP/Work/Arise2014/inDesign/Poster-A3-Final/Arise%20Master%20Files/ count=9
NETWORK t= 26158.2ms dt=    1.0ms tid=ThreadId(78) nfs_helper_list_ok uri=nfs://DietPi.local/mnt/4TBP/Work/Arise2014/inDesign/Poster-A3-Final/Arise%20Master%20Files/Links/ count=4
NETWORK t= 26159.1ms dt=    1.0ms tid=ThreadId(78) nfs_helper_stat_ok uri=nfs://DietPi.local/mnt/4TBP/Work/Arise2014/inDesign/Poster-A3-Final/Arise%20Master%20Files/Links/Girl2.png size=4114893
NETWORK t= 26160.0ms dt=    0.9ms tid=ThreadId(78) nfs_helper_stat_ok uri=nfs://DietPi.local/mnt/4TBP/Work/Arise2014/inDesign/Poster-A3-Final/Arise%20Master%20Files/Links/Bokeh-Turquise.jpg size=338756
NETWORK t= 26160.9ms dt=    0.9ms tid=ThreadId(78) nfs_helper_stat_ok uri=nfs://DietPi.local/mnt/4TBP/Work/Arise2014/inDesign/Poster-A3-Final/Arise%20Master%20Files/Links/Pins-Pink.png size=145173
NETWORK t= 26161.7ms dt=    0.9ms tid=ThreadId(78) nfs_helper_stat_ok uri=nfs://DietPi.local/mnt/4TBP/Work/Arise2014/inDesign/Poster-A3-Final/Arise%20Master%20Files/Links/Pin-Pink2.png size=129067
NETWORK t= 26162.8ms dt=    1.0ms tid=ThreadId(78) nfs_helper_list_ok uri=nfs://DietPi.local/mnt/4TBP/Work/Arise2014/inDesign/Poster-A3-Final/Arise%20Master%20Files/Document%20fonts/ count=10
NETWORK t= 26163.6ms dt=    0.9ms tid=ThreadId(78) nfs_helper_list_ok uri=nfs://DietPi.local/mnt/4TBP/Work/Arise2014/PSD/ count=3
NETWORK t= 26164.5ms dt=    0.9ms tid=ThreadId(78) nfs_helper_list_ok uri=nfs://DietPi.local/mnt/4TBP/Work/Arise2014/Words/ count=6
NETWORK t= 26165.3ms dt=    0.8ms tid=ThreadId(78) nfs_helper_stat_ok uri=nfs://DietPi.local/mnt/4TBP/Work/Arise2014/Words/Words2.jpg size=121927
NETWORK t= 26166.1ms dt=    0.8ms tid=ThreadId(78) nfs_helper_stat_ok uri=nfs://DietPi.local/mnt/4TBP/Work/Arise2014/Words/Words.jpg size=110835
NETWORK t= 26167.1ms dt=    1.0ms tid=ThreadId(78) nfs_helper_list_ok uri=nfs://DietPi.local/mnt/4TBP/Work/Arise2014/zdeleteme/ count=7
NETWORK t= 26168.1ms dt=    1.0ms tid=ThreadId(78) nfs_helper_list_ok uri=nfs://DietPi.local/mnt/4TBP/Work/Arise2014/Launch/ count=3
NETWORK t= 26168.9ms dt=    0.8ms tid=ThreadId(78) nfs_helper_stat_ok uri=nfs://DietPi.local/mnt/4TBP/Work/Arise2014/Launch/Poster%20A3-AriseFinal.jpg size=277366
NETWORK t= 26169.7ms dt=    0.8ms tid=ThreadId(78) nfs_helper_stat_ok uri=nfs://DietPi.local/mnt/4TBP/Work/Arise2014/Launch/Poster%20A3-AriseFinal-Girl.jpg size=16192957
NETWORK t= 26170.5ms dt=    0.8ms tid=ThreadId(78) nfs_helper_stat_ok uri=nfs://DietPi.local/mnt/4TBP/Work/Arise2014/Launch/Poster%20A3-AriseFinal-Girl2.jpg size=16907624
NETWORK t= 26171.4ms dt=    0.9ms tid=ThreadId(78) nfs_helper_list_ok uri=nfs://DietPi.local/mnt/4TBP/Work/Arise2014/Titles/ count=11
NETWORK t= 26172.3ms dt=    0.9ms tid=ThreadId(78) nfs_helper_list_ok uri=nfs://DietPi.local/mnt/4TBP/Work/Arise2014/Corner%20Board/ count=2
NETWORK t= 26173.2ms dt=    0.9ms tid=ThreadId(78) nfs_helper_list_ok uri=nfs://DietPi.local/mnt/4TBP/Work/Arise2014/Corner%20Board/Loyiso%20Bala%20Folder/ count=4
NETWORK t= 26174.1ms dt=    0.9ms tid=ThreadId(78) nfs_helper_list_ok uri=nfs://DietPi.local/mnt/4TBP/Work/Arise2014/Corner%20Board/Loyiso%20Bala%20Folder/Links/ count=2
NETWORK t= 26175.1ms dt=    1.0ms tid=ThreadId(78) nfs_helper_stat_ok uri=nfs://DietPi.local/mnt/4TBP/Work/Arise2014/Corner%20Board/Loyiso%20Bala%20Folder/Links/Eastern3-Corner.jpg size=381723
NETWORK t= 26176.1ms dt=    1.0ms tid=ThreadId(78) nfs_helper_list_ok uri=nfs://DietPi.local/mnt/4TBP/Work/Arise2014/Corner%20Board/Loyiso%20Bala%20Folder/Document%20fonts/ count=3
NETWORK t= 26177.2ms dt=    1.1ms tid=ThreadId(78) nfs_helper_list_ok uri=nfs://DietPi.local/mnt/4TBP/Work/Arise2014/Shapes/ count=10
NETWORK t= 26178.1ms dt=    0.9ms tid=ThreadId(78) nfs_helper_list_ok uri=nfs://DietPi.local/mnt/4TBP/Work/Arise2014/Shapes/Dancing-Girl-Silhouettes-with-Striped-Background/ count=5
NETWORK t= 26179.0ms dt=    0.9ms tid=ThreadId(78) nfs_helper_stat_ok uri=nfs://DietPi.local/mnt/4TBP/Work/Arise2014/Shapes/Dancing-Girl-Silhouettes-with-Striped-Background/Dancing-Girl-Silhouettes-with-Striped-Background.png size=102841
NETWORK t= 26180.2ms dt=    1.2ms tid=ThreadId(78) nfs_helper_list_ok uri=nfs://DietPi.local/mnt/4TBP/Work/Arise2014/Arise2/ count=13
NETWORK t= 26181.0ms dt=    0.8ms tid=ThreadId(78) nfs_helper_stat_ok uri=nfs://DietPi.local/mnt/4TBP/Work/Arise2014/Arise2/Wallpapers9.jpg size=213939
NETWORK t= 26181.8ms dt=    0.8ms tid=ThreadId(78) nfs_helper_stat_ok uri=nfs://DietPi.local/mnt/4TBP/Work/Arise2014/Arise2/Wallpapers-3.jpg size=122596
NETWORK t= 26182.7ms dt=    0.9ms tid=ThreadId(78) nfs_helper_stat_ok uri=nfs://DietPi.local/mnt/4TBP/Work/Arise2014/Arise2/Wallpapers-6.jpg size=91913
NETWORK t= 26183.6ms dt=    0.9ms tid=ThreadId(78) nfs_helper_stat_ok uri=nfs://DietPi.local/mnt/4TBP/Work/Arise2014/Arise2/Wallpapers-2.jpg size=176486
NETWORK t= 26184.5ms dt=    0.9ms tid=ThreadId(78) nfs_helper_stat_ok uri=nfs://DietPi.local/mnt/4TBP/Work/Arise2014/Arise2/ARise-VIdeo.jpg size=256995
NETWORK t= 26185.3ms dt=    0.8ms tid=ThreadId(78) nfs_helper_stat_ok uri=nfs://DietPi.local/mnt/4TBP/Work/Arise2014/Arise2/Wallpapers-1-4.jpg size=93671
NETWORK t= 26186.2ms dt=    0.9ms tid=ThreadId(78) nfs_helper_stat_ok uri=nfs://DietPi.local/mnt/4TBP/Work/Arise2014/Arise2/Wallpapers-1-3.jpg size=126265
NETWORK t= 26187.0ms dt=    0.8ms tid=ThreadId(78) nfs_helper_stat_ok uri=nfs://DietPi.local/mnt/4TBP/Work/Arise2014/Arise2/Wallpapers-7.jpg size=169223
NETWORK t= 26187.7ms dt=    0.8ms tid=ThreadId(78) nfs_helper_stat_ok uri=nfs://DietPi.local/mnt/4TBP/Work/Arise2014/Arise2/Wallpapers-1-2.jpg size=87616
NETWORK t= 26188.5ms dt=    0.8ms tid=ThreadId(78) nfs_helper_stat_ok uri=nfs://DietPi.local/mnt/4TBP/Work/Arise2014/Arise2/Wallpapers-8.jpg size=146315
NETWORK t= 26189.3ms dt=    0.8ms tid=ThreadId(78) nfs_helper_stat_ok uri=nfs://DietPi.local/mnt/4TBP/Work/Arise2014/Arise2/Wallpapers-5.jpg size=114862
NETWORK t= 26190.2ms dt=    0.8ms tid=ThreadId(78) nfs_helper_stat_ok uri=nfs://DietPi.local/mnt/4TBP/Work/Arise2014/Arise2/Wallpapers-4.jpg size=96357
NETWORK t= 26191.1ms dt=    0.9ms tid=ThreadId(78) nfs_helper_list_ok uri=nfs://DietPi.local/mnt/4TBP/Work/Arise2014/PNG/ count=5
NETWORK t= 26192.0ms dt=    0.9ms tid=ThreadId(78) nfs_helper_stat_ok uri=nfs://DietPi.local/mnt/4TBP/Work/Arise2014/PNG/Arise-Logo-Colour-Purple.png size=523254
NETWORK t= 26192.9ms dt=    0.9ms tid=ThreadId(78) nfs_helper_stat_ok uri=nfs://DietPi.local/mnt/4TBP/Work/Arise2014/PNG/Girl2.png size=4114893
NETWORK t= 26193.8ms dt=    0.8ms tid=ThreadId(78) nfs_helper_stat_ok uri=nfs://DietPi.local/mnt/4TBP/Work/Arise2014/PNG/Girl.png size=4222616
NETWORK t= 26194.6ms dt=    0.8ms tid=ThreadId(78) nfs_helper_stat_ok uri=nfs://DietPi.local/mnt/4TBP/Work/Arise2014/PNG/Pins-Pink.png size=145173
NETWORK t= 26195.3ms dt=    0.8ms tid=ThreadId(78) nfs_helper_stat_ok uri=nfs://DietPi.local/mnt/4TBP/Work/Arise2014/PNG/Pin-Pink2.png size=129067
NETWORK t= 26199.4ms dt=    4.1ms tid=ThreadId(78) nfs_helper_list_ok uri=nfs://DietPi.local/mnt/4TBP/Work/Arise2014/Video/ count=148
NETWORK t= 26200.3ms dt=    0.9ms tid=ThreadId(78) nfs_helper_stat_ok uri=nfs://DietPi.local/mnt/4TBP/Work/Arise2014/Video/Image3.png size=684865
NETWORK t= 26201.1ms dt=    0.8ms tid=ThreadId(78) nfs_helper_stat_ok uri=nfs://DietPi.local/mnt/4TBP/Work/Arise2014/Video/Image4.png size=700970
NETWORK t= 26202.0ms dt=    0.9ms tid=ThreadId(78) nfs_helper_stat_ok uri=nfs://DietPi.local/mnt/4TBP/Work/Arise2014/Video/Image1.png size=615837
NETWORK t= 26202.9ms dt=    0.9ms tid=ThreadId(78) nfs_helper_stat_ok uri=nfs://DietPi.local/mnt/4TBP/Work/Arise2014/Video/Image2.png size=728106
NETWORK t= 26205.5ms dt=    2.6ms tid=ThreadId(78) nfs_helper_list_ok uri=nfs://DietPi.local/mnt/4TBP/Work/Arise2014/Video/Trailer/ count=114
NETWORK t= 26206.4ms dt=    0.8ms tid=ThreadId(78) nfs_helper_stat_ok uri=nfs://DietPi.local/mnt/4TBP/Work/Arise2014/Video/Trailer/DSC_3214.JPG size=1083474
NETWORK t= 26207.3ms dt=    0.9ms tid=ThreadId(78) nfs_helper_stat_ok uri=nfs://DietPi.local/mnt/4TBP/Work/Arise2014/Video/Trailer/DSC_3220.JPG size=1590600
NETWORK t= 26208.3ms dt=    1.0ms tid=ThreadId(78) nfs_helper_stat_ok uri=nfs://DietPi.local/mnt/4TBP/Work/Arise2014/Video/Trailer/DSC_3231.JPG size=1113200
NETWORK t= 26209.2ms dt=    0.9ms tid=ThreadId(78) nfs_helper_stat_ok uri=nfs://DietPi.local/mnt/4TBP/Work/Arise2014/Video/Trailer/DSC_3188.JPG size=1024509
NETWORK t= 26210.1ms dt=    0.9ms tid=ThreadId(78) nfs_helper_stat_ok uri=nfs://DietPi.local/mnt/4TBP/Work/Arise2014/Video/Trailer/DSC_3224.JPG size=1095112
NETWORK t= 26210.9ms dt=    0.8ms tid=ThreadId(78) nfs_helper_stat_ok uri=nfs://DietPi.local/mnt/4TBP/Work/Arise2014/Video/Trailer/DSC_3196.JPG size=811382
NETWORK t= 26211.7ms dt=    0.8ms tid=ThreadId(78) nfs_helper_stat_ok uri=nfs://DietPi.local/mnt/4TBP/Work/Arise2014/Video/Trailer/DSC_3222.JPG size=1370125
NETWORK t= 26212.5ms dt=    0.7ms tid=ThreadId(78) nfs_helper_stat_ok uri=nfs://DietPi.local/mnt/4TBP/Work/Arise2014/Video/Trailer/DSC_3227.JPG size=1051469
NETWORK t= 26213.3ms dt=    0.8ms tid=ThreadId(78) nfs_helper_stat_ok uri=nfs://DietPi.local/mnt/4TBP/Work/Arise2014/Video/Trailer/DSC_3186.JPG size=847324
NETWORK t= 26214.1ms dt=    0.8ms tid=ThreadId(78) nfs_helper_stat_ok uri=nfs://DietPi.local/mnt/4TBP/Work/Arise2014/Video/Trailer/DSC_3229.JPG size=1174238
NETWORK t= 26214.9ms dt=    0.8ms tid=ThreadId(78) nfs_helper_stat_ok uri=nfs://DietPi.local/mnt/4TBP/Work/Arise2014/Video/Trailer/DSC_3223.JPG size=1114593
NETWORK t= 26215.7ms dt=    0.8ms tid=ThreadId(78) nfs_helper_stat_ok uri=nfs://DietPi.local/mnt/4TBP/Work/Arise2014/Video/Trailer/DSC_3233.JPG size=1112733
NETWORK t= 26216.5ms dt=    0.8ms tid=ThreadId(78) nfs_helper_stat_ok uri=nfs://DietPi.local/mnt/4TBP/Work/Arise2014/Video/Trailer/DSC_3210.JPG size=995528
NETWORK t= 26217.4ms dt=    0.9ms tid=ThreadId(78) nfs_helper_stat_ok uri=nfs://DietPi.local/mnt/4TBP/Work/Arise2014/Video/Trailer/DSC_3218.JPG size=1081918
NETWORK t= 26218.3ms dt=    0.9ms tid=ThreadId(78) nfs_helper_stat_ok uri=nfs://DietPi.local/mnt/4TBP/Work/Arise2014/Video/Trailer/DSC_3209.JPG size=579125
NETWORK t= 26219.1ms dt=    0.8ms tid=ThreadId(78) nfs_helper_stat_ok uri=nfs://DietPi.local/mnt/4TBP/Work/Arise2014/Video/Trailer/DSC_3189.JPG size=826019
NETWORK t= 26219.9ms dt=    0.8ms tid=ThreadId(78) nfs_helper_stat_ok uri=nfs://DietPi.local/mnt/4TBP/Work/Arise2014/Video/Trailer/DSC_3219.JPG size=1676679
NETWORK t= 26220.7ms dt=    0.8ms tid=ThreadId(78) nfs_helper_stat_ok uri=nfs://DietPi.local/mnt/4TBP/Work/Arise2014/Video/Trailer/DSC_3226.JPG size=1381955
NETWORK t= 26221.4ms dt=    0.7ms tid=ThreadId(78) nfs_helper_stat_ok uri=nfs://DietPi.local/mnt/4TBP/Work/Arise2014/Video/Trailer/DSC_3217.JPG size=1054057
NETWORK t= 26222.2ms dt=    0.7ms tid=ThreadId(78) nfs_helper_stat_ok uri=nfs://DietPi.local/mnt/4TBP/Work/Arise2014/Video/Trailer/DSC_3162.JPG size=679617
NETWORK t= 26222.9ms dt=    0.8ms tid=ThreadId(78) nfs_helper_stat_ok uri=nfs://DietPi.local/mnt/4TBP/Work/Arise2014/Video/Trailer/DSC_3158.JPG size=688937
NETWORK t= 26223.8ms dt=    0.8ms tid=ThreadId(78) nfs_helper_stat_ok uri=nfs://DietPi.local/mnt/4TBP/Work/Arise2014/Video/Trailer/DSC_3205.JPG size=983556
NETWORK t= 26224.6ms dt=    0.9ms tid=ThreadId(78) nfs_helper_stat_ok uri=nfs://DietPi.local/mnt/4TBP/Work/Arise2014/Video/Trailer/DSC_3228.JPG size=973006
NETWORK t= 26225.5ms dt=    0.9ms tid=ThreadId(78) nfs_helper_stat_ok uri=nfs://DietPi.local/mnt/4TBP/Work/Arise2014/Video/Trailer/DSC_3157.JPG size=653182
NETWORK t= 26226.4ms dt=    0.9ms tid=ThreadId(78) nfs_helper_stat_ok uri=nfs://DietPi.local/mnt/4TBP/Work/Arise2014/Video/Trailer/DSC_3216.JPG size=1397337
NETWORK t= 26227.2ms dt=    0.9ms tid=ThreadId(78) nfs_helper_stat_ok uri=nfs://DietPi.local/mnt/4TBP/Work/Arise2014/Video/Trailer/DSC_3164.JPG size=1135832
NETWORK t= 26228.2ms dt=    0.9ms tid=ThreadId(78) nfs_helper_stat_ok uri=nfs://DietPi.local/mnt/4TBP/Work/Arise2014/Video/Trailer/DSC_3203.JPG size=1070338
NETWORK t= 26229.0ms dt=    0.8ms tid=ThreadId(78) nfs_helper_stat_ok uri=nfs://DietPi.local/mnt/4TBP/Work/Arise2014/Video/Trailer/DSC_3232.JPG size=1232790
NETWORK t= 26229.8ms dt=    0.8ms tid=ThreadId(78) nfs_helper_stat_ok uri=nfs://DietPi.local/mnt/4TBP/Work/Arise2014/Video/Trailer/DSC_3211.JPG size=933602
NETWORK t= 26230.7ms dt=    0.9ms tid=ThreadId(78) nfs_helper_stat_ok uri=nfs://DietPi.local/mnt/4TBP/Work/Arise2014/Video/Trailer/DSC_3161.JPG size=858606
NETWORK t= 26231.5ms dt=    0.8ms tid=ThreadId(78) nfs_helper_stat_ok uri=nfs://DietPi.local/mnt/4TBP/Work/Arise2014/Video/Trailer/DSC_3221.JPG size=1509169
NETWORK t= 26232.3ms dt=    0.8ms tid=ThreadId(78) nfs_helper_stat_ok uri=nfs://DietPi.local/mnt/4TBP/Work/Arise2014/Video/Trailer/DSC_3159.JPG size=734559
NETWORK t= 26233.2ms dt=    0.9ms tid=ThreadId(78) nfs_helper_stat_ok uri=nfs://DietPi.local/mnt/4TBP/Work/Arise2014/Video/Trailer/DSC_3225.JPG size=1283537
NETWORK t= 26234.1ms dt=    0.9ms tid=ThreadId(78) nfs_helper_stat_ok uri=nfs://DietPi.local/mnt/4TBP/Work/Arise2014/Video/Trailer/DSC_3204.JPG size=1189791
NETWORK t= 26235.0ms dt=    0.9ms tid=ThreadId(78) nfs_helper_stat_ok uri=nfs://DietPi.local/mnt/4TBP/Work/Arise2014/Video/Trailer/DSC_3212.JPG size=714240
NETWORK t= 26235.8ms dt=    0.9ms tid=ThreadId(78) nfs_helper_stat_ok uri=nfs://DietPi.local/mnt/4TBP/Work/Arise2014/Video/Trailer/DSC_3213.JPG size=1175870
NETWORK t= 26236.6ms dt=    0.8ms tid=ThreadId(78) nfs_helper_stat_ok uri=nfs://DietPi.local/mnt/4TBP/Work/Arise2014/Video/Trailer/DSC_3207.JPG size=1177437
NETWORK t= 26237.4ms dt=    0.8ms tid=ThreadId(78) nfs_helper_stat_ok uri=nfs://DietPi.local/mnt/4TBP/Work/Arise2014/Video/Trailer/DSC_3230.JPG size=1235561
NETWORK t= 26238.2ms dt=    0.8ms tid=ThreadId(78) nfs_helper_stat_ok uri=nfs://DietPi.local/mnt/4TBP/Work/Arise2014/Video/Trailer/DSC_3190.JPG size=1030139
NETWORK t= 26239.1ms dt=    0.9ms tid=ThreadId(78) nfs_helper_stat_ok uri=nfs://DietPi.local/mnt/4TBP/Work/Arise2014/Video/Trailer/DSC_3166.JPG size=869046
NETWORK t= 26240.0ms dt=    0.9ms tid=ThreadId(78) nfs_helper_stat_ok uri=nfs://DietPi.local/mnt/4TBP/Work/Arise2014/Video/Trailer/DSC_3187.JPG size=972827
NETWORK t= 26240.9ms dt=    0.9ms tid=ThreadId(78) nfs_helper_stat_ok uri=nfs://DietPi.local/mnt/4TBP/Work/Arise2014/Video/Trailer/DSC_3206.JPG size=1056466
NETWORK t= 26241.9ms dt=    1.0ms tid=ThreadId(78) nfs_helper_stat_ok uri=nfs://DietPi.local/mnt/4TBP/Work/Arise2014/Video/Trailer/DSC_3208.JPG size=1079658
NETWORK t= 26242.8ms dt=    0.9ms tid=ThreadId(78) nfs_helper_stat_ok uri=nfs://DietPi.local/mnt/4TBP/Work/Arise2014/Video/Trailer/DSC_3193.JPG size=910204
NETWORK t= 26243.7ms dt=    0.9ms tid=ThreadId(78) nfs_helper_stat_ok uri=nfs://DietPi.local/mnt/4TBP/Work/Arise2014/Video/Trailer/DSC_3168.JPG size=1170239
NETWORK t= 26244.6ms dt=    0.9ms tid=ThreadId(78) nfs_helper_list_ok uri=nfs://DietPi.local/mnt/4TBP/Work/Arise2014/Video/DCIM/ count=1
NETWORK t= 26248.1ms dt=    3.5ms tid=ThreadId(78) nfs_helper_list_ok uri=nfs://DietPi.local/mnt/4TBP/Work/Arise2014/Video/DCIM/108D300S/ count=180
NETWORK t= 26249.0ms dt=    0.9ms tid=ThreadId(78) nfs_helper_stat_ok uri=nfs://DietPi.local/mnt/4TBP/Work/Arise2014/Video/DCIM/108D300S/DSC_2723.NEF size=12033724
NETWORK t= 26249.9ms dt=    0.9ms tid=ThreadId(78) nfs_helper_stat_ok uri=nfs://DietPi.local/mnt/4TBP/Work/Arise2014/Video/DCIM/108D300S/DSC_2673.JPG size=411674
NETWORK t= 26250.9ms dt=    1.0ms tid=ThreadId(78) nfs_helper_stat_ok uri=nfs://DietPi.local/mnt/4TBP/Work/Arise2014/Video/DCIM/108D300S/DSC_2633.NEF size=13111644
NETWORK t= 26251.9ms dt=    1.0ms tid=ThreadId(78) nfs_helper_stat_ok uri=nfs://DietPi.local/mnt/4TBP/Work/Arise2014/Video/DCIM/108D300S/DSC_2740.NEF size=12135529
NETWORK t= 26252.8ms dt=    0.8ms tid=ThreadId(78) nfs_helper_stat_ok uri=nfs://DietPi.local/mnt/4TBP/Work/Arise2014/Video/DCIM/108D300S/DSC_2721.JPG size=660699
NETWORK t= 26253.6ms dt=    0.8ms tid=ThreadId(78) nfs_helper_stat_ok uri=nfs://DietPi.local/mnt/4TBP/Work/Arise2014/Video/DCIM/108D300S/DSC_2724.NEF size=12044246
NETWORK t= 26254.5ms dt=    0.9ms tid=ThreadId(78) nfs_helper_stat_ok uri=nfs://DietPi.local/mnt/4TBP/Work/Arise2014/Video/DCIM/108D300S/DSC_2671.JPG size=420826
NETWORK t= 26255.4ms dt=    0.8ms tid=ThreadId(78) nfs_helper_stat_ok uri=nfs://DietPi.local/mnt/4TBP/Work/Arise2014/Video/DCIM/108D300S/DSC_2712.NEF size=12144972
NETWORK t= 26256.2ms dt=    0.8ms tid=ThreadId(78) nfs_helper_stat_ok uri=nfs://DietPi.local/mnt/4TBP/Work/Arise2014/Video/DCIM/108D300S/DSC_2731.JPG size=632957
NETWORK t= 26257.1ms dt=    0.9ms tid=ThreadId(78) nfs_helper_stat_ok uri=nfs://DietPi.local/mnt/4TBP/Work/Arise2014/Video/DCIM/108D300S/DSC_2675.JPG size=550328
NETWORK t= 26258.0ms dt=    0.9ms tid=ThreadId(78) nfs_helper_stat_ok uri=nfs://DietPi.local/mnt/4TBP/Work/Arise2014/Video/DCIM/108D300S/DSC_2629.JPG size=380809
NETWORK t= 26259.0ms dt=    1.0ms tid=ThreadId(78) nfs_helper_stat_ok uri=nfs://DietPi.local/mnt/4TBP/Work/Arise2014/Video/DCIM/108D300S/DSC_2633.JPG size=549930
NETWORK t= 26259.9ms dt=    0.9ms tid=ThreadId(78) nfs_helper_stat_ok uri=nfs://DietPi.local/mnt/4TBP/Work/Arise2014/Video/DCIM/108D300S/DSC_2729.JPG size=616173
NETWORK t= 26260.8ms dt=    0.9ms tid=ThreadId(78) nfs_helper_stat_ok uri=nfs://DietPi.local/mnt/4TBP/Work/Arise2014/Video/DCIM/108D300S/DSC_2630.JPG size=369120
NETWORK t= 26261.7ms dt=    0.9ms tid=ThreadId(78) nfs_helper_stat_ok uri=nfs://DietPi.local/mnt/4TBP/Work/Arise2014/Video/DCIM/108D300S/DSC_2719.JPG size=515298
NETWORK t= 26262.6ms dt=    0.9ms tid=ThreadId(78) nfs_helper_stat_ok uri=nfs://DietPi.local/mnt/4TBP/Work/Arise2014/Video/DCIM/108D300S/DSC_2734.NEF size=11829185
NETWORK t= 26263.4ms dt=    0.8ms tid=ThreadId(78) nfs_helper_stat_ok uri=nfs://DietPi.local/mnt/4TBP/Work/Arise2014/Video/DCIM/108D300S/DSC_2672.NEF size=11814873
NETWORK t= 26264.3ms dt=    0.8ms tid=ThreadId(78) nfs_helper_stat_ok uri=nfs://DietPi.local/mnt/4TBP/Work/Arise2014/Video/DCIM/108D300S/DSC_2731.NEF size=12014899
NETWORK t= 26265.1ms dt=    0.8ms tid=ThreadId(78) nfs_helper_stat_ok uri=nfs://DietPi.local/mnt/4TBP/Work/Arise2014/Video/DCIM/108D300S/DSC_2711.JPG size=362732
NETWORK t= 26266.0ms dt=    0.9ms tid=ThreadId(78) nfs_helper_stat_ok uri=nfs://DietPi.local/mnt/4TBP/Work/Arise2014/Video/DCIM/108D300S/DSC_2669.NEF size=11706341
NETWORK t= 26267.1ms dt=    1.1ms tid=ThreadId(78) nfs_helper_stat_ok uri=nfs://DietPi.local/mnt/4TBP/Work/Arise2014/Video/DCIM/108D300S/DSC_2679.NEF size=13144555
NETWORK t= 26268.0ms dt=    0.9ms tid=ThreadId(78) nfs_helper_stat_ok uri=nfs://DietPi.local/mnt/4TBP/Work/Arise2014/Video/DCIM/108D300S/DSC_2718.NEF size=12330677
NETWORK t= 26268.9ms dt=    0.9ms tid=ThreadId(78) nfs_helper_stat_ok uri=nfs://DietPi.local/mnt/4TBP/Work/Arise2014/Video/DCIM/108D300S/DSC_2713.JPG size=347833
NETWORK t= 26269.7ms dt=    0.8ms tid=ThreadId(78) nfs_helper_stat_ok uri=nfs://DietPi.local/mnt/4TBP/Work/Arise2014/Video/DCIM/108D300S/DSC_2722.NEF size=12159857
NETWORK t= 26270.5ms dt=    0.8ms tid=ThreadId(78) nfs_helper_stat_ok uri=nfs://DietPi.local/mnt/4TBP/Work/Arise2014/Video/DCIM/108D300S/DSC_2629.NEF size=11487444
NETWORK t= 26271.3ms dt=    0.8ms tid=ThreadId(78) nfs_helper_stat_ok uri=nfs://DietPi.local/mnt/4TBP/Work/Arise2014/Video/DCIM/108D300S/DSC_2715.NEF size=12387312
NETWORK t= 26272.1ms dt=    0.8ms tid=ThreadId(78) nfs_helper_stat_ok uri=nfs://DietPi.local/mnt/4TBP/Work/Arise2014/Video/DCIM/108D300S/DSC_2664.NEF size=12441329
NETWORK t= 26272.9ms dt=    0.8ms tid=ThreadId(78) nfs_helper_stat_ok uri=nfs://DietPi.local/mnt/4TBP/Work/Arise2014/Video/DCIM/108D300S/DSC_2718.JPG size=393794
NETWORK t= 26273.6ms dt=    0.8ms tid=ThreadId(78) nfs_helper_stat_ok uri=nfs://DietPi.local/mnt/4TBP/Work/Arise2014/Video/DCIM/108D300S/DSC_2670.NEF size=11784510
NETWORK t= 26274.5ms dt=    0.9ms tid=ThreadId(78) nfs_helper_stat_ok uri=nfs://DietPi.local/mnt/4TBP/Work/Arise2014/Video/DCIM/108D300S/DSC_2678.NEF size=13539106
NETWORK t= 26275.4ms dt=    0.9ms tid=ThreadId(78) nfs_helper_stat_ok uri=nfs://DietPi.local/mnt/4TBP/Work/Arise2014/Video/DCIM/108D300S/DSC_2654.JPG size=442151
NETWORK t= 26276.4ms dt=    1.0ms tid=ThreadId(78) nfs_helper_stat_ok uri=nfs://DietPi.local/mnt/4TBP/Work/Arise2014/Video/DCIM/108D300S/DSC_2683.JPG size=849524
NETWORK t= 26277.3ms dt=    1.0ms tid=ThreadId(78) nfs_helper_stat_ok uri=nfs://DietPi.local/mnt/4TBP/Work/Arise2014/Video/DCIM/108D300S/DSC_2732.NEF size=11621539
NETWORK t= 26278.2ms dt=    0.9ms tid=ThreadId(78) nfs_helper_stat_ok uri=nfs://DietPi.local/mnt/4TBP/Work/Arise2014/Video/DCIM/108D300S/DSC_2735.JPG size=593844
NETWORK t= 26279.0ms dt=    0.8ms tid=ThreadId(78) nfs_helper_stat_ok uri=nfs://DietPi.local/mnt/4TBP/Work/Arise2014/Video/DCIM/108D300S/DSC_2631.NEF size=11977889
NETWORK t= 26279.9ms dt=    0.8ms tid=ThreadId(78) nfs_helper_stat_ok uri=nfs://DietPi.local/mnt/4TBP/Work/Arise2014/Video/DCIM/108D300S/DSC_2716.JPG size=341924
NETWORK t= 26280.7ms dt=    0.8ms tid=ThreadId(78) nfs_helper_stat_ok uri=nfs://DietPi.local/mnt/4TBP/Work/Arise2014/Video/DCIM/108D300S/DSC_2674.JPG size=543561
NETWORK t= 26281.5ms dt=    0.8ms tid=ThreadId(78) nfs_helper_stat_ok uri=nfs://DietPi.local/mnt/4TBP/Work/Arise2014/Video/DCIM/108D300S/DSC_2725.JPG size=678786
NETWORK t= 26282.5ms dt=    1.0ms tid=ThreadId(78) nfs_helper_stat_ok uri=nfs://DietPi.local/mnt/4TBP/Work/Arise2014/Video/DCIM/108D300S/DSC_2734.JPG size=596704
NETWORK t= 26283.5ms dt=    0.9ms tid=ThreadId(78) nfs_helper_stat_ok uri=nfs://DietPi.local/mnt/4TBP/Work/Arise2014/Video/DCIM/108D300S/DSC_2717.JPG size=380633
NETWORK t= 26284.4ms dt=    0.9ms tid=ThreadId(78) nfs_helper_stat_ok uri=nfs://DietPi.local/mnt/4TBP/Work/Arise2014/Video/DCIM/108D300S/DSC_2736.JPG size=574254
NETWORK t= 26285.3ms dt=    0.9ms tid=ThreadId(78) nfs_helper_stat_ok uri=nfs://DietPi.local/mnt/4TBP/Work/Arise2014/Video/DCIM/108D300S/DSC_2721.NEF size=12368804
NETWORK t= 26286.2ms dt=    0.9ms tid=ThreadId(78) nfs_helper_stat_ok uri=nfs://DietPi.local/mnt/4TBP/Work/Arise2014/Video/DCIM/108D300S/DSC_2737.JPG size=659640
NETWORK t= 26287.1ms dt=    0.9ms tid=ThreadId(78) nfs_helper_stat_ok uri=nfs://DietPi.local/mnt/4TBP/Work/Arise2014/Video/DCIM/108D300S/DSC_2710.JPG size=358217
NETWORK t= 26287.9ms dt=    0.9ms tid=ThreadId(78) nfs_helper_stat_ok uri=nfs://DietPi.local/mnt/4TBP/Work/Arise2014/Video/DCIM/108D300S/DSC_2668.NEF size=11734850
NETWORK t= 26288.8ms dt=    0.8ms tid=ThreadId(78) nfs_helper_stat_ok uri=nfs://DietPi.local/mnt/4TBP/Work/Arise2014/Video/DCIM/108D300S/DSC_2720.JPG size=619715
NETWORK t= 26289.6ms dt=    0.8ms tid=ThreadId(78) nfs_helper_stat_ok uri=nfs://DietPi.local/mnt/4TBP/Work/Arise2014/Video/DCIM/108D300S/DSC_2642.JPG size=353523
NETWORK t= 26290.5ms dt=    0.9ms tid=ThreadId(78) nfs_helper_stat_ok uri=nfs://DietPi.local/mnt/4TBP/Work/Arise2014/Video/DCIM/108D300S/DSC_2708.JPG size=351331
NETWORK t= 26291.5ms dt=    0.9ms tid=ThreadId(78) nfs_helper_stat_ok uri=nfs://DietPi.local/mnt/4TBP/Work/Arise2014/Video/DCIM/108D300S/DSC_2733.JPG size=613798
NETWORK t= 26292.4ms dt=    0.9ms tid=ThreadId(78) nfs_helper_stat_ok uri=nfs://DietPi.local/mnt/4TBP/Work/Arise2014/Video/DCIM/108D300S/DSC_2691.JPG size=467715
NETWORK t= 26293.3ms dt=    0.9ms tid=ThreadId(78) nfs_helper_stat_ok uri=nfs://DietPi.local/mnt/4TBP/Work/Arise2014/Video/DCIM/108D300S/DSC_2730.JPG size=584011
NETWORK t= 26294.2ms dt=    0.9ms tid=ThreadId(78) nfs_helper_stat_ok uri=nfs://DietPi.local/mnt/4TBP/Work/Arise2014/Video/DCIM/108D300S/DSC_2676.NEF size=11706794
NETWORK t= 26295.1ms dt=    0.9ms tid=ThreadId(78) nfs_helper_stat_ok uri=nfs://DietPi.local/mnt/4TBP/Work/Arise2014/Video/DCIM/108D300S/DSC_2668.JPG size=395433
NETWORK t= 26295.9ms dt=    0.8ms tid=ThreadId(78) nfs_helper_stat_ok uri=nfs://DietPi.local/mnt/4TBP/Work/Arise2014/Video/DCIM/108D300S/DSC_2676.JPG size=526143
NETWORK t= 26296.8ms dt=    0.9ms tid=ThreadId(78) nfs_helper_stat_ok uri=nfs://DietPi.local/mnt/4TBP/Work/Arise2014/Video/DCIM/108D300S/DSC_2709.JPG size=423491
NETWORK t= 26297.6ms dt=    0.9ms tid=ThreadId(78) nfs_helper_stat_ok uri=nfs://DietPi.local/mnt/4TBP/Work/Arise2014/Video/DCIM/108D300S/DSC_2740.JPG size=615632
NETWORK t= 26298.7ms dt=    1.0ms tid=ThreadId(78) nfs_helper_stat_ok uri=nfs://DietPi.local/mnt/4TBP/Work/Arise2014/Video/DCIM/108D300S/DSC_2726.NEF size=12096198
NETWORK t= 26299.8ms dt=    1.1ms tid=ThreadId(78) nfs_helper_stat_ok uri=nfs://DietPi.local/mnt/4TBP/Work/Arise2014/Video/DCIM/108D300S/DSC_2679.JPG size=851175
NETWORK t= 26300.8ms dt=    1.0ms tid=ThreadId(78) nfs_helper_stat_ok uri=nfs://DietPi.local/mnt/4TBP/Work/Arise2014/Video/DCIM/108D300S/DSC_2710.NEF size=12003528
NETWORK t= 26301.7ms dt=    0.9ms tid=ThreadId(78) nfs_helper_stat_ok uri=nfs://DietPi.local/mnt/4TBP/Work/Arise2014/Video/DCIM/108D300S/DSC_2725.NEF size=12620180
NETWORK t= 26302.6ms dt=    0.9ms tid=ThreadId(78) nfs_helper_stat_ok uri=nfs://DietPi.local/mnt/4TBP/Work/Arise2014/Video/DCIM/108D300S/DSC_2737.NEF size=12069395
NETWORK t= 26303.5ms dt=    0.9ms tid=ThreadId(78) nfs_helper_stat_ok uri=nfs://DietPi.local/mnt/4TBP/Work/Arise2014/Video/DCIM/108D300S/DSC_2733.NEF size=11946922
NETWORK t= 26304.3ms dt=    0.9ms tid=ThreadId(78) nfs_helper_stat_ok uri=nfs://DietPi.local/mnt/4TBP/Work/Arise2014/Video/DCIM/108D300S/DSC_2713.NEF size=12127022
NETWORK t= 26305.2ms dt=    0.8ms tid=ThreadId(78) nfs_helper_stat_ok uri=nfs://DietPi.local/mnt/4TBP/Work/Arise2014/Video/DCIM/108D300S/DSC_2732.JPG size=543057
NETWORK t= 26306.0ms dt=    0.8ms tid=ThreadId(78) nfs_helper_stat_ok uri=nfs://DietPi.local/mnt/4TBP/Work/Arise2014/Video/DCIM/108D300S/DSC_2726.JPG size=655233
NETWORK t= 26306.9ms dt=    0.9ms tid=ThreadId(78) nfs_helper_stat_ok uri=nfs://DietPi.local/mnt/4TBP/Work/Arise2014/Video/DCIM/108D300S/DSC_2739.JPG size=525780
NETWORK t= 26307.8ms dt=    0.9ms tid=ThreadId(78) nfs_helper_stat_ok uri=nfs://DietPi.local/mnt/4TBP/Work/Arise2014/Video/DCIM/108D300S/DSC_2738.NEF size=11487781
NETWORK t= 26308.8ms dt=    1.0ms tid=ThreadId(78) nfs_helper_stat_ok uri=nfs://DietPi.local/mnt/4TBP/Work/Arise2014/Video/DCIM/108D300S/DSC_2671.NEF size=11597274
NETWORK t= 26309.7ms dt=    0.9ms tid=ThreadId(78) nfs_helper_stat_ok uri=nfs://DietPi.local/mnt/4TBP/Work/Arise2014/Video/DCIM/108D300S/DSC_2723.JPG size=559557
NETWORK t= 26310.6ms dt=    0.9ms tid=ThreadId(78) nfs_helper_stat_ok uri=nfs://DietPi.local/mnt/4TBP/Work/Arise2014/Video/DCIM/108D300S/DSC_2644.NEF size=12058993
NETWORK t= 26311.5ms dt=    0.9ms tid=ThreadId(78) nfs_helper_stat_ok uri=nfs://DietPi.local/mnt/4TBP/Work/Arise2014/Video/DCIM/108D300S/DSC_2727.JPG size=668476
NETWORK t= 26312.4ms dt=    0.8ms tid=ThreadId(78) nfs_helper_stat_ok uri=nfs://DietPi.local/mnt/4TBP/Work/Arise2014/Video/DCIM/108D300S/DSC_2674.NEF size=11759746
NETWORK t= 26313.3ms dt=    0.9ms tid=ThreadId(78) nfs_helper_stat_ok uri=nfs://DietPi.local/mnt/4TBP/Work/Arise2014/Video/DCIM/108D300S/DSC_2711.NEF size=12176062
NETWORK t= 26314.2ms dt=    0.9ms tid=ThreadId(78) nfs_helper_stat_ok uri=nfs://DietPi.local/mnt/4TBP/Work/Arise2014/Video/DCIM/108D300S/DSC_2627.NEF size=11924721
NETWORK t= 26315.2ms dt=    1.0ms tid=ThreadId(78) nfs_helper_stat_ok uri=nfs://DietPi.local/mnt/4TBP/Work/Arise2014/Video/DCIM/108D300S/DSC_2678.JPG size=914674
NETWORK t= 26316.1ms dt=    0.9ms tid=ThreadId(78) nfs_helper_stat_ok uri=nfs://DietPi.local/mnt/4TBP/Work/Arise2014/Video/DCIM/108D300S/DSC_2655.JPG size=394435
NETWORK t= 26317.1ms dt=    1.0ms tid=ThreadId(78) nfs_helper_stat_ok uri=nfs://DietPi.local/mnt/4TBP/Work/Arise2014/Video/DCIM/108D300S/DSC_2672.JPG size=399721
NETWORK t= 26318.0ms dt=    0.9ms tid=ThreadId(78) nfs_helper_stat_ok uri=nfs://DietPi.local/mnt/4TBP/Work/Arise2014/Video/DCIM/108D300S/DSC_2680.NEF size=12837306
NETWORK t= 26318.8ms dt=    0.8ms tid=ThreadId(78) nfs_helper_stat_ok uri=nfs://DietPi.local/mnt/4TBP/Work/Arise2014/Video/DCIM/108D300S/DSC_2681.NEF size=12958762
NETWORK t= 26319.6ms dt=    0.8ms tid=ThreadId(78) nfs_helper_stat_ok uri=nfs://DietPi.local/mnt/4TBP/Work/Arise2014/Video/DCIM/108D300S/DSC_2683.NEF size=13416450
NETWORK t= 26320.4ms dt=    0.8ms tid=ThreadId(78) nfs_helper_stat_ok uri=nfs://DietPi.local/mnt/4TBP/Work/Arise2014/Video/DCIM/108D300S/DSC_2709.NEF size=12251344
NETWORK t= 26321.2ms dt=    0.8ms tid=ThreadId(78) nfs_helper_stat_ok uri=nfs://DietPi.local/mnt/4TBP/Work/Arise2014/Video/DCIM/108D300S/DSC_2655.NEF size=12079532
NETWORK t= 26322.0ms dt=    0.8ms tid=ThreadId(78) nfs_helper_stat_ok uri=nfs://DietPi.local/mnt/4TBP/Work/Arise2014/Video/DCIM/108D300S/DSC_2716.NEF size=12100968
NETWORK t= 26322.9ms dt=    0.8ms tid=ThreadId(78) nfs_helper_stat_ok uri=nfs://DietPi.local/mnt/4TBP/Work/Arise2014/Video/DCIM/108D300S/DSC_2738.JPG size=514042
NETWORK t= 26323.7ms dt=    0.9ms tid=ThreadId(78) nfs_helper_stat_ok uri=nfs://DietPi.local/mnt/4TBP/Work/Arise2014/Video/DCIM/108D300S/DSC_2714.NEF size=12138131
NETWORK t= 26324.6ms dt=    0.9ms tid=ThreadId(78) nfs_helper_stat_ok uri=nfs://DietPi.local/mnt/4TBP/Work/Arise2014/Video/DCIM/108D300S/DSC_2728.NEF size=11462293
NETWORK t= 26325.5ms dt=    0.9ms tid=ThreadId(78) nfs_helper_stat_ok uri=nfs://DietPi.local/mnt/4TBP/Work/Arise2014/Video/DCIM/108D300S/DSC_2664.JPG size=413940
NETWORK t= 26326.4ms dt=    0.8ms tid=ThreadId(78) nfs_helper_stat_ok uri=nfs://DietPi.local/mnt/4TBP/Work/Arise2014/Video/DCIM/108D300S/DSC_2712.JPG size=374113
NETWORK t= 26327.3ms dt=    0.9ms tid=ThreadId(78) nfs_helper_stat_ok uri=nfs://DietPi.local/mnt/4TBP/Work/Arise2014/Video/DCIM/108D300S/DSC_2682.NEF size=12026545
NETWORK t= 26328.2ms dt=    0.9ms tid=ThreadId(78) nfs_helper_stat_ok uri=nfs://DietPi.local/mnt/4TBP/Work/Arise2014/Video/DCIM/108D300S/DSC_2675.NEF size=11676198
NETWORK t= 26329.0ms dt=    0.8ms tid=ThreadId(78) nfs_helper_stat_ok uri=nfs://DietPi.local/mnt/4TBP/Work/Arise2014/Video/DCIM/108D300S/DSC_2665.NEF size=12038713
NETWORK t= 26329.7ms dt=    0.8ms tid=ThreadId(78) nfs_helper_stat_ok uri=nfs://DietPi.local/mnt/4TBP/Work/Arise2014/Video/DCIM/108D300S/DSC_2669.JPG size=406921
NETWORK t= 26330.6ms dt=    0.9ms tid=ThreadId(78) nfs_helper_stat_ok uri=nfs://DietPi.local/mnt/4TBP/Work/Arise2014/Video/DCIM/108D300S/DSC_2642.NEF size=11708292
NETWORK t= 26331.5ms dt=    0.9ms tid=ThreadId(78) nfs_helper_stat_ok uri=nfs://DietPi.local/mnt/4TBP/Work/Arise2014/Video/DCIM/108D300S/DSC_2715.JPG size=404303
NETWORK t= 26332.3ms dt=    0.8ms tid=ThreadId(78) nfs_helper_stat_ok uri=nfs://DietPi.local/mnt/4TBP/Work/Arise2014/Video/DCIM/108D300S/DSC_2714.JPG size=411241
NETWORK t= 26333.1ms dt=    0.8ms tid=ThreadId(78) nfs_helper_stat_ok uri=nfs://DietPi.local/mnt/4TBP/Work/Arise2014/Video/DCIM/108D300S/DSC_2730.NEF size=11948737
NETWORK t= 26334.0ms dt=    0.9ms tid=ThreadId(78) nfs_helper_stat_ok uri=nfs://DietPi.local/mnt/4TBP/Work/Arise2014/Video/DCIM/108D300S/DSC_2720.NEF size=11920732
NETWORK t= 26334.8ms dt=    0.8ms tid=ThreadId(78) nfs_helper_stat_ok uri=nfs://DietPi.local/mnt/4TBP/Work/Arise2014/Video/DCIM/108D300S/DSC_2735.NEF size=11837995
NETWORK t= 26335.7ms dt=    0.9ms tid=ThreadId(78) nfs_helper_stat_ok uri=nfs://DietPi.local/mnt/4TBP/Work/Arise2014/Video/DCIM/108D300S/DSC_2627.JPG size=450200
NETWORK t= 26336.6ms dt=    0.9ms tid=ThreadId(78) nfs_helper_stat_ok uri=nfs://DietPi.local/mnt/4TBP/Work/Arise2014/Video/DCIM/108D300S/DSC_2727.NEF size=12127137
NETWORK t= 26337.4ms dt=    0.8ms tid=ThreadId(78) nfs_helper_stat_ok uri=nfs://DietPi.local/mnt/4TBP/Work/Arise2014/Video/DCIM/108D300S/DSC_2680.JPG size=764451
NETWORK t= 26338.3ms dt=    0.9ms tid=ThreadId(78) nfs_helper_stat_ok uri=nfs://DietPi.local/mnt/4TBP/Work/Arise2014/Video/DCIM/108D300S/DSC_2739.NEF size=11880125
NETWORK t= 26339.1ms dt=    0.8ms tid=ThreadId(78) nfs_helper_stat_ok uri=nfs://DietPi.local/mnt/4TBP/Work/Arise2014/Video/DCIM/108D300S/DSC_2729.NEF size=11950847
NETWORK t= 26339.9ms dt=    0.8ms tid=ThreadId(78) nfs_helper_stat_ok uri=nfs://DietPi.local/mnt/4TBP/Work/Arise2014/Video/DCIM/108D300S/DSC_2719.NEF size=11552631
NETWORK t= 26340.8ms dt=    0.9ms tid=ThreadId(78) nfs_helper_stat_ok uri=nfs://DietPi.local/mnt/4TBP/Work/Arise2014/Video/DCIM/108D300S/DSC_2736.NEF size=11804328
NETWORK t= 26341.6ms dt=    0.9ms tid=ThreadId(78) nfs_helper_stat_ok uri=nfs://DietPi.local/mnt/4TBP/Work/Arise2014/Video/DCIM/108D300S/DSC_2724.JPG size=562454
NETWORK t= 26342.6ms dt=    0.9ms tid=ThreadId(78) nfs_helper_stat_ok uri=nfs://DietPi.local/mnt/4TBP/Work/Arise2014/Video/DCIM/108D300S/DSC_2641.JPG size=300885
NETWORK t= 26343.4ms dt=    0.9ms tid=ThreadId(78) nfs_helper_stat_ok uri=nfs://DietPi.local/mnt/4TBP/Work/Arise2014/Video/DCIM/108D300S/DSC_2641.NEF size=11516895
NETWORK t= 26344.3ms dt=    0.9ms tid=ThreadId(78) nfs_helper_stat_ok uri=nfs://DietPi.local/mnt/4TBP/Work/Arise2014/Video/DCIM/108D300S/DSC_2670.JPG size=469800
NETWORK t= 26345.1ms dt=    0.8ms tid=ThreadId(78) nfs_helper_stat_ok uri=nfs://DietPi.local/mnt/4TBP/Work/Arise2014/Video/DCIM/108D300S/DSC_2630.NEF size=11833940
NETWORK t= 26346.0ms dt=    0.9ms tid=ThreadId(78) nfs_helper_stat_ok uri=nfs://DietPi.local/mnt/4TBP/Work/Arise2014/Video/DCIM/108D300S/DSC_2717.NEF size=12138828
NETWORK t= 26346.8ms dt=    0.8ms tid=ThreadId(78) nfs_helper_stat_ok uri=nfs://DietPi.local/mnt/4TBP/Work/Arise2014/Video/DCIM/108D300S/DSC_2708.NEF size=12027623
NETWORK t= 26347.6ms dt=    0.8ms tid=ThreadId(78) nfs_helper_stat_ok uri=nfs://DietPi.local/mnt/4TBP/Work/Arise2014/Video/DCIM/108D300S/DSC_2631.JPG size=366515
NETWORK t= 26348.4ms dt=    0.8ms tid=ThreadId(78) nfs_helper_stat_ok uri=nfs://DietPi.local/mnt/4TBP/Work/Arise2014/Video/DCIM/108D300S/DSC_2682.JPG size=576416
NETWORK t= 26349.4ms dt=    1.0ms tid=ThreadId(78) nfs_helper_stat_ok uri=nfs://DietPi.local/mnt/4TBP/Work/Arise2014/Video/DCIM/108D300S/DSC_2665.JPG size=355139
NETWORK t= 26350.3ms dt=    0.9ms tid=ThreadId(78) nfs_helper_stat_ok uri=nfs://DietPi.local/mnt/4TBP/Work/Arise2014/Video/DCIM/108D300S/DSC_2654.NEF size=12212145
NETWORK t= 26351.1ms dt=    0.9ms tid=ThreadId(78) nfs_helper_stat_ok uri=nfs://DietPi.local/mnt/4TBP/Work/Arise2014/Video/DCIM/108D300S/DSC_2728.JPG size=500701
NETWORK t= 26351.9ms dt=    0.8ms tid=ThreadId(78) nfs_helper_stat_ok uri=nfs://DietPi.local/mnt/4TBP/Work/Arise2014/Video/DCIM/108D300S/DSC_2644.JPG size=347035
NETWORK t= 26352.7ms dt=    0.8ms tid=ThreadId(78) nfs_helper_stat_ok uri=nfs://DietPi.local/mnt/4TBP/Work/Arise2014/Video/DCIM/108D300S/DSC_2673.NEF size=11718829
NETWORK t= 26353.5ms dt=    0.8ms tid=ThreadId(78) nfs_helper_stat_ok uri=nfs://DietPi.local/mnt/4TBP/Work/Arise2014/Video/DCIM/108D300S/DSC_2681.JPG size=869227
NETWORK t= 26354.3ms dt=    0.8ms tid=ThreadId(78) nfs_helper_stat_ok uri=nfs://DietPi.local/mnt/4TBP/Work/Arise2014/Video/DCIM/108D300S/DSC_2722.JPG size=628307
NETWORK t= 26355.1ms dt=    0.8ms tid=ThreadId(78) nfs_helper_list_ok uri=nfs://DietPi.local/mnt/4TBP/Work/Arise2014/Video/MP3/ count=2
NETWORK t= 26356.1ms dt=    1.0ms tid=ThreadId(78) nfs_helper_list_ok uri=nfs://DietPi.local/mnt/4TBP/Work/Arise2014/Forms/ count=5
NETWORK t= 26357.3ms dt=    1.2ms tid=ThreadId(78) nfs_helper_list_ok uri=nfs://DietPi.local/mnt/4TBP/Work/Arise2014/Arise%20PowerPoint/ count=21
NETWORK t= 26358.2ms dt=    0.9ms tid=ThreadId(78) nfs_helper_stat_ok uri=nfs://DietPi.local/mnt/4TBP/Work/Arise2014/Arise%20PowerPoint/Slide1.jpg size=601942
NETWORK t= 26359.1ms dt=    0.9ms tid=ThreadId(78) nfs_helper_stat_ok uri=nfs://DietPi.local/mnt/4TBP/Work/Arise2014/Arise%20PowerPoint/Slide9.jpg size=306094
NETWORK t= 26360.0ms dt=    0.9ms tid=ThreadId(78) nfs_helper_stat_ok uri=nfs://DietPi.local/mnt/4TBP/Work/Arise2014/Arise%20PowerPoint/Slide01.jpg size=459602
NETWORK t= 26360.9ms dt=    0.9ms tid=ThreadId(78) nfs_helper_stat_ok uri=nfs://DietPi.local/mnt/4TBP/Work/Arise2014/Arise%20PowerPoint/AriseLogoWomenSMallest.jpg size=119324
NETWORK t= 26361.7ms dt=    0.8ms tid=ThreadId(78) nfs_helper_stat_ok uri=nfs://DietPi.local/mnt/4TBP/Work/Arise2014/Arise%20PowerPoint/Slide21.jpg size=257635
NETWORK t= 26362.6ms dt=    0.9ms tid=ThreadId(78) nfs_helper_stat_ok uri=nfs://DietPi.local/mnt/4TBP/Work/Arise2014/Arise%20PowerPoint/Slide13.jpg size=324995
NETWORK t= 26363.4ms dt=    0.8ms tid=ThreadId(78) nfs_helper_stat_ok uri=nfs://DietPi.local/mnt/4TBP/Work/Arise2014/Arise%20PowerPoint/Slide4.jpg size=198461
NETWORK t= 26364.3ms dt=    0.9ms tid=ThreadId(78) nfs_helper_stat_ok uri=nfs://DietPi.local/mnt/4TBP/Work/Arise2014/Arise%20PowerPoint/Cap-2.jpg size=19734
NETWORK t= 26365.2ms dt=    0.9ms tid=ThreadId(78) nfs_helper_stat_ok uri=nfs://DietPi.local/mnt/4TBP/Work/Arise2014/Arise%20PowerPoint/Slide0.jpg size=109246
NETWORK t= 26366.2ms dt=    1.0ms tid=ThreadId(78) nfs_helper_stat_ok uri=nfs://DietPi.local/mnt/4TBP/Work/Arise2014/Arise%20PowerPoint/Slide6.jpg size=328372
NETWORK t= 26367.2ms dt=    1.0ms tid=ThreadId(78) nfs_helper_stat_ok uri=nfs://DietPi.local/mnt/4TBP/Work/Arise2014/Arise%20PowerPoint/Slide7.jpg size=400747
NETWORK t= 26368.1ms dt=    1.0ms tid=ThreadId(78) nfs_helper_stat_ok uri=nfs://DietPi.local/mnt/4TBP/Work/Arise2014/Arise%20PowerPoint/Slide2.jpg size=195799
NETWORK t= 26369.1ms dt=    1.0ms tid=ThreadId(78) nfs_helper_stat_ok uri=nfs://DietPi.local/mnt/4TBP/Work/Arise2014/Arise%20PowerPoint/Slide8.jpg size=235716
NETWORK t= 26370.0ms dt=    0.9ms tid=ThreadId(78) nfs_helper_stat_ok uri=nfs://DietPi.local/mnt/4TBP/Work/Arise2014/Arise%20PowerPoint/Slide12.jpg size=319281
NETWORK t= 26370.9ms dt=    0.9ms tid=ThreadId(78) nfs_helper_stat_ok uri=nfs://DietPi.local/mnt/4TBP/Work/Arise2014/Arise%20PowerPoint/Slide02.jpg size=340316
NETWORK t= 26371.8ms dt=    0.9ms tid=ThreadId(78) nfs_helper_stat_ok uri=nfs://DietPi.local/mnt/4TBP/Work/Arise2014/Arise%20PowerPoint/Slide5.jpg size=558381
NETWORK t= 26372.8ms dt=    1.0ms tid=ThreadId(78) nfs_helper_stat_ok uri=nfs://DietPi.local/mnt/4TBP/Work/Arise2014/Arise%20PowerPoint/Slide11.jpg size=305743
NETWORK t= 26373.7ms dt=    0.9ms tid=ThreadId(78) nfs_helper_stat_ok uri=nfs://DietPi.local/mnt/4TBP/Work/Arise2014/Arise%20PowerPoint/Slide22.jpg size=233843
NETWORK t= 26374.6ms dt=    0.9ms tid=ThreadId(78) nfs_helper_stat_ok uri=nfs://DietPi.local/mnt/4TBP/Work/Arise2014/Arise%20PowerPoint/Slide10.jpg size=411949
NETWORK t= 26375.5ms dt=    0.9ms tid=ThreadId(78) nfs_helper_stat_ok uri=nfs://DietPi.local/mnt/4TBP/Work/Arise2014/Arise%20PowerPoint/Slide3.jpg size=352055
NETWORK t= 26376.3ms dt=    0.9ms tid=ThreadId(78) nfs_helper_stat_ok uri=nfs://DietPi.local/mnt/4TBP/Work/Arise2014/Arise%20PowerPoint/T-Shirt-2.jpg size=36180
NETWORK t= 26377.2ms dt=    0.9ms tid=ThreadId(78) nfs_helper_stat_ok uri=nfs://DietPi.local/mnt/4TBP/Work/Arise2014 size=12288
NETWORK t= 26520.5ms dt=  143.3ms tid=ThreadId(78) read_start uri=nfs://DietPi.local/mnt/4TBP/Work/Arise2014/The-vintage-letter-wallpaper-with-words-classic-design-combined-by-long-wood-bench-black-fur-rug-black-ceramic-floor..jpg
NETWORK t= 26600.5ms dt=   80.0ms tid=ThreadId(78) nfs_helper_read_ok uri=nfs://DietPi.local/mnt/4TBP/Work/Arise2014/The-vintage-letter-wallpaper-with-words-classic-design-combined-by-long-wood-bench-black-fur-rug-black-ceramic-floor..jpg bytes=137175
NETWORK t= 26600.5ms dt=    0.0ms tid=ThreadId(78) read_done uri=nfs://DietPi.local/mnt/4TBP/Work/Arise2014/The-vintage-letter-wallpaper-with-words-classic-design-combined-by-long-wood-bench-black-fur-rug-black-ceramic-floor..jpg bytes=137175 ms=80.0
NETWORK t= 26601.4ms dt=    0.8ms tid=ThreadId(78) read_start uri=nfs://DietPi.local/mnt/4TBP/Work/Arise2014/T-Shirt.jpg
NETWORK t= 26619.2ms dt=   17.8ms tid=ThreadId(78) nfs_helper_read_ok uri=nfs://DietPi.local/mnt/4TBP/Work/Arise2014/T-Shirt.jpg bytes=35895
NETWORK t= 26619.2ms dt=    0.0ms tid=ThreadId(78) read_done uri=nfs://DietPi.local/mnt/4TBP/Work/Arise2014/T-Shirt.jpg bytes=35895 ms=17.8
NETWORK t= 26619.8ms dt=    0.6ms tid=ThreadId(78) read_start uri=nfs://DietPi.local/mnt/4TBP/Work/Arise2014/Arise-Logo1-4.jpg
NETWORK t= 26634.9ms dt=   15.1ms tid=ThreadId(78) nfs_helper_read_ok uri=nfs://DietPi.local/mnt/4TBP/Work/Arise2014/Arise-Logo1-4.jpg bytes=60996
NETWORK t= 26634.9ms dt=    0.0ms tid=ThreadId(78) read_done uri=nfs://DietPi.local/mnt/4TBP/Work/Arise2014/Arise-Logo1-4.jpg bytes=60996 ms=15.1
NETWORK t= 26635.5ms dt=    0.5ms tid=ThreadId(78) read_start uri=nfs://DietPi.local/mnt/4TBP/Work/Arise2014/327285_slova_bukvy_nadpis_fon_1920x1200_(www.GdeFon.ru).jpg
NETWORK t= 26656.4ms dt=   20.9ms tid=ThreadId(78) nfs_helper_read_ok uri=nfs://DietPi.local/mnt/4TBP/Work/Arise2014/327285_slova_bukvy_nadpis_fon_1920x1200_(www.GdeFon.ru).jpg bytes=494944
NETWORK t= 26656.4ms dt=    0.0ms tid=ThreadId(78) read_done uri=nfs://DietPi.local/mnt/4TBP/Work/Arise2014/327285_slova_bukvy_nadpis_fon_1920x1200_(www.GdeFon.ru).jpg bytes=494944 ms=20.9
NETWORK t= 26657.0ms dt=    0.7ms tid=ThreadId(78) read_start uri=nfs://DietPi.local/mnt/4TBP/Work/Arise2014/Logo-PNG.png
NETWORK t= 26683.7ms dt=   26.6ms tid=ThreadId(78) nfs_helper_read_ok uri=nfs://DietPi.local/mnt/4TBP/Work/Arise2014/Logo-PNG.png bytes=252995
NETWORK t= 26683.7ms dt=    0.0ms tid=ThreadId(78) read_done uri=nfs://DietPi.local/mnt/4TBP/Work/Arise2014/Logo-PNG.png bytes=252995 ms=26.6
NETWORK t= 26684.4ms dt=    0.7ms tid=ThreadId(78) read_start uri=nfs://DietPi.local/mnt/4TBP/Work/Arise2014/Arise-Logo4-1.jpg
NETWORK t= 26704.6ms dt=   20.2ms tid=ThreadId(78) nfs_helper_read_ok uri=nfs://DietPi.local/mnt/4TBP/Work/Arise2014/Arise-Logo4-1.jpg bytes=42417
NETWORK t= 26704.6ms dt=    0.0ms tid=ThreadId(78) read_done uri=nfs://DietPi.local/mnt/4TBP/Work/Arise2014/Arise-Logo4-1.jpg bytes=42417 ms=20.2
NETWORK t= 26705.2ms dt=    0.6ms tid=ThreadId(78) read_start uri=nfs://DietPi.local/mnt/4TBP/Work/Arise2014/img_mouseover3.jpg
NETWORK t= 26715.4ms dt=   10.2ms tid=ThreadId(78) nfs_helper_read_ok uri=nfs://DietPi.local/mnt/4TBP/Work/Arise2014/img_mouseover3.jpg bytes=11503
NETWORK t= 26715.4ms dt=    0.0ms tid=ThreadId(78) read_done uri=nfs://DietPi.local/mnt/4TBP/Work/Arise2014/img_mouseover3.jpg bytes=11503 ms=10.2
NETWORK t= 26716.0ms dt=    0.6ms tid=ThreadId(78) read_start uri=nfs://DietPi.local/mnt/4TBP/Work/Arise2014/Arise-Logo1-6.jpg
NETWORK t= 26720.0ms dt=    3.9ms tid=ThreadId(78) nfs_helper_read_ok uri=nfs://DietPi.local/mnt/4TBP/Work/Arise2014/Arise-Logo1-6.jpg bytes=33494
NETWORK t= 26720.0ms dt=    0.0ms tid=ThreadId(78) read_done uri=nfs://DietPi.local/mnt/4TBP/Work/Arise2014/Arise-Logo1-6.jpg bytes=33494 ms=3.9
NETWORK t= 26720.5ms dt=    0.5ms tid=ThreadId(78) read_start uri=nfs://DietPi.local/mnt/4TBP/Work/Arise2014/img_large_watermarked.jpg
NETWORK t= 26723.9ms dt=    3.4ms tid=ThreadId(78) nfs_helper_read_ok uri=nfs://DietPi.local/mnt/4TBP/Work/Arise2014/img_large_watermarked.jpg bytes=11738
NETWORK t= 26723.9ms dt=    0.0ms tid=ThreadId(78) read_done uri=nfs://DietPi.local/mnt/4TBP/Work/Arise2014/img_large_watermarked.jpg bytes=11738 ms=3.4
NETWORK t= 26724.7ms dt=    0.8ms tid=ThreadId(78) read_start uri=nfs://DietPi.local/mnt/4TBP/Work/Arise2014/AriseLogoConcept1-2.jpg
NETWORK t= 26728.4ms dt=    3.8ms tid=ThreadId(78) nfs_helper_read_ok uri=nfs://DietPi.local/mnt/4TBP/Work/Arise2014/AriseLogoConcept1-2.jpg bytes=14217
NETWORK t= 26728.5ms dt=    0.0ms tid=ThreadId(78) read_done uri=nfs://DietPi.local/mnt/4TBP/Work/Arise2014/AriseLogoConcept1-2.jpg bytes=14217 ms=3.8
NETWORK t= 26729.0ms dt=    0.5ms tid=ThreadId(78) read_start uri=nfs://DietPi.local/mnt/4TBP/Work/Arise2014/images.jpg
NETWORK t= 26743.4ms dt=   14.4ms tid=ThreadId(78) nfs_helper_read_ok uri=nfs://DietPi.local/mnt/4TBP/Work/Arise2014/images.jpg bytes=4735
NETWORK t= 26743.4ms dt=    0.0ms tid=ThreadId(78) read_done uri=nfs://DietPi.local/mnt/4TBP/Work/Arise2014/images.jpg bytes=4735 ms=14.4
NETWORK t= 26744.0ms dt=    0.5ms tid=ThreadId(78) read_start uri=nfs://DietPi.local/mnt/4TBP/Work/Arise2014/08_Car_Branding_Mockup_03.jpg
NETWORK t= 26748.2ms dt=    4.2ms tid=ThreadId(78) nfs_helper_read_ok uri=nfs://DietPi.local/mnt/4TBP/Work/Arise2014/08_Car_Branding_Mockup_03.jpg bytes=36771
NETWORK t= 26748.2ms dt=    0.0ms tid=ThreadId(78) read_done uri=nfs://DietPi.local/mnt/4TBP/Work/Arise2014/08_Car_Branding_Mockup_03.jpg bytes=36771 ms=4.2
NETWORK t= 26748.8ms dt=    0.6ms tid=ThreadId(78) read_start uri=nfs://DietPi.local/mnt/4TBP/Work/Arise2014/DSC_2632.png
NETWORK t= 26765.9ms dt=   17.1ms tid=ThreadId(78) nfs_helper_read_ok uri=nfs://DietPi.local/mnt/4TBP/Work/Arise2014/DSC_2632.png bytes=46119
NETWORK t= 26765.9ms dt=    0.0ms tid=ThreadId(78) read_done uri=nfs://DietPi.local/mnt/4TBP/Work/Arise2014/DSC_2632.png bytes=46119 ms=17.1
NETWORK t= 26766.5ms dt=    0.6ms tid=ThreadId(78) read_start uri=nfs://DietPi.local/mnt/4TBP/Work/Arise2014/Arise-Logo4-1-4.jpg
NETWORK t= 26786.1ms dt=   19.6ms tid=ThreadId(78) nfs_helper_read_ok uri=nfs://DietPi.local/mnt/4TBP/Work/Arise2014/Arise-Logo4-1-4.jpg bytes=66972
NETWORK t= 26786.1ms dt=    0.0ms tid=ThreadId(78) read_done uri=nfs://DietPi.local/mnt/4TBP/Work/Arise2014/Arise-Logo4-1-4.jpg bytes=66972 ms=19.6
NETWORK t= 26786.7ms dt=    0.5ms tid=ThreadId(78) read_start uri=nfs://DietPi.local/mnt/4TBP/Work/Arise2014/Young-WOmen2.png
NETWORK t= 26824.7ms dt=   38.0ms tid=ThreadId(78) nfs_helper_read_ok uri=nfs://DietPi.local/mnt/4TBP/Work/Arise2014/Young-WOmen2.png bytes=517338
NETWORK t= 26824.7ms dt=    0.0ms tid=ThreadId(78) read_done uri=nfs://DietPi.local/mnt/4TBP/Work/Arise2014/Young-WOmen2.png bytes=517338 ms=38.0
NETWORK t= 26825.4ms dt=    0.6ms tid=ThreadId(78) read_start uri=nfs://DietPi.local/mnt/4TBP/Work/Arise2014/Arise-Logo4-1-c222.jpg
NETWORK t= 26840.0ms dt=   14.7ms tid=ThreadId(78) nfs_helper_read_ok uri=nfs://DietPi.local/mnt/4TBP/Work/Arise2014/Arise-Logo4-1-c222.jpg bytes=100221
NETWORK t= 26840.1ms dt=    0.0ms tid=ThreadId(78) read_done uri=nfs://DietPi.local/mnt/4TBP/Work/Arise2014/Arise-Logo4-1-c222.jpg bytes=100221 ms=14.7
NETWORK t= 26840.7ms dt=    0.6ms tid=ThreadId(78) read_start uri=nfs://DietPi.local/mnt/4TBP/Work/Arise2014/73ddc98fa43f6b4dcfcb74f4ec4c0de8.png
NETWORK t= 26860.9ms dt=   20.3ms tid=ThreadId(78) nfs_helper_read_ok uri=nfs://DietPi.local/mnt/4TBP/Work/Arise2014/73ddc98fa43f6b4dcfcb74f4ec4c0de8.png bytes=116606
NETWORK t= 26860.9ms dt=    0.0ms tid=ThreadId(78) read_done uri=nfs://DietPi.local/mnt/4TBP/Work/Arise2014/73ddc98fa43f6b4dcfcb74f4ec4c0de8.png bytes=116606 ms=20.3
NETWORK t= 26861.5ms dt=    0.6ms tid=ThreadId(78) read_start uri=nfs://DietPi.local/mnt/4TBP/Work/Arise2014/Arise-Logo4-1-C.jpg
NETWORK t= 26879.8ms dt=   18.3ms tid=ThreadId(78) nfs_helper_read_ok uri=nfs://DietPi.local/mnt/4TBP/Work/Arise2014/Arise-Logo4-1-C.jpg bytes=87482
NETWORK t= 26879.8ms dt=    0.0ms tid=ThreadId(78) read_done uri=nfs://DietPi.local/mnt/4TBP/Work/Arise2014/Arise-Logo4-1-C.jpg bytes=87482 ms=18.3
NETWORK t= 26880.4ms dt=    0.6ms tid=ThreadId(78) read_start uri=nfs://DietPi.local/mnt/4TBP/Work/Arise2014/Wallpaper-PC-1366x768-Grey.jpg
NETWORK t= 26894.6ms dt=   14.1ms tid=ThreadId(78) nfs_helper_read_ok uri=nfs://DietPi.local/mnt/4TBP/Work/Arise2014/Wallpaper-PC-1366x768-Grey.jpg bytes=171696
NETWORK t= 26894.6ms dt=    0.0ms tid=ThreadId(78) read_done uri=nfs://DietPi.local/mnt/4TBP/Work/Arise2014/Wallpaper-PC-1366x768-Grey.jpg bytes=171696 ms=14.1
NETWORK t= 26895.1ms dt=    0.5ms tid=ThreadId(78) read_start uri=nfs://DietPi.local/mnt/4TBP/Work/Arise2014/Banners.jpg
NETWORK t= 26910.0ms dt=   14.9ms tid=ThreadId(78) nfs_helper_read_ok uri=nfs://DietPi.local/mnt/4TBP/Work/Arise2014/Banners.jpg bytes=67348
NETWORK t= 26910.1ms dt=    0.0ms tid=ThreadId(78) read_done uri=nfs://DietPi.local/mnt/4TBP/Work/Arise2014/Banners.jpg bytes=67348 ms=14.9
NETWORK t= 26910.6ms dt=    0.5ms tid=ThreadId(78) read_start uri=nfs://DietPi.local/mnt/4TBP/Work/Arise2014/Arise-Logo4-1-3.jpg
NETWORK t= 26920.1ms dt=    9.6ms tid=ThreadId(78) nfs_helper_read_ok uri=nfs://DietPi.local/mnt/4TBP/Work/Arise2014/Arise-Logo4-1-3.jpg bytes=73698
NETWORK t= 26920.2ms dt=    0.0ms tid=ThreadId(78) read_done uri=nfs://DietPi.local/mnt/4TBP/Work/Arise2014/Arise-Logo4-1-3.jpg bytes=73698 ms=9.6
NETWORK t= 26920.7ms dt=    0.5ms tid=ThreadId(78) read_start uri=nfs://DietPi.local/mnt/4TBP/Work/Arise2014/AriseTypeBack6.jpg
NETWORK t= 26935.9ms dt=   15.2ms tid=ThreadId(78) nfs_helper_read_ok uri=nfs://DietPi.local/mnt/4TBP/Work/Arise2014/AriseTypeBack6.jpg bytes=203578
NETWORK t= 26935.9ms dt=    0.0ms tid=ThreadId(78) read_done uri=nfs://DietPi.local/mnt/4TBP/Work/Arise2014/AriseTypeBack6.jpg bytes=203578 ms=15.2
NETWORK t= 26936.6ms dt=    0.7ms tid=ThreadId(78) read_start uri=nfs://DietPi.local/mnt/4TBP/Work/Arise2014/Arise-Logo4-1-c221.jpg
NETWORK t= 26945.4ms dt=    8.8ms tid=ThreadId(78) nfs_helper_read_ok uri=nfs://DietPi.local/mnt/4TBP/Work/Arise2014/Arise-Logo4-1-c221.jpg bytes=98190
NETWORK t= 26945.4ms dt=    0.0ms tid=ThreadId(78) read_done uri=nfs://DietPi.local/mnt/4TBP/Work/Arise2014/Arise-Logo4-1-c221.jpg bytes=98190 ms=8.8
NETWORK t= 26945.9ms dt=    0.5ms tid=ThreadId(78) read_start uri=nfs://DietPi.local/mnt/4TBP/Work/Arise2014/Arise-Logo4-1-c2222222.jpg
NETWORK t= 26963.2ms dt=   17.3ms tid=ThreadId(78) nfs_helper_read_ok uri=nfs://DietPi.local/mnt/4TBP/Work/Arise2014/Arise-Logo4-1-c2222222.jpg bytes=114610
NETWORK t= 26963.2ms dt=    0.0ms tid=ThreadId(78) read_done uri=nfs://DietPi.local/mnt/4TBP/Work/Arise2014/Arise-Logo4-1-c2222222.jpg bytes=114610 ms=17.3
NETWORK t= 26963.8ms dt=    0.6ms tid=ThreadId(78) read_start uri=nfs://DietPi.local/mnt/4TBP/Work/Arise2014/Arise-Logo4-1-c222222.jpg
NETWORK t= 26975.0ms dt=   11.2ms tid=ThreadId(78) nfs_helper_read_ok uri=nfs://DietPi.local/mnt/4TBP/Work/Arise2014/Arise-Logo4-1-c222222.jpg bytes=249828
NETWORK t= 26975.0ms dt=    0.0ms tid=ThreadId(78) read_done uri=nfs://DietPi.local/mnt/4TBP/Work/Arise2014/Arise-Logo4-1-c222222.jpg bytes=249828 ms=11.2
NETWORK t= 26975.6ms dt=    0.6ms tid=ThreadId(78) read_start uri=nfs://DietPi.local/mnt/4TBP/Work/Arise2014/Arise-Logo1-6-1.jpg
NETWORK t= 26979.9ms dt=    4.3ms tid=ThreadId(78) nfs_helper_read_ok uri=nfs://DietPi.local/mnt/4TBP/Work/Arise2014/Arise-Logo1-6-1.jpg bytes=36562
NETWORK t= 26979.9ms dt=    0.0ms tid=ThreadId(78) read_done uri=nfs://DietPi.local/mnt/4TBP/Work/Arise2014/Arise-Logo1-6-1.jpg bytes=36562 ms=4.3
NETWORK t= 26980.4ms dt=    0.6ms tid=ThreadId(78) read_start uri=nfs://DietPi.local/mnt/4TBP/Work/Arise2014/ARise-VIdeo.png
NETWORK t= 27011.0ms dt=   30.5ms tid=ThreadId(78) nfs_helper_read_ok uri=nfs://DietPi.local/mnt/4TBP/Work/Arise2014/ARise-VIdeo.png bytes=422373
NETWORK t= 27011.0ms dt=    0.0ms tid=ThreadId(78) read_done uri=nfs://DietPi.local/mnt/4TBP/Work/Arise2014/ARise-VIdeo.png bytes=422373 ms=30.5
NETWORK t= 27011.6ms dt=    0.6ms tid=ThreadId(78) read_start uri=nfs://DietPi.local/mnt/4TBP/Work/Arise2014/Wallpaper-iPhone-1136-640-BlueG.jpg
NETWORK t= 27032.7ms dt=   21.1ms tid=ThreadId(78) nfs_helper_read_ok uri=nfs://DietPi.local/mnt/4TBP/Work/Arise2014/Wallpaper-iPhone-1136-640-BlueG.jpg bytes=95633
NETWORK t= 27032.7ms dt=    0.0ms tid=ThreadId(78) read_done uri=nfs://DietPi.local/mnt/4TBP/Work/Arise2014/Wallpaper-iPhone-1136-640-BlueG.jpg bytes=95633 ms=21.1
NETWORK t= 27033.2ms dt=    0.6ms tid=ThreadId(78) read_start uri=nfs://DietPi.local/mnt/4TBP/Work/Arise2014/Aqua_Divas_by_misscam_ftw.jpg
NETWORK t= 27051.1ms dt=   17.9ms tid=ThreadId(78) nfs_helper_read_ok uri=nfs://DietPi.local/mnt/4TBP/Work/Arise2014/Aqua_Divas_by_misscam_ftw.jpg bytes=220996
NETWORK t= 27051.1ms dt=    0.0ms tid=ThreadId(78) read_done uri=nfs://DietPi.local/mnt/4TBP/Work/Arise2014/Aqua_Divas_by_misscam_ftw.jpg bytes=220996 ms=17.9
NETWORK t= 27051.7ms dt=    0.6ms tid=ThreadId(78) read_start uri=nfs://DietPi.local/mnt/4TBP/Work/Arise2014/Arise-Logo4-1-1.jpg
NETWORK t= 27063.0ms dt=   11.3ms tid=ThreadId(78) nfs_helper_read_ok uri=nfs://DietPi.local/mnt/4TBP/Work/Arise2014/Arise-Logo4-1-1.jpg bytes=40030
NETWORK t= 27063.0ms dt=    0.0ms tid=ThreadId(78) read_done uri=nfs://DietPi.local/mnt/4TBP/Work/Arise2014/Arise-Logo4-1-1.jpg bytes=40030 ms=11.3
NETWORK t= 27063.5ms dt=    0.5ms tid=ThreadId(78) read_start uri=nfs://DietPi.local/mnt/4TBP/Work/Arise2014/AriseLogoConcept1.jpg
NETWORK t= 27068.5ms dt=    4.9ms tid=ThreadId(78) nfs_helper_read_ok uri=nfs://DietPi.local/mnt/4TBP/Work/Arise2014/AriseLogoConcept1.jpg bytes=96471
NETWORK t= 27068.5ms dt=    0.0ms tid=ThreadId(78) read_done uri=nfs://DietPi.local/mnt/4TBP/Work/Arise2014/AriseLogoConcept1.jpg bytes=96471 ms=5.0
NETWORK t= 27069.1ms dt=    0.5ms tid=ThreadId(78) read_start uri=nfs://DietPi.local/mnt/4TBP/Work/Arise2014/The-female-models-blank-trend-short-sleeved-t-shirt-template-GoMedia-produced-psd-layered-material-8-47186.jpg
NETWORK t= 27072.5ms dt=    3.5ms tid=ThreadId(78) nfs_helper_read_ok uri=nfs://DietPi.local/mnt/4TBP/Work/Arise2014/The-female-models-blank-trend-short-sleeved-t-shirt-template-GoMedia-produced-psd-layered-material-8-47186.jpg bytes=23139
NETWORK t= 27072.6ms dt=    0.0ms tid=ThreadId(78) read_done uri=nfs://DietPi.local/mnt/4TBP/Work/Arise2014/The-female-models-blank-trend-short-sleeved-t-shirt-template-GoMedia-produced-psd-layered-material-8-47186.jpg bytes=23139 ms=3.5
NETWORK t= 27073.1ms dt=    0.5ms tid=ThreadId(78) read_start uri=nfs://DietPi.local/mnt/4TBP/Work/Arise2014/stock-vector-hands-praying-vector-illustration-133680245.jpg
NETWORK t= 27076.7ms dt=    3.6ms tid=ThreadId(78) nfs_helper_read_ok uri=nfs://DietPi.local/mnt/4TBP/Work/Arise2014/stock-vector-hands-praying-vector-illustration-133680245.jpg bytes=15503
NETWORK t= 27076.7ms dt=    0.0ms tid=ThreadId(78) read_done uri=nfs://DietPi.local/mnt/4TBP/Work/Arise2014/stock-vector-hands-praying-vector-illustration-133680245.jpg bytes=15503 ms=3.6
NETWORK t= 27077.2ms dt=    0.5ms tid=ThreadId(78) read_start uri=nfs://DietPi.local/mnt/4TBP/Work/Arise2014/Cap.jpg
NETWORK t= 27080.5ms dt=    3.3ms tid=ThreadId(78) nfs_helper_read_ok uri=nfs://DietPi.local/mnt/4TBP/Work/Arise2014/Cap.jpg bytes=18474
NETWORK t= 27080.6ms dt=    0.0ms tid=ThreadId(78) read_done uri=nfs://DietPi.local/mnt/4TBP/Work/Arise2014/Cap.jpg bytes=18474 ms=3.3
NETWORK t= 27081.1ms dt=    0.5ms tid=ThreadId(78) read_start uri=nfs://DietPi.local/mnt/4TBP/Work/Arise2014/proverbs.png
NETWORK t= 27084.9ms dt=    3.8ms tid=ThreadId(78) nfs_helper_read_ok uri=nfs://DietPi.local/mnt/4TBP/Work/Arise2014/proverbs.png bytes=42788
NETWORK t= 27084.9ms dt=    0.0ms tid=ThreadId(78) read_done uri=nfs://DietPi.local/mnt/4TBP/Work/Arise2014/proverbs.png bytes=42788 ms=3.8
NETWORK t= 27085.4ms dt=    0.5ms tid=ThreadId(78) read_start uri=nfs://DietPi.local/mnt/4TBP/Work/Arise2014/New-Setra-2013-upout%C3%A1vka_ENG.png
NETWORK t= 27091.0ms dt=    5.6ms tid=ThreadId(78) nfs_helper_read_ok uri=nfs://DietPi.local/mnt/4TBP/Work/Arise2014/New-Setra-2013-upout%C3%A1vka_ENG.png bytes=137142
NETWORK t= 27091.0ms dt=    0.0ms tid=ThreadId(78) read_done uri=nfs://DietPi.local/mnt/4TBP/Work/Arise2014/New-Setra-2013-upout%C3%A1vka_ENG.png bytes=137142 ms=5.6
NETWORK t= 27091.6ms dt=    0.6ms tid=ThreadId(78) read_start uri=nfs://DietPi.local/mnt/4TBP/Work/Arise2014/woman-hands-prayer-29670049.jpg
NETWORK t= 27095.2ms dt=    3.6ms tid=ThreadId(78) nfs_helper_read_ok uri=nfs://DietPi.local/mnt/4TBP/Work/Arise2014/woman-hands-prayer-29670049.jpg bytes=12864
NETWORK t= 27095.2ms dt=    0.0ms tid=ThreadId(78) read_done uri=nfs://DietPi.local/mnt/4TBP/Work/Arise2014/woman-hands-prayer-29670049.jpg bytes=12864 ms=3.6
NETWORK t= 27095.8ms dt=    0.6ms tid=ThreadId(78) read_start uri=nfs://DietPi.local/mnt/4TBP/Work/Arise2014/Words.jpg
NETWORK t= 27100.8ms dt=    5.0ms tid=ThreadId(78) nfs_helper_read_ok uri=nfs://DietPi.local/mnt/4TBP/Work/Arise2014/Words.jpg bytes=122048
NETWORK t= 27100.9ms dt=    0.0ms tid=ThreadId(78) read_done uri=nfs://DietPi.local/mnt/4TBP/Work/Arise2014/Words.jpg bytes=122048 ms=5.0
NETWORK t= 27101.4ms dt=    0.6ms tid=ThreadId(78) read_start uri=nfs://DietPi.local/mnt/4TBP/Work/Arise2014/Wallpapers-Karin.jpg
NETWORK t= 27106.6ms dt=    5.2ms tid=ThreadId(78) nfs_helper_read_ok uri=nfs://DietPi.local/mnt/4TBP/Work/Arise2014/Wallpapers-Karin.jpg bytes=127702
NETWORK t= 27106.6ms dt=    0.0ms tid=ThreadId(78) read_done uri=nfs://DietPi.local/mnt/4TBP/Work/Arise2014/Wallpapers-Karin.jpg bytes=127702 ms=5.2
NETWORK t= 27107.2ms dt=    0.6ms tid=ThreadId(78) read_start uri=nfs://DietPi.local/mnt/4TBP/Work/Arise2014/da257209d36aef4eee976c3f3bc52760.jpg
NETWORK t= 27113.8ms dt=    6.6ms tid=ThreadId(78) nfs_helper_read_ok uri=nfs://DietPi.local/mnt/4TBP/Work/Arise2014/da257209d36aef4eee976c3f3bc52760.jpg bytes=194738
NETWORK t= 27113.8ms dt=    0.0ms tid=ThreadId(78) read_done uri=nfs://DietPi.local/mnt/4TBP/Work/Arise2014/da257209d36aef4eee976c3f3bc52760.jpg bytes=194738 ms=6.6
NETWORK t= 27114.4ms dt=    0.6ms tid=ThreadId(78) read_start uri=nfs://DietPi.local/mnt/4TBP/Work/Arise2014/Arise-Logo45.jpg
NETWORK t= 27137.7ms dt=   23.3ms tid=ThreadId(78) nfs_helper_read_ok uri=nfs://DietPi.local/mnt/4TBP/Work/Arise2014/Arise-Logo45.jpg bytes=176884
NETWORK t= 27137.8ms dt=    0.0ms tid=ThreadId(78) read_done uri=nfs://DietPi.local/mnt/4TBP/Work/Arise2014/Arise-Logo45.jpg bytes=176884 ms=23.3
NETWORK t= 27138.4ms dt=    0.6ms tid=ThreadId(78) read_start uri=nfs://DietPi.local/mnt/4TBP/Work/Arise2014/054251e38132b91fbe749759f9a62949.jpg
NETWORK t= 27151.9ms dt=   13.5ms tid=ThreadId(78) nfs_helper_read_ok uri=nfs://DietPi.local/mnt/4TBP/Work/Arise2014/054251e38132b91fbe749759f9a62949.jpg bytes=9502
NETWORK t= 27151.9ms dt=    0.0ms tid=ThreadId(78) read_done uri=nfs://DietPi.local/mnt/4TBP/Work/Arise2014/054251e38132b91fbe749759f9a62949.jpg bytes=9502 ms=13.5
NETWORK t= 27152.5ms dt=    0.6ms tid=ThreadId(78) read_start uri=nfs://DietPi.local/mnt/4TBP/Work/Arise2014/Wallpaper-PC-1366x768-Blue.jpg
NETWORK t= 27174.7ms dt=   22.3ms tid=ThreadId(78) nfs_helper_read_ok uri=nfs://DietPi.local/mnt/4TBP/Work/Arise2014/Wallpaper-PC-1366x768-Blue.jpg bytes=181602
NETWORK t= 27174.8ms dt=    0.0ms tid=ThreadId(78) read_done uri=nfs://DietPi.local/mnt/4TBP/Work/Arise2014/Wallpaper-PC-1366x768-Blue.jpg bytes=181602 ms=22.3
NETWORK t= 27175.5ms dt=    0.7ms tid=ThreadId(78) read_start uri=nfs://DietPi.local/mnt/4TBP/Work/Arise2014/slide-1-1024.jpg
NETWORK t= 27193.9ms dt=   18.4ms tid=ThreadId(78) nfs_helper_read_ok uri=nfs://DietPi.local/mnt/4TBP/Work/Arise2014/slide-1-1024.jpg bytes=135408
NETWORK t= 27193.9ms dt=    0.0ms tid=ThreadId(78) read_done uri=nfs://DietPi.local/mnt/4TBP/Work/Arise2014/slide-1-1024.jpg bytes=135408 ms=18.4
NETWORK t= 27194.5ms dt=    0.6ms tid=ThreadId(78) read_start uri=nfs://DietPi.local/mnt/4TBP/Work/Arise2014/kARIN-SINGLE.png
NETWORK t= 27260.4ms dt=   65.8ms tid=ThreadId(78) nfs_helper_read_ok uri=nfs://DietPi.local/mnt/4TBP/Work/Arise2014/kARIN-SINGLE.png bytes=2558858
NETWORK t= 27260.4ms dt=    0.0ms tid=ThreadId(78) read_done uri=nfs://DietPi.local/mnt/4TBP/Work/Arise2014/kARIN-SINGLE.png bytes=2558858 ms=65.8
NETWORK t= 27261.3ms dt=    0.9ms tid=ThreadId(78) read_start uri=nfs://DietPi.local/mnt/4TBP/Work/Arise2014/Wallpaper_Arise-Janike.jpg
NETWORK t= 27282.7ms dt=   21.5ms tid=ThreadId(78) nfs_helper_read_ok uri=nfs://DietPi.local/mnt/4TBP/Work/Arise2014/Wallpaper_Arise-Janike.jpg bytes=77724
NETWORK t= 27282.8ms dt=    0.0ms tid=ThreadId(78) read_done uri=nfs://DietPi.local/mnt/4TBP/Work/Arise2014/Wallpaper_Arise-Janike.jpg bytes=77724 ms=21.5
NETWORK t= 27283.3ms dt=    0.6ms tid=ThreadId(78) read_start uri=nfs://DietPi.local/mnt/4TBP/Work/Arise2014/Car-Branding.jpg
NETWORK t= 27287.9ms dt=    4.6ms tid=ThreadId(78) nfs_helper_read_ok uri=nfs://DietPi.local/mnt/4TBP/Work/Arise2014/Car-Branding.jpg bytes=44991
NETWORK t= 27288.0ms dt=    0.0ms tid=ThreadId(78) read_done uri=nfs://DietPi.local/mnt/4TBP/Work/Arise2014/Car-Branding.jpg bytes=44991 ms=4.6
NETWORK t= 27288.5ms dt=    0.5ms tid=ThreadId(78) read_start uri=nfs://DietPi.local/mnt/4TBP/Work/Arise2014/AriseLogoConcept1-1.jpg
NETWORK t= 27291.8ms dt=    3.3ms tid=ThreadId(78) nfs_helper_read_ok uri=nfs://DietPi.local/mnt/4TBP/Work/Arise2014/AriseLogoConcept1-1.jpg bytes=26916
NETWORK t= 27291.8ms dt=    0.0ms tid=ThreadId(78) read_done uri=nfs://DietPi.local/mnt/4TBP/Work/Arise2014/AriseLogoConcept1-1.jpg bytes=26916 ms=3.3
NETWORK t= 27292.4ms dt=    0.6ms tid=ThreadId(78) read_start uri=nfs://DietPi.local/mnt/4TBP/Work/Arise2014/Arise-Logo4-1-C-vODEO.jpg
NETWORK t= 27307.9ms dt=   15.5ms tid=ThreadId(78) nfs_helper_read_ok uri=nfs://DietPi.local/mnt/4TBP/Work/Arise2014/Arise-Logo4-1-C-vODEO.jpg bytes=104181
NETWORK t= 27307.9ms dt=    0.0ms tid=ThreadId(78) read_done uri=nfs://DietPi.local/mnt/4TBP/Work/Arise2014/Arise-Logo4-1-C-vODEO.jpg bytes=104181 ms=15.5
NETWORK t= 27308.4ms dt=    0.5ms tid=ThreadId(78) read_start uri=nfs://DietPi.local/mnt/4TBP/Work/Arise2014/Wallpaper-PC-1366x768-Purple.jpg
NETWORK t= 27321.9ms dt=   13.5ms tid=ThreadId(78) nfs_helper_read_ok uri=nfs://DietPi.local/mnt/4TBP/Work/Arise2014/Wallpaper-PC-1366x768-Purple.jpg bytes=182430
NETWORK t= 27321.9ms dt=    0.0ms tid=ThreadId(78) read_done uri=nfs://DietPi.local/mnt/4TBP/Work/Arise2014/Wallpaper-PC-1366x768-Purple.jpg bytes=182430 ms=13.5
NETWORK t= 27322.6ms dt=    0.7ms tid=ThreadId(78) read_start uri=nfs://DietPi.local/mnt/4TBP/Work/Arise2014/Arise-Logo4-1-c22222.jpg
NETWORK t= 27334.0ms dt=   11.5ms tid=ThreadId(78) nfs_helper_read_ok uri=nfs://DietPi.local/mnt/4TBP/Work/Arise2014/Arise-Logo4-1-c22222.jpg bytes=111553
NETWORK t= 27334.1ms dt=    0.0ms tid=ThreadId(78) read_done uri=nfs://DietPi.local/mnt/4TBP/Work/Arise2014/Arise-Logo4-1-c22222.jpg bytes=111553 ms=11.5
NETWORK t= 27334.6ms dt=    0.5ms tid=ThreadId(78) read_start uri=nfs://DietPi.local/mnt/4TBP/Work/Arise2014/girl_silhouette.jpg
NETWORK t= 27340.5ms dt=    5.9ms tid=ThreadId(78) nfs_helper_read_ok uri=nfs://DietPi.local/mnt/4TBP/Work/Arise2014/girl_silhouette.jpg bytes=115112
NETWORK t= 27340.6ms dt=    0.0ms tid=ThreadId(78) read_done uri=nfs://DietPi.local/mnt/4TBP/Work/Arise2014/girl_silhouette.jpg bytes=115112 ms=5.9
NETWORK t= 27341.2ms dt=    0.7ms tid=ThreadId(78) read_start uri=nfs://DietPi.local/mnt/4TBP/Work/Arise2014/soworthloving-wallpaper.jpg
NETWORK t= 27362.0ms dt=   20.8ms tid=ThreadId(78) nfs_helper_read_ok uri=nfs://DietPi.local/mnt/4TBP/Work/Arise2014/soworthloving-wallpaper.jpg bytes=26897
NETWORK t= 27362.0ms dt=    0.0ms tid=ThreadId(78) read_done uri=nfs://DietPi.local/mnt/4TBP/Work/Arise2014/soworthloving-wallpaper.jpg bytes=26897 ms=20.8
NETWORK t= 27362.6ms dt=    0.6ms tid=ThreadId(78) read_start uri=nfs://DietPi.local/mnt/4TBP/Work/Arise2014/Image1.jpg
NETWORK t= 27366.6ms dt=    4.0ms tid=ThreadId(78) nfs_helper_read_ok uri=nfs://DietPi.local/mnt/4TBP/Work/Arise2014/Image1.jpg bytes=33873
NETWORK t= 27366.6ms dt=    0.0ms tid=ThreadId(78) read_done uri=nfs://DietPi.local/mnt/4TBP/Work/Arise2014/Image1.jpg bytes=33873 ms=4.0
NETWORK t= 27367.3ms dt=    0.7ms tid=ThreadId(78) read_start uri=nfs://DietPi.local/mnt/4TBP/Work/Arise2014/Arise-Logo4-1-2.jpg
NETWORK t= 27372.5ms dt=    5.2ms tid=ThreadId(78) nfs_helper_read_ok uri=nfs://DietPi.local/mnt/4TBP/Work/Arise2014/Arise-Logo4-1-2.jpg bytes=70753
NETWORK t= 27372.5ms dt=    0.0ms tid=ThreadId(78) read_done uri=nfs://DietPi.local/mnt/4TBP/Work/Arise2014/Arise-Logo4-1-2.jpg bytes=70753 ms=5.2
NETWORK t= 27373.1ms dt=    0.6ms tid=ThreadId(78) read_start uri=nfs://DietPi.local/mnt/4TBP/Work/Arise2014/Wallpapers2.jpg
NETWORK t= 27397.3ms dt=   24.2ms tid=ThreadId(78) nfs_helper_read_ok uri=nfs://DietPi.local/mnt/4TBP/Work/Arise2014/Wallpapers2.jpg bytes=84230
NETWORK t= 27397.3ms dt=    0.0ms tid=ThreadId(78) read_done uri=nfs://DietPi.local/mnt/4TBP/Work/Arise2014/Wallpapers2.jpg bytes=84230 ms=24.2
NETWORK t= 27397.9ms dt=    0.6ms tid=ThreadId(78) read_start uri=nfs://DietPi.local/mnt/4TBP/Work/Arise2014/Wallpaper---Karin---Mountain2.jpg
NETWORK t= 27419.8ms dt=   21.9ms tid=ThreadId(78) nfs_helper_read_ok uri=nfs://DietPi.local/mnt/4TBP/Work/Arise2014/Wallpaper---Karin---Mountain2.jpg bytes=702756
NETWORK t= 27419.8ms dt=    0.0ms tid=ThreadId(78) read_done uri=nfs://DietPi.local/mnt/4TBP/Work/Arise2014/Wallpaper---Karin---Mountain2.jpg bytes=702756 ms=21.9
NETWORK t= 27420.4ms dt=    0.6ms tid=ThreadId(78) read_start uri=nfs://DietPi.local/mnt/4TBP/Work/Arise2014/AriseLogoConcept1-NoText.jpg
NETWORK t= 27424.0ms dt=    3.6ms tid=ThreadId(78) nfs_helper_read_ok uri=nfs://DietPi.local/mnt/4TBP/Work/Arise2014/AriseLogoConcept1-NoText.jpg bytes=26438
NETWORK t= 27424.0ms dt=    0.0ms tid=ThreadId(78) read_done uri=nfs://DietPi.local/mnt/4TBP/Work/Arise2014/AriseLogoConcept1-NoText.jpg bytes=26438 ms=3.6
NETWORK t= 27424.6ms dt=    0.6ms tid=ThreadId(78) read_start uri=nfs://DietPi.local/mnt/4TBP/Work/Arise2014/nature-all-summer-morning-sun-rise-287728.jpg
NETWORK t= 27434.2ms dt=    9.5ms tid=ThreadId(78) nfs_helper_read_ok uri=nfs://DietPi.local/mnt/4TBP/Work/Arise2014/nature-all-summer-morning-sun-rise-287728.jpg bytes=304710
NETWORK t= 27434.2ms dt=    0.0ms tid=ThreadId(78) read_done uri=nfs://DietPi.local/mnt/4TBP/Work/Arise2014/nature-all-summer-morning-sun-rise-287728.jpg bytes=304710 ms=9.5
NETWORK t= 27434.7ms dt=    0.5ms tid=ThreadId(78) read_start uri=nfs://DietPi.local/mnt/4TBP/Work/Arise2014/a4f486884cb230c583f6f443cc89d2cd.jpg
NETWORK t= 27438.5ms dt=    3.8ms tid=ThreadId(78) nfs_helper_read_ok uri=nfs://DietPi.local/mnt/4TBP/Work/Arise2014/a4f486884cb230c583f6f443cc89d2cd.jpg bytes=51821
NETWORK t= 27438.6ms dt=    0.0ms tid=ThreadId(78) read_done uri=nfs://DietPi.local/mnt/4TBP/Work/Arise2014/a4f486884cb230c583f6f443cc89d2cd.jpg bytes=51821 ms=3.8
NETWORK t= 27439.1ms dt=    0.6ms tid=ThreadId(78) read_start uri=nfs://DietPi.local/mnt/4TBP/Work/Arise2014/jumping-people-silhouettes-c2a9-biansho.jpg
NETWORK t= 27449.4ms dt=   10.3ms tid=ThreadId(78) nfs_helper_read_ok uri=nfs://DietPi.local/mnt/4TBP/Work/Arise2014/jumping-people-silhouettes-c2a9-biansho.jpg bytes=370290
NETWORK t= 27449.4ms dt=    0.0ms tid=ThreadId(78) read_done uri=nfs://DietPi.local/mnt/4TBP/Work/Arise2014/jumping-people-silhouettes-c2a9-biansho.jpg bytes=370290 ms=10.3
NETWORK t= 27450.3ms dt=    0.8ms tid=ThreadId(78) read_start uri=nfs://DietPi.local/mnt/4TBP/Work/Arise2014/download.jpg
NETWORK t= 27471.8ms dt=   21.5ms tid=ThreadId(78) nfs_helper_read_ok uri=nfs://DietPi.local/mnt/4TBP/Work/Arise2014/download.jpg bytes=5733
NETWORK t= 27471.8ms dt=    0.0ms tid=ThreadId(78) read_done uri=nfs://DietPi.local/mnt/4TBP/Work/Arise2014/download.jpg bytes=5733 ms=21.5
NETWORK t= 27472.4ms dt=    0.6ms tid=ThreadId(78) read_start uri=nfs://DietPi.local/mnt/4TBP/Work/Arise2014/stock-vector-vector-silhouette-of-girl-jumping-up-in-the-air-116475568.jpg
NETWORK t= 27476.3ms dt=    3.9ms tid=ThreadId(78) nfs_helper_read_ok uri=nfs://DietPi.local/mnt/4TBP/Work/Arise2014/stock-vector-vector-silhouette-of-girl-jumping-up-in-the-air-116475568.jpg bytes=18343
NETWORK t= 27476.3ms dt=    0.0ms tid=ThreadId(78) read_done uri=nfs://DietPi.local/mnt/4TBP/Work/Arise2014/stock-vector-vector-silhouette-of-girl-jumping-up-in-the-air-116475568.jpg bytes=18343 ms=3.9
NETWORK t= 27476.8ms dt=    0.5ms tid=ThreadId(78) read_start uri=nfs://DietPi.local/mnt/4TBP/Work/Arise2014/7773834-silhouettes-of-woman-praying.jpg
NETWORK t= 27480.7ms dt=    3.9ms tid=ThreadId(78) nfs_helper_read_ok uri=nfs://DietPi.local/mnt/4TBP/Work/Arise2014/7773834-silhouettes-of-woman-praying.jpg bytes=22664
NETWORK t= 27480.8ms dt=    0.0ms tid=ThreadId(78) read_done uri=nfs://DietPi.local/mnt/4TBP/Work/Arise2014/7773834-silhouettes-of-woman-praying.jpg bytes=22664 ms=3.9
NETWORK t= 27483.0ms dt=    2.2ms tid=ThreadId(78) read_start uri=nfs://DietPi.local/mnt/4TBP/Work/Arise2014/Arise-Logo4.jpg
NETWORK t= 27487.3ms dt=    4.3ms tid=ThreadId(78) nfs_helper_read_ok uri=nfs://DietPi.local/mnt/4TBP/Work/Arise2014/Arise-Logo4.jpg bytes=38985
NETWORK t= 27487.3ms dt=    0.0ms tid=ThreadId(78) read_done uri=nfs://DietPi.local/mnt/4TBP/Work/Arise2014/Arise-Logo4.jpg bytes=38985 ms=4.3
NETWORK t= 27487.8ms dt=    0.5ms tid=ThreadId(78) read_start uri=nfs://DietPi.local/mnt/4TBP/Work/Arise2014/Wallpaper-with-Words-from-the-poem-IF-by-Rudyard-Kipling.jpg
NETWORK t= 27501.5ms dt=   13.7ms tid=ThreadId(78) nfs_helper_read_ok uri=nfs://DietPi.local/mnt/4TBP/Work/Arise2014/Wallpaper-with-Words-from-the-poem-IF-by-Rudyard-Kipling.jpg bytes=70330
NETWORK t= 27501.6ms dt=    0.0ms tid=ThreadId(78) read_done uri=nfs://DietPi.local/mnt/4TBP/Work/Arise2014/Wallpaper-with-Words-from-the-poem-IF-by-Rudyard-Kipling.jpg bytes=70330 ms=13.7
NETWORK t= 27502.1ms dt=    0.6ms tid=ThreadId(78) read_start uri=nfs://DietPi.local/mnt/4TBP/Work/Arise2014/hc-2014-white-large.jpg
NETWORK t= 27505.9ms dt=    3.8ms tid=ThreadId(78) nfs_helper_read_ok uri=nfs://DietPi.local/mnt/4TBP/Work/Arise2014/hc-2014-white-large.jpg bytes=12138
NETWORK t= 27505.9ms dt=    0.0ms tid=ThreadId(78) read_done uri=nfs://DietPi.local/mnt/4TBP/Work/Arise2014/hc-2014-white-large.jpg bytes=12138 ms=3.8
NETWORK t= 27506.5ms dt=    0.6ms tid=ThreadId(78) read_start uri=nfs://DietPi.local/mnt/4TBP/Work/Arise2014/img_large_watermarked%20(1).jpg
NETWORK t= 27522.5ms dt=   16.0ms tid=ThreadId(78) nfs_helper_read_ok uri=nfs://DietPi.local/mnt/4TBP/Work/Arise2014/img_large_watermarked%20(1).jpg bytes=11213
NETWORK t= 27522.5ms dt=    0.0ms tid=ThreadId(78) read_done uri=nfs://DietPi.local/mnt/4TBP/Work/Arise2014/img_large_watermarked%20(1).jpg bytes=11213 ms=16.0
NETWORK t= 27523.1ms dt=    0.6ms tid=ThreadId(78) read_start uri=nfs://DietPi.local/mnt/4TBP/Work/Arise2014/fonts/fonts/Quilted%20Butterfly%20Image.png
NETWORK t= 27556.7ms dt=   33.6ms tid=ThreadId(78) nfs_helper_read_ok uri=nfs://DietPi.local/mnt/4TBP/Work/Arise2014/fonts/fonts/Quilted%20Butterfly%20Image.png bytes=702857
NETWORK t= 27556.7ms dt=    0.0ms tid=ThreadId(78) read_done uri=nfs://DietPi.local/mnt/4TBP/Work/Arise2014/fonts/fonts/Quilted%20Butterfly%20Image.png bytes=702857 ms=33.6
NETWORK t= 27557.4ms dt=    0.7ms tid=ThreadId(78) read_start uri=nfs://DietPi.local/mnt/4TBP/Work/Arise2014/fonts/fonts/Billy%20Argel%20Blessed%20Day.jpg
NETWORK t= 27584.9ms dt=   27.5ms tid=ThreadId(78) nfs_helper_read_ok uri=nfs://DietPi.local/mnt/4TBP/Work/Arise2014/fonts/fonts/Billy%20Argel%20Blessed%20Day.jpg bytes=352818
NETWORK t= 27584.9ms dt=    0.0ms tid=ThreadId(78) read_done uri=nfs://DietPi.local/mnt/4TBP/Work/Arise2014/fonts/fonts/Billy%20Argel%20Blessed%20Day.jpg bytes=352818 ms=27.5
NETWORK t= 27585.7ms dt=    0.8ms tid=ThreadId(78) read_start uri=nfs://DietPi.local/mnt/4TBP/Work/Arise2014/fonts/fonts/Trashtype%20Poster%201.png
NETWORK t= 27612.9ms dt=   27.1ms tid=ThreadId(78) nfs_helper_read_ok uri=nfs://DietPi.local/mnt/4TBP/Work/Arise2014/fonts/fonts/Trashtype%20Poster%201.png bytes=473842
NETWORK t= 27612.9ms dt=    0.0ms tid=ThreadId(78) read_done uri=nfs://DietPi.local/mnt/4TBP/Work/Arise2014/fonts/fonts/Trashtype%20Poster%201.png bytes=473842 ms=27.1
NETWORK t= 27613.5ms dt=    0.6ms tid=ThreadId(78) read_start uri=nfs://DietPi.local/mnt/4TBP/Work/Arise2014/fonts/fonts/Moi%20Non%20Plus%20Poster%203.png
NETWORK t= 27622.1ms dt=    8.5ms tid=ThreadId(78) nfs_helper_read_ok uri=nfs://DietPi.local/mnt/4TBP/Work/Arise2014/fonts/fonts/Moi%20Non%20Plus%20Poster%203.png bytes=53380
NETWORK t= 27622.1ms dt=    0.0ms tid=ThreadId(78) read_done uri=nfs://DietPi.local/mnt/4TBP/Work/Arise2014/fonts/fonts/Moi%20Non%20Plus%20Poster%203.png bytes=53380 ms=8.5
NETWORK t= 27622.7ms dt=    0.6ms tid=ThreadId(78) read_start uri=nfs://DietPi.local/mnt/4TBP/Work/Arise2014/fonts/fonts/remachine_poster.png
NETWORK t= 27649.3ms dt=   26.6ms tid=main share_row_press folder=82 op=1 op=1
NETWORK t= 27660.2ms dt=   10.9ms tid=ThreadId(78) nfs_helper_read_ok uri=nfs://DietPi.local/mnt/4TBP/Work/Arise2014/fonts/fonts/remachine_poster.png bytes=1229600
NETWORK t= 27660.2ms dt=    0.0ms tid=ThreadId(78) read_done uri=nfs://DietPi.local/mnt/4TBP/Work/Arise2014/fonts/fonts/remachine_poster.png bytes=1229600 ms=37.5
NETWORK t= 27661.0ms dt=    0.8ms tid=ThreadId(78) read_start uri=nfs://DietPi.local/mnt/4TBP/Work/Arise2014/fonts/fonts/Aderyn%20Poster%201.png
NETWORK t= 27679.3ms dt=   18.3ms tid=ThreadId(78) nfs_helper_read_ok uri=nfs://DietPi.local/mnt/4TBP/Work/Arise2014/fonts/fonts/Aderyn%20Poster%201.png bytes=34496
NETWORK t= 27679.3ms dt=    0.0ms tid=ThreadId(78) read_done uri=nfs://DietPi.local/mnt/4TBP/Work/Arise2014/fonts/fonts/Aderyn%20Poster%201.png bytes=34496 ms=18.2
NETWORK t= 27679.9ms dt=    0.6ms tid=ThreadId(78) read_start uri=nfs://DietPi.local/mnt/4TBP/Work/Arise2014/fonts/fonts/Fiebiger-Zwei-Poster-1.png
NETWORK t= 27686.4ms dt=    6.5ms tid=ThreadId(78) nfs_helper_read_ok uri=nfs://DietPi.local/mnt/4TBP/Work/Arise2014/fonts/fonts/Fiebiger-Zwei-Poster-1.png bytes=25805
NETWORK t= 27686.4ms dt=    0.0ms tid=ThreadId(78) read_done uri=nfs://DietPi.local/mnt/4TBP/Work/Arise2014/fonts/fonts/Fiebiger-Zwei-Poster-1.png bytes=25805 ms=6.5
NETWORK t= 27686.9ms dt=    0.5ms tid=ThreadId(78) read_start uri=nfs://DietPi.local/mnt/4TBP/Work/Arise2014/fonts/fonts/Kundalini%20Poster%201.png
NETWORK t= 27717.2ms dt=   30.2ms tid=ThreadId(78) nfs_helper_read_ok uri=nfs://DietPi.local/mnt/4TBP/Work/Arise2014/fonts/fonts/Kundalini%20Poster%201.png bytes=1370527
NETWORK t= 27717.2ms dt=    0.0ms tid=ThreadId(78) read_done uri=nfs://DietPi.local/mnt/4TBP/Work/Arise2014/fonts/fonts/Kundalini%20Poster%201.png bytes=1370527 ms=30.2
NETWORK t= 27717.8ms dt=    0.6ms tid=ThreadId(78) read_start uri=nfs://DietPi.local/mnt/4TBP/Work/Arise2014/fonts/fonts/Moi%20Non%20Plus%20Poster%202.png
NETWORK t= 27722.2ms dt=    4.4ms tid=ThreadId(78) nfs_helper_read_ok uri=nfs://DietPi.local/mnt/4TBP/Work/Arise2014/fonts/fonts/Moi%20Non%20Plus%20Poster%202.png bytes=57219
NETWORK t= 27722.2ms dt=    0.0ms tid=ThreadId(78) read_done uri=nfs://DietPi.local/mnt/4TBP/Work/Arise2014/fonts/fonts/Moi%20Non%20Plus%20Poster%202.png bytes=57219 ms=4.4
NETWORK t= 27722.8ms dt=    0.6ms tid=ThreadId(78) read_start uri=nfs://DietPi.local/mnt/4TBP/Work/Arise2014/fonts/fonts/Moi%20Non%20Plus%20Poster.png
NETWORK t= 27739.0ms dt=   16.2ms tid=ThreadId(78) nfs_helper_read_ok uri=nfs://DietPi.local/mnt/4TBP/Work/Arise2014/fonts/fonts/Moi%20Non%20Plus%20Poster.png bytes=452211
NETWORK t= 27739.0ms dt=    0.0ms tid=ThreadId(78) read_done uri=nfs://DietPi.local/mnt/4TBP/Work/Arise2014/fonts/fonts/Moi%20Non%20Plus%20Poster.png bytes=452211 ms=16.2
NETWORK t= 27739.7ms dt=    0.7ms tid=ThreadId(78) read_start uri=nfs://DietPi.local/mnt/4TBP/Work/Arise2014/fonts/fonts/Allez%20Hop%20Poster.jpg
NETWORK t= 27753.4ms dt=   13.7ms tid=ThreadId(78) nfs_helper_read_ok uri=nfs://DietPi.local/mnt/4TBP/Work/Arise2014/fonts/fonts/Allez%20Hop%20Poster.jpg bytes=73019
NETWORK t= 27753.4ms dt=    0.0ms tid=ThreadId(78) read_done uri=nfs://DietPi.local/mnt/4TBP/Work/Arise2014/fonts/fonts/Allez%20Hop%20Poster.jpg bytes=73019 ms=13.7
NETWORK t= 27754.0ms dt=    0.6ms tid=ThreadId(78) read_start uri=nfs://DietPi.local/mnt/4TBP/Work/Arise2014/fonts/fonts/southern-aire_poster.png
NETWORK t= 27793.9ms dt=   39.8ms tid=ThreadId(78) nfs_helper_read_ok uri=nfs://DietPi.local/mnt/4TBP/Work/Arise2014/fonts/fonts/southern-aire_poster.png bytes=636875
NETWORK t= 27793.9ms dt=    0.0ms tid=ThreadId(78) read_done uri=nfs://DietPi.local/mnt/4TBP/Work/Arise2014/fonts/fonts/southern-aire_poster.png bytes=636875 ms=39.8
NETWORK t= 27794.5ms dt=    0.6ms tid=ThreadId(78) read_start uri=nfs://DietPi.local/mnt/4TBP/Work/Arise2014/fonts/fonts/Bullet%20In%20Your%20Head%20Image.png
NETWORK t= 27809.0ms dt=   14.5ms tid=main filter_selected Folder(82) op=1 op=1
NETWORK t= 27809.1ms dt=    0.0ms tid=main filter_selected_begin op=1
NETWORK t= 27809.1ms dt=    0.0ms tid=main apply_filter_start filter=Folder(82) exact=false op=1
NETWORK t= 27809.6ms dt=    0.5ms tid=main apply_filter_done network_share_scoped op=1
NETWORK t= 27809.6ms dt=    0.0ms tid=main filter_selected_end op=1
NETWORK t= 27809.6ms dt=    0.0ms tid=ThreadId(634) grid_query_start op=1 filter=Folder(82) folder_stream=true
NETWORK t= 27823.5ms dt=   13.9ms tid=ThreadId(78) nfs_helper_read_ok uri=nfs://DietPi.local/mnt/4TBP/Work/Arise2014/fonts/fonts/Bullet%20In%20Your%20Head%20Image.png bytes=707626
NETWORK t= 27823.5ms dt=    0.0ms tid=ThreadId(78) read_done uri=nfs://DietPi.local/mnt/4TBP/Work/Arise2014/fonts/fonts/Bullet%20In%20Your%20Head%20Image.png bytes=707626 ms=29.0
NETWORK t= 27824.3ms dt=    0.7ms tid=ThreadId(78) read_start uri=nfs://DietPi.local/mnt/4TBP/Work/Arise2014/fonts/fonts/Rumpelstiltskin%20Image.png
NETWORK t= 27853.0ms dt=   28.8ms tid=ThreadId(78) nfs_helper_read_ok uri=nfs://DietPi.local/mnt/4TBP/Work/Arise2014/fonts/fonts/Rumpelstiltskin%20Image.png bytes=624206
NETWORK t= 27853.1ms dt=    0.0ms tid=ThreadId(78) read_done uri=nfs://DietPi.local/mnt/4TBP/Work/Arise2014/fonts/fonts/Rumpelstiltskin%20Image.png bytes=624206 ms=28.8
NETWORK t= 27853.7ms dt=    0.6ms tid=ThreadId(78) read_start uri=nfs://DietPi.local/mnt/4TBP/Work/Arise2014/fonts/fonts/Kerberos%20Fang%20Image.png
NETWORK t= 27873.3ms dt=   19.6ms tid=ThreadId(78) nfs_helper_read_ok uri=nfs://DietPi.local/mnt/4TBP/Work/Arise2014/fonts/fonts/Kerberos%20Fang%20Image.png bytes=632599
NETWORK t= 27873.3ms dt=    0.0ms tid=ThreadId(78) read_done uri=nfs://DietPi.local/mnt/4TBP/Work/Arise2014/fonts/fonts/Kerberos%20Fang%20Image.png bytes=632599 ms=19.6
NETWORK t= 27873.9ms dt=    0.6ms tid=ThreadId(78) read_start uri=nfs://DietPi.local/mnt/4TBP/Work/Arise2014/fonts/fonts/All%20Over%20Again%20Image.png
NETWORK t= 27895.2ms dt=   21.3ms tid=ThreadId(78) nfs_helper_read_ok uri=nfs://DietPi.local/mnt/4TBP/Work/Arise2014/fonts/fonts/All%20Over%20Again%20Image.png bytes=535655
NETWORK t= 27895.2ms dt=    0.0ms tid=ThreadId(78) read_done uri=nfs://DietPi.local/mnt/4TBP/Work/Arise2014/fonts/fonts/All%20Over%20Again%20Image.png bytes=535655 ms=21.3
NETWORK t= 27895.8ms dt=    0.6ms tid=ThreadId(78) read_start uri=nfs://DietPi.local/mnt/4TBP/Work/Arise2014/fonts/fonts/billion-stars_poster.png
NETWORK t= 27952.7ms dt=   56.9ms tid=ThreadId(78) nfs_helper_read_ok uri=nfs://DietPi.local/mnt/4TBP/Work/Arise2014/fonts/fonts/billion-stars_poster.png bytes=856252
NETWORK t= 27952.7ms dt=    0.0ms tid=ThreadId(78) read_done uri=nfs://DietPi.local/mnt/4TBP/Work/Arise2014/fonts/fonts/billion-stars_poster.png bytes=856252 ms=56.9
NETWORK t= 27953.3ms dt=    0.6ms tid=ThreadId(78) read_start uri=nfs://DietPi.local/mnt/4TBP/Work/Arise2014/fonts/fonts/Bergelmir%20Poster%202.png
NETWORK t= 27992.7ms dt=   39.4ms tid=ThreadId(78) nfs_helper_read_ok uri=nfs://DietPi.local/mnt/4TBP/Work/Arise2014/fonts/fonts/Bergelmir%20Poster%202.png bytes=982760
NETWORK t= 27992.7ms dt=    0.0ms tid=ThreadId(78) read_done uri=nfs://DietPi.local/mnt/4TBP/Work/Arise2014/fonts/fonts/Bergelmir%20Poster%202.png bytes=982760 ms=39.4
NETWORK t= 27993.4ms dt=    0.6ms tid=ThreadId(78) read_start uri=nfs://DietPi.local/mnt/4TBP/Work/Arise2014/fonts/fonts/Nathaniel.jpg
NETWORK t= 28008.6ms dt=   15.2ms tid=ThreadId(78) nfs_helper_read_ok uri=nfs://DietPi.local/mnt/4TBP/Work/Arise2014/fonts/fonts/Nathaniel.jpg bytes=65783
NETWORK t= 28008.6ms dt=    0.0ms tid=ThreadId(78) read_done uri=nfs://DietPi.local/mnt/4TBP/Work/Arise2014/fonts/fonts/Nathaniel.jpg bytes=65783 ms=15.2
NETWORK t= 28009.2ms dt=    0.6ms tid=ThreadId(78) read_start uri=nfs://DietPi.local/mnt/4TBP/Work/Arise2014/fonts/fonts/Mayonaise%20Image.png
NETWORK t= 28046.5ms dt=   37.3ms tid=ThreadId(78) nfs_helper_read_ok uri=nfs://DietPi.local/mnt/4TBP/Work/Arise2014/fonts/fonts/Mayonaise%20Image.png bytes=558994
NETWORK t= 28046.5ms dt=    0.0ms tid=ThreadId(78) read_done uri=nfs://DietPi.local/mnt/4TBP/Work/Arise2014/fonts/fonts/Mayonaise%20Image.png bytes=558994 ms=37.3
NETWORK t= 28047.1ms dt=    0.6ms tid=ThreadId(78) read_start uri=nfs://DietPi.local/mnt/4TBP/Work/Arise2014/fonts/fonts/love-&-trust-poster.png
NETWORK t= 28061.4ms dt=   14.2ms tid=ThreadId(78) nfs_helper_read_ok uri=nfs://DietPi.local/mnt/4TBP/Work/Arise2014/fonts/fonts/love-&-trust-poster.png bytes=27791
NETWORK t= 28061.4ms dt=    0.0ms tid=ThreadId(78) read_done uri=nfs://DietPi.local/mnt/4TBP/Work/Arise2014/fonts/fonts/love-&-trust-poster.png bytes=27791 ms=14.2
NETWORK t= 28061.9ms dt=    0.6ms tid=ThreadId(78) read_start uri=nfs://DietPi.local/mnt/4TBP/Work/Arise2014/fonts/fonts/Meshuggeneh%20Poster%201.png
NETWORK t= 28066.3ms dt=    4.3ms tid=ThreadId(78) nfs_helper_read_ok uri=nfs://DietPi.local/mnt/4TBP/Work/Arise2014/fonts/fonts/Meshuggeneh%20Poster%201.png bytes=54053
NETWORK t= 28066.3ms dt=    0.0ms tid=ThreadId(78) read_done uri=nfs://DietPi.local/mnt/4TBP/Work/Arise2014/fonts/fonts/Meshuggeneh%20Poster%201.png bytes=54053 ms=4.3
NETWORK t= 28066.9ms dt=    0.7ms tid=ThreadId(78) read_start uri=nfs://DietPi.local/mnt/4TBP/Work/Arise2014/fonts/fonts/Ersatz%20Image.png
NETWORK t= 28082.6ms dt=   15.7ms tid=ThreadId(78) nfs_helper_read_ok uri=nfs://DietPi.local/mnt/4TBP/Work/Arise2014/fonts/fonts/Ersatz%20Image.png bytes=617559
NETWORK t= 28082.7ms dt=    0.0ms tid=ThreadId(78) read_done uri=nfs://DietPi.local/mnt/4TBP/Work/Arise2014/fonts/fonts/Ersatz%20Image.png bytes=617559 ms=15.7
NETWORK t= 28083.2ms dt=    0.6ms tid=ThreadId(78) read_start uri=nfs://DietPi.local/mnt/4TBP/Work/Arise2014/fonts/fonts/southern-aire_flag.png
NETWORK t= 28095.4ms dt=   12.2ms tid=ThreadId(78) nfs_helper_read_ok uri=nfs://DietPi.local/mnt/4TBP/Work/Arise2014/fonts/fonts/southern-aire_flag.png bytes=103403
NETWORK t= 28095.4ms dt=    0.0ms tid=ThreadId(78) read_done uri=nfs://DietPi.local/mnt/4TBP/Work/Arise2014/fonts/fonts/southern-aire_flag.png bytes=103403 ms=12.2
NETWORK t= 28096.0ms dt=    0.6ms tid=ThreadId(78) read_start uri=nfs://DietPi.local/mnt/4TBP/Work/Arise2014/fonts/fonts/Moonlight%20Shadow%20Image.png
NETWORK t= 28110.7ms dt=   14.7ms tid=ThreadId(78) nfs_helper_read_ok uri=nfs://DietPi.local/mnt/4TBP/Work/Arise2014/fonts/fonts/Moonlight%20Shadow%20Image.png bytes=546090
NETWORK t= 28110.7ms dt=    0.0ms tid=ThreadId(78) read_done uri=nfs://DietPi.local/mnt/4TBP/Work/Arise2014/fonts/fonts/Moonlight%20Shadow%20Image.png bytes=546090 ms=14.7
NETWORK t= 28111.3ms dt=    0.5ms tid=ThreadId(78) read_start uri=nfs://DietPi.local/mnt/4TBP/Work/Arise2014/fonts/fonts/billion-stars_flag.png
NETWORK t= 28140.3ms dt=   29.0ms tid=ThreadId(78) nfs_helper_read_ok uri=nfs://DietPi.local/mnt/4TBP/Work/Arise2014/fonts/fonts/billion-stars_flag.png bytes=342736
NETWORK t= 28140.3ms dt=    0.0ms tid=ThreadId(78) read_done uri=nfs://DietPi.local/mnt/4TBP/Work/Arise2014/fonts/fonts/billion-stars_flag.png bytes=342736 ms=29.0
NETWORK t= 28140.9ms dt=    0.6ms tid=ThreadId(78) read_start uri=nfs://DietPi.local/mnt/4TBP/Work/Arise2014/fonts/fonts/babylove.png
NETWORK t= 28153.3ms dt=   12.4ms tid=ThreadId(78) nfs_helper_read_ok uri=nfs://DietPi.local/mnt/4TBP/Work/Arise2014/fonts/fonts/babylove.png bytes=243788
NETWORK t= 28153.3ms dt=    0.0ms tid=ThreadId(78) read_done uri=nfs://DietPi.local/mnt/4TBP/Work/Arise2014/fonts/fonts/babylove.png bytes=243788 ms=12.3
NETWORK t= 28153.8ms dt=    0.5ms tid=ThreadId(78) read_start uri=nfs://DietPi.local/mnt/4TBP/Work/Arise2014/fonts/fonts/Limoen-Poster-1.png
NETWORK t= 28169.0ms dt=   15.1ms tid=ThreadId(78) nfs_helper_read_ok uri=nfs://DietPi.local/mnt/4TBP/Work/Arise2014/fonts/fonts/Limoen-Poster-1.png bytes=82830
NETWORK t= 28169.0ms dt=    0.0ms tid=ThreadId(78) read_done uri=nfs://DietPi.local/mnt/4TBP/Work/Arise2014/fonts/fonts/Limoen-Poster-1.png bytes=82830 ms=15.1
NETWORK t= 28169.5ms dt=    0.5ms tid=ThreadId(78) read_start uri=nfs://DietPi.local/mnt/4TBP/Work/Arise2014/fonts/fonts/The%20Mighty%20Avengers.png
NETWORK t= 28173.2ms dt=    3.7ms tid=ThreadId(78) nfs_helper_read_ok uri=nfs://DietPi.local/mnt/4TBP/Work/Arise2014/fonts/fonts/The%20Mighty%20Avengers.png bytes=29616
NETWORK t= 28173.2ms dt=    0.0ms tid=ThreadId(78) read_done uri=nfs://DietPi.local/mnt/4TBP/Work/Arise2014/fonts/fonts/The%20Mighty%20Avengers.png bytes=29616 ms=3.7
NETWORK t= 28173.8ms dt=    0.6ms tid=ThreadId(78) read_start uri=nfs://DietPi.local/mnt/4TBP/Work/Arise2014/fonts/fonts/Keswick%20Poster%201.png
NETWORK t= 28202.9ms dt=   29.1ms tid=ThreadId(78) nfs_helper_read_ok uri=nfs://DietPi.local/mnt/4TBP/Work/Arise2014/fonts/fonts/Keswick%20Poster%201.png bytes=845028
NETWORK t= 28203.0ms dt=    0.0ms tid=ThreadId(78) read_done uri=nfs://DietPi.local/mnt/4TBP/Work/Arise2014/fonts/fonts/Keswick%20Poster%201.png bytes=845028 ms=29.1
NETWORK t= 28203.6ms dt=    0.6ms tid=ThreadId(78) read_start uri=nfs://DietPi.local/mnt/4TBP/Work/Arise2014/fonts/fonts/gretoon.png
NETWORK t= 28235.5ms dt=   32.0ms tid=ThreadId(78) nfs_helper_read_ok uri=nfs://DietPi.local/mnt/4TBP/Work/Arise2014/fonts/fonts/gretoon.png bytes=177912
NETWORK t= 28235.5ms dt=    0.0ms tid=ThreadId(78) read_done uri=nfs://DietPi.local/mnt/4TBP/Work/Arise2014/fonts/fonts/gretoon.png bytes=177912 ms=32.0
NETWORK t= 28236.1ms dt=    0.6ms tid=ThreadId(78) read_start uri=nfs://DietPi.local/mnt/4TBP/Work/Arise2014/fonts/fonts/Lampion%20Poster%201.png
NETWORK t= 28241.3ms dt=    5.1ms tid=ThreadId(78) nfs_helper_read_ok uri=nfs://DietPi.local/mnt/4TBP/Work/Arise2014/fonts/fonts/Lampion%20Poster%201.png bytes=57705
NETWORK t= 28241.3ms dt=    0.0ms tid=ThreadId(78) read_done uri=nfs://DietPi.local/mnt/4TBP/Work/Arise2014/fonts/fonts/Lampion%20Poster%201.png bytes=57705 ms=5.2
NETWORK t= 28242.0ms dt=    0.7ms tid=ThreadId(78) read_start uri=nfs://DietPi.local/mnt/4TBP/Work/Arise2014/fonts/fonts/Thievery%20Poster%201.png
NETWORK t= 28246.3ms dt=    4.2ms tid=ThreadId(78) nfs_helper_read_ok uri=nfs://DietPi.local/mnt/4TBP/Work/Arise2014/fonts/fonts/Thievery%20Poster%201.png bytes=40077
NETWORK t= 28246.3ms dt=    0.0ms tid=ThreadId(78) read_done uri=nfs://DietPi.local/mnt/4TBP/Work/Arise2014/fonts/fonts/Thievery%20Poster%201.png bytes=40077 ms=4.2
NETWORK t= 28246.9ms dt=    0.6ms tid=ThreadId(78) read_start uri=nfs://DietPi.local/mnt/4TBP/Work/Arise2014/fonts/fonts/Rum%20Doodle%20Poster%201.png
NETWORK t= 28251.1ms dt=    4.2ms tid=ThreadId(78) nfs_helper_read_ok uri=nfs://DietPi.local/mnt/4TBP/Work/Arise2014/fonts/fonts/Rum%20Doodle%20Poster%201.png bytes=53797
NETWORK t= 28251.1ms dt=    0.0ms tid=ThreadId(78) read_done uri=nfs://DietPi.local/mnt/4TBP/Work/Arise2014/fonts/fonts/Rum%20Doodle%20Poster%201.png bytes=53797 ms=4.2
NETWORK t= 28251.7ms dt=    0.6ms tid=ThreadId(78) read_start uri=nfs://DietPi.local/mnt/4TBP/Work/Arise2014/fonts/fonts/Joe%20Shmoe%20Poster.png
NETWORK t= 28266.3ms dt=   14.6ms tid=ThreadId(78) nfs_helper_read_ok uri=nfs://DietPi.local/mnt/4TBP/Work/Arise2014/fonts/fonts/Joe%20Shmoe%20Poster.png bytes=72361
NETWORK t= 28266.3ms dt=    0.0ms tid=ThreadId(78) read_done uri=nfs://DietPi.local/mnt/4TBP/Work/Arise2014/fonts/fonts/Joe%20Shmoe%20Poster.png bytes=72361 ms=14.6
NETWORK t= 28266.9ms dt=    0.6ms tid=ThreadId(78) read_start uri=nfs://DietPi.local/mnt/4TBP/Work/Arise2014/fonts/fonts/Quid%20Pro%20Quo%20Image.png
NETWORK t= 28281.5ms dt=   14.6ms tid=ThreadId(78) nfs_helper_read_ok uri=nfs://DietPi.local/mnt/4TBP/Work/Arise2014/fonts/fonts/Quid%20Pro%20Quo%20Image.png bytes=556446
NETWORK t= 28281.5ms dt=    0.0ms tid=ThreadId(78) read_done uri=nfs://DietPi.local/mnt/4TBP/Work/Arise2014/fonts/fonts/Quid%20Pro%20Quo%20Image.png bytes=556446 ms=14.6
NETWORK t= 28282.0ms dt=    0.6ms tid=ThreadId(78) read_start uri=nfs://DietPi.local/mnt/4TBP/Work/Arise2014/fonts/fonts/Sunday%20Monday%20Image.png
NETWORK t= 28291.1ms dt=    9.0ms tid=ThreadId(78) nfs_helper_read_ok uri=nfs://DietPi.local/mnt/4TBP/Work/Arise2014/fonts/fonts/Sunday%20Monday%20Image.png bytes=294638
NETWORK t= 28291.1ms dt=    0.0ms tid=ThreadId(78) read_done uri=nfs://DietPi.local/mnt/4TBP/Work/Arise2014/fonts/fonts/Sunday%20Monday%20Image.png bytes=294638 ms=9.0
NETWORK t= 28291.7ms dt=    0.6ms tid=ThreadId(78) read_start uri=nfs://DietPi.local/mnt/4TBP/Work/Arise2014/fonts/fonts/Nanuk%20Poster%201.png
NETWORK t= 28301.2ms dt=    9.5ms tid=ThreadId(78) nfs_helper_read_ok uri=nfs://DietPi.local/mnt/4TBP/Work/Arise2014/fonts/fonts/Nanuk%20Poster%201.png bytes=105149
NETWORK t= 28301.2ms dt=    0.0ms tid=ThreadId(78) read_done uri=nfs://DietPi.local/mnt/4TBP/Work/Arise2014/fonts/fonts/Nanuk%20Poster%201.png bytes=105149 ms=9.5
NETWORK t= 28301.8ms dt=    0.6ms tid=ThreadId(78) read_start uri=nfs://DietPi.local/mnt/4TBP/Work/Arise2014/fonts/fonts/Syphon%20Spritz%20Image.png
NETWORK t= 28336.0ms dt=   34.2ms tid=ThreadId(78) nfs_helper_read_ok uri=nfs://DietPi.local/mnt/4TBP/Work/Arise2014/fonts/fonts/Syphon%20Spritz%20Image.png bytes=533041
NETWORK t= 28336.0ms dt=    0.0ms tid=ThreadId(78) read_done uri=nfs://DietPi.local/mnt/4TBP/Work/Arise2014/fonts/fonts/Syphon%20Spritz%20Image.png bytes=533041 ms=34.2
NETWORK t= 28336.6ms dt=    0.6ms tid=ThreadId(78) read_start uri=nfs://DietPi.local/mnt/4TBP/Work/Arise2014/fonts/fonts/phraell_flag.png
NETWORK t= 28344.8ms dt=    8.2ms tid=ThreadId(78) nfs_helper_read_ok uri=nfs://DietPi.local/mnt/4TBP/Work/Arise2014/fonts/fonts/phraell_flag.png bytes=123285
NETWORK t= 28344.8ms dt=    0.0ms tid=ThreadId(78) read_done uri=nfs://DietPi.local/mnt/4TBP/Work/Arise2014/fonts/fonts/phraell_flag.png bytes=123285 ms=8.2
NETWORK t= 28345.4ms dt=    0.6ms tid=ThreadId(78) read_start uri=nfs://DietPi.local/mnt/4TBP/Work/Arise2014/fonts/fonts/Babysitter%20Poster.png
NETWORK t= 28351.1ms dt=    5.7ms tid=ThreadId(78) nfs_helper_read_ok uri=nfs://DietPi.local/mnt/4TBP/Work/Arise2014/fonts/fonts/Babysitter%20Poster.png bytes=106999
NETWORK t= 28351.2ms dt=    0.0ms tid=ThreadId(78) read_done uri=nfs://DietPi.local/mnt/4TBP/Work/Arise2014/fonts/fonts/Babysitter%20Poster.png bytes=106999 ms=5.7
NETWORK t= 28351.7ms dt=    0.6ms tid=ThreadId(78) read_start uri=nfs://DietPi.local/mnt/4TBP/Work/Arise2014/fonts/fonts/Deco%20Pimp%20Image.png
NETWORK t= 28370.1ms dt=   18.3ms tid=ThreadId(78) nfs_helper_read_ok uri=nfs://DietPi.local/mnt/4TBP/Work/Arise2014/fonts/fonts/Deco%20Pimp%20Image.png bytes=253131
NETWORK t= 28370.1ms dt=    0.0ms tid=ThreadId(78) read_done uri=nfs://DietPi.local/mnt/4TBP/Work/Arise2014/fonts/fonts/Deco%20Pimp%20Image.png bytes=253131 ms=18.3
NETWORK t= 28370.7ms dt=    0.6ms tid=ThreadId(78) read_start uri=nfs://DietPi.local/mnt/4TBP/Work/Arise2014/fonts/fonts/phraell_poster.png
NETWORK t= 28388.7ms dt=   18.1ms tid=ThreadId(78) nfs_helper_read_ok uri=nfs://DietPi.local/mnt/4TBP/Work/Arise2014/fonts/fonts/phraell_poster.png bytes=422358
NETWORK t= 28388.8ms dt=    0.0ms tid=ThreadId(78) read_done uri=nfs://DietPi.local/mnt/4TBP/Work/Arise2014/fonts/fonts/phraell_poster.png bytes=422358 ms=18.1
NETWORK t= 28389.4ms dt=    0.6ms tid=ThreadId(78) read_start uri=nfs://DietPi.local/mnt/4TBP/Work/Arise2014/fonts/fonts/MyValentineLover_fontscafe-dot-com.png
NETWORK t= 28424.8ms dt=   35.4ms tid=ThreadId(78) nfs_helper_read_ok uri=nfs://DietPi.local/mnt/4TBP/Work/Arise2014/fonts/fonts/MyValentineLover_fontscafe-dot-com.png bytes=1469033
NETWORK t= 28424.8ms dt=    0.0ms tid=ThreadId(78) read_done uri=nfs://DietPi.local/mnt/4TBP/Work/Arise2014/fonts/fonts/MyValentineLover_fontscafe-dot-com.png bytes=1469033 ms=35.4
NETWORK t= 28425.5ms dt=    0.7ms tid=ThreadId(78) read_start uri=nfs://DietPi.local/mnt/4TBP/Work/Arise2014/fonts/fonts/Formosa%20Poster%202.png
NETWORK t= 28446.1ms dt=   20.5ms tid=ThreadId(78) nfs_helper_read_ok uri=nfs://DietPi.local/mnt/4TBP/Work/Arise2014/fonts/fonts/Formosa%20Poster%202.png bytes=491617
NETWORK t= 28446.1ms dt=    0.0ms tid=ThreadId(78) read_done uri=nfs://DietPi.local/mnt/4TBP/Work/Arise2014/fonts/fonts/Formosa%20Poster%202.png bytes=491617 ms=20.5
NETWORK t= 28446.7ms dt=    0.6ms tid=ThreadId(78) read_start uri=nfs://DietPi.local/mnt/4TBP/Work/Arise2014/fonts/fonts/All%20Over%20Again%20(Lower%20Case)%20Image.png
NETWORK t= 28475.5ms dt=   28.8ms tid=ThreadId(78) nfs_helper_read_ok uri=nfs://DietPi.local/mnt/4TBP/Work/Arise2014/fonts/fonts/All%20Over%20Again%20(Lower%20Case)%20Image.png bytes=639574
NETWORK t= 28475.5ms dt=    0.0ms tid=ThreadId(78) read_done uri=nfs://DietPi.local/mnt/4TBP/Work/Arise2014/fonts/fonts/All%20Over%20Again%20(Lower%20Case)%20Image.png bytes=639574 ms=28.8
NETWORK t= 28476.1ms dt=    0.6ms tid=ThreadId(78) read_start uri=nfs://DietPi.local/mnt/4TBP/Work/Arise2014/fonts/fonts/Clair%20De%20Lune%20Poster%204.png
NETWORK t= 28481.8ms dt=    5.7ms tid=ThreadId(78) nfs_helper_read_ok uri=nfs://DietPi.local/mnt/4TBP/Work/Arise2014/fonts/fonts/Clair%20De%20Lune%20Poster%204.png bytes=131010
NETWORK t= 28481.8ms dt=    0.0ms tid=ThreadId(78) read_done uri=nfs://DietPi.local/mnt/4TBP/Work/Arise2014/fonts/fonts/Clair%20De%20Lune%20Poster%204.png bytes=131010 ms=5.7
NETWORK t= 28482.4ms dt=    0.6ms tid=ThreadId(78) read_start uri=nfs://DietPi.local/mnt/4TBP/Work/Arise2014/fonts/fonts/show2.png
NETWORK t= 28487.7ms dt=    5.3ms tid=ThreadId(78) nfs_helper_read_ok uri=nfs://DietPi.local/mnt/4TBP/Work/Arise2014/fonts/fonts/show2.png bytes=108854
NETWORK t= 28487.7ms dt=    0.0ms tid=ThreadId(78) read_done uri=nfs://DietPi.local/mnt/4TBP/Work/Arise2014/fonts/fonts/show2.png bytes=108854 ms=5.3
NETWORK t= 28488.2ms dt=    0.5ms tid=ThreadId(78) read_start uri=nfs://DietPi.local/mnt/4TBP/Work/Arise2014/fonts/fonts/show.png
NETWORK t= 28491.9ms dt=    3.6ms tid=ThreadId(78) nfs_helper_read_ok uri=nfs://DietPi.local/mnt/4TBP/Work/Arise2014/fonts/fonts/show.png bytes=19393
NETWORK t= 28491.9ms dt=    0.0ms tid=ThreadId(78) read_done uri=nfs://DietPi.local/mnt/4TBP/Work/Arise2014/fonts/fonts/show.png bytes=19393 ms=3.6
NETWORK t= 28492.5ms dt=    0.6ms tid=ThreadId(78) read_start uri=nfs://DietPi.local/mnt/4TBP/Work/Arise2014/fonts/fonts/remachine_flag.png
NETWORK t= 28498.9ms dt=    6.5ms tid=ThreadId(78) nfs_helper_read_ok uri=nfs://DietPi.local/mnt/4TBP/Work/Arise2014/fonts/fonts/remachine_flag.png bytes=164239
NETWORK t= 28499.0ms dt=    0.0ms tid=ThreadId(78) read_done uri=nfs://DietPi.local/mnt/4TBP/Work/Arise2014/fonts/fonts/remachine_flag.png bytes=164239 ms=6.5
NETWORK t= 28499.6ms dt=    0.7ms tid=ThreadId(78) read_start uri=nfs://DietPi.local/mnt/4TBP/Work/Arise2014/fonts/fonts/Monsieur%20Le%20Chat%20Poster%201.png
NETWORK t= 28513.2ms dt=   13.6ms tid=ThreadId(78) nfs_helper_read_ok uri=nfs://DietPi.local/mnt/4TBP/Work/Arise2014/fonts/fonts/Monsieur%20Le%20Chat%20Poster%201.png bytes=228600
NETWORK t= 28513.2ms dt=    0.0ms tid=ThreadId(78) read_done uri=nfs://DietPi.local/mnt/4TBP/Work/Arise2014/fonts/fonts/Monsieur%20Le%20Chat%20Poster%201.png bytes=228600 ms=13.6
NETWORK t= 28513.8ms dt=    0.6ms tid=ThreadId(78) read_start uri=nfs://DietPi.local/mnt/4TBP/Work/Arise2014/fonts/fonts/Castanea-Poster-1.png
NETWORK t= 28526.1ms dt=   12.3ms tid=ThreadId(78) nfs_helper_read_ok uri=nfs://DietPi.local/mnt/4TBP/Work/Arise2014/fonts/fonts/Castanea-Poster-1.png bytes=504750
NETWORK t= 28526.1ms dt=    0.0ms tid=ThreadId(78) read_done uri=nfs://DietPi.local/mnt/4TBP/Work/Arise2014/fonts/fonts/Castanea-Poster-1.png bytes=504750 ms=12.3
NETWORK t= 28526.7ms dt=    0.6ms tid=ThreadId(78) read_start uri=nfs://DietPi.local/mnt/4TBP/Work/Arise2014/Arise%20Logo/Logo22-G.jpg
NETWORK t= 28530.6ms dt=    3.9ms tid=ThreadId(78) nfs_helper_read_ok uri=nfs://DietPi.local/mnt/4TBP/Work/Arise2014/Arise%20Logo/Logo22-G.jpg bytes=34266
NETWORK t= 28530.6ms dt=    0.0ms tid=ThreadId(78) read_done uri=nfs://DietPi.local/mnt/4TBP/Work/Arise2014/Arise%20Logo/Logo22-G.jpg bytes=34266 ms=3.9
NETWORK t= 28531.2ms dt=    0.6ms tid=ThreadId(78) read_start uri=nfs://DietPi.local/mnt/4TBP/Work/Arise2014/Arise%20Logo/Logo22-G2.jpg
NETWORK t= 28545.6ms dt=   14.4ms tid=ThreadId(78) nfs_helper_read_ok uri=nfs://DietPi.local/mnt/4TBP/Work/Arise2014/Arise%20Logo/Logo22-G2.jpg bytes=31181
NETWORK t= 28545.6ms dt=    0.0ms tid=ThreadId(78) read_done uri=nfs://DietPi.local/mnt/4TBP/Work/Arise2014/Arise%20Logo/Logo22-G2.jpg bytes=31181 ms=14.4
NETWORK t= 28546.2ms dt=    0.6ms tid=ThreadId(78) read_start uri=nfs://DietPi.local/mnt/4TBP/Work/Arise2014/Arise%20Logo/Arise.jpg
NETWORK t= 28603.3ms dt=   57.1ms tid=ThreadId(78) nfs_helper_read_ok uri=nfs://DietPi.local/mnt/4TBP/Work/Arise2014/Arise%20Logo/Arise.jpg bytes=92219
NETWORK t= 28603.3ms dt=    0.0ms tid=ThreadId(78) read_done uri=nfs://DietPi.local/mnt/4TBP/Work/Arise2014/Arise%20Logo/Arise.jpg bytes=92219 ms=57.1
NETWORK t= 28604.0ms dt=    0.6ms tid=ThreadId(78) read_start uri=nfs://DietPi.local/mnt/4TBP/Work/Arise2014/Arise%20Logo/Karin%20Silioutte/Arise-Silouette.png
NETWORK t= 28619.8ms dt=   15.8ms tid=ThreadId(78) nfs_helper_read_ok uri=nfs://DietPi.local/mnt/4TBP/Work/Arise2014/Arise%20Logo/Karin%20Silioutte/Arise-Silouette.png bytes=13934
NETWORK t= 28619.8ms dt=    0.0ms tid=ThreadId(78) read_done uri=nfs://DietPi.local/mnt/4TBP/Work/Arise2014/Arise%20Logo/Karin%20Silioutte/Arise-Silouette.png bytes=13934 ms=15.8
NETWORK t= 28620.4ms dt=    0.6ms tid=ThreadId(78) read_start uri=nfs://DietPi.local/mnt/4TBP/Work/Arise2014/Arise%20Logo/Forms/Arise-Registration-Form-2013-2.jpg
NETWORK t= 28649.7ms dt=   29.3ms tid=ThreadId(78) nfs_helper_read_ok uri=nfs://DietPi.local/mnt/4TBP/Work/Arise2014/Arise%20Logo/Forms/Arise-Registration-Form-2013-2.jpg bytes=796950
NETWORK t= 28649.7ms dt=    0.0ms tid=ThreadId(78) read_done uri=nfs://DietPi.local/mnt/4TBP/Work/Arise2014/Arise%20Logo/Forms/Arise-Registration-Form-2013-2.jpg bytes=796950 ms=29.3
NETWORK t= 28650.3ms dt=    0.6ms tid=ThreadId(78) read_start uri=nfs://DietPi.local/mnt/4TBP/Work/Arise2014/Arise%20Logo/Forms/Arise-Registration-Form-2013-6.jpg
NETWORK t= 28671.7ms dt=   21.4ms tid=ThreadId(78) nfs_helper_read_ok uri=nfs://DietPi.local/mnt/4TBP/Work/Arise2014/Arise%20Logo/Forms/Arise-Registration-Form-2013-6.jpg bytes=736785
NETWORK t= 28671.7ms dt=    0.0ms tid=ThreadId(78) read_done uri=nfs://DietPi.local/mnt/4TBP/Work/Arise2014/Arise%20Logo/Forms/Arise-Registration-Form-2013-6.jpg bytes=736785 ms=21.4
NETWORK t= 28672.3ms dt=    0.6ms tid=ThreadId(78) read_start uri=nfs://DietPi.local/mnt/4TBP/Work/Arise2014/Arise%20Logo/Forms/Arise-Registration-Form-2013-5.jpg
NETWORK t= 28689.6ms dt=   17.3ms tid=ThreadId(78) nfs_helper_read_ok uri=nfs://DietPi.local/mnt/4TBP/Work/Arise2014/Arise%20Logo/Forms/Arise-Registration-Form-2013-5.jpg bytes=774542
NETWORK t= 28689.7ms dt=    0.0ms tid=ThreadId(78) read_done uri=nfs://DietPi.local/mnt/4TBP/Work/Arise2014/Arise%20Logo/Forms/Arise-Registration-Form-2013-5.jpg bytes=774542 ms=17.3
NETWORK t= 28690.3ms dt=    0.6ms tid=ThreadId(78) read_start uri=nfs://DietPi.local/mnt/4TBP/Work/Arise2014/Arise%20Logo/Forms/Arise-Registration-Form-2013.jpg
NETWORK t= 28712.2ms dt=   21.9ms tid=ThreadId(78) nfs_helper_read_ok uri=nfs://DietPi.local/mnt/4TBP/Work/Arise2014/Arise%20Logo/Forms/Arise-Registration-Form-2013.jpg bytes=793755
NETWORK t= 28712.2ms dt=    0.0ms tid=ThreadId(78) read_done uri=nfs://DietPi.local/mnt/4TBP/Work/Arise2014/Arise%20Logo/Forms/Arise-Registration-Form-2013.jpg bytes=793755 ms=21.9
NETWORK t= 28714.3ms dt=    2.1ms tid=ThreadId(78) read_start uri=nfs://DietPi.local/mnt/4TBP/Work/Arise2014/Arise%20Logo/Forms/Arise-Registration-Form-2013-4.jpg
NETWORK t= 28742.2ms dt=   27.9ms tid=ThreadId(78) nfs_helper_read_ok uri=nfs://DietPi.local/mnt/4TBP/Work/Arise2014/Arise%20Logo/Forms/Arise-Registration-Form-2013-4.jpg bytes=759784
NETWORK t= 28742.2ms dt=    0.0ms tid=ThreadId(78) read_done uri=nfs://DietPi.local/mnt/4TBP/Work/Arise2014/Arise%20Logo/Forms/Arise-Registration-Form-2013-4.jpg bytes=759784 ms=27.9
NETWORK t= 28761.1ms dt=   18.9ms tid=ThreadId(78) read_start uri=nfs://DietPi.local/mnt/4TBP/Work/Arise2014/Arise%20Logo/Forms/Arise-Registration-Form-2013-3.jpg
NETWORK t= 28761.4ms dt=    0.3ms tid=ThreadId(634) grid_share_matched op=1 root=nfs://DietPi.local/mnt/4TBP/Work/Arise2014 descendants=60 matched=60
NETWORK t= 28762.9ms dt=    1.5ms tid=ThreadId(634) grid_share_scoped op=1 count=60
NETWORK t= 28786.7ms dt=   23.8ms tid=main grid_share_replace op=1 count=60 op=1
NETWORK t= 28786.8ms dt=    0.0ms tid=main gallery_replace_start op=1 count=60 cache_scoped=false progressive=false op=1
NETWORK t= 28787.6ms dt=    0.8ms tid=ThreadId(684) read_start uri=nfs://DietPi.local/mnt/4TBP/Work/Arise2014/Arise%20Logo/Logo22-G.jpg
NETWORK t= 28787.8ms dt=    0.2ms tid=ThreadId(685) read_start uri=nfs://DietPi.local/mnt/4TBP/Work/Arise2014/Arise%20Logo/Logo22-G2.jpg
NETWORK t= 28801.8ms dt=   14.0ms tid=ThreadId(78) nfs_helper_read_ok uri=nfs://DietPi.local/mnt/4TBP/Work/Arise2014/Arise%20Logo/Forms/Arise-Registration-Form-2013-3.jpg bytes=853373
NETWORK t= 28801.8ms dt=    0.0ms tid=ThreadId(78) read_done uri=nfs://DietPi.local/mnt/4TBP/Work/Arise2014/Arise%20Logo/Forms/Arise-Registration-Form-2013-3.jpg bytes=853373 ms=40.7
NETWORK t= 28802.1ms dt=    0.3ms tid=main grid_share_ready op=1 op=1
NETWORK t= 28802.6ms dt=    0.5ms tid=ThreadId(78) read_start uri=nfs://DietPi.local/mnt/4TBP/Work/Arise2014/Backgrounds/Bokeh-Dark-Pink-Small.jpg
NETWORK t= 28805.4ms dt=    2.8ms tid=ThreadId(684) nfs_helper_read_ok uri=nfs://DietPi.local/mnt/4TBP/Work/Arise2014/Arise%20Logo/Logo22-G.jpg bytes=34266
NETWORK t= 28805.4ms dt=    0.0ms tid=ThreadId(684) read_done uri=nfs://DietPi.local/mnt/4TBP/Work/Arise2014/Arise%20Logo/Logo22-G.jpg bytes=34266 ms=17.8
NETWORK t= 28808.6ms dt=    3.2ms tid=ThreadId(685) nfs_helper_read_ok uri=nfs://DietPi.local/mnt/4TBP/Work/Arise2014/Arise%20Logo/Logo22-G2.jpg bytes=31181
NETWORK t= 28808.7ms dt=    0.0ms tid=ThreadId(685) read_done uri=nfs://DietPi.local/mnt/4TBP/Work/Arise2014/Arise%20Logo/Logo22-G2.jpg bytes=31181 ms=20.9
NETWORK t= 28810.5ms dt=    1.8ms tid=ThreadId(684) materialize_start uri=nfs://DietPi.local/mnt/4TBP/Work/Arise2014/Arise%20Logo/Logo22-G.jpg
NETWORK t= 28810.5ms dt=    0.1ms tid=ThreadId(684) read_start uri=nfs://DietPi.local/mnt/4TBP/Work/Arise2014/Arise%20Logo/Logo22-G.jpg
NETWORK t= 28814.5ms dt=    3.9ms tid=ThreadId(685) materialize_start uri=nfs://DietPi.local/mnt/4TBP/Work/Arise2014/Arise%20Logo/Logo22-G2.jpg
NETWORK t= 28814.5ms dt=    0.1ms tid=ThreadId(685) read_start uri=nfs://DietPi.local/mnt/4TBP/Work/Arise2014/Arise%20Logo/Logo22-G2.jpg
NETWORK t= 28855.8ms dt=   41.3ms tid=ThreadId(78) nfs_helper_read_ok uri=nfs://DietPi.local/mnt/4TBP/Work/Arise2014/Backgrounds/Bokeh-Dark-Pink-Small.jpg bytes=12377
NETWORK t= 28855.8ms dt=    0.0ms tid=ThreadId(78) read_done uri=nfs://DietPi.local/mnt/4TBP/Work/Arise2014/Backgrounds/Bokeh-Dark-Pink-Small.jpg bytes=12377 ms=53.2
NETWORK t= 28856.5ms dt=    0.7ms tid=ThreadId(78) read_start uri=nfs://DietPi.local/mnt/4TBP/Work/Arise2014/Backgrounds/Bokeh-Dark-Turquise.jpg
NETWORK t= 28859.5ms dt=    3.0ms tid=ThreadId(684) nfs_helper_read_ok uri=nfs://DietPi.local/mnt/4TBP/Work/Arise2014/Arise%20Logo/Logo22-G.jpg bytes=34266
NETWORK t= 28859.5ms dt=    0.0ms tid=ThreadId(684) read_done uri=nfs://DietPi.local/mnt/4TBP/Work/Arise2014/Arise%20Logo/Logo22-G.jpg bytes=34266 ms=49.0
NETWORK t= 28859.7ms dt=    0.2ms tid=ThreadId(684) materialize_done uri=nfs://DietPi.local/mnt/4TBP/Work/Arise2014/Arise%20Logo/Logo22-G.jpg path=/home/peet/.cache/picasa-rs/source/p/93319bb3b777d3a707ec55389da9b605ac6b528d60e63d06e42ec91d0b32cf7e.jpg ms=49.2
NETWORK t= 28861.0ms dt=    1.2ms tid=ThreadId(684) read_start uri=nfs://DietPi.local/mnt/4TBP/Work/Arise2014/fonts/fonts/Castanea-Poster-1.png
NETWORK t= 28862.7ms dt=    1.7ms tid=ThreadId(685) nfs_helper_read_ok uri=nfs://DietPi.local/mnt/4TBP/Work/Arise2014/Arise%20Logo/Logo22-G2.jpg bytes=31181
NETWORK t= 28862.7ms dt=    0.0ms tid=ThreadId(685) read_done uri=nfs://DietPi.local/mnt/4TBP/Work/Arise2014/Arise%20Logo/Logo22-G2.jpg bytes=31181 ms=48.2
NETWORK t= 28862.9ms dt=    0.1ms tid=ThreadId(685) materialize_done uri=nfs://DietPi.local/mnt/4TBP/Work/Arise2014/Arise%20Logo/Logo22-G2.jpg path=/home/peet/.cache/picasa-rs/source/d/81917b24590f072d58210db3a788d866592700ecf8a00a61763c5d94a2c283cb.jpg ms=48.4
NETWORK t= 28864.3ms dt=    1.4ms tid=ThreadId(685) read_start uri=nfs://DietPi.local/mnt/4TBP/Work/Arise2014/fonts/fonts/Monsieur%20Le%20Chat%20Poster%201.png
NETWORK t= 28878.2ms dt=   13.9ms tid=ThreadId(78) nfs_helper_read_ok uri=nfs://DietPi.local/mnt/4TBP/Work/Arise2014/Backgrounds/Bokeh-Dark-Turquise.jpg bytes=360386
NETWORK t= 28878.2ms dt=    0.0ms tid=ThreadId(78) read_done uri=nfs://DietPi.local/mnt/4TBP/Work/Arise2014/Backgrounds/Bokeh-Dark-Turquise.jpg bytes=360386 ms=21.7
NETWORK t= 28878.9ms dt=    0.7ms tid=ThreadId(78) read_start uri=nfs://DietPi.local/mnt/4TBP/Work/Arise2014/Backgrounds/Bokeh-Dark-Pink.jpg
NETWORK t= 28889.7ms dt=   10.8ms tid=ThreadId(684) nfs_helper_read_ok uri=nfs://DietPi.local/mnt/4TBP/Work/Arise2014/fonts/fonts/Castanea-Poster-1.png bytes=504750
NETWORK t= 28889.7ms dt=    0.0ms tid=ThreadId(684) read_done uri=nfs://DietPi.local/mnt/4TBP/Work/Arise2014/fonts/fonts/Castanea-Poster-1.png bytes=504750 ms=28.7
NETWORK t= 28893.5ms dt=    3.9ms tid=ThreadId(684) materialize_start uri=nfs://DietPi.local/mnt/4TBP/Work/Arise2014/fonts/fonts/Castanea-Poster-1.png
NETWORK t= 28893.6ms dt=    0.1ms tid=ThreadId(684) read_start uri=nfs://DietPi.local/mnt/4TBP/Work/Arise2014/fonts/fonts/Castanea-Poster-1.png
NETWORK t= 28896.6ms dt=    3.0ms tid=ThreadId(685) nfs_helper_read_ok uri=nfs://DietPi.local/mnt/4TBP/Work/Arise2014/fonts/fonts/Monsieur%20Le%20Chat%20Poster%201.png bytes=228600
NETWORK t= 28896.6ms dt=    0.0ms tid=ThreadId(685) read_done uri=nfs://DietPi.local/mnt/4TBP/Work/Arise2014/fonts/fonts/Monsieur%20Le%20Chat%20Poster%201.png bytes=228600 ms=32.3
NETWORK t= 28898.3ms dt=    1.7ms tid=ThreadId(685) materialize_start uri=nfs://DietPi.local/mnt/4TBP/Work/Arise2014/fonts/fonts/Monsieur%20Le%20Chat%20Poster%201.png
NETWORK t= 28898.3ms dt=    0.1ms tid=ThreadId(685) read_start uri=nfs://DietPi.local/mnt/4TBP/Work/Arise2014/fonts/fonts/Monsieur%20Le%20Chat%20Poster%201.png
NETWORK t= 28915.5ms dt=   17.1ms tid=ThreadId(78) nfs_helper_read_ok uri=nfs://DietPi.local/mnt/4TBP/Work/Arise2014/Backgrounds/Bokeh-Dark-Pink.jpg bytes=452241
NETWORK t= 28915.5ms dt=    0.0ms tid=ThreadId(78) read_done uri=nfs://DietPi.local/mnt/4TBP/Work/Arise2014/Backgrounds/Bokeh-Dark-Pink.jpg bytes=452241 ms=36.6
NETWORK t= 28916.1ms dt=    0.6ms tid=ThreadId(78) read_start uri=nfs://DietPi.local/mnt/4TBP/Work/Arise2014/Backgrounds/Bokeh-Pink.jpg
NETWORK t= 28927.4ms dt=   11.4ms tid=ThreadId(684) nfs_helper_read_ok uri=nfs://DietPi.local/mnt/4TBP/Work/Arise2014/fonts/fonts/Castanea-Poster-1.png bytes=504750
NETWORK t= 28927.4ms dt=    0.0ms tid=ThreadId(684) read_done uri=nfs://DietPi.local/mnt/4TBP/Work/Arise2014/fonts/fonts/Castanea-Poster-1.png bytes=504750 ms=33.8
NETWORK t= 28927.6ms dt=    0.2ms tid=ThreadId(684) materialize_done uri=nfs://DietPi.local/mnt/4TBP/Work/Arise2014/fonts/fonts/Castanea-Poster-1.png path=/home/peet/.cache/picasa-rs/source/g/1f6c2a95f3c7497549f127cb2fbc14415c518beed5c7d8c004b8cd8e3e2063f7.png ms=34.0
NETWORK t= 28930.0ms dt=    2.4ms tid=ThreadId(684) read_start uri=nfs://DietPi.local/mnt/4TBP/Work/Arise2014/fonts/fonts/remachine_flag.png
NETWORK t= 28934.1ms dt=    4.1ms tid=ThreadId(685) nfs_helper_read_ok uri=nfs://DietPi.local/mnt/4TBP/Work/Arise2014/fonts/fonts/Monsieur%20Le%20Chat%20Poster%201.png bytes=228600
NETWORK t= 28934.1ms dt=    0.0ms tid=ThreadId(685) read_done uri=nfs://DietPi.local/mnt/4TBP/Work/Arise2014/fonts/fonts/Monsieur%20Le%20Chat%20Poster%201.png bytes=228600 ms=35.8
NETWORK t= 28934.2ms dt=    0.1ms tid=ThreadId(685) materialize_done uri=nfs://DietPi.local/mnt/4TBP/Work/Arise2014/fonts/fonts/Monsieur%20Le%20Chat%20Poster%201.png path=/home/peet/.cache/picasa-rs/source/p/6949967a5ead068da065b01c163fa873c51498bf6bd7a0ed5d2c807957b80aa2.png ms=35.9
NETWORK t= 28936.4ms dt=    2.2ms tid=ThreadId(685) read_start uri=nfs://DietPi.local/mnt/4TBP/Work/Arise2014/fonts/fonts/show.png
NETWORK t= 28956.1ms dt=   19.6ms tid=ThreadId(78) nfs_helper_read_ok uri=nfs://DietPi.local/mnt/4TBP/Work/Arise2014/Backgrounds/Bokeh-Pink.jpg bytes=370460
NETWORK t= 28956.1ms dt=    0.0ms tid=ThreadId(78) read_done uri=nfs://DietPi.local/mnt/4TBP/Work/Arise2014/Backgrounds/Bokeh-Pink.jpg bytes=370460 ms=40.0
NETWORK t= 28956.8ms dt=    0.7ms tid=ThreadId(78) read_start uri=nfs://DietPi.local/mnt/4TBP/Work/Arise2014/Backgrounds/Bokeh-Turquise.jpg
NETWORK t= 28961.7ms dt=    5.0ms tid=ThreadId(684) nfs_helper_read_ok uri=nfs://DietPi.local/mnt/4TBP/Work/Arise2014/fonts/fonts/remachine_flag.png bytes=164239
NETWORK t= 28961.8ms dt=    0.0ms tid=ThreadId(684) read_done uri=nfs://DietPi.local/mnt/4TBP/Work/Arise2014/fonts/fonts/remachine_flag.png bytes=164239 ms=31.7
NETWORK t= 28963.3ms dt=    1.5ms tid=ThreadId(684) materialize_start uri=nfs://DietPi.local/mnt/4TBP/Work/Arise2014/fonts/fonts/remachine_flag.png
NETWORK t= 28963.4ms dt=    0.1ms tid=ThreadId(684) read_start uri=nfs://DietPi.local/mnt/4TBP/Work/Arise2014/fonts/fonts/remachine_flag.png
NETWORK t= 28964.9ms dt=    1.5ms tid=ThreadId(685) nfs_helper_read_ok uri=nfs://DietPi.local/mnt/4TBP/Work/Arise2014/fonts/fonts/show.png bytes=19393
NETWORK t= 28964.9ms dt=    0.0ms tid=ThreadId(685) read_done uri=nfs://DietPi.local/mnt/4TBP/Work/Arise2014/fonts/fonts/show.png bytes=19393 ms=28.4
NETWORK t= 28965.1ms dt=    0.2ms tid=ThreadId(685) materialize_start uri=nfs://DietPi.local/mnt/4TBP/Work/Arise2014/fonts/fonts/show.png
NETWORK t= 28965.1ms dt=    0.1ms tid=ThreadId(685) read_start uri=nfs://DietPi.local/mnt/4TBP/Work/Arise2014/fonts/fonts/show.png
NETWORK t= 28974.7ms dt=    9.6ms tid=ThreadId(78) nfs_helper_read_ok uri=nfs://DietPi.local/mnt/4TBP/Work/Arise2014/Backgrounds/Bokeh-Turquise.jpg bytes=338756
NETWORK t= 28974.8ms dt=    0.0ms tid=ThreadId(78) read_done uri=nfs://DietPi.local/mnt/4TBP/Work/Arise2014/Backgrounds/Bokeh-Turquise.jpg bytes=338756 ms=18.0
NETWORK t= 28975.5ms dt=    0.7ms tid=ThreadId(78) read_start uri=nfs://DietPi.local/mnt/4TBP/Work/Arise2014/Backgrounds/Bokeh-Blue.jpg
NETWORK t= 28980.2ms dt=    4.7ms tid=ThreadId(684) nfs_helper_read_ok uri=nfs://DietPi.local/mnt/4TBP/Work/Arise2014/fonts/fonts/remachine_flag.png bytes=164239
NETWORK t= 28980.2ms dt=    0.0ms tid=ThreadId(684) read_done uri=nfs://DietPi.local/mnt/4TBP/Work/Arise2014/fonts/fonts/remachine_flag.png bytes=164239 ms=16.8
NETWORK t= 28980.3ms dt=    0.1ms tid=ThreadId(684) materialize_done uri=nfs://DietPi.local/mnt/4TBP/Work/Arise2014/fonts/fonts/remachine_flag.png path=/home/peet/.cache/picasa-rs/source/s/26a44d8463295dd91859cef269cf7da6ce9bd6a133676742d55af77c0af3a0ee.png ms=17.0
NETWORK t= 28983.2ms dt=    2.9ms tid=ThreadId(685) nfs_helper_read_ok uri=nfs://DietPi.local/mnt/4TBP/Work/Arise2014/fonts/fonts/show.png bytes=19393
NETWORK t= 28983.3ms dt=    0.0ms tid=ThreadId(685) read_done uri=nfs://DietPi.local/mnt/4TBP/Work/Arise2014/fonts/fonts/show.png bytes=19393 ms=18.1
NETWORK t= 28983.4ms dt=    0.1ms tid=ThreadId(685) materialize_done uri=nfs://DietPi.local/mnt/4TBP/Work/Arise2014/fonts/fonts/show.png path=/home/peet/.cache/picasa-rs/source/0/c2c4535f9d6d2572c47a458c6e9fb2d2f6ebec9f0ce7b18a8af3a33f60f4ceaa.png ms=18.3
NETWORK t= 28984.3ms dt=    0.9ms tid=ThreadId(684) read_start uri=nfs://DietPi.local/mnt/4TBP/Work/Arise2014/fonts/fonts/show2.png
NETWORK t= 28984.5ms dt=    0.3ms tid=ThreadId(685) read_start uri=nfs://DietPi.local/mnt/4TBP/Work/Arise2014/Arise%20Logo/Arise.jpg
NETWORK t= 28992.5ms dt=    8.0ms tid=ThreadId(78) nfs_helper_read_ok uri=nfs://DietPi.local/mnt/4TBP/Work/Arise2014/Backgrounds/Bokeh-Blue.jpg bytes=327165
NETWORK t= 28992.6ms dt=    0.0ms tid=ThreadId(78) read_done uri=nfs://DietPi.local/mnt/4TBP/Work/Arise2014/Backgrounds/Bokeh-Blue.jpg bytes=327165 ms=17.1
NETWORK t= 28993.2ms dt=    0.6ms tid=ThreadId(78) read_start uri=nfs://DietPi.local/mnt/4TBP/Work/Arise2014/inDesign/Poster%20A3-YouAre.jpg
NETWORK t= 28996.9ms dt=    3.7ms tid=ThreadId(684) nfs_helper_read_ok uri=nfs://DietPi.local/mnt/4TBP/Work/Arise2014/fonts/fonts/show2.png bytes=108854
NETWORK t= 28996.9ms dt=    0.0ms tid=ThreadId(684) read_done uri=nfs://DietPi.local/mnt/4TBP/Work/Arise2014/fonts/fonts/show2.png bytes=108854 ms=12.6
NETWORK t= 28998.2ms dt=    1.3ms tid=ThreadId(684) materialize_start uri=nfs://DietPi.local/mnt/4TBP/Work/Arise2014/fonts/fonts/show2.png
NETWORK t= 28998.3ms dt=    0.1ms tid=ThreadId(684) read_start uri=nfs://DietPi.local/mnt/4TBP/Work/Arise2014/fonts/fonts/show2.png
NETWORK t= 29001.2ms dt=    2.9ms tid=ThreadId(685) nfs_helper_read_ok uri=nfs://DietPi.local/mnt/4TBP/Work/Arise2014/Arise%20Logo/Arise.jpg bytes=92219
NETWORK t= 29001.2ms dt=    0.0ms tid=ThreadId(685) read_done uri=nfs://DietPi.local/mnt/4TBP/Work/Arise2014/Arise%20Logo/Arise.jpg bytes=92219 ms=16.6
NETWORK t= 29003.9ms dt=    2.7ms tid=ThreadId(685) materialize_start uri=nfs://DietPi.local/mnt/4TBP/Work/Arise2014/Arise%20Logo/Arise.jpg
NETWORK t= 29004.0ms dt=    0.1ms tid=ThreadId(685) read_start uri=nfs://DietPi.local/mnt/4TBP/Work/Arise2014/Arise%20Logo/Arise.jpg
NETWORK t= 29094.1ms dt=   90.1ms tid=ThreadId(78) nfs_helper_read_ok uri=nfs://DietPi.local/mnt/4TBP/Work/Arise2014/inDesign/Poster%20A3-YouAre.jpg bytes=3730353
NETWORK t= 29094.1ms dt=    0.0ms tid=ThreadId(78) read_done uri=nfs://DietPi.local/mnt/4TBP/Work/Arise2014/inDesign/Poster%20A3-YouAre.jpg bytes=3730353 ms=100.9
NETWORK t= 29096.0ms dt=    1.9ms tid=ThreadId(78) read_start uri=nfs://DietPi.local/mnt/4TBP/Work/Arise2014/inDesign/Arise%20CD%20Cover.jpg
NETWORK t= 29098.9ms dt=    2.9ms tid=ThreadId(684) nfs_helper_read_ok uri=nfs://DietPi.local/mnt/4TBP/Work/Arise2014/fonts/fonts/show2.png bytes=108854
NETWORK t= 29098.9ms dt=    0.0ms tid=ThreadId(684) read_done uri=nfs://DietPi.local/mnt/4TBP/Work/Arise2014/fonts/fonts/show2.png bytes=108854 ms=100.6
NETWORK t= 29099.0ms dt=    0.1ms tid=ThreadId(684) materialize_done uri=nfs://DietPi.local/mnt/4TBP/Work/Arise2014/fonts/fonts/show2.png path=/home/peet/.cache/picasa-rs/source/s/307cf3007bbb9501e606409819ca2dcf40efec7828c0b23703662d3a17b33e97.png ms=100.8
NETWORK t= 29102.1ms dt=    3.1ms tid=ThreadId(684) read_start uri=nfs://DietPi.local/mnt/4TBP/Work/Arise2014/fonts/fonts/Clair%20De%20Lune%20Poster%204.png
NETWORK t= 29103.3ms dt=    1.2ms tid=ThreadId(685) nfs_helper_read_ok uri=nfs://DietPi.local/mnt/4TBP/Work/Arise2014/Arise%20Logo/Arise.jpg bytes=92219
NETWORK t= 29103.3ms dt=    0.0ms tid=ThreadId(685) read_done uri=nfs://DietPi.local/mnt/4TBP/Work/Arise2014/Arise%20Logo/Arise.jpg bytes=92219 ms=99.3
NETWORK t= 29103.5ms dt=    0.1ms tid=ThreadId(685) materialize_done uri=nfs://DietPi.local/mnt/4TBP/Work/Arise2014/Arise%20Logo/Arise.jpg path=/home/peet/.cache/picasa-rs/source/e/5f42227417b791b7f841b0957127bbe7e65f0e97b5b66c6bc0cf08abaef10920.jpg ms=99.5
NETWORK t= 29106.3ms dt=    2.8ms tid=ThreadId(685) read_start uri=nfs://DietPi.local/mnt/4TBP/Work/Arise2014/fonts/fonts/All%20Over%20Again%20(Lower%20Case)%20Image.png
NETWORK t= 29112.4ms dt=    6.1ms tid=ThreadId(78) nfs_helper_read_ok uri=nfs://DietPi.local/mnt/4TBP/Work/Arise2014/inDesign/Arise%20CD%20Cover.jpg bytes=308706
NETWORK t= 29112.4ms dt=    0.0ms tid=ThreadId(78) read_done uri=nfs://DietPi.local/mnt/4TBP/Work/Arise2014/inDesign/Arise%20CD%20Cover.jpg bytes=308706 ms=16.3
NETWORK t= 29113.0ms dt=    0.7ms tid=ThreadId(78) read_start uri=nfs://DietPi.local/mnt/4TBP/Work/Arise2014/inDesign/DVD%20Label%20Inside.jpg
NETWORK t= 29116.8ms dt=    3.8ms tid=ThreadId(684) nfs_helper_read_ok uri=nfs://DietPi.local/mnt/4TBP/Work/Arise2014/fonts/fonts/Clair%20De%20Lune%20Poster%204.png bytes=131010
NETWORK t= 29116.8ms dt=    0.0ms tid=ThreadId(684) read_done uri=nfs://DietPi.local/mnt/4TBP/Work/Arise2014/fonts/fonts/Clair%20De%20Lune%20Poster%204.png bytes=131010 ms=14.7
NETWORK t= 29120.3ms dt=    3.4ms tid=ThreadId(684) materialize_start uri=nfs://DietPi.local/mnt/4TBP/Work/Arise2014/fonts/fonts/Clair%20De%20Lune%20Poster%204.png
NETWORK t= 29120.3ms dt=    0.1ms tid=ThreadId(684) read_start uri=nfs://DietPi.local/mnt/4TBP/Work/Arise2014/fonts/fonts/Clair%20De%20Lune%20Poster%204.png
NETWORK t= 29131.3ms dt=   11.0ms tid=ThreadId(685) nfs_helper_read_ok uri=nfs://DietPi.local/mnt/4TBP/Work/Arise2014/fonts/fonts/All%20Over%20Again%20(Lower%20Case)%20Image.png bytes=639574
NETWORK t= 29131.3ms dt=    0.0ms tid=ThreadId(685) read_done uri=nfs://DietPi.local/mnt/4TBP/Work/Arise2014/fonts/fonts/All%20Over%20Again%20(Lower%20Case)%20Image.png bytes=639574 ms=25.0
NETWORK t= 29134.7ms dt=    3.4ms tid=ThreadId(685) materialize_start uri=nfs://DietPi.local/mnt/4TBP/Work/Arise2014/fonts/fonts/All%20Over%20Again%20(Lower%20Case)%20Image.png
NETWORK t= 29134.7ms dt=    0.1ms tid=ThreadId(685) read_start uri=nfs://DietPi.local/mnt/4TBP/Work/Arise2014/fonts/fonts/All%20Over%20Again%20(Lower%20Case)%20Image.png
NETWORK t= 29140.2ms dt=    5.4ms tid=ThreadId(78) nfs_helper_read_ok uri=nfs://DietPi.local/mnt/4TBP/Work/Arise2014/inDesign/DVD%20Label%20Inside.jpg bytes=283338
NETWORK t= 29140.2ms dt=    0.0ms tid=ThreadId(78) read_done uri=nfs://DietPi.local/mnt/4TBP/Work/Arise2014/inDesign/DVD%20Label%20Inside.jpg bytes=283338 ms=27.1
NETWORK t= 29141.0ms dt=    0.8ms tid=ThreadId(78) read_start uri=nfs://DietPi.local/mnt/4TBP/Work/Arise2014/inDesign/Arise%20CD%20Cover2.jpg
NETWORK t= 29144.8ms dt=    3.8ms tid=ThreadId(684) nfs_helper_read_ok uri=nfs://DietPi.local/mnt/4TBP/Work/Arise2014/fonts/fonts/Clair%20De%20Lune%20Poster%204.png bytes=131010
NETWORK t= 29144.8ms dt=    0.0ms tid=ThreadId(684) read_done uri=nfs://DietPi.local/mnt/4TBP/Work/Arise2014/fonts/fonts/Clair%20De%20Lune%20Poster%204.png bytes=131010 ms=24.5
NETWORK t= 29145.0ms dt=    0.1ms tid=ThreadId(684) materialize_done uri=nfs://DietPi.local/mnt/4TBP/Work/Arise2014/fonts/fonts/Clair%20De%20Lune%20Poster%204.png path=/home/peet/.cache/picasa-rs/source/n/f96b0b41af742a813e27f14dc93fb82b8a93132d7cd3d05b2aa4b0695d7968b0.png ms=24.7
NETWORK t= 29149.0ms dt=    4.0ms tid=ThreadId(684) read_start uri=nfs://DietPi.local/mnt/4TBP/Work/Arise2014/fonts/fonts/Formosa%20Poster%202.png
NETWORK t= 29158.9ms dt=    9.9ms tid=ThreadId(685) nfs_helper_read_ok uri=nfs://DietPi.local/mnt/4TBP/Work/Arise2014/fonts/fonts/All%20Over%20Again%20(Lower%20Case)%20Image.png bytes=639574
NETWORK t= 29158.9ms dt=    0.0ms tid=ThreadId(685) read_done uri=nfs://DietPi.local/mnt/4TBP/Work/Arise2014/fonts/fonts/All%20Over%20Again%20(Lower%20Case)%20Image.png bytes=639574 ms=24.1
NETWORK t= 29159.1ms dt=    0.2ms tid=ThreadId(685) materialize_done uri=nfs://DietPi.local/mnt/4TBP/Work/Arise2014/fonts/fonts/All%20Over%20Again%20(Lower%20Case)%20Image.png path=/home/peet/.cache/picasa-rs/source/4/c8208bff08022bfc05ff44b2502ef376f33c915df6f5942e5b37b5c4be4a89a9.png ms=24.4
NETWORK t= 29162.4ms dt=    3.3ms tid=ThreadId(685) read_start uri=nfs://DietPi.local/mnt/4TBP/Work/Arise2014/fonts/fonts/MyValentineLover_fontscafe-dot-com.png
NETWORK t= 29194.1ms dt=   31.6ms tid=ThreadId(78) nfs_helper_read_ok uri=nfs://DietPi.local/mnt/4TBP/Work/Arise2014/inDesign/Arise%20CD%20Cover2.jpg bytes=307172
NETWORK t= 29194.1ms dt=    0.0ms tid=ThreadId(78) read_done uri=nfs://DietPi.local/mnt/4TBP/Work/Arise2014/inDesign/Arise%20CD%20Cover2.jpg bytes=307172 ms=53.1
NETWORK t= 29195.0ms dt=    0.9ms tid=ThreadId(78) read_start uri=nfs://DietPi.local/mnt/4TBP/Work/Arise2014/inDesign/Poster%20A3-Arise.jpg
NETWORK t= 29205.7ms dt=   10.7ms tid=ThreadId(684) nfs_helper_read_ok uri=nfs://DietPi.local/mnt/4TBP/Work/Arise2014/fonts/fonts/Formosa%20Poster%202.png bytes=491617
NETWORK t= 29205.7ms dt=    0.0ms tid=ThreadId(684) read_done uri=nfs://DietPi.local/mnt/4TBP/Work/Arise2014/fonts/fonts/Formosa%20Poster%202.png bytes=491617 ms=56.7
NETWORK t= 29208.1ms dt=    2.4ms tid=ThreadId(684) materialize_start uri=nfs://DietPi.local/mnt/4TBP/Work/Arise2014/fonts/fonts/Formosa%20Poster%202.png
NETWORK t= 29208.2ms dt=    0.1ms tid=ThreadId(684) read_start uri=nfs://DietPi.local/mnt/4TBP/Work/Arise2014/fonts/fonts/Formosa%20Poster%202.png
NETWORK t= 29235.4ms dt=   27.2ms tid=ThreadId(685) nfs_helper_read_ok uri=nfs://DietPi.local/mnt/4TBP/Work/Arise2014/fonts/fonts/MyValentineLover_fontscafe-dot-com.png bytes=1469033
NETWORK t= 29235.4ms dt=    0.0ms tid=ThreadId(685) read_done uri=nfs://DietPi.local/mnt/4TBP/Work/Arise2014/fonts/fonts/MyValentineLover_fontscafe-dot-com.png bytes=1469033 ms=73.0
NETWORK t= 29245.4ms dt=    9.9ms tid=ThreadId(685) materialize_start uri=nfs://DietPi.local/mnt/4TBP/Work/Arise2014/fonts/fonts/MyValentineLover_fontscafe-dot-com.png
NETWORK t= 29245.4ms dt=    0.1ms tid=ThreadId(685) read_start uri=nfs://DietPi.local/mnt/4TBP/Work/Arise2014/fonts/fonts/MyValentineLover_fontscafe-dot-com.png
NETWORK t= 29301.8ms dt=   56.4ms tid=ThreadId(78) nfs_helper_read_ok uri=nfs://DietPi.local/mnt/4TBP/Work/Arise2014/inDesign/Poster%20A3-Arise.jpg bytes=3485682
NETWORK t= 29301.9ms dt=    0.0ms tid=ThreadId(78) read_done uri=nfs://DietPi.local/mnt/4TBP/Work/Arise2014/inDesign/Poster%20A3-Arise.jpg bytes=3485682 ms=106.8
NETWORK t= 29304.6ms dt=    2.7ms tid=ThreadId(78) read_start uri=nfs://DietPi.local/mnt/4TBP/Work/Arise2014/inDesign/BCards.jpg
NETWORK t= 29313.1ms dt=    8.5ms tid=ThreadId(684) nfs_helper_read_ok uri=nfs://DietPi.local/mnt/4TBP/Work/Arise2014/fonts/fonts/Formosa%20Poster%202.png bytes=491617
NETWORK t= 29313.1ms dt=    0.0ms tid=ThreadId(684) read_done uri=nfs://DietPi.local/mnt/4TBP/Work/Arise2014/fonts/fonts/Formosa%20Poster%202.png bytes=491617 ms=104.9
NETWORK t= 29313.4ms dt=    0.2ms tid=ThreadId(684) materialize_done uri=nfs://DietPi.local/mnt/4TBP/Work/Arise2014/fonts/fonts/Formosa%20Poster%202.png path=/home/peet/.cache/picasa-rs/source/b/dbb3d03c0782f6dae0455ba93ebbc04d37a873be340d44fe6521418a2f3ba0fa.png ms=105.2
NETWORK t= 29315.8ms dt=    2.5ms tid=ThreadId(684) read_start uri=nfs://DietPi.local/mnt/4TBP/Work/Arise2014/fonts/fonts/phraell_poster.png
NETWORK t= 29342.4ms dt=   26.6ms tid=ThreadId(685) nfs_helper_read_ok uri=nfs://DietPi.local/mnt/4TBP/Work/Arise2014/fonts/fonts/MyValentineLover_fontscafe-dot-com.png bytes=1469033
NETWORK t= 29342.4ms dt=    0.0ms tid=ThreadId(685) read_done uri=nfs://DietPi.local/mnt/4TBP/Work/Arise2014/fonts/fonts/MyValentineLover_fontscafe-dot-com.png bytes=1469033 ms=97.0
NETWORK t= 29342.7ms dt=    0.3ms tid=ThreadId(685) materialize_done uri=nfs://DietPi.local/mnt/4TBP/Work/Arise2014/fonts/fonts/MyValentineLover_fontscafe-dot-com.png path=/home/peet/.cache/picasa-rs/source/j/84d3dbb95e3bc4d71cd15776d2928652dc6e8beccdf0fcc61283c8ed8ea13c20.png ms=97.3
NETWORK t= 29346.7ms dt=    4.0ms tid=ThreadId(685) read_start uri=nfs://DietPi.local/mnt/4TBP/Work/Arise2014/fonts/fonts/Deco%20Pimp%20Image.png
NETWORK t= 29378.5ms dt=   31.8ms tid=ThreadId(78) nfs_helper_read_ok uri=nfs://DietPi.local/mnt/4TBP/Work/Arise2014/inDesign/BCards.jpg bytes=891747
NETWORK t= 29378.6ms dt=    0.0ms tid=ThreadId(78) read_done uri=nfs://DietPi.local/mnt/4TBP/Work/Arise2014/inDesign/BCards.jpg bytes=891747 ms=74.0
NETWORK t= 29379.6ms dt=    1.1ms tid=ThreadId(78) read_start uri=nfs://DietPi.local/mnt/4TBP/Work/Arise2014/inDesign/Poster%20A3-AriseFina2l.jpg
NETWORK t= 29389.1ms dt=    9.5ms tid=ThreadId(684) nfs_helper_read_ok uri=nfs://DietPi.local/mnt/4TBP/Work/Arise2014/fonts/fonts/phraell_poster.png bytes=422358
NETWORK t= 29389.1ms dt=    0.0ms tid=ThreadId(684) read_done uri=nfs://DietPi.local/mnt/4TBP/Work/Arise2014/fonts/fonts/phraell_poster.png bytes=422358 ms=73.3
NETWORK t= 29395.4ms dt=    6.3ms tid=ThreadId(684) materialize_start uri=nfs://DietPi.local/mnt/4TBP/Work/Arise2014/fonts/fonts/phraell_poster.png
NETWORK t= 29395.5ms dt=    0.1ms tid=ThreadId(684) read_start uri=nfs://DietPi.local/mnt/4TBP/Work/Arise2014/fonts/fonts/phraell_poster.png
NETWORK t= 29396.3ms dt=    0.7ms tid=ThreadId(685) nfs_helper_read_ok uri=nfs://DietPi.local/mnt/4TBP/Work/Arise2014/fonts/fonts/Deco%20Pimp%20Image.png bytes=253131
NETWORK t= 29396.3ms dt=    0.0ms tid=ThreadId(685) read_done uri=nfs://DietPi.local/mnt/4TBP/Work/Arise2014/fonts/fonts/Deco%20Pimp%20Image.png bytes=253131 ms=49.5
NETWORK t= 29398.7ms dt=    2.5ms tid=ThreadId(685) materialize_start uri=nfs://DietPi.local/mnt/4TBP/Work/Arise2014/fonts/fonts/Deco%20Pimp%20Image.png
NETWORK t= 29398.8ms dt=    0.1ms tid=ThreadId(685) read_start uri=nfs://DietPi.local/mnt/4TBP/Work/Arise2014/fonts/fonts/Deco%20Pimp%20Image.png
NETWORK t= 29442.9ms dt=   44.1ms tid=ThreadId(78) nfs_helper_read_ok uri=nfs://DietPi.local/mnt/4TBP/Work/Arise2014/inDesign/Poster%20A3-AriseFina2l.jpg bytes=1933915
NETWORK t= 29442.9ms dt=    0.0ms tid=ThreadId(78) read_done uri=nfs://DietPi.local/mnt/4TBP/Work/Arise2014/inDesign/Poster%20A3-AriseFina2l.jpg bytes=1933915 ms=63.3
NETWORK t= 29444.2ms dt=    1.2ms tid=ThreadId(78) read_start uri=nfs://DietPi.local/mnt/4TBP/Work/Arise2014/inDesign/BCard.jpg
NETWORK t= 29452.9ms dt=    8.7ms tid=ThreadId(684) nfs_helper_read_ok uri=nfs://DietPi.local/mnt/4TBP/Work/Arise2014/fonts/fonts/phraell_poster.png bytes=422358
NETWORK t= 29452.9ms dt=    0.0ms tid=ThreadId(684) read_done uri=nfs://DietPi.local/mnt/4TBP/Work/Arise2014/fonts/fonts/phraell_poster.png bytes=422358 ms=57.4
NETWORK t= 29453.1ms dt=    0.1ms tid=ThreadId(684) materialize_done uri=nfs://DietPi.local/mnt/4TBP/Work/Arise2014/fonts/fonts/phraell_poster.png path=/home/peet/.cache/picasa-rs/source/9/a22da4684565c144000bcd5a61b4a315a35cc74aebc40023b00c826e3f10574b.png ms=57.6
NETWORK t= 29455.5ms dt=    2.5ms tid=ThreadId(684) read_start uri=nfs://DietPi.local/mnt/4TBP/Work/Arise2014/fonts/fonts/Babysitter%20Poster.png
NETWORK t= 29459.6ms dt=    4.1ms tid=ThreadId(685) nfs_helper_read_ok uri=nfs://DietPi.local/mnt/4TBP/Work/Arise2014/fonts/fonts/Deco%20Pimp%20Image.png bytes=253131
NETWORK t= 29459.7ms dt=    0.0ms tid=ThreadId(685) read_done uri=nfs://DietPi.local/mnt/4TBP/Work/Arise2014/fonts/fonts/Deco%20Pimp%20Image.png bytes=253131 ms=60.8
NETWORK t= 29459.8ms dt=    0.2ms tid=ThreadId(685) materialize_done uri=nfs://DietPi.local/mnt/4TBP/Work/Arise2014/fonts/fonts/Deco%20Pimp%20Image.png path=/home/peet/.cache/picasa-rs/source/3/5e3b996b5ec791023f808a67f38371cfb85c1efdb1cb5ee9bfd0a69905ac2cac.png ms=61.1
NETWORK t= 29462.7ms dt=    2.8ms tid=ThreadId(685) read_start uri=nfs://DietPi.local/mnt/4TBP/Work/Arise2014/Arise%20Logo/Forms/Arise-Registration-Form-2013-2.jpg
NETWORK t= 29493.6ms dt=   31.0ms tid=ThreadId(78) nfs_helper_read_ok uri=nfs://DietPi.local/mnt/4TBP/Work/Arise2014/inDesign/BCard.jpg bytes=1037883
NETWORK t= 29493.7ms dt=    0.0ms tid=ThreadId(78) read_done uri=nfs://DietPi.local/mnt/4TBP/Work/Arise2014/inDesign/BCard.jpg bytes=1037883 ms=49.5
NETWORK t= 29494.7ms dt=    1.0ms tid=ThreadId(78) read_start uri=nfs://DietPi.local/mnt/4TBP/Work/Arise2014/inDesign/Poster%20A3-AriseFinal.jpg
NETWORK t= 29498.0ms dt=    3.3ms tid=ThreadId(684) nfs_helper_read_ok uri=nfs://DietPi.local/mnt/4TBP/Work/Arise2014/fonts/fonts/Babysitter%20Poster.png bytes=106999
NETWORK t= 29498.0ms dt=    0.0ms tid=ThreadId(684) read_done uri=nfs://DietPi.local/mnt/4TBP/Work/Arise2014/fonts/fonts/Babysitter%20Poster.png bytes=106999 ms=42.4
NETWORK t= 29499.3ms dt=    1.3ms tid=ThreadId(684) materialize_start uri=nfs://DietPi.local/mnt/4TBP/Work/Arise2014/fonts/fonts/Babysitter%20Poster.png
NETWORK t= 29499.3ms dt=    0.0ms tid=ThreadId(684) read_start uri=nfs://DietPi.local/mnt/4TBP/Work/Arise2014/fonts/fonts/Babysitter%20Poster.png
NETWORK t= 29515.7ms dt=   16.3ms tid=ThreadId(685) nfs_helper_read_ok uri=nfs://DietPi.local/mnt/4TBP/Work/Arise2014/Arise%20Logo/Forms/Arise-Registration-Form-2013-2.jpg bytes=796950
NETWORK t= 29515.7ms dt=    0.0ms tid=ThreadId(685) read_done uri=nfs://DietPi.local/mnt/4TBP/Work/Arise2014/Arise%20Logo/Forms/Arise-Registration-Form-2013-2.jpg bytes=796950 ms=53.0
NETWORK t= 29561.1ms dt=   45.3ms tid=ThreadId(78) nfs_helper_read_ok uri=nfs://DietPi.local/mnt/4TBP/Work/Arise2014/inDesign/Poster%20A3-AriseFinal.jpg bytes=1940760
NETWORK t= 29561.1ms dt=    0.0ms tid=ThreadId(78) read_done uri=nfs://DietPi.local/mnt/4TBP/Work/Arise2014/inDesign/Poster%20A3-AriseFinal.jpg bytes=1940760 ms=66.4
NETWORK t= 29562.7ms dt=    1.6ms tid=ThreadId(78) read_start uri=nfs://DietPi.local/mnt/4TBP/Work/Arise2014/inDesign/Arise%20Letter.jpg
NETWORK t= 29565.4ms dt=    2.7ms tid=ThreadId(684) nfs_helper_read_ok uri=nfs://DietPi.local/mnt/4TBP/Work/Arise2014/fonts/fonts/Babysitter%20Poster.png bytes=106999
NETWORK t= 29565.4ms dt=    0.0ms tid=ThreadId(684) read_done uri=nfs://DietPi.local/mnt/4TBP/Work/Arise2014/fonts/fonts/Babysitter%20Poster.png bytes=106999 ms=66.0
NETWORK t= 29565.6ms dt=    0.2ms tid=ThreadId(684) materialize_done uri=nfs://DietPi.local/mnt/4TBP/Work/Arise2014/fonts/fonts/Babysitter%20Poster.png path=/home/peet/.cache/picasa-rs/source/l/edbd7b9c549e2e8b345789d5d150f57f396e024c29b3ead7d8d5a158c0439718.png ms=66.2
NETWORK t= 29568.0ms dt=    2.5ms tid=ThreadId(684) read_start uri=nfs://DietPi.local/mnt/4TBP/Work/Arise2014/fonts/fonts/phraell_flag.png
NETWORK t= 29576.4ms dt=    8.4ms tid=ThreadId(685) materialize_start uri=nfs://DietPi.local/mnt/4TBP/Work/Arise2014/Arise%20Logo/Forms/Arise-Registration-Form-2013-2.jpg
NETWORK t= 29576.5ms dt=    0.1ms tid=ThreadId(685) read_start uri=nfs://DietPi.local/mnt/4TBP/Work/Arise2014/Arise%20Logo/Forms/Arise-Registration-Form-2013-2.jpg
NETWORK t= 29590.8ms dt=   14.3ms tid=ThreadId(78) nfs_helper_read_ok uri=nfs://DietPi.local/mnt/4TBP/Work/Arise2014/inDesign/Arise%20Letter.jpg bytes=1040878
NETWORK t= 29590.8ms dt=    0.0ms tid=ThreadId(78) read_done uri=nfs://DietPi.local/mnt/4TBP/Work/Arise2014/inDesign/Arise%20Letter.jpg bytes=1040878 ms=28.1
NETWORK t= 29591.8ms dt=    1.0ms tid=ThreadId(78) read_start uri=nfs://DietPi.local/mnt/4TBP/Work/Arise2014/inDesign/Launch%20File/BCards-Final.jpg
NETWORK t= 29594.3ms dt=    2.4ms tid=ThreadId(684) nfs_helper_read_ok uri=nfs://DietPi.local/mnt/4TBP/Work/Arise2014/fonts/fonts/phraell_flag.png bytes=123285
NETWORK t= 29594.3ms dt=    0.0ms tid=ThreadId(684) read_done uri=nfs://DietPi.local/mnt/4TBP/Work/Arise2014/fonts/fonts/phraell_flag.png bytes=123285 ms=26.3
NETWORK t= 29595.4ms dt=    1.1ms tid=ThreadId(684) materialize_start uri=nfs://DietPi.local/mnt/4TBP/Work/Arise2014/fonts/fonts/phraell_flag.png
NETWORK t= 29595.5ms dt=    0.1ms tid=ThreadId(684) read_start uri=nfs://DietPi.local/mnt/4TBP/Work/Arise2014/fonts/fonts/phraell_flag.png
NETWORK t= 29608.9ms dt=   13.4ms tid=ThreadId(685) nfs_helper_read_ok uri=nfs://DietPi.local/mnt/4TBP/Work/Arise2014/Arise%20Logo/Forms/Arise-Registration-Form-2013-2.jpg bytes=796950
NETWORK t= 29608.9ms dt=    0.0ms tid=ThreadId(685) read_done uri=nfs://DietPi.local/mnt/4TBP/Work/Arise2014/Arise%20Logo/Forms/Arise-Registration-Form-2013-2.jpg bytes=796950 ms=32.3
NETWORK t= 29609.1ms dt=    0.2ms tid=ThreadId(685) materialize_done uri=nfs://DietPi.local/mnt/4TBP/Work/Arise2014/Arise%20Logo/Forms/Arise-Registration-Form-2013-2.jpg path=/home/peet/.cache/picasa-rs/source/0/6b28b48e8d2a67f68a6eec2694f0c664e7c7bfe2cc3f8dbdf969fb23bb8582a4.jpg ms=32.6
NETWORK t= 29611.9ms dt=    2.8ms tid=ThreadId(685) read_start uri=nfs://DietPi.local/mnt/4TBP/Work/Arise2014/fonts/fonts/Syphon%20Spritz%20Image.png
NETWORK t= 29631.2ms dt=   19.3ms tid=ThreadId(78) nfs_helper_read_ok uri=nfs://DietPi.local/mnt/4TBP/Work/Arise2014/inDesign/Launch%20File/BCards-Final.jpg bytes=70535
NETWORK t= 29631.2ms dt=    0.0ms tid=ThreadId(78) read_done uri=nfs://DietPi.local/mnt/4TBP/Work/Arise2014/inDesign/Launch%20File/BCards-Final.jpg bytes=70535 ms=39.3
NETWORK t= 29631.9ms dt=    0.7ms tid=ThreadId(78) read_start uri=nfs://DietPi.local/mnt/4TBP/Work/Arise2014/inDesign/Poster%20A3-Arise%20Folder/Links/Young-WOmen2.png
NETWORK t= 29635.0ms dt=    3.1ms tid=ThreadId(684) nfs_helper_read_ok uri=nfs://DietPi.local/mnt/4TBP/Work/Arise2014/fonts/fonts/phraell_flag.png bytes=123285
NETWORK t= 29635.0ms dt=    0.0ms tid=ThreadId(684) read_done uri=nfs://DietPi.local/mnt/4TBP/Work/Arise2014/fonts/fonts/phraell_flag.png bytes=123285 ms=39.5
NETWORK t= 29635.2ms dt=    0.1ms tid=ThreadId(684) materialize_done uri=nfs://DietPi.local/mnt/4TBP/Work/Arise2014/fonts/fonts/phraell_flag.png path=/home/peet/.cache/picasa-rs/source/5/adf99b78dbf6dee5f5f6945682638c7d1119dcdc395a3b6188b49c4d48ff16f9.png ms=39.7
NETWORK t= 29638.8ms dt=    3.6ms tid=ThreadId(684) read_start uri=nfs://DietPi.local/mnt/4TBP/Work/Arise2014/fonts/fonts/Nanuk%20Poster%201.png
NETWORK t= 29645.3ms dt=    6.5ms tid=ThreadId(685) nfs_helper_read_ok uri=nfs://DietPi.local/mnt/4TBP/Work/Arise2014/fonts/fonts/Syphon%20Spritz%20Image.png bytes=533041
NETWORK t= 29645.3ms dt=    0.0ms tid=ThreadId(685) read_done uri=nfs://DietPi.local/mnt/4TBP/Work/Arise2014/fonts/fonts/Syphon%20Spritz%20Image.png bytes=533041 ms=33.4
NETWORK t= 29648.6ms dt=    3.3ms tid=ThreadId(685) materialize_start uri=nfs://DietPi.local/mnt/4TBP/Work/Arise2014/fonts/fonts/Syphon%20Spritz%20Image.png
NETWORK t= 29648.7ms dt=    0.1ms tid=ThreadId(685) read_start uri=nfs://DietPi.local/mnt/4TBP/Work/Arise2014/fonts/fonts/Syphon%20Spritz%20Image.png
NETWORK t= 29656.3ms dt=    7.6ms tid=ThreadId(78) nfs_helper_read_ok uri=nfs://DietPi.local/mnt/4TBP/Work/Arise2014/inDesign/Poster%20A3-Arise%20Folder/Links/Young-WOmen2.png bytes=506572
NETWORK t= 29656.3ms dt=    0.0ms tid=ThreadId(78) read_done uri=nfs://DietPi.local/mnt/4TBP/Work/Arise2014/inDesign/Poster%20A3-Arise%20Folder/Links/Young-WOmen2.png bytes=506572 ms=24.3
NETWORK t= 29656.9ms dt=    0.6ms tid=ThreadId(78) read_start uri=nfs://DietPi.local/mnt/4TBP/Work/Arise2014/inDesign/Poster%20A3-Arise%20Folder/Links/AriseTypeBack6.jpg
NETWORK t= 29659.8ms dt=    2.9ms tid=ThreadId(684) nfs_helper_read_ok uri=nfs://DietPi.local/mnt/4TBP/Work/Arise2014/fonts/fonts/Nanuk%20Poster%201.png bytes=105149
NETWORK t= 29659.8ms dt=    0.0ms tid=ThreadId(684) read_done uri=nfs://DietPi.local/mnt/4TBP/Work/Arise2014/fonts/fonts/Nanuk%20Poster%201.png bytes=105149 ms=21.0
NETWORK t= 29661.6ms dt=    1.8ms tid=ThreadId(684) materialize_start uri=nfs://DietPi.local/mnt/4TBP/Work/Arise2014/fonts/fonts/Nanuk%20Poster%201.png
NETWORK t= 29661.7ms dt=    0.1ms tid=ThreadId(684) read_start uri=nfs://DietPi.local/mnt/4TBP/Work/Arise2014/fonts/fonts/Nanuk%20Poster%201.png
NETWORK t= 29669.8ms dt=    8.1ms tid=ThreadId(685) nfs_helper_read_ok uri=nfs://DietPi.local/mnt/4TBP/Work/Arise2014/fonts/fonts/Syphon%20Spritz%20Image.png bytes=533041
NETWORK t= 29669.9ms dt=    0.0ms tid=ThreadId(685) read_done uri=nfs://DietPi.local/mnt/4TBP/Work/Arise2014/fonts/fonts/Syphon%20Spritz%20Image.png bytes=533041 ms=21.1
NETWORK t= 29670.0ms dt=    0.2ms tid=ThreadId(685) materialize_done uri=nfs://DietPi.local/mnt/4TBP/Work/Arise2014/fonts/fonts/Syphon%20Spritz%20Image.png path=/home/peet/.cache/picasa-rs/source/o/29dc5a4edc736b3ca9227f47deb8eac7cbad0f0a6b53040fb021c78c14fb1323.png ms=21.4
NETWORK t= 29672.8ms dt=    2.8ms tid=ThreadId(685) read_start uri=nfs://DietPi.local/mnt/4TBP/Work/Arise2014/fonts/fonts/Sunday%20Monday%20Image.png
NETWORK t= 29715.8ms dt=   43.0ms tid=ThreadId(78) nfs_helper_read_ok uri=nfs://DietPi.local/mnt/4TBP/Work/Arise2014/inDesign/Poster%20A3-Arise%20Folder/Links/AriseTypeBack6.jpg bytes=203578
NETWORK t= 29715.8ms dt=    0.0ms tid=ThreadId(78) read_done uri=nfs://DietPi.local/mnt/4TBP/Work/Arise2014/inDesign/Poster%20A3-Arise%20Folder/Links/AriseTypeBack6.jpg bytes=203578 ms=58.9
NETWORK t= 29716.6ms dt=    0.8ms tid=ThreadId(78) read_start uri=nfs://DietPi.local/mnt/4TBP/Work/Arise2014/inDesign/Poster%20A3-Arise%20Folder/Links/Bokeh-Turquise.jpg
NETWORK t= 29719.4ms dt=    2.8ms tid=ThreadId(684) nfs_helper_read_ok uri=nfs://DietPi.local/mnt/4TBP/Work/Arise2014/fonts/fonts/Nanuk%20Poster%201.png bytes=105149
NETWORK t= 29719.4ms dt=    0.0ms tid=ThreadId(684) read_done uri=nfs://DietPi.local/mnt/4TBP/Work/Arise2014/fonts/fonts/Nanuk%20Poster%201.png bytes=105149 ms=57.7
NETWORK t= 29719.5ms dt=    0.1ms tid=ThreadId(684) materialize_done uri=nfs://DietPi.local/mnt/4TBP/Work/Arise2014/fonts/fonts/Nanuk%20Poster%201.png path=/home/peet/.cache/picasa-rs/source/6/551aae778fca652eeb87cc04893435c69981e7941f19d79895a9399419ad31fc.png ms=57.9
NETWORK t= 29722.0ms dt=    2.5ms tid=ThreadId(684) read_start uri=nfs://DietPi.local/mnt/4TBP/Work/Arise2014/fonts/fonts/Quid%20Pro%20Quo%20Image.png
NETWORK t= 29725.8ms dt=    3.8ms tid=ThreadId(685) nfs_helper_read_ok uri=nfs://DietPi.local/mnt/4TBP/Work/Arise2014/fonts/fonts/Sunday%20Monday%20Image.png bytes=294638
NETWORK t= 29725.9ms dt=    0.0ms tid=ThreadId(685) read_done uri=nfs://DietPi.local/mnt/4TBP/Work/Arise2014/fonts/fonts/Sunday%20Monday%20Image.png bytes=294638 ms=53.0
NETWORK t= 29728.4ms dt=    2.5ms tid=ThreadId(685) materialize_start uri=nfs://DietPi.local/mnt/4TBP/Work/Arise2014/fonts/fonts/Sunday%20Monday%20Image.png
NETWORK t= 29728.5ms dt=    0.0ms tid=ThreadId(685) read_start uri=nfs://DietPi.local/mnt/4TBP/Work/Arise2014/fonts/fonts/Sunday%20Monday%20Image.png
NETWORK t= 29734.0ms dt=    5.5ms tid=ThreadId(78) nfs_helper_read_ok uri=nfs://DietPi.local/mnt/4TBP/Work/Arise2014/inDesign/Poster%20A3-Arise%20Folder/Links/Bokeh-Turquise.jpg bytes=338756
NETWORK t= 29734.0ms dt=    0.0ms tid=ThreadId(78) read_done uri=nfs://DietPi.local/mnt/4TBP/Work/Arise2014/inDesign/Poster%20A3-Arise%20Folder/Links/Bokeh-Turquise.jpg bytes=338756 ms=17.4
NETWORK t= 29734.8ms dt=    0.8ms tid=ThreadId(78) read_start uri=nfs://DietPi.local/mnt/4TBP/Work/Arise2014/inDesign/Poster%20A3-Final/Links/Girl2.png
NETWORK t= 29744.6ms dt=    9.8ms tid=ThreadId(684) nfs_helper_read_ok uri=nfs://DietPi.local/mnt/4TBP/Work/Arise2014/fonts/fonts/Quid%20Pro%20Quo%20Image.png bytes=556446
NETWORK t= 29744.6ms dt=    0.0ms tid=ThreadId(684) read_done uri=nfs://DietPi.local/mnt/4TBP/Work/Arise2014/fonts/fonts/Quid%20Pro%20Quo%20Image.png bytes=556446 ms=22.6
NETWORK t= 29747.6ms dt=    3.0ms tid=ThreadId(684) materialize_start uri=nfs://DietPi.local/mnt/4TBP/Work/Arise2014/fonts/fonts/Quid%20Pro%20Quo%20Image.png
NETWORK t= 29747.6ms dt=    0.0ms tid=ThreadId(684) read_start uri=nfs://DietPi.local/mnt/4TBP/Work/Arise2014/fonts/fonts/Quid%20Pro%20Quo%20Image.png
NETWORK t= 29750.9ms dt=    3.3ms tid=ThreadId(685) nfs_helper_read_ok uri=nfs://DietPi.local/mnt/4TBP/Work/Arise2014/fonts/fonts/Sunday%20Monday%20Image.png bytes=294638
NETWORK t= 29751.0ms dt=    0.0ms tid=ThreadId(685) read_done uri=nfs://DietPi.local/mnt/4TBP/Work/Arise2014/fonts/fonts/Sunday%20Monday%20Image.png bytes=294638 ms=22.5
NETWORK t= 29751.2ms dt=    0.2ms tid=ThreadId(685) materialize_done uri=nfs://DietPi.local/mnt/4TBP/Work/Arise2014/fonts/fonts/Sunday%20Monday%20Image.png path=/home/peet/.cache/picasa-rs/source/y/d23af4e09bfdf9fcf7632e4bbee9fb739b458c7681384fa460c22db392aa42dd.png ms=22.7
NETWORK t= 29753.3ms dt=    2.2ms tid=ThreadId(685) read_start uri=nfs://DietPi.local/mnt/4TBP/Work/Arise2014/fonts/fonts/Joe%20Shmoe%20Poster.png
NETWORK t= 29852.9ms dt=   99.5ms tid=ThreadId(78) nfs_helper_read_ok uri=nfs://DietPi.local/mnt/4TBP/Work/Arise2014/inDesign/Poster%20A3-Final/Links/Girl2.png bytes=4114893
NETWORK t= 29852.9ms dt=    0.0ms tid=ThreadId(78) read_done uri=nfs://DietPi.local/mnt/4TBP/Work/Arise2014/inDesign/Poster%20A3-Final/Links/Girl2.png bytes=4114893 ms=118.1
NETWORK t= 29853.7ms dt=    0.8ms tid=ThreadId(78) read_start uri=nfs://DietPi.local/mnt/4TBP/Work/Arise2014/inDesign/Pins/Pins/Pins.jpg
NETWORK t= 29863.6ms dt=    9.9ms tid=ThreadId(684) nfs_helper_read_ok uri=nfs://DietPi.local/mnt/4TBP/Work/Arise2014/fonts/fonts/Quid%20Pro%20Quo%20Image.png bytes=556446
NETWORK t= 29863.6ms dt=    0.0ms tid=ThreadId(684) read_done uri=nfs://DietPi.local/mnt/4TBP/Work/Arise2014/fonts/fonts/Quid%20Pro%20Quo%20Image.png bytes=556446 ms=116.0
NETWORK t= 29863.8ms dt=    0.2ms tid=ThreadId(684) materialize_done uri=nfs://DietPi.local/mnt/4TBP/Work/Arise2014/fonts/fonts/Quid%20Pro%20Quo%20Image.png path=/home/peet/.cache/picasa-rs/source/k/dd00199ab765192c8cde8998a85aad24e5d5160533a916f7db1c5eb4bc079387.png ms=116.2
NETWORK t= 29866.6ms dt=    2.8ms tid=ThreadId(685) nfs_helper_read_ok uri=nfs://DietPi.local/mnt/4TBP/Work/Arise2014/fonts/fonts/Joe%20Shmoe%20Poster.png bytes=72361
NETWORK t= 29866.7ms dt=    0.0ms tid=ThreadId(685) read_done uri=nfs://DietPi.local/mnt/4TBP/Work/Arise2014/fonts/fonts/Joe%20Shmoe%20Poster.png bytes=72361 ms=113.3
NETWORK t= 29866.9ms dt=    0.2ms tid=ThreadId(684) read_start uri=nfs://DietPi.local/mnt/4TBP/Work/Arise2014/fonts/fonts/Rum%20Doodle%20Poster%201.png
NETWORK t= 29868.2ms dt=    1.3ms tid=ThreadId(685) materialize_start uri=nfs://DietPi.local/mnt/4TBP/Work/Arise2014/fonts/fonts/Joe%20Shmoe%20Poster.png
NETWORK t= 29868.3ms dt=    0.1ms tid=ThreadId(685) read_start uri=nfs://DietPi.local/mnt/4TBP/Work/Arise2014/fonts/fonts/Joe%20Shmoe%20Poster.png
NETWORK t= 29886.4ms dt=   18.2ms tid=ThreadId(78) nfs_helper_read_ok uri=nfs://DietPi.local/mnt/4TBP/Work/Arise2014/inDesign/Pins/Pins/Pins.jpg bytes=195827
NETWORK t= 29886.4ms dt=    0.0ms tid=ThreadId(78) read_done uri=nfs://DietPi.local/mnt/4TBP/Work/Arise2014/inDesign/Pins/Pins/Pins.jpg bytes=195827 ms=32.7
NETWORK t= 29887.2ms dt=    0.7ms tid=ThreadId(78) read_start uri=nfs://DietPi.local/mnt/4TBP/Work/Arise2014/inDesign/Poster%20FInal/Poster%20A3-AriseFinal%20Folder/Links/Young-WOmen2.png
NETWORK t= 29888.9ms dt=    1.7ms tid=ThreadId(684) nfs_helper_read_ok uri=nfs://DietPi.local/mnt/4TBP/Work/Arise2014/fonts/fonts/Rum%20Doodle%20Poster%201.png bytes=53797
NETWORK t= 29888.9ms dt=    0.0ms tid=ThreadId(684) read_done uri=nfs://DietPi.local/mnt/4TBP/Work/Arise2014/fonts/fonts/Rum%20Doodle%20Poster%201.png bytes=53797 ms=22.0
NETWORK t= 29890.7ms dt=    1.8ms tid=ThreadId(684) materialize_start uri=nfs://DietPi.local/mnt/4TBP/Work/Arise2014/fonts/fonts/Rum%20Doodle%20Poster%201.png
NETWORK t= 29890.8ms dt=    0.1ms tid=ThreadId(684) read_start uri=nfs://DietPi.local/mnt/4TBP/Work/Arise2014/fonts/fonts/Rum%20Doodle%20Poster%201.png
NETWORK t= 29892.0ms dt=    1.2ms tid=ThreadId(685) nfs_helper_read_ok uri=nfs://DietPi.local/mnt/4TBP/Work/Arise2014/fonts/fonts/Joe%20Shmoe%20Poster.png bytes=72361
NETWORK t= 29892.0ms dt=    0.0ms tid=ThreadId(685) read_done uri=nfs://DietPi.local/mnt/4TBP/Work/Arise2014/fonts/fonts/Joe%20Shmoe%20Poster.png bytes=72361 ms=23.7
NETWORK t= 29892.1ms dt=    0.1ms tid=ThreadId(685) materialize_done uri=nfs://DietPi.local/mnt/4TBP/Work/Arise2014/fonts/fonts/Joe%20Shmoe%20Poster.png path=/home/peet/.cache/picasa-rs/source/s/badc3b7b81a13bac597662f01e681cbcb44e30729bc523aada534165778687bf.png ms=23.9
NETWORK t= 29894.7ms dt=    2.6ms tid=ThreadId(685) read_start uri=nfs://DietPi.local/mnt/4TBP/Work/Arise2014/Arise%20Logo/Forms/Arise-Registration-Form-2013-6.jpg
NETWORK t= 29912.2ms dt=   17.5ms tid=ThreadId(78) nfs_helper_read_ok uri=nfs://DietPi.local/mnt/4TBP/Work/Arise2014/inDesign/Poster%20FInal/Poster%20A3-AriseFinal%20Folder/Links/Young-WOmen2.png bytes=517338
NETWORK t= 29912.2ms dt=    0.0ms tid=ThreadId(78) read_done uri=nfs://DietPi.local/mnt/4TBP/Work/Arise2014/inDesign/Poster%20FInal/Poster%20A3-AriseFinal%20Folder/Links/Young-WOmen2.png bytes=517338 ms=25.0
NETWORK t= 29912.8ms dt=    0.7ms tid=ThreadId(78) read_start uri=nfs://DietPi.local/mnt/4TBP/Work/Arise2014/inDesign/Poster%20FInal/Poster%20A3-AriseFinal%20Folder/Links/AriseTypeBack6.jpg
NETWORK t= 29914.8ms dt=    2.0ms tid=ThreadId(684) nfs_helper_read_ok uri=nfs://DietPi.local/mnt/4TBP/Work/Arise2014/fonts/fonts/Rum%20Doodle%20Poster%201.png bytes=53797
NETWORK t= 29914.8ms dt=    0.0ms tid=ThreadId(684) read_done uri=nfs://DietPi.local/mnt/4TBP/Work/Arise2014/fonts/fonts/Rum%20Doodle%20Poster%201.png bytes=53797 ms=24.1
NETWORK t= 29915.0ms dt=    0.1ms tid=ThreadId(684) materialize_done uri=nfs://DietPi.local/mnt/4TBP/Work/Arise2014/fonts/fonts/Rum%20Doodle%20Poster%201.png path=/home/peet/.cache/picasa-rs/source/p/7321bf8bcb7a0d3756c2d7b7ff99cf54a3e88d93e40044b08d0f4376104d0d58.png ms=24.2
NETWORK t= 29917.7ms dt=    2.7ms tid=ThreadId(684) read_start uri=nfs://DietPi.local/mnt/4TBP/Work/Arise2014/fonts/fonts/Thievery%20Poster%201.png
NETWORK t= 29928.3ms dt=   10.6ms tid=ThreadId(685) nfs_helper_read_ok uri=nfs://DietPi.local/mnt/4TBP/Work/Arise2014/Arise%20Logo/Forms/Arise-Registration-Form-2013-6.jpg bytes=736785
NETWORK t= 29928.3ms dt=    0.0ms tid=ThreadId(685) read_done uri=nfs://DietPi.local/mnt/4TBP/Work/Arise2014/Arise%20Logo/Forms/Arise-Registration-Form-2013-6.jpg bytes=736785 ms=33.6
NETWORK t= 29946.3ms dt=   17.9ms tid=ThreadId(78) nfs_helper_read_ok uri=nfs://DietPi.local/mnt/4TBP/Work/Arise2014/inDesign/Poster%20FInal/Poster%20A3-AriseFinal%20Folder/Links/AriseTypeBack6.jpg bytes=203578
NETWORK t= 29946.3ms dt=    0.0ms tid=ThreadId(78) read_done uri=nfs://DietPi.local/mnt/4TBP/Work/Arise2014/inDesign/Poster%20FInal/Poster%20A3-AriseFinal%20Folder/Links/AriseTypeBack6.jpg bytes=203578 ms=33.5
NETWORK t= 29947.2ms dt=    0.8ms tid=ThreadId(78) read_start uri=nfs://DietPi.local/mnt/4TBP/Work/Arise2014/inDesign/Poster%20FInal/Poster%20A3-AriseFinal%20Folder/Links/Bokeh-Turquise.jpg
NETWORK t= 29949.0ms dt=    1.9ms tid=ThreadId(684) nfs_helper_read_ok uri=nfs://DietPi.local/mnt/4TBP/Work/Arise2014/fonts/fonts/Thievery%20Poster%201.png bytes=40077
NETWORK t= 29949.1ms dt=    0.0ms tid=ThreadId(684) read_done uri=nfs://DietPi.local/mnt/4TBP/Work/Arise2014/fonts/fonts/Thievery%20Poster%201.png bytes=40077 ms=31.3
NETWORK t= 29950.0ms dt=    0.9ms tid=ThreadId(684) materialize_start uri=nfs://DietPi.local/mnt/4TBP/Work/Arise2014/fonts/fonts/Thievery%20Poster%201.png
NETWORK t= 29950.1ms dt=    0.1ms tid=ThreadId(684) read_start uri=nfs://DietPi.local/mnt/4TBP/Work/Arise2014/fonts/fonts/Thievery%20Poster%201.png
NETWORK t= 29957.7ms dt=    7.7ms tid=ThreadId(78) nfs_helper_read_ok uri=nfs://DietPi.local/mnt/4TBP/Work/Arise2014/inDesign/Poster%20FInal/Poster%20A3-AriseFinal%20Folder/Links/Bokeh-Turquise.jpg bytes=338756
NETWORK t= 29957.7ms dt=    0.0ms tid=ThreadId(78) read_done uri=nfs://DietPi.local/mnt/4TBP/Work/Arise2014/inDesign/Poster%20FInal/Poster%20A3-AriseFinal%20Folder/Links/Bokeh-Turquise.jpg bytes=338756 ms=10.6
NETWORK t= 29958.4ms dt=    0.7ms tid=ThreadId(78) read_start uri=nfs://DietPi.local/mnt/4TBP/Work/Arise2014/inDesign/Poster%20A3-Poster-Mar2014/Links/Young-WOmen2.png
NETWORK t= 29960.3ms dt=    1.9ms tid=ThreadId(684) nfs_helper_read_ok uri=nfs://DietPi.local/mnt/4TBP/Work/Arise2014/fonts/fonts/Thievery%20Poster%201.png bytes=40077
NETWORK t= 29960.3ms dt=    0.0ms tid=ThreadId(684) read_done uri=nfs://DietPi.local/mnt/4TBP/Work/Arise2014/fonts/fonts/Thievery%20Poster%201.png bytes=40077 ms=10.2
NETWORK t= 29960.4ms dt=    0.1ms tid=ThreadId(684) materialize_done uri=nfs://DietPi.local/mnt/4TBP/Work/Arise2014/fonts/fonts/Thievery%20Poster%201.png path=/home/peet/.cache/picasa-rs/source/o/1a64973685498ba2623877067adbed01073e3616f95145754f346a51fae52230.png ms=10.4
NETWORK t= 29962.6ms dt=    2.1ms tid=ThreadId(684) read_start uri=nfs://DietPi.local/mnt/4TBP/Work/Arise2014/fonts/fonts/Lampion%20Poster%201.png
NETWORK t= 29984.3ms dt=   21.7ms tid=ThreadId(78) nfs_helper_read_ok uri=nfs://DietPi.local/mnt/4TBP/Work/Arise2014/inDesign/Poster%20A3-Poster-Mar2014/Links/Young-WOmen2.png bytes=517338
NETWORK t= 29984.3ms dt=    0.0ms tid=ThreadId(78) read_done uri=nfs://DietPi.local/mnt/4TBP/Work/Arise2014/inDesign/Poster%20A3-Poster-Mar2014/Links/Young-WOmen2.png bytes=517338 ms=25.9
NETWORK t= 29985.2ms dt=    0.9ms tid=ThreadId(78) read_start uri=nfs://DietPi.local/mnt/4TBP/Work/Arise2014/inDesign/Poster%20A3-Poster-Mar2014/Links/AriseTypeBack6.jpg
NETWORK t= 29987.4ms dt=    2.2ms tid=ThreadId(685) materialize_start uri=nfs://DietPi.local/mnt/4TBP/Work/Arise2014/Arise%20Logo/Forms/Arise-Registration-Form-2013-6.jpg
NETWORK t= 29987.5ms dt=    0.1ms tid=ThreadId(685) read_start uri=nfs://DietPi.local/mnt/4TBP/Work/Arise2014/Arise%20Logo/Forms/Arise-Registration-Form-2013-6.jpg
NETWORK t= 29987.5ms dt=    0.1ms tid=ThreadId(684) nfs_helper_read_ok uri=nfs://DietPi.local/mnt/4TBP/Work/Arise2014/fonts/fonts/Lampion%20Poster%201.png bytes=57705
NETWORK t= 29987.6ms dt=    0.0ms tid=ThreadId(684) read_done uri=nfs://DietPi.local/mnt/4TBP/Work/Arise2014/fonts/fonts/Lampion%20Poster%201.png bytes=57705 ms=25.0
NETWORK t= 29988.5ms dt=    0.9ms tid=ThreadId(684) materialize_start uri=nfs://DietPi.local/mnt/4TBP/Work/Arise2014/fonts/fonts/Lampion%20Poster%201.png
NETWORK t= 29988.6ms dt=    0.1ms tid=ThreadId(684) read_start uri=nfs://DietPi.local/mnt/4TBP/Work/Arise2014/fonts/fonts/Lampion%20Poster%201.png
NETWORK t= 30010.3ms dt=   21.7ms tid=ThreadId(78) nfs_helper_read_ok uri=nfs://DietPi.local/mnt/4TBP/Work/Arise2014/inDesign/Poster%20A3-Poster-Mar2014/Links/AriseTypeBack6.jpg bytes=203578
NETWORK t= 30010.3ms dt=    0.0ms tid=ThreadId(78) read_done uri=nfs://DietPi.local/mnt/4TBP/Work/Arise2014/inDesign/Poster%20A3-Poster-Mar2014/Links/AriseTypeBack6.jpg bytes=203578 ms=25.1
NETWORK t= 30011.0ms dt=    0.6ms tid=ThreadId(78) read_start uri=nfs://DietPi.local/mnt/4TBP/Work/Arise2014/inDesign/Poster%20A3-Poster-Mar2014/Links/Bokeh-Turquise.jpg
NETWORK t= 30024.9ms dt=   13.9ms tid=ThreadId(685) nfs_helper_read_ok uri=nfs://DietPi.local/mnt/4TBP/Work/Arise2014/Arise%20Logo/Forms/Arise-Registration-Form-2013-6.jpg bytes=736785
NETWORK t= 30024.9ms dt=    0.0ms tid=ThreadId(685) read_done uri=nfs://DietPi.local/mnt/4TBP/Work/Arise2014/Arise%20Logo/Forms/Arise-Registration-Form-2013-6.jpg bytes=736785 ms=37.4
NETWORK t= 30025.1ms dt=    0.2ms tid=ThreadId(685) materialize_done uri=nfs://DietPi.local/mnt/4TBP/Work/Arise2014/Arise%20Logo/Forms/Arise-Registration-Form-2013-6.jpg path=/home/peet/.cache/picasa-rs/source/8/575cec7d239891348c4e2fd4b701a12b817fa0152d4fd745cb78b145ed58dada.jpg ms=37.7
NETWORK t= 30028.1ms dt=    3.0ms tid=ThreadId(685) read_start uri=nfs://DietPi.local/mnt/4TBP/Work/Arise2014/fonts/fonts/gretoon.png
NETWORK t= 30028.5ms dt=    0.3ms tid=ThreadId(684) nfs_helper_read_ok uri=nfs://DietPi.local/mnt/4TBP/Work/Arise2014/fonts/fonts/Lampion%20Poster%201.png bytes=57705
NETWORK t= 30028.5ms dt=    0.0ms tid=ThreadId(684) read_done uri=nfs://DietPi.local/mnt/4TBP/Work/Arise2014/fonts/fonts/Lampion%20Poster%201.png bytes=57705 ms=39.9
NETWORK t= 30028.6ms dt=    0.1ms tid=ThreadId(684) materialize_done uri=nfs://DietPi.local/mnt/4TBP/Work/Arise2014/fonts/fonts/Lampion%20Poster%201.png path=/home/peet/.cache/picasa-rs/source/5/89f920583fc54191d66d4e3d24d645d02dee47860ae0d160ad8b8e32314f2b7b.png ms=40.1
NETWORK t= 30030.9ms dt=    2.3ms tid=ThreadId(684) read_start uri=nfs://DietPi.local/mnt/4TBP/Work/Arise2014/fonts/fonts/Keswick%20Poster%201.png
NETWORK t= 30037.8ms dt=    6.9ms tid=ThreadId(78) nfs_helper_read_ok uri=nfs://DietPi.local/mnt/4TBP/Work/Arise2014/inDesign/Poster%20A3-Poster-Mar2014/Links/Bokeh-Turquise.jpg bytes=338756
NETWORK t= 30037.8ms dt=    0.0ms tid=ThreadId(78) read_done uri=nfs://DietPi.local/mnt/4TBP/Work/Arise2014/inDesign/Poster%20A3-Poster-Mar2014/Links/Bokeh-Turquise.jpg bytes=338756 ms=26.8
NETWORK t= 30038.4ms dt=    0.6ms tid=ThreadId(78) read_start uri=nfs://DietPi.local/mnt/4TBP/Work/Arise2014/inDesign/Poster/Links/Girl2.png
NETWORK t= 30043.3ms dt=    4.9ms tid=ThreadId(685) nfs_helper_read_ok uri=nfs://DietPi.local/mnt/4TBP/Work/Arise2014/fonts/fonts/gretoon.png bytes=177912
NETWORK t= 30043.3ms dt=    0.0ms tid=ThreadId(685) read_done uri=nfs://DietPi.local/mnt/4TBP/Work/Arise2014/fonts/fonts/gretoon.png bytes=177912 ms=15.1
NETWORK t= 30045.1ms dt=    1.8ms tid=ThreadId(685) materialize_start uri=nfs://DietPi.local/mnt/4TBP/Work/Arise2014/fonts/fonts/gretoon.png
NETWORK t= 30045.2ms dt=    0.1ms tid=ThreadId(685) read_start uri=nfs://DietPi.local/mnt/4TBP/Work/Arise2014/fonts/fonts/gretoon.png
NETWORK t= 30060.4ms dt=   15.2ms tid=ThreadId(684) nfs_helper_read_ok uri=nfs://DietPi.local/mnt/4TBP/Work/Arise2014/fonts/fonts/Keswick%20Poster%201.png bytes=845028
NETWORK t= 30060.4ms dt=    0.0ms tid=ThreadId(684) read_done uri=nfs://DietPi.local/mnt/4TBP/Work/Arise2014/fonts/fonts/Keswick%20Poster%201.png bytes=845028 ms=29.5
NETWORK t= 30067.0ms dt=    6.6ms tid=ThreadId(684) materialize_start uri=nfs://DietPi.local/mnt/4TBP/Work/Arise2014/fonts/fonts/Keswick%20Poster%201.png
NETWORK t= 30067.0ms dt=    0.1ms tid=ThreadId(684) read_start uri=nfs://DietPi.local/mnt/4TBP/Work/Arise2014/fonts/fonts/Keswick%20Poster%201.png
NETWORK t= 30157.4ms dt=   90.4ms tid=ThreadId(78) nfs_helper_read_ok uri=nfs://DietPi.local/mnt/4TBP/Work/Arise2014/inDesign/Poster/Links/Girl2.png bytes=4114893
NETWORK t= 30157.4ms dt=    0.0ms tid=ThreadId(78) read_done uri=nfs://DietPi.local/mnt/4TBP/Work/Arise2014/inDesign/Poster/Links/Girl2.png bytes=4114893 ms=119.0
NETWORK t= 30158.3ms dt=    0.9ms tid=ThreadId(78) read_start uri=nfs://DietPi.local/mnt/4TBP/Work/Arise2014/inDesign/Poster/Links/Bokeh-Turquise.jpg
NETWORK t= 30163.3ms dt=    4.9ms tid=ThreadId(685) nfs_helper_read_ok uri=nfs://DietPi.local/mnt/4TBP/Work/Arise2014/fonts/fonts/gretoon.png bytes=177912
NETWORK t= 30163.3ms dt=    0.0ms tid=ThreadId(685) read_done uri=nfs://DietPi.local/mnt/4TBP/Work/Arise2014/fonts/fonts/gretoon.png bytes=177912 ms=118.1
NETWORK t= 30163.4ms dt=    0.1ms tid=ThreadId(685) materialize_done uri=nfs://DietPi.local/mnt/4TBP/Work/Arise2014/fonts/fonts/gretoon.png path=/home/peet/.cache/picasa-rs/source/t/f79d6a16ff8c24f89758b46346d9f2ec7279ffca6ea45efb52852ca47601c169.png ms=118.3
NETWORK t= 30166.1ms dt=    2.7ms tid=ThreadId(685) read_start uri=nfs://DietPi.local/mnt/4TBP/Work/Arise2014/fonts/fonts/The%20Mighty%20Avengers.png
NETWORK t= 30179.8ms dt=   13.6ms tid=ThreadId(684) nfs_helper_read_ok uri=nfs://DietPi.local/mnt/4TBP/Work/Arise2014/fonts/fonts/Keswick%20Poster%201.png bytes=845028
NETWORK t= 30179.8ms dt=    0.0ms tid=ThreadId(684) read_done uri=nfs://DietPi.local/mnt/4TBP/Work/Arise2014/fonts/fonts/Keswick%20Poster%201.png bytes=845028 ms=112.8
NETWORK t= 30180.0ms dt=    0.2ms tid=ThreadId(684) materialize_done uri=nfs://DietPi.local/mnt/4TBP/Work/Arise2014/fonts/fonts/Keswick%20Poster%201.png path=/home/peet/.cache/picasa-rs/source/y/67ea56bf3b9aee27447229ac481887060dbf2c26d591d7f75fe0a51367804587.png ms=113.0
NETWORK t= 30182.8ms dt=    2.8ms tid=ThreadId(684) read_start uri=nfs://DietPi.local/mnt/4TBP/Work/Arise2014/fonts/fonts/Limoen-Poster-1.png
NETWORK t= 30198.8ms dt=   16.0ms tid=ThreadId(78) nfs_helper_read_ok uri=nfs://DietPi.local/mnt/4TBP/Work/Arise2014/inDesign/Poster/Links/Bokeh-Turquise.jpg bytes=338756
NETWORK t= 30198.8ms dt=    0.0ms tid=ThreadId(78) read_done uri=nfs://DietPi.local/mnt/4TBP/Work/Arise2014/inDesign/Poster/Links/Bokeh-Turquise.jpg bytes=338756 ms=40.5
NETWORK t= 30199.6ms dt=    0.8ms tid=ThreadId(78) read_start uri=nfs://DietPi.local/mnt/4TBP/Work/Arise2014/inDesign/Magnet%20Folder/Magnet.jpg
NETWORK t= 30201.9ms dt=    2.3ms tid=ThreadId(685) nfs_helper_read_ok uri=nfs://DietPi.local/mnt/4TBP/Work/Arise2014/fonts/fonts/The%20Mighty%20Avengers.png bytes=29616
NETWORK t= 30202.0ms dt=    0.0ms tid=ThreadId(685) read_done uri=nfs://DietPi.local/mnt/4TBP/Work/Arise2014/fonts/fonts/The%20Mighty%20Avengers.png bytes=29616 ms=35.8
NETWORK t= 30202.5ms dt=    0.6ms tid=ThreadId(685) materialize_start uri=nfs://DietPi.local/mnt/4TBP/Work/Arise2014/fonts/fonts/The%20Mighty%20Avengers.png
NETWORK t= 30202.6ms dt=    0.1ms tid=ThreadId(685) read_start uri=nfs://DietPi.local/mnt/4TBP/Work/Arise2014/fonts/fonts/The%20Mighty%20Avengers.png
NETWORK t= 30206.0ms dt=    3.4ms tid=ThreadId(684) nfs_helper_read_ok uri=nfs://DietPi.local/mnt/4TBP/Work/Arise2014/fonts/fonts/Limoen-Poster-1.png bytes=82830
NETWORK t= 30206.0ms dt=    0.0ms tid=ThreadId(684) read_done uri=nfs://DietPi.local/mnt/4TBP/Work/Arise2014/fonts/fonts/Limoen-Poster-1.png bytes=82830 ms=23.2
NETWORK t= 30206.9ms dt=    0.9ms tid=ThreadId(684) materialize_start uri=nfs://DietPi.local/mnt/4TBP/Work/Arise2014/fonts/fonts/Limoen-Poster-1.png
NETWORK t= 30206.9ms dt=    0.1ms tid=ThreadId(684) read_start uri=nfs://DietPi.local/mnt/4TBP/Work/Arise2014/fonts/fonts/Limoen-Poster-1.png
NETWORK t= 30247.1ms dt=   40.2ms tid=ThreadId(78) nfs_helper_read_ok uri=nfs://DietPi.local/mnt/4TBP/Work/Arise2014/inDesign/Magnet%20Folder/Magnet.jpg bytes=1914688
NETWORK t= 30247.2ms dt=    0.0ms tid=ThreadId(78) read_done uri=nfs://DietPi.local/mnt/4TBP/Work/Arise2014/inDesign/Magnet%20Folder/Magnet.jpg bytes=1914688 ms=47.5
NETWORK t= 30248.5ms dt=    1.3ms tid=ThreadId(78) read_start uri=nfs://DietPi.local/mnt/4TBP/Work/Arise2014/inDesign/Poster-A3-Final/Arise%20Master%20Files/Links/Girl2.png
NETWORK t= 30250.1ms dt=    1.6ms tid=ThreadId(685) nfs_helper_read_ok uri=nfs://DietPi.local/mnt/4TBP/Work/Arise2014/fonts/fonts/The%20Mighty%20Avengers.png bytes=29616
NETWORK t= 30250.1ms dt=    0.0ms tid=ThreadId(685) read_done uri=nfs://DietPi.local/mnt/4TBP/Work/Arise2014/fonts/fonts/The%20Mighty%20Avengers.png bytes=29616 ms=47.5
NETWORK t= 30250.2ms dt=    0.2ms tid=ThreadId(685) materialize_done uri=nfs://DietPi.local/mnt/4TBP/Work/Arise2014/fonts/fonts/The%20Mighty%20Avengers.png path=/home/peet/.cache/picasa-rs/source/r/99873bdb2dfce66e847812da96bfc7f46df0c682bab0eb45e3180265bd4b3920.png ms=47.7
NETWORK t= 30253.9ms dt=    3.6ms tid=ThreadId(685) read_start uri=nfs://DietPi.local/mnt/4TBP/Work/Arise2014/fonts/fonts/babylove.png
NETWORK t= 30254.3ms dt=    0.4ms tid=ThreadId(684) nfs_helper_read_ok uri=nfs://DietPi.local/mnt/4TBP/Work/Arise2014/fonts/fonts/Limoen-Poster-1.png bytes=82830
NETWORK t= 30254.3ms dt=    0.0ms tid=ThreadId(684) read_done uri=nfs://DietPi.local/mnt/4TBP/Work/Arise2014/fonts/fonts/Limoen-Poster-1.png bytes=82830 ms=47.3
NETWORK t= 30254.4ms dt=    0.1ms tid=ThreadId(684) materialize_done uri=nfs://DietPi.local/mnt/4TBP/Work/Arise2014/fonts/fonts/Limoen-Poster-1.png path=/home/peet/.cache/picasa-rs/source/c/5fac660f47805e88c7b8bd9c2c897662270aef88f2306589cffe708e56073159.png ms=47.5
NETWORK t= 30256.7ms dt=    2.3ms tid=ThreadId(684) read_start uri=nfs://DietPi.local/mnt/4TBP/Work/Arise2014/Arise%20Logo/Forms/Arise-Registration-Form-2013-5.jpg
NETWORK t= 30388.3ms dt=  131.6ms tid=ThreadId(78) nfs_helper_read_ok uri=nfs://DietPi.local/mnt/4TBP/Work/Arise2014/inDesign/Poster-A3-Final/Arise%20Master%20Files/Links/Girl2.png bytes=4114893
NETWORK t= 30388.3ms dt=    0.0ms tid=ThreadId(78) read_done uri=nfs://DietPi.local/mnt/4TBP/Work/Arise2014/inDesign/Poster-A3-Final/Arise%20Master%20Files/Links/Girl2.png bytes=4114893 ms=139.8
NETWORK t= 30389.1ms dt=    0.8ms tid=ThreadId(78) read_start uri=nfs://DietPi.local/mnt/4TBP/Work/Arise2014/inDesign/Poster-A3-Final/Arise%20Master%20Files/Links/Bokeh-Turquise.jpg
NETWORK t= 30395.1ms dt=    6.0ms tid=ThreadId(685) nfs_helper_read_ok uri=nfs://DietPi.local/mnt/4TBP/Work/Arise2014/fonts/fonts/babylove.png bytes=243788
NETWORK t= 30395.1ms dt=    0.0ms tid=ThreadId(685) read_done uri=nfs://DietPi.local/mnt/4TBP/Work/Arise2014/fonts/fonts/babylove.png bytes=243788 ms=141.2
NETWORK t= 30396.7ms dt=    1.6ms tid=ThreadId(685) materialize_start uri=nfs://DietPi.local/mnt/4TBP/Work/Arise2014/fonts/fonts/babylove.png
NETWORK t= 30396.8ms dt=    0.1ms tid=ThreadId(685) read_start uri=nfs://DietPi.local/mnt/4TBP/Work/Arise2014/fonts/fonts/babylove.png
NETWORK t= 30410.1ms dt=   13.3ms tid=ThreadId(684) nfs_helper_read_ok uri=nfs://DietPi.local/mnt/4TBP/Work/Arise2014/Arise%20Logo/Forms/Arise-Registration-Form-2013-5.jpg bytes=774542
NETWORK t= 30410.1ms dt=    0.0ms tid=ThreadId(684) read_done uri=nfs://DietPi.local/mnt/4TBP/Work/Arise2014/Arise%20Logo/Forms/Arise-Registration-Form-2013-5.jpg bytes=774542 ms=153.3
NETWORK t= 30419.2ms dt=    9.1ms tid=ThreadId(78) nfs_helper_read_ok uri=nfs://DietPi.local/mnt/4TBP/Work/Arise2014/inDesign/Poster-A3-Final/Arise%20Master%20Files/Links/Bokeh-Turquise.jpg bytes=338756
NETWORK t= 30419.2ms dt=    0.0ms tid=ThreadId(78) read_done uri=nfs://DietPi.local/mnt/4TBP/Work/Arise2014/inDesign/Poster-A3-Final/Arise%20Master%20Files/Links/Bokeh-Turquise.jpg bytes=338756 ms=30.1
NETWORK t= 30420.0ms dt=    0.8ms tid=ThreadId(78) read_start uri=nfs://DietPi.local/mnt/4TBP/Work/Arise2014/inDesign/Poster-A3-Final/Arise%20Master%20Files/Links/Pins-Pink.png
NETWORK t= 30425.6ms dt=    5.6ms tid=ThreadId(685) nfs_helper_read_ok uri=nfs://DietPi.local/mnt/4TBP/Work/Arise2014/fonts/fonts/babylove.png bytes=243788
NETWORK t= 30425.7ms dt=    0.0ms tid=ThreadId(685) read_done uri=nfs://DietPi.local/mnt/4TBP/Work/Arise2014/fonts/fonts/babylove.png bytes=243788 ms=28.9
NETWORK t= 30425.8ms dt=    0.2ms tid=ThreadId(685) materialize_done uri=nfs://DietPi.local/mnt/4TBP/Work/Arise2014/fonts/fonts/babylove.png path=/home/peet/.cache/picasa-rs/source/f/7a1fe73cae8a879f7ead35aafd14fc4e864dba7b8ef4f0b8d4d1d480a2e9e7a9.png ms=29.1
NETWORK t= 30428.8ms dt=    2.9ms tid=ThreadId(685) read_start uri=nfs://DietPi.local/mnt/4TBP/Work/Arise2014/fonts/fonts/billion-stars_flag.png
NETWORK t= 30470.7ms dt=   42.0ms tid=ThreadId(684) materialize_start uri=nfs://DietPi.local/mnt/4TBP/Work/Arise2014/Arise%20Logo/Forms/Arise-Registration-Form-2013-5.jpg
NETWORK t= 30470.8ms dt=    0.1ms tid=ThreadId(684) read_start uri=nfs://DietPi.local/mnt/4TBP/Work/Arise2014/Arise%20Logo/Forms/Arise-Registration-Form-2013-5.jpg
NETWORK t= 30485.3ms dt=   14.5ms tid=ThreadId(78) nfs_helper_read_ok uri=nfs://DietPi.local/mnt/4TBP/Work/Arise2014/inDesign/Poster-A3-Final/Arise%20Master%20Files/Links/Pins-Pink.png bytes=145173
NETWORK t= 30485.3ms dt=    0.0ms tid=ThreadId(78) read_done uri=nfs://DietPi.local/mnt/4TBP/Work/Arise2014/inDesign/Poster-A3-Final/Arise%20Master%20Files/Links/Pins-Pink.png bytes=145173 ms=65.3
NETWORK t= 30486.2ms dt=    0.9ms tid=ThreadId(78) read_start uri=nfs://DietPi.local/mnt/4TBP/Work/Arise2014/inDesign/Poster-A3-Final/Arise%20Master%20Files/Links/Pin-Pink2.png
NETWORK t= 30494.0ms dt=    7.8ms tid=ThreadId(685) nfs_helper_read_ok uri=nfs://DietPi.local/mnt/4TBP/Work/Arise2014/fonts/fonts/billion-stars_flag.png bytes=342736
NETWORK t= 30494.0ms dt=    0.0ms tid=ThreadId(685) read_done uri=nfs://DietPi.local/mnt/4TBP/Work/Arise2014/fonts/fonts/billion-stars_flag.png bytes=342736 ms=65.2
NETWORK t= 30497.3ms dt=    3.3ms tid=ThreadId(685) materialize_start uri=nfs://DietPi.local/mnt/4TBP/Work/Arise2014/fonts/fonts/billion-stars_flag.png
NETWORK t= 30497.4ms dt=    0.1ms tid=ThreadId(685) read_start uri=nfs://DietPi.local/mnt/4TBP/Work/Arise2014/fonts/fonts/billion-stars_flag.png
NETWORK t= 30509.4ms dt=   12.0ms tid=ThreadId(684) nfs_helper_read_ok uri=nfs://DietPi.local/mnt/4TBP/Work/Arise2014/Arise%20Logo/Forms/Arise-Registration-Form-2013-5.jpg bytes=774542
NETWORK t= 30509.4ms dt=    0.0ms tid=ThreadId(684) read_done uri=nfs://DietPi.local/mnt/4TBP/Work/Arise2014/Arise%20Logo/Forms/Arise-Registration-Form-2013-5.jpg bytes=774542 ms=38.6
NETWORK t= 30509.7ms dt=    0.3ms tid=ThreadId(684) materialize_done uri=nfs://DietPi.local/mnt/4TBP/Work/Arise2014/Arise%20Logo/Forms/Arise-Registration-Form-2013-5.jpg path=/home/peet/.cache/picasa-rs/source/e/ed02da1085c208c8be2503259ab047a30308808c959503272a955fef05c6337e.jpg ms=38.9
NETWORK t= 30512.7ms dt=    3.0ms tid=ThreadId(684) read_start uri=nfs://DietPi.local/mnt/4TBP/Work/Arise2014/fonts/fonts/Moonlight%20Shadow%20Image.png
NETWORK t= 30514.4ms dt=    1.7ms tid=ThreadId(78) nfs_helper_read_ok uri=nfs://DietPi.local/mnt/4TBP/Work/Arise2014/inDesign/Poster-A3-Final/Arise%20Master%20Files/Links/Pin-Pink2.png bytes=129067
NETWORK t= 30514.4ms dt=    0.0ms tid=ThreadId(78) read_done uri=nfs://DietPi.local/mnt/4TBP/Work/Arise2014/inDesign/Poster-A3-Final/Arise%20Master%20Files/Links/Pin-Pink2.png bytes=129067 ms=28.2
NETWORK t= 30515.1ms dt=    0.7ms tid=ThreadId(78) read_start uri=nfs://DietPi.local/mnt/4TBP/Work/Arise2014/Words/Words2.jpg
NETWORK t= 30522.7ms dt=    7.5ms tid=ThreadId(685) nfs_helper_read_ok uri=nfs://DietPi.local/mnt/4TBP/Work/Arise2014/fonts/fonts/billion-stars_flag.png bytes=342736
NETWORK t= 30522.7ms dt=    0.0ms tid=ThreadId(685) read_done uri=nfs://DietPi.local/mnt/4TBP/Work/Arise2014/fonts/fonts/billion-stars_flag.png bytes=342736 ms=25.3
NETWORK t= 30522.9ms dt=    0.1ms tid=ThreadId(685) materialize_done uri=nfs://DietPi.local/mnt/4TBP/Work/Arise2014/fonts/fonts/billion-stars_flag.png path=/home/peet/.cache/picasa-rs/source/f/ce1321ce0ddfa0eb98252bef0fa317813fe6ddc7afd196d098f7d7435dcca8be.png ms=25.5
NETWORK t= 30527.5ms dt=    4.6ms tid=ThreadId(685) read_start uri=nfs://DietPi.local/mnt/4TBP/Work/Arise2014/fonts/fonts/southern-aire_flag.png
NETWORK t= 30534.9ms dt=    7.5ms tid=ThreadId(684) nfs_helper_read_ok uri=nfs://DietPi.local/mnt/4TBP/Work/Arise2014/fonts/fonts/Moonlight%20Shadow%20Image.png bytes=546090
NETWORK t= 30534.9ms dt=    0.0ms tid=ThreadId(684) read_done uri=nfs://DietPi.local/mnt/4TBP/Work/Arise2014/fonts/fonts/Moonlight%20Shadow%20Image.png bytes=546090 ms=22.2
NETWORK t= 30538.6ms dt=    3.7ms tid=ThreadId(684) materialize_start uri=nfs://DietPi.local/mnt/4TBP/Work/Arise2014/fonts/fonts/Moonlight%20Shadow%20Image.png
NETWORK t= 30538.7ms dt=    0.1ms tid=ThreadId(684) read_start uri=nfs://DietPi.local/mnt/4TBP/Work/Arise2014/fonts/fonts/Moonlight%20Shadow%20Image.png
NETWORK t= 30540.3ms dt=    1.6ms tid=ThreadId(78) nfs_helper_read_ok uri=nfs://DietPi.local/mnt/4TBP/Work/Arise2014/Words/Words2.jpg bytes=121927
NETWORK t= 30540.3ms dt=    0.0ms tid=ThreadId(78) read_done uri=nfs://DietPi.local/mnt/4TBP/Work/Arise2014/Words/Words2.jpg bytes=121927 ms=25.1
NETWORK t= 30541.0ms dt=    0.7ms tid=ThreadId(78) read_start uri=nfs://DietPi.local/mnt/4TBP/Work/Arise2014/Words/Words.jpg
NETWORK t= 30544.7ms dt=    3.7ms tid=ThreadId(685) nfs_helper_read_ok uri=nfs://DietPi.local/mnt/4TBP/Work/Arise2014/fonts/fonts/southern-aire_flag.png bytes=103403
NETWORK t= 30544.7ms dt=    0.0ms tid=ThreadId(685) read_done uri=nfs://DietPi.local/mnt/4TBP/Work/Arise2014/fonts/fonts/southern-aire_flag.png bytes=103403 ms=17.3
NETWORK t= 30546.4ms dt=    1.7ms tid=ThreadId(685) materialize_start uri=nfs://DietPi.local/mnt/4TBP/Work/Arise2014/fonts/fonts/southern-aire_flag.png
NETWORK t= 30546.5ms dt=    0.1ms tid=ThreadId(685) read_start uri=nfs://DietPi.local/mnt/4TBP/Work/Arise2014/fonts/fonts/southern-aire_flag.png
NETWORK t= 30557.3ms dt=   10.9ms tid=ThreadId(684) nfs_helper_read_ok uri=nfs://DietPi.local/mnt/4TBP/Work/Arise2014/fonts/fonts/Moonlight%20Shadow%20Image.png bytes=546090
NETWORK t= 30557.4ms dt=    0.0ms tid=ThreadId(684) read_done uri=nfs://DietPi.local/mnt/4TBP/Work/Arise2014/fonts/fonts/Moonlight%20Shadow%20Image.png bytes=546090 ms=18.6
NETWORK t= 30557.5ms dt=    0.2ms tid=ThreadId(684) materialize_done uri=nfs://DietPi.local/mnt/4TBP/Work/Arise2014/fonts/fonts/Moonlight%20Shadow%20Image.png path=/home/peet/.cache/picasa-rs/source/l/ba2191fae372d055931e029c33633b0b3365acf008374e01b49830846e34719e.png ms=18.9
NETWORK t= 30560.8ms dt=    3.3ms tid=ThreadId(684) read_start uri=nfs://DietPi.local/mnt/4TBP/Work/Arise2014/fonts/fonts/Ersatz%20Image.png
NETWORK t= 30562.0ms dt=    1.2ms tid=ThreadId(78) nfs_helper_read_ok uri=nfs://DietPi.local/mnt/4TBP/Work/Arise2014/Words/Words.jpg bytes=110835
NETWORK t= 30562.1ms dt=    0.0ms tid=ThreadId(78) read_done uri=nfs://DietPi.local/mnt/4TBP/Work/Arise2014/Words/Words.jpg bytes=110835 ms=21.1
NETWORK t= 30562.7ms dt=    0.7ms tid=ThreadId(78) read_start uri=nfs://DietPi.local/mnt/4TBP/Work/Arise2014/Launch/Poster%20A3-AriseFinal.jpg
NETWORK t= 30566.0ms dt=    3.2ms tid=ThreadId(685) nfs_helper_read_ok uri=nfs://DietPi.local/mnt/4TBP/Work/Arise2014/fonts/fonts/southern-aire_flag.png bytes=103403
NETWORK t= 30566.0ms dt=    0.0ms tid=ThreadId(685) read_done uri=nfs://DietPi.local/mnt/4TBP/Work/Arise2014/fonts/fonts/southern-aire_flag.png bytes=103403 ms=19.5
NETWORK t= 30566.1ms dt=    0.1ms tid=ThreadId(685) materialize_done uri=nfs://DietPi.local/mnt/4TBP/Work/Arise2014/fonts/fonts/southern-aire_flag.png path=/home/peet/.cache/picasa-rs/source/l/d4913c6d36d4ab4fdc4844a60b03150fd67e2b48f2b3b6ec319b2a2e2cad424a.png ms=19.6
NETWORK t= 30570.2ms dt=    4.2ms tid=ThreadId(685) read_start uri=nfs://DietPi.local/mnt/4TBP/Work/Arise2014/fonts/fonts/Meshuggeneh%20Poster%201.png
NETWORK t= 30579.4ms dt=    9.2ms tid=ThreadId(684) nfs_helper_read_ok uri=nfs://DietPi.local/mnt/4TBP/Work/Arise2014/fonts/fonts/Ersatz%20Image.png bytes=617559
NETWORK t= 30579.4ms dt=    0.0ms tid=ThreadId(684) read_done uri=nfs://DietPi.local/mnt/4TBP/Work/Arise2014/fonts/fonts/Ersatz%20Image.png bytes=617559 ms=18.6
NETWORK t= 30582.8ms dt=    3.3ms tid=ThreadId(684) materialize_start uri=nfs://DietPi.local/mnt/4TBP/Work/Arise2014/fonts/fonts/Ersatz%20Image.png
NETWORK t= 30582.8ms dt=    0.0ms tid=ThreadId(684) read_start uri=nfs://DietPi.local/mnt/4TBP/Work/Arise2014/fonts/fonts/Ersatz%20Image.png
NETWORK t= 30587.9ms dt=    5.0ms tid=ThreadId(78) nfs_helper_read_ok uri=nfs://DietPi.local/mnt/4TBP/Work/Arise2014/Launch/Poster%20A3-AriseFinal.jpg bytes=277366
NETWORK t= 30587.9ms dt=    0.0ms tid=ThreadId(78) read_done uri=nfs://DietPi.local/mnt/4TBP/Work/Arise2014/Launch/Poster%20A3-AriseFinal.jpg bytes=277366 ms=25.1
NETWORK t= 30588.6ms dt=    0.7ms tid=ThreadId(78) read_start uri=nfs://DietPi.local/mnt/4TBP/Work/Arise2014/Launch/Poster%20A3-AriseFinal-Girl.jpg
NETWORK t= 30591.4ms dt=    2.8ms tid=ThreadId(685) nfs_helper_read_ok uri=nfs://DietPi.local/mnt/4TBP/Work/Arise2014/fonts/fonts/Meshuggeneh%20Poster%201.png bytes=54053
NETWORK t= 30591.4ms dt=    0.0ms tid=ThreadId(685) read_done uri=nfs://DietPi.local/mnt/4TBP/Work/Arise2014/fonts/fonts/Meshuggeneh%20Poster%201.png bytes=54053 ms=21.1
NETWORK t= 30592.1ms dt=    0.7ms tid=ThreadId(685) materialize_start uri=nfs://DietPi.local/mnt/4TBP/Work/Arise2014/fonts/fonts/Meshuggeneh%20Poster%201.png
NETWORK t= 30592.2ms dt=    0.1ms tid=ThreadId(685) read_start uri=nfs://DietPi.local/mnt/4TBP/Work/Arise2014/fonts/fonts/Meshuggeneh%20Poster%201.png
NETWORK t= 30605.0ms dt=   12.9ms tid=ThreadId(684) nfs_helper_read_ok uri=nfs://DietPi.local/mnt/4TBP/Work/Arise2014/fonts/fonts/Ersatz%20Image.png bytes=617559
NETWORK t= 30605.1ms dt=    0.0ms tid=ThreadId(684) read_done uri=nfs://DietPi.local/mnt/4TBP/Work/Arise2014/fonts/fonts/Ersatz%20Image.png bytes=617559 ms=22.2
NETWORK t= 30605.2ms dt=    0.2ms tid=ThreadId(684) materialize_done uri=nfs://DietPi.local/mnt/4TBP/Work/Arise2014/fonts/fonts/Ersatz%20Image.png path=/home/peet/.cache/picasa-rs/source/7/e53fbd47bffa5eec6e80457046bef4625fb60df217fe0c206a6355385803f0fc.png ms=22.4
NETWORK t= 30608.6ms dt=    3.4ms tid=ThreadId(684) read_start uri=nfs://DietPi.local/mnt/4TBP/Work/Arise2014/fonts/fonts/love-&-trust-poster.png
NETWORK t= 30653.8ms dt=   45.3ms tid=main tile_activated photo_id=891 index=0
NETWORK t= 30653.9ms dt=    0.0ms tid=main lightbox_open index=0
NETWORK t= 30665.8ms dt=   12.0ms tid=main decode_start uri=nfs://DietPi.local/mnt/4TBP/Work/Arise2014/Arise%20Logo/Logo22-G.jpg
NETWORK t= 30666.0ms dt=    0.1ms tid=lightbox-decode materialize_start uri=nfs://DietPi.local/mnt/4TBP/Work/Arise2014/Arise%20Logo/Logo22-G.jpg
NETWORK t= 30666.0ms dt=    0.0ms tid=lightbox-decode materialize_done uri=nfs://DietPi.local/mnt/4TBP/Work/Arise2014/Arise%20Logo/Logo22-G.jpg path=/home/peet/.cache/picasa-rs/source/p/93319bb3b777d3a707ec55389da9b605ac6b528d60e63d06e42ec91d0b32cf7e.jpg ms=0.0
NETWORK t= 30666.0ms dt=    0.0ms tid=lightbox-decode materialize_start uri=nfs://DietPi.local/mnt/4TBP/Work/Arise2014/Arise%20Logo/Logo22-G.jpg
NETWORK t= 30666.0ms dt=    0.0ms tid=lightbox-decode materialize_done uri=nfs://DietPi.local/mnt/4TBP/Work/Arise2014/Arise%20Logo/Logo22-G.jpg path=/home/peet/.cache/picasa-rs/source/p/93319bb3b777d3a707ec55389da9b605ac6b528d60e63d06e42ec91d0b32cf7e.jpg ms=0.0
NETWORK t= 30677.4ms dt=   11.3ms tid=main decode_done uri=nfs://DietPi.local/mnt/4TBP/Work/Arise2014/Arise%20Logo/Logo22-G.jpg w=1124 h=321 ms=11.5
NETWORK t= 30904.6ms dt=  227.2ms tid=lightbox-prefetch materialize_start uri=nfs://DietPi.local/mnt/4TBP/Work/Arise2014/Arise%20Logo/Logo22-G2.jpg
NETWORK t= 30904.6ms dt=    0.0ms tid=lightbox-prefetch materialize_done uri=nfs://DietPi.local/mnt/4TBP/Work/Arise2014/Arise%20Logo/Logo22-G2.jpg path=/home/peet/.cache/picasa-rs/source/d/81917b24590f072d58210db3a788d866592700ecf8a00a61763c5d94a2c283cb.jpg ms=0.0
NETWORK t= 30904.6ms dt=    0.0ms tid=lightbox-prefetch materialize_start uri=nfs://DietPi.local/mnt/4TBP/Work/Arise2014/Arise%20Logo/Logo22-G2.jpg
NETWORK t= 30904.7ms dt=    0.0ms tid=lightbox-prefetch materialize_done uri=nfs://DietPi.local/mnt/4TBP/Work/Arise2014/Arise%20Logo/Logo22-G2.jpg path=/home/peet/.cache/picasa-rs/source/d/81917b24590f072d58210db3a788d866592700ecf8a00a61763c5d94a2c283cb.jpg ms=0.0
NETWORK t= 30939.6ms dt=   35.0ms tid=ThreadId(78) nfs_helper_read_ok uri=nfs://DietPi.local/mnt/4TBP/Work/Arise2014/Launch/Poster%20A3-AriseFinal-Girl.jpg bytes=16192957
NETWORK t= 30939.7ms dt=    0.0ms tid=ThreadId(78) read_done uri=nfs://DietPi.local/mnt/4TBP/Work/Arise2014/Launch/Poster%20A3-AriseFinal-Girl.jpg bytes=16192957 ms=351.0
NETWORK t= 30942.8ms dt=    3.1ms tid=ThreadId(685) nfs_helper_read_ok uri=nfs://DietPi.local/mnt/4TBP/Work/Arise2014/fonts/fonts/Meshuggeneh%20Poster%201.png bytes=54053
NETWORK t= 30942.8ms dt=    0.0ms tid=ThreadId(685) read_done uri=nfs://DietPi.local/mnt/4TBP/Work/Arise2014/fonts/fonts/Meshuggeneh%20Poster%201.png bytes=54053 ms=350.6
NETWORK t= 30942.9ms dt=    0.1ms tid=ThreadId(685) materialize_done uri=nfs://DietPi.local/mnt/4TBP/Work/Arise2014/fonts/fonts/Meshuggeneh%20Poster%201.png path=/home/peet/.cache/picasa-rs/source/r/f69f70d2f46238dcf2197db81affafc5fd5486c6e26275e2ba78dbc90cbedba7.png ms=350.8
NETWORK t= 30945.3ms dt=    2.4ms tid=ThreadId(685) read_start uri=nfs://DietPi.local/mnt/4TBP/Work/Arise2014/fonts/fonts/Mayonaise%20Image.png
NETWORK t= 30945.8ms dt=    0.5ms tid=ThreadId(684) nfs_helper_read_ok uri=nfs://DietPi.local/mnt/4TBP/Work/Arise2014/fonts/fonts/love-&-trust-poster.png bytes=27791
NETWORK t= 30945.8ms dt=    0.0ms tid=ThreadId(684) read_done uri=nfs://DietPi.local/mnt/4TBP/Work/Arise2014/fonts/fonts/love-&-trust-poster.png bytes=27791 ms=337.2
NETWORK t= 30946.5ms dt=    0.7ms tid=ThreadId(78) read_start uri=nfs://DietPi.local/mnt/4TBP/Work/Arise2014/Launch/Poster%20A3-AriseFinal-Girl2.jpg
NETWORK t= 30946.7ms dt=    0.2ms tid=ThreadId(684) materialize_start uri=nfs://DietPi.local/mnt/4TBP/Work/Arise2014/fonts/fonts/love-&-trust-poster.png
NETWORK t= 30946.8ms dt=    0.1ms tid=ThreadId(684) read_start uri=nfs://DietPi.local/mnt/4TBP/Work/Arise2014/fonts/fonts/love-&-trust-poster.png
NETWORK t= 30958.1ms dt=   11.4ms tid=ThreadId(685) nfs_helper_read_ok uri=nfs://DietPi.local/mnt/4TBP/Work/Arise2014/fonts/fonts/Mayonaise%20Image.png bytes=558994
NETWORK t= 30958.2ms dt=    0.0ms tid=ThreadId(685) read_done uri=nfs://DietPi.local/mnt/4TBP/Work/Arise2014/fonts/fonts/Mayonaise%20Image.png bytes=558994 ms=12.8
NETWORK t= 30961.4ms dt=    3.3ms tid=ThreadId(685) materialize_start uri=nfs://DietPi.local/mnt/4TBP/Work/Arise2014/fonts/fonts/Mayonaise%20Image.png
NETWORK t= 30961.5ms dt=    0.1ms tid=ThreadId(685) read_start uri=nfs://DietPi.local/mnt/4TBP/Work/Arise2014/fonts/fonts/Mayonaise%20Image.png
NETWORK t= 31197.6ms dt=  236.2ms tid=main decode_start uri=nfs://DietPi.local/mnt/4TBP/Work/Arise2014/Arise%20Logo/Arise.jpg
NETWORK t= 31197.7ms dt=    0.1ms tid=lightbox-decode materialize_start uri=nfs://DietPi.local/mnt/4TBP/Work/Arise2014/Arise%20Logo/Arise.jpg
NETWORK t= 31197.8ms dt=    0.0ms tid=lightbox-decode materialize_done uri=nfs://DietPi.local/mnt/4TBP/Work/Arise2014/Arise%20Logo/Arise.jpg path=/home/peet/.cache/picasa-rs/source/e/5f42227417b791b7f841b0957127bbe7e65f0e97b5b66c6bc0cf08abaef10920.jpg ms=0.0
NETWORK t= 31197.8ms dt=    0.0ms tid=lightbox-decode materialize_start uri=nfs://DietPi.local/mnt/4TBP/Work/Arise2014/Arise%20Logo/Arise.jpg
NETWORK t= 31197.8ms dt=    0.0ms tid=lightbox-decode materialize_done uri=nfs://DietPi.local/mnt/4TBP/Work/Arise2014/Arise%20Logo/Arise.jpg path=/home/peet/.cache/picasa-rs/source/e/5f42227417b791b7f841b0957127bbe7e65f0e97b5b66c6bc0cf08abaef10920.jpg ms=0.0
NETWORK t= 31213.1ms dt=   15.3ms tid=main decode_done uri=nfs://DietPi.local/mnt/4TBP/Work/Arise2014/Arise%20Logo/Arise.jpg w=1025 h=732 ms=15.4
NETWORK t= 31245.7ms dt=   32.7ms tid=main decode_start uri=nfs://DietPi.local/mnt/4TBP/Work/Arise2014/Arise%20Logo/Forms/Arise-Registration-Form-2013-2.jpg
NETWORK t= 31245.8ms dt=    0.1ms tid=lightbox-decode materialize_start uri=nfs://DietPi.local/mnt/4TBP/Work/Arise2014/Arise%20Logo/Forms/Arise-Registration-Form-2013-2.jpg
NETWORK t= 31245.9ms dt=    0.0ms tid=lightbox-decode materialize_done uri=nfs://DietPi.local/mnt/4TBP/Work/Arise2014/Arise%20Logo/Forms/Arise-Registration-Form-2013-2.jpg path=/home/peet/.cache/picasa-rs/source/0/6b28b48e8d2a67f68a6eec2694f0c664e7c7bfe2cc3f8dbdf969fb23bb8582a4.jpg ms=0.0
NETWORK t= 31245.9ms dt=    0.0ms tid=lightbox-decode materialize_start uri=nfs://DietPi.local/mnt/4TBP/Work/Arise2014/Arise%20Logo/Forms/Arise-Registration-Form-2013-2.jpg
NETWORK t= 31245.9ms dt=    0.0ms tid=lightbox-decode materialize_done uri=nfs://DietPi.local/mnt/4TBP/Work/Arise2014/Arise%20Logo/Forms/Arise-Registration-Form-2013-2.jpg path=/home/peet/.cache/picasa-rs/source/0/6b28b48e8d2a67f68a6eec2694f0c664e7c7bfe2cc3f8dbdf969fb23bb8582a4.jpg ms=0.0
NETWORK t= 31294.0ms dt=   48.1ms tid=main decode_start uri=nfs://DietPi.local/mnt/4TBP/Work/Arise2014/Arise%20Logo/Forms/Arise-Registration-Form-2013-6.jpg
NETWORK t= 31294.2ms dt=    0.2ms tid=lightbox-decode materialize_start uri=nfs://DietPi.local/mnt/4TBP/Work/Arise2014/Arise%20Logo/Forms/Arise-Registration-Form-2013-6.jpg
NETWORK t= 31294.2ms dt=    0.0ms tid=lightbox-decode materialize_done uri=nfs://DietPi.local/mnt/4TBP/Work/Arise2014/Arise%20Logo/Forms/Arise-Registration-Form-2013-6.jpg path=/home/peet/.cache/picasa-rs/source/8/575cec7d239891348c4e2fd4b701a12b817fa0152d4fd745cb78b145ed58dada.jpg ms=0.0
NETWORK t= 31294.3ms dt=    0.0ms tid=lightbox-decode materialize_start uri=nfs://DietPi.local/mnt/4TBP/Work/Arise2014/Arise%20Logo/Forms/Arise-Registration-Form-2013-6.jpg
NETWORK t= 31294.3ms dt=    0.0ms tid=lightbox-decode materialize_done uri=nfs://DietPi.local/mnt/4TBP/Work/Arise2014/Arise%20Logo/Forms/Arise-Registration-Form-2013-6.jpg path=/home/peet/.cache/picasa-rs/source/8/575cec7d239891348c4e2fd4b701a12b817fa0152d4fd745cb78b145ed58dada.jpg ms=0.0
NETWORK t= 31308.7ms dt=   14.4ms tid=ThreadId(78) nfs_helper_read_ok uri=nfs://DietPi.local/mnt/4TBP/Work/Arise2014/Launch/Poster%20A3-AriseFinal-Girl2.jpg bytes=16907624
NETWORK t= 31308.7ms dt=    0.0ms tid=ThreadId(78) read_done uri=nfs://DietPi.local/mnt/4TBP/Work/Arise2014/Launch/Poster%20A3-AriseFinal-Girl2.jpg bytes=16907624 ms=362.2
NETWORK t= 31312.5ms dt=    3.7ms tid=ThreadId(684) nfs_helper_read_ok uri=nfs://DietPi.local/mnt/4TBP/Work/Arise2014/fonts/fonts/love-&-trust-poster.png bytes=27791
NETWORK t= 31312.5ms dt=    0.0ms tid=ThreadId(684) read_done uri=nfs://DietPi.local/mnt/4TBP/Work/Arise2014/fonts/fonts/love-&-trust-poster.png bytes=27791 ms=365.7
NETWORK t= 31312.7ms dt=    0.1ms tid=ThreadId(684) materialize_done uri=nfs://DietPi.local/mnt/4TBP/Work/Arise2014/fonts/fonts/love-&-trust-poster.png path=/home/peet/.cache/picasa-rs/source/d/6889dcb233c6133bf4453227e55468833bb4b518d0a183129375da931a3ea020.png ms=366.0
NETWORK t= 31315.5ms dt=    2.9ms tid=ThreadId(684) read_start uri=nfs://DietPi.local/mnt/4TBP/Work/Arise2014/Arise%20Logo/Forms/Arise-Registration-Form-2013.jpg
NETWORK t= 31315.9ms dt=    0.3ms tid=ThreadId(78) read_start uri=nfs://DietPi.local/mnt/4TBP/Work/Arise2014/Corner%20Board/Loyiso%20Bala%20Folder/Links/Eastern3-Corner.jpg
NETWORK t= 31325.3ms dt=    9.4ms tid=ThreadId(685) nfs_helper_read_ok uri=nfs://DietPi.local/mnt/4TBP/Work/Arise2014/fonts/fonts/Mayonaise%20Image.png bytes=558994
NETWORK t= 31325.3ms dt=    0.0ms tid=ThreadId(685) read_done uri=nfs://DietPi.local/mnt/4TBP/Work/Arise2014/fonts/fonts/Mayonaise%20Image.png bytes=558994 ms=363.8
NETWORK t= 31325.5ms dt=    0.2ms tid=ThreadId(685) materialize_done uri=nfs://DietPi.local/mnt/4TBP/Work/Arise2014/fonts/fonts/Mayonaise%20Image.png path=/home/peet/.cache/picasa-rs/source/p/897d67f8f6853ef62c756121b079598ba692632f1d0d8224a363027057e20a85.png ms=364.0
NETWORK t= 31328.6ms dt=    3.1ms tid=ThreadId(685) read_start uri=nfs://DietPi.local/mnt/4TBP/Work/Arise2014/fonts/fonts/Nathaniel.jpg
NETWORK t= 31342.6ms dt=   14.0ms tid=ThreadId(684) nfs_helper_read_ok uri=nfs://DietPi.local/mnt/4TBP/Work/Arise2014/Arise%20Logo/Forms/Arise-Registration-Form-2013.jpg bytes=793755
NETWORK t= 31342.6ms dt=    0.0ms tid=ThreadId(684) read_done uri=nfs://DietPi.local/mnt/4TBP/Work/Arise2014/Arise%20Logo/Forms/Arise-Registration-Form-2013.jpg bytes=793755 ms=27.0
NETWORK t= 31358.1ms dt=   15.5ms tid=main decode_start uri=nfs://DietPi.local/mnt/4TBP/Work/Arise2014/Arise%20Logo/Forms/Arise-Registration-Form-2013-5.jpg
NETWORK t= 31358.2ms dt=    0.1ms tid=lightbox-decode materialize_start uri=nfs://DietPi.local/mnt/4TBP/Work/Arise2014/Arise%20Logo/Forms/Arise-Registration-Form-2013-5.jpg
NETWORK t= 31358.3ms dt=    0.1ms tid=lightbox-decode materialize_done uri=nfs://DietPi.local/mnt/4TBP/Work/Arise2014/Arise%20Logo/Forms/Arise-Registration-Form-2013-5.jpg path=/home/peet/.cache/picasa-rs/source/e/ed02da1085c208c8be2503259ab047a30308808c959503272a955fef05c6337e.jpg ms=0.0
NETWORK t= 31358.3ms dt=    0.0ms tid=lightbox-decode materialize_start uri=nfs://DietPi.local/mnt/4TBP/Work/Arise2014/Arise%20Logo/Forms/Arise-Registration-Form-2013-5.jpg
NETWORK t= 31358.3ms dt=    0.0ms tid=lightbox-decode materialize_done uri=nfs://DietPi.local/mnt/4TBP/Work/Arise2014/Arise%20Logo/Forms/Arise-Registration-Form-2013-5.jpg path=/home/peet/.cache/picasa-rs/source/e/ed02da1085c208c8be2503259ab047a30308808c959503272a955fef05c6337e.jpg ms=0.0
NETWORK t= 31361.2ms dt=    2.9ms tid=ThreadId(78) nfs_helper_read_ok uri=nfs://DietPi.local/mnt/4TBP/Work/Arise2014/Corner%20Board/Loyiso%20Bala%20Folder/Links/Eastern3-Corner.jpg bytes=381723
NETWORK t= 31361.3ms dt=    0.0ms tid=ThreadId(78) read_done uri=nfs://DietPi.local/mnt/4TBP/Work/Arise2014/Corner%20Board/Loyiso%20Bala%20Folder/Links/Eastern3-Corner.jpg bytes=381723 ms=45.4
NETWORK t= 31362.3ms dt=    1.0ms tid=ThreadId(78) read_start uri=nfs://DietPi.local/mnt/4TBP/Work/Arise2014/Shapes/Dancing-Girl-Silhouettes-with-Striped-Background/Dancing-Girl-Silhouettes-with-Striped-Background.png
NETWORK t= 31365.5ms dt=    3.3ms tid=ThreadId(685) nfs_helper_read_ok uri=nfs://DietPi.local/mnt/4TBP/Work/Arise2014/fonts/fonts/Nathaniel.jpg bytes=65783
NETWORK t= 31365.6ms dt=    0.0ms tid=ThreadId(685) read_done uri=nfs://DietPi.local/mnt/4TBP/Work/Arise2014/fonts/fonts/Nathaniel.jpg bytes=65783 ms=36.9
NETWORK t= 31370.1ms dt=    4.5ms tid=ThreadId(685) materialize_start uri=nfs://DietPi.local/mnt/4TBP/Work/Arise2014/fonts/fonts/Nathaniel.jpg
NETWORK t= 31370.2ms dt=    0.1ms tid=ThreadId(685) read_start uri=nfs://DietPi.local/mnt/4TBP/Work/Arise2014/fonts/fonts/Nathaniel.jpg
NETWORK t= 31371.1ms dt=    0.9ms tid=ThreadId(78) nfs_helper_read_ok uri=nfs://DietPi.local/mnt/4TBP/Work/Arise2014/Shapes/Dancing-Girl-Silhouettes-with-Striped-Background/Dancing-Girl-Silhouettes-with-Striped-Background.png bytes=102841
NETWORK t= 31371.1ms dt=    0.0ms tid=ThreadId(78) read_done uri=nfs://DietPi.local/mnt/4TBP/Work/Arise2014/Shapes/Dancing-Girl-Silhouettes-with-Striped-Background/Dancing-Girl-Silhouettes-with-Striped-Background.png bytes=102841 ms=8.9
NETWORK t= 31372.0ms dt=    0.8ms tid=ThreadId(78) read_start uri=nfs://DietPi.local/mnt/4TBP/Work/Arise2014/Arise2/Wallpapers9.jpg
NETWORK t= 31374.9ms dt=    3.0ms tid=ThreadId(685) nfs_helper_read_ok uri=nfs://DietPi.local/mnt/4TBP/Work/Arise2014/fonts/fonts/Nathaniel.jpg bytes=65783
NETWORK t= 31374.9ms dt=    0.0ms tid=ThreadId(685) read_done uri=nfs://DietPi.local/mnt/4TBP/Work/Arise2014/fonts/fonts/Nathaniel.jpg bytes=65783 ms=4.8
NETWORK t= 31375.1ms dt=    0.1ms tid=ThreadId(685) materialize_done uri=nfs://DietPi.local/mnt/4TBP/Work/Arise2014/fonts/fonts/Nathaniel.jpg path=/home/peet/.cache/picasa-rs/source/e/acbeba20c76aca538344ec48c875b9ef6833c0023fea6f277a4c24a7d133b97c.jpg ms=5.0
NETWORK t= 31378.9ms dt=    3.9ms tid=ThreadId(685) read_start uri=nfs://DietPi.local/mnt/4TBP/Work/Arise2014/fonts/fonts/Bergelmir%20Poster%202.png
NETWORK t= 31390.0ms dt=   11.1ms tid=ThreadId(78) nfs_helper_read_ok uri=nfs://DietPi.local/mnt/4TBP/Work/Arise2014/Arise2/Wallpapers9.jpg bytes=213939
NETWORK t= 31390.1ms dt=    0.0ms tid=ThreadId(78) read_done uri=nfs://DietPi.local/mnt/4TBP/Work/Arise2014/Arise2/Wallpapers9.jpg bytes=213939 ms=18.1
NETWORK t= 31390.9ms dt=    0.9ms tid=ThreadId(78) read_start uri=nfs://DietPi.local/mnt/4TBP/Work/Arise2014/Arise2/Wallpapers-3.jpg
NETWORK t= 31406.0ms dt=   15.1ms tid=ThreadId(684) materialize_start uri=nfs://DietPi.local/mnt/4TBP/Work/Arise2014/Arise%20Logo/Forms/Arise-Registration-Form-2013.jpg
NETWORK t= 31406.1ms dt=    0.1ms tid=ThreadId(684) read_start uri=nfs://DietPi.local/mnt/4TBP/Work/Arise2014/Arise%20Logo/Forms/Arise-Registration-Form-2013.jpg
NETWORK t= 31409.6ms dt=    3.5ms tid=ThreadId(685) nfs_helper_read_ok uri=nfs://DietPi.local/mnt/4TBP/Work/Arise2014/fonts/fonts/Bergelmir%20Poster%202.png bytes=982760
NETWORK t= 31409.6ms dt=    0.0ms tid=ThreadId(685) read_done uri=nfs://DietPi.local/mnt/4TBP/Work/Arise2014/fonts/fonts/Bergelmir%20Poster%202.png bytes=982760 ms=30.7
NETWORK t= 31414.9ms dt=    5.3ms tid=ThreadId(78) nfs_helper_read_ok uri=nfs://DietPi.local/mnt/4TBP/Work/Arise2014/Arise2/Wallpapers-3.jpg bytes=122596
NETWORK t= 31414.9ms dt=    0.0ms tid=ThreadId(78) read_done uri=nfs://DietPi.local/mnt/4TBP/Work/Arise2014/Arise2/Wallpapers-3.jpg bytes=122596 ms=24.0
NETWORK t= 31415.9ms dt=    1.0ms tid=ThreadId(78) read_start uri=nfs://DietPi.local/mnt/4TBP/Work/Arise2014/Arise2/Wallpapers-6.jpg
NETWORK t= 31419.2ms dt=    3.3ms tid=ThreadId(685) materialize_start uri=nfs://DietPi.local/mnt/4TBP/Work/Arise2014/fonts/fonts/Bergelmir%20Poster%202.png
NETWORK t= 31419.2ms dt=    0.1ms tid=ThreadId(685) read_start uri=nfs://DietPi.local/mnt/4TBP/Work/Arise2014/fonts/fonts/Bergelmir%20Poster%202.png
NETWORK t= 31421.0ms dt=    1.8ms tid=main decode_start uri=nfs://DietPi.local/mnt/4TBP/Work/Arise2014/Arise%20Logo/Forms/Arise-Registration-Form-2013.jpg
NETWORK t= 31421.1ms dt=    0.1ms tid=lightbox-decode materialize_start uri=nfs://DietPi.local/mnt/4TBP/Work/Arise2014/Arise%20Logo/Forms/Arise-Registration-Form-2013.jpg
NETWORK t= 31421.2ms dt=    0.0ms tid=lightbox-decode read_start uri=nfs://DietPi.local/mnt/4TBP/Work/Arise2014/Arise%20Logo/Forms/Arise-Registration-Form-2013.jpg
NETWORK t= 31430.8ms dt=    9.6ms tid=ThreadId(684) nfs_helper_read_ok uri=nfs://DietPi.local/mnt/4TBP/Work/Arise2014/Arise%20Logo/Forms/Arise-Registration-Form-2013.jpg bytes=793755
NETWORK t= 31430.8ms dt=    0.0ms tid=ThreadId(684) read_done uri=nfs://DietPi.local/mnt/4TBP/Work/Arise2014/Arise%20Logo/Forms/Arise-Registration-Form-2013.jpg bytes=793755 ms=24.6
NETWORK t= 31431.0ms dt=    0.2ms tid=ThreadId(684) materialize_done uri=nfs://DietPi.local/mnt/4TBP/Work/Arise2014/Arise%20Logo/Forms/Arise-Registration-Form-2013.jpg path=/home/peet/.cache/picasa-rs/source/7/2a37eb65b1640a69d50041b9912b32100f28a6cca095e7ab21e43b625165fe26.jpg ms=24.9
NETWORK t= 31434.1ms dt=    3.1ms tid=ThreadId(684) read_start uri=nfs://DietPi.local/mnt/4TBP/Work/Arise2014/fonts/fonts/billion-stars_poster.png
NETWORK t= 31447.7ms dt=   13.7ms tid=ThreadId(78) nfs_helper_read_ok uri=nfs://DietPi.local/mnt/4TBP/Work/Arise2014/Arise2/Wallpapers-6.jpg bytes=91913
NETWORK t= 31447.8ms dt=    0.0ms tid=ThreadId(78) read_done uri=nfs://DietPi.local/mnt/4TBP/Work/Arise2014/Arise2/Wallpapers-6.jpg bytes=91913 ms=31.8
NETWORK t= 31448.5ms dt=    0.8ms tid=ThreadId(78) read_start uri=nfs://DietPi.local/mnt/4TBP/Work/Arise2014/Arise2/Wallpapers-2.jpg
NETWORK t= 31467.3ms dt=   18.7ms tid=ThreadId(685) nfs_helper_read_ok uri=nfs://DietPi.local/mnt/4TBP/Work/Arise2014/fonts/fonts/Bergelmir%20Poster%202.png bytes=982760
NETWORK t= 31467.3ms dt=    0.0ms tid=ThreadId(685) read_done uri=nfs://DietPi.local/mnt/4TBP/Work/Arise2014/fonts/fonts/Bergelmir%20Poster%202.png bytes=982760 ms=48.0
NETWORK t= 31467.5ms dt=    0.2ms tid=ThreadId(685) materialize_done uri=nfs://DietPi.local/mnt/4TBP/Work/Arise2014/fonts/fonts/Bergelmir%20Poster%202.png path=/home/peet/.cache/picasa-rs/source/v/a027c5014be61f67867053e73b923fd8e9d7cb9074274207dc07ca54290bd6f8.png ms=48.3
NETWORK t= 31471.7ms dt=    4.1ms tid=ThreadId(685) read_start uri=nfs://DietPi.local/mnt/4TBP/Work/Arise2014/fonts/fonts/All%20Over%20Again%20Image.png
NETWORK t= 31482.8ms dt=   11.1ms tid=lightbox-decode nfs_helper_read_ok uri=nfs://DietPi.local/mnt/4TBP/Work/Arise2014/Arise%20Logo/Forms/Arise-Registration-Form-2013.jpg bytes=793755
NETWORK t= 31482.8ms dt=    0.0ms tid=lightbox-decode read_done uri=nfs://DietPi.local/mnt/4TBP/Work/Arise2014/Arise%20Logo/Forms/Arise-Registration-Form-2013.jpg bytes=793755 ms=61.6
NETWORK t= 31483.2ms dt=    0.4ms tid=lightbox-decode materialize_done uri=nfs://DietPi.local/mnt/4TBP/Work/Arise2014/Arise%20Logo/Forms/Arise-Registration-Form-2013.jpg path=/home/peet/.cache/picasa-rs/source/7/2a37eb65b1640a69d50041b9912b32100f28a6cca095e7ab21e43b625165fe26.jpg ms=62.1
NETWORK t= 31483.3ms dt=    0.0ms tid=lightbox-decode materialize_start uri=nfs://DietPi.local/mnt/4TBP/Work/Arise2014/Arise%20Logo/Forms/Arise-Registration-Form-2013.jpg
NETWORK t= 31483.3ms dt=    0.0ms tid=lightbox-decode materialize_done uri=nfs://DietPi.local/mnt/4TBP/Work/Arise2014/Arise%20Logo/Forms/Arise-Registration-Form-2013.jpg path=/home/peet/.cache/picasa-rs/source/7/2a37eb65b1640a69d50041b9912b32100f28a6cca095e7ab21e43b625165fe26.jpg ms=0.0
NETWORK t= 31499.5ms dt=   16.2ms tid=ThreadId(684) nfs_helper_read_ok uri=nfs://DietPi.local/mnt/4TBP/Work/Arise2014/fonts/fonts/billion-stars_poster.png bytes=856252
NETWORK t= 31499.5ms dt=    0.0ms tid=ThreadId(684) read_done uri=nfs://DietPi.local/mnt/4TBP/Work/Arise2014/fonts/fonts/billion-stars_poster.png bytes=856252 ms=65.4
NETWORK t= 31511.2ms dt=   11.7ms tid=ThreadId(684) materialize_start uri=nfs://DietPi.local/mnt/4TBP/Work/Arise2014/fonts/fonts/billion-stars_poster.png
NETWORK t= 31511.3ms dt=    0.1ms tid=ThreadId(684) read_start uri=nfs://DietPi.local/mnt/4TBP/Work/Arise2014/fonts/fonts/billion-stars_poster.png
NETWORK t= 31512.0ms dt=    0.8ms tid=ThreadId(78) nfs_helper_read_ok uri=nfs://DietPi.local/mnt/4TBP/Work/Arise2014/Arise2/Wallpapers-2.jpg bytes=176486
NETWORK t= 31512.0ms dt=    0.0ms tid=ThreadId(78) read_done uri=nfs://DietPi.local/mnt/4TBP/Work/Arise2014/Arise2/Wallpapers-2.jpg bytes=176486 ms=63.5
NETWORK t= 31512.9ms dt=    0.9ms tid=ThreadId(78) read_start uri=nfs://DietPi.local/mnt/4TBP/Work/Arise2014/Arise2/ARise-VIdeo.jpg
NETWORK t= 31523.4ms dt=   10.5ms tid=ThreadId(685) nfs_helper_read_ok uri=nfs://DietPi.local/mnt/4TBP/Work/Arise2014/fonts/fonts/All%20Over%20Again%20Image.png bytes=535655
NETWORK t= 31523.4ms dt=    0.0ms tid=ThreadId(685) read_done uri=nfs://DietPi.local/mnt/4TBP/Work/Arise2014/fonts/fonts/All%20Over%20Again%20Image.png bytes=535655 ms=51.7
NETWORK t= 31527.4ms dt=    4.0ms tid=ThreadId(685) materialize_start uri=nfs://DietPi.local/mnt/4TBP/Work/Arise2014/fonts/fonts/All%20Over%20Again%20Image.png
NETWORK t= 31527.4ms dt=    0.1ms tid=ThreadId(685) read_start uri=nfs://DietPi.local/mnt/4TBP/Work/Arise2014/fonts/fonts/All%20Over%20Again%20Image.png
NETWORK t= 31540.3ms dt=   12.9ms tid=ThreadId(684) nfs_helper_read_ok uri=nfs://DietPi.local/mnt/4TBP/Work/Arise2014/fonts/fonts/billion-stars_poster.png bytes=856252
NETWORK t= 31540.3ms dt=    0.0ms tid=ThreadId(684) read_done uri=nfs://DietPi.local/mnt/4TBP/Work/Arise2014/fonts/fonts/billion-stars_poster.png bytes=856252 ms=29.0
NETWORK t= 31540.6ms dt=    0.2ms tid=ThreadId(684) materialize_done uri=nfs://DietPi.local/mnt/4TBP/Work/Arise2014/fonts/fonts/billion-stars_poster.png path=/home/peet/.cache/picasa-rs/source/7/33eb6fde11afe7e13fbfda9b8d7c21f722390dfd420efe70cb7a919149770a6c.png ms=29.3
NETWORK t= 31543.4ms dt=    2.8ms tid=ThreadId(684) read_start uri=nfs://DietPi.local/mnt/4TBP/Work/Arise2014/fonts/fonts/Kerberos%20Fang%20Image.png
NETWORK t= 31558.5ms dt=   15.1ms tid=ThreadId(78) nfs_helper_read_ok uri=nfs://DietPi.local/mnt/4TBP/Work/Arise2014/Arise2/ARise-VIdeo.jpg bytes=256995
NETWORK t= 31558.6ms dt=    0.0ms tid=ThreadId(78) read_done uri=nfs://DietPi.local/mnt/4TBP/Work/Arise2014/Arise2/ARise-VIdeo.jpg bytes=256995 ms=45.6
NETWORK t= 31559.5ms dt=    1.0ms tid=ThreadId(78) read_start uri=nfs://DietPi.local/mnt/4TBP/Work/Arise2014/Arise2/Wallpapers-1-4.jpg
NETWORK t= 31569.8ms dt=   10.3ms tid=main decode_done uri=nfs://DietPi.local/mnt/4TBP/Work/Arise2014/Arise%20Logo/Forms/Arise-Registration-Form-2013.jpg w=1036 h=732 ms=148.7
NETWORK t= 31570.6ms dt=    0.8ms tid=ThreadId(685) nfs_helper_read_ok uri=nfs://DietPi.local/mnt/4TBP/Work/Arise2014/fonts/fonts/All%20Over%20Again%20Image.png bytes=535655
NETWORK t= 31570.6ms dt=    0.0ms tid=ThreadId(685) read_done uri=nfs://DietPi.local/mnt/4TBP/Work/Arise2014/fonts/fonts/All%20Over%20Again%20Image.png bytes=535655 ms=43.1
NETWORK t= 31570.8ms dt=    0.2ms tid=ThreadId(685) materialize_done uri=nfs://DietPi.local/mnt/4TBP/Work/Arise2014/fonts/fonts/All%20Over%20Again%20Image.png path=/home/peet/.cache/picasa-rs/source/a/1b520a4e329d8fc437bc559ddffe7deb415966d50624d9642673a4f14d026d1d.png ms=43.4
NETWORK t= 31573.8ms dt=    3.0ms tid=ThreadId(685) read_start uri=nfs://DietPi.local/mnt/4TBP/Work/Arise2014/fonts/fonts/Rumpelstiltskin%20Image.png
NETWORK t= 31584.2ms dt=   10.4ms tid=ThreadId(684) nfs_helper_read_ok uri=nfs://DietPi.local/mnt/4TBP/Work/Arise2014/fonts/fonts/Kerberos%20Fang%20Image.png bytes=632599
NETWORK t= 31584.2ms dt=    0.0ms tid=ThreadId(684) read_done uri=nfs://DietPi.local/mnt/4TBP/Work/Arise2014/fonts/fonts/Kerberos%20Fang%20Image.png bytes=632599 ms=40.8
NETWORK t= 31587.9ms dt=    3.7ms tid=ThreadId(684) materialize_start uri=nfs://DietPi.local/mnt/4TBP/Work/Arise2014/fonts/fonts/Kerberos%20Fang%20Image.png
NETWORK t= 31588.0ms dt=    0.1ms tid=ThreadId(684) read_start uri=nfs://DietPi.local/mnt/4TBP/Work/Arise2014/fonts/fonts/Kerberos%20Fang%20Image.png
NETWORK t= 31589.1ms dt=    1.1ms tid=ThreadId(78) nfs_helper_read_ok uri=nfs://DietPi.local/mnt/4TBP/Work/Arise2014/Arise2/Wallpapers-1-4.jpg bytes=93671
NETWORK t= 31589.1ms dt=    0.0ms tid=ThreadId(78) read_done uri=nfs://DietPi.local/mnt/4TBP/Work/Arise2014/Arise2/Wallpapers-1-4.jpg bytes=93671 ms=29.5
NETWORK t= 31590.0ms dt=    0.9ms tid=ThreadId(78) read_start uri=nfs://DietPi.local/mnt/4TBP/Work/Arise2014/Arise2/Wallpapers-1-3.jpg
NETWORK t= 31602.6ms dt=   12.6ms tid=ThreadId(685) nfs_helper_read_ok uri=nfs://DietPi.local/mnt/4TBP/Work/Arise2014/fonts/fonts/Rumpelstiltskin%20Image.png bytes=624206
NETWORK t= 31602.6ms dt=    0.0ms tid=ThreadId(685) read_done uri=nfs://DietPi.local/mnt/4TBP/Work/Arise2014/fonts/fonts/Rumpelstiltskin%20Image.png bytes=624206 ms=28.8
NETWORK t= 31606.6ms dt=    4.0ms tid=ThreadId(685) materialize_start uri=nfs://DietPi.local/mnt/4TBP/Work/Arise2014/fonts/fonts/Rumpelstiltskin%20Image.png
NETWORK t= 31606.7ms dt=    0.1ms tid=ThreadId(685) read_start uri=nfs://DietPi.local/mnt/4TBP/Work/Arise2014/fonts/fonts/Rumpelstiltskin%20Image.png
NETWORK t= 31615.8ms dt=    9.2ms tid=ThreadId(684) nfs_helper_read_ok uri=nfs://DietPi.local/mnt/4TBP/Work/Arise2014/fonts/fonts/Kerberos%20Fang%20Image.png bytes=632599
NETWORK t= 31615.8ms dt=    0.0ms tid=ThreadId(684) read_done uri=nfs://DietPi.local/mnt/4TBP/Work/Arise2014/fonts/fonts/Kerberos%20Fang%20Image.png bytes=632599 ms=27.8
NETWORK t= 31616.0ms dt=    0.2ms tid=ThreadId(684) materialize_done uri=nfs://DietPi.local/mnt/4TBP/Work/Arise2014/fonts/fonts/Kerberos%20Fang%20Image.png path=/home/peet/.cache/picasa-rs/source/j/3007ad1d476f5de7ad777da8a171497712afad96864f83f8c5ea78cf0da23e9b.png ms=28.1
NETWORK t= 31619.9ms dt=    3.9ms tid=ThreadId(684) read_start uri=nfs://DietPi.local/mnt/4TBP/Work/Arise2014/fonts/fonts/Bullet%20In%20Your%20Head%20Image.png
NETWORK t= 31627.7ms dt=    7.8ms tid=ThreadId(78) nfs_helper_read_ok uri=nfs://DietPi.local/mnt/4TBP/Work/Arise2014/Arise2/Wallpapers-1-3.jpg bytes=126265
NETWORK t= 31627.7ms dt=    0.0ms tid=ThreadId(78) read_done uri=nfs://DietPi.local/mnt/4TBP/Work/Arise2014/Arise2/Wallpapers-1-3.jpg bytes=126265 ms=37.7
NETWORK t= 31628.4ms dt=    0.7ms tid=ThreadId(78) read_start uri=nfs://DietPi.local/mnt/4TBP/Work/Arise2014/Arise2/Wallpapers-7.jpg
NETWORK t= 31641.4ms dt=   13.0ms tid=ThreadId(685) nfs_helper_read_ok uri=nfs://DietPi.local/mnt/4TBP/Work/Arise2014/fonts/fonts/Rumpelstiltskin%20Image.png bytes=624206
NETWORK t= 31641.4ms dt=    0.0ms tid=ThreadId(685) read_done uri=nfs://DietPi.local/mnt/4TBP/Work/Arise2014/fonts/fonts/Rumpelstiltskin%20Image.png bytes=624206 ms=34.7
NETWORK t= 31641.5ms dt=    0.2ms tid=ThreadId(685) materialize_done uri=nfs://DietPi.local/mnt/4TBP/Work/Arise2014/fonts/fonts/Rumpelstiltskin%20Image.png path=/home/peet/.cache/picasa-rs/source/e/556a0f8dcd409717fc9e9188303a9196ea8e96ef940d91637bc6a3c993559372.png ms=34.9
NETWORK t= 31644.9ms dt=    3.3ms tid=ThreadId(685) read_start uri=nfs://DietPi.local/mnt/4TBP/Work/Arise2014/Arise%20Logo/Karin%20Silioutte/Arise-Silouette.png
NETWORK t= 31655.4ms dt=   10.5ms tid=ThreadId(684) nfs_helper_read_ok uri=nfs://DietPi.local/mnt/4TBP/Work/Arise2014/fonts/fonts/Bullet%20In%20Your%20Head%20Image.png bytes=707626
NETWORK t= 31655.4ms dt=    0.0ms tid=ThreadId(684) read_done uri=nfs://DietPi.local/mnt/4TBP/Work/Arise2014/fonts/fonts/Bullet%20In%20Your%20Head%20Image.png bytes=707626 ms=35.5
NETWORK t= 31658.6ms dt=    3.2ms tid=ThreadId(684) materialize_start uri=nfs://DietPi.local/mnt/4TBP/Work/Arise2014/fonts/fonts/Bullet%20In%20Your%20Head%20Image.png
NETWORK t= 31658.7ms dt=    0.1ms tid=ThreadId(684) read_start uri=nfs://DietPi.local/mnt/4TBP/Work/Arise2014/fonts/fonts/Bullet%20In%20Your%20Head%20Image.png
NETWORK t= 31670.9ms dt=   12.2ms tid=ThreadId(78) nfs_helper_read_ok uri=nfs://DietPi.local/mnt/4TBP/Work/Arise2014/Arise2/Wallpapers-7.jpg bytes=169223
NETWORK t= 31670.9ms dt=    0.0ms tid=ThreadId(78) read_done uri=nfs://DietPi.local/mnt/4TBP/Work/Arise2014/Arise2/Wallpapers-7.jpg bytes=169223 ms=42.5
NETWORK t= 31671.2ms dt=    0.3ms tid=lightbox-prefetch materialize_start uri=nfs://DietPi.local/mnt/4TBP/Work/Arise2014/Arise%20Logo/Karin%20Silioutte/Arise-Silouette.png
NETWORK t= 31671.3ms dt=    0.1ms tid=lightbox-prefetch read_start uri=nfs://DietPi.local/mnt/4TBP/Work/Arise2014/Arise%20Logo/Karin%20Silioutte/Arise-Silouette.png
NETWORK t= 31671.6ms dt=    0.3ms tid=ThreadId(78) read_start uri=nfs://DietPi.local/mnt/4TBP/Work/Arise2014/Arise2/Wallpapers-1-2.jpg
NETWORK t= 31673.9ms dt=    2.3ms tid=ThreadId(685) nfs_helper_read_ok uri=nfs://DietPi.local/mnt/4TBP/Work/Arise2014/Arise%20Logo/Karin%20Silioutte/Arise-Silouette.png bytes=13934
NETWORK t= 31674.0ms dt=    0.0ms tid=ThreadId(685) read_done uri=nfs://DietPi.local/mnt/4TBP/Work/Arise2014/Arise%20Logo/Karin%20Silioutte/Arise-Silouette.png bytes=13934 ms=29.1
NETWORK t= 31674.4ms dt=    0.4ms tid=ThreadId(685) materialize_start uri=nfs://DietPi.local/mnt/4TBP/Work/Arise2014/Arise%20Logo/Karin%20Silioutte/Arise-Silouette.png
NETWORK t= 31674.4ms dt=    0.0ms tid=ThreadId(685) read_start uri=nfs://DietPi.local/mnt/4TBP/Work/Arise2014/Arise%20Logo/Karin%20Silioutte/Arise-Silouette.png
NETWORK t= 31688.5ms dt=   14.1ms tid=ThreadId(684) nfs_helper_read_ok uri=nfs://DietPi.local/mnt/4TBP/Work/Arise2014/fonts/fonts/Bullet%20In%20Your%20Head%20Image.png bytes=707626
NETWORK t= 31688.5ms dt=    0.0ms tid=ThreadId(684) read_done uri=nfs://DietPi.local/mnt/4TBP/Work/Arise2014/fonts/fonts/Bullet%20In%20Your%20Head%20Image.png bytes=707626 ms=29.9
NETWORK t= 31688.7ms dt=    0.2ms tid=ThreadId(684) materialize_done uri=nfs://DietPi.local/mnt/4TBP/Work/Arise2014/fonts/fonts/Bullet%20In%20Your%20Head%20Image.png path=/home/peet/.cache/picasa-rs/source/t/bbfdc4a8fa97b2d17e130fee4ed1a5e36c5799a5dfb6ad8ddfe7113c311c96f2.png ms=30.1
NETWORK t= 31691.3ms dt=    2.7ms tid=lightbox-prefetch nfs_helper_read_ok uri=nfs://DietPi.local/mnt/4TBP/Work/Arise2014/Arise%20Logo/Karin%20Silioutte/Arise-Silouette.png bytes=13934
NETWORK t= 31691.4ms dt=    0.0ms tid=lightbox-prefetch read_done uri=nfs://DietPi.local/mnt/4TBP/Work/Arise2014/Arise%20Logo/Karin%20Silioutte/Arise-Silouette.png bytes=13934 ms=20.1
NETWORK t= 31691.5ms dt=    0.1ms tid=lightbox-prefetch materialize_done uri=nfs://DietPi.local/mnt/4TBP/Work/Arise2014/Arise%20Logo/Karin%20Silioutte/Arise-Silouette.png path=/home/peet/.cache/picasa-rs/source/b/22c7a63cfbbeb1dad494e140615e69420307549551bc69c37c69a893784c9a39.png ms=20.2
NETWORK t= 31691.5ms dt=    0.1ms tid=lightbox-prefetch materialize_start uri=nfs://DietPi.local/mnt/4TBP/Work/Arise2014/Arise%20Logo/Karin%20Silioutte/Arise-Silouette.png
NETWORK t= 31691.6ms dt=    0.0ms tid=lightbox-prefetch materialize_done uri=nfs://DietPi.local/mnt/4TBP/Work/Arise2014/Arise%20Logo/Karin%20Silioutte/Arise-Silouette.png path=/home/peet/.cache/picasa-rs/source/b/22c7a63cfbbeb1dad494e140615e69420307549551bc69c37c69a893784c9a39.png ms=0.0
NETWORK t= 31691.8ms dt=    0.2ms tid=ThreadId(684) read_start uri=nfs://DietPi.local/mnt/4TBP/Work/Arise2014/fonts/fonts/southern-aire_poster.png
NETWORK t= 31696.4ms dt=    4.6ms tid=ThreadId(78) nfs_helper_read_ok uri=nfs://DietPi.local/mnt/4TBP/Work/Arise2014/Arise2/Wallpapers-1-2.jpg bytes=87616
NETWORK t= 31696.4ms dt=    0.0ms tid=ThreadId(78) read_done uri=nfs://DietPi.local/mnt/4TBP/Work/Arise2014/Arise2/Wallpapers-1-2.jpg bytes=87616 ms=24.8
NETWORK t= 31697.1ms dt=    0.6ms tid=ThreadId(78) read_start uri=nfs://DietPi.local/mnt/4TBP/Work/Arise2014/Arise2/Wallpapers-8.jpg
NETWORK t= 31699.4ms dt=    2.3ms tid=ThreadId(685) nfs_helper_read_ok uri=nfs://DietPi.local/mnt/4TBP/Work/Arise2014/Arise%20Logo/Karin%20Silioutte/Arise-Silouette.png bytes=13934
NETWORK t= 31699.4ms dt=    0.0ms tid=ThreadId(685) read_done uri=nfs://DietPi.local/mnt/4TBP/Work/Arise2014/Arise%20Logo/Karin%20Silioutte/Arise-Silouette.png bytes=13934 ms=25.0
NETWORK t= 31699.6ms dt=    0.1ms tid=ThreadId(685) materialize_done uri=nfs://DietPi.local/mnt/4TBP/Work/Arise2014/Arise%20Logo/Karin%20Silioutte/Arise-Silouette.png path=/home/peet/.cache/picasa-rs/source/b/22c7a63cfbbeb1dad494e140615e69420307549551bc69c37c69a893784c9a39.png ms=25.2
NETWORK t= 31702.1ms dt=    2.6ms tid=ThreadId(685) read_start uri=nfs://DietPi.local/mnt/4TBP/Work/Arise2014/fonts/fonts/Allez%20Hop%20Poster.jpg
NETWORK t= 31712.8ms dt=   10.7ms tid=ThreadId(684) nfs_helper_read_ok uri=nfs://DietPi.local/mnt/4TBP/Work/Arise2014/fonts/fonts/southern-aire_poster.png bytes=636875
NETWORK t= 31712.8ms dt=    0.0ms tid=ThreadId(684) read_done uri=nfs://DietPi.local/mnt/4TBP/Work/Arise2014/fonts/fonts/southern-aire_poster.png bytes=636875 ms=21.0
NETWORK t= 31719.1ms dt=    6.3ms tid=ThreadId(78) nfs_helper_read_ok uri=nfs://DietPi.local/mnt/4TBP/Work/Arise2014/Arise2/Wallpapers-8.jpg bytes=146315
NETWORK t= 31719.1ms dt=    0.0ms tid=ThreadId(78) read_done uri=nfs://DietPi.local/mnt/4TBP/Work/Arise2014/Arise2/Wallpapers-8.jpg bytes=146315 ms=22.1
NETWORK t= 31719.9ms dt=    0.8ms tid=ThreadId(78) read_start uri=nfs://DietPi.local/mnt/4TBP/Work/Arise2014/Arise2/Wallpapers-5.jpg
NETWORK t= 31722.8ms dt=    2.9ms tid=ThreadId(685) nfs_helper_read_ok uri=nfs://DietPi.local/mnt/4TBP/Work/Arise2014/fonts/fonts/Allez%20Hop%20Poster.jpg bytes=73019
NETWORK t= 31722.8ms dt=    0.0ms tid=ThreadId(685) read_done uri=nfs://DietPi.local/mnt/4TBP/Work/Arise2014/fonts/fonts/Allez%20Hop%20Poster.jpg bytes=73019 ms=20.7
NETWORK t= 31724.1ms dt=    1.3ms tid=ThreadId(685) materialize_start uri=nfs://DietPi.local/mnt/4TBP/Work/Arise2014/fonts/fonts/Allez%20Hop%20Poster.jpg
NETWORK t= 31724.2ms dt=    0.1ms tid=ThreadId(685) read_start uri=nfs://DietPi.local/mnt/4TBP/Work/Arise2014/fonts/fonts/Allez%20Hop%20Poster.jpg
NETWORK t= 31724.4ms dt=    0.2ms tid=ThreadId(684) materialize_start uri=nfs://DietPi.local/mnt/4TBP/Work/Arise2014/fonts/fonts/southern-aire_poster.png
NETWORK t= 31724.4ms dt=    0.0ms tid=ThreadId(684) read_start uri=nfs://DietPi.local/mnt/4TBP/Work/Arise2014/fonts/fonts/southern-aire_poster.png
NETWORK t= 31728.0ms dt=    3.6ms tid=ThreadId(78) nfs_helper_read_ok uri=nfs://DietPi.local/mnt/4TBP/Work/Arise2014/Arise2/Wallpapers-5.jpg bytes=114862
NETWORK t= 31728.0ms dt=    0.0ms tid=ThreadId(78) read_done uri=nfs://DietPi.local/mnt/4TBP/Work/Arise2014/Arise2/Wallpapers-5.jpg bytes=114862 ms=8.1
NETWORK t= 31728.6ms dt=    0.6ms tid=ThreadId(78) read_start uri=nfs://DietPi.local/mnt/4TBP/Work/Arise2014/Arise2/Wallpapers-4.jpg
NETWORK t= 31731.5ms dt=    2.9ms tid=ThreadId(685) nfs_helper_read_ok uri=nfs://DietPi.local/mnt/4TBP/Work/Arise2014/fonts/fonts/Allez%20Hop%20Poster.jpg bytes=73019
NETWORK t= 31731.5ms dt=    0.0ms tid=ThreadId(685) read_done uri=nfs://DietPi.local/mnt/4TBP/Work/Arise2014/fonts/fonts/Allez%20Hop%20Poster.jpg bytes=73019 ms=7.3
NETWORK t= 31731.6ms dt=    0.1ms tid=ThreadId(685) materialize_done uri=nfs://DietPi.local/mnt/4TBP/Work/Arise2014/fonts/fonts/Allez%20Hop%20Poster.jpg path=/home/peet/.cache/picasa-rs/source/r/3f8784fb6f2984cc52360252b021571e0dbadb1176914420d90266720f81ad27.jpg ms=7.5
NETWORK t= 31733.7ms dt=    2.1ms tid=ThreadId(685) read_start uri=nfs://DietPi.local/mnt/4TBP/Work/Arise2014/fonts/fonts/Moi%20Non%20Plus%20Poster.png
NETWORK t= 31744.6ms dt=   10.9ms tid=ThreadId(684) nfs_helper_read_ok uri=nfs://DietPi.local/mnt/4TBP/Work/Arise2014/fonts/fonts/southern-aire_poster.png bytes=636875
NETWORK t= 31744.6ms dt=    0.0ms tid=ThreadId(684) read_done uri=nfs://DietPi.local/mnt/4TBP/Work/Arise2014/fonts/fonts/southern-aire_poster.png bytes=636875 ms=20.1
NETWORK t= 31744.7ms dt=    0.2ms tid=ThreadId(684) materialize_done uri=nfs://DietPi.local/mnt/4TBP/Work/Arise2014/fonts/fonts/southern-aire_poster.png path=/home/peet/.cache/picasa-rs/source/7/36978b7ccb84316f5b205a750239cc88b289837ac46d4d0e830c56426f59050b.png ms=20.4
NETWORK t= 31747.4ms dt=    2.6ms tid=ThreadId(684) read_start uri=nfs://DietPi.local/mnt/4TBP/Work/Arise2014/fonts/fonts/Moi%20Non%20Plus%20Poster%202.png
NETWORK t= 31749.4ms dt=    2.0ms tid=ThreadId(78) nfs_helper_read_ok uri=nfs://DietPi.local/mnt/4TBP/Work/Arise2014/Arise2/Wallpapers-4.jpg bytes=96357
NETWORK t= 31749.4ms dt=    0.0ms tid=ThreadId(78) read_done uri=nfs://DietPi.local/mnt/4TBP/Work/Arise2014/Arise2/Wallpapers-4.jpg bytes=96357 ms=20.8
NETWORK t= 31750.2ms dt=    0.8ms tid=ThreadId(78) read_start uri=nfs://DietPi.local/mnt/4TBP/Work/Arise2014/PNG/Arise-Logo-Colour-Purple.png
NETWORK t= 31760.0ms dt=    9.8ms tid=ThreadId(685) nfs_helper_read_ok uri=nfs://DietPi.local/mnt/4TBP/Work/Arise2014/fonts/fonts/Moi%20Non%20Plus%20Poster.png bytes=452211
NETWORK t= 31760.0ms dt=    0.0ms tid=ThreadId(685) read_done uri=nfs://DietPi.local/mnt/4TBP/Work/Arise2014/fonts/fonts/Moi%20Non%20Plus%20Poster.png bytes=452211 ms=26.3
NETWORK t= 31762.4ms dt=    2.4ms tid=ThreadId(685) materialize_start uri=nfs://DietPi.local/mnt/4TBP/Work/Arise2014/fonts/fonts/Moi%20Non%20Plus%20Poster.png
NETWORK t= 31762.5ms dt=    0.1ms tid=ThreadId(685) read_start uri=nfs://DietPi.local/mnt/4TBP/Work/Arise2014/fonts/fonts/Moi%20Non%20Plus%20Poster.png
NETWORK t= 31763.4ms dt=    1.0ms tid=ThreadId(684) nfs_helper_read_ok uri=nfs://DietPi.local/mnt/4TBP/Work/Arise2014/fonts/fonts/Moi%20Non%20Plus%20Poster%202.png bytes=57219
NETWORK t= 31763.5ms dt=    0.0ms tid=ThreadId(684) read_done uri=nfs://DietPi.local/mnt/4TBP/Work/Arise2014/fonts/fonts/Moi%20Non%20Plus%20Poster%202.png bytes=57219 ms=16.1
NETWORK t= 31764.3ms dt=    0.8ms tid=ThreadId(684) materialize_start uri=nfs://DietPi.local/mnt/4TBP/Work/Arise2014/fonts/fonts/Moi%20Non%20Plus%20Poster%202.png
NETWORK t= 31764.3ms dt=    0.1ms tid=ThreadId(684) read_start uri=nfs://DietPi.local/mnt/4TBP/Work/Arise2014/fonts/fonts/Moi%20Non%20Plus%20Poster%202.png
NETWORK t= 31776.0ms dt=   11.7ms tid=ThreadId(78) nfs_helper_read_ok uri=nfs://DietPi.local/mnt/4TBP/Work/Arise2014/PNG/Arise-Logo-Colour-Purple.png bytes=523254
NETWORK t= 31776.0ms dt=    0.0ms tid=ThreadId(78) read_done uri=nfs://DietPi.local/mnt/4TBP/Work/Arise2014/PNG/Arise-Logo-Colour-Purple.png bytes=523254 ms=25.8
NETWORK t= 31776.7ms dt=    0.7ms tid=ThreadId(78) read_start uri=nfs://DietPi.local/mnt/4TBP/Work/Arise2014/PNG/Girl2.png
NETWORK t= 31786.0ms dt=    9.3ms tid=ThreadId(685) nfs_helper_read_ok uri=nfs://DietPi.local/mnt/4TBP/Work/Arise2014/fonts/fonts/Moi%20Non%20Plus%20Poster.png bytes=452211
NETWORK t= 31786.0ms dt=    0.0ms tid=ThreadId(685) read_done uri=nfs://DietPi.local/mnt/4TBP/Work/Arise2014/fonts/fonts/Moi%20Non%20Plus%20Poster.png bytes=452211 ms=23.5
NETWORK t= 31786.2ms dt=    0.2ms tid=ThreadId(685) materialize_done uri=nfs://DietPi.local/mnt/4TBP/Work/Arise2014/fonts/fonts/Moi%20Non%20Plus%20Poster.png path=/home/peet/.cache/picasa-rs/source/t/02155189ab3ed0b03c970b7a4aa2f823488029aeb9775b4a13617c47abfd95fd.png ms=23.8
NETWORK t= 31788.3ms dt=    2.1ms tid=ThreadId(685) read_start uri=nfs://DietPi.local/mnt/4TBP/Work/Arise2014/fonts/fonts/Kundalini%20Poster%201.png
NETWORK t= 31789.3ms dt=    1.0ms tid=ThreadId(684) nfs_helper_read_ok uri=nfs://DietPi.local/mnt/4TBP/Work/Arise2014/fonts/fonts/Moi%20Non%20Plus%20Poster%202.png bytes=57219
NETWORK t= 31789.3ms dt=    0.0ms tid=ThreadId(684) read_done uri=nfs://DietPi.local/mnt/4TBP/Work/Arise2014/fonts/fonts/Moi%20Non%20Plus%20Poster%202.png bytes=57219 ms=24.9
NETWORK t= 31789.4ms dt=    0.1ms tid=ThreadId(684) materialize_done uri=nfs://DietPi.local/mnt/4TBP/Work/Arise2014/fonts/fonts/Moi%20Non%20Plus%20Poster%202.png path=/home/peet/.cache/picasa-rs/source/i/50824dba5c39689d12ac280057baf0c565056fba00f17f8218eb9cb2885d41d0.png ms=25.1
NETWORK t= 31791.9ms dt=    2.5ms tid=ThreadId(684) read_start uri=nfs://DietPi.local/mnt/4TBP/Work/Arise2014/fonts/fonts/Fiebiger-Zwei-Poster-1.png
NETWORK t= 31813.6ms dt=   21.8ms tid=main decode_start uri=nfs://DietPi.local/mnt/4TBP/Work/Arise2014/Arise%20Logo/Forms/Arise-Registration-Form-2013-5.jpg
NETWORK t= 31813.7ms dt=    0.1ms tid=lightbox-decode materialize_start uri=nfs://DietPi.local/mnt/4TBP/Work/Arise2014/Arise%20Logo/Forms/Arise-Registration-Form-2013-5.jpg
NETWORK t= 31813.7ms dt=    0.0ms tid=lightbox-decode materialize_done uri=nfs://DietPi.local/mnt/4TBP/Work/Arise2014/Arise%20Logo/Forms/Arise-Registration-Form-2013-5.jpg path=/home/peet/.cache/picasa-rs/source/e/ed02da1085c208c8be2503259ab047a30308808c959503272a955fef05c6337e.jpg ms=0.0
NETWORK t= 31813.8ms dt=    0.0ms tid=lightbox-decode materialize_start uri=nfs://DietPi.local/mnt/4TBP/Work/Arise2014/Arise%20Logo/Forms/Arise-Registration-Form-2013-5.jpg
NETWORK t= 31813.8ms dt=    0.0ms tid=lightbox-decode materialize_done uri=nfs://DietPi.local/mnt/4TBP/Work/Arise2014/Arise%20Logo/Forms/Arise-Registration-Form-2013-5.jpg path=/home/peet/.cache/picasa-rs/source/e/ed02da1085c208c8be2503259ab047a30308808c959503272a955fef05c6337e.jpg ms=0.0
NETWORK t= 31893.0ms dt=   79.2ms tid=main decode_done uri=nfs://DietPi.local/mnt/4TBP/Work/Arise2014/Arise%20Logo/Forms/Arise-Registration-Form-2013-5.jpg w=1036 h=732 ms=79.3
NETWORK t= 31904.9ms dt=   11.9ms tid=ThreadId(78) nfs_helper_read_ok uri=nfs://DietPi.local/mnt/4TBP/Work/Arise2014/PNG/Girl2.png bytes=4114893
NETWORK t= 31904.9ms dt=    0.0ms tid=ThreadId(78) read_done uri=nfs://DietPi.local/mnt/4TBP/Work/Arise2014/PNG/Girl2.png bytes=4114893 ms=128.2
NETWORK t= 31905.8ms dt=    0.9ms tid=ThreadId(78) read_start uri=nfs://DietPi.local/mnt/4TBP/Work/Arise2014/PNG/Girl.png
NETWORK t= 31932.6ms dt=   26.8ms tid=ThreadId(685) nfs_helper_read_ok uri=nfs://DietPi.local/mnt/4TBP/Work/Arise2014/fonts/fonts/Kundalini%20Poster%201.png bytes=1370527
NETWORK t= 31932.7ms dt=    0.0ms tid=ThreadId(685) read_done uri=nfs://DietPi.local/mnt/4TBP/Work/Arise2014/fonts/fonts/Kundalini%20Poster%201.png bytes=1370527 ms=144.3
NETWORK t= 31935.7ms dt=    3.1ms tid=ThreadId(684) nfs_helper_read_ok uri=nfs://DietPi.local/mnt/4TBP/Work/Arise2014/fonts/fonts/Fiebiger-Zwei-Poster-1.png bytes=25805
NETWORK t= 31935.8ms dt=    0.0ms tid=ThreadId(684) read_done uri=nfs://DietPi.local/mnt/4TBP/Work/Arise2014/fonts/fonts/Fiebiger-Zwei-Poster-1.png bytes=25805 ms=143.9
NETWORK t= 31937.7ms dt=    2.0ms tid=ThreadId(684) materialize_start uri=nfs://DietPi.local/mnt/4TBP/Work/Arise2014/fonts/fonts/Fiebiger-Zwei-Poster-1.png
NETWORK t= 31937.8ms dt=    0.1ms tid=ThreadId(684) read_start uri=nfs://DietPi.local/mnt/4TBP/Work/Arise2014/fonts/fonts/Fiebiger-Zwei-Poster-1.png
NETWORK t= 31940.5ms dt=    2.7ms tid=ThreadId(685) materialize_start uri=nfs://DietPi.local/mnt/4TBP/Work/Arise2014/fonts/fonts/Kundalini%20Poster%201.png
NETWORK t= 31940.5ms dt=    0.1ms tid=ThreadId(685) read_start uri=nfs://DietPi.local/mnt/4TBP/Work/Arise2014/fonts/fonts/Kundalini%20Poster%201.png
NETWORK t= 32030.1ms dt=   89.5ms tid=ThreadId(78) nfs_helper_read_ok uri=nfs://DietPi.local/mnt/4TBP/Work/Arise2014/PNG/Girl.png bytes=4222616
NETWORK t= 32030.1ms dt=    0.0ms tid=ThreadId(78) read_done uri=nfs://DietPi.local/mnt/4TBP/Work/Arise2014/PNG/Girl.png bytes=4222616 ms=124.2
NETWORK t= 32030.9ms dt=    0.8ms tid=ThreadId(78) read_start uri=nfs://DietPi.local/mnt/4TBP/Work/Arise2014/PNG/Pins-Pink.png
NETWORK t= 32033.2ms dt=    2.3ms tid=ThreadId(684) nfs_helper_read_ok uri=nfs://DietPi.local/mnt/4TBP/Work/Arise2014/fonts/fonts/Fiebiger-Zwei-Poster-1.png bytes=25805
NETWORK t= 32033.2ms dt=    0.0ms tid=ThreadId(684) read_done uri=nfs://DietPi.local/mnt/4TBP/Work/Arise2014/fonts/fonts/Fiebiger-Zwei-Poster-1.png bytes=25805 ms=95.4
NETWORK t= 32033.4ms dt=    0.1ms tid=ThreadId(684) materialize_done uri=nfs://DietPi.local/mnt/4TBP/Work/Arise2014/fonts/fonts/Fiebiger-Zwei-Poster-1.png path=/home/peet/.cache/picasa-rs/source/f/c3ab1a2b98b03bfbd3916ed15da1604467fb2d3317b71e3ea9e897724e70b65c.png ms=95.6
NETWORK t= 32036.0ms dt=    2.7ms tid=ThreadId(684) read_start uri=nfs://DietPi.local/mnt/4TBP/Work/Arise2014/fonts/fonts/Aderyn%20Poster%201.png
NETWORK t= 32060.6ms dt=   24.6ms tid=ThreadId(685) nfs_helper_read_ok uri=nfs://DietPi.local/mnt/4TBP/Work/Arise2014/fonts/fonts/Kundalini%20Poster%201.png bytes=1370527
NETWORK t= 32060.6ms dt=    0.0ms tid=ThreadId(685) read_done uri=nfs://DietPi.local/mnt/4TBP/Work/Arise2014/fonts/fonts/Kundalini%20Poster%201.png bytes=1370527 ms=120.1
NETWORK t= 32060.9ms dt=    0.2ms tid=ThreadId(685) materialize_done uri=nfs://DietPi.local/mnt/4TBP/Work/Arise2014/fonts/fonts/Kundalini%20Poster%201.png path=/home/peet/.cache/picasa-rs/source/e/8cae2d01c7c040450865048487ec15362232cade677b9fd6195bc1ce6e4ed6da.png ms=120.4
NETWORK t= 32063.7ms dt=    2.8ms tid=ThreadId(685) read_start uri=nfs://DietPi.local/mnt/4TBP/Work/Arise2014/fonts/fonts/Quilted%20Butterfly%20Image.png
NETWORK t= 32063.8ms dt=    0.1ms tid=lightbox-prefetch materialize_start uri=nfs://DietPi.local/mnt/4TBP/Work/Arise2014/Arise%20Logo/Forms/Arise-Registration-Form-2013-6.jpg
NETWORK t= 32063.9ms dt=    0.0ms tid=lightbox-prefetch materialize_done uri=nfs://DietPi.local/mnt/4TBP/Work/Arise2014/Arise%20Logo/Forms/Arise-Registration-Form-2013-6.jpg path=/home/peet/.cache/picasa-rs/source/8/575cec7d239891348c4e2fd4b701a12b817fa0152d4fd745cb78b145ed58dada.jpg ms=0.0
NETWORK t= 32063.9ms dt=    0.0ms tid=lightbox-prefetch materialize_start uri=nfs://DietPi.local/mnt/4TBP/Work/Arise2014/Arise%20Logo/Forms/Arise-Registration-Form-2013-6.jpg
NETWORK t= 32063.9ms dt=    0.0ms tid=lightbox-prefetch materialize_done uri=nfs://DietPi.local/mnt/4TBP/Work/Arise2014/Arise%20Logo/Forms/Arise-Registration-Form-2013-6.jpg path=/home/peet/.cache/picasa-rs/source/8/575cec7d239891348c4e2fd4b701a12b817fa0152d4fd745cb78b145ed58dada.jpg ms=0.0
NETWORK t= 32073.9ms dt=   10.0ms tid=ThreadId(78) nfs_helper_read_ok uri=nfs://DietPi.local/mnt/4TBP/Work/Arise2014/PNG/Pins-Pink.png bytes=145173
NETWORK t= 32073.9ms dt=    0.0ms tid=ThreadId(78) read_done uri=nfs://DietPi.local/mnt/4TBP/Work/Arise2014/PNG/Pins-Pink.png bytes=145173 ms=43.0
NETWORK t= 32074.8ms dt=    0.9ms tid=ThreadId(78) read_start uri=nfs://DietPi.local/mnt/4TBP/Work/Arise2014/PNG/Pin-Pink2.png
NETWORK t= 32077.4ms dt=    2.6ms tid=ThreadId(684) nfs_helper_read_ok uri=nfs://DietPi.local/mnt/4TBP/Work/Arise2014/fonts/fonts/Aderyn%20Poster%201.png bytes=34496
NETWORK t= 32077.4ms dt=    0.0ms tid=ThreadId(684) read_done uri=nfs://DietPi.local/mnt/4TBP/Work/Arise2014/fonts/fonts/Aderyn%20Poster%201.png bytes=34496 ms=41.4
NETWORK t= 32078.0ms dt=    0.6ms tid=ThreadId(684) materialize_start uri=nfs://DietPi.local/mnt/4TBP/Work/Arise2014/fonts/fonts/Aderyn%20Poster%201.png
NETWORK t= 32078.1ms dt=    0.1ms tid=ThreadId(684) read_start uri=nfs://DietPi.local/mnt/4TBP/Work/Arise2014/fonts/fonts/Aderyn%20Poster%201.png
NETWORK t= 32091.8ms dt=   13.7ms tid=ThreadId(685) nfs_helper_read_ok uri=nfs://DietPi.local/mnt/4TBP/Work/Arise2014/fonts/fonts/Quilted%20Butterfly%20Image.png bytes=702857
NETWORK t= 32091.8ms dt=    0.0ms tid=ThreadId(685) read_done uri=nfs://DietPi.local/mnt/4TBP/Work/Arise2014/fonts/fonts/Quilted%20Butterfly%20Image.png bytes=702857 ms=28.2
NETWORK t= 32095.8ms dt=    4.0ms tid=ThreadId(685) materialize_start uri=nfs://DietPi.local/mnt/4TBP/Work/Arise2014/fonts/fonts/Quilted%20Butterfly%20Image.png
NETWORK t= 32095.9ms dt=    0.1ms tid=ThreadId(685) read_start uri=nfs://DietPi.local/mnt/4TBP/Work/Arise2014/fonts/fonts/Quilted%20Butterfly%20Image.png
NETWORK t= 32097.5ms dt=    1.6ms tid=ThreadId(78) nfs_helper_read_ok uri=nfs://DietPi.local/mnt/4TBP/Work/Arise2014/PNG/Pin-Pink2.png bytes=129067
NETWORK t= 32097.5ms dt=    0.0ms tid=ThreadId(78) read_done uri=nfs://DietPi.local/mnt/4TBP/Work/Arise2014/PNG/Pin-Pink2.png bytes=129067 ms=22.7
NETWORK t= 32098.4ms dt=    0.8ms tid=ThreadId(78) read_start uri=nfs://DietPi.local/mnt/4TBP/Work/Arise2014/Video/Image3.png
NETWORK t= 32101.0ms dt=    2.6ms tid=ThreadId(684) nfs_helper_read_ok uri=nfs://DietPi.local/mnt/4TBP/Work/Arise2014/fonts/fonts/Aderyn%20Poster%201.png bytes=34496
NETWORK t= 32101.0ms dt=    0.0ms tid=ThreadId(684) read_done uri=nfs://DietPi.local/mnt/4TBP/Work/Arise2014/fonts/fonts/Aderyn%20Poster%201.png bytes=34496 ms=22.9
NETWORK t= 32101.1ms dt=    0.1ms tid=ThreadId(684) materialize_done uri=nfs://DietPi.local/mnt/4TBP/Work/Arise2014/fonts/fonts/Aderyn%20Poster%201.png path=/home/peet/.cache/picasa-rs/source/i/a332618e9f233320c8bcae94ce4995d57dfc625914610522bbf979f4b1f7f5fd.png ms=23.1
NETWORK t= 32103.1ms dt=    1.9ms tid=ThreadId(684) read_start uri=nfs://DietPi.local/mnt/4TBP/Work/Arise2014/fonts/fonts/remachine_poster.png
NETWORK t= 32115.9ms dt=   12.8ms tid=ThreadId(685) nfs_helper_read_ok uri=nfs://DietPi.local/mnt/4TBP/Work/Arise2014/fonts/fonts/Quilted%20Butterfly%20Image.png bytes=702857
NETWORK t= 32115.9ms dt=    0.0ms tid=ThreadId(685) read_done uri=nfs://DietPi.local/mnt/4TBP/Work/Arise2014/fonts/fonts/Quilted%20Butterfly%20Image.png bytes=702857 ms=20.0
NETWORK t= 32116.1ms dt=    0.2ms tid=ThreadId(685) materialize_done uri=nfs://DietPi.local/mnt/4TBP/Work/Arise2014/fonts/fonts/Quilted%20Butterfly%20Image.png path=/home/peet/.cache/picasa-rs/source/c/c02404411d4d7fdc19c48ded1e3f843f36ada93353cb7239fc5d6341ba30f08f.png ms=20.3
NETWORK t= 32119.6ms dt=    3.5ms tid=ThreadId(685) read_start uri=nfs://DietPi.local/mnt/4TBP/Work/Arise2014/fonts/fonts/Moi%20Non%20Plus%20Poster%203.png
NETWORK t= 32142.6ms dt=   23.1ms tid=ThreadId(78) nfs_helper_read_ok uri=nfs://DietPi.local/mnt/4TBP/Work/Arise2014/Video/Image3.png bytes=684865
NETWORK t= 32142.7ms dt=    0.0ms tid=ThreadId(78) read_done uri=nfs://DietPi.local/mnt/4TBP/Work/Arise2014/Video/Image3.png bytes=684865 ms=44.3
NETWORK t= 32143.5ms dt=    0.8ms tid=ThreadId(78) read_start uri=nfs://DietPi.local/mnt/4TBP/Work/Arise2014/Video/Image4.png
NETWORK t= 32167.2ms dt=   23.7ms tid=ThreadId(684) nfs_helper_read_ok uri=nfs://DietPi.local/mnt/4TBP/Work/Arise2014/fonts/fonts/remachine_poster.png bytes=1229600
NETWORK t= 32167.2ms dt=    0.0ms tid=ThreadId(684) read_done uri=nfs://DietPi.local/mnt/4TBP/Work/Arise2014/fonts/fonts/remachine_poster.png bytes=1229600 ms=64.1
NETWORK t= 32170.8ms dt=    3.6ms tid=ThreadId(685) nfs_helper_read_ok uri=nfs://DietPi.local/mnt/4TBP/Work/Arise2014/fonts/fonts/Moi%20Non%20Plus%20Poster%203.png bytes=53380
NETWORK t= 32170.9ms dt=    0.0ms tid=ThreadId(685) read_done uri=nfs://DietPi.local/mnt/4TBP/Work/Arise2014/fonts/fonts/Moi%20Non%20Plus%20Poster%203.png bytes=53380 ms=51.3
NETWORK t= 32171.8ms dt=    0.9ms tid=ThreadId(685) materialize_start uri=nfs://DietPi.local/mnt/4TBP/Work/Arise2014/fonts/fonts/Moi%20Non%20Plus%20Poster%203.png
NETWORK t= 32171.9ms dt=    0.1ms tid=ThreadId(685) read_start uri=nfs://DietPi.local/mnt/4TBP/Work/Arise2014/fonts/fonts/Moi%20Non%20Plus%20Poster%203.png
NETWORK t= 32177.9ms dt=    6.1ms tid=ThreadId(684) materialize_start uri=nfs://DietPi.local/mnt/4TBP/Work/Arise2014/fonts/fonts/remachine_poster.png
NETWORK t= 32178.0ms dt=    0.1ms tid=ThreadId(684) read_start uri=nfs://DietPi.local/mnt/4TBP/Work/Arise2014/fonts/fonts/remachine_poster.png
NETWORK t= 32187.0ms dt=    9.0ms tid=ThreadId(78) nfs_helper_read_ok uri=nfs://DietPi.local/mnt/4TBP/Work/Arise2014/Video/Image4.png bytes=700970
NETWORK t= 32187.0ms dt=    0.0ms tid=ThreadId(78) read_done uri=nfs://DietPi.local/mnt/4TBP/Work/Arise2014/Video/Image4.png bytes=700970 ms=43.5
NETWORK t= 32187.7ms dt=    0.7ms tid=ThreadId(78) read_start uri=nfs://DietPi.local/mnt/4TBP/Work/Arise2014/Video/Image1.png
NETWORK t= 32190.3ms dt=    2.6ms tid=ThreadId(685) nfs_helper_read_ok uri=nfs://DietPi.local/mnt/4TBP/Work/Arise2014/fonts/fonts/Moi%20Non%20Plus%20Poster%203.png bytes=53380
NETWORK t= 32190.3ms dt=    0.0ms tid=ThreadId(685) read_done uri=nfs://DietPi.local/mnt/4TBP/Work/Arise2014/fonts/fonts/Moi%20Non%20Plus%20Poster%203.png bytes=53380 ms=18.4
NETWORK t= 32190.5ms dt=    0.2ms tid=ThreadId(685) materialize_done uri=nfs://DietPi.local/mnt/4TBP/Work/Arise2014/fonts/fonts/Moi%20Non%20Plus%20Poster%203.png path=/home/peet/.cache/picasa-rs/source/h/e20d122110c00a97603ac81daaf5f688a715fc581b9c223467660e9d59f5b2a4.png ms=18.7
NETWORK t= 32193.0ms dt=    2.6ms tid=ThreadId(685) read_start uri=nfs://DietPi.local/mnt/4TBP/Work/Arise2014/fonts/fonts/Trashtype%20Poster%201.png
NETWORK t= 32214.9ms dt=   21.9ms tid=ThreadId(684) nfs_helper_read_ok uri=nfs://DietPi.local/mnt/4TBP/Work/Arise2014/fonts/fonts/remachine_poster.png bytes=1229600
NETWORK t= 32215.0ms dt=    0.0ms tid=ThreadId(684) read_done uri=nfs://DietPi.local/mnt/4TBP/Work/Arise2014/fonts/fonts/remachine_poster.png bytes=1229600 ms=37.0
NETWORK t= 32215.2ms dt=    0.2ms tid=ThreadId(684) materialize_done uri=nfs://DietPi.local/mnt/4TBP/Work/Arise2014/fonts/fonts/remachine_poster.png path=/home/peet/.cache/picasa-rs/source/h/86c9315a4474af2d1237146f056cc92192598e46135bca4aaddd9b4afef006d7.png ms=37.3
NETWORK t= 32217.9ms dt=    2.8ms tid=ThreadId(684) read_start uri=nfs://DietPi.local/mnt/4TBP/Work/Arise2014/fonts/fonts/Billy%20Argel%20Blessed%20Day.jpg
NETWORK t= 32243.1ms dt=   25.2ms tid=ThreadId(78) nfs_helper_read_ok uri=nfs://DietPi.local/mnt/4TBP/Work/Arise2014/Video/Image1.png bytes=615837
NETWORK t= 32243.2ms dt=    0.0ms tid=ThreadId(78) read_done uri=nfs://DietPi.local/mnt/4TBP/Work/Arise2014/Video/Image1.png bytes=615837 ms=55.4
NETWORK t= 32245.4ms dt=    2.3ms tid=ThreadId(78) read_start uri=nfs://DietPi.local/mnt/4TBP/Work/Arise2014/Video/Image2.png
NETWORK t= 32255.2ms dt=    9.8ms tid=ThreadId(685) nfs_helper_read_ok uri=nfs://DietPi.local/mnt/4TBP/Work/Arise2014/fonts/fonts/Trashtype%20Poster%201.png bytes=473842
NETWORK t= 32255.2ms dt=    0.0ms tid=ThreadId(685) read_done uri=nfs://DietPi.local/mnt/4TBP/Work/Arise2014/fonts/fonts/Trashtype%20Poster%201.png bytes=473842 ms=62.2
NETWORK t= 32257.7ms dt=    2.5ms tid=ThreadId(685) materialize_start uri=nfs://DietPi.local/mnt/4TBP/Work/Arise2014/fonts/fonts/Trashtype%20Poster%201.png
NETWORK t= 32257.8ms dt=    0.1ms tid=ThreadId(685) read_start uri=nfs://DietPi.local/mnt/4TBP/Work/Arise2014/fonts/fonts/Trashtype%20Poster%201.png
NETWORK t= 32264.2ms dt=    6.4ms tid=ThreadId(684) nfs_helper_read_ok uri=nfs://DietPi.local/mnt/4TBP/Work/Arise2014/fonts/fonts/Billy%20Argel%20Blessed%20Day.jpg bytes=352818
NETWORK t= 32264.2ms dt=    0.0ms tid=ThreadId(684) read_done uri=nfs://DietPi.local/mnt/4TBP/Work/Arise2014/fonts/fonts/Billy%20Argel%20Blessed%20Day.jpg bytes=352818 ms=46.2
NETWORK t= 32269.4ms dt=    5.3ms tid=ThreadId(684) materialize_start uri=nfs://DietPi.local/mnt/4TBP/Work/Arise2014/fonts/fonts/Billy%20Argel%20Blessed%20Day.jpg
NETWORK t= 32269.5ms dt=    0.1ms tid=ThreadId(684) read_start uri=nfs://DietPi.local/mnt/4TBP/Work/Arise2014/fonts/fonts/Billy%20Argel%20Blessed%20Day.jpg
NETWORK t= 32284.1ms dt=   14.6ms tid=ThreadId(78) nfs_helper_read_ok uri=nfs://DietPi.local/mnt/4TBP/Work/Arise2014/Video/Image2.png bytes=728106
NETWORK t= 32284.1ms dt=    0.0ms tid=ThreadId(78) read_done uri=nfs://DietPi.local/mnt/4TBP/Work/Arise2014/Video/Image2.png bytes=728106 ms=38.6
NETWORK t= 32285.0ms dt=    0.9ms tid=ThreadId(78) read_start uri=nfs://DietPi.local/mnt/4TBP/Work/Arise2014/Video/Trailer/DSC_3214.JPG
NETWORK t= 32295.5ms dt=   10.6ms tid=ThreadId(685) nfs_helper_read_ok uri=nfs://DietPi.local/mnt/4TBP/Work/Arise2014/fonts/fonts/Trashtype%20Poster%201.png bytes=473842
NETWORK t= 32295.6ms dt=    0.0ms tid=ThreadId(685) read_done uri=nfs://DietPi.local/mnt/4TBP/Work/Arise2014/fonts/fonts/Trashtype%20Poster%201.png bytes=473842 ms=37.7
NETWORK t= 32295.7ms dt=    0.2ms tid=ThreadId(685) materialize_done uri=nfs://DietPi.local/mnt/4TBP/Work/Arise2014/fonts/fonts/Trashtype%20Poster%201.png path=/home/peet/.cache/picasa-rs/source/0/95101a28a53987ba4d30da20a5ba7c3151d767de1475ef0a9cc5de6b88cca220.png ms=38.0
NETWORK t= 32304.8ms dt=    9.0ms tid=ThreadId(684) nfs_helper_read_ok uri=nfs://DietPi.local/mnt/4TBP/Work/Arise2014/fonts/fonts/Billy%20Argel%20Blessed%20Day.jpg bytes=352818
NETWORK t= 32304.8ms dt=    0.0ms tid=ThreadId(684) read_done uri=nfs://DietPi.local/mnt/4TBP/Work/Arise2014/fonts/fonts/Billy%20Argel%20Blessed%20Day.jpg bytes=352818 ms=35.3
NETWORK t= 32304.9ms dt=    0.1ms tid=ThreadId(684) materialize_done uri=nfs://DietPi.local/mnt/4TBP/Work/Arise2014/fonts/fonts/Billy%20Argel%20Blessed%20Day.jpg path=/home/peet/.cache/picasa-rs/source/b/c60b17adb4fe4504dc9e8a6827146f4d6139c65442d55600bec9ef92e2a2b2da.jpg ms=35.5
NETWORK t= 32328.2ms dt=   23.3ms tid=ThreadId(78) nfs_helper_read_ok uri=nfs://DietPi.local/mnt/4TBP/Work/Arise2014/Video/Trailer/DSC_3214.JPG bytes=1083474
NETWORK t= 32328.2ms dt=    0.0ms tid=ThreadId(78) read_done uri=nfs://DietPi.local/mnt/4TBP/Work/Arise2014/Video/Trailer/DSC_3214.JPG bytes=1083474 ms=43.2
NETWORK t= 32328.9ms dt=    0.7ms tid=ThreadId(78) read_start uri=nfs://DietPi.local/mnt/4TBP/Work/Arise2014/Video/Trailer/DSC_3220.JPG
NETWORK t= 32372.3ms dt=   43.4ms tid=ThreadId(78) nfs_helper_read_ok uri=nfs://DietPi.local/mnt/4TBP/Work/Arise2014/Video/Trailer/DSC_3220.JPG bytes=1590600
NETWORK t= 32372.3ms dt=    0.0ms tid=ThreadId(78) read_done uri=nfs://DietPi.local/mnt/4TBP/Work/Arise2014/Video/Trailer/DSC_3220.JPG bytes=1590600 ms=43.4
NETWORK t= 32373.0ms dt=    0.7ms tid=ThreadId(78) read_start uri=nfs://DietPi.local/mnt/4TBP/Work/Arise2014/Video/Trailer/DSC_3231.JPG
NETWORK t= 32405.5ms dt=   32.5ms tid=ThreadId(78) nfs_helper_read_ok uri=nfs://DietPi.local/mnt/4TBP/Work/Arise2014/Video/Trailer/DSC_3231.JPG bytes=1113200
NETWORK t= 32405.5ms dt=    0.0ms tid=ThreadId(78) read_done uri=nfs://DietPi.local/mnt/4TBP/Work/Arise2014/Video/Trailer/DSC_3231.JPG bytes=1113200 ms=32.5
NETWORK t= 32406.2ms dt=    0.6ms tid=ThreadId(78) read_start uri=nfs://DietPi.local/mnt/4TBP/Work/Arise2014/Video/Trailer/DSC_3188.JPG
NETWORK t= 32463.4ms dt=   57.2ms tid=ThreadId(78) nfs_helper_read_ok uri=nfs://DietPi.local/mnt/4TBP/Work/Arise2014/Video/Trailer/DSC_3188.JPG bytes=1024509
NETWORK t= 32463.4ms dt=    0.0ms tid=ThreadId(78) read_done uri=nfs://DietPi.local/mnt/4TBP/Work/Arise2014/Video/Trailer/DSC_3188.JPG bytes=1024509 ms=57.2
NETWORK t= 32464.1ms dt=    0.7ms tid=ThreadId(78) read_start uri=nfs://DietPi.local/mnt/4TBP/Work/Arise2014/Video/Trailer/DSC_3224.JPG
NETWORK t= 32488.2ms dt=   24.1ms tid=ThreadId(78) nfs_helper_read_ok uri=nfs://DietPi.local/mnt/4TBP/Work/Arise2014/Video/Trailer/DSC_3224.JPG bytes=1095112
NETWORK t= 32488.2ms dt=    0.0ms tid=ThreadId(78) read_done uri=nfs://DietPi.local/mnt/4TBP/Work/Arise2014/Video/Trailer/DSC_3224.JPG bytes=1095112 ms=24.1
NETWORK t= 32488.8ms dt=    0.6ms tid=ThreadId(78) read_start uri=nfs://DietPi.local/mnt/4TBP/Work/Arise2014/Video/Trailer/DSC_3196.JPG
NETWORK t= 32512.1ms dt=   23.3ms tid=ThreadId(78) nfs_helper_read_ok uri=nfs://DietPi.local/mnt/4TBP/Work/Arise2014/Video/Trailer/DSC_3196.JPG bytes=811382
NETWORK t= 32512.2ms dt=    0.0ms tid=ThreadId(78) read_done uri=nfs://DietPi.local/mnt/4TBP/Work/Arise2014/Video/Trailer/DSC_3196.JPG bytes=811382 ms=23.3
NETWORK t= 32512.8ms dt=    0.6ms tid=ThreadId(78) read_start uri=nfs://DietPi.local/mnt/4TBP/Work/Arise2014/Video/Trailer/DSC_3222.JPG
NETWORK t= 32583.5ms dt=   70.7ms tid=ThreadId(78) nfs_helper_read_ok uri=nfs://DietPi.local/mnt/4TBP/Work/Arise2014/Video/Trailer/DSC_3222.JPG bytes=1370125
NETWORK t= 32583.5ms dt=    0.0ms tid=ThreadId(78) read_done uri=nfs://DietPi.local/mnt/4TBP/Work/Arise2014/Video/Trailer/DSC_3222.JPG bytes=1370125 ms=70.7
NETWORK t= 32584.2ms dt=    0.6ms tid=ThreadId(78) read_start uri=nfs://DietPi.local/mnt/4TBP/Work/Arise2014/Video/Trailer/DSC_3227.JPG
NETWORK t= 32618.5ms dt=   34.3ms tid=ThreadId(78) nfs_helper_read_ok uri=nfs://DietPi.local/mnt/4TBP/Work/Arise2014/Video/Trailer/DSC_3227.JPG bytes=1051469
NETWORK t= 32618.5ms dt=    0.0ms tid=ThreadId(78) read_done uri=nfs://DietPi.local/mnt/4TBP/Work/Arise2014/Video/Trailer/DSC_3227.JPG bytes=1051469 ms=34.3
NETWORK t= 32619.5ms dt=    1.0ms tid=ThreadId(78) read_start uri=nfs://DietPi.local/mnt/4TBP/Work/Arise2014/Video/Trailer/DSC_3186.JPG
NETWORK t= 32646.8ms dt=   27.3ms tid=ThreadId(78) nfs_helper_read_ok uri=nfs://DietPi.local/mnt/4TBP/Work/Arise2014/Video/Trailer/DSC_3186.JPG bytes=847324
NETWORK t= 32646.8ms dt=    0.0ms tid=ThreadId(78) read_done uri=nfs://DietPi.local/mnt/4TBP/Work/Arise2014/Video/Trailer/DSC_3186.JPG bytes=847324 ms=27.3
NETWORK t= 32647.8ms dt=    1.0ms tid=ThreadId(78) read_start uri=nfs://DietPi.local/mnt/4TBP/Work/Arise2014/Video/Trailer/DSC_3229.JPG
NETWORK t= 32673.1ms dt=   25.3ms tid=ThreadId(78) nfs_helper_read_ok uri=nfs://DietPi.local/mnt/4TBP/Work/Arise2014/Video/Trailer/DSC_3229.JPG bytes=1174238
NETWORK t= 32673.1ms dt=    0.0ms tid=ThreadId(78) read_done uri=nfs://DietPi.local/mnt/4TBP/Work/Arise2014/Video/Trailer/DSC_3229.JPG bytes=1174238 ms=25.3
NETWORK t= 32674.0ms dt=    0.9ms tid=ThreadId(78) read_start uri=nfs://DietPi.local/mnt/4TBP/Work/Arise2014/Video/Trailer/DSC_3223.JPG
NETWORK t= 32701.5ms dt=   27.4ms tid=ThreadId(78) nfs_helper_read_ok uri=nfs://DietPi.local/mnt/4TBP/Work/Arise2014/Video/Trailer/DSC_3223.JPG bytes=1114593
NETWORK t= 32701.5ms dt=    0.0ms tid=ThreadId(78) read_done uri=nfs://DietPi.local/mnt/4TBP/Work/Arise2014/Video/Trailer/DSC_3223.JPG bytes=1114593 ms=27.4
NETWORK t= 32702.3ms dt=    0.8ms tid=ThreadId(78) read_start uri=nfs://DietPi.local/mnt/4TBP/Work/Arise2014/Video/Trailer/DSC_3233.JPG
NETWORK t= 32727.1ms dt=   24.9ms tid=ThreadId(78) nfs_helper_read_ok uri=nfs://DietPi.local/mnt/4TBP/Work/Arise2014/Video/Trailer/DSC_3233.JPG bytes=1112733
NETWORK t= 32727.1ms dt=    0.0ms tid=ThreadId(78) read_done uri=nfs://DietPi.local/mnt/4TBP/Work/Arise2014/Video/Trailer/DSC_3233.JPG bytes=1112733 ms=24.9
NETWORK t= 32727.7ms dt=    0.6ms tid=ThreadId(78) read_start uri=nfs://DietPi.local/mnt/4TBP/Work/Arise2014/Video/Trailer/DSC_3210.JPG
NETWORK t= 32759.6ms dt=   31.9ms tid=ThreadId(78) nfs_helper_read_ok uri=nfs://DietPi.local/mnt/4TBP/Work/Arise2014/Video/Trailer/DSC_3210.JPG bytes=995528
NETWORK t= 32759.6ms dt=    0.0ms tid=ThreadId(78) read_done uri=nfs://DietPi.local/mnt/4TBP/Work/Arise2014/Video/Trailer/DSC_3210.JPG bytes=995528 ms=31.9
NETWORK t= 32760.2ms dt=    0.6ms tid=ThreadId(78) read_start uri=nfs://DietPi.local/mnt/4TBP/Work/Arise2014/Video/Trailer/DSC_3218.JPG
NETWORK t= 32784.3ms dt=   24.2ms tid=ThreadId(78) nfs_helper_read_ok uri=nfs://DietPi.local/mnt/4TBP/Work/Arise2014/Video/Trailer/DSC_3218.JPG bytes=1081918
NETWORK t= 32784.4ms dt=    0.0ms tid=ThreadId(78) read_done uri=nfs://DietPi.local/mnt/4TBP/Work/Arise2014/Video/Trailer/DSC_3218.JPG bytes=1081918 ms=24.1
NETWORK t= 32785.0ms dt=    0.6ms tid=ThreadId(78) read_start uri=nfs://DietPi.local/mnt/4TBP/Work/Arise2014/Video/Trailer/DSC_3209.JPG
NETWORK t= 32803.6ms dt=   18.6ms tid=ThreadId(78) nfs_helper_read_ok uri=nfs://DietPi.local/mnt/4TBP/Work/Arise2014/Video/Trailer/DSC_3209.JPG bytes=579125
NETWORK t= 32803.6ms dt=    0.0ms tid=ThreadId(78) read_done uri=nfs://DietPi.local/mnt/4TBP/Work/Arise2014/Video/Trailer/DSC_3209.JPG bytes=579125 ms=18.6
NETWORK t= 32804.2ms dt=    0.6ms tid=ThreadId(78) read_start uri=nfs://DietPi.local/mnt/4TBP/Work/Arise2014/Video/Trailer/DSC_3189.JPG
NETWORK t= 32821.5ms dt=   17.4ms tid=ThreadId(78) nfs_helper_read_ok uri=nfs://DietPi.local/mnt/4TBP/Work/Arise2014/Video/Trailer/DSC_3189.JPG bytes=826019
NETWORK t= 32821.6ms dt=    0.0ms tid=ThreadId(78) read_done uri=nfs://DietPi.local/mnt/4TBP/Work/Arise2014/Video/Trailer/DSC_3189.JPG bytes=826019 ms=17.4
NETWORK t= 32822.1ms dt=    0.5ms tid=ThreadId(78) read_start uri=nfs://DietPi.local/mnt/4TBP/Work/Arise2014/Video/Trailer/DSC_3219.JPG
NETWORK t= 32862.2ms dt=   40.1ms tid=ThreadId(78) nfs_helper_read_ok uri=nfs://DietPi.local/mnt/4TBP/Work/Arise2014/Video/Trailer/DSC_3219.JPG bytes=1676679
NETWORK t= 32862.2ms dt=    0.0ms tid=ThreadId(78) read_done uri=nfs://DietPi.local/mnt/4TBP/Work/Arise2014/Video/Trailer/DSC_3219.JPG bytes=1676679 ms=40.1
NETWORK t= 32862.8ms dt=    0.6ms tid=ThreadId(78) read_start uri=nfs://DietPi.local/mnt/4TBP/Work/Arise2014/Video/Trailer/DSC_3226.JPG
NETWORK t= 32896.5ms dt=   33.7ms tid=ThreadId(78) nfs_helper_read_ok uri=nfs://DietPi.local/mnt/4TBP/Work/Arise2014/Video/Trailer/DSC_3226.JPG bytes=1381955
NETWORK t= 32896.6ms dt=    0.0ms tid=ThreadId(78) read_done uri=nfs://DietPi.local/mnt/4TBP/Work/Arise2014/Video/Trailer/DSC_3226.JPG bytes=1381955 ms=33.7
NETWORK t= 32897.1ms dt=    0.6ms tid=ThreadId(78) read_start uri=nfs://DietPi.local/mnt/4TBP/Work/Arise2014/Video/Trailer/DSC_3217.JPG
NETWORK t= 32928.5ms dt=   31.4ms tid=ThreadId(78) nfs_helper_read_ok uri=nfs://DietPi.local/mnt/4TBP/Work/Arise2014/Video/Trailer/DSC_3217.JPG bytes=1054057
NETWORK t= 32928.5ms dt=    0.0ms tid=ThreadId(78) read_done uri=nfs://DietPi.local/mnt/4TBP/Work/Arise2014/Video/Trailer/DSC_3217.JPG bytes=1054057 ms=31.4
NETWORK t= 32929.4ms dt=    0.9ms tid=ThreadId(78) read_start uri=nfs://DietPi.local/mnt/4TBP/Work/Arise2014/Video/Trailer/DSC_3162.JPG
NETWORK t= 32953.2ms dt=   23.8ms tid=ThreadId(78) nfs_helper_read_ok uri=nfs://DietPi.local/mnt/4TBP/Work/Arise2014/Video/Trailer/DSC_3162.JPG bytes=679617
NETWORK t= 32953.3ms dt=    0.0ms tid=ThreadId(78) read_done uri=nfs://DietPi.local/mnt/4TBP/Work/Arise2014/Video/Trailer/DSC_3162.JPG bytes=679617 ms=23.8
NETWORK t= 32953.9ms dt=    0.7ms tid=ThreadId(78) read_start uri=nfs://DietPi.local/mnt/4TBP/Work/Arise2014/Video/Trailer/DSC_3158.JPG
NETWORK t= 32976.6ms dt=   22.7ms tid=ThreadId(78) nfs_helper_read_ok uri=nfs://DietPi.local/mnt/4TBP/Work/Arise2014/Video/Trailer/DSC_3158.JPG bytes=688937
NETWORK t= 32976.6ms dt=    0.0ms tid=ThreadId(78) read_done uri=nfs://DietPi.local/mnt/4TBP/Work/Arise2014/Video/Trailer/DSC_3158.JPG bytes=688937 ms=22.7
NETWORK t= 32977.2ms dt=    0.6ms tid=ThreadId(78) read_start uri=nfs://DietPi.local/mnt/4TBP/Work/Arise2014/Video/Trailer/DSC_3205.JPG
NETWORK t= 33015.7ms dt=   38.5ms tid=ThreadId(78) nfs_helper_read_ok uri=nfs://DietPi.local/mnt/4TBP/Work/Arise2014/Video/Trailer/DSC_3205.JPG bytes=983556
NETWORK t= 33015.7ms dt=    0.0ms tid=ThreadId(78) read_done uri=nfs://DietPi.local/mnt/4TBP/Work/Arise2014/Video/Trailer/DSC_3205.JPG bytes=983556 ms=38.5
NETWORK t= 33016.2ms dt=    0.6ms tid=ThreadId(78) read_start uri=nfs://DietPi.local/mnt/4TBP/Work/Arise2014/Video/Trailer/DSC_3228.JPG
NETWORK t= 33050.6ms dt=   34.4ms tid=ThreadId(78) nfs_helper_read_ok uri=nfs://DietPi.local/mnt/4TBP/Work/Arise2014/Video/Trailer/DSC_3228.JPG bytes=973006
NETWORK t= 33050.6ms dt=    0.0ms tid=ThreadId(78) read_done uri=nfs://DietPi.local/mnt/4TBP/Work/Arise2014/Video/Trailer/DSC_3228.JPG bytes=973006 ms=34.4
NETWORK t= 33051.3ms dt=    0.6ms tid=ThreadId(78) read_start uri=nfs://DietPi.local/mnt/4TBP/Work/Arise2014/Video/Trailer/DSC_3157.JPG
NETWORK t= 33066.6ms dt=   15.3ms tid=ThreadId(78) nfs_helper_read_ok uri=nfs://DietPi.local/mnt/4TBP/Work/Arise2014/Video/Trailer/DSC_3157.JPG bytes=653182
NETWORK t= 33066.6ms dt=    0.0ms tid=ThreadId(78) read_done uri=nfs://DietPi.local/mnt/4TBP/Work/Arise2014/Video/Trailer/DSC_3157.JPG bytes=653182 ms=15.3
NETWORK t= 33067.2ms dt=    0.5ms tid=ThreadId(78) read_start uri=nfs://DietPi.local/mnt/4TBP/Work/Arise2014/Video/Trailer/DSC_3216.JPG
NETWORK t= 33103.0ms dt=   35.8ms tid=ThreadId(78) nfs_helper_read_ok uri=nfs://DietPi.local/mnt/4TBP/Work/Arise2014/Video/Trailer/DSC_3216.JPG bytes=1397337
NETWORK t= 33103.0ms dt=    0.0ms tid=ThreadId(78) read_done uri=nfs://DietPi.local/mnt/4TBP/Work/Arise2014/Video/Trailer/DSC_3216.JPG bytes=1397337 ms=35.8
NETWORK t= 33103.6ms dt=    0.6ms tid=ThreadId(78) read_start uri=nfs://DietPi.local/mnt/4TBP/Work/Arise2014/Video/Trailer/DSC_3164.JPG
NETWORK t= 33177.2ms dt=   73.6ms tid=ThreadId(78) nfs_helper_read_ok uri=nfs://DietPi.local/mnt/4TBP/Work/Arise2014/Video/Trailer/DSC_3164.JPG bytes=1135832
NETWORK t= 33177.2ms dt=    0.0ms tid=ThreadId(78) read_done uri=nfs://DietPi.local/mnt/4TBP/Work/Arise2014/Video/Trailer/DSC_3164.JPG bytes=1135832 ms=73.6
NETWORK t= 33177.9ms dt=    0.6ms tid=ThreadId(78) read_start uri=nfs://DietPi.local/mnt/4TBP/Work/Arise2014/Video/Trailer/DSC_3203.JPG
NETWORK t= 33213.2ms dt=   35.4ms tid=ThreadId(78) nfs_helper_read_ok uri=nfs://DietPi.local/mnt/4TBP/Work/Arise2014/Video/Trailer/DSC_3203.JPG bytes=1070338
NETWORK t= 33213.3ms dt=    0.0ms tid=ThreadId(78) read_done uri=nfs://DietPi.local/mnt/4TBP/Work/Arise2014/Video/Trailer/DSC_3203.JPG bytes=1070338 ms=35.4
NETWORK t= 33213.9ms dt=    0.6ms tid=ThreadId(78) read_start uri=nfs://DietPi.local/mnt/4TBP/Work/Arise2014/Video/Trailer/DSC_3232.JPG
NETWORK t= 33251.9ms dt=   38.1ms tid=ThreadId(78) nfs_helper_read_ok uri=nfs://DietPi.local/mnt/4TBP/Work/Arise2014/Video/Trailer/DSC_3232.JPG bytes=1232790
NETWORK t= 33252.0ms dt=    0.0ms tid=ThreadId(78) read_done uri=nfs://DietPi.local/mnt/4TBP/Work/Arise2014/Video/Trailer/DSC_3232.JPG bytes=1232790 ms=38.1
NETWORK t= 33252.6ms dt=    0.7ms tid=ThreadId(78) read_start uri=nfs://DietPi.local/mnt/4TBP/Work/Arise2014/Video/Trailer/DSC_3211.JPG
NETWORK t= 33273.1ms dt=   20.5ms tid=ThreadId(78) nfs_helper_read_ok uri=nfs://DietPi.local/mnt/4TBP/Work/Arise2014/Video/Trailer/DSC_3211.JPG bytes=933602
NETWORK t= 33273.1ms dt=    0.0ms tid=ThreadId(78) read_done uri=nfs://DietPi.local/mnt/4TBP/Work/Arise2014/Video/Trailer/DSC_3211.JPG bytes=933602 ms=20.5
NETWORK t= 33273.8ms dt=    0.7ms tid=ThreadId(78) read_start uri=nfs://DietPi.local/mnt/4TBP/Work/Arise2014/Video/Trailer/DSC_3161.JPG
NETWORK t= 33292.9ms dt=   19.1ms tid=ThreadId(78) nfs_helper_read_ok uri=nfs://DietPi.local/mnt/4TBP/Work/Arise2014/Video/Trailer/DSC_3161.JPG bytes=858606
NETWORK t= 33292.9ms dt=    0.0ms tid=ThreadId(78) read_done uri=nfs://DietPi.local/mnt/4TBP/Work/Arise2014/Video/Trailer/DSC_3161.JPG bytes=858606 ms=19.1
NETWORK t= 33293.5ms dt=    0.6ms tid=ThreadId(78) read_start uri=nfs://DietPi.local/mnt/4TBP/Work/Arise2014/Video/Trailer/DSC_3221.JPG
NETWORK t= 33326.6ms dt=   33.1ms tid=ThreadId(78) nfs_helper_read_ok uri=nfs://DietPi.local/mnt/4TBP/Work/Arise2014/Video/Trailer/DSC_3221.JPG bytes=1509169
NETWORK t= 33326.6ms dt=    0.0ms tid=ThreadId(78) read_done uri=nfs://DietPi.local/mnt/4TBP/Work/Arise2014/Video/Trailer/DSC_3221.JPG bytes=1509169 ms=33.1
NETWORK t= 33327.2ms dt=    0.6ms tid=ThreadId(78) read_start uri=nfs://DietPi.local/mnt/4TBP/Work/Arise2014/Video/Trailer/DSC_3159.JPG
NETWORK t= 33350.2ms dt=   23.0ms tid=ThreadId(78) nfs_helper_read_ok uri=nfs://DietPi.local/mnt/4TBP/Work/Arise2014/Video/Trailer/DSC_3159.JPG bytes=734559
NETWORK t= 33350.2ms dt=    0.0ms tid=ThreadId(78) read_done uri=nfs://DietPi.local/mnt/4TBP/Work/Arise2014/Video/Trailer/DSC_3159.JPG bytes=734559 ms=23.0
NETWORK t= 33350.8ms dt=    0.6ms tid=ThreadId(78) read_start uri=nfs://DietPi.local/mnt/4TBP/Work/Arise2014/Video/Trailer/DSC_3225.JPG
NETWORK t= 33378.2ms dt=   27.4ms tid=ThreadId(78) nfs_helper_read_ok uri=nfs://DietPi.local/mnt/4TBP/Work/Arise2014/Video/Trailer/DSC_3225.JPG bytes=1283537
NETWORK t= 33378.2ms dt=    0.0ms tid=ThreadId(78) read_done uri=nfs://DietPi.local/mnt/4TBP/Work/Arise2014/Video/Trailer/DSC_3225.JPG bytes=1283537 ms=27.4
NETWORK t= 33378.8ms dt=    0.6ms tid=ThreadId(78) read_start uri=nfs://DietPi.local/mnt/4TBP/Work/Arise2014/Video/Trailer/DSC_3204.JPG
NETWORK t= 33403.3ms dt=   24.5ms tid=ThreadId(78) nfs_helper_read_ok uri=nfs://DietPi.local/mnt/4TBP/Work/Arise2014/Video/Trailer/DSC_3204.JPG bytes=1189791
NETWORK t= 33403.3ms dt=    0.0ms tid=ThreadId(78) read_done uri=nfs://DietPi.local/mnt/4TBP/Work/Arise2014/Video/Trailer/DSC_3204.JPG bytes=1189791 ms=24.5
NETWORK t= 33403.9ms dt=    0.6ms tid=ThreadId(78) read_start uri=nfs://DietPi.local/mnt/4TBP/Work/Arise2014/Video/Trailer/DSC_3212.JPG
NETWORK t= 33429.6ms dt=   25.7ms tid=ThreadId(78) nfs_helper_read_ok uri=nfs://DietPi.local/mnt/4TBP/Work/Arise2014/Video/Trailer/DSC_3212.JPG bytes=714240
NETWORK t= 33429.6ms dt=    0.0ms tid=ThreadId(78) read_done uri=nfs://DietPi.local/mnt/4TBP/Work/Arise2014/Video/Trailer/DSC_3212.JPG bytes=714240 ms=25.7
NETWORK t= 33430.2ms dt=    0.6ms tid=ThreadId(78) read_start uri=nfs://DietPi.local/mnt/4TBP/Work/Arise2014/Video/Trailer/DSC_3213.JPG
NETWORK t= 33463.9ms dt=   33.7ms tid=ThreadId(78) nfs_helper_read_ok uri=nfs://DietPi.local/mnt/4TBP/Work/Arise2014/Video/Trailer/DSC_3213.JPG bytes=1175870
NETWORK t= 33464.0ms dt=    0.0ms tid=ThreadId(78) read_done uri=nfs://DietPi.local/mnt/4TBP/Work/Arise2014/Video/Trailer/DSC_3213.JPG bytes=1175870 ms=33.7
NETWORK t= 33464.6ms dt=    0.6ms tid=ThreadId(78) read_start uri=nfs://DietPi.local/mnt/4TBP/Work/Arise2014/Video/Trailer/DSC_3207.JPG
NETWORK t= 33495.8ms dt=   31.2ms tid=ThreadId(78) nfs_helper_read_ok uri=nfs://DietPi.local/mnt/4TBP/Work/Arise2014/Video/Trailer/DSC_3207.JPG bytes=1177437
NETWORK t= 33495.8ms dt=    0.0ms tid=ThreadId(78) read_done uri=nfs://DietPi.local/mnt/4TBP/Work/Arise2014/Video/Trailer/DSC_3207.JPG bytes=1177437 ms=31.2
NETWORK t= 33496.4ms dt=    0.6ms tid=ThreadId(78) read_start uri=nfs://DietPi.local/mnt/4TBP/Work/Arise2014/Video/Trailer/DSC_3230.JPG
NETWORK t= 33522.6ms dt=   26.2ms tid=ThreadId(78) nfs_helper_read_ok uri=nfs://DietPi.local/mnt/4TBP/Work/Arise2014/Video/Trailer/DSC_3230.JPG bytes=1235561
NETWORK t= 33522.6ms dt=    0.0ms tid=ThreadId(78) read_done uri=nfs://DietPi.local/mnt/4TBP/Work/Arise2014/Video/Trailer/DSC_3230.JPG bytes=1235561 ms=26.2
NETWORK t= 33523.2ms dt=    0.6ms tid=ThreadId(78) read_start uri=nfs://DietPi.local/mnt/4TBP/Work/Arise2014/Video/Trailer/DSC_3190.JPG
NETWORK t= 33547.5ms dt=   24.3ms tid=ThreadId(78) nfs_helper_read_ok uri=nfs://DietPi.local/mnt/4TBP/Work/Arise2014/Video/Trailer/DSC_3190.JPG bytes=1030139
NETWORK t= 33547.5ms dt=    0.0ms tid=ThreadId(78) read_done uri=nfs://DietPi.local/mnt/4TBP/Work/Arise2014/Video/Trailer/DSC_3190.JPG bytes=1030139 ms=24.3
NETWORK t= 33548.1ms dt=    0.5ms tid=ThreadId(78) read_start uri=nfs://DietPi.local/mnt/4TBP/Work/Arise2014/Video/Trailer/DSC_3166.JPG
NETWORK t= 33567.9ms dt=   19.9ms tid=ThreadId(78) nfs_helper_read_ok uri=nfs://DietPi.local/mnt/4TBP/Work/Arise2014/Video/Trailer/DSC_3166.JPG bytes=869046
NETWORK t= 33567.9ms dt=    0.0ms tid=ThreadId(78) read_done uri=nfs://DietPi.local/mnt/4TBP/Work/Arise2014/Video/Trailer/DSC_3166.JPG bytes=869046 ms=19.9
NETWORK t= 33568.5ms dt=    0.5ms tid=ThreadId(78) read_start uri=nfs://DietPi.local/mnt/4TBP/Work/Arise2014/Video/Trailer/DSC_3187.JPG
NETWORK t= 33590.0ms dt=   21.5ms tid=ThreadId(78) nfs_helper_read_ok uri=nfs://DietPi.local/mnt/4TBP/Work/Arise2014/Video/Trailer/DSC_3187.JPG bytes=972827
NETWORK t= 33590.0ms dt=    0.0ms tid=ThreadId(78) read_done uri=nfs://DietPi.local/mnt/4TBP/Work/Arise2014/Video/Trailer/DSC_3187.JPG bytes=972827 ms=21.5
NETWORK t= 33590.7ms dt=    0.7ms tid=ThreadId(78) read_start uri=nfs://DietPi.local/mnt/4TBP/Work/Arise2014/Video/Trailer/DSC_3206.JPG
NETWORK t= 33617.9ms dt=   27.3ms tid=ThreadId(78) nfs_helper_read_ok uri=nfs://DietPi.local/mnt/4TBP/Work/Arise2014/Video/Trailer/DSC_3206.JPG bytes=1056466
NETWORK t= 33617.9ms dt=    0.0ms tid=ThreadId(78) read_done uri=nfs://DietPi.local/mnt/4TBP/Work/Arise2014/Video/Trailer/DSC_3206.JPG bytes=1056466 ms=27.3
NETWORK t= 33618.6ms dt=    0.7ms tid=ThreadId(78) read_start uri=nfs://DietPi.local/mnt/4TBP/Work/Arise2014/Video/Trailer/DSC_3208.JPG
NETWORK t= 33661.4ms dt=   42.8ms tid=ThreadId(78) nfs_helper_read_ok uri=nfs://DietPi.local/mnt/4TBP/Work/Arise2014/Video/Trailer/DSC_3208.JPG bytes=1079658
NETWORK t= 33661.4ms dt=    0.0ms tid=ThreadId(78) read_done uri=nfs://DietPi.local/mnt/4TBP/Work/Arise2014/Video/Trailer/DSC_3208.JPG bytes=1079658 ms=42.8
NETWORK t= 33662.1ms dt=    0.6ms tid=ThreadId(78) read_start uri=nfs://DietPi.local/mnt/4TBP/Work/Arise2014/Video/Trailer/DSC_3193.JPG
NETWORK t= 33683.2ms dt=   21.1ms tid=ThreadId(78) nfs_helper_read_ok uri=nfs://DietPi.local/mnt/4TBP/Work/Arise2014/Video/Trailer/DSC_3193.JPG bytes=910204
NETWORK t= 33683.2ms dt=    0.0ms tid=ThreadId(78) read_done uri=nfs://DietPi.local/mnt/4TBP/Work/Arise2014/Video/Trailer/DSC_3193.JPG bytes=910204 ms=21.1
NETWORK t= 33683.9ms dt=    0.7ms tid=ThreadId(78) read_start uri=nfs://DietPi.local/mnt/4TBP/Work/Arise2014/Video/Trailer/DSC_3168.JPG
NETWORK t= 33718.0ms dt=   34.1ms tid=ThreadId(78) nfs_helper_read_ok uri=nfs://DietPi.local/mnt/4TBP/Work/Arise2014/Video/Trailer/DSC_3168.JPG bytes=1170239
NETWORK t= 33718.0ms dt=    0.0ms tid=ThreadId(78) read_done uri=nfs://DietPi.local/mnt/4TBP/Work/Arise2014/Video/Trailer/DSC_3168.JPG bytes=1170239 ms=34.1
NETWORK t= 33718.7ms dt=    0.7ms tid=ThreadId(78) materialize_start uri=nfs://DietPi.local/mnt/4TBP/Work/Arise2014/Video/DCIM/108D300S/DSC_2723.NEF
NETWORK t= 33718.8ms dt=    0.1ms tid=ThreadId(78) read_start uri=nfs://DietPi.local/mnt/4TBP/Work/Arise2014/Video/DCIM/108D300S/DSC_2723.NEF
NETWORK t= 33972.7ms dt=  253.9ms tid=ThreadId(78) nfs_helper_read_ok uri=nfs://DietPi.local/mnt/4TBP/Work/Arise2014/Video/DCIM/108D300S/DSC_2723.NEF bytes=12033724
NETWORK t= 33972.7ms dt=    0.0ms tid=ThreadId(78) read_done uri=nfs://DietPi.local/mnt/4TBP/Work/Arise2014/Video/DCIM/108D300S/DSC_2723.NEF bytes=12033724 ms=253.9
NETWORK t= 33974.3ms dt=    1.6ms tid=ThreadId(78) materialize_done uri=nfs://DietPi.local/mnt/4TBP/Work/Arise2014/Video/DCIM/108D300S/DSC_2723.NEF path=/home/peet/.cache/picasa-rs/source/2/db622ab7be8c146b5f55b23fee62cfc08fb94e84ae53dcd9fc05699514ca4097.NEF ms=255.6
NETWORK t= 33980.3ms dt=    6.0ms tid=ThreadId(78) materialize_start uri=nfs://DietPi.local/mnt/4TBP/Work/Arise2014/Video/DCIM/108D300S/DSC_2723.NEF
NETWORK t= 33980.3ms dt=    0.0ms tid=ThreadId(78) materialize_done uri=nfs://DietPi.local/mnt/4TBP/Work/Arise2014/Video/DCIM/108D300S/DSC_2723.NEF path=/home/peet/.cache/picasa-rs/source/2/db622ab7be8c146b5f55b23fee62cfc08fb94e84ae53dcd9fc05699514ca4097.NEF ms=0.0
NETWORK t= 34030.0ms dt=   49.7ms tid=ThreadId(78) read_start uri=nfs://DietPi.local/mnt/4TBP/Work/Arise2014/Video/DCIM/108D300S/DSC_2673.JPG
NETWORK t= 34042.2ms dt=   12.2ms tid=ThreadId(78) nfs_helper_read_ok uri=nfs://DietPi.local/mnt/4TBP/Work/Arise2014/Video/DCIM/108D300S/DSC_2673.JPG bytes=411674
NETWORK t= 34042.2ms dt=    0.0ms tid=ThreadId(78) read_done uri=nfs://DietPi.local/mnt/4TBP/Work/Arise2014/Video/DCIM/108D300S/DSC_2673.JPG bytes=411674 ms=12.2
NETWORK t= 34042.8ms dt=    0.6ms tid=ThreadId(78) materialize_start uri=nfs://DietPi.local/mnt/4TBP/Work/Arise2014/Video/DCIM/108D300S/DSC_2633.NEF
NETWORK t= 34042.9ms dt=    0.1ms tid=ThreadId(78) read_start uri=nfs://DietPi.local/mnt/4TBP/Work/Arise2014/Video/DCIM/108D300S/DSC_2633.NEF
NETWORK t= 34322.3ms dt=  279.5ms tid=ThreadId(78) nfs_helper_read_ok uri=nfs://DietPi.local/mnt/4TBP/Work/Arise2014/Video/DCIM/108D300S/DSC_2633.NEF bytes=13111644
NETWORK t= 34322.4ms dt=    0.0ms tid=ThreadId(78) read_done uri=nfs://DietPi.local/mnt/4TBP/Work/Arise2014/Video/DCIM/108D300S/DSC_2633.NEF bytes=13111644 ms=279.5
NETWORK t= 34324.1ms dt=    1.7ms tid=ThreadId(78) materialize_done uri=nfs://DietPi.local/mnt/4TBP/Work/Arise2014/Video/DCIM/108D300S/DSC_2633.NEF path=/home/peet/.cache/picasa-rs/source/9/e09db6d9c93dff6f5e8d30d8343a8bf546ecab24e8d128b336f3f86ab0e9faf4.NEF ms=281.2
NETWORK t= 34330.4ms dt=    6.3ms tid=ThreadId(78) materialize_start uri=nfs://DietPi.local/mnt/4TBP/Work/Arise2014/Video/DCIM/108D300S/DSC_2633.NEF
NETWORK t= 34330.5ms dt=    0.0ms tid=ThreadId(78) materialize_done uri=nfs://DietPi.local/mnt/4TBP/Work/Arise2014/Video/DCIM/108D300S/DSC_2633.NEF path=/home/peet/.cache/picasa-rs/source/9/e09db6d9c93dff6f5e8d30d8343a8bf546ecab24e8d128b336f3f86ab0e9faf4.NEF ms=0.0
NETWORK t= 34333.3ms dt=    2.9ms tid=ThreadId(78) materialize_start uri=nfs://DietPi.local/mnt/4TBP/Work/Arise2014/Video/DCIM/108D300S/DSC_2740.NEF
NETWORK t= 34333.4ms dt=    0.1ms tid=ThreadId(78) read_start uri=nfs://DietPi.local/mnt/4TBP/Work/Arise2014/Video/DCIM/108D300S/DSC_2740.NEF
NETWORK t= 34572.5ms dt=  239.1ms tid=ThreadId(78) nfs_helper_read_ok uri=nfs://DietPi.local/mnt/4TBP/Work/Arise2014/Video/DCIM/108D300S/DSC_2740.NEF bytes=12135529
NETWORK t= 34572.5ms dt=    0.0ms tid=ThreadId(78) read_done uri=nfs://DietPi.local/mnt/4TBP/Work/Arise2014/Video/DCIM/108D300S/DSC_2740.NEF bytes=12135529 ms=239.1
NETWORK t= 34574.1ms dt=    1.5ms tid=ThreadId(78) materialize_done uri=nfs://DietPi.local/mnt/4TBP/Work/Arise2014/Video/DCIM/108D300S/DSC_2740.NEF path=/home/peet/.cache/picasa-rs/source/k/4208af6d5fa7f124f55fad00e1b47547d1480a98a27e5c5d13d7010e9e3ef69f.NEF ms=240.7
NETWORK t= 34575.3ms dt=    1.3ms tid=ThreadId(78) materialize_start uri=nfs://DietPi.local/mnt/4TBP/Work/Arise2014/Video/DCIM/108D300S/DSC_2740.NEF
NETWORK t= 34575.4ms dt=    0.0ms tid=ThreadId(78) materialize_done uri=nfs://DietPi.local/mnt/4TBP/Work/Arise2014/Video/DCIM/108D300S/DSC_2740.NEF path=/home/peet/.cache/picasa-rs/source/k/4208af6d5fa7f124f55fad00e1b47547d1480a98a27e5c5d13d7010e9e3ef69f.NEF ms=0.0
NETWORK t= 34578.2ms dt=    2.8ms tid=ThreadId(78) read_start uri=nfs://DietPi.local/mnt/4TBP/Work/Arise2014/Video/DCIM/108D300S/DSC_2721.JPG
NETWORK t= 34594.0ms dt=   15.9ms tid=ThreadId(78) nfs_helper_read_ok uri=nfs://DietPi.local/mnt/4TBP/Work/Arise2014/Video/DCIM/108D300S/DSC_2721.JPG bytes=660699
NETWORK t= 34594.0ms dt=    0.0ms tid=ThreadId(78) read_done uri=nfs://DietPi.local/mnt/4TBP/Work/Arise2014/Video/DCIM/108D300S/DSC_2721.JPG bytes=660699 ms=15.9
NETWORK t= 34594.7ms dt=    0.6ms tid=ThreadId(78) materialize_start uri=nfs://DietPi.local/mnt/4TBP/Work/Arise2014/Video/DCIM/108D300S/DSC_2724.NEF
NETWORK t= 34594.7ms dt=    0.1ms tid=ThreadId(78) read_start uri=nfs://DietPi.local/mnt/4TBP/Work/Arise2014/Video/DCIM/108D300S/DSC_2724.NEF
NETWORK t= 34850.2ms dt=  255.4ms tid=ThreadId(78) nfs_helper_read_ok uri=nfs://DietPi.local/mnt/4TBP/Work/Arise2014/Video/DCIM/108D300S/DSC_2724.NEF bytes=12044246
NETWORK t= 34850.2ms dt=    0.0ms tid=ThreadId(78) read_done uri=nfs://DietPi.local/mnt/4TBP/Work/Arise2014/Video/DCIM/108D300S/DSC_2724.NEF bytes=12044246 ms=255.4
NETWORK t= 34851.8ms dt=    1.6ms tid=ThreadId(78) materialize_done uri=nfs://DietPi.local/mnt/4TBP/Work/Arise2014/Video/DCIM/108D300S/DSC_2724.NEF path=/home/peet/.cache/picasa-rs/source/w/65a8854cea4ae4d26638437d02e26f43e84e23a4043533c0ff8977e7c54123b7.NEF ms=257.1
NETWORK t= 34853.0ms dt=    1.2ms tid=ThreadId(78) materialize_start uri=nfs://DietPi.local/mnt/4TBP/Work/Arise2014/Video/DCIM/108D300S/DSC_2724.NEF
NETWORK t= 34853.0ms dt=    0.0ms tid=ThreadId(78) materialize_done uri=nfs://DietPi.local/mnt/4TBP/Work/Arise2014/Video/DCIM/108D300S/DSC_2724.NEF path=/home/peet/.cache/picasa-rs/source/w/65a8854cea4ae4d26638437d02e26f43e84e23a4043533c0ff8977e7c54123b7.NEF ms=0.0
NETWORK t= 34855.7ms dt=    2.7ms tid=ThreadId(78) read_start uri=nfs://DietPi.local/mnt/4TBP/Work/Arise2014/Video/DCIM/108D300S/DSC_2671.JPG
NETWORK t= 34886.2ms dt=   30.6ms tid=ThreadId(78) nfs_helper_read_ok uri=nfs://DietPi.local/mnt/4TBP/Work/Arise2014/Video/DCIM/108D300S/DSC_2671.JPG bytes=420826
NETWORK t= 34886.3ms dt=    0.0ms tid=ThreadId(78) read_done uri=nfs://DietPi.local/mnt/4TBP/Work/Arise2014/Video/DCIM/108D300S/DSC_2671.JPG bytes=420826 ms=30.6
NETWORK t= 34886.9ms dt=    0.6ms tid=ThreadId(78) materialize_start uri=nfs://DietPi.local/mnt/4TBP/Work/Arise2014/Video/DCIM/108D300S/DSC_2712.NEF
NETWORK t= 34886.9ms dt=    0.1ms tid=ThreadId(78) read_start uri=nfs://DietPi.local/mnt/4TBP/Work/Arise2014/Video/DCIM/108D300S/DSC_2712.NEF
NETWORK t= 35156.7ms dt=  269.8ms tid=ThreadId(78) nfs_helper_read_ok uri=nfs://DietPi.local/mnt/4TBP/Work/Arise2014/Video/DCIM/108D300S/DSC_2712.NEF bytes=12144972
NETWORK t= 35156.7ms dt=    0.0ms tid=ThreadId(78) read_done uri=nfs://DietPi.local/mnt/4TBP/Work/Arise2014/Video/DCIM/108D300S/DSC_2712.NEF bytes=12144972 ms=269.8
NETWORK t= 35158.4ms dt=    1.7ms tid=ThreadId(78) materialize_done uri=nfs://DietPi.local/mnt/4TBP/Work/Arise2014/Video/DCIM/108D300S/DSC_2712.NEF path=/home/peet/.cache/picasa-rs/source/u/f1fe21e3fd2b283f820ebead68fa21b9a2490cf5552854d51d68f807d815914b.NEF ms=271.5
NETWORK t= 35159.7ms dt=    1.3ms tid=ThreadId(78) materialize_start uri=nfs://DietPi.local/mnt/4TBP/Work/Arise2014/Video/DCIM/108D300S/DSC_2712.NEF
NETWORK t= 35159.7ms dt=    0.0ms tid=ThreadId(78) materialize_done uri=nfs://DietPi.local/mnt/4TBP/Work/Arise2014/Video/DCIM/108D300S/DSC_2712.NEF path=/home/peet/.cache/picasa-rs/source/u/f1fe21e3fd2b283f820ebead68fa21b9a2490cf5552854d51d68f807d815914b.NEF ms=0.0
NETWORK t= 35162.3ms dt=    2.6ms tid=ThreadId(78) read_start uri=nfs://DietPi.local/mnt/4TBP/Work/Arise2014/Video/DCIM/108D300S/DSC_2731.JPG
NETWORK t= 35207.5ms dt=   45.1ms tid=ThreadId(78) nfs_helper_read_ok uri=nfs://DietPi.local/mnt/4TBP/Work/Arise2014/Video/DCIM/108D300S/DSC_2731.JPG bytes=632957
NETWORK t= 35207.5ms dt=    0.0ms tid=ThreadId(78) read_done uri=nfs://DietPi.local/mnt/4TBP/Work/Arise2014/Video/DCIM/108D300S/DSC_2731.JPG bytes=632957 ms=45.1
NETWORK t= 35208.2ms dt=    0.7ms tid=ThreadId(78) read_start uri=nfs://DietPi.local/mnt/4TBP/Work/Arise2014/Video/DCIM/108D300S/DSC_2675.JPG
NETWORK t= 35231.8ms dt=   23.6ms tid=ThreadId(78) nfs_helper_read_ok uri=nfs://DietPi.local/mnt/4TBP/Work/Arise2014/Video/DCIM/108D300S/DSC_2675.JPG bytes=550328
NETWORK t= 35231.8ms dt=    0.0ms tid=ThreadId(78) read_done uri=nfs://DietPi.local/mnt/4TBP/Work/Arise2014/Video/DCIM/108D300S/DSC_2675.JPG bytes=550328 ms=23.6
NETWORK t= 35232.6ms dt=    0.7ms tid=ThreadId(78) read_start uri=nfs://DietPi.local/mnt/4TBP/Work/Arise2014/Video/DCIM/108D300S/DSC_2629.JPG
NETWORK t= 35243.1ms dt=   10.6ms tid=ThreadId(78) nfs_helper_read_ok uri=nfs://DietPi.local/mnt/4TBP/Work/Arise2014/Video/DCIM/108D300S/DSC_2629.JPG bytes=380809
NETWORK t= 35243.1ms dt=    0.0ms tid=ThreadId(78) read_done uri=nfs://DietPi.local/mnt/4TBP/Work/Arise2014/Video/DCIM/108D300S/DSC_2629.JPG bytes=380809 ms=10.6
NETWORK t= 35243.8ms dt=    0.7ms tid=ThreadId(78) read_start uri=nfs://DietPi.local/mnt/4TBP/Work/Arise2014/Video/DCIM/108D300S/DSC_2633.JPG
NETWORK t= 35262.6ms dt=   18.8ms tid=ThreadId(78) nfs_helper_read_ok uri=nfs://DietPi.local/mnt/4TBP/Work/Arise2014/Video/DCIM/108D300S/DSC_2633.JPG bytes=549930
NETWORK t= 35262.6ms dt=    0.0ms tid=ThreadId(78) read_done uri=nfs://DietPi.local/mnt/4TBP/Work/Arise2014/Video/DCIM/108D300S/DSC_2633.JPG bytes=549930 ms=18.8
NETWORK t= 35263.3ms dt=    0.7ms tid=ThreadId(78) read_start uri=nfs://DietPi.local/mnt/4TBP/Work/Arise2014/Video/DCIM/108D300S/DSC_2729.JPG
NETWORK t= 35287.2ms dt=   23.9ms tid=ThreadId(78) nfs_helper_read_ok uri=nfs://DietPi.local/mnt/4TBP/Work/Arise2014/Video/DCIM/108D300S/DSC_2729.JPG bytes=616173
NETWORK t= 35287.3ms dt=    0.0ms tid=ThreadId(78) read_done uri=nfs://DietPi.local/mnt/4TBP/Work/Arise2014/Video/DCIM/108D300S/DSC_2729.JPG bytes=616173 ms=23.9
NETWORK t= 35287.9ms dt=    0.6ms tid=ThreadId(78) read_start uri=nfs://DietPi.local/mnt/4TBP/Work/Arise2014/Video/DCIM/108D300S/DSC_2630.JPG
NETWORK t= 35298.3ms dt=   10.5ms tid=ThreadId(78) nfs_helper_read_ok uri=nfs://DietPi.local/mnt/4TBP/Work/Arise2014/Video/DCIM/108D300S/DSC_2630.JPG bytes=369120
NETWORK t= 35298.3ms dt=    0.0ms tid=ThreadId(78) read_done uri=nfs://DietPi.local/mnt/4TBP/Work/Arise2014/Video/DCIM/108D300S/DSC_2630.JPG bytes=369120 ms=10.5
NETWORK t= 35298.9ms dt=    0.6ms tid=ThreadId(78) read_start uri=nfs://DietPi.local/mnt/4TBP/Work/Arise2014/Video/DCIM/108D300S/DSC_2719.JPG
NETWORK t= 35317.1ms dt=   18.3ms tid=ThreadId(78) nfs_helper_read_ok uri=nfs://DietPi.local/mnt/4TBP/Work/Arise2014/Video/DCIM/108D300S/DSC_2719.JPG bytes=515298
NETWORK t= 35317.2ms dt=    0.0ms tid=ThreadId(78) read_done uri=nfs://DietPi.local/mnt/4TBP/Work/Arise2014/Video/DCIM/108D300S/DSC_2719.JPG bytes=515298 ms=18.3
NETWORK t= 35317.8ms dt=    0.6ms tid=ThreadId(78) materialize_start uri=nfs://DietPi.local/mnt/4TBP/Work/Arise2014/Video/DCIM/108D300S/DSC_2734.NEF
NETWORK t= 35317.8ms dt=    0.1ms tid=ThreadId(78) read_start uri=nfs://DietPi.local/mnt/4TBP/Work/Arise2014/Video/DCIM/108D300S/DSC_2734.NEF
NETWORK t= 35561.0ms dt=  243.2ms tid=ThreadId(78) nfs_helper_read_ok uri=nfs://DietPi.local/mnt/4TBP/Work/Arise2014/Video/DCIM/108D300S/DSC_2734.NEF bytes=11829185
NETWORK t= 35561.0ms dt=    0.0ms tid=ThreadId(78) read_done uri=nfs://DietPi.local/mnt/4TBP/Work/Arise2014/Video/DCIM/108D300S/DSC_2734.NEF bytes=11829185 ms=243.2
NETWORK t= 35562.6ms dt=    1.6ms tid=ThreadId(78) materialize_done uri=nfs://DietPi.local/mnt/4TBP/Work/Arise2014/Video/DCIM/108D300S/DSC_2734.NEF path=/home/peet/.cache/picasa-rs/source/6/d9264d84f642e4513d022ba06a0e1c50d3a62e984d1fecb393990291abc3932b.NEF ms=244.8
NETWORK t= 35563.8ms dt=    1.2ms tid=ThreadId(78) materialize_start uri=nfs://DietPi.local/mnt/4TBP/Work/Arise2014/Video/DCIM/108D300S/DSC_2734.NEF
NETWORK t= 35563.8ms dt=    0.0ms tid=ThreadId(78) materialize_done uri=nfs://DietPi.local/mnt/4TBP/Work/Arise2014/Video/DCIM/108D300S/DSC_2734.NEF path=/home/peet/.cache/picasa-rs/source/6/d9264d84f642e4513d022ba06a0e1c50d3a62e984d1fecb393990291abc3932b.NEF ms=0.0
NETWORK t= 35566.5ms dt=    2.7ms tid=ThreadId(78) materialize_start uri=nfs://DietPi.local/mnt/4TBP/Work/Arise2014/Video/DCIM/108D300S/DSC_2672.NEF
NETWORK t= 35566.6ms dt=    0.1ms tid=ThreadId(78) read_start uri=nfs://DietPi.local/mnt/4TBP/Work/Arise2014/Video/DCIM/108D300S/DSC_2672.NEF
NETWORK t= 35801.6ms dt=  235.0ms tid=ThreadId(78) nfs_helper_read_ok uri=nfs://DietPi.local/mnt/4TBP/Work/Arise2014/Video/DCIM/108D300S/DSC_2672.NEF bytes=11814873
NETWORK t= 35801.6ms dt=    0.0ms tid=ThreadId(78) read_done uri=nfs://DietPi.local/mnt/4TBP/Work/Arise2014/Video/DCIM/108D300S/DSC_2672.NEF bytes=11814873 ms=235.0
NETWORK t= 35803.2ms dt=    1.6ms tid=ThreadId(78) materialize_done uri=nfs://DietPi.local/mnt/4TBP/Work/Arise2014/Video/DCIM/108D300S/DSC_2672.NEF path=/home/peet/.cache/picasa-rs/source/o/fab075e9fe052a31f3664099090bdab17fb002d939525beb1039e26faa993a40.NEF ms=236.7
NETWORK t= 35804.3ms dt=    1.1ms tid=ThreadId(78) materialize_start uri=nfs://DietPi.local/mnt/4TBP/Work/Arise2014/Video/DCIM/108D300S/DSC_2672.NEF
NETWORK t= 35804.4ms dt=    0.0ms tid=ThreadId(78) materialize_done uri=nfs://DietPi.local/mnt/4TBP/Work/Arise2014/Video/DCIM/108D300S/DSC_2672.NEF path=/home/peet/.cache/picasa-rs/source/o/fab075e9fe052a31f3664099090bdab17fb002d939525beb1039e26faa993a40.NEF ms=0.0
NETWORK t= 35807.4ms dt=    3.1ms tid=ThreadId(78) materialize_start uri=nfs://DietPi.local/mnt/4TBP/Work/Arise2014/Video/DCIM/108D300S/DSC_2731.NEF
NETWORK t= 35807.5ms dt=    0.1ms tid=ThreadId(78) read_start uri=nfs://DietPi.local/mnt/4TBP/Work/Arise2014/Video/DCIM/108D300S/DSC_2731.NEF
NETWORK t= 36073.3ms dt=  265.8ms tid=ThreadId(78) nfs_helper_read_ok uri=nfs://DietPi.local/mnt/4TBP/Work/Arise2014/Video/DCIM/108D300S/DSC_2731.NEF bytes=12014899
NETWORK t= 36073.3ms dt=    0.0ms tid=ThreadId(78) read_done uri=nfs://DietPi.local/mnt/4TBP/Work/Arise2014/Video/DCIM/108D300S/DSC_2731.NEF bytes=12014899 ms=265.8
NETWORK t= 36075.0ms dt=    1.7ms tid=ThreadId(78) materialize_done uri=nfs://DietPi.local/mnt/4TBP/Work/Arise2014/Video/DCIM/108D300S/DSC_2731.NEF path=/home/peet/.cache/picasa-rs/source/8/6b3093011dae465dd77023c9b2b6ef7387b5889738d7ae372e589540af458215.NEF ms=267.5
NETWORK t= 36076.1ms dt=    1.2ms tid=ThreadId(78) materialize_start uri=nfs://DietPi.local/mnt/4TBP/Work/Arise2014/Video/DCIM/108D300S/DSC_2731.NEF
NETWORK t= 36076.2ms dt=    0.1ms tid=ThreadId(78) materialize_done uri=nfs://DietPi.local/mnt/4TBP/Work/Arise2014/Video/DCIM/108D300S/DSC_2731.NEF path=/home/peet/.cache/picasa-rs/source/8/6b3093011dae465dd77023c9b2b6ef7387b5889738d7ae372e589540af458215.NEF ms=0.0
NETWORK t= 36080.0ms dt=    3.8ms tid=ThreadId(78) read_start uri=nfs://DietPi.local/mnt/4TBP/Work/Arise2014/Video/DCIM/108D300S/DSC_2711.JPG
NETWORK t= 36105.8ms dt=   25.8ms tid=ThreadId(78) nfs_helper_read_ok uri=nfs://DietPi.local/mnt/4TBP/Work/Arise2014/Video/DCIM/108D300S/DSC_2711.JPG bytes=362732
NETWORK t= 36105.9ms dt=    0.0ms tid=ThreadId(78) read_done uri=nfs://DietPi.local/mnt/4TBP/Work/Arise2014/Video/DCIM/108D300S/DSC_2711.JPG bytes=362732 ms=25.8
NETWORK t= 36106.6ms dt=    0.7ms tid=ThreadId(78) materialize_start uri=nfs://DietPi.local/mnt/4TBP/Work/Arise2014/Video/DCIM/108D300S/DSC_2669.NEF
NETWORK t= 36106.6ms dt=    0.1ms tid=ThreadId(78) read_start uri=nfs://DietPi.local/mnt/4TBP/Work/Arise2014/Video/DCIM/108D300S/DSC_2669.NEF
NETWORK t= 36360.1ms dt=  253.5ms tid=ThreadId(78) nfs_helper_read_ok uri=nfs://DietPi.local/mnt/4TBP/Work/Arise2014/Video/DCIM/108D300S/DSC_2669.NEF bytes=11706341
NETWORK t= 36360.1ms dt=    0.0ms tid=ThreadId(78) read_done uri=nfs://DietPi.local/mnt/4TBP/Work/Arise2014/Video/DCIM/108D300S/DSC_2669.NEF bytes=11706341 ms=253.5
NETWORK t= 36361.7ms dt=    1.5ms tid=ThreadId(78) materialize_done uri=nfs://DietPi.local/mnt/4TBP/Work/Arise2014/Video/DCIM/108D300S/DSC_2669.NEF path=/home/peet/.cache/picasa-rs/source/b/80db976f2ca479ced43c0e870c7f17be3db7ae50d3e03283b053e2ba673b3b67.NEF ms=255.1
NETWORK t= 36362.8ms dt=    1.1ms tid=ThreadId(78) materialize_start uri=nfs://DietPi.local/mnt/4TBP/Work/Arise2014/Video/DCIM/108D300S/DSC_2669.NEF
NETWORK t= 36362.8ms dt=    0.0ms tid=ThreadId(78) materialize_done uri=nfs://DietPi.local/mnt/4TBP/Work/Arise2014/Video/DCIM/108D300S/DSC_2669.NEF path=/home/peet/.cache/picasa-rs/source/b/80db976f2ca479ced43c0e870c7f17be3db7ae50d3e03283b053e2ba673b3b67.NEF ms=0.0
NETWORK t= 36365.4ms dt=    2.6ms tid=ThreadId(78) materialize_start uri=nfs://DietPi.local/mnt/4TBP/Work/Arise2014/Video/DCIM/108D300S/DSC_2679.NEF
NETWORK t= 36365.4ms dt=    0.1ms tid=ThreadId(78) read_start uri=nfs://DietPi.local/mnt/4TBP/Work/Arise2014/Video/DCIM/108D300S/DSC_2679.NEF
NETWORK t= 36693.5ms dt=  328.1ms tid=ThreadId(78) nfs_helper_read_ok uri=nfs://DietPi.local/mnt/4TBP/Work/Arise2014/Video/DCIM/108D300S/DSC_2679.NEF bytes=13144555
NETWORK t= 36693.6ms dt=    0.0ms tid=ThreadId(78) read_done uri=nfs://DietPi.local/mnt/4TBP/Work/Arise2014/Video/DCIM/108D300S/DSC_2679.NEF bytes=13144555 ms=328.1
NETWORK t= 36695.2ms dt=    1.6ms tid=ThreadId(78) materialize_done uri=nfs://DietPi.local/mnt/4TBP/Work/Arise2014/Video/DCIM/108D300S/DSC_2679.NEF path=/home/peet/.cache/picasa-rs/source/b/c803ebef7f206f9cf97090deece6dc5aec222c9fa5b2b9e39531b1c3b63a899a.NEF ms=329.8
NETWORK t= 36696.4ms dt=    1.3ms tid=ThreadId(78) materialize_start uri=nfs://DietPi.local/mnt/4TBP/Work/Arise2014/Video/DCIM/108D300S/DSC_2679.NEF
NETWORK t= 36696.5ms dt=    0.1ms tid=ThreadId(78) materialize_done uri=nfs://DietPi.local/mnt/4TBP/Work/Arise2014/Video/DCIM/108D300S/DSC_2679.NEF path=/home/peet/.cache/picasa-rs/source/b/c803ebef7f206f9cf97090deece6dc5aec222c9fa5b2b9e39531b1c3b63a899a.NEF ms=0.0
NETWORK t= 36699.3ms dt=    2.8ms tid=ThreadId(78) materialize_start uri=nfs://DietPi.local/mnt/4TBP/Work/Arise2014/Video/DCIM/108D300S/DSC_2718.NEF
NETWORK t= 36699.4ms dt=    0.1ms tid=ThreadId(78) read_start uri=nfs://DietPi.local/mnt/4TBP/Work/Arise2014/Video/DCIM/108D300S/DSC_2718.NEF
NETWORK t= 36966.7ms dt=  267.3ms tid=ThreadId(78) nfs_helper_read_ok uri=nfs://DietPi.local/mnt/4TBP/Work/Arise2014/Video/DCIM/108D300S/DSC_2718.NEF bytes=12330677
NETWORK t= 36966.7ms dt=    0.0ms tid=ThreadId(78) read_done uri=nfs://DietPi.local/mnt/4TBP/Work/Arise2014/Video/DCIM/108D300S/DSC_2718.NEF bytes=12330677 ms=267.3
NETWORK t= 36968.3ms dt=    1.6ms tid=ThreadId(78) materialize_done uri=nfs://DietPi.local/mnt/4TBP/Work/Arise2014/Video/DCIM/108D300S/DSC_2718.NEF path=/home/peet/.cache/picasa-rs/source/e/c1b23e6c3a9950d1236302e343df3db33fd9fa42a16640765f078279645fc427.NEF ms=269.0
NETWORK t= 36969.4ms dt=    1.1ms tid=ThreadId(78) materialize_start uri=nfs://DietPi.local/mnt/4TBP/Work/Arise2014/Video/DCIM/108D300S/DSC_2718.NEF
NETWORK t= 36969.5ms dt=    0.0ms tid=ThreadId(78) materialize_done uri=nfs://DietPi.local/mnt/4TBP/Work/Arise2014/Video/DCIM/108D300S/DSC_2718.NEF path=/home/peet/.cache/picasa-rs/source/e/c1b23e6c3a9950d1236302e343df3db33fd9fa42a16640765f078279645fc427.NEF ms=0.0
NETWORK t= 36972.4ms dt=    2.9ms tid=ThreadId(78) read_start uri=nfs://DietPi.local/mnt/4TBP/Work/Arise2014/Video/DCIM/108D300S/DSC_2713.JPG
NETWORK t= 36982.5ms dt=   10.1ms tid=ThreadId(78) nfs_helper_read_ok uri=nfs://DietPi.local/mnt/4TBP/Work/Arise2014/Video/DCIM/108D300S/DSC_2713.JPG bytes=347833
NETWORK t= 36982.5ms dt=    0.0ms tid=ThreadId(78) read_done uri=nfs://DietPi.local/mnt/4TBP/Work/Arise2014/Video/DCIM/108D300S/DSC_2713.JPG bytes=347833 ms=10.1
NETWORK t= 36983.2ms dt=    0.6ms tid=ThreadId(78) materialize_start uri=nfs://DietPi.local/mnt/4TBP/Work/Arise2014/Video/DCIM/108D300S/DSC_2722.NEF
NETWORK t= 36983.2ms dt=    0.1ms tid=ThreadId(78) read_start uri=nfs://DietPi.local/mnt/4TBP/Work/Arise2014/Video/DCIM/108D300S/DSC_2722.NEF
NETWORK t= 37249.6ms dt=  266.4ms tid=ThreadId(78) nfs_helper_read_ok uri=nfs://DietPi.local/mnt/4TBP/Work/Arise2014/Video/DCIM/108D300S/DSC_2722.NEF bytes=12159857
NETWORK t= 37249.7ms dt=    0.0ms tid=ThreadId(78) read_done uri=nfs://DietPi.local/mnt/4TBP/Work/Arise2014/Video/DCIM/108D300S/DSC_2722.NEF bytes=12159857 ms=266.4
NETWORK t= 37251.2ms dt=    1.6ms tid=ThreadId(78) materialize_done uri=nfs://DietPi.local/mnt/4TBP/Work/Arise2014/Video/DCIM/108D300S/DSC_2722.NEF path=/home/peet/.cache/picasa-rs/source/g/2554f66c3459e740fb245eddcbf82e63be7c20ea2da341673e990a6ffa135605.NEF ms=268.1
NETWORK t= 37252.5ms dt=    1.3ms tid=ThreadId(78) materialize_start uri=nfs://DietPi.local/mnt/4TBP/Work/Arise2014/Video/DCIM/108D300S/DSC_2722.NEF
NETWORK t= 37252.6ms dt=    0.0ms tid=ThreadId(78) materialize_done uri=nfs://DietPi.local/mnt/4TBP/Work/Arise2014/Video/DCIM/108D300S/DSC_2722.NEF path=/home/peet/.cache/picasa-rs/source/g/2554f66c3459e740fb245eddcbf82e63be7c20ea2da341673e990a6ffa135605.NEF ms=0.0
NETWORK t= 37255.2ms dt=    2.6ms tid=ThreadId(78) materialize_start uri=nfs://DietPi.local/mnt/4TBP/Work/Arise2014/Video/DCIM/108D300S/DSC_2629.NEF
NETWORK t= 37255.2ms dt=    0.1ms tid=ThreadId(78) read_start uri=nfs://DietPi.local/mnt/4TBP/Work/Arise2014/Video/DCIM/108D300S/DSC_2629.NEF
NETWORK t= 37482.5ms dt=  227.3ms tid=ThreadId(78) nfs_helper_read_ok uri=nfs://DietPi.local/mnt/4TBP/Work/Arise2014/Video/DCIM/108D300S/DSC_2629.NEF bytes=11487444
NETWORK t= 37482.5ms dt=    0.0ms tid=ThreadId(78) read_done uri=nfs://DietPi.local/mnt/4TBP/Work/Arise2014/Video/DCIM/108D300S/DSC_2629.NEF bytes=11487444 ms=227.3
NETWORK t= 37484.1ms dt=    1.6ms tid=ThreadId(78) materialize_done uri=nfs://DietPi.local/mnt/4TBP/Work/Arise2014/Video/DCIM/108D300S/DSC_2629.NEF path=/home/peet/.cache/picasa-rs/source/a/6a12628744867b36f38bdc3a114433ff8dd7da1bc0205d854e918a93fc6747f7.NEF ms=228.9
NETWORK t= 37485.2ms dt=    1.1ms tid=ThreadId(78) materialize_start uri=nfs://DietPi.local/mnt/4TBP/Work/Arise2014/Video/DCIM/108D300S/DSC_2629.NEF
NETWORK t= 37485.2ms dt=    0.0ms tid=ThreadId(78) materialize_done uri=nfs://DietPi.local/mnt/4TBP/Work/Arise2014/Video/DCIM/108D300S/DSC_2629.NEF path=/home/peet/.cache/picasa-rs/source/a/6a12628744867b36f38bdc3a114433ff8dd7da1bc0205d854e918a93fc6747f7.NEF ms=0.0
NETWORK t= 37487.9ms dt=    2.7ms tid=ThreadId(78) materialize_start uri=nfs://DietPi.local/mnt/4TBP/Work/Arise2014/Video/DCIM/108D300S/DSC_2715.NEF
NETWORK t= 37487.9ms dt=    0.1ms tid=ThreadId(78) read_start uri=nfs://DietPi.local/mnt/4TBP/Work/Arise2014/Video/DCIM/108D300S/DSC_2715.NEF
NETWORK t= 37742.1ms dt=  254.1ms tid=ThreadId(78) nfs_helper_read_ok uri=nfs://DietPi.local/mnt/4TBP/Work/Arise2014/Video/DCIM/108D300S/DSC_2715.NEF bytes=12387312
NETWORK t= 37742.1ms dt=    0.0ms tid=ThreadId(78) read_done uri=nfs://DietPi.local/mnt/4TBP/Work/Arise2014/Video/DCIM/108D300S/DSC_2715.NEF bytes=12387312 ms=254.1
NETWORK t= 37743.7ms dt=    1.6ms tid=ThreadId(78) materialize_done uri=nfs://DietPi.local/mnt/4TBP/Work/Arise2014/Video/DCIM/108D300S/DSC_2715.NEF path=/home/peet/.cache/picasa-rs/source/y/4d32528a19e6efc5b0bbc79a44cba63a83a83e3b1cf9a6126ce447dac812c484.NEF ms=255.8
NETWORK t= 37745.0ms dt=    1.3ms tid=ThreadId(78) materialize_start uri=nfs://DietPi.local/mnt/4TBP/Work/Arise2014/Video/DCIM/108D300S/DSC_2715.NEF
NETWORK t= 37745.1ms dt=    0.0ms tid=ThreadId(78) materialize_done uri=nfs://DietPi.local/mnt/4TBP/Work/Arise2014/Video/DCIM/108D300S/DSC_2715.NEF path=/home/peet/.cache/picasa-rs/source/y/4d32528a19e6efc5b0bbc79a44cba63a83a83e3b1cf9a6126ce447dac812c484.NEF ms=0.0
NETWORK t= 37747.8ms dt=    2.7ms tid=ThreadId(78) materialize_start uri=nfs://DietPi.local/mnt/4TBP/Work/Arise2014/Video/DCIM/108D300S/DSC_2664.NEF
NETWORK t= 37747.8ms dt=    0.1ms tid=ThreadId(78) read_start uri=nfs://DietPi.local/mnt/4TBP/Work/Arise2014/Video/DCIM/108D300S/DSC_2664.NEF
NETWORK t= 37999.6ms dt=  251.8ms tid=ThreadId(78) nfs_helper_read_ok uri=nfs://DietPi.local/mnt/4TBP/Work/Arise2014/Video/DCIM/108D300S/DSC_2664.NEF bytes=12441329
NETWORK t= 37999.6ms dt=    0.0ms tid=ThreadId(78) read_done uri=nfs://DietPi.local/mnt/4TBP/Work/Arise2014/Video/DCIM/108D300S/DSC_2664.NEF bytes=12441329 ms=251.8
NETWORK t= 38001.3ms dt=    1.6ms tid=ThreadId(78) materialize_done uri=nfs://DietPi.local/mnt/4TBP/Work/Arise2014/Video/DCIM/108D300S/DSC_2664.NEF path=/home/peet/.cache/picasa-rs/source/2/94a60467a85b73f66f338129bb59e7128fc644d495767f64bb940ba4d038833d.NEF ms=253.5
NETWORK t= 38002.5ms dt=    1.3ms tid=ThreadId(78) materialize_start uri=nfs://DietPi.local/mnt/4TBP/Work/Arise2014/Video/DCIM/108D300S/DSC_2664.NEF
NETWORK t= 38002.5ms dt=    0.0ms tid=ThreadId(78) materialize_done uri=nfs://DietPi.local/mnt/4TBP/Work/Arise2014/Video/DCIM/108D300S/DSC_2664.NEF path=/home/peet/.cache/picasa-rs/source/2/94a60467a85b73f66f338129bb59e7128fc644d495767f64bb940ba4d038833d.NEF ms=0.0
NETWORK t= 38005.5ms dt=    2.9ms tid=ThreadId(78) read_start uri=nfs://DietPi.local/mnt/4TBP/Work/Arise2014/Video/DCIM/108D300S/DSC_2718.JPG
NETWORK t= 38038.7ms dt=   33.2ms tid=ThreadId(78) nfs_helper_read_ok uri=nfs://DietPi.local/mnt/4TBP/Work/Arise2014/Video/DCIM/108D300S/DSC_2718.JPG bytes=393794
NETWORK t= 38038.7ms dt=    0.0ms tid=ThreadId(78) read_done uri=nfs://DietPi.local/mnt/4TBP/Work/Arise2014/Video/DCIM/108D300S/DSC_2718.JPG bytes=393794 ms=33.2
NETWORK t= 38039.3ms dt=    0.6ms tid=ThreadId(78) materialize_start uri=nfs://DietPi.local/mnt/4TBP/Work/Arise2014/Video/DCIM/108D300S/DSC_2670.NEF
NETWORK t= 38039.4ms dt=    0.1ms tid=ThreadId(78) read_start uri=nfs://DietPi.local/mnt/4TBP/Work/Arise2014/Video/DCIM/108D300S/DSC_2670.NEF
NETWORK t= 38323.3ms dt=  284.0ms tid=ThreadId(78) nfs_helper_read_ok uri=nfs://DietPi.local/mnt/4TBP/Work/Arise2014/Video/DCIM/108D300S/DSC_2670.NEF bytes=11784510
NETWORK t= 38323.4ms dt=    0.0ms tid=ThreadId(78) read_done uri=nfs://DietPi.local/mnt/4TBP/Work/Arise2014/Video/DCIM/108D300S/DSC_2670.NEF bytes=11784510 ms=284.0
NETWORK t= 38325.0ms dt=    1.6ms tid=ThreadId(78) materialize_done uri=nfs://DietPi.local/mnt/4TBP/Work/Arise2014/Video/DCIM/108D300S/DSC_2670.NEF path=/home/peet/.cache/picasa-rs/source/b/926f2109a303f67dd8646a7bb2cc5a8fd1bc3cd303c4a64d04c35b5cf481c6f1.NEF ms=285.6
NETWORK t= 38326.0ms dt=    1.0ms tid=ThreadId(78) materialize_start uri=nfs://DietPi.local/mnt/4TBP/Work/Arise2014/Video/DCIM/108D300S/DSC_2670.NEF
NETWORK t= 38326.0ms dt=    0.0ms tid=ThreadId(78) materialize_done uri=nfs://DietPi.local/mnt/4TBP/Work/Arise2014/Video/DCIM/108D300S/DSC_2670.NEF path=/home/peet/.cache/picasa-rs/source/b/926f2109a303f67dd8646a7bb2cc5a8fd1bc3cd303c4a64d04c35b5cf481c6f1.NEF ms=0.0
NETWORK t= 38328.9ms dt=    2.9ms tid=ThreadId(78) materialize_start uri=nfs://DietPi.local/mnt/4TBP/Work/Arise2014/Video/DCIM/108D300S/DSC_2678.NEF
NETWORK t= 38329.0ms dt=    0.1ms tid=ThreadId(78) read_start uri=nfs://DietPi.local/mnt/4TBP/Work/Arise2014/Video/DCIM/108D300S/DSC_2678.NEF
NETWORK t= 38660.2ms dt=  331.2ms tid=ThreadId(78) nfs_helper_read_ok uri=nfs://DietPi.local/mnt/4TBP/Work/Arise2014/Video/DCIM/108D300S/DSC_2678.NEF bytes=13539106
NETWORK t= 38660.3ms dt=    0.0ms tid=ThreadId(78) read_done uri=nfs://DietPi.local/mnt/4TBP/Work/Arise2014/Video/DCIM/108D300S/DSC_2678.NEF bytes=13539106 ms=331.2
NETWORK t= 38662.1ms dt=    1.8ms tid=ThreadId(78) materialize_done uri=nfs://DietPi.local/mnt/4TBP/Work/Arise2014/Video/DCIM/108D300S/DSC_2678.NEF path=/home/peet/.cache/picasa-rs/source/j/1c0f8df7692400ddbb456ebfa73e51454655a9124eb4ff64000d339a5c22daab.NEF ms=333.1
NETWORK t= 38663.7ms dt=    1.7ms tid=ThreadId(78) materialize_start uri=nfs://DietPi.local/mnt/4TBP/Work/Arise2014/Video/DCIM/108D300S/DSC_2678.NEF
NETWORK t= 38663.7ms dt=    0.0ms tid=ThreadId(78) materialize_done uri=nfs://DietPi.local/mnt/4TBP/Work/Arise2014/Video/DCIM/108D300S/DSC_2678.NEF path=/home/peet/.cache/picasa-rs/source/j/1c0f8df7692400ddbb456ebfa73e51454655a9124eb4ff64000d339a5c22daab.NEF ms=0.0
NETWORK t= 38666.8ms dt=    3.0ms tid=ThreadId(78) read_start uri=nfs://DietPi.local/mnt/4TBP/Work/Arise2014/Video/DCIM/108D300S/DSC_2654.JPG
NETWORK t= 38678.7ms dt=   11.9ms tid=ThreadId(78) nfs_helper_read_ok uri=nfs://DietPi.local/mnt/4TBP/Work/Arise2014/Video/DCIM/108D300S/DSC_2654.JPG bytes=442151
NETWORK t= 38678.8ms dt=    0.0ms tid=ThreadId(78) read_done uri=nfs://DietPi.local/mnt/4TBP/Work/Arise2014/Video/DCIM/108D300S/DSC_2654.JPG bytes=442151 ms=11.9
NETWORK t= 38679.3ms dt=    0.6ms tid=ThreadId(78) read_start uri=nfs://DietPi.local/mnt/4TBP/Work/Arise2014/Video/DCIM/108D300S/DSC_2683.JPG
NETWORK t= 38711.9ms dt=   32.5ms tid=ThreadId(78) nfs_helper_read_ok uri=nfs://DietPi.local/mnt/4TBP/Work/Arise2014/Video/DCIM/108D300S/DSC_2683.JPG bytes=849524
NETWORK t= 38711.9ms dt=    0.0ms tid=ThreadId(78) read_done uri=nfs://DietPi.local/mnt/4TBP/Work/Arise2014/Video/DCIM/108D300S/DSC_2683.JPG bytes=849524 ms=32.5
NETWORK t= 38712.5ms dt=    0.6ms tid=ThreadId(78) materialize_start uri=nfs://DietPi.local/mnt/4TBP/Work/Arise2014/Video/DCIM/108D300S/DSC_2732.NEF
NETWORK t= 38712.6ms dt=    0.1ms tid=ThreadId(78) read_start uri=nfs://DietPi.local/mnt/4TBP/Work/Arise2014/Video/DCIM/108D300S/DSC_2732.NEF
NETWORK t= 38949.6ms dt=  237.1ms tid=ThreadId(78) nfs_helper_read_ok uri=nfs://DietPi.local/mnt/4TBP/Work/Arise2014/Video/DCIM/108D300S/DSC_2732.NEF bytes=11621539
NETWORK t= 38949.6ms dt=    0.0ms tid=ThreadId(78) read_done uri=nfs://DietPi.local/mnt/4TBP/Work/Arise2014/Video/DCIM/108D300S/DSC_2732.NEF bytes=11621539 ms=237.1
NETWORK t= 38951.1ms dt=    1.5ms tid=ThreadId(78) materialize_done uri=nfs://DietPi.local/mnt/4TBP/Work/Arise2014/Video/DCIM/108D300S/DSC_2732.NEF path=/home/peet/.cache/picasa-rs/source/y/51faafbeff9045ed7610e56e37aa3b4f1a6f5a90aca3c3eed8e29d120bccf3a2.NEF ms=238.6
NETWORK t= 38952.1ms dt=    1.0ms tid=ThreadId(78) materialize_start uri=nfs://DietPi.local/mnt/4TBP/Work/Arise2014/Video/DCIM/108D300S/DSC_2732.NEF
NETWORK t= 38952.1ms dt=    0.0ms tid=ThreadId(78) materialize_done uri=nfs://DietPi.local/mnt/4TBP/Work/Arise2014/Video/DCIM/108D300S/DSC_2732.NEF path=/home/peet/.cache/picasa-rs/source/y/51faafbeff9045ed7610e56e37aa3b4f1a6f5a90aca3c3eed8e29d120bccf3a2.NEF ms=0.0
NETWORK t= 38954.8ms dt=    2.7ms tid=ThreadId(78) read_start uri=nfs://DietPi.local/mnt/4TBP/Work/Arise2014/Video/DCIM/108D300S/DSC_2735.JPG
NETWORK t= 38991.2ms dt=   36.4ms tid=ThreadId(78) nfs_helper_read_ok uri=nfs://DietPi.local/mnt/4TBP/Work/Arise2014/Video/DCIM/108D300S/DSC_2735.JPG bytes=593844
NETWORK t= 38991.2ms dt=    0.0ms tid=ThreadId(78) read_done uri=nfs://DietPi.local/mnt/4TBP/Work/Arise2014/Video/DCIM/108D300S/DSC_2735.JPG bytes=593844 ms=36.4
NETWORK t= 38992.0ms dt=    0.8ms tid=ThreadId(78) materialize_start uri=nfs://DietPi.local/mnt/4TBP/Work/Arise2014/Video/DCIM/108D300S/DSC_2631.NEF
NETWORK t= 38992.0ms dt=    0.1ms tid=ThreadId(78) read_start uri=nfs://DietPi.local/mnt/4TBP/Work/Arise2014/Video/DCIM/108D300S/DSC_2631.NEF
NETWORK t= 39240.8ms dt=  248.8ms tid=ThreadId(78) nfs_helper_read_ok uri=nfs://DietPi.local/mnt/4TBP/Work/Arise2014/Video/DCIM/108D300S/DSC_2631.NEF bytes=11977889
NETWORK t= 39240.8ms dt=    0.0ms tid=ThreadId(78) read_done uri=nfs://DietPi.local/mnt/4TBP/Work/Arise2014/Video/DCIM/108D300S/DSC_2631.NEF bytes=11977889 ms=248.8
NETWORK t= 39242.4ms dt=    1.5ms tid=ThreadId(78) materialize_done uri=nfs://DietPi.local/mnt/4TBP/Work/Arise2014/Video/DCIM/108D300S/DSC_2631.NEF path=/home/peet/.cache/picasa-rs/source/7/2647d5e45af7370f782d7a19e36ea51817928cef5bd8ccbd6933646408933835.NEF ms=250.4
NETWORK t= 39243.5ms dt=    1.1ms tid=ThreadId(78) materialize_start uri=nfs://DietPi.local/mnt/4TBP/Work/Arise2014/Video/DCIM/108D300S/DSC_2631.NEF
NETWORK t= 39243.5ms dt=    0.0ms tid=ThreadId(78) materialize_done uri=nfs://DietPi.local/mnt/4TBP/Work/Arise2014/Video/DCIM/108D300S/DSC_2631.NEF path=/home/peet/.cache/picasa-rs/source/7/2647d5e45af7370f782d7a19e36ea51817928cef5bd8ccbd6933646408933835.NEF ms=0.0
NETWORK t= 39246.0ms dt=    2.5ms tid=ThreadId(78) read_start uri=nfs://DietPi.local/mnt/4TBP/Work/Arise2014/Video/DCIM/108D300S/DSC_2716.JPG
NETWORK t= 39269.7ms dt=   23.7ms tid=ThreadId(78) nfs_helper_read_ok uri=nfs://DietPi.local/mnt/4TBP/Work/Arise2014/Video/DCIM/108D300S/DSC_2716.JPG bytes=341924
NETWORK t= 39269.7ms dt=    0.0ms tid=ThreadId(78) read_done uri=nfs://DietPi.local/mnt/4TBP/Work/Arise2014/Video/DCIM/108D300S/DSC_2716.JPG bytes=341924 ms=23.7
NETWORK t= 39270.4ms dt=    0.6ms tid=ThreadId(78) read_start uri=nfs://DietPi.local/mnt/4TBP/Work/Arise2014/Video/DCIM/108D300S/DSC_2674.JPG
NETWORK t= 39291.0ms dt=   20.6ms tid=ThreadId(78) nfs_helper_read_ok uri=nfs://DietPi.local/mnt/4TBP/Work/Arise2014/Video/DCIM/108D300S/DSC_2674.JPG bytes=543561
NETWORK t= 39291.0ms dt=    0.0ms tid=ThreadId(78) read_done uri=nfs://DietPi.local/mnt/4TBP/Work/Arise2014/Video/DCIM/108D300S/DSC_2674.JPG bytes=543561 ms=20.6
NETWORK t= 39291.7ms dt=    0.7ms tid=ThreadId(78) read_start uri=nfs://DietPi.local/mnt/4TBP/Work/Arise2014/Video/DCIM/108D300S/DSC_2725.JPG
NETWORK t= 39322.1ms dt=   30.4ms tid=ThreadId(78) nfs_helper_read_ok uri=nfs://DietPi.local/mnt/4TBP/Work/Arise2014/Video/DCIM/108D300S/DSC_2725.JPG bytes=678786
NETWORK t= 39322.2ms dt=    0.0ms tid=ThreadId(78) read_done uri=nfs://DietPi.local/mnt/4TBP/Work/Arise2014/Video/DCIM/108D300S/DSC_2725.JPG bytes=678786 ms=30.4
NETWORK t= 39322.8ms dt=    0.6ms tid=ThreadId(78) read_start uri=nfs://DietPi.local/mnt/4TBP/Work/Arise2014/Video/DCIM/108D300S/DSC_2734.JPG
NETWORK t= 39347.3ms dt=   24.5ms tid=ThreadId(78) nfs_helper_read_ok uri=nfs://DietPi.local/mnt/4TBP/Work/Arise2014/Video/DCIM/108D300S/DSC_2734.JPG bytes=596704
NETWORK t= 39347.3ms dt=    0.0ms tid=ThreadId(78) read_done uri=nfs://DietPi.local/mnt/4TBP/Work/Arise2014/Video/DCIM/108D300S/DSC_2734.JPG bytes=596704 ms=24.5
NETWORK t= 39348.0ms dt=    0.7ms tid=ThreadId(78) read_start uri=nfs://DietPi.local/mnt/4TBP/Work/Arise2014/Video/DCIM/108D300S/DSC_2717.JPG
NETWORK t= 39358.4ms dt=   10.5ms tid=ThreadId(78) nfs_helper_read_ok uri=nfs://DietPi.local/mnt/4TBP/Work/Arise2014/Video/DCIM/108D300S/DSC_2717.JPG bytes=380633
NETWORK t= 39358.5ms dt=    0.0ms tid=ThreadId(78) read_done uri=nfs://DietPi.local/mnt/4TBP/Work/Arise2014/Video/DCIM/108D300S/DSC_2717.JPG bytes=380633 ms=10.5
NETWORK t= 39359.1ms dt=    0.7ms tid=ThreadId(78) read_start uri=nfs://DietPi.local/mnt/4TBP/Work/Arise2014/Video/DCIM/108D300S/DSC_2736.JPG
NETWORK t= 39385.4ms dt=   26.3ms tid=ThreadId(78) nfs_helper_read_ok uri=nfs://DietPi.local/mnt/4TBP/Work/Arise2014/Video/DCIM/108D300S/DSC_2736.JPG bytes=574254
NETWORK t= 39385.4ms dt=    0.0ms tid=ThreadId(78) read_done uri=nfs://DietPi.local/mnt/4TBP/Work/Arise2014/Video/DCIM/108D300S/DSC_2736.JPG bytes=574254 ms=26.3
NETWORK t= 39386.0ms dt=    0.6ms tid=ThreadId(78) materialize_start uri=nfs://DietPi.local/mnt/4TBP/Work/Arise2014/Video/DCIM/108D300S/DSC_2721.NEF
NETWORK t= 39386.1ms dt=    0.1ms tid=ThreadId(78) read_start uri=nfs://DietPi.local/mnt/4TBP/Work/Arise2014/Video/DCIM/108D300S/DSC_2721.NEF
NETWORK t= 39657.2ms dt=  271.1ms tid=ThreadId(78) nfs_helper_read_ok uri=nfs://DietPi.local/mnt/4TBP/Work/Arise2014/Video/DCIM/108D300S/DSC_2721.NEF bytes=12368804
NETWORK t= 39657.2ms dt=    0.0ms tid=ThreadId(78) read_done uri=nfs://DietPi.local/mnt/4TBP/Work/Arise2014/Video/DCIM/108D300S/DSC_2721.NEF bytes=12368804 ms=271.1
NETWORK t= 39658.8ms dt=    1.7ms tid=ThreadId(78) materialize_done uri=nfs://DietPi.local/mnt/4TBP/Work/Arise2014/Video/DCIM/108D300S/DSC_2721.NEF path=/home/peet/.cache/picasa-rs/source/9/8829f99ab03502f585303dada38c62ae386d5a29ae2028ee97f0b5fadb865204.NEF ms=272.8
NETWORK t= 39660.1ms dt=    1.3ms tid=ThreadId(78) materialize_start uri=nfs://DietPi.local/mnt/4TBP/Work/Arise2014/Video/DCIM/108D300S/DSC_2721.NEF
NETWORK t= 39660.1ms dt=    0.0ms tid=ThreadId(78) materialize_done uri=nfs://DietPi.local/mnt/4TBP/Work/Arise2014/Video/DCIM/108D300S/DSC_2721.NEF path=/home/peet/.cache/picasa-rs/source/9/8829f99ab03502f585303dada38c62ae386d5a29ae2028ee97f0b5fadb865204.NEF ms=0.0
NETWORK t= 39662.9ms dt=    2.8ms tid=ThreadId(78) read_start uri=nfs://DietPi.local/mnt/4TBP/Work/Arise2014/Video/DCIM/108D300S/DSC_2737.JPG
NETWORK t= 39679.4ms dt=   16.5ms tid=ThreadId(78) nfs_helper_read_ok uri=nfs://DietPi.local/mnt/4TBP/Work/Arise2014/Video/DCIM/108D300S/DSC_2737.JPG bytes=659640
NETWORK t= 39679.4ms dt=    0.0ms tid=ThreadId(78) read_done uri=nfs://DietPi.local/mnt/4TBP/Work/Arise2014/Video/DCIM/108D300S/DSC_2737.JPG bytes=659640 ms=16.5
NETWORK t= 39680.0ms dt=    0.6ms tid=ThreadId(78) read_start uri=nfs://DietPi.local/mnt/4TBP/Work/Arise2014/Video/DCIM/108D300S/DSC_2710.JPG
NETWORK t= 39711.6ms dt=   31.5ms tid=ThreadId(78) nfs_helper_read_ok uri=nfs://DietPi.local/mnt/4TBP/Work/Arise2014/Video/DCIM/108D300S/DSC_2710.JPG bytes=358217
NETWORK t= 39711.6ms dt=    0.0ms tid=ThreadId(78) read_done uri=nfs://DietPi.local/mnt/4TBP/Work/Arise2014/Video/DCIM/108D300S/DSC_2710.JPG bytes=358217 ms=31.5
NETWORK t= 39712.2ms dt=    0.6ms tid=ThreadId(78) materialize_start uri=nfs://DietPi.local/mnt/4TBP/Work/Arise2014/Video/DCIM/108D300S/DSC_2668.NEF
NETWORK t= 39712.2ms dt=    0.1ms tid=ThreadId(78) read_start uri=nfs://DietPi.local/mnt/4TBP/Work/Arise2014/Video/DCIM/108D300S/DSC_2668.NEF
NETWORK t= 39956.5ms dt=  244.3ms tid=ThreadId(78) nfs_helper_read_ok uri=nfs://DietPi.local/mnt/4TBP/Work/Arise2014/Video/DCIM/108D300S/DSC_2668.NEF bytes=11734850
NETWORK t= 39956.5ms dt=    0.0ms tid=ThreadId(78) read_done uri=nfs://DietPi.local/mnt/4TBP/Work/Arise2014/Video/DCIM/108D300S/DSC_2668.NEF bytes=11734850 ms=244.3
NETWORK t= 39958.3ms dt=    1.7ms tid=ThreadId(78) materialize_done uri=nfs://DietPi.local/mnt/4TBP/Work/Arise2014/Video/DCIM/108D300S/DSC_2668.NEF path=/home/peet/.cache/picasa-rs/source/b/d6135778ac624d23e47cb3f93921e4a5d7a653aa2ebf6269e9eedafb8b54dc0e.NEF ms=246.1
NETWORK t= 39959.3ms dt=    1.0ms tid=ThreadId(78) materialize_start uri=nfs://DietPi.local/mnt/4TBP/Work/Arise2014/Video/DCIM/108D300S/DSC_2668.NEF
NETWORK t= 39959.4ms dt=    0.0ms tid=ThreadId(78) materialize_done uri=nfs://DietPi.local/mnt/4TBP/Work/Arise2014/Video/DCIM/108D300S/DSC_2668.NEF path=/home/peet/.cache/picasa-rs/source/b/d6135778ac624d23e47cb3f93921e4a5d7a653aa2ebf6269e9eedafb8b54dc0e.NEF ms=0.0
NETWORK t= 39962.1ms dt=    2.7ms tid=ThreadId(78) read_start uri=nfs://DietPi.local/mnt/4TBP/Work/Arise2014/Video/DCIM/108D300S/DSC_2720.JPG
NETWORK t= 39977.1ms dt=   15.0ms tid=ThreadId(78) nfs_helper_read_ok uri=nfs://DietPi.local/mnt/4TBP/Work/Arise2014/Video/DCIM/108D300S/DSC_2720.JPG bytes=619715
NETWORK t= 39977.1ms dt=    0.0ms tid=ThreadId(78) read_done uri=nfs://DietPi.local/mnt/4TBP/Work/Arise2014/Video/DCIM/108D300S/DSC_2720.JPG bytes=619715 ms=15.0
NETWORK t= 39977.7ms dt=    0.6ms tid=ThreadId(78) read_start uri=nfs://DietPi.local/mnt/4TBP/Work/Arise2014/Video/DCIM/108D300S/DSC_2642.JPG
NETWORK t= 39987.4ms dt=    9.7ms tid=ThreadId(78) nfs_helper_read_ok uri=nfs://DietPi.local/mnt/4TBP/Work/Arise2014/Video/DCIM/108D300S/DSC_2642.JPG bytes=353523
NETWORK t= 39987.4ms dt=    0.0ms tid=ThreadId(78) read_done uri=nfs://DietPi.local/mnt/4TBP/Work/Arise2014/Video/DCIM/108D300S/DSC_2642.JPG bytes=353523 ms=9.7
NETWORK t= 39987.9ms dt=    0.6ms tid=ThreadId(78) read_start uri=nfs://DietPi.local/mnt/4TBP/Work/Arise2014/Video/DCIM/108D300S/DSC_2708.JPG
NETWORK t= 39996.8ms dt=    8.9ms tid=ThreadId(78) nfs_helper_read_ok uri=nfs://DietPi.local/mnt/4TBP/Work/Arise2014/Video/DCIM/108D300S/DSC_2708.JPG bytes=351331
NETWORK t= 39996.8ms dt=    0.0ms tid=ThreadId(78) read_done uri=nfs://DietPi.local/mnt/4TBP/Work/Arise2014/Video/DCIM/108D300S/DSC_2708.JPG bytes=351331 ms=8.9
NETWORK t= 39997.4ms dt=    0.5ms tid=ThreadId(78) read_start uri=nfs://DietPi.local/mnt/4TBP/Work/Arise2014/Video/DCIM/108D300S/DSC_2733.JPG
NETWORK t= 40027.2ms dt=   29.8ms tid=ThreadId(78) nfs_helper_read_ok uri=nfs://DietPi.local/mnt/4TBP/Work/Arise2014/Video/DCIM/108D300S/DSC_2733.JPG bytes=613798
NETWORK t= 40027.2ms dt=    0.0ms tid=ThreadId(78) read_done uri=nfs://DietPi.local/mnt/4TBP/Work/Arise2014/Video/DCIM/108D300S/DSC_2733.JPG bytes=613798 ms=29.8
NETWORK t= 40027.7ms dt=    0.6ms tid=ThreadId(78) read_start uri=nfs://DietPi.local/mnt/4TBP/Work/Arise2014/Video/DCIM/108D300S/DSC_2691.JPG
NETWORK t= 40040.8ms dt=   13.0ms tid=ThreadId(78) nfs_helper_read_ok uri=nfs://DietPi.local/mnt/4TBP/Work/Arise2014/Video/DCIM/108D300S/DSC_2691.JPG bytes=467715
NETWORK t= 40040.8ms dt=    0.0ms tid=ThreadId(78) read_done uri=nfs://DietPi.local/mnt/4TBP/Work/Arise2014/Video/DCIM/108D300S/DSC_2691.JPG bytes=467715 ms=13.0
NETWORK t= 40041.4ms dt=    0.6ms tid=ThreadId(78) read_start uri=nfs://DietPi.local/mnt/4TBP/Work/Arise2014/Video/DCIM/108D300S/DSC_2730.JPG
NETWORK t= 40062.9ms dt=   21.5ms tid=ThreadId(78) nfs_helper_read_ok uri=nfs://DietPi.local/mnt/4TBP/Work/Arise2014/Video/DCIM/108D300S/DSC_2730.JPG bytes=584011
NETWORK t= 40062.9ms dt=    0.0ms tid=ThreadId(78) read_done uri=nfs://DietPi.local/mnt/4TBP/Work/Arise2014/Video/DCIM/108D300S/DSC_2730.JPG bytes=584011 ms=21.5
NETWORK t= 40063.5ms dt=    0.6ms tid=ThreadId(78) materialize_start uri=nfs://DietPi.local/mnt/4TBP/Work/Arise2014/Video/DCIM/108D300S/DSC_2676.NEF
NETWORK t= 40063.6ms dt=    0.1ms tid=ThreadId(78) read_start uri=nfs://DietPi.local/mnt/4TBP/Work/Arise2014/Video/DCIM/108D300S/DSC_2676.NEF
NETWORK t= 40299.2ms dt=  235.6ms tid=ThreadId(78) nfs_helper_read_ok uri=nfs://DietPi.local/mnt/4TBP/Work/Arise2014/Video/DCIM/108D300S/DSC_2676.NEF bytes=11706794
NETWORK t= 40299.2ms dt=    0.0ms tid=ThreadId(78) read_done uri=nfs://DietPi.local/mnt/4TBP/Work/Arise2014/Video/DCIM/108D300S/DSC_2676.NEF bytes=11706794 ms=235.6
NETWORK t= 40300.9ms dt=    1.7ms tid=ThreadId(78) materialize_done uri=nfs://DietPi.local/mnt/4TBP/Work/Arise2014/Video/DCIM/108D300S/DSC_2676.NEF path=/home/peet/.cache/picasa-rs/source/0/7644f40225776a96f354f07eb478c21d7921b7dfe63f9f8ff572661f6c20194f.NEF ms=237.4
NETWORK t= 40302.0ms dt=    1.1ms tid=ThreadId(78) materialize_start uri=nfs://DietPi.local/mnt/4TBP/Work/Arise2014/Video/DCIM/108D300S/DSC_2676.NEF
NETWORK t= 40302.0ms dt=    0.0ms tid=ThreadId(78) materialize_done uri=nfs://DietPi.local/mnt/4TBP/Work/Arise2014/Video/DCIM/108D300S/DSC_2676.NEF path=/home/peet/.cache/picasa-rs/source/0/7644f40225776a96f354f07eb478c21d7921b7dfe63f9f8ff572661f6c20194f.NEF ms=0.0
NETWORK t= 40304.6ms dt=    2.6ms tid=ThreadId(78) read_start uri=nfs://DietPi.local/mnt/4TBP/Work/Arise2014/Video/DCIM/108D300S/DSC_2668.JPG
NETWORK t= 40315.6ms dt=   11.0ms tid=ThreadId(78) nfs_helper_read_ok uri=nfs://DietPi.local/mnt/4TBP/Work/Arise2014/Video/DCIM/108D300S/DSC_2668.JPG bytes=395433
NETWORK t= 40315.6ms dt=    0.0ms tid=ThreadId(78) read_done uri=nfs://DietPi.local/mnt/4TBP/Work/Arise2014/Video/DCIM/108D300S/DSC_2668.JPG bytes=395433 ms=11.0
NETWORK t= 40316.3ms dt=    0.7ms tid=ThreadId(78) read_start uri=nfs://DietPi.local/mnt/4TBP/Work/Arise2014/Video/DCIM/108D300S/DSC_2676.JPG
NETWORK t= 40331.0ms dt=   14.7ms tid=ThreadId(78) nfs_helper_read_ok uri=nfs://DietPi.local/mnt/4TBP/Work/Arise2014/Video/DCIM/108D300S/DSC_2676.JPG bytes=526143
NETWORK t= 40331.1ms dt=    0.0ms tid=ThreadId(78) read_done uri=nfs://DietPi.local/mnt/4TBP/Work/Arise2014/Video/DCIM/108D300S/DSC_2676.JPG bytes=526143 ms=14.7
NETWORK t= 40331.7ms dt=    0.7ms tid=ThreadId(78) read_start uri=nfs://DietPi.local/mnt/4TBP/Work/Arise2014/Video/DCIM/108D300S/DSC_2709.JPG
NETWORK t= 40343.5ms dt=   11.7ms tid=ThreadId(78) nfs_helper_read_ok uri=nfs://DietPi.local/mnt/4TBP/Work/Arise2014/Video/DCIM/108D300S/DSC_2709.JPG bytes=423491
NETWORK t= 40343.5ms dt=    0.0ms tid=ThreadId(78) read_done uri=nfs://DietPi.local/mnt/4TBP/Work/Arise2014/Video/DCIM/108D300S/DSC_2709.JPG bytes=423491 ms=11.7
NETWORK t= 40344.1ms dt=    0.6ms tid=ThreadId(78) read_start uri=nfs://DietPi.local/mnt/4TBP/Work/Arise2014/Video/DCIM/108D300S/DSC_2740.JPG
NETWORK t= 40383.5ms dt=   39.3ms tid=ThreadId(78) nfs_helper_read_ok uri=nfs://DietPi.local/mnt/4TBP/Work/Arise2014/Video/DCIM/108D300S/DSC_2740.JPG bytes=615632
NETWORK t= 40383.5ms dt=    0.0ms tid=ThreadId(78) read_done uri=nfs://DietPi.local/mnt/4TBP/Work/Arise2014/Video/DCIM/108D300S/DSC_2740.JPG bytes=615632 ms=39.3
NETWORK t= 40384.3ms dt=    0.8ms tid=ThreadId(78) materialize_start uri=nfs://DietPi.local/mnt/4TBP/Work/Arise2014/Video/DCIM/108D300S/DSC_2726.NEF
NETWORK t= 40384.3ms dt=    0.1ms tid=ThreadId(78) read_start uri=nfs://DietPi.local/mnt/4TBP/Work/Arise2014/Video/DCIM/108D300S/DSC_2726.NEF
NETWORK t= 40632.8ms dt=  248.4ms tid=ThreadId(78) nfs_helper_read_ok uri=nfs://DietPi.local/mnt/4TBP/Work/Arise2014/Video/DCIM/108D300S/DSC_2726.NEF bytes=12096198
NETWORK t= 40632.8ms dt=    0.0ms tid=ThreadId(78) read_done uri=nfs://DietPi.local/mnt/4TBP/Work/Arise2014/Video/DCIM/108D300S/DSC_2726.NEF bytes=12096198 ms=248.4
NETWORK t= 40634.4ms dt=    1.7ms tid=ThreadId(78) materialize_done uri=nfs://DietPi.local/mnt/4TBP/Work/Arise2014/Video/DCIM/108D300S/DSC_2726.NEF path=/home/peet/.cache/picasa-rs/source/g/7f7866250c88f6cd268b15502ee97ee9c8ff8fd45217e7d2a67cde6021c5e981.NEF ms=250.2
NETWORK t= 40635.7ms dt=    1.3ms tid=ThreadId(78) materialize_start uri=nfs://DietPi.local/mnt/4TBP/Work/Arise2014/Video/DCIM/108D300S/DSC_2726.NEF
NETWORK t= 40635.8ms dt=    0.0ms tid=ThreadId(78) materialize_done uri=nfs://DietPi.local/mnt/4TBP/Work/Arise2014/Video/DCIM/108D300S/DSC_2726.NEF path=/home/peet/.cache/picasa-rs/source/g/7f7866250c88f6cd268b15502ee97ee9c8ff8fd45217e7d2a67cde6021c5e981.NEF ms=0.0
NETWORK t= 40638.4ms dt=    2.6ms tid=ThreadId(78) read_start uri=nfs://DietPi.local/mnt/4TBP/Work/Arise2014/Video/DCIM/108D300S/DSC_2679.JPG
NETWORK t= 40699.4ms dt=   61.1ms tid=ThreadId(78) nfs_helper_read_ok uri=nfs://DietPi.local/mnt/4TBP/Work/Arise2014/Video/DCIM/108D300S/DSC_2679.JPG bytes=851175
NETWORK t= 40699.4ms dt=    0.0ms tid=ThreadId(78) read_done uri=nfs://DietPi.local/mnt/4TBP/Work/Arise2014/Video/DCIM/108D300S/DSC_2679.JPG bytes=851175 ms=61.1
NETWORK t= 40700.1ms dt=    0.7ms tid=ThreadId(78) materialize_start uri=nfs://DietPi.local/mnt/4TBP/Work/Arise2014/Video/DCIM/108D300S/DSC_2710.NEF
NETWORK t= 40700.2ms dt=    0.1ms tid=ThreadId(78) read_start uri=nfs://DietPi.local/mnt/4TBP/Work/Arise2014/Video/DCIM/108D300S/DSC_2710.NEF
NETWORK t= 40957.9ms dt=  257.7ms tid=ThreadId(78) nfs_helper_read_ok uri=nfs://DietPi.local/mnt/4TBP/Work/Arise2014/Video/DCIM/108D300S/DSC_2710.NEF bytes=12003528
NETWORK t= 40957.9ms dt=    0.0ms tid=ThreadId(78) read_done uri=nfs://DietPi.local/mnt/4TBP/Work/Arise2014/Video/DCIM/108D300S/DSC_2710.NEF bytes=12003528 ms=257.7
NETWORK t= 40959.6ms dt=    1.7ms tid=ThreadId(78) materialize_done uri=nfs://DietPi.local/mnt/4TBP/Work/Arise2014/Video/DCIM/108D300S/DSC_2710.NEF path=/home/peet/.cache/picasa-rs/source/j/54bb602b89b5393a005c87cd892db5ea5b8e9d547eaff702c9f97a55710b7791.NEF ms=259.5
NETWORK t= 40960.8ms dt=    1.2ms tid=ThreadId(78) materialize_start uri=nfs://DietPi.local/mnt/4TBP/Work/Arise2014/Video/DCIM/108D300S/DSC_2710.NEF
NETWORK t= 40960.8ms dt=    0.1ms tid=ThreadId(78) materialize_done uri=nfs://DietPi.local/mnt/4TBP/Work/Arise2014/Video/DCIM/108D300S/DSC_2710.NEF path=/home/peet/.cache/picasa-rs/source/j/54bb602b89b5393a005c87cd892db5ea5b8e9d547eaff702c9f97a55710b7791.NEF ms=0.0
NETWORK t= 40963.6ms dt=    2.8ms tid=ThreadId(78) materialize_start uri=nfs://DietPi.local/mnt/4TBP/Work/Arise2014/Video/DCIM/108D300S/DSC_2725.NEF
NETWORK t= 40963.7ms dt=    0.1ms tid=ThreadId(78) read_start uri=nfs://DietPi.local/mnt/4TBP/Work/Arise2014/Video/DCIM/108D300S/DSC_2725.NEF
NETWORK t= 41211.7ms dt=  248.0ms tid=ThreadId(78) nfs_helper_read_ok uri=nfs://DietPi.local/mnt/4TBP/Work/Arise2014/Video/DCIM/108D300S/DSC_2725.NEF bytes=12620180
NETWORK t= 41211.7ms dt=    0.0ms tid=ThreadId(78) read_done uri=nfs://DietPi.local/mnt/4TBP/Work/Arise2014/Video/DCIM/108D300S/DSC_2725.NEF bytes=12620180 ms=248.0
NETWORK t= 41213.4ms dt=    1.7ms tid=ThreadId(78) materialize_done uri=nfs://DietPi.local/mnt/4TBP/Work/Arise2014/Video/DCIM/108D300S/DSC_2725.NEF path=/home/peet/.cache/picasa-rs/source/g/3bd4935178d1656fd9a15ebaeadd1ed3dbbaaf52a7afa823c7b256b9fc2c7dba.NEF ms=249.7
NETWORK t= 41214.7ms dt=    1.3ms tid=ThreadId(78) materialize_start uri=nfs://DietPi.local/mnt/4TBP/Work/Arise2014/Video/DCIM/108D300S/DSC_2725.NEF
NETWORK t= 41214.7ms dt=    0.0ms tid=ThreadId(78) materialize_done uri=nfs://DietPi.local/mnt/4TBP/Work/Arise2014/Video/DCIM/108D300S/DSC_2725.NEF path=/home/peet/.cache/picasa-rs/source/g/3bd4935178d1656fd9a15ebaeadd1ed3dbbaaf52a7afa823c7b256b9fc2c7dba.NEF ms=0.0
NETWORK t= 41217.6ms dt=    2.9ms tid=ThreadId(78) materialize_start uri=nfs://DietPi.local/mnt/4TBP/Work/Arise2014/Video/DCIM/108D300S/DSC_2737.NEF
NETWORK t= 41217.7ms dt=    0.1ms tid=ThreadId(78) read_start uri=nfs://DietPi.local/mnt/4TBP/Work/Arise2014/Video/DCIM/108D300S/DSC_2737.NEF
NETWORK t= 41450.4ms dt=  232.7ms tid=ThreadId(78) nfs_helper_read_ok uri=nfs://DietPi.local/mnt/4TBP/Work/Arise2014/Video/DCIM/108D300S/DSC_2737.NEF bytes=12069395
NETWORK t= 41450.4ms dt=    0.0ms tid=ThreadId(78) read_done uri=nfs://DietPi.local/mnt/4TBP/Work/Arise2014/Video/DCIM/108D300S/DSC_2737.NEF bytes=12069395 ms=232.7
NETWORK t= 41452.1ms dt=    1.7ms tid=ThreadId(78) materialize_done uri=nfs://DietPi.local/mnt/4TBP/Work/Arise2014/Video/DCIM/108D300S/DSC_2737.NEF path=/home/peet/.cache/picasa-rs/source/m/b7beb28b44400a13fa19c43b03bfada69151b63396355921410e52cab7d16555.NEF ms=234.5
NETWORK t= 41453.4ms dt=    1.3ms tid=ThreadId(78) materialize_start uri=nfs://DietPi.local/mnt/4TBP/Work/Arise2014/Video/DCIM/108D300S/DSC_2737.NEF
NETWORK t= 41453.4ms dt=    0.0ms tid=ThreadId(78) materialize_done uri=nfs://DietPi.local/mnt/4TBP/Work/Arise2014/Video/DCIM/108D300S/DSC_2737.NEF path=/home/peet/.cache/picasa-rs/source/m/b7beb28b44400a13fa19c43b03bfada69151b63396355921410e52cab7d16555.NEF ms=0.0
NETWORK t= 41456.1ms dt=    2.7ms tid=ThreadId(78) materialize_start uri=nfs://DietPi.local/mnt/4TBP/Work/Arise2014/Video/DCIM/108D300S/DSC_2733.NEF
NETWORK t= 41456.2ms dt=    0.1ms tid=ThreadId(78) read_start uri=nfs://DietPi.local/mnt/4TBP/Work/Arise2014/Video/DCIM/108D300S/DSC_2733.NEF
NETWORK t= 41704.0ms dt=  247.8ms tid=ThreadId(78) nfs_helper_read_ok uri=nfs://DietPi.local/mnt/4TBP/Work/Arise2014/Video/DCIM/108D300S/DSC_2733.NEF bytes=11946922
NETWORK t= 41704.0ms dt=    0.0ms tid=ThreadId(78) read_done uri=nfs://DietPi.local/mnt/4TBP/Work/Arise2014/Video/DCIM/108D300S/DSC_2733.NEF bytes=11946922 ms=247.8
NETWORK t= 41705.6ms dt=    1.6ms tid=ThreadId(78) materialize_done uri=nfs://DietPi.local/mnt/4TBP/Work/Arise2014/Video/DCIM/108D300S/DSC_2733.NEF path=/home/peet/.cache/picasa-rs/source/u/523ebcedbcaa87560cd5ee17ea02e9f471bb51a9d4e5ce74ff6d74899f993256.NEF ms=249.4
NETWORK t= 41706.6ms dt=    1.1ms tid=ThreadId(78) materialize_start uri=nfs://DietPi.local/mnt/4TBP/Work/Arise2014/Video/DCIM/108D300S/DSC_2733.NEF
NETWORK t= 41706.7ms dt=    0.0ms tid=ThreadId(78) materialize_done uri=nfs://DietPi.local/mnt/4TBP/Work/Arise2014/Video/DCIM/108D300S/DSC_2733.NEF path=/home/peet/.cache/picasa-rs/source/u/523ebcedbcaa87560cd5ee17ea02e9f471bb51a9d4e5ce74ff6d74899f993256.NEF ms=0.0
NETWORK t= 41709.5ms dt=    2.8ms tid=ThreadId(78) materialize_start uri=nfs://DietPi.local/mnt/4TBP/Work/Arise2014/Video/DCIM/108D300S/DSC_2713.NEF
NETWORK t= 41709.6ms dt=    0.1ms tid=ThreadId(78) read_start uri=nfs://DietPi.local/mnt/4TBP/Work/Arise2014/Video/DCIM/108D300S/DSC_2713.NEF
NETWORK t= 41957.0ms dt=  247.4ms tid=ThreadId(78) nfs_helper_read_ok uri=nfs://DietPi.local/mnt/4TBP/Work/Arise2014/Video/DCIM/108D300S/DSC_2713.NEF bytes=12127022
NETWORK t= 41957.0ms dt=    0.0ms tid=ThreadId(78) read_done uri=nfs://DietPi.local/mnt/4TBP/Work/Arise2014/Video/DCIM/108D300S/DSC_2713.NEF bytes=12127022 ms=247.4
NETWORK t= 41958.6ms dt=    1.6ms tid=ThreadId(78) materialize_done uri=nfs://DietPi.local/mnt/4TBP/Work/Arise2014/Video/DCIM/108D300S/DSC_2713.NEF path=/home/peet/.cache/picasa-rs/source/t/a871aa66f4953c2fca5b4ef037ff214823a8e2a08669d06e75935d86465aa480.NEF ms=249.1
NETWORK t= 41959.8ms dt=    1.2ms tid=ThreadId(78) materialize_start uri=nfs://DietPi.local/mnt/4TBP/Work/Arise2014/Video/DCIM/108D300S/DSC_2713.NEF
NETWORK t= 41959.8ms dt=    0.0ms tid=ThreadId(78) materialize_done uri=nfs://DietPi.local/mnt/4TBP/Work/Arise2014/Video/DCIM/108D300S/DSC_2713.NEF path=/home/peet/.cache/picasa-rs/source/t/a871aa66f4953c2fca5b4ef037ff214823a8e2a08669d06e75935d86465aa480.NEF ms=0.0
NETWORK t= 41962.6ms dt=    2.8ms tid=ThreadId(78) read_start uri=nfs://DietPi.local/mnt/4TBP/Work/Arise2014/Video/DCIM/108D300S/DSC_2732.JPG
NETWORK t= 42008.1ms dt=   45.5ms tid=ThreadId(78) nfs_helper_read_ok uri=nfs://DietPi.local/mnt/4TBP/Work/Arise2014/Video/DCIM/108D300S/DSC_2732.JPG bytes=543057
NETWORK t= 42008.1ms dt=    0.0ms tid=ThreadId(78) read_done uri=nfs://DietPi.local/mnt/4TBP/Work/Arise2014/Video/DCIM/108D300S/DSC_2732.JPG bytes=543057 ms=45.5
NETWORK t= 42008.8ms dt=    0.7ms tid=ThreadId(78) read_start uri=nfs://DietPi.local/mnt/4TBP/Work/Arise2014/Video/DCIM/108D300S/DSC_2726.JPG
NETWORK t= 42030.6ms dt=   21.9ms tid=ThreadId(78) nfs_helper_read_ok uri=nfs://DietPi.local/mnt/4TBP/Work/Arise2014/Video/DCIM/108D300S/DSC_2726.JPG bytes=655233
NETWORK t= 42030.7ms dt=    0.0ms tid=ThreadId(78) read_done uri=nfs://DietPi.local/mnt/4TBP/Work/Arise2014/Video/DCIM/108D300S/DSC_2726.JPG bytes=655233 ms=21.9
NETWORK t= 42031.2ms dt=    0.6ms tid=ThreadId(78) read_start uri=nfs://DietPi.local/mnt/4TBP/Work/Arise2014/Video/DCIM/108D300S/DSC_2739.JPG
NETWORK t= 42045.3ms dt=   14.0ms tid=ThreadId(78) nfs_helper_read_ok uri=nfs://DietPi.local/mnt/4TBP/Work/Arise2014/Video/DCIM/108D300S/DSC_2739.JPG bytes=525780
NETWORK t= 42045.3ms dt=    0.0ms tid=ThreadId(78) read_done uri=nfs://DietPi.local/mnt/4TBP/Work/Arise2014/Video/DCIM/108D300S/DSC_2739.JPG bytes=525780 ms=14.0
NETWORK t= 42045.9ms dt=    0.6ms tid=ThreadId(78) materialize_start uri=nfs://DietPi.local/mnt/4TBP/Work/Arise2014/Video/DCIM/108D300S/DSC_2738.NEF
NETWORK t= 42045.9ms dt=    0.1ms tid=ThreadId(78) read_start uri=nfs://DietPi.local/mnt/4TBP/Work/Arise2014/Video/DCIM/108D300S/DSC_2738.NEF
NETWORK t= 42279.6ms dt=  233.7ms tid=ThreadId(78) nfs_helper_read_ok uri=nfs://DietPi.local/mnt/4TBP/Work/Arise2014/Video/DCIM/108D300S/DSC_2738.NEF bytes=11487781
NETWORK t= 42279.6ms dt=    0.0ms tid=ThreadId(78) read_done uri=nfs://DietPi.local/mnt/4TBP/Work/Arise2014/Video/DCIM/108D300S/DSC_2738.NEF bytes=11487781 ms=233.7
NETWORK t= 42281.3ms dt=    1.6ms tid=ThreadId(78) materialize_done uri=nfs://DietPi.local/mnt/4TBP/Work/Arise2014/Video/DCIM/108D300S/DSC_2738.NEF path=/home/peet/.cache/picasa-rs/source/o/9c9c6bd7903a02df90a9276e965c3c845fc31dfbfa07aab69c248f01268951fd.NEF ms=235.4
NETWORK t= 42282.4ms dt=    1.2ms tid=ThreadId(78) materialize_start uri=nfs://DietPi.local/mnt/4TBP/Work/Arise2014/Video/DCIM/108D300S/DSC_2738.NEF
NETWORK t= 42282.5ms dt=    0.1ms tid=ThreadId(78) materialize_done uri=nfs://DietPi.local/mnt/4TBP/Work/Arise2014/Video/DCIM/108D300S/DSC_2738.NEF path=/home/peet/.cache/picasa-rs/source/o/9c9c6bd7903a02df90a9276e965c3c845fc31dfbfa07aab69c248f01268951fd.NEF ms=0.0
NETWORK t= 42285.1ms dt=    2.7ms tid=ThreadId(78) materialize_start uri=nfs://DietPi.local/mnt/4TBP/Work/Arise2014/Video/DCIM/108D300S/DSC_2671.NEF
NETWORK t= 42285.2ms dt=    0.1ms tid=ThreadId(78) read_start uri=nfs://DietPi.local/mnt/4TBP/Work/Arise2014/Video/DCIM/108D300S/DSC_2671.NEF
NETWORK t= 42504.8ms dt=  219.6ms tid=ThreadId(78) nfs_helper_read_ok uri=nfs://DietPi.local/mnt/4TBP/Work/Arise2014/Video/DCIM/108D300S/DSC_2671.NEF bytes=11597274
NETWORK t= 42504.8ms dt=    0.0ms tid=ThreadId(78) read_done uri=nfs://DietPi.local/mnt/4TBP/Work/Arise2014/Video/DCIM/108D300S/DSC_2671.NEF bytes=11597274 ms=219.6
NETWORK t= 42506.8ms dt=    1.9ms tid=ThreadId(78) materialize_done uri=nfs://DietPi.local/mnt/4TBP/Work/Arise2014/Video/DCIM/108D300S/DSC_2671.NEF path=/home/peet/.cache/picasa-rs/source/j/2a8bdc6aace623208f7eb63a9729ad4da5f9d0f5eac1804572bc4caea0c0fbdb.NEF ms=221.6
NETWORK t= 42508.1ms dt=    1.4ms tid=ThreadId(78) materialize_start uri=nfs://DietPi.local/mnt/4TBP/Work/Arise2014/Video/DCIM/108D300S/DSC_2671.NEF
NETWORK t= 42508.2ms dt=    0.1ms tid=ThreadId(78) materialize_done uri=nfs://DietPi.local/mnt/4TBP/Work/Arise2014/Video/DCIM/108D300S/DSC_2671.NEF path=/home/peet/.cache/picasa-rs/source/j/2a8bdc6aace623208f7eb63a9729ad4da5f9d0f5eac1804572bc4caea0c0fbdb.NEF ms=0.0
NETWORK t= 42511.2ms dt=    3.0ms tid=ThreadId(78) read_start uri=nfs://DietPi.local/mnt/4TBP/Work/Arise2014/Video/DCIM/108D300S/DSC_2723.JPG
NETWORK t= 42540.2ms dt=   29.0ms tid=ThreadId(78) nfs_helper_read_ok uri=nfs://DietPi.local/mnt/4TBP/Work/Arise2014/Video/DCIM/108D300S/DSC_2723.JPG bytes=559557
NETWORK t= 42540.2ms dt=    0.0ms tid=ThreadId(78) read_done uri=nfs://DietPi.local/mnt/4TBP/Work/Arise2014/Video/DCIM/108D300S/DSC_2723.JPG bytes=559557 ms=29.0
NETWORK t= 42541.2ms dt=    1.0ms tid=ThreadId(78) materialize_start uri=nfs://DietPi.local/mnt/4TBP/Work/Arise2014/Video/DCIM/108D300S/DSC_2644.NEF
NETWORK t= 42541.3ms dt=    0.1ms tid=ThreadId(78) read_start uri=nfs://DietPi.local/mnt/4TBP/Work/Arise2014/Video/DCIM/108D300S/DSC_2644.NEF
NETWORK t= 42789.7ms dt=  248.4ms tid=ThreadId(78) nfs_helper_read_ok uri=nfs://DietPi.local/mnt/4TBP/Work/Arise2014/Video/DCIM/108D300S/DSC_2644.NEF bytes=12058993
NETWORK t= 42789.7ms dt=    0.0ms tid=ThreadId(78) read_done uri=nfs://DietPi.local/mnt/4TBP/Work/Arise2014/Video/DCIM/108D300S/DSC_2644.NEF bytes=12058993 ms=248.4
NETWORK t= 42791.4ms dt=    1.6ms tid=ThreadId(78) materialize_done uri=nfs://DietPi.local/mnt/4TBP/Work/Arise2014/Video/DCIM/108D300S/DSC_2644.NEF path=/home/peet/.cache/picasa-rs/source/f/1e93605e8bc088419d192843c0b512d953cbfed516d0c362eb32fabb83cef56e.NEF ms=250.1
NETWORK t= 42792.5ms dt=    1.2ms tid=ThreadId(78) materialize_start uri=nfs://DietPi.local/mnt/4TBP/Work/Arise2014/Video/DCIM/108D300S/DSC_2644.NEF
NETWORK t= 42792.6ms dt=    0.0ms tid=ThreadId(78) materialize_done uri=nfs://DietPi.local/mnt/4TBP/Work/Arise2014/Video/DCIM/108D300S/DSC_2644.NEF path=/home/peet/.cache/picasa-rs/source/f/1e93605e8bc088419d192843c0b512d953cbfed516d0c362eb32fabb83cef56e.NEF ms=0.0
NETWORK t= 42795.4ms dt=    2.8ms tid=ThreadId(78) read_start uri=nfs://DietPi.local/mnt/4TBP/Work/Arise2014/Video/DCIM/108D300S/DSC_2727.JPG
NETWORK t= 42831.0ms dt=   35.6ms tid=ThreadId(78) nfs_helper_read_ok uri=nfs://DietPi.local/mnt/4TBP/Work/Arise2014/Video/DCIM/108D300S/DSC_2727.JPG bytes=668476
NETWORK t= 42831.0ms dt=    0.0ms tid=ThreadId(78) read_done uri=nfs://DietPi.local/mnt/4TBP/Work/Arise2014/Video/DCIM/108D300S/DSC_2727.JPG bytes=668476 ms=35.6
NETWORK t= 42831.6ms dt=    0.6ms tid=ThreadId(78) materialize_start uri=nfs://DietPi.local/mnt/4TBP/Work/Arise2014/Video/DCIM/108D300S/DSC_2674.NEF
NETWORK t= 42831.7ms dt=    0.1ms tid=ThreadId(78) read_start uri=nfs://DietPi.local/mnt/4TBP/Work/Arise2014/Video/DCIM/108D300S/DSC_2674.NEF
NETWORK t= 43071.1ms dt=  239.4ms tid=ThreadId(78) nfs_helper_read_ok uri=nfs://DietPi.local/mnt/4TBP/Work/Arise2014/Video/DCIM/108D300S/DSC_2674.NEF bytes=11759746
NETWORK t= 43071.1ms dt=    0.0ms tid=ThreadId(78) read_done uri=nfs://DietPi.local/mnt/4TBP/Work/Arise2014/Video/DCIM/108D300S/DSC_2674.NEF bytes=11759746 ms=239.4
NETWORK t= 43072.7ms dt=    1.6ms tid=ThreadId(78) materialize_done uri=nfs://DietPi.local/mnt/4TBP/Work/Arise2014/Video/DCIM/108D300S/DSC_2674.NEF path=/home/peet/.cache/picasa-rs/source/a/8bae6d08488abff9a777a767f2cf9142fd1805d40c36437d830af8f1a8f59329.NEF ms=241.1
NETWORK t= 43073.9ms dt=    1.1ms tid=ThreadId(78) materialize_start uri=nfs://DietPi.local/mnt/4TBP/Work/Arise2014/Video/DCIM/108D300S/DSC_2674.NEF
NETWORK t= 43073.9ms dt=    0.0ms tid=ThreadId(78) materialize_done uri=nfs://DietPi.local/mnt/4TBP/Work/Arise2014/Video/DCIM/108D300S/DSC_2674.NEF path=/home/peet/.cache/picasa-rs/source/a/8bae6d08488abff9a777a767f2cf9142fd1805d40c36437d830af8f1a8f59329.NEF ms=0.0
NETWORK t= 43076.4ms dt=    2.4ms tid=ThreadId(78) materialize_start uri=nfs://DietPi.local/mnt/4TBP/Work/Arise2014/Video/DCIM/108D300S/DSC_2711.NEF
NETWORK t= 43076.4ms dt=    0.1ms tid=ThreadId(78) read_start uri=nfs://DietPi.local/mnt/4TBP/Work/Arise2014/Video/DCIM/108D300S/DSC_2711.NEF
NETWORK t= 43319.5ms dt=  243.1ms tid=ThreadId(78) nfs_helper_read_ok uri=nfs://DietPi.local/mnt/4TBP/Work/Arise2014/Video/DCIM/108D300S/DSC_2711.NEF bytes=12176062
NETWORK t= 43319.5ms dt=    0.0ms tid=ThreadId(78) read_done uri=nfs://DietPi.local/mnt/4TBP/Work/Arise2014/Video/DCIM/108D300S/DSC_2711.NEF bytes=12176062 ms=243.1
NETWORK t= 43321.2ms dt=    1.7ms tid=ThreadId(78) materialize_done uri=nfs://DietPi.local/mnt/4TBP/Work/Arise2014/Video/DCIM/108D300S/DSC_2711.NEF path=/home/peet/.cache/picasa-rs/source/r/618fdc2035d9b9d265000531b78b509a21e728aebc857a005b7918c40dd01bec.NEF ms=244.8
NETWORK t= 43322.3ms dt=    1.1ms tid=ThreadId(78) materialize_start uri=nfs://DietPi.local/mnt/4TBP/Work/Arise2014/Video/DCIM/108D300S/DSC_2711.NEF
NETWORK t= 43322.3ms dt=    0.0ms tid=ThreadId(78) materialize_done uri=nfs://DietPi.local/mnt/4TBP/Work/Arise2014/Video/DCIM/108D300S/DSC_2711.NEF path=/home/peet/.cache/picasa-rs/source/r/618fdc2035d9b9d265000531b78b509a21e728aebc857a005b7918c40dd01bec.NEF ms=0.0
NETWORK t= 43325.0ms dt=    2.7ms tid=ThreadId(78) materialize_start uri=nfs://DietPi.local/mnt/4TBP/Work/Arise2014/Video/DCIM/108D300S/DSC_2627.NEF
NETWORK t= 43325.1ms dt=    0.1ms tid=ThreadId(78) read_start uri=nfs://DietPi.local/mnt/4TBP/Work/Arise2014/Video/DCIM/108D300S/DSC_2627.NEF
NETWORK t= 43385.7ms dt=   60.6ms tid=main share_row_press folder=60 op=2 op=2
NETWORK t= 43513.1ms dt=  127.4ms tid=main filter_selected Folder(60) op=2 op=2
NETWORK t= 43513.1ms dt=    0.0ms tid=main filter_selected_begin op=2
NETWORK t= 43513.2ms dt=    0.0ms tid=main apply_filter_start filter=Folder(60) exact=false op=2
NETWORK t= 43513.7ms dt=    0.5ms tid=main apply_filter_done network_share_scoped op=2
NETWORK t= 43513.7ms dt=    0.0ms tid=main filter_selected_end op=2
NETWORK t= 43513.7ms dt=    0.0ms tid=ThreadId(1012) grid_query_start op=2 filter=Folder(60) folder_stream=true
NETWORK t= 43569.4ms dt=   55.6ms tid=ThreadId(78) nfs_helper_read_ok uri=nfs://DietPi.local/mnt/4TBP/Work/Arise2014/Video/DCIM/108D300S/DSC_2627.NEF bytes=11924721
NETWORK t= 43569.4ms dt=    0.0ms tid=ThreadId(78) read_done uri=nfs://DietPi.local/mnt/4TBP/Work/Arise2014/Video/DCIM/108D300S/DSC_2627.NEF bytes=11924721 ms=244.3
NETWORK t= 43570.9ms dt=    1.6ms tid=ThreadId(78) materialize_done uri=nfs://DietPi.local/mnt/4TBP/Work/Arise2014/Video/DCIM/108D300S/DSC_2627.NEF path=/home/peet/.cache/picasa-rs/source/4/3d0c37a4767e75f14ea7cc41cf49bacbf517a6ab6329c0e1c45c083999b75a92.NEF ms=245.9
NETWORK t= 43572.0ms dt=    1.1ms tid=ThreadId(78) materialize_start uri=nfs://DietPi.local/mnt/4TBP/Work/Arise2014/Video/DCIM/108D300S/DSC_2627.NEF
NETWORK t= 43572.1ms dt=    0.0ms tid=ThreadId(78) materialize_done uri=nfs://DietPi.local/mnt/4TBP/Work/Arise2014/Video/DCIM/108D300S/DSC_2627.NEF path=/home/peet/.cache/picasa-rs/source/4/3d0c37a4767e75f14ea7cc41cf49bacbf517a6ab6329c0e1c45c083999b75a92.NEF ms=0.0
NETWORK t= 43574.9ms dt=    2.9ms tid=ThreadId(78) read_start uri=nfs://DietPi.local/mnt/4TBP/Work/Arise2014/Video/DCIM/108D300S/DSC_2678.JPG
NETWORK t= 43699.6ms dt=  124.7ms tid=ThreadId(78) nfs_helper_read_ok uri=nfs://DietPi.local/mnt/4TBP/Work/Arise2014/Video/DCIM/108D300S/DSC_2678.JPG bytes=914674
NETWORK t= 43699.6ms dt=    0.0ms tid=ThreadId(78) read_done uri=nfs://DietPi.local/mnt/4TBP/Work/Arise2014/Video/DCIM/108D300S/DSC_2678.JPG bytes=914674 ms=124.7
NETWORK t= 43700.4ms dt=    0.7ms tid=ThreadId(78) read_start uri=nfs://DietPi.local/mnt/4TBP/Work/Arise2014/Video/DCIM/108D300S/DSC_2655.JPG
NETWORK t= 43720.6ms dt=   20.2ms tid=ThreadId(78) nfs_helper_read_ok uri=nfs://DietPi.local/mnt/4TBP/Work/Arise2014/Video/DCIM/108D300S/DSC_2655.JPG bytes=394435
NETWORK t= 43720.6ms dt=    0.0ms tid=ThreadId(78) read_done uri=nfs://DietPi.local/mnt/4TBP/Work/Arise2014/Video/DCIM/108D300S/DSC_2655.JPG bytes=394435 ms=20.2
NETWORK t= 43721.2ms dt=    0.6ms tid=ThreadId(78) read_start uri=nfs://DietPi.local/mnt/4TBP/Work/Arise2014/Video/DCIM/108D300S/DSC_2672.JPG
NETWORK t= 43732.5ms dt=   11.3ms tid=ThreadId(78) nfs_helper_read_ok uri=nfs://DietPi.local/mnt/4TBP/Work/Arise2014/Video/DCIM/108D300S/DSC_2672.JPG bytes=399721
NETWORK t= 43732.5ms dt=    0.0ms tid=ThreadId(78) read_done uri=nfs://DietPi.local/mnt/4TBP/Work/Arise2014/Video/DCIM/108D300S/DSC_2672.JPG bytes=399721 ms=11.3
NETWORK t= 43733.1ms dt=    0.6ms tid=ThreadId(78) materialize_start uri=nfs://DietPi.local/mnt/4TBP/Work/Arise2014/Video/DCIM/108D300S/DSC_2680.NEF
NETWORK t= 43733.1ms dt=    0.1ms tid=ThreadId(78) read_start uri=nfs://DietPi.local/mnt/4TBP/Work/Arise2014/Video/DCIM/108D300S/DSC_2680.NEF
NETWORK t= 44054.2ms dt=  321.0ms tid=ThreadId(78) nfs_helper_read_ok uri=nfs://DietPi.local/mnt/4TBP/Work/Arise2014/Video/DCIM/108D300S/DSC_2680.NEF bytes=12837306
NETWORK t= 44054.2ms dt=    0.0ms tid=ThreadId(78) read_done uri=nfs://DietPi.local/mnt/4TBP/Work/Arise2014/Video/DCIM/108D300S/DSC_2680.NEF bytes=12837306 ms=321.0
NETWORK t= 44055.9ms dt=    1.7ms tid=ThreadId(78) materialize_done uri=nfs://DietPi.local/mnt/4TBP/Work/Arise2014/Video/DCIM/108D300S/DSC_2680.NEF path=/home/peet/.cache/picasa-rs/source/e/7b1a8045e29e00b46ed9e862e908b91434ff577c6c4b996cd47e14356803183f.NEF ms=322.8
NETWORK t= 44057.3ms dt=    1.4ms tid=ThreadId(78) materialize_start uri=nfs://DietPi.local/mnt/4TBP/Work/Arise2014/Video/DCIM/108D300S/DSC_2680.NEF
NETWORK t= 44057.4ms dt=    0.0ms tid=ThreadId(78) materialize_done uri=nfs://DietPi.local/mnt/4TBP/Work/Arise2014/Video/DCIM/108D300S/DSC_2680.NEF path=/home/peet/.cache/picasa-rs/source/e/7b1a8045e29e00b46ed9e862e908b91434ff577c6c4b996cd47e14356803183f.NEF ms=0.0
NETWORK t= 44060.2ms dt=    2.8ms tid=ThreadId(78) materialize_start uri=nfs://DietPi.local/mnt/4TBP/Work/Arise2014/Video/DCIM/108D300S/DSC_2681.NEF
NETWORK t= 44060.2ms dt=    0.1ms tid=ThreadId(78) read_start uri=nfs://DietPi.local/mnt/4TBP/Work/Arise2014/Video/DCIM/108D300S/DSC_2681.NEF
NETWORK t= 44339.5ms dt=  279.3ms tid=ThreadId(78) nfs_helper_read_ok uri=nfs://DietPi.local/mnt/4TBP/Work/Arise2014/Video/DCIM/108D300S/DSC_2681.NEF bytes=12958762
NETWORK t= 44339.5ms dt=    0.0ms tid=ThreadId(78) read_done uri=nfs://DietPi.local/mnt/4TBP/Work/Arise2014/Video/DCIM/108D300S/DSC_2681.NEF bytes=12958762 ms=279.3
NETWORK t= 44341.3ms dt=    1.8ms tid=ThreadId(78) materialize_done uri=nfs://DietPi.local/mnt/4TBP/Work/Arise2014/Video/DCIM/108D300S/DSC_2681.NEF path=/home/peet/.cache/picasa-rs/source/5/6545fd78f3a29a391562ab73618fe4bf793f83a22df4e1cf74aacbf9ee90d87d.NEF ms=281.1
NETWORK t= 44342.7ms dt=    1.4ms tid=ThreadId(78) materialize_start uri=nfs://DietPi.local/mnt/4TBP/Work/Arise2014/Video/DCIM/108D300S/DSC_2681.NEF
NETWORK t= 44342.7ms dt=    0.0ms tid=ThreadId(78) materialize_done uri=nfs://DietPi.local/mnt/4TBP/Work/Arise2014/Video/DCIM/108D300S/DSC_2681.NEF path=/home/peet/.cache/picasa-rs/source/5/6545fd78f3a29a391562ab73618fe4bf793f83a22df4e1cf74aacbf9ee90d87d.NEF ms=0.0
NETWORK t= 44345.5ms dt=    2.7ms tid=ThreadId(78) materialize_start uri=nfs://DietPi.local/mnt/4TBP/Work/Arise2014/Video/DCIM/108D300S/DSC_2683.NEF
NETWORK t= 44345.5ms dt=    0.1ms tid=ThreadId(78) read_start uri=nfs://DietPi.local/mnt/4TBP/Work/Arise2014/Video/DCIM/108D300S/DSC_2683.NEF
NETWORK t= 44648.7ms dt=  303.2ms tid=ThreadId(78) nfs_helper_read_ok uri=nfs://DietPi.local/mnt/4TBP/Work/Arise2014/Video/DCIM/108D300S/DSC_2683.NEF bytes=13416450
NETWORK t= 44648.8ms dt=    0.0ms tid=ThreadId(78) read_done uri=nfs://DietPi.local/mnt/4TBP/Work/Arise2014/Video/DCIM/108D300S/DSC_2683.NEF bytes=13416450 ms=303.2
NETWORK t= 44650.6ms dt=    1.8ms tid=ThreadId(78) materialize_done uri=nfs://DietPi.local/mnt/4TBP/Work/Arise2014/Video/DCIM/108D300S/DSC_2683.NEF path=/home/peet/.cache/picasa-rs/source/3/95373d7d0993c4a30763a5158a73a2f89fcc880cdd2e4d84f99d5b7195b1d7f0.NEF ms=305.1
NETWORK t= 44652.0ms dt=    1.4ms tid=ThreadId(78) materialize_start uri=nfs://DietPi.local/mnt/4TBP/Work/Arise2014/Video/DCIM/108D300S/DSC_2683.NEF
NETWORK t= 44652.0ms dt=    0.0ms tid=ThreadId(78) materialize_done uri=nfs://DietPi.local/mnt/4TBP/Work/Arise2014/Video/DCIM/108D300S/DSC_2683.NEF path=/home/peet/.cache/picasa-rs/source/3/95373d7d0993c4a30763a5158a73a2f89fcc880cdd2e4d84f99d5b7195b1d7f0.NEF ms=0.0
NETWORK t= 44654.7ms dt=    2.7ms tid=ThreadId(78) materialize_start uri=nfs://DietPi.local/mnt/4TBP/Work/Arise2014/Video/DCIM/108D300S/DSC_2709.NEF
NETWORK t= 44654.8ms dt=    0.1ms tid=ThreadId(78) read_start uri=nfs://DietPi.local/mnt/4TBP/Work/Arise2014/Video/DCIM/108D300S/DSC_2709.NEF
NETWORK t= 44741.6ms dt=   86.8ms tid=main share_row_press folder=40 op=3 op=3
NETWORK t= 44885.1ms dt=  143.5ms tid=main filter_selected Folder(40) op=3 op=3
NETWORK t= 44885.1ms dt=    0.0ms tid=main filter_selected_begin op=3
NETWORK t= 44885.2ms dt=    0.0ms tid=main apply_filter_start filter=Folder(40) exact=false op=3
NETWORK t= 44885.6ms dt=    0.5ms tid=main apply_filter_done network_share_scoped op=3
NETWORK t= 44885.7ms dt=    0.0ms tid=main filter_selected_end op=3
NETWORK t= 44885.7ms dt=    0.0ms tid=ThreadId(1020) grid_query_start op=3 filter=Folder(40) folder_stream=true
NETWORK t= 44909.7ms dt=   24.0ms tid=ThreadId(78) nfs_helper_read_ok uri=nfs://DietPi.local/mnt/4TBP/Work/Arise2014/Video/DCIM/108D300S/DSC_2709.NEF bytes=12251344
NETWORK t= 44909.7ms dt=    0.0ms tid=ThreadId(78) read_done uri=nfs://DietPi.local/mnt/4TBP/Work/Arise2014/Video/DCIM/108D300S/DSC_2709.NEF bytes=12251344 ms=254.9
NETWORK t= 44911.3ms dt=    1.6ms tid=ThreadId(78) materialize_done uri=nfs://DietPi.local/mnt/4TBP/Work/Arise2014/Video/DCIM/108D300S/DSC_2709.NEF path=/home/peet/.cache/picasa-rs/source/k/bc3cf1c7011dd97b71deae75f095c7c68a528c85dee3c44f2783dcc70263e66f.NEF ms=256.6
NETWORK t= 44912.6ms dt=    1.3ms tid=ThreadId(78) materialize_start uri=nfs://DietPi.local/mnt/4TBP/Work/Arise2014/Video/DCIM/108D300S/DSC_2709.NEF
NETWORK t= 44912.6ms dt=    0.0ms tid=ThreadId(78) materialize_done uri=nfs://DietPi.local/mnt/4TBP/Work/Arise2014/Video/DCIM/108D300S/DSC_2709.NEF path=/home/peet/.cache/picasa-rs/source/k/bc3cf1c7011dd97b71deae75f095c7c68a528c85dee3c44f2783dcc70263e66f.NEF ms=0.0
NETWORK t= 44915.2ms dt=    2.6ms tid=ThreadId(78) materialize_start uri=nfs://DietPi.local/mnt/4TBP/Work/Arise2014/Video/DCIM/108D300S/DSC_2655.NEF
NETWORK t= 44915.3ms dt=    0.1ms tid=ThreadId(78) read_start uri=nfs://DietPi.local/mnt/4TBP/Work/Arise2014/Video/DCIM/108D300S/DSC_2655.NEF
NETWORK t= 45190.6ms dt=  275.3ms tid=ThreadId(78) nfs_helper_read_ok uri=nfs://DietPi.local/mnt/4TBP/Work/Arise2014/Video/DCIM/108D300S/DSC_2655.NEF bytes=12079532
NETWORK t= 45190.6ms dt=    0.0ms tid=ThreadId(78) read_done uri=nfs://DietPi.local/mnt/4TBP/Work/Arise2014/Video/DCIM/108D300S/DSC_2655.NEF bytes=12079532 ms=275.3
NETWORK t= 45192.3ms dt=    1.7ms tid=ThreadId(78) materialize_done uri=nfs://DietPi.local/mnt/4TBP/Work/Arise2014/Video/DCIM/108D300S/DSC_2655.NEF path=/home/peet/.cache/picasa-rs/source/y/fa72813824d66046a02937b6cc990fc9cd463c03e5cff7fb17e228b44f64281a.NEF ms=277.1
NETWORK t= 45193.6ms dt=    1.3ms tid=ThreadId(78) materialize_start uri=nfs://DietPi.local/mnt/4TBP/Work/Arise2014/Video/DCIM/108D300S/DSC_2655.NEF
NETWORK t= 45193.7ms dt=    0.0ms tid=ThreadId(78) materialize_done uri=nfs://DietPi.local/mnt/4TBP/Work/Arise2014/Video/DCIM/108D300S/DSC_2655.NEF path=/home/peet/.cache/picasa-rs/source/y/fa72813824d66046a02937b6cc990fc9cd463c03e5cff7fb17e228b44f64281a.NEF ms=0.0
NETWORK t= 45197.6ms dt=    4.0ms tid=ThreadId(78) materialize_start uri=nfs://DietPi.local/mnt/4TBP/Work/Arise2014/Video/DCIM/108D300S/DSC_2716.NEF
NETWORK t= 45197.7ms dt=    0.1ms tid=ThreadId(78) read_start uri=nfs://DietPi.local/mnt/4TBP/Work/Arise2014/Video/DCIM/108D300S/DSC_2716.NEF
NETWORK t= 45217.8ms dt=   20.1ms tid=ThreadId(1020) grid_share_matched op=3 root=nfs://DietPi.local/mnt/4TBS/sg1/Extras-Stargate%20Atlantis descendants=0 matched=0
NETWORK t= 45219.6ms dt=    1.9ms tid=ThreadId(1020) grid_share_scoped op=3 count=0
NETWORK t= 45236.4ms dt=   16.8ms tid=main grid_share_replace op=3 count=0 op=3
NETWORK t= 45236.5ms dt=    0.0ms tid=main gallery_replace_start op=3 count=0 cache_scoped=false progressive=false op=3
NETWORK t= 45240.8ms dt=    4.3ms tid=main grid_share_ready op=3 op=3
NETWORK t= 45247.7ms dt=    6.9ms tid=ThreadId(1012) grid_share_matched op=2 root=smb://dietpi.local/4tbp/Work/James descendants=0 matched=8
NETWORK t= 45249.4ms dt=    1.7ms tid=ThreadId(1012) grid_share_scoped op=2 count=8
NETWORK t= 45333.4ms dt=   84.0ms tid=main share_row_press folder=82 op=4 op=4
NETWORK t= 45463.2ms dt=  129.8ms tid=ThreadId(78) nfs_helper_read_ok uri=nfs://DietPi.local/mnt/4TBP/Work/Arise2014/Video/DCIM/108D300S/DSC_2716.NEF bytes=12100968
NETWORK t= 45463.2ms dt=    0.0ms tid=ThreadId(78) read_done uri=nfs://DietPi.local/mnt/4TBP/Work/Arise2014/Video/DCIM/108D300S/DSC_2716.NEF bytes=12100968 ms=265.5
NETWORK t= 45464.9ms dt=    1.6ms tid=ThreadId(78) materialize_done uri=nfs://DietPi.local/mnt/4TBP/Work/Arise2014/Video/DCIM/108D300S/DSC_2716.NEF path=/home/peet/.cache/picasa-rs/source/r/22fbf3b41d4857ebd3e320d15ebc4a79c058da69abe611ea281d3cef155e01db.NEF ms=267.2
NETWORK t= 45466.2ms dt=    1.3ms tid=ThreadId(78) materialize_start uri=nfs://DietPi.local/mnt/4TBP/Work/Arise2014/Video/DCIM/108D300S/DSC_2716.NEF
NETWORK t= 45466.2ms dt=    0.0ms tid=ThreadId(78) materialize_done uri=nfs://DietPi.local/mnt/4TBP/Work/Arise2014/Video/DCIM/108D300S/DSC_2716.NEF path=/home/peet/.cache/picasa-rs/source/r/22fbf3b41d4857ebd3e320d15ebc4a79c058da69abe611ea281d3cef155e01db.NEF ms=0.0
NETWORK t= 45469.0ms dt=    2.7ms tid=ThreadId(78) read_start uri=nfs://DietPi.local/mnt/4TBP/Work/Arise2014/Video/DCIM/108D300S/DSC_2738.JPG
NETWORK t= 45477.2ms dt=    8.3ms tid=main filter_selected Folder(82) op=4 op=4
NETWORK t= 45477.3ms dt=    0.0ms tid=main filter_selected_begin op=4
NETWORK t= 45477.3ms dt=    0.0ms tid=main apply_filter_start filter=Folder(82) exact=false op=4
NETWORK t= 45477.4ms dt=    0.1ms tid=main apply_filter_done network_share_scoped op=4
NETWORK t= 45477.4ms dt=    0.0ms tid=main filter_selected_end op=4
NETWORK t= 45477.5ms dt=    0.0ms tid=ThreadId(1024) grid_query_start op=4 filter=Folder(82) folder_stream=true
NETWORK t= 45480.9ms dt=    3.4ms tid=ThreadId(78) nfs_helper_read_ok uri=nfs://DietPi.local/mnt/4TBP/Work/Arise2014/Video/DCIM/108D300S/DSC_2738.JPG bytes=514042
NETWORK t= 45480.9ms dt=    0.0ms tid=ThreadId(78) read_done uri=nfs://DietPi.local/mnt/4TBP/Work/Arise2014/Video/DCIM/108D300S/DSC_2738.JPG bytes=514042 ms=11.9
NETWORK t= 45481.5ms dt=    0.6ms tid=ThreadId(78) materialize_start uri=nfs://DietPi.local/mnt/4TBP/Work/Arise2014/Video/DCIM/108D300S/DSC_2714.NEF
NETWORK t= 45481.6ms dt=    0.1ms tid=ThreadId(78) read_start uri=nfs://DietPi.local/mnt/4TBP/Work/Arise2014/Video/DCIM/108D300S/DSC_2714.NEF
NETWORK t= 45755.9ms dt=  274.4ms tid=ThreadId(78) nfs_helper_read_ok uri=nfs://DietPi.local/mnt/4TBP/Work/Arise2014/Video/DCIM/108D300S/DSC_2714.NEF bytes=12138131
NETWORK t= 45756.0ms dt=    0.0ms tid=ThreadId(78) read_done uri=nfs://DietPi.local/mnt/4TBP/Work/Arise2014/Video/DCIM/108D300S/DSC_2714.NEF bytes=12138131 ms=274.4
NETWORK t= 45757.6ms dt=    1.7ms tid=ThreadId(78) materialize_done uri=nfs://DietPi.local/mnt/4TBP/Work/Arise2014/Video/DCIM/108D300S/DSC_2714.NEF path=/home/peet/.cache/picasa-rs/source/x/9ee5420f6e72124e3f90bfc031165820f0c4220a51ef632576efa5d95b6bac5b.NEF ms=276.1
NETWORK t= 45758.9ms dt=    1.3ms tid=ThreadId(78) materialize_start uri=nfs://DietPi.local/mnt/4TBP/Work/Arise2014/Video/DCIM/108D300S/DSC_2714.NEF
NETWORK t= 45759.0ms dt=    0.0ms tid=ThreadId(78) materialize_done uri=nfs://DietPi.local/mnt/4TBP/Work/Arise2014/Video/DCIM/108D300S/DSC_2714.NEF path=/home/peet/.cache/picasa-rs/source/x/9ee5420f6e72124e3f90bfc031165820f0c4220a51ef632576efa5d95b6bac5b.NEF ms=0.0
NETWORK t= 45761.6ms dt=    2.6ms tid=ThreadId(78) materialize_start uri=nfs://DietPi.local/mnt/4TBP/Work/Arise2014/Video/DCIM/108D300S/DSC_2728.NEF
NETWORK t= 45761.7ms dt=    0.1ms tid=ThreadId(78) read_start uri=nfs://DietPi.local/mnt/4TBP/Work/Arise2014/Video/DCIM/108D300S/DSC_2728.NEF
NETWORK t= 45877.5ms dt=  115.9ms tid=main share_row_press folder=22 op=5 op=5
NETWORK t= 45984.3ms dt=  106.8ms tid=ThreadId(78) nfs_helper_read_ok uri=nfs://DietPi.local/mnt/4TBP/Work/Arise2014/Video/DCIM/108D300S/DSC_2728.NEF bytes=11462293
NETWORK t= 45984.3ms dt=    0.0ms tid=ThreadId(78) read_done uri=nfs://DietPi.local/mnt/4TBP/Work/Arise2014/Video/DCIM/108D300S/DSC_2728.NEF bytes=11462293 ms=222.7
NETWORK t= 45985.9ms dt=    1.6ms tid=ThreadId(78) materialize_done uri=nfs://DietPi.local/mnt/4TBP/Work/Arise2014/Video/DCIM/108D300S/DSC_2728.NEF path=/home/peet/.cache/picasa-rs/source/j/be0fb2958ca3a17fa58269d77325377b5b679bc6bda2df70f29d5e95d0ff9124.NEF ms=224.3
NETWORK t= 45987.0ms dt=    1.1ms tid=ThreadId(78) materialize_start uri=nfs://DietPi.local/mnt/4TBP/Work/Arise2014/Video/DCIM/108D300S/DSC_2728.NEF
NETWORK t= 45987.0ms dt=    0.0ms tid=ThreadId(78) materialize_done uri=nfs://DietPi.local/mnt/4TBP/Work/Arise2014/Video/DCIM/108D300S/DSC_2728.NEF path=/home/peet/.cache/picasa-rs/source/j/be0fb2958ca3a17fa58269d77325377b5b679bc6bda2df70f29d5e95d0ff9124.NEF ms=0.0
NETWORK t= 45989.6ms dt=    2.6ms tid=ThreadId(78) read_start uri=nfs://DietPi.local/mnt/4TBP/Work/Arise2014/Video/DCIM/108D300S/DSC_2664.JPG
NETWORK t= 46021.2ms dt=   31.6ms tid=main filter_selected Folder(22) op=5 op=5
NETWORK t= 46021.2ms dt=    0.0ms tid=main filter_selected_begin op=5
NETWORK t= 46021.2ms dt=    0.0ms tid=main apply_filter_start filter=Folder(22) exact=false op=5
NETWORK t= 46021.3ms dt=    0.1ms tid=main apply_filter_done network_share_scoped op=5
NETWORK t= 46021.3ms dt=    0.0ms tid=main filter_selected_end op=5
NETWORK t= 46021.4ms dt=    0.0ms tid=ThreadId(1028) grid_query_start op=5 filter=Folder(22) folder_stream=true
NETWORK t= 46021.7ms dt=    0.4ms tid=ThreadId(78) nfs_helper_read_ok uri=nfs://DietPi.local/mnt/4TBP/Work/Arise2014/Video/DCIM/108D300S/DSC_2664.JPG bytes=413940
NETWORK t= 46021.7ms dt=    0.0ms tid=ThreadId(78) read_done uri=nfs://DietPi.local/mnt/4TBP/Work/Arise2014/Video/DCIM/108D300S/DSC_2664.JPG bytes=413940 ms=32.1
NETWORK t= 46022.4ms dt=    0.6ms tid=ThreadId(78) read_start uri=nfs://DietPi.local/mnt/4TBP/Work/Arise2014/Video/DCIM/108D300S/DSC_2712.JPG
NETWORK t= 46032.2ms dt=    9.8ms tid=ThreadId(78) nfs_helper_read_ok uri=nfs://DietPi.local/mnt/4TBP/Work/Arise2014/Video/DCIM/108D300S/DSC_2712.JPG bytes=374113
NETWORK t= 46032.3ms dt=    0.0ms tid=ThreadId(78) read_done uri=nfs://DietPi.local/mnt/4TBP/Work/Arise2014/Video/DCIM/108D300S/DSC_2712.JPG bytes=374113 ms=9.8
NETWORK t= 46032.9ms dt=    0.7ms tid=ThreadId(78) materialize_start uri=nfs://DietPi.local/mnt/4TBP/Work/Arise2014/Video/DCIM/108D300S/DSC_2682.NEF
NETWORK t= 46033.0ms dt=    0.1ms tid=ThreadId(78) read_start uri=nfs://DietPi.local/mnt/4TBP/Work/Arise2014/Video/DCIM/108D300S/DSC_2682.NEF
NETWORK t= 46291.2ms dt=  258.2ms tid=ThreadId(78) nfs_helper_read_ok uri=nfs://DietPi.local/mnt/4TBP/Work/Arise2014/Video/DCIM/108D300S/DSC_2682.NEF bytes=12026545
NETWORK t= 46291.2ms dt=    0.0ms tid=ThreadId(78) read_done uri=nfs://DietPi.local/mnt/4TBP/Work/Arise2014/Video/DCIM/108D300S/DSC_2682.NEF bytes=12026545 ms=258.2
NETWORK t= 46292.9ms dt=    1.7ms tid=ThreadId(78) materialize_done uri=nfs://DietPi.local/mnt/4TBP/Work/Arise2014/Video/DCIM/108D300S/DSC_2682.NEF path=/home/peet/.cache/picasa-rs/source/m/cece6a8d1dc940a5bfc2a851f659faf2dedd7bb3eb2b051304f343fae0069c83.NEF ms=259.9
NETWORK t= 46294.0ms dt=    1.2ms tid=ThreadId(78) materialize_start uri=nfs://DietPi.local/mnt/4TBP/Work/Arise2014/Video/DCIM/108D300S/DSC_2682.NEF
NETWORK t= 46294.1ms dt=    0.0ms tid=ThreadId(78) materialize_done uri=nfs://DietPi.local/mnt/4TBP/Work/Arise2014/Video/DCIM/108D300S/DSC_2682.NEF path=/home/peet/.cache/picasa-rs/source/m/cece6a8d1dc940a5bfc2a851f659faf2dedd7bb3eb2b051304f343fae0069c83.NEF ms=0.0
NETWORK t= 46296.7ms dt=    2.6ms tid=ThreadId(78) materialize_start uri=nfs://DietPi.local/mnt/4TBP/Work/Arise2014/Video/DCIM/108D300S/DSC_2675.NEF
NETWORK t= 46296.7ms dt=    0.1ms tid=ThreadId(78) read_start uri=nfs://DietPi.local/mnt/4TBP/Work/Arise2014/Video/DCIM/108D300S/DSC_2675.NEF
NETWORK t= 46540.8ms dt=  244.1ms tid=ThreadId(78) nfs_helper_read_ok uri=nfs://DietPi.local/mnt/4TBP/Work/Arise2014/Video/DCIM/108D300S/DSC_2675.NEF bytes=11676198
NETWORK t= 46540.8ms dt=    0.0ms tid=ThreadId(78) read_done uri=nfs://DietPi.local/mnt/4TBP/Work/Arise2014/Video/DCIM/108D300S/DSC_2675.NEF bytes=11676198 ms=244.1
NETWORK t= 46542.6ms dt=    1.8ms tid=ThreadId(78) materialize_done uri=nfs://DietPi.local/mnt/4TBP/Work/Arise2014/Video/DCIM/108D300S/DSC_2675.NEF path=/home/peet/.cache/picasa-rs/source/k/4ac0728a9a063ebfd28e40d77c130c704198c2e2b208ddde30f64fd5c12f3bcc.NEF ms=245.9
NETWORK t= 46543.7ms dt=    1.1ms tid=ThreadId(78) materialize_start uri=nfs://DietPi.local/mnt/4TBP/Work/Arise2014/Video/DCIM/108D300S/DSC_2675.NEF
NETWORK t= 46543.7ms dt=    0.0ms tid=ThreadId(78) materialize_done uri=nfs://DietPi.local/mnt/4TBP/Work/Arise2014/Video/DCIM/108D300S/DSC_2675.NEF path=/home/peet/.cache/picasa-rs/source/k/4ac0728a9a063ebfd28e40d77c130c704198c2e2b208ddde30f64fd5c12f3bcc.NEF ms=0.0
NETWORK t= 46546.4ms dt=    2.6ms tid=ThreadId(78) materialize_start uri=nfs://DietPi.local/mnt/4TBP/Work/Arise2014/Video/DCIM/108D300S/DSC_2665.NEF
NETWORK t= 46546.4ms dt=    0.1ms tid=ThreadId(78) read_start uri=nfs://DietPi.local/mnt/4TBP/Work/Arise2014/Video/DCIM/108D300S/DSC_2665.NEF
NETWORK t= 46597.6ms dt=   51.2ms tid=main share_row_press folder=60 op=6 op=6
NETWORK t= 46741.4ms dt=  143.8ms tid=main filter_selected Folder(60) op=6 op=6
NETWORK t= 46741.4ms dt=    0.0ms tid=main filter_selected_begin op=6
NETWORK t= 46741.4ms dt=    0.0ms tid=main apply_filter_start filter=Folder(60) exact=false op=6
NETWORK t= 46741.6ms dt=    0.1ms tid=main apply_filter_done network_share_scoped op=6
NETWORK t= 46741.6ms dt=    0.0ms tid=main filter_selected_end op=6
NETWORK t= 46741.6ms dt=    0.0ms tid=ThreadId(1033) grid_query_start op=6 filter=Folder(60) folder_stream=true
NETWORK t= 46820.5ms dt=   78.9ms tid=ThreadId(78) nfs_helper_read_ok uri=nfs://DietPi.local/mnt/4TBP/Work/Arise2014/Video/DCIM/108D300S/DSC_2665.NEF bytes=12038713
NETWORK t= 46820.6ms dt=    0.0ms tid=ThreadId(78) read_done uri=nfs://DietPi.local/mnt/4TBP/Work/Arise2014/Video/DCIM/108D300S/DSC_2665.NEF bytes=12038713 ms=274.1
NETWORK t= 46822.1ms dt=    1.6ms tid=ThreadId(78) materialize_done uri=nfs://DietPi.local/mnt/4TBP/Work/Arise2014/Video/DCIM/108D300S/DSC_2665.NEF path=/home/peet/.cache/picasa-rs/source/z/c8abda8d97aa6a9cd757c1acf6c7d1ceff2d56b03d9abed55adc65e22cf23dd0.NEF ms=275.7
NETWORK t= 46823.1ms dt=    1.0ms tid=ThreadId(78) materialize_start uri=nfs://DietPi.local/mnt/4TBP/Work/Arise2014/Video/DCIM/108D300S/DSC_2665.NEF
NETWORK t= 46823.2ms dt=    0.0ms tid=ThreadId(78) materialize_done uri=nfs://DietPi.local/mnt/4TBP/Work/Arise2014/Video/DCIM/108D300S/DSC_2665.NEF path=/home/peet/.cache/picasa-rs/source/z/c8abda8d97aa6a9cd757c1acf6c7d1ceff2d56b03d9abed55adc65e22cf23dd0.NEF ms=0.0
NETWORK t= 46826.1ms dt=    3.0ms tid=ThreadId(78) read_start uri=nfs://DietPi.local/mnt/4TBP/Work/Arise2014/Video/DCIM/108D300S/DSC_2669.JPG
NETWORK t= 46836.6ms dt=   10.4ms tid=ThreadId(78) nfs_helper_read_ok uri=nfs://DietPi.local/mnt/4TBP/Work/Arise2014/Video/DCIM/108D300S/DSC_2669.JPG bytes=406921
NETWORK t= 46836.6ms dt=    0.0ms tid=ThreadId(78) read_done uri=nfs://DietPi.local/mnt/4TBP/Work/Arise2014/Video/DCIM/108D300S/DSC_2669.JPG bytes=406921 ms=10.4
NETWORK t= 46837.2ms dt=    0.6ms tid=ThreadId(78) materialize_start uri=nfs://DietPi.local/mnt/4TBP/Work/Arise2014/Video/DCIM/108D300S/DSC_2642.NEF
NETWORK t= 46837.2ms dt=    0.1ms tid=ThreadId(78) read_start uri=nfs://DietPi.local/mnt/4TBP/Work/Arise2014/Video/DCIM/108D300S/DSC_2642.NEF
NETWORK t= 47070.7ms dt=  233.5ms tid=ThreadId(78) nfs_helper_read_ok uri=nfs://DietPi.local/mnt/4TBP/Work/Arise2014/Video/DCIM/108D300S/DSC_2642.NEF bytes=11708292
NETWORK t= 47070.7ms dt=    0.0ms tid=ThreadId(78) read_done uri=nfs://DietPi.local/mnt/4TBP/Work/Arise2014/Video/DCIM/108D300S/DSC_2642.NEF bytes=11708292 ms=233.5
NETWORK t= 47072.2ms dt=    1.5ms tid=ThreadId(78) materialize_done uri=nfs://DietPi.local/mnt/4TBP/Work/Arise2014/Video/DCIM/108D300S/DSC_2642.NEF path=/home/peet/.cache/picasa-rs/source/s/2908e812c4a431263c48b66c43252919ce0768e92657288e2c6eb7cd63f4c4ae.NEF ms=235.1
NETWORK t= 47073.3ms dt=    1.0ms tid=ThreadId(78) materialize_start uri=nfs://DietPi.local/mnt/4TBP/Work/Arise2014/Video/DCIM/108D300S/DSC_2642.NEF
NETWORK t= 47073.3ms dt=    0.0ms tid=ThreadId(78) materialize_done uri=nfs://DietPi.local/mnt/4TBP/Work/Arise2014/Video/DCIM/108D300S/DSC_2642.NEF path=/home/peet/.cache/picasa-rs/source/s/2908e812c4a431263c48b66c43252919ce0768e92657288e2c6eb7cd63f4c4ae.NEF ms=0.0
NETWORK t= 47076.2ms dt=    2.9ms tid=ThreadId(78) read_start uri=nfs://DietPi.local/mnt/4TBP/Work/Arise2014/Video/DCIM/108D300S/DSC_2715.JPG
NETWORK t= 47087.1ms dt=   10.9ms tid=ThreadId(78) nfs_helper_read_ok uri=nfs://DietPi.local/mnt/4TBP/Work/Arise2014/Video/DCIM/108D300S/DSC_2715.JPG bytes=404303
NETWORK t= 47087.1ms dt=    0.0ms tid=ThreadId(78) read_done uri=nfs://DietPi.local/mnt/4TBP/Work/Arise2014/Video/DCIM/108D300S/DSC_2715.JPG bytes=404303 ms=10.9
NETWORK t= 47087.7ms dt=    0.6ms tid=ThreadId(78) read_start uri=nfs://DietPi.local/mnt/4TBP/Work/Arise2014/Video/DCIM/108D300S/DSC_2714.JPG
NETWORK t= 47097.9ms dt=   10.2ms tid=ThreadId(78) nfs_helper_read_ok uri=nfs://DietPi.local/mnt/4TBP/Work/Arise2014/Video/DCIM/108D300S/DSC_2714.JPG bytes=411241
NETWORK t= 47097.9ms dt=    0.0ms tid=ThreadId(78) read_done uri=nfs://DietPi.local/mnt/4TBP/Work/Arise2014/Video/DCIM/108D300S/DSC_2714.JPG bytes=411241 ms=10.2
NETWORK t= 47098.4ms dt=    0.5ms tid=ThreadId(78) materialize_start uri=nfs://DietPi.local/mnt/4TBP/Work/Arise2014/Video/DCIM/108D300S/DSC_2730.NEF
NETWORK t= 47098.5ms dt=    0.1ms tid=ThreadId(78) read_start uri=nfs://DietPi.local/mnt/4TBP/Work/Arise2014/Video/DCIM/108D300S/DSC_2730.NEF
NETWORK t= 47329.5ms dt=  230.9ms tid=ThreadId(78) nfs_helper_read_ok uri=nfs://DietPi.local/mnt/4TBP/Work/Arise2014/Video/DCIM/108D300S/DSC_2730.NEF bytes=11948737
NETWORK t= 47329.5ms dt=    0.0ms tid=ThreadId(78) read_done uri=nfs://DietPi.local/mnt/4TBP/Work/Arise2014/Video/DCIM/108D300S/DSC_2730.NEF bytes=11948737 ms=231.0
NETWORK t= 47331.1ms dt=    1.7ms tid=ThreadId(78) materialize_done uri=nfs://DietPi.local/mnt/4TBP/Work/Arise2014/Video/DCIM/108D300S/DSC_2730.NEF path=/home/peet/.cache/picasa-rs/source/m/bb8afc83a4e84659dac9036282ffc08a9ddcfc1e0f9b446591daa179d41ac6c8.NEF ms=232.7
NETWORK t= 47332.3ms dt=    1.1ms tid=ThreadId(78) materialize_start uri=nfs://DietPi.local/mnt/4TBP/Work/Arise2014/Video/DCIM/108D300S/DSC_2730.NEF
NETWORK t= 47332.3ms dt=    0.0ms tid=ThreadId(78) materialize_done uri=nfs://DietPi.local/mnt/4TBP/Work/Arise2014/Video/DCIM/108D300S/DSC_2730.NEF path=/home/peet/.cache/picasa-rs/source/m/bb8afc83a4e84659dac9036282ffc08a9ddcfc1e0f9b446591daa179d41ac6c8.NEF ms=0.0
NETWORK t= 47335.1ms dt=    2.8ms tid=ThreadId(78) materialize_start uri=nfs://DietPi.local/mnt/4TBP/Work/Arise2014/Video/DCIM/108D300S/DSC_2720.NEF
NETWORK t= 47335.2ms dt=    0.1ms tid=ThreadId(78) read_start uri=nfs://DietPi.local/mnt/4TBP/Work/Arise2014/Video/DCIM/108D300S/DSC_2720.NEF
NETWORK t= 47521.6ms dt=  186.4ms tid=main share_row_press folder=47 op=7 op=7
NETWORK t= 47583.9ms dt=   62.3ms tid=ThreadId(78) nfs_helper_read_ok uri=nfs://DietPi.local/mnt/4TBP/Work/Arise2014/Video/DCIM/108D300S/DSC_2720.NEF bytes=11920732
NETWORK t= 47583.9ms dt=    0.0ms tid=ThreadId(78) read_done uri=nfs://DietPi.local/mnt/4TBP/Work/Arise2014/Video/DCIM/108D300S/DSC_2720.NEF bytes=11920732 ms=248.7
NETWORK t= 47585.5ms dt=    1.6ms tid=ThreadId(78) materialize_done uri=nfs://DietPi.local/mnt/4TBP/Work/Arise2014/Video/DCIM/108D300S/DSC_2720.NEF path=/home/peet/.cache/picasa-rs/source/8/fe90cdb0522db782e65facf35f2b8ce1f1aa53e11717d5eebdbf79558037d4b0.NEF ms=250.4
NETWORK t= 47586.5ms dt=    1.0ms tid=ThreadId(78) materialize_start uri=nfs://DietPi.local/mnt/4TBP/Work/Arise2014/Video/DCIM/108D300S/DSC_2720.NEF
NETWORK t= 47586.6ms dt=    0.0ms tid=ThreadId(78) materialize_done uri=nfs://DietPi.local/mnt/4TBP/Work/Arise2014/Video/DCIM/108D300S/DSC_2720.NEF path=/home/peet/.cache/picasa-rs/source/8/fe90cdb0522db782e65facf35f2b8ce1f1aa53e11717d5eebdbf79558037d4b0.NEF ms=0.0
NETWORK t= 47589.3ms dt=    2.7ms tid=ThreadId(78) materialize_start uri=nfs://DietPi.local/mnt/4TBP/Work/Arise2014/Video/DCIM/108D300S/DSC_2735.NEF
NETWORK t= 47589.4ms dt=    0.1ms tid=ThreadId(78) read_start uri=nfs://DietPi.local/mnt/4TBP/Work/Arise2014/Video/DCIM/108D300S/DSC_2735.NEF
NETWORK t= 47681.3ms dt=   91.9ms tid=main filter_selected Folder(47) op=7 op=7
NETWORK t= 47681.3ms dt=    0.0ms tid=main filter_selected_begin op=7
NETWORK t= 47681.3ms dt=    0.0ms tid=main apply_filter_start filter=Folder(47) exact=false op=7
NETWORK t= 47681.4ms dt=    0.1ms tid=main apply_filter_done network_share_scoped op=7
NETWORK t= 47681.5ms dt=    0.0ms tid=main filter_selected_end op=7
NETWORK t= 47681.5ms dt=    0.0ms tid=ThreadId(1041) grid_query_start op=7 filter=Folder(47) folder_stream=true
NETWORK t= 47848.0ms dt=  166.5ms tid=ThreadId(78) nfs_helper_read_ok uri=nfs://DietPi.local/mnt/4TBP/Work/Arise2014/Video/DCIM/108D300S/DSC_2735.NEF bytes=11837995
NETWORK t= 47848.0ms dt=    0.0ms tid=ThreadId(78) read_done uri=nfs://DietPi.local/mnt/4TBP/Work/Arise2014/Video/DCIM/108D300S/DSC_2735.NEF bytes=11837995 ms=258.6
NETWORK t= 47849.6ms dt=    1.6ms tid=ThreadId(78) materialize_done uri=nfs://DietPi.local/mnt/4TBP/Work/Arise2014/Video/DCIM/108D300S/DSC_2735.NEF path=/home/peet/.cache/picasa-rs/source/z/de0ba063972297b060188aa47d8ea440432f9a257051151550170722eb135f82.NEF ms=260.3
NETWORK t= 47850.7ms dt=    1.1ms tid=ThreadId(78) materialize_start uri=nfs://DietPi.local/mnt/4TBP/Work/Arise2014/Video/DCIM/108D300S/DSC_2735.NEF
NETWORK t= 47850.7ms dt=    0.0ms tid=ThreadId(78) materialize_done uri=nfs://DietPi.local/mnt/4TBP/Work/Arise2014/Video/DCIM/108D300S/DSC_2735.NEF path=/home/peet/.cache/picasa-rs/source/z/de0ba063972297b060188aa47d8ea440432f9a257051151550170722eb135f82.NEF ms=0.0
NETWORK t= 47853.6ms dt=    2.8ms tid=ThreadId(78) read_start uri=nfs://DietPi.local/mnt/4TBP/Work/Arise2014/Video/DCIM/108D300S/DSC_2627.JPG
NETWORK t= 47864.7ms dt=   11.2ms tid=ThreadId(78) nfs_helper_read_ok uri=nfs://DietPi.local/mnt/4TBP/Work/Arise2014/Video/DCIM/108D300S/DSC_2627.JPG bytes=450200
NETWORK t= 47864.7ms dt=    0.0ms tid=ThreadId(78) read_done uri=nfs://DietPi.local/mnt/4TBP/Work/Arise2014/Video/DCIM/108D300S/DSC_2627.JPG bytes=450200 ms=11.2
NETWORK t= 47865.3ms dt=    0.6ms tid=ThreadId(78) materialize_start uri=nfs://DietPi.local/mnt/4TBP/Work/Arise2014/Video/DCIM/108D300S/DSC_2727.NEF
NETWORK t= 47865.4ms dt=    0.1ms tid=ThreadId(78) read_start uri=nfs://DietPi.local/mnt/4TBP/Work/Arise2014/Video/DCIM/108D300S/DSC_2727.NEF
NETWORK t= 48111.7ms dt=  246.4ms tid=ThreadId(78) nfs_helper_read_ok uri=nfs://DietPi.local/mnt/4TBP/Work/Arise2014/Video/DCIM/108D300S/DSC_2727.NEF bytes=12127137
NETWORK t= 48111.8ms dt=    0.0ms tid=ThreadId(78) read_done uri=nfs://DietPi.local/mnt/4TBP/Work/Arise2014/Video/DCIM/108D300S/DSC_2727.NEF bytes=12127137 ms=246.4
NETWORK t= 48113.4ms dt=    1.6ms tid=ThreadId(78) materialize_done uri=nfs://DietPi.local/mnt/4TBP/Work/Arise2014/Video/DCIM/108D300S/DSC_2727.NEF path=/home/peet/.cache/picasa-rs/source/8/cf742efc08c15f88496398f781f17360466d09c3306651c9a35afac3b678c2a2.NEF ms=248.0
NETWORK t= 48114.5ms dt=    1.2ms tid=ThreadId(78) materialize_start uri=nfs://DietPi.local/mnt/4TBP/Work/Arise2014/Video/DCIM/108D300S/DSC_2727.NEF
NETWORK t= 48114.6ms dt=    0.0ms tid=ThreadId(78) materialize_done uri=nfs://DietPi.local/mnt/4TBP/Work/Arise2014/Video/DCIM/108D300S/DSC_2727.NEF path=/home/peet/.cache/picasa-rs/source/8/cf742efc08c15f88496398f781f17360466d09c3306651c9a35afac3b678c2a2.NEF ms=0.0
NETWORK t= 48117.4ms dt=    2.8ms tid=ThreadId(78) read_start uri=nfs://DietPi.local/mnt/4TBP/Work/Arise2014/Video/DCIM/108D300S/DSC_2680.JPG
NETWORK t= 48134.5ms dt=   17.2ms tid=ThreadId(78) nfs_helper_read_ok uri=nfs://DietPi.local/mnt/4TBP/Work/Arise2014/Video/DCIM/108D300S/DSC_2680.JPG bytes=764451
NETWORK t= 48134.6ms dt=    0.0ms tid=ThreadId(78) read_done uri=nfs://DietPi.local/mnt/4TBP/Work/Arise2014/Video/DCIM/108D300S/DSC_2680.JPG bytes=764451 ms=17.2
NETWORK t= 48135.2ms dt=    0.6ms tid=ThreadId(78) materialize_start uri=nfs://DietPi.local/mnt/4TBP/Work/Arise2014/Video/DCIM/108D300S/DSC_2739.NEF
NETWORK t= 48135.2ms dt=    0.1ms tid=ThreadId(78) read_start uri=nfs://DietPi.local/mnt/4TBP/Work/Arise2014/Video/DCIM/108D300S/DSC_2739.NEF
NETWORK t= 48369.8ms dt=  234.5ms tid=ThreadId(78) nfs_helper_read_ok uri=nfs://DietPi.local/mnt/4TBP/Work/Arise2014/Video/DCIM/108D300S/DSC_2739.NEF bytes=11880125
NETWORK t= 48369.8ms dt=    0.0ms tid=ThreadId(78) read_done uri=nfs://DietPi.local/mnt/4TBP/Work/Arise2014/Video/DCIM/108D300S/DSC_2739.NEF bytes=11880125 ms=234.6
NETWORK t= 48371.3ms dt=    1.6ms tid=ThreadId(78) materialize_done uri=nfs://DietPi.local/mnt/4TBP/Work/Arise2014/Video/DCIM/108D300S/DSC_2739.NEF path=/home/peet/.cache/picasa-rs/source/t/506902d4ad89640fdd272d477e85ed06f5a4d927bbf948fafb16b7c5d7b2b1ec.NEF ms=236.2
NETWORK t= 48372.4ms dt=    1.0ms tid=ThreadId(78) materialize_start uri=nfs://DietPi.local/mnt/4TBP/Work/Arise2014/Video/DCIM/108D300S/DSC_2739.NEF
NETWORK t= 48372.4ms dt=    0.0ms tid=ThreadId(78) materialize_done uri=nfs://DietPi.local/mnt/4TBP/Work/Arise2014/Video/DCIM/108D300S/DSC_2739.NEF path=/home/peet/.cache/picasa-rs/source/t/506902d4ad89640fdd272d477e85ed06f5a4d927bbf948fafb16b7c5d7b2b1ec.NEF ms=0.0
NETWORK t= 48375.3ms dt=    2.9ms tid=ThreadId(78) materialize_start uri=nfs://DietPi.local/mnt/4TBP/Work/Arise2014/Video/DCIM/108D300S/DSC_2729.NEF
NETWORK t= 48375.3ms dt=    0.1ms tid=ThreadId(78) read_start uri=nfs://DietPi.local/mnt/4TBP/Work/Arise2014/Video/DCIM/108D300S/DSC_2729.NEF
NETWORK t= 48610.5ms dt=  235.1ms tid=ThreadId(78) nfs_helper_read_ok uri=nfs://DietPi.local/mnt/4TBP/Work/Arise2014/Video/DCIM/108D300S/DSC_2729.NEF bytes=11950847
NETWORK t= 48610.5ms dt=    0.0ms tid=ThreadId(78) read_done uri=nfs://DietPi.local/mnt/4TBP/Work/Arise2014/Video/DCIM/108D300S/DSC_2729.NEF bytes=11950847 ms=235.2
NETWORK t= 48612.1ms dt=    1.6ms tid=ThreadId(78) materialize_done uri=nfs://DietPi.local/mnt/4TBP/Work/Arise2014/Video/DCIM/108D300S/DSC_2729.NEF path=/home/peet/.cache/picasa-rs/source/6/04f2c8540be8dd16745f05be82c18f91bc4867109d37355f616c885c9d201c5f.NEF ms=236.8
NETWORK t= 48613.1ms dt=    1.0ms tid=ThreadId(78) materialize_start uri=nfs://DietPi.local/mnt/4TBP/Work/Arise2014/Video/DCIM/108D300S/DSC_2729.NEF
NETWORK t= 48613.2ms dt=    0.0ms tid=ThreadId(78) materialize_done uri=nfs://DietPi.local/mnt/4TBP/Work/Arise2014/Video/DCIM/108D300S/DSC_2729.NEF path=/home/peet/.cache/picasa-rs/source/6/04f2c8540be8dd16745f05be82c18f91bc4867109d37355f616c885c9d201c5f.NEF ms=0.0
NETWORK t= 48616.1ms dt=    2.9ms tid=ThreadId(78) materialize_start uri=nfs://DietPi.local/mnt/4TBP/Work/Arise2014/Video/DCIM/108D300S/DSC_2719.NEF
NETWORK t= 48616.1ms dt=    0.1ms tid=ThreadId(78) read_start uri=nfs://DietPi.local/mnt/4TBP/Work/Arise2014/Video/DCIM/108D300S/DSC_2719.NEF
NETWORK t= 48861.2ms dt=  245.1ms tid=ThreadId(78) nfs_helper_read_ok uri=nfs://DietPi.local/mnt/4TBP/Work/Arise2014/Video/DCIM/108D300S/DSC_2719.NEF bytes=11552631
NETWORK t= 48861.2ms dt=    0.0ms tid=ThreadId(78) read_done uri=nfs://DietPi.local/mnt/4TBP/Work/Arise2014/Video/DCIM/108D300S/DSC_2719.NEF bytes=11552631 ms=245.1
NETWORK t= 48862.8ms dt=    1.6ms tid=ThreadId(78) materialize_done uri=nfs://DietPi.local/mnt/4TBP/Work/Arise2014/Video/DCIM/108D300S/DSC_2719.NEF path=/home/peet/.cache/picasa-rs/source/u/6516068adf74d618b367cc09dba3df4d07c59f9c9139a1a80c6557510cc4b99e.NEF ms=246.7
NETWORK t= 48863.8ms dt=    1.0ms tid=ThreadId(78) materialize_start uri=nfs://DietPi.local/mnt/4TBP/Work/Arise2014/Video/DCIM/108D300S/DSC_2719.NEF
NETWORK t= 48863.9ms dt=    0.0ms tid=ThreadId(78) materialize_done uri=nfs://DietPi.local/mnt/4TBP/Work/Arise2014/Video/DCIM/108D300S/DSC_2719.NEF path=/home/peet/.cache/picasa-rs/source/u/6516068adf74d618b367cc09dba3df4d07c59f9c9139a1a80c6557510cc4b99e.NEF ms=0.0
NETWORK t= 48866.8ms dt=    2.9ms tid=ThreadId(78) materialize_start uri=nfs://DietPi.local/mnt/4TBP/Work/Arise2014/Video/DCIM/108D300S/DSC_2736.NEF
NETWORK t= 48866.8ms dt=    0.1ms tid=ThreadId(78) read_start uri=nfs://DietPi.local/mnt/4TBP/Work/Arise2014/Video/DCIM/108D300S/DSC_2736.NEF
NETWORK t= 49108.6ms dt=  241.7ms tid=ThreadId(78) nfs_helper_read_ok uri=nfs://DietPi.local/mnt/4TBP/Work/Arise2014/Video/DCIM/108D300S/DSC_2736.NEF bytes=11804328
NETWORK t= 49108.6ms dt=    0.0ms tid=ThreadId(78) read_done uri=nfs://DietPi.local/mnt/4TBP/Work/Arise2014/Video/DCIM/108D300S/DSC_2736.NEF bytes=11804328 ms=241.7
NETWORK t= 49110.2ms dt=    1.6ms tid=ThreadId(78) materialize_done uri=nfs://DietPi.local/mnt/4TBP/Work/Arise2014/Video/DCIM/108D300S/DSC_2736.NEF path=/home/peet/.cache/picasa-rs/source/i/150681270581574ea806887eb48475275a8153ff0d5844c4a0c0326e48e8aa3f.NEF ms=243.4
NETWORK t= 49111.3ms dt=    1.1ms tid=ThreadId(78) materialize_start uri=nfs://DietPi.local/mnt/4TBP/Work/Arise2014/Video/DCIM/108D300S/DSC_2736.NEF
NETWORK t= 49111.3ms dt=    0.0ms tid=ThreadId(78) materialize_done uri=nfs://DietPi.local/mnt/4TBP/Work/Arise2014/Video/DCIM/108D300S/DSC_2736.NEF path=/home/peet/.cache/picasa-rs/source/i/150681270581574ea806887eb48475275a8153ff0d5844c4a0c0326e48e8aa3f.NEF ms=0.0
NETWORK t= 49113.9ms dt=    2.5ms tid=ThreadId(78) read_start uri=nfs://DietPi.local/mnt/4TBP/Work/Arise2014/Video/DCIM/108D300S/DSC_2724.JPG
NETWORK t= 49127.1ms dt=   13.2ms tid=ThreadId(78) nfs_helper_read_ok uri=nfs://DietPi.local/mnt/4TBP/Work/Arise2014/Video/DCIM/108D300S/DSC_2724.JPG bytes=562454
NETWORK t= 49127.1ms dt=    0.0ms tid=ThreadId(78) read_done uri=nfs://DietPi.local/mnt/4TBP/Work/Arise2014/Video/DCIM/108D300S/DSC_2724.JPG bytes=562454 ms=13.2
NETWORK t= 49127.7ms dt=    0.6ms tid=ThreadId(78) read_start uri=nfs://DietPi.local/mnt/4TBP/Work/Arise2014/Video/DCIM/108D300S/DSC_2641.JPG
NETWORK t= 49136.2ms dt=    8.5ms tid=ThreadId(78) nfs_helper_read_ok uri=nfs://DietPi.local/mnt/4TBP/Work/Arise2014/Video/DCIM/108D300S/DSC_2641.JPG bytes=300885
NETWORK t= 49136.2ms dt=    0.0ms tid=ThreadId(78) read_done uri=nfs://DietPi.local/mnt/4TBP/Work/Arise2014/Video/DCIM/108D300S/DSC_2641.JPG bytes=300885 ms=8.5
NETWORK t= 49136.8ms dt=    0.6ms tid=ThreadId(78) materialize_start uri=nfs://DietPi.local/mnt/4TBP/Work/Arise2014/Video/DCIM/108D300S/DSC_2641.NEF
NETWORK t= 49136.9ms dt=    0.1ms tid=ThreadId(78) read_start uri=nfs://DietPi.local/mnt/4TBP/Work/Arise2014/Video/DCIM/108D300S/DSC_2641.NEF
NETWORK t= 49379.2ms dt=  242.4ms tid=ThreadId(78) nfs_helper_read_ok uri=nfs://DietPi.local/mnt/4TBP/Work/Arise2014/Video/DCIM/108D300S/DSC_2641.NEF bytes=11516895
NETWORK t= 49379.3ms dt=    0.0ms tid=ThreadId(78) read_done uri=nfs://DietPi.local/mnt/4TBP/Work/Arise2014/Video/DCIM/108D300S/DSC_2641.NEF bytes=11516895 ms=242.4
NETWORK t= 49380.8ms dt=    1.6ms tid=ThreadId(78) materialize_done uri=nfs://DietPi.local/mnt/4TBP/Work/Arise2014/Video/DCIM/108D300S/DSC_2641.NEF path=/home/peet/.cache/picasa-rs/source/0/7428c7b81a7ea3bd3852f06e302b6b5fa9ee58e19cfb55d3099379a0fd22a0b2.NEF ms=244.0
NETWORK t= 49381.9ms dt=    1.0ms tid=ThreadId(78) materialize_start uri=nfs://DietPi.local/mnt/4TBP/Work/Arise2014/Video/DCIM/108D300S/DSC_2641.NEF
NETWORK t= 49381.9ms dt=    0.1ms tid=ThreadId(78) materialize_done uri=nfs://DietPi.local/mnt/4TBP/Work/Arise2014/Video/DCIM/108D300S/DSC_2641.NEF path=/home/peet/.cache/picasa-rs/source/0/7428c7b81a7ea3bd3852f06e302b6b5fa9ee58e19cfb55d3099379a0fd22a0b2.NEF ms=0.0
NETWORK t= 49385.0ms dt=    3.1ms tid=ThreadId(78) read_start uri=nfs://DietPi.local/mnt/4TBP/Work/Arise2014/Video/DCIM/108D300S/DSC_2670.JPG
NETWORK t= 49396.5ms dt=   11.5ms tid=ThreadId(78) nfs_helper_read_ok uri=nfs://DietPi.local/mnt/4TBP/Work/Arise2014/Video/DCIM/108D300S/DSC_2670.JPG bytes=469800
NETWORK t= 49396.5ms dt=    0.0ms tid=ThreadId(78) read_done uri=nfs://DietPi.local/mnt/4TBP/Work/Arise2014/Video/DCIM/108D300S/DSC_2670.JPG bytes=469800 ms=11.5
NETWORK t= 49397.1ms dt=    0.6ms tid=ThreadId(78) materialize_start uri=nfs://DietPi.local/mnt/4TBP/Work/Arise2014/Video/DCIM/108D300S/DSC_2630.NEF
NETWORK t= 49397.1ms dt=    0.1ms tid=ThreadId(78) read_start uri=nfs://DietPi.local/mnt/4TBP/Work/Arise2014/Video/DCIM/108D300S/DSC_2630.NEF
NETWORK t= 49521.4ms dt=  124.3ms tid=main filter_selected All op=8 op=8
NETWORK t= 49521.4ms dt=    0.0ms tid=main filter_selected_begin op=8
NETWORK t= 49521.5ms dt=    0.0ms tid=main apply_filter_start filter=All exact=false op=8
NETWORK t= 49521.6ms dt=    0.1ms tid=main apply_filter_done refresh_grid op=8
NETWORK t= 49521.6ms dt=    0.0ms tid=main filter_selected_end op=8
NETWORK t= 49521.6ms dt=    0.0ms tid=ThreadId(1054) grid_query_start op=8 filter=All folder_stream=false
NETWORK t= 49641.6ms dt=  119.9ms tid=ThreadId(78) nfs_helper_read_ok uri=nfs://DietPi.local/mnt/4TBP/Work/Arise2014/Video/DCIM/108D300S/DSC_2630.NEF bytes=11833940
NETWORK t= 49641.6ms dt=    0.0ms tid=ThreadId(78) read_done uri=nfs://DietPi.local/mnt/4TBP/Work/Arise2014/Video/DCIM/108D300S/DSC_2630.NEF bytes=11833940 ms=244.4
NETWORK t= 49643.3ms dt=    1.7ms tid=ThreadId(78) materialize_done uri=nfs://DietPi.local/mnt/4TBP/Work/Arise2014/Video/DCIM/108D300S/DSC_2630.NEF path=/home/peet/.cache/picasa-rs/source/f/9957144f55676c56a488e1bc102431fde25751de7624414c6a5412534d9c2586.NEF ms=246.2
NETWORK t= 49644.4ms dt=    1.1ms tid=ThreadId(78) materialize_start uri=nfs://DietPi.local/mnt/4TBP/Work/Arise2014/Video/DCIM/108D300S/DSC_2630.NEF
NETWORK t= 49644.4ms dt=    0.0ms tid=ThreadId(78) materialize_done uri=nfs://DietPi.local/mnt/4TBP/Work/Arise2014/Video/DCIM/108D300S/DSC_2630.NEF path=/home/peet/.cache/picasa-rs/source/f/9957144f55676c56a488e1bc102431fde25751de7624414c6a5412534d9c2586.NEF ms=0.0
NETWORK t= 49647.3ms dt=    2.9ms tid=ThreadId(78) materialize_start uri=nfs://DietPi.local/mnt/4TBP/Work/Arise2014/Video/DCIM/108D300S/DSC_2717.NEF
NETWORK t= 49647.4ms dt=    0.1ms tid=ThreadId(78) read_start uri=nfs://DietPi.local/mnt/4TBP/Work/Arise2014/Video/DCIM/108D300S/DSC_2717.NEF
NETWORK t= 49927.2ms dt=  279.8ms tid=ThreadId(78) nfs_helper_read_ok uri=nfs://DietPi.local/mnt/4TBP/Work/Arise2014/Video/DCIM/108D300S/DSC_2717.NEF bytes=12138828
NETWORK t= 49927.2ms dt=    0.0ms tid=ThreadId(78) read_done uri=nfs://DietPi.local/mnt/4TBP/Work/Arise2014/Video/DCIM/108D300S/DSC_2717.NEF bytes=12138828 ms=279.8
NETWORK t= 49928.8ms dt=    1.6ms tid=ThreadId(78) materialize_done uri=nfs://DietPi.local/mnt/4TBP/Work/Arise2014/Video/DCIM/108D300S/DSC_2717.NEF path=/home/peet/.cache/picasa-rs/source/2/e4aaedd705cda1d6604047874b46e3a48ca3959d51c2efc53331159f08d80a34.NEF ms=281.4
NETWORK t= 49930.0ms dt=    1.2ms tid=ThreadId(78) materialize_start uri=nfs://DietPi.local/mnt/4TBP/Work/Arise2014/Video/DCIM/108D300S/DSC_2717.NEF
NETWORK t= 49930.0ms dt=    0.0ms tid=ThreadId(78) materialize_done uri=nfs://DietPi.local/mnt/4TBP/Work/Arise2014/Video/DCIM/108D300S/DSC_2717.NEF path=/home/peet/.cache/picasa-rs/source/2/e4aaedd705cda1d6604047874b46e3a48ca3959d51c2efc53331159f08d80a34.NEF ms=0.0
NETWORK t= 49933.0ms dt=    2.9ms tid=ThreadId(78) materialize_start uri=nfs://DietPi.local/mnt/4TBP/Work/Arise2014/Video/DCIM/108D300S/DSC_2708.NEF
NETWORK t= 49933.0ms dt=    0.1ms tid=ThreadId(78) read_start uri=nfs://DietPi.local/mnt/4TBP/Work/Arise2014/Video/DCIM/108D300S/DSC_2708.NEF
NETWORK t= 50181.3ms dt=  248.3ms tid=ThreadId(78) nfs_helper_read_ok uri=nfs://DietPi.local/mnt/4TBP/Work/Arise2014/Video/DCIM/108D300S/DSC_2708.NEF bytes=12027623
NETWORK t= 50181.3ms dt=    0.0ms tid=ThreadId(78) read_done uri=nfs://DietPi.local/mnt/4TBP/Work/Arise2014/Video/DCIM/108D300S/DSC_2708.NEF bytes=12027623 ms=248.3
NETWORK t= 50182.9ms dt=    1.6ms tid=ThreadId(78) materialize_done uri=nfs://DietPi.local/mnt/4TBP/Work/Arise2014/Video/DCIM/108D300S/DSC_2708.NEF path=/home/peet/.cache/picasa-rs/source/m/92c2f2b327f7e855c3257a9761d99007791e59668a94e47abe7678922cfc7a8a.NEF ms=249.9
NETWORK t= 50184.0ms dt=    1.1ms tid=ThreadId(78) materialize_start uri=nfs://DietPi.local/mnt/4TBP/Work/Arise2014/Video/DCIM/108D300S/DSC_2708.NEF
NETWORK t= 50184.1ms dt=    0.0ms tid=ThreadId(78) materialize_done uri=nfs://DietPi.local/mnt/4TBP/Work/Arise2014/Video/DCIM/108D300S/DSC_2708.NEF path=/home/peet/.cache/picasa-rs/source/m/92c2f2b327f7e855c3257a9761d99007791e59668a94e47abe7678922cfc7a8a.NEF ms=0.0
NETWORK t= 50186.9ms dt=    2.8ms tid=ThreadId(78) read_start uri=nfs://DietPi.local/mnt/4TBP/Work/Arise2014/Video/DCIM/108D300S/DSC_2631.JPG
NETWORK t= 50211.3ms dt=   24.4ms tid=ThreadId(78) nfs_helper_read_ok uri=nfs://DietPi.local/mnt/4TBP/Work/Arise2014/Video/DCIM/108D300S/DSC_2631.JPG bytes=366515
NETWORK t= 50211.3ms dt=    0.0ms tid=ThreadId(78) read_done uri=nfs://DietPi.local/mnt/4TBP/Work/Arise2014/Video/DCIM/108D300S/DSC_2631.JPG bytes=366515 ms=24.4
NETWORK t= 50212.0ms dt=    0.7ms tid=ThreadId(78) read_start uri=nfs://DietPi.local/mnt/4TBP/Work/Arise2014/Video/DCIM/108D300S/DSC_2682.JPG
NETWORK t= 50224.9ms dt=   12.9ms tid=ThreadId(78) nfs_helper_read_ok uri=nfs://DietPi.local/mnt/4TBP/Work/Arise2014/Video/DCIM/108D300S/DSC_2682.JPG bytes=576416
NETWORK t= 50224.9ms dt=    0.0ms tid=ThreadId(78) read_done uri=nfs://DietPi.local/mnt/4TBP/Work/Arise2014/Video/DCIM/108D300S/DSC_2682.JPG bytes=576416 ms=12.9
NETWORK t= 50225.7ms dt=    0.8ms tid=ThreadId(78) read_start uri=nfs://DietPi.local/mnt/4TBP/Work/Arise2014/Video/DCIM/108D300S/DSC_2665.JPG
NETWORK t= 50234.7ms dt=    9.0ms tid=ThreadId(78) nfs_helper_read_ok uri=nfs://DietPi.local/mnt/4TBP/Work/Arise2014/Video/DCIM/108D300S/DSC_2665.JPG bytes=355139
NETWORK t= 50234.7ms dt=    0.0ms tid=ThreadId(78) read_done uri=nfs://DietPi.local/mnt/4TBP/Work/Arise2014/Video/DCIM/108D300S/DSC_2665.JPG bytes=355139 ms=9.0
NETWORK t= 50235.3ms dt=    0.6ms tid=ThreadId(78) materialize_start uri=nfs://DietPi.local/mnt/4TBP/Work/Arise2014/Video/DCIM/108D300S/DSC_2654.NEF
NETWORK t= 50235.4ms dt=    0.1ms tid=ThreadId(78) read_start uri=nfs://DietPi.local/mnt/4TBP/Work/Arise2014/Video/DCIM/108D300S/DSC_2654.NEF
NETWORK t= 50481.3ms dt=  245.9ms tid=ThreadId(1024) grid_failed op=4
NETWORK t= 50499.1ms dt=   17.8ms tid=ThreadId(78) nfs_helper_read_ok uri=nfs://DietPi.local/mnt/4TBP/Work/Arise2014/Video/DCIM/108D300S/DSC_2654.NEF bytes=12212145
NETWORK t= 50499.1ms dt=    0.0ms tid=ThreadId(78) read_done uri=nfs://DietPi.local/mnt/4TBP/Work/Arise2014/Video/DCIM/108D300S/DSC_2654.NEF bytes=12212145 ms=263.7
NETWORK t= 50500.7ms dt=    1.6ms tid=ThreadId(78) materialize_done uri=nfs://DietPi.local/mnt/4TBP/Work/Arise2014/Video/DCIM/108D300S/DSC_2654.NEF path=/home/peet/.cache/picasa-rs/source/z/b7cbf14157b6100b29e5e76c57d9da698577435e6b4ec6ee9a766ec5013f10ad.NEF ms=265.3
NETWORK t= 50502.0ms dt=    1.3ms tid=ThreadId(78) materialize_start uri=nfs://DietPi.local/mnt/4TBP/Work/Arise2014/Video/DCIM/108D300S/DSC_2654.NEF
NETWORK t= 50502.0ms dt=    0.0ms tid=ThreadId(78) materialize_done uri=nfs://DietPi.local/mnt/4TBP/Work/Arise2014/Video/DCIM/108D300S/DSC_2654.NEF path=/home/peet/.cache/picasa-rs/source/z/b7cbf14157b6100b29e5e76c57d9da698577435e6b4ec6ee9a766ec5013f10ad.NEF ms=0.0
NETWORK t= 50504.8ms dt=    2.8ms tid=ThreadId(78) read_start uri=nfs://DietPi.local/mnt/4TBP/Work/Arise2014/Video/DCIM/108D300S/DSC_2728.JPG
NETWORK t= 50516.6ms dt=   11.8ms tid=ThreadId(78) nfs_helper_read_ok uri=nfs://DietPi.local/mnt/4TBP/Work/Arise2014/Video/DCIM/108D300S/DSC_2728.JPG bytes=500701
NETWORK t= 50516.6ms dt=    0.0ms tid=ThreadId(78) read_done uri=nfs://DietPi.local/mnt/4TBP/Work/Arise2014/Video/DCIM/108D300S/DSC_2728.JPG bytes=500701 ms=11.8
NETWORK t= 50517.3ms dt=    0.6ms tid=ThreadId(78) read_start uri=nfs://DietPi.local/mnt/4TBP/Work/Arise2014/Video/DCIM/108D300S/DSC_2644.JPG
NETWORK t= 50545.3ms dt=   28.1ms tid=ThreadId(78) nfs_helper_read_ok uri=nfs://DietPi.local/mnt/4TBP/Work/Arise2014/Video/DCIM/108D300S/DSC_2644.JPG bytes=347035
NETWORK t= 50545.4ms dt=    0.0ms tid=ThreadId(78) read_done uri=nfs://DietPi.local/mnt/4TBP/Work/Arise2014/Video/DCIM/108D300S/DSC_2644.JPG bytes=347035 ms=28.1
NETWORK t= 50546.0ms dt=    0.7ms tid=ThreadId(78) materialize_start uri=nfs://DietPi.local/mnt/4TBP/Work/Arise2014/Video/DCIM/108D300S/DSC_2673.NEF
NETWORK t= 50546.1ms dt=    0.1ms tid=ThreadId(78) read_start uri=nfs://DietPi.local/mnt/4TBP/Work/Arise2014/Video/DCIM/108D300S/DSC_2673.NEF
NETWORK t= 50800.9ms dt=  254.8ms tid=ThreadId(78) nfs_helper_read_ok uri=nfs://DietPi.local/mnt/4TBP/Work/Arise2014/Video/DCIM/108D300S/DSC_2673.NEF bytes=11718829
NETWORK t= 50800.9ms dt=    0.0ms tid=ThreadId(78) read_done uri=nfs://DietPi.local/mnt/4TBP/Work/Arise2014/Video/DCIM/108D300S/DSC_2673.NEF bytes=11718829 ms=254.8
NETWORK t= 50802.6ms dt=    1.7ms tid=ThreadId(78) materialize_done uri=nfs://DietPi.local/mnt/4TBP/Work/Arise2014/Video/DCIM/108D300S/DSC_2673.NEF path=/home/peet/.cache/picasa-rs/source/t/34b5caa461f6de8b60bc31f3288efdd42b6dc3a16f9660ef7b5f0eb0a54d42e4.NEF ms=256.6
NETWORK t= 50803.7ms dt=    1.1ms tid=ThreadId(78) materialize_start uri=nfs://DietPi.local/mnt/4TBP/Work/Arise2014/Video/DCIM/108D300S/DSC_2673.NEF
NETWORK t= 50803.7ms dt=    0.0ms tid=ThreadId(78) materialize_done uri=nfs://DietPi.local/mnt/4TBP/Work/Arise2014/Video/DCIM/108D300S/DSC_2673.NEF path=/home/peet/.cache/picasa-rs/source/t/34b5caa461f6de8b60bc31f3288efdd42b6dc3a16f9660ef7b5f0eb0a54d42e4.NEF ms=0.0
NETWORK t= 50806.6ms dt=    2.8ms tid=ThreadId(78) read_start uri=nfs://DietPi.local/mnt/4TBP/Work/Arise2014/Video/DCIM/108D300S/DSC_2681.JPG
NETWORK t= 50825.7ms dt=   19.1ms tid=ThreadId(78) nfs_helper_read_ok uri=nfs://DietPi.local/mnt/4TBP/Work/Arise2014/Video/DCIM/108D300S/DSC_2681.JPG bytes=869227
NETWORK t= 50825.7ms dt=    0.0ms tid=ThreadId(78) read_done uri=nfs://DietPi.local/mnt/4TBP/Work/Arise2014/Video/DCIM/108D300S/DSC_2681.JPG bytes=869227 ms=19.1
NETWORK t= 50826.4ms dt=    0.7ms tid=ThreadId(78) read_start uri=nfs://DietPi.local/mnt/4TBP/Work/Arise2014/Video/DCIM/108D300S/DSC_2722.JPG
NETWORK t= 50897.1ms dt=   70.7ms tid=ThreadId(78) nfs_helper_read_ok uri=nfs://DietPi.local/mnt/4TBP/Work/Arise2014/Video/DCIM/108D300S/DSC_2722.JPG bytes=628307
NETWORK t= 50897.2ms dt=    0.0ms tid=ThreadId(78) read_done uri=nfs://DietPi.local/mnt/4TBP/Work/Arise2014/Video/DCIM/108D300S/DSC_2722.JPG bytes=628307 ms=70.7
NETWORK t= 50897.8ms dt=    0.6ms tid=ThreadId(78) read_start uri=nfs://DietPi.local/mnt/4TBP/Work/Arise2014/Arise%20PowerPoint/Slide1.jpg
NETWORK t= 50911.9ms dt=   14.1ms tid=ThreadId(78) nfs_helper_read_ok uri=nfs://DietPi.local/mnt/4TBP/Work/Arise2014/Arise%20PowerPoint/Slide1.jpg bytes=601942
NETWORK t= 50911.9ms dt=    0.0ms tid=ThreadId(78) read_done uri=nfs://DietPi.local/mnt/4TBP/Work/Arise2014/Arise%20PowerPoint/Slide1.jpg bytes=601942 ms=14.1
NETWORK t= 50912.5ms dt=    0.6ms tid=ThreadId(78) read_start uri=nfs://DietPi.local/mnt/4TBP/Work/Arise2014/Arise%20PowerPoint/Slide9.jpg
NETWORK t= 50920.8ms dt=    8.3ms tid=ThreadId(78) nfs_helper_read_ok uri=nfs://DietPi.local/mnt/4TBP/Work/Arise2014/Arise%20PowerPoint/Slide9.jpg bytes=306094
NETWORK t= 50920.8ms dt=    0.0ms tid=ThreadId(78) read_done uri=nfs://DietPi.local/mnt/4TBP/Work/Arise2014/Arise%20PowerPoint/Slide9.jpg bytes=306094 ms=8.3
NETWORK t= 50921.4ms dt=    0.6ms tid=ThreadId(78) read_start uri=nfs://DietPi.local/mnt/4TBP/Work/Arise2014/Arise%20PowerPoint/Slide01.jpg
NETWORK t= 50932.1ms dt=   10.6ms tid=ThreadId(78) nfs_helper_read_ok uri=nfs://DietPi.local/mnt/4TBP/Work/Arise2014/Arise%20PowerPoint/Slide01.jpg bytes=459602
NETWORK t= 50932.1ms dt=    0.0ms tid=ThreadId(78) read_done uri=nfs://DietPi.local/mnt/4TBP/Work/Arise2014/Arise%20PowerPoint/Slide01.jpg bytes=459602 ms=10.6
NETWORK t= 50932.7ms dt=    0.6ms tid=ThreadId(78) read_start uri=nfs://DietPi.local/mnt/4TBP/Work/Arise2014/Arise%20PowerPoint/AriseLogoWomenSMallest.jpg
NETWORK t= 50937.1ms dt=    4.5ms tid=ThreadId(78) nfs_helper_read_ok uri=nfs://DietPi.local/mnt/4TBP/Work/Arise2014/Arise%20PowerPoint/AriseLogoWomenSMallest.jpg bytes=119324
NETWORK t= 50937.2ms dt=    0.0ms tid=ThreadId(78) read_done uri=nfs://DietPi.local/mnt/4TBP/Work/Arise2014/Arise%20PowerPoint/AriseLogoWomenSMallest.jpg bytes=119324 ms=4.5
NETWORK t= 50937.7ms dt=    0.5ms tid=ThreadId(78) read_start uri=nfs://DietPi.local/mnt/4TBP/Work/Arise2014/Arise%20PowerPoint/Slide21.jpg
NETWORK t= 50976.2ms dt=   38.5ms tid=ThreadId(78) nfs_helper_read_ok uri=nfs://DietPi.local/mnt/4TBP/Work/Arise2014/Arise%20PowerPoint/Slide21.jpg bytes=257635
NETWORK t= 50976.2ms dt=    0.0ms tid=ThreadId(78) read_done uri=nfs://DietPi.local/mnt/4TBP/Work/Arise2014/Arise%20PowerPoint/Slide21.jpg bytes=257635 ms=38.5
NETWORK t= 50976.9ms dt=    0.6ms tid=ThreadId(78) read_start uri=nfs://DietPi.local/mnt/4TBP/Work/Arise2014/Arise%20PowerPoint/Slide13.jpg
NETWORK t= 50985.3ms dt=    8.4ms tid=ThreadId(78) nfs_helper_read_ok uri=nfs://DietPi.local/mnt/4TBP/Work/Arise2014/Arise%20PowerPoint/Slide13.jpg bytes=324995
NETWORK t= 50985.3ms dt=    0.0ms tid=ThreadId(78) read_done uri=nfs://DietPi.local/mnt/4TBP/Work/Arise2014/Arise%20PowerPoint/Slide13.jpg bytes=324995 ms=8.4
NETWORK t= 50985.9ms dt=    0.6ms tid=ThreadId(78) read_start uri=nfs://DietPi.local/mnt/4TBP/Work/Arise2014/Arise%20PowerPoint/Slide4.jpg
NETWORK t= 50992.4ms dt=    6.5ms tid=ThreadId(78) nfs_helper_read_ok uri=nfs://DietPi.local/mnt/4TBP/Work/Arise2014/Arise%20PowerPoint/Slide4.jpg bytes=198461
NETWORK t= 50992.5ms dt=    0.0ms tid=ThreadId(78) read_done uri=nfs://DietPi.local/mnt/4TBP/Work/Arise2014/Arise%20PowerPoint/Slide4.jpg bytes=198461 ms=6.5
NETWORK t= 50993.2ms dt=    0.7ms tid=ThreadId(78) read_start uri=nfs://DietPi.local/mnt/4TBP/Work/Arise2014/Arise%20PowerPoint/Cap-2.jpg
NETWORK t= 50996.4ms dt=    3.2ms tid=ThreadId(78) nfs_helper_read_ok uri=nfs://DietPi.local/mnt/4TBP/Work/Arise2014/Arise%20PowerPoint/Cap-2.jpg bytes=19734
NETWORK t= 50996.4ms dt=    0.0ms tid=ThreadId(78) read_done uri=nfs://DietPi.local/mnt/4TBP/Work/Arise2014/Arise%20PowerPoint/Cap-2.jpg bytes=19734 ms=3.2
NETWORK t= 50996.9ms dt=    0.5ms tid=ThreadId(78) read_start uri=nfs://DietPi.local/mnt/4TBP/Work/Arise2014/Arise%20PowerPoint/Slide0.jpg
NETWORK t= 51002.3ms dt=    5.4ms tid=ThreadId(78) nfs_helper_read_ok uri=nfs://DietPi.local/mnt/4TBP/Work/Arise2014/Arise%20PowerPoint/Slide0.jpg bytes=109246
NETWORK t= 51002.3ms dt=    0.0ms tid=ThreadId(78) read_done uri=nfs://DietPi.local/mnt/4TBP/Work/Arise2014/Arise%20PowerPoint/Slide0.jpg bytes=109246 ms=5.4
NETWORK t= 51002.9ms dt=    0.6ms tid=ThreadId(78) read_start uri=nfs://DietPi.local/mnt/4TBP/Work/Arise2014/Arise%20PowerPoint/Slide6.jpg
NETWORK t= 51011.6ms dt=    8.6ms tid=ThreadId(78) nfs_helper_read_ok uri=nfs://DietPi.local/mnt/4TBP/Work/Arise2014/Arise%20PowerPoint/Slide6.jpg bytes=328372
NETWORK t= 51011.6ms dt=    0.0ms tid=ThreadId(78) read_done uri=nfs://DietPi.local/mnt/4TBP/Work/Arise2014/Arise%20PowerPoint/Slide6.jpg bytes=328372 ms=8.6
NETWORK t= 51012.1ms dt=    0.6ms tid=ThreadId(78) read_start uri=nfs://DietPi.local/mnt/4TBP/Work/Arise2014/Arise%20PowerPoint/Slide7.jpg
NETWORK t= 51025.2ms dt=   13.1ms tid=ThreadId(1028) grid_failed op=5
NETWORK t= 51064.0ms dt=   38.7ms tid=ThreadId(78) nfs_helper_read_ok uri=nfs://DietPi.local/mnt/4TBP/Work/Arise2014/Arise%20PowerPoint/Slide7.jpg bytes=400747
NETWORK t= 51064.0ms dt=    0.0ms tid=ThreadId(78) read_done uri=nfs://DietPi.local/mnt/4TBP/Work/Arise2014/Arise%20PowerPoint/Slide7.jpg bytes=400747 ms=51.8
NETWORK t= 51064.7ms dt=    0.7ms tid=ThreadId(78) read_start uri=nfs://DietPi.local/mnt/4TBP/Work/Arise2014/Arise%20PowerPoint/Slide2.jpg
NETWORK t= 51081.0ms dt=   16.3ms tid=ThreadId(78) nfs_helper_read_ok uri=nfs://DietPi.local/mnt/4TBP/Work/Arise2014/Arise%20PowerPoint/Slide2.jpg bytes=195799
NETWORK t= 51081.0ms dt=    0.0ms tid=ThreadId(78) read_done uri=nfs://DietPi.local/mnt/4TBP/Work/Arise2014/Arise%20PowerPoint/Slide2.jpg bytes=195799 ms=16.3
NETWORK t= 51081.7ms dt=    0.6ms tid=ThreadId(78) read_start uri=nfs://DietPi.local/mnt/4TBP/Work/Arise2014/Arise%20PowerPoint/Slide8.jpg
NETWORK t= 51104.1ms dt=   22.4ms tid=ThreadId(78) nfs_helper_read_ok uri=nfs://DietPi.local/mnt/4TBP/Work/Arise2014/Arise%20PowerPoint/Slide8.jpg bytes=235716
NETWORK t= 51104.1ms dt=    0.0ms tid=ThreadId(78) read_done uri=nfs://DietPi.local/mnt/4TBP/Work/Arise2014/Arise%20PowerPoint/Slide8.jpg bytes=235716 ms=22.4
NETWORK t= 51104.7ms dt=    0.6ms tid=ThreadId(78) read_start uri=nfs://DietPi.local/mnt/4TBP/Work/Arise2014/Arise%20PowerPoint/Slide12.jpg
NETWORK t= 51116.5ms dt=   11.8ms tid=ThreadId(78) nfs_helper_read_ok uri=nfs://DietPi.local/mnt/4TBP/Work/Arise2014/Arise%20PowerPoint/Slide12.jpg bytes=319281
NETWORK t= 51116.6ms dt=    0.0ms tid=ThreadId(78) read_done uri=nfs://DietPi.local/mnt/4TBP/Work/Arise2014/Arise%20PowerPoint/Slide12.jpg bytes=319281 ms=11.8
NETWORK t= 51117.2ms dt=    0.6ms tid=ThreadId(78) read_start uri=nfs://DietPi.local/mnt/4TBP/Work/Arise2014/Arise%20PowerPoint/Slide02.jpg
NETWORK t= 51129.6ms dt=   12.5ms tid=ThreadId(78) nfs_helper_read_ok uri=nfs://DietPi.local/mnt/4TBP/Work/Arise2014/Arise%20PowerPoint/Slide02.jpg bytes=340316
NETWORK t= 51129.7ms dt=    0.0ms tid=ThreadId(78) read_done uri=nfs://DietPi.local/mnt/4TBP/Work/Arise2014/Arise%20PowerPoint/Slide02.jpg bytes=340316 ms=12.5
NETWORK t= 51130.3ms dt=    0.6ms tid=ThreadId(78) read_start uri=nfs://DietPi.local/mnt/4TBP/Work/Arise2014/Arise%20PowerPoint/Slide5.jpg
NETWORK t= 51143.5ms dt=   13.2ms tid=ThreadId(78) nfs_helper_read_ok uri=nfs://DietPi.local/mnt/4TBP/Work/Arise2014/Arise%20PowerPoint/Slide5.jpg bytes=558381
NETWORK t= 51143.5ms dt=    0.0ms tid=ThreadId(78) read_done uri=nfs://DietPi.local/mnt/4TBP/Work/Arise2014/Arise%20PowerPoint/Slide5.jpg bytes=558381 ms=13.2
NETWORK t= 51144.1ms dt=    0.6ms tid=ThreadId(78) read_start uri=nfs://DietPi.local/mnt/4TBP/Work/Arise2014/Arise%20PowerPoint/Slide11.jpg
NETWORK t= 51152.0ms dt=    7.9ms tid=ThreadId(78) nfs_helper_read_ok uri=nfs://DietPi.local/mnt/4TBP/Work/Arise2014/Arise%20PowerPoint/Slide11.jpg bytes=305743
NETWORK t= 51152.0ms dt=    0.0ms tid=ThreadId(78) read_done uri=nfs://DietPi.local/mnt/4TBP/Work/Arise2014/Arise%20PowerPoint/Slide11.jpg bytes=305743 ms=7.9
NETWORK t= 51152.6ms dt=    0.6ms tid=ThreadId(78) read_start uri=nfs://DietPi.local/mnt/4TBP/Work/Arise2014/Arise%20PowerPoint/Slide22.jpg
NETWORK t= 51159.6ms dt=    7.0ms tid=ThreadId(78) nfs_helper_read_ok uri=nfs://DietPi.local/mnt/4TBP/Work/Arise2014/Arise%20PowerPoint/Slide22.jpg bytes=233843
NETWORK t= 51159.6ms dt=    0.0ms tid=ThreadId(78) read_done uri=nfs://DietPi.local/mnt/4TBP/Work/Arise2014/Arise%20PowerPoint/Slide22.jpg bytes=233843 ms=7.0
NETWORK t= 51160.3ms dt=    0.6ms tid=ThreadId(78) read_start uri=nfs://DietPi.local/mnt/4TBP/Work/Arise2014/Arise%20PowerPoint/Slide10.jpg
NETWORK t= 51170.8ms dt=   10.5ms tid=ThreadId(78) nfs_helper_read_ok uri=nfs://DietPi.local/mnt/4TBP/Work/Arise2014/Arise%20PowerPoint/Slide10.jpg bytes=411949
NETWORK t= 51170.8ms dt=    0.0ms tid=ThreadId(78) read_done uri=nfs://DietPi.local/mnt/4TBP/Work/Arise2014/Arise%20PowerPoint/Slide10.jpg bytes=411949 ms=10.5
NETWORK t= 51171.3ms dt=    0.5ms tid=ThreadId(78) read_start uri=nfs://DietPi.local/mnt/4TBP/Work/Arise2014/Arise%20PowerPoint/Slide3.jpg
NETWORK t= 51180.3ms dt=    9.0ms tid=ThreadId(78) nfs_helper_read_ok uri=nfs://DietPi.local/mnt/4TBP/Work/Arise2014/Arise%20PowerPoint/Slide3.jpg bytes=352055
NETWORK t= 51180.4ms dt=    0.0ms tid=ThreadId(78) read_done uri=nfs://DietPi.local/mnt/4TBP/Work/Arise2014/Arise%20PowerPoint/Slide3.jpg bytes=352055 ms=9.0
NETWORK t= 51180.9ms dt=    0.6ms tid=ThreadId(78) read_start uri=nfs://DietPi.local/mnt/4TBP/Work/Arise2014/Arise%20PowerPoint/T-Shirt-2.jpg
NETWORK t= 51184.1ms dt=    3.1ms tid=ThreadId(78) nfs_helper_read_ok uri=nfs://DietPi.local/mnt/4TBP/Work/Arise2014/Arise%20PowerPoint/T-Shirt-2.jpg bytes=36180
NETWORK t= 51184.1ms dt=    0.0ms tid=ThreadId(78) read_done uri=nfs://DietPi.local/mnt/4TBP/Work/Arise2014/Arise%20PowerPoint/T-Shirt-2.jpg bytes=36180 ms=3.2
NETWORK t= 51186.0ms dt=    1.9ms tid=ThreadId(1089) read_start uri=nfs://DietPi.local/mnt/4TBP/Work/Arise2014/The-vintage-letter-wallpaper-with-words-classic-design-combined-by-long-wood-bench-black-fur-rug-black-ceramic-floor..jpg
NETWORK t= 51186.1ms dt=    0.0ms tid=ThreadId(1088) read_start uri=nfs://DietPi.local/mnt/4TBP/Work/Arise2014/Video/Image4.png
NETWORK t= 51204.8ms dt=   18.7ms tid=ThreadId(1089) nfs_helper_read_ok uri=nfs://DietPi.local/mnt/4TBP/Work/Arise2014/The-vintage-letter-wallpaper-with-words-classic-design-combined-by-long-wood-bench-black-fur-rug-black-ceramic-floor..jpg bytes=137175
NETWORK t= 51204.8ms dt=    0.0ms tid=ThreadId(1089) read_done uri=nfs://DietPi.local/mnt/4TBP/Work/Arise2014/The-vintage-letter-wallpaper-with-words-classic-design-combined-by-long-wood-bench-black-fur-rug-black-ceramic-floor..jpg bytes=137175 ms=18.7
NETWORK t= 51207.6ms dt=    2.9ms tid=ThreadId(1089) materialize_start uri=nfs://DietPi.local/mnt/4TBP/Work/Arise2014/The-vintage-letter-wallpaper-with-words-classic-design-combined-by-long-wood-bench-black-fur-rug-black-ceramic-floor..jpg
NETWORK t= 51207.7ms dt=    0.0ms tid=ThreadId(1089) read_start uri=nfs://DietPi.local/mnt/4TBP/Work/Arise2014/The-vintage-letter-wallpaper-with-words-classic-design-combined-by-long-wood-bench-black-fur-rug-black-ceramic-floor..jpg
NETWORK t= 51216.1ms dt=    8.4ms tid=ThreadId(1041) grid_share_matched op=7 root=smb://DietPi.local:445/4TBP/mypics-2026/Tats%28Shoot%29_2/tat%20photshoot%203 descendants=145 matched=257
NETWORK t= 51217.9ms dt=    1.9ms tid=ThreadId(1041) grid_share_scoped op=7 count=257
NETWORK t= 51238.7ms dt=   20.8ms tid=ThreadId(1088) nfs_helper_read_ok uri=nfs://DietPi.local/mnt/4TBP/Work/Arise2014/Video/Image4.png bytes=700970
NETWORK t= 51238.7ms dt=    0.0ms tid=ThreadId(1088) read_done uri=nfs://DietPi.local/mnt/4TBP/Work/Arise2014/Video/Image4.png bytes=700970 ms=52.7
NETWORK t= 51243.6ms dt=    4.9ms tid=ThreadId(1089) nfs_helper_read_ok uri=nfs://DietPi.local/mnt/4TBP/Work/Arise2014/The-vintage-letter-wallpaper-with-words-classic-design-combined-by-long-wood-bench-black-fur-rug-black-ceramic-floor..jpg bytes=137175
NETWORK t= 51243.6ms dt=    0.0ms tid=ThreadId(1089) read_done uri=nfs://DietPi.local/mnt/4TBP/Work/Arise2014/The-vintage-letter-wallpaper-with-words-classic-design-combined-by-long-wood-bench-black-fur-rug-black-ceramic-floor..jpg bytes=137175 ms=35.9
NETWORK t= 51243.8ms dt=    0.1ms tid=ThreadId(1089) materialize_done uri=nfs://DietPi.local/mnt/4TBP/Work/Arise2014/The-vintage-letter-wallpaper-with-words-classic-design-combined-by-long-wood-bench-black-fur-rug-black-ceramic-floor..jpg path=/home/peet/.cache/picasa-rs/source/e/d4f6aa5f51d4f3279b9fccb031e8cb1d081ce74ffdb6a7d3ac8ca7acd20b275d.jpg ms=36.1
NETWORK t= 51247.0ms dt=    3.3ms tid=ThreadId(1089) read_start uri=nfs://DietPi.local/mnt/4TBP/Work/Arise2014/T-Shirt.jpg
NETWORK t= 51247.4ms dt=    0.4ms tid=ThreadId(1088) materialize_start uri=nfs://DietPi.local/mnt/4TBP/Work/Arise2014/Video/Image4.png
NETWORK t= 51247.5ms dt=    0.1ms tid=ThreadId(1088) read_start uri=nfs://DietPi.local/mnt/4TBP/Work/Arise2014/Video/Image4.png
NETWORK t= 51255.4ms dt=    7.9ms tid=ThreadId(1054) grid_stream op=8 count=1068
NETWORK t= 51256.6ms dt=    1.2ms tid=ThreadId(685) materialize_start uri=nfs://DietPi.local/mnt/4TBP/Work/Arise2014/Video/DCIM/108D300S/DSC_2716.NEF
NETWORK t= 51256.6ms dt=    0.0ms tid=ThreadId(685) materialize_done uri=nfs://DietPi.local/mnt/4TBP/Work/Arise2014/Video/DCIM/108D300S/DSC_2716.NEF path=/home/peet/.cache/picasa-rs/source/r/22fbf3b41d4857ebd3e320d15ebc4a79c058da69abe611ea281d3cef155e01db.NEF ms=0.0
NETWORK t= 51256.7ms dt=    0.1ms tid=ThreadId(684) read_start uri=nfs://DietPi.local/mnt/4TBP/Work/Arise2014/Video/DCIM/108D300S/DSC_2738.JPG
NETWORK t= 51268.7ms dt=   12.0ms tid=ThreadId(1089) nfs_helper_read_ok uri=nfs://DietPi.local/mnt/4TBP/Work/Arise2014/T-Shirt.jpg bytes=35895
NETWORK t= 51268.7ms dt=    0.0ms tid=ThreadId(1089) read_done uri=nfs://DietPi.local/mnt/4TBP/Work/Arise2014/T-Shirt.jpg bytes=35895 ms=21.7
NETWORK t= 51272.0ms dt=    3.2ms tid=ThreadId(1089) materialize_start uri=nfs://DietPi.local/mnt/4TBP/Work/Arise2014/T-Shirt.jpg
NETWORK t= 51272.0ms dt=    0.1ms tid=ThreadId(1089) read_start uri=nfs://DietPi.local/mnt/4TBP/Work/Arise2014/T-Shirt.jpg
NETWORK t= 51276.1ms dt=    4.1ms tid=main gallery_replace op=8 count=1068 op=8
NETWORK t= 51276.1ms dt=    0.0ms tid=main gallery_replace_start op=8 count=1068 cache_scoped=true progressive=true op=8
NETWORK t= 51277.2ms dt=    1.0ms tid=ThreadId(1033) grid_share_matched op=6 root=smb://dietpi.local/4tbp/Work/James descendants=0 matched=8
NETWORK t= 51278.9ms dt=    1.8ms tid=ThreadId(1033) grid_share_scoped op=6 count=8
NETWORK t= 51284.7ms dt=    5.7ms tid=ThreadId(1088) nfs_helper_read_ok uri=nfs://DietPi.local/mnt/4TBP/Work/Arise2014/Video/Image4.png bytes=700970
NETWORK t= 51284.7ms dt=    0.0ms tid=ThreadId(1088) read_done uri=nfs://DietPi.local/mnt/4TBP/Work/Arise2014/Video/Image4.png bytes=700970 ms=37.2
NETWORK t= 51285.0ms dt=    0.2ms tid=ThreadId(1088) materialize_done uri=nfs://DietPi.local/mnt/4TBP/Work/Arise2014/Video/Image4.png path=/home/peet/.cache/picasa-rs/source/e/c28aa36bd2fb192befacd8089373dce0d26e18bfa965359e37d9fd17d1239d26.png ms=37.5
NETWORK t= 51296.2ms dt=   11.3ms tid=ThreadId(684) nfs_helper_read_ok uri=nfs://DietPi.local/mnt/4TBP/Work/Arise2014/Video/DCIM/108D300S/DSC_2738.JPG bytes=514042
NETWORK t= 51296.2ms dt=    0.0ms tid=ThreadId(684) read_done uri=nfs://DietPi.local/mnt/4TBP/Work/Arise2014/Video/DCIM/108D300S/DSC_2738.JPG bytes=514042 ms=39.5
NETWORK t= 51299.8ms dt=    3.6ms tid=ThreadId(1089) nfs_helper_read_ok uri=nfs://DietPi.local/mnt/4TBP/Work/Arise2014/T-Shirt.jpg bytes=35895
NETWORK t= 51299.8ms dt=    0.0ms tid=ThreadId(1089) read_done uri=nfs://DietPi.local/mnt/4TBP/Work/Arise2014/T-Shirt.jpg bytes=35895 ms=27.8
NETWORK t= 51300.0ms dt=    0.2ms tid=ThreadId(1089) materialize_done uri=nfs://DietPi.local/mnt/4TBP/Work/Arise2014/T-Shirt.jpg path=/home/peet/.cache/picasa-rs/source/u/19fe35c1fe824bbbb39481d2cc2ba6d2db2834d4c8fa382a7328ac5ee74305b1.jpg ms=28.0
NETWORK t= 51305.9ms dt=    5.9ms tid=ThreadId(684) materialize_start uri=nfs://DietPi.local/mnt/4TBP/Work/Arise2014/Video/DCIM/108D300S/DSC_2738.JPG
NETWORK t= 51306.0ms dt=    0.1ms tid=ThreadId(684) read_start uri=nfs://DietPi.local/mnt/4TBP/Work/Arise2014/Video/DCIM/108D300S/DSC_2738.JPG
NETWORK t= 51318.4ms dt=   12.4ms tid=ThreadId(684) nfs_helper_read_ok uri=nfs://DietPi.local/mnt/4TBP/Work/Arise2014/Video/DCIM/108D300S/DSC_2738.JPG bytes=514042
NETWORK t= 51318.4ms dt=    0.0ms tid=ThreadId(684) read_done uri=nfs://DietPi.local/mnt/4TBP/Work/Arise2014/Video/DCIM/108D300S/DSC_2738.JPG bytes=514042 ms=12.4
NETWORK t= 51318.7ms dt=    0.2ms tid=ThreadId(684) materialize_done uri=nfs://DietPi.local/mnt/4TBP/Work/Arise2014/Video/DCIM/108D300S/DSC_2738.JPG path=/home/peet/.cache/picasa-rs/source/p/1045c983b8b526266278a13976dfcb54a8781c19f9953ec2585222d4191a65fd.JPG ms=12.7
NETWORK t= 51321.2ms dt=    2.5ms tid=ThreadId(684) materialize_start uri=nfs://DietPi.local/mnt/4TBP/Work/Arise2014/Video/DCIM/108D300S/DSC_2735.NEF
NETWORK t= 51321.2ms dt=    0.0ms tid=ThreadId(684) materialize_done uri=nfs://DietPi.local/mnt/4TBP/Work/Arise2014/Video/DCIM/108D300S/DSC_2735.NEF path=/home/peet/.cache/picasa-rs/source/z/de0ba063972297b060188aa47d8ea440432f9a257051151550170722eb135f82.NEF ms=0.0
NETWORK t= 51332.3ms dt=   11.1ms tid=ThreadId(685) materialize_start uri=nfs://DietPi.local/mnt/4TBP/Work/Arise2014/Video/DCIM/108D300S/DSC_2716.NEF
NETWORK t= 51332.4ms dt=    0.0ms tid=ThreadId(685) materialize_done uri=nfs://DietPi.local/mnt/4TBP/Work/Arise2014/Video/DCIM/108D300S/DSC_2716.NEF path=/home/peet/.cache/picasa-rs/source/r/22fbf3b41d4857ebd3e320d15ebc4a79c058da69abe611ea281d3cef155e01db.NEF ms=0.0
NETWORK t= 51402.4ms dt=   70.1ms tid=ThreadId(684) materialize_start uri=nfs://DietPi.local/mnt/4TBP/Work/Arise2014/Video/DCIM/108D300S/DSC_2735.NEF
NETWORK t= 51402.5ms dt=    0.1ms tid=ThreadId(684) materialize_done uri=nfs://DietPi.local/mnt/4TBP/Work/Arise2014/Video/DCIM/108D300S/DSC_2735.NEF path=/home/peet/.cache/picasa-rs/source/z/de0ba063972297b060188aa47d8ea440432f9a257051151550170722eb135f82.NEF ms=0.0
NETWORK t= 51442.7ms dt=   40.2ms tid=ThreadId(684) materialize_start uri=nfs://DietPi.local/mnt/4TBP/Work/Arise2014/Video/DCIM/108D300S/DSC_2714.NEF
NETWORK t= 51442.7ms dt=    0.0ms tid=ThreadId(684) materialize_done uri=nfs://DietPi.local/mnt/4TBP/Work/Arise2014/Video/DCIM/108D300S/DSC_2714.NEF path=/home/peet/.cache/picasa-rs/source/x/9ee5420f6e72124e3f90bfc031165820f0c4220a51ef632576efa5d95b6bac5b.NEF ms=0.0
NETWORK t= 51466.5ms dt=   23.8ms tid=ThreadId(685) materialize_start uri=nfs://DietPi.local/mnt/4TBP/Work/Arise2014/Video/DCIM/108D300S/DSC_2720.NEF
NETWORK t= 51466.5ms dt=    0.0ms tid=ThreadId(685) materialize_done uri=nfs://DietPi.local/mnt/4TBP/Work/Arise2014/Video/DCIM/108D300S/DSC_2720.NEF path=/home/peet/.cache/picasa-rs/source/8/fe90cdb0522db782e65facf35f2b8ce1f1aa53e11717d5eebdbf79558037d4b0.NEF ms=0.0
NETWORK t= 51513.2ms dt=   46.7ms tid=ThreadId(684) materialize_start uri=nfs://DietPi.local/mnt/4TBP/Work/Arise2014/Video/DCIM/108D300S/DSC_2714.NEF
NETWORK t= 51513.3ms dt=    0.0ms tid=ThreadId(684) materialize_done uri=nfs://DietPi.local/mnt/4TBP/Work/Arise2014/Video/DCIM/108D300S/DSC_2714.NEF path=/home/peet/.cache/picasa-rs/source/x/9ee5420f6e72124e3f90bfc031165820f0c4220a51ef632576efa5d95b6bac5b.NEF ms=0.0
NETWORK t= 51546.9ms dt=   33.7ms tid=ThreadId(685) materialize_start uri=nfs://DietPi.local/mnt/4TBP/Work/Arise2014/Video/DCIM/108D300S/DSC_2720.NEF
NETWORK t= 51547.0ms dt=    0.1ms tid=ThreadId(685) materialize_done uri=nfs://DietPi.local/mnt/4TBP/Work/Arise2014/Video/DCIM/108D300S/DSC_2720.NEF path=/home/peet/.cache/picasa-rs/source/8/fe90cdb0522db782e65facf35f2b8ce1f1aa53e11717d5eebdbf79558037d4b0.NEF ms=0.0
NETWORK t= 51580.0ms dt=   33.0ms tid=ThreadId(685) materialize_start uri=nfs://DietPi.local/mnt/4TBP/Work/Arise2014/Video/DCIM/108D300S/DSC_2730.NEF
NETWORK t= 51580.0ms dt=    0.0ms tid=ThreadId(685) materialize_done uri=nfs://DietPi.local/mnt/4TBP/Work/Arise2014/Video/DCIM/108D300S/DSC_2730.NEF path=/home/peet/.cache/picasa-rs/source/m/bb8afc83a4e84659dac9036282ffc08a9ddcfc1e0f9b446591daa179d41ac6c8.NEF ms=0.0
NETWORK t= 51643.2ms dt=   63.2ms tid=ThreadId(684) read_start uri=nfs://DietPi.local/mnt/4TBP/Work/Arise2014/Video/DCIM/108D300S/DSC_2714.JPG
NETWORK t= 51654.9ms dt=   11.7ms tid=ThreadId(684) nfs_helper_read_ok uri=nfs://DietPi.local/mnt/4TBP/Work/Arise2014/Video/DCIM/108D300S/DSC_2714.JPG bytes=411241
NETWORK t= 51654.9ms dt=    0.0ms tid=ThreadId(684) read_done uri=nfs://DietPi.local/mnt/4TBP/Work/Arise2014/Video/DCIM/108D300S/DSC_2714.JPG bytes=411241 ms=11.7
NETWORK t= 51658.5ms dt=    3.7ms tid=ThreadId(685) materialize_start uri=nfs://DietPi.local/mnt/4TBP/Work/Arise2014/Video/DCIM/108D300S/DSC_2730.NEF
NETWORK t= 51658.6ms dt=    0.0ms tid=ThreadId(685) materialize_done uri=nfs://DietPi.local/mnt/4TBP/Work/Arise2014/Video/DCIM/108D300S/DSC_2730.NEF path=/home/peet/.cache/picasa-rs/source/m/bb8afc83a4e84659dac9036282ffc08a9ddcfc1e0f9b446591daa179d41ac6c8.NEF ms=0.0
NETWORK t= 51661.6ms dt=    3.0ms tid=ThreadId(684) materialize_start uri=nfs://DietPi.local/mnt/4TBP/Work/Arise2014/Video/DCIM/108D300S/DSC_2714.JPG
NETWORK t= 51661.6ms dt=    0.1ms tid=ThreadId(684) read_start uri=nfs://DietPi.local/mnt/4TBP/Work/Arise2014/Video/DCIM/108D300S/DSC_2714.JPG
NETWORK t= 51672.7ms dt=   11.0ms tid=ThreadId(684) nfs_helper_read_ok uri=nfs://DietPi.local/mnt/4TBP/Work/Arise2014/Video/DCIM/108D300S/DSC_2714.JPG bytes=411241
NETWORK t= 51672.7ms dt=    0.0ms tid=ThreadId(684) read_done uri=nfs://DietPi.local/mnt/4TBP/Work/Arise2014/Video/DCIM/108D300S/DSC_2714.JPG bytes=411241 ms=11.0
NETWORK t= 51672.9ms dt=    0.2ms tid=ThreadId(684) materialize_done uri=nfs://DietPi.local/mnt/4TBP/Work/Arise2014/Video/DCIM/108D300S/DSC_2714.JPG path=/home/peet/.cache/picasa-rs/source/1/1adda7e15ba8a1ea4d7d61a3d85ee988350127dc7ceb15a6f418888055878ca4.JPG ms=11.3
NETWORK t= 51676.0ms dt=    3.2ms tid=ThreadId(684) read_start uri=nfs://DietPi.local/mnt/4TBP/Work/Arise2014/Video/DCIM/108D300S/DSC_2715.JPG
NETWORK t= 51686.4ms dt=   10.4ms tid=ThreadId(684) nfs_helper_read_ok uri=nfs://DietPi.local/mnt/4TBP/Work/Arise2014/Video/DCIM/108D300S/DSC_2715.JPG bytes=404303
NETWORK t= 51686.5ms dt=    0.0ms tid=ThreadId(684) read_done uri=nfs://DietPi.local/mnt/4TBP/Work/Arise2014/Video/DCIM/108D300S/DSC_2715.JPG bytes=404303 ms=10.4
NETWORK t= 51691.4ms dt=    4.9ms tid=ThreadId(685) materialize_start uri=nfs://DietPi.local/mnt/4TBP/Work/Arise2014/Video/DCIM/108D300S/DSC_2642.NEF
NETWORK t= 51691.4ms dt=    0.0ms tid=ThreadId(685) materialize_done uri=nfs://DietPi.local/mnt/4TBP/Work/Arise2014/Video/DCIM/108D300S/DSC_2642.NEF path=/home/peet/.cache/picasa-rs/source/s/2908e812c4a431263c48b66c43252919ce0768e92657288e2c6eb7cd63f4c4ae.NEF ms=0.0
NETWORK t= 51692.7ms dt=    1.2ms tid=ThreadId(684) materialize_start uri=nfs://DietPi.local/mnt/4TBP/Work/Arise2014/Video/DCIM/108D300S/DSC_2715.JPG
NETWORK t= 51692.7ms dt=    0.1ms tid=ThreadId(684) read_start uri=nfs://DietPi.local/mnt/4TBP/Work/Arise2014/Video/DCIM/108D300S/DSC_2715.JPG
NETWORK t= 51703.3ms dt=   10.5ms tid=ThreadId(684) nfs_helper_read_ok uri=nfs://DietPi.local/mnt/4TBP/Work/Arise2014/Video/DCIM/108D300S/DSC_2715.JPG bytes=404303
NETWORK t= 51703.3ms dt=    0.0ms tid=ThreadId(684) read_done uri=nfs://DietPi.local/mnt/4TBP/Work/Arise2014/Video/DCIM/108D300S/DSC_2715.JPG bytes=404303 ms=10.5
NETWORK t= 51703.4ms dt=    0.2ms tid=ThreadId(684) materialize_done uri=nfs://DietPi.local/mnt/4TBP/Work/Arise2014/Video/DCIM/108D300S/DSC_2715.JPG path=/home/peet/.cache/picasa-rs/source/j/fb5f73f17addb82100eeddccce60f5629dc59656761d3b5fdc5eb20e78ab7f41.JPG ms=10.7
NETWORK t= 51706.5ms dt=    3.0ms tid=ThreadId(684) read_start uri=nfs://DietPi.local/mnt/4TBP/Work/Arise2014/Video/DCIM/108D300S/DSC_2669.JPG
NETWORK t= 51716.7ms dt=   10.2ms tid=ThreadId(684) nfs_helper_read_ok uri=nfs://DietPi.local/mnt/4TBP/Work/Arise2014/Video/DCIM/108D300S/DSC_2669.JPG bytes=406921
NETWORK t= 51716.7ms dt=    0.0ms tid=ThreadId(684) read_done uri=nfs://DietPi.local/mnt/4TBP/Work/Arise2014/Video/DCIM/108D300S/DSC_2669.JPG bytes=406921 ms=10.2
NETWORK t= 51723.3ms dt=    6.6ms tid=ThreadId(684) materialize_start uri=nfs://DietPi.local/mnt/4TBP/Work/Arise2014/Video/DCIM/108D300S/DSC_2669.JPG
NETWORK t= 51723.3ms dt=    0.1ms tid=ThreadId(684) read_start uri=nfs://DietPi.local/mnt/4TBP/Work/Arise2014/Video/DCIM/108D300S/DSC_2669.JPG
NETWORK t= 51734.0ms dt=   10.7ms tid=ThreadId(684) nfs_helper_read_ok uri=nfs://DietPi.local/mnt/4TBP/Work/Arise2014/Video/DCIM/108D300S/DSC_2669.JPG bytes=406921
NETWORK t= 51734.1ms dt=    0.0ms tid=ThreadId(684) read_done uri=nfs://DietPi.local/mnt/4TBP/Work/Arise2014/Video/DCIM/108D300S/DSC_2669.JPG bytes=406921 ms=10.7
NETWORK t= 51734.2ms dt=    0.2ms tid=ThreadId(684) materialize_done uri=nfs://DietPi.local/mnt/4TBP/Work/Arise2014/Video/DCIM/108D300S/DSC_2669.JPG path=/home/peet/.cache/picasa-rs/source/7/349fe9a9eb7cdc92a9f011ec899e2d8d25678f18f5a9240266bef621e54fb5d1.JPG ms=10.9
NETWORK t= 51737.2ms dt=    3.0ms tid=ThreadId(684) materialize_start uri=nfs://DietPi.local/mnt/4TBP/Work/Arise2014/Video/DCIM/108D300S/DSC_2665.NEF
NETWORK t= 51737.2ms dt=    0.0ms tid=ThreadId(684) materialize_done uri=nfs://DietPi.local/mnt/4TBP/Work/Arise2014/Video/DCIM/108D300S/DSC_2665.NEF path=/home/peet/.cache/picasa-rs/source/z/c8abda8d97aa6a9cd757c1acf6c7d1ceff2d56b03d9abed55adc65e22cf23dd0.NEF ms=0.0
NETWORK t= 51762.2ms dt=   24.9ms tid=ThreadId(685) materialize_start uri=nfs://DietPi.local/mnt/4TBP/Work/Arise2014/Video/DCIM/108D300S/DSC_2642.NEF
NETWORK t= 51762.2ms dt=    0.0ms tid=ThreadId(685) materialize_done uri=nfs://DietPi.local/mnt/4TBP/Work/Arise2014/Video/DCIM/108D300S/DSC_2642.NEF path=/home/peet/.cache/picasa-rs/source/s/2908e812c4a431263c48b66c43252919ce0768e92657288e2c6eb7cd63f4c4ae.NEF ms=0.0
NETWORK t= 51794.7ms dt=   32.5ms tid=ThreadId(685) materialize_start uri=nfs://DietPi.local/mnt/4TBP/Work/Arise2014/Video/DCIM/108D300S/DSC_2728.NEF
NETWORK t= 51794.7ms dt=    0.0ms tid=ThreadId(685) materialize_done uri=nfs://DietPi.local/mnt/4TBP/Work/Arise2014/Video/DCIM/108D300S/DSC_2728.NEF path=/home/peet/.cache/picasa-rs/source/j/be0fb2958ca3a17fa58269d77325377b5b679bc6bda2df70f29d5e95d0ff9124.NEF ms=0.0
NETWORK t= 51810.2ms dt=   15.5ms tid=ThreadId(684) materialize_start uri=nfs://DietPi.local/mnt/4TBP/Work/Arise2014/Video/DCIM/108D300S/DSC_2665.NEF
NETWORK t= 51810.3ms dt=    0.0ms tid=ThreadId(684) materialize_done uri=nfs://DietPi.local/mnt/4TBP/Work/Arise2014/Video/DCIM/108D300S/DSC_2665.NEF path=/home/peet/.cache/picasa-rs/source/z/c8abda8d97aa6a9cd757c1acf6c7d1ceff2d56b03d9abed55adc65e22cf23dd0.NEF ms=0.0
NETWORK t= 51842.3ms dt=   32.1ms tid=ThreadId(684) materialize_start uri=nfs://DietPi.local/mnt/4TBP/Work/Arise2014/Video/DCIM/108D300S/DSC_2675.NEF
NETWORK t= 51842.4ms dt=    0.0ms tid=ThreadId(684) materialize_done uri=nfs://DietPi.local/mnt/4TBP/Work/Arise2014/Video/DCIM/108D300S/DSC_2675.NEF path=/home/peet/.cache/picasa-rs/source/k/4ac0728a9a063ebfd28e40d77c130c704198c2e2b208ddde30f64fd5c12f3bcc.NEF ms=0.0
NETWORK t= 51871.7ms dt=   29.3ms tid=ThreadId(685) materialize_start uri=nfs://DietPi.local/mnt/4TBP/Work/Arise2014/Video/DCIM/108D300S/DSC_2728.NEF
NETWORK t= 51871.7ms dt=    0.0ms tid=ThreadId(685) materialize_done uri=nfs://DietPi.local/mnt/4TBP/Work/Arise2014/Video/DCIM/108D300S/DSC_2728.NEF path=/home/peet/.cache/picasa-rs/source/j/be0fb2958ca3a17fa58269d77325377b5b679bc6bda2df70f29d5e95d0ff9124.NEF ms=0.0
NETWORK t= 51904.7ms dt=   33.0ms tid=ThreadId(685) materialize_start uri=nfs://DietPi.local/mnt/4TBP/Work/Arise2014/Video/DCIM/108D300S/DSC_2682.NEF
NETWORK t= 51904.8ms dt=    0.0ms tid=ThreadId(685) materialize_done uri=nfs://DietPi.local/mnt/4TBP/Work/Arise2014/Video/DCIM/108D300S/DSC_2682.NEF path=/home/peet/.cache/picasa-rs/source/m/cece6a8d1dc940a5bfc2a851f659faf2dedd7bb3eb2b051304f343fae0069c83.NEF ms=0.0
NETWORK t= 51920.8ms dt=   16.0ms tid=ThreadId(684) materialize_start uri=nfs://DietPi.local/mnt/4TBP/Work/Arise2014/Video/DCIM/108D300S/DSC_2675.NEF
NETWORK t= 51920.8ms dt=    0.0ms tid=ThreadId(684) materialize_done uri=nfs://DietPi.local/mnt/4TBP/Work/Arise2014/Video/DCIM/108D300S/DSC_2675.NEF path=/home/peet/.cache/picasa-rs/source/k/4ac0728a9a063ebfd28e40d77c130c704198c2e2b208ddde30f64fd5c12f3bcc.NEF ms=0.0
NETWORK t= 51953.5ms dt=   32.7ms tid=ThreadId(684) read_start uri=nfs://DietPi.local/mnt/4TBP/Work/Arise2014/Video/DCIM/108D300S/DSC_2712.JPG
NETWORK t= 51963.8ms dt=   10.4ms tid=ThreadId(684) nfs_helper_read_ok uri=nfs://DietPi.local/mnt/4TBP/Work/Arise2014/Video/DCIM/108D300S/DSC_2712.JPG bytes=374113
NETWORK t= 51963.9ms dt=    0.0ms tid=ThreadId(684) read_done uri=nfs://DietPi.local/mnt/4TBP/Work/Arise2014/Video/DCIM/108D300S/DSC_2712.JPG bytes=374113 ms=10.4
NETWORK t= 51969.8ms dt=    5.9ms tid=ThreadId(684) materialize_start uri=nfs://DietPi.local/mnt/4TBP/Work/Arise2014/Video/DCIM/108D300S/DSC_2712.JPG
NETWORK t= 51969.9ms dt=    0.1ms tid=ThreadId(684) read_start uri=nfs://DietPi.local/mnt/4TBP/Work/Arise2014/Video/DCIM/108D300S/DSC_2712.JPG
NETWORK t= 51980.2ms dt=   10.4ms tid=ThreadId(684) nfs_helper_read_ok uri=nfs://DietPi.local/mnt/4TBP/Work/Arise2014/Video/DCIM/108D300S/DSC_2712.JPG bytes=374113
NETWORK t= 51980.2ms dt=    0.0ms tid=ThreadId(684) read_done uri=nfs://DietPi.local/mnt/4TBP/Work/Arise2014/Video/DCIM/108D300S/DSC_2712.JPG bytes=374113 ms=10.4
NETWORK t= 51980.4ms dt=    0.2ms tid=ThreadId(684) materialize_done uri=nfs://DietPi.local/mnt/4TBP/Work/Arise2014/Video/DCIM/108D300S/DSC_2712.JPG path=/home/peet/.cache/picasa-rs/source/u/d8d231c41f99bd477a9b06b50096d7d934c6872579615d6868758b67e14cc747.JPG ms=10.6
NETWORK t= 51982.1ms dt=    1.7ms tid=ThreadId(685) materialize_start uri=nfs://DietPi.local/mnt/4TBP/Work/Arise2014/Video/DCIM/108D300S/DSC_2682.NEF
NETWORK t= 51982.1ms dt=    0.0ms tid=ThreadId(685) materialize_done uri=nfs://DietPi.local/mnt/4TBP/Work/Arise2014/Video/DCIM/108D300S/DSC_2682.NEF path=/home/peet/.cache/picasa-rs/source/m/cece6a8d1dc940a5bfc2a851f659faf2dedd7bb3eb2b051304f343fae0069c83.NEF ms=0.0
NETWORK t= 51984.3ms dt=    2.1ms tid=ThreadId(684) read_start uri=nfs://DietPi.local/mnt/4TBP/Work/Arise2014/Video/DCIM/108D300S/DSC_2664.JPG
NETWORK t= 51995.1ms dt=   10.8ms tid=ThreadId(684) nfs_helper_read_ok uri=nfs://DietPi.local/mnt/4TBP/Work/Arise2014/Video/DCIM/108D300S/DSC_2664.JPG bytes=413940
NETWORK t= 51995.1ms dt=    0.0ms tid=ThreadId(684) read_done uri=nfs://DietPi.local/mnt/4TBP/Work/Arise2014/Video/DCIM/108D300S/DSC_2664.JPG bytes=413940 ms=10.8
NETWORK t= 52001.5ms dt=    6.4ms tid=ThreadId(684) materialize_start uri=nfs://DietPi.local/mnt/4TBP/Work/Arise2014/Video/DCIM/108D300S/DSC_2664.JPG
NETWORK t= 52001.6ms dt=    0.1ms tid=ThreadId(684) read_start uri=nfs://DietPi.local/mnt/4TBP/Work/Arise2014/Video/DCIM/108D300S/DSC_2664.JPG
NETWORK t= 52006.9ms dt=    5.4ms tid=ThreadId(1108) grid_query_start op=8 filter=All folder_stream=false
NETWORK t= 52012.1ms dt=    5.2ms tid=ThreadId(684) nfs_helper_read_ok uri=nfs://DietPi.local/mnt/4TBP/Work/Arise2014/Video/DCIM/108D300S/DSC_2664.JPG bytes=413940
NETWORK t= 52012.1ms dt=    0.0ms tid=ThreadId(684) read_done uri=nfs://DietPi.local/mnt/4TBP/Work/Arise2014/Video/DCIM/108D300S/DSC_2664.JPG bytes=413940 ms=10.5
NETWORK t= 52012.3ms dt=    0.2ms tid=ThreadId(684) materialize_done uri=nfs://DietPi.local/mnt/4TBP/Work/Arise2014/Video/DCIM/108D300S/DSC_2664.JPG path=/home/peet/.cache/picasa-rs/source/c/f25887b2f584c62c712482dcbc54fb2894188c987a8fdbf2c2b9db678ad31ce8.JPG ms=10.8
NETWORK t= 52015.5ms dt=    3.2ms tid=ThreadId(1108) grid_stream op=8 count=1068
NETWORK t= 52016.0ms dt=    0.5ms tid=ThreadId(1109) nfs_helper_stat_failed uri=nfs://DietPi.local/exports/Work error=NFS server/export not permitted by root-owned helper policy
NETWORK t= 52017.1ms dt=    1.1ms tid=ThreadId(1109) nfs_helper_stat_ok uri=nfs://DietPi.local/mnt/4TBP/Other/Tat%20Sing size=4096
NETWORK t= 52018.0ms dt=    0.8ms tid=ThreadId(1109) nfs_helper_stat_ok uri=nfs://DietPi.local/mnt/4TBP/Work/Arise2014 size=12288
NETWORK t= 52018.1ms dt=    0.1ms tid=ThreadId(1089) read_start uri=nfs://DietPi.local/mnt/4TBP/Work/Arise2014/Arise-Logo1-4.jpg
NETWORK t= 52018.8ms dt=    0.7ms tid=ThreadId(1109) nfs_helper_stat_ok uri=nfs://DietPi.local/mnt/4TBS/sg1/Extras-Stargate%20Atlantis size=4096
NETWORK t= 52018.8ms dt=    0.0ms tid=ThreadId(1109) smb_stat_start url=smb://dietpi.local/4tbp/Work/James lane=background
NETWORK t= 52021.1ms dt=    2.3ms tid=pic-smb-transport smb_client_new_start
NETWORK t= 52021.8ms dt=    0.7ms tid=pic-smb-transport smb_client_context_created
NETWORK t= 52021.8ms dt=    0.0ms tid=pic-smb-transport smb_client_init_start
NETWORK t= 52021.8ms dt=    0.0ms tid=pic-smb-transport smb_client_init_done
NETWORK t= 52022.1ms dt=    0.3ms tid=ThreadId(1088) read_start uri=nfs://DietPi.local/mnt/4TBP/Work/Arise2014/Video/Image1.png
NETWORK t= 52031.4ms dt=    9.2ms tid=main gallery_replace op=8 count=1068 op=8
NETWORK t= 52031.4ms dt=    0.0ms tid=main gallery_replace_start op=8 count=1068 cache_scoped=true progressive=true op=8
NETWORK t= 52035.9ms dt=    4.5ms tid=ThreadId(1089) nfs_helper_read_ok uri=nfs://DietPi.local/mnt/4TBP/Work/Arise2014/Arise-Logo1-4.jpg bytes=60996
NETWORK t= 52035.9ms dt=    0.0ms tid=ThreadId(1089) read_done uri=nfs://DietPi.local/mnt/4TBP/Work/Arise2014/Arise-Logo1-4.jpg bytes=60996 ms=17.8
NETWORK t= 52040.4ms dt=    4.5ms tid=pic-smb-transport smb_transport stat ms=18.6
NETWORK t= 52040.8ms dt=    0.4ms tid=pic-smb-transport smb_client_context_freed
NETWORK t= 52040.9ms dt=    0.1ms tid=ThreadId(1109) smb_stat_start url=smb://dietpi.local/4tbs/pics-sport/NMB Half 2025/FB NMB Half 2025  All-Timestamp lane=background
NETWORK t= 52040.9ms dt=    0.0ms tid=ThreadId(1089) materialize_start uri=nfs://DietPi.local/mnt/4TBP/Work/Arise2014/Arise-Logo1-4.jpg
NETWORK t= 52041.0ms dt=    0.1ms tid=ThreadId(1089) read_start uri=nfs://DietPi.local/mnt/4TBP/Work/Arise2014/Arise-Logo1-4.jpg
NETWORK t= 52043.3ms dt=    2.3ms tid=pic-smb-transport smb_client_new_start
NETWORK t= 52044.0ms dt=    0.7ms tid=pic-smb-transport smb_client_context_created
NETWORK t= 52044.0ms dt=    0.0ms tid=pic-smb-transport smb_client_init_start
NETWORK t= 52044.0ms dt=    0.0ms tid=pic-smb-transport smb_client_init_done
NETWORK t= 52058.3ms dt=   14.3ms tid=pic-smb-transport smb_transport stat ms=14.3
NETWORK t= 52058.8ms dt=    0.4ms tid=pic-smb-transport smb_client_context_freed
NETWORK t= 52058.8ms dt=    0.1ms tid=ThreadId(1109) smb_stat_start url=smb://DietPi.local/4TBP/mypics-2026/Tats(Shoot)_2/tat photshoot 3 lane=background
NETWORK t= 52061.3ms dt=    2.4ms tid=pic-smb-transport smb_client_new_start
NETWORK t= 52061.9ms dt=    0.6ms tid=pic-smb-transport smb_client_context_created
NETWORK t= 52061.9ms dt=    0.0ms tid=pic-smb-transport smb_client_init_start
NETWORK t= 52061.9ms dt=    0.0ms tid=pic-smb-transport smb_client_init_done
NETWORK t= 52069.8ms dt=    7.9ms tid=ThreadId(1088) nfs_helper_read_ok uri=nfs://DietPi.local/mnt/4TBP/Work/Arise2014/Video/Image1.png bytes=615837
NETWORK t= 52069.8ms dt=    0.0ms tid=ThreadId(1088) read_done uri=nfs://DietPi.local/mnt/4TBP/Work/Arise2014/Video/Image1.png bytes=615837 ms=47.7
NETWORK t= 52072.7ms dt=    2.9ms tid=ThreadId(1089) nfs_helper_read_ok uri=nfs://DietPi.local/mnt/4TBP/Work/Arise2014/Arise-Logo1-4.jpg bytes=60996
NETWORK t= 52072.7ms dt=    0.0ms tid=ThreadId(1089) read_done uri=nfs://DietPi.local/mnt/4TBP/Work/Arise2014/Arise-Logo1-4.jpg bytes=60996 ms=31.7
NETWORK t= 52072.9ms dt=    0.1ms tid=ThreadId(1089) materialize_done uri=nfs://DietPi.local/mnt/4TBP/Work/Arise2014/Arise-Logo1-4.jpg path=/home/peet/.cache/picasa-rs/source/k/fe30c23f56445a704e0f91fbb56f5943251792ac4d62d813f180bfaf5860b9b6.jpg ms=31.9
NETWORK t= 52075.2ms dt=    2.3ms tid=ThreadId(1089) read_start uri=nfs://DietPi.local/mnt/4TBP/Work/Arise2014/327285_slova_bukvy_nadpis_fon_1920x1200_(www.GdeFon.ru).jpg
NETWORK t= 52077.8ms dt=    2.7ms tid=pic-smb-transport smb_transport stat ms=15.9
NETWORK t= 52077.9ms dt=    0.1ms tid=ThreadId(1088) materialize_start uri=nfs://DietPi.local/mnt/4TBP/Work/Arise2014/Video/Image1.png
NETWORK t= 52078.0ms dt=    0.1ms tid=ThreadId(1088) read_start uri=nfs://DietPi.local/mnt/4TBP/Work/Arise2014/Video/Image1.png
NETWORK t= 52078.3ms dt=    0.3ms tid=pic-smb-transport smb_client_context_freed
NETWORK t= 52078.4ms dt=    0.0ms tid=ThreadId(1109) smb_stat_start url=smb://DietPi.local/4TBS/series-kids/He-Man and the Masters of the Universe (1983) lane=background
NETWORK t= 52080.7ms dt=    2.3ms tid=pic-smb-transport smb_client_new_start
NETWORK t= 52081.4ms dt=    0.7ms tid=pic-smb-transport smb_client_context_created
NETWORK t= 52081.4ms dt=    0.0ms tid=pic-smb-transport smb_client_init_start
NETWORK t= 52081.4ms dt=    0.0ms tid=pic-smb-transport smb_client_init_done
NETWORK t= 52100.3ms dt=   18.9ms tid=pic-smb-transport smb_transport stat ms=18.9
NETWORK t= 52101.0ms dt=    0.7ms tid=pic-smb-transport smb_client_context_freed
NETWORK t= 52101.0ms dt=    0.0ms tid=ThreadId(1109) smb_stat_start url=smb://DietPi.local/4TBS/sg1 lane=background
NETWORK t= 52101.8ms dt=    0.8ms tid=ThreadId(1089) nfs_helper_read_ok uri=nfs://DietPi.local/mnt/4TBP/Work/Arise2014/327285_slova_bukvy_nadpis_fon_1920x1200_(www.GdeFon.ru).jpg bytes=494944
NETWORK t= 52101.9ms dt=    0.0ms tid=ThreadId(1089) read_done uri=nfs://DietPi.local/mnt/4TBP/Work/Arise2014/327285_slova_bukvy_nadpis_fon_1920x1200_(www.GdeFon.ru).jpg bytes=494944 ms=26.7
NETWORK t= 52103.4ms dt=    1.5ms tid=pic-smb-transport smb_client_new_start
NETWORK t= 52104.0ms dt=    0.6ms tid=pic-smb-transport smb_client_context_created
NETWORK t= 52104.0ms dt=    0.0ms tid=pic-smb-transport smb_client_init_start
NETWORK t= 52104.0ms dt=    0.0ms tid=pic-smb-transport smb_client_init_done
NETWORK t= 52111.8ms dt=    7.7ms tid=ThreadId(1089) materialize_start uri=nfs://DietPi.local/mnt/4TBP/Work/Arise2014/327285_slova_bukvy_nadpis_fon_1920x1200_(www.GdeFon.ru).jpg
NETWORK t= 52111.8ms dt=    0.1ms tid=ThreadId(1089) read_start uri=nfs://DietPi.local/mnt/4TBP/Work/Arise2014/327285_slova_bukvy_nadpis_fon_1920x1200_(www.GdeFon.ru).jpg
NETWORK t= 52113.6ms dt=    1.8ms tid=ThreadId(1088) nfs_helper_read_ok uri=nfs://DietPi.local/mnt/4TBP/Work/Arise2014/Video/Image1.png bytes=615837
NETWORK t= 52113.6ms dt=    0.0ms tid=ThreadId(1088) read_done uri=nfs://DietPi.local/mnt/4TBP/Work/Arise2014/Video/Image1.png bytes=615837 ms=35.6
NETWORK t= 52113.8ms dt=    0.2ms tid=ThreadId(1088) materialize_done uri=nfs://DietPi.local/mnt/4TBP/Work/Arise2014/Video/Image1.png path=/home/peet/.cache/picasa-rs/source/g/d294474d5164d1145527de48783740c7869d5c8338bdea8750405e657b56e1e2.png ms=35.9
NETWORK t= 52116.8ms dt=    3.0ms tid=ThreadId(1088) read_start uri=nfs://DietPi.local/mnt/4TBP/Work/Arise2014/Video/Image2.png
NETWORK t= 52123.0ms dt=    6.2ms tid=pic-smb-transport smb_transport stat ms=19.0
NETWORK t= 52123.5ms dt=    0.5ms tid=pic-smb-transport smb_client_context_freed
NETWORK t= 52123.6ms dt=    0.0ms tid=ThreadId(1109) smb_stat_start url=smb://DietPi.local/epg/ lane=background
NETWORK t= 52124.0ms dt=    0.5ms tid=ThreadId(1089) nfs_helper_read_ok uri=nfs://DietPi.local/mnt/4TBP/Work/Arise2014/327285_slova_bukvy_nadpis_fon_1920x1200_(www.GdeFon.ru).jpg bytes=494944
NETWORK t= 52124.0ms dt=    0.0ms tid=ThreadId(1089) read_done uri=nfs://DietPi.local/mnt/4TBP/Work/Arise2014/327285_slova_bukvy_nadpis_fon_1920x1200_(www.GdeFon.ru).jpg bytes=494944 ms=12.2
NETWORK t= 52124.2ms dt=    0.2ms tid=ThreadId(1089) materialize_done uri=nfs://DietPi.local/mnt/4TBP/Work/Arise2014/327285_slova_bukvy_nadpis_fon_1920x1200_(www.GdeFon.ru).jpg path=/home/peet/.cache/picasa-rs/source/m/f706df933c988fae11f9e29681e8304f48eb579a090e3a4ae3ebd49529f8b7fb.jpg ms=12.4
NETWORK t= 52126.1ms dt=    1.9ms tid=pic-smb-transport smb_client_new_start
NETWORK t= 52126.8ms dt=    0.6ms tid=pic-smb-transport smb_client_context_created
NETWORK t= 52126.8ms dt=    0.0ms tid=pic-smb-transport smb_client_init_start
NETWORK t= 52126.8ms dt=    0.0ms tid=pic-smb-transport smb_client_init_done
NETWORK t= 52127.3ms dt=    0.5ms tid=ThreadId(1089) read_start uri=nfs://DietPi.local/mnt/4TBP/Work/Arise2014/Logo-PNG.png
NETWORK t= 52139.9ms dt=   12.6ms tid=pic-smb-transport smb_transport stat ms=13.1
NETWORK t= 52140.3ms dt=    0.4ms tid=pic-smb-transport smb_client_context_freed
NETWORK t= 52157.3ms dt=   17.0ms tid=ThreadId(1088) nfs_helper_read_ok uri=nfs://DietPi.local/mnt/4TBP/Work/Arise2014/Video/Image2.png bytes=728106
NETWORK t= 52157.3ms dt=    0.0ms tid=ThreadId(1088) read_done uri=nfs://DietPi.local/mnt/4TBP/Work/Arise2014/Video/Image2.png bytes=728106 ms=40.4
NETWORK t= 52166.1ms dt=    8.8ms tid=ThreadId(1088) materialize_start uri=nfs://DietPi.local/mnt/4TBP/Work/Arise2014/Video/Image2.png
NETWORK t= 52166.2ms dt=    0.1ms tid=ThreadId(1088) read_start uri=nfs://DietPi.local/mnt/4TBP/Work/Arise2014/Video/Image2.png
NETWORK t= 52173.6ms dt=    7.4ms tid=ThreadId(1089) nfs_helper_read_ok uri=nfs://DietPi.local/mnt/4TBP/Work/Arise2014/Logo-PNG.png bytes=252995
NETWORK t= 52173.6ms dt=    0.0ms tid=ThreadId(1089) read_done uri=nfs://DietPi.local/mnt/4TBP/Work/Arise2014/Logo-PNG.png bytes=252995 ms=46.3
NETWORK t= 52176.6ms dt=    3.0ms tid=ThreadId(1089) materialize_start uri=nfs://DietPi.local/mnt/4TBP/Work/Arise2014/Logo-PNG.png
NETWORK t= 52176.7ms dt=    0.1ms tid=ThreadId(1089) read_start uri=nfs://DietPi.local/mnt/4TBP/Work/Arise2014/Logo-PNG.png
NETWORK t= 52176.8ms dt=    0.1ms tid=main shares_refresh_start op=8
NETWORK t= 52178.1ms dt=    1.3ms tid=main shares_refresh_done count=10 op=8
NETWORK t= 52187.6ms dt=    9.5ms tid=main filter_selected All op=9 op=9
NETWORK t= 52187.6ms dt=    0.0ms tid=main filter_selected_begin op=9
NETWORK t= 52187.6ms dt=    0.0ms tid=main apply_filter_start filter=All exact=false op=9
NETWORK t= 52187.7ms dt=    0.0ms tid=main apply_filter_unchanged suppress_rebuild=true op=9
NETWORK t= 52187.7ms dt=    0.0ms tid=main apply_filter_done op=9
NETWORK t= 52187.7ms dt=    0.0ms tid=main filter_selected_end op=9
NETWORK t= 52190.1ms dt=    2.4ms tid=ThreadId(1088) nfs_helper_read_ok uri=nfs://DietPi.local/mnt/4TBP/Work/Arise2014/Video/Image2.png bytes=728106
NETWORK t= 52190.1ms dt=    0.0ms tid=ThreadId(1088) read_done uri=nfs://DietPi.local/mnt/4TBP/Work/Arise2014/Video/Image2.png bytes=728106 ms=23.9
NETWORK t= 52190.4ms dt=    0.2ms tid=ThreadId(1088) materialize_done uri=nfs://DietPi.local/mnt/4TBP/Work/Arise2014/Video/Image2.png path=/home/peet/.cache/picasa-rs/source/d/e83906a82976812f8904334a28b78ed86b214104f62d8c582617bb60399b22d2.png ms=24.2
NETWORK t= 52193.3ms dt=    3.0ms tid=ThreadId(1088) read_start uri=nfs://DietPi.local/mnt/4TBP/Work/Arise2014/Video/Trailer/DSC_3214.JPG
NETWORK t= 52197.0ms dt=    3.7ms tid=ThreadId(1089) nfs_helper_read_ok uri=nfs://DietPi.local/mnt/4TBP/Work/Arise2014/Logo-PNG.png bytes=252995
NETWORK t= 52197.0ms dt=    0.0ms tid=ThreadId(1089) read_done uri=nfs://DietPi.local/mnt/4TBP/Work/Arise2014/Logo-PNG.png bytes=252995 ms=20.3
NETWORK t= 52197.2ms dt=    0.1ms tid=ThreadId(1089) materialize_done uri=nfs://DietPi.local/mnt/4TBP/Work/Arise2014/Logo-PNG.png path=/home/peet/.cache/picasa-rs/source/i/33d2a310f14b94fe0eeb2aa2809d4a04b31c1a7bbb076eb736c08fd594660aa0.png ms=20.5
NETWORK t= 52199.4ms dt=    2.2ms tid=ThreadId(1089) read_start uri=nfs://DietPi.local/mnt/4TBP/Work/Arise2014/Arise-Logo4-1.jpg
NETWORK t= 52228.3ms dt=   28.9ms tid=main shares_counts_ready count=10 op=9
NETWORK t= 52235.9ms dt=    7.6ms tid=ThreadId(1088) nfs_helper_read_ok uri=nfs://DietPi.local/mnt/4TBP/Work/Arise2014/Video/Trailer/DSC_3214.JPG bytes=1083474
NETWORK t= 52235.9ms dt=    0.0ms tid=ThreadId(1088) read_done uri=nfs://DietPi.local/mnt/4TBP/Work/Arise2014/Video/Trailer/DSC_3214.JPG bytes=1083474 ms=42.5
NETWORK t= 52246.3ms dt=   10.5ms tid=ThreadId(1088) materialize_start uri=nfs://DietPi.local/mnt/4TBP/Work/Arise2014/Video/Trailer/DSC_3214.JPG
NETWORK t= 52246.4ms dt=    0.1ms tid=ThreadId(1088) read_start uri=nfs://DietPi.local/mnt/4TBP/Work/Arise2014/Video/Trailer/DSC_3214.JPG
NETWORK t= 52249.4ms dt=    3.0ms tid=ThreadId(1089) nfs_helper_read_ok uri=nfs://DietPi.local/mnt/4TBP/Work/Arise2014/Arise-Logo4-1.jpg bytes=42417
NETWORK t= 52249.4ms dt=    0.0ms tid=ThreadId(1089) read_done uri=nfs://DietPi.local/mnt/4TBP/Work/Arise2014/Arise-Logo4-1.jpg bytes=42417 ms=50.0
NETWORK t= 52252.4ms dt=    3.0ms tid=ThreadId(1089) materialize_start uri=nfs://DietPi.local/mnt/4TBP/Work/Arise2014/Arise-Logo4-1.jpg
NETWORK t= 52252.4ms dt=    0.0ms tid=ThreadId(1089) read_start uri=nfs://DietPi.local/mnt/4TBP/Work/Arise2014/Arise-Logo4-1.jpg
NETWORK t= 52271.6ms dt=   19.2ms tid=ThreadId(1088) nfs_helper_read_ok uri=nfs://DietPi.local/mnt/4TBP/Work/Arise2014/Video/Trailer/DSC_3214.JPG bytes=1083474
NETWORK t= 52271.7ms dt=    0.0ms tid=ThreadId(1088) read_done uri=nfs://DietPi.local/mnt/4TBP/Work/Arise2014/Video/Trailer/DSC_3214.JPG bytes=1083474 ms=25.2
NETWORK t= 52271.9ms dt=    0.2ms tid=ThreadId(1088) materialize_done uri=nfs://DietPi.local/mnt/4TBP/Work/Arise2014/Video/Trailer/DSC_3214.JPG path=/home/peet/.cache/picasa-rs/source/j/877ff2cdf5b0ca7eb890400553ebff04cad162d4361853c53f2a07c11c9577a9.JPG ms=25.5
NETWORK t= 52274.3ms dt=    2.4ms tid=ThreadId(1088) read_start uri=nfs://DietPi.local/mnt/4TBP/Work/Arise2014/Video/Trailer/DSC_3220.JPG
NETWORK t= 52275.1ms dt=    0.8ms tid=ThreadId(1089) nfs_helper_read_ok uri=nfs://DietPi.local/mnt/4TBP/Work/Arise2014/Arise-Logo4-1.jpg bytes=42417
NETWORK t= 52275.1ms dt=    0.0ms tid=ThreadId(1089) read_done uri=nfs://DietPi.local/mnt/4TBP/Work/Arise2014/Arise-Logo4-1.jpg bytes=42417 ms=22.7
NETWORK t= 52275.2ms dt=    0.1ms tid=ThreadId(1089) materialize_done uri=nfs://DietPi.local/mnt/4TBP/Work/Arise2014/Arise-Logo4-1.jpg path=/home/peet/.cache/picasa-rs/source/9/c531d3aff5f74e460436ca3b82cf6940b0fcf55564b5c33db083096e056e1433.jpg ms=22.8
NETWORK t= 52276.6ms dt=    1.4ms tid=ThreadId(1089) read_start uri=nfs://DietPi.local/mnt/4TBP/Work/Arise2014/img_mouseover3.jpg
NETWORK t= 52320.3ms dt=   43.6ms tid=ThreadId(1088) nfs_helper_read_ok uri=nfs://DietPi.local/mnt/4TBP/Work/Arise2014/Video/Trailer/DSC_3220.JPG bytes=1590600
NETWORK t= 52320.3ms dt=    0.0ms tid=ThreadId(1088) read_done uri=nfs://DietPi.local/mnt/4TBP/Work/Arise2014/Video/Trailer/DSC_3220.JPG bytes=1590600 ms=46.0
NETWORK t= 52332.7ms dt=   12.4ms tid=ThreadId(1088) materialize_start uri=nfs://DietPi.local/mnt/4TBP/Work/Arise2014/Video/Trailer/DSC_3220.JPG
NETWORK t= 52332.8ms dt=    0.1ms tid=ThreadId(1088) read_start uri=nfs://DietPi.local/mnt/4TBP/Work/Arise2014/Video/Trailer/DSC_3220.JPG
NETWORK t= 52337.9ms dt=    5.1ms tid=ThreadId(1089) nfs_helper_read_ok uri=nfs://DietPi.local/mnt/4TBP/Work/Arise2014/img_mouseover3.jpg bytes=11503
NETWORK t= 52337.9ms dt=    0.0ms tid=ThreadId(1089) read_done uri=nfs://DietPi.local/mnt/4TBP/Work/Arise2014/img_mouseover3.jpg bytes=11503 ms=61.2
NETWORK t= 52338.6ms dt=    0.7ms tid=ThreadId(1089) materialize_start uri=nfs://DietPi.local/mnt/4TBP/Work/Arise2014/img_mouseover3.jpg
NETWORK t= 52338.7ms dt=    0.1ms tid=ThreadId(1089) read_start uri=nfs://DietPi.local/mnt/4TBP/Work/Arise2014/img_mouseover3.jpg
NETWORK t= 52369.3ms dt=   30.6ms tid=ThreadId(1088) nfs_helper_read_ok uri=nfs://DietPi.local/mnt/4TBP/Work/Arise2014/Video/Trailer/DSC_3220.JPG bytes=1590600
NETWORK t= 52369.3ms dt=    0.0ms tid=ThreadId(1088) read_done uri=nfs://DietPi.local/mnt/4TBP/Work/Arise2014/Video/Trailer/DSC_3220.JPG bytes=1590600 ms=36.5
NETWORK t= 52369.6ms dt=    0.3ms tid=ThreadId(1088) materialize_done uri=nfs://DietPi.local/mnt/4TBP/Work/Arise2014/Video/Trailer/DSC_3220.JPG path=/home/peet/.cache/picasa-rs/source/g/6e98093d63ea2eb1cd402c6dce18bffbcacdaaee575c098853b4ad19f3e3daa9.JPG ms=36.8
NETWORK t= 52372.1ms dt=    2.5ms tid=ThreadId(1089) nfs_helper_read_ok uri=nfs://DietPi.local/mnt/4TBP/Work/Arise2014/img_mouseover3.jpg bytes=11503
NETWORK t= 52372.1ms dt=    0.0ms tid=ThreadId(1089) read_done uri=nfs://DietPi.local/mnt/4TBP/Work/Arise2014/img_mouseover3.jpg bytes=11503 ms=33.4
NETWORK t= 52372.2ms dt=    0.1ms tid=ThreadId(1089) materialize_done uri=nfs://DietPi.local/mnt/4TBP/Work/Arise2014/img_mouseover3.jpg path=/home/peet/.cache/picasa-rs/source/o/cdb0558100b3c82e35e8c5a46671105056b6b9ce5ba29054ce365940b311f1c5.jpg ms=33.6
NETWORK t= 52372.2ms dt=    0.0ms tid=ThreadId(1088) read_start uri=nfs://DietPi.local/mnt/4TBP/Work/Arise2014/Video/Trailer/DSC_3231.JPG
NETWORK t= 52375.0ms dt=    2.8ms tid=ThreadId(1089) read_start uri=nfs://DietPi.local/mnt/4TBP/Work/Arise2014/Arise-Logo1-6.jpg
NETWORK t= 52404.2ms dt=   29.2ms tid=ThreadId(1088) nfs_helper_read_ok uri=nfs://DietPi.local/mnt/4TBP/Work/Arise2014/Video/Trailer/DSC_3231.JPG bytes=1113200
NETWORK t= 52404.2ms dt=    0.0ms tid=ThreadId(1088) read_done uri=nfs://DietPi.local/mnt/4TBP/Work/Arise2014/Video/Trailer/DSC_3231.JPG bytes=1113200 ms=32.0
NETWORK t= 52408.5ms dt=    4.2ms tid=ThreadId(1089) nfs_helper_read_ok uri=nfs://DietPi.local/mnt/4TBP/Work/Arise2014/Arise-Logo1-6.jpg bytes=33494
NETWORK t= 52408.5ms dt=    0.0ms tid=ThreadId(1089) read_done uri=nfs://DietPi.local/mnt/4TBP/Work/Arise2014/Arise-Logo1-6.jpg bytes=33494 ms=33.5
NETWORK t= 52411.2ms dt=    2.7ms tid=ThreadId(1089) materialize_start uri=nfs://DietPi.local/mnt/4TBP/Work/Arise2014/Arise-Logo1-6.jpg
NETWORK t= 52411.2ms dt=    0.1ms tid=ThreadId(1089) read_start uri=nfs://DietPi.local/mnt/4TBP/Work/Arise2014/Arise-Logo1-6.jpg
NETWORK t= 52414.4ms dt=    3.2ms tid=ThreadId(1089) nfs_helper_read_ok uri=nfs://DietPi.local/mnt/4TBP/Work/Arise2014/Arise-Logo1-6.jpg bytes=33494
NETWORK t= 52414.5ms dt=    0.0ms tid=ThreadId(1089) read_done uri=nfs://DietPi.local/mnt/4TBP/Work/Arise2014/Arise-Logo1-6.jpg bytes=33494 ms=3.2
NETWORK t= 52414.6ms dt=    0.1ms tid=ThreadId(1089) materialize_done uri=nfs://DietPi.local/mnt/4TBP/Work/Arise2014/Arise-Logo1-6.jpg path=/home/peet/.cache/picasa-rs/source/j/6ee3bee0cb9d125d8fa10060087eb2210404db5897912723d5307f8ded10a7e4.jpg ms=3.4
NETWORK t= 52414.9ms dt=    0.3ms tid=ThreadId(1088) materialize_start uri=nfs://DietPi.local/mnt/4TBP/Work/Arise2014/Video/Trailer/DSC_3231.JPG
NETWORK t= 52414.9ms dt=    0.1ms tid=ThreadId(1088) read_start uri=nfs://DietPi.local/mnt/4TBP/Work/Arise2014/Video/Trailer/DSC_3231.JPG
NETWORK t= 52416.4ms dt=    1.5ms tid=ThreadId(1089) read_start uri=nfs://DietPi.local/mnt/4TBP/Work/Arise2014/img_large_watermarked.jpg
NETWORK t= 52436.8ms dt=   20.4ms tid=ThreadId(1088) nfs_helper_read_ok uri=nfs://DietPi.local/mnt/4TBP/Work/Arise2014/Video/Trailer/DSC_3231.JPG bytes=1113200
NETWORK t= 52436.9ms dt=    0.0ms tid=ThreadId(1088) read_done uri=nfs://DietPi.local/mnt/4TBP/Work/Arise2014/Video/Trailer/DSC_3231.JPG bytes=1113200 ms=21.9
NETWORK t= 52437.1ms dt=    0.2ms tid=ThreadId(1088) materialize_done uri=nfs://DietPi.local/mnt/4TBP/Work/Arise2014/Video/Trailer/DSC_3231.JPG path=/home/peet/.cache/picasa-rs/source/t/98f9a2ff5ca1e0dd285fd040c3181d2b4378b2b915b6bf71a315bd2c1f65fb5c.JPG ms=22.2
NETWORK t= 52439.8ms dt=    2.7ms tid=ThreadId(1088) read_start uri=nfs://DietPi.local/mnt/4TBP/Work/Arise2014/Video/Trailer/DSC_3188.JPG
NETWORK t= 52440.1ms dt=    0.3ms tid=ThreadId(1089) nfs_helper_read_ok uri=nfs://DietPi.local/mnt/4TBP/Work/Arise2014/img_large_watermarked.jpg bytes=11738
NETWORK t= 52440.2ms dt=    0.0ms tid=ThreadId(1089) read_done uri=nfs://DietPi.local/mnt/4TBP/Work/Arise2014/img_large_watermarked.jpg bytes=11738 ms=23.7
NETWORK t= 52440.8ms dt=    0.7ms tid=ThreadId(1089) materialize_start uri=nfs://DietPi.local/mnt/4TBP/Work/Arise2014/img_large_watermarked.jpg
NETWORK t= 52440.9ms dt=    0.0ms tid=ThreadId(1089) read_start uri=nfs://DietPi.local/mnt/4TBP/Work/Arise2014/img_large_watermarked.jpg
NETWORK t= 52472.5ms dt=   31.6ms tid=ThreadId(1088) nfs_helper_read_ok uri=nfs://DietPi.local/mnt/4TBP/Work/Arise2014/Video/Trailer/DSC_3188.JPG bytes=1024509
NETWORK t= 52472.5ms dt=    0.0ms tid=ThreadId(1088) read_done uri=nfs://DietPi.local/mnt/4TBP/Work/Arise2014/Video/Trailer/DSC_3188.JPG bytes=1024509 ms=32.7
NETWORK t= 52475.4ms dt=    2.9ms tid=ThreadId(1089) nfs_helper_read_ok uri=nfs://DietPi.local/mnt/4TBP/Work/Arise2014/img_large_watermarked.jpg bytes=11738
NETWORK t= 52475.4ms dt=    0.0ms tid=ThreadId(1089) read_done uri=nfs://DietPi.local/mnt/4TBP/Work/Arise2014/img_large_watermarked.jpg bytes=11738 ms=34.5
NETWORK t= 52475.6ms dt=    0.1ms tid=ThreadId(1089) materialize_done uri=nfs://DietPi.local/mnt/4TBP/Work/Arise2014/img_large_watermarked.jpg path=/home/peet/.cache/picasa-rs/source/v/69bb596fe3d3e4d7be3544679b130a1cfead48bb5f39ca2e008a3e06016629e0.jpg ms=34.7
NETWORK t= 52478.7ms dt=    3.1ms tid=ThreadId(1089) read_start uri=nfs://DietPi.local/mnt/4TBP/Work/Arise2014/AriseLogoConcept1-2.jpg
NETWORK t= 52481.7ms dt=    3.1ms tid=ThreadId(1088) materialize_start uri=nfs://DietPi.local/mnt/4TBP/Work/Arise2014/Video/Trailer/DSC_3188.JPG
NETWORK t= 52481.8ms dt=    0.1ms tid=ThreadId(1088) read_start uri=nfs://DietPi.local/mnt/4TBP/Work/Arise2014/Video/Trailer/DSC_3188.JPG
NETWORK t= 52483.0ms dt=    1.3ms tid=ThreadId(1089) nfs_helper_read_ok uri=nfs://DietPi.local/mnt/4TBP/Work/Arise2014/AriseLogoConcept1-2.jpg bytes=14217
NETWORK t= 52483.1ms dt=    0.0ms tid=ThreadId(1089) read_done uri=nfs://DietPi.local/mnt/4TBP/Work/Arise2014/AriseLogoConcept1-2.jpg bytes=14217 ms=4.4
NETWORK t= 52484.2ms dt=    1.1ms tid=ThreadId(1089) materialize_start uri=nfs://DietPi.local/mnt/4TBP/Work/Arise2014/AriseLogoConcept1-2.jpg
NETWORK t= 52484.2ms dt=    0.0ms tid=ThreadId(1089) read_start uri=nfs://DietPi.local/mnt/4TBP/Work/Arise2014/AriseLogoConcept1-2.jpg
NETWORK t= 52504.3ms dt=   20.1ms tid=ThreadId(1088) nfs_helper_read_ok uri=nfs://DietPi.local/mnt/4TBP/Work/Arise2014/Video/Trailer/DSC_3188.JPG bytes=1024509
NETWORK t= 52504.3ms dt=    0.0ms tid=ThreadId(1088) read_done uri=nfs://DietPi.local/mnt/4TBP/Work/Arise2014/Video/Trailer/DSC_3188.JPG bytes=1024509 ms=22.5
NETWORK t= 52504.5ms dt=    0.2ms tid=ThreadId(1088) materialize_done uri=nfs://DietPi.local/mnt/4TBP/Work/Arise2014/Video/Trailer/DSC_3188.JPG path=/home/peet/.cache/picasa-rs/source/6/7596a5f0569d02fcb4eaeee67f2b43f4e95e543379c74a69758de8b786a3ec36.JPG ms=22.8
NETWORK t= 52507.0ms dt=    2.5ms tid=ThreadId(1088) read_start uri=nfs://DietPi.local/mnt/4TBP/Work/Arise2014/Video/Trailer/DSC_3224.JPG
NETWORK t= 52507.4ms dt=    0.4ms tid=ThreadId(1089) nfs_helper_read_ok uri=nfs://DietPi.local/mnt/4TBP/Work/Arise2014/AriseLogoConcept1-2.jpg bytes=14217
NETWORK t= 52507.5ms dt=    0.0ms tid=ThreadId(1089) read_done uri=nfs://DietPi.local/mnt/4TBP/Work/Arise2014/AriseLogoConcept1-2.jpg bytes=14217 ms=23.2
NETWORK t= 52507.5ms dt=    0.1ms tid=ThreadId(1089) materialize_done uri=nfs://DietPi.local/mnt/4TBP/Work/Arise2014/AriseLogoConcept1-2.jpg path=/home/peet/.cache/picasa-rs/source/m/e2a2eb3701f793e27a7b0241d992f6c0a7fc258db753224cb4e36130323bde0e.jpg ms=23.3
NETWORK t= 52509.4ms dt=    1.8ms tid=ThreadId(1089) read_start uri=nfs://DietPi.local/mnt/4TBP/Work/Arise2014/images.jpg
NETWORK t= 52535.2ms dt=   25.8ms tid=ThreadId(1088) nfs_helper_read_ok uri=nfs://DietPi.local/mnt/4TBP/Work/Arise2014/Video/Trailer/DSC_3224.JPG bytes=1095112
NETWORK t= 52535.2ms dt=    0.0ms tid=ThreadId(1088) read_done uri=nfs://DietPi.local/mnt/4TBP/Work/Arise2014/Video/Trailer/DSC_3224.JPG bytes=1095112 ms=28.2
NETWORK t= 52544.8ms dt=    9.6ms tid=ThreadId(1088) materialize_start uri=nfs://DietPi.local/mnt/4TBP/Work/Arise2014/Video/Trailer/DSC_3224.JPG
NETWORK t= 52544.9ms dt=    0.0ms tid=ThreadId(1088) read_start uri=nfs://DietPi.local/mnt/4TBP/Work/Arise2014/Video/Trailer/DSC_3224.JPG
NETWORK t= 52554.0ms dt=    9.1ms tid=ThreadId(1089) nfs_helper_read_ok uri=nfs://DietPi.local/mnt/4TBP/Work/Arise2014/images.jpg bytes=4735
NETWORK t= 52554.0ms dt=    0.0ms tid=ThreadId(1089) read_done uri=nfs://DietPi.local/mnt/4TBP/Work/Arise2014/images.jpg bytes=4735 ms=44.6
NETWORK t= 52554.4ms dt=    0.4ms tid=ThreadId(1089) materialize_start uri=nfs://DietPi.local/mnt/4TBP/Work/Arise2014/images.jpg
NETWORK t= 52554.4ms dt=    0.1ms tid=ThreadId(1089) read_start uri=nfs://DietPi.local/mnt/4TBP/Work/Arise2014/images.jpg
NETWORK t= 52576.3ms dt=   21.9ms tid=ThreadId(1088) nfs_helper_read_ok uri=nfs://DietPi.local/mnt/4TBP/Work/Arise2014/Video/Trailer/DSC_3224.JPG bytes=1095112
NETWORK t= 52576.3ms dt=    0.0ms tid=ThreadId(1088) read_done uri=nfs://DietPi.local/mnt/4TBP/Work/Arise2014/Video/Trailer/DSC_3224.JPG bytes=1095112 ms=31.5
NETWORK t= 52576.6ms dt=    0.2ms tid=ThreadId(1088) materialize_done uri=nfs://DietPi.local/mnt/4TBP/Work/Arise2014/Video/Trailer/DSC_3224.JPG path=/home/peet/.cache/picasa-rs/source/y/0c3a5ad2fe56b52a5269d41741d26cf01e9882e0a9ff2a495ccc992d6fcd982a.JPG ms=31.7
NETWORK t= 52579.0ms dt=    2.5ms tid=ThreadId(1089) nfs_helper_read_ok uri=nfs://DietPi.local/mnt/4TBP/Work/Arise2014/images.jpg bytes=4735
NETWORK t= 52579.0ms dt=    0.0ms tid=ThreadId(1089) read_done uri=nfs://DietPi.local/mnt/4TBP/Work/Arise2014/images.jpg bytes=4735 ms=24.6
NETWORK t= 52579.0ms dt=    0.0ms tid=ThreadId(1088) read_start uri=nfs://DietPi.local/mnt/4TBP/Work/Arise2014/Video/Trailer/DSC_3196.JPG
NETWORK t= 52579.1ms dt=    0.1ms tid=ThreadId(1089) materialize_done uri=nfs://DietPi.local/mnt/4TBP/Work/Arise2014/images.jpg path=/home/peet/.cache/picasa-rs/source/u/8ffaf7dffd6b45f298bd34bcc7a287e838c5ee5e1873214fb07119e0e18142f0.jpg ms=24.7
NETWORK t= 52581.3ms dt=    2.2ms tid=ThreadId(1089) read_start uri=nfs://DietPi.local/mnt/4TBP/Work/Arise2014/08_Car_Branding_Mockup_03.jpg
NETWORK t= 52607.5ms dt=   26.2ms tid=ThreadId(1088) nfs_helper_read_ok uri=nfs://DietPi.local/mnt/4TBP/Work/Arise2014/Video/Trailer/DSC_3196.JPG bytes=811382
NETWORK t= 52607.6ms dt=    0.0ms tid=ThreadId(1088) read_done uri=nfs://DietPi.local/mnt/4TBP/Work/Arise2014/Video/Trailer/DSC_3196.JPG bytes=811382 ms=28.5
NETWORK t= 52611.5ms dt=    4.0ms tid=ThreadId(1089) nfs_helper_read_ok uri=nfs://DietPi.local/mnt/4TBP/Work/Arise2014/08_Car_Branding_Mockup_03.jpg bytes=36771
NETWORK t= 52611.6ms dt=    0.0ms tid=ThreadId(1089) read_done uri=nfs://DietPi.local/mnt/4TBP/Work/Arise2014/08_Car_Branding_Mockup_03.jpg bytes=36771 ms=30.3
NETWORK t= 52612.8ms dt=    1.3ms tid=ThreadId(1089) materialize_start uri=nfs://DietPi.local/mnt/4TBP/Work/Arise2014/08_Car_Branding_Mockup_03.jpg
NETWORK t= 52612.9ms dt=    0.0ms tid=ThreadId(1089) read_start uri=nfs://DietPi.local/mnt/4TBP/Work/Arise2014/08_Car_Branding_Mockup_03.jpg
NETWORK t= 52615.8ms dt=    2.9ms tid=ThreadId(1088) materialize_start uri=nfs://DietPi.local/mnt/4TBP/Work/Arise2014/Video/Trailer/DSC_3196.JPG
NETWORK t= 52615.8ms dt=    0.0ms tid=ThreadId(1088) read_start uri=nfs://DietPi.local/mnt/4TBP/Work/Arise2014/Video/Trailer/DSC_3196.JPG
NETWORK t= 52616.5ms dt=    0.7ms tid=ThreadId(1089) nfs_helper_read_ok uri=nfs://DietPi.local/mnt/4TBP/Work/Arise2014/08_Car_Branding_Mockup_03.jpg bytes=36771
NETWORK t= 52616.5ms dt=    0.0ms tid=ThreadId(1089) read_done uri=nfs://DietPi.local/mnt/4TBP/Work/Arise2014/08_Car_Branding_Mockup_03.jpg bytes=36771 ms=3.6
NETWORK t= 52616.7ms dt=    0.1ms tid=ThreadId(1089) materialize_done uri=nfs://DietPi.local/mnt/4TBP/Work/Arise2014/08_Car_Branding_Mockup_03.jpg path=/home/peet/.cache/picasa-rs/source/0/7d4ccd23e443c8cf04a62da2f5f3d3ff4e596bfc96ab1b66bc385c94a4d07c67.jpg ms=3.8
NETWORK t= 52619.7ms dt=    3.0ms tid=ThreadId(1089) read_start uri=nfs://DietPi.local/mnt/4TBP/Work/Arise2014/DSC_2632.png
NETWORK t= 52633.9ms dt=   14.2ms tid=ThreadId(1088) nfs_helper_read_ok uri=nfs://DietPi.local/mnt/4TBP/Work/Arise2014/Video/Trailer/DSC_3196.JPG bytes=811382
NETWORK t= 52633.9ms dt=    0.0ms tid=ThreadId(1088) read_done uri=nfs://DietPi.local/mnt/4TBP/Work/Arise2014/Video/Trailer/DSC_3196.JPG bytes=811382 ms=18.0
NETWORK t= 52634.0ms dt=    0.2ms tid=ThreadId(1088) materialize_done uri=nfs://DietPi.local/mnt/4TBP/Work/Arise2014/Video/Trailer/DSC_3196.JPG path=/home/peet/.cache/picasa-rs/source/4/39887f6954494337b50e14b49d9ec039ed2ad1ef7238ef963e4b918a28ba65be.JPG ms=18.2
NETWORK t= 52636.4ms dt=    2.4ms tid=ThreadId(1088) read_start uri=nfs://DietPi.local/mnt/4TBP/Work/Arise2014/Video/Trailer/DSC_3222.JPG
NETWORK t= 52653.7ms dt=   17.3ms tid=ThreadId(1089) nfs_helper_read_ok uri=nfs://DietPi.local/mnt/4TBP/Work/Arise2014/DSC_2632.png bytes=46119
NETWORK t= 52653.7ms dt=    0.0ms tid=ThreadId(1089) read_done uri=nfs://DietPi.local/mnt/4TBP/Work/Arise2014/DSC_2632.png bytes=46119 ms=34.0
NETWORK t= 52657.3ms dt=    3.6ms tid=ThreadId(1089) materialize_start uri=nfs://DietPi.local/mnt/4TBP/Work/Arise2014/DSC_2632.png
NETWORK t= 52657.4ms dt=    0.1ms tid=ThreadId(1089) read_start uri=nfs://DietPi.local/mnt/4TBP/Work/Arise2014/DSC_2632.png
NETWORK t= 52693.8ms dt=   36.4ms tid=ThreadId(1088) nfs_helper_read_ok uri=nfs://DietPi.local/mnt/4TBP/Work/Arise2014/Video/Trailer/DSC_3222.JPG bytes=1370125
NETWORK t= 52693.8ms dt=    0.0ms tid=ThreadId(1088) read_done uri=nfs://DietPi.local/mnt/4TBP/Work/Arise2014/Video/Trailer/DSC_3222.JPG bytes=1370125 ms=57.4
NETWORK t= 52697.1ms dt=    3.3ms tid=ThreadId(1089) nfs_helper_read_ok uri=nfs://DietPi.local/mnt/4TBP/Work/Arise2014/DSC_2632.png bytes=46119
NETWORK t= 52697.1ms dt=    0.0ms tid=ThreadId(1089) read_done uri=nfs://DietPi.local/mnt/4TBP/Work/Arise2014/DSC_2632.png bytes=46119 ms=39.7
NETWORK t= 52697.2ms dt=    0.1ms tid=ThreadId(1089) materialize_done uri=nfs://DietPi.local/mnt/4TBP/Work/Arise2014/DSC_2632.png path=/home/peet/.cache/picasa-rs/source/8/c8d8d5408a0382e351df6ac72e6d36ff9de0403ce1618db416d50dc9f629d171.png ms=39.9
NETWORK t= 52699.6ms dt=    2.4ms tid=ThreadId(1089) read_start uri=nfs://DietPi.local/mnt/4TBP/Work/Arise2014/Arise-Logo4-1-4.jpg
NETWORK t= 52704.7ms dt=    5.1ms tid=ThreadId(1088) materialize_start uri=nfs://DietPi.local/mnt/4TBP/Work/Arise2014/Video/Trailer/DSC_3222.JPG
NETWORK t= 52704.8ms dt=    0.1ms tid=ThreadId(1088) read_start uri=nfs://DietPi.local/mnt/4TBP/Work/Arise2014/Video/Trailer/DSC_3222.JPG
NETWORK t= 52707.3ms dt=    2.6ms tid=ThreadId(1089) nfs_helper_read_ok uri=nfs://DietPi.local/mnt/4TBP/Work/Arise2014/Arise-Logo4-1-4.jpg bytes=66972
NETWORK t= 52707.4ms dt=    0.0ms tid=ThreadId(1089) read_done uri=nfs://DietPi.local/mnt/4TBP/Work/Arise2014/Arise-Logo4-1-4.jpg bytes=66972 ms=7.8
NETWORK t= 52710.3ms dt=    2.9ms tid=ThreadId(1089) materialize_start uri=nfs://DietPi.local/mnt/4TBP/Work/Arise2014/Arise-Logo4-1-4.jpg
NETWORK t= 52710.3ms dt=    0.1ms tid=ThreadId(1089) read_start uri=nfs://DietPi.local/mnt/4TBP/Work/Arise2014/Arise-Logo4-1-4.jpg
NETWORK t= 52735.2ms dt=   24.9ms tid=ThreadId(1088) nfs_helper_read_ok uri=nfs://DietPi.local/mnt/4TBP/Work/Arise2014/Video/Trailer/DSC_3222.JPG bytes=1370125
NETWORK t= 52735.2ms dt=    0.0ms tid=ThreadId(1088) read_done uri=nfs://DietPi.local/mnt/4TBP/Work/Arise2014/Video/Trailer/DSC_3222.JPG bytes=1370125 ms=30.4
NETWORK t= 52735.4ms dt=    0.2ms tid=ThreadId(1088) materialize_done uri=nfs://DietPi.local/mnt/4TBP/Work/Arise2014/Video/Trailer/DSC_3222.JPG path=/home/peet/.cache/picasa-rs/source/l/812d37cc97ccf3732f350aeaed7136a0110631de656c57042fda6e6fe480c357.JPG ms=30.7
NETWORK t= 52738.0ms dt=    2.5ms tid=ThreadId(1088) read_start uri=nfs://DietPi.local/mnt/4TBP/Work/Arise2014/Video/Trailer/DSC_3227.JPG
NETWORK t= 52739.2ms dt=    1.2ms tid=ThreadId(1089) nfs_helper_read_ok uri=nfs://DietPi.local/mnt/4TBP/Work/Arise2014/Arise-Logo4-1-4.jpg bytes=66972
NETWORK t= 52739.2ms dt=    0.0ms tid=ThreadId(1089) read_done uri=nfs://DietPi.local/mnt/4TBP/Work/Arise2014/Arise-Logo4-1-4.jpg bytes=66972 ms=28.9
NETWORK t= 52739.3ms dt=    0.1ms tid=ThreadId(1089) materialize_done uri=nfs://DietPi.local/mnt/4TBP/Work/Arise2014/Arise-Logo4-1-4.jpg path=/home/peet/.cache/picasa-rs/source/e/585e501232a2688e6a2129e968a6471580ef8b151e5ed411ec00a7e60608ae8b.jpg ms=29.0
NETWORK t= 52740.7ms dt=    1.4ms tid=ThreadId(1089) read_start uri=nfs://DietPi.local/mnt/4TBP/Work/Arise2014/Young-WOmen2.png
NETWORK t= 52768.9ms dt=   28.1ms tid=ThreadId(1088) nfs_helper_read_ok uri=nfs://DietPi.local/mnt/4TBP/Work/Arise2014/Video/Trailer/DSC_3227.JPG bytes=1051469
NETWORK t= 52768.9ms dt=    0.0ms tid=ThreadId(1088) read_done uri=nfs://DietPi.local/mnt/4TBP/Work/Arise2014/Video/Trailer/DSC_3227.JPG bytes=1051469 ms=30.9
NETWORK t= 52778.4ms dt=    9.6ms tid=ThreadId(1088) materialize_start uri=nfs://DietPi.local/mnt/4TBP/Work/Arise2014/Video/Trailer/DSC_3227.JPG
NETWORK t= 52778.5ms dt=    0.1ms tid=ThreadId(1088) read_start uri=nfs://DietPi.local/mnt/4TBP/Work/Arise2014/Video/Trailer/DSC_3227.JPG
NETWORK t= 52793.1ms dt=   14.6ms tid=ThreadId(1089) nfs_helper_read_ok uri=nfs://DietPi.local/mnt/4TBP/Work/Arise2014/Young-WOmen2.png bytes=517338
NETWORK t= 52793.1ms dt=    0.0ms tid=ThreadId(1089) read_done uri=nfs://DietPi.local/mnt/4TBP/Work/Arise2014/Young-WOmen2.png bytes=517338 ms=52.4
NETWORK t= 52798.3ms dt=    5.1ms tid=ThreadId(1089) materialize_start uri=nfs://DietPi.local/mnt/4TBP/Work/Arise2014/Young-WOmen2.png
NETWORK t= 52798.3ms dt=    0.1ms tid=ThreadId(1089) read_start uri=nfs://DietPi.local/mnt/4TBP/Work/Arise2014/Young-WOmen2.png
NETWORK t= 52814.3ms dt=   16.0ms tid=ThreadId(1088) nfs_helper_read_ok uri=nfs://DietPi.local/mnt/4TBP/Work/Arise2014/Video/Trailer/DSC_3227.JPG bytes=1051469
NETWORK t= 52814.3ms dt=    0.0ms tid=ThreadId(1088) read_done uri=nfs://DietPi.local/mnt/4TBP/Work/Arise2014/Video/Trailer/DSC_3227.JPG bytes=1051469 ms=35.8
NETWORK t= 52814.5ms dt=    0.2ms tid=ThreadId(1088) materialize_done uri=nfs://DietPi.local/mnt/4TBP/Work/Arise2014/Video/Trailer/DSC_3227.JPG path=/home/peet/.cache/picasa-rs/source/o/e9ac904a1df9d4a492eed68235fd03cc2a1324b8b015421203dcd93ab82bc8b0.JPG ms=36.1
NETWORK t= 52817.1ms dt=    2.6ms tid=ThreadId(1088) read_start uri=nfs://DietPi.local/mnt/4TBP/Work/Arise2014/Video/Trailer/DSC_3186.JPG
NETWORK t= 52825.8ms dt=    8.7ms tid=ThreadId(1089) nfs_helper_read_ok uri=nfs://DietPi.local/mnt/4TBP/Work/Arise2014/Young-WOmen2.png bytes=517338
NETWORK t= 52825.8ms dt=    0.0ms tid=ThreadId(1089) read_done uri=nfs://DietPi.local/mnt/4TBP/Work/Arise2014/Young-WOmen2.png bytes=517338 ms=27.5
NETWORK t= 52826.0ms dt=    0.2ms tid=ThreadId(1089) materialize_done uri=nfs://DietPi.local/mnt/4TBP/Work/Arise2014/Young-WOmen2.png path=/home/peet/.cache/picasa-rs/source/j/446bca49fa346222fc8e534814daae976f94b910605958e42cc5cbc2c50c2cce.png ms=27.7
NETWORK t= 52828.6ms dt=    2.6ms tid=ThreadId(1089) read_start uri=nfs://DietPi.local/mnt/4TBP/Work/Arise2014/Arise-Logo4-1-c222.jpg
NETWORK t= 52863.5ms dt=   34.9ms tid=ThreadId(1088) nfs_helper_read_ok uri=nfs://DietPi.local/mnt/4TBP/Work/Arise2014/Video/Trailer/DSC_3186.JPG bytes=847324
NETWORK t= 52863.5ms dt=    0.0ms tid=ThreadId(1088) read_done uri=nfs://DietPi.local/mnt/4TBP/Work/Arise2014/Video/Trailer/DSC_3186.JPG bytes=847324 ms=46.4
NETWORK t= 52869.2ms dt=    5.7ms tid=ThreadId(1089) nfs_helper_read_ok uri=nfs://DietPi.local/mnt/4TBP/Work/Arise2014/Arise-Logo4-1-c222.jpg bytes=100221
NETWORK t= 52869.2ms dt=    0.0ms tid=ThreadId(1089) read_done uri=nfs://DietPi.local/mnt/4TBP/Work/Arise2014/Arise-Logo4-1-c222.jpg bytes=100221 ms=40.6
NETWORK t= 52871.6ms dt=    2.5ms tid=ThreadId(1088) materialize_start uri=nfs://DietPi.local/mnt/4TBP/Work/Arise2014/Video/Trailer/DSC_3186.JPG
NETWORK t= 52871.7ms dt=    0.1ms tid=ThreadId(1088) read_start uri=nfs://DietPi.local/mnt/4TBP/Work/Arise2014/Video/Trailer/DSC_3186.JPG
NETWORK t= 52874.2ms dt=    2.5ms tid=ThreadId(1089) materialize_start uri=nfs://DietPi.local/mnt/4TBP/Work/Arise2014/Arise-Logo4-1-c222.jpg
NETWORK t= 52874.3ms dt=    0.1ms tid=ThreadId(1089) read_start uri=nfs://DietPi.local/mnt/4TBP/Work/Arise2014/Arise-Logo4-1-c222.jpg
NETWORK t= 52889.7ms dt=   15.4ms tid=ThreadId(1088) nfs_helper_read_ok uri=nfs://DietPi.local/mnt/4TBP/Work/Arise2014/Video/Trailer/DSC_3186.JPG bytes=847324
NETWORK t= 52889.7ms dt=    0.0ms tid=ThreadId(1088) read_done uri=nfs://DietPi.local/mnt/4TBP/Work/Arise2014/Video/Trailer/DSC_3186.JPG bytes=847324 ms=18.0
NETWORK t= 52889.9ms dt=    0.2ms tid=ThreadId(1088) materialize_done uri=nfs://DietPi.local/mnt/4TBP/Work/Arise2014/Video/Trailer/DSC_3186.JPG path=/home/peet/.cache/picasa-rs/source/r/976bb8d0de382a3c41064c95587f79ed0a30991f1464190ca9e075f163385d77.JPG ms=18.3
NETWORK t= 52892.5ms dt=    2.5ms tid=ThreadId(1088) read_start uri=nfs://DietPi.local/mnt/4TBP/Work/Arise2014/Video/Trailer/DSC_3229.JPG
NETWORK t= 52894.2ms dt=    1.7ms tid=ThreadId(1089) nfs_helper_read_ok uri=nfs://DietPi.local/mnt/4TBP/Work/Arise2014/Arise-Logo4-1-c222.jpg bytes=100221
NETWORK t= 52894.2ms dt=    0.0ms tid=ThreadId(1089) read_done uri=nfs://DietPi.local/mnt/4TBP/Work/Arise2014/Arise-Logo4-1-c222.jpg bytes=100221 ms=19.9
NETWORK t= 52894.3ms dt=    0.1ms tid=ThreadId(1089) materialize_done uri=nfs://DietPi.local/mnt/4TBP/Work/Arise2014/Arise-Logo4-1-c222.jpg path=/home/peet/.cache/picasa-rs/source/i/f13e5c4e3c417159e7ea1b95617818a7b8437dfc007efa4eb690ae14f06764d4.jpg ms=20.1
NETWORK t= 52895.9ms dt=    1.6ms tid=ThreadId(1089) read_start uri=nfs://DietPi.local/mnt/4TBP/Work/Arise2014/73ddc98fa43f6b4dcfcb74f4ec4c0de8.png
NETWORK t= 52919.0ms dt=   23.0ms tid=ThreadId(1088) nfs_helper_read_ok uri=nfs://DietPi.local/mnt/4TBP/Work/Arise2014/Video/Trailer/DSC_3229.JPG bytes=1174238
NETWORK t= 52919.0ms dt=    0.0ms tid=ThreadId(1088) read_done uri=nfs://DietPi.local/mnt/4TBP/Work/Arise2014/Video/Trailer/DSC_3229.JPG bytes=1174238 ms=26.4
NETWORK t= 52930.3ms dt=   11.4ms tid=ThreadId(1088) materialize_start uri=nfs://DietPi.local/mnt/4TBP/Work/Arise2014/Video/Trailer/DSC_3229.JPG
NETWORK t= 52930.4ms dt=    0.1ms tid=ThreadId(1088) read_start uri=nfs://DietPi.local/mnt/4TBP/Work/Arise2014/Video/Trailer/DSC_3229.JPG
NETWORK t= 52942.5ms dt=   12.1ms tid=ThreadId(1089) nfs_helper_read_ok uri=nfs://DietPi.local/mnt/4TBP/Work/Arise2014/73ddc98fa43f6b4dcfcb74f4ec4c0de8.png bytes=116606
NETWORK t= 52942.5ms dt=    0.0ms tid=ThreadId(1089) read_done uri=nfs://DietPi.local/mnt/4TBP/Work/Arise2014/73ddc98fa43f6b4dcfcb74f4ec4c0de8.png bytes=116606 ms=46.6
NETWORK t= 52944.0ms dt=    1.5ms tid=ThreadId(1089) materialize_start uri=nfs://DietPi.local/mnt/4TBP/Work/Arise2014/73ddc98fa43f6b4dcfcb74f4ec4c0de8.png
NETWORK t= 52944.1ms dt=    0.1ms tid=ThreadId(1089) read_start uri=nfs://DietPi.local/mnt/4TBP/Work/Arise2014/73ddc98fa43f6b4dcfcb74f4ec4c0de8.png
NETWORK t= 52966.2ms dt=   22.1ms tid=ThreadId(1088) nfs_helper_read_ok uri=nfs://DietPi.local/mnt/4TBP/Work/Arise2014/Video/Trailer/DSC_3229.JPG bytes=1174238
NETWORK t= 52966.2ms dt=    0.0ms tid=ThreadId(1088) read_done uri=nfs://DietPi.local/mnt/4TBP/Work/Arise2014/Video/Trailer/DSC_3229.JPG bytes=1174238 ms=35.8
NETWORK t= 52966.6ms dt=    0.4ms tid=ThreadId(1088) materialize_done uri=nfs://DietPi.local/mnt/4TBP/Work/Arise2014/Video/Trailer/DSC_3229.JPG path=/home/peet/.cache/picasa-rs/source/k/63385e73ee2952adea792ec793208124df75846a92a5c3f0fa342e98cc0ea8d2.JPG ms=36.2
NETWORK t= 52970.2ms dt=    3.6ms tid=ThreadId(1088) read_start uri=nfs://DietPi.local/mnt/4TBP/Work/Arise2014/Video/Trailer/DSC_3223.JPG
NETWORK t= 52971.1ms dt=    0.9ms tid=ThreadId(1089) nfs_helper_read_ok uri=nfs://DietPi.local/mnt/4TBP/Work/Arise2014/73ddc98fa43f6b4dcfcb74f4ec4c0de8.png bytes=116606
NETWORK t= 52971.1ms dt=    0.0ms tid=ThreadId(1089) read_done uri=nfs://DietPi.local/mnt/4TBP/Work/Arise2014/73ddc98fa43f6b4dcfcb74f4ec4c0de8.png bytes=116606 ms=27.0
NETWORK t= 52971.2ms dt=    0.1ms tid=ThreadId(1089) materialize_done uri=nfs://DietPi.local/mnt/4TBP/Work/Arise2014/73ddc98fa43f6b4dcfcb74f4ec4c0de8.png path=/home/peet/.cache/picasa-rs/source/r/d0ef8a79500be094116aeb3dc2149b661846a6a4d5faac88bf7de7e05ba56149.png ms=27.2
NETWORK t= 52975.2ms dt=    3.9ms tid=ThreadId(1089) read_start uri=nfs://DietPi.local/mnt/4TBP/Work/Arise2014/Arise-Logo4-1-C.jpg
NETWORK t= 53009.0ms dt=   33.8ms tid=ThreadId(1088) nfs_helper_read_ok uri=nfs://DietPi.local/mnt/4TBP/Work/Arise2014/Video/Trailer/DSC_3223.JPG bytes=1114593
NETWORK t= 53009.0ms dt=    0.0ms tid=ThreadId(1088) read_done uri=nfs://DietPi.local/mnt/4TBP/Work/Arise2014/Video/Trailer/DSC_3223.JPG bytes=1114593 ms=38.8
NETWORK t= 53014.4ms dt=    5.4ms tid=ThreadId(1089) nfs_helper_read_ok uri=nfs://DietPi.local/mnt/4TBP/Work/Arise2014/Arise-Logo4-1-C.jpg bytes=87482
NETWORK t= 53014.4ms dt=    0.0ms tid=ThreadId(1089) read_done uri=nfs://DietPi.local/mnt/4TBP/Work/Arise2014/Arise-Logo4-1-C.jpg bytes=87482 ms=39.3
NETWORK t= 53020.2ms dt=    5.8ms tid=ThreadId(1088) materialize_start uri=nfs://DietPi.local/mnt/4TBP/Work/Arise2014/Video/Trailer/DSC_3223.JPG
NETWORK t= 53020.3ms dt=    0.1ms tid=ThreadId(1088) read_start uri=nfs://DietPi.local/mnt/4TBP/Work/Arise2014/Video/Trailer/DSC_3223.JPG
NETWORK t= 53020.6ms dt=    0.4ms tid=ThreadId(1089) materialize_start uri=nfs://DietPi.local/mnt/4TBP/Work/Arise2014/Arise-Logo4-1-C.jpg
NETWORK t= 53020.7ms dt=    0.1ms tid=ThreadId(1089) read_start uri=nfs://DietPi.local/mnt/4TBP/Work/Arise2014/Arise-Logo4-1-C.jpg
NETWORK t= 53044.1ms dt=   23.4ms tid=ThreadId(1088) nfs_helper_read_ok uri=nfs://DietPi.local/mnt/4TBP/Work/Arise2014/Video/Trailer/DSC_3223.JPG bytes=1114593
NETWORK t= 53044.1ms dt=    0.0ms tid=ThreadId(1088) read_done uri=nfs://DietPi.local/mnt/4TBP/Work/Arise2014/Video/Trailer/DSC_3223.JPG bytes=1114593 ms=23.8
NETWORK t= 53044.4ms dt=    0.3ms tid=ThreadId(1088) materialize_done uri=nfs://DietPi.local/mnt/4TBP/Work/Arise2014/Video/Trailer/DSC_3223.JPG path=/home/peet/.cache/picasa-rs/source/6/892249350973813d874732908aea55082be2991c0d23eb6262c883b2cf179871.JPG ms=24.2
NETWORK t= 53047.4ms dt=    2.9ms tid=ThreadId(1088) read_start uri=nfs://DietPi.local/mnt/4TBP/Work/Arise2014/Video/Trailer/DSC_3233.JPG
NETWORK t= 53048.1ms dt=    0.7ms tid=ThreadId(1089) nfs_helper_read_ok uri=nfs://DietPi.local/mnt/4TBP/Work/Arise2014/Arise-Logo4-1-C.jpg bytes=87482
NETWORK t= 53048.1ms dt=    0.0ms tid=ThreadId(1089) read_done uri=nfs://DietPi.local/mnt/4TBP/Work/Arise2014/Arise-Logo4-1-C.jpg bytes=87482 ms=27.4
NETWORK t= 53048.2ms dt=    0.1ms tid=ThreadId(1089) materialize_done uri=nfs://DietPi.local/mnt/4TBP/Work/Arise2014/Arise-Logo4-1-C.jpg path=/home/peet/.cache/picasa-rs/source/8/8c3c567b9ae7d23920f83b77bdf64957e2383191323215bfd0c02be12bdf45a7.jpg ms=27.6
NETWORK t= 53051.0ms dt=    2.7ms tid=ThreadId(1089) read_start uri=nfs://DietPi.local/mnt/4TBP/Work/Arise2014/Wallpaper-PC-1366x768-Grey.jpg
NETWORK t= 53081.9ms dt=   30.9ms tid=ThreadId(1088) nfs_helper_read_ok uri=nfs://DietPi.local/mnt/4TBP/Work/Arise2014/Video/Trailer/DSC_3233.JPG bytes=1112733
NETWORK t= 53081.9ms dt=    0.0ms tid=ThreadId(1088) read_done uri=nfs://DietPi.local/mnt/4TBP/Work/Arise2014/Video/Trailer/DSC_3233.JPG bytes=1112733 ms=34.5
NETWORK t= 53091.9ms dt=   10.0ms tid=ThreadId(1089) nfs_helper_read_ok uri=nfs://DietPi.local/mnt/4TBP/Work/Arise2014/Wallpaper-PC-1366x768-Grey.jpg bytes=171696
NETWORK t= 53091.9ms dt=    0.0ms tid=ThreadId(1089) read_done uri=nfs://DietPi.local/mnt/4TBP/Work/Arise2014/Wallpaper-PC-1366x768-Grey.jpg bytes=171696 ms=40.9
NETWORK t= 53093.0ms dt=    1.1ms tid=ThreadId(1088) materialize_start uri=nfs://DietPi.local/mnt/4TBP/Work/Arise2014/Video/Trailer/DSC_3233.JPG
NETWORK t= 53093.1ms dt=    0.1ms tid=ThreadId(1088) read_start uri=nfs://DietPi.local/mnt/4TBP/Work/Arise2014/Video/Trailer/DSC_3233.JPG
NETWORK t= 53102.0ms dt=    8.9ms tid=ThreadId(1089) materialize_start uri=nfs://DietPi.local/mnt/4TBP/Work/Arise2014/Wallpaper-PC-1366x768-Grey.jpg
NETWORK t= 53102.1ms dt=    0.1ms tid=ThreadId(1089) read_start uri=nfs://DietPi.local/mnt/4TBP/Work/Arise2014/Wallpaper-PC-1366x768-Grey.jpg
NETWORK t= 53115.8ms dt=   13.7ms tid=ThreadId(1088) nfs_helper_read_ok uri=nfs://DietPi.local/mnt/4TBP/Work/Arise2014/Video/Trailer/DSC_3233.JPG bytes=1112733
NETWORK t= 53115.8ms dt=    0.0ms tid=ThreadId(1088) read_done uri=nfs://DietPi.local/mnt/4TBP/Work/Arise2014/Video/Trailer/DSC_3233.JPG bytes=1112733 ms=22.7
NETWORK t= 53116.0ms dt=    0.2ms tid=ThreadId(1088) materialize_done uri=nfs://DietPi.local/mnt/4TBP/Work/Arise2014/Video/Trailer/DSC_3233.JPG path=/home/peet/.cache/picasa-rs/source/p/a8d97a135d5a0a1ea9f3d89e2c2e27072e89ef26de0e370997cdf72fd7e6b2f9.JPG ms=23.0
NETWORK t= 53119.9ms dt=    3.9ms tid=ThreadId(1088) read_start uri=nfs://DietPi.local/mnt/4TBP/Work/Arise2014/Video/Trailer/DSC_3210.JPG
NETWORK t= 53121.9ms dt=    1.9ms tid=ThreadId(1089) nfs_helper_read_ok uri=nfs://DietPi.local/mnt/4TBP/Work/Arise2014/Wallpaper-PC-1366x768-Grey.jpg bytes=171696
NETWORK t= 53121.9ms dt=    0.0ms tid=ThreadId(1089) read_done uri=nfs://DietPi.local/mnt/4TBP/Work/Arise2014/Wallpaper-PC-1366x768-Grey.jpg bytes=171696 ms=19.8
NETWORK t= 53122.0ms dt=    0.1ms tid=ThreadId(1089) materialize_done uri=nfs://DietPi.local/mnt/4TBP/Work/Arise2014/Wallpaper-PC-1366x768-Grey.jpg path=/home/peet/.cache/picasa-rs/source/p/9f25b843b02e5426d705f6d0d1f7b94c59eb439c51b2efede5740d9dffd7b837.jpg ms=20.0
NETWORK t= 53124.1ms dt=    2.1ms tid=ThreadId(1089) read_start uri=nfs://DietPi.local/mnt/4TBP/Work/Arise2014/Banners.jpg
NETWORK t= 53150.7ms dt=   26.6ms tid=ThreadId(684) read_start uri=nfs://DietPi.local/mnt/4TBP/Work/Arise2014/Arise-Logo4-1-c221.jpg
NETWORK t= 53155.4ms dt=    4.7ms tid=ThreadId(1088) nfs_helper_read_ok uri=nfs://DietPi.local/mnt/4TBP/Work/Arise2014/Video/Trailer/DSC_3210.JPG bytes=995528
NETWORK t= 53155.4ms dt=    0.0ms tid=ThreadId(1088) read_done uri=nfs://DietPi.local/mnt/4TBP/Work/Arise2014/Video/Trailer/DSC_3210.JPG bytes=995528 ms=35.5
NETWORK t= 53160.2ms dt=    4.7ms tid=ThreadId(1089) nfs_helper_read_ok uri=nfs://DietPi.local/mnt/4TBP/Work/Arise2014/Banners.jpg bytes=67348
NETWORK t= 53160.2ms dt=    0.0ms tid=ThreadId(1089) read_done uri=nfs://DietPi.local/mnt/4TBP/Work/Arise2014/Banners.jpg bytes=67348 ms=36.1
NETWORK t= 53166.2ms dt=    6.0ms tid=ThreadId(684) nfs_helper_read_ok uri=nfs://DietPi.local/mnt/4TBP/Work/Arise2014/Arise-Logo4-1-c221.jpg bytes=98190
NETWORK t= 53166.2ms dt=    0.0ms tid=ThreadId(684) read_done uri=nfs://DietPi.local/mnt/4TBP/Work/Arise2014/Arise-Logo4-1-c221.jpg bytes=98190 ms=15.5
NETWORK t= 53166.3ms dt=    0.0ms tid=ThreadId(1089) materialize_start uri=nfs://DietPi.local/mnt/4TBP/Work/Arise2014/Banners.jpg
NETWORK t= 53166.5ms dt=    0.2ms tid=ThreadId(1089) read_start uri=nfs://DietPi.local/mnt/4TBP/Work/Arise2014/Banners.jpg
NETWORK t= 53167.3ms dt=    0.8ms tid=ThreadId(1088) materialize_start uri=nfs://DietPi.local/mnt/4TBP/Work/Arise2014/Video/Trailer/DSC_3210.JPG
NETWORK t= 53167.4ms dt=    0.1ms tid=ThreadId(1088) read_start uri=nfs://DietPi.local/mnt/4TBP/Work/Arise2014/Video/Trailer/DSC_3210.JPG
NETWORK t= 53170.4ms dt=    3.0ms tid=ThreadId(1089) nfs_helper_read_ok uri=nfs://DietPi.local/mnt/4TBP/Work/Arise2014/Banners.jpg bytes=67348
NETWORK t= 53170.4ms dt=    0.0ms tid=ThreadId(1089) read_done uri=nfs://DietPi.local/mnt/4TBP/Work/Arise2014/Banners.jpg bytes=67348 ms=3.9
NETWORK t= 53170.6ms dt=    0.1ms tid=ThreadId(1089) materialize_done uri=nfs://DietPi.local/mnt/4TBP/Work/Arise2014/Banners.jpg path=/home/peet/.cache/picasa-rs/source/r/787bc6f4d191fd31f11fe7ba63920a70400854481c55c0574b6cf9678cdfaf2f.jpg ms=4.2
NETWORK t= 53171.4ms dt=    0.8ms tid=ThreadId(684) materialize_start uri=nfs://DietPi.local/mnt/4TBP/Work/Arise2014/Arise-Logo4-1-c221.jpg
NETWORK t= 53171.4ms dt=    0.0ms tid=ThreadId(684) read_start uri=nfs://DietPi.local/mnt/4TBP/Work/Arise2014/Arise-Logo4-1-c221.jpg
NETWORK t= 53175.8ms dt=    4.3ms tid=ThreadId(685) read_start uri=nfs://DietPi.local/mnt/4TBP/Work/Arise2014/Video/Trailer/DSC_3226.JPG
NETWORK t= 53189.5ms dt=   13.8ms tid=ThreadId(1088) nfs_helper_read_ok uri=nfs://DietPi.local/mnt/4TBP/Work/Arise2014/Video/Trailer/DSC_3210.JPG bytes=995528
NETWORK t= 53189.5ms dt=    0.0ms tid=ThreadId(1088) read_done uri=nfs://DietPi.local/mnt/4TBP/Work/Arise2014/Video/Trailer/DSC_3210.JPG bytes=995528 ms=22.1
NETWORK t= 53189.8ms dt=    0.2ms tid=ThreadId(1088) materialize_done uri=nfs://DietPi.local/mnt/4TBP/Work/Arise2014/Video/Trailer/DSC_3210.JPG path=/home/peet/.cache/picasa-rs/source/k/e15c75e658bc9b34165747bcef88366f8a4e134452312acba2ecd172a537f724.JPG ms=22.4
NETWORK t= 53193.5ms dt=    3.7ms tid=ThreadId(684) nfs_helper_read_ok uri=nfs://DietPi.local/mnt/4TBP/Work/Arise2014/Arise-Logo4-1-c221.jpg bytes=98190
NETWORK t= 53193.5ms dt=    0.0ms tid=ThreadId(684) read_done uri=nfs://DietPi.local/mnt/4TBP/Work/Arise2014/Arise-Logo4-1-c221.jpg bytes=98190 ms=22.1
NETWORK t= 53193.6ms dt=    0.1ms tid=ThreadId(684) materialize_done uri=nfs://DietPi.local/mnt/4TBP/Work/Arise2014/Arise-Logo4-1-c221.jpg path=/home/peet/.cache/picasa-rs/source/9/3c5d79d6b1ff987f7351ab1735920fe9032b740234e49d7d2e4f5a020c723df2.jpg ms=22.2
NETWORK t= 53195.6ms dt=    1.9ms tid=ThreadId(684) read_start uri=nfs://DietPi.local/mnt/4TBP/Work/Arise2014/Arise-Logo4-1-3.jpg
NETWORK t= 53235.9ms dt=   40.4ms tid=ThreadId(685) nfs_helper_read_ok uri=nfs://DietPi.local/mnt/4TBP/Work/Arise2014/Video/Trailer/DSC_3226.JPG bytes=1381955
NETWORK t= 53235.9ms dt=    0.0ms tid=ThreadId(685) read_done uri=nfs://DietPi.local/mnt/4TBP/Work/Arise2014/Video/Trailer/DSC_3226.JPG bytes=1381955 ms=60.1
NETWORK t= 53241.0ms dt=    5.1ms tid=ThreadId(684) nfs_helper_read_ok uri=nfs://DietPi.local/mnt/4TBP/Work/Arise2014/Arise-Logo4-1-3.jpg bytes=73698
NETWORK t= 53241.1ms dt=    0.0ms tid=ThreadId(684) read_done uri=nfs://DietPi.local/mnt/4TBP/Work/Arise2014/Arise-Logo4-1-3.jpg bytes=73698 ms=45.5
NETWORK t= 53245.4ms dt=    4.3ms tid=ThreadId(684) materialize_start uri=nfs://DietPi.local/mnt/4TBP/Work/Arise2014/Arise-Logo4-1-3.jpg
NETWORK t= 53245.4ms dt=    0.1ms tid=ThreadId(684) read_start uri=nfs://DietPi.local/mnt/4TBP/Work/Arise2014/Arise-Logo4-1-3.jpg
NETWORK t= 53247.9ms dt=    2.5ms tid=ThreadId(685) materialize_start uri=nfs://DietPi.local/mnt/4TBP/Work/Arise2014/Video/Trailer/DSC_3226.JPG
NETWORK t= 53247.9ms dt=    0.0ms tid=ThreadId(685) read_start uri=nfs://DietPi.local/mnt/4TBP/Work/Arise2014/Video/Trailer/DSC_3226.JPG
NETWORK t= 53249.7ms dt=    1.7ms tid=ThreadId(684) nfs_helper_read_ok uri=nfs://DietPi.local/mnt/4TBP/Work/Arise2014/Arise-Logo4-1-3.jpg bytes=73698
NETWORK t= 53249.7ms dt=    0.0ms tid=ThreadId(684) read_done uri=nfs://DietPi.local/mnt/4TBP/Work/Arise2014/Arise-Logo4-1-3.jpg bytes=73698 ms=4.2
NETWORK t= 53249.8ms dt=    0.1ms tid=ThreadId(684) materialize_done uri=nfs://DietPi.local/mnt/4TBP/Work/Arise2014/Arise-Logo4-1-3.jpg path=/home/peet/.cache/picasa-rs/source/r/9d2f1316a4ef80ab1ae978bf68050beeb5f63952dc3ba0c1b5af6f919cbf1ea3.jpg ms=4.4
NETWORK t= 53251.9ms dt=    2.1ms tid=ThreadId(684) read_start uri=nfs://DietPi.local/mnt/4TBP/Work/Arise2014/Arise%20PowerPoint/T-Shirt-2.jpg
NETWORK t= 53277.4ms dt=   25.6ms tid=ThreadId(685) nfs_helper_read_ok uri=nfs://DietPi.local/mnt/4TBP/Work/Arise2014/Video/Trailer/DSC_3226.JPG bytes=1381955
NETWORK t= 53277.5ms dt=    0.1ms tid=ThreadId(685) read_done uri=nfs://DietPi.local/mnt/4TBP/Work/Arise2014/Video/Trailer/DSC_3226.JPG bytes=1381955 ms=29.5
NETWORK t= 53277.7ms dt=    0.3ms tid=ThreadId(685) materialize_done uri=nfs://DietPi.local/mnt/4TBP/Work/Arise2014/Video/Trailer/DSC_3226.JPG path=/home/peet/.cache/picasa-rs/source/c/1a58d7333f5e511d44c57237f794ee06107bc5a8c44784368a71188262099cff.JPG ms=29.8
NETWORK t= 53280.3ms dt=    2.5ms tid=ThreadId(685) read_start uri=nfs://DietPi.local/mnt/4TBP/Work/Arise2014/Arise%20PowerPoint/Slide3.jpg
NETWORK t= 53280.9ms dt=    0.7ms tid=ThreadId(684) nfs_helper_read_ok uri=nfs://DietPi.local/mnt/4TBP/Work/Arise2014/Arise%20PowerPoint/T-Shirt-2.jpg bytes=36180
NETWORK t= 53281.0ms dt=    0.0ms tid=ThreadId(684) read_done uri=nfs://DietPi.local/mnt/4TBP/Work/Arise2014/Arise%20PowerPoint/T-Shirt-2.jpg bytes=36180 ms=29.1
NETWORK t= 53284.6ms dt=    3.6ms tid=ThreadId(684) materialize_start uri=nfs://DietPi.local/mnt/4TBP/Work/Arise2014/Arise%20PowerPoint/T-Shirt-2.jpg
NETWORK t= 53284.6ms dt=    0.1ms tid=ThreadId(684) read_start uri=nfs://DietPi.local/mnt/4TBP/Work/Arise2014/Arise%20PowerPoint/T-Shirt-2.jpg
NETWORK t= 53290.0ms dt=    5.4ms tid=ThreadId(685) nfs_helper_read_ok uri=nfs://DietPi.local/mnt/4TBP/Work/Arise2014/Arise%20PowerPoint/Slide3.jpg bytes=352055
NETWORK t= 53290.1ms dt=    0.0ms tid=ThreadId(685) read_done uri=nfs://DietPi.local/mnt/4TBP/Work/Arise2014/Arise%20PowerPoint/Slide3.jpg bytes=352055 ms=9.8
NETWORK t= 53293.1ms dt=    3.1ms tid=ThreadId(684) nfs_helper_read_ok uri=nfs://DietPi.local/mnt/4TBP/Work/Arise2014/Arise%20PowerPoint/T-Shirt-2.jpg bytes=36180
NETWORK t= 53293.2ms dt=    0.0ms tid=ThreadId(684) read_done uri=nfs://DietPi.local/mnt/4TBP/Work/Arise2014/Arise%20PowerPoint/T-Shirt-2.jpg bytes=36180 ms=8.5
NETWORK t= 53293.3ms dt=    0.1ms tid=ThreadId(684) materialize_done uri=nfs://DietPi.local/mnt/4TBP/Work/Arise2014/Arise%20PowerPoint/T-Shirt-2.jpg path=/home/peet/.cache/picasa-rs/source/v/e6e32e9d54cc9d5056adb9f64157e190eb4b62006421ea6649701878a110c71d.jpg ms=8.7
NETWORK t= 53296.5ms dt=    3.2ms tid=ThreadId(684) read_start uri=nfs://DietPi.local/mnt/4TBP/Work/Arise2014/Arise%20PowerPoint/Slide10.jpg
NETWORK t= 53306.8ms dt=   10.4ms tid=ThreadId(684) nfs_helper_read_ok uri=nfs://DietPi.local/mnt/4TBP/Work/Arise2014/Arise%20PowerPoint/Slide10.jpg bytes=411949
NETWORK t= 53306.9ms dt=    0.0ms tid=ThreadId(684) read_done uri=nfs://DietPi.local/mnt/4TBP/Work/Arise2014/Arise%20PowerPoint/Slide10.jpg bytes=411949 ms=10.4
NETWORK t= 53310.1ms dt=    3.3ms tid=ThreadId(685) materialize_start uri=nfs://DietPi.local/mnt/4TBP/Work/Arise2014/Arise%20PowerPoint/Slide3.jpg
NETWORK t= 53310.2ms dt=    0.1ms tid=ThreadId(685) read_start uri=nfs://DietPi.local/mnt/4TBP/Work/Arise2014/Arise%20PowerPoint/Slide3.jpg
NETWORK t= 53319.5ms dt=    9.3ms tid=ThreadId(685) nfs_helper_read_ok uri=nfs://DietPi.local/mnt/4TBP/Work/Arise2014/Arise%20PowerPoint/Slide3.jpg bytes=352055
NETWORK t= 53319.5ms dt=    0.0ms tid=ThreadId(685) read_done uri=nfs://DietPi.local/mnt/4TBP/Work/Arise2014/Arise%20PowerPoint/Slide3.jpg bytes=352055 ms=9.3
NETWORK t= 53319.7ms dt=    0.2ms tid=ThreadId(685) materialize_done uri=nfs://DietPi.local/mnt/4TBP/Work/Arise2014/Arise%20PowerPoint/Slide3.jpg path=/home/peet/.cache/picasa-rs/source/c/98c417a9d53cf5db108eda484db52b523b78844724b87e5ca5de060099fdc283.jpg ms=9.5
NETWORK t= 53321.8ms dt=    2.1ms tid=ThreadId(685) read_start uri=nfs://DietPi.local/mnt/4TBP/Work/Arise2014/Arise%20PowerPoint/Slide22.jpg
NETWORK t= 53329.0ms dt=    7.2ms tid=ThreadId(685) nfs_helper_read_ok uri=nfs://DietPi.local/mnt/4TBP/Work/Arise2014/Arise%20PowerPoint/Slide22.jpg bytes=233843
NETWORK t= 53329.0ms dt=    0.0ms tid=ThreadId(685) read_done uri=nfs://DietPi.local/mnt/4TBP/Work/Arise2014/Arise%20PowerPoint/Slide22.jpg bytes=233843 ms=7.2
NETWORK t= 53329.3ms dt=    0.2ms tid=ThreadId(684) materialize_start uri=nfs://DietPi.local/mnt/4TBP/Work/Arise2014/Arise%20PowerPoint/Slide10.jpg
NETWORK t= 53329.3ms dt=    0.1ms tid=ThreadId(684) read_start uri=nfs://DietPi.local/mnt/4TBP/Work/Arise2014/Arise%20PowerPoint/Slide10.jpg
NETWORK t= 53338.7ms dt=    9.4ms tid=ThreadId(684) nfs_helper_read_ok uri=nfs://DietPi.local/mnt/4TBP/Work/Arise2014/Arise%20PowerPoint/Slide10.jpg bytes=411949
NETWORK t= 53338.7ms dt=    0.0ms tid=ThreadId(684) read_done uri=nfs://DietPi.local/mnt/4TBP/Work/Arise2014/Arise%20PowerPoint/Slide10.jpg bytes=411949 ms=9.4
NETWORK t= 53338.9ms dt=    0.2ms tid=ThreadId(684) materialize_done uri=nfs://DietPi.local/mnt/4TBP/Work/Arise2014/Arise%20PowerPoint/Slide10.jpg path=/home/peet/.cache/picasa-rs/source/w/66148110717793804d26931e21bcd0f5580603012e1c68e0ff44237b4d494e34.jpg ms=9.6
NETWORK t= 53342.1ms dt=    3.2ms tid=ThreadId(684) read_start uri=nfs://DietPi.local/mnt/4TBP/Work/Arise2014/Arise%20PowerPoint/Slide11.jpg
NETWORK t= 53346.1ms dt=    4.0ms tid=ThreadId(685) materialize_start uri=nfs://DietPi.local/mnt/4TBP/Work/Arise2014/Arise%20PowerPoint/Slide22.jpg
NETWORK t= 53346.2ms dt=    0.1ms tid=ThreadId(685) read_start uri=nfs://DietPi.local/mnt/4TBP/Work/Arise2014/Arise%20PowerPoint/Slide22.jpg
NETWORK t= 53350.2ms dt=    4.0ms tid=ThreadId(684) nfs_helper_read_ok uri=nfs://DietPi.local/mnt/4TBP/Work/Arise2014/Arise%20PowerPoint/Slide11.jpg bytes=305743
NETWORK t= 53350.2ms dt=    0.0ms tid=ThreadId(684) read_done uri=nfs://DietPi.local/mnt/4TBP/Work/Arise2014/Arise%20PowerPoint/Slide11.jpg bytes=305743 ms=8.1
NETWORK t= 53357.1ms dt=    7.0ms tid=ThreadId(685) nfs_helper_read_ok uri=nfs://DietPi.local/mnt/4TBP/Work/Arise2014/Arise%20PowerPoint/Slide22.jpg bytes=233843
NETWORK t= 53357.2ms dt=    0.0ms tid=ThreadId(685) read_done uri=nfs://DietPi.local/mnt/4TBP/Work/Arise2014/Arise%20PowerPoint/Slide22.jpg bytes=233843 ms=11.0
NETWORK t= 53357.3ms dt=    0.1ms tid=ThreadId(685) materialize_done uri=nfs://DietPi.local/mnt/4TBP/Work/Arise2014/Arise%20PowerPoint/Slide22.jpg path=/home/peet/.cache/picasa-rs/source/3/ef13a4a122d96554bd877eed0d1d22f6175e0883c93680901cc860c7e4447150.jpg ms=11.2
NETWORK t= 53359.6ms dt=    2.3ms tid=ThreadId(685) read_start uri=nfs://DietPi.local/mnt/4TBP/Work/Arise2014/Arise%20PowerPoint/Slide5.jpg
NETWORK t= 53366.0ms dt=    6.5ms tid=ThreadId(684) materialize_start uri=nfs://DietPi.local/mnt/4TBP/Work/Arise2014/Arise%20PowerPoint/Slide11.jpg
NETWORK t= 53366.1ms dt=    0.1ms tid=ThreadId(684) read_start uri=nfs://DietPi.local/mnt/4TBP/Work/Arise2014/Arise%20PowerPoint/Slide11.jpg
NETWORK t= 53372.6ms dt=    6.5ms tid=ThreadId(685) nfs_helper_read_ok uri=nfs://DietPi.local/mnt/4TBP/Work/Arise2014/Arise%20PowerPoint/Slide5.jpg bytes=558381
NETWORK t= 53372.6ms dt=    0.0ms tid=ThreadId(685) read_done uri=nfs://DietPi.local/mnt/4TBP/Work/Arise2014/Arise%20PowerPoint/Slide5.jpg bytes=558381 ms=13.0
NETWORK t= 53380.7ms dt=    8.1ms tid=ThreadId(684) nfs_helper_read_ok uri=nfs://DietPi.local/mnt/4TBP/Work/Arise2014/Arise%20PowerPoint/Slide11.jpg bytes=305743
NETWORK t= 53380.7ms dt=    0.0ms tid=ThreadId(684) read_done uri=nfs://DietPi.local/mnt/4TBP/Work/Arise2014/Arise%20PowerPoint/Slide11.jpg bytes=305743 ms=14.6
NETWORK t= 53380.9ms dt=    0.1ms tid=ThreadId(684) materialize_done uri=nfs://DietPi.local/mnt/4TBP/Work/Arise2014/Arise%20PowerPoint/Slide11.jpg path=/home/peet/.cache/picasa-rs/source/u/dd763d44694aa48adac8dd81d8275a64bba54c141fb9eb5d0505714c94c34452.jpg ms=14.8
NETWORK t= 53383.2ms dt=    2.3ms tid=ThreadId(684) read_start uri=nfs://DietPi.local/mnt/4TBP/Work/Arise2014/Arise%20PowerPoint/Slide02.jpg
NETWORK t= 53391.9ms dt=    8.7ms tid=ThreadId(684) nfs_helper_read_ok uri=nfs://DietPi.local/mnt/4TBP/Work/Arise2014/Arise%20PowerPoint/Slide02.jpg bytes=340316
NETWORK t= 53391.9ms dt=    0.0ms tid=ThreadId(684) read_done uri=nfs://DietPi.local/mnt/4TBP/Work/Arise2014/Arise%20PowerPoint/Slide02.jpg bytes=340316 ms=8.7
NETWORK t= 53394.1ms dt=    2.2ms tid=ThreadId(685) materialize_start uri=nfs://DietPi.local/mnt/4TBP/Work/Arise2014/Arise%20PowerPoint/Slide5.jpg
NETWORK t= 53394.2ms dt=    0.1ms tid=ThreadId(685) read_start uri=nfs://DietPi.local/mnt/4TBP/Work/Arise2014/Arise%20PowerPoint/Slide5.jpg
NETWORK t= 53406.9ms dt=   12.7ms tid=ThreadId(685) nfs_helper_read_ok uri=nfs://DietPi.local/mnt/4TBP/Work/Arise2014/Arise%20PowerPoint/Slide5.jpg bytes=558381
NETWORK t= 53406.9ms dt=    0.0ms tid=ThreadId(685) read_done uri=nfs://DietPi.local/mnt/4TBP/Work/Arise2014/Arise%20PowerPoint/Slide5.jpg bytes=558381 ms=12.7
NETWORK t= 53407.1ms dt=    0.2ms tid=ThreadId(685) materialize_done uri=nfs://DietPi.local/mnt/4TBP/Work/Arise2014/Arise%20PowerPoint/Slide5.jpg path=/home/peet/.cache/picasa-rs/source/a/6aa226c777f659afeb6d072da0aef3f601df80c3478803d42e28037b2136be3a.jpg ms=12.9
NETWORK t= 53409.7ms dt=    2.6ms tid=ThreadId(685) read_start uri=nfs://DietPi.local/mnt/4TBP/Work/Arise2014/AriseTypeBack6.jpg
NETWORK t= 53409.7ms dt=    0.0ms tid=ThreadId(684) materialize_start uri=nfs://DietPi.local/mnt/4TBP/Work/Arise2014/Arise%20PowerPoint/Slide02.jpg
NETWORK t= 53409.8ms dt=    0.1ms tid=ThreadId(684) read_start uri=nfs://DietPi.local/mnt/4TBP/Work/Arise2014/Arise%20PowerPoint/Slide02.jpg
NETWORK t= 53417.1ms dt=    7.4ms tid=ThreadId(685) nfs_helper_read_ok uri=nfs://DietPi.local/mnt/4TBP/Work/Arise2014/AriseTypeBack6.jpg bytes=203578
NETWORK t= 53417.1ms dt=    0.0ms tid=ThreadId(685) read_done uri=nfs://DietPi.local/mnt/4TBP/Work/Arise2014/AriseTypeBack6.jpg bytes=203578 ms=7.4
NETWORK t= 53426.2ms dt=    9.1ms tid=ThreadId(684) nfs_helper_read_ok uri=nfs://DietPi.local/mnt/4TBP/Work/Arise2014/Arise%20PowerPoint/Slide02.jpg bytes=340316
NETWORK t= 53426.2ms dt=    0.0ms tid=ThreadId(684) read_done uri=nfs://DietPi.local/mnt/4TBP/Work/Arise2014/Arise%20PowerPoint/Slide02.jpg bytes=340316 ms=16.5
NETWORK t= 53426.4ms dt=    0.1ms tid=ThreadId(684) materialize_done uri=nfs://DietPi.local/mnt/4TBP/Work/Arise2014/Arise%20PowerPoint/Slide02.jpg path=/home/peet/.cache/picasa-rs/source/t/3e211371440af4533db747bff1e70cd458d2dee93f833745edbeb882e8e84847.jpg ms=16.7
NETWORK t= 53427.9ms dt=    1.5ms tid=ThreadId(685) materialize_start uri=nfs://DietPi.local/mnt/4TBP/Work/Arise2014/AriseTypeBack6.jpg
NETWORK t= 53427.9ms dt=    0.1ms tid=ThreadId(685) read_start uri=nfs://DietPi.local/mnt/4TBP/Work/Arise2014/AriseTypeBack6.jpg
NETWORK t= 53429.4ms dt=    1.5ms tid=ThreadId(684) read_start uri=nfs://DietPi.local/mnt/4TBP/Work/Arise2014/Arise%20PowerPoint/Slide12.jpg
NETWORK t= 53434.1ms dt=    4.7ms tid=ThreadId(685) nfs_helper_read_ok uri=nfs://DietPi.local/mnt/4TBP/Work/Arise2014/AriseTypeBack6.jpg bytes=203578
NETWORK t= 53434.1ms dt=    0.0ms tid=ThreadId(685) read_done uri=nfs://DietPi.local/mnt/4TBP/Work/Arise2014/AriseTypeBack6.jpg bytes=203578 ms=6.2
NETWORK t= 53434.3ms dt=    0.1ms tid=ThreadId(685) materialize_done uri=nfs://DietPi.local/mnt/4TBP/Work/Arise2014/AriseTypeBack6.jpg path=/home/peet/.cache/picasa-rs/source/i/3f12fd469f0bb1dc5dc95fa49c829492821c1f15f451d297fe2a5677309a0521.jpg ms=6.4
NETWORK t= 53437.3ms dt=    3.0ms tid=ThreadId(685) read_start uri=nfs://DietPi.local/mnt/4TBP/Work/Arise2014/Arise%20PowerPoint/Slide8.jpg
NETWORK t= 53442.5ms dt=    5.2ms tid=ThreadId(684) nfs_helper_read_ok uri=nfs://DietPi.local/mnt/4TBP/Work/Arise2014/Arise%20PowerPoint/Slide12.jpg bytes=319281
NETWORK t= 53442.5ms dt=    0.0ms tid=ThreadId(684) read_done uri=nfs://DietPi.local/mnt/4TBP/Work/Arise2014/Arise%20PowerPoint/Slide12.jpg bytes=319281 ms=13.1
NETWORK t= 53448.8ms dt=    6.3ms tid=ThreadId(685) nfs_helper_read_ok uri=nfs://DietPi.local/mnt/4TBP/Work/Arise2014/Arise%20PowerPoint/Slide8.jpg bytes=235716
NETWORK t= 53448.9ms dt=    0.0ms tid=ThreadId(685) read_done uri=nfs://DietPi.local/mnt/4TBP/Work/Arise2014/Arise%20PowerPoint/Slide8.jpg bytes=235716 ms=11.6
NETWORK t= 53460.3ms dt=   11.4ms tid=ThreadId(684) materialize_start uri=nfs://DietPi.local/mnt/4TBP/Work/Arise2014/Arise%20PowerPoint/Slide12.jpg
NETWORK t= 53460.4ms dt=    0.1ms tid=ThreadId(684) read_start uri=nfs://DietPi.local/mnt/4TBP/Work/Arise2014/Arise%20PowerPoint/Slide12.jpg
NETWORK t= 53463.8ms dt=    3.5ms tid=ThreadId(685) materialize_start uri=nfs://DietPi.local/mnt/4TBP/Work/Arise2014/Arise%20PowerPoint/Slide8.jpg
NETWORK t= 53463.9ms dt=    0.1ms tid=ThreadId(685) read_start uri=nfs://DietPi.local/mnt/4TBP/Work/Arise2014/Arise%20PowerPoint/Slide8.jpg
NETWORK t= 53469.2ms dt=    5.3ms tid=ThreadId(684) nfs_helper_read_ok uri=nfs://DietPi.local/mnt/4TBP/Work/Arise2014/Arise%20PowerPoint/Slide12.jpg bytes=319281
NETWORK t= 53469.2ms dt=    0.0ms tid=ThreadId(684) read_done uri=nfs://DietPi.local/mnt/4TBP/Work/Arise2014/Arise%20PowerPoint/Slide12.jpg bytes=319281 ms=8.8
NETWORK t= 53469.3ms dt=    0.1ms tid=ThreadId(684) materialize_done uri=nfs://DietPi.local/mnt/4TBP/Work/Arise2014/Arise%20PowerPoint/Slide12.jpg path=/home/peet/.cache/picasa-rs/source/2/3e0653cfc509bee65063b66f856a9b4be23df45c833bfc409cdd2fbda0b9676a.jpg ms=9.0
NETWORK t= 53471.4ms dt=    2.1ms tid=ThreadId(684) read_start uri=nfs://DietPi.local/mnt/4TBP/Work/Arise2014/Arise%20PowerPoint/Slide2.jpg
NETWORK t= 53475.5ms dt=    4.0ms tid=ThreadId(685) nfs_helper_read_ok uri=nfs://DietPi.local/mnt/4TBP/Work/Arise2014/Arise%20PowerPoint/Slide8.jpg bytes=235716
NETWORK t= 53475.5ms dt=    0.0ms tid=ThreadId(685) read_done uri=nfs://DietPi.local/mnt/4TBP/Work/Arise2014/Arise%20PowerPoint/Slide8.jpg bytes=235716 ms=11.6
NETWORK t= 53475.6ms dt=    0.1ms tid=ThreadId(685) materialize_done uri=nfs://DietPi.local/mnt/4TBP/Work/Arise2014/Arise%20PowerPoint/Slide8.jpg path=/home/peet/.cache/picasa-rs/source/i/22ced0056fdac7c0a969beb2919cd95664ae5798146a894f412dfbea8f31f389.jpg ms=11.8
NETWORK t= 53477.7ms dt=    2.1ms tid=ThreadId(685) read_start uri=nfs://DietPi.local/mnt/4TBP/Work/Arise2014/Arise%20PowerPoint/Slide7.jpg
NETWORK t= 53481.5ms dt=    3.9ms tid=ThreadId(684) nfs_helper_read_ok uri=nfs://DietPi.local/mnt/4TBP/Work/Arise2014/Arise%20PowerPoint/Slide2.jpg bytes=195799
NETWORK t= 53481.6ms dt=    0.0ms tid=ThreadId(684) read_done uri=nfs://DietPi.local/mnt/4TBP/Work/Arise2014/Arise%20PowerPoint/Slide2.jpg bytes=195799 ms=10.1
NETWORK t= 53490.9ms dt=    9.3ms tid=ThreadId(685) nfs_helper_read_ok uri=nfs://DietPi.local/mnt/4TBP/Work/Arise2014/Arise%20PowerPoint/Slide7.jpg bytes=400747
NETWORK t= 53490.9ms dt=    0.0ms tid=ThreadId(685) read_done uri=nfs://DietPi.local/mnt/4TBP/Work/Arise2014/Arise%20PowerPoint/Slide7.jpg bytes=400747 ms=13.2
NETWORK t= 53496.2ms dt=    5.3ms tid=ThreadId(684) materialize_start uri=nfs://DietPi.local/mnt/4TBP/Work/Arise2014/Arise%20PowerPoint/Slide2.jpg
NETWORK t= 53496.2ms dt=    0.1ms tid=ThreadId(684) read_start uri=nfs://DietPi.local/mnt/4TBP/Work/Arise2014/Arise%20PowerPoint/Slide2.jpg
NETWORK t= 53503.1ms dt=    6.9ms tid=ThreadId(684) nfs_helper_read_ok uri=nfs://DietPi.local/mnt/4TBP/Work/Arise2014/Arise%20PowerPoint/Slide2.jpg bytes=195799
NETWORK t= 53503.1ms dt=    0.0ms tid=ThreadId(684) read_done uri=nfs://DietPi.local/mnt/4TBP/Work/Arise2014/Arise%20PowerPoint/Slide2.jpg bytes=195799 ms=6.9
NETWORK t= 53503.3ms dt=    0.1ms tid=ThreadId(684) materialize_done uri=nfs://DietPi.local/mnt/4TBP/Work/Arise2014/Arise%20PowerPoint/Slide2.jpg path=/home/peet/.cache/picasa-rs/source/a/0cd63dd7b433fea8ce789a6df00cdb5063939929aca70461808eb6944e926176.jpg ms=7.1
NETWORK t= 53505.4ms dt=    2.1ms tid=ThreadId(684) read_start uri=nfs://DietPi.local/mnt/4TBP/Work/Arise2014/Arise%20PowerPoint/Slide6.jpg
NETWORK t= 53510.8ms dt=    5.5ms tid=ThreadId(685) materialize_start uri=nfs://DietPi.local/mnt/4TBP/Work/Arise2014/Arise%20PowerPoint/Slide7.jpg
NETWORK t= 53510.9ms dt=    0.1ms tid=ThreadId(685) read_start uri=nfs://DietPi.local/mnt/4TBP/Work/Arise2014/Arise%20PowerPoint/Slide7.jpg
NETWORK t= 53514.3ms dt=    3.3ms tid=ThreadId(684) nfs_helper_read_ok uri=nfs://DietPi.local/mnt/4TBP/Work/Arise2014/Arise%20PowerPoint/Slide6.jpg bytes=328372
NETWORK t= 53514.3ms dt=    0.0ms tid=ThreadId(684) read_done uri=nfs://DietPi.local/mnt/4TBP/Work/Arise2014/Arise%20PowerPoint/Slide6.jpg bytes=328372 ms=8.9
NETWORK t= 53523.7ms dt=    9.4ms tid=ThreadId(685) nfs_helper_read_ok uri=nfs://DietPi.local/mnt/4TBP/Work/Arise2014/Arise%20PowerPoint/Slide7.jpg bytes=400747
NETWORK t= 53523.8ms dt=    0.0ms tid=ThreadId(685) read_done uri=nfs://DietPi.local/mnt/4TBP/Work/Arise2014/Arise%20PowerPoint/Slide7.jpg bytes=400747 ms=12.8
NETWORK t= 53523.9ms dt=    0.2ms tid=ThreadId(685) materialize_done uri=nfs://DietPi.local/mnt/4TBP/Work/Arise2014/Arise%20PowerPoint/Slide7.jpg path=/home/peet/.cache/picasa-rs/source/4/fd002c2f8cb51f82ecf38ea3a43c48f963a88ca02767b68135a60990879eba1c.jpg ms=13.1
NETWORK t= 53526.2ms dt=    2.3ms tid=ThreadId(685) read_start uri=nfs://DietPi.local/mnt/4TBP/Work/Arise2014/Arise%20PowerPoint/Slide0.jpg
NETWORK t= 53530.4ms dt=    4.2ms tid=ThreadId(684) materialize_start uri=nfs://DietPi.local/mnt/4TBP/Work/Arise2014/Arise%20PowerPoint/Slide6.jpg
NETWORK t= 53530.4ms dt=    0.1ms tid=ThreadId(684) read_start uri=nfs://DietPi.local/mnt/4TBP/Work/Arise2014/Arise%20PowerPoint/Slide6.jpg
NETWORK t= 53531.0ms dt=    0.6ms tid=ThreadId(685) nfs_helper_read_ok uri=nfs://DietPi.local/mnt/4TBP/Work/Arise2014/Arise%20PowerPoint/Slide0.jpg bytes=109246
NETWORK t= 53531.0ms dt=    0.0ms tid=ThreadId(685) read_done uri=nfs://DietPi.local/mnt/4TBP/Work/Arise2014/Arise%20PowerPoint/Slide0.jpg bytes=109246 ms=4.8
NETWORK t= 53539.6ms dt=    8.6ms tid=ThreadId(684) nfs_helper_read_ok uri=nfs://DietPi.local/mnt/4TBP/Work/Arise2014/Arise%20PowerPoint/Slide6.jpg bytes=328372
NETWORK t= 53539.6ms dt=    0.0ms tid=ThreadId(684) read_done uri=nfs://DietPi.local/mnt/4TBP/Work/Arise2014/Arise%20PowerPoint/Slide6.jpg bytes=328372 ms=9.2
NETWORK t= 53539.8ms dt=    0.1ms tid=ThreadId(684) materialize_done uri=nfs://DietPi.local/mnt/4TBP/Work/Arise2014/Arise%20PowerPoint/Slide6.jpg path=/home/peet/.cache/picasa-rs/source/c/c0fc519edacd04b43ec348e466c68d942685022d02c7f1eb73482bc1ae89c923.jpg ms=9.4
NETWORK t= 53542.1ms dt=    2.3ms tid=ThreadId(684) read_start uri=nfs://DietPi.local/mnt/4TBP/Work/Arise2014/Arise%20PowerPoint/Cap-2.jpg
NETWORK t= 53543.5ms dt=    1.4ms tid=ThreadId(685) materialize_start uri=nfs://DietPi.local/mnt/4TBP/Work/Arise2014/Arise%20PowerPoint/Slide0.jpg
NETWORK t= 53543.5ms dt=    0.1ms tid=ThreadId(685) read_start uri=nfs://DietPi.local/mnt/4TBP/Work/Arise2014/Arise%20PowerPoint/Slide0.jpg
NETWORK t= 53545.1ms dt=    1.6ms tid=ThreadId(684) nfs_helper_read_ok uri=nfs://DietPi.local/mnt/4TBP/Work/Arise2014/Arise%20PowerPoint/Cap-2.jpg bytes=19734
NETWORK t= 53545.1ms dt=    0.0ms tid=ThreadId(684) read_done uri=nfs://DietPi.local/mnt/4TBP/Work/Arise2014/Arise%20PowerPoint/Cap-2.jpg bytes=19734 ms=3.0
NETWORK t= 53547.7ms dt=    2.5ms tid=ThreadId(684) materialize_start uri=nfs://DietPi.local/mnt/4TBP/Work/Arise2014/Arise%20PowerPoint/Cap-2.jpg
NETWORK t= 53547.7ms dt=    0.1ms tid=ThreadId(684) read_start uri=nfs://DietPi.local/mnt/4TBP/Work/Arise2014/Arise%20PowerPoint/Cap-2.jpg
NETWORK t= 53549.5ms dt=    1.7ms tid=ThreadId(685) nfs_helper_read_ok uri=nfs://DietPi.local/mnt/4TBP/Work/Arise2014/Arise%20PowerPoint/Slide0.jpg bytes=109246
NETWORK t= 53549.5ms dt=    0.0ms tid=ThreadId(685) read_done uri=nfs://DietPi.local/mnt/4TBP/Work/Arise2014/Arise%20PowerPoint/Slide0.jpg bytes=109246 ms=6.0
NETWORK t= 53549.6ms dt=    0.1ms tid=ThreadId(685) materialize_done uri=nfs://DietPi.local/mnt/4TBP/Work/Arise2014/Arise%20PowerPoint/Slide0.jpg path=/home/peet/.cache/picasa-rs/source/v/10b7cc6a9b968ee1bb73a66aa00663d21d6e2bd1a7eb3452e0c8c01cfbeb2a41.jpg ms=6.2
NETWORK t= 53551.7ms dt=    2.0ms tid=ThreadId(685) read_start uri=nfs://DietPi.local/mnt/4TBP/Work/Arise2014/Arise-Logo4-1-c2222222.jpg
NETWORK t= 53552.6ms dt=    1.0ms tid=ThreadId(684) nfs_helper_read_ok uri=nfs://DietPi.local/mnt/4TBP/Work/Arise2014/Arise%20PowerPoint/Cap-2.jpg bytes=19734
NETWORK t= 53552.6ms dt=    0.0ms tid=ThreadId(684) read_done uri=nfs://DietPi.local/mnt/4TBP/Work/Arise2014/Arise%20PowerPoint/Cap-2.jpg bytes=19734 ms=4.9
NETWORK t= 53552.8ms dt=    0.1ms tid=ThreadId(684) materialize_done uri=nfs://DietPi.local/mnt/4TBP/Work/Arise2014/Arise%20PowerPoint/Cap-2.jpg path=/home/peet/.cache/picasa-rs/source/b/64df74aaae4bcd9c059a9fdf86ee12f6fda55b3e0fbc1b3a7f56ac32ea441a49.jpg ms=5.1
NETWORK t= 53556.2ms dt=    3.4ms tid=ThreadId(684) read_start uri=nfs://DietPi.local/mnt/4TBP/Work/Arise2014/Arise%20PowerPoint/Slide4.jpg
NETWORK t= 53569.1ms dt=   12.9ms tid=ThreadId(685) nfs_helper_read_ok uri=nfs://DietPi.local/mnt/4TBP/Work/Arise2014/Arise-Logo4-1-c2222222.jpg bytes=114610
NETWORK t= 53569.1ms dt=    0.0ms tid=ThreadId(685) read_done uri=nfs://DietPi.local/mnt/4TBP/Work/Arise2014/Arise-Logo4-1-c2222222.jpg bytes=114610 ms=17.4
NETWORK t= 53575.4ms dt=    6.3ms tid=ThreadId(684) nfs_helper_read_ok uri=nfs://DietPi.local/mnt/4TBP/Work/Arise2014/Arise%20PowerPoint/Slide4.jpg bytes=198461
NETWORK t= 53575.4ms dt=    0.0ms tid=ThreadId(684) read_done uri=nfs://DietPi.local/mnt/4TBP/Work/Arise2014/Arise%20PowerPoint/Slide4.jpg bytes=198461 ms=19.2
NETWORK t= 53577.6ms dt=    2.2ms tid=ThreadId(685) materialize_start uri=nfs://DietPi.local/mnt/4TBP/Work/Arise2014/Arise-Logo4-1-c2222222.jpg
NETWORK t= 53577.7ms dt=    0.1ms tid=ThreadId(685) read_start uri=nfs://DietPi.local/mnt/4TBP/Work/Arise2014/Arise-Logo4-1-c2222222.jpg
NETWORK t= 53582.6ms dt=    4.9ms tid=ThreadId(685) nfs_helper_read_ok uri=nfs://DietPi.local/mnt/4TBP/Work/Arise2014/Arise-Logo4-1-c2222222.jpg bytes=114610
NETWORK t= 53582.6ms dt=    0.0ms tid=ThreadId(685) read_done uri=nfs://DietPi.local/mnt/4TBP/Work/Arise2014/Arise-Logo4-1-c2222222.jpg bytes=114610 ms=4.9
NETWORK t= 53582.7ms dt=    0.1ms tid=ThreadId(685) materialize_done uri=nfs://DietPi.local/mnt/4TBP/Work/Arise2014/Arise-Logo4-1-c2222222.jpg path=/home/peet/.cache/picasa-rs/source/3/e0bbcbac31a9082fe65da5b916a14de6530d4ac88e61efccf05715ccef83df59.jpg ms=5.1
NETWORK t= 53584.4ms dt=    1.7ms tid=ThreadId(685) read_start uri=nfs://DietPi.local/mnt/4TBP/Work/Arise2014/Arise%20PowerPoint/Slide13.jpg
NETWORK t= 53590.3ms dt=    5.9ms tid=ThreadId(684) materialize_start uri=nfs://DietPi.local/mnt/4TBP/Work/Arise2014/Arise%20PowerPoint/Slide4.jpg
NETWORK t= 53590.3ms dt=    0.1ms tid=ThreadId(684) read_start uri=nfs://DietPi.local/mnt/4TBP/Work/Arise2014/Arise%20PowerPoint/Slide4.jpg
NETWORK t= 53593.0ms dt=    2.7ms tid=ThreadId(685) nfs_helper_read_ok uri=nfs://DietPi.local/mnt/4TBP/Work/Arise2014/Arise%20PowerPoint/Slide13.jpg bytes=324995
NETWORK t= 53593.0ms dt=    0.0ms tid=ThreadId(685) read_done uri=nfs://DietPi.local/mnt/4TBP/Work/Arise2014/Arise%20PowerPoint/Slide13.jpg bytes=324995 ms=8.6
NETWORK t= 53599.8ms dt=    6.8ms tid=ThreadId(684) nfs_helper_read_ok uri=nfs://DietPi.local/mnt/4TBP/Work/Arise2014/Arise%20PowerPoint/Slide4.jpg bytes=198461
NETWORK t= 53599.8ms dt=    0.0ms tid=ThreadId(684) read_done uri=nfs://DietPi.local/mnt/4TBP/Work/Arise2014/Arise%20PowerPoint/Slide4.jpg bytes=198461 ms=9.5
NETWORK t= 53599.9ms dt=    0.1ms tid=ThreadId(684) materialize_done uri=nfs://DietPi.local/mnt/4TBP/Work/Arise2014/Arise%20PowerPoint/Slide4.jpg path=/home/peet/.cache/picasa-rs/source/s/3010e9396c86ed99fe4b2fd6454eddda9e103ee059de3ea644d17726631ab05f.jpg ms=9.6
NETWORK t= 53602.1ms dt=    2.1ms tid=ThreadId(684) read_start uri=nfs://DietPi.local/mnt/4TBP/Work/Arise2014/Arise%20PowerPoint/Slide21.jpg
NETWORK t= 53609.1ms dt=    7.0ms tid=ThreadId(684) nfs_helper_read_ok uri=nfs://DietPi.local/mnt/4TBP/Work/Arise2014/Arise%20PowerPoint/Slide21.jpg bytes=257635
NETWORK t= 53609.2ms dt=    0.0ms tid=ThreadId(684) read_done uri=nfs://DietPi.local/mnt/4TBP/Work/Arise2014/Arise%20PowerPoint/Slide21.jpg bytes=257635 ms=7.0
NETWORK t= 53611.1ms dt=    1.9ms tid=ThreadId(685) materialize_start uri=nfs://DietPi.local/mnt/4TBP/Work/Arise2014/Arise%20PowerPoint/Slide13.jpg
NETWORK t= 53611.2ms dt=    0.1ms tid=ThreadId(685) read_start uri=nfs://DietPi.local/mnt/4TBP/Work/Arise2014/Arise%20PowerPoint/Slide13.jpg
NETWORK t= 53619.6ms dt=    8.5ms tid=ThreadId(685) nfs_helper_read_ok uri=nfs://DietPi.local/mnt/4TBP/Work/Arise2014/Arise%20PowerPoint/Slide13.jpg bytes=324995
NETWORK t= 53619.7ms dt=    0.0ms tid=ThreadId(685) read_done uri=nfs://DietPi.local/mnt/4TBP/Work/Arise2014/Arise%20PowerPoint/Slide13.jpg bytes=324995 ms=8.5
NETWORK t= 53619.8ms dt=    0.2ms tid=ThreadId(685) materialize_done uri=nfs://DietPi.local/mnt/4TBP/Work/Arise2014/Arise%20PowerPoint/Slide13.jpg path=/home/peet/.cache/picasa-rs/source/e/0f1a4a1df9806081cd8461962165e0bb58d33c1c5fcaca0477aa616f3f0accc6.jpg ms=8.7
NETWORK t= 53622.0ms dt=    2.2ms tid=ThreadId(685) read_start uri=nfs://DietPi.local/mnt/4TBP/Work/Arise2014/Arise%20PowerPoint/AriseLogoWomenSMallest.jpg
NETWORK t= 53625.8ms dt=    3.7ms tid=ThreadId(684) materialize_start uri=nfs://DietPi.local/mnt/4TBP/Work/Arise2014/Arise%20PowerPoint/Slide21.jpg
NETWORK t= 53625.8ms dt=    0.1ms tid=ThreadId(684) read_start uri=nfs://DietPi.local/mnt/4TBP/Work/Arise2014/Arise%20PowerPoint/Slide21.jpg
NETWORK t= 53626.6ms dt=    0.8ms tid=ThreadId(685) nfs_helper_read_ok uri=nfs://DietPi.local/mnt/4TBP/Work/Arise2014/Arise%20PowerPoint/AriseLogoWomenSMallest.jpg bytes=119324
NETWORK t= 53626.6ms dt=    0.0ms tid=ThreadId(685) read_done uri=nfs://DietPi.local/mnt/4TBP/Work/Arise2014/Arise%20PowerPoint/AriseLogoWomenSMallest.jpg bytes=119324 ms=4.6
NETWORK t= 53629.4ms dt=    2.8ms tid=ThreadId(685) materialize_start uri=nfs://DietPi.local/mnt/4TBP/Work/Arise2014/Arise%20PowerPoint/AriseLogoWomenSMallest.jpg
NETWORK t= 53629.4ms dt=    0.0ms tid=ThreadId(685) read_start uri=nfs://DietPi.local/mnt/4TBP/Work/Arise2014/Arise%20PowerPoint/AriseLogoWomenSMallest.jpg
NETWORK t= 53633.2ms dt=    3.8ms tid=ThreadId(684) nfs_helper_read_ok uri=nfs://DietPi.local/mnt/4TBP/Work/Arise2014/Arise%20PowerPoint/Slide21.jpg bytes=257635
NETWORK t= 53633.3ms dt=    0.0ms tid=ThreadId(684) read_done uri=nfs://DietPi.local/mnt/4TBP/Work/Arise2014/Arise%20PowerPoint/Slide21.jpg bytes=257635 ms=7.4
NETWORK t= 53633.4ms dt=    0.2ms tid=ThreadId(684) materialize_done uri=nfs://DietPi.local/mnt/4TBP/Work/Arise2014/Arise%20PowerPoint/Slide21.jpg path=/home/peet/.cache/picasa-rs/source/o/daa038e6c339f3ad647b0fbd1b3f62c74bdf3ecb144ce63b2098f2c9d64c99eb.jpg ms=7.7
NETWORK t= 53635.7ms dt=    2.2ms tid=ThreadId(684) read_start uri=nfs://DietPi.local/mnt/4TBP/Work/Arise2014/Arise%20PowerPoint/Slide01.jpg
NETWORK t= 53637.9ms dt=    2.2ms tid=ThreadId(685) nfs_helper_read_ok uri=nfs://DietPi.local/mnt/4TBP/Work/Arise2014/Arise%20PowerPoint/AriseLogoWomenSMallest.jpg bytes=119324
NETWORK t= 53637.9ms dt=    0.0ms tid=ThreadId(685) read_done uri=nfs://DietPi.local/mnt/4TBP/Work/Arise2014/Arise%20PowerPoint/AriseLogoWomenSMallest.jpg bytes=119324 ms=8.5
NETWORK t= 53638.0ms dt=    0.1ms tid=ThreadId(685) materialize_done uri=nfs://DietPi.local/mnt/4TBP/Work/Arise2014/Arise%20PowerPoint/AriseLogoWomenSMallest.jpg path=/home/peet/.cache/picasa-rs/source/0/c984fceda63e29c5a61e7916fa2f4f04be756e4dcc574ab85afb5401440df79d.jpg ms=8.6
NETWORK t= 53639.4ms dt=    1.4ms tid=ThreadId(685) read_start uri=nfs://DietPi.local/mnt/4TBP/Work/Arise2014/Arise%20PowerPoint/Slide9.jpg
NETWORK t= 53648.7ms dt=    9.3ms tid=ThreadId(684) nfs_helper_read_ok uri=nfs://DietPi.local/mnt/4TBP/Work/Arise2014/Arise%20PowerPoint/Slide01.jpg bytes=459602
NETWORK t= 53648.7ms dt=    0.0ms tid=ThreadId(684) read_done uri=nfs://DietPi.local/mnt/4TBP/Work/Arise2014/Arise%20PowerPoint/Slide01.jpg bytes=459602 ms=13.0
NETWORK t= 53656.2ms dt=    7.5ms tid=ThreadId(685) nfs_helper_read_ok uri=nfs://DietPi.local/mnt/4TBP/Work/Arise2014/Arise%20PowerPoint/Slide9.jpg bytes=306094
NETWORK t= 53656.2ms dt=    0.0ms tid=ThreadId(685) read_done uri=nfs://DietPi.local/mnt/4TBP/Work/Arise2014/Arise%20PowerPoint/Slide9.jpg bytes=306094 ms=16.7
NETWORK t= 53667.4ms dt=   11.2ms tid=ThreadId(684) materialize_start uri=nfs://DietPi.local/mnt/4TBP/Work/Arise2014/Arise%20PowerPoint/Slide01.jpg
NETWORK t= 53667.4ms dt=    0.1ms tid=ThreadId(684) read_start uri=nfs://DietPi.local/mnt/4TBP/Work/Arise2014/Arise%20PowerPoint/Slide01.jpg
NETWORK t= 53673.8ms dt=    6.4ms tid=ThreadId(685) materialize_start uri=nfs://DietPi.local/mnt/4TBP/Work/Arise2014/Arise%20PowerPoint/Slide9.jpg
NETWORK t= 53673.9ms dt=    0.1ms tid=ThreadId(685) read_start uri=nfs://DietPi.local/mnt/4TBP/Work/Arise2014/Arise%20PowerPoint/Slide9.jpg
NETWORK t= 53678.3ms dt=    4.4ms tid=ThreadId(684) nfs_helper_read_ok uri=nfs://DietPi.local/mnt/4TBP/Work/Arise2014/Arise%20PowerPoint/Slide01.jpg bytes=459602
NETWORK t= 53678.3ms dt=    0.0ms tid=ThreadId(684) read_done uri=nfs://DietPi.local/mnt/4TBP/Work/Arise2014/Arise%20PowerPoint/Slide01.jpg bytes=459602 ms=10.8
NETWORK t= 53678.4ms dt=    0.2ms tid=ThreadId(684) materialize_done uri=nfs://DietPi.local/mnt/4TBP/Work/Arise2014/Arise%20PowerPoint/Slide01.jpg path=/home/peet/.cache/picasa-rs/source/n/390b240df821f5538c93a33db1b6f1387553918f04bd7cfd5fdf2c9806ed19cb.jpg ms=11.1
NETWORK t= 53680.9ms dt=    2.5ms tid=ThreadId(684) read_start uri=nfs://DietPi.local/mnt/4TBP/Work/Arise2014/Arise%20PowerPoint/Slide1.jpg
NETWORK t= 53685.2ms dt=    4.3ms tid=ThreadId(685) nfs_helper_read_ok uri=nfs://DietPi.local/mnt/4TBP/Work/Arise2014/Arise%20PowerPoint/Slide9.jpg bytes=306094
NETWORK t= 53685.2ms dt=    0.0ms tid=ThreadId(685) read_done uri=nfs://DietPi.local/mnt/4TBP/Work/Arise2014/Arise%20PowerPoint/Slide9.jpg bytes=306094 ms=11.3
NETWORK t= 53685.4ms dt=    0.2ms tid=ThreadId(685) materialize_done uri=nfs://DietPi.local/mnt/4TBP/Work/Arise2014/Arise%20PowerPoint/Slide9.jpg path=/home/peet/.cache/picasa-rs/source/b/d613689b1ad9479229f12594ccb7f0b8ebfcc0711cd48afbc7c2a2c703b50ca5.jpg ms=11.5
NETWORK t= 53687.6ms dt=    2.3ms tid=ThreadId(685) read_start uri=nfs://DietPi.local/mnt/4TBP/Work/Arise2014/Arise-Logo4-1-c222222.jpg
NETWORK t= 53697.8ms dt=   10.2ms tid=ThreadId(684) nfs_helper_read_ok uri=nfs://DietPi.local/mnt/4TBP/Work/Arise2014/Arise%20PowerPoint/Slide1.jpg bytes=601942
NETWORK t= 53697.8ms dt=    0.0ms tid=ThreadId(684) read_done uri=nfs://DietPi.local/mnt/4TBP/Work/Arise2014/Arise%20PowerPoint/Slide1.jpg bytes=601942 ms=16.9
NETWORK t= 53705.2ms dt=    7.4ms tid=ThreadId(685) nfs_helper_read_ok uri=nfs://DietPi.local/mnt/4TBP/Work/Arise2014/Arise-Logo4-1-c222222.jpg bytes=249828
NETWORK t= 53705.3ms dt=    0.0ms tid=ThreadId(685) read_done uri=nfs://DietPi.local/mnt/4TBP/Work/Arise2014/Arise-Logo4-1-c222222.jpg bytes=249828 ms=17.6
NETWORK t= 53716.8ms dt=   11.5ms tid=ThreadId(685) materialize_start uri=nfs://DietPi.local/mnt/4TBP/Work/Arise2014/Arise-Logo4-1-c222222.jpg
NETWORK t= 53716.9ms dt=    0.1ms tid=ThreadId(685) read_start uri=nfs://DietPi.local/mnt/4TBP/Work/Arise2014/Arise-Logo4-1-c222222.jpg
NETWORK t= 53722.3ms dt=    5.5ms tid=ThreadId(684) materialize_start uri=nfs://DietPi.local/mnt/4TBP/Work/Arise2014/Arise%20PowerPoint/Slide1.jpg
NETWORK t= 53722.4ms dt=    0.1ms tid=ThreadId(684) read_start uri=nfs://DietPi.local/mnt/4TBP/Work/Arise2014/Arise%20PowerPoint/Slide1.jpg
NETWORK t= 53724.4ms dt=    2.1ms tid=ThreadId(685) nfs_helper_read_ok uri=nfs://DietPi.local/mnt/4TBP/Work/Arise2014/Arise-Logo4-1-c222222.jpg bytes=249828
NETWORK t= 53724.5ms dt=    0.0ms tid=ThreadId(685) read_done uri=nfs://DietPi.local/mnt/4TBP/Work/Arise2014/Arise-Logo4-1-c222222.jpg bytes=249828 ms=7.6
NETWORK t= 53724.6ms dt=    0.1ms tid=ThreadId(685) materialize_done uri=nfs://DietPi.local/mnt/4TBP/Work/Arise2014/Arise-Logo4-1-c222222.jpg path=/home/peet/.cache/picasa-rs/source/c/04447fd4a8e85e8f178179add2215c2e0f13b2dd11e3fdfc2ac6b9204c967dfc.jpg ms=7.8
NETWORK t= 53727.4ms dt=    2.8ms tid=ThreadId(685) read_start uri=nfs://DietPi.local/mnt/4TBP/Work/Arise2014/Video/DCIM/108D300S/DSC_2722.JPG
NETWORK t= 53738.4ms dt=   10.9ms tid=ThreadId(684) nfs_helper_read_ok uri=nfs://DietPi.local/mnt/4TBP/Work/Arise2014/Arise%20PowerPoint/Slide1.jpg bytes=601942
NETWORK t= 53738.4ms dt=    0.0ms tid=ThreadId(684) read_done uri=nfs://DietPi.local/mnt/4TBP/Work/Arise2014/Arise%20PowerPoint/Slide1.jpg bytes=601942 ms=16.0
NETWORK t= 53738.6ms dt=    0.2ms tid=ThreadId(684) materialize_done uri=nfs://DietPi.local/mnt/4TBP/Work/Arise2014/Arise%20PowerPoint/Slide1.jpg path=/home/peet/.cache/picasa-rs/source/s/1fe4b4b2672144416d01b2432ec474bbddb10863a4b75f4c067c244beb9aa53d.jpg ms=16.2
NETWORK t= 53741.0ms dt=    2.4ms tid=ThreadId(684) read_start uri=nfs://DietPi.local/mnt/4TBP/Work/Arise2014/Video/DCIM/108D300S/DSC_2681.JPG
NETWORK t= 53752.4ms dt=   11.4ms tid=ThreadId(685) nfs_helper_read_ok uri=nfs://DietPi.local/mnt/4TBP/Work/Arise2014/Video/DCIM/108D300S/DSC_2722.JPG bytes=628307
NETWORK t= 53752.5ms dt=    0.0ms tid=ThreadId(685) read_done uri=nfs://DietPi.local/mnt/4TBP/Work/Arise2014/Video/DCIM/108D300S/DSC_2722.JPG bytes=628307 ms=25.0
NETWORK t= 53760.6ms dt=    8.2ms tid=ThreadId(685) materialize_start uri=nfs://DietPi.local/mnt/4TBP/Work/Arise2014/Video/DCIM/108D300S/DSC_2722.JPG
NETWORK t= 53760.7ms dt=    0.1ms tid=ThreadId(685) read_start uri=nfs://DietPi.local/mnt/4TBP/Work/Arise2014/Video/DCIM/108D300S/DSC_2722.JPG
NETWORK t= 53771.1ms dt=   10.4ms tid=ThreadId(684) nfs_helper_read_ok uri=nfs://DietPi.local/mnt/4TBP/Work/Arise2014/Video/DCIM/108D300S/DSC_2681.JPG bytes=869227
NETWORK t= 53771.1ms dt=    0.0ms tid=ThreadId(684) read_done uri=nfs://DietPi.local/mnt/4TBP/Work/Arise2014/Video/DCIM/108D300S/DSC_2681.JPG bytes=869227 ms=30.1
NETWORK t= 53780.9ms dt=    9.8ms tid=ThreadId(684) materialize_start uri=nfs://DietPi.local/mnt/4TBP/Work/Arise2014/Video/DCIM/108D300S/DSC_2681.JPG
NETWORK t= 53781.0ms dt=    0.1ms tid=ThreadId(684) read_start uri=nfs://DietPi.local/mnt/4TBP/Work/Arise2014/Video/DCIM/108D300S/DSC_2681.JPG
NETWORK t= 53785.2ms dt=    4.2ms tid=ThreadId(685) nfs_helper_read_ok uri=nfs://DietPi.local/mnt/4TBP/Work/Arise2014/Video/DCIM/108D300S/DSC_2722.JPG bytes=628307
NETWORK t= 53785.2ms dt=    0.0ms tid=ThreadId(685) read_done uri=nfs://DietPi.local/mnt/4TBP/Work/Arise2014/Video/DCIM/108D300S/DSC_2722.JPG bytes=628307 ms=24.5
NETWORK t= 53785.4ms dt=    0.2ms tid=ThreadId(685) materialize_done uri=nfs://DietPi.local/mnt/4TBP/Work/Arise2014/Video/DCIM/108D300S/DSC_2722.JPG path=/home/peet/.cache/picasa-rs/source/4/31605a156d50f80660645a4bbf28f57c7ff0e11b9226208e32481deaddf45a06.JPG ms=24.8
NETWORK t= 53788.4ms dt=    3.0ms tid=ThreadId(685) materialize_start uri=nfs://DietPi.local/mnt/4TBP/Work/Arise2014/Video/DCIM/108D300S/DSC_2673.NEF
NETWORK t= 53788.5ms dt=    0.0ms tid=ThreadId(685) materialize_done uri=nfs://DietPi.local/mnt/4TBP/Work/Arise2014/Video/DCIM/108D300S/DSC_2673.NEF path=/home/peet/.cache/picasa-rs/source/t/34b5caa461f6de8b60bc31f3288efdd42b6dc3a16f9660ef7b5f0eb0a54d42e4.NEF ms=0.0
NETWORK t= 53803.8ms dt=   15.3ms tid=ThreadId(684) nfs_helper_read_ok uri=nfs://DietPi.local/mnt/4TBP/Work/Arise2014/Video/DCIM/108D300S/DSC_2681.JPG bytes=869227
NETWORK t= 53803.8ms dt=    0.0ms tid=ThreadId(684) read_done uri=nfs://DietPi.local/mnt/4TBP/Work/Arise2014/Video/DCIM/108D300S/DSC_2681.JPG bytes=869227 ms=22.8
NETWORK t= 53804.0ms dt=    0.2ms tid=ThreadId(684) materialize_done uri=nfs://DietPi.local/mnt/4TBP/Work/Arise2014/Video/DCIM/108D300S/DSC_2681.JPG path=/home/peet/.cache/picasa-rs/source/o/7b90e708be4924ca60823b691b83c6f9d1728040539559fc06114dba65f17ca5.JPG ms=23.0
NETWORK t= 53806.7ms dt=    2.7ms tid=ThreadId(684) read_start uri=nfs://DietPi.local/mnt/4TBP/Work/Arise2014/Video/DCIM/108D300S/DSC_2644.JPG
NETWORK t= 53816.2ms dt=    9.5ms tid=ThreadId(684) nfs_helper_read_ok uri=nfs://DietPi.local/mnt/4TBP/Work/Arise2014/Video/DCIM/108D300S/DSC_2644.JPG bytes=347035
NETWORK t= 53816.2ms dt=    0.0ms tid=ThreadId(684) read_done uri=nfs://DietPi.local/mnt/4TBP/Work/Arise2014/Video/DCIM/108D300S/DSC_2644.JPG bytes=347035 ms=9.5
NETWORK t= 53822.2ms dt=    5.9ms tid=ThreadId(684) materialize_start uri=nfs://DietPi.local/mnt/4TBP/Work/Arise2014/Video/DCIM/108D300S/DSC_2644.JPG
NETWORK t= 53822.2ms dt=    0.1ms tid=ThreadId(684) read_start uri=nfs://DietPi.local/mnt/4TBP/Work/Arise2014/Video/DCIM/108D300S/DSC_2644.JPG
NETWORK t= 53831.6ms dt=    9.3ms tid=ThreadId(684) nfs_helper_read_ok uri=nfs://DietPi.local/mnt/4TBP/Work/Arise2014/Video/DCIM/108D300S/DSC_2644.JPG bytes=347035
NETWORK t= 53831.6ms dt=    0.0ms tid=ThreadId(684) read_done uri=nfs://DietPi.local/mnt/4TBP/Work/Arise2014/Video/DCIM/108D300S/DSC_2644.JPG bytes=347035 ms=9.4
NETWORK t= 53831.8ms dt=    0.2ms tid=ThreadId(684) materialize_done uri=nfs://DietPi.local/mnt/4TBP/Work/Arise2014/Video/DCIM/108D300S/DSC_2644.JPG path=/home/peet/.cache/picasa-rs/source/k/2b40dba40c168b44b5b4924caadc9838a74a99b422719c2362af8e9cc11ee04a.JPG ms=9.6
NETWORK t= 53834.3ms dt=    2.5ms tid=ThreadId(684) materialize_start uri=nfs://DietPi.local/mnt/4TBP/Work/Arise2014/Video/DCIM/108D300S/DSC_2654.NEF
NETWORK t= 53834.3ms dt=    0.0ms tid=ThreadId(684) materialize_done uri=nfs://DietPi.local/mnt/4TBP/Work/Arise2014/Video/DCIM/108D300S/DSC_2654.NEF path=/home/peet/.cache/picasa-rs/source/z/b7cbf14157b6100b29e5e76c57d9da698577435e6b4ec6ee9a766ec5013f10ad.NEF ms=0.0
NETWORK t= 53864.9ms dt=   30.6ms tid=ThreadId(685) materialize_start uri=nfs://DietPi.local/mnt/4TBP/Work/Arise2014/Video/DCIM/108D300S/DSC_2673.NEF
NETWORK t= 53864.9ms dt=    0.0ms tid=ThreadId(685) materialize_done uri=nfs://DietPi.local/mnt/4TBP/Work/Arise2014/Video/DCIM/108D300S/DSC_2673.NEF path=/home/peet/.cache/picasa-rs/source/t/34b5caa461f6de8b60bc31f3288efdd42b6dc3a16f9660ef7b5f0eb0a54d42e4.NEF ms=0.0
NETWORK t= 53911.8ms dt=   46.9ms tid=ThreadId(684) materialize_start uri=nfs://DietPi.local/mnt/4TBP/Work/Arise2014/Video/DCIM/108D300S/DSC_2654.NEF
NETWORK t= 53911.9ms dt=    0.0ms tid=ThreadId(684) materialize_done uri=nfs://DietPi.local/mnt/4TBP/Work/Arise2014/Video/DCIM/108D300S/DSC_2654.NEF path=/home/peet/.cache/picasa-rs/source/z/b7cbf14157b6100b29e5e76c57d9da698577435e6b4ec6ee9a766ec5013f10ad.NEF ms=0.0
NETWORK t= 53993.2ms dt=   81.3ms tid=ThreadId(685) read_start uri=nfs://DietPi.local/mnt/4TBP/Work/Arise2014/Video/DCIM/108D300S/DSC_2728.JPG
NETWORK t= 54006.3ms dt=   13.1ms tid=ThreadId(685) nfs_helper_read_ok uri=nfs://DietPi.local/mnt/4TBP/Work/Arise2014/Video/DCIM/108D300S/DSC_2728.JPG bytes=500701
NETWORK t= 54006.3ms dt=    0.0ms tid=ThreadId(685) read_done uri=nfs://DietPi.local/mnt/4TBP/Work/Arise2014/Video/DCIM/108D300S/DSC_2728.JPG bytes=500701 ms=13.1
NETWORK t= 54013.8ms dt=    7.5ms tid=ThreadId(685) materialize_start uri=nfs://DietPi.local/mnt/4TBP/Work/Arise2014/Video/DCIM/108D300S/DSC_2728.JPG
NETWORK t= 54013.9ms dt=    0.1ms tid=ThreadId(685) read_start uri=nfs://DietPi.local/mnt/4TBP/Work/Arise2014/Video/DCIM/108D300S/DSC_2728.JPG
NETWORK t= 54026.0ms dt=   12.1ms tid=ThreadId(685) nfs_helper_read_ok uri=nfs://DietPi.local/mnt/4TBP/Work/Arise2014/Video/DCIM/108D300S/DSC_2728.JPG bytes=500701
NETWORK t= 54026.0ms dt=    0.0ms tid=ThreadId(685) read_done uri=nfs://DietPi.local/mnt/4TBP/Work/Arise2014/Video/DCIM/108D300S/DSC_2728.JPG bytes=500701 ms=12.1
NETWORK t= 54026.2ms dt=    0.2ms tid=ThreadId(685) materialize_done uri=nfs://DietPi.local/mnt/4TBP/Work/Arise2014/Video/DCIM/108D300S/DSC_2728.JPG path=/home/peet/.cache/picasa-rs/source/l/0e0164d2153dd1b2af6f483a24f63050aa82e19aac44d4d810dd8a3d5751db56.JPG ms=12.4
NETWORK t= 54028.9ms dt=    2.7ms tid=ThreadId(685) read_start uri=nfs://DietPi.local/mnt/4TBP/Work/Arise2014/Video/DCIM/108D300S/DSC_2665.JPG
NETWORK t= 54038.0ms dt=    9.2ms tid=ThreadId(685) nfs_helper_read_ok uri=nfs://DietPi.local/mnt/4TBP/Work/Arise2014/Video/DCIM/108D300S/DSC_2665.JPG bytes=355139
NETWORK t= 54038.1ms dt=    0.0ms tid=ThreadId(685) read_done uri=nfs://DietPi.local/mnt/4TBP/Work/Arise2014/Video/DCIM/108D300S/DSC_2665.JPG bytes=355139 ms=9.2
NETWORK t= 54044.2ms dt=    6.1ms tid=ThreadId(685) materialize_start uri=nfs://DietPi.local/mnt/4TBP/Work/Arise2014/Video/DCIM/108D300S/DSC_2665.JPG
NETWORK t= 54044.2ms dt=    0.1ms tid=ThreadId(685) read_start uri=nfs://DietPi.local/mnt/4TBP/Work/Arise2014/Video/DCIM/108D300S/DSC_2665.JPG
NETWORK t= 54045.7ms dt=    1.5ms tid=ThreadId(684) read_start uri=nfs://DietPi.local/mnt/4TBP/Work/Arise2014/Arise-Logo1-6-1.jpg
NETWORK t= 54053.6ms dt=    7.9ms tid=ThreadId(685) nfs_helper_read_ok uri=nfs://DietPi.local/mnt/4TBP/Work/Arise2014/Video/DCIM/108D300S/DSC_2665.JPG bytes=355139
NETWORK t= 54053.6ms dt=    0.0ms tid=ThreadId(685) read_done uri=nfs://DietPi.local/mnt/4TBP/Work/Arise2014/Video/DCIM/108D300S/DSC_2665.JPG bytes=355139 ms=9.4
NETWORK t= 54053.7ms dt=    0.1ms tid=ThreadId(685) materialize_done uri=nfs://DietPi.local/mnt/4TBP/Work/Arise2014/Video/DCIM/108D300S/DSC_2665.JPG path=/home/peet/.cache/picasa-rs/source/q/bcf64f3839af845df4ffa2dad80d473a79d1c92cf455c253a401f28a6302291a.JPG ms=9.6
NETWORK t= 54056.2ms dt=    2.5ms tid=ThreadId(685) read_start uri=nfs://DietPi.local/mnt/4TBP/Work/Arise2014/Video/DCIM/108D300S/DSC_2631.JPG
NETWORK t= 54057.6ms dt=    1.3ms tid=ThreadId(684) nfs_helper_read_ok uri=nfs://DietPi.local/mnt/4TBP/Work/Arise2014/Arise-Logo1-6-1.jpg bytes=36562
NETWORK t= 54057.6ms dt=    0.0ms tid=ThreadId(684) read_done uri=nfs://DietPi.local/mnt/4TBP/Work/Arise2014/Arise-Logo1-6-1.jpg bytes=36562 ms=11.9
NETWORK t= 54059.5ms dt=    1.9ms tid=ThreadId(684) materialize_start uri=nfs://DietPi.local/mnt/4TBP/Work/Arise2014/Arise-Logo1-6-1.jpg
NETWORK t= 54059.6ms dt=    0.1ms tid=ThreadId(684) read_start uri=nfs://DietPi.local/mnt/4TBP/Work/Arise2014/Arise-Logo1-6-1.jpg
NETWORK t= 54066.5ms dt=    6.9ms tid=ThreadId(685) nfs_helper_read_ok uri=nfs://DietPi.local/mnt/4TBP/Work/Arise2014/Video/DCIM/108D300S/DSC_2631.JPG bytes=366515
NETWORK t= 54066.5ms dt=    0.0ms tid=ThreadId(685) read_done uri=nfs://DietPi.local/mnt/4TBP/Work/Arise2014/Video/DCIM/108D300S/DSC_2631.JPG bytes=366515 ms=10.2
NETWORK t= 54069.8ms dt=    3.3ms tid=ThreadId(684) nfs_helper_read_ok uri=nfs://DietPi.local/mnt/4TBP/Work/Arise2014/Arise-Logo1-6-1.jpg bytes=36562
NETWORK t= 54069.8ms dt=    0.0ms tid=ThreadId(684) read_done uri=nfs://DietPi.local/mnt/4TBP/Work/Arise2014/Arise-Logo1-6-1.jpg bytes=36562 ms=10.2
NETWORK t= 54069.9ms dt=    0.1ms tid=ThreadId(684) materialize_done uri=nfs://DietPi.local/mnt/4TBP/Work/Arise2014/Arise-Logo1-6-1.jpg path=/home/peet/.cache/picasa-rs/source/y/4162eb8a98637e6fb43072fdffb9ba730c0a919eff0e288b6cc92e423664a4c8.jpg ms=10.4
NETWORK t= 54071.8ms dt=    1.9ms tid=ThreadId(684) read_start uri=nfs://DietPi.local/mnt/4TBP/Work/Arise2014/Video/DCIM/108D300S/DSC_2682.JPG
NETWORK t= 54072.7ms dt=    1.0ms tid=ThreadId(685) materialize_start uri=nfs://DietPi.local/mnt/4TBP/Work/Arise2014/Video/DCIM/108D300S/DSC_2631.JPG
NETWORK t= 54072.8ms dt=    0.0ms tid=ThreadId(685) read_start uri=nfs://DietPi.local/mnt/4TBP/Work/Arise2014/Video/DCIM/108D300S/DSC_2631.JPG
NETWORK t= 54084.3ms dt=   11.5ms tid=ThreadId(684) nfs_helper_read_ok uri=nfs://DietPi.local/mnt/4TBP/Work/Arise2014/Video/DCIM/108D300S/DSC_2682.JPG bytes=576416
NETWORK t= 54084.3ms dt=    0.0ms tid=ThreadId(684) read_done uri=nfs://DietPi.local/mnt/4TBP/Work/Arise2014/Video/DCIM/108D300S/DSC_2682.JPG bytes=576416 ms=12.5
NETWORK t= 54091.8ms dt=    7.5ms tid=ThreadId(684) materialize_start uri=nfs://DietPi.local/mnt/4TBP/Work/Arise2014/Video/DCIM/108D300S/DSC_2682.JPG
NETWORK t= 54091.9ms dt=    0.0ms tid=ThreadId(684) read_start uri=nfs://DietPi.local/mnt/4TBP/Work/Arise2014/Video/DCIM/108D300S/DSC_2682.JPG
NETWORK t= 54093.2ms dt=    1.3ms tid=ThreadId(685) nfs_helper_read_ok uri=nfs://DietPi.local/mnt/4TBP/Work/Arise2014/Video/DCIM/108D300S/DSC_2631.JPG bytes=366515
NETWORK t= 54093.2ms dt=    0.0ms tid=ThreadId(685) read_done uri=nfs://DietPi.local/mnt/4TBP/Work/Arise2014/Video/DCIM/108D300S/DSC_2631.JPG bytes=366515 ms=20.4
NETWORK t= 54093.3ms dt=    0.1ms tid=ThreadId(685) materialize_done uri=nfs://DietPi.local/mnt/4TBP/Work/Arise2014/Video/DCIM/108D300S/DSC_2631.JPG path=/home/peet/.cache/picasa-rs/source/3/e63718735f79024e94b9cf31fdb48f7f3fd5b6d1935cf4e6682efb92dcb62a19.JPG ms=20.6
NETWORK t= 54095.6ms dt=    2.3ms tid=ThreadId(685) materialize_start uri=nfs://DietPi.local/mnt/4TBP/Work/Arise2014/Video/DCIM/108D300S/DSC_2708.NEF
NETWORK t= 54095.7ms dt=    0.0ms tid=ThreadId(685) materialize_done uri=nfs://DietPi.local/mnt/4TBP/Work/Arise2014/Video/DCIM/108D300S/DSC_2708.NEF path=/home/peet/.cache/picasa-rs/source/m/92c2f2b327f7e855c3257a9761d99007791e59668a94e47abe7678922cfc7a8a.NEF ms=0.0
NETWORK t= 54106.2ms dt=   10.5ms tid=ThreadId(684) nfs_helper_read_ok uri=nfs://DietPi.local/mnt/4TBP/Work/Arise2014/Video/DCIM/108D300S/DSC_2682.JPG bytes=576416
NETWORK t= 54106.2ms dt=    0.0ms tid=ThreadId(684) read_done uri=nfs://DietPi.local/mnt/4TBP/Work/Arise2014/Video/DCIM/108D300S/DSC_2682.JPG bytes=576416 ms=14.3
NETWORK t= 54106.4ms dt=    0.2ms tid=ThreadId(684) materialize_done uri=nfs://DietPi.local/mnt/4TBP/Work/Arise2014/Video/DCIM/108D300S/DSC_2682.JPG path=/home/peet/.cache/picasa-rs/source/6/4c86335e29239b9a5ef42432cab0c95de4c92835b8ebde8908171d76128dd339.JPG ms=14.5
NETWORK t= 54109.9ms dt=    3.6ms tid=ThreadId(684) materialize_start uri=nfs://DietPi.local/mnt/4TBP/Work/Arise2014/Video/DCIM/108D300S/DSC_2630.NEF
NETWORK t= 54110.0ms dt=    0.0ms tid=ThreadId(684) materialize_done uri=nfs://DietPi.local/mnt/4TBP/Work/Arise2014/Video/DCIM/108D300S/DSC_2630.NEF path=/home/peet/.cache/picasa-rs/source/f/9957144f55676c56a488e1bc102431fde25751de7624414c6a5412534d9c2586.NEF ms=0.0
NETWORK t= 54166.1ms dt=   56.1ms tid=ThreadId(685) materialize_start uri=nfs://DietPi.local/mnt/4TBP/Work/Arise2014/Video/DCIM/108D300S/DSC_2708.NEF
NETWORK t= 54166.1ms dt=    0.0ms tid=ThreadId(685) materialize_done uri=nfs://DietPi.local/mnt/4TBP/Work/Arise2014/Video/DCIM/108D300S/DSC_2708.NEF path=/home/peet/.cache/picasa-rs/source/m/92c2f2b327f7e855c3257a9761d99007791e59668a94e47abe7678922cfc7a8a.NEF ms=0.0
NETWORK t= 54183.5ms dt=   17.4ms tid=ThreadId(684) materialize_start uri=nfs://DietPi.local/mnt/4TBP/Work/Arise2014/Video/DCIM/108D300S/DSC_2630.NEF
NETWORK t= 54183.6ms dt=    0.0ms tid=ThreadId(684) materialize_done uri=nfs://DietPi.local/mnt/4TBP/Work/Arise2014/Video/DCIM/108D300S/DSC_2630.NEF path=/home/peet/.cache/picasa-rs/source/f/9957144f55676c56a488e1bc102431fde25751de7624414c6a5412534d9c2586.NEF ms=0.0
NETWORK t= 54199.1ms dt=   15.6ms tid=ThreadId(685) materialize_start uri=nfs://DietPi.local/mnt/4TBP/Work/Arise2014/Video/DCIM/108D300S/DSC_2717.NEF
NETWORK t= 54199.2ms dt=    0.0ms tid=ThreadId(685) materialize_done uri=nfs://DietPi.local/mnt/4TBP/Work/Arise2014/Video/DCIM/108D300S/DSC_2717.NEF path=/home/peet/.cache/picasa-rs/source/2/e4aaedd705cda1d6604047874b46e3a48ca3959d51c2efc53331159f08d80a34.NEF ms=0.0
NETWORK t= 54216.9ms dt=   17.8ms tid=ThreadId(684) read_start uri=nfs://DietPi.local/mnt/4TBP/Work/Arise2014/Video/DCIM/108D300S/DSC_2670.JPG
NETWORK t= 54228.9ms dt=   12.0ms tid=ThreadId(684) nfs_helper_read_ok uri=nfs://DietPi.local/mnt/4TBP/Work/Arise2014/Video/DCIM/108D300S/DSC_2670.JPG bytes=469800
NETWORK t= 54229.0ms dt=    0.0ms tid=ThreadId(684) read_done uri=nfs://DietPi.local/mnt/4TBP/Work/Arise2014/Video/DCIM/108D300S/DSC_2670.JPG bytes=469800 ms=12.0
NETWORK t= 54236.0ms dt=    7.0ms tid=ThreadId(684) materialize_start uri=nfs://DietPi.local/mnt/4TBP/Work/Arise2014/Video/DCIM/108D300S/DSC_2670.JPG
NETWORK t= 54236.0ms dt=    0.1ms tid=ThreadId(684) read_start uri=nfs://DietPi.local/mnt/4TBP/Work/Arise2014/Video/DCIM/108D300S/DSC_2670.JPG
NETWORK t= 54247.7ms dt=   11.7ms tid=ThreadId(684) nfs_helper_read_ok uri=nfs://DietPi.local/mnt/4TBP/Work/Arise2014/Video/DCIM/108D300S/DSC_2670.JPG bytes=469800
NETWORK t= 54247.7ms dt=    0.0ms tid=ThreadId(684) read_done uri=nfs://DietPi.local/mnt/4TBP/Work/Arise2014/Video/DCIM/108D300S/DSC_2670.JPG bytes=469800 ms=11.7
NETWORK t= 54247.9ms dt=    0.2ms tid=ThreadId(684) materialize_done uri=nfs://DietPi.local/mnt/4TBP/Work/Arise2014/Video/DCIM/108D300S/DSC_2670.JPG path=/home/peet/.cache/picasa-rs/source/t/48894c72002547ad76354ab18d2b83c8a0222168cc42f7485eba54f1579f50e6.JPG ms=11.9
NETWORK t= 54251.7ms dt=    3.8ms tid=ThreadId(684) materialize_start uri=nfs://DietPi.local/mnt/4TBP/Work/Arise2014/Video/DCIM/108D300S/DSC_2641.NEF
NETWORK t= 54251.8ms dt=    0.0ms tid=ThreadId(684) materialize_done uri=nfs://DietPi.local/mnt/4TBP/Work/Arise2014/Video/DCIM/108D300S/DSC_2641.NEF path=/home/peet/.cache/picasa-rs/source/0/7428c7b81a7ea3bd3852f06e302b6b5fa9ee58e19cfb55d3099379a0fd22a0b2.NEF ms=0.0
NETWORK t= 54269.8ms dt=   18.0ms tid=ThreadId(685) materialize_start uri=nfs://DietPi.local/mnt/4TBP/Work/Arise2014/Video/DCIM/108D300S/DSC_2717.NEF
NETWORK t= 54269.8ms dt=    0.0ms tid=ThreadId(685) materialize_done uri=nfs://DietPi.local/mnt/4TBP/Work/Arise2014/Video/DCIM/108D300S/DSC_2717.NEF path=/home/peet/.cache/picasa-rs/source/2/e4aaedd705cda1d6604047874b46e3a48ca3959d51c2efc53331159f08d80a34.NEF ms=0.0
NETWORK t= 54322.4ms dt=   52.6ms tid=ThreadId(684) materialize_start uri=nfs://DietPi.local/mnt/4TBP/Work/Arise2014/Video/DCIM/108D300S/DSC_2641.NEF
NETWORK t= 54322.5ms dt=    0.1ms tid=ThreadId(684) materialize_done uri=nfs://DietPi.local/mnt/4TBP/Work/Arise2014/Video/DCIM/108D300S/DSC_2641.NEF path=/home/peet/.cache/picasa-rs/source/0/7428c7b81a7ea3bd3852f06e302b6b5fa9ee58e19cfb55d3099379a0fd22a0b2.NEF ms=0.0
NETWORK t= 54355.9ms dt=   33.4ms tid=ThreadId(684) read_start uri=nfs://DietPi.local/mnt/4TBP/Work/Arise2014/ARise-VIdeo.png
NETWORK t= 54380.1ms dt=   24.3ms tid=ThreadId(684) nfs_helper_read_ok uri=nfs://DietPi.local/mnt/4TBP/Work/Arise2014/ARise-VIdeo.png bytes=422373
NETWORK t= 54380.2ms dt=    0.0ms tid=ThreadId(684) read_done uri=nfs://DietPi.local/mnt/4TBP/Work/Arise2014/ARise-VIdeo.png bytes=422373 ms=24.3
NETWORK t= 54398.5ms dt=   18.3ms tid=ThreadId(685) read_start uri=nfs://DietPi.local/mnt/4TBP/Work/Arise2014/Video/DCIM/108D300S/DSC_2641.JPG
NETWORK t= 54407.3ms dt=    8.8ms tid=ThreadId(685) nfs_helper_read_ok uri=nfs://DietPi.local/mnt/4TBP/Work/Arise2014/Video/DCIM/108D300S/DSC_2641.JPG bytes=300885
NETWORK t= 54407.3ms dt=    0.0ms tid=ThreadId(685) read_done uri=nfs://DietPi.local/mnt/4TBP/Work/Arise2014/Video/DCIM/108D300S/DSC_2641.JPG bytes=300885 ms=8.8
NETWORK t= 54413.2ms dt=    5.9ms tid=ThreadId(685) materialize_start uri=nfs://DietPi.local/mnt/4TBP/Work/Arise2014/Video/DCIM/108D300S/DSC_2641.JPG
NETWORK t= 54413.2ms dt=    0.1ms tid=ThreadId(685) read_start uri=nfs://DietPi.local/mnt/4TBP/Work/Arise2014/Video/DCIM/108D300S/DSC_2641.JPG
NETWORK t= 54421.3ms dt=    8.1ms tid=ThreadId(685) nfs_helper_read_ok uri=nfs://DietPi.local/mnt/4TBP/Work/Arise2014/Video/DCIM/108D300S/DSC_2641.JPG bytes=300885
NETWORK t= 54421.3ms dt=    0.0ms tid=ThreadId(685) read_done uri=nfs://DietPi.local/mnt/4TBP/Work/Arise2014/Video/DCIM/108D300S/DSC_2641.JPG bytes=300885 ms=8.1
NETWORK t= 54421.5ms dt=    0.2ms tid=ThreadId(685) materialize_done uri=nfs://DietPi.local/mnt/4TBP/Work/Arise2014/Video/DCIM/108D300S/DSC_2641.JPG path=/home/peet/.cache/picasa-rs/source/l/94715c16cdcc7a0c0203c20b31d90fff8393f63083e3e612a86180087656421b.JPG ms=8.3
NETWORK t= 54423.2ms dt=    1.7ms tid=ThreadId(684) materialize_start uri=nfs://DietPi.local/mnt/4TBP/Work/Arise2014/ARise-VIdeo.png
NETWORK t= 54423.3ms dt=    0.1ms tid=ThreadId(684) read_start uri=nfs://DietPi.local/mnt/4TBP/Work/Arise2014/ARise-VIdeo.png
NETWORK t= 54424.3ms dt=    1.0ms tid=ThreadId(685) read_start uri=nfs://DietPi.local/mnt/4TBP/Work/Arise2014/Video/DCIM/108D300S/DSC_2724.JPG
NETWORK t= 54434.2ms dt=   10.0ms tid=ThreadId(684) nfs_helper_read_ok uri=nfs://DietPi.local/mnt/4TBP/Work/Arise2014/ARise-VIdeo.png bytes=422373
NETWORK t= 54434.3ms dt=    0.0ms tid=ThreadId(684) read_done uri=nfs://DietPi.local/mnt/4TBP/Work/Arise2014/ARise-VIdeo.png bytes=422373 ms=10.9
NETWORK t= 54434.4ms dt=    0.2ms tid=ThreadId(684) materialize_done uri=nfs://DietPi.local/mnt/4TBP/Work/Arise2014/ARise-VIdeo.png path=/home/peet/.cache/picasa-rs/source/e/d2fe99c628436a2f227a6ade366ab9cf1babbf2c18baa69aeb6fbc6c46da22f0.png ms=11.2
NETWORK t= 54446.9ms dt=   12.5ms tid=ThreadId(685) nfs_helper_read_ok uri=nfs://DietPi.local/mnt/4TBP/Work/Arise2014/Video/DCIM/108D300S/DSC_2724.JPG bytes=562454
NETWORK t= 54446.9ms dt=    0.0ms tid=ThreadId(685) read_done uri=nfs://DietPi.local/mnt/4TBP/Work/Arise2014/Video/DCIM/108D300S/DSC_2724.JPG bytes=562454 ms=22.7
NETWORK t= 54451.1ms dt=    4.1ms tid=ThreadId(684) materialize_start uri=nfs://DietPi.local/mnt/4TBP/Work/Arise2014/Video/DCIM/108D300S/DSC_2736.NEF
NETWORK t= 54451.1ms dt=    0.0ms tid=ThreadId(684) materialize_done uri=nfs://DietPi.local/mnt/4TBP/Work/Arise2014/Video/DCIM/108D300S/DSC_2736.NEF path=/home/peet/.cache/picasa-rs/source/i/150681270581574ea806887eb48475275a8153ff0d5844c4a0c0326e48e8aa3f.NEF ms=0.0
NETWORK t= 54454.7ms dt=    3.6ms tid=ThreadId(685) materialize_start uri=nfs://DietPi.local/mnt/4TBP/Work/Arise2014/Video/DCIM/108D300S/DSC_2724.JPG
NETWORK t= 54454.7ms dt=    0.1ms tid=ThreadId(685) read_start uri=nfs://DietPi.local/mnt/4TBP/Work/Arise2014/Video/DCIM/108D300S/DSC_2724.JPG
NETWORK t= 54467.7ms dt=   13.0ms tid=ThreadId(685) nfs_helper_read_ok uri=nfs://DietPi.local/mnt/4TBP/Work/Arise2014/Video/DCIM/108D300S/DSC_2724.JPG bytes=562454
NETWORK t= 54467.7ms dt=    0.0ms tid=ThreadId(685) read_done uri=nfs://DietPi.local/mnt/4TBP/Work/Arise2014/Video/DCIM/108D300S/DSC_2724.JPG bytes=562454 ms=13.0
NETWORK t= 54467.9ms dt=    0.2ms tid=ThreadId(685) materialize_done uri=nfs://DietPi.local/mnt/4TBP/Work/Arise2014/Video/DCIM/108D300S/DSC_2724.JPG path=/home/peet/.cache/picasa-rs/source/u/97b6aaa7f7455794e47b95b8ee209322145c94ddb735105f826b5e5b36e80613.JPG ms=13.2
NETWORK t= 54470.6ms dt=    2.7ms tid=ThreadId(685) materialize_start uri=nfs://DietPi.local/mnt/4TBP/Work/Arise2014/Video/DCIM/108D300S/DSC_2719.NEF
NETWORK t= 54470.6ms dt=    0.0ms tid=ThreadId(685) materialize_done uri=nfs://DietPi.local/mnt/4TBP/Work/Arise2014/Video/DCIM/108D300S/DSC_2719.NEF path=/home/peet/.cache/picasa-rs/source/u/6516068adf74d618b367cc09dba3df4d07c59f9c9139a1a80c6557510cc4b99e.NEF ms=0.0
NETWORK t= 54514.9ms dt=   44.3ms tid=ThreadId(684) materialize_start uri=nfs://DietPi.local/mnt/4TBP/Work/Arise2014/Video/DCIM/108D300S/DSC_2736.NEF
NETWORK t= 54514.9ms dt=    0.1ms tid=ThreadId(684) materialize_done uri=nfs://DietPi.local/mnt/4TBP/Work/Arise2014/Video/DCIM/108D300S/DSC_2736.NEF path=/home/peet/.cache/picasa-rs/source/i/150681270581574ea806887eb48475275a8153ff0d5844c4a0c0326e48e8aa3f.NEF ms=0.0
NETWORK t= 54526.8ms dt=   11.8ms tid=ThreadId(684) materialize_start uri=nfs://DietPi.local/mnt/4TBP/Work/Arise2014/Video/DCIM/108D300S/DSC_2729.NEF
NETWORK t= 54526.8ms dt=    0.0ms tid=ThreadId(684) materialize_done uri=nfs://DietPi.local/mnt/4TBP/Work/Arise2014/Video/DCIM/108D300S/DSC_2729.NEF path=/home/peet/.cache/picasa-rs/source/6/04f2c8540be8dd16745f05be82c18f91bc4867109d37355f616c885c9d201c5f.NEF ms=0.0
NETWORK t= 54548.8ms dt=   22.0ms tid=ThreadId(685) materialize_start uri=nfs://DietPi.local/mnt/4TBP/Work/Arise2014/Video/DCIM/108D300S/DSC_2719.NEF
NETWORK t= 54548.9ms dt=    0.0ms tid=ThreadId(685) materialize_done uri=nfs://DietPi.local/mnt/4TBP/Work/Arise2014/Video/DCIM/108D300S/DSC_2719.NEF path=/home/peet/.cache/picasa-rs/source/u/6516068adf74d618b367cc09dba3df4d07c59f9c9139a1a80c6557510cc4b99e.NEF ms=0.0
NETWORK t= 54581.1ms dt=   32.3ms tid=ThreadId(685) materialize_start uri=nfs://DietPi.local/mnt/4TBP/Work/Arise2014/Video/DCIM/108D300S/DSC_2739.NEF
NETWORK t= 54581.2ms dt=    0.0ms tid=ThreadId(685) materialize_done uri=nfs://DietPi.local/mnt/4TBP/Work/Arise2014/Video/DCIM/108D300S/DSC_2739.NEF path=/home/peet/.cache/picasa-rs/source/t/506902d4ad89640fdd272d477e85ed06f5a4d927bbf948fafb16b7c5d7b2b1ec.NEF ms=0.0
NETWORK t= 54595.5ms dt=   14.3ms tid=ThreadId(684) materialize_start uri=nfs://DietPi.local/mnt/4TBP/Work/Arise2014/Video/DCIM/108D300S/DSC_2729.NEF
NETWORK t= 54595.5ms dt=    0.0ms tid=ThreadId(684) materialize_done uri=nfs://DietPi.local/mnt/4TBP/Work/Arise2014/Video/DCIM/108D300S/DSC_2729.NEF path=/home/peet/.cache/picasa-rs/source/6/04f2c8540be8dd16745f05be82c18f91bc4867109d37355f616c885c9d201c5f.NEF ms=0.0
NETWORK t= 54607.0ms dt=   11.5ms tid=ThreadId(684) read_start uri=nfs://DietPi.local/mnt/4TBP/Work/Arise2014/Video/DCIM/108D300S/DSC_2680.JPG
NETWORK t= 54624.5ms dt=   17.5ms tid=ThreadId(684) nfs_helper_read_ok uri=nfs://DietPi.local/mnt/4TBP/Work/Arise2014/Video/DCIM/108D300S/DSC_2680.JPG bytes=764451
NETWORK t= 54624.5ms dt=    0.0ms tid=ThreadId(684) read_done uri=nfs://DietPi.local/mnt/4TBP/Work/Arise2014/Video/DCIM/108D300S/DSC_2680.JPG bytes=764451 ms=17.5
NETWORK t= 54633.2ms dt=    8.7ms tid=ThreadId(684) materialize_start uri=nfs://DietPi.local/mnt/4TBP/Work/Arise2014/Video/DCIM/108D300S/DSC_2680.JPG
NETWORK t= 54633.2ms dt=    0.1ms tid=ThreadId(684) read_start uri=nfs://DietPi.local/mnt/4TBP/Work/Arise2014/Video/DCIM/108D300S/DSC_2680.JPG
NETWORK t= 54649.7ms dt=   16.4ms tid=ThreadId(684) nfs_helper_read_ok uri=nfs://DietPi.local/mnt/4TBP/Work/Arise2014/Video/DCIM/108D300S/DSC_2680.JPG bytes=764451
NETWORK t= 54649.7ms dt=    0.0ms tid=ThreadId(684) read_done uri=nfs://DietPi.local/mnt/4TBP/Work/Arise2014/Video/DCIM/108D300S/DSC_2680.JPG bytes=764451 ms=16.5
NETWORK t= 54649.9ms dt=    0.2ms tid=ThreadId(684) materialize_done uri=nfs://DietPi.local/mnt/4TBP/Work/Arise2014/Video/DCIM/108D300S/DSC_2680.JPG path=/home/peet/.cache/picasa-rs/source/9/19c548fc651a19a51085887317b028e7ef49aaba6d5d5572b58defd0b4be4113.JPG ms=16.7
NETWORK t= 54653.0ms dt=    3.1ms tid=ThreadId(684) read_start uri=nfs://DietPi.local/mnt/4TBP/Work/Arise2014/Wallpaper-iPhone-1136-640-BlueG.jpg
NETWORK t= 54658.1ms dt=    5.1ms tid=ThreadId(685) materialize_start uri=nfs://DietPi.local/mnt/4TBP/Work/Arise2014/Video/DCIM/108D300S/DSC_2739.NEF
NETWORK t= 54658.2ms dt=    0.0ms tid=ThreadId(685) materialize_done uri=nfs://DietPi.local/mnt/4TBP/Work/Arise2014/Video/DCIM/108D300S/DSC_2739.NEF path=/home/peet/.cache/picasa-rs/source/t/506902d4ad89640fdd272d477e85ed06f5a4d927bbf948fafb16b7c5d7b2b1ec.NEF ms=0.0
NETWORK t= 54666.9ms dt=    8.8ms tid=ThreadId(684) nfs_helper_read_ok uri=nfs://DietPi.local/mnt/4TBP/Work/Arise2014/Wallpaper-iPhone-1136-640-BlueG.jpg bytes=95633
NETWORK t= 54667.0ms dt=    0.0ms tid=ThreadId(684) read_done uri=nfs://DietPi.local/mnt/4TBP/Work/Arise2014/Wallpaper-iPhone-1136-640-BlueG.jpg bytes=95633 ms=14.0
NETWORK t= 54674.2ms dt=    7.3ms tid=ThreadId(684) materialize_start uri=nfs://DietPi.local/mnt/4TBP/Work/Arise2014/Wallpaper-iPhone-1136-640-BlueG.jpg
NETWORK t= 54674.3ms dt=    0.1ms tid=ThreadId(684) read_start uri=nfs://DietPi.local/mnt/4TBP/Work/Arise2014/Wallpaper-iPhone-1136-640-BlueG.jpg
NETWORK t= 54679.3ms dt=    5.0ms tid=ThreadId(684) nfs_helper_read_ok uri=nfs://DietPi.local/mnt/4TBP/Work/Arise2014/Wallpaper-iPhone-1136-640-BlueG.jpg bytes=95633
NETWORK t= 54679.3ms dt=    0.0ms tid=ThreadId(684) read_done uri=nfs://DietPi.local/mnt/4TBP/Work/Arise2014/Wallpaper-iPhone-1136-640-BlueG.jpg bytes=95633 ms=5.0
NETWORK t= 54679.5ms dt=    0.1ms tid=ThreadId(684) materialize_done uri=nfs://DietPi.local/mnt/4TBP/Work/Arise2014/Wallpaper-iPhone-1136-640-BlueG.jpg path=/home/peet/.cache/picasa-rs/source/k/0764f7a5fc82d230af045ea958585fb549b861d21f3f1175c502fabbb2c0cdf6.jpg ms=5.2
NETWORK t= 54681.4ms dt=    2.0ms tid=ThreadId(684) materialize_start uri=nfs://DietPi.local/mnt/4TBP/Work/Arise2014/Video/DCIM/108D300S/DSC_2727.NEF
NETWORK t= 54681.4ms dt=    0.0ms tid=ThreadId(684) materialize_done uri=nfs://DietPi.local/mnt/4TBP/Work/Arise2014/Video/DCIM/108D300S/DSC_2727.NEF path=/home/peet/.cache/picasa-rs/source/8/cf742efc08c15f88496398f781f17360466d09c3306651c9a35afac3b678c2a2.NEF ms=0.0
NETWORK t= 54690.4ms dt=    9.0ms tid=ThreadId(685) read_start uri=nfs://DietPi.local/mnt/4TBP/Work/Arise2014/Video/DCIM/108D300S/DSC_2627.JPG
NETWORK t= 54702.1ms dt=   11.7ms tid=ThreadId(685) nfs_helper_read_ok uri=nfs://DietPi.local/mnt/4TBP/Work/Arise2014/Video/DCIM/108D300S/DSC_2627.JPG bytes=450200
NETWORK t= 54702.1ms dt=    0.0ms tid=ThreadId(685) read_done uri=nfs://DietPi.local/mnt/4TBP/Work/Arise2014/Video/DCIM/108D300S/DSC_2627.JPG bytes=450200 ms=11.7
NETWORK t= 54708.8ms dt=    6.7ms tid=ThreadId(685) materialize_start uri=nfs://DietPi.local/mnt/4TBP/Work/Arise2014/Video/DCIM/108D300S/DSC_2627.JPG
NETWORK t= 54708.9ms dt=    0.1ms tid=ThreadId(685) read_start uri=nfs://DietPi.local/mnt/4TBP/Work/Arise2014/Video/DCIM/108D300S/DSC_2627.JPG
NETWORK t= 54720.1ms dt=   11.3ms tid=ThreadId(685) nfs_helper_read_ok uri=nfs://DietPi.local/mnt/4TBP/Work/Arise2014/Video/DCIM/108D300S/DSC_2627.JPG bytes=450200
NETWORK t= 54720.2ms dt=    0.0ms tid=ThreadId(685) read_done uri=nfs://DietPi.local/mnt/4TBP/Work/Arise2014/Video/DCIM/108D300S/DSC_2627.JPG bytes=450200 ms=11.3
NETWORK t= 54720.4ms dt=    0.2ms tid=ThreadId(685) materialize_done uri=nfs://DietPi.local/mnt/4TBP/Work/Arise2014/Video/DCIM/108D300S/DSC_2627.JPG path=/home/peet/.cache/picasa-rs/source/i/2262bbdc603c89f76e95d4eb41a8aa64f12cc6d1661c39456ed07d29dd360ac5.JPG ms=11.5
NETWORK t= 54723.0ms dt=    2.7ms tid=ThreadId(685) materialize_start uri=nfs://DietPi.local/mnt/4TBP/Work/Arise2014/Video/DCIM/108D300S/DSC_2655.NEF
NETWORK t= 54723.1ms dt=    0.0ms tid=ThreadId(685) materialize_done uri=nfs://DietPi.local/mnt/4TBP/Work/Arise2014/Video/DCIM/108D300S/DSC_2655.NEF path=/home/peet/.cache/picasa-rs/source/y/fa72813824d66046a02937b6cc990fc9cd463c03e5cff7fb17e228b44f64281a.NEF ms=0.0
NETWORK t= 54746.6ms dt=   23.6ms tid=ThreadId(684) materialize_start uri=nfs://DietPi.local/mnt/4TBP/Work/Arise2014/Video/DCIM/108D300S/DSC_2727.NEF
NETWORK t= 54746.7ms dt=    0.0ms tid=ThreadId(684) materialize_done uri=nfs://DietPi.local/mnt/4TBP/Work/Arise2014/Video/DCIM/108D300S/DSC_2727.NEF path=/home/peet/.cache/picasa-rs/source/8/cf742efc08c15f88496398f781f17360466d09c3306651c9a35afac3b678c2a2.NEF ms=0.0
NETWORK t= 54758.4ms dt=   11.7ms tid=ThreadId(684) materialize_start uri=nfs://DietPi.local/mnt/4TBP/Work/Arise2014/Video/DCIM/108D300S/DSC_2709.NEF
NETWORK t= 54758.4ms dt=    0.0ms tid=ThreadId(684) materialize_done uri=nfs://DietPi.local/mnt/4TBP/Work/Arise2014/Video/DCIM/108D300S/DSC_2709.NEF path=/home/peet/.cache/picasa-rs/source/k/bc3cf1c7011dd97b71deae75f095c7c68a528c85dee3c44f2783dcc70263e66f.NEF ms=0.0
NETWORK t= 54796.5ms dt=   38.1ms tid=ThreadId(685) materialize_start uri=nfs://DietPi.local/mnt/4TBP/Work/Arise2014/Video/DCIM/108D300S/DSC_2655.NEF
NETWORK t= 54796.5ms dt=    0.0ms tid=ThreadId(685) materialize_done uri=nfs://DietPi.local/mnt/4TBP/Work/Arise2014/Video/DCIM/108D300S/DSC_2655.NEF path=/home/peet/.cache/picasa-rs/source/y/fa72813824d66046a02937b6cc990fc9cd463c03e5cff7fb17e228b44f64281a.NEF ms=0.0
NETWORK t= 54812.7ms dt=   16.2ms tid=ThreadId(684) materialize_start uri=nfs://DietPi.local/mnt/4TBP/Work/Arise2014/Video/DCIM/108D300S/DSC_2709.NEF
NETWORK t= 54812.7ms dt=    0.0ms tid=ThreadId(684) materialize_done uri=nfs://DietPi.local/mnt/4TBP/Work/Arise2014/Video/DCIM/108D300S/DSC_2709.NEF path=/home/peet/.cache/picasa-rs/source/k/bc3cf1c7011dd97b71deae75f095c7c68a528c85dee3c44f2783dcc70263e66f.NEF ms=0.0
NETWORK t= 54824.4ms dt=   11.7ms tid=ThreadId(684) materialize_start uri=nfs://DietPi.local/mnt/4TBP/Work/Arise2014/Video/DCIM/108D300S/DSC_2683.NEF
NETWORK t= 54824.5ms dt=    0.0ms tid=ThreadId(684) materialize_done uri=nfs://DietPi.local/mnt/4TBP/Work/Arise2014/Video/DCIM/108D300S/DSC_2683.NEF path=/home/peet/.cache/picasa-rs/source/3/95373d7d0993c4a30763a5158a73a2f89fcc880cdd2e4d84f99d5b7195b1d7f0.NEF ms=0.0
NETWORK t= 54830.1ms dt=    5.6ms tid=ThreadId(685) materialize_start uri=nfs://DietPi.local/mnt/4TBP/Work/Arise2014/Video/DCIM/108D300S/DSC_2681.NEF
NETWORK t= 54830.1ms dt=    0.0ms tid=ThreadId(685) materialize_done uri=nfs://DietPi.local/mnt/4TBP/Work/Arise2014/Video/DCIM/108D300S/DSC_2681.NEF path=/home/peet/.cache/picasa-rs/source/5/6545fd78f3a29a391562ab73618fe4bf793f83a22df4e1cf74aacbf9ee90d87d.NEF ms=0.0
NETWORK t= 54893.9ms dt=   63.7ms tid=ThreadId(684) materialize_start uri=nfs://DietPi.local/mnt/4TBP/Work/Arise2014/Video/DCIM/108D300S/DSC_2683.NEF
NETWORK t= 54893.9ms dt=    0.1ms tid=ThreadId(684) materialize_done uri=nfs://DietPi.local/mnt/4TBP/Work/Arise2014/Video/DCIM/108D300S/DSC_2683.NEF path=/home/peet/.cache/picasa-rs/source/3/95373d7d0993c4a30763a5158a73a2f89fcc880cdd2e4d84f99d5b7195b1d7f0.NEF ms=0.0
NETWORK t= 54913.8ms dt=   19.9ms tid=ThreadId(685) materialize_start uri=nfs://DietPi.local/mnt/4TBP/Work/Arise2014/Video/DCIM/108D300S/DSC_2681.NEF
NETWORK t= 54913.8ms dt=    0.1ms tid=ThreadId(685) materialize_done uri=nfs://DietPi.local/mnt/4TBP/Work/Arise2014/Video/DCIM/108D300S/DSC_2681.NEF path=/home/peet/.cache/picasa-rs/source/5/6545fd78f3a29a391562ab73618fe4bf793f83a22df4e1cf74aacbf9ee90d87d.NEF ms=0.0
NETWORK t= 54947.2ms dt=   33.4ms tid=ThreadId(685) materialize_start uri=nfs://DietPi.local/mnt/4TBP/Work/Arise2014/Video/DCIM/108D300S/DSC_2680.NEF
NETWORK t= 54947.2ms dt=    0.0ms tid=ThreadId(685) materialize_done uri=nfs://DietPi.local/mnt/4TBP/Work/Arise2014/Video/DCIM/108D300S/DSC_2680.NEF path=/home/peet/.cache/picasa-rs/source/e/7b1a8045e29e00b46ed9e862e908b91434ff577c6c4b996cd47e14356803183f.NEF ms=0.0
NETWORK t= 54986.0ms dt=   38.8ms tid=ThreadId(684) read_start uri=nfs://DietPi.local/mnt/4TBP/Work/Arise2014/Aqua_Divas_by_misscam_ftw.jpg
NETWORK t= 55006.4ms dt=   20.4ms tid=ThreadId(684) nfs_helper_read_ok uri=nfs://DietPi.local/mnt/4TBP/Work/Arise2014/Aqua_Divas_by_misscam_ftw.jpg bytes=220996
NETWORK t= 55006.4ms dt=    0.0ms tid=ThreadId(684) read_done uri=nfs://DietPi.local/mnt/4TBP/Work/Arise2014/Aqua_Divas_by_misscam_ftw.jpg bytes=220996 ms=20.4
NETWORK t= 55010.2ms dt=    3.8ms tid=ThreadId(684) materialize_start uri=nfs://DietPi.local/mnt/4TBP/Work/Arise2014/Aqua_Divas_by_misscam_ftw.jpg
NETWORK t= 55010.3ms dt=    0.1ms tid=ThreadId(684) read_start uri=nfs://DietPi.local/mnt/4TBP/Work/Arise2014/Aqua_Divas_by_misscam_ftw.jpg
NETWORK t= 55017.7ms dt=    7.4ms tid=ThreadId(684) nfs_helper_read_ok uri=nfs://DietPi.local/mnt/4TBP/Work/Arise2014/Aqua_Divas_by_misscam_ftw.jpg bytes=220996
NETWORK t= 55017.7ms dt=    0.0ms tid=ThreadId(684) read_done uri=nfs://DietPi.local/mnt/4TBP/Work/Arise2014/Aqua_Divas_by_misscam_ftw.jpg bytes=220996 ms=7.4
NETWORK t= 55017.8ms dt=    0.1ms tid=ThreadId(684) materialize_done uri=nfs://DietPi.local/mnt/4TBP/Work/Arise2014/Aqua_Divas_by_misscam_ftw.jpg path=/home/peet/.cache/picasa-rs/source/l/2d397d2093cabe2dd6d5537ccc5c6fe928584eae4297c616aacdfa6e4a22de3e.jpg ms=7.6
NETWORK t= 55020.3ms dt=    2.5ms tid=ThreadId(684) read_start uri=nfs://DietPi.local/mnt/4TBP/Work/Arise2014/Video/DCIM/108D300S/DSC_2672.JPG
NETWORK t= 55031.0ms dt=   10.6ms tid=ThreadId(684) nfs_helper_read_ok uri=nfs://DietPi.local/mnt/4TBP/Work/Arise2014/Video/DCIM/108D300S/DSC_2672.JPG bytes=399721
NETWORK t= 55031.0ms dt=    0.0ms tid=ThreadId(684) read_done uri=nfs://DietPi.local/mnt/4TBP/Work/Arise2014/Video/DCIM/108D300S/DSC_2672.JPG bytes=399721 ms=10.6
NETWORK t= 55033.3ms dt=    2.3ms tid=ThreadId(685) materialize_start uri=nfs://DietPi.local/mnt/4TBP/Work/Arise2014/Video/DCIM/108D300S/DSC_2680.NEF
NETWORK t= 55033.3ms dt=    0.0ms tid=ThreadId(685) materialize_done uri=nfs://DietPi.local/mnt/4TBP/Work/Arise2014/Video/DCIM/108D300S/DSC_2680.NEF path=/home/peet/.cache/picasa-rs/source/e/7b1a8045e29e00b46ed9e862e908b91434ff577c6c4b996cd47e14356803183f.NEF ms=0.0
NETWORK t= 55037.7ms dt=    4.4ms tid=ThreadId(684) materialize_start uri=nfs://DietPi.local/mnt/4TBP/Work/Arise2014/Video/DCIM/108D300S/DSC_2672.JPG
NETWORK t= 55037.8ms dt=    0.1ms tid=ThreadId(684) read_start uri=nfs://DietPi.local/mnt/4TBP/Work/Arise2014/Video/DCIM/108D300S/DSC_2672.JPG
NETWORK t= 55047.7ms dt=    9.9ms tid=ThreadId(684) nfs_helper_read_ok uri=nfs://DietPi.local/mnt/4TBP/Work/Arise2014/Video/DCIM/108D300S/DSC_2672.JPG bytes=399721
NETWORK t= 55047.7ms dt=    0.0ms tid=ThreadId(684) read_done uri=nfs://DietPi.local/mnt/4TBP/Work/Arise2014/Video/DCIM/108D300S/DSC_2672.JPG bytes=399721 ms=9.9
NETWORK t= 55047.8ms dt=    0.2ms tid=ThreadId(684) materialize_done uri=nfs://DietPi.local/mnt/4TBP/Work/Arise2014/Video/DCIM/108D300S/DSC_2672.JPG path=/home/peet/.cache/picasa-rs/source/8/9008edf30ab7802ceaaf510751a4d13af0d6fd02de48e0837809fdf518b142e5.JPG ms=10.1
NETWORK t= 55050.8ms dt=    2.9ms tid=ThreadId(684) read_start uri=nfs://DietPi.local/mnt/4TBP/Work/Arise2014/Video/DCIM/108D300S/DSC_2655.JPG
NETWORK t= 55060.8ms dt=   10.0ms tid=ThreadId(684) nfs_helper_read_ok uri=nfs://DietPi.local/mnt/4TBP/Work/Arise2014/Video/DCIM/108D300S/DSC_2655.JPG bytes=394435
NETWORK t= 55060.8ms dt=    0.0ms tid=ThreadId(684) read_done uri=nfs://DietPi.local/mnt/4TBP/Work/Arise2014/Video/DCIM/108D300S/DSC_2655.JPG bytes=394435 ms=10.0
NETWORK t= 55067.1ms dt=    6.3ms tid=ThreadId(684) materialize_start uri=nfs://DietPi.local/mnt/4TBP/Work/Arise2014/Video/DCIM/108D300S/DSC_2655.JPG
NETWORK t= 55067.1ms dt=    0.1ms tid=ThreadId(684) read_start uri=nfs://DietPi.local/mnt/4TBP/Work/Arise2014/Video/DCIM/108D300S/DSC_2655.JPG
NETWORK t= 55076.8ms dt=    9.7ms tid=ThreadId(684) nfs_helper_read_ok uri=nfs://DietPi.local/mnt/4TBP/Work/Arise2014/Video/DCIM/108D300S/DSC_2655.JPG bytes=394435
NETWORK t= 55076.8ms dt=    0.0ms tid=ThreadId(684) read_done uri=nfs://DietPi.local/mnt/4TBP/Work/Arise2014/Video/DCIM/108D300S/DSC_2655.JPG bytes=394435 ms=9.7
NETWORK t= 55077.0ms dt=    0.1ms tid=ThreadId(684) materialize_done uri=nfs://DietPi.local/mnt/4TBP/Work/Arise2014/Video/DCIM/108D300S/DSC_2655.JPG path=/home/peet/.cache/picasa-rs/source/0/e9281aa33e91a1fb2f50bbc04932c7615c1ffe7930526fee2c0bc98c31866347.JPG ms=9.9
NETWORK t= 55079.5ms dt=    2.5ms tid=ThreadId(684) read_start uri=nfs://DietPi.local/mnt/4TBP/Work/Arise2014/Video/DCIM/108D300S/DSC_2678.JPG
NETWORK t= 55098.0ms dt=   18.6ms tid=ThreadId(684) nfs_helper_read_ok uri=nfs://DietPi.local/mnt/4TBP/Work/Arise2014/Video/DCIM/108D300S/DSC_2678.JPG bytes=914674
NETWORK t= 55098.1ms dt=    0.0ms tid=ThreadId(684) read_done uri=nfs://DietPi.local/mnt/4TBP/Work/Arise2014/Video/DCIM/108D300S/DSC_2678.JPG bytes=914674 ms=18.6
NETWORK t= 55107.7ms dt=    9.7ms tid=ThreadId(684) materialize_start uri=nfs://DietPi.local/mnt/4TBP/Work/Arise2014/Video/DCIM/108D300S/DSC_2678.JPG
NETWORK t= 55107.8ms dt=    0.1ms tid=ThreadId(684) read_start uri=nfs://DietPi.local/mnt/4TBP/Work/Arise2014/Video/DCIM/108D300S/DSC_2678.JPG
NETWORK t= 55126.7ms dt=   18.9ms tid=ThreadId(684) nfs_helper_read_ok uri=nfs://DietPi.local/mnt/4TBP/Work/Arise2014/Video/DCIM/108D300S/DSC_2678.JPG bytes=914674
NETWORK t= 55126.7ms dt=    0.0ms tid=ThreadId(684) read_done uri=nfs://DietPi.local/mnt/4TBP/Work/Arise2014/Video/DCIM/108D300S/DSC_2678.JPG bytes=914674 ms=18.9
NETWORK t= 55127.0ms dt=    0.3ms tid=ThreadId(684) materialize_done uri=nfs://DietPi.local/mnt/4TBP/Work/Arise2014/Video/DCIM/108D300S/DSC_2678.JPG path=/home/peet/.cache/picasa-rs/source/z/d7ffcc1545aec16e2e7c5b8649b041501931a5b62a72cf6050f50afef9c37700.JPG ms=19.2
NETWORK t= 55130.3ms dt=    3.4ms tid=ThreadId(684) materialize_start uri=nfs://DietPi.local/mnt/4TBP/Work/Arise2014/Video/DCIM/108D300S/DSC_2627.NEF
NETWORK t= 55130.4ms dt=    0.0ms tid=ThreadId(684) materialize_done uri=nfs://DietPi.local/mnt/4TBP/Work/Arise2014/Video/DCIM/108D300S/DSC_2627.NEF path=/home/peet/.cache/picasa-rs/source/4/3d0c37a4767e75f14ea7cc41cf49bacbf517a6ab6329c0e1c45c083999b75a92.NEF ms=0.0
NETWORK t= 55164.5ms dt=   34.1ms tid=ThreadId(685) materialize_start uri=nfs://DietPi.local/mnt/4TBP/Work/Arise2014/Video/DCIM/108D300S/DSC_2711.NEF
NETWORK t= 55164.6ms dt=    0.0ms tid=ThreadId(685) materialize_done uri=nfs://DietPi.local/mnt/4TBP/Work/Arise2014/Video/DCIM/108D300S/DSC_2711.NEF path=/home/peet/.cache/picasa-rs/source/r/618fdc2035d9b9d265000531b78b509a21e728aebc857a005b7918c40dd01bec.NEF ms=0.0
NETWORK t= 55187.2ms dt=   22.7ms tid=ThreadId(684) materialize_start uri=nfs://DietPi.local/mnt/4TBP/Work/Arise2014/Video/DCIM/108D300S/DSC_2627.NEF
NETWORK t= 55187.3ms dt=    0.0ms tid=ThreadId(684) materialize_done uri=nfs://DietPi.local/mnt/4TBP/Work/Arise2014/Video/DCIM/108D300S/DSC_2627.NEF path=/home/peet/.cache/picasa-rs/source/4/3d0c37a4767e75f14ea7cc41cf49bacbf517a6ab6329c0e1c45c083999b75a92.NEF ms=0.0
NETWORK t= 55198.8ms dt=   11.5ms tid=ThreadId(684) materialize_start uri=nfs://DietPi.local/mnt/4TBP/Work/Arise2014/Video/DCIM/108D300S/DSC_2674.NEF
NETWORK t= 55198.8ms dt=    0.0ms tid=ThreadId(684) materialize_done uri=nfs://DietPi.local/mnt/4TBP/Work/Arise2014/Video/DCIM/108D300S/DSC_2674.NEF path=/home/peet/.cache/picasa-rs/source/a/8bae6d08488abff9a777a767f2cf9142fd1805d40c36437d830af8f1a8f59329.NEF ms=0.0
NETWORK t= 55233.5ms dt=   34.7ms tid=ThreadId(685) materialize_start uri=nfs://DietPi.local/mnt/4TBP/Work/Arise2014/Video/DCIM/108D300S/DSC_2711.NEF
NETWORK t= 55233.6ms dt=    0.0ms tid=ThreadId(685) materialize_done uri=nfs://DietPi.local/mnt/4TBP/Work/Arise2014/Video/DCIM/108D300S/DSC_2711.NEF path=/home/peet/.cache/picasa-rs/source/r/618fdc2035d9b9d265000531b78b509a21e728aebc857a005b7918c40dd01bec.NEF ms=0.0
NETWORK t= 55262.5ms dt=   28.9ms tid=ThreadId(684) materialize_start uri=nfs://DietPi.local/mnt/4TBP/Work/Arise2014/Video/DCIM/108D300S/DSC_2674.NEF
NETWORK t= 55262.5ms dt=    0.0ms tid=ThreadId(684) materialize_done uri=nfs://DietPi.local/mnt/4TBP/Work/Arise2014/Video/DCIM/108D300S/DSC_2674.NEF path=/home/peet/.cache/picasa-rs/source/a/8bae6d08488abff9a777a767f2cf9142fd1805d40c36437d830af8f1a8f59329.NEF ms=0.0
NETWORK t= 55266.4ms dt=    3.8ms tid=ThreadId(685) read_start uri=nfs://DietPi.local/mnt/4TBP/Work/Arise2014/Video/DCIM/108D300S/DSC_2727.JPG
NETWORK t= 55274.1ms dt=    7.7ms tid=ThreadId(684) read_start uri=nfs://DietPi.local/mnt/4TBP/Work/Arise2014/Arise-Logo4-1-1.jpg
NETWORK t= 55284.6ms dt=   10.5ms tid=ThreadId(685) nfs_helper_read_ok uri=nfs://DietPi.local/mnt/4TBP/Work/Arise2014/Video/DCIM/108D300S/DSC_2727.JPG bytes=668476
NETWORK t= 55284.6ms dt=    0.0ms tid=ThreadId(685) read_done uri=nfs://DietPi.local/mnt/4TBP/Work/Arise2014/Video/DCIM/108D300S/DSC_2727.JPG bytes=668476 ms=18.2
NETWORK t= 55292.8ms dt=    8.3ms tid=ThreadId(685) materialize_start uri=nfs://DietPi.local/mnt/4TBP/Work/Arise2014/Video/DCIM/108D300S/DSC_2727.JPG
NETWORK t= 55292.9ms dt=    0.1ms tid=ThreadId(685) read_start uri=nfs://DietPi.local/mnt/4TBP/Work/Arise2014/Video/DCIM/108D300S/DSC_2727.JPG
NETWORK t= 55294.2ms dt=    1.3ms tid=ThreadId(684) nfs_helper_read_ok uri=nfs://DietPi.local/mnt/4TBP/Work/Arise2014/Arise-Logo4-1-1.jpg bytes=40030
NETWORK t= 55294.2ms dt=    0.0ms tid=ThreadId(684) read_done uri=nfs://DietPi.local/mnt/4TBP/Work/Arise2014/Arise-Logo4-1-1.jpg bytes=40030 ms=20.1
NETWORK t= 55297.2ms dt=    3.0ms tid=ThreadId(684) materialize_start uri=nfs://DietPi.local/mnt/4TBP/Work/Arise2014/Arise-Logo4-1-1.jpg
NETWORK t= 55297.3ms dt=    0.1ms tid=ThreadId(684) read_start uri=nfs://DietPi.local/mnt/4TBP/Work/Arise2014/Arise-Logo4-1-1.jpg
NETWORK t= 55308.1ms dt=   10.9ms tid=ThreadId(685) nfs_helper_read_ok uri=nfs://DietPi.local/mnt/4TBP/Work/Arise2014/Video/DCIM/108D300S/DSC_2727.JPG bytes=668476
NETWORK t= 55308.2ms dt=    0.0ms tid=ThreadId(685) read_done uri=nfs://DietPi.local/mnt/4TBP/Work/Arise2014/Video/DCIM/108D300S/DSC_2727.JPG bytes=668476 ms=15.2
NETWORK t= 55308.3ms dt=    0.2ms tid=ThreadId(685) materialize_done uri=nfs://DietPi.local/mnt/4TBP/Work/Arise2014/Video/DCIM/108D300S/DSC_2727.JPG path=/home/peet/.cache/picasa-rs/source/c/5ac0f8accaf28303e3d4e57dcc6845b27cebb54a84e98f9f8ba49403a2e22251.JPG ms=15.5
NETWORK t= 55310.9ms dt=    2.6ms tid=ThreadId(685) materialize_start uri=nfs://DietPi.local/mnt/4TBP/Work/Arise2014/Video/DCIM/108D300S/DSC_2644.NEF
NETWORK t= 55310.9ms dt=    0.0ms tid=ThreadId(685) materialize_done uri=nfs://DietPi.local/mnt/4TBP/Work/Arise2014/Video/DCIM/108D300S/DSC_2644.NEF path=/home/peet/.cache/picasa-rs/source/f/1e93605e8bc088419d192843c0b512d953cbfed516d0c362eb32fabb83cef56e.NEF ms=0.0
NETWORK t= 55311.7ms dt=    0.8ms tid=ThreadId(684) nfs_helper_read_ok uri=nfs://DietPi.local/mnt/4TBP/Work/Arise2014/Arise-Logo4-1-1.jpg bytes=40030
NETWORK t= 55311.8ms dt=    0.0ms tid=ThreadId(684) read_done uri=nfs://DietPi.local/mnt/4TBP/Work/Arise2014/Arise-Logo4-1-1.jpg bytes=40030 ms=14.5
NETWORK t= 55311.9ms dt=    0.1ms tid=ThreadId(684) materialize_done uri=nfs://DietPi.local/mnt/4TBP/Work/Arise2014/Arise-Logo4-1-1.jpg path=/home/peet/.cache/picasa-rs/source/j/27bb41f0b01acd5b1072ca003a0b8a7da854be89e9eb0b6773eead615291165e.jpg ms=14.6
NETWORK t= 55313.5ms dt=    1.7ms tid=ThreadId(684) read_start uri=nfs://DietPi.local/mnt/4TBP/Work/Arise2014/Video/DCIM/108D300S/DSC_2723.JPG
NETWORK t= 55326.5ms dt=   12.9ms tid=ThreadId(684) nfs_helper_read_ok uri=nfs://DietPi.local/mnt/4TBP/Work/Arise2014/Video/DCIM/108D300S/DSC_2723.JPG bytes=559557
NETWORK t= 55326.5ms dt=    0.0ms tid=ThreadId(684) read_done uri=nfs://DietPi.local/mnt/4TBP/Work/Arise2014/Video/DCIM/108D300S/DSC_2723.JPG bytes=559557 ms=12.9
NETWORK t= 55334.0ms dt=    7.5ms tid=ThreadId(684) materialize_start uri=nfs://DietPi.local/mnt/4TBP/Work/Arise2014/Video/DCIM/108D300S/DSC_2723.JPG
NETWORK t= 55334.1ms dt=    0.1ms tid=ThreadId(684) read_start uri=nfs://DietPi.local/mnt/4TBP/Work/Arise2014/Video/DCIM/108D300S/DSC_2723.JPG
NETWORK t= 55347.5ms dt=   13.4ms tid=ThreadId(684) nfs_helper_read_ok uri=nfs://DietPi.local/mnt/4TBP/Work/Arise2014/Video/DCIM/108D300S/DSC_2723.JPG bytes=559557
NETWORK t= 55347.5ms dt=    0.0ms tid=ThreadId(684) read_done uri=nfs://DietPi.local/mnt/4TBP/Work/Arise2014/Video/DCIM/108D300S/DSC_2723.JPG bytes=559557 ms=13.4
NETWORK t= 55347.7ms dt=    0.2ms tid=ThreadId(684) materialize_done uri=nfs://DietPi.local/mnt/4TBP/Work/Arise2014/Video/DCIM/108D300S/DSC_2723.JPG path=/home/peet/.cache/picasa-rs/source/n/6f9b54da8d74721d7e10707102d04be1e39ac2c8de8856ad0a8c1b42b556a694.JPG ms=13.6
NETWORK t= 55350.5ms dt=    2.9ms tid=ThreadId(684) materialize_start uri=nfs://DietPi.local/mnt/4TBP/Work/Arise2014/Video/DCIM/108D300S/DSC_2671.NEF
NETWORK t= 55350.5ms dt=    0.0ms tid=ThreadId(684) materialize_done uri=nfs://DietPi.local/mnt/4TBP/Work/Arise2014/Video/DCIM/108D300S/DSC_2671.NEF path=/home/peet/.cache/picasa-rs/source/j/2a8bdc6aace623208f7eb63a9729ad4da5f9d0f5eac1804572bc4caea0c0fbdb.NEF ms=0.0
NETWORK t= 55382.1ms dt=   31.5ms tid=ThreadId(685) materialize_start uri=nfs://DietPi.local/mnt/4TBP/Work/Arise2014/Video/DCIM/108D300S/DSC_2644.NEF
NETWORK t= 55382.1ms dt=    0.0ms tid=ThreadId(685) materialize_done uri=nfs://DietPi.local/mnt/4TBP/Work/Arise2014/Video/DCIM/108D300S/DSC_2644.NEF path=/home/peet/.cache/picasa-rs/source/f/1e93605e8bc088419d192843c0b512d953cbfed516d0c362eb32fabb83cef56e.NEF ms=0.0
NETWORK t= 55409.3ms dt=   27.2ms tid=ThreadId(684) materialize_start uri=nfs://DietPi.local/mnt/4TBP/Work/Arise2014/Video/DCIM/108D300S/DSC_2671.NEF
NETWORK t= 55409.3ms dt=    0.1ms tid=ThreadId(684) materialize_done uri=nfs://DietPi.local/mnt/4TBP/Work/Arise2014/Video/DCIM/108D300S/DSC_2671.NEF path=/home/peet/.cache/picasa-rs/source/j/2a8bdc6aace623208f7eb63a9729ad4da5f9d0f5eac1804572bc4caea0c0fbdb.NEF ms=0.0
NETWORK t= 55415.6ms dt=    6.2ms tid=ThreadId(685) materialize_start uri=nfs://DietPi.local/mnt/4TBP/Work/Arise2014/Video/DCIM/108D300S/DSC_2738.NEF
NETWORK t= 55415.6ms dt=    0.1ms tid=ThreadId(685) materialize_done uri=nfs://DietPi.local/mnt/4TBP/Work/Arise2014/Video/DCIM/108D300S/DSC_2738.NEF path=/home/peet/.cache/picasa-rs/source/o/9c9c6bd7903a02df90a9276e965c3c845fc31dfbfa07aab69c248f01268951fd.NEF ms=0.0
NETWORK t= 55498.6ms dt=   83.0ms tid=ThreadId(685) materialize_start uri=nfs://DietPi.local/mnt/4TBP/Work/Arise2014/Video/DCIM/108D300S/DSC_2738.NEF
NETWORK t= 55498.7ms dt=    0.1ms tid=ThreadId(685) materialize_done uri=nfs://DietPi.local/mnt/4TBP/Work/Arise2014/Video/DCIM/108D300S/DSC_2738.NEF path=/home/peet/.cache/picasa-rs/source/o/9c9c6bd7903a02df90a9276e965c3c845fc31dfbfa07aab69c248f01268951fd.NEF ms=0.0
NETWORK t= 55500.4ms dt=    1.8ms tid=ThreadId(684) read_start uri=nfs://DietPi.local/mnt/4TBP/Work/Arise2014/Video/DCIM/108D300S/DSC_2739.JPG
NETWORK t= 55513.5ms dt=   13.1ms tid=ThreadId(684) nfs_helper_read_ok uri=nfs://DietPi.local/mnt/4TBP/Work/Arise2014/Video/DCIM/108D300S/DSC_2739.JPG bytes=525780
NETWORK t= 55513.6ms dt=    0.0ms tid=ThreadId(684) read_done uri=nfs://DietPi.local/mnt/4TBP/Work/Arise2014/Video/DCIM/108D300S/DSC_2739.JPG bytes=525780 ms=13.1
NETWORK t= 55520.8ms dt=    7.2ms tid=ThreadId(684) materialize_start uri=nfs://DietPi.local/mnt/4TBP/Work/Arise2014/Video/DCIM/108D300S/DSC_2739.JPG
NETWORK t= 55520.9ms dt=    0.1ms tid=ThreadId(684) read_start uri=nfs://DietPi.local/mnt/4TBP/Work/Arise2014/Video/DCIM/108D300S/DSC_2739.JPG
NETWORK t= 55532.0ms dt=   11.1ms tid=ThreadId(685) read_start uri=nfs://DietPi.local/mnt/4TBP/Work/Arise2014/Video/DCIM/108D300S/DSC_2726.JPG
NETWORK t= 55534.0ms dt=    2.0ms tid=ThreadId(684) nfs_helper_read_ok uri=nfs://DietPi.local/mnt/4TBP/Work/Arise2014/Video/DCIM/108D300S/DSC_2739.JPG bytes=525780
NETWORK t= 55534.0ms dt=    0.0ms tid=ThreadId(684) read_done uri=nfs://DietPi.local/mnt/4TBP/Work/Arise2014/Video/DCIM/108D300S/DSC_2739.JPG bytes=525780 ms=13.2
NETWORK t= 55534.2ms dt=    0.2ms tid=ThreadId(684) materialize_done uri=nfs://DietPi.local/mnt/4TBP/Work/Arise2014/Video/DCIM/108D300S/DSC_2739.JPG path=/home/peet/.cache/picasa-rs/source/t/511dfa54bf824594f8646ec53b7f81eb9d02a52e20c8947157ad71b424f68e45.JPG ms=13.4
NETWORK t= 55537.0ms dt=    2.8ms tid=ThreadId(684) read_start uri=nfs://DietPi.local/mnt/4TBP/Work/Arise2014/Video/DCIM/108D300S/DSC_2732.JPG
NETWORK t= 55548.3ms dt=   11.3ms tid=ThreadId(685) nfs_helper_read_ok uri=nfs://DietPi.local/mnt/4TBP/Work/Arise2014/Video/DCIM/108D300S/DSC_2726.JPG bytes=655233
NETWORK t= 55548.3ms dt=    0.0ms tid=ThreadId(685) read_done uri=nfs://DietPi.local/mnt/4TBP/Work/Arise2014/Video/DCIM/108D300S/DSC_2726.JPG bytes=655233 ms=16.3
NETWORK t= 55556.4ms dt=    8.0ms tid=ThreadId(685) materialize_start uri=nfs://DietPi.local/mnt/4TBP/Work/Arise2014/Video/DCIM/108D300S/DSC_2726.JPG
NETWORK t= 55556.4ms dt=    0.1ms tid=ThreadId(685) read_start uri=nfs://DietPi.local/mnt/4TBP/Work/Arise2014/Video/DCIM/108D300S/DSC_2726.JPG
NETWORK t= 55561.4ms dt=    5.0ms tid=ThreadId(684) nfs_helper_read_ok uri=nfs://DietPi.local/mnt/4TBP/Work/Arise2014/Video/DCIM/108D300S/DSC_2732.JPG bytes=543057
NETWORK t= 55561.4ms dt=    0.0ms tid=ThreadId(684) read_done uri=nfs://DietPi.local/mnt/4TBP/Work/Arise2014/Video/DCIM/108D300S/DSC_2732.JPG bytes=543057 ms=24.4
NETWORK t= 55568.6ms dt=    7.2ms tid=ThreadId(684) materialize_start uri=nfs://DietPi.local/mnt/4TBP/Work/Arise2014/Video/DCIM/108D300S/DSC_2732.JPG
NETWORK t= 55568.7ms dt=    0.0ms tid=ThreadId(684) read_start uri=nfs://DietPi.local/mnt/4TBP/Work/Arise2014/Video/DCIM/108D300S/DSC_2732.JPG
NETWORK t= 55575.1ms dt=    6.5ms tid=ThreadId(685) nfs_helper_read_ok uri=nfs://DietPi.local/mnt/4TBP/Work/Arise2014/Video/DCIM/108D300S/DSC_2726.JPG bytes=655233
NETWORK t= 55575.1ms dt=    0.0ms tid=ThreadId(685) read_done uri=nfs://DietPi.local/mnt/4TBP/Work/Arise2014/Video/DCIM/108D300S/DSC_2726.JPG bytes=655233 ms=18.7
NETWORK t= 55575.3ms dt=    0.2ms tid=ThreadId(685) materialize_done uri=nfs://DietPi.local/mnt/4TBP/Work/Arise2014/Video/DCIM/108D300S/DSC_2726.JPG path=/home/peet/.cache/picasa-rs/source/t/bb25ed9dea15ac36b58d02ea8e0b6b41b0bb5bbe0b659358c2518a2b8d5d9b19.JPG ms=18.9
NETWORK t= 55577.8ms dt=    2.5ms tid=ThreadId(685) read_start uri=nfs://DietPi.local/mnt/4TBP/Work/Arise2014/AriseLogoConcept1.jpg
NETWORK t= 55587.6ms dt=    9.8ms tid=ThreadId(684) nfs_helper_read_ok uri=nfs://DietPi.local/mnt/4TBP/Work/Arise2014/Video/DCIM/108D300S/DSC_2732.JPG bytes=543057
NETWORK t= 55587.6ms dt=    0.0ms tid=ThreadId(684) read_done uri=nfs://DietPi.local/mnt/4TBP/Work/Arise2014/Video/DCIM/108D300S/DSC_2732.JPG bytes=543057 ms=18.9
NETWORK t= 55587.8ms dt=    0.1ms tid=ThreadId(684) materialize_done uri=nfs://DietPi.local/mnt/4TBP/Work/Arise2014/Video/DCIM/108D300S/DSC_2732.JPG path=/home/peet/.cache/picasa-rs/source/x/806107aca519647b8a578ce76dc4a7acb0ab95d5a599f7cdb1bccd4a7de14ac7.JPG ms=19.1
NETWORK t= 55590.1ms dt=    2.3ms tid=ThreadId(684) materialize_start uri=nfs://DietPi.local/mnt/4TBP/Work/Arise2014/Video/DCIM/108D300S/DSC_2713.NEF
NETWORK t= 55590.1ms dt=    0.0ms tid=ThreadId(684) materialize_done uri=nfs://DietPi.local/mnt/4TBP/Work/Arise2014/Video/DCIM/108D300S/DSC_2713.NEF path=/home/peet/.cache/picasa-rs/source/t/a871aa66f4953c2fca5b4ef037ff214823a8e2a08669d06e75935d86465aa480.NEF ms=0.0
NETWORK t= 55592.6ms dt=    2.5ms tid=ThreadId(685) nfs_helper_read_ok uri=nfs://DietPi.local/mnt/4TBP/Work/Arise2014/AriseLogoConcept1.jpg bytes=96471
NETWORK t= 55592.7ms dt=    0.0ms tid=ThreadId(685) read_done uri=nfs://DietPi.local/mnt/4TBP/Work/Arise2014/AriseLogoConcept1.jpg bytes=96471 ms=14.8
NETWORK t= 55599.0ms dt=    6.3ms tid=ThreadId(685) materialize_start uri=nfs://DietPi.local/mnt/4TBP/Work/Arise2014/AriseLogoConcept1.jpg
NETWORK t= 55599.0ms dt=    0.1ms tid=ThreadId(685) read_start uri=nfs://DietPi.local/mnt/4TBP/Work/Arise2014/AriseLogoConcept1.jpg
NETWORK t= 55603.6ms dt=    4.6ms tid=ThreadId(685) nfs_helper_read_ok uri=nfs://DietPi.local/mnt/4TBP/Work/Arise2014/AriseLogoConcept1.jpg bytes=96471
NETWORK t= 55603.6ms dt=    0.0ms tid=ThreadId(685) read_done uri=nfs://DietPi.local/mnt/4TBP/Work/Arise2014/AriseLogoConcept1.jpg bytes=96471 ms=4.6
NETWORK t= 55603.7ms dt=    0.1ms tid=ThreadId(685) materialize_done uri=nfs://DietPi.local/mnt/4TBP/Work/Arise2014/AriseLogoConcept1.jpg path=/home/peet/.cache/picasa-rs/source/m/e572c4d52945156e698f4deccfc99024b05a7449295025171a611c4b4ad5c499.jpg ms=4.7
NETWORK t= 55606.0ms dt=    2.2ms tid=ThreadId(685) materialize_start uri=nfs://DietPi.local/mnt/4TBP/Work/Arise2014/Video/DCIM/108D300S/DSC_2733.NEF
NETWORK t= 55606.0ms dt=    0.0ms tid=ThreadId(685) materialize_done uri=nfs://DietPi.local/mnt/4TBP/Work/Arise2014/Video/DCIM/108D300S/DSC_2733.NEF path=/home/peet/.cache/picasa-rs/source/u/523ebcedbcaa87560cd5ee17ea02e9f471bb51a9d4e5ce74ff6d74899f993256.NEF ms=0.0
NETWORK t= 55642.5ms dt=   36.5ms tid=ThreadId(684) materialize_start uri=nfs://DietPi.local/mnt/4TBP/Work/Arise2014/Video/DCIM/108D300S/DSC_2713.NEF
NETWORK t= 55642.6ms dt=    0.0ms tid=ThreadId(684) materialize_done uri=nfs://DietPi.local/mnt/4TBP/Work/Arise2014/Video/DCIM/108D300S/DSC_2713.NEF path=/home/peet/.cache/picasa-rs/source/t/a871aa66f4953c2fca5b4ef037ff214823a8e2a08669d06e75935d86465aa480.NEF ms=0.0
NETWORK t= 55687.3ms dt=   44.7ms tid=ThreadId(685) materialize_start uri=nfs://DietPi.local/mnt/4TBP/Work/Arise2014/Video/DCIM/108D300S/DSC_2733.NEF
NETWORK t= 55687.4ms dt=    0.1ms tid=ThreadId(685) materialize_done uri=nfs://DietPi.local/mnt/4TBP/Work/Arise2014/Video/DCIM/108D300S/DSC_2733.NEF path=/home/peet/.cache/picasa-rs/source/u/523ebcedbcaa87560cd5ee17ea02e9f471bb51a9d4e5ce74ff6d74899f993256.NEF ms=0.0
NETWORK t= 55720.9ms dt=   33.5ms tid=ThreadId(685) materialize_start uri=nfs://DietPi.local/mnt/4TBP/Work/Arise2014/Video/DCIM/108D300S/DSC_2737.NEF
NETWORK t= 55720.9ms dt=    0.0ms tid=ThreadId(685) materialize_done uri=nfs://DietPi.local/mnt/4TBP/Work/Arise2014/Video/DCIM/108D300S/DSC_2737.NEF path=/home/peet/.cache/picasa-rs/source/m/b7beb28b44400a13fa19c43b03bfada69151b63396355921410e52cab7d16555.NEF ms=0.0
NETWORK t= 55733.6ms dt=   12.7ms tid=ThreadId(684) materialize_start uri=nfs://DietPi.local/mnt/4TBP/Work/Arise2014/Video/DCIM/108D300S/DSC_2725.NEF
NETWORK t= 55733.7ms dt=    0.0ms tid=ThreadId(684) materialize_done uri=nfs://DietPi.local/mnt/4TBP/Work/Arise2014/Video/DCIM/108D300S/DSC_2725.NEF path=/home/peet/.cache/picasa-rs/source/g/3bd4935178d1656fd9a15ebaeadd1ed3dbbaaf52a7afa823c7b256b9fc2c7dba.NEF ms=0.0
NETWORK t= 55797.1ms dt=   63.4ms tid=ThreadId(684) materialize_start uri=nfs://DietPi.local/mnt/4TBP/Work/Arise2014/Video/DCIM/108D300S/DSC_2725.NEF
NETWORK t= 55797.1ms dt=    0.0ms tid=ThreadId(684) materialize_done uri=nfs://DietPi.local/mnt/4TBP/Work/Arise2014/Video/DCIM/108D300S/DSC_2725.NEF path=/home/peet/.cache/picasa-rs/source/g/3bd4935178d1656fd9a15ebaeadd1ed3dbbaaf52a7afa823c7b256b9fc2c7dba.NEF ms=0.0
NETWORK t= 55807.1ms dt=    9.9ms tid=ThreadId(685) materialize_start uri=nfs://DietPi.local/mnt/4TBP/Work/Arise2014/Video/DCIM/108D300S/DSC_2737.NEF
NETWORK t= 55807.1ms dt=    0.0ms tid=ThreadId(685) materialize_done uri=nfs://DietPi.local/mnt/4TBP/Work/Arise2014/Video/DCIM/108D300S/DSC_2737.NEF path=/home/peet/.cache/picasa-rs/source/m/b7beb28b44400a13fa19c43b03bfada69151b63396355921410e52cab7d16555.NEF ms=0.0
NETWORK t= 55809.1ms dt=    2.0ms tid=ThreadId(684) materialize_start uri=nfs://DietPi.local/mnt/4TBP/Work/Arise2014/Video/DCIM/108D300S/DSC_2710.NEF
NETWORK t= 55809.1ms dt=    0.0ms tid=ThreadId(684) materialize_done uri=nfs://DietPi.local/mnt/4TBP/Work/Arise2014/Video/DCIM/108D300S/DSC_2710.NEF path=/home/peet/.cache/picasa-rs/source/j/54bb602b89b5393a005c87cd892db5ea5b8e9d547eaff702c9f97a55710b7791.NEF ms=0.0
NETWORK t= 55841.4ms dt=   32.2ms tid=ThreadId(685) read_start uri=nfs://DietPi.local/mnt/4TBP/Work/Arise2014/Video/DCIM/108D300S/DSC_2679.JPG
NETWORK t= 55860.2ms dt=   18.8ms tid=ThreadId(685) nfs_helper_read_ok uri=nfs://DietPi.local/mnt/4TBP/Work/Arise2014/Video/DCIM/108D300S/DSC_2679.JPG bytes=851175
NETWORK t= 55860.2ms dt=    0.0ms tid=ThreadId(685) read_done uri=nfs://DietPi.local/mnt/4TBP/Work/Arise2014/Video/DCIM/108D300S/DSC_2679.JPG bytes=851175 ms=18.8
NETWORK t= 55862.1ms dt=    1.9ms tid=ThreadId(684) materialize_start uri=nfs://DietPi.local/mnt/4TBP/Work/Arise2014/Video/DCIM/108D300S/DSC_2710.NEF
NETWORK t= 55862.1ms dt=    0.0ms tid=ThreadId(684) materialize_done uri=nfs://DietPi.local/mnt/4TBP/Work/Arise2014/Video/DCIM/108D300S/DSC_2710.NEF path=/home/peet/.cache/picasa-rs/source/j/54bb602b89b5393a005c87cd892db5ea5b8e9d547eaff702c9f97a55710b7791.NEF ms=0.0
NETWORK t= 55869.2ms dt=    7.1ms tid=ThreadId(685) materialize_start uri=nfs://DietPi.local/mnt/4TBP/Work/Arise2014/Video/DCIM/108D300S/DSC_2679.JPG
NETWORK t= 55869.3ms dt=    0.1ms tid=ThreadId(685) read_start uri=nfs://DietPi.local/mnt/4TBP/Work/Arise2014/Video/DCIM/108D300S/DSC_2679.JPG
NETWORK t= 55873.5ms dt=    4.2ms tid=ThreadId(684) materialize_start uri=nfs://DietPi.local/mnt/4TBP/Work/Arise2014/Video/DCIM/108D300S/DSC_2726.NEF
NETWORK t= 55873.5ms dt=    0.0ms tid=ThreadId(684) materialize_done uri=nfs://DietPi.local/mnt/4TBP/Work/Arise2014/Video/DCIM/108D300S/DSC_2726.NEF path=/home/peet/.cache/picasa-rs/source/g/7f7866250c88f6cd268b15502ee97ee9c8ff8fd45217e7d2a67cde6021c5e981.NEF ms=0.0
NETWORK t= 55888.4ms dt=   14.9ms tid=ThreadId(685) nfs_helper_read_ok uri=nfs://DietPi.local/mnt/4TBP/Work/Arise2014/Video/DCIM/108D300S/DSC_2679.JPG bytes=851175
NETWORK t= 55888.5ms dt=    0.0ms tid=ThreadId(685) read_done uri=nfs://DietPi.local/mnt/4TBP/Work/Arise2014/Video/DCIM/108D300S/DSC_2679.JPG bytes=851175 ms=19.2
NETWORK t= 55888.7ms dt=    0.3ms tid=ThreadId(685) materialize_done uri=nfs://DietPi.local/mnt/4TBP/Work/Arise2014/Video/DCIM/108D300S/DSC_2679.JPG path=/home/peet/.cache/picasa-rs/source/7/9afffb8659c1f321962d41f797dfaae79d9f94e6779de190cb48a978c5986ff0.JPG ms=19.5
NETWORK t= 55892.1ms dt=    3.4ms tid=ThreadId(685) read_start uri=nfs://DietPi.local/mnt/4TBP/Work/Arise2014/stock-vector-hands-praying-vector-illustration-133680245.jpg
NETWORK t= 55895.9ms dt=    3.9ms tid=ThreadId(685) nfs_helper_read_ok uri=nfs://DietPi.local/mnt/4TBP/Work/Arise2014/stock-vector-hands-praying-vector-illustration-133680245.jpg bytes=15503
NETWORK t= 55896.0ms dt=    0.0ms tid=ThreadId(685) read_done uri=nfs://DietPi.local/mnt/4TBP/Work/Arise2014/stock-vector-hands-praying-vector-illustration-133680245.jpg bytes=15503 ms=3.9
NETWORK t= 55896.5ms dt=    0.5ms tid=ThreadId(685) materialize_start uri=nfs://DietPi.local/mnt/4TBP/Work/Arise2014/stock-vector-hands-praying-vector-illustration-133680245.jpg
NETWORK t= 55896.6ms dt=    0.1ms tid=ThreadId(685) read_start uri=nfs://DietPi.local/mnt/4TBP/Work/Arise2014/stock-vector-hands-praying-vector-illustration-133680245.jpg
NETWORK t= 55899.8ms dt=    3.3ms tid=ThreadId(685) nfs_helper_read_ok uri=nfs://DietPi.local/mnt/4TBP/Work/Arise2014/stock-vector-hands-praying-vector-illustration-133680245.jpg bytes=15503
NETWORK t= 55899.8ms dt=    0.0ms tid=ThreadId(685) read_done uri=nfs://DietPi.local/mnt/4TBP/Work/Arise2014/stock-vector-hands-praying-vector-illustration-133680245.jpg bytes=15503 ms=3.3
NETWORK t= 55899.9ms dt=    0.1ms tid=ThreadId(685) materialize_done uri=nfs://DietPi.local/mnt/4TBP/Work/Arise2014/stock-vector-hands-praying-vector-illustration-133680245.jpg path=/home/peet/.cache/picasa-rs/source/d/762d577422812ee298b90b7b83c466b11826bf86a73da0f9e79a89b90439c2e6.jpg ms=3.4
NETWORK t= 55902.7ms dt=    2.8ms tid=ThreadId(685) read_start uri=nfs://DietPi.local/mnt/4TBP/Work/Arise2014/Video/DCIM/108D300S/DSC_2740.JPG
NETWORK t= 55917.3ms dt=   14.6ms tid=ThreadId(685) nfs_helper_read_ok uri=nfs://DietPi.local/mnt/4TBP/Work/Arise2014/Video/DCIM/108D300S/DSC_2740.JPG bytes=615632
NETWORK t= 55917.3ms dt=    0.0ms tid=ThreadId(685) read_done uri=nfs://DietPi.local/mnt/4TBP/Work/Arise2014/Video/DCIM/108D300S/DSC_2740.JPG bytes=615632 ms=14.6
NETWORK t= 55925.3ms dt=    8.0ms tid=ThreadId(685) materialize_start uri=nfs://DietPi.local/mnt/4TBP/Work/Arise2014/Video/DCIM/108D300S/DSC_2740.JPG
NETWORK t= 55925.4ms dt=    0.1ms tid=ThreadId(685) read_start uri=nfs://DietPi.local/mnt/4TBP/Work/Arise2014/Video/DCIM/108D300S/DSC_2740.JPG
NETWORK t= 55937.0ms dt=   11.6ms tid=ThreadId(684) materialize_start uri=nfs://DietPi.local/mnt/4TBP/Work/Arise2014/Video/DCIM/108D300S/DSC_2726.NEF
NETWORK t= 55937.0ms dt=    0.0ms tid=ThreadId(684) materialize_done uri=nfs://DietPi.local/mnt/4TBP/Work/Arise2014/Video/DCIM/108D300S/DSC_2726.NEF path=/home/peet/.cache/picasa-rs/source/g/7f7866250c88f6cd268b15502ee97ee9c8ff8fd45217e7d2a67cde6021c5e981.NEF ms=0.0
NETWORK t= 55940.0ms dt=    3.0ms tid=ThreadId(685) nfs_helper_read_ok uri=nfs://DietPi.local/mnt/4TBP/Work/Arise2014/Video/DCIM/108D300S/DSC_2740.JPG bytes=615632
NETWORK t= 55940.1ms dt=    0.0ms tid=ThreadId(685) read_done uri=nfs://DietPi.local/mnt/4TBP/Work/Arise2014/Video/DCIM/108D300S/DSC_2740.JPG bytes=615632 ms=14.7
NETWORK t= 55940.3ms dt=    0.2ms tid=ThreadId(685) materialize_done uri=nfs://DietPi.local/mnt/4TBP/Work/Arise2014/Video/DCIM/108D300S/DSC_2740.JPG path=/home/peet/.cache/picasa-rs/source/i/d932271a630168e0241882a0924c6719361aac96dc235c52c7811e4422287cad.JPG ms=15.0
NETWORK t= 55943.0ms dt=    2.7ms tid=ThreadId(685) read_start uri=nfs://DietPi.local/mnt/4TBP/Work/Arise2014/Video/DCIM/108D300S/DSC_2709.JPG
NETWORK t= 55948.4ms dt=    5.4ms tid=ThreadId(684) read_start uri=nfs://DietPi.local/mnt/4TBP/Work/Arise2014/Video/DCIM/108D300S/DSC_2676.JPG
NETWORK t= 55954.0ms dt=    5.6ms tid=ThreadId(685) nfs_helper_read_ok uri=nfs://DietPi.local/mnt/4TBP/Work/Arise2014/Video/DCIM/108D300S/DSC_2709.JPG bytes=423491
NETWORK t= 55954.1ms dt=    0.0ms tid=ThreadId(685) read_done uri=nfs://DietPi.local/mnt/4TBP/Work/Arise2014/Video/DCIM/108D300S/DSC_2709.JPG bytes=423491 ms=11.0
NETWORK t= 55960.4ms dt=    6.3ms tid=ThreadId(685) materialize_start uri=nfs://DietPi.local/mnt/4TBP/Work/Arise2014/Video/DCIM/108D300S/DSC_2709.JPG
NETWORK t= 55960.4ms dt=    0.0ms tid=ThreadId(685) read_start uri=nfs://DietPi.local/mnt/4TBP/Work/Arise2014/Video/DCIM/108D300S/DSC_2709.JPG
NETWORK t= 55965.7ms dt=    5.3ms tid=ThreadId(684) nfs_helper_read_ok uri=nfs://DietPi.local/mnt/4TBP/Work/Arise2014/Video/DCIM/108D300S/DSC_2676.JPG bytes=526143
NETWORK t= 55965.7ms dt=    0.0ms tid=ThreadId(684) read_done uri=nfs://DietPi.local/mnt/4TBP/Work/Arise2014/Video/DCIM/108D300S/DSC_2676.JPG bytes=526143 ms=17.3
NETWORK t= 55973.1ms dt=    7.3ms tid=ThreadId(684) materialize_start uri=nfs://DietPi.local/mnt/4TBP/Work/Arise2014/Video/DCIM/108D300S/DSC_2676.JPG
NETWORK t= 55973.1ms dt=    0.0ms tid=ThreadId(684) read_start uri=nfs://DietPi.local/mnt/4TBP/Work/Arise2014/Video/DCIM/108D300S/DSC_2676.JPG
NETWORK t= 55975.8ms dt=    2.7ms tid=ThreadId(685) nfs_helper_read_ok uri=nfs://DietPi.local/mnt/4TBP/Work/Arise2014/Video/DCIM/108D300S/DSC_2709.JPG bytes=423491
NETWORK t= 55975.8ms dt=    0.0ms tid=ThreadId(685) read_done uri=nfs://DietPi.local/mnt/4TBP/Work/Arise2014/Video/DCIM/108D300S/DSC_2709.JPG bytes=423491 ms=15.4
NETWORK t= 55976.0ms dt=    0.2ms tid=ThreadId(685) materialize_done uri=nfs://DietPi.local/mnt/4TBP/Work/Arise2014/Video/DCIM/108D300S/DSC_2709.JPG path=/home/peet/.cache/picasa-rs/source/6/3ca28900d1ec706b66846db30c23d0567b7a4c983737b39b2bd8f2f5178f894f.JPG ms=15.6
NETWORK t= 55978.5ms dt=    2.5ms tid=ThreadId(685) read_start uri=nfs://DietPi.local/mnt/4TBP/Work/Arise2014/Video/DCIM/108D300S/DSC_2668.JPG
NETWORK t= 55987.8ms dt=    9.3ms tid=ThreadId(684) nfs_helper_read_ok uri=nfs://DietPi.local/mnt/4TBP/Work/Arise2014/Video/DCIM/108D300S/DSC_2676.JPG bytes=526143
NETWORK t= 55987.8ms dt=    0.0ms tid=ThreadId(684) read_done uri=nfs://DietPi.local/mnt/4TBP/Work/Arise2014/Video/DCIM/108D300S/DSC_2676.JPG bytes=526143 ms=14.7
NETWORK t= 55987.9ms dt=    0.1ms tid=ThreadId(684) materialize_done uri=nfs://DietPi.local/mnt/4TBP/Work/Arise2014/Video/DCIM/108D300S/DSC_2676.JPG path=/home/peet/.cache/picasa-rs/source/l/0fb1b11b74a7307d6d8ddcf400f8f1a7fbe6314cc60e3919f5a82417bc8d6cba.JPG ms=14.9
NETWORK t= 55990.3ms dt=    2.4ms tid=ThreadId(684) materialize_start uri=nfs://DietPi.local/mnt/4TBP/Work/Arise2014/Video/DCIM/108D300S/DSC_2676.NEF
NETWORK t= 55990.4ms dt=    0.0ms tid=ThreadId(684) materialize_done uri=nfs://DietPi.local/mnt/4TBP/Work/Arise2014/Video/DCIM/108D300S/DSC_2676.NEF path=/home/peet/.cache/picasa-rs/source/0/7644f40225776a96f354f07eb478c21d7921b7dfe63f9f8ff572661f6c20194f.NEF ms=0.0
NETWORK t= 55997.6ms dt=    7.2ms tid=ThreadId(685) nfs_helper_read_ok uri=nfs://DietPi.local/mnt/4TBP/Work/Arise2014/Video/DCIM/108D300S/DSC_2668.JPG bytes=395433
NETWORK t= 55997.6ms dt=    0.0ms tid=ThreadId(685) read_done uri=nfs://DietPi.local/mnt/4TBP/Work/Arise2014/Video/DCIM/108D300S/DSC_2668.JPG bytes=395433 ms=19.1
NETWORK t= 56004.0ms dt=    6.4ms tid=ThreadId(685) materialize_start uri=nfs://DietPi.local/mnt/4TBP/Work/Arise2014/Video/DCIM/108D300S/DSC_2668.JPG
NETWORK t= 56004.1ms dt=    0.0ms tid=ThreadId(685) read_start uri=nfs://DietPi.local/mnt/4TBP/Work/Arise2014/Video/DCIM/108D300S/DSC_2668.JPG
NETWORK t= 56015.2ms dt=   11.1ms tid=ThreadId(685) nfs_helper_read_ok uri=nfs://DietPi.local/mnt/4TBP/Work/Arise2014/Video/DCIM/108D300S/DSC_2668.JPG bytes=395433
NETWORK t= 56015.2ms dt=    0.0ms tid=ThreadId(685) read_done uri=nfs://DietPi.local/mnt/4TBP/Work/Arise2014/Video/DCIM/108D300S/DSC_2668.JPG bytes=395433 ms=11.1
NETWORK t= 56015.3ms dt=    0.2ms tid=ThreadId(685) materialize_done uri=nfs://DietPi.local/mnt/4TBP/Work/Arise2014/Video/DCIM/108D300S/DSC_2668.JPG path=/home/peet/.cache/picasa-rs/source/7/2d07334ba1bbf707a2ca51c8738465dad784bc28c18e2eef42c1ba4bf5ee0d35.JPG ms=11.3
NETWORK t= 56019.1ms dt=    3.8ms tid=ThreadId(685) read_start uri=nfs://DietPi.local/mnt/4TBP/Work/Arise2014/Video/DCIM/108D300S/DSC_2691.JPG
NETWORK t= 56031.2ms dt=   12.1ms tid=ThreadId(685) nfs_helper_read_ok uri=nfs://DietPi.local/mnt/4TBP/Work/Arise2014/Video/DCIM/108D300S/DSC_2691.JPG bytes=467715
NETWORK t= 56031.3ms dt=    0.0ms tid=ThreadId(685) read_done uri=nfs://DietPi.local/mnt/4TBP/Work/Arise2014/Video/DCIM/108D300S/DSC_2691.JPG bytes=467715 ms=12.1
NETWORK t= 56038.7ms dt=    7.5ms tid=ThreadId(685) materialize_start uri=nfs://DietPi.local/mnt/4TBP/Work/Arise2014/Video/DCIM/108D300S/DSC_2691.JPG
NETWORK t= 56038.8ms dt=    0.1ms tid=ThreadId(685) read_start uri=nfs://DietPi.local/mnt/4TBP/Work/Arise2014/Video/DCIM/108D300S/DSC_2691.JPG
NETWORK t= 56050.5ms dt=   11.7ms tid=ThreadId(685) nfs_helper_read_ok uri=nfs://DietPi.local/mnt/4TBP/Work/Arise2014/Video/DCIM/108D300S/DSC_2691.JPG bytes=467715
NETWORK t= 56050.5ms dt=    0.0ms tid=ThreadId(685) read_done uri=nfs://DietPi.local/mnt/4TBP/Work/Arise2014/Video/DCIM/108D300S/DSC_2691.JPG bytes=467715 ms=11.7
NETWORK t= 56050.7ms dt=    0.2ms tid=ThreadId(685) materialize_done uri=nfs://DietPi.local/mnt/4TBP/Work/Arise2014/Video/DCIM/108D300S/DSC_2691.JPG path=/home/peet/.cache/picasa-rs/source/h/9be19c2ac84a4fc16fb8a92528a6b98450924c2936c387278e7e042ba7aa53bc.JPG ms=11.9
NETWORK t= 56053.4ms dt=    2.7ms tid=ThreadId(685) read_start uri=nfs://DietPi.local/mnt/4TBP/Work/Arise2014/Video/DCIM/108D300S/DSC_2730.JPG
NETWORK t= 56055.0ms dt=    1.6ms tid=ThreadId(684) materialize_start uri=nfs://DietPi.local/mnt/4TBP/Work/Arise2014/Video/DCIM/108D300S/DSC_2676.NEF
NETWORK t= 56055.0ms dt=    0.0ms tid=ThreadId(684) materialize_done uri=nfs://DietPi.local/mnt/4TBP/Work/Arise2014/Video/DCIM/108D300S/DSC_2676.NEF path=/home/peet/.cache/picasa-rs/source/0/7644f40225776a96f354f07eb478c21d7921b7dfe63f9f8ff572661f6c20194f.NEF ms=0.0
NETWORK t= 56066.3ms dt=   11.2ms tid=ThreadId(684) read_start uri=nfs://DietPi.local/mnt/4TBP/Work/Arise2014/Cap.jpg
NETWORK t= 56066.3ms dt=    0.0ms tid=ThreadId(685) nfs_helper_read_ok uri=nfs://DietPi.local/mnt/4TBP/Work/Arise2014/Video/DCIM/108D300S/DSC_2730.JPG bytes=584011
NETWORK t= 56066.3ms dt=    0.0ms tid=ThreadId(685) read_done uri=nfs://DietPi.local/mnt/4TBP/Work/Arise2014/Video/DCIM/108D300S/DSC_2730.JPG bytes=584011 ms=12.9
NETWORK t= 56070.0ms dt=    3.7ms tid=ThreadId(684) nfs_helper_read_ok uri=nfs://DietPi.local/mnt/4TBP/Work/Arise2014/Cap.jpg bytes=18474
NETWORK t= 56070.0ms dt=    0.0ms tid=ThreadId(684) read_done uri=nfs://DietPi.local/mnt/4TBP/Work/Arise2014/Cap.jpg bytes=18474 ms=3.8
NETWORK t= 56072.6ms dt=    2.6ms tid=ThreadId(684) materialize_start uri=nfs://DietPi.local/mnt/4TBP/Work/Arise2014/Cap.jpg
NETWORK t= 56072.6ms dt=    0.1ms tid=ThreadId(684) read_start uri=nfs://DietPi.local/mnt/4TBP/Work/Arise2014/Cap.jpg
NETWORK t= 56074.2ms dt=    1.6ms tid=ThreadId(685) materialize_start uri=nfs://DietPi.local/mnt/4TBP/Work/Arise2014/Video/DCIM/108D300S/DSC_2730.JPG
NETWORK t= 56074.3ms dt=    0.1ms tid=ThreadId(685) read_start uri=nfs://DietPi.local/mnt/4TBP/Work/Arise2014/Video/DCIM/108D300S/DSC_2730.JPG
NETWORK t= 56075.9ms dt=    1.6ms tid=ThreadId(684) nfs_helper_read_ok uri=nfs://DietPi.local/mnt/4TBP/Work/Arise2014/Cap.jpg bytes=18474
NETWORK t= 56075.9ms dt=    0.0ms tid=ThreadId(684) read_done uri=nfs://DietPi.local/mnt/4TBP/Work/Arise2014/Cap.jpg bytes=18474 ms=3.2
NETWORK t= 56076.0ms dt=    0.1ms tid=ThreadId(684) materialize_done uri=nfs://DietPi.local/mnt/4TBP/Work/Arise2014/Cap.jpg path=/home/peet/.cache/picasa-rs/source/f/063f7f74844ef8d28b6436c98aec646adf190a68b70c29da1b8c6003d5a753df.jpg ms=3.4
NETWORK t= 56079.3ms dt=    3.3ms tid=ThreadId(684) read_start uri=nfs://DietPi.local/mnt/4TBP/Work/Arise2014/Video/DCIM/108D300S/DSC_2733.JPG
NETWORK t= 56089.0ms dt=    9.7ms tid=ThreadId(685) nfs_helper_read_ok uri=nfs://DietPi.local/mnt/4TBP/Work/Arise2014/Video/DCIM/108D300S/DSC_2730.JPG bytes=584011
NETWORK t= 56089.0ms dt=    0.0ms tid=ThreadId(685) read_done uri=nfs://DietPi.local/mnt/4TBP/Work/Arise2014/Video/DCIM/108D300S/DSC_2730.JPG bytes=584011 ms=14.7
NETWORK t= 56089.2ms dt=    0.2ms tid=ThreadId(685) materialize_done uri=nfs://DietPi.local/mnt/4TBP/Work/Arise2014/Video/DCIM/108D300S/DSC_2730.JPG path=/home/peet/.cache/picasa-rs/source/d/b11913b3808d0678048faab50925c414a048ece401ac6f17694c3589d41ae18f.JPG ms=14.9
NETWORK t= 56091.9ms dt=    2.7ms tid=ThreadId(685) read_start uri=nfs://DietPi.local/mnt/4TBP/Work/Arise2014/Video/DCIM/108D300S/DSC_2708.JPG
NETWORK t= 56102.7ms dt=   10.8ms tid=ThreadId(684) nfs_helper_read_ok uri=nfs://DietPi.local/mnt/4TBP/Work/Arise2014/Video/DCIM/108D300S/DSC_2733.JPG bytes=613798
NETWORK t= 56102.7ms dt=    0.0ms tid=ThreadId(684) read_done uri=nfs://DietPi.local/mnt/4TBP/Work/Arise2014/Video/DCIM/108D300S/DSC_2733.JPG bytes=613798 ms=23.4
NETWORK t= 56110.6ms dt=    7.9ms tid=ThreadId(684) materialize_start uri=nfs://DietPi.local/mnt/4TBP/Work/Arise2014/Video/DCIM/108D300S/DSC_2733.JPG
NETWORK t= 56110.7ms dt=    0.1ms tid=ThreadId(684) read_start uri=nfs://DietPi.local/mnt/4TBP/Work/Arise2014/Video/DCIM/108D300S/DSC_2733.JPG
NETWORK t= 56111.3ms dt=    0.7ms tid=ThreadId(685) nfs_helper_read_ok uri=nfs://DietPi.local/mnt/4TBP/Work/Arise2014/Video/DCIM/108D300S/DSC_2708.JPG bytes=351331
NETWORK t= 56111.4ms dt=    0.0ms tid=ThreadId(685) read_done uri=nfs://DietPi.local/mnt/4TBP/Work/Arise2014/Video/DCIM/108D300S/DSC_2708.JPG bytes=351331 ms=19.4
NETWORK t= 56117.6ms dt=    6.2ms tid=ThreadId(685) materialize_start uri=nfs://DietPi.local/mnt/4TBP/Work/Arise2014/Video/DCIM/108D300S/DSC_2708.JPG
NETWORK t= 56117.7ms dt=    0.1ms tid=ThreadId(685) read_start uri=nfs://DietPi.local/mnt/4TBP/Work/Arise2014/Video/DCIM/108D300S/DSC_2708.JPG
NETWORK t= 56124.0ms dt=    6.3ms tid=ThreadId(684) nfs_helper_read_ok uri=nfs://DietPi.local/mnt/4TBP/Work/Arise2014/Video/DCIM/108D300S/DSC_2733.JPG bytes=613798
NETWORK t= 56124.0ms dt=    0.0ms tid=ThreadId(684) read_done uri=nfs://DietPi.local/mnt/4TBP/Work/Arise2014/Video/DCIM/108D300S/DSC_2733.JPG bytes=613798 ms=13.3
NETWORK t= 56124.2ms dt=    0.2ms tid=ThreadId(684) materialize_done uri=nfs://DietPi.local/mnt/4TBP/Work/Arise2014/Video/DCIM/108D300S/DSC_2733.JPG path=/home/peet/.cache/picasa-rs/source/l/c2fdf3688fe352dd0f4d39ecb32193c6b956c6adba379d282830a29e04d86074.JPG ms=13.6
NETWORK t= 56126.9ms dt=    2.7ms tid=ThreadId(684) read_start uri=nfs://DietPi.local/mnt/4TBP/Work/Arise2014/Video/DCIM/108D300S/DSC_2642.JPG
NETWORK t= 56132.9ms dt=    6.0ms tid=ThreadId(685) nfs_helper_read_ok uri=nfs://DietPi.local/mnt/4TBP/Work/Arise2014/Video/DCIM/108D300S/DSC_2708.JPG bytes=351331
NETWORK t= 56132.9ms dt=    0.0ms tid=ThreadId(685) read_done uri=nfs://DietPi.local/mnt/4TBP/Work/Arise2014/Video/DCIM/108D300S/DSC_2708.JPG bytes=351331 ms=15.3
NETWORK t= 56133.1ms dt=    0.2ms tid=ThreadId(685) materialize_done uri=nfs://DietPi.local/mnt/4TBP/Work/Arise2014/Video/DCIM/108D300S/DSC_2708.JPG path=/home/peet/.cache/picasa-rs/source/s/d6b40e3b83ee7c273ae2cef3719b4851ffd834b13171227b6db8d3f008119e0a.JPG ms=15.5
NETWORK t= 56135.6ms dt=    2.5ms tid=ThreadId(685) read_start uri=nfs://DietPi.local/mnt/4TBP/Work/Arise2014/Video/DCIM/108D300S/DSC_2720.JPG
NETWORK t= 56141.2ms dt=    5.6ms tid=ThreadId(684) nfs_helper_read_ok uri=nfs://DietPi.local/mnt/4TBP/Work/Arise2014/Video/DCIM/108D300S/DSC_2642.JPG bytes=353523
NETWORK t= 56141.2ms dt=    0.0ms tid=ThreadId(684) read_done uri=nfs://DietPi.local/mnt/4TBP/Work/Arise2014/Video/DCIM/108D300S/DSC_2642.JPG bytes=353523 ms=14.3
NETWORK t= 56147.3ms dt=    6.0ms tid=ThreadId(684) materialize_start uri=nfs://DietPi.local/mnt/4TBP/Work/Arise2014/Video/DCIM/108D300S/DSC_2642.JPG
NETWORK t= 56147.3ms dt=    0.1ms tid=ThreadId(684) read_start uri=nfs://DietPi.local/mnt/4TBP/Work/Arise2014/Video/DCIM/108D300S/DSC_2642.JPG
NETWORK t= 56155.0ms dt=    7.6ms tid=ThreadId(685) nfs_helper_read_ok uri=nfs://DietPi.local/mnt/4TBP/Work/Arise2014/Video/DCIM/108D300S/DSC_2720.JPG bytes=619715
NETWORK t= 56155.0ms dt=    0.0ms tid=ThreadId(685) read_done uri=nfs://DietPi.local/mnt/4TBP/Work/Arise2014/Video/DCIM/108D300S/DSC_2720.JPG bytes=619715 ms=19.4
NETWORK t= 56163.2ms dt=    8.2ms tid=ThreadId(685) materialize_start uri=nfs://DietPi.local/mnt/4TBP/Work/Arise2014/Video/DCIM/108D300S/DSC_2720.JPG
NETWORK t= 56163.3ms dt=    0.1ms tid=ThreadId(685) read_start uri=nfs://DietPi.local/mnt/4TBP/Work/Arise2014/Video/DCIM/108D300S/DSC_2720.JPG
NETWORK t= 56163.4ms dt=    0.1ms tid=ThreadId(684) nfs_helper_read_ok uri=nfs://DietPi.local/mnt/4TBP/Work/Arise2014/Video/DCIM/108D300S/DSC_2642.JPG bytes=353523
NETWORK t= 56163.4ms dt=    0.0ms tid=ThreadId(684) read_done uri=nfs://DietPi.local/mnt/4TBP/Work/Arise2014/Video/DCIM/108D300S/DSC_2642.JPG bytes=353523 ms=16.1
NETWORK t= 56163.6ms dt=    0.2ms tid=ThreadId(684) materialize_done uri=nfs://DietPi.local/mnt/4TBP/Work/Arise2014/Video/DCIM/108D300S/DSC_2642.JPG path=/home/peet/.cache/picasa-rs/source/m/9c76cc72399824ec79e7a9d102bc9fe664cd9ef6f75f06c187d28a178ed4123f.JPG ms=16.3
NETWORK t= 56166.2ms dt=    2.6ms tid=ThreadId(684) materialize_start uri=nfs://DietPi.local/mnt/4TBP/Work/Arise2014/Video/DCIM/108D300S/DSC_2668.NEF
NETWORK t= 56166.3ms dt=    0.0ms tid=ThreadId(684) materialize_done uri=nfs://DietPi.local/mnt/4TBP/Work/Arise2014/Video/DCIM/108D300S/DSC_2668.NEF path=/home/peet/.cache/picasa-rs/source/b/d6135778ac624d23e47cb3f93921e4a5d7a653aa2ebf6269e9eedafb8b54dc0e.NEF ms=0.0
NETWORK t= 56176.6ms dt=   10.3ms tid=ThreadId(685) nfs_helper_read_ok uri=nfs://DietPi.local/mnt/4TBP/Work/Arise2014/Video/DCIM/108D300S/DSC_2720.JPG bytes=619715
NETWORK t= 56176.6ms dt=    0.0ms tid=ThreadId(685) read_done uri=nfs://DietPi.local/mnt/4TBP/Work/Arise2014/Video/DCIM/108D300S/DSC_2720.JPG bytes=619715 ms=13.3
NETWORK t= 56176.8ms dt=    0.2ms tid=ThreadId(685) materialize_done uri=nfs://DietPi.local/mnt/4TBP/Work/Arise2014/Video/DCIM/108D300S/DSC_2720.JPG path=/home/peet/.cache/picasa-rs/source/c/9cb4ae4f99fa897c35f76dc401ed3bcbeef7fe3ac544911cef9ca960d10722e2.JPG ms=13.5
NETWORK t= 56179.4ms dt=    2.6ms tid=ThreadId(685) read_start uri=nfs://DietPi.local/mnt/4TBP/Work/Arise2014/Video/DCIM/108D300S/DSC_2710.JPG
NETWORK t= 56188.4ms dt=    9.0ms tid=ThreadId(685) nfs_helper_read_ok uri=nfs://DietPi.local/mnt/4TBP/Work/Arise2014/Video/DCIM/108D300S/DSC_2710.JPG bytes=358217
NETWORK t= 56188.4ms dt=    0.0ms tid=ThreadId(685) read_done uri=nfs://DietPi.local/mnt/4TBP/Work/Arise2014/Video/DCIM/108D300S/DSC_2710.JPG bytes=358217 ms=9.0
NETWORK t= 56195.2ms dt=    6.8ms tid=ThreadId(685) materialize_start uri=nfs://DietPi.local/mnt/4TBP/Work/Arise2014/Video/DCIM/108D300S/DSC_2710.JPG
NETWORK t= 56195.2ms dt=    0.1ms tid=ThreadId(685) read_start uri=nfs://DietPi.local/mnt/4TBP/Work/Arise2014/Video/DCIM/108D300S/DSC_2710.JPG
NETWORK t= 56204.5ms dt=    9.2ms tid=ThreadId(685) nfs_helper_read_ok uri=nfs://DietPi.local/mnt/4TBP/Work/Arise2014/Video/DCIM/108D300S/DSC_2710.JPG bytes=358217
NETWORK t= 56204.5ms dt=    0.0ms tid=ThreadId(685) read_done uri=nfs://DietPi.local/mnt/4TBP/Work/Arise2014/Video/DCIM/108D300S/DSC_2710.JPG bytes=358217 ms=9.2
NETWORK t= 56204.7ms dt=    0.2ms tid=ThreadId(685) materialize_done uri=nfs://DietPi.local/mnt/4TBP/Work/Arise2014/Video/DCIM/108D300S/DSC_2710.JPG path=/home/peet/.cache/picasa-rs/source/3/1d1f95432c7f067a3faf6f5ec265707e3d2a4753f0033775fa36ca2212746866.JPG ms=9.5
NETWORK t= 56207.2ms dt=    2.5ms tid=ThreadId(685) read_start uri=nfs://DietPi.local/mnt/4TBP/Work/Arise2014/Video/DCIM/108D300S/DSC_2737.JPG
NETWORK t= 56221.3ms dt=   14.1ms tid=ThreadId(685) nfs_helper_read_ok uri=nfs://DietPi.local/mnt/4TBP/Work/Arise2014/Video/DCIM/108D300S/DSC_2737.JPG bytes=659640
NETWORK t= 56221.3ms dt=    0.0ms tid=ThreadId(685) read_done uri=nfs://DietPi.local/mnt/4TBP/Work/Arise2014/Video/DCIM/108D300S/DSC_2737.JPG bytes=659640 ms=14.2
NETWORK t= 56225.5ms dt=    4.1ms tid=ThreadId(684) materialize_start uri=nfs://DietPi.local/mnt/4TBP/Work/Arise2014/Video/DCIM/108D300S/DSC_2668.NEF
NETWORK t= 56225.5ms dt=    0.0ms tid=ThreadId(684) materialize_done uri=nfs://DietPi.local/mnt/4TBP/Work/Arise2014/Video/DCIM/108D300S/DSC_2668.NEF path=/home/peet/.cache/picasa-rs/source/b/d6135778ac624d23e47cb3f93921e4a5d7a653aa2ebf6269e9eedafb8b54dc0e.NEF ms=0.0
NETWORK t= 56230.2ms dt=    4.6ms tid=ThreadId(685) materialize_start uri=nfs://DietPi.local/mnt/4TBP/Work/Arise2014/Video/DCIM/108D300S/DSC_2737.JPG
NETWORK t= 56230.2ms dt=    0.1ms tid=ThreadId(685) read_start uri=nfs://DietPi.local/mnt/4TBP/Work/Arise2014/Video/DCIM/108D300S/DSC_2737.JPG
NETWORK t= 56244.4ms dt=   14.2ms tid=ThreadId(685) nfs_helper_read_ok uri=nfs://DietPi.local/mnt/4TBP/Work/Arise2014/Video/DCIM/108D300S/DSC_2737.JPG bytes=659640
NETWORK t= 56244.4ms dt=    0.0ms tid=ThreadId(685) read_done uri=nfs://DietPi.local/mnt/4TBP/Work/Arise2014/Video/DCIM/108D300S/DSC_2737.JPG bytes=659640 ms=14.2
NETWORK t= 56244.7ms dt=    0.3ms tid=ThreadId(685) materialize_done uri=nfs://DietPi.local/mnt/4TBP/Work/Arise2014/Video/DCIM/108D300S/DSC_2737.JPG path=/home/peet/.cache/picasa-rs/source/c/f7f8d4689d471e21fbe3061b7f5dc92d2b6a4c0829159664ae64a8e760093940.JPG ms=14.5
NETWORK t= 56247.1ms dt=    2.4ms tid=ThreadId(685) read_start uri=nfs://DietPi.local/mnt/4TBP/Work/Arise2014/proverbs.png
NETWORK t= 56251.0ms dt=    3.9ms tid=ThreadId(685) nfs_helper_read_ok uri=nfs://DietPi.local/mnt/4TBP/Work/Arise2014/proverbs.png bytes=42788
NETWORK t= 56251.0ms dt=    0.0ms tid=ThreadId(685) read_done uri=nfs://DietPi.local/mnt/4TBP/Work/Arise2014/proverbs.png bytes=42788 ms=3.9
NETWORK t= 56251.6ms dt=    0.6ms tid=ThreadId(685) materialize_start uri=nfs://DietPi.local/mnt/4TBP/Work/Arise2014/proverbs.png
NETWORK t= 56251.7ms dt=    0.1ms tid=ThreadId(685) read_start uri=nfs://DietPi.local/mnt/4TBP/Work/Arise2014/proverbs.png
NETWORK t= 56254.9ms dt=    3.2ms tid=ThreadId(685) nfs_helper_read_ok uri=nfs://DietPi.local/mnt/4TBP/Work/Arise2014/proverbs.png bytes=42788
NETWORK t= 56254.9ms dt=    0.0ms tid=ThreadId(685) read_done uri=nfs://DietPi.local/mnt/4TBP/Work/Arise2014/proverbs.png bytes=42788 ms=3.2
NETWORK t= 56255.1ms dt=    0.1ms tid=ThreadId(685) materialize_done uri=nfs://DietPi.local/mnt/4TBP/Work/Arise2014/proverbs.png path=/home/peet/.cache/picasa-rs/source/d/012ddda0c488d80e2adc6ca25a1599f48133eb3b43ae83e7764c46e254ed6f54.png ms=3.4
NETWORK t= 56258.4ms dt=    3.3ms tid=ThreadId(685) materialize_start uri=nfs://DietPi.local/mnt/4TBP/Work/Arise2014/Video/DCIM/108D300S/DSC_2721.NEF
NETWORK t= 56258.4ms dt=    0.0ms tid=ThreadId(685) materialize_done uri=nfs://DietPi.local/mnt/4TBP/Work/Arise2014/Video/DCIM/108D300S/DSC_2721.NEF path=/home/peet/.cache/picasa-rs/source/9/8829f99ab03502f585303dada38c62ae386d5a29ae2028ee97f0b5fadb865204.NEF ms=0.0
NETWORK t= 56316.0ms dt=   57.6ms tid=ThreadId(684) read_start uri=nfs://DietPi.local/mnt/4TBP/Work/Arise2014/Video/DCIM/108D300S/DSC_2736.JPG
NETWORK t= 56329.3ms dt=   13.4ms tid=ThreadId(684) nfs_helper_read_ok uri=nfs://DietPi.local/mnt/4TBP/Work/Arise2014/Video/DCIM/108D300S/DSC_2736.JPG bytes=574254
NETWORK t= 56329.4ms dt=    0.0ms tid=ThreadId(684) read_done uri=nfs://DietPi.local/mnt/4TBP/Work/Arise2014/Video/DCIM/108D300S/DSC_2736.JPG bytes=574254 ms=13.4
NETWORK t= 56337.0ms dt=    7.7ms tid=ThreadId(684) materialize_start uri=nfs://DietPi.local/mnt/4TBP/Work/Arise2014/Video/DCIM/108D300S/DSC_2736.JPG
NETWORK t= 56337.1ms dt=    0.1ms tid=ThreadId(684) read_start uri=nfs://DietPi.local/mnt/4TBP/Work/Arise2014/Video/DCIM/108D300S/DSC_2736.JPG
NETWORK t= 56339.7ms dt=    2.6ms tid=ThreadId(685) materialize_start uri=nfs://DietPi.local/mnt/4TBP/Work/Arise2014/Video/DCIM/108D300S/DSC_2721.NEF
NETWORK t= 56339.7ms dt=    0.0ms tid=ThreadId(685) materialize_done uri=nfs://DietPi.local/mnt/4TBP/Work/Arise2014/Video/DCIM/108D300S/DSC_2721.NEF path=/home/peet/.cache/picasa-rs/source/9/8829f99ab03502f585303dada38c62ae386d5a29ae2028ee97f0b5fadb865204.NEF ms=0.0
NETWORK t= 56352.5ms dt=   12.8ms tid=ThreadId(684) nfs_helper_read_ok uri=nfs://DietPi.local/mnt/4TBP/Work/Arise2014/Video/DCIM/108D300S/DSC_2736.JPG bytes=574254
NETWORK t= 56352.5ms dt=    0.0ms tid=ThreadId(684) read_done uri=nfs://DietPi.local/mnt/4TBP/Work/Arise2014/Video/DCIM/108D300S/DSC_2736.JPG bytes=574254 ms=15.4
NETWORK t= 56352.7ms dt=    0.2ms tid=ThreadId(684) materialize_done uri=nfs://DietPi.local/mnt/4TBP/Work/Arise2014/Video/DCIM/108D300S/DSC_2736.JPG path=/home/peet/.cache/picasa-rs/source/0/8310b5c8cd641e7d02a22df509a3049667c3692ec79c0f1537a4e32b1b02c5b3.JPG ms=15.7
NETWORK t= 56355.6ms dt=    2.8ms tid=ThreadId(684) read_start uri=nfs://DietPi.local/mnt/4TBP/Work/Arise2014/Video/DCIM/108D300S/DSC_2717.JPG
NETWORK t= 56364.5ms dt=    8.9ms tid=ThreadId(684) nfs_helper_read_ok uri=nfs://DietPi.local/mnt/4TBP/Work/Arise2014/Video/DCIM/108D300S/DSC_2717.JPG bytes=380633
NETWORK t= 56364.5ms dt=    0.0ms tid=ThreadId(684) read_done uri=nfs://DietPi.local/mnt/4TBP/Work/Arise2014/Video/DCIM/108D300S/DSC_2717.JPG bytes=380633 ms=8.9
NETWORK t= 56370.6ms dt=    6.1ms tid=ThreadId(684) materialize_start uri=nfs://DietPi.local/mnt/4TBP/Work/Arise2014/Video/DCIM/108D300S/DSC_2717.JPG
NETWORK t= 56370.7ms dt=    0.1ms tid=ThreadId(684) read_start uri=nfs://DietPi.local/mnt/4TBP/Work/Arise2014/Video/DCIM/108D300S/DSC_2717.JPG
NETWORK t= 56371.9ms dt=    1.2ms tid=ThreadId(685) read_start uri=nfs://DietPi.local/mnt/4TBP/Work/Arise2014/Video/DCIM/108D300S/DSC_2734.JPG
NETWORK t= 56380.1ms dt=    8.2ms tid=ThreadId(684) nfs_helper_read_ok uri=nfs://DietPi.local/mnt/4TBP/Work/Arise2014/Video/DCIM/108D300S/DSC_2717.JPG bytes=380633
NETWORK t= 56380.1ms dt=    0.0ms tid=ThreadId(684) read_done uri=nfs://DietPi.local/mnt/4TBP/Work/Arise2014/Video/DCIM/108D300S/DSC_2717.JPG bytes=380633 ms=9.4
NETWORK t= 56380.2ms dt=    0.1ms tid=ThreadId(684) materialize_done uri=nfs://DietPi.local/mnt/4TBP/Work/Arise2014/Video/DCIM/108D300S/DSC_2717.JPG path=/home/peet/.cache/picasa-rs/source/t/5d59a89cb3be612db20f9ecc18cc8b6f4062e2282136cbc4e109b6ddc739469f.JPG ms=9.6
NETWORK t= 56382.9ms dt=    2.7ms tid=ThreadId(684) read_start uri=nfs://DietPi.local/mnt/4TBP/Work/Arise2014/Video/DCIM/108D300S/DSC_2725.JPG
NETWORK t= 56392.8ms dt=    9.9ms tid=ThreadId(685) nfs_helper_read_ok uri=nfs://DietPi.local/mnt/4TBP/Work/Arise2014/Video/DCIM/108D300S/DSC_2734.JPG bytes=596704
NETWORK t= 56392.8ms dt=    0.0ms tid=ThreadId(685) read_done uri=nfs://DietPi.local/mnt/4TBP/Work/Arise2014/Video/DCIM/108D300S/DSC_2734.JPG bytes=596704 ms=20.9
NETWORK t= 56400.5ms dt=    7.7ms tid=ThreadId(685) materialize_start uri=nfs://DietPi.local/mnt/4TBP/Work/Arise2014/Video/DCIM/108D300S/DSC_2734.JPG
NETWORK t= 56400.6ms dt=    0.1ms tid=ThreadId(685) read_start uri=nfs://DietPi.local/mnt/4TBP/Work/Arise2014/Video/DCIM/108D300S/DSC_2734.JPG
NETWORK t= 56407.4ms dt=    6.8ms tid=ThreadId(684) nfs_helper_read_ok uri=nfs://DietPi.local/mnt/4TBP/Work/Arise2014/Video/DCIM/108D300S/DSC_2725.JPG bytes=678786
NETWORK t= 56407.4ms dt=    0.0ms tid=ThreadId(684) read_done uri=nfs://DietPi.local/mnt/4TBP/Work/Arise2014/Video/DCIM/108D300S/DSC_2725.JPG bytes=678786 ms=24.4
NETWORK t= 56416.0ms dt=    8.7ms tid=ThreadId(684) materialize_start uri=nfs://DietPi.local/mnt/4TBP/Work/Arise2014/Video/DCIM/108D300S/DSC_2725.JPG
NETWORK t= 56416.1ms dt=    0.1ms tid=ThreadId(684) read_start uri=nfs://DietPi.local/mnt/4TBP/Work/Arise2014/Video/DCIM/108D300S/DSC_2725.JPG
NETWORK t= 56420.4ms dt=    4.4ms tid=ThreadId(685) nfs_helper_read_ok uri=nfs://DietPi.local/mnt/4TBP/Work/Arise2014/Video/DCIM/108D300S/DSC_2734.JPG bytes=596704
NETWORK t= 56420.5ms dt=    0.0ms tid=ThreadId(685) read_done uri=nfs://DietPi.local/mnt/4TBP/Work/Arise2014/Video/DCIM/108D300S/DSC_2734.JPG bytes=596704 ms=19.9
NETWORK t= 56420.6ms dt=    0.2ms tid=ThreadId(685) materialize_done uri=nfs://DietPi.local/mnt/4TBP/Work/Arise2014/Video/DCIM/108D300S/DSC_2734.JPG path=/home/peet/.cache/picasa-rs/source/z/9c5f887ccd33ae0716e6aa3da9a866de63fcfd9e47cde685584130ed71e5e2d4.JPG ms=20.1
NETWORK t= 56423.2ms dt=    2.6ms tid=ThreadId(685) read_start uri=nfs://DietPi.local/mnt/4TBP/Work/Arise2014/Video/DCIM/108D300S/DSC_2674.JPG
NETWORK t= 56434.7ms dt=   11.6ms tid=ThreadId(684) nfs_helper_read_ok uri=nfs://DietPi.local/mnt/4TBP/Work/Arise2014/Video/DCIM/108D300S/DSC_2725.JPG bytes=678786
NETWORK t= 56434.8ms dt=    0.0ms tid=ThreadId(684) read_done uri=nfs://DietPi.local/mnt/4TBP/Work/Arise2014/Video/DCIM/108D300S/DSC_2725.JPG bytes=678786 ms=18.6
NETWORK t= 56434.9ms dt=    0.2ms tid=ThreadId(684) materialize_done uri=nfs://DietPi.local/mnt/4TBP/Work/Arise2014/Video/DCIM/108D300S/DSC_2725.JPG path=/home/peet/.cache/picasa-rs/source/y/e82a820ea9ea28e330770e633346ab10e3819b5f829824e164181254d197a280.JPG ms=18.9
NETWORK t= 56437.5ms dt=    2.6ms tid=ThreadId(684) read_start uri=nfs://DietPi.local/mnt/4TBP/Work/Arise2014/Video/DCIM/108D300S/DSC_2716.JPG
NETWORK t= 56447.3ms dt=    9.7ms tid=ThreadId(685) nfs_helper_read_ok uri=nfs://DietPi.local/mnt/4TBP/Work/Arise2014/Video/DCIM/108D300S/DSC_2674.JPG bytes=543561
NETWORK t= 56447.3ms dt=    0.0ms tid=ThreadId(685) read_done uri=nfs://DietPi.local/mnt/4TBP/Work/Arise2014/Video/DCIM/108D300S/DSC_2674.JPG bytes=543561 ms=24.1
NETWORK t= 56454.6ms dt=    7.3ms tid=ThreadId(685) materialize_start uri=nfs://DietPi.local/mnt/4TBP/Work/Arise2014/Video/DCIM/108D300S/DSC_2674.JPG
NETWORK t= 56454.6ms dt=    0.0ms tid=ThreadId(685) read_start uri=nfs://DietPi.local/mnt/4TBP/Work/Arise2014/Video/DCIM/108D300S/DSC_2674.JPG
NETWORK t= 56456.0ms dt=    1.4ms tid=ThreadId(684) nfs_helper_read_ok uri=nfs://DietPi.local/mnt/4TBP/Work/Arise2014/Video/DCIM/108D300S/DSC_2716.JPG bytes=341924
NETWORK t= 56456.0ms dt=    0.0ms tid=ThreadId(684) read_done uri=nfs://DietPi.local/mnt/4TBP/Work/Arise2014/Video/DCIM/108D300S/DSC_2716.JPG bytes=341924 ms=18.5
NETWORK t= 56462.1ms dt=    6.1ms tid=ThreadId(684) materialize_start uri=nfs://DietPi.local/mnt/4TBP/Work/Arise2014/Video/DCIM/108D300S/DSC_2716.JPG
NETWORK t= 56462.2ms dt=    0.0ms tid=ThreadId(684) read_start uri=nfs://DietPi.local/mnt/4TBP/Work/Arise2014/Video/DCIM/108D300S/DSC_2716.JPG
NETWORK t= 56467.7ms dt=    5.5ms tid=ThreadId(685) nfs_helper_read_ok uri=nfs://DietPi.local/mnt/4TBP/Work/Arise2014/Video/DCIM/108D300S/DSC_2674.JPG bytes=543561
NETWORK t= 56467.7ms dt=    0.0ms tid=ThreadId(685) read_done uri=nfs://DietPi.local/mnt/4TBP/Work/Arise2014/Video/DCIM/108D300S/DSC_2674.JPG bytes=543561 ms=13.1
NETWORK t= 56467.9ms dt=    0.2ms tid=ThreadId(685) materialize_done uri=nfs://DietPi.local/mnt/4TBP/Work/Arise2014/Video/DCIM/108D300S/DSC_2674.JPG path=/home/peet/.cache/picasa-rs/source/p/c6cdcfb7f5143a480c667be1a2965a97b63a96733498839bf898a1d06af45f2d.JPG ms=13.3
NETWORK t= 56470.5ms dt=    2.6ms tid=ThreadId(685) read_start uri=nfs://DietPi.local/mnt/4TBP/Work/Arise2014/New-Setra-2013-upout%C3%A1vka_ENG.png
NETWORK t= 56475.8ms dt=    5.3ms tid=ThreadId(684) nfs_helper_read_ok uri=nfs://DietPi.local/mnt/4TBP/Work/Arise2014/Video/DCIM/108D300S/DSC_2716.JPG bytes=341924
NETWORK t= 56475.8ms dt=    0.0ms tid=ThreadId(684) read_done uri=nfs://DietPi.local/mnt/4TBP/Work/Arise2014/Video/DCIM/108D300S/DSC_2716.JPG bytes=341924 ms=13.6
NETWORK t= 56475.9ms dt=    0.1ms tid=ThreadId(684) materialize_done uri=nfs://DietPi.local/mnt/4TBP/Work/Arise2014/Video/DCIM/108D300S/DSC_2716.JPG path=/home/peet/.cache/picasa-rs/source/o/4014e2a4d082feb561154b586f0c4577046037e186f34d560b08a8987cd8c29e.JPG ms=13.8
NETWORK t= 56479.0ms dt=    3.1ms tid=ThreadId(684) materialize_start uri=nfs://DietPi.local/mnt/4TBP/Work/Arise2014/Video/DCIM/108D300S/DSC_2631.NEF
NETWORK t= 56479.1ms dt=    0.0ms tid=ThreadId(684) materialize_done uri=nfs://DietPi.local/mnt/4TBP/Work/Arise2014/Video/DCIM/108D300S/DSC_2631.NEF path=/home/peet/.cache/picasa-rs/source/7/2647d5e45af7370f782d7a19e36ea51817928cef5bd8ccbd6933646408933835.NEF ms=0.0
NETWORK t= 56481.3ms dt=    2.2ms tid=ThreadId(685) nfs_helper_read_ok uri=nfs://DietPi.local/mnt/4TBP/Work/Arise2014/New-Setra-2013-upout%C3%A1vka_ENG.png bytes=137142
NETWORK t= 56481.3ms dt=    0.0ms tid=ThreadId(685) read_done uri=nfs://DietPi.local/mnt/4TBP/Work/Arise2014/New-Setra-2013-upout%C3%A1vka_ENG.png bytes=137142 ms=10.8
NETWORK t= 56482.7ms dt=    1.4ms tid=ThreadId(685) materialize_start uri=nfs://DietPi.local/mnt/4TBP/Work/Arise2014/New-Setra-2013-upout%C3%A1vka_ENG.png
NETWORK t= 56482.8ms dt=    0.1ms tid=ThreadId(685) read_start uri=nfs://DietPi.local/mnt/4TBP/Work/Arise2014/New-Setra-2013-upout%C3%A1vka_ENG.png
NETWORK t= 56487.6ms dt=    4.8ms tid=ThreadId(685) nfs_helper_read_ok uri=nfs://DietPi.local/mnt/4TBP/Work/Arise2014/New-Setra-2013-upout%C3%A1vka_ENG.png bytes=137142
NETWORK t= 56487.6ms dt=    0.0ms tid=ThreadId(685) read_done uri=nfs://DietPi.local/mnt/4TBP/Work/Arise2014/New-Setra-2013-upout%C3%A1vka_ENG.png bytes=137142 ms=4.8
NETWORK t= 56487.7ms dt=    0.1ms tid=ThreadId(685) materialize_done uri=nfs://DietPi.local/mnt/4TBP/Work/Arise2014/New-Setra-2013-upout%C3%A1vka_ENG.png path=/home/peet/.cache/picasa-rs/source/r/1437c60ab7109022776ca3ade05c8388e18bef4adc101b39592152b30bd22fef.png ms=5.0
NETWORK t= 56490.2ms dt=    2.5ms tid=ThreadId(685) read_start uri=nfs://DietPi.local/mnt/4TBP/Work/Arise2014/Video/DCIM/108D300S/DSC_2735.JPG
NETWORK t= 56503.0ms dt=   12.8ms tid=ThreadId(685) nfs_helper_read_ok uri=nfs://DietPi.local/mnt/4TBP/Work/Arise2014/Video/DCIM/108D300S/DSC_2735.JPG bytes=593844
NETWORK t= 56503.0ms dt=    0.0ms tid=ThreadId(685) read_done uri=nfs://DietPi.local/mnt/4TBP/Work/Arise2014/Video/DCIM/108D300S/DSC_2735.JPG bytes=593844 ms=12.8
NETWORK t= 56511.2ms dt=    8.3ms tid=ThreadId(685) materialize_start uri=nfs://DietPi.local/mnt/4TBP/Work/Arise2014/Video/DCIM/108D300S/DSC_2735.JPG
NETWORK t= 56511.3ms dt=    0.1ms tid=ThreadId(685) read_start uri=nfs://DietPi.local/mnt/4TBP/Work/Arise2014/Video/DCIM/108D300S/DSC_2735.JPG
NETWORK t= 56525.5ms dt=   14.2ms tid=ThreadId(685) nfs_helper_read_ok uri=nfs://DietPi.local/mnt/4TBP/Work/Arise2014/Video/DCIM/108D300S/DSC_2735.JPG bytes=593844
NETWORK t= 56525.5ms dt=    0.0ms tid=ThreadId(685) read_done uri=nfs://DietPi.local/mnt/4TBP/Work/Arise2014/Video/DCIM/108D300S/DSC_2735.JPG bytes=593844 ms=14.2
NETWORK t= 56525.7ms dt=    0.2ms tid=ThreadId(685) materialize_done uri=nfs://DietPi.local/mnt/4TBP/Work/Arise2014/Video/DCIM/108D300S/DSC_2735.JPG path=/home/peet/.cache/picasa-rs/source/d/e25101b8d44d1f86620868854e30e58dca44da1247f778d292edb94eb27d18dd.JPG ms=14.4
NETWORK t= 56528.3ms dt=    2.5ms tid=ThreadId(685) materialize_start uri=nfs://DietPi.local/mnt/4TBP/Work/Arise2014/Video/DCIM/108D300S/DSC_2732.NEF
NETWORK t= 56528.3ms dt=    0.0ms tid=ThreadId(685) materialize_done uri=nfs://DietPi.local/mnt/4TBP/Work/Arise2014/Video/DCIM/108D300S/DSC_2732.NEF path=/home/peet/.cache/picasa-rs/source/y/51faafbeff9045ed7610e56e37aa3b4f1a6f5a90aca3c3eed8e29d120bccf3a2.NEF ms=0.0
NETWORK t= 56537.2ms dt=    8.9ms tid=ThreadId(684) materialize_start uri=nfs://DietPi.local/mnt/4TBP/Work/Arise2014/Video/DCIM/108D300S/DSC_2631.NEF
NETWORK t= 56537.2ms dt=    0.0ms tid=ThreadId(684) materialize_done uri=nfs://DietPi.local/mnt/4TBP/Work/Arise2014/Video/DCIM/108D300S/DSC_2631.NEF path=/home/peet/.cache/picasa-rs/source/7/2647d5e45af7370f782d7a19e36ea51817928cef5bd8ccbd6933646408933835.NEF ms=0.0
NETWORK t= 56549.1ms dt=   11.9ms tid=ThreadId(684) read_start uri=nfs://DietPi.local/mnt/4TBP/Work/Arise2014/Video/DCIM/108D300S/DSC_2683.JPG
NETWORK t= 56567.1ms dt=   18.0ms tid=ThreadId(684) nfs_helper_read_ok uri=nfs://DietPi.local/mnt/4TBP/Work/Arise2014/Video/DCIM/108D300S/DSC_2683.JPG bytes=849524
NETWORK t= 56567.1ms dt=    0.0ms tid=ThreadId(684) read_done uri=nfs://DietPi.local/mnt/4TBP/Work/Arise2014/Video/DCIM/108D300S/DSC_2683.JPG bytes=849524 ms=18.0
NETWORK t= 56577.0ms dt=    9.8ms tid=ThreadId(684) materialize_start uri=nfs://DietPi.local/mnt/4TBP/Work/Arise2014/Video/DCIM/108D300S/DSC_2683.JPG
NETWORK t= 56577.0ms dt=    0.1ms tid=ThreadId(684) read_start uri=nfs://DietPi.local/mnt/4TBP/Work/Arise2014/Video/DCIM/108D300S/DSC_2683.JPG
NETWORK t= 56595.9ms dt=   18.9ms tid=ThreadId(684) nfs_helper_read_ok uri=nfs://DietPi.local/mnt/4TBP/Work/Arise2014/Video/DCIM/108D300S/DSC_2683.JPG bytes=849524
NETWORK t= 56595.9ms dt=    0.0ms tid=ThreadId(684) read_done uri=nfs://DietPi.local/mnt/4TBP/Work/Arise2014/Video/DCIM/108D300S/DSC_2683.JPG bytes=849524 ms=18.9
NETWORK t= 56596.1ms dt=    0.2ms tid=ThreadId(684) materialize_done uri=nfs://DietPi.local/mnt/4TBP/Work/Arise2014/Video/DCIM/108D300S/DSC_2683.JPG path=/home/peet/.cache/picasa-rs/source/z/d187860bbdab65a971d0051b99116a0f7aaaa796712eb93fc49146d5ee16c80f.JPG ms=19.2
NETWORK t= 56599.4ms dt=    3.2ms tid=ThreadId(684) read_start uri=nfs://DietPi.local/mnt/4TBP/Work/Arise2014/Video/DCIM/108D300S/DSC_2654.JPG
NETWORK t= 56607.4ms dt=    8.1ms tid=ThreadId(685) materialize_start uri=nfs://DietPi.local/mnt/4TBP/Work/Arise2014/Video/DCIM/108D300S/DSC_2732.NEF
NETWORK t= 56607.5ms dt=    0.0ms tid=ThreadId(685) materialize_done uri=nfs://DietPi.local/mnt/4TBP/Work/Arise2014/Video/DCIM/108D300S/DSC_2732.NEF path=/home/peet/.cache/picasa-rs/source/y/51faafbeff9045ed7610e56e37aa3b4f1a6f5a90aca3c3eed8e29d120bccf3a2.NEF ms=0.0
NETWORK t= 56610.3ms dt=    2.8ms tid=ThreadId(684) nfs_helper_read_ok uri=nfs://DietPi.local/mnt/4TBP/Work/Arise2014/Video/DCIM/108D300S/DSC_2654.JPG bytes=442151
NETWORK t= 56610.3ms dt=    0.0ms tid=ThreadId(684) read_done uri=nfs://DietPi.local/mnt/4TBP/Work/Arise2014/Video/DCIM/108D300S/DSC_2654.JPG bytes=442151 ms=11.0
NETWORK t= 56617.2ms dt=    6.9ms tid=ThreadId(684) materialize_start uri=nfs://DietPi.local/mnt/4TBP/Work/Arise2014/Video/DCIM/108D300S/DSC_2654.JPG
NETWORK t= 56617.3ms dt=    0.1ms tid=ThreadId(684) read_start uri=nfs://DietPi.local/mnt/4TBP/Work/Arise2014/Video/DCIM/108D300S/DSC_2654.JPG
NETWORK t= 56628.9ms dt=   11.6ms tid=ThreadId(684) nfs_helper_read_ok uri=nfs://DietPi.local/mnt/4TBP/Work/Arise2014/Video/DCIM/108D300S/DSC_2654.JPG bytes=442151
NETWORK t= 56628.9ms dt=    0.0ms tid=ThreadId(684) read_done uri=nfs://DietPi.local/mnt/4TBP/Work/Arise2014/Video/DCIM/108D300S/DSC_2654.JPG bytes=442151 ms=11.6
NETWORK t= 56629.1ms dt=    0.2ms tid=ThreadId(684) materialize_done uri=nfs://DietPi.local/mnt/4TBP/Work/Arise2014/Video/DCIM/108D300S/DSC_2654.JPG path=/home/peet/.cache/picasa-rs/source/r/5283754dd7e2a53aa51802bd555216a7721165fb05aee051a83ed6deb04c7f24.JPG ms=11.9
NETWORK t= 56632.3ms dt=    3.2ms tid=ThreadId(684) materialize_start uri=nfs://DietPi.local/mnt/4TBP/Work/Arise2014/Video/DCIM/108D300S/DSC_2678.NEF
NETWORK t= 56632.4ms dt=    0.0ms tid=ThreadId(684) materialize_done uri=nfs://DietPi.local/mnt/4TBP/Work/Arise2014/Video/DCIM/108D300S/DSC_2678.NEF path=/home/peet/.cache/picasa-rs/source/j/1c0f8df7692400ddbb456ebfa73e51454655a9124eb4ff64000d339a5c22daab.NEF ms=0.0
NETWORK t= 56639.2ms dt=    6.8ms tid=ThreadId(685) materialize_start uri=nfs://DietPi.local/mnt/4TBP/Work/Arise2014/Video/DCIM/108D300S/DSC_2670.NEF
NETWORK t= 56639.2ms dt=    0.0ms tid=ThreadId(685) materialize_done uri=nfs://DietPi.local/mnt/4TBP/Work/Arise2014/Video/DCIM/108D300S/DSC_2670.NEF path=/home/peet/.cache/picasa-rs/source/b/926f2109a303f67dd8646a7bb2cc5a8fd1bc3cd303c4a64d04c35b5cf481c6f1.NEF ms=0.0
NETWORK t= 56700.2ms dt=   61.0ms tid=ThreadId(684) materialize_start uri=nfs://DietPi.local/mnt/4TBP/Work/Arise2014/Video/DCIM/108D300S/DSC_2678.NEF
NETWORK t= 56700.2ms dt=    0.0ms tid=ThreadId(684) materialize_done uri=nfs://DietPi.local/mnt/4TBP/Work/Arise2014/Video/DCIM/108D300S/DSC_2678.NEF path=/home/peet/.cache/picasa-rs/source/j/1c0f8df7692400ddbb456ebfa73e51454655a9124eb4ff64000d339a5c22daab.NEF ms=0.0
NETWORK t= 56715.0ms dt=   14.8ms tid=ThreadId(685) materialize_start uri=nfs://DietPi.local/mnt/4TBP/Work/Arise2014/Video/DCIM/108D300S/DSC_2670.NEF
NETWORK t= 56715.1ms dt=    0.1ms tid=ThreadId(685) materialize_done uri=nfs://DietPi.local/mnt/4TBP/Work/Arise2014/Video/DCIM/108D300S/DSC_2670.NEF path=/home/peet/.cache/picasa-rs/source/b/926f2109a303f67dd8646a7bb2cc5a8fd1bc3cd303c4a64d04c35b5cf481c6f1.NEF ms=0.0
NETWORK t= 56796.6ms dt=   81.5ms tid=ThreadId(684) read_start uri=nfs://DietPi.local/mnt/4TBP/Work/Arise2014/woman-hands-prayer-29670049.jpg
NETWORK t= 56801.1ms dt=    4.6ms tid=ThreadId(684) nfs_helper_read_ok uri=nfs://DietPi.local/mnt/4TBP/Work/Arise2014/woman-hands-prayer-29670049.jpg bytes=12864
NETWORK t= 56801.2ms dt=    0.0ms tid=ThreadId(684) read_done uri=nfs://DietPi.local/mnt/4TBP/Work/Arise2014/woman-hands-prayer-29670049.jpg bytes=12864 ms=4.6
NETWORK t= 56801.5ms dt=    0.3ms tid=ThreadId(684) materialize_start uri=nfs://DietPi.local/mnt/4TBP/Work/Arise2014/woman-hands-prayer-29670049.jpg
NETWORK t= 56801.6ms dt=    0.1ms tid=ThreadId(684) read_start uri=nfs://DietPi.local/mnt/4TBP/Work/Arise2014/woman-hands-prayer-29670049.jpg
NETWORK t= 56805.0ms dt=    3.5ms tid=ThreadId(684) nfs_helper_read_ok uri=nfs://DietPi.local/mnt/4TBP/Work/Arise2014/woman-hands-prayer-29670049.jpg bytes=12864
NETWORK t= 56805.1ms dt=    0.0ms tid=ThreadId(684) read_done uri=nfs://DietPi.local/mnt/4TBP/Work/Arise2014/woman-hands-prayer-29670049.jpg bytes=12864 ms=3.5
NETWORK t= 56805.2ms dt=    0.1ms tid=ThreadId(684) materialize_done uri=nfs://DietPi.local/mnt/4TBP/Work/Arise2014/woman-hands-prayer-29670049.jpg path=/home/peet/.cache/picasa-rs/source/8/b450cb1a95847aa3331ddc7c0f9a78fa18d61406d1eed74ff8d27c37f8383cc6.jpg ms=3.7
NETWORK t= 56807.9ms dt=    2.7ms tid=ThreadId(684) read_start uri=nfs://DietPi.local/mnt/4TBP/Work/Arise2014/Video/DCIM/108D300S/DSC_2718.JPG
NETWORK t= 56821.6ms dt=   13.8ms tid=ThreadId(684) nfs_helper_read_ok uri=nfs://DietPi.local/mnt/4TBP/Work/Arise2014/Video/DCIM/108D300S/DSC_2718.JPG bytes=393794
NETWORK t= 56821.7ms dt=    0.0ms tid=ThreadId(684) read_done uri=nfs://DietPi.local/mnt/4TBP/Work/Arise2014/Video/DCIM/108D300S/DSC_2718.JPG bytes=393794 ms=13.8
NETWORK t= 56828.1ms dt=    6.4ms tid=ThreadId(684) materialize_start uri=nfs://DietPi.local/mnt/4TBP/Work/Arise2014/Video/DCIM/108D300S/DSC_2718.JPG
NETWORK t= 56828.2ms dt=    0.1ms tid=ThreadId(684) read_start uri=nfs://DietPi.local/mnt/4TBP/Work/Arise2014/Video/DCIM/108D300S/DSC_2718.JPG
NETWORK t= 56838.5ms dt=   10.3ms tid=ThreadId(684) nfs_helper_read_ok uri=nfs://DietPi.local/mnt/4TBP/Work/Arise2014/Video/DCIM/108D300S/DSC_2718.JPG bytes=393794
NETWORK t= 56838.5ms dt=    0.0ms tid=ThreadId(684) read_done uri=nfs://DietPi.local/mnt/4TBP/Work/Arise2014/Video/DCIM/108D300S/DSC_2718.JPG bytes=393794 ms=10.3
NETWORK t= 56838.7ms dt=    0.2ms tid=ThreadId(684) materialize_done uri=nfs://DietPi.local/mnt/4TBP/Work/Arise2014/Video/DCIM/108D300S/DSC_2718.JPG path=/home/peet/.cache/picasa-rs/source/w/44e474edee0d95f298755915317b20c559b64e0f59b97f3cdf0b11de48b24a1c.JPG ms=10.6
NETWORK t= 56841.7ms dt=    3.0ms tid=ThreadId(684) materialize_start uri=nfs://DietPi.local/mnt/4TBP/Work/Arise2014/Video/DCIM/108D300S/DSC_2664.NEF
NETWORK t= 56841.8ms dt=    0.0ms tid=ThreadId(684) materialize_done uri=nfs://DietPi.local/mnt/4TBP/Work/Arise2014/Video/DCIM/108D300S/DSC_2664.NEF path=/home/peet/.cache/picasa-rs/source/2/94a60467a85b73f66f338129bb59e7128fc644d495767f64bb940ba4d038833d.NEF ms=0.0
NETWORK t= 56845.3ms dt=    3.6ms tid=ThreadId(685) materialize_start uri=nfs://DietPi.local/mnt/4TBP/Work/Arise2014/Video/DCIM/108D300S/DSC_2715.NEF
NETWORK t= 56845.4ms dt=    0.0ms tid=ThreadId(685) materialize_done uri=nfs://DietPi.local/mnt/4TBP/Work/Arise2014/Video/DCIM/108D300S/DSC_2715.NEF path=/home/peet/.cache/picasa-rs/source/y/4d32528a19e6efc5b0bbc79a44cba63a83a83e3b1cf9a6126ce447dac812c484.NEF ms=0.0
NETWORK t= 56899.1ms dt=   53.7ms tid=ThreadId(684) materialize_start uri=nfs://DietPi.local/mnt/4TBP/Work/Arise2014/Video/DCIM/108D300S/DSC_2664.NEF
NETWORK t= 56899.1ms dt=    0.0ms tid=ThreadId(684) materialize_done uri=nfs://DietPi.local/mnt/4TBP/Work/Arise2014/Video/DCIM/108D300S/DSC_2664.NEF path=/home/peet/.cache/picasa-rs/source/2/94a60467a85b73f66f338129bb59e7128fc644d495767f64bb940ba4d038833d.NEF ms=0.0
NETWORK t= 56916.2ms dt=   17.1ms tid=ThreadId(685) materialize_start uri=nfs://DietPi.local/mnt/4TBP/Work/Arise2014/Video/DCIM/108D300S/DSC_2715.NEF
NETWORK t= 56916.2ms dt=    0.0ms tid=ThreadId(685) materialize_done uri=nfs://DietPi.local/mnt/4TBP/Work/Arise2014/Video/DCIM/108D300S/DSC_2715.NEF path=/home/peet/.cache/picasa-rs/source/y/4d32528a19e6efc5b0bbc79a44cba63a83a83e3b1cf9a6126ce447dac812c484.NEF ms=0.0
NETWORK t= 56989.8ms dt=   73.7ms tid=ThreadId(684) materialize_start uri=nfs://DietPi.local/mnt/4TBP/Work/Arise2014/Video/DCIM/108D300S/DSC_2629.NEF
NETWORK t= 56989.9ms dt=    0.0ms tid=ThreadId(684) materialize_done uri=nfs://DietPi.local/mnt/4TBP/Work/Arise2014/Video/DCIM/108D300S/DSC_2629.NEF path=/home/peet/.cache/picasa-rs/source/a/6a12628744867b36f38bdc3a114433ff8dd7da1bc0205d854e918a93fc6747f7.NEF ms=0.0
NETWORK t= 57047.1ms dt=   57.2ms tid=ThreadId(684) materialize_start uri=nfs://DietPi.local/mnt/4TBP/Work/Arise2014/Video/DCIM/108D300S/DSC_2629.NEF
NETWORK t= 57047.1ms dt=    0.1ms tid=ThreadId(684) materialize_done uri=nfs://DietPi.local/mnt/4TBP/Work/Arise2014/Video/DCIM/108D300S/DSC_2629.NEF path=/home/peet/.cache/picasa-rs/source/a/6a12628744867b36f38bdc3a114433ff8dd7da1bc0205d854e918a93fc6747f7.NEF ms=0.0
NETWORK t= 57047.9ms dt=    0.7ms tid=ThreadId(685) materialize_start uri=nfs://DietPi.local/mnt/4TBP/Work/Arise2014/Video/DCIM/108D300S/DSC_2722.NEF
NETWORK t= 57047.9ms dt=    0.0ms tid=ThreadId(685) materialize_done uri=nfs://DietPi.local/mnt/4TBP/Work/Arise2014/Video/DCIM/108D300S/DSC_2722.NEF path=/home/peet/.cache/picasa-rs/source/g/2554f66c3459e740fb245eddcbf82e63be7c20ea2da341673e990a6ffa135605.NEF ms=0.0
NETWORK t= 57058.6ms dt=   10.7ms tid=ThreadId(684) read_start uri=nfs://DietPi.local/mnt/4TBP/Work/Arise2014/Video/DCIM/108D300S/DSC_2713.JPG
NETWORK t= 57068.9ms dt=   10.4ms tid=ThreadId(684) nfs_helper_read_ok uri=nfs://DietPi.local/mnt/4TBP/Work/Arise2014/Video/DCIM/108D300S/DSC_2713.JPG bytes=347833
NETWORK t= 57069.0ms dt=    0.0ms tid=ThreadId(684) read_done uri=nfs://DietPi.local/mnt/4TBP/Work/Arise2014/Video/DCIM/108D300S/DSC_2713.JPG bytes=347833 ms=10.4
NETWORK t= 57074.8ms dt=    5.8ms tid=ThreadId(684) materialize_start uri=nfs://DietPi.local/mnt/4TBP/Work/Arise2014/Video/DCIM/108D300S/DSC_2713.JPG
NETWORK t= 57074.9ms dt=    0.1ms tid=ThreadId(684) read_start uri=nfs://DietPi.local/mnt/4TBP/Work/Arise2014/Video/DCIM/108D300S/DSC_2713.JPG
NETWORK t= 57084.8ms dt=    9.9ms tid=ThreadId(684) nfs_helper_read_ok uri=nfs://DietPi.local/mnt/4TBP/Work/Arise2014/Video/DCIM/108D300S/DSC_2713.JPG bytes=347833
NETWORK t= 57084.8ms dt=    0.0ms tid=ThreadId(684) read_done uri=nfs://DietPi.local/mnt/4TBP/Work/Arise2014/Video/DCIM/108D300S/DSC_2713.JPG bytes=347833 ms=9.9
NETWORK t= 57085.0ms dt=    0.2ms tid=ThreadId(684) materialize_done uri=nfs://DietPi.local/mnt/4TBP/Work/Arise2014/Video/DCIM/108D300S/DSC_2713.JPG path=/home/peet/.cache/picasa-rs/source/v/f9bbcb2777134621b86ab8d1dd1694dabe2202b0962aa1d053d5586b0eaa6826.JPG ms=10.1
NETWORK t= 57087.8ms dt=    2.9ms tid=ThreadId(684) materialize_start uri=nfs://DietPi.local/mnt/4TBP/Work/Arise2014/Video/DCIM/108D300S/DSC_2718.NEF
NETWORK t= 57087.8ms dt=    0.0ms tid=ThreadId(684) materialize_done uri=nfs://DietPi.local/mnt/4TBP/Work/Arise2014/Video/DCIM/108D300S/DSC_2718.NEF path=/home/peet/.cache/picasa-rs/source/e/c1b23e6c3a9950d1236302e343df3db33fd9fa42a16640765f078279645fc427.NEF ms=0.0
NETWORK t= 57127.1ms dt=   39.3ms tid=ThreadId(685) materialize_start uri=nfs://DietPi.local/mnt/4TBP/Work/Arise2014/Video/DCIM/108D300S/DSC_2722.NEF
NETWORK t= 57127.2ms dt=    0.0ms tid=ThreadId(685) materialize_done uri=nfs://DietPi.local/mnt/4TBP/Work/Arise2014/Video/DCIM/108D300S/DSC_2722.NEF path=/home/peet/.cache/picasa-rs/source/g/2554f66c3459e740fb245eddcbf82e63be7c20ea2da341673e990a6ffa135605.NEF ms=0.0
NETWORK t= 57143.4ms dt=   16.2ms tid=ThreadId(684) materialize_start uri=nfs://DietPi.local/mnt/4TBP/Work/Arise2014/Video/DCIM/108D300S/DSC_2718.NEF
NETWORK t= 57143.4ms dt=    0.0ms tid=ThreadId(684) materialize_done uri=nfs://DietPi.local/mnt/4TBP/Work/Arise2014/Video/DCIM/108D300S/DSC_2718.NEF path=/home/peet/.cache/picasa-rs/source/e/c1b23e6c3a9950d1236302e343df3db33fd9fa42a16640765f078279645fc427.NEF ms=0.0
NETWORK t= 57161.8ms dt=   18.4ms tid=ThreadId(685) read_start uri=nfs://DietPi.local/mnt/4TBP/Work/Arise2014/Words.jpg
NETWORK t= 57168.1ms dt=    6.2ms tid=ThreadId(685) nfs_helper_read_ok uri=nfs://DietPi.local/mnt/4TBP/Work/Arise2014/Words.jpg bytes=122048
NETWORK t= 57168.1ms dt=    0.0ms tid=ThreadId(685) read_done uri=nfs://DietPi.local/mnt/4TBP/Work/Arise2014/Words.jpg bytes=122048 ms=6.2
NETWORK t= 57171.1ms dt=    3.0ms tid=ThreadId(685) materialize_start uri=nfs://DietPi.local/mnt/4TBP/Work/Arise2014/Words.jpg
NETWORK t= 57171.2ms dt=    0.1ms tid=ThreadId(685) read_start uri=nfs://DietPi.local/mnt/4TBP/Work/Arise2014/Words.jpg
NETWORK t= 57176.1ms dt=    4.9ms tid=ThreadId(685) nfs_helper_read_ok uri=nfs://DietPi.local/mnt/4TBP/Work/Arise2014/Words.jpg bytes=122048
NETWORK t= 57176.1ms dt=    0.0ms tid=ThreadId(685) read_done uri=nfs://DietPi.local/mnt/4TBP/Work/Arise2014/Words.jpg bytes=122048 ms=4.9
NETWORK t= 57176.2ms dt=    0.1ms tid=ThreadId(685) materialize_done uri=nfs://DietPi.local/mnt/4TBP/Work/Arise2014/Words.jpg path=/home/peet/.cache/picasa-rs/source/p/74ad386ce03cfd103cf314dc242e6db6cf6dc32169af045c1c0a13b28ad975ab.jpg ms=5.1
NETWORK t= 57179.6ms dt=    3.4ms tid=ThreadId(685) materialize_start uri=nfs://DietPi.local/mnt/4TBP/Work/Arise2014/Video/DCIM/108D300S/DSC_2679.NEF
NETWORK t= 57179.7ms dt=    0.0ms tid=ThreadId(685) materialize_done uri=nfs://DietPi.local/mnt/4TBP/Work/Arise2014/Video/DCIM/108D300S/DSC_2679.NEF path=/home/peet/.cache/picasa-rs/source/b/c803ebef7f206f9cf97090deece6dc5aec222c9fa5b2b9e39531b1c3b63a899a.NEF ms=0.0
NETWORK t= 57232.9ms dt=   53.2ms tid=ThreadId(684) materialize_start uri=nfs://DietPi.local/mnt/4TBP/Work/Arise2014/Video/DCIM/108D300S/DSC_2669.NEF
NETWORK t= 57232.9ms dt=    0.0ms tid=ThreadId(684) materialize_done uri=nfs://DietPi.local/mnt/4TBP/Work/Arise2014/Video/DCIM/108D300S/DSC_2669.NEF path=/home/peet/.cache/picasa-rs/source/b/80db976f2ca479ced43c0e870c7f17be3db7ae50d3e03283b053e2ba673b3b67.NEF ms=0.0
NETWORK t= 57265.5ms dt=   32.6ms tid=ThreadId(685) materialize_start uri=nfs://DietPi.local/mnt/4TBP/Work/Arise2014/Video/DCIM/108D300S/DSC_2679.NEF
NETWORK t= 57265.5ms dt=    0.1ms tid=ThreadId(685) materialize_done uri=nfs://DietPi.local/mnt/4TBP/Work/Arise2014/Video/DCIM/108D300S/DSC_2679.NEF path=/home/peet/.cache/picasa-rs/source/b/c803ebef7f206f9cf97090deece6dc5aec222c9fa5b2b9e39531b1c3b63a899a.NEF ms=0.0
NETWORK t= 57278.2ms dt=   12.7ms tid=main lightbox_open index=1013 op=9
NETWORK t= 57290.7ms dt=   12.4ms tid=main decode_start uri=nfs://DietPi.local/mnt/4TBP/Work/Arise2014/Video/DCIM/108D300S/DSC_2712.JPG op=9
NETWORK t= 57290.8ms dt=    0.2ms tid=lightbox-decode materialize_start uri=nfs://DietPi.local/mnt/4TBP/Work/Arise2014/Video/DCIM/108D300S/DSC_2712.JPG
NETWORK t= 57290.9ms dt=    0.1ms tid=lightbox-decode materialize_done uri=nfs://DietPi.local/mnt/4TBP/Work/Arise2014/Video/DCIM/108D300S/DSC_2712.JPG path=/home/peet/.cache/picasa-rs/source/u/d8d231c41f99bd477a9b06b50096d7d934c6872579615d6868758b67e14cc747.JPG ms=0.0
NETWORK t= 57290.9ms dt=    0.0ms tid=lightbox-decode materialize_start uri=nfs://DietPi.local/mnt/4TBP/Work/Arise2014/Video/DCIM/108D300S/DSC_2712.JPG
NETWORK t= 57290.9ms dt=    0.0ms tid=lightbox-decode materialize_done uri=nfs://DietPi.local/mnt/4TBP/Work/Arise2014/Video/DCIM/108D300S/DSC_2712.JPG path=/home/peet/.cache/picasa-rs/source/u/d8d231c41f99bd477a9b06b50096d7d934c6872579615d6868758b67e14cc747.JPG ms=0.0
NETWORK t= 57292.0ms dt=    1.1ms tid=ThreadId(684) materialize_start uri=nfs://DietPi.local/mnt/4TBP/Work/Arise2014/Video/DCIM/108D300S/DSC_2669.NEF
NETWORK t= 57292.1ms dt=    0.0ms tid=ThreadId(684) materialize_done uri=nfs://DietPi.local/mnt/4TBP/Work/Arise2014/Video/DCIM/108D300S/DSC_2669.NEF path=/home/peet/.cache/picasa-rs/source/b/80db976f2ca479ced43c0e870c7f17be3db7ae50d3e03283b053e2ba673b3b67.NEF ms=0.0
NETWORK t= 57309.2ms dt=   17.1ms tid=main decode_done uri=nfs://DietPi.local/mnt/4TBP/Work/Arise2014/Video/DCIM/108D300S/DSC_2712.JPG w=486 h=732 ms=18.5 op=9
NETWORK t= 57385.4ms dt=   76.1ms tid=ThreadId(684) read_start uri=nfs://DietPi.local/mnt/4TBP/Work/Arise2014/Video/DCIM/108D300S/DSC_2711.JPG
NETWORK t= 57395.9ms dt=   10.5ms tid=ThreadId(684) nfs_helper_read_ok uri=nfs://DietPi.local/mnt/4TBP/Work/Arise2014/Video/DCIM/108D300S/DSC_2711.JPG bytes=362732
NETWORK t= 57395.9ms dt=    0.0ms tid=ThreadId(684) read_done uri=nfs://DietPi.local/mnt/4TBP/Work/Arise2014/Video/DCIM/108D300S/DSC_2711.JPG bytes=362732 ms=10.5
NETWORK t= 57399.8ms dt=    4.0ms tid=ThreadId(685) materialize_start uri=nfs://DietPi.local/mnt/4TBP/Work/Arise2014/Video/DCIM/108D300S/DSC_2731.NEF
NETWORK t= 57399.9ms dt=    0.0ms tid=ThreadId(685) materialize_done uri=nfs://DietPi.local/mnt/4TBP/Work/Arise2014/Video/DCIM/108D300S/DSC_2731.NEF path=/home/peet/.cache/picasa-rs/source/8/6b3093011dae465dd77023c9b2b6ef7387b5889738d7ae372e589540af458215.NEF ms=0.0
NETWORK t= 57401.7ms dt=    1.8ms tid=ThreadId(684) materialize_start uri=nfs://DietPi.local/mnt/4TBP/Work/Arise2014/Video/DCIM/108D300S/DSC_2711.JPG
NETWORK t= 57401.8ms dt=    0.1ms tid=ThreadId(684) read_start uri=nfs://DietPi.local/mnt/4TBP/Work/Arise2014/Video/DCIM/108D300S/DSC_2711.JPG
NETWORK t= 57411.7ms dt=    9.9ms tid=ThreadId(684) nfs_helper_read_ok uri=nfs://DietPi.local/mnt/4TBP/Work/Arise2014/Video/DCIM/108D300S/DSC_2711.JPG bytes=362732
NETWORK t= 57411.7ms dt=    0.0ms tid=ThreadId(684) read_done uri=nfs://DietPi.local/mnt/4TBP/Work/Arise2014/Video/DCIM/108D300S/DSC_2711.JPG bytes=362732 ms=9.9
NETWORK t= 57411.9ms dt=    0.2ms tid=ThreadId(684) materialize_done uri=nfs://DietPi.local/mnt/4TBP/Work/Arise2014/Video/DCIM/108D300S/DSC_2711.JPG path=/home/peet/.cache/picasa-rs/source/x/7c71a8f1c8b3780db6f6b7e53a14c21d5166b2d6ee6709e17124b77086e3c862.JPG ms=10.1
NETWORK t= 57414.4ms dt=    2.5ms tid=ThreadId(684) materialize_start uri=nfs://DietPi.local/mnt/4TBP/Work/Arise2014/Video/DCIM/108D300S/DSC_2672.NEF
NETWORK t= 57414.4ms dt=    0.0ms tid=ThreadId(684) materialize_done uri=nfs://DietPi.local/mnt/4TBP/Work/Arise2014/Video/DCIM/108D300S/DSC_2672.NEF path=/home/peet/.cache/picasa-rs/source/o/fab075e9fe052a31f3664099090bdab17fb002d939525beb1039e26faa993a40.NEF ms=0.0
NETWORK t= 57473.4ms dt=   59.0ms tid=ThreadId(684) materialize_start uri=nfs://DietPi.local/mnt/4TBP/Work/Arise2014/Video/DCIM/108D300S/DSC_2672.NEF
NETWORK t= 57473.5ms dt=    0.1ms tid=ThreadId(684) materialize_done uri=nfs://DietPi.local/mnt/4TBP/Work/Arise2014/Video/DCIM/108D300S/DSC_2672.NEF path=/home/peet/.cache/picasa-rs/source/o/fab075e9fe052a31f3664099090bdab17fb002d939525beb1039e26faa993a40.NEF ms=0.0
NETWORK t= 57480.3ms dt=    6.9ms tid=ThreadId(685) materialize_start uri=nfs://DietPi.local/mnt/4TBP/Work/Arise2014/Video/DCIM/108D300S/DSC_2731.NEF
NETWORK t= 57480.4ms dt=    0.0ms tid=ThreadId(685) materialize_done uri=nfs://DietPi.local/mnt/4TBP/Work/Arise2014/Video/DCIM/108D300S/DSC_2731.NEF path=/home/peet/.cache/picasa-rs/source/8/6b3093011dae465dd77023c9b2b6ef7387b5889738d7ae372e589540af458215.NEF ms=0.0
NETWORK t= 57514.2ms dt=   33.8ms tid=ThreadId(685) materialize_start uri=nfs://DietPi.local/mnt/4TBP/Work/Arise2014/Video/DCIM/108D300S/DSC_2734.NEF
NETWORK t= 57514.2ms dt=    0.0ms tid=ThreadId(685) materialize_done uri=nfs://DietPi.local/mnt/4TBP/Work/Arise2014/Video/DCIM/108D300S/DSC_2734.NEF path=/home/peet/.cache/picasa-rs/source/6/d9264d84f642e4513d022ba06a0e1c50d3a62e984d1fecb393990291abc3932b.NEF ms=0.0
NETWORK t= 57529.3ms dt=   15.2ms tid=lightbox-prefetch materialize_start uri=nfs://DietPi.local/mnt/4TBP/Work/Arise2014/Video/DCIM/108D300S/DSC_2682.NEF
NETWORK t= 57529.4ms dt=    0.1ms tid=lightbox-prefetch materialize_done uri=nfs://DietPi.local/mnt/4TBP/Work/Arise2014/Video/DCIM/108D300S/DSC_2682.NEF path=/home/peet/.cache/picasa-rs/source/m/cece6a8d1dc940a5bfc2a851f659faf2dedd7bb3eb2b051304f343fae0069c83.NEF ms=0.0
NETWORK t= 57529.4ms dt=    0.0ms tid=lightbox-prefetch materialize_start uri=nfs://DietPi.local/mnt/4TBP/Work/Arise2014/Video/DCIM/108D300S/DSC_2682.NEF
NETWORK t= 57529.5ms dt=    0.0ms tid=lightbox-prefetch materialize_done uri=nfs://DietPi.local/mnt/4TBP/Work/Arise2014/Video/DCIM/108D300S/DSC_2682.NEF path=/home/peet/.cache/picasa-rs/source/m/cece6a8d1dc940a5bfc2a851f659faf2dedd7bb3eb2b051304f343fae0069c83.NEF ms=0.0
NETWORK t= 57563.2ms dt=   33.8ms tid=ThreadId(684) read_start uri=nfs://DietPi.local/mnt/4TBP/Work/Arise2014/Video/DCIM/108D300S/DSC_2719.JPG
NETWORK t= 57575.8ms dt=   12.5ms tid=ThreadId(684) nfs_helper_read_ok uri=nfs://DietPi.local/mnt/4TBP/Work/Arise2014/Video/DCIM/108D300S/DSC_2719.JPG bytes=515298
NETWORK t= 57575.8ms dt=    0.0ms tid=ThreadId(684) read_done uri=nfs://DietPi.local/mnt/4TBP/Work/Arise2014/Video/DCIM/108D300S/DSC_2719.JPG bytes=515298 ms=12.6
NETWORK t= 57583.1ms dt=    7.3ms tid=ThreadId(684) materialize_start uri=nfs://DietPi.local/mnt/4TBP/Work/Arise2014/Video/DCIM/108D300S/DSC_2719.JPG
NETWORK t= 57583.2ms dt=    0.1ms tid=ThreadId(684) read_start uri=nfs://DietPi.local/mnt/4TBP/Work/Arise2014/Video/DCIM/108D300S/DSC_2719.JPG
NETWORK t= 57594.0ms dt=   10.9ms tid=ThreadId(685) materialize_start uri=nfs://DietPi.local/mnt/4TBP/Work/Arise2014/Video/DCIM/108D300S/DSC_2734.NEF
NETWORK t= 57594.1ms dt=    0.0ms tid=ThreadId(685) materialize_done uri=nfs://DietPi.local/mnt/4TBP/Work/Arise2014/Video/DCIM/108D300S/DSC_2734.NEF path=/home/peet/.cache/picasa-rs/source/6/d9264d84f642e4513d022ba06a0e1c50d3a62e984d1fecb393990291abc3932b.NEF ms=0.0
NETWORK t= 57597.3ms dt=    3.2ms tid=ThreadId(684) nfs_helper_read_ok uri=nfs://DietPi.local/mnt/4TBP/Work/Arise2014/Video/DCIM/108D300S/DSC_2719.JPG bytes=515298
NETWORK t= 57597.3ms dt=    0.0ms tid=ThreadId(684) read_done uri=nfs://DietPi.local/mnt/4TBP/Work/Arise2014/Video/DCIM/108D300S/DSC_2719.JPG bytes=515298 ms=14.1
NETWORK t= 57597.6ms dt=    0.2ms tid=ThreadId(684) materialize_done uri=nfs://DietPi.local/mnt/4TBP/Work/Arise2014/Video/DCIM/108D300S/DSC_2719.JPG path=/home/peet/.cache/picasa-rs/source/3/5d1bb08e96e679dfeed6bf9c0f2dcc0ba88b4623bd5b73cc1f3af550202cf9d2.JPG ms=14.4
NETWORK t= 57600.0ms dt=    2.4ms tid=ThreadId(684) read_start uri=nfs://DietPi.local/mnt/4TBP/Work/Arise2014/da257209d36aef4eee976c3f3bc52760.jpg
NETWORK t= 57607.7ms dt=    7.7ms tid=ThreadId(684) nfs_helper_read_ok uri=nfs://DietPi.local/mnt/4TBP/Work/Arise2014/da257209d36aef4eee976c3f3bc52760.jpg bytes=194738
NETWORK t= 57607.7ms dt=    0.0ms tid=ThreadId(684) read_done uri=nfs://DietPi.local/mnt/4TBP/Work/Arise2014/da257209d36aef4eee976c3f3bc52760.jpg bytes=194738 ms=7.7
NETWORK t= 57614.2ms dt=    6.5ms tid=ThreadId(684) materialize_start uri=nfs://DietPi.local/mnt/4TBP/Work/Arise2014/da257209d36aef4eee976c3f3bc52760.jpg
NETWORK t= 57614.3ms dt=    0.1ms tid=ThreadId(684) read_start uri=nfs://DietPi.local/mnt/4TBP/Work/Arise2014/da257209d36aef4eee976c3f3bc52760.jpg
NETWORK t= 57620.7ms dt=    6.4ms tid=ThreadId(684) nfs_helper_read_ok uri=nfs://DietPi.local/mnt/4TBP/Work/Arise2014/da257209d36aef4eee976c3f3bc52760.jpg bytes=194738
NETWORK t= 57620.8ms dt=    0.0ms tid=ThreadId(684) read_done uri=nfs://DietPi.local/mnt/4TBP/Work/Arise2014/da257209d36aef4eee976c3f3bc52760.jpg bytes=194738 ms=6.4
NETWORK t= 57620.9ms dt=    0.1ms tid=ThreadId(684) materialize_done uri=nfs://DietPi.local/mnt/4TBP/Work/Arise2014/da257209d36aef4eee976c3f3bc52760.jpg path=/home/peet/.cache/picasa-rs/source/v/5fbfa84abb509e37627475238327dd85d11f92d404d97c124a5b34605608ce95.jpg ms=6.6
NETWORK t= 57623.9ms dt=    3.0ms tid=ThreadId(684) read_start uri=nfs://DietPi.local/mnt/4TBP/Work/Arise2014/Video/DCIM/108D300S/DSC_2630.JPG
NETWORK t= 57626.7ms dt=    2.9ms tid=ThreadId(685) read_start uri=nfs://DietPi.local/mnt/4TBP/Work/Arise2014/Video/DCIM/108D300S/DSC_2729.JPG
NETWORK t= 57634.6ms dt=    7.9ms tid=ThreadId(684) nfs_helper_read_ok uri=nfs://DietPi.local/mnt/4TBP/Work/Arise2014/Video/DCIM/108D300S/DSC_2630.JPG bytes=369120
NETWORK t= 57634.7ms dt=    0.0ms tid=ThreadId(684) read_done uri=nfs://DietPi.local/mnt/4TBP/Work/Arise2014/Video/DCIM/108D300S/DSC_2630.JPG bytes=369120 ms=10.8
NETWORK t= 57640.8ms dt=    6.1ms tid=ThreadId(684) materialize_start uri=nfs://DietPi.local/mnt/4TBP/Work/Arise2014/Video/DCIM/108D300S/DSC_2630.JPG
NETWORK t= 57640.9ms dt=    0.1ms tid=ThreadId(684) read_start uri=nfs://DietPi.local/mnt/4TBP/Work/Arise2014/Video/DCIM/108D300S/DSC_2630.JPG
NETWORK t= 57648.9ms dt=    8.0ms tid=ThreadId(685) nfs_helper_read_ok uri=nfs://DietPi.local/mnt/4TBP/Work/Arise2014/Video/DCIM/108D300S/DSC_2729.JPG bytes=616173
NETWORK t= 57648.9ms dt=    0.0ms tid=ThreadId(685) read_done uri=nfs://DietPi.local/mnt/4TBP/Work/Arise2014/Video/DCIM/108D300S/DSC_2729.JPG bytes=616173 ms=22.1
NETWORK t= 57657.0ms dt=    8.2ms tid=ThreadId(685) materialize_start uri=nfs://DietPi.local/mnt/4TBP/Work/Arise2014/Video/DCIM/108D300S/DSC_2729.JPG
NETWORK t= 57657.1ms dt=    0.1ms tid=ThreadId(685) read_start uri=nfs://DietPi.local/mnt/4TBP/Work/Arise2014/Video/DCIM/108D300S/DSC_2729.JPG
NETWORK t= 57657.9ms dt=    0.8ms tid=ThreadId(684) nfs_helper_read_ok uri=nfs://DietPi.local/mnt/4TBP/Work/Arise2014/Video/DCIM/108D300S/DSC_2630.JPG bytes=369120
NETWORK t= 57657.9ms dt=    0.0ms tid=ThreadId(684) read_done uri=nfs://DietPi.local/mnt/4TBP/Work/Arise2014/Video/DCIM/108D300S/DSC_2630.JPG bytes=369120 ms=17.0
NETWORK t= 57658.1ms dt=    0.2ms tid=ThreadId(684) materialize_done uri=nfs://DietPi.local/mnt/4TBP/Work/Arise2014/Video/DCIM/108D300S/DSC_2630.JPG path=/home/peet/.cache/picasa-rs/source/l/ef01683cdb1c14bd6df4d55ec58a970e9d2797739b34822cbe0a7a563cafdfd0.JPG ms=17.2
NETWORK t= 57660.7ms dt=    2.6ms tid=ThreadId(684) read_start uri=nfs://DietPi.local/mnt/4TBP/Work/Arise2014/Video/DCIM/108D300S/DSC_2633.JPG
NETWORK t= 57671.8ms dt=   11.0ms tid=ThreadId(685) nfs_helper_read_ok uri=nfs://DietPi.local/mnt/4TBP/Work/Arise2014/Video/DCIM/108D300S/DSC_2729.JPG bytes=616173
NETWORK t= 57671.8ms dt=    0.0ms tid=ThreadId(685) read_done uri=nfs://DietPi.local/mnt/4TBP/Work/Arise2014/Video/DCIM/108D300S/DSC_2729.JPG bytes=616173 ms=14.7
NETWORK t= 57671.9ms dt=    0.2ms tid=ThreadId(685) materialize_done uri=nfs://DietPi.local/mnt/4TBP/Work/Arise2014/Video/DCIM/108D300S/DSC_2729.JPG path=/home/peet/.cache/picasa-rs/source/a/af8acac535e7ad48e55c72a1f1e45c3a7414a20f9d641eb383c180e769670a8f.JPG ms=14.9
NETWORK t= 57675.0ms dt=    3.1ms tid=ThreadId(685) read_start uri=nfs://DietPi.local/mnt/4TBP/Work/Arise2014/Video/DCIM/108D300S/DSC_2629.JPG
NETWORK t= 57684.6ms dt=    9.5ms tid=ThreadId(684) nfs_helper_read_ok uri=nfs://DietPi.local/mnt/4TBP/Work/Arise2014/Video/DCIM/108D300S/DSC_2633.JPG bytes=549930
NETWORK t= 57684.6ms dt=    0.0ms tid=ThreadId(684) read_done uri=nfs://DietPi.local/mnt/4TBP/Work/Arise2014/Video/DCIM/108D300S/DSC_2633.JPG bytes=549930 ms=23.8
NETWORK t= 57692.3ms dt=    7.7ms tid=ThreadId(684) materialize_start uri=nfs://DietPi.local/mnt/4TBP/Work/Arise2014/Video/DCIM/108D300S/DSC_2633.JPG
NETWORK t= 57692.4ms dt=    0.1ms tid=ThreadId(684) read_start uri=nfs://DietPi.local/mnt/4TBP/Work/Arise2014/Video/DCIM/108D300S/DSC_2633.JPG
NETWORK t= 57693.4ms dt=    1.1ms tid=ThreadId(685) nfs_helper_read_ok uri=nfs://DietPi.local/mnt/4TBP/Work/Arise2014/Video/DCIM/108D300S/DSC_2629.JPG bytes=380809
NETWORK t= 57693.5ms dt=    0.0ms tid=ThreadId(685) read_done uri=nfs://DietPi.local/mnt/4TBP/Work/Arise2014/Video/DCIM/108D300S/DSC_2629.JPG bytes=380809 ms=18.4
NETWORK t= 57699.7ms dt=    6.2ms tid=ThreadId(685) materialize_start uri=nfs://DietPi.local/mnt/4TBP/Work/Arise2014/Video/DCIM/108D300S/DSC_2629.JPG
NETWORK t= 57699.8ms dt=    0.1ms tid=ThreadId(685) read_start uri=nfs://DietPi.local/mnt/4TBP/Work/Arise2014/Video/DCIM/108D300S/DSC_2629.JPG
NETWORK t= 57706.0ms dt=    6.2ms tid=ThreadId(684) nfs_helper_read_ok uri=nfs://DietPi.local/mnt/4TBP/Work/Arise2014/Video/DCIM/108D300S/DSC_2633.JPG bytes=549930
NETWORK t= 57706.0ms dt=    0.0ms tid=ThreadId(684) read_done uri=nfs://DietPi.local/mnt/4TBP/Work/Arise2014/Video/DCIM/108D300S/DSC_2633.JPG bytes=549930 ms=13.6
NETWORK t= 57706.2ms dt=    0.2ms tid=ThreadId(684) materialize_done uri=nfs://DietPi.local/mnt/4TBP/Work/Arise2014/Video/DCIM/108D300S/DSC_2633.JPG path=/home/peet/.cache/picasa-rs/source/b/16d37cf082f6d0c48b60b3fdd0fa7ad0094a1960688eb96dccc427b16ed76c72.JPG ms=13.8
NETWORK t= 57708.9ms dt=    2.8ms tid=ThreadId(684) read_start uri=nfs://DietPi.local/mnt/4TBP/Work/Arise2014/Video/DCIM/108D300S/DSC_2675.JPG
NETWORK t= 57714.3ms dt=    5.4ms tid=ThreadId(685) nfs_helper_read_ok uri=nfs://DietPi.local/mnt/4TBP/Work/Arise2014/Video/DCIM/108D300S/DSC_2629.JPG bytes=380809
NETWORK t= 57714.3ms dt=    0.0ms tid=ThreadId(685) read_done uri=nfs://DietPi.local/mnt/4TBP/Work/Arise2014/Video/DCIM/108D300S/DSC_2629.JPG bytes=380809 ms=14.6
NETWORK t= 57714.5ms dt=    0.1ms tid=ThreadId(685) materialize_done uri=nfs://DietPi.local/mnt/4TBP/Work/Arise2014/Video/DCIM/108D300S/DSC_2629.JPG path=/home/peet/.cache/picasa-rs/source/2/e55e89c1f796fc714b8c1df4a971b9ffea55caa5ea19ce97ac0fde22c8017a50.JPG ms=14.8
NETWORK t= 57717.1ms dt=    2.6ms tid=ThreadId(685) read_start uri=nfs://DietPi.local/mnt/4TBP/Work/Arise2014/Video/DCIM/108D300S/DSC_2731.JPG
NETWORK t= 57726.0ms dt=    8.9ms tid=ThreadId(684) nfs_helper_read_ok uri=nfs://DietPi.local/mnt/4TBP/Work/Arise2014/Video/DCIM/108D300S/DSC_2675.JPG bytes=550328
NETWORK t= 57726.0ms dt=    0.0ms tid=ThreadId(684) read_done uri=nfs://DietPi.local/mnt/4TBP/Work/Arise2014/Video/DCIM/108D300S/DSC_2675.JPG bytes=550328 ms=17.1
NETWORK t= 57734.0ms dt=    8.0ms tid=ThreadId(684) materialize_start uri=nfs://DietPi.local/mnt/4TBP/Work/Arise2014/Video/DCIM/108D300S/DSC_2675.JPG
NETWORK t= 57734.0ms dt=    0.1ms tid=ThreadId(684) read_start uri=nfs://DietPi.local/mnt/4TBP/Work/Arise2014/Video/DCIM/108D300S/DSC_2675.JPG
NETWORK t= 57739.1ms dt=    5.0ms tid=ThreadId(685) nfs_helper_read_ok uri=nfs://DietPi.local/mnt/4TBP/Work/Arise2014/Video/DCIM/108D300S/DSC_2731.JPG bytes=632957
NETWORK t= 57739.1ms dt=    0.0ms tid=ThreadId(685) read_done uri=nfs://DietPi.local/mnt/4TBP/Work/Arise2014/Video/DCIM/108D300S/DSC_2731.JPG bytes=632957 ms=21.9
NETWORK t= 57747.1ms dt=    8.0ms tid=ThreadId(685) materialize_start uri=nfs://DietPi.local/mnt/4TBP/Work/Arise2014/Video/DCIM/108D300S/DSC_2731.JPG
NETWORK t= 57747.2ms dt=    0.1ms tid=ThreadId(685) read_start uri=nfs://DietPi.local/mnt/4TBP/Work/Arise2014/Video/DCIM/108D300S/DSC_2731.JPG
NETWORK t= 57751.4ms dt=    4.2ms tid=ThreadId(684) nfs_helper_read_ok uri=nfs://DietPi.local/mnt/4TBP/Work/Arise2014/Video/DCIM/108D300S/DSC_2675.JPG bytes=550328
NETWORK t= 57751.4ms dt=    0.0ms tid=ThreadId(684) read_done uri=nfs://DietPi.local/mnt/4TBP/Work/Arise2014/Video/DCIM/108D300S/DSC_2675.JPG bytes=550328 ms=17.3
NETWORK t= 57751.6ms dt=    0.2ms tid=ThreadId(684) materialize_done uri=nfs://DietPi.local/mnt/4TBP/Work/Arise2014/Video/DCIM/108D300S/DSC_2675.JPG path=/home/peet/.cache/picasa-rs/source/o/2f7cc718f66dbaacaa7c692c2b10ea331917436c66031b598ee543063f2c2ddd.JPG ms=17.6
NETWORK t= 57754.0ms dt=    2.4ms tid=ThreadId(684) materialize_start uri=nfs://DietPi.local/mnt/4TBP/Work/Arise2014/Video/DCIM/108D300S/DSC_2712.NEF
NETWORK t= 57754.0ms dt=    0.0ms tid=ThreadId(684) materialize_done uri=nfs://DietPi.local/mnt/4TBP/Work/Arise2014/Video/DCIM/108D300S/DSC_2712.NEF path=/home/peet/.cache/picasa-rs/source/u/f1fe21e3fd2b283f820ebead68fa21b9a2490cf5552854d51d68f807d815914b.NEF ms=0.0
NETWORK t= 57765.2ms dt=   11.2ms tid=ThreadId(685) nfs_helper_read_ok uri=nfs://DietPi.local/mnt/4TBP/Work/Arise2014/Video/DCIM/108D300S/DSC_2731.JPG bytes=632957
NETWORK t= 57765.3ms dt=    0.0ms tid=ThreadId(685) read_done uri=nfs://DietPi.local/mnt/4TBP/Work/Arise2014/Video/DCIM/108D300S/DSC_2731.JPG bytes=632957 ms=18.0
NETWORK t= 57765.5ms dt=    0.2ms tid=ThreadId(685) materialize_done uri=nfs://DietPi.local/mnt/4TBP/Work/Arise2014/Video/DCIM/108D300S/DSC_2731.JPG path=/home/peet/.cache/picasa-rs/source/v/292f400aaf58a9b4202d534d07b88a3c924f5b2bd4c07ae777d1ad4931884ffe.JPG ms=18.3
NETWORK t= 57768.1ms dt=    2.6ms tid=ThreadId(685) read_start uri=nfs://DietPi.local/mnt/4TBP/Work/Arise2014/Wallpapers-Karin.jpg
NETWORK t= 57787.8ms dt=   19.7ms tid=ThreadId(685) nfs_helper_read_ok uri=nfs://DietPi.local/mnt/4TBP/Work/Arise2014/Wallpapers-Karin.jpg bytes=127702
NETWORK t= 57787.8ms dt=    0.0ms tid=ThreadId(685) read_done uri=nfs://DietPi.local/mnt/4TBP/Work/Arise2014/Wallpapers-Karin.jpg bytes=127702 ms=19.7
NETWORK t= 57796.3ms dt=    8.5ms tid=ThreadId(685) materialize_start uri=nfs://DietPi.local/mnt/4TBP/Work/Arise2014/Wallpapers-Karin.jpg
NETWORK t= 57796.3ms dt=    0.1ms tid=ThreadId(685) read_start uri=nfs://DietPi.local/mnt/4TBP/Work/Arise2014/Wallpapers-Karin.jpg
NETWORK t= 57801.4ms dt=    5.1ms tid=ThreadId(685) nfs_helper_read_ok uri=nfs://DietPi.local/mnt/4TBP/Work/Arise2014/Wallpapers-Karin.jpg bytes=127702
NETWORK t= 57801.4ms dt=    0.0ms tid=ThreadId(685) read_done uri=nfs://DietPi.local/mnt/4TBP/Work/Arise2014/Wallpapers-Karin.jpg bytes=127702 ms=5.1
NETWORK t= 57801.6ms dt=    0.1ms tid=ThreadId(685) materialize_done uri=nfs://DietPi.local/mnt/4TBP/Work/Arise2014/Wallpapers-Karin.jpg path=/home/peet/.cache/picasa-rs/source/2/eada7a197b950feb19b087cfc481909d2f59d1bf676eae4a4a40b82b80ba3350.jpg ms=5.3
NETWORK t= 57803.6ms dt=    2.0ms tid=ThreadId(685) read_start uri=nfs://DietPi.local/mnt/4TBP/Work/Arise2014/Video/DCIM/108D300S/DSC_2671.JPG
NETWORK t= 57808.7ms dt=    5.1ms tid=ThreadId(684) materialize_start uri=nfs://DietPi.local/mnt/4TBP/Work/Arise2014/Video/DCIM/108D300S/DSC_2712.NEF
NETWORK t= 57808.8ms dt=    0.0ms tid=ThreadId(684) materialize_done uri=nfs://DietPi.local/mnt/4TBP/Work/Arise2014/Video/DCIM/108D300S/DSC_2712.NEF path=/home/peet/.cache/picasa-rs/source/u/f1fe21e3fd2b283f820ebead68fa21b9a2490cf5552854d51d68f807d815914b.NEF ms=0.0
NETWORK t= 57814.1ms dt=    5.3ms tid=ThreadId(685) nfs_helper_read_ok uri=nfs://DietPi.local/mnt/4TBP/Work/Arise2014/Video/DCIM/108D300S/DSC_2671.JPG bytes=420826
NETWORK t= 57814.1ms dt=    0.0ms tid=ThreadId(685) read_done uri=nfs://DietPi.local/mnt/4TBP/Work/Arise2014/Video/DCIM/108D300S/DSC_2671.JPG bytes=420826 ms=10.5
NETWORK t= 57820.7ms dt=    6.6ms tid=ThreadId(685) materialize_start uri=nfs://DietPi.local/mnt/4TBP/Work/Arise2014/Video/DCIM/108D300S/DSC_2671.JPG
NETWORK t= 57820.8ms dt=    0.1ms tid=ThreadId(685) read_start uri=nfs://DietPi.local/mnt/4TBP/Work/Arise2014/Video/DCIM/108D300S/DSC_2671.JPG
NETWORK t= 57831.4ms dt=   10.6ms tid=ThreadId(685) nfs_helper_read_ok uri=nfs://DietPi.local/mnt/4TBP/Work/Arise2014/Video/DCIM/108D300S/DSC_2671.JPG bytes=420826
NETWORK t= 57831.4ms dt=    0.0ms tid=ThreadId(685) read_done uri=nfs://DietPi.local/mnt/4TBP/Work/Arise2014/Video/DCIM/108D300S/DSC_2671.JPG bytes=420826 ms=10.6
NETWORK t= 57831.6ms dt=    0.2ms tid=ThreadId(685) materialize_done uri=nfs://DietPi.local/mnt/4TBP/Work/Arise2014/Video/DCIM/108D300S/DSC_2671.JPG path=/home/peet/.cache/picasa-rs/source/p/a069aec1fd1671893f2879c2a7aa8245f8bff183b5d16514a3b09af1304e831a.JPG ms=10.8
NETWORK t= 57834.5ms dt=    3.0ms tid=ThreadId(685) materialize_start uri=nfs://DietPi.local/mnt/4TBP/Work/Arise2014/Video/DCIM/108D300S/DSC_2724.NEF
NETWORK t= 57834.6ms dt=    0.0ms tid=ThreadId(685) materialize_done uri=nfs://DietPi.local/mnt/4TBP/Work/Arise2014/Video/DCIM/108D300S/DSC_2724.NEF path=/home/peet/.cache/picasa-rs/source/w/65a8854cea4ae4d26638437d02e26f43e84e23a4043533c0ff8977e7c54123b7.NEF ms=0.0
NETWORK t= 57896.6ms dt=   62.0ms tid=ThreadId(684) read_start uri=nfs://DietPi.local/mnt/4TBP/Work/Arise2014/Video/DCIM/108D300S/DSC_2721.JPG
NETWORK t= 57911.5ms dt=   14.9ms tid=ThreadId(684) nfs_helper_read_ok uri=nfs://DietPi.local/mnt/4TBP/Work/Arise2014/Video/DCIM/108D300S/DSC_2721.JPG bytes=660699
NETWORK t= 57911.5ms dt=    0.0ms tid=ThreadId(684) read_done uri=nfs://DietPi.local/mnt/4TBP/Work/Arise2014/Video/DCIM/108D300S/DSC_2721.JPG bytes=660699 ms=14.9
NETWORK t= 57915.0ms dt=    3.5ms tid=ThreadId(685) materialize_start uri=nfs://DietPi.local/mnt/4TBP/Work/Arise2014/Video/DCIM/108D300S/DSC_2724.NEF
NETWORK t= 57915.0ms dt=    0.0ms tid=ThreadId(685) materialize_done uri=nfs://DietPi.local/mnt/4TBP/Work/Arise2014/Video/DCIM/108D300S/DSC_2724.NEF path=/home/peet/.cache/picasa-rs/source/w/65a8854cea4ae4d26638437d02e26f43e84e23a4043533c0ff8977e7c54123b7.NEF ms=0.0
NETWORK t= 57920.0ms dt=    4.9ms tid=ThreadId(684) materialize_start uri=nfs://DietPi.local/mnt/4TBP/Work/Arise2014/Video/DCIM/108D300S/DSC_2721.JPG
NETWORK t= 57920.0ms dt=    0.1ms tid=ThreadId(684) read_start uri=nfs://DietPi.local/mnt/4TBP/Work/Arise2014/Video/DCIM/108D300S/DSC_2721.JPG
NETWORK t= 57936.0ms dt=   16.0ms tid=ThreadId(684) nfs_helper_read_ok uri=nfs://DietPi.local/mnt/4TBP/Work/Arise2014/Video/DCIM/108D300S/DSC_2721.JPG bytes=660699
NETWORK t= 57936.1ms dt=    0.0ms tid=ThreadId(684) read_done uri=nfs://DietPi.local/mnt/4TBP/Work/Arise2014/Video/DCIM/108D300S/DSC_2721.JPG bytes=660699 ms=16.0
NETWORK t= 57936.3ms dt=    0.2ms tid=ThreadId(684) materialize_done uri=nfs://DietPi.local/mnt/4TBP/Work/Arise2014/Video/DCIM/108D300S/DSC_2721.JPG path=/home/peet/.cache/picasa-rs/source/c/831cfabc57bc2750b20cfb5e68464b1cbb4d35aea964a9c9269965e24637fb41.JPG ms=16.3
NETWORK t= 57939.0ms dt=    2.7ms tid=ThreadId(684) materialize_start uri=nfs://DietPi.local/mnt/4TBP/Work/Arise2014/Video/DCIM/108D300S/DSC_2740.NEF
NETWORK t= 57939.0ms dt=    0.0ms tid=ThreadId(684) materialize_done uri=nfs://DietPi.local/mnt/4TBP/Work/Arise2014/Video/DCIM/108D300S/DSC_2740.NEF path=/home/peet/.cache/picasa-rs/source/k/4208af6d5fa7f124f55fad00e1b47547d1480a98a27e5c5d13d7010e9e3ef69f.NEF ms=0.0
NETWORK t= 57947.3ms dt=    8.3ms tid=ThreadId(685) materialize_start uri=nfs://DietPi.local/mnt/4TBP/Work/Arise2014/Video/DCIM/108D300S/DSC_2633.NEF
NETWORK t= 57947.4ms dt=    0.0ms tid=ThreadId(685) materialize_done uri=nfs://DietPi.local/mnt/4TBP/Work/Arise2014/Video/DCIM/108D300S/DSC_2633.NEF path=/home/peet/.cache/picasa-rs/source/9/e09db6d9c93dff6f5e8d30d8343a8bf546ecab24e8d128b336f3f86ab0e9faf4.NEF ms=0.0
NETWORK t= 58002.5ms dt=   55.1ms tid=ThreadId(684) materialize_start uri=nfs://DietPi.local/mnt/4TBP/Work/Arise2014/Video/DCIM/108D300S/DSC_2740.NEF
NETWORK t= 58002.6ms dt=    0.1ms tid=ThreadId(684) materialize_done uri=nfs://DietPi.local/mnt/4TBP/Work/Arise2014/Video/DCIM/108D300S/DSC_2740.NEF path=/home/peet/.cache/picasa-rs/source/k/4208af6d5fa7f124f55fad00e1b47547d1480a98a27e5c5d13d7010e9e3ef69f.NEF ms=0.0
NETWORK t= 58014.7ms dt=   12.2ms tid=ThreadId(684) read_start uri=nfs://DietPi.local/mnt/4TBP/Work/Arise2014/Video/DCIM/108D300S/DSC_2673.JPG
NETWORK t= 58020.5ms dt=    5.8ms tid=ThreadId(685) materialize_start uri=nfs://DietPi.local/mnt/4TBP/Work/Arise2014/Video/DCIM/108D300S/DSC_2633.NEF
NETWORK t= 58020.6ms dt=    0.0ms tid=ThreadId(685) materialize_done uri=nfs://DietPi.local/mnt/4TBP/Work/Arise2014/Video/DCIM/108D300S/DSC_2633.NEF path=/home/peet/.cache/picasa-rs/source/9/e09db6d9c93dff6f5e8d30d8343a8bf546ecab24e8d128b336f3f86ab0e9faf4.NEF ms=0.0
NETWORK t= 58025.7ms dt=    5.1ms tid=ThreadId(684) nfs_helper_read_ok uri=nfs://DietPi.local/mnt/4TBP/Work/Arise2014/Video/DCIM/108D300S/DSC_2673.JPG bytes=411674
NETWORK t= 58025.7ms dt=    0.0ms tid=ThreadId(684) read_done uri=nfs://DietPi.local/mnt/4TBP/Work/Arise2014/Video/DCIM/108D300S/DSC_2673.JPG bytes=411674 ms=11.0
NETWORK t= 58032.2ms dt=    6.5ms tid=ThreadId(684) materialize_start uri=nfs://DietPi.local/mnt/4TBP/Work/Arise2014/Video/DCIM/108D300S/DSC_2673.JPG
NETWORK t= 58032.3ms dt=    0.1ms tid=ThreadId(684) read_start uri=nfs://DietPi.local/mnt/4TBP/Work/Arise2014/Video/DCIM/108D300S/DSC_2673.JPG
NETWORK t= 58042.8ms dt=   10.5ms tid=ThreadId(684) nfs_helper_read_ok uri=nfs://DietPi.local/mnt/4TBP/Work/Arise2014/Video/DCIM/108D300S/DSC_2673.JPG bytes=411674
NETWORK t= 58042.8ms dt=    0.0ms tid=ThreadId(684) read_done uri=nfs://DietPi.local/mnt/4TBP/Work/Arise2014/Video/DCIM/108D300S/DSC_2673.JPG bytes=411674 ms=10.5
NETWORK t= 58042.9ms dt=    0.2ms tid=ThreadId(684) materialize_done uri=nfs://DietPi.local/mnt/4TBP/Work/Arise2014/Video/DCIM/108D300S/DSC_2673.JPG path=/home/peet/.cache/picasa-rs/source/m/f23e4d2c44ae837a258ca87e821495d13981d50931a299e28f087a24f9cec49e.JPG ms=10.7
NETWORK t= 58046.5ms dt=    3.5ms tid=ThreadId(684) materialize_start uri=nfs://DietPi.local/mnt/4TBP/Work/Arise2014/Video/DCIM/108D300S/DSC_2723.NEF
NETWORK t= 58046.5ms dt=    0.0ms tid=ThreadId(684) materialize_done uri=nfs://DietPi.local/mnt/4TBP/Work/Arise2014/Video/DCIM/108D300S/DSC_2723.NEF path=/home/peet/.cache/picasa-rs/source/2/db622ab7be8c146b5f55b23fee62cfc08fb94e84ae53dcd9fc05699514ca4097.NEF ms=0.0
NETWORK t= 58052.6ms dt=    6.1ms tid=ThreadId(685) read_start uri=nfs://DietPi.local/mnt/4TBP/Work/Arise2014/054251e38132b91fbe749759f9a62949.jpg
NETWORK t= 58068.8ms dt=   16.2ms tid=ThreadId(685) nfs_helper_read_ok uri=nfs://DietPi.local/mnt/4TBP/Work/Arise2014/054251e38132b91fbe749759f9a62949.jpg bytes=9502
NETWORK t= 58068.8ms dt=    0.0ms tid=ThreadId(685) read_done uri=nfs://DietPi.local/mnt/4TBP/Work/Arise2014/054251e38132b91fbe749759f9a62949.jpg bytes=9502 ms=16.2
NETWORK t= 58072.2ms dt=    3.4ms tid=ThreadId(685) materialize_start uri=nfs://DietPi.local/mnt/4TBP/Work/Arise2014/054251e38132b91fbe749759f9a62949.jpg
NETWORK t= 58072.3ms dt=    0.1ms tid=ThreadId(685) read_start uri=nfs://DietPi.local/mnt/4TBP/Work/Arise2014/054251e38132b91fbe749759f9a62949.jpg
NETWORK t= 58075.9ms dt=    3.7ms tid=ThreadId(685) nfs_helper_read_ok uri=nfs://DietPi.local/mnt/4TBP/Work/Arise2014/054251e38132b91fbe749759f9a62949.jpg bytes=9502
NETWORK t= 58076.0ms dt=    0.0ms tid=ThreadId(685) read_done uri=nfs://DietPi.local/mnt/4TBP/Work/Arise2014/054251e38132b91fbe749759f9a62949.jpg bytes=9502 ms=3.7
NETWORK t= 58076.1ms dt=    0.1ms tid=ThreadId(685) materialize_done uri=nfs://DietPi.local/mnt/4TBP/Work/Arise2014/054251e38132b91fbe749759f9a62949.jpg path=/home/peet/.cache/picasa-rs/source/1/a711d812b6c3f8b7c1f7969bd5798b2d119e1f12eb39fa593f8a05ac62b1a30a.jpg ms=3.9
NETWORK t= 58079.2ms dt=    3.2ms tid=ThreadId(685) read_start uri=nfs://DietPi.local/mnt/4TBP/Work/Arise2014/Video/Trailer/DSC_3168.JPG
NETWORK t= 58103.4ms dt=   24.1ms tid=ThreadId(685) nfs_helper_read_ok uri=nfs://DietPi.local/mnt/4TBP/Work/Arise2014/Video/Trailer/DSC_3168.JPG bytes=1170239
NETWORK t= 58103.4ms dt=    0.0ms tid=ThreadId(685) read_done uri=nfs://DietPi.local/mnt/4TBP/Work/Arise2014/Video/Trailer/DSC_3168.JPG bytes=1170239 ms=24.1
NETWORK t= 58109.1ms dt=    5.7ms tid=ThreadId(684) materialize_start uri=nfs://DietPi.local/mnt/4TBP/Work/Arise2014/Video/DCIM/108D300S/DSC_2723.NEF
NETWORK t= 58109.1ms dt=    0.0ms tid=ThreadId(684) materialize_done uri=nfs://DietPi.local/mnt/4TBP/Work/Arise2014/Video/DCIM/108D300S/DSC_2723.NEF path=/home/peet/.cache/picasa-rs/source/2/db622ab7be8c146b5f55b23fee62cfc08fb94e84ae53dcd9fc05699514ca4097.NEF ms=0.0
NETWORK t= 58115.6ms dt=    6.5ms tid=ThreadId(685) materialize_start uri=nfs://DietPi.local/mnt/4TBP/Work/Arise2014/Video/Trailer/DSC_3168.JPG
NETWORK t= 58115.7ms dt=    0.1ms tid=ThreadId(685) read_start uri=nfs://DietPi.local/mnt/4TBP/Work/Arise2014/Video/Trailer/DSC_3168.JPG
NETWORK t= 58120.3ms dt=    4.6ms tid=ThreadId(684) read_start uri=nfs://DietPi.local/mnt/4TBP/Work/Arise2014/Video/Trailer/DSC_3193.JPG
NETWORK t= 58139.9ms dt=   19.6ms tid=ThreadId(685) nfs_helper_read_ok uri=nfs://DietPi.local/mnt/4TBP/Work/Arise2014/Video/Trailer/DSC_3168.JPG bytes=1170239
NETWORK t= 58139.9ms dt=    0.0ms tid=ThreadId(685) read_done uri=nfs://DietPi.local/mnt/4TBP/Work/Arise2014/Video/Trailer/DSC_3168.JPG bytes=1170239 ms=24.2
NETWORK t= 58140.1ms dt=    0.2ms tid=ThreadId(685) materialize_done uri=nfs://DietPi.local/mnt/4TBP/Work/Arise2014/Video/Trailer/DSC_3168.JPG path=/home/peet/.cache/picasa-rs/source/f/c897f83bf831da5a35a82d99a160aad67ae22cbef69475cbfc4c04fe37757412.JPG ms=24.5
NETWORK t= 58142.7ms dt=    2.6ms tid=ThreadId(685) read_start uri=nfs://DietPi.local/mnt/4TBP/Work/Arise2014/Video/Trailer/DSC_3208.JPG
NETWORK t= 58158.3ms dt=   15.5ms tid=ThreadId(684) nfs_helper_read_ok uri=nfs://DietPi.local/mnt/4TBP/Work/Arise2014/Video/Trailer/DSC_3193.JPG bytes=910204
NETWORK t= 58158.3ms dt=    0.0ms tid=ThreadId(684) read_done uri=nfs://DietPi.local/mnt/4TBP/Work/Arise2014/Video/Trailer/DSC_3193.JPG bytes=910204 ms=38.0
NETWORK t= 58167.6ms dt=    9.3ms tid=ThreadId(684) materialize_start uri=nfs://DietPi.local/mnt/4TBP/Work/Arise2014/Video/Trailer/DSC_3193.JPG
NETWORK t= 58167.6ms dt=    0.1ms tid=ThreadId(684) read_start uri=nfs://DietPi.local/mnt/4TBP/Work/Arise2014/Video/Trailer/DSC_3193.JPG
NETWORK t= 58180.6ms dt=   12.9ms tid=ThreadId(685) nfs_helper_read_ok uri=nfs://DietPi.local/mnt/4TBP/Work/Arise2014/Video/Trailer/DSC_3208.JPG bytes=1079658
NETWORK t= 58180.6ms dt=    0.0ms tid=ThreadId(685) read_done uri=nfs://DietPi.local/mnt/4TBP/Work/Arise2014/Video/Trailer/DSC_3208.JPG bytes=1079658 ms=37.8
NETWORK t= 58190.6ms dt=   10.0ms tid=ThreadId(685) materialize_start uri=nfs://DietPi.local/mnt/4TBP/Work/Arise2014/Video/Trailer/DSC_3208.JPG
NETWORK t= 58190.6ms dt=    0.1ms tid=ThreadId(685) read_start uri=nfs://DietPi.local/mnt/4TBP/Work/Arise2014/Video/Trailer/DSC_3208.JPG
NETWORK t= 58199.7ms dt=    9.1ms tid=ThreadId(684) nfs_helper_read_ok uri=nfs://DietPi.local/mnt/4TBP/Work/Arise2014/Video/Trailer/DSC_3193.JPG bytes=910204
NETWORK t= 58199.7ms dt=    0.0ms tid=ThreadId(684) read_done uri=nfs://DietPi.local/mnt/4TBP/Work/Arise2014/Video/Trailer/DSC_3193.JPG bytes=910204 ms=32.1
NETWORK t= 58199.9ms dt=    0.2ms tid=ThreadId(684) materialize_done uri=nfs://DietPi.local/mnt/4TBP/Work/Arise2014/Video/Trailer/DSC_3193.JPG path=/home/peet/.cache/picasa-rs/source/6/aabe5844025f65624dcaa6d8cc90b800b5efd167d4752a04683a1dd965001191.JPG ms=32.3
NETWORK t= 58202.4ms dt=    2.4ms tid=ThreadId(684) read_start uri=nfs://DietPi.local/mnt/4TBP/Work/Arise2014/Video/Trailer/DSC_3206.JPG
NETWORK t= 58205.5ms dt=    3.1ms tid=main decode_start uri=nfs://DietPi.local/mnt/4TBP/Work/Arise2014/Video/DCIM/108D300S/DSC_2675.NEF op=9
NETWORK t= 58205.6ms dt=    0.1ms tid=lightbox-decode materialize_start uri=nfs://DietPi.local/mnt/4TBP/Work/Arise2014/Video/DCIM/108D300S/DSC_2675.NEF
NETWORK t= 58205.6ms dt=    0.0ms tid=lightbox-decode materialize_done uri=nfs://DietPi.local/mnt/4TBP/Work/Arise2014/Video/DCIM/108D300S/DSC_2675.NEF path=/home/peet/.cache/picasa-rs/source/k/4ac0728a9a063ebfd28e40d77c130c704198c2e2b208ddde30f64fd5c12f3bcc.NEF ms=0.0
NETWORK t= 58205.7ms dt=    0.0ms tid=lightbox-decode materialize_start uri=nfs://DietPi.local/mnt/4TBP/Work/Arise2014/Video/DCIM/108D300S/DSC_2675.NEF
NETWORK t= 58205.7ms dt=    0.0ms tid=lightbox-decode materialize_done uri=nfs://DietPi.local/mnt/4TBP/Work/Arise2014/Video/DCIM/108D300S/DSC_2675.NEF path=/home/peet/.cache/picasa-rs/source/k/4ac0728a9a063ebfd28e40d77c130c704198c2e2b208ddde30f64fd5c12f3bcc.NEF ms=0.0
NETWORK t= 58221.9ms dt=   16.2ms tid=ThreadId(685) nfs_helper_read_ok uri=nfs://DietPi.local/mnt/4TBP/Work/Arise2014/Video/Trailer/DSC_3208.JPG bytes=1079658
NETWORK t= 58221.9ms dt=    0.0ms tid=ThreadId(685) read_done uri=nfs://DietPi.local/mnt/4TBP/Work/Arise2014/Video/Trailer/DSC_3208.JPG bytes=1079658 ms=31.2
NETWORK t= 58222.2ms dt=    0.3ms tid=ThreadId(685) materialize_done uri=nfs://DietPi.local/mnt/4TBP/Work/Arise2014/Video/Trailer/DSC_3208.JPG path=/home/peet/.cache/picasa-rs/source/l/fba95a255d9ecc3cdd3c185aa58678c0b784d5423d35a93f039935d62decccf0.JPG ms=31.6
NETWORK t= 58224.9ms dt=    2.7ms tid=ThreadId(685) read_start uri=nfs://DietPi.local/mnt/4TBP/Work/Arise2014/Video/Trailer/DSC_3187.JPG
NETWORK t= 58243.3ms dt=   18.4ms tid=ThreadId(684) nfs_helper_read_ok uri=nfs://DietPi.local/mnt/4TBP/Work/Arise2014/Video/Trailer/DSC_3206.JPG bytes=1056466
NETWORK t= 58243.3ms dt=    0.0ms tid=ThreadId(684) read_done uri=nfs://DietPi.local/mnt/4TBP/Work/Arise2014/Video/Trailer/DSC_3206.JPG bytes=1056466 ms=40.9
NETWORK t= 58253.8ms dt=   10.5ms tid=ThreadId(684) materialize_start uri=nfs://DietPi.local/mnt/4TBP/Work/Arise2014/Video/Trailer/DSC_3206.JPG
NETWORK t= 58253.8ms dt=    0.1ms tid=ThreadId(684) read_start uri=nfs://DietPi.local/mnt/4TBP/Work/Arise2014/Video/Trailer/DSC_3206.JPG
NETWORK t= 58263.2ms dt=    9.4ms tid=ThreadId(685) nfs_helper_read_ok uri=nfs://DietPi.local/mnt/4TBP/Work/Arise2014/Video/Trailer/DSC_3187.JPG bytes=972827
NETWORK t= 58263.2ms dt=    0.0ms tid=ThreadId(685) read_done uri=nfs://DietPi.local/mnt/4TBP/Work/Arise2014/Video/Trailer/DSC_3187.JPG bytes=972827 ms=38.3
NETWORK t= 58269.6ms dt=    6.3ms tid=main decode_done uri=nfs://DietPi.local/mnt/4TBP/Work/Arise2014/Video/DCIM/108D300S/DSC_2675.NEF w=1102 h=732 ms=64.1 op=9
NETWORK t= 58273.7ms dt=    4.1ms tid=ThreadId(685) materialize_start uri=nfs://DietPi.local/mnt/4TBP/Work/Arise2014/Video/Trailer/DSC_3187.JPG
NETWORK t= 58273.8ms dt=    0.1ms tid=ThreadId(685) read_start uri=nfs://DietPi.local/mnt/4TBP/Work/Arise2014/Video/Trailer/DSC_3187.JPG
NETWORK t= 58285.4ms dt=   11.7ms tid=main decode_start uri=nfs://DietPi.local/mnt/4TBP/Work/Arise2014/Video/DCIM/108D300S/DSC_2665.NEF op=9
NETWORK t= 58285.5ms dt=    0.1ms tid=lightbox-decode materialize_start uri=nfs://DietPi.local/mnt/4TBP/Work/Arise2014/Video/DCIM/108D300S/DSC_2665.NEF
NETWORK t= 58285.5ms dt=    0.0ms tid=lightbox-decode materialize_done uri=nfs://DietPi.local/mnt/4TBP/Work/Arise2014/Video/DCIM/108D300S/DSC_2665.NEF path=/home/peet/.cache/picasa-rs/source/z/c8abda8d97aa6a9cd757c1acf6c7d1ceff2d56b03d9abed55adc65e22cf23dd0.NEF ms=0.0
NETWORK t= 58285.5ms dt=    0.0ms tid=lightbox-decode materialize_start uri=nfs://DietPi.local/mnt/4TBP/Work/Arise2014/Video/DCIM/108D300S/DSC_2665.NEF
NETWORK t= 58285.6ms dt=    0.1ms tid=lightbox-decode materialize_done uri=nfs://DietPi.local/mnt/4TBP/Work/Arise2014/Video/DCIM/108D300S/DSC_2665.NEF path=/home/peet/.cache/picasa-rs/source/z/c8abda8d97aa6a9cd757c1acf6c7d1ceff2d56b03d9abed55adc65e22cf23dd0.NEF ms=0.1
NETWORK t= 58287.1ms dt=    1.5ms tid=ThreadId(684) nfs_helper_read_ok uri=nfs://DietPi.local/mnt/4TBP/Work/Arise2014/Video/Trailer/DSC_3206.JPG bytes=1056466
NETWORK t= 58287.1ms dt=    0.0ms tid=ThreadId(684) read_done uri=nfs://DietPi.local/mnt/4TBP/Work/Arise2014/Video/Trailer/DSC_3206.JPG bytes=1056466 ms=33.3
NETWORK t= 58287.4ms dt=    0.3ms tid=ThreadId(684) materialize_done uri=nfs://DietPi.local/mnt/4TBP/Work/Arise2014/Video/Trailer/DSC_3206.JPG path=/home/peet/.cache/picasa-rs/source/c/0a2c5893ea26eac063b2b4b8c6ec54b6499c6a0c04bd8b9fc8c725bb6d34719d.JPG ms=33.6
NETWORK t= 58290.1ms dt=    2.7ms tid=ThreadId(684) read_start uri=nfs://DietPi.local/mnt/4TBP/Work/Arise2014/Video/Trailer/DSC_3166.JPG
NETWORK t= 58306.5ms dt=   16.4ms tid=ThreadId(685) nfs_helper_read_ok uri=nfs://DietPi.local/mnt/4TBP/Work/Arise2014/Video/Trailer/DSC_3187.JPG bytes=972827
NETWORK t= 58306.5ms dt=    0.0ms tid=ThreadId(685) read_done uri=nfs://DietPi.local/mnt/4TBP/Work/Arise2014/Video/Trailer/DSC_3187.JPG bytes=972827 ms=32.7
NETWORK t= 58306.7ms dt=    0.3ms tid=ThreadId(685) materialize_done uri=nfs://DietPi.local/mnt/4TBP/Work/Arise2014/Video/Trailer/DSC_3187.JPG path=/home/peet/.cache/picasa-rs/source/z/6323bed49fcbd86eab110d7a9636d5c882c814c06001d121b009d27f1696131b.JPG ms=33.0
NETWORK t= 58310.4ms dt=    3.7ms tid=ThreadId(685) read_start uri=nfs://DietPi.local/mnt/4TBP/Work/Arise2014/Video/Trailer/DSC_3190.JPG
NETWORK t= 58325.4ms dt=   15.0ms tid=ThreadId(684) nfs_helper_read_ok uri=nfs://DietPi.local/mnt/4TBP/Work/Arise2014/Video/Trailer/DSC_3166.JPG bytes=869046
NETWORK t= 58325.4ms dt=    0.0ms tid=ThreadId(684) read_done uri=nfs://DietPi.local/mnt/4TBP/Work/Arise2014/Video/Trailer/DSC_3166.JPG bytes=869046 ms=35.3
NETWORK t= 58329.4ms dt=    4.0ms tid=main decode_done uri=nfs://DietPi.local/mnt/4TBP/Work/Arise2014/Video/DCIM/108D300S/DSC_2665.NEF w=1102 h=732 ms=44.0 op=9
NETWORK t= 58335.6ms dt=    6.2ms tid=ThreadId(684) materialize_start uri=nfs://DietPi.local/mnt/4TBP/Work/Arise2014/Video/Trailer/DSC_3166.JPG
NETWORK t= 58335.7ms dt=    0.1ms tid=ThreadId(684) read_start uri=nfs://DietPi.local/mnt/4TBP/Work/Arise2014/Video/Trailer/DSC_3166.JPG
NETWORK t= 58349.4ms dt=   13.7ms tid=ThreadId(685) nfs_helper_read_ok uri=nfs://DietPi.local/mnt/4TBP/Work/Arise2014/Video/Trailer/DSC_3190.JPG bytes=1030139
NETWORK t= 58349.4ms dt=    0.0ms tid=ThreadId(685) read_done uri=nfs://DietPi.local/mnt/4TBP/Work/Arise2014/Video/Trailer/DSC_3190.JPG bytes=1030139 ms=39.0
NETWORK t= 58359.8ms dt=   10.4ms tid=ThreadId(685) materialize_start uri=nfs://DietPi.local/mnt/4TBP/Work/Arise2014/Video/Trailer/DSC_3190.JPG
NETWORK t= 58359.8ms dt=    0.1ms tid=ThreadId(685) read_start uri=nfs://DietPi.local/mnt/4TBP/Work/Arise2014/Video/Trailer/DSC_3190.JPG
NETWORK t= 58367.5ms dt=    7.7ms tid=ThreadId(684) nfs_helper_read_ok uri=nfs://DietPi.local/mnt/4TBP/Work/Arise2014/Video/Trailer/DSC_3166.JPG bytes=869046
NETWORK t= 58367.5ms dt=    0.0ms tid=ThreadId(684) read_done uri=nfs://DietPi.local/mnt/4TBP/Work/Arise2014/Video/Trailer/DSC_3166.JPG bytes=869046 ms=31.9
NETWORK t= 58367.8ms dt=    0.3ms tid=ThreadId(684) materialize_done uri=nfs://DietPi.local/mnt/4TBP/Work/Arise2014/Video/Trailer/DSC_3166.JPG path=/home/peet/.cache/picasa-rs/source/7/edd32066c05ee2b02e36af75eb959ad681d946d33c8e0874eb538ccf16599b23.JPG ms=32.2
NETWORK t= 58370.5ms dt=    2.7ms tid=ThreadId(684) read_start uri=nfs://DietPi.local/mnt/4TBP/Work/Arise2014/Arise-Logo45.jpg
NETWORK t= 58388.9ms dt=   18.4ms tid=ThreadId(685) nfs_helper_read_ok uri=nfs://DietPi.local/mnt/4TBP/Work/Arise2014/Video/Trailer/DSC_3190.JPG bytes=1030139
NETWORK t= 58388.9ms dt=    0.0ms tid=ThreadId(685) read_done uri=nfs://DietPi.local/mnt/4TBP/Work/Arise2014/Video/Trailer/DSC_3190.JPG bytes=1030139 ms=29.0
NETWORK t= 58389.1ms dt=    0.2ms tid=ThreadId(685) materialize_done uri=nfs://DietPi.local/mnt/4TBP/Work/Arise2014/Video/Trailer/DSC_3190.JPG path=/home/peet/.cache/picasa-rs/source/n/b417028b0813cce24d6b1a9bc1042c56ed5ece3a073cb66894abeddeabd4a8ac.JPG ms=29.3
NETWORK t= 58391.7ms dt=    2.6ms tid=ThreadId(685) read_start uri=nfs://DietPi.local/mnt/4TBP/Work/Arise2014/Video/Trailer/DSC_3230.JPG
NETWORK t= 58408.3ms dt=   16.6ms tid=ThreadId(684) nfs_helper_read_ok uri=nfs://DietPi.local/mnt/4TBP/Work/Arise2014/Arise-Logo45.jpg bytes=176884
NETWORK t= 58408.3ms dt=    0.0ms tid=ThreadId(684) read_done uri=nfs://DietPi.local/mnt/4TBP/Work/Arise2014/Arise-Logo45.jpg bytes=176884 ms=37.8
NETWORK t= 58418.9ms dt=   10.6ms tid=ThreadId(684) materialize_start uri=nfs://DietPi.local/mnt/4TBP/Work/Arise2014/Arise-Logo45.jpg
NETWORK t= 58418.9ms dt=    0.1ms tid=ThreadId(684) read_start uri=nfs://DietPi.local/mnt/4TBP/Work/Arise2014/Arise-Logo45.jpg
NETWORK t= 58433.6ms dt=   14.6ms tid=ThreadId(685) nfs_helper_read_ok uri=nfs://DietPi.local/mnt/4TBP/Work/Arise2014/Video/Trailer/DSC_3230.JPG bytes=1235561
NETWORK t= 58433.6ms dt=    0.0ms tid=ThreadId(685) read_done uri=nfs://DietPi.local/mnt/4TBP/Work/Arise2014/Video/Trailer/DSC_3230.JPG bytes=1235561 ms=41.9
NETWORK t= 58439.1ms dt=    5.6ms tid=ThreadId(684) nfs_helper_read_ok uri=nfs://DietPi.local/mnt/4TBP/Work/Arise2014/Arise-Logo45.jpg bytes=176884
NETWORK t= 58439.2ms dt=    0.0ms tid=ThreadId(684) read_done uri=nfs://DietPi.local/mnt/4TBP/Work/Arise2014/Arise-Logo45.jpg bytes=176884 ms=20.2
NETWORK t= 58439.3ms dt=    0.1ms tid=ThreadId(684) materialize_done uri=nfs://DietPi.local/mnt/4TBP/Work/Arise2014/Arise-Logo45.jpg path=/home/peet/.cache/picasa-rs/source/y/7cba5b8713167dbed67877c1ec2f9072e46289b0b7a311d95ea59459b9674392.jpg ms=20.4
NETWORK t= 58442.0ms dt=    2.7ms tid=ThreadId(684) read_start uri=nfs://DietPi.local/mnt/4TBP/Work/Arise2014/Video/Trailer/DSC_3207.JPG
NETWORK t= 58445.6ms dt=    3.6ms tid=ThreadId(685) materialize_start uri=nfs://DietPi.local/mnt/4TBP/Work/Arise2014/Video/Trailer/DSC_3230.JPG
NETWORK t= 58445.6ms dt=    0.1ms tid=ThreadId(685) read_start uri=nfs://DietPi.local/mnt/4TBP/Work/Arise2014/Video/Trailer/DSC_3230.JPG
NETWORK t= 58466.3ms dt=   20.6ms tid=ThreadId(684) nfs_helper_read_ok uri=nfs://DietPi.local/mnt/4TBP/Work/Arise2014/Video/Trailer/DSC_3207.JPG bytes=1177437
NETWORK t= 58466.3ms dt=    0.0ms tid=ThreadId(684) read_done uri=nfs://DietPi.local/mnt/4TBP/Work/Arise2014/Video/Trailer/DSC_3207.JPG bytes=1177437 ms=24.3
NETWORK t= 58476.7ms dt=   10.4ms tid=ThreadId(684) materialize_start uri=nfs://DietPi.local/mnt/4TBP/Work/Arise2014/Video/Trailer/DSC_3207.JPG
NETWORK t= 58476.7ms dt=    0.0ms tid=ThreadId(684) read_start uri=nfs://DietPi.local/mnt/4TBP/Work/Arise2014/Video/Trailer/DSC_3207.JPG
NETWORK t= 58490.3ms dt=   13.5ms tid=ThreadId(685) nfs_helper_read_ok uri=nfs://DietPi.local/mnt/4TBP/Work/Arise2014/Video/Trailer/DSC_3230.JPG bytes=1235561
NETWORK t= 58490.3ms dt=    0.0ms tid=ThreadId(685) read_done uri=nfs://DietPi.local/mnt/4TBP/Work/Arise2014/Video/Trailer/DSC_3230.JPG bytes=1235561 ms=44.6
NETWORK t= 58490.6ms dt=    0.4ms tid=ThreadId(685) materialize_done uri=nfs://DietPi.local/mnt/4TBP/Work/Arise2014/Video/Trailer/DSC_3230.JPG path=/home/peet/.cache/picasa-rs/source/u/cefa9e068a0b917d381697a43c8538eb23e01ab04438eb7874c37236c9c18c0d.JPG ms=45.0
NETWORK t= 58493.5ms dt=    2.9ms tid=ThreadId(685) read_start uri=nfs://DietPi.local/mnt/4TBP/Work/Arise2014/Video/Trailer/DSC_3213.JPG
NETWORK t= 58513.9ms dt=   20.3ms tid=ThreadId(684) nfs_helper_read_ok uri=nfs://DietPi.local/mnt/4TBP/Work/Arise2014/Video/Trailer/DSC_3207.JPG bytes=1177437
NETWORK t= 58513.9ms dt=    0.0ms tid=ThreadId(684) read_done uri=nfs://DietPi.local/mnt/4TBP/Work/Arise2014/Video/Trailer/DSC_3207.JPG bytes=1177437 ms=37.2
NETWORK t= 58514.1ms dt=    0.2ms tid=ThreadId(684) materialize_done uri=nfs://DietPi.local/mnt/4TBP/Work/Arise2014/Video/Trailer/DSC_3207.JPG path=/home/peet/.cache/picasa-rs/source/z/9d371b49a12a60c75ac4b2aaf619e86c2d4b2b167e8c7daa9c83a9380439ee88.JPG ms=37.4
NETWORK t= 58516.7ms dt=    2.6ms tid=ThreadId(684) read_start uri=nfs://DietPi.local/mnt/4TBP/Work/Arise2014/Video/Trailer/DSC_3204.JPG
NETWORK t= 58535.5ms dt=   18.8ms tid=lightbox-prefetch materialize_start uri=nfs://DietPi.local/mnt/4TBP/Work/Arise2014/Video/DCIM/108D300S/DSC_2669.JPG
NETWORK t= 58535.6ms dt=    0.0ms tid=lightbox-prefetch materialize_done uri=nfs://DietPi.local/mnt/4TBP/Work/Arise2014/Video/DCIM/108D300S/DSC_2669.JPG path=/home/peet/.cache/picasa-rs/source/7/349fe9a9eb7cdc92a9f011ec899e2d8d25678f18f5a9240266bef621e54fb5d1.JPG ms=0.0
NETWORK t= 58535.6ms dt=    0.0ms tid=lightbox-prefetch materialize_start uri=nfs://DietPi.local/mnt/4TBP/Work/Arise2014/Video/DCIM/108D300S/DSC_2669.JPG
NETWORK t= 58535.6ms dt=    0.0ms tid=lightbox-prefetch materialize_done uri=nfs://DietPi.local/mnt/4TBP/Work/Arise2014/Video/DCIM/108D300S/DSC_2669.JPG path=/home/peet/.cache/picasa-rs/source/7/349fe9a9eb7cdc92a9f011ec899e2d8d25678f18f5a9240266bef621e54fb5d1.JPG ms=0.0
NETWORK t= 58537.1ms dt=    1.5ms tid=ThreadId(685) nfs_helper_read_ok uri=nfs://DietPi.local/mnt/4TBP/Work/Arise2014/Video/Trailer/DSC_3213.JPG bytes=1175870
NETWORK t= 58537.2ms dt=    0.0ms tid=ThreadId(685) read_done uri=nfs://DietPi.local/mnt/4TBP/Work/Arise2014/Video/Trailer/DSC_3213.JPG bytes=1175870 ms=43.6
NETWORK t= 58548.6ms dt=   11.5ms tid=ThreadId(685) materialize_start uri=nfs://DietPi.local/mnt/4TBP/Work/Arise2014/Video/Trailer/DSC_3213.JPG
NETWORK t= 58548.7ms dt=    0.1ms tid=ThreadId(685) read_start uri=nfs://DietPi.local/mnt/4TBP/Work/Arise2014/Video/Trailer/DSC_3213.JPG
NETWORK t= 58572.5ms dt=   23.9ms tid=ThreadId(684) nfs_helper_read_ok uri=nfs://DietPi.local/mnt/4TBP/Work/Arise2014/Video/Trailer/DSC_3204.JPG bytes=1189791
NETWORK t= 58572.6ms dt=    0.0ms tid=ThreadId(684) read_done uri=nfs://DietPi.local/mnt/4TBP/Work/Arise2014/Video/Trailer/DSC_3204.JPG bytes=1189791 ms=55.8
NETWORK t= 58583.8ms dt=   11.3ms tid=ThreadId(684) materialize_start uri=nfs://DietPi.local/mnt/4TBP/Work/Arise2014/Video/Trailer/DSC_3204.JPG
NETWORK t= 58583.9ms dt=    0.1ms tid=ThreadId(684) read_start uri=nfs://DietPi.local/mnt/4TBP/Work/Arise2014/Video/Trailer/DSC_3204.JPG
NETWORK t= 58596.1ms dt=   12.2ms tid=ThreadId(685) nfs_helper_read_ok uri=nfs://DietPi.local/mnt/4TBP/Work/Arise2014/Video/Trailer/DSC_3213.JPG bytes=1175870
NETWORK t= 58596.1ms dt=    0.0ms tid=ThreadId(685) read_done uri=nfs://DietPi.local/mnt/4TBP/Work/Arise2014/Video/Trailer/DSC_3213.JPG bytes=1175870 ms=47.4
NETWORK t= 58596.4ms dt=    0.3ms tid=ThreadId(685) materialize_done uri=nfs://DietPi.local/mnt/4TBP/Work/Arise2014/Video/Trailer/DSC_3213.JPG path=/home/peet/.cache/picasa-rs/source/e/cad6c3fe8f0c2274539064db0a041aeed51acdf909cff75fe22aefeba4b08c2f.JPG ms=47.7
NETWORK t= 58598.8ms dt=    2.4ms tid=ThreadId(685) read_start uri=nfs://DietPi.local/mnt/4TBP/Work/Arise2014/Video/Trailer/DSC_3212.JPG
NETWORK t= 58619.8ms dt=   21.0ms tid=ThreadId(684) nfs_helper_read_ok uri=nfs://DietPi.local/mnt/4TBP/Work/Arise2014/Video/Trailer/DSC_3204.JPG bytes=1189791
NETWORK t= 58619.8ms dt=    0.0ms tid=ThreadId(684) read_done uri=nfs://DietPi.local/mnt/4TBP/Work/Arise2014/Video/Trailer/DSC_3204.JPG bytes=1189791 ms=35.9
NETWORK t= 58620.0ms dt=    0.2ms tid=ThreadId(684) materialize_done uri=nfs://DietPi.local/mnt/4TBP/Work/Arise2014/Video/Trailer/DSC_3204.JPG path=/home/peet/.cache/picasa-rs/source/d/0b4de6af64a8caca6e4bb29fc43873329e43d903ca50ea460af94071567e646b.JPG ms=36.2
NETWORK t= 58622.5ms dt=    2.5ms tid=ThreadId(684) read_start uri=nfs://DietPi.local/mnt/4TBP/Work/Arise2014/Video/Trailer/DSC_3225.JPG
NETWORK t= 58635.1ms dt=   12.5ms tid=ThreadId(685) nfs_helper_read_ok uri=nfs://DietPi.local/mnt/4TBP/Work/Arise2014/Video/Trailer/DSC_3212.JPG bytes=714240
NETWORK t= 58635.1ms dt=    0.0ms tid=ThreadId(685) read_done uri=nfs://DietPi.local/mnt/4TBP/Work/Arise2014/Video/Trailer/DSC_3212.JPG bytes=714240 ms=36.3
NETWORK t= 58642.5ms dt=    7.4ms tid=ThreadId(685) materialize_start uri=nfs://DietPi.local/mnt/4TBP/Work/Arise2014/Video/Trailer/DSC_3212.JPG
NETWORK t= 58642.5ms dt=    0.1ms tid=ThreadId(685) read_start uri=nfs://DietPi.local/mnt/4TBP/Work/Arise2014/Video/Trailer/DSC_3212.JPG
NETWORK t= 58662.0ms dt=   19.5ms tid=ThreadId(684) nfs_helper_read_ok uri=nfs://DietPi.local/mnt/4TBP/Work/Arise2014/Video/Trailer/DSC_3225.JPG bytes=1283537
NETWORK t= 58662.0ms dt=    0.0ms tid=ThreadId(684) read_done uri=nfs://DietPi.local/mnt/4TBP/Work/Arise2014/Video/Trailer/DSC_3225.JPG bytes=1283537 ms=39.5
NETWORK t= 58673.5ms dt=   11.5ms tid=ThreadId(684) materialize_start uri=nfs://DietPi.local/mnt/4TBP/Work/Arise2014/Video/Trailer/DSC_3225.JPG
NETWORK t= 58673.6ms dt=    0.0ms tid=ThreadId(684) read_start uri=nfs://DietPi.local/mnt/4TBP/Work/Arise2014/Video/Trailer/DSC_3225.JPG
NETWORK t= 58676.8ms dt=    3.3ms tid=ThreadId(685) nfs_helper_read_ok uri=nfs://DietPi.local/mnt/4TBP/Work/Arise2014/Video/Trailer/DSC_3212.JPG bytes=714240
NETWORK t= 58676.9ms dt=    0.0ms tid=ThreadId(685) read_done uri=nfs://DietPi.local/mnt/4TBP/Work/Arise2014/Video/Trailer/DSC_3212.JPG bytes=714240 ms=34.3
NETWORK t= 58677.0ms dt=    0.2ms tid=ThreadId(685) materialize_done uri=nfs://DietPi.local/mnt/4TBP/Work/Arise2014/Video/Trailer/DSC_3212.JPG path=/home/peet/.cache/picasa-rs/source/h/1181cbca931b65004764d8fcc17b447a70315618d4402ce98afaf699a08b4224.JPG ms=34.6
NETWORK t= 58679.3ms dt=    2.3ms tid=ThreadId(685) read_start uri=nfs://DietPi.local/mnt/4TBP/Work/Arise2014/Video/Trailer/DSC_3221.JPG
NETWORK t= 58701.9ms dt=   22.6ms tid=ThreadId(684) nfs_helper_read_ok uri=nfs://DietPi.local/mnt/4TBP/Work/Arise2014/Video/Trailer/DSC_3225.JPG bytes=1283537
NETWORK t= 58701.9ms dt=    0.0ms tid=ThreadId(684) read_done uri=nfs://DietPi.local/mnt/4TBP/Work/Arise2014/Video/Trailer/DSC_3225.JPG bytes=1283537 ms=28.4
NETWORK t= 58702.2ms dt=    0.2ms tid=ThreadId(684) materialize_done uri=nfs://DietPi.local/mnt/4TBP/Work/Arise2014/Video/Trailer/DSC_3225.JPG path=/home/peet/.cache/picasa-rs/source/d/2c5934d2b0428ef5b98e1c63862cb7a32a95d5b4d17708c2ed08a8bf741f766b.JPG ms=28.6
NETWORK t= 58704.7ms dt=    2.5ms tid=ThreadId(684) read_start uri=nfs://DietPi.local/mnt/4TBP/Work/Arise2014/Wallpaper-PC-1366x768-Blue.jpg
NETWORK t= 58742.1ms dt=   37.4ms tid=ThreadId(685) nfs_helper_read_ok uri=nfs://DietPi.local/mnt/4TBP/Work/Arise2014/Video/Trailer/DSC_3221.JPG bytes=1509169
NETWORK t= 58742.1ms dt=    0.0ms tid=ThreadId(685) read_done uri=nfs://DietPi.local/mnt/4TBP/Work/Arise2014/Video/Trailer/DSC_3221.JPG bytes=1509169 ms=62.7
NETWORK t= 58754.4ms dt=   12.3ms tid=ThreadId(685) materialize_start uri=nfs://DietPi.local/mnt/4TBP/Work/Arise2014/Video/Trailer/DSC_3221.JPG
NETWORK t= 58754.5ms dt=    0.1ms tid=ThreadId(685) read_start uri=nfs://DietPi.local/mnt/4TBP/Work/Arise2014/Video/Trailer/DSC_3221.JPG
NETWORK t= 58754.5ms dt=    0.0ms tid=ThreadId(684) nfs_helper_read_ok uri=nfs://DietPi.local/mnt/4TBP/Work/Arise2014/Wallpaper-PC-1366x768-Blue.jpg bytes=181602
NETWORK t= 58754.5ms dt=    0.0ms tid=ThreadId(684) read_done uri=nfs://DietPi.local/mnt/4TBP/Work/Arise2014/Wallpaper-PC-1366x768-Blue.jpg bytes=181602 ms=49.8
NETWORK t= 58764.4ms dt=    9.9ms tid=ThreadId(684) materialize_start uri=nfs://DietPi.local/mnt/4TBP/Work/Arise2014/Wallpaper-PC-1366x768-Blue.jpg
NETWORK t= 58764.4ms dt=    0.1ms tid=ThreadId(684) read_start uri=nfs://DietPi.local/mnt/4TBP/Work/Arise2014/Wallpaper-PC-1366x768-Blue.jpg
NETWORK t= 58784.6ms dt=   20.2ms tid=ThreadId(685) nfs_helper_read_ok uri=nfs://DietPi.local/mnt/4TBP/Work/Arise2014/Video/Trailer/DSC_3221.JPG bytes=1509169
NETWORK t= 58784.7ms dt=    0.0ms tid=ThreadId(685) read_done uri=nfs://DietPi.local/mnt/4TBP/Work/Arise2014/Video/Trailer/DSC_3221.JPG bytes=1509169 ms=30.1
NETWORK t= 58784.9ms dt=    0.3ms tid=ThreadId(685) materialize_done uri=nfs://DietPi.local/mnt/4TBP/Work/Arise2014/Video/Trailer/DSC_3221.JPG path=/home/peet/.cache/picasa-rs/source/w/a7e4301eebc852c6b59c159a3c6100c74c0cf87b04e6a21eedb62bbbdbcdc5fa.JPG ms=30.5
NETWORK t= 58787.4ms dt=    2.5ms tid=ThreadId(685) read_start uri=nfs://DietPi.local/mnt/4TBP/Work/Arise2014/Video/Trailer/DSC_3159.JPG
NETWORK t= 58790.4ms dt=    2.9ms tid=ThreadId(684) nfs_helper_read_ok uri=nfs://DietPi.local/mnt/4TBP/Work/Arise2014/Wallpaper-PC-1366x768-Blue.jpg bytes=181602
NETWORK t= 58790.4ms dt=    0.0ms tid=ThreadId(684) read_done uri=nfs://DietPi.local/mnt/4TBP/Work/Arise2014/Wallpaper-PC-1366x768-Blue.jpg bytes=181602 ms=26.0
NETWORK t= 58790.5ms dt=    0.1ms tid=ThreadId(684) materialize_done uri=nfs://DietPi.local/mnt/4TBP/Work/Arise2014/Wallpaper-PC-1366x768-Blue.jpg path=/home/peet/.cache/picasa-rs/source/2/ce72caa494d5443367c64216a7696254f95dc25def366a3440f7bab1e474f29c.jpg ms=26.1
NETWORK t= 58792.8ms dt=    2.2ms tid=ThreadId(684) read_start uri=nfs://DietPi.local/mnt/4TBP/Work/Arise2014/Video/Trailer/DSC_3161.JPG
NETWORK t= 58819.3ms dt=   26.6ms tid=ThreadId(685) nfs_helper_read_ok uri=nfs://DietPi.local/mnt/4TBP/Work/Arise2014/Video/Trailer/DSC_3159.JPG bytes=734559
NETWORK t= 58819.4ms dt=    0.0ms tid=ThreadId(685) read_done uri=nfs://DietPi.local/mnt/4TBP/Work/Arise2014/Video/Trailer/DSC_3159.JPG bytes=734559 ms=31.9
NETWORK t= 58827.4ms dt=    8.0ms tid=ThreadId(685) materialize_start uri=nfs://DietPi.local/mnt/4TBP/Work/Arise2014/Video/Trailer/DSC_3159.JPG
NETWORK t= 58827.4ms dt=    0.1ms tid=ThreadId(685) read_start uri=nfs://DietPi.local/mnt/4TBP/Work/Arise2014/Video/Trailer/DSC_3159.JPG
NETWORK t= 58849.8ms dt=   22.4ms tid=ThreadId(684) nfs_helper_read_ok uri=nfs://DietPi.local/mnt/4TBP/Work/Arise2014/Video/Trailer/DSC_3161.JPG bytes=858606
NETWORK t= 58849.8ms dt=    0.0ms tid=ThreadId(684) read_done uri=nfs://DietPi.local/mnt/4TBP/Work/Arise2014/Video/Trailer/DSC_3161.JPG bytes=858606 ms=57.1
NETWORK t= 58858.8ms dt=    9.0ms tid=ThreadId(684) materialize_start uri=nfs://DietPi.local/mnt/4TBP/Work/Arise2014/Video/Trailer/DSC_3161.JPG
NETWORK t= 58858.9ms dt=    0.0ms tid=ThreadId(684) read_start uri=nfs://DietPi.local/mnt/4TBP/Work/Arise2014/Video/Trailer/DSC_3161.JPG
NETWORK t= 58865.4ms dt=    6.6ms tid=ThreadId(685) nfs_helper_read_ok uri=nfs://DietPi.local/mnt/4TBP/Work/Arise2014/Video/Trailer/DSC_3159.JPG bytes=734559
NETWORK t= 58865.5ms dt=    0.0ms tid=ThreadId(685) read_done uri=nfs://DietPi.local/mnt/4TBP/Work/Arise2014/Video/Trailer/DSC_3159.JPG bytes=734559 ms=38.0
NETWORK t= 58865.6ms dt=    0.2ms tid=ThreadId(685) materialize_done uri=nfs://DietPi.local/mnt/4TBP/Work/Arise2014/Video/Trailer/DSC_3159.JPG path=/home/peet/.cache/picasa-rs/source/u/bd1ee21a54a127b8d0caf5ad2d90b535ab2a4a275ef0388b1684ff13b5a7909f.JPG ms=38.2
NETWORK t= 58867.9ms dt=    2.3ms tid=ThreadId(685) read_start uri=nfs://DietPi.local/mnt/4TBP/Work/Arise2014/Video/Trailer/DSC_3211.JPG
NETWORK t= 58883.0ms dt=   15.1ms tid=ThreadId(684) nfs_helper_read_ok uri=nfs://DietPi.local/mnt/4TBP/Work/Arise2014/Video/Trailer/DSC_3161.JPG bytes=858606
NETWORK t= 58883.1ms dt=    0.0ms tid=ThreadId(684) read_done uri=nfs://DietPi.local/mnt/4TBP/Work/Arise2014/Video/Trailer/DSC_3161.JPG bytes=858606 ms=24.1
NETWORK t= 58883.2ms dt=    0.2ms tid=ThreadId(684) materialize_done uri=nfs://DietPi.local/mnt/4TBP/Work/Arise2014/Video/Trailer/DSC_3161.JPG path=/home/peet/.cache/picasa-rs/source/g/5254fd16cdaf66e62861b5f8d4d7540dc60dfa0ad4290e651b023e91c5356cd5.JPG ms=24.4
NETWORK t= 58885.6ms dt=    2.4ms tid=ThreadId(684) read_start uri=nfs://DietPi.local/mnt/4TBP/Work/Arise2014/Video/Trailer/DSC_3232.JPG
NETWORK t= 58903.7ms dt=   18.1ms tid=ThreadId(685) nfs_helper_read_ok uri=nfs://DietPi.local/mnt/4TBP/Work/Arise2014/Video/Trailer/DSC_3211.JPG bytes=933602
NETWORK t= 58903.7ms dt=    0.0ms tid=ThreadId(685) read_done uri=nfs://DietPi.local/mnt/4TBP/Work/Arise2014/Video/Trailer/DSC_3211.JPG bytes=933602 ms=35.8
NETWORK t= 58913.2ms dt=    9.5ms tid=ThreadId(685) materialize_start uri=nfs://DietPi.local/mnt/4TBP/Work/Arise2014/Video/Trailer/DSC_3211.JPG
NETWORK t= 58913.3ms dt=    0.1ms tid=ThreadId(685) read_start uri=nfs://DietPi.local/mnt/4TBP/Work/Arise2014/Video/Trailer/DSC_3211.JPG
NETWORK t= 58969.9ms dt=   56.6ms tid=ThreadId(684) nfs_helper_read_ok uri=nfs://DietPi.local/mnt/4TBP/Work/Arise2014/Video/Trailer/DSC_3232.JPG bytes=1232790
NETWORK t= 58969.9ms dt=    0.0ms tid=ThreadId(684) read_done uri=nfs://DietPi.local/mnt/4TBP/Work/Arise2014/Video/Trailer/DSC_3232.JPG bytes=1232790 ms=84.3
NETWORK t= 58982.0ms dt=   12.1ms tid=ThreadId(684) materialize_start uri=nfs://DietPi.local/mnt/4TBP/Work/Arise2014/Video/Trailer/DSC_3232.JPG
NETWORK t= 58982.1ms dt=    0.1ms tid=ThreadId(684) read_start uri=nfs://DietPi.local/mnt/4TBP/Work/Arise2014/Video/Trailer/DSC_3232.JPG
NETWORK t= 58990.2ms dt=    8.1ms tid=ThreadId(685) nfs_helper_read_ok uri=nfs://DietPi.local/mnt/4TBP/Work/Arise2014/Video/Trailer/DSC_3211.JPG bytes=933602
NETWORK t= 58990.2ms dt=    0.0ms tid=ThreadId(685) read_done uri=nfs://DietPi.local/mnt/4TBP/Work/Arise2014/Video/Trailer/DSC_3211.JPG bytes=933602 ms=76.9
NETWORK t= 58990.4ms dt=    0.2ms tid=ThreadId(685) materialize_done uri=nfs://DietPi.local/mnt/4TBP/Work/Arise2014/Video/Trailer/DSC_3211.JPG path=/home/peet/.cache/picasa-rs/source/f/bd337510d3ce42c2f507619344ea434560e3f328d35efcac19d7fcc07c06d25c.JPG ms=77.2
NETWORK t= 58993.0ms dt=    2.5ms tid=ThreadId(685) read_start uri=nfs://DietPi.local/mnt/4TBP/Work/Arise2014/Video/Trailer/DSC_3203.JPG
NETWORK t= 59014.9ms dt=   21.9ms tid=ThreadId(684) nfs_helper_read_ok uri=nfs://DietPi.local/mnt/4TBP/Work/Arise2014/Video/Trailer/DSC_3232.JPG bytes=1232790
NETWORK t= 59014.9ms dt=    0.0ms tid=ThreadId(684) read_done uri=nfs://DietPi.local/mnt/4TBP/Work/Arise2014/Video/Trailer/DSC_3232.JPG bytes=1232790 ms=32.8
NETWORK t= 59015.1ms dt=    0.2ms tid=ThreadId(684) materialize_done uri=nfs://DietPi.local/mnt/4TBP/Work/Arise2014/Video/Trailer/DSC_3232.JPG path=/home/peet/.cache/picasa-rs/source/t/986976fafe4a17c45f5cc09abcf534254060531a7a49744347f53be3803517a5.JPG ms=33.1
NETWORK t= 59017.9ms dt=    2.8ms tid=ThreadId(684) read_start uri=nfs://DietPi.local/mnt/4TBP/Work/Arise2014/Video/Trailer/DSC_3164.JPG
NETWORK t= 59044.5ms dt=   26.6ms tid=ThreadId(685) nfs_helper_read_ok uri=nfs://DietPi.local/mnt/4TBP/Work/Arise2014/Video/Trailer/DSC_3203.JPG bytes=1070338
NETWORK t= 59044.5ms dt=    0.0ms tid=ThreadId(685) read_done uri=nfs://DietPi.local/mnt/4TBP/Work/Arise2014/Video/Trailer/DSC_3203.JPG bytes=1070338 ms=51.5
NETWORK t= 59054.5ms dt=   10.0ms tid=ThreadId(685) materialize_start uri=nfs://DietPi.local/mnt/4TBP/Work/Arise2014/Video/Trailer/DSC_3203.JPG
NETWORK t= 59054.5ms dt=    0.1ms tid=ThreadId(685) read_start uri=nfs://DietPi.local/mnt/4TBP/Work/Arise2014/Video/Trailer/DSC_3203.JPG
NETWORK t= 59083.9ms dt=   29.4ms tid=ThreadId(684) nfs_helper_read_ok uri=nfs://DietPi.local/mnt/4TBP/Work/Arise2014/Video/Trailer/DSC_3164.JPG bytes=1135832
NETWORK t= 59083.9ms dt=    0.0ms tid=ThreadId(684) read_done uri=nfs://DietPi.local/mnt/4TBP/Work/Arise2014/Video/Trailer/DSC_3164.JPG bytes=1135832 ms=66.0
NETWORK t= 59095.2ms dt=   11.2ms tid=ThreadId(684) materialize_start uri=nfs://DietPi.local/mnt/4TBP/Work/Arise2014/Video/Trailer/DSC_3164.JPG
NETWORK t= 59095.2ms dt=    0.0ms tid=ThreadId(684) read_start uri=nfs://DietPi.local/mnt/4TBP/Work/Arise2014/Video/Trailer/DSC_3164.JPG
NETWORK t= 59106.0ms dt=   10.8ms tid=ThreadId(685) nfs_helper_read_ok uri=nfs://DietPi.local/mnt/4TBP/Work/Arise2014/Video/Trailer/DSC_3203.JPG bytes=1070338
NETWORK t= 59106.1ms dt=    0.0ms tid=ThreadId(685) read_done uri=nfs://DietPi.local/mnt/4TBP/Work/Arise2014/Video/Trailer/DSC_3203.JPG bytes=1070338 ms=51.5
NETWORK t= 59106.3ms dt=    0.2ms tid=ThreadId(685) materialize_done uri=nfs://DietPi.local/mnt/4TBP/Work/Arise2014/Video/Trailer/DSC_3203.JPG path=/home/peet/.cache/picasa-rs/source/i/3852940dee5b9f859da65c3f8ca8a4d20785c69ee68b5d4623d01c8ac84cf97f.JPG ms=51.8
NETWORK t= 59108.7ms dt=    2.4ms tid=ThreadId(685) read_start uri=nfs://DietPi.local/mnt/4TBP/Work/Arise2014/Video/Trailer/DSC_3216.JPG
NETWORK t= 59128.9ms dt=   20.3ms tid=ThreadId(684) nfs_helper_read_ok uri=nfs://DietPi.local/mnt/4TBP/Work/Arise2014/Video/Trailer/DSC_3164.JPG bytes=1135832
NETWORK t= 59129.0ms dt=    0.0ms tid=ThreadId(684) read_done uri=nfs://DietPi.local/mnt/4TBP/Work/Arise2014/Video/Trailer/DSC_3164.JPG bytes=1135832 ms=33.7
NETWORK t= 59129.2ms dt=    0.2ms tid=ThreadId(684) materialize_done uri=nfs://DietPi.local/mnt/4TBP/Work/Arise2014/Video/Trailer/DSC_3164.JPG path=/home/peet/.cache/picasa-rs/source/1/531d7fe668987153e91d0daf429cd10e16bef9670c7825300c83fa22381b0bb9.JPG ms=34.0
NETWORK t= 59132.0ms dt=    2.8ms tid=ThreadId(684) read_start uri=nfs://DietPi.local/mnt/4TBP/Work/Arise2014/slide-1-1024.jpg
NETWORK t= 59180.2ms dt=   48.2ms tid=ThreadId(685) nfs_helper_read_ok uri=nfs://DietPi.local/mnt/4TBP/Work/Arise2014/Video/Trailer/DSC_3216.JPG bytes=1397337
NETWORK t= 59180.2ms dt=    0.0ms tid=ThreadId(685) read_done uri=nfs://DietPi.local/mnt/4TBP/Work/Arise2014/Video/Trailer/DSC_3216.JPG bytes=1397337 ms=71.5
NETWORK t= 59191.5ms dt=   11.3ms tid=ThreadId(685) materialize_start uri=nfs://DietPi.local/mnt/4TBP/Work/Arise2014/Video/Trailer/DSC_3216.JPG
NETWORK t= 59191.5ms dt=    0.1ms tid=ThreadId(685) read_start uri=nfs://DietPi.local/mnt/4TBP/Work/Arise2014/Video/Trailer/DSC_3216.JPG
NETWORK t= 59193.0ms dt=    1.5ms tid=ThreadId(684) nfs_helper_read_ok uri=nfs://DietPi.local/mnt/4TBP/Work/Arise2014/slide-1-1024.jpg bytes=135408
NETWORK t= 59193.0ms dt=    0.0ms tid=ThreadId(684) read_done uri=nfs://DietPi.local/mnt/4TBP/Work/Arise2014/slide-1-1024.jpg bytes=135408 ms=61.1
NETWORK t= 59199.2ms dt=    6.1ms tid=ThreadId(684) materialize_start uri=nfs://DietPi.local/mnt/4TBP/Work/Arise2014/slide-1-1024.jpg
NETWORK t= 59199.2ms dt=    0.0ms tid=ThreadId(684) read_start uri=nfs://DietPi.local/mnt/4TBP/Work/Arise2014/slide-1-1024.jpg
NETWORK t= 59221.2ms dt=   22.0ms tid=ThreadId(685) nfs_helper_read_ok uri=nfs://DietPi.local/mnt/4TBP/Work/Arise2014/Video/Trailer/DSC_3216.JPG bytes=1397337
NETWORK t= 59221.2ms dt=    0.0ms tid=ThreadId(685) read_done uri=nfs://DietPi.local/mnt/4TBP/Work/Arise2014/Video/Trailer/DSC_3216.JPG bytes=1397337 ms=29.7
NETWORK t= 59221.5ms dt=    0.3ms tid=ThreadId(685) materialize_done uri=nfs://DietPi.local/mnt/4TBP/Work/Arise2014/Video/Trailer/DSC_3216.JPG path=/home/peet/.cache/picasa-rs/source/9/b5ddc43efd90dbfc2b033c67c82e093fcdcdd38e2503d49360bc5a9a5bb2395e.JPG ms=30.0
NETWORK t= 59224.3ms dt=    2.8ms tid=ThreadId(685) read_start uri=nfs://DietPi.local/mnt/4TBP/Work/Arise2014/Video/Trailer/DSC_3157.JPG
NETWORK t= 59226.0ms dt=    1.7ms tid=ThreadId(684) nfs_helper_read_ok uri=nfs://DietPi.local/mnt/4TBP/Work/Arise2014/slide-1-1024.jpg bytes=135408
NETWORK t= 59226.0ms dt=    0.0ms tid=ThreadId(684) read_done uri=nfs://DietPi.local/mnt/4TBP/Work/Arise2014/slide-1-1024.jpg bytes=135408 ms=26.8
NETWORK t= 59226.2ms dt=    0.1ms tid=ThreadId(684) materialize_done uri=nfs://DietPi.local/mnt/4TBP/Work/Arise2014/slide-1-1024.jpg path=/home/peet/.cache/picasa-rs/source/8/8924ff810329221491d7c5205b27fc097d5b1896546eb42db7deeb43355f85e3.jpg ms=27.0
NETWORK t= 59229.1ms dt=    2.9ms tid=ThreadId(684) read_start uri=nfs://DietPi.local/mnt/4TBP/Work/Arise2014/Video/Trailer/DSC_3205.JPG
NETWORK t= 59241.4ms dt=   12.4ms tid=ThreadId(685) nfs_helper_read_ok uri=nfs://DietPi.local/mnt/4TBP/Work/Arise2014/Video/Trailer/DSC_3157.JPG bytes=653182
NETWORK t= 59241.5ms dt=    0.0ms tid=ThreadId(685) read_done uri=nfs://DietPi.local/mnt/4TBP/Work/Arise2014/Video/Trailer/DSC_3157.JPG bytes=653182 ms=17.2
NETWORK t= 59249.1ms dt=    7.6ms tid=ThreadId(685) materialize_start uri=nfs://DietPi.local/mnt/4TBP/Work/Arise2014/Video/Trailer/DSC_3157.JPG
NETWORK t= 59249.1ms dt=    0.1ms tid=ThreadId(685) read_start uri=nfs://DietPi.local/mnt/4TBP/Work/Arise2014/Video/Trailer/DSC_3157.JPG
NETWORK t= 59263.4ms dt=   14.3ms tid=ThreadId(684) nfs_helper_read_ok uri=nfs://DietPi.local/mnt/4TBP/Work/Arise2014/Video/Trailer/DSC_3205.JPG bytes=983556
NETWORK t= 59263.5ms dt=    0.0ms tid=ThreadId(684) read_done uri=nfs://DietPi.local/mnt/4TBP/Work/Arise2014/Video/Trailer/DSC_3205.JPG bytes=983556 ms=34.4
NETWORK t= 59272.8ms dt=    9.3ms tid=ThreadId(684) materialize_start uri=nfs://DietPi.local/mnt/4TBP/Work/Arise2014/Video/Trailer/DSC_3205.JPG
NETWORK t= 59272.9ms dt=    0.1ms tid=ThreadId(684) read_start uri=nfs://DietPi.local/mnt/4TBP/Work/Arise2014/Video/Trailer/DSC_3205.JPG
NETWORK t= 59277.1ms dt=    4.2ms tid=ThreadId(685) nfs_helper_read_ok uri=nfs://DietPi.local/mnt/4TBP/Work/Arise2014/Video/Trailer/DSC_3157.JPG bytes=653182
NETWORK t= 59277.1ms dt=    0.0ms tid=ThreadId(685) read_done uri=nfs://DietPi.local/mnt/4TBP/Work/Arise2014/Video/Trailer/DSC_3157.JPG bytes=653182 ms=27.9
NETWORK t= 59277.2ms dt=    0.2ms tid=ThreadId(685) materialize_done uri=nfs://DietPi.local/mnt/4TBP/Work/Arise2014/Video/Trailer/DSC_3157.JPG path=/home/peet/.cache/picasa-rs/source/o/093c001a0e36546c54a913f9981a257d01e2592867ff35aee69efdaee1436dec.JPG ms=28.1
NETWORK t= 59279.5ms dt=    2.3ms tid=ThreadId(685) read_start uri=nfs://DietPi.local/mnt/4TBP/Work/Arise2014/Video/Trailer/DSC_3228.JPG
NETWORK t= 59298.2ms dt=   18.6ms tid=ThreadId(684) nfs_helper_read_ok uri=nfs://DietPi.local/mnt/4TBP/Work/Arise2014/Video/Trailer/DSC_3205.JPG bytes=983556
NETWORK t= 59298.2ms dt=    0.0ms tid=ThreadId(684) read_done uri=nfs://DietPi.local/mnt/4TBP/Work/Arise2014/Video/Trailer/DSC_3205.JPG bytes=983556 ms=25.3
NETWORK t= 59298.5ms dt=    0.3ms tid=ThreadId(684) materialize_done uri=nfs://DietPi.local/mnt/4TBP/Work/Arise2014/Video/Trailer/DSC_3205.JPG path=/home/peet/.cache/picasa-rs/source/2/933ecfff439bb7ee0db46de1f8b4cd01b986c8517b097d00fad722f319783563.JPG ms=25.6
NETWORK t= 59301.0ms dt=    2.5ms tid=ThreadId(684) read_start uri=nfs://DietPi.local/mnt/4TBP/Work/Arise2014/Video/Trailer/DSC_3158.JPG
NETWORK t= 59325.8ms dt=   24.8ms tid=ThreadId(685) nfs_helper_read_ok uri=nfs://DietPi.local/mnt/4TBP/Work/Arise2014/Video/Trailer/DSC_3228.JPG bytes=973006
NETWORK t= 59325.8ms dt=    0.0ms tid=ThreadId(685) read_done uri=nfs://DietPi.local/mnt/4TBP/Work/Arise2014/Video/Trailer/DSC_3228.JPG bytes=973006 ms=46.2
NETWORK t= 59335.0ms dt=    9.2ms tid=ThreadId(685) materialize_start uri=nfs://DietPi.local/mnt/4TBP/Work/Arise2014/Video/Trailer/DSC_3228.JPG
NETWORK t= 59335.1ms dt=    0.1ms tid=ThreadId(685) read_start uri=nfs://DietPi.local/mnt/4TBP/Work/Arise2014/Video/Trailer/DSC_3228.JPG
NETWORK t= 59351.7ms dt=   16.6ms tid=ThreadId(684) nfs_helper_read_ok uri=nfs://DietPi.local/mnt/4TBP/Work/Arise2014/Video/Trailer/DSC_3158.JPG bytes=688937
NETWORK t= 59351.7ms dt=    0.0ms tid=ThreadId(684) read_done uri=nfs://DietPi.local/mnt/4TBP/Work/Arise2014/Video/Trailer/DSC_3158.JPG bytes=688937 ms=50.7
NETWORK t= 59359.7ms dt=    8.0ms tid=ThreadId(684) materialize_start uri=nfs://DietPi.local/mnt/4TBP/Work/Arise2014/Video/Trailer/DSC_3158.JPG
NETWORK t= 59359.7ms dt=    0.1ms tid=ThreadId(684) read_start uri=nfs://DietPi.local/mnt/4TBP/Work/Arise2014/Video/Trailer/DSC_3158.JPG
NETWORK t= 59371.5ms dt=   11.8ms tid=ThreadId(685) nfs_helper_read_ok uri=nfs://DietPi.local/mnt/4TBP/Work/Arise2014/Video/Trailer/DSC_3228.JPG bytes=973006
NETWORK t= 59371.5ms dt=    0.0ms tid=ThreadId(685) read_done uri=nfs://DietPi.local/mnt/4TBP/Work/Arise2014/Video/Trailer/DSC_3228.JPG bytes=973006 ms=36.4
NETWORK t= 59371.7ms dt=    0.2ms tid=ThreadId(685) materialize_done uri=nfs://DietPi.local/mnt/4TBP/Work/Arise2014/Video/Trailer/DSC_3228.JPG path=/home/peet/.cache/picasa-rs/source/k/c02c9afa010f407a14f4d789208e9f720ee00b5d3183f7ee25035e959467e67a.JPG ms=36.7
NETWORK t= 59374.5ms dt=    2.7ms tid=ThreadId(685) read_start uri=nfs://DietPi.local/mnt/4TBP/Work/Arise2014/Video/Trailer/DSC_3162.JPG
NETWORK t= 59386.4ms dt=   11.9ms tid=ThreadId(684) nfs_helper_read_ok uri=nfs://DietPi.local/mnt/4TBP/Work/Arise2014/Video/Trailer/DSC_3158.JPG bytes=688937
NETWORK t= 59386.4ms dt=    0.0ms tid=ThreadId(684) read_done uri=nfs://DietPi.local/mnt/4TBP/Work/Arise2014/Video/Trailer/DSC_3158.JPG bytes=688937 ms=26.6
NETWORK t= 59386.6ms dt=    0.2ms tid=ThreadId(684) materialize_done uri=nfs://DietPi.local/mnt/4TBP/Work/Arise2014/Video/Trailer/DSC_3158.JPG path=/home/peet/.cache/picasa-rs/source/y/146253a6033f1c62b63be07abc032886de53c3f199c3808ae2e46ca1f45c2202.JPG ms=26.9
NETWORK t= 59388.9ms dt=    2.3ms tid=ThreadId(684) read_start uri=nfs://DietPi.local/mnt/4TBP/Work/Arise2014/Video/Trailer/DSC_3217.JPG
NETWORK t= 59418.8ms dt=   29.9ms tid=ThreadId(685) nfs_helper_read_ok uri=nfs://DietPi.local/mnt/4TBP/Work/Arise2014/Video/Trailer/DSC_3162.JPG bytes=679617
NETWORK t= 59418.8ms dt=    0.0ms tid=ThreadId(685) read_done uri=nfs://DietPi.local/mnt/4TBP/Work/Arise2014/Video/Trailer/DSC_3162.JPG bytes=679617 ms=44.3
NETWORK t= 59427.6ms dt=    8.9ms tid=ThreadId(685) materialize_start uri=nfs://DietPi.local/mnt/4TBP/Work/Arise2014/Video/Trailer/DSC_3162.JPG
NETWORK t= 59427.7ms dt=    0.1ms tid=ThreadId(685) read_start uri=nfs://DietPi.local/mnt/4TBP/Work/Arise2014/Video/Trailer/DSC_3162.JPG
NETWORK t= 59442.1ms dt=   14.4ms tid=ThreadId(684) nfs_helper_read_ok uri=nfs://DietPi.local/mnt/4TBP/Work/Arise2014/Video/Trailer/DSC_3217.JPG bytes=1054057
NETWORK t= 59442.1ms dt=    0.0ms tid=ThreadId(684) read_done uri=nfs://DietPi.local/mnt/4TBP/Work/Arise2014/Video/Trailer/DSC_3217.JPG bytes=1054057 ms=53.2
NETWORK t= 59451.8ms dt=    9.7ms tid=ThreadId(684) materialize_start uri=nfs://DietPi.local/mnt/4TBP/Work/Arise2014/Video/Trailer/DSC_3217.JPG
NETWORK t= 59451.8ms dt=    0.1ms tid=ThreadId(684) read_start uri=nfs://DietPi.local/mnt/4TBP/Work/Arise2014/Video/Trailer/DSC_3217.JPG
NETWORK t= 59455.9ms dt=    4.1ms tid=ThreadId(685) nfs_helper_read_ok uri=nfs://DietPi.local/mnt/4TBP/Work/Arise2014/Video/Trailer/DSC_3162.JPG bytes=679617
NETWORK t= 59455.9ms dt=    0.0ms tid=ThreadId(685) read_done uri=nfs://DietPi.local/mnt/4TBP/Work/Arise2014/Video/Trailer/DSC_3162.JPG bytes=679617 ms=28.2
NETWORK t= 59456.1ms dt=    0.2ms tid=ThreadId(685) materialize_done uri=nfs://DietPi.local/mnt/4TBP/Work/Arise2014/Video/Trailer/DSC_3162.JPG path=/home/peet/.cache/picasa-rs/source/6/3dc2d8f240787e28f15ca5401437d255e50e12723f2d64a7952d5d8d61e6723b.JPG ms=28.4
NETWORK t= 59459.2ms dt=    3.1ms tid=ThreadId(685) read_start uri=nfs://DietPi.local/mnt/4TBP/Work/Arise2014/Video/Trailer/DSC_3219.JPG
NETWORK t= 59476.8ms dt=   17.6ms tid=ThreadId(684) nfs_helper_read_ok uri=nfs://DietPi.local/mnt/4TBP/Work/Arise2014/Video/Trailer/DSC_3217.JPG bytes=1054057
NETWORK t= 59476.8ms dt=    0.0ms tid=ThreadId(684) read_done uri=nfs://DietPi.local/mnt/4TBP/Work/Arise2014/Video/Trailer/DSC_3217.JPG bytes=1054057 ms=25.0
NETWORK t= 59477.1ms dt=    0.2ms tid=ThreadId(684) materialize_done uri=nfs://DietPi.local/mnt/4TBP/Work/Arise2014/Video/Trailer/DSC_3217.JPG path=/home/peet/.cache/picasa-rs/source/9/6111dd65b56f86a1349d002eb5b148f45368c93e1bf63392e1846f874063448a.JPG ms=25.3
NETWORK t= 59480.0ms dt=    2.9ms tid=ThreadId(684) read_start uri=nfs://DietPi.local/mnt/4TBP/Work/Arise2014/kARIN-SINGLE.png
NETWORK t= 59525.0ms dt=   45.0ms tid=ThreadId(685) nfs_helper_read_ok uri=nfs://DietPi.local/mnt/4TBP/Work/Arise2014/Video/Trailer/DSC_3219.JPG bytes=1676679
NETWORK t= 59525.1ms dt=    0.0ms tid=ThreadId(685) read_done uri=nfs://DietPi.local/mnt/4TBP/Work/Arise2014/Video/Trailer/DSC_3219.JPG bytes=1676679 ms=65.8
NETWORK t= 59538.9ms dt=   13.8ms tid=ThreadId(685) materialize_start uri=nfs://DietPi.local/mnt/4TBP/Work/Arise2014/Video/Trailer/DSC_3219.JPG
NETWORK t= 59538.9ms dt=    0.1ms tid=ThreadId(685) read_start uri=nfs://DietPi.local/mnt/4TBP/Work/Arise2014/Video/Trailer/DSC_3219.JPG
NETWORK t= 59591.8ms dt=   52.9ms tid=ThreadId(684) nfs_helper_read_ok uri=nfs://DietPi.local/mnt/4TBP/Work/Arise2014/kARIN-SINGLE.png bytes=2558858
NETWORK t= 59591.8ms dt=    0.0ms tid=ThreadId(684) read_done uri=nfs://DietPi.local/mnt/4TBP/Work/Arise2014/kARIN-SINGLE.png bytes=2558858 ms=111.8
NETWORK t= 59620.9ms dt=   29.1ms tid=ThreadId(685) nfs_helper_read_ok uri=nfs://DietPi.local/mnt/4TBP/Work/Arise2014/Video/Trailer/DSC_3219.JPG bytes=1676679
NETWORK t= 59621.0ms dt=    0.0ms tid=ThreadId(685) read_done uri=nfs://DietPi.local/mnt/4TBP/Work/Arise2014/Video/Trailer/DSC_3219.JPG bytes=1676679 ms=82.0
NETWORK t= 59621.4ms dt=    0.5ms tid=ThreadId(685) materialize_done uri=nfs://DietPi.local/mnt/4TBP/Work/Arise2014/Video/Trailer/DSC_3219.JPG path=/home/peet/.cache/picasa-rs/source/r/525f2dff137848bfbd57d7ed8e4af7a6d8d7c41c3aafca85c183d3e128323171.JPG ms=82.5
NETWORK t= 59622.3ms dt=    0.9ms tid=ThreadId(684) materialize_start uri=nfs://DietPi.local/mnt/4TBP/Work/Arise2014/kARIN-SINGLE.png
NETWORK t= 59622.4ms dt=    0.1ms tid=ThreadId(684) read_start uri=nfs://DietPi.local/mnt/4TBP/Work/Arise2014/kARIN-SINGLE.png
NETWORK t= 59624.1ms dt=    1.7ms tid=ThreadId(685) read_start uri=nfs://DietPi.local/mnt/4TBP/Work/Arise2014/Video/Trailer/DSC_3189.JPG
NETWORK t= 59668.9ms dt=   44.8ms tid=ThreadId(684) nfs_helper_read_ok uri=nfs://DietPi.local/mnt/4TBP/Work/Arise2014/kARIN-SINGLE.png bytes=2558858
NETWORK t= 59668.9ms dt=    0.0ms tid=ThreadId(684) read_done uri=nfs://DietPi.local/mnt/4TBP/Work/Arise2014/kARIN-SINGLE.png bytes=2558858 ms=46.5
NETWORK t= 59669.4ms dt=    0.5ms tid=ThreadId(684) materialize_done uri=nfs://DietPi.local/mnt/4TBP/Work/Arise2014/kARIN-SINGLE.png path=/home/peet/.cache/picasa-rs/source/a/0bfeace23ee7c20f291ead7280292eb710c29ecace611999d5fb1d23eb9d7613.png ms=47.0
NETWORK t= 59675.0ms dt=    5.6ms tid=ThreadId(684) read_start uri=nfs://DietPi.local/mnt/4TBP/Work/Arise2014/Video/Trailer/DSC_3209.JPG
NETWORK t= 59687.6ms dt=   12.6ms tid=ThreadId(685) nfs_helper_read_ok uri=nfs://DietPi.local/mnt/4TBP/Work/Arise2014/Video/Trailer/DSC_3189.JPG bytes=826019
NETWORK t= 59687.6ms dt=    0.0ms tid=ThreadId(685) read_done uri=nfs://DietPi.local/mnt/4TBP/Work/Arise2014/Video/Trailer/DSC_3189.JPG bytes=826019 ms=63.5
NETWORK t= 59696.9ms dt=    9.3ms tid=ThreadId(685) materialize_start uri=nfs://DietPi.local/mnt/4TBP/Work/Arise2014/Video/Trailer/DSC_3189.JPG
NETWORK t= 59697.0ms dt=    0.1ms tid=ThreadId(685) read_start uri=nfs://DietPi.local/mnt/4TBP/Work/Arise2014/Video/Trailer/DSC_3189.JPG
NETWORK t= 59701.7ms dt=    4.7ms tid=ThreadId(684) nfs_helper_read_ok uri=nfs://DietPi.local/mnt/4TBP/Work/Arise2014/Video/Trailer/DSC_3209.JPG bytes=579125
NETWORK t= 59701.7ms dt=    0.0ms tid=ThreadId(684) read_done uri=nfs://DietPi.local/mnt/4TBP/Work/Arise2014/Video/Trailer/DSC_3209.JPG bytes=579125 ms=26.7
NETWORK t= 59708.3ms dt=    6.6ms tid=ThreadId(684) materialize_start uri=nfs://DietPi.local/mnt/4TBP/Work/Arise2014/Video/Trailer/DSC_3209.JPG
NETWORK t= 59708.4ms dt=    0.1ms tid=ThreadId(684) read_start uri=nfs://DietPi.local/mnt/4TBP/Work/Arise2014/Video/Trailer/DSC_3209.JPG
NETWORK t= 59719.1ms dt=   10.7ms tid=ThreadId(685) nfs_helper_read_ok uri=nfs://DietPi.local/mnt/4TBP/Work/Arise2014/Video/Trailer/DSC_3189.JPG bytes=826019
NETWORK t= 59719.1ms dt=    0.0ms tid=ThreadId(685) read_done uri=nfs://DietPi.local/mnt/4TBP/Work/Arise2014/Video/Trailer/DSC_3189.JPG bytes=826019 ms=22.1
NETWORK t= 59719.3ms dt=    0.2ms tid=ThreadId(685) materialize_done uri=nfs://DietPi.local/mnt/4TBP/Work/Arise2014/Video/Trailer/DSC_3189.JPG path=/home/peet/.cache/picasa-rs/source/0/7404b48c10d29003b1b2be2dcc2f9d47677f9ce6d2651821c3102aa6a9133f1a.JPG ms=22.4
NETWORK t= 59721.7ms dt=    2.4ms tid=ThreadId(685) read_start uri=nfs://DietPi.local/mnt/4TBP/Work/Arise2014/Video/Trailer/DSC_3218.JPG
NETWORK t= 59732.0ms dt=   10.3ms tid=ThreadId(684) nfs_helper_read_ok uri=nfs://DietPi.local/mnt/4TBP/Work/Arise2014/Video/Trailer/DSC_3209.JPG bytes=579125
NETWORK t= 59732.0ms dt=    0.0ms tid=ThreadId(684) read_done uri=nfs://DietPi.local/mnt/4TBP/Work/Arise2014/Video/Trailer/DSC_3209.JPG bytes=579125 ms=23.6
NETWORK t= 59732.2ms dt=    0.2ms tid=ThreadId(684) materialize_done uri=nfs://DietPi.local/mnt/4TBP/Work/Arise2014/Video/Trailer/DSC_3209.JPG path=/home/peet/.cache/picasa-rs/source/2/c06283dc6a49773f9218dcea5d71151cacf64855fd57ddb06a136567fdb6ad37.JPG ms=23.8
NETWORK t= 59734.9ms dt=    2.7ms tid=ThreadId(684) read_start uri=nfs://DietPi.local/mnt/4TBP/Work/Arise2014/Video/Image3.png
NETWORK t= 59768.0ms dt=   33.1ms tid=ThreadId(685) nfs_helper_read_ok uri=nfs://DietPi.local/mnt/4TBP/Work/Arise2014/Video/Trailer/DSC_3218.JPG bytes=1081918
NETWORK t= 59768.1ms dt=    0.0ms tid=ThreadId(685) read_done uri=nfs://DietPi.local/mnt/4TBP/Work/Arise2014/Video/Trailer/DSC_3218.JPG bytes=1081918 ms=46.3
NETWORK t= 59777.5ms dt=    9.4ms tid=ThreadId(685) materialize_start uri=nfs://DietPi.local/mnt/4TBP/Work/Arise2014/Video/Trailer/DSC_3218.JPG
NETWORK t= 59777.5ms dt=    0.1ms tid=ThreadId(685) read_start uri=nfs://DietPi.local/mnt/4TBP/Work/Arise2014/Video/Trailer/DSC_3218.JPG
NETWORK t= 59799.1ms dt=   21.6ms tid=ThreadId(684) nfs_helper_read_ok uri=nfs://DietPi.local/mnt/4TBP/Work/Arise2014/Video/Image3.png bytes=684865
NETWORK t= 59799.2ms dt=    0.0ms tid=ThreadId(684) read_done uri=nfs://DietPi.local/mnt/4TBP/Work/Arise2014/Video/Image3.png bytes=684865 ms=64.2
NETWORK t= 59807.7ms dt=    8.5ms tid=ThreadId(684) materialize_start uri=nfs://DietPi.local/mnt/4TBP/Work/Arise2014/Video/Image3.png
NETWORK t= 59807.7ms dt=    0.1ms tid=ThreadId(684) read_start uri=nfs://DietPi.local/mnt/4TBP/Work/Arise2014/Video/Image3.png
NETWORK t= 59821.4ms dt=   13.7ms tid=ThreadId(685) nfs_helper_read_ok uri=nfs://DietPi.local/mnt/4TBP/Work/Arise2014/Video/Trailer/DSC_3218.JPG bytes=1081918
NETWORK t= 59821.5ms dt=    0.0ms tid=ThreadId(685) read_done uri=nfs://DietPi.local/mnt/4TBP/Work/Arise2014/Video/Trailer/DSC_3218.JPG bytes=1081918 ms=43.9
NETWORK t= 59821.7ms dt=    0.3ms tid=ThreadId(685) materialize_done uri=nfs://DietPi.local/mnt/4TBP/Work/Arise2014/Video/Trailer/DSC_3218.JPG path=/home/peet/.cache/picasa-rs/source/u/454ec06de11daca79d78d261d29b0ea2f56e5f1553875d0aaac2e76ff18796f1.JPG ms=44.2
NETWORK t= 59824.6ms dt=    2.9ms tid=ThreadId(685) read_start uri=nfs://DietPi.local/mnt/4TBP/Work/Arise2014/PNG/Girl.png
NETWORK t= 59836.7ms dt=   12.1ms tid=ThreadId(684) nfs_helper_read_ok uri=nfs://DietPi.local/mnt/4TBP/Work/Arise2014/Video/Image3.png bytes=684865
NETWORK t= 59836.7ms dt=    0.0ms tid=ThreadId(684) read_done uri=nfs://DietPi.local/mnt/4TBP/Work/Arise2014/Video/Image3.png bytes=684865 ms=29.0
NETWORK t= 59836.9ms dt=    0.2ms tid=ThreadId(684) materialize_done uri=nfs://DietPi.local/mnt/4TBP/Work/Arise2014/Video/Image3.png path=/home/peet/.cache/picasa-rs/source/r/26eb9df61b43bcd568ba56b4665c82bf6f318e6a462ebcc4c19896e750eb1b4e.png ms=29.2
NETWORK t= 59839.4ms dt=    2.5ms tid=ThreadId(684) read_start uri=nfs://DietPi.local/mnt/4TBP/Work/Arise2014/PNG/Pin-Pink2.png
NETWORK t= 59952.1ms dt=  112.6ms tid=ThreadId(685) nfs_helper_read_ok uri=nfs://DietPi.local/mnt/4TBP/Work/Arise2014/PNG/Girl.png bytes=4222616
NETWORK t= 59952.1ms dt=    0.0ms tid=ThreadId(685) read_done uri=nfs://DietPi.local/mnt/4TBP/Work/Arise2014/PNG/Girl.png bytes=4222616 ms=127.5
NETWORK t= 59971.1ms dt=   19.0ms tid=ThreadId(684) nfs_helper_read_ok uri=nfs://DietPi.local/mnt/4TBP/Work/Arise2014/PNG/Pin-Pink2.png bytes=129067
NETWORK t= 59971.1ms dt=    0.0ms tid=ThreadId(684) read_done uri=nfs://DietPi.local/mnt/4TBP/Work/Arise2014/PNG/Pin-Pink2.png bytes=129067 ms=131.7
NETWORK t= 59974.5ms dt=    3.4ms tid=ThreadId(684) materialize_start uri=nfs://DietPi.local/mnt/4TBP/Work/Arise2014/PNG/Pin-Pink2.png
NETWORK t= 59974.6ms dt=    0.1ms tid=ThreadId(684) read_start uri=nfs://DietPi.local/mnt/4TBP/Work/Arise2014/PNG/Pin-Pink2.png
NETWORK t= 59978.4ms dt=    3.8ms tid=ThreadId(684) nfs_helper_read_ok uri=nfs://DietPi.local/mnt/4TBP/Work/Arise2014/PNG/Pin-Pink2.png bytes=129067
NETWORK t= 59978.4ms dt=    0.0ms tid=ThreadId(684) read_done uri=nfs://DietPi.local/mnt/4TBP/Work/Arise2014/PNG/Pin-Pink2.png bytes=129067 ms=3.8
NETWORK t= 59978.6ms dt=    0.2ms tid=ThreadId(684) materialize_done uri=nfs://DietPi.local/mnt/4TBP/Work/Arise2014/PNG/Pin-Pink2.png path=/home/peet/.cache/picasa-rs/source/5/40d9b6e73d46a875348ca9c0f9d33771b1805d3b0fb7e03465182295c09a38f7.png ms=4.1
NETWORK t= 59982.6ms dt=    4.0ms tid=ThreadId(684) read_start uri=nfs://DietPi.local/mnt/4TBP/Work/Arise2014/Wallpaper_Arise-Janike.jpg
NETWORK t= 59987.1ms dt=    4.5ms tid=ThreadId(685) materialize_start uri=nfs://DietPi.local/mnt/4TBP/Work/Arise2014/PNG/Girl.png
NETWORK t= 59987.2ms dt=    0.1ms tid=ThreadId(685) read_start uri=nfs://DietPi.local/mnt/4TBP/Work/Arise2014/PNG/Girl.png
NETWORK t= 60001.1ms dt=   13.9ms tid=ThreadId(684) nfs_helper_read_ok uri=nfs://DietPi.local/mnt/4TBP/Work/Arise2014/Wallpaper_Arise-Janike.jpg bytes=77724
NETWORK t= 60001.1ms dt=    0.0ms tid=ThreadId(684) read_done uri=nfs://DietPi.local/mnt/4TBP/Work/Arise2014/Wallpaper_Arise-Janike.jpg bytes=77724 ms=18.5
NETWORK t= 60008.0ms dt=    6.9ms tid=ThreadId(684) materialize_start uri=nfs://DietPi.local/mnt/4TBP/Work/Arise2014/Wallpaper_Arise-Janike.jpg
NETWORK t= 60008.0ms dt=    0.1ms tid=ThreadId(684) read_start uri=nfs://DietPi.local/mnt/4TBP/Work/Arise2014/Wallpaper_Arise-Janike.jpg
NETWORK t= 60071.4ms dt=   63.4ms tid=ThreadId(685) nfs_helper_read_ok uri=nfs://DietPi.local/mnt/4TBP/Work/Arise2014/PNG/Girl.png bytes=4222616
NETWORK t= 60071.4ms dt=    0.0ms tid=ThreadId(685) read_done uri=nfs://DietPi.local/mnt/4TBP/Work/Arise2014/PNG/Girl.png bytes=4222616 ms=84.2
NETWORK t= 60072.1ms dt=    0.7ms tid=ThreadId(685) materialize_done uri=nfs://DietPi.local/mnt/4TBP/Work/Arise2014/PNG/Girl.png path=/home/peet/.cache/picasa-rs/source/d/8fe9206f28d13e53530d3d935234fcca09f11bd282e14dbe4c47250c0f211d43.png ms=85.0
NETWORK t= 60074.7ms dt=    2.6ms tid=ThreadId(684) nfs_helper_read_ok uri=nfs://DietPi.local/mnt/4TBP/Work/Arise2014/Wallpaper_Arise-Janike.jpg bytes=77724
NETWORK t= 60074.7ms dt=    0.0ms tid=ThreadId(684) read_done uri=nfs://DietPi.local/mnt/4TBP/Work/Arise2014/Wallpaper_Arise-Janike.jpg bytes=77724 ms=66.7
NETWORK t= 60074.8ms dt=    0.1ms tid=ThreadId(684) materialize_done uri=nfs://DietPi.local/mnt/4TBP/Work/Arise2014/Wallpaper_Arise-Janike.jpg path=/home/peet/.cache/picasa-rs/source/e/82b2b92a594f26dfc9646b1595d5851624674e6f4b4b29b05686a88be7068b44.jpg ms=66.9
NETWORK t= 60077.4ms dt=    2.6ms tid=ThreadId(685) read_start uri=nfs://DietPi.local/mnt/4TBP/Work/Arise2014/PNG/Pins-Pink.png
NETWORK t= 60077.5ms dt=    0.1ms tid=ThreadId(684) read_start uri=nfs://DietPi.local/mnt/4TBP/Work/Arise2014/PNG/Girl2.png
NETWORK t= 60082.5ms dt=    5.0ms tid=ThreadId(685) nfs_helper_read_ok uri=nfs://DietPi.local/mnt/4TBP/Work/Arise2014/PNG/Pins-Pink.png bytes=145173
NETWORK t= 60082.5ms dt=    0.0ms tid=ThreadId(685) read_done uri=nfs://DietPi.local/mnt/4TBP/Work/Arise2014/PNG/Pins-Pink.png bytes=145173 ms=5.1
NETWORK t= 60086.6ms dt=    4.0ms tid=ThreadId(685) materialize_start uri=nfs://DietPi.local/mnt/4TBP/Work/Arise2014/PNG/Pins-Pink.png
NETWORK t= 60086.6ms dt=    0.1ms tid=ThreadId(685) read_start uri=nfs://DietPi.local/mnt/4TBP/Work/Arise2014/PNG/Pins-Pink.png
NETWORK t= 60168.3ms dt=   81.7ms tid=ThreadId(684) nfs_helper_read_ok uri=nfs://DietPi.local/mnt/4TBP/Work/Arise2014/PNG/Girl2.png bytes=4114893
NETWORK t= 60168.3ms dt=    0.0ms tid=ThreadId(684) read_done uri=nfs://DietPi.local/mnt/4TBP/Work/Arise2014/PNG/Girl2.png bytes=4114893 ms=90.8
NETWORK t= 60172.9ms dt=    4.5ms tid=ThreadId(685) nfs_helper_read_ok uri=nfs://DietPi.local/mnt/4TBP/Work/Arise2014/PNG/Pins-Pink.png bytes=145173
NETWORK t= 60172.9ms dt=    0.0ms tid=ThreadId(685) read_done uri=nfs://DietPi.local/mnt/4TBP/Work/Arise2014/PNG/Pins-Pink.png bytes=145173 ms=86.3
NETWORK t= 60173.1ms dt=    0.2ms tid=ThreadId(685) materialize_done uri=nfs://DietPi.local/mnt/4TBP/Work/Arise2014/PNG/Pins-Pink.png path=/home/peet/.cache/picasa-rs/source/b/120b7d9aa5a1541981b8d472dbb4df09cfff031da5778c18fb24db4d6bf313a5.png ms=86.5
NETWORK t= 60178.2ms dt=    5.1ms tid=ThreadId(685) read_start uri=nfs://DietPi.local/mnt/4TBP/Work/Arise2014/PNG/Arise-Logo-Colour-Purple.png
NETWORK t= 60199.1ms dt=   20.9ms tid=ThreadId(685) nfs_helper_read_ok uri=nfs://DietPi.local/mnt/4TBP/Work/Arise2014/PNG/Arise-Logo-Colour-Purple.png bytes=523254
NETWORK t= 60199.1ms dt=    0.0ms tid=ThreadId(685) read_done uri=nfs://DietPi.local/mnt/4TBP/Work/Arise2014/PNG/Arise-Logo-Colour-Purple.png bytes=523254 ms=20.9
NETWORK t= 60201.8ms dt=    2.7ms tid=ThreadId(684) materialize_start uri=nfs://DietPi.local/mnt/4TBP/Work/Arise2014/PNG/Girl2.png
NETWORK t= 60201.9ms dt=    0.1ms tid=ThreadId(684) read_start uri=nfs://DietPi.local/mnt/4TBP/Work/Arise2014/PNG/Girl2.png
NETWORK t= 60203.3ms dt=    1.5ms tid=ThreadId(685) materialize_start uri=nfs://DietPi.local/mnt/4TBP/Work/Arise2014/PNG/Arise-Logo-Colour-Purple.png
NETWORK t= 60203.4ms dt=    0.1ms tid=ThreadId(685) read_start uri=nfs://DietPi.local/mnt/4TBP/Work/Arise2014/PNG/Arise-Logo-Colour-Purple.png
NETWORK t= 60266.2ms dt=   62.8ms tid=ThreadId(684) nfs_helper_read_ok uri=nfs://DietPi.local/mnt/4TBP/Work/Arise2014/PNG/Girl2.png bytes=4114893
NETWORK t= 60266.2ms dt=    0.0ms tid=ThreadId(684) read_done uri=nfs://DietPi.local/mnt/4TBP/Work/Arise2014/PNG/Girl2.png bytes=4114893 ms=64.3
NETWORK t= 60267.0ms dt=    0.8ms tid=ThreadId(684) materialize_done uri=nfs://DietPi.local/mnt/4TBP/Work/Arise2014/PNG/Girl2.png path=/home/peet/.cache/picasa-rs/source/j/be0f3597d4f1d9f6a4edd59b866db1781e1c74cccb41d6af4f35bc5a0036f84c.png ms=65.1
NETWORK t= 60271.5ms dt=    4.6ms tid=ThreadId(684) read_start uri=nfs://DietPi.local/mnt/4TBP/Work/Arise2014/Arise2/Wallpapers-4.jpg
NETWORK t= 60276.5ms dt=    4.9ms tid=ThreadId(685) nfs_helper_read_ok uri=nfs://DietPi.local/mnt/4TBP/Work/Arise2014/PNG/Arise-Logo-Colour-Purple.png bytes=523254
NETWORK t= 60276.5ms dt=    0.0ms tid=ThreadId(685) read_done uri=nfs://DietPi.local/mnt/4TBP/Work/Arise2014/PNG/Arise-Logo-Colour-Purple.png bytes=523254 ms=73.1
NETWORK t= 60276.7ms dt=    0.2ms tid=ThreadId(685) materialize_done uri=nfs://DietPi.local/mnt/4TBP/Work/Arise2014/PNG/Arise-Logo-Colour-Purple.png path=/home/peet/.cache/picasa-rs/source/h/b7713b3642b17603de28aa6cba7bcdffe0fb04810d9a73750165567ca4ed7679.png ms=73.3
NETWORK t= 60278.7ms dt=    2.0ms tid=ThreadId(685) read_start uri=nfs://DietPi.local/mnt/4TBP/Work/Arise2014/Arise2/Wallpapers-5.jpg
NETWORK t= 60280.7ms dt=    2.0ms tid=ThreadId(684) nfs_helper_read_ok uri=nfs://DietPi.local/mnt/4TBP/Work/Arise2014/Arise2/Wallpapers-4.jpg bytes=96357
NETWORK t= 60280.7ms dt=    0.0ms tid=ThreadId(684) read_done uri=nfs://DietPi.local/mnt/4TBP/Work/Arise2014/Arise2/Wallpapers-4.jpg bytes=96357 ms=9.2
NETWORK t= 60283.3ms dt=    2.6ms tid=ThreadId(684) materialize_start uri=nfs://DietPi.local/mnt/4TBP/Work/Arise2014/Arise2/Wallpapers-4.jpg
NETWORK t= 60283.4ms dt=    0.1ms tid=ThreadId(684) read_start uri=nfs://DietPi.local/mnt/4TBP/Work/Arise2014/Arise2/Wallpapers-4.jpg
NETWORK t= 60284.9ms dt=    1.5ms tid=ThreadId(685) nfs_helper_read_ok uri=nfs://DietPi.local/mnt/4TBP/Work/Arise2014/Arise2/Wallpapers-5.jpg bytes=114862
NETWORK t= 60284.9ms dt=    0.0ms tid=ThreadId(685) read_done uri=nfs://DietPi.local/mnt/4TBP/Work/Arise2014/Arise2/Wallpapers-5.jpg bytes=114862 ms=6.2
NETWORK t= 60287.9ms dt=    3.0ms tid=ThreadId(685) materialize_start uri=nfs://DietPi.local/mnt/4TBP/Work/Arise2014/Arise2/Wallpapers-5.jpg
NETWORK t= 60287.9ms dt=    0.0ms tid=ThreadId(685) read_start uri=nfs://DietPi.local/mnt/4TBP/Work/Arise2014/Arise2/Wallpapers-5.jpg
NETWORK t= 60288.3ms dt=    0.3ms tid=ThreadId(684) nfs_helper_read_ok uri=nfs://DietPi.local/mnt/4TBP/Work/Arise2014/Arise2/Wallpapers-4.jpg bytes=96357
NETWORK t= 60288.3ms dt=    0.0ms tid=ThreadId(684) read_done uri=nfs://DietPi.local/mnt/4TBP/Work/Arise2014/Arise2/Wallpapers-4.jpg bytes=96357 ms=4.9
NETWORK t= 60288.4ms dt=    0.1ms tid=ThreadId(684) materialize_done uri=nfs://DietPi.local/mnt/4TBP/Work/Arise2014/Arise2/Wallpapers-4.jpg path=/home/peet/.cache/picasa-rs/source/i/b2f21b234cf5ccad46519e66b0386ac773754a8c418d212830f48419e90e9865.jpg ms=5.1
NETWORK t= 60290.8ms dt=    2.4ms tid=ThreadId(684) read_start uri=nfs://DietPi.local/mnt/4TBP/Work/Arise2014/Arise2/Wallpapers-8.jpg
NETWORK t= 60291.7ms dt=    1.0ms tid=ThreadId(685) nfs_helper_read_ok uri=nfs://DietPi.local/mnt/4TBP/Work/Arise2014/Arise2/Wallpapers-5.jpg bytes=114862
NETWORK t= 60291.8ms dt=    0.0ms tid=ThreadId(685) read_done uri=nfs://DietPi.local/mnt/4TBP/Work/Arise2014/Arise2/Wallpapers-5.jpg bytes=114862 ms=3.8
NETWORK t= 60291.9ms dt=    0.1ms tid=ThreadId(685) materialize_done uri=nfs://DietPi.local/mnt/4TBP/Work/Arise2014/Arise2/Wallpapers-5.jpg path=/home/peet/.cache/picasa-rs/source/0/9fc02c76526546b73483540bb6ed5f0810e6ab153e364f556fca225b52d5e97c.jpg ms=3.9
NETWORK t= 60293.8ms dt=    1.9ms tid=ThreadId(685) read_start uri=nfs://DietPi.local/mnt/4TBP/Work/Arise2014/Arise2/Wallpapers-1-2.jpg
NETWORK t= 60311.8ms dt=   18.1ms tid=ThreadId(684) nfs_helper_read_ok uri=nfs://DietPi.local/mnt/4TBP/Work/Arise2014/Arise2/Wallpapers-8.jpg bytes=146315
NETWORK t= 60311.9ms dt=    0.0ms tid=ThreadId(684) read_done uri=nfs://DietPi.local/mnt/4TBP/Work/Arise2014/Arise2/Wallpapers-8.jpg bytes=146315 ms=21.1
NETWORK t= 60315.0ms dt=    3.1ms tid=ThreadId(684) materialize_start uri=nfs://DietPi.local/mnt/4TBP/Work/Arise2014/Arise2/Wallpapers-8.jpg
NETWORK t= 60315.0ms dt=    0.1ms tid=ThreadId(684) read_start uri=nfs://DietPi.local/mnt/4TBP/Work/Arise2014/Arise2/Wallpapers-8.jpg
NETWORK t= 60324.7ms dt=    9.7ms tid=ThreadId(685) nfs_helper_read_ok uri=nfs://DietPi.local/mnt/4TBP/Work/Arise2014/Arise2/Wallpapers-1-2.jpg bytes=87616
NETWORK t= 60324.7ms dt=    0.0ms tid=ThreadId(685) read_done uri=nfs://DietPi.local/mnt/4TBP/Work/Arise2014/Arise2/Wallpapers-1-2.jpg bytes=87616 ms=30.9
NETWORK t= 60327.3ms dt=    2.6ms tid=ThreadId(685) materialize_start uri=nfs://DietPi.local/mnt/4TBP/Work/Arise2014/Arise2/Wallpapers-1-2.jpg
NETWORK t= 60327.4ms dt=    0.1ms tid=ThreadId(685) read_start uri=nfs://DietPi.local/mnt/4TBP/Work/Arise2014/Arise2/Wallpapers-1-2.jpg
NETWORK t= 60329.1ms dt=    1.7ms tid=ThreadId(684) nfs_helper_read_ok uri=nfs://DietPi.local/mnt/4TBP/Work/Arise2014/Arise2/Wallpapers-8.jpg bytes=146315
NETWORK t= 60329.1ms dt=    0.0ms tid=ThreadId(684) read_done uri=nfs://DietPi.local/mnt/4TBP/Work/Arise2014/Arise2/Wallpapers-8.jpg bytes=146315 ms=14.1
NETWORK t= 60329.2ms dt=    0.1ms tid=ThreadId(684) materialize_done uri=nfs://DietPi.local/mnt/4TBP/Work/Arise2014/Arise2/Wallpapers-8.jpg path=/home/peet/.cache/picasa-rs/source/p/846de5f2b78eef56659f095958249ec62d8e6d04ce9ec5f46279b3b92c0952c0.jpg ms=14.2
NETWORK t= 60331.4ms dt=    2.2ms tid=ThreadId(684) read_start uri=nfs://DietPi.local/mnt/4TBP/Work/Arise2014/Car-Branding.jpg
NETWORK t= 60332.4ms dt=    1.0ms tid=ThreadId(685) nfs_helper_read_ok uri=nfs://DietPi.local/mnt/4TBP/Work/Arise2014/Arise2/Wallpapers-1-2.jpg bytes=87616
NETWORK t= 60332.4ms dt=    0.0ms tid=ThreadId(685) read_done uri=nfs://DietPi.local/mnt/4TBP/Work/Arise2014/Arise2/Wallpapers-1-2.jpg bytes=87616 ms=5.0
NETWORK t= 60332.5ms dt=    0.1ms tid=ThreadId(685) materialize_done uri=nfs://DietPi.local/mnt/4TBP/Work/Arise2014/Arise2/Wallpapers-1-2.jpg path=/home/peet/.cache/picasa-rs/source/j/1987cc9af32a4685c5e31019e3a9efc48471c1194483d3c7c02a7bce4d9d0fc5.jpg ms=5.2
NETWORK t= 60334.5ms dt=    2.0ms tid=ThreadId(685) read_start uri=nfs://DietPi.local/mnt/4TBP/Work/Arise2014/Arise2/Wallpapers-7.jpg
NETWORK t= 60335.6ms dt=    1.0ms tid=ThreadId(684) nfs_helper_read_ok uri=nfs://DietPi.local/mnt/4TBP/Work/Arise2014/Car-Branding.jpg bytes=44991
NETWORK t= 60335.6ms dt=    0.0ms tid=ThreadId(684) read_done uri=nfs://DietPi.local/mnt/4TBP/Work/Arise2014/Car-Branding.jpg bytes=44991 ms=4.2
NETWORK t= 60338.4ms dt=    2.8ms tid=ThreadId(684) materialize_start uri=nfs://DietPi.local/mnt/4TBP/Work/Arise2014/Car-Branding.jpg
NETWORK t= 60338.4ms dt=    0.0ms tid=ThreadId(684) read_start uri=nfs://DietPi.local/mnt/4TBP/Work/Arise2014/Car-Branding.jpg
NETWORK t= 60343.5ms dt=    5.0ms tid=ThreadId(685) nfs_helper_read_ok uri=nfs://DietPi.local/mnt/4TBP/Work/Arise2014/Arise2/Wallpapers-7.jpg bytes=169223
NETWORK t= 60343.5ms dt=    0.0ms tid=ThreadId(685) read_done uri=nfs://DietPi.local/mnt/4TBP/Work/Arise2014/Arise2/Wallpapers-7.jpg bytes=169223 ms=8.9
NETWORK t= 60346.3ms dt=    2.8ms tid=ThreadId(684) nfs_helper_read_ok uri=nfs://DietPi.local/mnt/4TBP/Work/Arise2014/Car-Branding.jpg bytes=44991
NETWORK t= 60346.3ms dt=    0.0ms tid=ThreadId(684) read_done uri=nfs://DietPi.local/mnt/4TBP/Work/Arise2014/Car-Branding.jpg bytes=44991 ms=7.8
NETWORK t= 60346.4ms dt=    0.1ms tid=ThreadId(684) materialize_done uri=nfs://DietPi.local/mnt/4TBP/Work/Arise2014/Car-Branding.jpg path=/home/peet/.cache/picasa-rs/source/u/937ed17b5a7f841a02a40d1d98fea814cb606d22804a11cd686896e971ff2b83.jpg ms=8.0
NETWORK t= 60347.1ms dt=    0.7ms tid=ThreadId(685) materialize_start uri=nfs://DietPi.local/mnt/4TBP/Work/Arise2014/Arise2/Wallpapers-7.jpg
NETWORK t= 60347.1ms dt=    0.1ms tid=ThreadId(685) read_start uri=nfs://DietPi.local/mnt/4TBP/Work/Arise2014/Arise2/Wallpapers-7.jpg
NETWORK t= 60349.1ms dt=    2.0ms tid=ThreadId(684) read_start uri=nfs://DietPi.local/mnt/4TBP/Work/Arise2014/Arise2/Wallpapers-1-3.jpg
NETWORK t= 60352.0ms dt=    2.9ms tid=ThreadId(685) nfs_helper_read_ok uri=nfs://DietPi.local/mnt/4TBP/Work/Arise2014/Arise2/Wallpapers-7.jpg bytes=169223
NETWORK t= 60352.0ms dt=    0.0ms tid=ThreadId(685) read_done uri=nfs://DietPi.local/mnt/4TBP/Work/Arise2014/Arise2/Wallpapers-7.jpg bytes=169223 ms=4.9
NETWORK t= 60352.1ms dt=    0.1ms tid=ThreadId(685) materialize_done uri=nfs://DietPi.local/mnt/4TBP/Work/Arise2014/Arise2/Wallpapers-7.jpg path=/home/peet/.cache/picasa-rs/source/a/a5b26a2e2145bbd4a2fed26744de4042fe5a7fe077d707d9ee7dea4f06cf2775.jpg ms=5.0
NETWORK t= 60354.1ms dt=    2.1ms tid=ThreadId(685) read_start uri=nfs://DietPi.local/mnt/4TBP/Work/Arise2014/Arise2/Wallpapers-1-4.jpg
NETWORK t= 60367.1ms dt=   13.0ms tid=ThreadId(684) nfs_helper_read_ok uri=nfs://DietPi.local/mnt/4TBP/Work/Arise2014/Arise2/Wallpapers-1-3.jpg bytes=126265
NETWORK t= 60367.1ms dt=    0.0ms tid=ThreadId(684) read_done uri=nfs://DietPi.local/mnt/4TBP/Work/Arise2014/Arise2/Wallpapers-1-3.jpg bytes=126265 ms=18.1
NETWORK t= 60369.9ms dt=    2.7ms tid=ThreadId(684) materialize_start uri=nfs://DietPi.local/mnt/4TBP/Work/Arise2014/Arise2/Wallpapers-1-3.jpg
NETWORK t= 60369.9ms dt=    0.0ms tid=ThreadId(684) read_start uri=nfs://DietPi.local/mnt/4TBP/Work/Arise2014/Arise2/Wallpapers-1-3.jpg
NETWORK t= 60371.6ms dt=    1.7ms tid=ThreadId(685) nfs_helper_read_ok uri=nfs://DietPi.local/mnt/4TBP/Work/Arise2014/Arise2/Wallpapers-1-4.jpg bytes=93671
NETWORK t= 60371.6ms dt=    0.0ms tid=ThreadId(685) read_done uri=nfs://DietPi.local/mnt/4TBP/Work/Arise2014/Arise2/Wallpapers-1-4.jpg bytes=93671 ms=17.4
NETWORK t= 60373.7ms dt=    2.1ms tid=ThreadId(685) materialize_start uri=nfs://DietPi.local/mnt/4TBP/Work/Arise2014/Arise2/Wallpapers-1-4.jpg
NETWORK t= 60373.8ms dt=    0.1ms tid=ThreadId(685) read_start uri=nfs://DietPi.local/mnt/4TBP/Work/Arise2014/Arise2/Wallpapers-1-4.jpg
NETWORK t= 60375.8ms dt=    2.1ms tid=ThreadId(684) nfs_helper_read_ok uri=nfs://DietPi.local/mnt/4TBP/Work/Arise2014/Arise2/Wallpapers-1-3.jpg bytes=126265
NETWORK t= 60375.9ms dt=    0.0ms tid=ThreadId(684) read_done uri=nfs://DietPi.local/mnt/4TBP/Work/Arise2014/Arise2/Wallpapers-1-3.jpg bytes=126265 ms=5.9
NETWORK t= 60376.0ms dt=    0.1ms tid=ThreadId(684) materialize_done uri=nfs://DietPi.local/mnt/4TBP/Work/Arise2014/Arise2/Wallpapers-1-3.jpg path=/home/peet/.cache/picasa-rs/source/o/591c8f1ecaee4ce218fccddea60b1cda3fed9dfeddded381ed4e38e98147b52e.jpg ms=6.1
NETWORK t= 60378.1ms dt=    2.1ms tid=ThreadId(684) read_start uri=nfs://DietPi.local/mnt/4TBP/Work/Arise2014/Arise2/ARise-VIdeo.jpg
NETWORK t= 60379.5ms dt=    1.5ms tid=ThreadId(685) nfs_helper_read_ok uri=nfs://DietPi.local/mnt/4TBP/Work/Arise2014/Arise2/Wallpapers-1-4.jpg bytes=93671
NETWORK t= 60379.6ms dt=    0.0ms tid=ThreadId(685) read_done uri=nfs://DietPi.local/mnt/4TBP/Work/Arise2014/Arise2/Wallpapers-1-4.jpg bytes=93671 ms=5.8
NETWORK t= 60379.6ms dt=    0.1ms tid=ThreadId(685) materialize_done uri=nfs://DietPi.local/mnt/4TBP/Work/Arise2014/Arise2/Wallpapers-1-4.jpg path=/home/peet/.cache/picasa-rs/source/r/a9d7958a183817b95542440968910a85895f62c571fff58cc69db5fa4a35641c.jpg ms=5.9
NETWORK t= 60381.6ms dt=    1.9ms tid=ThreadId(685) read_start uri=nfs://DietPi.local/mnt/4TBP/Work/Arise2014/Arise2/Wallpapers-2.jpg
NETWORK t= 60386.1ms dt=    4.5ms tid=ThreadId(684) nfs_helper_read_ok uri=nfs://DietPi.local/mnt/4TBP/Work/Arise2014/Arise2/ARise-VIdeo.jpg bytes=256995
NETWORK t= 60386.1ms dt=    0.0ms tid=ThreadId(684) read_done uri=nfs://DietPi.local/mnt/4TBP/Work/Arise2014/Arise2/ARise-VIdeo.jpg bytes=256995 ms=8.0
NETWORK t= 60392.7ms dt=    6.6ms tid=ThreadId(684) materialize_start uri=nfs://DietPi.local/mnt/4TBP/Work/Arise2014/Arise2/ARise-VIdeo.jpg
NETWORK t= 60392.8ms dt=    0.0ms tid=ThreadId(684) read_start uri=nfs://DietPi.local/mnt/4TBP/Work/Arise2014/Arise2/ARise-VIdeo.jpg
NETWORK t= 60395.0ms dt=    2.2ms tid=ThreadId(685) nfs_helper_read_ok uri=nfs://DietPi.local/mnt/4TBP/Work/Arise2014/Arise2/Wallpapers-2.jpg bytes=176486
NETWORK t= 60395.0ms dt=    0.0ms tid=ThreadId(685) read_done uri=nfs://DietPi.local/mnt/4TBP/Work/Arise2014/Arise2/Wallpapers-2.jpg bytes=176486 ms=13.4
NETWORK t= 60398.7ms dt=    3.7ms tid=ThreadId(685) materialize_start uri=nfs://DietPi.local/mnt/4TBP/Work/Arise2014/Arise2/Wallpapers-2.jpg
NETWORK t= 60398.8ms dt=    0.1ms tid=ThreadId(685) read_start uri=nfs://DietPi.local/mnt/4TBP/Work/Arise2014/Arise2/Wallpapers-2.jpg
NETWORK t= 60400.8ms dt=    2.1ms tid=ThreadId(684) nfs_helper_read_ok uri=nfs://DietPi.local/mnt/4TBP/Work/Arise2014/Arise2/ARise-VIdeo.jpg bytes=256995
NETWORK t= 60400.9ms dt=    0.0ms tid=ThreadId(684) read_done uri=nfs://DietPi.local/mnt/4TBP/Work/Arise2014/Arise2/ARise-VIdeo.jpg bytes=256995 ms=8.1
NETWORK t= 60401.0ms dt=    0.2ms tid=ThreadId(684) materialize_done uri=nfs://DietPi.local/mnt/4TBP/Work/Arise2014/Arise2/ARise-VIdeo.jpg path=/home/peet/.cache/picasa-rs/source/4/c6b8ab13fd1709f4af73a16c1aca570af67d50ce1be0075c2ddfcb706f15bea3.jpg ms=8.3
NETWORK t= 60403.3ms dt=    2.3ms tid=ThreadId(684) read_start uri=nfs://DietPi.local/mnt/4TBP/Work/Arise2014/Arise2/Wallpapers-6.jpg
NETWORK t= 60405.8ms dt=    2.5ms tid=ThreadId(685) nfs_helper_read_ok uri=nfs://DietPi.local/mnt/4TBP/Work/Arise2014/Arise2/Wallpapers-2.jpg bytes=176486
NETWORK t= 60405.8ms dt=    0.0ms tid=ThreadId(685) read_done uri=nfs://DietPi.local/mnt/4TBP/Work/Arise2014/Arise2/Wallpapers-2.jpg bytes=176486 ms=7.0
NETWORK t= 60405.9ms dt=    0.1ms tid=ThreadId(685) materialize_done uri=nfs://DietPi.local/mnt/4TBP/Work/Arise2014/Arise2/Wallpapers-2.jpg path=/home/peet/.cache/picasa-rs/source/l/581dc50942ed4631f0c115c1af609c26be51fc5f75a436e6bc49772a322aa795.jpg ms=7.1
NETWORK t= 60408.4ms dt=    2.5ms tid=ThreadId(685) read_start uri=nfs://DietPi.local/mnt/4TBP/Work/Arise2014/Arise2/Wallpapers-3.jpg
NETWORK t= 60410.0ms dt=    1.6ms tid=ThreadId(684) nfs_helper_read_ok uri=nfs://DietPi.local/mnt/4TBP/Work/Arise2014/Arise2/Wallpapers-6.jpg bytes=91913
NETWORK t= 60410.0ms dt=    0.0ms tid=ThreadId(684) read_done uri=nfs://DietPi.local/mnt/4TBP/Work/Arise2014/Arise2/Wallpapers-6.jpg bytes=91913 ms=6.7
NETWORK t= 60412.3ms dt=    2.3ms tid=ThreadId(684) materialize_start uri=nfs://DietPi.local/mnt/4TBP/Work/Arise2014/Arise2/Wallpapers-6.jpg
NETWORK t= 60412.3ms dt=    0.0ms tid=ThreadId(684) read_start uri=nfs://DietPi.local/mnt/4TBP/Work/Arise2014/Arise2/Wallpapers-6.jpg
NETWORK t= 60414.1ms dt=    1.8ms tid=ThreadId(685) nfs_helper_read_ok uri=nfs://DietPi.local/mnt/4TBP/Work/Arise2014/Arise2/Wallpapers-3.jpg bytes=122596
NETWORK t= 60414.1ms dt=    0.0ms tid=ThreadId(685) read_done uri=nfs://DietPi.local/mnt/4TBP/Work/Arise2014/Arise2/Wallpapers-3.jpg bytes=122596 ms=5.7
NETWORK t= 60417.8ms dt=    3.7ms tid=ThreadId(685) materialize_start uri=nfs://DietPi.local/mnt/4TBP/Work/Arise2014/Arise2/Wallpapers-3.jpg
NETWORK t= 60417.9ms dt=    0.0ms tid=ThreadId(684) nfs_helper_read_ok uri=nfs://DietPi.local/mnt/4TBP/Work/Arise2014/Arise2/Wallpapers-6.jpg bytes=91913
NETWORK t= 60417.9ms dt=    0.0ms tid=ThreadId(684) read_done uri=nfs://DietPi.local/mnt/4TBP/Work/Arise2014/Arise2/Wallpapers-6.jpg bytes=91913 ms=5.5
NETWORK t= 60417.9ms dt=    0.0ms tid=ThreadId(685) read_start uri=nfs://DietPi.local/mnt/4TBP/Work/Arise2014/Arise2/Wallpapers-3.jpg
NETWORK t= 60418.0ms dt=    0.1ms tid=ThreadId(684) materialize_done uri=nfs://DietPi.local/mnt/4TBP/Work/Arise2014/Arise2/Wallpapers-6.jpg path=/home/peet/.cache/picasa-rs/source/r/a5e731074fd4aee8813b76c6bc76d99db54b1d7d8cc54b242f29734a880cd9aa.jpg ms=5.7
NETWORK t= 60420.3ms dt=    2.2ms tid=ThreadId(684) read_start uri=nfs://DietPi.local/mnt/4TBP/Work/Arise2014/AriseLogoConcept1-1.jpg
NETWORK t= 60422.1ms dt=    1.8ms tid=ThreadId(685) nfs_helper_read_ok uri=nfs://DietPi.local/mnt/4TBP/Work/Arise2014/Arise2/Wallpapers-3.jpg bytes=122596
NETWORK t= 60422.1ms dt=    0.0ms tid=ThreadId(685) read_done uri=nfs://DietPi.local/mnt/4TBP/Work/Arise2014/Arise2/Wallpapers-3.jpg bytes=122596 ms=4.1
NETWORK t= 60422.2ms dt=    0.1ms tid=ThreadId(685) materialize_done uri=nfs://DietPi.local/mnt/4TBP/Work/Arise2014/Arise2/Wallpapers-3.jpg path=/home/peet/.cache/picasa-rs/source/u/3c9668e67717ed6bad0bec0c32e107d47df3e4e587805a2f494e7d164e45f8cb.jpg ms=4.3
NETWORK t= 60424.4ms dt=    2.3ms tid=ThreadId(685) read_start uri=nfs://DietPi.local/mnt/4TBP/Work/Arise2014/Arise2/Wallpapers9.jpg
NETWORK t= 60425.2ms dt=    0.7ms tid=ThreadId(684) nfs_helper_read_ok uri=nfs://DietPi.local/mnt/4TBP/Work/Arise2014/AriseLogoConcept1-1.jpg bytes=26916
NETWORK t= 60425.2ms dt=    0.0ms tid=ThreadId(684) read_done uri=nfs://DietPi.local/mnt/4TBP/Work/Arise2014/AriseLogoConcept1-1.jpg bytes=26916 ms=4.9
NETWORK t= 60427.3ms dt=    2.1ms tid=ThreadId(684) materialize_start uri=nfs://DietPi.local/mnt/4TBP/Work/Arise2014/AriseLogoConcept1-1.jpg
NETWORK t= 60427.4ms dt=    0.0ms tid=ThreadId(684) read_start uri=nfs://DietPi.local/mnt/4TBP/Work/Arise2014/AriseLogoConcept1-1.jpg
NETWORK t= 60439.5ms dt=   12.1ms tid=ThreadId(685) nfs_helper_read_ok uri=nfs://DietPi.local/mnt/4TBP/Work/Arise2014/Arise2/Wallpapers9.jpg bytes=213939
NETWORK t= 60439.5ms dt=    0.0ms tid=ThreadId(685) read_done uri=nfs://DietPi.local/mnt/4TBP/Work/Arise2014/Arise2/Wallpapers9.jpg bytes=213939 ms=15.1
NETWORK t= 60442.4ms dt=    2.9ms tid=ThreadId(684) nfs_helper_read_ok uri=nfs://DietPi.local/mnt/4TBP/Work/Arise2014/AriseLogoConcept1-1.jpg bytes=26916
NETWORK t= 60442.4ms dt=    0.0ms tid=ThreadId(684) read_done uri=nfs://DietPi.local/mnt/4TBP/Work/Arise2014/AriseLogoConcept1-1.jpg bytes=26916 ms=15.1
NETWORK t= 60442.6ms dt=    0.1ms tid=ThreadId(684) materialize_done uri=nfs://DietPi.local/mnt/4TBP/Work/Arise2014/AriseLogoConcept1-1.jpg path=/home/peet/.cache/picasa-rs/source/6/27ae47fd47469e709b04828a2743fdca58cbcb45d8af9d6df6ecf0bd863cf994.jpg ms=15.2
NETWORK t= 60444.1ms dt=    1.6ms tid=ThreadId(685) materialize_start uri=nfs://DietPi.local/mnt/4TBP/Work/Arise2014/Arise2/Wallpapers9.jpg
NETWORK t= 60444.2ms dt=    0.0ms tid=ThreadId(685) read_start uri=nfs://DietPi.local/mnt/4TBP/Work/Arise2014/Arise2/Wallpapers9.jpg
NETWORK t= 60445.1ms dt=    0.9ms tid=ThreadId(684) read_start uri=nfs://DietPi.local/mnt/4TBP/Work/Arise2014/Shapes/Dancing-Girl-Silhouettes-with-Striped-Background/Dancing-Girl-Silhouettes-with-Striped-Background.png
NETWORK t= 60450.9ms dt=    5.8ms tid=ThreadId(685) nfs_helper_read_ok uri=nfs://DietPi.local/mnt/4TBP/Work/Arise2014/Arise2/Wallpapers9.jpg bytes=213939
NETWORK t= 60450.9ms dt=    0.0ms tid=ThreadId(685) read_done uri=nfs://DietPi.local/mnt/4TBP/Work/Arise2014/Arise2/Wallpapers9.jpg bytes=213939 ms=6.7
NETWORK t= 60451.0ms dt=    0.1ms tid=ThreadId(685) materialize_done uri=nfs://DietPi.local/mnt/4TBP/Work/Arise2014/Arise2/Wallpapers9.jpg path=/home/peet/.cache/picasa-rs/source/j/aa1768c7f495ab0a514b3012db5d522ea9fc2da2821d884ba1a4881e1305546b.jpg ms=6.9
NETWORK t= 60453.1ms dt=    2.1ms tid=ThreadId(685) read_start uri=nfs://DietPi.local/mnt/4TBP/Work/Arise2014/Corner%20Board/Loyiso%20Bala%20Folder/Links/Eastern3-Corner.jpg
NETWORK t= 60456.2ms dt=    3.1ms tid=ThreadId(684) nfs_helper_read_ok uri=nfs://DietPi.local/mnt/4TBP/Work/Arise2014/Shapes/Dancing-Girl-Silhouettes-with-Striped-Background/Dancing-Girl-Silhouettes-with-Striped-Background.png bytes=102841
NETWORK t= 60456.2ms dt=    0.0ms tid=ThreadId(684) read_done uri=nfs://DietPi.local/mnt/4TBP/Work/Arise2014/Shapes/Dancing-Girl-Silhouettes-with-Striped-Background/Dancing-Girl-Silhouettes-with-Striped-Background.png bytes=102841 ms=11.1
NETWORK t= 60457.7ms dt=    1.5ms tid=ThreadId(684) materialize_start uri=nfs://DietPi.local/mnt/4TBP/Work/Arise2014/Shapes/Dancing-Girl-Silhouettes-with-Striped-Background/Dancing-Girl-Silhouettes-with-Striped-Background.png
NETWORK t= 60457.8ms dt=    0.1ms tid=ThreadId(684) read_start uri=nfs://DietPi.local/mnt/4TBP/Work/Arise2014/Shapes/Dancing-Girl-Silhouettes-with-Striped-Background/Dancing-Girl-Silhouettes-with-Striped-Background.png
NETWORK t= 60476.6ms dt=   18.9ms tid=ThreadId(685) nfs_helper_read_ok uri=nfs://DietPi.local/mnt/4TBP/Work/Arise2014/Corner%20Board/Loyiso%20Bala%20Folder/Links/Eastern3-Corner.jpg bytes=381723
NETWORK t= 60476.7ms dt=    0.0ms tid=ThreadId(685) read_done uri=nfs://DietPi.local/mnt/4TBP/Work/Arise2014/Corner%20Board/Loyiso%20Bala%20Folder/Links/Eastern3-Corner.jpg bytes=381723 ms=23.5
NETWORK t= 60480.8ms dt=    4.2ms tid=ThreadId(684) nfs_helper_read_ok uri=nfs://DietPi.local/mnt/4TBP/Work/Arise2014/Shapes/Dancing-Girl-Silhouettes-with-Striped-Background/Dancing-Girl-Silhouettes-with-Striped-Background.png bytes=102841
NETWORK t= 60480.8ms dt=    0.0ms tid=ThreadId(684) read_done uri=nfs://DietPi.local/mnt/4TBP/Work/Arise2014/Shapes/Dancing-Girl-Silhouettes-with-Striped-Background/Dancing-Girl-Silhouettes-with-Striped-Background.png bytes=102841 ms=23.1
NETWORK t= 60481.0ms dt=    0.1ms tid=ThreadId(684) materialize_done uri=nfs://DietPi.local/mnt/4TBP/Work/Arise2014/Shapes/Dancing-Girl-Silhouettes-with-Striped-Background/Dancing-Girl-Silhouettes-with-Striped-Background.png path=/home/peet/.cache/picasa-rs/source/h/193defc9f5e59ef72525513e86e5d96ffd8a590973cd356866598e46f6d66772.png ms=23.3
NETWORK t= 60485.0ms dt=    4.1ms tid=ThreadId(684) read_start uri=nfs://DietPi.local/mnt/4TBP/Work/Arise2014/Launch/Poster%20A3-AriseFinal-Girl2.jpg
NETWORK t= 60497.7ms dt=   12.7ms tid=ThreadId(685) materialize_start uri=nfs://DietPi.local/mnt/4TBP/Work/Arise2014/Corner%20Board/Loyiso%20Bala%20Folder/Links/Eastern3-Corner.jpg
NETWORK t= 60497.8ms dt=    0.1ms tid=ThreadId(685) read_start uri=nfs://DietPi.local/mnt/4TBP/Work/Arise2014/Corner%20Board/Loyiso%20Bala%20Folder/Links/Eastern3-Corner.jpg
NETWORK t= 61104.6ms dt=  606.8ms tid=ThreadId(684) nfs_helper_read_ok uri=nfs://DietPi.local/mnt/4TBP/Work/Arise2014/Launch/Poster%20A3-AriseFinal-Girl2.jpg bytes=16907624
NETWORK t= 61104.6ms dt=    0.0ms tid=ThreadId(684) read_done uri=nfs://DietPi.local/mnt/4TBP/Work/Arise2014/Launch/Poster%20A3-AriseFinal-Girl2.jpg bytes=16907624 ms=619.5
NETWORK t= 61114.2ms dt=    9.6ms tid=ThreadId(685) nfs_helper_read_ok uri=nfs://DietPi.local/mnt/4TBP/Work/Arise2014/Corner%20Board/Loyiso%20Bala%20Folder/Links/Eastern3-Corner.jpg bytes=381723
NETWORK t= 61114.2ms dt=    0.0ms tid=ThreadId(685) read_done uri=nfs://DietPi.local/mnt/4TBP/Work/Arise2014/Corner%20Board/Loyiso%20Bala%20Folder/Links/Eastern3-Corner.jpg bytes=381723 ms=616.4
NETWORK t= 61114.4ms dt=    0.2ms tid=ThreadId(685) materialize_done uri=nfs://DietPi.local/mnt/4TBP/Work/Arise2014/Corner%20Board/Loyiso%20Bala%20Folder/Links/Eastern3-Corner.jpg path=/home/peet/.cache/picasa-rs/source/9/c4c579713c7993b0020e7bc5ab35564861c04854dcc527b4ff0eb63cca78e237.jpg ms=616.6
NETWORK t= 61116.6ms dt=    2.2ms tid=ThreadId(685) read_start uri=nfs://DietPi.local/mnt/4TBP/Work/Arise2014/Launch/Poster%20A3-AriseFinal-Girl.jpg
NETWORK t= 61272.4ms dt=  155.8ms tid=ThreadId(684) materialize_start uri=nfs://DietPi.local/mnt/4TBP/Work/Arise2014/Launch/Poster%20A3-AriseFinal-Girl2.jpg
NETWORK t= 61272.5ms dt=    0.1ms tid=ThreadId(684) read_start uri=nfs://DietPi.local/mnt/4TBP/Work/Arise2014/Launch/Poster%20A3-AriseFinal-Girl2.jpg
NETWORK t= 61465.4ms dt=  192.9ms tid=ThreadId(685) nfs_helper_read_ok uri=nfs://DietPi.local/mnt/4TBP/Work/Arise2014/Launch/Poster%20A3-AriseFinal-Girl.jpg bytes=16192957
NETWORK t= 61465.4ms dt=    0.0ms tid=ThreadId(685) read_done uri=nfs://DietPi.local/mnt/4TBP/Work/Arise2014/Launch/Poster%20A3-AriseFinal-Girl.jpg bytes=16192957 ms=348.8
NETWORK t= 61632.1ms dt=  166.8ms tid=ThreadId(685) materialize_start uri=nfs://DietPi.local/mnt/4TBP/Work/Arise2014/Launch/Poster%20A3-AriseFinal-Girl.jpg
NETWORK t= 61632.2ms dt=    0.1ms tid=ThreadId(685) read_start uri=nfs://DietPi.local/mnt/4TBP/Work/Arise2014/Launch/Poster%20A3-AriseFinal-Girl.jpg
NETWORK t= 61767.9ms dt=  135.7ms tid=ThreadId(684) nfs_helper_read_ok uri=nfs://DietPi.local/mnt/4TBP/Work/Arise2014/Launch/Poster%20A3-AriseFinal-Girl2.jpg bytes=16907624
NETWORK t= 61767.9ms dt=    0.0ms tid=ThreadId(684) read_done uri=nfs://DietPi.local/mnt/4TBP/Work/Arise2014/Launch/Poster%20A3-AriseFinal-Girl2.jpg bytes=16907624 ms=495.4
NETWORK t= 61771.5ms dt=    3.5ms tid=ThreadId(684) materialize_done uri=nfs://DietPi.local/mnt/4TBP/Work/Arise2014/Launch/Poster%20A3-AriseFinal-Girl2.jpg path=/home/peet/.cache/picasa-rs/source/b/88bbc2420b3661ca43a21269b66ffbd24f8dccfb1b5ae2482ca6dbad044f2d11.jpg ms=499.0
NETWORK t= 61783.2ms dt=   11.7ms tid=ThreadId(684) read_start uri=nfs://DietPi.local/mnt/4TBP/Work/Arise2014/Words/Words.jpg
NETWORK t= 62051.2ms dt=  268.0ms tid=ThreadId(685) nfs_helper_read_ok uri=nfs://DietPi.local/mnt/4TBP/Work/Arise2014/Launch/Poster%20A3-AriseFinal-Girl.jpg bytes=16192957
NETWORK t= 62051.2ms dt=    0.0ms tid=ThreadId(685) read_done uri=nfs://DietPi.local/mnt/4TBP/Work/Arise2014/Launch/Poster%20A3-AriseFinal-Girl.jpg bytes=16192957 ms=419.0
NETWORK t= 62053.4ms dt=    2.2ms tid=ThreadId(685) materialize_done uri=nfs://DietPi.local/mnt/4TBP/Work/Arise2014/Launch/Poster%20A3-AriseFinal-Girl.jpg path=/home/peet/.cache/picasa-rs/source/t/08692e5b2f9e31e62729b8e61e92460981b53c8f7ef3951c831a9d7a24aca851.jpg ms=421.2
NETWORK t= 62057.0ms dt=    3.6ms tid=ThreadId(684) nfs_helper_read_ok uri=nfs://DietPi.local/mnt/4TBP/Work/Arise2014/Words/Words.jpg bytes=110835
NETWORK t= 62057.0ms dt=    0.0ms tid=ThreadId(684) read_done uri=nfs://DietPi.local/mnt/4TBP/Work/Arise2014/Words/Words.jpg bytes=110835 ms=273.8
NETWORK t= 62062.5ms dt=    5.5ms tid=ThreadId(684) materialize_start uri=nfs://DietPi.local/mnt/4TBP/Work/Arise2014/Words/Words.jpg
NETWORK t= 62062.6ms dt=    0.1ms tid=ThreadId(684) read_start uri=nfs://DietPi.local/mnt/4TBP/Work/Arise2014/Words/Words.jpg
NETWORK t= 62064.4ms dt=    1.8ms tid=ThreadId(685) read_start uri=nfs://DietPi.local/mnt/4TBP/Work/Arise2014/Launch/Poster%20A3-AriseFinal.jpg
NETWORK t= 62067.9ms dt=    3.5ms tid=ThreadId(684) nfs_helper_read_ok uri=nfs://DietPi.local/mnt/4TBP/Work/Arise2014/Words/Words.jpg bytes=110835
NETWORK t= 62067.9ms dt=    0.0ms tid=ThreadId(684) read_done uri=nfs://DietPi.local/mnt/4TBP/Work/Arise2014/Words/Words.jpg bytes=110835 ms=5.3
NETWORK t= 62068.0ms dt=    0.1ms tid=ThreadId(684) materialize_done uri=nfs://DietPi.local/mnt/4TBP/Work/Arise2014/Words/Words.jpg path=/home/peet/.cache/picasa-rs/source/v/ec17a98b2221849e897365d136ce19f68ae441043547c8f75a0039a21100b1a6.jpg ms=5.5
NETWORK t= 62070.1ms dt=    2.1ms tid=ThreadId(684) read_start uri=nfs://DietPi.local/mnt/4TBP/Work/Arise2014/Arise-Logo4-1-C-vODEO.jpg
NETWORK t= 62090.1ms dt=   20.0ms tid=ThreadId(685) nfs_helper_read_ok uri=nfs://DietPi.local/mnt/4TBP/Work/Arise2014/Launch/Poster%20A3-AriseFinal.jpg bytes=277366
NETWORK t= 62090.1ms dt=    0.0ms tid=ThreadId(685) read_done uri=nfs://DietPi.local/mnt/4TBP/Work/Arise2014/Launch/Poster%20A3-AriseFinal.jpg bytes=277366 ms=25.7
NETWORK t= 62095.5ms dt=    5.4ms tid=ThreadId(684) nfs_helper_read_ok uri=nfs://DietPi.local/mnt/4TBP/Work/Arise2014/Arise-Logo4-1-C-vODEO.jpg bytes=104181
NETWORK t= 62095.5ms dt=    0.0ms tid=ThreadId(684) read_done uri=nfs://DietPi.local/mnt/4TBP/Work/Arise2014/Arise-Logo4-1-C-vODEO.jpg bytes=104181 ms=25.3
NETWORK t= 62095.8ms dt=    0.3ms tid=ThreadId(685) materialize_start uri=nfs://DietPi.local/mnt/4TBP/Work/Arise2014/Launch/Poster%20A3-AriseFinal.jpg
NETWORK t= 62095.8ms dt=    0.1ms tid=ThreadId(685) read_start uri=nfs://DietPi.local/mnt/4TBP/Work/Arise2014/Launch/Poster%20A3-AriseFinal.jpg
NETWORK t= 62101.1ms dt=    5.3ms tid=ThreadId(684) materialize_start uri=nfs://DietPi.local/mnt/4TBP/Work/Arise2014/Arise-Logo4-1-C-vODEO.jpg
NETWORK t= 62101.2ms dt=    0.0ms tid=ThreadId(684) read_start uri=nfs://DietPi.local/mnt/4TBP/Work/Arise2014/Arise-Logo4-1-C-vODEO.jpg
NETWORK t= 62103.3ms dt=    2.1ms tid=ThreadId(685) nfs_helper_read_ok uri=nfs://DietPi.local/mnt/4TBP/Work/Arise2014/Launch/Poster%20A3-AriseFinal.jpg bytes=277366
NETWORK t= 62103.3ms dt=    0.0ms tid=ThreadId(685) read_done uri=nfs://DietPi.local/mnt/4TBP/Work/Arise2014/Launch/Poster%20A3-AriseFinal.jpg bytes=277366 ms=7.5
NETWORK t= 62103.5ms dt=    0.1ms tid=ThreadId(685) materialize_done uri=nfs://DietPi.local/mnt/4TBP/Work/Arise2014/Launch/Poster%20A3-AriseFinal.jpg path=/home/peet/.cache/picasa-rs/source/y/d552cb2c376a330ad67598907eb9b2b0e7be0f87e32c7e4f88e6a5b097cf47ce.jpg ms=7.7
NETWORK t= 62106.4ms dt=    2.9ms tid=ThreadId(685) read_start uri=nfs://DietPi.local/mnt/4TBP/Work/Arise2014/Words/Words2.jpg
NETWORK t= 62107.7ms dt=    1.4ms tid=ThreadId(684) nfs_helper_read_ok uri=nfs://DietPi.local/mnt/4TBP/Work/Arise2014/Arise-Logo4-1-C-vODEO.jpg bytes=104181
NETWORK t= 62107.8ms dt=    0.0ms tid=ThreadId(684) read_done uri=nfs://DietPi.local/mnt/4TBP/Work/Arise2014/Arise-Logo4-1-C-vODEO.jpg bytes=104181 ms=6.6
NETWORK t= 62107.9ms dt=    0.1ms tid=ThreadId(684) materialize_done uri=nfs://DietPi.local/mnt/4TBP/Work/Arise2014/Arise-Logo4-1-C-vODEO.jpg path=/home/peet/.cache/picasa-rs/source/0/6c90891612492ddb2d3f3374dcbf75d35fd9c7f02e917d6201b5178508dd935c.jpg ms=6.7
NETWORK t= 62110.2ms dt=    2.3ms tid=ThreadId(684) read_start uri=nfs://DietPi.local/mnt/4TBP/Work/Arise2014/inDesign/Poster-A3-Final/Arise%20Master%20Files/Links/Pin-Pink2.png
NETWORK t= 62113.1ms dt=    2.9ms tid=ThreadId(685) nfs_helper_read_ok uri=nfs://DietPi.local/mnt/4TBP/Work/Arise2014/Words/Words2.jpg bytes=121927
NETWORK t= 62113.1ms dt=    0.0ms tid=ThreadId(685) read_done uri=nfs://DietPi.local/mnt/4TBP/Work/Arise2014/Words/Words2.jpg bytes=121927 ms=6.8
NETWORK t= 62118.5ms dt=    5.4ms tid=ThreadId(684) nfs_helper_read_ok uri=nfs://DietPi.local/mnt/4TBP/Work/Arise2014/inDesign/Poster-A3-Final/Arise%20Master%20Files/Links/Pin-Pink2.png bytes=129067
NETWORK t= 62118.5ms dt=    0.0ms tid=ThreadId(684) read_done uri=nfs://DietPi.local/mnt/4TBP/Work/Arise2014/inDesign/Poster-A3-Final/Arise%20Master%20Files/Links/Pin-Pink2.png bytes=129067 ms=8.4
NETWORK t= 62118.8ms dt=    0.3ms tid=ThreadId(685) materialize_start uri=nfs://DietPi.local/mnt/4TBP/Work/Arise2014/Words/Words2.jpg
NETWORK t= 62118.9ms dt=    0.1ms tid=ThreadId(685) read_start uri=nfs://DietPi.local/mnt/4TBP/Work/Arise2014/Words/Words2.jpg
NETWORK t= 62121.7ms dt=    2.8ms tid=ThreadId(684) materialize_start uri=nfs://DietPi.local/mnt/4TBP/Work/Arise2014/inDesign/Poster-A3-Final/Arise%20Master%20Files/Links/Pin-Pink2.png
NETWORK t= 62121.8ms dt=    0.1ms tid=ThreadId(684) read_start uri=nfs://DietPi.local/mnt/4TBP/Work/Arise2014/inDesign/Poster-A3-Final/Arise%20Master%20Files/Links/Pin-Pink2.png
NETWORK t= 62123.5ms dt=    1.7ms tid=ThreadId(685) nfs_helper_read_ok uri=nfs://DietPi.local/mnt/4TBP/Work/Arise2014/Words/Words2.jpg bytes=121927
NETWORK t= 62123.5ms dt=    0.0ms tid=ThreadId(685) read_done uri=nfs://DietPi.local/mnt/4TBP/Work/Arise2014/Words/Words2.jpg bytes=121927 ms=4.6
NETWORK t= 62123.6ms dt=    0.1ms tid=ThreadId(685) materialize_done uri=nfs://DietPi.local/mnt/4TBP/Work/Arise2014/Words/Words2.jpg path=/home/peet/.cache/picasa-rs/source/r/ccb7d95df7c2fe8e4af82a3cbae708ab178aa25be9e582d0d549da6f4724ee03.jpg ms=4.8
NETWORK t= 62127.5ms dt=    3.9ms tid=ThreadId(685) read_start uri=nfs://DietPi.local/mnt/4TBP/Work/Arise2014/inDesign/Poster-A3-Final/Arise%20Master%20Files/Links/Pins-Pink.png
NETWORK t= 62128.2ms dt=    0.7ms tid=ThreadId(684) nfs_helper_read_ok uri=nfs://DietPi.local/mnt/4TBP/Work/Arise2014/inDesign/Poster-A3-Final/Arise%20Master%20Files/Links/Pin-Pink2.png bytes=129067
NETWORK t= 62128.3ms dt=    0.0ms tid=ThreadId(684) read_done uri=nfs://DietPi.local/mnt/4TBP/Work/Arise2014/inDesign/Poster-A3-Final/Arise%20Master%20Files/Links/Pin-Pink2.png bytes=129067 ms=6.5
NETWORK t= 62128.4ms dt=    0.2ms tid=ThreadId(684) materialize_done uri=nfs://DietPi.local/mnt/4TBP/Work/Arise2014/inDesign/Poster-A3-Final/Arise%20Master%20Files/Links/Pin-Pink2.png path=/home/peet/.cache/picasa-rs/source/f/6c7ba5153bfed1596d7f12927059d7be1fa32c893f1c47b5ced81a50aec60c40.png ms=6.7
NETWORK t= 62132.4ms dt=    4.0ms tid=ThreadId(684) read_start uri=nfs://DietPi.local/mnt/4TBP/Work/Arise2014/inDesign/Poster-A3-Final/Arise%20Master%20Files/Links/Bokeh-Turquise.jpg
NETWORK t= 62134.6ms dt=    2.1ms tid=ThreadId(685) nfs_helper_read_ok uri=nfs://DietPi.local/mnt/4TBP/Work/Arise2014/inDesign/Poster-A3-Final/Arise%20Master%20Files/Links/Pins-Pink.png bytes=145173
NETWORK t= 62134.6ms dt=    0.0ms tid=ThreadId(685) read_done uri=nfs://DietPi.local/mnt/4TBP/Work/Arise2014/inDesign/Poster-A3-Final/Arise%20Master%20Files/Links/Pins-Pink.png bytes=145173 ms=7.0
NETWORK t= 62138.1ms dt=    3.5ms tid=ThreadId(685) materialize_start uri=nfs://DietPi.local/mnt/4TBP/Work/Arise2014/inDesign/Poster-A3-Final/Arise%20Master%20Files/Links/Pins-Pink.png
NETWORK t= 62138.1ms dt=    0.0ms tid=ThreadId(685) read_start uri=nfs://DietPi.local/mnt/4TBP/Work/Arise2014/inDesign/Poster-A3-Final/Arise%20Master%20Files/Links/Pins-Pink.png
NETWORK t= 62153.2ms dt=   15.1ms tid=ThreadId(684) nfs_helper_read_ok uri=nfs://DietPi.local/mnt/4TBP/Work/Arise2014/inDesign/Poster-A3-Final/Arise%20Master%20Files/Links/Bokeh-Turquise.jpg bytes=338756
NETWORK t= 62153.2ms dt=    0.0ms tid=ThreadId(684) read_done uri=nfs://DietPi.local/mnt/4TBP/Work/Arise2014/inDesign/Poster-A3-Final/Arise%20Master%20Files/Links/Bokeh-Turquise.jpg bytes=338756 ms=20.8
NETWORK t= 62158.8ms dt=    5.5ms tid=ThreadId(685) nfs_helper_read_ok uri=nfs://DietPi.local/mnt/4TBP/Work/Arise2014/inDesign/Poster-A3-Final/Arise%20Master%20Files/Links/Pins-Pink.png bytes=145173
NETWORK t= 62158.8ms dt=    0.0ms tid=ThreadId(685) read_done uri=nfs://DietPi.local/mnt/4TBP/Work/Arise2014/inDesign/Poster-A3-Final/Arise%20Master%20Files/Links/Pins-Pink.png bytes=145173 ms=20.6
NETWORK t= 62159.0ms dt=    0.2ms tid=ThreadId(685) materialize_done uri=nfs://DietPi.local/mnt/4TBP/Work/Arise2014/inDesign/Poster-A3-Final/Arise%20Master%20Files/Links/Pins-Pink.png path=/home/peet/.cache/picasa-rs/source/l/3e85b15e9680e9c93e86a9a5552e636c019f4bc1c778a966e081419a6b113cca.png ms=20.8
NETWORK t= 62162.6ms dt=    3.6ms tid=ThreadId(685) read_start uri=nfs://DietPi.local/mnt/4TBP/Work/Arise2014/inDesign/Poster-A3-Final/Arise%20Master%20Files/Links/Girl2.png
NETWORK t= 62182.1ms dt=   19.5ms tid=ThreadId(684) materialize_start uri=nfs://DietPi.local/mnt/4TBP/Work/Arise2014/inDesign/Poster-A3-Final/Arise%20Master%20Files/Links/Bokeh-Turquise.jpg
NETWORK t= 62182.1ms dt=    0.1ms tid=ThreadId(684) read_start uri=nfs://DietPi.local/mnt/4TBP/Work/Arise2014/inDesign/Poster-A3-Final/Arise%20Master%20Files/Links/Bokeh-Turquise.jpg
NETWORK t= 62252.9ms dt=   70.8ms tid=ThreadId(685) nfs_helper_read_ok uri=nfs://DietPi.local/mnt/4TBP/Work/Arise2014/inDesign/Poster-A3-Final/Arise%20Master%20Files/Links/Girl2.png bytes=4114893
NETWORK t= 62253.0ms dt=    0.0ms tid=ThreadId(685) read_done uri=nfs://DietPi.local/mnt/4TBP/Work/Arise2014/inDesign/Poster-A3-Final/Arise%20Master%20Files/Links/Girl2.png bytes=4114893 ms=90.4
NETWORK t= 62262.2ms dt=    9.2ms tid=ThreadId(684) nfs_helper_read_ok uri=nfs://DietPi.local/mnt/4TBP/Work/Arise2014/inDesign/Poster-A3-Final/Arise%20Master%20Files/Links/Bokeh-Turquise.jpg bytes=338756
NETWORK t= 62262.2ms dt=    0.0ms tid=ThreadId(684) read_done uri=nfs://DietPi.local/mnt/4TBP/Work/Arise2014/inDesign/Poster-A3-Final/Arise%20Master%20Files/Links/Bokeh-Turquise.jpg bytes=338756 ms=80.0
NETWORK t= 62262.4ms dt=    0.2ms tid=ThreadId(684) materialize_done uri=nfs://DietPi.local/mnt/4TBP/Work/Arise2014/inDesign/Poster-A3-Final/Arise%20Master%20Files/Links/Bokeh-Turquise.jpg path=/home/peet/.cache/picasa-rs/source/y/1192bae9f5d88fe369d620940c731e93e48ddfc1380241a1d149cac05d08537b.jpg ms=80.3
NETWORK t= 62265.8ms dt=    3.4ms tid=ThreadId(684) read_start uri=nfs://DietPi.local/mnt/4TBP/Work/Arise2014/img_large_watermarked%20(1).jpg
NETWORK t= 62286.4ms dt=   20.5ms tid=ThreadId(684) nfs_helper_read_ok uri=nfs://DietPi.local/mnt/4TBP/Work/Arise2014/img_large_watermarked%20(1).jpg bytes=11213
NETWORK t= 62286.4ms dt=    0.0ms tid=ThreadId(684) read_done uri=nfs://DietPi.local/mnt/4TBP/Work/Arise2014/img_large_watermarked%20(1).jpg bytes=11213 ms=20.6
NETWORK t= 62286.5ms dt=    0.1ms tid=ThreadId(685) materialize_start uri=nfs://DietPi.local/mnt/4TBP/Work/Arise2014/inDesign/Poster-A3-Final/Arise%20Master%20Files/Links/Girl2.png
NETWORK t= 62286.5ms dt=    0.1ms tid=ThreadId(685) read_start uri=nfs://DietPi.local/mnt/4TBP/Work/Arise2014/inDesign/Poster-A3-Final/Arise%20Master%20Files/Links/Girl2.png
NETWORK t= 62287.2ms dt=    0.6ms tid=ThreadId(684) materialize_start uri=nfs://DietPi.local/mnt/4TBP/Work/Arise2014/img_large_watermarked%20(1).jpg
NETWORK t= 62287.3ms dt=    0.1ms tid=ThreadId(684) read_start uri=nfs://DietPi.local/mnt/4TBP/Work/Arise2014/img_large_watermarked%20(1).jpg
NETWORK t= 62363.4ms dt=   76.1ms tid=ThreadId(685) nfs_helper_read_ok uri=nfs://DietPi.local/mnt/4TBP/Work/Arise2014/inDesign/Poster-A3-Final/Arise%20Master%20Files/Links/Girl2.png bytes=4114893
NETWORK t= 62363.4ms dt=    0.0ms tid=ThreadId(685) read_done uri=nfs://DietPi.local/mnt/4TBP/Work/Arise2014/inDesign/Poster-A3-Final/Arise%20Master%20Files/Links/Girl2.png bytes=4114893 ms=76.9
NETWORK t= 62364.0ms dt=    0.6ms tid=ThreadId(685) materialize_done uri=nfs://DietPi.local/mnt/4TBP/Work/Arise2014/inDesign/Poster-A3-Final/Arise%20Master%20Files/Links/Girl2.png path=/home/peet/.cache/picasa-rs/source/a/264ab2ec4b832d876cfd8bab6db7496eddfc81d4b0dab2331b8a505b89b1c3e6.png ms=77.5
NETWORK t= 62366.6ms dt=    2.6ms tid=ThreadId(684) nfs_helper_read_ok uri=nfs://DietPi.local/mnt/4TBP/Work/Arise2014/img_large_watermarked%20(1).jpg bytes=11213
NETWORK t= 62366.6ms dt=    0.0ms tid=ThreadId(684) read_done uri=nfs://DietPi.local/mnt/4TBP/Work/Arise2014/img_large_watermarked%20(1).jpg bytes=11213 ms=79.4
NETWORK t= 62366.7ms dt=    0.1ms tid=ThreadId(684) materialize_done uri=nfs://DietPi.local/mnt/4TBP/Work/Arise2014/img_large_watermarked%20(1).jpg path=/home/peet/.cache/picasa-rs/source/u/0d32689d44bf7dde72640a6f2ec1fb6667a99dc6a89bfbfec269cbe3257cefa0.jpg ms=79.5
NETWORK t= 62368.2ms dt=    1.4ms tid=ThreadId(685) read_start uri=nfs://DietPi.local/mnt/4TBP/Work/Arise2014/hc-2014-white-large.jpg
NETWORK t= 62369.2ms dt=    1.0ms tid=ThreadId(684) read_start uri=nfs://DietPi.local/mnt/4TBP/Work/Arise2014/Wallpaper-PC-1366x768-Purple.jpg
NETWORK t= 62371.8ms dt=    2.6ms tid=ThreadId(685) nfs_helper_read_ok uri=nfs://DietPi.local/mnt/4TBP/Work/Arise2014/hc-2014-white-large.jpg bytes=12138
NETWORK t= 62371.8ms dt=    0.0ms tid=ThreadId(685) read_done uri=nfs://DietPi.local/mnt/4TBP/Work/Arise2014/hc-2014-white-large.jpg bytes=12138 ms=3.6
NETWORK t= 62373.1ms dt=    1.3ms tid=ThreadId(685) materialize_start uri=nfs://DietPi.local/mnt/4TBP/Work/Arise2014/hc-2014-white-large.jpg
NETWORK t= 62373.1ms dt=    0.0ms tid=ThreadId(685) read_start uri=nfs://DietPi.local/mnt/4TBP/Work/Arise2014/hc-2014-white-large.jpg
NETWORK t= 62383.6ms dt=   10.5ms tid=ThreadId(684) nfs_helper_read_ok uri=nfs://DietPi.local/mnt/4TBP/Work/Arise2014/Wallpaper-PC-1366x768-Purple.jpg bytes=182430
NETWORK t= 62383.6ms dt=    0.0ms tid=ThreadId(684) read_done uri=nfs://DietPi.local/mnt/4TBP/Work/Arise2014/Wallpaper-PC-1366x768-Purple.jpg bytes=182430 ms=14.4
NETWORK t= 62386.7ms dt=    3.1ms tid=ThreadId(685) nfs_helper_read_ok uri=nfs://DietPi.local/mnt/4TBP/Work/Arise2014/hc-2014-white-large.jpg bytes=12138
NETWORK t= 62386.7ms dt=    0.0ms tid=ThreadId(685) read_done uri=nfs://DietPi.local/mnt/4TBP/Work/Arise2014/hc-2014-white-large.jpg bytes=12138 ms=13.6
NETWORK t= 62386.9ms dt=    0.1ms tid=ThreadId(685) materialize_done uri=nfs://DietPi.local/mnt/4TBP/Work/Arise2014/hc-2014-white-large.jpg path=/home/peet/.cache/picasa-rs/source/7/f9c743efaf25e9937c515aba4ab82b3af01d3c3ab007c59d408fc8117b83d241.jpg ms=13.8
NETWORK t= 62390.3ms dt=    3.5ms tid=ThreadId(685) read_start uri=nfs://DietPi.local/mnt/4TBP/Work/Arise2014/Wallpaper-with-Words-from-the-poem-IF-by-Rudyard-Kipling.jpg
NETWORK t= 62393.7ms dt=    3.4ms tid=ThreadId(684) materialize_start uri=nfs://DietPi.local/mnt/4TBP/Work/Arise2014/Wallpaper-PC-1366x768-Purple.jpg
NETWORK t= 62393.8ms dt=    0.1ms tid=ThreadId(684) read_start uri=nfs://DietPi.local/mnt/4TBP/Work/Arise2014/Wallpaper-PC-1366x768-Purple.jpg
NETWORK t= 62397.8ms dt=    4.0ms tid=ThreadId(685) nfs_helper_read_ok uri=nfs://DietPi.local/mnt/4TBP/Work/Arise2014/Wallpaper-with-Words-from-the-poem-IF-by-Rudyard-Kipling.jpg bytes=70330
NETWORK t= 62397.8ms dt=    0.0ms tid=ThreadId(685) read_done uri=nfs://DietPi.local/mnt/4TBP/Work/Arise2014/Wallpaper-with-Words-from-the-poem-IF-by-Rudyard-Kipling.jpg bytes=70330 ms=7.5
NETWORK t= 62401.4ms dt=    3.6ms tid=ThreadId(685) materialize_start uri=nfs://DietPi.local/mnt/4TBP/Work/Arise2014/Wallpaper-with-Words-from-the-poem-IF-by-Rudyard-Kipling.jpg
NETWORK t= 62401.5ms dt=    0.1ms tid=ThreadId(685) read_start uri=nfs://DietPi.local/mnt/4TBP/Work/Arise2014/Wallpaper-with-Words-from-the-poem-IF-by-Rudyard-Kipling.jpg
NETWORK t= 62404.0ms dt=    2.5ms tid=ThreadId(684) nfs_helper_read_ok uri=nfs://DietPi.local/mnt/4TBP/Work/Arise2014/Wallpaper-PC-1366x768-Purple.jpg bytes=182430
NETWORK t= 62404.0ms dt=    0.0ms tid=ThreadId(684) read_done uri=nfs://DietPi.local/mnt/4TBP/Work/Arise2014/Wallpaper-PC-1366x768-Purple.jpg bytes=182430 ms=10.2
NETWORK t= 62404.1ms dt=    0.1ms tid=ThreadId(684) materialize_done uri=nfs://DietPi.local/mnt/4TBP/Work/Arise2014/Wallpaper-PC-1366x768-Purple.jpg path=/home/peet/.cache/picasa-rs/source/s/ac3c6e7be8c0b786e6a8cb718a9f3a016c7be462537275325e66c5949a959f88.jpg ms=10.4
NETWORK t= 62406.0ms dt=    1.9ms tid=ThreadId(684) read_start uri=nfs://DietPi.local/mnt/4TBP/Work/Arise2014/Arise-Logo4.jpg
NETWORK t= 62407.9ms dt=    1.8ms tid=ThreadId(685) nfs_helper_read_ok uri=nfs://DietPi.local/mnt/4TBP/Work/Arise2014/Wallpaper-with-Words-from-the-poem-IF-by-Rudyard-Kipling.jpg bytes=70330
NETWORK t= 62407.9ms dt=    0.0ms tid=ThreadId(685) read_done uri=nfs://DietPi.local/mnt/4TBP/Work/Arise2014/Wallpaper-with-Words-from-the-poem-IF-by-Rudyard-Kipling.jpg bytes=70330 ms=6.4
NETWORK t= 62408.0ms dt=    0.1ms tid=ThreadId(685) materialize_done uri=nfs://DietPi.local/mnt/4TBP/Work/Arise2014/Wallpaper-with-Words-from-the-poem-IF-by-Rudyard-Kipling.jpg path=/home/peet/.cache/picasa-rs/source/2/891ed392d3d7acfddc3504b4461523864d6efd8a21e95a99e4661f530c306628.jpg ms=6.5
NETWORK t= 62410.9ms dt=    2.9ms tid=ThreadId(685) read_start uri=nfs://DietPi.local/mnt/4TBP/Work/Arise2014/7773834-silhouettes-of-woman-praying.jpg
NETWORK t= 62411.8ms dt=    0.9ms tid=ThreadId(684) nfs_helper_read_ok uri=nfs://DietPi.local/mnt/4TBP/Work/Arise2014/Arise-Logo4.jpg bytes=38985
NETWORK t= 62411.8ms dt=    0.0ms tid=ThreadId(684) read_done uri=nfs://DietPi.local/mnt/4TBP/Work/Arise2014/Arise-Logo4.jpg bytes=38985 ms=5.8
NETWORK t= 62414.3ms dt=    2.5ms tid=ThreadId(684) materialize_start uri=nfs://DietPi.local/mnt/4TBP/Work/Arise2014/Arise-Logo4.jpg
NETWORK t= 62414.4ms dt=    0.0ms tid=ThreadId(684) read_start uri=nfs://DietPi.local/mnt/4TBP/Work/Arise2014/Arise-Logo4.jpg
NETWORK t= 62415.6ms dt=    1.2ms tid=ThreadId(685) nfs_helper_read_ok uri=nfs://DietPi.local/mnt/4TBP/Work/Arise2014/7773834-silhouettes-of-woman-praying.jpg bytes=22664
NETWORK t= 62415.6ms dt=    0.0ms tid=ThreadId(685) read_done uri=nfs://DietPi.local/mnt/4TBP/Work/Arise2014/7773834-silhouettes-of-woman-praying.jpg bytes=22664 ms=4.6
NETWORK t= 62417.2ms dt=    1.6ms tid=ThreadId(685) materialize_start uri=nfs://DietPi.local/mnt/4TBP/Work/Arise2014/7773834-silhouettes-of-woman-praying.jpg
NETWORK t= 62417.2ms dt=    0.0ms tid=ThreadId(685) read_start uri=nfs://DietPi.local/mnt/4TBP/Work/Arise2014/7773834-silhouettes-of-woman-praying.jpg
NETWORK t= 62419.1ms dt=    1.9ms tid=ThreadId(684) nfs_helper_read_ok uri=nfs://DietPi.local/mnt/4TBP/Work/Arise2014/Arise-Logo4.jpg bytes=38985
NETWORK t= 62419.1ms dt=    0.0ms tid=ThreadId(684) read_done uri=nfs://DietPi.local/mnt/4TBP/Work/Arise2014/Arise-Logo4.jpg bytes=38985 ms=4.8
NETWORK t= 62419.2ms dt=    0.1ms tid=ThreadId(684) materialize_done uri=nfs://DietPi.local/mnt/4TBP/Work/Arise2014/Arise-Logo4.jpg path=/home/peet/.cache/picasa-rs/source/o/e8d406b42e2e5f98e5c967c5ed553cafc75f6fefa2c15172b5d44218b506ff7a.jpg ms=4.9
NETWORK t= 62421.4ms dt=    2.2ms tid=ThreadId(684) read_start uri=nfs://DietPi.local/mnt/4TBP/Work/Arise2014/stock-vector-vector-silhouette-of-girl-jumping-up-in-the-air-116475568.jpg
NETWORK t= 62422.2ms dt=    0.8ms tid=ThreadId(685) nfs_helper_read_ok uri=nfs://DietPi.local/mnt/4TBP/Work/Arise2014/7773834-silhouettes-of-woman-praying.jpg bytes=22664
NETWORK t= 62422.2ms dt=    0.0ms tid=ThreadId(685) read_done uri=nfs://DietPi.local/mnt/4TBP/Work/Arise2014/7773834-silhouettes-of-woman-praying.jpg bytes=22664 ms=5.0
NETWORK t= 62422.3ms dt=    0.1ms tid=ThreadId(685) materialize_done uri=nfs://DietPi.local/mnt/4TBP/Work/Arise2014/7773834-silhouettes-of-woman-praying.jpg path=/home/peet/.cache/picasa-rs/source/l/539dbb3b25b70f52ad51a48cef7b586f8a2c21bac7487c6c183512edc0e8f625.jpg ms=5.1
NETWORK t= 62425.8ms dt=    3.4ms tid=ThreadId(685) read_start uri=nfs://DietPi.local/mnt/4TBP/Work/Arise2014/download.jpg
NETWORK t= 62425.9ms dt=    0.1ms tid=ThreadId(684) nfs_helper_read_ok uri=nfs://DietPi.local/mnt/4TBP/Work/Arise2014/stock-vector-vector-silhouette-of-girl-jumping-up-in-the-air-116475568.jpg bytes=18343
NETWORK t= 62425.9ms dt=    0.0ms tid=ThreadId(684) read_done uri=nfs://DietPi.local/mnt/4TBP/Work/Arise2014/stock-vector-vector-silhouette-of-girl-jumping-up-in-the-air-116475568.jpg bytes=18343 ms=4.5
NETWORK t= 62426.5ms dt=    0.5ms tid=ThreadId(684) materialize_start uri=nfs://DietPi.local/mnt/4TBP/Work/Arise2014/stock-vector-vector-silhouette-of-girl-jumping-up-in-the-air-116475568.jpg
NETWORK t= 62426.5ms dt=    0.1ms tid=ThreadId(684) read_start uri=nfs://DietPi.local/mnt/4TBP/Work/Arise2014/stock-vector-vector-silhouette-of-girl-jumping-up-in-the-air-116475568.jpg
NETWORK t= 62445.8ms dt=   19.2ms tid=ThreadId(685) nfs_helper_read_ok uri=nfs://DietPi.local/mnt/4TBP/Work/Arise2014/download.jpg bytes=5733
NETWORK t= 62445.8ms dt=    0.0ms tid=ThreadId(685) read_done uri=nfs://DietPi.local/mnt/4TBP/Work/Arise2014/download.jpg bytes=5733 ms=20.0
NETWORK t= 62446.1ms dt=    0.3ms tid=ThreadId(685) materialize_start uri=nfs://DietPi.local/mnt/4TBP/Work/Arise2014/download.jpg
NETWORK t= 62446.2ms dt=    0.0ms tid=ThreadId(685) read_start uri=nfs://DietPi.local/mnt/4TBP/Work/Arise2014/download.jpg
NETWORK t= 62449.1ms dt=    2.9ms tid=ThreadId(684) nfs_helper_read_ok uri=nfs://DietPi.local/mnt/4TBP/Work/Arise2014/stock-vector-vector-silhouette-of-girl-jumping-up-in-the-air-116475568.jpg bytes=18343
NETWORK t= 62449.1ms dt=    0.0ms tid=ThreadId(684) read_done uri=nfs://DietPi.local/mnt/4TBP/Work/Arise2014/stock-vector-vector-silhouette-of-girl-jumping-up-in-the-air-116475568.jpg bytes=18343 ms=22.6
NETWORK t= 62449.2ms dt=    0.1ms tid=ThreadId(684) materialize_done uri=nfs://DietPi.local/mnt/4TBP/Work/Arise2014/stock-vector-vector-silhouette-of-girl-jumping-up-in-the-air-116475568.jpg path=/home/peet/.cache/picasa-rs/source/q/f33e4e74e0fc26c3942e2d31023efec736499c2d071f2ca693cdae8d653a4f32.jpg ms=22.7
NETWORK t= 62452.1ms dt=    2.9ms tid=ThreadId(685) nfs_helper_read_ok uri=nfs://DietPi.local/mnt/4TBP/Work/Arise2014/download.jpg bytes=5733
NETWORK t= 62452.1ms dt=    0.0ms tid=ThreadId(685) read_done uri=nfs://DietPi.local/mnt/4TBP/Work/Arise2014/download.jpg bytes=5733 ms=6.0
NETWORK t= 62452.3ms dt=    0.1ms tid=ThreadId(685) materialize_done uri=nfs://DietPi.local/mnt/4TBP/Work/Arise2014/download.jpg path=/home/peet/.cache/picasa-rs/source/p/216d8b193cea3823d894e3b07e514dbf10e875c58f052e150ce0c0e8073d7064.jpg ms=6.1
NETWORK t= 62452.5ms dt=    0.2ms tid=ThreadId(684) read_start uri=nfs://DietPi.local/mnt/4TBP/Work/Arise2014/a4f486884cb230c583f6f443cc89d2cd.jpg
NETWORK t= 62455.6ms dt=    3.1ms tid=ThreadId(685) read_start uri=nfs://DietPi.local/mnt/4TBP/Work/Arise2014/jumping-people-silhouettes-c2a9-biansho.jpg
NETWORK t= 62456.5ms dt=    0.9ms tid=ThreadId(684) nfs_helper_read_ok uri=nfs://DietPi.local/mnt/4TBP/Work/Arise2014/a4f486884cb230c583f6f443cc89d2cd.jpg bytes=51821
NETWORK t= 62456.5ms dt=    0.0ms tid=ThreadId(684) read_done uri=nfs://DietPi.local/mnt/4TBP/Work/Arise2014/a4f486884cb230c583f6f443cc89d2cd.jpg bytes=51821 ms=4.1
NETWORK t= 62457.6ms dt=    1.0ms tid=ThreadId(684) materialize_start uri=nfs://DietPi.local/mnt/4TBP/Work/Arise2014/a4f486884cb230c583f6f443cc89d2cd.jpg
NETWORK t= 62457.6ms dt=    0.1ms tid=ThreadId(684) read_start uri=nfs://DietPi.local/mnt/4TBP/Work/Arise2014/a4f486884cb230c583f6f443cc89d2cd.jpg
NETWORK t= 62467.1ms dt=    9.4ms tid=ThreadId(685) nfs_helper_read_ok uri=nfs://DietPi.local/mnt/4TBP/Work/Arise2014/jumping-people-silhouettes-c2a9-biansho.jpg bytes=370290
NETWORK t= 62467.1ms dt=    0.0ms tid=ThreadId(685) read_done uri=nfs://DietPi.local/mnt/4TBP/Work/Arise2014/jumping-people-silhouettes-c2a9-biansho.jpg bytes=370290 ms=11.5
NETWORK t= 62470.4ms dt=    3.4ms tid=ThreadId(684) nfs_helper_read_ok uri=nfs://DietPi.local/mnt/4TBP/Work/Arise2014/a4f486884cb230c583f6f443cc89d2cd.jpg bytes=51821
NETWORK t= 62470.5ms dt=    0.0ms tid=ThreadId(684) read_done uri=nfs://DietPi.local/mnt/4TBP/Work/Arise2014/a4f486884cb230c583f6f443cc89d2cd.jpg bytes=51821 ms=12.8
NETWORK t= 62470.6ms dt=    0.1ms tid=ThreadId(684) materialize_done uri=nfs://DietPi.local/mnt/4TBP/Work/Arise2014/a4f486884cb230c583f6f443cc89d2cd.jpg path=/home/peet/.cache/picasa-rs/source/j/ea7f83ad0d7d0faabf99174a73163153fcd2bfe8e8651eab10d7fddf1fb3496d.jpg ms=13.0
NETWORK t= 62474.9ms dt=    4.3ms tid=ThreadId(684) read_start uri=nfs://DietPi.local/mnt/4TBP/Work/Arise2014/Arise-Logo4-1-c22222.jpg
NETWORK t= 62475.2ms dt=    0.3ms tid=ThreadId(685) materialize_start uri=nfs://DietPi.local/mnt/4TBP/Work/Arise2014/jumping-people-silhouettes-c2a9-biansho.jpg
NETWORK t= 62475.3ms dt=    0.0ms tid=ThreadId(685) read_start uri=nfs://DietPi.local/mnt/4TBP/Work/Arise2014/jumping-people-silhouettes-c2a9-biansho.jpg
NETWORK t= 62480.5ms dt=    5.2ms tid=ThreadId(684) nfs_helper_read_ok uri=nfs://DietPi.local/mnt/4TBP/Work/Arise2014/Arise-Logo4-1-c22222.jpg bytes=111553
NETWORK t= 62480.5ms dt=    0.0ms tid=ThreadId(684) read_done uri=nfs://DietPi.local/mnt/4TBP/Work/Arise2014/Arise-Logo4-1-c22222.jpg bytes=111553 ms=5.6
NETWORK t= 62488.9ms dt=    8.4ms tid=ThreadId(684) materialize_start uri=nfs://DietPi.local/mnt/4TBP/Work/Arise2014/Arise-Logo4-1-c22222.jpg
NETWORK t= 62488.9ms dt=    0.1ms tid=ThreadId(684) read_start uri=nfs://DietPi.local/mnt/4TBP/Work/Arise2014/Arise-Logo4-1-c22222.jpg
NETWORK t= 62489.9ms dt=    1.0ms tid=ThreadId(685) nfs_helper_read_ok uri=nfs://DietPi.local/mnt/4TBP/Work/Arise2014/jumping-people-silhouettes-c2a9-biansho.jpg bytes=370290
NETWORK t= 62490.0ms dt=    0.0ms tid=ThreadId(685) read_done uri=nfs://DietPi.local/mnt/4TBP/Work/Arise2014/jumping-people-silhouettes-c2a9-biansho.jpg bytes=370290 ms=14.7
NETWORK t= 62490.1ms dt=    0.2ms tid=ThreadId(685) materialize_done uri=nfs://DietPi.local/mnt/4TBP/Work/Arise2014/jumping-people-silhouettes-c2a9-biansho.jpg path=/home/peet/.cache/picasa-rs/source/4/793c60c83aef2ca51467c41faeccb31dd834212a5965389cb6e963a9f65199a0.jpg ms=14.9
NETWORK t= 62493.8ms dt=    3.7ms tid=ThreadId(685) read_start uri=nfs://DietPi.local/mnt/4TBP/Work/Arise2014/nature-all-summer-morning-sun-rise-287728.jpg
NETWORK t= 62494.3ms dt=    0.5ms tid=ThreadId(684) nfs_helper_read_ok uri=nfs://DietPi.local/mnt/4TBP/Work/Arise2014/Arise-Logo4-1-c22222.jpg bytes=111553
NETWORK t= 62494.3ms dt=    0.0ms tid=ThreadId(684) read_done uri=nfs://DietPi.local/mnt/4TBP/Work/Arise2014/Arise-Logo4-1-c22222.jpg bytes=111553 ms=5.3
NETWORK t= 62494.4ms dt=    0.1ms tid=ThreadId(684) materialize_done uri=nfs://DietPi.local/mnt/4TBP/Work/Arise2014/Arise-Logo4-1-c22222.jpg path=/home/peet/.cache/picasa-rs/source/9/72c9351cb291a210688f9b271353df7ea9df7ac428f8ded12f2541e7b3b2a77c.jpg ms=5.5
NETWORK t= 62496.3ms dt=    1.9ms tid=ThreadId(684) read_start uri=nfs://DietPi.local/mnt/4TBP/Work/Arise2014/AriseLogoConcept1-NoText.jpg
NETWORK t= 62502.9ms dt=    6.6ms tid=ThreadId(685) nfs_helper_read_ok uri=nfs://DietPi.local/mnt/4TBP/Work/Arise2014/nature-all-summer-morning-sun-rise-287728.jpg bytes=304710
NETWORK t= 62502.9ms dt=    0.0ms tid=ThreadId(685) read_done uri=nfs://DietPi.local/mnt/4TBP/Work/Arise2014/nature-all-summer-morning-sun-rise-287728.jpg bytes=304710 ms=9.1
NETWORK t= 62506.4ms dt=    3.5ms tid=ThreadId(684) nfs_helper_read_ok uri=nfs://DietPi.local/mnt/4TBP/Work/Arise2014/AriseLogoConcept1-NoText.jpg bytes=26438
NETWORK t= 62506.4ms dt=    0.0ms tid=ThreadId(684) read_done uri=nfs://DietPi.local/mnt/4TBP/Work/Arise2014/AriseLogoConcept1-NoText.jpg bytes=26438 ms=10.1
NETWORK t= 62509.5ms dt=    3.1ms tid=ThreadId(684) materialize_start uri=nfs://DietPi.local/mnt/4TBP/Work/Arise2014/AriseLogoConcept1-NoText.jpg
NETWORK t= 62509.6ms dt=    0.1ms tid=ThreadId(684) read_start uri=nfs://DietPi.local/mnt/4TBP/Work/Arise2014/AriseLogoConcept1-NoText.jpg
NETWORK t= 62512.8ms dt=    3.2ms tid=ThreadId(684) nfs_helper_read_ok uri=nfs://DietPi.local/mnt/4TBP/Work/Arise2014/AriseLogoConcept1-NoText.jpg bytes=26438
NETWORK t= 62512.8ms dt=    0.0ms tid=ThreadId(684) read_done uri=nfs://DietPi.local/mnt/4TBP/Work/Arise2014/AriseLogoConcept1-NoText.jpg bytes=26438 ms=3.2
NETWORK t= 62513.0ms dt=    0.1ms tid=ThreadId(684) materialize_done uri=nfs://DietPi.local/mnt/4TBP/Work/Arise2014/AriseLogoConcept1-NoText.jpg path=/home/peet/.cache/picasa-rs/source/v/72739c9f89929fd2fd19aeed7134fa24d13667606d57a303e8fdf2d8dd7a88b8.jpg ms=3.4
NETWORK t= 62515.3ms dt=    2.3ms tid=ThreadId(684) read_start uri=nfs://DietPi.local/mnt/4TBP/Work/Arise2014/Wallpaper---Karin---Mountain2.jpg
NETWORK t= 62517.9ms dt=    2.6ms tid=ThreadId(685) materialize_start uri=nfs://DietPi.local/mnt/4TBP/Work/Arise2014/nature-all-summer-morning-sun-rise-287728.jpg
NETWORK t= 62517.9ms dt=    0.0ms tid=ThreadId(685) read_start uri=nfs://DietPi.local/mnt/4TBP/Work/Arise2014/nature-all-summer-morning-sun-rise-287728.jpg
NETWORK t= 62532.2ms dt=   14.3ms tid=ThreadId(684) nfs_helper_read_ok uri=nfs://DietPi.local/mnt/4TBP/Work/Arise2014/Wallpaper---Karin---Mountain2.jpg bytes=702756
NETWORK t= 62532.2ms dt=    0.0ms tid=ThreadId(684) read_done uri=nfs://DietPi.local/mnt/4TBP/Work/Arise2014/Wallpaper---Karin---Mountain2.jpg bytes=702756 ms=16.9
NETWORK t= 62540.4ms dt=    8.2ms tid=ThreadId(685) nfs_helper_read_ok uri=nfs://DietPi.local/mnt/4TBP/Work/Arise2014/nature-all-summer-morning-sun-rise-287728.jpg bytes=304710
NETWORK t= 62540.4ms dt=    0.0ms tid=ThreadId(685) read_done uri=nfs://DietPi.local/mnt/4TBP/Work/Arise2014/nature-all-summer-morning-sun-rise-287728.jpg bytes=304710 ms=22.5
NETWORK t= 62540.6ms dt=    0.2ms tid=ThreadId(685) materialize_done uri=nfs://DietPi.local/mnt/4TBP/Work/Arise2014/nature-all-summer-morning-sun-rise-287728.jpg path=/home/peet/.cache/picasa-rs/source/h/595dfcbee9334aa6ac72c5792e1c9b5f9ceffe4f7e35674c3e093a251d31e7bf.jpg ms=22.7
NETWORK t= 62544.1ms dt=    3.5ms tid=ThreadId(685) read_start uri=nfs://DietPi.local/mnt/4TBP/Work/Arise2014/Wallpapers2.jpg
NETWORK t= 62549.1ms dt=    4.9ms tid=ThreadId(685) nfs_helper_read_ok uri=nfs://DietPi.local/mnt/4TBP/Work/Arise2014/Wallpapers2.jpg bytes=84230
NETWORK t= 62549.1ms dt=    0.0ms tid=ThreadId(685) read_done uri=nfs://DietPi.local/mnt/4TBP/Work/Arise2014/Wallpapers2.jpg bytes=84230 ms=4.9
NETWORK t= 62557.0ms dt=    7.9ms tid=ThreadId(685) materialize_start uri=nfs://DietPi.local/mnt/4TBP/Work/Arise2014/Wallpapers2.jpg
NETWORK t= 62557.0ms dt=    0.1ms tid=ThreadId(685) read_start uri=nfs://DietPi.local/mnt/4TBP/Work/Arise2014/Wallpapers2.jpg
NETWORK t= 62562.2ms dt=    5.1ms tid=ThreadId(685) nfs_helper_read_ok uri=nfs://DietPi.local/mnt/4TBP/Work/Arise2014/Wallpapers2.jpg bytes=84230
NETWORK t= 62562.2ms dt=    0.0ms tid=ThreadId(685) read_done uri=nfs://DietPi.local/mnt/4TBP/Work/Arise2014/Wallpapers2.jpg bytes=84230 ms=5.1
NETWORK t= 62562.3ms dt=    0.1ms tid=ThreadId(685) materialize_done uri=nfs://DietPi.local/mnt/4TBP/Work/Arise2014/Wallpapers2.jpg path=/home/peet/.cache/picasa-rs/source/y/f202151155f6f933c19d7f00c5c149c63a84f0924e59a303e42a9eb1c70ad09b.jpg ms=5.3
NETWORK t= 62564.2ms dt=    1.9ms tid=ThreadId(685) read_start uri=nfs://DietPi.local/mnt/4TBP/Work/Arise2014/soworthloving-wallpaper.jpg
NETWORK t= 62568.3ms dt=    4.1ms tid=ThreadId(684) materialize_start uri=nfs://DietPi.local/mnt/4TBP/Work/Arise2014/Wallpaper---Karin---Mountain2.jpg
NETWORK t= 62568.4ms dt=    0.1ms tid=ThreadId(684) read_start uri=nfs://DietPi.local/mnt/4TBP/Work/Arise2014/Wallpaper---Karin---Mountain2.jpg
NETWORK t= 62579.1ms dt=   10.8ms tid=ThreadId(685) nfs_helper_read_ok uri=nfs://DietPi.local/mnt/4TBP/Work/Arise2014/soworthloving-wallpaper.jpg bytes=26897
NETWORK t= 62579.1ms dt=    0.0ms tid=ThreadId(685) read_done uri=nfs://DietPi.local/mnt/4TBP/Work/Arise2014/soworthloving-wallpaper.jpg bytes=26897 ms=14.9
NETWORK t= 62580.9ms dt=    1.8ms tid=ThreadId(685) materialize_start uri=nfs://DietPi.local/mnt/4TBP/Work/Arise2014/soworthloving-wallpaper.jpg
NETWORK t= 62581.0ms dt=    0.1ms tid=ThreadId(685) read_start uri=nfs://DietPi.local/mnt/4TBP/Work/Arise2014/soworthloving-wallpaper.jpg
NETWORK t= 62594.1ms dt=   13.1ms tid=ThreadId(684) nfs_helper_read_ok uri=nfs://DietPi.local/mnt/4TBP/Work/Arise2014/Wallpaper---Karin---Mountain2.jpg bytes=702756
NETWORK t= 62594.2ms dt=    0.0ms tid=ThreadId(684) read_done uri=nfs://DietPi.local/mnt/4TBP/Work/Arise2014/Wallpaper---Karin---Mountain2.jpg bytes=702756 ms=25.8
NETWORK t= 62594.3ms dt=    0.2ms tid=ThreadId(684) materialize_done uri=nfs://DietPi.local/mnt/4TBP/Work/Arise2014/Wallpaper---Karin---Mountain2.jpg path=/home/peet/.cache/picasa-rs/source/g/83b0a5867f7bda4b0fb8311e403231c2196eb2b7f60978636b8d1fc2b1b39bb5.jpg ms=26.0
NETWORK t= 62596.8ms dt=    2.5ms tid=ThreadId(685) nfs_helper_read_ok uri=nfs://DietPi.local/mnt/4TBP/Work/Arise2014/soworthloving-wallpaper.jpg bytes=26897
NETWORK t= 62596.9ms dt=    0.0ms tid=ThreadId(685) read_done uri=nfs://DietPi.local/mnt/4TBP/Work/Arise2014/soworthloving-wallpaper.jpg bytes=26897 ms=15.9
NETWORK t= 62597.0ms dt=    0.1ms tid=ThreadId(685) materialize_done uri=nfs://DietPi.local/mnt/4TBP/Work/Arise2014/soworthloving-wallpaper.jpg path=/home/peet/.cache/picasa-rs/source/8/faa0e9b942a84a839e5bf4b889510b6c64ac2c8cd7b1529561d64445c526504a.jpg ms=16.0
NETWORK t= 62597.8ms dt=    0.8ms tid=ThreadId(684) read_start uri=nfs://DietPi.local/mnt/4TBP/Work/Arise2014/Arise-Logo4-1-2.jpg
NETWORK t= 62599.3ms dt=    1.6ms tid=ThreadId(685) read_start uri=nfs://DietPi.local/mnt/4TBP/Work/Arise2014/Image1.jpg
NETWORK t= 62603.0ms dt=    3.6ms tid=ThreadId(684) nfs_helper_read_ok uri=nfs://DietPi.local/mnt/4TBP/Work/Arise2014/Arise-Logo4-1-2.jpg bytes=70753
NETWORK t= 62603.0ms dt=    0.0ms tid=ThreadId(684) read_done uri=nfs://DietPi.local/mnt/4TBP/Work/Arise2014/Arise-Logo4-1-2.jpg bytes=70753 ms=5.2
NETWORK t= 62606.4ms dt=    3.4ms tid=ThreadId(684) materialize_start uri=nfs://DietPi.local/mnt/4TBP/Work/Arise2014/Arise-Logo4-1-2.jpg
NETWORK t= 62606.4ms dt=    0.0ms tid=ThreadId(684) read_start uri=nfs://DietPi.local/mnt/4TBP/Work/Arise2014/Arise-Logo4-1-2.jpg
NETWORK t= 62617.2ms dt=   10.7ms tid=ThreadId(685) nfs_helper_read_ok uri=nfs://DietPi.local/mnt/4TBP/Work/Arise2014/Image1.jpg bytes=33873
NETWORK t= 62617.2ms dt=    0.0ms tid=ThreadId(685) read_done uri=nfs://DietPi.local/mnt/4TBP/Work/Arise2014/Image1.jpg bytes=33873 ms=17.8
NETWORK t= 62618.2ms dt=    1.0ms tid=ThreadId(685) materialize_start uri=nfs://DietPi.local/mnt/4TBP/Work/Arise2014/Image1.jpg
NETWORK t= 62618.2ms dt=    0.1ms tid=ThreadId(685) read_start uri=nfs://DietPi.local/mnt/4TBP/Work/Arise2014/Image1.jpg
NETWORK t= 62621.6ms dt=    3.3ms tid=ThreadId(684) nfs_helper_read_ok uri=nfs://DietPi.local/mnt/4TBP/Work/Arise2014/Arise-Logo4-1-2.jpg bytes=70753
NETWORK t= 62621.6ms dt=    0.0ms tid=ThreadId(684) read_done uri=nfs://DietPi.local/mnt/4TBP/Work/Arise2014/Arise-Logo4-1-2.jpg bytes=70753 ms=15.1
NETWORK t= 62621.7ms dt=    0.1ms tid=ThreadId(684) materialize_done uri=nfs://DietPi.local/mnt/4TBP/Work/Arise2014/Arise-Logo4-1-2.jpg path=/home/peet/.cache/picasa-rs/source/z/3d2b43f85723402f647807e2fa85ed2fd10daab84537da674cfea084fb5d14f8.jpg ms=15.3
NETWORK t= 62623.4ms dt=    1.7ms tid=ThreadId(684) read_start uri=nfs://DietPi.local/mnt/4TBP/Work/Arise2014/girl_silhouette.jpg
NETWORK t= 62624.7ms dt=    1.3ms tid=ThreadId(685) nfs_helper_read_ok uri=nfs://DietPi.local/mnt/4TBP/Work/Arise2014/Image1.jpg bytes=33873
NETWORK t= 62624.7ms dt=    0.0ms tid=ThreadId(685) read_done uri=nfs://DietPi.local/mnt/4TBP/Work/Arise2014/Image1.jpg bytes=33873 ms=6.5
NETWORK t= 62624.9ms dt=    0.1ms tid=ThreadId(685) materialize_done uri=nfs://DietPi.local/mnt/4TBP/Work/Arise2014/Image1.jpg path=/home/peet/.cache/picasa-rs/source/r/71bbb4e3bff2b51793330ae6d5b0e2a7c4d46aa93766a9792ec2a59cd3ba2a7f.jpg ms=6.7
NETWORK t= 62638.8ms dt=   14.0ms tid=ThreadId(684) nfs_helper_read_ok uri=nfs://DietPi.local/mnt/4TBP/Work/Arise2014/girl_silhouette.jpg bytes=115112
NETWORK t= 62638.9ms dt=    0.0ms tid=ThreadId(684) read_done uri=nfs://DietPi.local/mnt/4TBP/Work/Arise2014/girl_silhouette.jpg bytes=115112 ms=15.4
NETWORK t= 62641.3ms dt=    2.5ms tid=ThreadId(684) materialize_start uri=nfs://DietPi.local/mnt/4TBP/Work/Arise2014/girl_silhouette.jpg
NETWORK t= 62641.4ms dt=    0.1ms tid=ThreadId(684) read_start uri=nfs://DietPi.local/mnt/4TBP/Work/Arise2014/girl_silhouette.jpg
NETWORK t= 62646.6ms dt=    5.2ms tid=ThreadId(684) nfs_helper_read_ok uri=nfs://DietPi.local/mnt/4TBP/Work/Arise2014/girl_silhouette.jpg bytes=115112
NETWORK t= 62646.6ms dt=    0.0ms tid=ThreadId(684) read_done uri=nfs://DietPi.local/mnt/4TBP/Work/Arise2014/girl_silhouette.jpg bytes=115112 ms=5.2
NETWORK t= 62646.7ms dt=    0.1ms tid=ThreadId(684) materialize_done uri=nfs://DietPi.local/mnt/4TBP/Work/Arise2014/girl_silhouette.jpg path=/home/peet/.cache/picasa-rs/source/g/659817b17fea0a8f8896cab1891ecf1dbc7654762a824385724b747728f8f2e4.jpg ms=5.4
NETWORK t= 62650.6ms dt=    3.9ms tid=ThreadId(1089) read_start uri=nfs://DietPi.local/mnt/4TBP/Work/Arise2014/The-female-models-blank-trend-short-sleeved-t-shirt-template-GoMedia-produced-psd-layered-material-8-47186.jpg
NETWORK t= 62654.9ms dt=    4.3ms tid=ThreadId(1089) nfs_helper_read_ok uri=nfs://DietPi.local/mnt/4TBP/Work/Arise2014/The-female-models-blank-trend-short-sleeved-t-shirt-template-GoMedia-produced-psd-layered-material-8-47186.jpg bytes=23139
NETWORK t= 62654.9ms dt=    0.0ms tid=ThreadId(1089) read_done uri=nfs://DietPi.local/mnt/4TBP/Work/Arise2014/The-female-models-blank-trend-short-sleeved-t-shirt-template-GoMedia-produced-psd-layered-material-8-47186.jpg bytes=23139 ms=4.3
NETWORK t= 62656.4ms dt=    1.5ms tid=ThreadId(1089) materialize_start uri=nfs://DietPi.local/mnt/4TBP/Work/Arise2014/The-female-models-blank-trend-short-sleeved-t-shirt-template-GoMedia-produced-psd-layered-material-8-47186.jpg
NETWORK t= 62656.5ms dt=    0.1ms tid=ThreadId(1089) read_start uri=nfs://DietPi.local/mnt/4TBP/Work/Arise2014/The-female-models-blank-trend-short-sleeved-t-shirt-template-GoMedia-produced-psd-layered-material-8-47186.jpg
NETWORK t= 62659.5ms dt=    3.1ms tid=ThreadId(1088) read_start uri=nfs://DietPi.local/mnt/4TBP/Work/Arise2014/Arise%20Logo/Forms/Arise-Registration-Form-2013-4.jpg
NETWORK t= 62660.1ms dt=    0.6ms tid=ThreadId(1089) nfs_helper_read_ok uri=nfs://DietPi.local/mnt/4TBP/Work/Arise2014/The-female-models-blank-trend-short-sleeved-t-shirt-template-GoMedia-produced-psd-layered-material-8-47186.jpg bytes=23139
NETWORK t= 62660.1ms dt=    0.0ms tid=ThreadId(1089) read_done uri=nfs://DietPi.local/mnt/4TBP/Work/Arise2014/The-female-models-blank-trend-short-sleeved-t-shirt-template-GoMedia-produced-psd-layered-material-8-47186.jpg bytes=23139 ms=3.6
NETWORK t= 62660.2ms dt=    0.1ms tid=ThreadId(1089) materialize_done uri=nfs://DietPi.local/mnt/4TBP/Work/Arise2014/The-female-models-blank-trend-short-sleeved-t-shirt-template-GoMedia-produced-psd-layered-material-8-47186.jpg path=/home/peet/.cache/picasa-rs/source/8/a298089ba9a6a1563b79fac319d4befef530ffcc8148aaa58b6955e7058cf8fa.jpg ms=3.8
NETWORK t= 62663.3ms dt=    3.1ms tid=ThreadId(1089) read_start uri=nfs://DietPi.local/mnt/4TBP/Work/Arise2014/inDesign/Poster%20A3-AriseFina2l.jpg
NETWORK t= 62688.4ms dt=   25.1ms tid=ThreadId(1088) nfs_helper_read_ok uri=nfs://DietPi.local/mnt/4TBP/Work/Arise2014/Arise%20Logo/Forms/Arise-Registration-Form-2013-4.jpg bytes=759784
NETWORK t= 62688.4ms dt=    0.0ms tid=ThreadId(1088) read_done uri=nfs://DietPi.local/mnt/4TBP/Work/Arise2014/Arise%20Logo/Forms/Arise-Registration-Form-2013-4.jpg bytes=759784 ms=28.9
NETWORK t= 62733.5ms dt=   45.1ms tid=ThreadId(1089) nfs_helper_read_ok uri=nfs://DietPi.local/mnt/4TBP/Work/Arise2014/inDesign/Poster%20A3-AriseFina2l.jpg bytes=1933915
NETWORK t= 62733.5ms dt=    0.0ms tid=ThreadId(1089) read_done uri=nfs://DietPi.local/mnt/4TBP/Work/Arise2014/inDesign/Poster%20A3-AriseFina2l.jpg bytes=1933915 ms=70.2
NETWORK t= 62745.2ms dt=   11.7ms tid=ThreadId(1088) materialize_start uri=nfs://DietPi.local/mnt/4TBP/Work/Arise2014/Arise%20Logo/Forms/Arise-Registration-Form-2013-4.jpg
NETWORK t= 62745.3ms dt=    0.1ms tid=ThreadId(1088) read_start uri=nfs://DietPi.local/mnt/4TBP/Work/Arise2014/Arise%20Logo/Forms/Arise-Registration-Form-2013-4.jpg
NETWORK t= 62752.3ms dt=    6.9ms tid=ThreadId(685) read_start uri=nfs://DietPi.local/mnt/4TBP/Work/Arise2014/inDesign/Magnet%20Folder/Magnet.jpg
NETWORK t= 62752.5ms dt=    0.2ms tid=ThreadId(684) read_start uri=nfs://DietPi.local/mnt/4TBP/Work/Arise2014/inDesign/Poster%20A3-Poster-Mar2014/Links/Young-WOmen2.png
NETWORK t= 62763.6ms dt=   11.1ms tid=ThreadId(1088) nfs_helper_read_ok uri=nfs://DietPi.local/mnt/4TBP/Work/Arise2014/Arise%20Logo/Forms/Arise-Registration-Form-2013-4.jpg bytes=759784
NETWORK t= 62763.6ms dt=    0.0ms tid=ThreadId(1088) read_done uri=nfs://DietPi.local/mnt/4TBP/Work/Arise2014/Arise%20Logo/Forms/Arise-Registration-Form-2013-4.jpg bytes=759784 ms=18.3
NETWORK t= 62763.8ms dt=    0.2ms tid=ThreadId(1088) materialize_done uri=nfs://DietPi.local/mnt/4TBP/Work/Arise2014/Arise%20Logo/Forms/Arise-Registration-Form-2013-4.jpg path=/home/peet/.cache/picasa-rs/source/9/e205c7f6c4bfc2c1579b7819a4bc3fae7f9b84d8c3c403587363adc8909ca1d3.jpg ms=18.6
NETWORK t= 62764.3ms dt=    0.4ms tid=ThreadId(1089) materialize_start uri=nfs://DietPi.local/mnt/4TBP/Work/Arise2014/inDesign/Poster%20A3-AriseFina2l.jpg
NETWORK t= 62764.3ms dt=    0.1ms tid=ThreadId(1089) read_start uri=nfs://DietPi.local/mnt/4TBP/Work/Arise2014/inDesign/Poster%20A3-AriseFina2l.jpg
NETWORK t= 62810.1ms dt=   45.8ms tid=ThreadId(685) nfs_helper_read_ok uri=nfs://DietPi.local/mnt/4TBP/Work/Arise2014/inDesign/Magnet%20Folder/Magnet.jpg bytes=1914688
NETWORK t= 62810.2ms dt=    0.0ms tid=ThreadId(685) read_done uri=nfs://DietPi.local/mnt/4TBP/Work/Arise2014/inDesign/Magnet%20Folder/Magnet.jpg bytes=1914688 ms=57.9
NETWORK t= 62836.5ms dt=   26.3ms tid=ThreadId(685) materialize_start uri=nfs://DietPi.local/mnt/4TBP/Work/Arise2014/inDesign/Magnet%20Folder/Magnet.jpg
NETWORK t= 62836.5ms dt=    0.1ms tid=ThreadId(685) read_start uri=nfs://DietPi.local/mnt/4TBP/Work/Arise2014/inDesign/Magnet%20Folder/Magnet.jpg
NETWORK t= 62840.4ms dt=    3.8ms tid=ThreadId(684) nfs_helper_read_ok uri=nfs://DietPi.local/mnt/4TBP/Work/Arise2014/inDesign/Poster%20A3-Poster-Mar2014/Links/Young-WOmen2.png bytes=517338
NETWORK t= 62840.4ms dt=    0.0ms tid=ThreadId(684) read_done uri=nfs://DietPi.local/mnt/4TBP/Work/Arise2014/inDesign/Poster%20A3-Poster-Mar2014/Links/Young-WOmen2.png bytes=517338 ms=87.9
NETWORK t= 62845.7ms dt=    5.4ms tid=ThreadId(684) materialize_start uri=nfs://DietPi.local/mnt/4TBP/Work/Arise2014/inDesign/Poster%20A3-Poster-Mar2014/Links/Young-WOmen2.png
NETWORK t= 62845.8ms dt=    0.1ms tid=ThreadId(684) read_start uri=nfs://DietPi.local/mnt/4TBP/Work/Arise2014/inDesign/Poster%20A3-Poster-Mar2014/Links/Young-WOmen2.png
NETWORK t= 62878.4ms dt=   32.6ms tid=ThreadId(1089) nfs_helper_read_ok uri=nfs://DietPi.local/mnt/4TBP/Work/Arise2014/inDesign/Poster%20A3-AriseFina2l.jpg bytes=1933915
NETWORK t= 62878.4ms dt=    0.0ms tid=ThreadId(1089) read_done uri=nfs://DietPi.local/mnt/4TBP/Work/Arise2014/inDesign/Poster%20A3-AriseFina2l.jpg bytes=1933915 ms=114.1
NETWORK t= 62878.8ms dt=    0.4ms tid=ThreadId(1089) materialize_done uri=nfs://DietPi.local/mnt/4TBP/Work/Arise2014/inDesign/Poster%20A3-AriseFina2l.jpg path=/home/peet/.cache/picasa-rs/source/b/be97f4d084aab8fee1489fbb5dd4c3145b8509cdf96fc7783987b52a69b8527d.jpg ms=114.5
NETWORK t= 62915.9ms dt=   37.1ms tid=ThreadId(685) nfs_helper_read_ok uri=nfs://DietPi.local/mnt/4TBP/Work/Arise2014/inDesign/Magnet%20Folder/Magnet.jpg bytes=1914688
NETWORK t= 62915.9ms dt=    0.0ms tid=ThreadId(685) read_done uri=nfs://DietPi.local/mnt/4TBP/Work/Arise2014/inDesign/Magnet%20Folder/Magnet.jpg bytes=1914688 ms=79.3
NETWORK t= 62916.2ms dt=    0.3ms tid=ThreadId(685) materialize_done uri=nfs://DietPi.local/mnt/4TBP/Work/Arise2014/inDesign/Magnet%20Folder/Magnet.jpg path=/home/peet/.cache/picasa-rs/source/r/e3137183710bf5330792630a787f2ba103b0ea1850838881bb9efb0b01d81908.jpg ms=79.7
NETWORK t= 62918.2ms dt=    2.0ms tid=ThreadId(685) read_start uri=nfs://DietPi.local/mnt/4TBP/Work/Arise2014/inDesign/Poster%20FInal/Poster%20A3-AriseFinal%20Folder/Links/Bokeh-Turquise.jpg
NETWORK t= 62927.8ms dt=    9.6ms tid=ThreadId(684) nfs_helper_read_ok uri=nfs://DietPi.local/mnt/4TBP/Work/Arise2014/inDesign/Poster%20A3-Poster-Mar2014/Links/Young-WOmen2.png bytes=517338
NETWORK t= 62927.9ms dt=    0.0ms tid=ThreadId(684) read_done uri=nfs://DietPi.local/mnt/4TBP/Work/Arise2014/inDesign/Poster%20A3-Poster-Mar2014/Links/Young-WOmen2.png bytes=517338 ms=82.0
NETWORK t= 62928.0ms dt=    0.2ms tid=ThreadId(684) materialize_done uri=nfs://DietPi.local/mnt/4TBP/Work/Arise2014/inDesign/Poster%20A3-Poster-Mar2014/Links/Young-WOmen2.png path=/home/peet/.cache/picasa-rs/source/t/7325e9c792ce3543bc041c6743d33d666ec7a8bd7a80655011f0019b53cb47e5.png ms=82.2
NETWORK t= 62930.6ms dt=    2.6ms tid=ThreadId(684) read_start uri=nfs://DietPi.local/mnt/4TBP/Work/Arise2014/inDesign/Poster%20FInal/Poster%20A3-AriseFinal%20Folder/Links/Young-WOmen2.png
NETWORK t= 62956.0ms dt=   25.4ms tid=ThreadId(685) nfs_helper_read_ok uri=nfs://DietPi.local/mnt/4TBP/Work/Arise2014/inDesign/Poster%20FInal/Poster%20A3-AriseFinal%20Folder/Links/Bokeh-Turquise.jpg bytes=338756
NETWORK t= 62956.0ms dt=    0.0ms tid=ThreadId(685) read_done uri=nfs://DietPi.local/mnt/4TBP/Work/Arise2014/inDesign/Poster%20FInal/Poster%20A3-AriseFinal%20Folder/Links/Bokeh-Turquise.jpg bytes=338756 ms=37.8
NETWORK t= 62984.1ms dt=   28.1ms tid=ThreadId(685) materialize_start uri=nfs://DietPi.local/mnt/4TBP/Work/Arise2014/inDesign/Poster%20FInal/Poster%20A3-AriseFinal%20Folder/Links/Bokeh-Turquise.jpg
NETWORK t= 62984.2ms dt=    0.1ms tid=ThreadId(685) read_start uri=nfs://DietPi.local/mnt/4TBP/Work/Arise2014/inDesign/Poster%20FInal/Poster%20A3-AriseFinal%20Folder/Links/Bokeh-Turquise.jpg
NETWORK t= 62987.1ms dt=    2.9ms tid=ThreadId(684) nfs_helper_read_ok uri=nfs://DietPi.local/mnt/4TBP/Work/Arise2014/inDesign/Poster%20FInal/Poster%20A3-AriseFinal%20Folder/Links/Young-WOmen2.png bytes=517338
NETWORK t= 62987.1ms dt=    0.0ms tid=ThreadId(684) read_done uri=nfs://DietPi.local/mnt/4TBP/Work/Arise2014/inDesign/Poster%20FInal/Poster%20A3-AriseFinal%20Folder/Links/Young-WOmen2.png bytes=517338 ms=56.5
NETWORK t= 62992.6ms dt=    5.4ms tid=ThreadId(684) materialize_start uri=nfs://DietPi.local/mnt/4TBP/Work/Arise2014/inDesign/Poster%20FInal/Poster%20A3-AriseFinal%20Folder/Links/Young-WOmen2.png
NETWORK t= 62992.6ms dt=    0.1ms tid=ThreadId(684) read_start uri=nfs://DietPi.local/mnt/4TBP/Work/Arise2014/inDesign/Poster%20FInal/Poster%20A3-AriseFinal%20Folder/Links/Young-WOmen2.png
NETWORK t= 62996.1ms dt=    3.5ms tid=ThreadId(685) nfs_helper_read_ok uri=nfs://DietPi.local/mnt/4TBP/Work/Arise2014/inDesign/Poster%20FInal/Poster%20A3-AriseFinal%20Folder/Links/Bokeh-Turquise.jpg bytes=338756
NETWORK t= 62996.1ms dt=    0.0ms tid=ThreadId(685) read_done uri=nfs://DietPi.local/mnt/4TBP/Work/Arise2014/inDesign/Poster%20FInal/Poster%20A3-AriseFinal%20Folder/Links/Bokeh-Turquise.jpg bytes=338756 ms=11.9
NETWORK t= 62996.3ms dt=    0.2ms tid=ThreadId(685) materialize_done uri=nfs://DietPi.local/mnt/4TBP/Work/Arise2014/inDesign/Poster%20FInal/Poster%20A3-AriseFinal%20Folder/Links/Bokeh-Turquise.jpg path=/home/peet/.cache/picasa-rs/source/t/43e591568fc29ced88985e4e68db9a60f67971a231d8bb5c7e25b3935355e51e.jpg ms=12.2
NETWORK t= 62999.1ms dt=    2.9ms tid=ThreadId(685) read_start uri=nfs://DietPi.local/mnt/4TBP/Work/Arise2014/inDesign/Poster%20FInal/Poster%20A3-AriseFinal%20Folder/Links/AriseTypeBack6.jpg
NETWORK t= 63007.8ms dt=    8.7ms tid=ThreadId(684) nfs_helper_read_ok uri=nfs://DietPi.local/mnt/4TBP/Work/Arise2014/inDesign/Poster%20FInal/Poster%20A3-AriseFinal%20Folder/Links/Young-WOmen2.png bytes=517338
NETWORK t= 63007.8ms dt=    0.0ms tid=ThreadId(684) read_done uri=nfs://DietPi.local/mnt/4TBP/Work/Arise2014/inDesign/Poster%20FInal/Poster%20A3-AriseFinal%20Folder/Links/Young-WOmen2.png bytes=517338 ms=15.2
NETWORK t= 63008.0ms dt=    0.2ms tid=ThreadId(684) materialize_done uri=nfs://DietPi.local/mnt/4TBP/Work/Arise2014/inDesign/Poster%20FInal/Poster%20A3-AriseFinal%20Folder/Links/Young-WOmen2.png path=/home/peet/.cache/picasa-rs/source/w/692c81ce72d98cfe09114065566fee3e3b83ed239e5fd4b6e40b0a87ff2f0c6e.png ms=15.4
NETWORK t= 63010.5ms dt=    2.5ms tid=ThreadId(684) read_start uri=nfs://DietPi.local/mnt/4TBP/Work/Arise2014/inDesign/Poster%20A3-Poster-Mar2014/Links/AriseTypeBack6.jpg
NETWORK t= 63015.1ms dt=    4.6ms tid=ThreadId(685) nfs_helper_read_ok uri=nfs://DietPi.local/mnt/4TBP/Work/Arise2014/inDesign/Poster%20FInal/Poster%20A3-AriseFinal%20Folder/Links/AriseTypeBack6.jpg bytes=203578
NETWORK t= 63015.1ms dt=    0.0ms tid=ThreadId(685) read_done uri=nfs://DietPi.local/mnt/4TBP/Work/Arise2014/inDesign/Poster%20FInal/Poster%20A3-AriseFinal%20Folder/Links/AriseTypeBack6.jpg bytes=203578 ms=16.0
NETWORK t= 63022.4ms dt=    7.3ms tid=ThreadId(684) nfs_helper_read_ok uri=nfs://DietPi.local/mnt/4TBP/Work/Arise2014/inDesign/Poster%20A3-Poster-Mar2014/Links/AriseTypeBack6.jpg bytes=203578
NETWORK t= 63022.4ms dt=    0.0ms tid=ThreadId(684) read_done uri=nfs://DietPi.local/mnt/4TBP/Work/Arise2014/inDesign/Poster%20A3-Poster-Mar2014/Links/AriseTypeBack6.jpg bytes=203578 ms=11.9
NETWORK t= 63024.6ms dt=    2.2ms tid=ThreadId(685) materialize_start uri=nfs://DietPi.local/mnt/4TBP/Work/Arise2014/inDesign/Poster%20FInal/Poster%20A3-AriseFinal%20Folder/Links/AriseTypeBack6.jpg
NETWORK t= 63024.7ms dt=    0.1ms tid=ThreadId(685) read_start uri=nfs://DietPi.local/mnt/4TBP/Work/Arise2014/inDesign/Poster%20FInal/Poster%20A3-AriseFinal%20Folder/Links/AriseTypeBack6.jpg
NETWORK t= 63031.3ms dt=    6.6ms tid=ThreadId(685) nfs_helper_read_ok uri=nfs://DietPi.local/mnt/4TBP/Work/Arise2014/inDesign/Poster%20FInal/Poster%20A3-AriseFinal%20Folder/Links/AriseTypeBack6.jpg bytes=203578
NETWORK t= 63031.3ms dt=    0.0ms tid=ThreadId(685) read_done uri=nfs://DietPi.local/mnt/4TBP/Work/Arise2014/inDesign/Poster%20FInal/Poster%20A3-AriseFinal%20Folder/Links/AriseTypeBack6.jpg bytes=203578 ms=6.6
NETWORK t= 63031.4ms dt=    0.1ms tid=ThreadId(685) materialize_done uri=nfs://DietPi.local/mnt/4TBP/Work/Arise2014/inDesign/Poster%20FInal/Poster%20A3-AriseFinal%20Folder/Links/AriseTypeBack6.jpg path=/home/peet/.cache/picasa-rs/source/f/77739acfb2556058af521d6a8a47b3107092881f8adf3780385330c88ede472f.jpg ms=6.8
NETWORK t= 63032.4ms dt=    0.9ms tid=ThreadId(684) materialize_start uri=nfs://DietPi.local/mnt/4TBP/Work/Arise2014/inDesign/Poster%20A3-Poster-Mar2014/Links/AriseTypeBack6.jpg
NETWORK t= 63032.4ms dt=    0.1ms tid=ThreadId(684) read_start uri=nfs://DietPi.local/mnt/4TBP/Work/Arise2014/inDesign/Poster%20A3-Poster-Mar2014/Links/AriseTypeBack6.jpg
NETWORK t= 63034.6ms dt=    2.2ms tid=ThreadId(685) read_start uri=nfs://DietPi.local/mnt/4TBP/Work/Arise2014/inDesign/Poster%20A3-Poster-Mar2014/Links/Bokeh-Turquise.jpg
NETWORK t= 63038.7ms dt=    4.1ms tid=ThreadId(684) nfs_helper_read_ok uri=nfs://DietPi.local/mnt/4TBP/Work/Arise2014/inDesign/Poster%20A3-Poster-Mar2014/Links/AriseTypeBack6.jpg bytes=203578
NETWORK t= 63038.7ms dt=    0.0ms tid=ThreadId(684) read_done uri=nfs://DietPi.local/mnt/4TBP/Work/Arise2014/inDesign/Poster%20A3-Poster-Mar2014/Links/AriseTypeBack6.jpg bytes=203578 ms=6.3
NETWORK t= 63038.8ms dt=    0.1ms tid=ThreadId(684) materialize_done uri=nfs://DietPi.local/mnt/4TBP/Work/Arise2014/inDesign/Poster%20A3-Poster-Mar2014/Links/AriseTypeBack6.jpg path=/home/peet/.cache/picasa-rs/source/5/a2295bc0cfb8d11d4b347932f442544a7251bea80ff54288eb8ae83ca4622d4b.jpg ms=6.5
NETWORK t= 63041.7ms dt=    2.9ms tid=ThreadId(684) read_start uri=nfs://DietPi.local/mnt/4TBP/Work/Arise2014/inDesign/Poster/Links/Bokeh-Turquise.jpg
NETWORK t= 63048.3ms dt=    6.5ms tid=ThreadId(685) nfs_helper_read_ok uri=nfs://DietPi.local/mnt/4TBP/Work/Arise2014/inDesign/Poster%20A3-Poster-Mar2014/Links/Bokeh-Turquise.jpg bytes=338756
NETWORK t= 63048.3ms dt=    0.0ms tid=ThreadId(685) read_done uri=nfs://DietPi.local/mnt/4TBP/Work/Arise2014/inDesign/Poster%20A3-Poster-Mar2014/Links/Bokeh-Turquise.jpg bytes=338756 ms=13.7
NETWORK t= 63073.8ms dt=   25.5ms tid=ThreadId(684) nfs_helper_read_ok uri=nfs://DietPi.local/mnt/4TBP/Work/Arise2014/inDesign/Poster/Links/Bokeh-Turquise.jpg bytes=338756
NETWORK t= 63073.8ms dt=    0.0ms tid=ThreadId(684) read_done uri=nfs://DietPi.local/mnt/4TBP/Work/Arise2014/inDesign/Poster/Links/Bokeh-Turquise.jpg bytes=338756 ms=32.0
NETWORK t= 63075.1ms dt=    1.3ms tid=ThreadId(685) materialize_start uri=nfs://DietPi.local/mnt/4TBP/Work/Arise2014/inDesign/Poster%20A3-Poster-Mar2014/Links/Bokeh-Turquise.jpg
NETWORK t= 63075.2ms dt=    0.1ms tid=ThreadId(685) read_start uri=nfs://DietPi.local/mnt/4TBP/Work/Arise2014/inDesign/Poster%20A3-Poster-Mar2014/Links/Bokeh-Turquise.jpg
NETWORK t= 63085.4ms dt=   10.2ms tid=ThreadId(685) nfs_helper_read_ok uri=nfs://DietPi.local/mnt/4TBP/Work/Arise2014/inDesign/Poster%20A3-Poster-Mar2014/Links/Bokeh-Turquise.jpg bytes=338756
NETWORK t= 63085.4ms dt=    0.0ms tid=ThreadId(685) read_done uri=nfs://DietPi.local/mnt/4TBP/Work/Arise2014/inDesign/Poster%20A3-Poster-Mar2014/Links/Bokeh-Turquise.jpg bytes=338756 ms=10.2
NETWORK t= 63085.6ms dt=    0.2ms tid=ThreadId(685) materialize_done uri=nfs://DietPi.local/mnt/4TBP/Work/Arise2014/inDesign/Poster%20A3-Poster-Mar2014/Links/Bokeh-Turquise.jpg path=/home/peet/.cache/picasa-rs/source/7/541f508c07c7b47f593a7e30ca46b933cbfafb302ee0a4bc71af0b844dc4941f.jpg ms=10.5
NETWORK t= 63088.3ms dt=    2.8ms tid=ThreadId(685) read_start uri=nfs://DietPi.local/mnt/4TBP/Work/Arise2014/inDesign/Poster/Links/Girl2.png
NETWORK t= 63102.4ms dt=   14.1ms tid=ThreadId(684) materialize_start uri=nfs://DietPi.local/mnt/4TBP/Work/Arise2014/inDesign/Poster/Links/Bokeh-Turquise.jpg
NETWORK t= 63102.5ms dt=    0.1ms tid=ThreadId(684) read_start uri=nfs://DietPi.local/mnt/4TBP/Work/Arise2014/inDesign/Poster/Links/Bokeh-Turquise.jpg
NETWORK t= 63185.2ms dt=   82.7ms tid=ThreadId(685) nfs_helper_read_ok uri=nfs://DietPi.local/mnt/4TBP/Work/Arise2014/inDesign/Poster/Links/Girl2.png bytes=4114893
NETWORK t= 63185.2ms dt=    0.0ms tid=ThreadId(685) read_done uri=nfs://DietPi.local/mnt/4TBP/Work/Arise2014/inDesign/Poster/Links/Girl2.png bytes=4114893 ms=96.9
NETWORK t= 63193.9ms dt=    8.7ms tid=ThreadId(684) nfs_helper_read_ok uri=nfs://DietPi.local/mnt/4TBP/Work/Arise2014/inDesign/Poster/Links/Bokeh-Turquise.jpg bytes=338756
NETWORK t= 63194.0ms dt=    0.0ms tid=ThreadId(684) read_done uri=nfs://DietPi.local/mnt/4TBP/Work/Arise2014/inDesign/Poster/Links/Bokeh-Turquise.jpg bytes=338756 ms=91.5
NETWORK t= 63194.2ms dt=    0.2ms tid=ThreadId(684) materialize_done uri=nfs://DietPi.local/mnt/4TBP/Work/Arise2014/inDesign/Poster/Links/Bokeh-Turquise.jpg path=/home/peet/.cache/picasa-rs/source/i/d87ecaba818f41324393d2ed2bed0fa9d686658589a0ce8b318d56fd2eafae11.jpg ms=91.7
NETWORK t= 63215.7ms dt=   21.5ms tid=ThreadId(685) materialize_start uri=nfs://DietPi.local/mnt/4TBP/Work/Arise2014/inDesign/Poster/Links/Girl2.png
NETWORK t= 63215.7ms dt=    0.1ms tid=ThreadId(685) read_start uri=nfs://DietPi.local/mnt/4TBP/Work/Arise2014/inDesign/Poster/Links/Girl2.png
NETWORK t= 63292.2ms dt=   76.5ms tid=ThreadId(685) nfs_helper_read_ok uri=nfs://DietPi.local/mnt/4TBP/Work/Arise2014/inDesign/Poster/Links/Girl2.png bytes=4114893
NETWORK t= 63292.2ms dt=    0.0ms tid=ThreadId(685) read_done uri=nfs://DietPi.local/mnt/4TBP/Work/Arise2014/inDesign/Poster/Links/Girl2.png bytes=4114893 ms=76.5
NETWORK t= 63292.8ms dt=    0.6ms tid=ThreadId(685) materialize_done uri=nfs://DietPi.local/mnt/4TBP/Work/Arise2014/inDesign/Poster/Links/Girl2.png path=/home/peet/.cache/picasa-rs/source/1/e971cf37ccf3bba086b4b1576a572c91aa4a73a5a58581cafaf6972b1e4c3e84.png ms=77.2
NETWORK t= 63299.9ms dt=    7.0ms tid=ThreadId(1088) read_start uri=nfs://DietPi.local/mnt/4TBP/Work/Arise2014/Arise%20Logo/Forms/Arise-Registration-Form-2013-3.jpg
NETWORK t= 63305.5ms dt=    5.7ms tid=ThreadId(1089) read_start uri=nfs://DietPi.local/mnt/4TBP/Work/Arise2014/inDesign/BCard.jpg
NETWORK t= 63334.3ms dt=   28.8ms tid=ThreadId(1088) nfs_helper_read_ok uri=nfs://DietPi.local/mnt/4TBP/Work/Arise2014/Arise%20Logo/Forms/Arise-Registration-Form-2013-3.jpg bytes=853373
NETWORK t= 63334.3ms dt=    0.0ms tid=ThreadId(1088) read_done uri=nfs://DietPi.local/mnt/4TBP/Work/Arise2014/Arise%20Logo/Forms/Arise-Registration-Form-2013-3.jpg bytes=853373 ms=34.4
NETWORK t= 63365.3ms dt=   31.0ms tid=ThreadId(1089) nfs_helper_read_ok uri=nfs://DietPi.local/mnt/4TBP/Work/Arise2014/inDesign/BCard.jpg bytes=1037883
NETWORK t= 63365.4ms dt=    0.0ms tid=ThreadId(1089) read_done uri=nfs://DietPi.local/mnt/4TBP/Work/Arise2014/inDesign/BCard.jpg bytes=1037883 ms=59.8
NETWORK t= 63383.7ms dt=   18.3ms tid=ThreadId(1089) materialize_start uri=nfs://DietPi.local/mnt/4TBP/Work/Arise2014/inDesign/BCard.jpg
NETWORK t= 63383.8ms dt=    0.1ms tid=ThreadId(1089) read_start uri=nfs://DietPi.local/mnt/4TBP/Work/Arise2014/inDesign/BCard.jpg
NETWORK t= 63387.2ms dt=    3.5ms tid=ThreadId(1088) materialize_start uri=nfs://DietPi.local/mnt/4TBP/Work/Arise2014/Arise%20Logo/Forms/Arise-Registration-Form-2013-3.jpg
NETWORK t= 63387.3ms dt=    0.1ms tid=ThreadId(1088) read_start uri=nfs://DietPi.local/mnt/4TBP/Work/Arise2014/Arise%20Logo/Forms/Arise-Registration-Form-2013-3.jpg
NETWORK t= 63405.0ms dt=   17.7ms tid=ThreadId(1089) nfs_helper_read_ok uri=nfs://DietPi.local/mnt/4TBP/Work/Arise2014/inDesign/BCard.jpg bytes=1037883
NETWORK t= 63405.1ms dt=    0.0ms tid=ThreadId(1089) read_done uri=nfs://DietPi.local/mnt/4TBP/Work/Arise2014/inDesign/BCard.jpg bytes=1037883 ms=21.3
NETWORK t= 63405.3ms dt=    0.2ms tid=ThreadId(1089) materialize_done uri=nfs://DietPi.local/mnt/4TBP/Work/Arise2014/inDesign/BCard.jpg path=/home/peet/.cache/picasa-rs/source/a/654a957d6054bde71e093e1add3e54b0cd86fc216cd9d3a07d9a04d733b0ce86.jpg ms=21.6
NETWORK t= 63409.4ms dt=    4.1ms tid=ThreadId(1089) read_start uri=nfs://DietPi.local/mnt/4TBP/Work/Arise2014/inDesign/Poster%20A3-AriseFinal.jpg
NETWORK t= 63422.7ms dt=   13.3ms tid=ThreadId(1088) nfs_helper_read_ok uri=nfs://DietPi.local/mnt/4TBP/Work/Arise2014/Arise%20Logo/Forms/Arise-Registration-Form-2013-3.jpg bytes=853373
NETWORK t= 63422.7ms dt=    0.0ms tid=ThreadId(1088) read_done uri=nfs://DietPi.local/mnt/4TBP/Work/Arise2014/Arise%20Logo/Forms/Arise-Registration-Form-2013-3.jpg bytes=853373 ms=35.4
NETWORK t= 63422.9ms dt=    0.2ms tid=ThreadId(1088) materialize_done uri=nfs://DietPi.local/mnt/4TBP/Work/Arise2014/Arise%20Logo/Forms/Arise-Registration-Form-2013-3.jpg path=/home/peet/.cache/picasa-rs/source/8/7ba462693f202dea7d602052c9c02c17c179198a905c6b308a3d627891de1f71.jpg ms=35.6
NETWORK t= 63426.5ms dt=    3.6ms tid=ThreadId(1088) read_start uri=nfs://DietPi.local/mnt/4TBP/Work/Arise2014/Backgrounds/Bokeh-Dark-Pink-Small.jpg
NETWORK t= 63474.3ms dt=   47.8ms tid=ThreadId(1089) nfs_helper_read_ok uri=nfs://DietPi.local/mnt/4TBP/Work/Arise2014/inDesign/Poster%20A3-AriseFinal.jpg bytes=1940760
NETWORK t= 63474.3ms dt=    0.0ms tid=ThreadId(1089) read_done uri=nfs://DietPi.local/mnt/4TBP/Work/Arise2014/inDesign/Poster%20A3-AriseFinal.jpg bytes=1940760 ms=64.9
NETWORK t= 63487.0ms dt=   12.7ms tid=ThreadId(1088) nfs_helper_read_ok uri=nfs://DietPi.local/mnt/4TBP/Work/Arise2014/Backgrounds/Bokeh-Dark-Pink-Small.jpg bytes=12377
NETWORK t= 63487.0ms dt=    0.0ms tid=ThreadId(1088) read_done uri=nfs://DietPi.local/mnt/4TBP/Work/Arise2014/Backgrounds/Bokeh-Dark-Pink-Small.jpg bytes=12377 ms=60.5
NETWORK t= 63488.8ms dt=    1.7ms tid=ThreadId(1088) materialize_start uri=nfs://DietPi.local/mnt/4TBP/Work/Arise2014/Backgrounds/Bokeh-Dark-Pink-Small.jpg
NETWORK t= 63488.8ms dt=    0.1ms tid=ThreadId(1088) read_start uri=nfs://DietPi.local/mnt/4TBP/Work/Arise2014/Backgrounds/Bokeh-Dark-Pink-Small.jpg
NETWORK t= 63491.6ms dt=    2.7ms tid=ThreadId(1088) nfs_helper_read_ok uri=nfs://DietPi.local/mnt/4TBP/Work/Arise2014/Backgrounds/Bokeh-Dark-Pink-Small.jpg bytes=12377
NETWORK t= 63491.6ms dt=    0.0ms tid=ThreadId(1088) read_done uri=nfs://DietPi.local/mnt/4TBP/Work/Arise2014/Backgrounds/Bokeh-Dark-Pink-Small.jpg bytes=12377 ms=2.8
NETWORK t= 63491.7ms dt=    0.1ms tid=ThreadId(1088) materialize_done uri=nfs://DietPi.local/mnt/4TBP/Work/Arise2014/Backgrounds/Bokeh-Dark-Pink-Small.jpg path=/home/peet/.cache/picasa-rs/source/s/736c8d2a6c270d58d1bf1226d3d0d24157b0698fde0d4f8fd9dccc6a272cb10f.jpg ms=3.0
NETWORK t= 63494.7ms dt=    3.0ms tid=ThreadId(1088) read_start uri=nfs://DietPi.local/mnt/4TBP/Work/Arise2014/Backgrounds/Bokeh-Dark-Turquise.jpg
NETWORK t= 63503.3ms dt=    8.6ms tid=ThreadId(1089) materialize_start uri=nfs://DietPi.local/mnt/4TBP/Work/Arise2014/inDesign/Poster%20A3-AriseFinal.jpg
NETWORK t= 63503.4ms dt=    0.1ms tid=ThreadId(1089) read_start uri=nfs://DietPi.local/mnt/4TBP/Work/Arise2014/inDesign/Poster%20A3-AriseFinal.jpg
NETWORK t= 63504.8ms dt=    1.4ms tid=ThreadId(1088) nfs_helper_read_ok uri=nfs://DietPi.local/mnt/4TBP/Work/Arise2014/Backgrounds/Bokeh-Dark-Turquise.jpg bytes=360386
NETWORK t= 63504.8ms dt=    0.0ms tid=ThreadId(1088) read_done uri=nfs://DietPi.local/mnt/4TBP/Work/Arise2014/Backgrounds/Bokeh-Dark-Turquise.jpg bytes=360386 ms=10.1
NETWORK t= 63536.2ms dt=   31.5ms tid=ThreadId(1088) materialize_start uri=nfs://DietPi.local/mnt/4TBP/Work/Arise2014/Backgrounds/Bokeh-Dark-Turquise.jpg
NETWORK t= 63536.3ms dt=    0.1ms tid=ThreadId(1088) read_start uri=nfs://DietPi.local/mnt/4TBP/Work/Arise2014/Backgrounds/Bokeh-Dark-Turquise.jpg
NETWORK t= 63540.7ms dt=    4.4ms tid=ThreadId(1089) nfs_helper_read_ok uri=nfs://DietPi.local/mnt/4TBP/Work/Arise2014/inDesign/Poster%20A3-AriseFinal.jpg bytes=1940760
NETWORK t= 63540.7ms dt=    0.0ms tid=ThreadId(1089) read_done uri=nfs://DietPi.local/mnt/4TBP/Work/Arise2014/inDesign/Poster%20A3-AriseFinal.jpg bytes=1940760 ms=37.3
NETWORK t= 63541.1ms dt=    0.4ms tid=ThreadId(1089) materialize_done uri=nfs://DietPi.local/mnt/4TBP/Work/Arise2014/inDesign/Poster%20A3-AriseFinal.jpg path=/home/peet/.cache/picasa-rs/source/4/4d5cce55d1bd2e413c2eeaea79146974b586e1ba779847aac2462e1b8f8b4780.jpg ms=37.7
NETWORK t= 63545.0ms dt=    3.9ms tid=ThreadId(1089) read_start uri=nfs://DietPi.local/mnt/4TBP/Work/Arise2014/inDesign/Arise%20Letter.jpg
NETWORK t= 63549.2ms dt=    4.2ms tid=ThreadId(1088) nfs_helper_read_ok uri=nfs://DietPi.local/mnt/4TBP/Work/Arise2014/Backgrounds/Bokeh-Dark-Turquise.jpg bytes=360386
NETWORK t= 63549.2ms dt=    0.0ms tid=ThreadId(1088) read_done uri=nfs://DietPi.local/mnt/4TBP/Work/Arise2014/Backgrounds/Bokeh-Dark-Turquise.jpg bytes=360386 ms=12.9
NETWORK t= 63549.4ms dt=    0.2ms tid=ThreadId(1088) materialize_done uri=nfs://DietPi.local/mnt/4TBP/Work/Arise2014/Backgrounds/Bokeh-Dark-Turquise.jpg path=/home/peet/.cache/picasa-rs/source/4/d3844dc2fbd8041418484b800bb81ceccc4decd73768dddb1ccfb281b239d78d.jpg ms=13.1
NETWORK t= 63552.6ms dt=    3.2ms tid=ThreadId(1088) read_start uri=nfs://DietPi.local/mnt/4TBP/Work/Arise2014/Backgrounds/Bokeh-Dark-Pink.jpg
NETWORK t= 63571.4ms dt=   18.8ms tid=ThreadId(1089) nfs_helper_read_ok uri=nfs://DietPi.local/mnt/4TBP/Work/Arise2014/inDesign/Arise%20Letter.jpg bytes=1040878
NETWORK t= 63571.5ms dt=    0.0ms tid=ThreadId(1089) read_done uri=nfs://DietPi.local/mnt/4TBP/Work/Arise2014/inDesign/Arise%20Letter.jpg bytes=1040878 ms=26.5
NETWORK t= 63583.4ms dt=   12.0ms tid=ThreadId(1088) nfs_helper_read_ok uri=nfs://DietPi.local/mnt/4TBP/Work/Arise2014/Backgrounds/Bokeh-Dark-Pink.jpg bytes=452241
NETWORK t= 63583.5ms dt=    0.0ms tid=ThreadId(1088) read_done uri=nfs://DietPi.local/mnt/4TBP/Work/Arise2014/Backgrounds/Bokeh-Dark-Pink.jpg bytes=452241 ms=30.8
NETWORK t= 63583.9ms dt=    0.5ms tid=ThreadId(1089) materialize_start uri=nfs://DietPi.local/mnt/4TBP/Work/Arise2014/inDesign/Arise%20Letter.jpg
NETWORK t= 63584.0ms dt=    0.1ms tid=ThreadId(1089) read_start uri=nfs://DietPi.local/mnt/4TBP/Work/Arise2014/inDesign/Arise%20Letter.jpg
NETWORK t= 63604.4ms dt=   20.4ms tid=ThreadId(1089) nfs_helper_read_ok uri=nfs://DietPi.local/mnt/4TBP/Work/Arise2014/inDesign/Arise%20Letter.jpg bytes=1040878
NETWORK t= 63604.4ms dt=    0.0ms tid=ThreadId(1089) read_done uri=nfs://DietPi.local/mnt/4TBP/Work/Arise2014/inDesign/Arise%20Letter.jpg bytes=1040878 ms=20.4
NETWORK t= 63604.7ms dt=    0.3ms tid=ThreadId(1089) materialize_done uri=nfs://DietPi.local/mnt/4TBP/Work/Arise2014/inDesign/Arise%20Letter.jpg path=/home/peet/.cache/picasa-rs/source/6/941a41b40eced6f667bb98c6dfc79de18871b84ed7c9f01044f6f9145211c2c3.jpg ms=20.7
NETWORK t= 63608.2ms dt=    3.5ms tid=ThreadId(1089) read_start uri=nfs://DietPi.local/mnt/4TBP/Work/Arise2014/inDesign/Launch%20File/BCards-Final.jpg
NETWORK t= 63616.1ms dt=    8.0ms tid=ThreadId(1088) materialize_start uri=nfs://DietPi.local/mnt/4TBP/Work/Arise2014/Backgrounds/Bokeh-Dark-Pink.jpg
NETWORK t= 63616.2ms dt=    0.1ms tid=ThreadId(1088) read_start uri=nfs://DietPi.local/mnt/4TBP/Work/Arise2014/Backgrounds/Bokeh-Dark-Pink.jpg
NETWORK t= 63649.6ms dt=   33.4ms tid=ThreadId(1089) nfs_helper_read_ok uri=nfs://DietPi.local/mnt/4TBP/Work/Arise2014/inDesign/Launch%20File/BCards-Final.jpg bytes=70535
NETWORK t= 63649.7ms dt=    0.0ms tid=ThreadId(1089) read_done uri=nfs://DietPi.local/mnt/4TBP/Work/Arise2014/inDesign/Launch%20File/BCards-Final.jpg bytes=70535 ms=41.5
NETWORK t= 63652.7ms dt=    3.1ms tid=ThreadId(1089) materialize_start uri=nfs://DietPi.local/mnt/4TBP/Work/Arise2014/inDesign/Launch%20File/BCards-Final.jpg
NETWORK t= 63652.8ms dt=    0.1ms tid=ThreadId(1089) read_start uri=nfs://DietPi.local/mnt/4TBP/Work/Arise2014/inDesign/Launch%20File/BCards-Final.jpg
NETWORK t= 63661.2ms dt=    8.4ms tid=ThreadId(1088) nfs_helper_read_ok uri=nfs://DietPi.local/mnt/4TBP/Work/Arise2014/Backgrounds/Bokeh-Dark-Pink.jpg bytes=452241
NETWORK t= 63661.2ms dt=    0.0ms tid=ThreadId(1088) read_done uri=nfs://DietPi.local/mnt/4TBP/Work/Arise2014/Backgrounds/Bokeh-Dark-Pink.jpg bytes=452241 ms=45.0
NETWORK t= 63661.4ms dt=    0.2ms tid=ThreadId(1088) materialize_done uri=nfs://DietPi.local/mnt/4TBP/Work/Arise2014/Backgrounds/Bokeh-Dark-Pink.jpg path=/home/peet/.cache/picasa-rs/source/t/6101d3289b548e0a9d5a497d1a4057d9f3e07583490f8eabb353d6d6543b28fb.jpg ms=45.2
NETWORK t= 63664.1ms dt=    2.7ms tid=ThreadId(1088) read_start uri=nfs://DietPi.local/mnt/4TBP/Work/Arise2014/Backgrounds/Bokeh-Pink.jpg
NETWORK t= 63665.2ms dt=    1.1ms tid=ThreadId(1089) nfs_helper_read_ok uri=nfs://DietPi.local/mnt/4TBP/Work/Arise2014/inDesign/Launch%20File/BCards-Final.jpg bytes=70535
NETWORK t= 63665.2ms dt=    0.0ms tid=ThreadId(1089) read_done uri=nfs://DietPi.local/mnt/4TBP/Work/Arise2014/inDesign/Launch%20File/BCards-Final.jpg bytes=70535 ms=12.4
NETWORK t= 63665.3ms dt=    0.1ms tid=ThreadId(1089) materialize_done uri=nfs://DietPi.local/mnt/4TBP/Work/Arise2014/inDesign/Launch%20File/BCards-Final.jpg path=/home/peet/.cache/picasa-rs/source/6/4416a228975b2124ccf883715eb7309b87faabf182e436e1589f4432c419e32f.jpg ms=12.5
NETWORK t= 63669.7ms dt=    4.4ms tid=ThreadId(1089) read_start uri=nfs://DietPi.local/mnt/4TBP/Work/Arise2014/inDesign/Poster%20A3-Arise%20Folder/Links/Young-WOmen2.png
NETWORK t= 63675.4ms dt=    5.7ms tid=ThreadId(1088) nfs_helper_read_ok uri=nfs://DietPi.local/mnt/4TBP/Work/Arise2014/Backgrounds/Bokeh-Pink.jpg bytes=370460
NETWORK t= 63675.5ms dt=    0.0ms tid=ThreadId(1088) read_done uri=nfs://DietPi.local/mnt/4TBP/Work/Arise2014/Backgrounds/Bokeh-Pink.jpg bytes=370460 ms=11.4
NETWORK t= 63692.3ms dt=   16.9ms tid=ThreadId(1089) nfs_helper_read_ok uri=nfs://DietPi.local/mnt/4TBP/Work/Arise2014/inDesign/Poster%20A3-Arise%20Folder/Links/Young-WOmen2.png bytes=506572
NETWORK t= 63692.3ms dt=    0.0ms tid=ThreadId(1089) read_done uri=nfs://DietPi.local/mnt/4TBP/Work/Arise2014/inDesign/Poster%20A3-Arise%20Folder/Links/Young-WOmen2.png bytes=506572 ms=22.6
NETWORK t= 63697.7ms dt=    5.4ms tid=ThreadId(1089) materialize_start uri=nfs://DietPi.local/mnt/4TBP/Work/Arise2014/inDesign/Poster%20A3-Arise%20Folder/Links/Young-WOmen2.png
NETWORK t= 63697.8ms dt=    0.1ms tid=ThreadId(1089) read_start uri=nfs://DietPi.local/mnt/4TBP/Work/Arise2014/inDesign/Poster%20A3-Arise%20Folder/Links/Young-WOmen2.png
NETWORK t= 63700.7ms dt=    2.9ms tid=ThreadId(684) read_start uri=nfs://DietPi.local/mnt/4TBP/Work/Arise2014/inDesign/Poster%20A3-Arise%20Folder/Links/AriseTypeBack6.jpg
NETWORK t= 63705.8ms dt=    5.1ms tid=ThreadId(1088) materialize_start uri=nfs://DietPi.local/mnt/4TBP/Work/Arise2014/Backgrounds/Bokeh-Pink.jpg
NETWORK t= 63705.9ms dt=    0.1ms tid=ThreadId(1088) read_start uri=nfs://DietPi.local/mnt/4TBP/Work/Arise2014/Backgrounds/Bokeh-Pink.jpg
NETWORK t= 63710.7ms dt=    4.8ms tid=ThreadId(1089) nfs_helper_read_ok uri=nfs://DietPi.local/mnt/4TBP/Work/Arise2014/inDesign/Poster%20A3-Arise%20Folder/Links/Young-WOmen2.png bytes=506572
NETWORK t= 63710.7ms dt=    0.0ms tid=ThreadId(1089) read_done uri=nfs://DietPi.local/mnt/4TBP/Work/Arise2014/inDesign/Poster%20A3-Arise%20Folder/Links/Young-WOmen2.png bytes=506572 ms=12.9
NETWORK t= 63711.0ms dt=    0.3ms tid=ThreadId(1089) materialize_done uri=nfs://DietPi.local/mnt/4TBP/Work/Arise2014/inDesign/Poster%20A3-Arise%20Folder/Links/Young-WOmen2.png path=/home/peet/.cache/picasa-rs/source/3/c2a32b5b636f90e73991761171c741dcef6a9122bd9fcb103e5f8cdb28fb434f.png ms=13.2
NETWORK t= 63750.9ms dt=   40.0ms tid=ThreadId(684) nfs_helper_read_ok uri=nfs://DietPi.local/mnt/4TBP/Work/Arise2014/inDesign/Poster%20A3-Arise%20Folder/Links/AriseTypeBack6.jpg bytes=203578
NETWORK t= 63751.0ms dt=    0.0ms tid=ThreadId(684) read_done uri=nfs://DietPi.local/mnt/4TBP/Work/Arise2014/inDesign/Poster%20A3-Arise%20Folder/Links/AriseTypeBack6.jpg bytes=203578 ms=50.2
NETWORK t= 63760.1ms dt=    9.2ms tid=ThreadId(1088) nfs_helper_read_ok uri=nfs://DietPi.local/mnt/4TBP/Work/Arise2014/Backgrounds/Bokeh-Pink.jpg bytes=370460
NETWORK t= 63760.2ms dt=    0.0ms tid=ThreadId(1088) read_done uri=nfs://DietPi.local/mnt/4TBP/Work/Arise2014/Backgrounds/Bokeh-Pink.jpg bytes=370460 ms=54.3
NETWORK t= 63760.3ms dt=    0.1ms tid=ThreadId(1088) materialize_done uri=nfs://DietPi.local/mnt/4TBP/Work/Arise2014/Backgrounds/Bokeh-Pink.jpg path=/home/peet/.cache/picasa-rs/source/4/6328ee0f3f9e430ac9f8e6eb7d5e505eab72157ce6a45adb0ff71968c0943d42.jpg ms=54.5
NETWORK t= 63761.3ms dt=    1.0ms tid=ThreadId(684) materialize_start uri=nfs://DietPi.local/mnt/4TBP/Work/Arise2014/inDesign/Poster%20A3-Arise%20Folder/Links/AriseTypeBack6.jpg
NETWORK t= 63761.4ms dt=    0.1ms tid=ThreadId(684) read_start uri=nfs://DietPi.local/mnt/4TBP/Work/Arise2014/inDesign/Poster%20A3-Arise%20Folder/Links/AriseTypeBack6.jpg
NETWORK t= 63768.1ms dt=    6.7ms tid=ThreadId(684) nfs_helper_read_ok uri=nfs://DietPi.local/mnt/4TBP/Work/Arise2014/inDesign/Poster%20A3-Arise%20Folder/Links/AriseTypeBack6.jpg bytes=203578
NETWORK t= 63768.2ms dt=    0.0ms tid=ThreadId(684) read_done uri=nfs://DietPi.local/mnt/4TBP/Work/Arise2014/inDesign/Poster%20A3-Arise%20Folder/Links/AriseTypeBack6.jpg bytes=203578 ms=6.7
NETWORK t= 63768.3ms dt=    0.1ms tid=ThreadId(684) materialize_done uri=nfs://DietPi.local/mnt/4TBP/Work/Arise2014/inDesign/Poster%20A3-Arise%20Folder/Links/AriseTypeBack6.jpg path=/home/peet/.cache/picasa-rs/source/c/6dbc6e423bc0334b8ac566fcc3c16c2de187b805b064230aaebd0e3027775464.jpg ms=6.9
NETWORK t= 63771.3ms dt=    3.0ms tid=ThreadId(684) read_start uri=nfs://DietPi.local/mnt/4TBP/Work/Arise2014/Backgrounds/Bokeh-Turquise.jpg
NETWORK t= 63775.9ms dt=    4.6ms tid=ThreadId(685) read_start uri=nfs://DietPi.local/mnt/4TBP/Work/Arise2014/Backgrounds/Bokeh-Blue.jpg
NETWORK t= 63784.1ms dt=    8.2ms tid=ThreadId(684) nfs_helper_read_ok uri=nfs://DietPi.local/mnt/4TBP/Work/Arise2014/Backgrounds/Bokeh-Turquise.jpg bytes=338756
NETWORK t= 63784.1ms dt=    0.0ms tid=ThreadId(684) read_done uri=nfs://DietPi.local/mnt/4TBP/Work/Arise2014/Backgrounds/Bokeh-Turquise.jpg bytes=338756 ms=12.8
NETWORK t= 63792.9ms dt=    8.8ms tid=ThreadId(685) nfs_helper_read_ok uri=nfs://DietPi.local/mnt/4TBP/Work/Arise2014/Backgrounds/Bokeh-Blue.jpg bytes=327165
NETWORK t= 63792.9ms dt=    0.0ms tid=ThreadId(685) read_done uri=nfs://DietPi.local/mnt/4TBP/Work/Arise2014/Backgrounds/Bokeh-Blue.jpg bytes=327165 ms=17.0
NETWORK t= 63812.9ms dt=   20.0ms tid=ThreadId(684) materialize_start uri=nfs://DietPi.local/mnt/4TBP/Work/Arise2014/Backgrounds/Bokeh-Turquise.jpg
NETWORK t= 63813.0ms dt=    0.1ms tid=ThreadId(684) read_start uri=nfs://DietPi.local/mnt/4TBP/Work/Arise2014/Backgrounds/Bokeh-Turquise.jpg
NETWORK t= 63820.7ms dt=    7.7ms tid=ThreadId(685) materialize_start uri=nfs://DietPi.local/mnt/4TBP/Work/Arise2014/Backgrounds/Bokeh-Blue.jpg
NETWORK t= 63820.7ms dt=    0.1ms tid=ThreadId(685) read_start uri=nfs://DietPi.local/mnt/4TBP/Work/Arise2014/Backgrounds/Bokeh-Blue.jpg
NETWORK t= 63822.1ms dt=    1.4ms tid=ThreadId(684) nfs_helper_read_ok uri=nfs://DietPi.local/mnt/4TBP/Work/Arise2014/Backgrounds/Bokeh-Turquise.jpg bytes=338756
NETWORK t= 63822.1ms dt=    0.0ms tid=ThreadId(684) read_done uri=nfs://DietPi.local/mnt/4TBP/Work/Arise2014/Backgrounds/Bokeh-Turquise.jpg bytes=338756 ms=9.1
NETWORK t= 63822.3ms dt=    0.1ms tid=ThreadId(684) materialize_done uri=nfs://DietPi.local/mnt/4TBP/Work/Arise2014/Backgrounds/Bokeh-Turquise.jpg path=/home/peet/.cache/picasa-rs/source/6/fc062f92d8057ff8f23f0be324ef62e4e0390fb4decf05940f587aa3b57b2f5d.jpg ms=9.3
NETWORK t= 63824.9ms dt=    2.6ms tid=ThreadId(684) read_start uri=nfs://DietPi.local/mnt/4TBP/Work/Arise2014/inDesign/DVD%20Label%20Inside.jpg
NETWORK t= 63829.7ms dt=    4.9ms tid=ThreadId(685) nfs_helper_read_ok uri=nfs://DietPi.local/mnt/4TBP/Work/Arise2014/Backgrounds/Bokeh-Blue.jpg bytes=327165
NETWORK t= 63829.8ms dt=    0.0ms tid=ThreadId(685) read_done uri=nfs://DietPi.local/mnt/4TBP/Work/Arise2014/Backgrounds/Bokeh-Blue.jpg bytes=327165 ms=9.0
NETWORK t= 63829.9ms dt=    0.1ms tid=ThreadId(685) materialize_done uri=nfs://DietPi.local/mnt/4TBP/Work/Arise2014/Backgrounds/Bokeh-Blue.jpg path=/home/peet/.cache/picasa-rs/source/o/ad34da5b97244ead12d4c2a08d27aea3a540fdb56a39795ab2c0822e37ecdeb6.jpg ms=9.2
NETWORK t= 63832.5ms dt=    2.6ms tid=ThreadId(685) read_start uri=nfs://DietPi.local/mnt/4TBP/Work/Arise2014/inDesign/Poster%20A3-Arise%20Folder/Links/Bokeh-Turquise.jpg
NETWORK t= 63837.9ms dt=    5.4ms tid=ThreadId(684) nfs_helper_read_ok uri=nfs://DietPi.local/mnt/4TBP/Work/Arise2014/inDesign/DVD%20Label%20Inside.jpg bytes=283338
NETWORK t= 63837.9ms dt=    0.0ms tid=ThreadId(684) read_done uri=nfs://DietPi.local/mnt/4TBP/Work/Arise2014/inDesign/DVD%20Label%20Inside.jpg bytes=283338 ms=13.1
NETWORK t= 63846.2ms dt=    8.3ms tid=ThreadId(684) materialize_start uri=nfs://DietPi.local/mnt/4TBP/Work/Arise2014/inDesign/DVD%20Label%20Inside.jpg
NETWORK t= 63846.3ms dt=    0.1ms tid=ThreadId(684) read_start uri=nfs://DietPi.local/mnt/4TBP/Work/Arise2014/inDesign/DVD%20Label%20Inside.jpg
NETWORK t= 63847.0ms dt=    0.7ms tid=ThreadId(685) nfs_helper_read_ok uri=nfs://DietPi.local/mnt/4TBP/Work/Arise2014/inDesign/Poster%20A3-Arise%20Folder/Links/Bokeh-Turquise.jpg bytes=338756
NETWORK t= 63847.0ms dt=    0.0ms tid=ThreadId(685) read_done uri=nfs://DietPi.local/mnt/4TBP/Work/Arise2014/inDesign/Poster%20A3-Arise%20Folder/Links/Bokeh-Turquise.jpg bytes=338756 ms=14.5
NETWORK t= 63854.5ms dt=    7.5ms tid=ThreadId(684) nfs_helper_read_ok uri=nfs://DietPi.local/mnt/4TBP/Work/Arise2014/inDesign/DVD%20Label%20Inside.jpg bytes=283338
NETWORK t= 63854.5ms dt=    0.0ms tid=ThreadId(684) read_done uri=nfs://DietPi.local/mnt/4TBP/Work/Arise2014/inDesign/DVD%20Label%20Inside.jpg bytes=283338 ms=8.2
NETWORK t= 63854.7ms dt=    0.2ms tid=ThreadId(684) materialize_done uri=nfs://DietPi.local/mnt/4TBP/Work/Arise2014/inDesign/DVD%20Label%20Inside.jpg path=/home/peet/.cache/picasa-rs/source/z/e04b457f4678a7074de3f09a476659071be2105a0d5ec967a2437ec3724d529e.jpg ms=8.4
NETWORK t= 63858.6ms dt=    3.9ms tid=ThreadId(684) read_start uri=nfs://DietPi.local/mnt/4TBP/Work/Arise2014/inDesign/Arise%20CD%20Cover.jpg
NETWORK t= 63874.7ms dt=   16.1ms tid=ThreadId(685) materialize_start uri=nfs://DietPi.local/mnt/4TBP/Work/Arise2014/inDesign/Poster%20A3-Arise%20Folder/Links/Bokeh-Turquise.jpg
NETWORK t= 63874.8ms dt=    0.1ms tid=ThreadId(685) read_start uri=nfs://DietPi.local/mnt/4TBP/Work/Arise2014/inDesign/Poster%20A3-Arise%20Folder/Links/Bokeh-Turquise.jpg
NETWORK t= 63890.8ms dt=   16.0ms tid=ThreadId(684) nfs_helper_read_ok uri=nfs://DietPi.local/mnt/4TBP/Work/Arise2014/inDesign/Arise%20CD%20Cover.jpg bytes=308706
NETWORK t= 63890.8ms dt=    0.0ms tid=ThreadId(684) read_done uri=nfs://DietPi.local/mnt/4TBP/Work/Arise2014/inDesign/Arise%20CD%20Cover.jpg bytes=308706 ms=32.2
NETWORK t= 63899.1ms dt=    8.3ms tid=ThreadId(685) nfs_helper_read_ok uri=nfs://DietPi.local/mnt/4TBP/Work/Arise2014/inDesign/Poster%20A3-Arise%20Folder/Links/Bokeh-Turquise.jpg bytes=338756
NETWORK t= 63899.1ms dt=    0.0ms tid=ThreadId(685) read_done uri=nfs://DietPi.local/mnt/4TBP/Work/Arise2014/inDesign/Poster%20A3-Arise%20Folder/Links/Bokeh-Turquise.jpg bytes=338756 ms=24.3
NETWORK t= 63899.2ms dt=    0.1ms tid=ThreadId(684) materialize_start uri=nfs://DietPi.local/mnt/4TBP/Work/Arise2014/inDesign/Arise%20CD%20Cover.jpg
NETWORK t= 63899.2ms dt=    0.1ms tid=ThreadId(684) read_start uri=nfs://DietPi.local/mnt/4TBP/Work/Arise2014/inDesign/Arise%20CD%20Cover.jpg
NETWORK t= 63899.3ms dt=    0.0ms tid=ThreadId(685) materialize_done uri=nfs://DietPi.local/mnt/4TBP/Work/Arise2014/inDesign/Poster%20A3-Arise%20Folder/Links/Bokeh-Turquise.jpg path=/home/peet/.cache/picasa-rs/source/5/9461b43bda63916b069ddefe606d652959a5601c6015e8a31985573c8121cf41.jpg ms=24.5
NETWORK t= 63902.0ms dt=    2.7ms tid=ThreadId(685) read_start uri=nfs://DietPi.local/mnt/4TBP/Work/Arise2014/inDesign/Poster%20A3-YouAre.jpg
NETWORK t= 63907.3ms dt=    5.3ms tid=ThreadId(684) nfs_helper_read_ok uri=nfs://DietPi.local/mnt/4TBP/Work/Arise2014/inDesign/Arise%20CD%20Cover.jpg bytes=308706
NETWORK t= 63907.3ms dt=    0.0ms tid=ThreadId(684) read_done uri=nfs://DietPi.local/mnt/4TBP/Work/Arise2014/inDesign/Arise%20CD%20Cover.jpg bytes=308706 ms=8.1
NETWORK t= 63907.5ms dt=    0.1ms tid=ThreadId(684) materialize_done uri=nfs://DietPi.local/mnt/4TBP/Work/Arise2014/inDesign/Arise%20CD%20Cover.jpg path=/home/peet/.cache/picasa-rs/source/w/b7ecfe4ef49ce4f56a515171061b0fc936e7036433b919c86537ed7c2b6c4a7f.jpg ms=8.3
NETWORK t= 63910.6ms dt=    3.1ms tid=ThreadId(684) read_start uri=nfs://DietPi.local/mnt/4TBP/Work/Arise2014/inDesign/Arise%20CD%20Cover2.jpg
NETWORK t= 63990.8ms dt=   80.2ms tid=ThreadId(685) nfs_helper_read_ok uri=nfs://DietPi.local/mnt/4TBP/Work/Arise2014/inDesign/Poster%20A3-YouAre.jpg bytes=3730353
NETWORK t= 63990.8ms dt=    0.0ms tid=ThreadId(685) read_done uri=nfs://DietPi.local/mnt/4TBP/Work/Arise2014/inDesign/Poster%20A3-YouAre.jpg bytes=3730353 ms=88.8
NETWORK t= 64000.4ms dt=    9.6ms tid=ThreadId(684) nfs_helper_read_ok uri=nfs://DietPi.local/mnt/4TBP/Work/Arise2014/inDesign/Arise%20CD%20Cover2.jpg bytes=307172
NETWORK t= 64000.4ms dt=    0.0ms tid=ThreadId(684) read_done uri=nfs://DietPi.local/mnt/4TBP/Work/Arise2014/inDesign/Arise%20CD%20Cover2.jpg bytes=307172 ms=89.8
NETWORK t= 64009.8ms dt=    9.3ms tid=ThreadId(684) materialize_start uri=nfs://DietPi.local/mnt/4TBP/Work/Arise2014/inDesign/Arise%20CD%20Cover2.jpg
NETWORK t= 64009.8ms dt=    0.1ms tid=ThreadId(684) read_start uri=nfs://DietPi.local/mnt/4TBP/Work/Arise2014/inDesign/Arise%20CD%20Cover2.jpg
NETWORK t= 64018.2ms dt=    8.4ms tid=ThreadId(684) nfs_helper_read_ok uri=nfs://DietPi.local/mnt/4TBP/Work/Arise2014/inDesign/Arise%20CD%20Cover2.jpg bytes=307172
NETWORK t= 64018.2ms dt=    0.0ms tid=ThreadId(684) read_done uri=nfs://DietPi.local/mnt/4TBP/Work/Arise2014/inDesign/Arise%20CD%20Cover2.jpg bytes=307172 ms=8.4
NETWORK t= 64018.3ms dt=    0.1ms tid=ThreadId(684) materialize_done uri=nfs://DietPi.local/mnt/4TBP/Work/Arise2014/inDesign/Arise%20CD%20Cover2.jpg path=/home/peet/.cache/picasa-rs/source/3/aeab36d2e118a94c76e11d25a343ff99d88142a1d2841dc9ed09990e67218dc1.jpg ms=8.5
NETWORK t= 64022.2ms dt=    3.9ms tid=ThreadId(684) read_start uri=nfs://DietPi.local/mnt/4TBP/Work/Arise2014/inDesign/Poster%20A3-Arise.jpg
NETWORK t= 64031.8ms dt=    9.6ms tid=ThreadId(685) materialize_start uri=nfs://DietPi.local/mnt/4TBP/Work/Arise2014/inDesign/Poster%20A3-YouAre.jpg
NETWORK t= 64031.9ms dt=    0.1ms tid=ThreadId(685) read_start uri=nfs://DietPi.local/mnt/4TBP/Work/Arise2014/inDesign/Poster%20A3-YouAre.jpg
NETWORK t= 64093.5ms dt=   61.7ms tid=ThreadId(684) nfs_helper_read_ok uri=nfs://DietPi.local/mnt/4TBP/Work/Arise2014/inDesign/Poster%20A3-Arise.jpg bytes=3485682
NETWORK t= 64093.6ms dt=    0.0ms tid=ThreadId(684) read_done uri=nfs://DietPi.local/mnt/4TBP/Work/Arise2014/inDesign/Poster%20A3-Arise.jpg bytes=3485682 ms=71.3
NETWORK t= 64133.0ms dt=   39.4ms tid=ThreadId(684) materialize_start uri=nfs://DietPi.local/mnt/4TBP/Work/Arise2014/inDesign/Poster%20A3-Arise.jpg
NETWORK t= 64133.0ms dt=    0.1ms tid=ThreadId(684) read_start uri=nfs://DietPi.local/mnt/4TBP/Work/Arise2014/inDesign/Poster%20A3-Arise.jpg
NETWORK t= 64160.8ms dt=   27.8ms tid=ThreadId(685) nfs_helper_read_ok uri=nfs://DietPi.local/mnt/4TBP/Work/Arise2014/inDesign/Poster%20A3-YouAre.jpg bytes=3730353
NETWORK t= 64160.8ms dt=    0.0ms tid=ThreadId(685) read_done uri=nfs://DietPi.local/mnt/4TBP/Work/Arise2014/inDesign/Poster%20A3-YouAre.jpg bytes=3730353 ms=129.0
NETWORK t= 64161.5ms dt=    0.7ms tid=ThreadId(685) materialize_done uri=nfs://DietPi.local/mnt/4TBP/Work/Arise2014/inDesign/Poster%20A3-YouAre.jpg path=/home/peet/.cache/picasa-rs/source/f/bc5bfec1808b72228de50647c3796582071b71a01b7a0229035e60e48be6dce8.jpg ms=129.7
NETWORK t= 64166.9ms dt=    5.3ms tid=ThreadId(685) read_start uri=nfs://DietPi.local/mnt/4TBP/Work/Arise2014/inDesign/BCards.jpg
NETWORK t= 64222.1ms dt=   55.3ms tid=ThreadId(684) nfs_helper_read_ok uri=nfs://DietPi.local/mnt/4TBP/Work/Arise2014/inDesign/Poster%20A3-Arise.jpg bytes=3485682
NETWORK t= 64222.1ms dt=    0.0ms tid=ThreadId(684) read_done uri=nfs://DietPi.local/mnt/4TBP/Work/Arise2014/inDesign/Poster%20A3-Arise.jpg bytes=3485682 ms=89.1
NETWORK t= 64222.7ms dt=    0.5ms tid=ThreadId(684) materialize_done uri=nfs://DietPi.local/mnt/4TBP/Work/Arise2014/inDesign/Poster%20A3-Arise.jpg path=/home/peet/.cache/picasa-rs/source/7/68cbbad2baa733dd28d70120aa62a02b24c2e76c069a3a959d0ec2cef389883f.jpg ms=89.7
NETWORK t= 64227.7ms dt=    5.0ms tid=ThreadId(684) read_start uri=nfs://DietPi.local/mnt/4TBP/Work/Arise2014/inDesign/Pins/Pins/Pins.jpg
NETWORK t= 64242.6ms dt=   14.9ms tid=ThreadId(685) nfs_helper_read_ok uri=nfs://DietPi.local/mnt/4TBP/Work/Arise2014/inDesign/BCards.jpg bytes=891747
NETWORK t= 64242.6ms dt=    0.0ms tid=ThreadId(685) read_done uri=nfs://DietPi.local/mnt/4TBP/Work/Arise2014/inDesign/BCards.jpg bytes=891747 ms=75.7
NETWORK t= 64253.1ms dt=   10.5ms tid=ThreadId(684) nfs_helper_read_ok uri=nfs://DietPi.local/mnt/4TBP/Work/Arise2014/inDesign/Pins/Pins/Pins.jpg bytes=195827
NETWORK t= 64253.1ms dt=    0.0ms tid=ThreadId(684) read_done uri=nfs://DietPi.local/mnt/4TBP/Work/Arise2014/inDesign/Pins/Pins/Pins.jpg bytes=195827 ms=25.5
NETWORK t= 64253.3ms dt=    0.2ms tid=ThreadId(685) materialize_start uri=nfs://DietPi.local/mnt/4TBP/Work/Arise2014/inDesign/BCards.jpg
NETWORK t= 64253.4ms dt=    0.1ms tid=ThreadId(685) read_start uri=nfs://DietPi.local/mnt/4TBP/Work/Arise2014/inDesign/BCards.jpg
NETWORK t= 64257.5ms dt=    4.1ms tid=ThreadId(684) materialize_start uri=nfs://DietPi.local/mnt/4TBP/Work/Arise2014/inDesign/Pins/Pins/Pins.jpg
NETWORK t= 64257.5ms dt=    0.1ms tid=ThreadId(684) read_start uri=nfs://DietPi.local/mnt/4TBP/Work/Arise2014/inDesign/Pins/Pins/Pins.jpg
NETWORK t= 64271.6ms dt=   14.1ms tid=ThreadId(685) nfs_helper_read_ok uri=nfs://DietPi.local/mnt/4TBP/Work/Arise2014/inDesign/BCards.jpg bytes=891747
NETWORK t= 64271.7ms dt=    0.0ms tid=ThreadId(685) read_done uri=nfs://DietPi.local/mnt/4TBP/Work/Arise2014/inDesign/BCards.jpg bytes=891747 ms=18.3
NETWORK t= 64271.9ms dt=    0.2ms tid=ThreadId(685) materialize_done uri=nfs://DietPi.local/mnt/4TBP/Work/Arise2014/inDesign/BCards.jpg path=/home/peet/.cache/picasa-rs/source/i/dcfecaf6e1a340487621d1a70e47d0eb1eea1a086b6ca04332de93f942739762.jpg ms=18.5
NETWORK t= 64275.5ms dt=    3.6ms tid=ThreadId(685) read_start uri=nfs://DietPi.local/mnt/4TBP/Work/Arise2014/inDesign/Poster%20A3-Final/Links/Girl2.png
NETWORK t= 64277.7ms dt=    2.2ms tid=ThreadId(684) nfs_helper_read_ok uri=nfs://DietPi.local/mnt/4TBP/Work/Arise2014/inDesign/Pins/Pins/Pins.jpg bytes=195827
NETWORK t= 64277.7ms dt=    0.0ms tid=ThreadId(684) read_done uri=nfs://DietPi.local/mnt/4TBP/Work/Arise2014/inDesign/Pins/Pins/Pins.jpg bytes=195827 ms=20.2
NETWORK t= 64277.8ms dt=    0.1ms tid=ThreadId(684) materialize_done uri=nfs://DietPi.local/mnt/4TBP/Work/Arise2014/inDesign/Pins/Pins/Pins.jpg path=/home/peet/.cache/picasa-rs/source/4/79f07dd8f05821f9ec07449a9e792a423670edc698781846e9e246afcbee911f.jpg ms=20.4
NETWORK t= 64390.6ms dt=  112.7ms tid=ThreadId(685) nfs_helper_read_ok uri=nfs://DietPi.local/mnt/4TBP/Work/Arise2014/inDesign/Poster%20A3-Final/Links/Girl2.png bytes=4114893
NETWORK t= 64390.6ms dt=    0.0ms tid=ThreadId(685) read_done uri=nfs://DietPi.local/mnt/4TBP/Work/Arise2014/inDesign/Poster%20A3-Final/Links/Girl2.png bytes=4114893 ms=115.1
NETWORK t= 64422.6ms dt=   32.0ms tid=ThreadId(685) materialize_start uri=nfs://DietPi.local/mnt/4TBP/Work/Arise2014/inDesign/Poster%20A3-Final/Links/Girl2.png
NETWORK t= 64422.7ms dt=    0.1ms tid=ThreadId(685) read_start uri=nfs://DietPi.local/mnt/4TBP/Work/Arise2014/inDesign/Poster%20A3-Final/Links/Girl2.png
NETWORK t= 64499.1ms dt=   76.4ms tid=ThreadId(685) nfs_helper_read_ok uri=nfs://DietPi.local/mnt/4TBP/Work/Arise2014/inDesign/Poster%20A3-Final/Links/Girl2.png bytes=4114893
NETWORK t= 64499.1ms dt=    0.0ms tid=ThreadId(685) read_done uri=nfs://DietPi.local/mnt/4TBP/Work/Arise2014/inDesign/Poster%20A3-Final/Links/Girl2.png bytes=4114893 ms=76.4
NETWORK t= 64499.7ms dt=    0.6ms tid=ThreadId(685) materialize_done uri=nfs://DietPi.local/mnt/4TBP/Work/Arise2014/inDesign/Poster%20A3-Final/Links/Girl2.png path=/home/peet/.cache/picasa-rs/source/z/911ffbf009035a36b0be5d052e1ce6ea8fc707ea1880a5cd9f0abd349e0c02e0.png ms=77.1
===== SCAN COMPLETE: imported=380 failed=0 | progressive gallery updates complete =====
NETWORK t= 68019.7ms dt= 3519.9ms tid=ThreadId(1629) nfs_helper_stat_failed uri=nfs://DietPi.local/exports/Work error=NFS server/export not permitted by root-owned helper policy
NETWORK t= 68020.8ms dt=    1.2ms tid=ThreadId(1629) nfs_helper_stat_ok uri=nfs://DietPi.local/mnt/4TBP/Other/Tat%20Sing size=4096
NETWORK t= 68021.9ms dt=    1.0ms tid=ThreadId(1629) nfs_helper_stat_ok uri=nfs://DietPi.local/mnt/4TBP/Work/Arise2014 size=12288
NETWORK t= 68022.8ms dt=    0.9ms tid=ThreadId(1629) nfs_helper_stat_ok uri=nfs://DietPi.local/mnt/4TBS/sg1/Extras-Stargate%20Atlantis size=4096
NETWORK t= 68022.8ms dt=    0.0ms tid=ThreadId(1629) smb_stat_start url=smb://dietpi.local/4tbp/Work/James lane=background
NETWORK t= 68025.3ms dt=    2.5ms tid=pic-smb-transport smb_client_new_start
NETWORK t= 68026.1ms dt=    0.8ms tid=pic-smb-transport smb_client_context_created
NETWORK t= 68026.1ms dt=    0.0ms tid=pic-smb-transport smb_client_init_start
NETWORK t= 68026.1ms dt=    0.0ms tid=pic-smb-transport smb_client_init_done
NETWORK t= 68043.1ms dt=   17.0ms tid=pic-smb-transport smb_transport stat ms=17.0
NETWORK t= 68043.5ms dt=    0.4ms tid=pic-smb-transport smb_client_context_freed
NETWORK t= 68043.6ms dt=    0.0ms tid=ThreadId(1629) smb_stat_start url=smb://dietpi.local/4tbs/pics-sport/NMB Half 2025/FB NMB Half 2025  All-Timestamp lane=background
NETWORK t= 68045.7ms dt=    2.1ms tid=pic-smb-transport smb_client_new_start
NETWORK t= 68046.2ms dt=    0.6ms tid=pic-smb-transport smb_client_context_created
NETWORK t= 68046.2ms dt=    0.0ms tid=pic-smb-transport smb_client_init_start
NETWORK t= 68046.3ms dt=    0.0ms tid=pic-smb-transport smb_client_init_done
NETWORK t= 68058.5ms dt=   12.2ms tid=pic-smb-transport smb_transport stat ms=12.2
NETWORK t= 68058.8ms dt=    0.3ms tid=pic-smb-transport smb_client_context_freed
NETWORK t= 68058.8ms dt=    0.0ms tid=ThreadId(1629) smb_stat_start url=smb://DietPi.local/4TBP/mypics-2026/Tats(Shoot)_2/tat photshoot 3 lane=background
NETWORK t= 68060.9ms dt=    2.1ms tid=pic-smb-transport smb_client_new_start
NETWORK t= 68061.6ms dt=    0.6ms tid=pic-smb-transport smb_client_context_created
NETWORK t= 68061.6ms dt=    0.0ms tid=pic-smb-transport smb_client_init_start
NETWORK t= 68061.6ms dt=    0.0ms tid=pic-smb-transport smb_client_init_done
NETWORK t= 68073.5ms dt=   11.9ms tid=pic-smb-transport smb_transport stat ms=11.9
NETWORK t= 68073.9ms dt=    0.4ms tid=pic-smb-transport smb_client_context_freed
NETWORK t= 68073.9ms dt=    0.0ms tid=ThreadId(1629) smb_stat_start url=smb://DietPi.local/4TBS/series-kids/He-Man and the Masters of the Universe (1983) lane=background
NETWORK t= 68076.1ms dt=    2.2ms tid=pic-smb-transport smb_client_new_start
NETWORK t= 68076.8ms dt=    0.7ms tid=pic-smb-transport smb_client_context_created
NETWORK t= 68076.8ms dt=    0.0ms tid=pic-smb-transport smb_client_init_start
NETWORK t= 68076.8ms dt=    0.0ms tid=pic-smb-transport smb_client_init_done
NETWORK t= 68089.6ms dt=   12.8ms tid=pic-smb-transport smb_transport stat ms=12.8
NETWORK t= 68090.0ms dt=    0.4ms tid=pic-smb-transport smb_client_context_freed
NETWORK t= 68090.0ms dt=    0.0ms tid=ThreadId(1629) smb_stat_start url=smb://DietPi.local/4TBS/sg1 lane=background
NETWORK t= 68092.3ms dt=    2.3ms tid=pic-smb-transport smb_client_new_start
NETWORK t= 68093.0ms dt=    0.7ms tid=pic-smb-transport smb_client_context_created
NETWORK t= 68093.0ms dt=    0.0ms tid=pic-smb-transport smb_client_init_start
NETWORK t= 68093.0ms dt=    0.0ms tid=pic-smb-transport smb_client_init_done
NETWORK t= 68105.5ms dt=   12.5ms tid=pic-smb-transport smb_transport stat ms=12.5
NETWORK t= 68105.9ms dt=    0.3ms tid=pic-smb-transport smb_client_context_freed
NETWORK t= 68105.9ms dt=    0.0ms tid=ThreadId(1629) smb_stat_start url=smb://DietPi.local/epg/ lane=background
NETWORK t= 68108.1ms dt=    2.2ms tid=pic-smb-transport smb_client_new_start
NETWORK t= 68108.9ms dt=    0.8ms tid=pic-smb-transport smb_client_context_created
NETWORK t= 68108.9ms dt=    0.0ms tid=pic-smb-transport smb_client_init_start
NETWORK t= 68108.9ms dt=    0.0ms tid=pic-smb-transport smb_client_init_done
NETWORK t= 68119.5ms dt=   10.5ms tid=pic-smb-transport smb_transport stat ms=10.5
NETWORK t= 68119.8ms dt=    0.4ms tid=pic-smb-transport smb_client_context_freed
NETWORK t= 68164.5ms dt=   44.6ms tid=main shares_refresh_start op=9
NETWORK t= 68166.3ms dt=    1.8ms tid=main shares_refresh_done count=10 op=9
NETWORK t= 68216.6ms dt=   50.3ms tid=main shares_counts_ready count=10 op=9
