warning: unused import: `Instant`
 --> src/edit/editor.rs:4:27
  |
4 | use std::time::{Duration, Instant};
  |                           ^^^^^^^
  |
  = note: `#[warn(unused_imports)]` (part of `#[warn(unused)]`) on by default

warning: unnecessary braces around function argument
   --> src/window/photo_actions.rs:277:9
    |
277 |         { dismiss_menu.clone() },
    |         ^^                    ^^
    |
    = note: `#[warn(unused_braces)]` (part of `#[warn(unused)]`) on by default
help: remove these braces
    |
277 -         { dismiss_menu.clone() },
277 +         dismiss_menu.clone(),
    |

warning: use of deprecated struct `gtk4::MessageDialog`: Since 4.10
  --> src/main.rs:70:35
   |
70 |                 let dialog = gtk::MessageDialog::builder()
   |                                   ^^^^^^^^^^^^^
   |
   = note: `#[warn(deprecated)]` on by default

warning: use of deprecated struct `gtk4::Dialog`: Since 4.10
    --> src/collage/editor.rs:1344:23
     |
1344 |     let dialog = gtk::Dialog::new();
     |                       ^^^^^^

warning: use of deprecated struct `gtk4::FileChooserNative`: Since 4.10
    --> src/collage/editor.rs:1462:23
     |
1462 |     let dialog = gtk::FileChooserNative::new(
     |                       ^^^^^^^^^^^^^^^^^

warning: use of deprecated struct `gtk4::FileChooserNative`: Since 4.10
  --> src/edit/export.rs:11:27
   |
11 |         let dialog = gtk::FileChooserNative::new(
   |                           ^^^^^^^^^^^^^^^^^

warning: use of deprecated struct `gtk4::MessageDialog`: Since 4.10
   --> src/settings.rs:624:23
    |
624 |     let dialog = gtk::MessageDialog::builder()
    |                       ^^^^^^^^^^^^^

warning: use of deprecated struct `gtk4::Dialog`: Since 4.10
   --> src/window/dialogs.rs:140:23
    |
140 |     let dialog = gtk::Dialog::new();
    |                       ^^^^^^

warning: use of deprecated struct `gtk4::Dialog`: Since 4.10
   --> src/window/dialogs.rs:702:37
    |
702 | fn key_controller_log(dialog: &gtk::Dialog, controller: gtk::EventControllerKey) {
    |                                     ^^^^^^

warning: use of deprecated struct `gtk4::Dialog`: Since 4.10
   --> src/window/dialogs.rs:755:23
    |
755 |     let dialog = gtk::Dialog::new();
    |                       ^^^^^^

warning: use of deprecated struct `gtk4::Dialog`: Since 4.10
    --> src/window/dialogs.rs:1246:23
     |
1246 |     let dialog = gtk::Dialog::new();
     |                       ^^^^^^

warning: use of deprecated struct `gtk4::FileChooserNative`: Since 4.10
    --> src/window/build.rs:2397:27
     |
2397 |         let dialog = gtk::FileChooserNative::new(
     |                           ^^^^^^^^^^^^^^^^^

warning: use of deprecated struct `gtk4::FileChooserNative`: Since 4.10
    --> src/window/build.rs:2977:27
     |
2977 |         let dialog = gtk::FileChooserNative::new(
     |                           ^^^^^^^^^^^^^^^^^

warning: use of deprecated method `gtk4::prelude::WidgetExt::style_context`: Since 4.10
  --> src/albums/view.rs:20:10
   |
20 |         .style_context()
   |          ^^^^^^^^^^^^^

warning: use of deprecated method `gtk4::prelude::StyleContextExt::add_provider`: Since 4.10
  --> src/albums/view.rs:21:10
   |
21 |         .add_provider(&background, gtk::STYLE_PROVIDER_PRIORITY_APPLICATION + 2);
   |          ^^^^^^^^^^^^

warning: use of deprecated method `gtk4::prelude::WidgetExt::style_context`: Since 4.10
  --> src/albums/view.rs:92:10
   |
92 |         .style_context()
   |          ^^^^^^^^^^^^^

warning: use of deprecated method `gtk4::prelude::StyleContextExt::add_provider`: Since 4.10
  --> src/albums/view.rs:93:10
   |
93 |         .add_provider(&background, gtk::STYLE_PROVIDER_PRIORITY_APPLICATION + 2);
   |          ^^^^^^^^^^^^

warning: use of deprecated method `gtk4::CssProvider::load_from_data`: Since 4.12
   --> src/collage/editor.rs:175:13
    |
175 |         css.load_from_data(&css_data);
    |             ^^^^^^^^^^^^^^

warning: use of deprecated associated function `gtk4::Dialog::new`: Since 4.10
    --> src/collage/editor.rs:1344:31
     |
1344 |     let dialog = gtk::Dialog::new();
     |                               ^^^

warning: use of deprecated method `gtk4::prelude::DialogExt::add_button`: Since 4.10
    --> src/collage/editor.rs:1348:12
     |
1348 |     dialog.add_button("Cancel", gtk::ResponseType::Cancel);
     |            ^^^^^^^^^^

warning: use of deprecated method `gtk4::prelude::DialogExt::add_button`: Since 4.10
    --> src/collage/editor.rs:1349:32
     |
1349 |     let export_button = dialog.add_button("Export", gtk::ResponseType::Ok);
     |                                ^^^^^^^^^^

warning: use of deprecated method `gtk4::prelude::DialogExt::set_default_response`: Since 4.10
    --> src/collage/editor.rs:1351:12
     |
1351 |     dialog.set_default_response(gtk::ResponseType::Ok);
     |            ^^^^^^^^^^^^^^^^^^^^

warning: use of deprecated method `gtk4::prelude::DialogExt::content_area`: Since 4.10
    --> src/collage/editor.rs:1353:26
     |
1353 |     let content = dialog.content_area();
     |                          ^^^^^^^^^^^^

warning: use of deprecated method `gtk4::prelude::DialogExt::connect_response`: Since 4.10
    --> src/collage/editor.rs:1427:16
     |
1427 |         dialog.connect_response(move |_, response| {
     |                ^^^^^^^^^^^^^^^^

warning: use of deprecated method `gtk4::prelude::WidgetExt::show`: Since 4.10
    --> src/collage/editor.rs:1450:12
     |
1450 |     dialog.show();
     |            ^^^^

warning: use of deprecated associated function `gtk4::FileChooserNative::new`: Since 4.10
    --> src/collage/editor.rs:1462:42
     |
1462 |     let dialog = gtk::FileChooserNative::new(
     |                                          ^^^

warning: use of deprecated method `gtk4::prelude::FileChooserExt::set_current_name`: Since 4.10
    --> src/collage/editor.rs:1469:12
     |
1469 |     dialog.set_current_name(&format!("collage.{extension}"));
     |            ^^^^^^^^^^^^^^^^

warning: use of deprecated method `gtk4::prelude::FileChooserExt::add_filter`: Since 4.10
    --> src/collage/editor.rs:1476:12
     |
1476 |     dialog.add_filter(&filter);
     |            ^^^^^^^^^^

warning: use of deprecated method `gtk4::prelude::FileChooserExt::file`: Since 4.10
    --> src/collage/editor.rs:1482:33
     |
1482 |         let Some(path) = dialog.file().and_then(|file| file.path()) else {
     |                                 ^^^^

warning: use of deprecated method `gtk4::CssProvider::load_from_data`: Since 4.12
  --> src/css/mod.rs:46:10
   |
46 |     base.load_from_data(BASE);
   |          ^^^^^^^^^^^^^^

warning: use of deprecated method `gtk4::CssProvider::load_from_data`: Since 4.12
  --> src/css/mod.rs:54:14
   |
54 |     platform.load_from_data(PLATFORM);
   |              ^^^^^^^^^^^^^^

warning: use of deprecated method `gtk4::CssProvider::load_from_data`: Since 4.12
  --> src/css/mod.rs:65:20
   |
65 |     square_corners.load_from_data(SQUARE_CORNERS);
   |                    ^^^^^^^^^^^^^^

warning: use of deprecated associated function `gtk4::FileChooserNative::new`: Since 4.10
  --> src/edit/export.rs:11:46
   |
11 |         let dialog = gtk::FileChooserNative::new(
   |                                              ^^^

warning: use of deprecated method `gtk4::prelude::FileChooserExt::set_current_name`: Since 4.10
  --> src/edit/export.rs:23:16
   |
23 |         dialog.set_current_name(&filename);
   |                ^^^^^^^^^^^^^^^^

warning: use of deprecated method `gtk4::prelude::FileChooserExt::file`: Since 4.10
  --> src/edit/export.rs:32:51
   |
32 |                 if let Some(destination) = dialog.file().and_then(|file| file.path()) {
   |                                                   ^^^^

warning: use of deprecated method `gtk4::prelude::WidgetExt::hide`: Since 4.10
  --> src/settings.rs:67:24
   |
67 |                 window.hide();
   |                        ^^^^

warning: use of deprecated associated function `gtk4::MessageDialog::builder`: Since 4.10
   --> src/settings.rs:624:38
    |
624 |     let dialog = gtk::MessageDialog::builder()
    |                                      ^^^^^^^

warning: use of deprecated method `gtk4::builders::MessageDialogBuilder::transient_for`: Since 4.10
   --> src/settings.rs:625:10
    |
625 |         .transient_for(parent)
    |          ^^^^^^^^^^^^^

warning: use of deprecated method `gtk4::builders::MessageDialogBuilder::modal`: Since 4.10
   --> src/settings.rs:626:10
    |
626 |         .modal(true)
    |          ^^^^^

warning: use of deprecated method `gtk4::builders::MessageDialogBuilder::message_type`: Since 4.10
   --> src/settings.rs:627:10
    |
627 |         .message_type(gtk::MessageType::Warning)
    |          ^^^^^^^^^^^^

warning: use of deprecated method `gtk4::builders::MessageDialogBuilder::buttons`: Since 4.10
   --> src/settings.rs:628:10
    |
628 |         .buttons(gtk::ButtonsType::Cancel)
    |          ^^^^^^^

warning: use of deprecated method `gtk4::builders::MessageDialogBuilder::text`: Since 4.10
   --> src/settings.rs:629:10
    |
629 |         .text(title)
    |          ^^^^

warning: use of deprecated method `gtk4::builders::MessageDialogBuilder::secondary_text`: Since 4.10
   --> src/settings.rs:630:10
    |
630 |         .secondary_text(message)
    |          ^^^^^^^^^^^^^^

warning: use of deprecated method `gtk4::builders::MessageDialogBuilder::build`: Since 4.10
   --> src/settings.rs:631:10
    |
631 |         .build();
    |          ^^^^^

warning: use of deprecated method `gtk4::prelude::DialogExt::add_button`: Since 4.10
   --> src/settings.rs:632:12
    |
632 |     dialog.add_button("Continue", gtk::ResponseType::Accept);
    |            ^^^^^^^^^^

warning: use of deprecated method `gtk4::prelude::DialogExt::connect_response`: Since 4.10
   --> src/settings.rs:633:12
    |
633 |     dialog.connect_response(move |dialog, response| {
    |            ^^^^^^^^^^^^^^^^

warning: use of deprecated method `gtk4::prelude::WidgetExt::allocation`: Since 4.12
    --> src/sidebar.rs:1785:58
     |
1785 |                         .unwrap_or_else(|| f64::from(row.allocation().y()));
     |                                                          ^^^^^^^^^^

warning: use of deprecated method `gtk4::CssProvider::load_from_data`: Since 4.12
   --> src/window/theme.rs:151:22
    |
151 |             provider.load_from_data(base.css.as_str());
    |                      ^^^^^^^^^^^^^^

warning: use of deprecated method `gtk4::CssProvider::load_from_data`: Since 4.12
   --> src/window/theme.rs:207:22
    |
207 |             provider.load_from_data(theme.css.as_str());
    |                      ^^^^^^^^^^^^^^

warning: use of deprecated associated function `gtk4::Dialog::new`: Since 4.10
   --> src/window/dialogs.rs:140:31
    |
140 |     let dialog = gtk::Dialog::new();
    |                               ^^^

warning: use of deprecated method `gtk4::prelude::DialogExt::add_button`: Since 4.10
   --> src/window/dialogs.rs:150:12
    |
150 |     dialog.add_button("Cancel", gtk::ResponseType::Cancel);
    |            ^^^^^^^^^^

warning: use of deprecated method `gtk4::prelude::DialogExt::add_button`: Since 4.10
   --> src/window/dialogs.rs:151:33
    |
151 |     let connect_button = dialog.add_button("Connect", gtk::ResponseType::Accept);
    |                                 ^^^^^^^^^^

warning: use of deprecated method `gtk4::prelude::DialogExt::set_default_response`: Since 4.10
   --> src/window/dialogs.rs:152:12
    |
152 |     dialog.set_default_response(gtk::ResponseType::Accept);
    |            ^^^^^^^^^^^^^^^^^^^^

warning: use of deprecated method `gtk4::prelude::DialogExt::content_area`: Since 4.10
   --> src/window/dialogs.rs:166:26
    |
166 |     let content = dialog.content_area();
    |                          ^^^^^^^^^^^^

warning: use of deprecated method `gtk4::prelude::DialogExt::connect_response`: Since 4.10
   --> src/window/dialogs.rs:601:12
    |
601 |     dialog.connect_response(move |dialog, response| {
    |            ^^^^^^^^^^^^^^^^

warning: use of deprecated associated function `gtk4::Dialog::new`: Since 4.10
   --> src/window/dialogs.rs:755:31
    |
755 |     let dialog = gtk::Dialog::new();
    |                               ^^^

warning: use of deprecated method `gtk4::prelude::DialogExt::add_button`: Since 4.10
   --> src/window/dialogs.rs:764:12
    |
764 |     dialog.add_button("Cancel", gtk::ResponseType::Cancel);
    |            ^^^^^^^^^^

warning: use of deprecated method `gtk4::prelude::DialogExt::add_button`: Since 4.10
   --> src/window/dialogs.rs:766:10
    |
766 |         .add_button("Select This Folder", gtk::ResponseType::Accept)
    |          ^^^^^^^^^^

warning: use of deprecated method `gtk4::prelude::DialogExt::set_default_response`: Since 4.10
   --> src/window/dialogs.rs:769:12
    |
769 |     dialog.set_default_response(gtk::ResponseType::Accept);
    |            ^^^^^^^^^^^^^^^^^^^^

warning: use of deprecated method `gtk4::prelude::DialogExt::content_area`: Since 4.10
   --> src/window/dialogs.rs:771:26
    |
771 |     let content = dialog.content_area();
    |                          ^^^^^^^^^^^^

warning: use of deprecated method `gtk4::prelude::DialogExt::connect_response`: Since 4.10
    --> src/window/dialogs.rs:1207:16
     |
1207 |         dialog.connect_response(move |dialog, response| {
     |                ^^^^^^^^^^^^^^^^

warning: use of deprecated associated function `gtk4::Dialog::new`: Since 4.10
    --> src/window/dialogs.rs:1246:31
     |
1246 |     let dialog = gtk::Dialog::new();
     |                               ^^^

warning: use of deprecated method `gtk4::prelude::DialogExt::add_button`: Since 4.10
    --> src/window/dialogs.rs:1250:12
     |
1250 |     dialog.add_button("Cancel", gtk::ResponseType::Cancel);
     |            ^^^^^^^^^^

warning: use of deprecated method `gtk4::prelude::DialogExt::add_button`: Since 4.10
    --> src/window/dialogs.rs:1251:33
     |
1251 |     let connect_button = dialog.add_button("Connect", gtk::ResponseType::Accept);
     |                                 ^^^^^^^^^^

warning: use of deprecated method `gtk4::prelude::DialogExt::set_default_response`: Since 4.10
    --> src/window/dialogs.rs:1252:12
     |
1252 |     dialog.set_default_response(gtk::ResponseType::Accept);
     |            ^^^^^^^^^^^^^^^^^^^^

warning: use of deprecated method `gtk4::prelude::DialogExt::content_area`: Since 4.10
    --> src/window/dialogs.rs:1254:26
     |
1254 |     let content = dialog.content_area();
     |                          ^^^^^^^^^^^^

warning: use of deprecated method `gtk4::prelude::DialogExt::connect_response`: Since 4.10
    --> src/window/dialogs.rs:1299:12
     |
1299 |     dialog.connect_response(move |dialog, response| {
     |            ^^^^^^^^^^^^^^^^

warning: use of deprecated associated function `gtk4::FileChooserNative::new`: Since 4.10
    --> src/window/build.rs:2397:46
     |
2397 |         let dialog = gtk::FileChooserNative::new(
     |                                              ^^^

warning: use of deprecated method `gtk4::prelude::FileChooserExt::set_current_name`: Since 4.10
    --> src/window/build.rs:2410:16
     |
2410 |         dialog.set_current_name(&filename);
     |                ^^^^^^^^^^^^^^^^

warning: use of deprecated method `gtk4::prelude::FileChooserExt::file`: Since 4.10
    --> src/window/build.rs:2414:44
     |
2414 |                 if let Some(file) = dialog.file() {
     |                                            ^^^^

warning: use of deprecated associated function `gtk4::FileChooserNative::new`: Since 4.10
    --> src/window/build.rs:2977:46
     |
2977 |         let dialog = gtk::FileChooserNative::new(
     |                                              ^^^

warning: use of deprecated method `gtk4::prelude::FileChooserExt::file`: Since 4.10
    --> src/window/build.rs:2987:44
     |
2987 |                 if let Some(file) = dialog.file() {
     |                                            ^^^^

warning: use of deprecated method `gtk4::CssProvider::load_from_data`: Since 4.12
  --> src/window/photo_actions.rs:16:9
   |
16 |     css.load_from_data(crate::css::PHOTO_CONTEXT_MENU);
   |         ^^^^^^^^^^^^^^

warning: use of deprecated associated function `gtk4::MessageDialog::builder`: Since 4.10
  --> src/main.rs:70:50
   |
70 |                 let dialog = gtk::MessageDialog::builder()
   |                                                  ^^^^^^^

warning: use of deprecated method `gtk4::builders::MessageDialogBuilder::message_type`: Since 4.10
  --> src/main.rs:71:22
   |
71 |                     .message_type(gtk::MessageType::Error)
   |                      ^^^^^^^^^^^^

warning: use of deprecated method `gtk4::builders::MessageDialogBuilder::buttons`: Since 4.10
  --> src/main.rs:72:22
   |
72 |                     .buttons(gtk::ButtonsType::Close)
   |                      ^^^^^^^

warning: use of deprecated method `gtk4::builders::MessageDialogBuilder::text`: Since 4.10
  --> src/main.rs:73:22
   |
73 |                     .text("Could not open the photo library")
   |                      ^^^^

warning: use of deprecated method `gtk4::builders::MessageDialogBuilder::secondary_text`: Since 4.10
  --> src/main.rs:74:22
   |
74 |                     .secondary_text(error.to_string())
   |                      ^^^^^^^^^^^^^^

warning: use of deprecated method `gtk4::builders::MessageDialogBuilder::build`: Since 4.10
  --> src/main.rs:75:22
   |
75 |                     .build();
   |                      ^^^^^

warning: use of deprecated method `gtk4::prelude::DialogExt::connect_response`: Since 4.10
  --> src/main.rs:76:24
   |
76 |                 dialog.connect_response(|dialog, _| dialog.close());
   |                        ^^^^^^^^^^^^^^^^

warning: unused import: `gtk::prelude`
 --> src/css/mod.rs:3:5
  |
3 | use gtk::prelude::*;
  |     ^^^^^^^^^^^^

warning: unreachable pattern
   --> src/css/theme_discovery.rs:200:39
    |
200 |                     "traffic-light" | "traffic-light" | "trafficlights" => {
    |                     ---------------   ^^^^^^^^^^^^^^^ no value can reach this
    |                     |
    |                     matches all the relevant values
    |
    = note: `#[warn(unreachable_patterns)]` (part of `#[warn(unused)]`) on by default

warning: unused variable: `window_for_close`
  --> src/settings.rs:64:17
   |
64 |             let window_for_close = window.clone();
   |                 ^^^^^^^^^^^^^^^^ help: if this is intentional, prefix it with an underscore: `_window_for_close`
   |
   = note: `#[warn(unused_variables)]` (part of `#[warn(unused)]`) on by default

warning: unnecessary `unsafe` block
    --> src/sidebar.rs:1390:42
     |
1388 |             let matches = unsafe {
     |                           ------ because it's nested under this `unsafe` block
1389 |                 row.data::<SidebarFilter>("picasa-filter")
1390 |                     .is_some_and(|value| unsafe { *value.as_ref() == filter })
     |                                          ^^^^^^ unnecessary `unsafe` block
     |
     = note: `#[warn(unused_unsafe)]` (part of `#[warn(unused)]`) on by default

warning: unused variable: `row`
    --> src/sidebar.rs:1624:14
     |
1624 |     let Some(row) = (|| {
     |              ^^^ help: if this is intentional, prefix it with an underscore: `_row`

warning: unnecessary `unsafe` block
   --> src/smb_transport.rs:622:9
    |
622 |         unsafe {
    |         ^^^^^^ unnecessary `unsafe` block

warning: unused variable: `error`
   --> src/thumbnail_display.rs:374:13
    |
374 |         Err(error) => {
    |             ^^^^^ help: if this is intentional, prefix it with an underscore: `_error`

warning: unused variable: `connect_button`
    --> src/window/dialogs.rs:1251:9
     |
1251 |     let connect_button = dialog.add_button("Connect", gtk::ResponseType::Accept);
     |         ^^^^^^^^^^^^^^ help: if this is intentional, prefix it with an underscore: `_connect_button`

warning: unused variable: `path`
    --> src/window/build.rs:3314:21
     |
3314 |                     path,
     |                     ^^^^ help: try ignoring the field: `path: _`

warning: unused variable: `count`
    --> src/window/build.rs:3084:17
     |
3084 |             let count = roots.as_ref().map(|roots| roots.len()).unwrap_or(0);
     |                 ^^^^^ help: if this is intentional, prefix it with an underscore: `_count`

warning: unused variable: `kind`
    --> src/window/build.rs:2612:41
     |
2612 |             let Some((root, generation, kind)) = next else {
     |                                         ^^^^ help: if this is intentional, prefix it with an underscore: `_kind`

warning: unused variable: `mount`
   --> src/window/layout.rs:575:51
    |
575 |     volume_monitor.connect_mount_changed(move |_, mount| {
    |                                                   ^^^^^ help: if this is intentional, prefix it with an underscore: `_mount`

warning: unused variable: `mount`
   --> src/window/layout.rs:570:51
    |
570 |     volume_monitor.connect_mount_removed(move |_, mount| {
    |                                                   ^^^^^ help: if this is intentional, prefix it with an underscore: `_mount`

warning: unused variable: `mount`
   --> src/window/layout.rs:565:49
    |
565 |     volume_monitor.connect_mount_added(move |_, mount| {
    |                                                 ^^^^^ help: if this is intentional, prefix it with an underscore: `_mount`

warning: unused variable: `changed`
   --> src/window/layout.rs:353:24
    |
353 |                     Ok(changed) => {
    |                        ^^^^^^^ help: if this is intentional, prefix it with an underscore: `_changed`

warning: unused variable: `file`
   --> src/window/build.rs:235:50
    |
235 |                 monitor.connect_changed(move |_, file, other_file, event| {
    |                                                  ^^^^ help: if this is intentional, prefix it with an underscore: `_file`

warning: unused variable: `other_file`
   --> src/window/build.rs:235:56
    |
235 |                 monitor.connect_changed(move |_, file, other_file, event| {
    |                                                        ^^^^^^^^^^ help: if this is intentional, prefix it with an underscore: `_other_file`

warning: unused variable: `search`
    --> src/window/build.rs:2497:9
     |
2497 |         search,
     |         ^^^^^^ help: if this is intentional, prefix it with an underscore: `_search`

warning: unused variable: `add_network_share_slot_for_import`
    --> src/window/build.rs:2810:9
     |
2810 |     let add_network_share_slot_for_import = add_network_share_slot.clone();
     |         ^^^^^^^^^^^^^^^^^^^^^^^^^^^^^^^^^ help: if this is intentional, prefix it with an underscore: `_add_network_share_slot_for_import`

warning: unused variable: `search`
   --> src/window/search.rs:207:22
    |
207 |         if let (Some(search), Some(popup)) = (search_weak.upgrade(), popup_weak.upgrade()) {
    |                      ^^^^^^ help: if this is intentional, prefix it with an underscore: `_search`

warning: function `bookshelf_background_path` is never used
   --> src/albums/bookshelf.rs:135:4
    |
135 | fn bookshelf_background_path(directory: &Path, index: usize) -> Option<PathBuf> {
    |    ^^^^^^^^^^^^^^^^^^^^^^^^^
    |
    = note: `#[warn(dead_code)]` (part of `#[warn(unused)]`) on by default

warning: method `add_photos` is never used
   --> src/collage/editor.rs:136:12
    |
126 | impl CollageEditor {
    | ------------------ method in this implementation
...
136 |     pub fn add_photos(&self, photos: Vec<crate::photo_object::PhotoObject>) {
    |            ^^^^^^^^^^

warning: method `add_photos` is never used
   --> src/collage/model.rs:153:12
    |
102 | impl CollageProject {
    | ------------------- method in this implementation
...
153 |     pub fn add_photos(&mut self, photos: Vec<PhotoObject>) {
    |            ^^^^^^^^^^

warning: field `interactive` is never read
  --> src/edit/preview.rs:94:5
   |
84 | struct PreviewJob {
   |        ---------- field in this struct
...
94 |     interactive: bool,
   |     ^^^^^^^^^^^

warning: function `pointer_over_content` is never used
  --> src/edit/zoom.rs:54:4
   |
54 | fn pointer_over_content(pointer: f64, viewport: f64, content: f64) -> bool {
   |    ^^^^^^^^^^^^^^^^^^^^

warning: function `apply_recipe_without_crop` is never used
  --> src/edit/render.rs:31:8
   |
31 | pub fn apply_recipe_without_crop(mut image: RgbaImage, recipe: &EditRecipe) -> RgbaImage {
   |        ^^^^^^^^^^^^^^^^^^^^^^^^^

warning: method `clear_photo` is never used
   --> src/grid/tile.rs:656:8
    |
164 | impl SquareTile {
    | --------------- method in this implementation
...
656 |     fn clear_photo(&self) {
    |        ^^^^^^^^^^^

warning: method `visible_folder_id` is never used
   --> src/grid/grouping.rs:286:12
    |
 27 | impl Gallery {
    | ------------ method in this implementation
...
286 |     pub fn visible_folder_id(&self) -> Option<i64> {
    |            ^^^^^^^^^^^^^^^^^

warning: function `folder_row_offset` is never used
  --> src/grid/virtualization.rs:59:4
   |
59 | fn folder_row_offset(rows: &[FolderVirtualRow], target_row: usize, tile_height: i32) -> f64 {
   |    ^^^^^^^^^^^^^^^^^

warning: struct `FolderVirtualRow` is never constructed
  --> src/grid/virtualization.rs:82:8
   |
82 | struct FolderVirtualRow {
   |        ^^^^^^^^^^^^^^^^

warning: function `folder_virtual_rows` is never used
  --> src/grid/virtualization.rs:91:4
   |
91 | fn folder_virtual_rows(ranges: &[GroupRange], chunk_size: usize) -> Vec<FolderVirtualRow> {
   |    ^^^^^^^^^^^^^^^^^^^

warning: method `refresh_availability` is never used
    --> src/grid/virtualization.rs:1182:12
     |
 208 | impl Gallery {
     | ------------ method in this implementation
...
1182 |     pub fn refresh_availability(&self) {
     |            ^^^^^^^^^^^^^^^^^^^^

warning: fields `hover_select_source` and `pointer_pressed` are never read
   --> src/grid/view.rs:132:5
    |
 52 | pub struct Gallery {
    |            ------- fields in this struct
...
132 |     hover_select_source: Rc<RefCell<Option<glib::SourceId>>>,
    |     ^^^^^^^^^^^^^^^^^^^
133 |     pointer_pressed: Rc<Cell<bool>>,
    |     ^^^^^^^^^^^^^^^

warning: methods `selected_position` and `is_at_vertical_boundary` are never used
   --> src/grid/selection.rs:5:12
    |
  1 | impl Gallery {
    | ------------ methods in this implementation
...
  5 |     pub fn selected_position(&self) -> Option<usize> {
    |            ^^^^^^^^^^^^^^^^^
...
148 |     pub fn is_at_vertical_boundary(&self, direction: i32) -> bool {
    |            ^^^^^^^^^^^^^^^^^^^^^^^

warning: function `folder_id_from_named_ancestor` is never used
   --> src/grid/selection.rs:923:4
    |
923 | fn folder_id_from_named_ancestor(widget: &gtk::Widget) -> Option<i64> {
    |    ^^^^^^^^^^^^^^^^^^^^^^^^^^^^^

warning: field `grid_zoom_menu` is never read
  --> src/infobar.rs:24:9
   |
10 | pub struct InfoBar {
   |            ------- field in this struct
...
24 |     pub grid_zoom_menu: gtk::MenuButton,
   |         ^^^^^^^^^^^^^^

warning: fields `size` and `mtime` are never read
  --> src/nfs_transport.rs:25:9
   |
22 | pub struct Entry {
   |            ----- fields in this struct
...
25 |     pub size: u64,
   |         ^^^^
26 |     pub mtime: i64,
   |         ^^^^^
   |
   = note: `Entry` has derived impls for the traits `Clone` and `Debug`, but these are intentionally ignored during dead code analysis

warning: function `rotated_thumbnail` is never used
  --> src/photo_texture.rs:52:8
   |
52 | pub fn rotated_thumbnail(path: &str, rotation: i32) -> Option<gtk::gdk::Paintable> {
   |        ^^^^^^^^^^^^^^^^^

warning: field `id` is never read
  --> src/scanner.rs:27:9
   |
25 |     PhotoIndexed {
   |     ------------ field in this variant
26 |         path: PathBuf,
27 |         id: i64,
   |         ^^
   |
   = note: `ScanEvent` has derived impls for the traits `Clone` and `Debug`, but these are intentionally ignored during dead code analysis

warning: function `scan` is never used
  --> src/scanner.rs:79:8
   |
79 | pub fn scan(root: &str, events: Option<&Sender<ScanEvent>>) -> Result<usize> {
   |        ^^^^

warning: field `size` is never read
  --> src/smb_transport.rs:35:9
   |
32 | pub struct SmbEntry {
   |            -------- field in this struct
...
35 |     pub size: u64,
   |         ^^^^
   |
   = note: `SmbEntry` has derived impls for the traits `Clone` and `Debug`, but these are intentionally ignored during dead code analysis

warning: function `delete_smb_credentials` is never used
    --> src/smb_transport.rs:1081:8
     |
1081 | pub fn delete_smb_credentials(uri: &str) -> Result<(), String> {
     |        ^^^^^^^^^^^^^^^^^^^^^^

warning: function `read_prefix` is never used
    --> src/smb_transport.rs:1231:8
     |
1231 | pub fn read_prefix(uri: &str, max_bytes: usize) -> Result<Vec<u8>, SmbTransportError> {
     |        ^^^^^^^^^^^

warning: function `probe_file_available` is never used
   --> src/source.rs:245:8
    |
245 | pub fn probe_file_available(reference: &str) -> bool {
    |        ^^^^^^^^^^^^^^^^^^^^

warning: function `clear_trace_op` is never used
   --> src/source.rs:277:15
    |
277 | pub(crate) fn clear_trace_op() {
    |               ^^^^^^^^^^^^^^

warning: function `wait_for_priority_requests` is never used
   --> src/thumbnail.rs:191:8
    |
191 | pub fn wait_for_priority_requests() {
    |        ^^^^^^^^^^^^^^^^^^^^^^^^^^

warning: field `scale` is never read
 --> src/thumbnail/viewer.rs:5:5
  |
1 | struct DecodedThumbnailSource {
  |        ---------------------- field in this struct
...
5 |     scale: &'static str,
  |     ^^^^^

warning: function `create_many` is never used
 --> src/thumbnail/batch.rs:1:8
  |
1 | pub fn create_many(
  |        ^^^^^^^^^^^

warning: constant `EDIT_PANEL_CSS` is never used
  --> src/window.rs:24:18
   |
24 | pub(crate) const EDIT_PANEL_CSS: &str = crate::css::BASE;
   |                  ^^^^^^^^^^^^^^

warning: variants `FilesystemNotification` and `ProgrammaticSidebarSelection` are never constructed
   --> src/window.rs:182:5
    |
178 | enum PhotoScanRequestReason {
    |      ---------------------- variants in this enum
...
182 |     FilesystemNotification,
    |     ^^^^^^^^^^^^^^^^^^^^^^
...
185 |     ProgrammaticSidebarSelection,
    |     ^^^^^^^^^^^^^^^^^^^^^^^^^^^^
    |
    = note: `PhotoScanRequestReason` has derived impls for the traits `Debug` and `Clone`, but these are intentionally ignored during dead code analysis

warning: function `install_gallery_zoom_scroll` is never used
   --> src/window/navigation.rs:588:4
    |
588 | fn install_gallery_zoom_scroll(scrolled: &gtk::ScrolledWindow, gallery: Rc<grid::Gallery>) {
    |    ^^^^^^^^^^^^^^^^^^^^^^^^^^^

warning: field `mounted` is never read
  --> src/window/availability.rs:24:5
   |
23 | struct ReconnectedSources {
   |        ------------------ field in this struct
24 |     mounted: std::collections::HashSet<String>,
   |     ^^^^^^^

warning: method `update` is never used
  --> src/window/availability.rs:29:8
   |
28 | impl ReconnectedSources {
   | ----------------------- method in this implementation
29 |     fn update(&mut self, mounted: std::collections::HashSet<String>) {
   |        ^^^^^^

warning: variant `Scoped` is never constructed
   --> src/window/library.rs:130:5
    |
129 | enum GridPayload {
    |      ----------- variant in this enum
130 |     Scoped(Vec<db::Photo>),
    |     ^^^^^^

warning: method `active_window_controls` is never used
   --> src/window/theme.rs:128:19
    |
 55 | impl ThemeEngine {
    | ---------------- method in this implementation
...
128 |     pub(crate) fn active_window_controls(&self) -> WindowControls {
    |                   ^^^^^^^^^^^^^^^^^^^^^^

warning: hiding a lifetime that's elided elsewhere is confusing
   --> src/smb_transport.rs:726:18
    |
726 |     fn lock_lane(&self, lane: SmbLane) -> FlightGuard {
    |                  ^^^^^                    ^^^^^^^^^^^ the same lifetime is hidden here
    |                  |
    |                  the lifetime is elided here
    |
    = help: the same lifetime is referred to in inconsistent ways, making the signature confusing
    = note: `#[warn(mismatched_lifetime_syntaxes)]` on by default
help: use `'_` for type paths
    |
726 |     fn lock_lane(&self, lane: SmbLane) -> FlightGuard<'_> {
    |                                                      ++++

warning: `pic-rs` (bin "pic-rs") generated 136 warnings (run `cargo fix --bin "pic-rs" -p pic-rs` to apply 19 suggestions)
    Finished `dev` profile [optimized + debuginfo] target(s) in 0.14s
     Running `target/debug/pic-rs`
NETWORK t=     0.0ms dt=    0.0ms tid=ThreadId(2) discovery_started
NETWORK t=     0.1ms dt=    0.1ms tid=ThreadId(3) discovery_attempt attempt=1
NETWORK t=     2.5ms dt=    2.3ms tid=ThreadId(3) discovery_result attempt=1 uri=smb://DietPi.local:445/
NETWORK t=     2.5ms dt=    0.0ms tid=ThreadId(3) discovery_result attempt=1 uri=nfs://DietPi.local/mnt
NETWORK t=     2.5ms dt=    0.0ms tid=ThreadId(3) discovery_pass_done attempt=1 found=2 total=2 errored=false
NETWORK t=     2.6ms dt=    0.0ms tid=ThreadId(3) discovery_complete count=2
NETWORK t=     2.6ms dt=    0.0ms tid=ThreadId(2) discovery_prefetch_done
NETWORK t=    37.8ms dt=   35.3ms tid=main startup_phase recent_view_loaded ms=0.4
STARTUP cold_start_ms=38 photos=1253 displayed=50 folders=269 albums=1 scan=disabled rss_mb=61
NETWORK t=    39.9ms dt=    2.1ms tid=main gallery_replace_start op=0 count=0 cache_scoped=true progressive=true
NETWORK t=    39.9ms dt=    0.0ms tid=main gallery_replace_unchanged skip_rebuild
NETWORK t=   238.2ms dt=  198.2ms tid=main shares_refresh_start
NETWORK t=   238.4ms dt=    0.2ms tid=main shares_refresh_done count=5
NETWORK t=   250.5ms dt=   12.0ms tid=main startup_phase layout_built ms=21.0
NETWORK t=   251.9ms dt=    1.4ms tid=main startup_phase gallery_and_actions_built ms=22.4
NETWORK t=   257.4ms dt=    5.5ms tid=main recovery_scheduled photos=1253
NETWORK t=   259.0ms dt=    1.6ms tid=main startup_nfs_probe uri=nfs://DietPi.local/mnt/4TBP/mypics-2026 delay_ms=2500
NETWORK t=   259.0ms dt=    0.0ms tid=main startup_nfs_probe uri=nfs://DietPi.local/mnt/4TBP/Work/Hyman delay_ms=3100
NETWORK t=   259.0ms dt=    0.0ms tid=main startup_smb_probe uri=smb://DietPi.local:445/4TBP/pics-sport/Forest%20Run%202026 delay_ms=3700
NETWORK t=   259.0ms dt=    0.0ms tid=main startup_smb_probe uri=smb://DietPi.local:445/4TBP/Work delay_ms=4300
NETWORK t=   259.0ms dt=    0.0ms tid=main startup_smb_probe uri=smb://DietPi.local:445/4TBP/Work/Denver delay_ms=4900
NETWORK t=   259.1ms dt=    0.0ms tid=main startup_phase build_done_pre_present ms=29.6
NETWORK t=   259.7ms dt=    0.7ms tid=ThreadId(6) smb_stat_start url=smb://dietpi.local/4tbp/pics-sport/Forest Run 2026/pt4/DSC_5108_result.jpg lane=background
NETWORK t=   262.3ms dt=    2.6ms tid=pic-smb-transport smb_client_new_start
NETWORK t=   263.0ms dt=    0.7ms tid=pic-smb-transport smb_client_context_created
NETWORK t=   263.0ms dt=    0.0ms tid=pic-smb-transport smb_client_init_start
NETWORK t=   263.1ms dt=    0.0ms tid=pic-smb-transport smb_client_init_done
NETWORK t=   303.4ms dt=   40.4ms tid=pic-smb-transport smb_transport stat ms=40.3
NETWORK t=   303.9ms dt=    0.5ms tid=pic-smb-transport smb_client_context_freed
NETWORK t=   304.0ms dt=    0.1ms tid=ThreadId(6) smb_stat_start url=smb://dietpi.local/4tbp/pics-sport/Forest Run 2026/pt4/DSC_5104_result.jpg lane=background
NETWORK t=   307.0ms dt=    3.0ms tid=pic-smb-transport smb_client_new_start
NETWORK t=   307.7ms dt=    0.6ms tid=pic-smb-transport smb_client_context_created
NETWORK t=   307.7ms dt=    0.0ms tid=pic-smb-transport smb_client_init_start
NETWORK t=   307.7ms dt=    0.0ms tid=pic-smb-transport smb_client_init_done
WARNING: radv is not a conformant Vulkan implementation, testing use only.
NETWORK t=   326.7ms dt=   19.0ms tid=pic-smb-transport smb_transport stat ms=19.0
NETWORK t=   327.5ms dt=    0.7ms tid=pic-smb-transport smb_client_context_freed
NETWORK t=   327.5ms dt=    0.1ms tid=ThreadId(6) smb_stat_start url=smb://dietpi.local/4tbp/pics-sport/Forest Run 2026/pt4/DSC_5098_result.jpg lane=background
NETWORK t=   330.1ms dt=    2.6ms tid=pic-smb-transport smb_client_new_start
NETWORK t=   330.8ms dt=    0.7ms tid=pic-smb-transport smb_client_context_created
NETWORK t=   330.8ms dt=    0.0ms tid=pic-smb-transport smb_client_init_start
NETWORK t=   330.9ms dt=    0.0ms tid=pic-smb-transport smb_client_init_done
NETWORK t=   338.4ms dt=    7.6ms tid=main ui_stall ms=338.6
NETWORK t=   338.5ms dt=    0.0ms tid=main shares_counts_ready count=5
NETWORK t=   348.2ms dt=    9.7ms tid=pic-smb-transport smb_transport stat ms=17.3
NETWORK t=   348.7ms dt=    0.5ms tid=pic-smb-transport smb_client_context_freed
NETWORK t=   348.8ms dt=    0.1ms tid=ThreadId(6) smb_stat_start url=smb://dietpi.local/4tbp/pics-sport/Forest Run 2026/pt4/DSC_5095_result.jpg lane=background
NETWORK t=   351.1ms dt=    2.4ms tid=pic-smb-transport smb_client_new_start
NETWORK t=   351.7ms dt=    0.6ms tid=pic-smb-transport smb_client_context_created
NETWORK t=   351.7ms dt=    0.0ms tid=pic-smb-transport smb_client_init_start
NETWORK t=   351.8ms dt=    0.0ms tid=pic-smb-transport smb_client_init_done
NETWORK t=   363.7ms dt=   11.9ms tid=pic-smb-transport smb_transport stat ms=11.9
NETWORK t=   364.2ms dt=    0.5ms tid=pic-smb-transport smb_client_context_freed
NETWORK t=   364.3ms dt=    0.1ms tid=ThreadId(6) smb_stat_start url=smb://dietpi.local/4tbp/pics-sport/Forest Run 2026/pt4/DSC_5089_result.jpg lane=background
NETWORK t=   364.5ms dt=    0.2ms tid=main startup_phase first_idle_batch ms=135.1
NETWORK t=   364.5ms dt=    0.0ms tid=main gallery_replace_start op=0 count=50 cache_scoped=true progressive=true
NETWORK t=   365.7ms dt=    1.2ms tid=ThreadId(19) read_start uri=smb://dietpi.local/4tbp/pics-sport/Forest%20Run%202026/pt4/DSC_4959_result.jpg
NETWORK t=   365.8ms dt=    0.0ms tid=ThreadId(19) smb_read_start url=smb://dietpi.local/4tbp/pics-sport/Forest Run 2026/pt4/DSC_4959_result.jpg whole-file
NETWORK t=   365.8ms dt=    0.0ms tid=ThreadId(20) read_start uri=smb://dietpi.local/4tbp/pics-sport/Forest%20Run%202026/pt4/DSC_5060_result.jpg
NETWORK t=   365.8ms dt=    0.0ms tid=ThreadId(20) smb_read_start url=smb://dietpi.local/4tbp/pics-sport/Forest Run 2026/pt4/DSC_5060_result.jpg whole-file
NETWORK t=   367.6ms dt=    1.7ms tid=pic-smb-transport smb_client_new_start
NETWORK t=   368.3ms dt=    0.8ms tid=pic-smb-transport smb_client_context_created
NETWORK t=   368.4ms dt=    0.0ms tid=pic-smb-transport smb_client_init_start
NETWORK t=   368.4ms dt=    0.0ms tid=pic-smb-transport smb_client_init_done
NETWORK t=   380.9ms dt=   12.5ms tid=pic-smb-transport smb_transport stat ms=12.5
NETWORK t=   381.4ms dt=    0.5ms tid=pic-smb-transport smb_client_context_freed
NETWORK t=   381.4ms dt=    0.0ms tid=pic-smb-transport smb_client_new_start
NETWORK t=   381.5ms dt=    0.1ms tid=ThreadId(6) smb_stat_start url=smb://dietpi.local/4tbp/pics-sport/Forest Run 2026/pt4/DSC_5079_result.jpg lane=background
NETWORK t=   382.3ms dt=    0.8ms tid=pic-smb-transport smb_client_context_created
NETWORK t=   382.3ms dt=    0.0ms tid=pic-smb-transport smb_client_init_start
NETWORK t=   382.3ms dt=    0.0ms tid=pic-smb-transport smb_client_init_done
NETWORK t=   439.0ms dt=   56.7ms tid=pic-smb-transport smb_transport read_file ms=56.6
NETWORK t=   439.8ms dt=    0.8ms tid=pic-smb-transport smb_client_context_freed
NETWORK t=   439.8ms dt=    0.0ms tid=pic-smb-transport smb_client_new_start
NETWORK t=   439.8ms dt=    0.0ms tid=ThreadId(19) read_done uri=smb://dietpi.local/4tbp/pics-sport/Forest%20Run%202026/pt4/DSC_4959_result.jpg bytes=1297501 ms=74.1
NETWORK t=   440.4ms dt=    0.6ms tid=pic-smb-transport smb_client_context_created
NETWORK t=   440.5ms dt=    0.0ms tid=pic-smb-transport smb_client_init_start
NETWORK t=   440.5ms dt=    0.0ms tid=pic-smb-transport smb_client_init_done
NETWORK t=   453.3ms dt=   12.8ms tid=ThreadId(19) materialize_start uri=smb://dietpi.local/4tbp/pics-sport/Forest%20Run%202026/pt4/DSC_4959_result.jpg
NETWORK t=   453.4ms dt=    0.1ms tid=ThreadId(19) read_start uri=smb://dietpi.local/4tbp/pics-sport/Forest%20Run%202026/pt4/DSC_4959_result.jpg
NETWORK t=   453.4ms dt=    0.0ms tid=ThreadId(19) smb_read_start url=smb://dietpi.local/4tbp/pics-sport/Forest Run 2026/pt4/DSC_4959_result.jpg whole-file
NETWORK t=   467.6ms dt=   14.2ms tid=pic-smb-transport smb_transport stat ms=27.1
NETWORK t=   468.3ms dt=    0.7ms tid=pic-smb-transport smb_client_context_freed
NETWORK t=   468.4ms dt=    0.0ms tid=pic-smb-transport smb_client_new_start
NETWORK t=   468.4ms dt=    0.1ms tid=ThreadId(6) smb_stat_start url=smb://dietpi.local/4tbp/pics-sport/Forest Run 2026/pt4/DSC_5078_result.jpg lane=background
NETWORK t=   469.0ms dt=    0.6ms tid=pic-smb-transport smb_client_context_created
NETWORK t=   469.1ms dt=    0.0ms tid=pic-smb-transport smb_client_init_start
NETWORK t=   469.1ms dt=    0.0ms tid=pic-smb-transport smb_client_init_done
NETWORK t=   533.7ms dt=   64.6ms tid=pic-smb-transport smb_transport read_file ms=64.6
NETWORK t=   534.4ms dt=    0.7ms tid=pic-smb-transport smb_client_context_freed
NETWORK t=   534.4ms dt=    0.0ms tid=pic-smb-transport smb_client_new_start
NETWORK t=   534.5ms dt=    0.0ms tid=ThreadId(20) read_done uri=smb://dietpi.local/4tbp/pics-sport/Forest%20Run%202026/pt4/DSC_5060_result.jpg bytes=955766 ms=168.6
NETWORK t=   535.1ms dt=    0.6ms tid=pic-smb-transport smb_client_context_created
NETWORK t=   535.1ms dt=    0.0ms tid=pic-smb-transport smb_client_init_start
NETWORK t=   535.1ms dt=    0.0ms tid=pic-smb-transport smb_client_init_done
NETWORK t=   545.4ms dt=   10.3ms tid=ThreadId(20) materialize_start uri=smb://dietpi.local/4tbp/pics-sport/Forest%20Run%202026/pt4/DSC_5060_result.jpg
NETWORK t=   545.5ms dt=    0.1ms tid=ThreadId(20) read_start uri=smb://dietpi.local/4tbp/pics-sport/Forest%20Run%202026/pt4/DSC_5060_result.jpg
NETWORK t=   545.5ms dt=    0.0ms tid=ThreadId(20) smb_read_start url=smb://dietpi.local/4tbp/pics-sport/Forest Run 2026/pt4/DSC_5060_result.jpg whole-file
NETWORK t=   561.7ms dt=   16.2ms tid=pic-smb-transport smb_transport stat ms=26.6
NETWORK t=   562.4ms dt=    0.7ms tid=pic-smb-transport smb_client_context_freed
NETWORK t=   562.4ms dt=    0.0ms tid=pic-smb-transport smb_client_new_start
NETWORK t=   562.5ms dt=    0.0ms tid=ThreadId(6) smb_stat_start url=smb://dietpi.local/4tbp/pics-sport/Forest Run 2026/pt4/DSC_5060_result.jpg lane=background
NETWORK t=   563.2ms dt=    0.7ms tid=pic-smb-transport smb_client_context_created
NETWORK t=   563.2ms dt=    0.0ms tid=pic-smb-transport smb_client_init_start
NETWORK t=   563.2ms dt=    0.0ms tid=pic-smb-transport smb_client_init_done
NETWORK t=   620.7ms dt=   57.5ms tid=pic-smb-transport smb_transport read_file ms=57.4
NETWORK t=   621.2ms dt=    0.5ms tid=pic-smb-transport smb_client_context_freed
NETWORK t=   621.3ms dt=    0.0ms tid=pic-smb-transport smb_client_new_start
NETWORK t=   621.3ms dt=    0.0ms tid=ThreadId(19) read_done uri=smb://dietpi.local/4tbp/pics-sport/Forest%20Run%202026/pt4/DSC_4959_result.jpg bytes=1297501 ms=167.9
NETWORK t=   621.6ms dt=    0.3ms tid=ThreadId(19) materialize_done uri=smb://dietpi.local/4tbp/pics-sport/Forest%20Run%202026/pt4/DSC_4959_result.jpg path=/home/peet/.cache/picasa-rs/source/e/010a0038b957c09e1dbbb0fe4d798a060eb219e3bae130877b94102221456036.jpg ms=168.3
NETWORK t=   622.0ms dt=    0.4ms tid=pic-smb-transport smb_client_context_created
NETWORK t=   622.0ms dt=    0.0ms tid=pic-smb-transport smb_client_init_start
NETWORK t=   622.1ms dt=    0.0ms tid=pic-smb-transport smb_client_init_done
NETWORK t=   625.2ms dt=    3.1ms tid=ThreadId(19) read_start uri=smb://dietpi.local/4tbp/pics-sport/Forest%20Run%202026/pt4/DSC_4958_result.jpg
NETWORK t=   625.2ms dt=    0.0ms tid=ThreadId(19) smb_read_start url=smb://dietpi.local/4tbp/pics-sport/Forest Run 2026/pt4/DSC_4958_result.jpg whole-file
NETWORK t=   682.1ms dt=   56.9ms tid=pic-smb-transport smb_transport read_file ms=60.1
NETWORK t=   682.8ms dt=    0.7ms tid=pic-smb-transport smb_client_context_freed
NETWORK t=   682.8ms dt=    0.0ms tid=pic-smb-transport smb_client_new_start
NETWORK t=   682.9ms dt=    0.0ms tid=ThreadId(20) read_done uri=smb://dietpi.local/4tbp/pics-sport/Forest%20Run%202026/pt4/DSC_5060_result.jpg bytes=955766 ms=137.4
NETWORK t=   683.1ms dt=    0.2ms tid=ThreadId(20) materialize_done uri=smb://dietpi.local/4tbp/pics-sport/Forest%20Run%202026/pt4/DSC_5060_result.jpg path=/home/peet/.cache/picasa-rs/source/g/cf1038da728dc4bfdb18b8d87cbab40f84d68b80ebd70de4e48decf921d876c7.jpg ms=137.7
NETWORK t=   683.4ms dt=    0.3ms tid=pic-smb-transport smb_client_context_created
NETWORK t=   683.5ms dt=    0.0ms tid=pic-smb-transport smb_client_init_start
NETWORK t=   683.5ms dt=    0.0ms tid=pic-smb-transport smb_client_init_done
NETWORK t=   686.9ms dt=    3.5ms tid=ThreadId(20) read_start uri=smb://dietpi.local/4tbp/pics-sport/Forest%20Run%202026/pt4/DSC_5031_result.jpg
NETWORK t=   687.0ms dt=    0.0ms tid=ThreadId(20) smb_read_start url=smb://dietpi.local/4tbp/pics-sport/Forest Run 2026/pt4/DSC_5031_result.jpg whole-file
NETWORK t=   709.7ms dt=   22.7ms tid=pic-smb-transport smb_transport stat ms=26.2
NETWORK t=   710.4ms dt=    0.7ms tid=pic-smb-transport smb_client_context_freed
NETWORK t=   710.4ms dt=    0.0ms tid=pic-smb-transport smb_client_new_start
NETWORK t=   710.5ms dt=    0.1ms tid=ThreadId(6) smb_stat_start url=smb://dietpi.local/4tbp/pics-sport/Forest Run 2026/pt4/DSC_5047_result.jpg lane=background
NETWORK t=   711.1ms dt=    0.6ms tid=pic-smb-transport smb_client_context_created
NETWORK t=   711.2ms dt=    0.0ms tid=pic-smb-transport smb_client_init_start
NETWORK t=   711.2ms dt=    0.0ms tid=pic-smb-transport smb_client_init_done
NETWORK t=   787.8ms dt=   76.6ms tid=pic-smb-transport smb_transport read_file ms=76.6
NETWORK t=   788.5ms dt=    0.7ms tid=pic-smb-transport smb_client_context_freed
NETWORK t=   788.5ms dt=    0.0ms tid=pic-smb-transport smb_client_new_start
NETWORK t=   788.6ms dt=    0.0ms tid=ThreadId(20) read_done uri=smb://dietpi.local/4tbp/pics-sport/Forest%20Run%202026/pt4/DSC_5031_result.jpg bytes=1294856 ms=101.6
NETWORK t=   789.2ms dt=    0.6ms tid=pic-smb-transport smb_client_context_created
NETWORK t=   789.2ms dt=    0.0ms tid=pic-smb-transport smb_client_init_start
NETWORK t=   789.2ms dt=    0.0ms tid=pic-smb-transport smb_client_init_done
NETWORK t=   800.6ms dt=   11.4ms tid=ThreadId(20) materialize_start uri=smb://dietpi.local/4tbp/pics-sport/Forest%20Run%202026/pt4/DSC_5031_result.jpg
NETWORK t=   800.7ms dt=    0.1ms tid=ThreadId(20) read_start uri=smb://dietpi.local/4tbp/pics-sport/Forest%20Run%202026/pt4/DSC_5031_result.jpg
NETWORK t=   800.7ms dt=    0.0ms tid=ThreadId(20) smb_read_start url=smb://dietpi.local/4tbp/pics-sport/Forest Run 2026/pt4/DSC_5031_result.jpg whole-file
NETWORK t=   806.0ms dt=    5.3ms tid=pic-smb-transport smb_transport stat ms=16.7
NETWORK t=   806.4ms dt=    0.4ms tid=pic-smb-transport smb_client_context_freed
NETWORK t=   806.4ms dt=    0.0ms tid=pic-smb-transport smb_client_new_start
NETWORK t=   806.5ms dt=    0.1ms tid=ThreadId(6) smb_stat_start url=smb://dietpi.local/4tbp/pics-sport/Forest Run 2026/pt4/DSC_5041_result.jpg lane=background
NETWORK t=   807.2ms dt=    0.7ms tid=pic-smb-transport smb_client_context_created
NETWORK t=   807.2ms dt=    0.0ms tid=pic-smb-transport smb_client_init_start
NETWORK t=   807.3ms dt=    0.0ms tid=pic-smb-transport smb_client_init_done
NETWORK t=   863.4ms dt=   56.1ms tid=pic-smb-transport smb_transport read_file ms=56.1
NETWORK t=   864.0ms dt=    0.6ms tid=pic-smb-transport smb_client_context_freed
NETWORK t=   864.0ms dt=    0.0ms tid=pic-smb-transport smb_client_new_start
NETWORK t=   864.0ms dt=    0.0ms tid=ThreadId(19) read_done uri=smb://dietpi.local/4tbp/pics-sport/Forest%20Run%202026/pt4/DSC_4958_result.jpg bytes=1375676 ms=238.8
NETWORK t=   864.6ms dt=    0.6ms tid=pic-smb-transport smb_client_context_created
NETWORK t=   864.7ms dt=    0.0ms tid=pic-smb-transport smb_client_init_start
NETWORK t=   864.7ms dt=    0.0ms tid=pic-smb-transport smb_client_init_done
NETWORK t=   876.9ms dt=   12.2ms tid=ThreadId(19) materialize_start uri=smb://dietpi.local/4tbp/pics-sport/Forest%20Run%202026/pt4/DSC_4958_result.jpg
NETWORK t=   876.9ms dt=    0.0ms tid=ThreadId(19) read_start uri=smb://dietpi.local/4tbp/pics-sport/Forest%20Run%202026/pt4/DSC_4958_result.jpg
NETWORK t=   877.0ms dt=    0.0ms tid=ThreadId(19) smb_read_start url=smb://dietpi.local/4tbp/pics-sport/Forest Run 2026/pt4/DSC_4958_result.jpg whole-file
NETWORK t=   922.2ms dt=   45.2ms tid=pic-smb-transport smb_transport read_file ms=57.5
NETWORK t=   922.7ms dt=    0.5ms tid=pic-smb-transport smb_client_context_freed
NETWORK t=   922.8ms dt=    0.0ms tid=pic-smb-transport smb_client_new_start
NETWORK t=   922.8ms dt=    0.0ms tid=ThreadId(20) read_done uri=smb://dietpi.local/4tbp/pics-sport/Forest%20Run%202026/pt4/DSC_5031_result.jpg bytes=1294856 ms=122.1
NETWORK t=   923.1ms dt=    0.3ms tid=ThreadId(20) materialize_done uri=smb://dietpi.local/4tbp/pics-sport/Forest%20Run%202026/pt4/DSC_5031_result.jpg path=/home/peet/.cache/picasa-rs/source/k/c80cf9332da7519e2472f2124d329cd2dbfae67560a3be968a7f649c1c87e354.jpg ms=122.5
NETWORK t=   923.4ms dt=    0.3ms tid=pic-smb-transport smb_client_context_created
NETWORK t=   923.4ms dt=    0.0ms tid=pic-smb-transport smb_client_init_start
NETWORK t=   923.4ms dt=    0.0ms tid=pic-smb-transport smb_client_init_done
NETWORK t=   926.4ms dt=    2.9ms tid=ThreadId(20) read_start uri=smb://dietpi.local/4tbp/pics-sport/Forest%20Run%202026/pt4/DSC_5039_result.jpg
NETWORK t=   926.4ms dt=    0.0ms tid=ThreadId(20) smb_read_start url=smb://dietpi.local/4tbp/pics-sport/Forest Run 2026/pt4/DSC_5039_result.jpg whole-file
NETWORK t=  1001.9ms dt=   75.5ms tid=pic-smb-transport smb_transport read_file ms=78.4
NETWORK t=  1002.6ms dt=    0.7ms tid=pic-smb-transport smb_client_context_freed
NETWORK t=  1002.6ms dt=    0.0ms tid=pic-smb-transport smb_client_new_start
NETWORK t=  1002.6ms dt=    0.0ms tid=ThreadId(19) read_done uri=smb://dietpi.local/4tbp/pics-sport/Forest%20Run%202026/pt4/DSC_4958_result.jpg bytes=1375676 ms=125.7
NETWORK t=  1002.9ms dt=    0.3ms tid=ThreadId(19) materialize_done uri=smb://dietpi.local/4tbp/pics-sport/Forest%20Run%202026/pt4/DSC_4958_result.jpg path=/home/peet/.cache/picasa-rs/source/z/5e13a171297f3d98d1d93b51ab67503a7469b276ecc57a79a3b0ce8ccb8d47b2.jpg ms=126.0
NETWORK t=  1003.2ms dt=    0.3ms tid=pic-smb-transport smb_client_context_created
NETWORK t=  1003.3ms dt=    0.0ms tid=pic-smb-transport smb_client_init_start
NETWORK t=  1003.3ms dt=    0.0ms tid=pic-smb-transport smb_client_init_done
NETWORK t=  1006.3ms dt=    3.0ms tid=ThreadId(19) read_start uri=smb://dietpi.local/4tbp/pics-sport/Forest%20Run%202026/pt4/DSC_5041_result.jpg
NETWORK t=  1006.4ms dt=    0.0ms tid=ThreadId(19) smb_read_start url=smb://dietpi.local/4tbp/pics-sport/Forest Run 2026/pt4/DSC_5041_result.jpg whole-file
NETWORK t=  1019.7ms dt=   13.4ms tid=pic-smb-transport smb_transport stat ms=16.4
NETWORK t=  1020.2ms dt=    0.5ms tid=pic-smb-transport smb_client_context_freed
NETWORK t=  1020.2ms dt=    0.0ms tid=pic-smb-transport smb_client_new_start
NETWORK t=  1020.2ms dt=    0.0ms tid=ThreadId(6) smb_stat_start url=smb://dietpi.local/4tbp/pics-sport/Forest Run 2026/pt4/DSC_5039_result.jpg lane=background
NETWORK t=  1021.0ms dt=    0.8ms tid=pic-smb-transport smb_client_context_created
NETWORK t=  1021.0ms dt=    0.0ms tid=pic-smb-transport smb_client_init_start
NETWORK t=  1021.1ms dt=    0.0ms tid=pic-smb-transport smb_client_init_done
NETWORK t=  1073.1ms dt=   52.0ms tid=pic-smb-transport smb_transport read_file ms=52.0
NETWORK t=  1073.6ms dt=    0.5ms tid=pic-smb-transport smb_client_context_freed
NETWORK t=  1073.6ms dt=    0.0ms tid=pic-smb-transport smb_client_new_start
NETWORK t=  1073.7ms dt=    0.0ms tid=ThreadId(20) read_done uri=smb://dietpi.local/4tbp/pics-sport/Forest%20Run%202026/pt4/DSC_5039_result.jpg bytes=1336519 ms=147.3
NETWORK t=  1074.3ms dt=    0.7ms tid=pic-smb-transport smb_client_context_created
NETWORK t=  1074.4ms dt=    0.0ms tid=pic-smb-transport smb_client_init_start
NETWORK t=  1074.4ms dt=    0.0ms tid=pic-smb-transport smb_client_init_done
NETWORK t=  1085.8ms dt=   11.4ms tid=ThreadId(20) materialize_start uri=smb://dietpi.local/4tbp/pics-sport/Forest%20Run%202026/pt4/DSC_5039_result.jpg
NETWORK t=  1085.9ms dt=    0.1ms tid=ThreadId(20) read_start uri=smb://dietpi.local/4tbp/pics-sport/Forest%20Run%202026/pt4/DSC_5039_result.jpg
NETWORK t=  1085.9ms dt=    0.0ms tid=ThreadId(20) smb_read_start url=smb://dietpi.local/4tbp/pics-sport/Forest Run 2026/pt4/DSC_5039_result.jpg whole-file
NETWORK t=  1147.8ms dt=   61.9ms tid=pic-smb-transport smb_transport read_file ms=73.4
NETWORK t=  1148.5ms dt=    0.7ms tid=pic-smb-transport smb_client_context_freed
NETWORK t=  1148.5ms dt=    0.0ms tid=pic-smb-transport smb_client_new_start
NETWORK t=  1148.6ms dt=    0.0ms tid=ThreadId(19) read_done uri=smb://dietpi.local/4tbp/pics-sport/Forest%20Run%202026/pt4/DSC_5041_result.jpg bytes=1370206 ms=142.2
NETWORK t=  1149.2ms dt=    0.7ms tid=pic-smb-transport smb_client_context_created
NETWORK t=  1149.3ms dt=    0.0ms tid=pic-smb-transport smb_client_init_start
NETWORK t=  1149.3ms dt=    0.0ms tid=pic-smb-transport smb_client_init_done
NETWORK t=  1161.1ms dt=   11.8ms tid=ThreadId(19) materialize_start uri=smb://dietpi.local/4tbp/pics-sport/Forest%20Run%202026/pt4/DSC_5041_result.jpg
NETWORK t=  1161.2ms dt=    0.1ms tid=ThreadId(19) read_start uri=smb://dietpi.local/4tbp/pics-sport/Forest%20Run%202026/pt4/DSC_5041_result.jpg
NETWORK t=  1161.2ms dt=    0.0ms tid=ThreadId(19) smb_read_start url=smb://dietpi.local/4tbp/pics-sport/Forest Run 2026/pt4/DSC_5041_result.jpg whole-file
NETWORK t=  1175.5ms dt=   14.2ms tid=pic-smb-transport smb_transport stat ms=26.1
NETWORK t=  1176.1ms dt=    0.7ms tid=pic-smb-transport smb_client_context_freed
NETWORK t=  1176.1ms dt=    0.0ms tid=pic-smb-transport smb_client_new_start
NETWORK t=  1176.2ms dt=    0.0ms tid=ThreadId(6) smb_stat_start url=smb://dietpi.local/4tbp/pics-sport/Forest Run 2026/pt4/DSC_5034_result.jpg lane=background
NETWORK t=  1176.8ms dt=    0.6ms tid=pic-smb-transport smb_client_context_created
NETWORK t=  1176.8ms dt=    0.0ms tid=pic-smb-transport smb_client_init_start
NETWORK t=  1176.8ms dt=    0.0ms tid=pic-smb-transport smb_client_init_done
NETWORK t=  1253.8ms dt=   77.0ms tid=pic-smb-transport smb_transport read_file ms=76.9
NETWORK t=  1254.5ms dt=    0.7ms tid=pic-smb-transport smb_client_context_freed
NETWORK t=  1254.5ms dt=    0.0ms tid=pic-smb-transport smb_client_new_start
NETWORK t=  1254.5ms dt=    0.0ms tid=ThreadId(19) read_done uri=smb://dietpi.local/4tbp/pics-sport/Forest%20Run%202026/pt4/DSC_5041_result.jpg bytes=1370206 ms=93.3
NETWORK t=  1254.8ms dt=    0.3ms tid=ThreadId(19) materialize_done uri=smb://dietpi.local/4tbp/pics-sport/Forest%20Run%202026/pt4/DSC_5041_result.jpg path=/home/peet/.cache/picasa-rs/source/k/887cf4513363434356f77768f69acfe82009dc92f48717b904420c6342b320f0.jpg ms=93.7
NETWORK t=  1255.2ms dt=    0.4ms tid=pic-smb-transport smb_client_context_created
NETWORK t=  1255.3ms dt=    0.0ms tid=pic-smb-transport smb_client_init_start
NETWORK t=  1255.3ms dt=    0.0ms tid=pic-smb-transport smb_client_init_done
NETWORK t=  1258.3ms dt=    3.0ms tid=ThreadId(19) read_start uri=smb://dietpi.local/4tbp/pics-sport/Forest%20Run%202026/pt4/DSC_4934_result.jpg
NETWORK t=  1258.3ms dt=    0.0ms tid=ThreadId(19) smb_read_start url=smb://dietpi.local/4tbp/pics-sport/Forest Run 2026/pt4/DSC_4934_result.jpg whole-file
NETWORK t=  1336.6ms dt=   78.3ms tid=pic-smb-transport smb_transport read_file ms=81.3
NETWORK t=  1337.4ms dt=    0.8ms tid=pic-smb-transport smb_client_context_freed
NETWORK t=  1337.4ms dt=    0.0ms tid=pic-smb-transport smb_client_new_start
NETWORK t=  1337.4ms dt=    0.0ms tid=ThreadId(20) read_done uri=smb://dietpi.local/4tbp/pics-sport/Forest%20Run%202026/pt4/DSC_5039_result.jpg bytes=1336519 ms=251.5
NETWORK t=  1337.8ms dt=    0.4ms tid=ThreadId(20) materialize_done uri=smb://dietpi.local/4tbp/pics-sport/Forest%20Run%202026/pt4/DSC_5039_result.jpg path=/home/peet/.cache/picasa-rs/source/a/cd7e732225b0cc7b47c1eb71740e93177d4231fbfd4999c7cca941024bd5ed5c.jpg ms=252.0
NETWORK t=  1338.2ms dt=    0.3ms tid=pic-smb-transport smb_client_context_created
NETWORK t=  1338.2ms dt=    0.0ms tid=pic-smb-transport smb_client_init_start
NETWORK t=  1338.2ms dt=    0.0ms tid=pic-smb-transport smb_client_init_done
NETWORK t=  1340.9ms dt=    2.7ms tid=ThreadId(20) read_start uri=smb://dietpi.local/4tbp/pics-sport/Forest%20Run%202026/pt4/DSC_4982_result.jpg
NETWORK t=  1340.9ms dt=    0.0ms tid=ThreadId(20) smb_read_start url=smb://dietpi.local/4tbp/pics-sport/Forest Run 2026/pt4/DSC_4982_result.jpg whole-file
NETWORK t=  1410.2ms dt=   69.3ms tid=pic-smb-transport smb_transport read_file ms=71.9
NETWORK t=  1410.8ms dt=    0.6ms tid=pic-smb-transport smb_client_context_freed
NETWORK t=  1410.8ms dt=    0.0ms tid=pic-smb-transport smb_client_new_start
NETWORK t=  1410.9ms dt=    0.0ms tid=ThreadId(19) read_done uri=smb://dietpi.local/4tbp/pics-sport/Forest%20Run%202026/pt4/DSC_4934_result.jpg bytes=1170905 ms=152.6
NETWORK t=  1411.6ms dt=    0.7ms tid=pic-smb-transport smb_client_context_created
NETWORK t=  1411.6ms dt=    0.0ms tid=pic-smb-transport smb_client_init_start
NETWORK t=  1411.7ms dt=    0.0ms tid=pic-smb-transport smb_client_init_done
NETWORK t=  1422.2ms dt=   10.6ms tid=ThreadId(19) materialize_start uri=smb://dietpi.local/4tbp/pics-sport/Forest%20Run%202026/pt4/DSC_4934_result.jpg
NETWORK t=  1422.3ms dt=    0.1ms tid=ThreadId(19) read_start uri=smb://dietpi.local/4tbp/pics-sport/Forest%20Run%202026/pt4/DSC_4934_result.jpg
NETWORK t=  1422.3ms dt=    0.0ms tid=ThreadId(19) smb_read_start url=smb://dietpi.local/4tbp/pics-sport/Forest Run 2026/pt4/DSC_4934_result.jpg whole-file
NETWORK t=  1483.6ms dt=   61.2ms tid=pic-smb-transport smb_transport read_file ms=71.9
NETWORK t=  1484.2ms dt=    0.7ms tid=pic-smb-transport smb_client_context_freed
NETWORK t=  1484.3ms dt=    0.0ms tid=pic-smb-transport smb_client_new_start
NETWORK t=  1484.3ms dt=    0.0ms tid=ThreadId(20) read_done uri=smb://dietpi.local/4tbp/pics-sport/Forest%20Run%202026/pt4/DSC_4982_result.jpg bytes=1261645 ms=143.4
NETWORK t=  1484.9ms dt=    0.6ms tid=pic-smb-transport smb_client_context_created
NETWORK t=  1484.9ms dt=    0.0ms tid=pic-smb-transport smb_client_init_start
NETWORK t=  1485.0ms dt=    0.0ms tid=pic-smb-transport smb_client_init_done
NETWORK t=  1496.6ms dt=   11.7ms tid=ThreadId(20) materialize_start uri=smb://dietpi.local/4tbp/pics-sport/Forest%20Run%202026/pt4/DSC_4982_result.jpg
NETWORK t=  1496.7ms dt=    0.1ms tid=ThreadId(20) read_start uri=smb://dietpi.local/4tbp/pics-sport/Forest%20Run%202026/pt4/DSC_4982_result.jpg
NETWORK t=  1496.7ms dt=    0.0ms tid=ThreadId(20) smb_read_start url=smb://dietpi.local/4tbp/pics-sport/Forest Run 2026/pt4/DSC_4982_result.jpg whole-file
NETWORK t=  1510.8ms dt=   14.1ms tid=pic-smb-transport smb_transport stat ms=25.9
NETWORK t=  1511.5ms dt=    0.6ms tid=pic-smb-transport smb_client_context_freed
NETWORK t=  1511.5ms dt=    0.0ms tid=pic-smb-transport smb_client_new_start
NETWORK t=  1511.6ms dt=    0.0ms tid=ThreadId(6) smb_stat_start url=smb://dietpi.local/4tbp/pics-sport/Forest Run 2026/pt4/DSC_5030_result.jpg lane=background
NETWORK t=  1512.3ms dt=    0.7ms tid=pic-smb-transport smb_client_context_created
NETWORK t=  1512.3ms dt=    0.0ms tid=pic-smb-transport smb_client_init_start
NETWORK t=  1512.3ms dt=    0.0ms tid=pic-smb-transport smb_client_init_done
NETWORK t=  1588.1ms dt=   75.8ms tid=pic-smb-transport smb_transport read_file ms=75.8
NETWORK t=  1588.8ms dt=    0.7ms tid=pic-smb-transport smb_client_context_freed
NETWORK t=  1588.9ms dt=    0.0ms tid=pic-smb-transport smb_client_new_start
NETWORK t=  1588.9ms dt=    0.0ms tid=ThreadId(20) read_done uri=smb://dietpi.local/4tbp/pics-sport/Forest%20Run%202026/pt4/DSC_4982_result.jpg bytes=1261645 ms=92.2
NETWORK t=  1589.2ms dt=    0.3ms tid=ThreadId(20) materialize_done uri=smb://dietpi.local/4tbp/pics-sport/Forest%20Run%202026/pt4/DSC_4982_result.jpg path=/home/peet/.cache/picasa-rs/source/f/c7bfd3066732dd2eb0eaa3d82c20a43a5d7d09b8d7d72c26d18b37c2dbbf8613.jpg ms=92.6
NETWORK t=  1589.5ms dt=    0.3ms tid=pic-smb-transport smb_client_context_created
NETWORK t=  1589.6ms dt=    0.0ms tid=pic-smb-transport smb_client_init_start
NETWORK t=  1589.6ms dt=    0.0ms tid=pic-smb-transport smb_client_init_done
NETWORK t=  1592.6ms dt=    3.0ms tid=ThreadId(20) read_start uri=smb://dietpi.local/4tbp/pics-sport/Forest%20Run%202026/pt4/DSC_5017_result.jpg
NETWORK t=  1592.6ms dt=    0.0ms tid=ThreadId(20) smb_read_start url=smb://dietpi.local/4tbp/pics-sport/Forest Run 2026/pt4/DSC_5017_result.jpg whole-file
NETWORK t=  1615.9ms dt=   23.3ms tid=pic-smb-transport smb_transport stat ms=26.3
NETWORK t=  1616.6ms dt=    0.7ms tid=pic-smb-transport smb_client_context_freed
NETWORK t=  1616.6ms dt=    0.0ms tid=pic-smb-transport smb_client_new_start
NETWORK t=  1616.6ms dt=    0.0ms tid=ThreadId(6) smb_stat_start url=smb://dietpi.local/4tbp/pics-sport/Forest Run 2026/pt4/DSC_5026_result.jpg lane=background
NETWORK t=  1617.2ms dt=    0.6ms tid=pic-smb-transport smb_client_context_created
NETWORK t=  1617.2ms dt=    0.0ms tid=pic-smb-transport smb_client_init_start
NETWORK t=  1617.2ms dt=    0.0ms tid=pic-smb-transport smb_client_init_done
NETWORK t=  1691.9ms dt=   74.7ms tid=pic-smb-transport smb_transport read_file ms=74.6
NETWORK t=  1692.6ms dt=    0.7ms tid=pic-smb-transport smb_client_context_freed
NETWORK t=  1692.7ms dt=    0.0ms tid=pic-smb-transport smb_client_new_start
NETWORK t=  1692.7ms dt=    0.0ms tid=ThreadId(20) read_done uri=smb://dietpi.local/4tbp/pics-sport/Forest%20Run%202026/pt4/DSC_5017_result.jpg bytes=1199175 ms=100.1
NETWORK t=  1693.2ms dt=    0.6ms tid=pic-smb-transport smb_client_context_created
NETWORK t=  1693.3ms dt=    0.0ms tid=pic-smb-transport smb_client_init_start
NETWORK t=  1693.3ms dt=    0.0ms tid=pic-smb-transport smb_client_init_done
NETWORK t=  1703.9ms dt=   10.7ms tid=ThreadId(20) materialize_start uri=smb://dietpi.local/4tbp/pics-sport/Forest%20Run%202026/pt4/DSC_5017_result.jpg
NETWORK t=  1704.0ms dt=    0.1ms tid=ThreadId(20) read_start uri=smb://dietpi.local/4tbp/pics-sport/Forest%20Run%202026/pt4/DSC_5017_result.jpg
NETWORK t=  1704.0ms dt=    0.0ms tid=ThreadId(20) smb_read_start url=smb://dietpi.local/4tbp/pics-sport/Forest Run 2026/pt4/DSC_5017_result.jpg whole-file
NETWORK t=  1765.2ms dt=   61.2ms tid=pic-smb-transport smb_transport read_file ms=71.9
NETWORK t=  1765.9ms dt=    0.7ms tid=pic-smb-transport smb_client_context_freed
NETWORK t=  1765.9ms dt=    0.0ms tid=pic-smb-transport smb_client_new_start
NETWORK t=  1766.0ms dt=    0.0ms tid=ThreadId(19) read_done uri=smb://dietpi.local/4tbp/pics-sport/Forest%20Run%202026/pt4/DSC_4934_result.jpg bytes=1170905 ms=343.6
NETWORK t=  1766.3ms dt=    0.3ms tid=ThreadId(19) materialize_done uri=smb://dietpi.local/4tbp/pics-sport/Forest%20Run%202026/pt4/DSC_4934_result.jpg path=/home/peet/.cache/picasa-rs/source/m/f08edc1cf954b84dd7a829b260f3d1064cfac39250d147e1dea3c7527f66a400.jpg ms=344.0
NETWORK t=  1766.8ms dt=    0.5ms tid=pic-smb-transport smb_client_context_created
NETWORK t=  1766.9ms dt=    0.0ms tid=pic-smb-transport smb_client_init_start
NETWORK t=  1766.9ms dt=    0.0ms tid=pic-smb-transport smb_client_init_done
NETWORK t=  1770.0ms dt=    3.1ms tid=ThreadId(19) read_start uri=smb://dietpi.local/4tbp/pics-sport/Forest%20Run%202026/pt4/DSC_5047_result.jpg
NETWORK t=  1770.1ms dt=    0.0ms tid=ThreadId(19) smb_read_start url=smb://dietpi.local/4tbp/pics-sport/Forest Run 2026/pt4/DSC_5047_result.jpg whole-file
NETWORK t=  1840.2ms dt=   70.1ms tid=pic-smb-transport smb_transport read_file ms=73.3
NETWORK t=  1841.0ms dt=    0.8ms tid=pic-smb-transport smb_client_context_freed
NETWORK t=  1841.0ms dt=    0.0ms tid=pic-smb-transport smb_client_new_start
NETWORK t=  1841.0ms dt=    0.0ms tid=ThreadId(20) read_done uri=smb://dietpi.local/4tbp/pics-sport/Forest%20Run%202026/pt4/DSC_5017_result.jpg bytes=1199175 ms=137.0
NETWORK t=  1841.3ms dt=    0.3ms tid=ThreadId(20) materialize_done uri=smb://dietpi.local/4tbp/pics-sport/Forest%20Run%202026/pt4/DSC_5017_result.jpg path=/home/peet/.cache/picasa-rs/source/4/3c34440610c39d2c602fb384c6ba8f33685ed9e35c3f6834e128c48e0cad56a4.jpg ms=137.4
NETWORK t=  1841.9ms dt=    0.6ms tid=pic-smb-transport smb_client_context_created
NETWORK t=  1841.9ms dt=    0.0ms tid=pic-smb-transport smb_client_init_start
NETWORK t=  1842.0ms dt=    0.0ms tid=pic-smb-transport smb_client_init_done
NETWORK t=  1844.9ms dt=    2.9ms tid=ThreadId(20) read_start uri=smb://dietpi.local/4tbp/pics-sport/Forest%20Run%202026/pt4/DSC_4961_result.jpg
NETWORK t=  1844.9ms dt=    0.0ms tid=ThreadId(20) smb_read_start url=smb://dietpi.local/4tbp/pics-sport/Forest Run 2026/pt4/DSC_4961_result.jpg whole-file
NETWORK t=  1867.8ms dt=   22.9ms tid=pic-smb-transport smb_transport stat ms=25.8
NETWORK t=  1868.5ms dt=    0.7ms tid=pic-smb-transport smb_client_context_freed
NETWORK t=  1868.5ms dt=    0.0ms tid=pic-smb-transport smb_client_new_start
NETWORK t=  1868.5ms dt=    0.0ms tid=ThreadId(6) smb_stat_start url=smb://dietpi.local/4tbp/pics-sport/Forest Run 2026/pt4/DSC_5023_result.jpg lane=background
NETWORK t=  1869.2ms dt=    0.7ms tid=pic-smb-transport smb_client_context_created
NETWORK t=  1869.2ms dt=    0.0ms tid=pic-smb-transport smb_client_init_start
NETWORK t=  1869.3ms dt=    0.0ms tid=pic-smb-transport smb_client_init_done
NETWORK t=  1951.8ms dt=   82.5ms tid=pic-smb-transport smb_transport read_file ms=82.5
NETWORK t=  1952.5ms dt=    0.7ms tid=pic-smb-transport smb_client_context_freed
NETWORK t=  1952.5ms dt=    0.0ms tid=pic-smb-transport smb_client_new_start
NETWORK t=  1952.6ms dt=    0.0ms tid=ThreadId(19) read_done uri=smb://dietpi.local/4tbp/pics-sport/Forest%20Run%202026/pt4/DSC_5047_result.jpg bytes=1429554 ms=182.5
NETWORK t=  1953.2ms dt=    0.6ms tid=pic-smb-transport smb_client_context_created
NETWORK t=  1953.2ms dt=    0.0ms tid=pic-smb-transport smb_client_init_start
NETWORK t=  1953.2ms dt=    0.0ms tid=pic-smb-transport smb_client_init_done
NETWORK t=  1966.0ms dt=   12.8ms tid=ThreadId(19) materialize_start uri=smb://dietpi.local/4tbp/pics-sport/Forest%20Run%202026/pt4/DSC_5047_result.jpg
NETWORK t=  1966.1ms dt=    0.1ms tid=ThreadId(19) read_start uri=smb://dietpi.local/4tbp/pics-sport/Forest%20Run%202026/pt4/DSC_5047_result.jpg
NETWORK t=  1966.1ms dt=    0.0ms tid=ThreadId(19) smb_read_start url=smb://dietpi.local/4tbp/pics-sport/Forest Run 2026/pt4/DSC_5047_result.jpg whole-file
NETWORK t=  1980.0ms dt=   14.0ms tid=pic-smb-transport smb_transport stat ms=26.8
NETWORK t=  1980.8ms dt=    0.8ms tid=pic-smb-transport smb_client_context_freed
NETWORK t=  1980.8ms dt=    0.0ms tid=pic-smb-transport smb_client_new_start
NETWORK t=  1980.9ms dt=    0.0ms tid=ThreadId(6) smb_stat_start url=smb://dietpi.local/4tbp/pics-sport/Forest Run 2026/pt4/DSC_5022_result.jpg lane=background
NETWORK t=  1981.5ms dt=    0.7ms tid=pic-smb-transport smb_client_context_created
NETWORK t=  1981.6ms dt=    0.0ms tid=pic-smb-transport smb_client_init_start
NETWORK t=  1981.6ms dt=    0.0ms tid=pic-smb-transport smb_client_init_done
NETWORK t=  2055.0ms dt=   73.4ms tid=pic-smb-transport smb_transport read_file ms=73.4
NETWORK t=  2055.7ms dt=    0.7ms tid=pic-smb-transport smb_client_context_freed
NETWORK t=  2055.8ms dt=    0.0ms tid=pic-smb-transport smb_client_new_start
NETWORK t=  2055.8ms dt=    0.0ms tid=ThreadId(20) read_done uri=smb://dietpi.local/4tbp/pics-sport/Forest%20Run%202026/pt4/DSC_4961_result.jpg bytes=1219385 ms=210.9
NETWORK t=  2056.4ms dt=    0.6ms tid=pic-smb-transport smb_client_context_created
NETWORK t=  2056.5ms dt=    0.0ms tid=pic-smb-transport smb_client_init_start
NETWORK t=  2056.5ms dt=    0.0ms tid=pic-smb-transport smb_client_init_done
NETWORK t=  2067.3ms dt=   10.8ms tid=ThreadId(20) materialize_start uri=smb://dietpi.local/4tbp/pics-sport/Forest%20Run%202026/pt4/DSC_4961_result.jpg
NETWORK t=  2067.4ms dt=    0.1ms tid=ThreadId(20) read_start uri=smb://dietpi.local/4tbp/pics-sport/Forest%20Run%202026/pt4/DSC_4961_result.jpg
NETWORK t=  2067.4ms dt=    0.0ms tid=ThreadId(20) smb_read_start url=smb://dietpi.local/4tbp/pics-sport/Forest Run 2026/pt4/DSC_4961_result.jpg whole-file
NETWORK t=  2070.8ms dt=    3.4ms tid=pic-smb-transport smb_transport stat ms=14.4
NETWORK t=  2071.2ms dt=    0.4ms tid=pic-smb-transport smb_client_context_freed
NETWORK t=  2071.2ms dt=    0.0ms tid=pic-smb-transport smb_client_new_start
NETWORK t=  2071.3ms dt=    0.1ms tid=ThreadId(6) smb_stat_start url=smb://dietpi.local/4tbp/pics-sport/Forest Run 2026/pt4/DSC_5015_result.jpg lane=background
NETWORK t=  2071.9ms dt=    0.7ms tid=pic-smb-transport smb_client_context_created
NETWORK t=  2072.0ms dt=    0.0ms tid=pic-smb-transport smb_client_init_start
NETWORK t=  2072.0ms dt=    0.0ms tid=pic-smb-transport smb_client_init_done
NETWORK t=  2119.2ms dt=   47.2ms tid=pic-smb-transport smb_transport read_file ms=47.2
NETWORK t=  2119.6ms dt=    0.5ms tid=pic-smb-transport smb_client_context_freed
NETWORK t=  2119.7ms dt=    0.0ms tid=pic-smb-transport smb_client_new_start
NETWORK t=  2119.7ms dt=    0.0ms tid=ThreadId(20) read_done uri=smb://dietpi.local/4tbp/pics-sport/Forest%20Run%202026/pt4/DSC_4961_result.jpg bytes=1219385 ms=52.3
NETWORK t=  2120.0ms dt=    0.3ms tid=ThreadId(20) materialize_done uri=smb://dietpi.local/4tbp/pics-sport/Forest%20Run%202026/pt4/DSC_4961_result.jpg path=/home/peet/.cache/picasa-rs/source/q/6c1a5890db77a14fa210e40634cb502f6ab8108ec236d7619951982c10562cb7.jpg ms=52.6
NETWORK t=  2120.3ms dt=    0.3ms tid=pic-smb-transport smb_client_context_created
NETWORK t=  2120.3ms dt=    0.0ms tid=pic-smb-transport smb_client_init_start
NETWORK t=  2120.3ms dt=    0.0ms tid=pic-smb-transport smb_client_init_done
NETWORK t=  2123.1ms dt=    2.8ms tid=ThreadId(20) read_start uri=smb://dietpi.local/4tbp/pics-sport/Forest%20Run%202026/pt4/DSC_5095_result.jpg
NETWORK t=  2123.1ms dt=    0.0ms tid=ThreadId(20) smb_read_start url=smb://dietpi.local/4tbp/pics-sport/Forest Run 2026/pt4/DSC_5095_result.jpg whole-file
NETWORK t=  2139.6ms dt=   16.5ms tid=pic-smb-transport smb_transport stat ms=19.3
NETWORK t=  2140.3ms dt=    0.6ms tid=pic-smb-transport smb_client_context_freed
NETWORK t=  2140.3ms dt=    0.0ms tid=pic-smb-transport smb_client_new_start
NETWORK t=  2140.3ms dt=    0.0ms tid=ThreadId(6) smb_stat_start url=smb://dietpi.local/4tbp/pics-sport/Forest Run 2026/pt4/DSC_5011_result.jpg lane=background
NETWORK t=  2140.9ms dt=    0.6ms tid=pic-smb-transport smb_client_context_created
NETWORK t=  2140.9ms dt=    0.0ms tid=pic-smb-transport smb_client_init_start
NETWORK t=  2141.0ms dt=    0.0ms tid=pic-smb-transport smb_client_init_done
NETWORK t=  2207.1ms dt=   66.1ms tid=pic-smb-transport smb_transport read_file ms=66.1
NETWORK t=  2207.9ms dt=    0.8ms tid=pic-smb-transport smb_client_context_freed
NETWORK t=  2207.9ms dt=    0.0ms tid=pic-smb-transport smb_client_new_start
NETWORK t=  2208.0ms dt=    0.0ms tid=ThreadId(19) read_done uri=smb://dietpi.local/4tbp/pics-sport/Forest%20Run%202026/pt4/DSC_5047_result.jpg bytes=1429554 ms=241.9
NETWORK t=  2208.3ms dt=    0.3ms tid=ThreadId(19) materialize_done uri=smb://dietpi.local/4tbp/pics-sport/Forest%20Run%202026/pt4/DSC_5047_result.jpg path=/home/peet/.cache/picasa-rs/source/d/e8a503e3db35f109418d0370fee797ce1df7615e839e59d31d9f64e19f2eef6c.jpg ms=242.3
NETWORK t=  2208.7ms dt=    0.4ms tid=pic-smb-transport smb_client_context_created
NETWORK t=  2208.7ms dt=    0.0ms tid=pic-smb-transport smb_client_init_start
NETWORK t=  2208.7ms dt=    0.0ms tid=pic-smb-transport smb_client_init_done
NETWORK t=  2211.5ms dt=    2.8ms tid=ThreadId(19) read_start uri=smb://dietpi.local/4tbp/pics-sport/Forest%20Run%202026/pt4/DSC_4897_result.jpg
NETWORK t=  2211.5ms dt=    0.0ms tid=ThreadId(19) smb_read_start url=smb://dietpi.local/4tbp/pics-sport/Forest Run 2026/pt4/DSC_4897_result.jpg whole-file
NETWORK t=  2274.0ms dt=   62.5ms tid=pic-smb-transport smb_transport read_file ms=65.3
NETWORK t=  2274.6ms dt=    0.6ms tid=pic-smb-transport smb_client_context_freed
NETWORK t=  2274.6ms dt=    0.0ms tid=pic-smb-transport smb_client_new_start
NETWORK t=  2274.6ms dt=    0.0ms tid=ThreadId(20) read_done uri=smb://dietpi.local/4tbp/pics-sport/Forest%20Run%202026/pt4/DSC_5095_result.jpg bytes=1191556 ms=151.5
NETWORK t=  2275.2ms dt=    0.6ms tid=pic-smb-transport smb_client_context_created
NETWORK t=  2275.2ms dt=    0.0ms tid=pic-smb-transport smb_client_init_start
NETWORK t=  2275.3ms dt=    0.0ms tid=pic-smb-transport smb_client_init_done
NETWORK t=  2286.9ms dt=   11.6ms tid=ThreadId(20) materialize_start uri=smb://dietpi.local/4tbp/pics-sport/Forest%20Run%202026/pt4/DSC_5095_result.jpg
NETWORK t=  2286.9ms dt=    0.1ms tid=ThreadId(20) read_start uri=smb://dietpi.local/4tbp/pics-sport/Forest%20Run%202026/pt4/DSC_5095_result.jpg
NETWORK t=  2287.0ms dt=    0.0ms tid=ThreadId(20) smb_read_start url=smb://dietpi.local/4tbp/pics-sport/Forest Run 2026/pt4/DSC_5095_result.jpg whole-file
NETWORK t=  2291.9ms dt=    4.9ms tid=pic-smb-transport smb_transport stat ms=16.6
NETWORK t=  2292.3ms dt=    0.4ms tid=pic-smb-transport smb_client_context_freed
NETWORK t=  2292.3ms dt=    0.0ms tid=pic-smb-transport smb_client_new_start
NETWORK t=  2292.3ms dt=    0.0ms tid=ThreadId(6) smb_stat_start url=smb://dietpi.local/4tbp/pics-sport/Forest Run 2026/pt4/DSC_5004_result.jpg lane=background
NETWORK t=  2293.0ms dt=    0.7ms tid=pic-smb-transport smb_client_context_created
NETWORK t=  2293.0ms dt=    0.0ms tid=pic-smb-transport smb_client_init_start
NETWORK t=  2293.0ms dt=    0.0ms tid=pic-smb-transport smb_client_init_done
NETWORK t=  2341.4ms dt=   48.3ms tid=pic-smb-transport smb_transport read_file ms=48.3
NETWORK t=  2341.8ms dt=    0.5ms tid=pic-smb-transport smb_client_context_freed
NETWORK t=  2341.9ms dt=    0.0ms tid=pic-smb-transport smb_client_new_start
NETWORK t=  2341.9ms dt=    0.0ms tid=ThreadId(19) read_done uri=smb://dietpi.local/4tbp/pics-sport/Forest%20Run%202026/pt4/DSC_4897_result.jpg bytes=1294758 ms=130.3
NETWORK t=  2342.4ms dt=    0.6ms tid=pic-smb-transport smb_client_context_created
NETWORK t=  2342.4ms dt=    0.0ms tid=pic-smb-transport smb_client_init_start
NETWORK t=  2342.5ms dt=    0.0ms tid=pic-smb-transport smb_client_init_done
NETWORK t=  2354.7ms dt=   12.3ms tid=ThreadId(19) materialize_start uri=smb://dietpi.local/4tbp/pics-sport/Forest%20Run%202026/pt4/DSC_4897_result.jpg
NETWORK t=  2354.8ms dt=    0.1ms tid=ThreadId(19) read_start uri=smb://dietpi.local/4tbp/pics-sport/Forest%20Run%202026/pt4/DSC_4897_result.jpg
NETWORK t=  2354.8ms dt=    0.0ms tid=ThreadId(19) smb_read_start url=smb://dietpi.local/4tbp/pics-sport/Forest Run 2026/pt4/DSC_4897_result.jpg whole-file
NETWORK t=  2355.3ms dt=    0.4ms tid=pic-smb-transport smb_transport stat ms=12.8
NETWORK t=  2355.7ms dt=    0.4ms tid=pic-smb-transport smb_client_context_freed
NETWORK t=  2355.7ms dt=    0.0ms tid=pic-smb-transport smb_client_new_start
NETWORK t=  2355.7ms dt=    0.0ms tid=ThreadId(6) smb_stat_start url=smb://dietpi.local/4tbp/pics-sport/Forest Run 2026/pt4/DSC_5000_result.jpg lane=background
NETWORK t=  2356.5ms dt=    0.7ms tid=pic-smb-transport smb_client_context_created
NETWORK t=  2356.5ms dt=    0.0ms tid=pic-smb-transport smb_client_init_start
NETWORK t=  2356.5ms dt=    0.0ms tid=pic-smb-transport smb_client_init_done
NETWORK t=  2409.4ms dt=   52.9ms tid=pic-smb-transport smb_transport read_file ms=52.9
NETWORK t=  2410.1ms dt=    0.7ms tid=pic-smb-transport smb_client_context_freed
NETWORK t=  2410.1ms dt=    0.0ms tid=pic-smb-transport smb_client_new_start
NETWORK t=  2410.1ms dt=    0.0ms tid=ThreadId(20) read_done uri=smb://dietpi.local/4tbp/pics-sport/Forest%20Run%202026/pt4/DSC_5095_result.jpg bytes=1191556 ms=123.2
NETWORK t=  2410.4ms dt=    0.3ms tid=ThreadId(20) materialize_done uri=smb://dietpi.local/4tbp/pics-sport/Forest%20Run%202026/pt4/DSC_5095_result.jpg path=/home/peet/.cache/picasa-rs/source/l/5d758d50a241452c5057d5a8245f6ac69c51e51c16d38c8677f421fbcc5053dd.jpg ms=123.5
NETWORK t=  2410.7ms dt=    0.3ms tid=pic-smb-transport smb_client_context_created
NETWORK t=  2410.7ms dt=    0.0ms tid=pic-smb-transport smb_client_init_start
NETWORK t=  2410.8ms dt=    0.0ms tid=pic-smb-transport smb_client_init_done
NETWORK t=  2413.4ms dt=    2.7ms tid=ThreadId(20) read_start uri=smb://dietpi.local/4tbp/pics-sport/Forest%20Run%202026/pt4/DSC_5104_result.jpg
NETWORK t=  2413.5ms dt=    0.0ms tid=ThreadId(20) smb_read_start url=smb://dietpi.local/4tbp/pics-sport/Forest Run 2026/pt4/DSC_5104_result.jpg whole-file
NETWORK t=  2485.6ms dt=   72.1ms tid=pic-smb-transport smb_transport read_file ms=74.8
NETWORK t=  2486.3ms dt=    0.7ms tid=pic-smb-transport smb_client_context_freed
NETWORK t=  2486.3ms dt=    0.0ms tid=pic-smb-transport smb_client_new_start
NETWORK t=  2486.3ms dt=    0.0ms tid=ThreadId(19) read_done uri=smb://dietpi.local/4tbp/pics-sport/Forest%20Run%202026/pt4/DSC_4897_result.jpg bytes=1294758 ms=131.5
NETWORK t=  2486.6ms dt=    0.3ms tid=ThreadId(19) materialize_done uri=smb://dietpi.local/4tbp/pics-sport/Forest%20Run%202026/pt4/DSC_4897_result.jpg path=/home/peet/.cache/picasa-rs/source/h/51599c65c96b63fc8a03fac097533a72098586894358e6c954165d3a7d9ec237.jpg ms=131.8
NETWORK t=  2486.9ms dt=    0.3ms tid=pic-smb-transport smb_client_context_created
NETWORK t=  2486.9ms dt=    0.0ms tid=pic-smb-transport smb_client_init_start
NETWORK t=  2487.0ms dt=    0.0ms tid=pic-smb-transport smb_client_init_done
NETWORK t=  2490.1ms dt=    3.1ms tid=ThreadId(19) read_start uri=smb://dietpi.local/4tbp/pics-sport/Forest%20Run%202026/pt4/DSC_5022_result.jpg
NETWORK t=  2490.1ms dt=    0.0ms tid=ThreadId(19) smb_read_start url=smb://dietpi.local/4tbp/pics-sport/Forest Run 2026/pt4/DSC_5022_result.jpg whole-file
NETWORK t=  2503.9ms dt=   13.8ms tid=pic-smb-transport smb_transport stat ms=16.9
NETWORK t=  2504.3ms dt=    0.5ms tid=pic-smb-transport smb_client_context_freed
NETWORK t=  2504.4ms dt=    0.0ms tid=pic-smb-transport smb_client_new_start
NETWORK t=  2504.4ms dt=    0.0ms tid=ThreadId(6) smb_stat_start url=smb://dietpi.local/4tbp/pics-sport/Forest Run 2026/pt4/DSC_4987_result.jpg lane=background
NETWORK t=  2505.0ms dt=    0.5ms tid=pic-smb-transport smb_client_context_created
NETWORK t=  2505.0ms dt=    0.0ms tid=pic-smb-transport smb_client_init_start
NETWORK t=  2505.0ms dt=    0.0ms tid=pic-smb-transport smb_client_init_done
NETWORK t=  2549.4ms dt=   44.4ms tid=pic-smb-transport smb_transport read_file ms=44.4
NETWORK t=  2549.9ms dt=    0.5ms tid=pic-smb-transport smb_client_context_freed
NETWORK t=  2549.9ms dt=    0.0ms tid=pic-smb-transport smb_client_new_start
NETWORK t=  2549.9ms dt=    0.0ms tid=ThreadId(20) read_done uri=smb://dietpi.local/4tbp/pics-sport/Forest%20Run%202026/pt4/DSC_5104_result.jpg bytes=1230656 ms=136.5
NETWORK t=  2550.5ms dt=    0.6ms tid=pic-smb-transport smb_client_context_created
NETWORK t=  2550.5ms dt=    0.0ms tid=pic-smb-transport smb_client_init_start
NETWORK t=  2550.6ms dt=    0.0ms tid=pic-smb-transport smb_client_init_done
NETWORK t=  2562.1ms dt=   11.5ms tid=ThreadId(20) materialize_start uri=smb://dietpi.local/4tbp/pics-sport/Forest%20Run%202026/pt4/DSC_5104_result.jpg
NETWORK t=  2562.1ms dt=    0.1ms tid=ThreadId(20) read_start uri=smb://dietpi.local/4tbp/pics-sport/Forest%20Run%202026/pt4/DSC_5104_result.jpg
NETWORK t=  2562.2ms dt=    0.0ms tid=ThreadId(20) smb_read_start url=smb://dietpi.local/4tbp/pics-sport/Forest Run 2026/pt4/DSC_5104_result.jpg whole-file
NETWORK t=  2611.8ms dt=   49.7ms tid=pic-smb-transport smb_transport read_file ms=61.2
NETWORK t=  2612.5ms dt=    0.7ms tid=pic-smb-transport smb_client_context_freed
NETWORK t=  2612.6ms dt=    0.0ms tid=pic-smb-transport smb_client_new_start
NETWORK t=  2612.6ms dt=    0.0ms tid=ThreadId(19) read_done uri=smb://dietpi.local/4tbp/pics-sport/Forest%20Run%202026/pt4/DSC_5022_result.jpg bytes=1195949 ms=122.5
NETWORK t=  2613.2ms dt=    0.6ms tid=pic-smb-transport smb_client_context_created
NETWORK t=  2613.2ms dt=    0.0ms tid=pic-smb-transport smb_client_init_start
NETWORK t=  2613.3ms dt=    0.0ms tid=pic-smb-transport smb_client_init_done
NETWORK t=  2623.9ms dt=   10.7ms tid=ThreadId(19) materialize_start uri=smb://dietpi.local/4tbp/pics-sport/Forest%20Run%202026/pt4/DSC_5022_result.jpg
NETWORK t=  2624.0ms dt=    0.1ms tid=ThreadId(19) read_start uri=smb://dietpi.local/4tbp/pics-sport/Forest%20Run%202026/pt4/DSC_5022_result.jpg
NETWORK t=  2624.0ms dt=    0.0ms tid=ThreadId(19) smb_read_start url=smb://dietpi.local/4tbp/pics-sport/Forest Run 2026/pt4/DSC_5022_result.jpg whole-file
NETWORK t=  2638.8ms dt=   14.8ms tid=pic-smb-transport smb_transport stat ms=25.5
NETWORK t=  2639.5ms dt=    0.7ms tid=pic-smb-transport smb_client_context_freed
NETWORK t=  2639.5ms dt=    0.0ms tid=pic-smb-transport smb_client_new_start
NETWORK t=  2639.6ms dt=    0.1ms tid=ThreadId(6) smb_stat_start url=smb://dietpi.local/4tbp/pics-sport/Forest Run 2026/pt4/DSC_4974_result.jpg lane=background
NETWORK t=  2640.2ms dt=    0.6ms tid=pic-smb-transport smb_client_context_created
NETWORK t=  2640.3ms dt=    0.0ms tid=pic-smb-transport smb_client_init_start
NETWORK t=  2640.3ms dt=    0.0ms tid=pic-smb-transport smb_client_init_done
NETWORK t=  2712.9ms dt=   72.6ms tid=pic-smb-transport smb_transport read_file ms=72.6
NETWORK t=  2713.5ms dt=    0.7ms tid=pic-smb-transport smb_client_context_freed
NETWORK t=  2713.6ms dt=    0.0ms tid=pic-smb-transport smb_client_new_start
NETWORK t=  2713.6ms dt=    0.0ms tid=ThreadId(20) read_done uri=smb://dietpi.local/4tbp/pics-sport/Forest%20Run%202026/pt4/DSC_5104_result.jpg bytes=1230656 ms=151.4
NETWORK t=  2713.9ms dt=    0.3ms tid=ThreadId(20) materialize_done uri=smb://dietpi.local/4tbp/pics-sport/Forest%20Run%202026/pt4/DSC_5104_result.jpg path=/home/peet/.cache/picasa-rs/source/8/46348822f7b5768aae4c53a6e672654e3093767c04a99d92daf84ea5fa847087.jpg ms=151.8
NETWORK t=  2714.3ms dt=    0.3ms tid=pic-smb-transport smb_client_context_created
NETWORK t=  2714.3ms dt=    0.0ms tid=pic-smb-transport smb_client_init_start
NETWORK t=  2714.3ms dt=    0.0ms tid=pic-smb-transport smb_client_init_done
NETWORK t=  2717.2ms dt=    2.9ms tid=ThreadId(20) read_start uri=smb://dietpi.local/4tbp/pics-sport/Forest%20Run%202026/pt4/DSC_5023_result.jpg
NETWORK t=  2717.2ms dt=    0.0ms tid=ThreadId(20) smb_read_start url=smb://dietpi.local/4tbp/pics-sport/Forest Run 2026/pt4/DSC_5023_result.jpg whole-file
NETWORK t=  2739.9ms dt=   22.7ms tid=pic-smb-transport smb_transport stat ms=25.6
NETWORK t=  2740.6ms dt=    0.7ms tid=pic-smb-transport smb_client_context_freed
NETWORK t=  2740.7ms dt=    0.0ms tid=pic-smb-transport smb_client_new_start
NETWORK t=  2740.7ms dt=    0.1ms tid=ThreadId(6) smb_stat_start url=smb://dietpi.local/4tbp/pics-sport/Forest Run 2026/pt4/DSC_4970_result.jpg lane=background
NETWORK t=  2741.4ms dt=    0.6ms tid=pic-smb-transport smb_client_context_created
NETWORK t=  2741.4ms dt=    0.0ms tid=pic-smb-transport smb_client_init_start
NETWORK t=  2741.4ms dt=    0.0ms tid=pic-smb-transport smb_client_init_done
NETWORK t=  2758.8ms dt=   17.4ms tid=main share_row_press folder=255 op=1 op=1
NETWORK t=  2771.1ms dt=   12.3ms tid=ThreadId(71) nfs_helper_stat_ok uri=nfs://DietPi.local/mnt/4TBP/mypics-2026 size=4096
NETWORK t=  2810.0ms dt=   38.9ms tid=main startup_nfs_probe_done uri=nfs://DietPi.local/mnt/4TBP/mypics-2026 ok=true op=1
NETWORK t=  2810.4ms dt=    0.3ms tid=pic-smb-transport smb_transport read_file ms=68.9
NETWORK t=  2811.0ms dt=    0.6ms tid=pic-smb-transport smb_client_context_freed
NETWORK t=  2811.0ms dt=    0.0ms tid=pic-smb-transport smb_client_new_start
NETWORK t=  2811.0ms dt=    0.0ms tid=ThreadId(19) read_done uri=smb://dietpi.local/4tbp/pics-sport/Forest%20Run%202026/pt4/DSC_5022_result.jpg bytes=1195949 ms=187.0
NETWORK t=  2811.3ms dt=    0.3ms tid=ThreadId(19) materialize_done uri=smb://dietpi.local/4tbp/pics-sport/Forest%20Run%202026/pt4/DSC_5022_result.jpg path=/home/peet/.cache/picasa-rs/source/p/1e795bd410dc8dde1f07eadf036703c14044b90c6d47b0986b914786751fdca8.jpg ms=187.3
NETWORK t=  2811.6ms dt=    0.3ms tid=pic-smb-transport smb_client_context_created
NETWORK t=  2811.6ms dt=    0.0ms tid=pic-smb-transport smb_client_init_start
NETWORK t=  2811.6ms dt=    0.0ms tid=pic-smb-transport smb_client_init_done
NETWORK t=  2814.3ms dt=    2.7ms tid=ThreadId(19) read_start uri=smb://dietpi.local/4tbp/pics-sport/Forest%20Run%202026/pt4/DSC_4974_result.jpg
NETWORK t=  2814.4ms dt=    0.0ms tid=ThreadId(19) smb_read_start url=smb://dietpi.local/4tbp/pics-sport/Forest Run 2026/pt4/DSC_4974_result.jpg whole-file
NETWORK t=  2870.0ms dt=   55.6ms tid=main filter_selected Folder(255) op=1 op=1
NETWORK t=  2870.0ms dt=    0.0ms tid=main filter_selected_begin op=1
NETWORK t=  2870.0ms dt=    0.0ms tid=main apply_filter_start filter=Folder(255) exact=false op=1
NETWORK t=  2870.5ms dt=    0.5ms tid=main apply_filter_done network_share_scoped op=1
NETWORK t=  2870.5ms dt=    0.0ms tid=main filter_selected_end op=1
NETWORK t=  2870.5ms dt=    0.0ms tid=ThreadId(74) grid_query_start op=1 filter=Folder(255) folder_stream=true
NETWORK t=  2876.4ms dt=    5.9ms tid=ThreadId(74) grid_share_matched op=1 root=smb://DietPi.local:445/4TBP/pics-sport/Forest%20Run%202026 descendants=355 matched=355
NETWORK t=  2878.3ms dt=    1.9ms tid=ThreadId(74) grid_share_scoped op=1 count=355
NETWORK t=  2883.2ms dt=    4.8ms tid=pic-smb-transport smb_transport read_file ms=71.5
NETWORK t=  2883.8ms dt=    0.7ms tid=pic-smb-transport smb_client_context_freed
NETWORK t=  2883.9ms dt=    0.0ms tid=pic-smb-transport smb_client_new_start
NETWORK t=  2883.9ms dt=    0.0ms tid=ThreadId(20) read_done uri=smb://dietpi.local/4tbp/pics-sport/Forest%20Run%202026/pt4/DSC_5023_result.jpg bytes=1287078 ms=166.6
NETWORK t=  2884.5ms dt=    0.7ms tid=pic-smb-transport smb_client_context_created
NETWORK t=  2884.6ms dt=    0.0ms tid=pic-smb-transport smb_client_init_start
NETWORK t=  2884.6ms dt=    0.0ms tid=pic-smb-transport smb_client_init_done
NETWORK t=  2895.5ms dt=   11.0ms tid=main grid_share_replace op=1 count=355 op=1
NETWORK t=  2895.6ms dt=    0.0ms tid=main gallery_replace_start op=1 count=355 cache_scoped=false progressive=false op=1
NETWORK t=  2896.6ms dt=    1.0ms tid=ThreadId(20) materialize_start uri=smb://dietpi.local/4tbp/pics-sport/Forest%20Run%202026/pt4/DSC_5023_result.jpg
NETWORK t=  2896.7ms dt=    0.1ms tid=ThreadId(20) read_start uri=smb://dietpi.local/4tbp/pics-sport/Forest%20Run%202026/pt4/DSC_5023_result.jpg
NETWORK t=  2896.7ms dt=    0.0ms tid=ThreadId(20) smb_read_start url=smb://dietpi.local/4tbp/pics-sport/Forest Run 2026/pt4/DSC_5023_result.jpg whole-file
NETWORK t=  2901.1ms dt=    4.4ms tid=pic-smb-transport smb_transport stat ms=16.5
NETWORK t=  2901.6ms dt=    0.5ms tid=pic-smb-transport smb_client_context_freed
NETWORK t=  2901.6ms dt=    0.0ms tid=pic-smb-transport smb_client_new_start
NETWORK t=  2901.7ms dt=    0.1ms tid=ThreadId(6) smb_stat_start url=smb://dietpi.local/4tbp/pics-sport/Forest Run 2026/pt4/DSC_4957_result.jpg lane=background
NETWORK t=  2902.3ms dt=    0.5ms tid=pic-smb-transport smb_client_context_created
NETWORK t=  2902.3ms dt=    0.0ms tid=pic-smb-transport smb_client_init_start
NETWORK t=  2902.3ms dt=    0.0ms tid=pic-smb-transport smb_client_init_done
NETWORK t=  2943.7ms dt=   41.4ms tid=main grid_share_ready op=1 op=1
NETWORK t=  2946.5ms dt=    2.8ms tid=pic-smb-transport smb_transport read_file ms=44.2
NETWORK t=  2946.9ms dt=    0.4ms tid=pic-smb-transport smb_client_context_freed
NETWORK t=  2946.9ms dt=    0.0ms tid=pic-smb-transport smb_client_new_start
NETWORK t=  2946.9ms dt=    0.0ms tid=ThreadId(19) read_done uri=smb://dietpi.local/4tbp/pics-sport/Forest%20Run%202026/pt4/DSC_4974_result.jpg bytes=1156708 ms=132.6
NETWORK t=  2947.6ms dt=    0.7ms tid=pic-smb-transport smb_client_context_created
NETWORK t=  2947.7ms dt=    0.0ms tid=pic-smb-transport smb_client_init_start
NETWORK t=  2947.7ms dt=    0.0ms tid=pic-smb-transport smb_client_init_done
NETWORK t=  2959.4ms dt=   11.7ms tid=ThreadId(19) materialize_start uri=smb://dietpi.local/4tbp/pics-sport/Forest%20Run%202026/pt4/DSC_4974_result.jpg
NETWORK t=  2959.4ms dt=    0.1ms tid=ThreadId(19) read_start uri=smb://dietpi.local/4tbp/pics-sport/Forest%20Run%202026/pt4/DSC_4974_result.jpg
NETWORK t=  2959.5ms dt=    0.0ms tid=ThreadId(19) smb_read_start url=smb://dietpi.local/4tbp/pics-sport/Forest Run 2026/pt4/DSC_4974_result.jpg whole-file
NETWORK t=  3004.1ms dt=   44.6ms tid=pic-smb-transport smb_transport read_file ms=56.4
NETWORK t=  3004.8ms dt=    0.7ms tid=pic-smb-transport smb_client_context_freed
NETWORK t=  3004.9ms dt=    0.0ms tid=pic-smb-transport smb_client_new_start
NETWORK t=  3004.9ms dt=    0.0ms tid=ThreadId(20) read_done uri=smb://dietpi.local/4tbp/pics-sport/Forest%20Run%202026/pt4/DSC_5023_result.jpg bytes=1287078 ms=108.2
NETWORK t=  3005.1ms dt=    0.3ms tid=ThreadId(20) materialize_done uri=smb://dietpi.local/4tbp/pics-sport/Forest%20Run%202026/pt4/DSC_5023_result.jpg path=/home/peet/.cache/picasa-rs/source/c/addc5349d307d8f977b294c8f9711bb95c092d1bc491db17152f2eb51df69264.jpg ms=108.5
NETWORK t=  3005.5ms dt=    0.3ms tid=pic-smb-transport smb_client_context_created
NETWORK t=  3005.5ms dt=    0.0ms tid=pic-smb-transport smb_client_init_start
NETWORK t=  3005.5ms dt=    0.0ms tid=pic-smb-transport smb_client_init_done
NETWORK t=  3009.0ms dt=    3.5ms tid=ThreadId(20) read_start uri=smb://dietpi.local/4tbp/pics-sport/Forest%20Run%202026/pt4/DSC_4915_result.jpg
NETWORK t=  3009.0ms dt=    0.0ms tid=ThreadId(20) smb_read_start url=smb://dietpi.local/4tbp/pics-sport/Forest Run 2026/pt4/DSC_4915_result.jpg whole-file
NETWORK t=  3031.3ms dt=   22.3ms tid=pic-smb-transport smb_transport stat ms=25.8
NETWORK t=  3032.0ms dt=    0.6ms tid=pic-smb-transport smb_client_context_freed
NETWORK t=  3032.0ms dt=    0.0ms tid=pic-smb-transport smb_client_new_start
NETWORK t=  3032.0ms dt=    0.0ms tid=ThreadId(6) smb_stat_start url=smb://dietpi.local/4tbp/pics-sport/Forest Run 2026/pt4/DSC_4941_result.jpg lane=background
NETWORK t=  3032.6ms dt=    0.6ms tid=pic-smb-transport smb_client_context_created
NETWORK t=  3032.7ms dt=    0.0ms tid=pic-smb-transport smb_client_init_start
NETWORK t=  3032.7ms dt=    0.0ms tid=pic-smb-transport smb_client_init_done
NETWORK t=  3065.8ms dt=   33.1ms tid=ThreadId(80) nfs_helper_stat_ok uri=nfs://DietPi.local/mnt/4TBP/mypics-2026 size=4096
NETWORK t=  3066.8ms dt=    1.0ms tid=ThreadId(80) nfs_helper_stat_ok uri=nfs://DietPi.local/mnt/4TBP/Work/Hyman size=4096
NETWORK t=  3066.9ms dt=    0.0ms tid=ThreadId(80) smb_stat_start url=smb://DietPi.local/4TBP/pics-sport/Forest Run 2026 lane=background
NETWORK t=  3103.5ms dt=   36.6ms tid=pic-smb-transport smb_transport read_file ms=70.8
NETWORK t=  3104.2ms dt=    0.7ms tid=pic-smb-transport smb_client_context_freed
NETWORK t=  3104.2ms dt=    0.0ms tid=pic-smb-transport smb_client_new_start
NETWORK t=  3104.2ms dt=    0.0ms tid=ThreadId(19) read_done uri=smb://dietpi.local/4tbp/pics-sport/Forest%20Run%202026/pt4/DSC_4974_result.jpg bytes=1156708 ms=144.7
NETWORK t=  3104.5ms dt=    0.3ms tid=ThreadId(19) materialize_done uri=smb://dietpi.local/4tbp/pics-sport/Forest%20Run%202026/pt4/DSC_4974_result.jpg path=/home/peet/.cache/picasa-rs/source/0/ff84997b622cd2d789ff4e4462e6d8a52376aef4750d8674269693b80dcacf56.jpg ms=145.1
NETWORK t=  3105.0ms dt=    0.5ms tid=pic-smb-transport smb_client_context_created
NETWORK t=  3105.0ms dt=    0.0ms tid=pic-smb-transport smb_client_init_start
NETWORK t=  3105.0ms dt=    0.0ms tid=pic-smb-transport smb_client_init_done
NETWORK t=  3107.9ms dt=    2.9ms tid=ThreadId(19) read_start uri=smb://dietpi.local/4tbp/pics-sport/Forest%20Run%202026/pt4/DSC_4957_result.jpg
NETWORK t=  3107.9ms dt=    0.0ms tid=ThreadId(19) smb_read_start url=smb://dietpi.local/4tbp/pics-sport/Forest Run 2026/pt4/DSC_4957_result.jpg whole-file
NETWORK t=  3121.3ms dt=   13.4ms tid=pic-smb-transport smb_transport stat ms=16.3
NETWORK t=  3121.8ms dt=    0.5ms tid=pic-smb-transport smb_client_context_freed
NETWORK t=  3121.8ms dt=    0.0ms tid=pic-smb-transport smb_client_new_start
NETWORK t=  3121.8ms dt=    0.0ms tid=ThreadId(80) smb_stat_start url=smb://DietPi.local/4TBP/Work lane=background
NETWORK t=  3122.4ms dt=    0.6ms tid=pic-smb-transport smb_client_context_created
NETWORK t=  3122.4ms dt=    0.0ms tid=pic-smb-transport smb_client_init_start
NETWORK t=  3122.5ms dt=    0.0ms tid=pic-smb-transport smb_client_init_done
NETWORK t=  3133.1ms dt=   10.6ms tid=pic-smb-transport smb_transport stat ms=10.6
NETWORK t=  3133.4ms dt=    0.3ms tid=pic-smb-transport smb_client_context_freed
NETWORK t=  3133.5ms dt=    0.0ms tid=pic-smb-transport smb_client_new_start
NETWORK t=  3133.5ms dt=    0.1ms tid=ThreadId(6) smb_stat_start url=smb://dietpi.local/4tbp/pics-sport/Forest Run 2026/pt4/DSC_4926_result.jpg lane=background
NETWORK t=  3134.2ms dt=    0.7ms tid=pic-smb-transport smb_client_context_created
NETWORK t=  3134.2ms dt=    0.0ms tid=pic-smb-transport smb_client_init_start
NETWORK t=  3134.2ms dt=    0.0ms tid=pic-smb-transport smb_client_init_done
NETWORK t=  3184.6ms dt=   50.3ms tid=pic-smb-transport smb_transport read_file ms=50.3
NETWORK t=  3185.2ms dt=    0.7ms tid=pic-smb-transport smb_client_context_freed
NETWORK t=  3185.3ms dt=    0.0ms tid=pic-smb-transport smb_client_new_start
NETWORK t=  3185.3ms dt=    0.0ms tid=ThreadId(19) read_done uri=smb://dietpi.local/4tbp/pics-sport/Forest%20Run%202026/pt4/DSC_4957_result.jpg bytes=1183311 ms=77.4
NETWORK t=  3185.9ms dt=    0.6ms tid=pic-smb-transport smb_client_context_created
NETWORK t=  3185.9ms dt=    0.0ms tid=pic-smb-transport smb_client_init_start
NETWORK t=  3186.0ms dt=    0.0ms tid=pic-smb-transport smb_client_init_done
NETWORK t=  3196.6ms dt=   10.6ms tid=ThreadId(19) materialize_start uri=smb://dietpi.local/4tbp/pics-sport/Forest%20Run%202026/pt4/DSC_4957_result.jpg
NETWORK t=  3196.7ms dt=    0.1ms tid=ThreadId(19) read_start uri=smb://dietpi.local/4tbp/pics-sport/Forest%20Run%202026/pt4/DSC_4957_result.jpg
NETWORK t=  3196.7ms dt=    0.0ms tid=ThreadId(19) smb_read_start url=smb://dietpi.local/4tbp/pics-sport/Forest Run 2026/pt4/DSC_4957_result.jpg whole-file
NETWORK t=  3259.6ms dt=   62.9ms tid=pic-smb-transport smb_transport read_file ms=73.6
NETWORK t=  3260.4ms dt=    0.8ms tid=pic-smb-transport smb_client_context_freed
NETWORK t=  3260.5ms dt=    0.0ms tid=pic-smb-transport smb_client_new_start
NETWORK t=  3260.5ms dt=    0.0ms tid=ThreadId(20) read_done uri=smb://dietpi.local/4tbp/pics-sport/Forest%20Run%202026/pt4/DSC_4915_result.jpg bytes=1330403 ms=251.5
NETWORK t=  3261.1ms dt=    0.7ms tid=pic-smb-transport smb_client_context_created
NETWORK t=  3261.2ms dt=    0.0ms tid=pic-smb-transport smb_client_init_start
NETWORK t=  3261.2ms dt=    0.0ms tid=pic-smb-transport smb_client_init_done
NETWORK t=  3273.0ms dt=   11.8ms tid=ThreadId(20) materialize_start uri=smb://dietpi.local/4tbp/pics-sport/Forest%20Run%202026/pt4/DSC_4915_result.jpg
NETWORK t=  3273.0ms dt=    0.1ms tid=ThreadId(20) read_start uri=smb://dietpi.local/4tbp/pics-sport/Forest%20Run%202026/pt4/DSC_4915_result.jpg
NETWORK t=  3273.1ms dt=    0.0ms tid=ThreadId(20) smb_read_start url=smb://dietpi.local/4tbp/pics-sport/Forest Run 2026/pt4/DSC_4915_result.jpg whole-file
NETWORK t=  3288.1ms dt=   15.0ms tid=pic-smb-transport smb_transport stat ms=26.9
NETWORK t=  3288.8ms dt=    0.7ms tid=pic-smb-transport smb_client_context_freed
NETWORK t=  3288.8ms dt=    0.0ms tid=pic-smb-transport smb_client_new_start
NETWORK t=  3288.8ms dt=    0.0ms tid=ThreadId(80) smb_stat_start url=smb://DietPi.local/4TBP/Work/Denver lane=background
NETWORK t=  3289.4ms dt=    0.6ms tid=pic-smb-transport smb_client_context_created
NETWORK t=  3289.5ms dt=    0.0ms tid=pic-smb-transport smb_client_init_start
NETWORK t=  3289.5ms dt=    0.0ms tid=pic-smb-transport smb_client_init_done
NETWORK t=  3360.3ms dt=   70.8ms tid=ThreadId(90) nfs_helper_stat_ok uri=nfs://DietPi.local/mnt/4TBP/Work/Hyman size=4096
NETWORK t=  3364.6ms dt=    4.3ms tid=pic-smb-transport smb_transport read_file ms=75.1
NETWORK t=  3365.3ms dt=    0.7ms tid=pic-smb-transport smb_client_context_freed
NETWORK t=  3365.3ms dt=    0.0ms tid=pic-smb-transport smb_client_new_start
NETWORK t=  3365.3ms dt=    0.0ms tid=ThreadId(20) read_done uri=smb://dietpi.local/4tbp/pics-sport/Forest%20Run%202026/pt4/DSC_4915_result.jpg bytes=1330403 ms=92.3
NETWORK t=  3365.7ms dt=    0.3ms tid=ThreadId(20) materialize_done uri=smb://dietpi.local/4tbp/pics-sport/Forest%20Run%202026/pt4/DSC_4915_result.jpg path=/home/peet/.cache/picasa-rs/source/9/884d3c3bb3419d610b4a0de9541efb18381298ef7b3a8c4f26bc8061e90ad6cf.jpg ms=92.7
NETWORK t=  3365.9ms dt=    0.3ms tid=pic-smb-transport smb_client_context_created
NETWORK t=  3366.0ms dt=    0.0ms tid=pic-smb-transport smb_client_init_start
NETWORK t=  3366.0ms dt=    0.0ms tid=pic-smb-transport smb_client_init_done
NETWORK t=  3369.0ms dt=    3.0ms tid=ThreadId(20) read_start uri=smb://dietpi.local/4tbp/pics-sport/Forest%20Run%202026/pt4/DSC_4987_result.jpg
NETWORK t=  3369.0ms dt=    0.0ms tid=ThreadId(20) smb_read_start url=smb://dietpi.local/4tbp/pics-sport/Forest Run 2026/pt4/DSC_4987_result.jpg whole-file
NETWORK t=  3382.7ms dt=   13.7ms tid=pic-smb-transport smb_transport stat ms=16.7
NETWORK t=  3383.2ms dt=    0.5ms tid=pic-smb-transport smb_client_context_freed
NETWORK t=  3383.2ms dt=    0.0ms tid=pic-smb-transport smb_client_new_start
NETWORK t=  3383.3ms dt=    0.0ms tid=ThreadId(6) smb_stat_start url=smb://dietpi.local/4tbp/pics-sport/Forest Run 2026/pt4/DSC_4924_result.jpg lane=background
NETWORK t=  3383.9ms dt=    0.6ms tid=pic-smb-transport smb_client_context_created
NETWORK t=  3383.9ms dt=    0.0ms tid=pic-smb-transport smb_client_init_start
NETWORK t=  3384.0ms dt=    0.0ms tid=pic-smb-transport smb_client_init_done
NETWORK t=  3409.4ms dt=   25.4ms tid=main startup_nfs_probe_done uri=nfs://DietPi.local/mnt/4TBP/Work/Hyman ok=true
NETWORK t=  3436.9ms dt=   27.5ms tid=pic-smb-transport smb_transport read_file ms=52.9
NETWORK t=  3437.5ms dt=    0.6ms tid=pic-smb-transport smb_client_context_freed
NETWORK t=  3437.6ms dt=    0.0ms tid=pic-smb-transport smb_client_new_start
NETWORK t=  3437.6ms dt=    0.0ms tid=ThreadId(20) read_done uri=smb://dietpi.local/4tbp/pics-sport/Forest%20Run%202026/pt4/DSC_4987_result.jpg bytes=1427968 ms=68.6
NETWORK t=  3438.2ms dt=    0.6ms tid=pic-smb-transport smb_client_context_created
NETWORK t=  3438.3ms dt=    0.0ms tid=pic-smb-transport smb_client_init_start
NETWORK t=  3438.3ms dt=    0.0ms tid=pic-smb-transport smb_client_init_done
NETWORK t=  3450.9ms dt=   12.6ms tid=ThreadId(20) materialize_start uri=smb://dietpi.local/4tbp/pics-sport/Forest%20Run%202026/pt4/DSC_4987_result.jpg
NETWORK t=  3451.0ms dt=    0.1ms tid=ThreadId(20) read_start uri=smb://dietpi.local/4tbp/pics-sport/Forest%20Run%202026/pt4/DSC_4987_result.jpg
NETWORK t=  3451.0ms dt=    0.0ms tid=ThreadId(20) smb_read_start url=smb://dietpi.local/4tbp/pics-sport/Forest Run 2026/pt4/DSC_4987_result.jpg whole-file
NETWORK t=  3510.0ms dt=   59.0ms tid=pic-smb-transport smb_transport read_file ms=71.7
NETWORK t=  3510.7ms dt=    0.7ms tid=pic-smb-transport smb_client_context_freed
NETWORK t=  3510.7ms dt=    0.0ms tid=pic-smb-transport smb_client_new_start
NETWORK t=  3510.8ms dt=    0.1ms tid=ThreadId(19) read_done uri=smb://dietpi.local/4tbp/pics-sport/Forest%20Run%202026/pt4/DSC_4957_result.jpg bytes=1183311 ms=314.1
NETWORK t=  3511.0ms dt=    0.3ms tid=ThreadId(19) materialize_done uri=smb://dietpi.local/4tbp/pics-sport/Forest%20Run%202026/pt4/DSC_4957_result.jpg path=/home/peet/.cache/picasa-rs/source/h/5429f7f76694e091dd8a15134b53025862af5f450a309b9622978b249103c942.jpg ms=314.4
NETWORK t=  3511.5ms dt=    0.4ms tid=pic-smb-transport smb_client_context_created
NETWORK t=  3511.5ms dt=    0.0ms tid=pic-smb-transport smb_client_init_start
NETWORK t=  3511.5ms dt=    0.0ms tid=pic-smb-transport smb_client_init_done
NETWORK t=  3514.1ms dt=    2.6ms tid=ThreadId(19) read_start uri=smb://dietpi.local/4tbp/pics-sport/Forest%20Run%202026/pt4/DSC_5079_result.jpg
NETWORK t=  3514.1ms dt=    0.0ms tid=ThreadId(19) smb_read_start url=smb://dietpi.local/4tbp/pics-sport/Forest Run 2026/pt4/DSC_5079_result.jpg whole-file
NETWORK t=  3537.5ms dt=   23.4ms tid=pic-smb-transport smb_transport stat ms=26.0
NETWORK t=  3538.2ms dt=    0.7ms tid=pic-smb-transport smb_client_context_freed
NETWORK t=  3538.2ms dt=    0.0ms tid=pic-smb-transport smb_client_new_start
NETWORK t=  3538.3ms dt=    0.0ms tid=ThreadId(6) smb_stat_start url=smb://dietpi.local/4tbp/pics-sport/Forest Run 2026/pt4/DSC_4921_result.jpg lane=background
NETWORK t=  3538.9ms dt=    0.6ms tid=pic-smb-transport smb_client_context_created
NETWORK t=  3538.9ms dt=    0.0ms tid=pic-smb-transport smb_client_init_start
NETWORK t=  3538.9ms dt=    0.0ms tid=pic-smb-transport smb_client_init_done
NETWORK t=  3618.6ms dt=   79.6ms tid=pic-smb-transport smb_transport read_file ms=79.6
NETWORK t=  3619.2ms dt=    0.6ms tid=pic-smb-transport smb_client_context_freed
NETWORK t=  3619.2ms dt=    0.0ms tid=pic-smb-transport smb_client_new_start
NETWORK t=  3619.3ms dt=    0.0ms tid=ThreadId(20) read_done uri=smb://dietpi.local/4tbp/pics-sport/Forest%20Run%202026/pt4/DSC_4987_result.jpg bytes=1427968 ms=168.3
NETWORK t=  3619.6ms dt=    0.4ms tid=ThreadId(20) materialize_done uri=smb://dietpi.local/4tbp/pics-sport/Forest%20Run%202026/pt4/DSC_4987_result.jpg path=/home/peet/.cache/picasa-rs/source/7/fd03eab457f5f7fff82b8646cfc70e6917f1e09f730578cbc5cb9bf72089401d.jpg ms=168.7
NETWORK t=  3620.0ms dt=    0.4ms tid=pic-smb-transport smb_client_context_created
NETWORK t=  3620.0ms dt=    0.0ms tid=pic-smb-transport smb_client_init_start
NETWORK t=  3620.0ms dt=    0.0ms tid=pic-smb-transport smb_client_init_done
NETWORK t=  3622.7ms dt=    2.7ms tid=ThreadId(20) read_start uri=smb://dietpi.local/4tbp/pics-sport/Forest%20Run%202026/pt4/DSC_5089_result.jpg
NETWORK t=  3622.8ms dt=    0.0ms tid=ThreadId(20) smb_read_start url=smb://dietpi.local/4tbp/pics-sport/Forest Run 2026/pt4/DSC_5089_result.jpg whole-file
NETWORK t=  3700.3ms dt=   77.6ms tid=pic-smb-transport smb_transport read_file ms=80.3
NETWORK t=  3701.1ms dt=    0.7ms tid=pic-smb-transport smb_client_context_freed
NETWORK t=  3701.1ms dt=    0.0ms tid=pic-smb-transport smb_client_new_start
NETWORK t=  3701.1ms dt=    0.0ms tid=ThreadId(19) read_done uri=smb://dietpi.local/4tbp/pics-sport/Forest%20Run%202026/pt4/DSC_5079_result.jpg bytes=1387743 ms=187.0
NETWORK t=  3701.8ms dt=    0.6ms tid=pic-smb-transport smb_client_context_created
NETWORK t=  3701.8ms dt=    0.0ms tid=pic-smb-transport smb_client_init_start
NETWORK t=  3701.8ms dt=    0.0ms tid=pic-smb-transport smb_client_init_done
NETWORK t=  3714.3ms dt=   12.5ms tid=ThreadId(19) materialize_start uri=smb://dietpi.local/4tbp/pics-sport/Forest%20Run%202026/pt4/DSC_5079_result.jpg
NETWORK t=  3714.4ms dt=    0.1ms tid=ThreadId(19) read_start uri=smb://dietpi.local/4tbp/pics-sport/Forest%20Run%202026/pt4/DSC_5079_result.jpg
NETWORK t=  3714.4ms dt=    0.0ms tid=ThreadId(19) smb_read_start url=smb://dietpi.local/4tbp/pics-sport/Forest Run 2026/pt4/DSC_5079_result.jpg whole-file
NETWORK t=  3728.1ms dt=   13.7ms tid=pic-smb-transport smb_transport stat ms=26.3
NETWORK t=  3728.9ms dt=    0.8ms tid=pic-smb-transport smb_client_context_freed
NETWORK t=  3728.9ms dt=    0.0ms tid=pic-smb-transport smb_client_new_start
NETWORK t=  3728.9ms dt=    0.0ms tid=ThreadId(6) smb_stat_start url=smb://dietpi.local/4tbp/pics-sport/Forest Run 2026/pt4/DSC_4919_result.jpg lane=background
NETWORK t=  3729.5ms dt=    0.6ms tid=pic-smb-transport smb_client_context_created
NETWORK t=  3729.5ms dt=    0.0ms tid=pic-smb-transport smb_client_init_start
NETWORK t=  3729.5ms dt=    0.0ms tid=pic-smb-transport smb_client_init_done
NETWORK t=  3755.9ms dt=   26.3ms tid=pic-smb-transport smb_transport stat ms=26.3
NETWORK t=  3756.5ms dt=    0.7ms tid=pic-smb-transport smb_client_context_freed
NETWORK t=  3756.6ms dt=    0.0ms tid=pic-smb-transport smb_client_new_start
NETWORK t=  3757.4ms dt=    0.9ms tid=pic-smb-transport smb_client_context_created
NETWORK t=  3757.5ms dt=    0.0ms tid=pic-smb-transport smb_client_init_start
NETWORK t=  3757.5ms dt=    0.0ms tid=pic-smb-transport smb_client_init_done
NETWORK t=  3762.2ms dt=    4.7ms tid=main shares_refresh_start
NETWORK t=  3762.8ms dt=    0.6ms tid=main shares_refresh_done count=5
NETWORK t=  3773.4ms dt=   10.6ms tid=main filter_selected Folder(255) op=2 op=2
NETWORK t=  3773.5ms dt=    0.0ms tid=main filter_selected_begin op=2
NETWORK t=  3773.5ms dt=    0.0ms tid=main apply_filter_start filter=Folder(255) exact=false op=2
NETWORK t=  3773.5ms dt=    0.0ms tid=main apply_filter_unchanged suppress_rebuild=true op=2
NETWORK t=  3773.5ms dt=    0.0ms tid=main apply_filter_done op=2
NETWORK t=  3773.5ms dt=    0.0ms tid=main filter_selected_end op=2
NETWORK t=  3813.0ms dt=   39.4ms tid=main shares_counts_ready count=5 op=2
NETWORK t=  3842.5ms dt=   29.6ms tid=pic-smb-transport smb_transport read_file ms=85.0
NETWORK t=  3843.2ms dt=    0.7ms tid=pic-smb-transport smb_client_context_freed
NETWORK t=  3843.2ms dt=    0.0ms tid=pic-smb-transport smb_client_new_start
NETWORK t=  3843.3ms dt=    0.0ms tid=ThreadId(20) read_done uri=smb://dietpi.local/4tbp/pics-sport/Forest%20Run%202026/pt4/DSC_5089_result.jpg bytes=1514429 ms=220.5
NETWORK t=  3844.0ms dt=    0.7ms tid=pic-smb-transport smb_client_context_created
NETWORK t=  3844.0ms dt=    0.0ms tid=pic-smb-transport smb_client_init_start
NETWORK t=  3844.0ms dt=    0.0ms tid=pic-smb-transport smb_client_init_done
NETWORK t=  3857.0ms dt=   12.9ms tid=ThreadId(20) materialize_start uri=smb://dietpi.local/4tbp/pics-sport/Forest%20Run%202026/pt4/DSC_5089_result.jpg
NETWORK t=  3857.0ms dt=    0.1ms tid=ThreadId(20) read_start uri=smb://dietpi.local/4tbp/pics-sport/Forest%20Run%202026/pt4/DSC_5089_result.jpg
NETWORK t=  3857.1ms dt=    0.0ms tid=ThreadId(20) smb_read_start url=smb://dietpi.local/4tbp/pics-sport/Forest Run 2026/pt4/DSC_5089_result.jpg whole-file
NETWORK t=  3870.3ms dt=   13.2ms tid=pic-smb-transport smb_transport stat ms=26.3
NETWORK t=  3870.9ms dt=    0.6ms tid=pic-smb-transport smb_client_context_freed
NETWORK t=  3871.0ms dt=    0.0ms tid=pic-smb-transport smb_client_new_start
NETWORK t=  3871.0ms dt=    0.0ms tid=ThreadId(6) smb_stat_start url=smb://dietpi.local/4tbp/pics-sport/Forest Run 2026/pt4/DSC_4917_result.jpg lane=background
NETWORK t=  3871.6ms dt=    0.6ms tid=pic-smb-transport smb_client_context_created
NETWORK t=  3871.6ms dt=    0.0ms tid=pic-smb-transport smb_client_init_start
NETWORK t=  3871.6ms dt=    0.0ms tid=pic-smb-transport smb_client_init_done
NETWORK t=  3952.1ms dt=   80.5ms tid=pic-smb-transport smb_transport read_file ms=80.5
NETWORK t=  3952.8ms dt=    0.7ms tid=pic-smb-transport smb_client_context_freed
NETWORK t=  3952.8ms dt=    0.0ms tid=pic-smb-transport smb_client_new_start
NETWORK t=  3952.9ms dt=    0.0ms tid=ThreadId(19) read_done uri=smb://dietpi.local/4tbp/pics-sport/Forest%20Run%202026/pt4/DSC_5079_result.jpg bytes=1387743 ms=238.4
NETWORK t=  3953.2ms dt=    0.3ms tid=ThreadId(19) materialize_done uri=smb://dietpi.local/4tbp/pics-sport/Forest%20Run%202026/pt4/DSC_5079_result.jpg path=/home/peet/.cache/picasa-rs/source/x/d185eac579a92047510bb1913f750f79b14a5d5eec5f41a2dd4a8dfb1f26f240.jpg ms=238.8
NETWORK t=  3953.5ms dt=    0.3ms tid=pic-smb-transport smb_client_context_created
NETWORK t=  3953.5ms dt=    0.0ms tid=pic-smb-transport smb_client_init_start
NETWORK t=  3953.5ms dt=    0.0ms tid=pic-smb-transport smb_client_init_done
NETWORK t=  3956.4ms dt=    2.9ms tid=ThreadId(19) read_start uri=smb://dietpi.local/4tbp/pics-sport/Forest%20Run%202026/pt4/DSC_4926_result.jpg
NETWORK t=  3956.4ms dt=    0.0ms tid=ThreadId(19) smb_read_start url=smb://dietpi.local/4tbp/pics-sport/Forest Run 2026/pt4/DSC_4926_result.jpg whole-file
NETWORK t=  3959.1ms dt=    2.7ms tid=ThreadId(104) smb_stat_start url=smb://DietPi.local/4TBP/pics-sport/Forest Run 2026 lane=background
NETWORK t=  3970.0ms dt=   10.9ms tid=pic-smb-transport smb_transport stat ms=16.5
NETWORK t=  3970.4ms dt=    0.4ms tid=pic-smb-transport smb_client_context_freed
NETWORK t=  3970.4ms dt=    0.0ms tid=pic-smb-transport smb_client_new_start
NETWORK t=  3970.5ms dt=    0.0ms tid=ThreadId(6) smb_stat_start url=smb://dietpi.local/4tbp/pics-sport/Forest Run 2026/pt4/DSC_4895_result.jpg lane=background
NETWORK t=  3971.1ms dt=    0.6ms tid=pic-smb-transport smb_client_context_created
NETWORK t=  3971.1ms dt=    0.0ms tid=pic-smb-transport smb_client_init_start
NETWORK t=  3971.1ms dt=    0.0ms tid=pic-smb-transport smb_client_init_done
NETWORK t=  3982.3ms dt=   11.1ms tid=pic-smb-transport smb_transport stat ms=11.1
NETWORK t=  3982.7ms dt=    0.5ms tid=pic-smb-transport smb_client_context_freed
NETWORK t=  3982.8ms dt=    0.0ms tid=pic-smb-transport smb_client_new_start
NETWORK t=  3983.3ms dt=    0.6ms tid=pic-smb-transport smb_client_context_created
NETWORK t=  3983.3ms dt=    0.0ms tid=pic-smb-transport smb_client_init_start
NETWORK t=  3983.4ms dt=    0.0ms tid=pic-smb-transport smb_client_init_done
NETWORK t=  4009.2ms dt=   25.8ms tid=main startup_smb_probe_done uri=smb://DietPi.local:445/4TBP/pics-sport/Forest%20Run%202026 ok=true reason=ok op=2
NETWORK t=  4035.2ms dt=   26.0ms tid=pic-smb-transport smb_transport read_file ms=51.8
NETWORK t=  4035.8ms dt=    0.6ms tid=pic-smb-transport smb_client_context_freed
NETWORK t=  4035.9ms dt=    0.0ms tid=pic-smb-transport smb_client_new_start
NETWORK t=  4035.9ms dt=    0.0ms tid=ThreadId(19) read_done uri=smb://dietpi.local/4tbp/pics-sport/Forest%20Run%202026/pt4/DSC_4926_result.jpg bytes=1332542 ms=79.5
NETWORK t=  4036.5ms dt=    0.6ms tid=pic-smb-transport smb_client_context_created
NETWORK t=  4036.5ms dt=    0.0ms tid=pic-smb-transport smb_client_init_start
NETWORK t=  4036.5ms dt=    0.0ms tid=pic-smb-transport smb_client_init_done
NETWORK t=  4048.4ms dt=   11.9ms tid=ThreadId(19) materialize_start uri=smb://dietpi.local/4tbp/pics-sport/Forest%20Run%202026/pt4/DSC_4926_result.jpg
NETWORK t=  4048.5ms dt=    0.1ms tid=ThreadId(19) read_start uri=smb://dietpi.local/4tbp/pics-sport/Forest%20Run%202026/pt4/DSC_4926_result.jpg
NETWORK t=  4048.5ms dt=    0.0ms tid=ThreadId(19) smb_read_start url=smb://dietpi.local/4tbp/pics-sport/Forest Run 2026/pt4/DSC_4926_result.jpg whole-file
NETWORK t=  4052.6ms dt=    4.1ms tid=pic-smb-transport smb_transport stat ms=16.1
NETWORK t=  4053.0ms dt=    0.4ms tid=pic-smb-transport smb_client_context_freed
NETWORK t=  4053.0ms dt=    0.0ms tid=pic-smb-transport smb_client_new_start
NETWORK t=  4053.1ms dt=    0.0ms tid=ThreadId(6) smb_stat_start url=smb://dietpi.local/4tbp/pics-sport/Forest Run 2026/pt4/DSC_4893_result.jpg lane=background
NETWORK t=  4053.6ms dt=    0.6ms tid=pic-smb-transport smb_client_context_created
NETWORK t=  4053.6ms dt=    0.0ms tid=pic-smb-transport smb_client_init_start
NETWORK t=  4053.7ms dt=    0.0ms tid=pic-smb-transport smb_client_init_done
NETWORK t=  4115.1ms dt=   61.4ms tid=pic-smb-transport smb_transport read_file ms=61.4
NETWORK t=  4115.8ms dt=    0.7ms tid=pic-smb-transport smb_client_context_freed
NETWORK t=  4115.8ms dt=    0.0ms tid=pic-smb-transport smb_client_new_start
NETWORK t=  4115.9ms dt=    0.0ms tid=ThreadId(20) read_done uri=smb://dietpi.local/4tbp/pics-sport/Forest%20Run%202026/pt4/DSC_5089_result.jpg bytes=1514429 ms=258.8
NETWORK t=  4116.2ms dt=    0.3ms tid=ThreadId(20) materialize_done uri=smb://dietpi.local/4tbp/pics-sport/Forest%20Run%202026/pt4/DSC_5089_result.jpg path=/home/peet/.cache/picasa-rs/source/o/c5f42a3cf4cc5fe53e73dd1eb25c2c256aa736d7d3723aeae15ff06e765d421b.jpg ms=259.2
NETWORK t=  4116.6ms dt=    0.3ms tid=pic-smb-transport smb_client_context_created
NETWORK t=  4116.6ms dt=    0.0ms tid=pic-smb-transport smb_client_init_start
NETWORK t=  4116.6ms dt=    0.0ms tid=pic-smb-transport smb_client_init_done
NETWORK t=  4120.2ms dt=    3.6ms tid=ThreadId(20) read_start uri=smb://dietpi.local/4tbp/pics-sport/Forest%20Run%202026/pt4/DSC_4893_result.jpg
NETWORK t=  4120.2ms dt=    0.0ms tid=ThreadId(20) smb_read_start url=smb://dietpi.local/4tbp/pics-sport/Forest Run 2026/pt4/DSC_4893_result.jpg whole-file
NETWORK t=  4142.6ms dt=   22.3ms tid=pic-smb-transport smb_transport stat ms=25.9
NETWORK t=  4143.2ms dt=    0.7ms tid=pic-smb-transport smb_client_context_freed
NETWORK t=  4143.2ms dt=    0.0ms tid=pic-smb-transport smb_client_new_start
NETWORK t=  4143.3ms dt=    0.0ms tid=ThreadId(6) smb_stat_start url=smb://dietpi.local/4tbp/pics-sport/Forest Run 2026/Pt3/DSC_4892_result.jpg lane=background
NETWORK t=  4144.0ms dt=    0.7ms tid=pic-smb-transport smb_client_context_created
NETWORK t=  4144.1ms dt=    0.0ms tid=pic-smb-transport smb_client_init_start
NETWORK t=  4144.1ms dt=    0.0ms tid=pic-smb-transport smb_client_init_done
NETWORK t=  4219.3ms dt=   75.3ms tid=pic-smb-transport smb_transport read_file ms=75.2
NETWORK t=  4220.0ms dt=    0.7ms tid=pic-smb-transport smb_client_context_freed
NETWORK t=  4220.0ms dt=    0.0ms tid=pic-smb-transport smb_client_new_start
NETWORK t=  4220.1ms dt=    0.0ms tid=ThreadId(20) read_done uri=smb://dietpi.local/4tbp/pics-sport/Forest%20Run%202026/pt4/DSC_4893_result.jpg bytes=1189612 ms=99.9
NETWORK t=  4220.7ms dt=    0.6ms tid=pic-smb-transport smb_client_context_created
NETWORK t=  4220.7ms dt=    0.0ms tid=pic-smb-transport smb_client_init_start
NETWORK t=  4220.7ms dt=    0.0ms tid=pic-smb-transport smb_client_init_done
NETWORK t=  4232.2ms dt=   11.4ms tid=ThreadId(20) materialize_start uri=smb://dietpi.local/4tbp/pics-sport/Forest%20Run%202026/pt4/DSC_4893_result.jpg
NETWORK t=  4232.2ms dt=    0.1ms tid=ThreadId(20) read_start uri=smb://dietpi.local/4tbp/pics-sport/Forest%20Run%202026/pt4/DSC_4893_result.jpg
NETWORK t=  4232.2ms dt=    0.0ms tid=ThreadId(20) smb_read_start url=smb://dietpi.local/4tbp/pics-sport/Forest Run 2026/pt4/DSC_4893_result.jpg whole-file
NETWORK t=  4248.2ms dt=   16.0ms tid=pic-smb-transport smb_transport stat ms=27.5
NETWORK t=  4248.9ms dt=    0.7ms tid=pic-smb-transport smb_client_context_freed
NETWORK t=  4248.9ms dt=    0.0ms tid=pic-smb-transport smb_client_new_start
NETWORK t=  4249.0ms dt=    0.0ms tid=ThreadId(6) smb_stat_start url=smb://dietpi.local/4tbp/pics-sport/Forest Run 2026/Pt3/DSC_4891_result.jpg lane=background
NETWORK t=  4249.5ms dt=    0.6ms tid=pic-smb-transport smb_client_context_created
NETWORK t=  4249.6ms dt=    0.0ms tid=pic-smb-transport smb_client_init_start
NETWORK t=  4249.6ms dt=    0.0ms tid=pic-smb-transport smb_client_init_done
NETWORK t=  4328.5ms dt=   78.9ms tid=pic-smb-transport smb_transport read_file ms=78.9
NETWORK t=  4329.2ms dt=    0.7ms tid=pic-smb-transport smb_client_context_freed
NETWORK t=  4329.2ms dt=    0.0ms tid=pic-smb-transport smb_client_new_start
NETWORK t=  4329.3ms dt=    0.0ms tid=ThreadId(19) read_done uri=smb://dietpi.local/4tbp/pics-sport/Forest%20Run%202026/pt4/DSC_4926_result.jpg bytes=1332542 ms=280.7
NETWORK t=  4329.5ms dt=    0.3ms tid=ThreadId(19) materialize_done uri=smb://dietpi.local/4tbp/pics-sport/Forest%20Run%202026/pt4/DSC_4926_result.jpg path=/home/peet/.cache/picasa-rs/source/v/40cf86c67cb45d94ca7d7cc4b4dde40b874df16f11a96d8f1e84d4a76c97455d.jpg ms=281.1
NETWORK t=  4329.9ms dt=    0.4ms tid=pic-smb-transport smb_client_context_created
NETWORK t=  4329.9ms dt=    0.0ms tid=pic-smb-transport smb_client_init_start
NETWORK t=  4330.0ms dt=    0.0ms tid=pic-smb-transport smb_client_init_done
NETWORK t=  4333.1ms dt=    3.1ms tid=ThreadId(19) read_start uri=smb://dietpi.local/4tbp/pics-sport/Forest%20Run%202026/pt4/DSC_4895_result.jpg
NETWORK t=  4333.1ms dt=    0.0ms tid=ThreadId(19) smb_read_start url=smb://dietpi.local/4tbp/pics-sport/Forest Run 2026/pt4/DSC_4895_result.jpg whole-file
NETWORK t=  4355.9ms dt=   22.8ms tid=pic-smb-transport smb_transport stat ms=25.9
NETWORK t=  4356.6ms dt=    0.7ms tid=pic-smb-transport smb_client_context_freed
NETWORK t=  4356.7ms dt=    0.0ms tid=pic-smb-transport smb_client_new_start
NETWORK t=  4356.7ms dt=    0.0ms tid=ThreadId(6) smb_stat_start url=smb://dietpi.local/4tbp/pics-sport/Forest Run 2026/Pt3/DSC_4890_result.jpg lane=background
NETWORK t=  4357.3ms dt=    0.6ms tid=pic-smb-transport smb_client_context_created
NETWORK t=  4357.3ms dt=    0.0ms tid=pic-smb-transport smb_client_init_start
NETWORK t=  4357.3ms dt=    0.0ms tid=pic-smb-transport smb_client_init_done
NETWORK t=  4429.6ms dt=   72.2ms tid=pic-smb-transport smb_transport read_file ms=72.2
NETWORK t=  4430.3ms dt=    0.7ms tid=pic-smb-transport smb_client_context_freed
NETWORK t=  4430.3ms dt=    0.0ms tid=pic-smb-transport smb_client_new_start
NETWORK t=  4430.3ms dt=    0.0ms tid=ThreadId(19) read_done uri=smb://dietpi.local/4tbp/pics-sport/Forest%20Run%202026/pt4/DSC_4895_result.jpg bytes=1211925 ms=97.2
NETWORK t=  4431.0ms dt=    0.6ms tid=pic-smb-transport smb_client_context_created
NETWORK t=  4431.0ms dt=    0.0ms tid=pic-smb-transport smb_client_init_start
NETWORK t=  4431.0ms dt=    0.0ms tid=pic-smb-transport smb_client_init_done
NETWORK t=  4442.4ms dt=   11.4ms tid=ThreadId(19) materialize_start uri=smb://dietpi.local/4tbp/pics-sport/Forest%20Run%202026/pt4/DSC_4895_result.jpg
NETWORK t=  4442.5ms dt=    0.1ms tid=ThreadId(19) read_start uri=smb://dietpi.local/4tbp/pics-sport/Forest%20Run%202026/pt4/DSC_4895_result.jpg
NETWORK t=  4442.5ms dt=    0.0ms tid=ThreadId(19) smb_read_start url=smb://dietpi.local/4tbp/pics-sport/Forest Run 2026/pt4/DSC_4895_result.jpg whole-file
NETWORK t=  4458.1ms dt=   15.6ms tid=pic-smb-transport smb_transport stat ms=27.1
NETWORK t=  4458.8ms dt=    0.7ms tid=pic-smb-transport smb_client_context_freed
NETWORK t=  4458.9ms dt=    0.0ms tid=pic-smb-transport smb_client_new_start
NETWORK t=  4458.9ms dt=    0.0ms tid=ThreadId(6) smb_stat_start url=smb://dietpi.local/4tbp/pics-sport/Forest Run 2026/Pt3/DSC_4889_result.jpg lane=background
NETWORK t=  4459.6ms dt=    0.7ms tid=pic-smb-transport smb_client_context_created
NETWORK t=  4459.6ms dt=    0.0ms tid=pic-smb-transport smb_client_init_start
NETWORK t=  4459.6ms dt=    0.0ms tid=pic-smb-transport smb_client_init_done
NETWORK t=  4532.8ms dt=   73.2ms tid=pic-smb-transport smb_transport read_file ms=73.1
NETWORK t=  4533.5ms dt=    0.7ms tid=pic-smb-transport smb_client_context_freed
NETWORK t=  4533.5ms dt=    0.0ms tid=pic-smb-transport smb_client_new_start
NETWORK t=  4533.5ms dt=    0.0ms tid=ThreadId(19) read_done uri=smb://dietpi.local/4tbp/pics-sport/Forest%20Run%202026/pt4/DSC_4895_result.jpg bytes=1211925 ms=91.1
NETWORK t=  4533.8ms dt=    0.3ms tid=ThreadId(19) materialize_done uri=smb://dietpi.local/4tbp/pics-sport/Forest%20Run%202026/pt4/DSC_4895_result.jpg path=/home/peet/.cache/picasa-rs/source/z/c8635da138e7c109eb6b491c28661b985a2d0ab79c552bd0810d3e35324c5f57.jpg ms=91.4
NETWORK t=  4534.2ms dt=    0.4ms tid=pic-smb-transport smb_client_context_created
NETWORK t=  4534.2ms dt=    0.0ms tid=pic-smb-transport smb_client_init_start
NETWORK t=  4534.3ms dt=    0.0ms tid=pic-smb-transport smb_client_init_done
NETWORK t=  4537.4ms dt=    3.1ms tid=ThreadId(19) read_start uri=smb://dietpi.local/4tbp/pics-sport/Forest%20Run%202026/pt4/DSC_4917_result.jpg
NETWORK t=  4537.4ms dt=    0.0ms tid=ThreadId(19) smb_read_start url=smb://dietpi.local/4tbp/pics-sport/Forest Run 2026/pt4/DSC_4917_result.jpg whole-file
NETWORK t=  4559.2ms dt=   21.8ms tid=ThreadId(118) smb_stat_start url=smb://DietPi.local/4TBP/Work lane=background
NETWORK t=  4606.7ms dt=   47.5ms tid=pic-smb-transport smb_transport read_file ms=72.4
NETWORK t=  4607.4ms dt=    0.8ms tid=pic-smb-transport smb_client_context_freed
NETWORK t=  4607.5ms dt=    0.0ms tid=pic-smb-transport smb_client_new_start
NETWORK t=  4607.5ms dt=    0.0ms tid=ThreadId(20) read_done uri=smb://dietpi.local/4tbp/pics-sport/Forest%20Run%202026/pt4/DSC_4893_result.jpg bytes=1189612 ms=375.3
NETWORK t=  4607.8ms dt=    0.3ms tid=ThreadId(20) materialize_done uri=smb://dietpi.local/4tbp/pics-sport/Forest%20Run%202026/pt4/DSC_4893_result.jpg path=/home/peet/.cache/picasa-rs/source/x/5895dba04ab1958a819c86235fc8c5b8ae809885ba980a8786c159f85cfebf4d.jpg ms=375.7
NETWORK t=  4608.2ms dt=    0.4ms tid=pic-smb-transport smb_client_context_created
NETWORK t=  4608.3ms dt=    0.0ms tid=pic-smb-transport smb_client_init_start
NETWORK t=  4608.3ms dt=    0.0ms tid=pic-smb-transport smb_client_init_done
NETWORK t=  4610.9ms dt=    2.7ms tid=ThreadId(20) read_start uri=smb://dietpi.local/4tbp/pics-sport/Forest%20Run%202026/pt4/DSC_4924_result.jpg
NETWORK t=  4611.0ms dt=    0.0ms tid=ThreadId(20) smb_read_start url=smb://dietpi.local/4tbp/pics-sport/Forest Run 2026/pt4/DSC_4924_result.jpg whole-file
NETWORK t=  4635.1ms dt=   24.1ms tid=pic-smb-transport smb_transport stat ms=26.8
NETWORK t=  4635.8ms dt=    0.7ms tid=pic-smb-transport smb_client_context_freed
NETWORK t=  4635.8ms dt=    0.0ms tid=pic-smb-transport smb_client_new_start
NETWORK t=  4636.5ms dt=    0.7ms tid=pic-smb-transport smb_client_context_created
NETWORK t=  4636.5ms dt=    0.0ms tid=pic-smb-transport smb_client_init_start
NETWORK t=  4636.5ms dt=    0.0ms tid=pic-smb-transport smb_client_init_done
NETWORK t=  4659.3ms dt=   22.7ms tid=main startup_smb_probe_done uri=smb://DietPi.local:445/4TBP/Work ok=true reason=ok op=2
NETWORK t=  4709.6ms dt=   50.4ms tid=pic-smb-transport smb_transport read_file ms=73.1
NETWORK t=  4710.4ms dt=    0.7ms tid=pic-smb-transport smb_client_context_freed
NETWORK t=  4710.4ms dt=    0.0ms tid=pic-smb-transport smb_client_new_start
NETWORK t=  4710.4ms dt=    0.0ms tid=ThreadId(20) read_done uri=smb://dietpi.local/4tbp/pics-sport/Forest%20Run%202026/pt4/DSC_4924_result.jpg bytes=1192362 ms=99.5
NETWORK t=  4711.2ms dt=    0.7ms tid=pic-smb-transport smb_client_context_created
NETWORK t=  4711.2ms dt=    0.0ms tid=pic-smb-transport smb_client_init_start
NETWORK t=  4711.2ms dt=    0.0ms tid=pic-smb-transport smb_client_init_done
NETWORK t=  4723.1ms dt=   11.9ms tid=ThreadId(20) materialize_start uri=smb://dietpi.local/4tbp/pics-sport/Forest%20Run%202026/pt4/DSC_4924_result.jpg
NETWORK t=  4723.2ms dt=    0.1ms tid=ThreadId(20) read_start uri=smb://dietpi.local/4tbp/pics-sport/Forest%20Run%202026/pt4/DSC_4924_result.jpg
NETWORK t=  4723.2ms dt=    0.0ms tid=ThreadId(20) smb_read_start url=smb://dietpi.local/4tbp/pics-sport/Forest Run 2026/pt4/DSC_4924_result.jpg whole-file
NETWORK t=  4737.5ms dt=   14.3ms tid=pic-smb-transport smb_transport stat ms=26.3
NETWORK t=  4738.3ms dt=    0.7ms tid=pic-smb-transport smb_client_context_freed
NETWORK t=  4738.3ms dt=    0.0ms tid=pic-smb-transport smb_client_new_start
NETWORK t=  4738.3ms dt=    0.0ms tid=ThreadId(6) smb_stat_start url=smb://dietpi.local/4tbp/pics-sport/Forest Run 2026/Pt3/DSC_4888_result.jpg lane=background
NETWORK t=  4739.1ms dt=    0.7ms tid=pic-smb-transport smb_client_context_created
NETWORK t=  4739.1ms dt=    0.0ms tid=pic-smb-transport smb_client_init_start
NETWORK t=  4739.1ms dt=    0.0ms tid=pic-smb-transport smb_client_init_done
NETWORK t=  4818.7ms dt=   79.6ms tid=pic-smb-transport smb_transport read_file ms=79.5
NETWORK t=  4819.4ms dt=    0.7ms tid=pic-smb-transport smb_client_context_freed
NETWORK t=  4819.4ms dt=    0.0ms tid=pic-smb-transport smb_client_new_start
NETWORK t=  4819.5ms dt=    0.0ms tid=ThreadId(19) read_done uri=smb://dietpi.local/4tbp/pics-sport/Forest%20Run%202026/pt4/DSC_4917_result.jpg bytes=1370766 ms=282.1
NETWORK t=  4820.1ms dt=    0.7ms tid=pic-smb-transport smb_client_context_created
NETWORK t=  4820.2ms dt=    0.0ms tid=pic-smb-transport smb_client_init_start
NETWORK t=  4820.2ms dt=    0.0ms tid=pic-smb-transport smb_client_init_done
NETWORK t=  4832.3ms dt=   12.1ms tid=ThreadId(19) materialize_start uri=smb://dietpi.local/4tbp/pics-sport/Forest%20Run%202026/pt4/DSC_4917_result.jpg
NETWORK t=  4832.4ms dt=    0.1ms tid=ThreadId(19) read_start uri=smb://dietpi.local/4tbp/pics-sport/Forest%20Run%202026/pt4/DSC_4917_result.jpg
NETWORK t=  4832.4ms dt=    0.0ms tid=ThreadId(19) smb_read_start url=smb://dietpi.local/4tbp/pics-sport/Forest Run 2026/pt4/DSC_4917_result.jpg whole-file
NETWORK t=  4894.2ms dt=   61.7ms tid=pic-smb-transport smb_transport read_file ms=74.0
NETWORK t=  4894.9ms dt=    0.7ms tid=pic-smb-transport smb_client_context_freed
NETWORK t=  4894.9ms dt=    0.0ms tid=pic-smb-transport smb_client_new_start
NETWORK t=  4894.9ms dt=    0.0ms tid=ThreadId(20) read_done uri=smb://dietpi.local/4tbp/pics-sport/Forest%20Run%202026/pt4/DSC_4924_result.jpg bytes=1192362 ms=171.7
NETWORK t=  4895.3ms dt=    0.3ms tid=ThreadId(20) materialize_done uri=smb://dietpi.local/4tbp/pics-sport/Forest%20Run%202026/pt4/DSC_4924_result.jpg path=/home/peet/.cache/picasa-rs/source/r/f94b25f00c355dce80740496b317decd7eaa97b7723c97805e5df7ae8fe69046.jpg ms=172.1
NETWORK t=  4895.5ms dt=    0.3ms tid=pic-smb-transport smb_client_context_created
NETWORK t=  4895.6ms dt=    0.0ms tid=pic-smb-transport smb_client_init_start
NETWORK t=  4895.6ms dt=    0.0ms tid=pic-smb-transport smb_client_init_done
NETWORK t=  4898.6ms dt=    3.0ms tid=ThreadId(20) read_start uri=smb://dietpi.local/4tbp/pics-sport/Forest%20Run%202026/pt4/DSC_5011_result.jpg
NETWORK t=  4898.6ms dt=    0.0ms tid=ThreadId(20) smb_read_start url=smb://dietpi.local/4tbp/pics-sport/Forest Run 2026/pt4/DSC_5011_result.jpg whole-file
NETWORK t=  4921.6ms dt=   23.0ms tid=pic-smb-transport smb_transport stat ms=26.0
NETWORK t=  4922.3ms dt=    0.7ms tid=pic-smb-transport smb_client_context_freed
NETWORK t=  4922.3ms dt=    0.0ms tid=pic-smb-transport smb_client_new_start
NETWORK t=  4922.4ms dt=    0.0ms tid=ThreadId(6) smb_stat_start url=smb://dietpi.local/4tbp/pics-sport/Forest Run 2026/Pt3/DSC_4887_result.jpg lane=background
NETWORK t=  4922.9ms dt=    0.6ms tid=pic-smb-transport smb_client_context_created
NETWORK t=  4923.0ms dt=    0.0ms tid=pic-smb-transport smb_client_init_start
NETWORK t=  4923.0ms dt=    0.0ms tid=pic-smb-transport smb_client_init_done
NETWORK t=  4974.0ms dt=   51.1ms tid=pic-smb-transport smb_transport read_file ms=51.0
NETWORK t=  4974.5ms dt=    0.5ms tid=pic-smb-transport smb_client_context_freed
NETWORK t=  4974.6ms dt=    0.0ms tid=pic-smb-transport smb_client_new_start
NETWORK t=  4974.6ms dt=    0.0ms tid=ThreadId(20) read_done uri=smb://dietpi.local/4tbp/pics-sport/Forest%20Run%202026/pt4/DSC_5011_result.jpg bytes=1198320 ms=76.0
NETWORK t=  4975.2ms dt=    0.6ms tid=pic-smb-transport smb_client_context_created
NETWORK t=  4975.2ms dt=    0.0ms tid=pic-smb-transport smb_client_init_start
NETWORK t=  4975.2ms dt=    0.0ms tid=pic-smb-transport smb_client_init_done
NETWORK t=  4986.1ms dt=   10.9ms tid=ThreadId(20) materialize_start uri=smb://dietpi.local/4tbp/pics-sport/Forest%20Run%202026/pt4/DSC_5011_result.jpg
NETWORK t=  4986.2ms dt=    0.1ms tid=ThreadId(20) read_start uri=smb://dietpi.local/4tbp/pics-sport/Forest%20Run%202026/pt4/DSC_5011_result.jpg
NETWORK t=  4986.2ms dt=    0.0ms tid=ThreadId(20) smb_read_start url=smb://dietpi.local/4tbp/pics-sport/Forest Run 2026/pt4/DSC_5011_result.jpg whole-file
NETWORK t=  4993.2ms dt=    7.0ms tid=pic-smb-transport smb_transport stat ms=18.0
NETWORK t=  4993.8ms dt=    0.6ms tid=pic-smb-transport smb_client_context_freed
NETWORK t=  4993.8ms dt=    0.0ms tid=pic-smb-transport smb_client_new_start
NETWORK t=  4993.9ms dt=    0.0ms tid=ThreadId(6) smb_stat_start url=smb://dietpi.local/4tbp/pics-sport/Forest Run 2026/Pt3/DSC_4885_result.jpg lane=background
NETWORK t=  4994.5ms dt=    0.6ms tid=pic-smb-transport smb_client_context_created
NETWORK t=  4994.5ms dt=    0.0ms tid=pic-smb-transport smb_client_init_start
NETWORK t=  4994.5ms dt=    0.0ms tid=pic-smb-transport smb_client_init_done
NETWORK t=  5065.4ms dt=   70.9ms tid=pic-smb-transport smb_transport read_file ms=70.9
NETWORK t=  5066.0ms dt=    0.6ms tid=pic-smb-transport smb_client_context_freed
NETWORK t=  5066.1ms dt=    0.0ms tid=pic-smb-transport smb_client_new_start
NETWORK t=  5066.1ms dt=    0.0ms tid=ThreadId(19) read_done uri=smb://dietpi.local/4tbp/pics-sport/Forest%20Run%202026/pt4/DSC_4917_result.jpg bytes=1370766 ms=233.7
NETWORK t=  5066.4ms dt=    0.3ms tid=ThreadId(19) materialize_done uri=smb://dietpi.local/4tbp/pics-sport/Forest%20Run%202026/pt4/DSC_4917_result.jpg path=/home/peet/.cache/picasa-rs/source/e/de1ad6740b71d50db7cff0bd26957b8b7205dea2064fb6d3f2ff5ac3f06d97e4.jpg ms=234.0
NETWORK t=  5066.8ms dt=    0.4ms tid=pic-smb-transport smb_client_context_created
NETWORK t=  5066.8ms dt=    0.0ms tid=pic-smb-transport smb_client_init_start
NETWORK t=  5066.9ms dt=    0.0ms tid=pic-smb-transport smb_client_init_done
NETWORK t=  5069.7ms dt=    2.9ms tid=ThreadId(19) read_start uri=smb://dietpi.local/4tbp/pics-sport/Forest%20Run%202026/pt4/DSC_5098_result.jpg
NETWORK t=  5069.7ms dt=    0.0ms tid=ThreadId(19) smb_read_start url=smb://dietpi.local/4tbp/pics-sport/Forest Run 2026/pt4/DSC_5098_result.jpg whole-file
NETWORK t=  5093.3ms dt=   23.5ms tid=pic-smb-transport smb_transport stat ms=26.4
NETWORK t=  5094.0ms dt=    0.7ms tid=pic-smb-transport smb_client_context_freed
NETWORK t=  5094.0ms dt=    0.0ms tid=pic-smb-transport smb_client_new_start
NETWORK t=  5094.1ms dt=    0.0ms tid=ThreadId(6) smb_stat_start url=smb://dietpi.local/4tbp/pics-sport/Forest Run 2026/Pt3/DSC_4886_result.jpg lane=background
NETWORK t=  5094.7ms dt=    0.6ms tid=pic-smb-transport smb_client_context_created
NETWORK t=  5094.7ms dt=    0.0ms tid=pic-smb-transport smb_client_init_start
NETWORK t=  5094.7ms dt=    0.0ms tid=pic-smb-transport smb_client_init_done
NETWORK t=  5154.6ms dt=   59.9ms tid=pic-smb-transport smb_transport read_file ms=59.9
NETWORK t=  5154.9ms dt=    0.3ms tid=pic-smb-transport smb_client_context_freed
NETWORK t=  5155.0ms dt=    0.0ms tid=pic-smb-transport smb_client_new_start
NETWORK t=  5155.0ms dt=    0.0ms tid=ThreadId(19) read_done uri=smb://dietpi.local/4tbp/pics-sport/Forest%20Run%202026/pt4/DSC_5098_result.jpg bytes=1220609 ms=85.2
NETWORK t=  5155.6ms dt=    0.6ms tid=pic-smb-transport smb_client_context_created
NETWORK t=  5155.6ms dt=    0.0ms tid=pic-smb-transport smb_client_init_start
NETWORK t=  5155.6ms dt=    0.0ms tid=pic-smb-transport smb_client_init_done
NETWORK t=  5159.2ms dt=    3.6ms tid=ThreadId(130) smb_stat_start url=smb://DietPi.local/4TBP/Work/Denver lane=background
NETWORK t=  5166.9ms dt=    7.7ms tid=ThreadId(19) materialize_start uri=smb://dietpi.local/4tbp/pics-sport/Forest%20Run%202026/pt4/DSC_5098_result.jpg
NETWORK t=  5167.0ms dt=    0.1ms tid=ThreadId(19) read_start uri=smb://dietpi.local/4tbp/pics-sport/Forest%20Run%202026/pt4/DSC_5098_result.jpg
NETWORK t=  5167.0ms dt=    0.0ms tid=ThreadId(19) smb_read_start url=smb://dietpi.local/4tbp/pics-sport/Forest Run 2026/pt4/DSC_5098_result.jpg whole-file
NETWORK t=  5205.9ms dt=   38.9ms tid=pic-smb-transport smb_transport read_file ms=50.2
NETWORK t=  5206.6ms dt=    0.7ms tid=pic-smb-transport smb_client_context_freed
NETWORK t=  5206.6ms dt=    0.0ms tid=pic-smb-transport smb_client_new_start
NETWORK t=  5206.7ms dt=    0.0ms tid=ThreadId(20) read_done uri=smb://dietpi.local/4tbp/pics-sport/Forest%20Run%202026/pt4/DSC_5011_result.jpg bytes=1198320 ms=220.4
NETWORK t=  5207.0ms dt=    0.3ms tid=ThreadId(20) materialize_done uri=smb://dietpi.local/4tbp/pics-sport/Forest%20Run%202026/pt4/DSC_5011_result.jpg path=/home/peet/.cache/picasa-rs/source/v/fb8f62cfddc742254e4ab731e7baae4165fe04be20194b48369f6d0f27cc2d55.jpg ms=220.8
NETWORK t=  5207.4ms dt=    0.4ms tid=pic-smb-transport smb_client_context_created
NETWORK t=  5207.4ms dt=    0.0ms tid=pic-smb-transport smb_client_init_start
NETWORK t=  5207.4ms dt=    0.0ms tid=pic-smb-transport smb_client_init_done
NETWORK t=  5210.0ms dt=    2.6ms tid=ThreadId(20) read_start uri=smb://dietpi.local/4tbp/pics-sport/Forest%20Run%202026/Pt3/DSC_4729_result.jpg
NETWORK t=  5210.1ms dt=    0.0ms tid=ThreadId(20) smb_read_start url=smb://dietpi.local/4tbp/pics-sport/Forest Run 2026/Pt3/DSC_4729_result.jpg whole-file
NETWORK t=  5233.5ms dt=   23.5ms tid=pic-smb-transport smb_transport stat ms=26.1
NETWORK t=  5234.2ms dt=    0.7ms tid=pic-smb-transport smb_client_context_freed
NETWORK t=  5234.2ms dt=    0.0ms tid=pic-smb-transport smb_client_new_start
NETWORK t=  5234.3ms dt=    0.1ms tid=ThreadId(6) smb_stat_start url=smb://dietpi.local/4tbp/pics-sport/Forest Run 2026/Pt3/DSC_4883_result.jpg lane=background
NETWORK t=  5234.9ms dt=    0.6ms tid=pic-smb-transport smb_client_context_created
NETWORK t=  5235.0ms dt=    0.0ms tid=pic-smb-transport smb_client_init_start
NETWORK t=  5235.0ms dt=    0.0ms tid=pic-smb-transport smb_client_init_done
NETWORK t=  5262.3ms dt=   27.3ms tid=pic-smb-transport smb_transport stat ms=27.2
NETWORK t=  5262.9ms dt=    0.6ms tid=pic-smb-transport smb_client_context_freed
NETWORK t=  5262.9ms dt=    0.0ms tid=pic-smb-transport smb_client_new_start
NETWORK t=  5263.5ms dt=    0.6ms tid=pic-smb-transport smb_client_context_created
NETWORK t=  5263.5ms dt=    0.0ms tid=pic-smb-transport smb_client_init_start
NETWORK t=  5263.5ms dt=    0.0ms tid=pic-smb-transport smb_client_init_done
NETWORK t=  5309.3ms dt=   45.8ms tid=main startup_smb_probe_done uri=smb://DietPi.local:445/4TBP/Work/Denver ok=true reason=ok op=2
NETWORK t=  5334.6ms dt=   25.2ms tid=pic-smb-transport smb_transport read_file ms=71.0
NETWORK t=  5335.3ms dt=    0.7ms tid=pic-smb-transport smb_client_context_freed
NETWORK t=  5335.3ms dt=    0.0ms tid=pic-smb-transport smb_client_new_start
NETWORK t=  5335.3ms dt=    0.0ms tid=ThreadId(20) read_done uri=smb://dietpi.local/4tbp/pics-sport/Forest%20Run%202026/Pt3/DSC_4729_result.jpg bytes=1178792 ms=125.2
NETWORK t=  5336.0ms dt=    0.7ms tid=pic-smb-transport smb_client_context_created
NETWORK t=  5336.0ms dt=    0.0ms tid=pic-smb-transport smb_client_init_start
NETWORK t=  5336.0ms dt=    0.0ms tid=pic-smb-transport smb_client_init_done
NETWORK t=  5347.0ms dt=   11.0ms tid=ThreadId(20) materialize_start uri=smb://dietpi.local/4tbp/pics-sport/Forest%20Run%202026/Pt3/DSC_4729_result.jpg
NETWORK t=  5347.1ms dt=    0.1ms tid=ThreadId(20) read_start uri=smb://dietpi.local/4tbp/pics-sport/Forest%20Run%202026/Pt3/DSC_4729_result.jpg
NETWORK t=  5347.1ms dt=    0.0ms tid=ThreadId(20) smb_read_start url=smb://dietpi.local/4tbp/pics-sport/Forest Run 2026/Pt3/DSC_4729_result.jpg whole-file
NETWORK t=  5362.2ms dt=   15.1ms tid=pic-smb-transport smb_transport stat ms=26.2
NETWORK t=  5362.9ms dt=    0.7ms tid=pic-smb-transport smb_client_context_freed
NETWORK t=  5363.0ms dt=    0.0ms tid=pic-smb-transport smb_client_new_start
NETWORK t=  5363.0ms dt=    0.0ms tid=ThreadId(6) smb_stat_start url=smb://dietpi.local/4tbp/pics-sport/Forest Run 2026/Pt3/DSC_4881_result.jpg lane=background
NETWORK t=  5363.6ms dt=    0.6ms tid=pic-smb-transport smb_client_context_created
NETWORK t=  5363.7ms dt=    0.0ms tid=pic-smb-transport smb_client_init_start
NETWORK t=  5363.7ms dt=    0.0ms tid=pic-smb-transport smb_client_init_done
NETWORK t=  5437.3ms dt=   73.6ms tid=pic-smb-transport smb_transport read_file ms=73.6
NETWORK t=  5438.0ms dt=    0.7ms tid=pic-smb-transport smb_client_context_freed
NETWORK t=  5438.1ms dt=    0.0ms tid=pic-smb-transport smb_client_new_start
NETWORK t=  5438.1ms dt=    0.0ms tid=ThreadId(19) read_done uri=smb://dietpi.local/4tbp/pics-sport/Forest%20Run%202026/pt4/DSC_5098_result.jpg bytes=1220609 ms=271.1
NETWORK t=  5438.4ms dt=    0.3ms tid=ThreadId(19) materialize_done uri=smb://dietpi.local/4tbp/pics-sport/Forest%20Run%202026/pt4/DSC_5098_result.jpg path=/home/peet/.cache/picasa-rs/source/b/6887e221a032bdb75e1951747b70b2ed34dc1cf3f9c337c5057a33eb67038417.jpg ms=271.5
NETWORK t=  5438.8ms dt=    0.4ms tid=pic-smb-transport smb_client_context_created
NETWORK t=  5438.9ms dt=    0.0ms tid=pic-smb-transport smb_client_init_start
NETWORK t=  5438.9ms dt=    0.0ms tid=pic-smb-transport smb_client_init_done
NETWORK t=  5441.7ms dt=    2.8ms tid=ThreadId(19) read_start uri=smb://dietpi.local/4tbp/pics-sport/Forest%20Run%202026/Pt3/DSC_4880_result.jpg
NETWORK t=  5441.7ms dt=    0.0ms tid=ThreadId(19) smb_read_start url=smb://dietpi.local/4tbp/pics-sport/Forest Run 2026/Pt3/DSC_4880_result.jpg whole-file
NETWORK t=  5465.6ms dt=   23.9ms tid=pic-smb-transport smb_transport stat ms=26.7
NETWORK t=  5466.3ms dt=    0.7ms tid=pic-smb-transport smb_client_context_freed
NETWORK t=  5466.3ms dt=    0.0ms tid=pic-smb-transport smb_client_new_start
NETWORK t=  5466.4ms dt=    0.0ms tid=ThreadId(6) smb_stat_start url=smb://dietpi.local/4tbp/pics-sport/Forest Run 2026/Pt3/DSC_4882_result.jpg lane=background
NETWORK t=  5467.1ms dt=    0.7ms tid=pic-smb-transport smb_client_context_created
NETWORK t=  5467.1ms dt=    0.0ms tid=pic-smb-transport smb_client_init_start
NETWORK t=  5467.1ms dt=    0.0ms tid=pic-smb-transport smb_client_init_done
NETWORK t=  5542.1ms dt=   75.0ms tid=pic-smb-transport smb_transport read_file ms=74.9
NETWORK t=  5542.8ms dt=    0.7ms tid=pic-smb-transport smb_client_context_freed
NETWORK t=  5542.9ms dt=    0.0ms tid=pic-smb-transport smb_client_new_start
NETWORK t=  5542.9ms dt=    0.0ms tid=ThreadId(19) read_done uri=smb://dietpi.local/4tbp/pics-sport/Forest%20Run%202026/Pt3/DSC_4880_result.jpg bytes=1238601 ms=101.2
NETWORK t=  5543.5ms dt=    0.6ms tid=pic-smb-transport smb_client_context_created
NETWORK t=  5543.5ms dt=    0.0ms tid=pic-smb-transport smb_client_init_start
NETWORK t=  5543.5ms dt=    0.0ms tid=pic-smb-transport smb_client_init_done
NETWORK t=  5554.9ms dt=   11.4ms tid=ThreadId(19) materialize_start uri=smb://dietpi.local/4tbp/pics-sport/Forest%20Run%202026/Pt3/DSC_4880_result.jpg
NETWORK t=  5554.9ms dt=    0.1ms tid=ThreadId(19) read_start uri=smb://dietpi.local/4tbp/pics-sport/Forest%20Run%202026/Pt3/DSC_4880_result.jpg
NETWORK t=  5554.9ms dt=    0.0ms tid=ThreadId(19) smb_read_start url=smb://dietpi.local/4tbp/pics-sport/Forest Run 2026/Pt3/DSC_4880_result.jpg whole-file
NETWORK t=  5569.4ms dt=   14.5ms tid=pic-smb-transport smb_transport stat ms=25.9
NETWORK t=  5570.0ms dt=    0.6ms tid=pic-smb-transport smb_client_context_freed
NETWORK t=  5570.1ms dt=    0.0ms tid=pic-smb-transport smb_client_new_start
NETWORK t=  5570.1ms dt=    0.0ms tid=ThreadId(6) smb_stat_start url=smb://dietpi.local/4tbp/pics-sport/Forest Run 2026/Pt3/DSC_4880_result.jpg lane=background
NETWORK t=  5570.8ms dt=    0.7ms tid=pic-smb-transport smb_client_context_created
NETWORK t=  5570.9ms dt=    0.0ms tid=pic-smb-transport smb_client_init_start
NETWORK t=  5570.9ms dt=    0.0ms tid=pic-smb-transport smb_client_init_done
NETWORK t=  5639.4ms dt=   68.5ms tid=pic-smb-transport smb_transport read_file ms=68.5
NETWORK t=  5640.0ms dt=    0.6ms tid=pic-smb-transport smb_client_context_freed
NETWORK t=  5640.0ms dt=    0.0ms tid=pic-smb-transport smb_client_new_start
NETWORK t=  5640.1ms dt=    0.0ms tid=ThreadId(20) read_done uri=smb://dietpi.local/4tbp/pics-sport/Forest%20Run%202026/Pt3/DSC_4729_result.jpg bytes=1178792 ms=293.0
NETWORK t=  5640.3ms dt=    0.3ms tid=ThreadId(20) materialize_done uri=smb://dietpi.local/4tbp/pics-sport/Forest%20Run%202026/Pt3/DSC_4729_result.jpg path=/home/peet/.cache/picasa-rs/source/r/6d1775ebcf4319a3fe7140375f2b7375bd04d3791d97eb7835f11a05086c7492.jpg ms=293.3
NETWORK t=  5640.8ms dt=    0.5ms tid=pic-smb-transport smb_client_context_created
NETWORK t=  5640.8ms dt=    0.0ms tid=pic-smb-transport smb_client_init_start
NETWORK t=  5640.8ms dt=    0.0ms tid=pic-smb-transport smb_client_init_done
NETWORK t=  5643.5ms dt=    2.6ms tid=ThreadId(20) read_start uri=smb://dietpi.local/4tbp/pics-sport/Forest%20Run%202026/pt4/DSC_5015_result.jpg
NETWORK t=  5643.5ms dt=    0.0ms tid=ThreadId(20) smb_read_start url=smb://dietpi.local/4tbp/pics-sport/Forest Run 2026/pt4/DSC_5015_result.jpg whole-file
NETWORK t=  5711.1ms dt=   67.6ms tid=pic-smb-transport smb_transport read_file ms=70.2
NETWORK t=  5711.9ms dt=    0.8ms tid=pic-smb-transport smb_client_context_freed
NETWORK t=  5711.9ms dt=    0.0ms tid=pic-smb-transport smb_client_new_start
NETWORK t=  5712.0ms dt=    0.0ms tid=ThreadId(19) read_done uri=smb://dietpi.local/4tbp/pics-sport/Forest%20Run%202026/Pt3/DSC_4880_result.jpg bytes=1238601 ms=157.0
NETWORK t=  5712.3ms dt=    0.3ms tid=ThreadId(19) materialize_done uri=smb://dietpi.local/4tbp/pics-sport/Forest%20Run%202026/Pt3/DSC_4880_result.jpg path=/home/peet/.cache/picasa-rs/source/d/5251ed39a0810d8ffb9ae0a864c4be84006b00cd904f6c826ee637da7d74c247.jpg ms=157.4
NETWORK t=  5712.6ms dt=    0.4ms tid=pic-smb-transport smb_client_context_created
NETWORK t=  5712.7ms dt=    0.0ms tid=pic-smb-transport smb_client_init_start
NETWORK t=  5712.7ms dt=    0.0ms tid=pic-smb-transport smb_client_init_done
NETWORK t=  5715.5ms dt=    2.8ms tid=ThreadId(19) read_start uri=smb://dietpi.local/4tbp/pics-sport/Forest%20Run%202026/Pt3/DSC_4826_result.jpg
NETWORK t=  5715.5ms dt=    0.0ms tid=ThreadId(19) smb_read_start url=smb://dietpi.local/4tbp/pics-sport/Forest Run 2026/Pt3/DSC_4826_result.jpg whole-file
NETWORK t=  5739.4ms dt=   23.9ms tid=pic-smb-transport smb_transport stat ms=26.7
NETWORK t=  5740.0ms dt=    0.6ms tid=pic-smb-transport smb_client_context_freed
NETWORK t=  5740.0ms dt=    0.0ms tid=pic-smb-transport smb_client_new_start
NETWORK t=  5740.1ms dt=    0.0ms tid=ThreadId(6) smb_stat_start url=smb://dietpi.local/4tbp/pics-sport/Forest Run 2026/Pt3/DSC_4878_result.jpg lane=background
NETWORK t=  5740.6ms dt=    0.6ms tid=pic-smb-transport smb_client_context_created
NETWORK t=  5740.7ms dt=    0.0ms tid=pic-smb-transport smb_client_init_start
NETWORK t=  5740.7ms dt=    0.0ms tid=pic-smb-transport smb_client_init_done
NETWORK t=  5807.2ms dt=   66.6ms tid=pic-smb-transport smb_transport read_file ms=66.6
NETWORK t=  5808.2ms dt=    1.0ms tid=pic-smb-transport smb_client_context_freed
NETWORK t=  5808.2ms dt=    0.0ms tid=pic-smb-transport smb_client_new_start
NETWORK t=  5808.3ms dt=    0.0ms tid=ThreadId(19) read_done uri=smb://dietpi.local/4tbp/pics-sport/Forest%20Run%202026/Pt3/DSC_4826_result.jpg bytes=1032260 ms=92.7
NETWORK t=  5808.9ms dt=    0.7ms tid=pic-smb-transport smb_client_context_created
NETWORK t=  5808.9ms dt=    0.0ms tid=pic-smb-transport smb_client_init_start
NETWORK t=  5809.0ms dt=    0.0ms tid=pic-smb-transport smb_client_init_done
NETWORK t=  5818.9ms dt=   10.0ms tid=ThreadId(19) materialize_start uri=smb://dietpi.local/4tbp/pics-sport/Forest%20Run%202026/Pt3/DSC_4826_result.jpg
NETWORK t=  5819.0ms dt=    0.1ms tid=ThreadId(19) read_start uri=smb://dietpi.local/4tbp/pics-sport/Forest%20Run%202026/Pt3/DSC_4826_result.jpg
NETWORK t=  5819.0ms dt=    0.0ms tid=ThreadId(19) smb_read_start url=smb://dietpi.local/4tbp/pics-sport/Forest Run 2026/Pt3/DSC_4826_result.jpg whole-file
NETWORK t=  5825.6ms dt=    6.5ms tid=pic-smb-transport smb_transport stat ms=16.6
NETWORK t=  5825.9ms dt=    0.4ms tid=pic-smb-transport smb_client_context_freed
NETWORK t=  5825.9ms dt=    0.0ms tid=pic-smb-transport smb_client_new_start
NETWORK t=  5826.0ms dt=    0.0ms tid=ThreadId(6) smb_stat_start url=smb://dietpi.local/4tbp/pics-sport/Forest Run 2026/Pt3/DSC_4879_result.jpg lane=background
NETWORK t=  5826.5ms dt=    0.5ms tid=pic-smb-transport smb_client_context_created
NETWORK t=  5826.5ms dt=    0.0ms tid=pic-smb-transport smb_client_init_start
NETWORK t=  5826.6ms dt=    0.0ms tid=pic-smb-transport smb_client_init_done
NETWORK t=  5872.6ms dt=   46.0ms tid=pic-smb-transport smb_transport read_file ms=46.0
NETWORK t=  5873.3ms dt=    0.7ms tid=pic-smb-transport smb_client_context_freed
NETWORK t=  5873.3ms dt=    0.0ms tid=pic-smb-transport smb_client_new_start
NETWORK t=  5873.4ms dt=    0.0ms tid=ThreadId(19) read_done uri=smb://dietpi.local/4tbp/pics-sport/Forest%20Run%202026/Pt3/DSC_4826_result.jpg bytes=1032260 ms=54.3
NETWORK t=  5873.7ms dt=    0.3ms tid=ThreadId(19) materialize_done uri=smb://dietpi.local/4tbp/pics-sport/Forest%20Run%202026/Pt3/DSC_4826_result.jpg path=/home/peet/.cache/picasa-rs/source/6/e3d654ef9cac06ce874c3a35ad18bf93e1f339569156c9813959eeeaf5f5a682.jpg ms=54.7
NETWORK t=  5874.0ms dt=    0.4ms tid=pic-smb-transport smb_client_context_created
NETWORK t=  5874.1ms dt=    0.0ms tid=pic-smb-transport smb_client_init_start
NETWORK t=  5874.1ms dt=    0.0ms tid=pic-smb-transport smb_client_init_done
NETWORK t=  5876.9ms dt=    2.8ms tid=ThreadId(19) read_start uri=smb://dietpi.local/4tbp/pics-sport/Forest%20Run%202026/Pt3/DSC_4815_result.jpg
NETWORK t=  5876.9ms dt=    0.0ms tid=ThreadId(19) smb_read_start url=smb://dietpi.local/4tbp/pics-sport/Forest Run 2026/Pt3/DSC_4815_result.jpg whole-file
NETWORK t=  5953.2ms dt=   76.3ms tid=pic-smb-transport smb_transport read_file ms=79.2
NETWORK t=  5954.0ms dt=    0.7ms tid=pic-smb-transport smb_client_context_freed
NETWORK t=  5954.0ms dt=    0.0ms tid=pic-smb-transport smb_client_new_start
NETWORK t=  5954.1ms dt=    0.1ms tid=ThreadId(20) read_done uri=smb://dietpi.local/4tbp/pics-sport/Forest%20Run%202026/pt4/DSC_5015_result.jpg bytes=1321898 ms=310.6
NETWORK t=  5954.8ms dt=    0.7ms tid=pic-smb-transport smb_client_context_created
NETWORK t=  5954.8ms dt=    0.0ms tid=pic-smb-transport smb_client_init_start
NETWORK t=  5954.8ms dt=    0.0ms tid=pic-smb-transport smb_client_init_done
NETWORK t=  5967.1ms dt=   12.3ms tid=ThreadId(20) materialize_start uri=smb://dietpi.local/4tbp/pics-sport/Forest%20Run%202026/pt4/DSC_5015_result.jpg
NETWORK t=  5967.1ms dt=    0.1ms tid=ThreadId(20) read_start uri=smb://dietpi.local/4tbp/pics-sport/Forest%20Run%202026/pt4/DSC_5015_result.jpg
NETWORK t=  5967.1ms dt=    0.0ms tid=ThreadId(20) smb_read_start url=smb://dietpi.local/4tbp/pics-sport/Forest Run 2026/pt4/DSC_5015_result.jpg whole-file
NETWORK t=  5981.8ms dt=   14.6ms tid=pic-smb-transport smb_transport stat ms=27.0
NETWORK t=  5982.5ms dt=    0.7ms tid=pic-smb-transport smb_client_context_freed
NETWORK t=  5982.6ms dt=    0.0ms tid=pic-smb-transport smb_client_new_start
NETWORK t=  5982.6ms dt=    0.0ms tid=ThreadId(6) smb_stat_start url=smb://dietpi.local/4tbp/pics-sport/Forest Run 2026/Pt3/DSC_4877_result.jpg lane=background
NETWORK t=  5983.2ms dt=    0.7ms tid=pic-smb-transport smb_client_context_created
NETWORK t=  5983.3ms dt=    0.0ms tid=pic-smb-transport smb_client_init_start
NETWORK t=  5983.3ms dt=    0.0ms tid=pic-smb-transport smb_client_init_done
NETWORK t=  6059.0ms dt=   75.7ms tid=pic-smb-transport smb_transport read_file ms=75.7
NETWORK t=  6059.6ms dt=    0.7ms tid=pic-smb-transport smb_client_context_freed
NETWORK t=  6059.7ms dt=    0.0ms tid=pic-smb-transport smb_client_new_start
NETWORK t=  6059.7ms dt=    0.0ms tid=ThreadId(20) read_done uri=smb://dietpi.local/4tbp/pics-sport/Forest%20Run%202026/pt4/DSC_5015_result.jpg bytes=1321898 ms=92.5
NETWORK t=  6060.0ms dt=    0.3ms tid=ThreadId(20) materialize_done uri=smb://dietpi.local/4tbp/pics-sport/Forest%20Run%202026/pt4/DSC_5015_result.jpg path=/home/peet/.cache/picasa-rs/source/b/59c32460582b64f645f2588fc19e3386cb1e8467201db9d3a13e6c4c2c0366d8.jpg ms=92.9
NETWORK t=  6060.3ms dt=    0.3ms tid=pic-smb-transport smb_client_context_created
NETWORK t=  6060.3ms dt=    0.0ms tid=pic-smb-transport smb_client_init_start
NETWORK t=  6060.3ms dt=    0.0ms tid=pic-smb-transport smb_client_init_done
NETWORK t=  6063.0ms dt=    2.6ms tid=ThreadId(20) read_start uri=smb://dietpi.local/4tbp/pics-sport/Forest%20Run%202026/Pt3/DSC_4779_result.jpg
NETWORK t=  6063.0ms dt=    0.0ms tid=ThreadId(20) smb_read_start url=smb://dietpi.local/4tbp/pics-sport/Forest Run 2026/Pt3/DSC_4779_result.jpg whole-file
NETWORK t=  6086.9ms dt=   23.9ms tid=pic-smb-transport smb_transport stat ms=26.6
NETWORK t=  6087.6ms dt=    0.7ms tid=pic-smb-transport smb_client_context_freed
NETWORK t=  6087.7ms dt=    0.0ms tid=pic-smb-transport smb_client_new_start
NETWORK t=  6087.7ms dt=    0.0ms tid=ThreadId(6) smb_stat_start url=smb://dietpi.local/4tbp/pics-sport/Forest Run 2026/Pt3/DSC_4876_result.jpg lane=background
NETWORK t=  6088.4ms dt=    0.7ms tid=pic-smb-transport smb_client_context_created
NETWORK t=  6088.4ms dt=    0.0ms tid=pic-smb-transport smb_client_init_start
NETWORK t=  6088.4ms dt=    0.0ms tid=pic-smb-transport smb_client_init_done
NETWORK t=  6163.8ms dt=   75.4ms tid=pic-smb-transport smb_transport read_file ms=75.3
NETWORK t=  6164.4ms dt=    0.7ms tid=pic-smb-transport smb_client_context_freed
NETWORK t=  6164.5ms dt=    0.0ms tid=pic-smb-transport smb_client_new_start
NETWORK t=  6164.5ms dt=    0.0ms tid=ThreadId(20) read_done uri=smb://dietpi.local/4tbp/pics-sport/Forest%20Run%202026/Pt3/DSC_4779_result.jpg bytes=1264072 ms=101.5
NETWORK t=  6165.2ms dt=    0.7ms tid=pic-smb-transport smb_client_context_created
NETWORK t=  6165.2ms dt=    0.0ms tid=pic-smb-transport smb_client_init_start
NETWORK t=  6165.2ms dt=    0.0ms tid=pic-smb-transport smb_client_init_done
NETWORK t=  6176.3ms dt=   11.0ms tid=ThreadId(20) materialize_start uri=smb://dietpi.local/4tbp/pics-sport/Forest%20Run%202026/Pt3/DSC_4779_result.jpg
NETWORK t=  6176.3ms dt=    0.1ms tid=ThreadId(20) read_start uri=smb://dietpi.local/4tbp/pics-sport/Forest%20Run%202026/Pt3/DSC_4779_result.jpg
NETWORK t=  6176.3ms dt=    0.0ms tid=ThreadId(20) smb_read_start url=smb://dietpi.local/4tbp/pics-sport/Forest Run 2026/Pt3/DSC_4779_result.jpg whole-file
NETWORK t=  6234.3ms dt=   57.9ms tid=pic-smb-transport smb_transport read_file ms=69.0
NETWORK t=  6234.9ms dt=    0.7ms tid=pic-smb-transport smb_client_context_freed
NETWORK t=  6235.0ms dt=    0.0ms tid=pic-smb-transport smb_client_new_start
NETWORK t=  6235.0ms dt=    0.0ms tid=ThreadId(19) read_done uri=smb://dietpi.local/4tbp/pics-sport/Forest%20Run%202026/Pt3/DSC_4815_result.jpg bytes=1082986 ms=358.0
NETWORK t=  6235.6ms dt=    0.6ms tid=pic-smb-transport smb_client_context_created
NETWORK t=  6235.6ms dt=    0.0ms tid=pic-smb-transport smb_client_init_start
NETWORK t=  6235.6ms dt=    0.0ms tid=pic-smb-transport smb_client_init_done
NETWORK t=  6246.2ms dt=   10.6ms tid=ThreadId(19) materialize_start uri=smb://dietpi.local/4tbp/pics-sport/Forest%20Run%202026/Pt3/DSC_4815_result.jpg
NETWORK t=  6246.2ms dt=    0.1ms tid=ThreadId(19) read_start uri=smb://dietpi.local/4tbp/pics-sport/Forest%20Run%202026/Pt3/DSC_4815_result.jpg
NETWORK t=  6246.2ms dt=    0.0ms tid=ThreadId(19) smb_read_start url=smb://dietpi.local/4tbp/pics-sport/Forest Run 2026/Pt3/DSC_4815_result.jpg whole-file
NETWORK t=  6262.2ms dt=   16.0ms tid=pic-smb-transport smb_transport stat ms=26.6
NETWORK t=  6262.9ms dt=    0.7ms tid=pic-smb-transport smb_client_context_freed
NETWORK t=  6263.0ms dt=    0.0ms tid=pic-smb-transport smb_client_new_start
NETWORK t=  6263.0ms dt=    0.0ms tid=ThreadId(6) smb_stat_start url=smb://dietpi.local/4tbp/pics-sport/Forest Run 2026/Pt3/DSC_4875_result.jpg lane=background
NETWORK t=  6263.7ms dt=    0.7ms tid=pic-smb-transport smb_client_context_created
NETWORK t=  6263.7ms dt=    0.0ms tid=pic-smb-transport smb_client_init_start
NETWORK t=  6263.7ms dt=    0.0ms tid=pic-smb-transport smb_client_init_done
NETWORK t=  6331.9ms dt=   68.2ms tid=pic-smb-transport smb_transport read_file ms=68.2
NETWORK t=  6332.6ms dt=    0.7ms tid=pic-smb-transport smb_client_context_freed
NETWORK t=  6332.6ms dt=    0.0ms tid=pic-smb-transport smb_client_new_start
NETWORK t=  6332.7ms dt=    0.0ms tid=ThreadId(19) read_done uri=smb://dietpi.local/4tbp/pics-sport/Forest%20Run%202026/Pt3/DSC_4815_result.jpg bytes=1082986 ms=86.4
NETWORK t=  6332.9ms dt=    0.3ms tid=ThreadId(19) materialize_done uri=smb://dietpi.local/4tbp/pics-sport/Forest%20Run%202026/Pt3/DSC_4815_result.jpg path=/home/peet/.cache/picasa-rs/source/j/1063cf9bdff6c4520bdaa07fdb78b9967657355eaf689cfd28743f74ed707095.jpg ms=86.8
NETWORK t=  6333.3ms dt=    0.4ms tid=pic-smb-transport smb_client_context_created
NETWORK t=  6333.4ms dt=    0.0ms tid=pic-smb-transport smb_client_init_start
NETWORK t=  6333.4ms dt=    0.0ms tid=pic-smb-transport smb_client_init_done
NETWORK t=  6336.0ms dt=    2.7ms tid=ThreadId(19) read_start uri=smb://dietpi.local/4tbp/pics-sport/Forest%20Run%202026/Pt3/DSC_4886_result.jpg
NETWORK t=  6336.1ms dt=    0.0ms tid=ThreadId(19) smb_read_start url=smb://dietpi.local/4tbp/pics-sport/Forest Run 2026/Pt3/DSC_4886_result.jpg whole-file
NETWORK t=  6409.5ms dt=   73.5ms tid=pic-smb-transport smb_transport read_file ms=76.1
NETWORK t=  6410.3ms dt=    0.7ms tid=pic-smb-transport smb_client_context_freed
NETWORK t=  6410.3ms dt=    0.0ms tid=pic-smb-transport smb_client_new_start
NETWORK t=  6410.3ms dt=    0.0ms tid=ThreadId(20) read_done uri=smb://dietpi.local/4tbp/pics-sport/Forest%20Run%202026/Pt3/DSC_4779_result.jpg bytes=1264072 ms=233.9
NETWORK t=  6410.6ms dt=    0.3ms tid=ThreadId(20) materialize_done uri=smb://dietpi.local/4tbp/pics-sport/Forest%20Run%202026/Pt3/DSC_4779_result.jpg path=/home/peet/.cache/picasa-rs/source/j/2797eac9b4f133db7a132755226d001d2f0d761949a13c059405d58b77fa6c41.jpg ms=234.3
NETWORK t=  6411.1ms dt=    0.6ms tid=pic-smb-transport smb_client_context_created
NETWORK t=  6411.2ms dt=    0.0ms tid=pic-smb-transport smb_client_init_start
NETWORK t=  6411.2ms dt=    0.0ms tid=pic-smb-transport smb_client_init_done
NETWORK t=  6414.1ms dt=    2.9ms tid=ThreadId(20) read_start uri=smb://dietpi.local/4tbp/pics-sport/Forest%20Run%202026/Pt3/DSC_4705_result.jpg
NETWORK t=  6414.1ms dt=    0.0ms tid=ThreadId(20) smb_read_start url=smb://dietpi.local/4tbp/pics-sport/Forest Run 2026/Pt3/DSC_4705_result.jpg whole-file
NETWORK t=  6437.5ms dt=   23.3ms tid=pic-smb-transport smb_transport stat ms=26.3
NETWORK t=  6438.2ms dt=    0.8ms tid=pic-smb-transport smb_client_context_freed
NETWORK t=  6438.3ms dt=    0.0ms tid=pic-smb-transport smb_client_new_start
NETWORK t=  6438.3ms dt=    0.1ms tid=ThreadId(6) smb_stat_start url=smb://dietpi.local/4tbp/pics-sport/Forest Run 2026/Pt3/DSC_4874_result.jpg lane=background
NETWORK t=  6438.9ms dt=    0.6ms tid=pic-smb-transport smb_client_context_created
NETWORK t=  6438.9ms dt=    0.0ms tid=pic-smb-transport smb_client_init_start
NETWORK t=  6438.9ms dt=    0.0ms tid=pic-smb-transport smb_client_init_done
NETWORK t=  6505.9ms dt=   66.9ms tid=pic-smb-transport smb_transport read_file ms=66.9
NETWORK t=  6506.5ms dt=    0.7ms tid=pic-smb-transport smb_client_context_freed
NETWORK t=  6506.6ms dt=    0.0ms tid=pic-smb-transport smb_client_new_start
NETWORK t=  6506.6ms dt=    0.0ms tid=ThreadId(20) read_done uri=smb://dietpi.local/4tbp/pics-sport/Forest%20Run%202026/Pt3/DSC_4705_result.jpg bytes=1024781 ms=92.5
NETWORK t=  6507.3ms dt=    0.7ms tid=pic-smb-transport smb_client_context_created
NETWORK t=  6507.3ms dt=    0.0ms tid=pic-smb-transport smb_client_init_start
NETWORK t=  6507.3ms dt=    0.0ms tid=pic-smb-transport smb_client_init_done
NETWORK t=  6517.7ms dt=   10.3ms tid=ThreadId(20) materialize_start uri=smb://dietpi.local/4tbp/pics-sport/Forest%20Run%202026/Pt3/DSC_4705_result.jpg
NETWORK t=  6517.7ms dt=    0.1ms tid=ThreadId(20) read_start uri=smb://dietpi.local/4tbp/pics-sport/Forest%20Run%202026/Pt3/DSC_4705_result.jpg
NETWORK t=  6517.7ms dt=    0.0ms tid=ThreadId(20) smb_read_start url=smb://dietpi.local/4tbp/pics-sport/Forest Run 2026/Pt3/DSC_4705_result.jpg whole-file
NETWORK t=  6577.0ms dt=   59.3ms tid=pic-smb-transport smb_transport read_file ms=69.7
NETWORK t=  6577.7ms dt=    0.7ms tid=pic-smb-transport smb_client_context_freed
NETWORK t=  6577.8ms dt=    0.0ms tid=pic-smb-transport smb_client_new_start
NETWORK t=  6577.8ms dt=    0.0ms tid=ThreadId(19) read_done uri=smb://dietpi.local/4tbp/pics-sport/Forest%20Run%202026/Pt3/DSC_4886_result.jpg bytes=1098134 ms=241.7
NETWORK t=  6578.4ms dt=    0.6ms tid=pic-smb-transport smb_client_context_created
NETWORK t=  6578.4ms dt=    0.0ms tid=pic-smb-transport smb_client_init_start
NETWORK t=  6578.4ms dt=    0.0ms tid=pic-smb-transport smb_client_init_done
NETWORK t=  6589.1ms dt=   10.7ms tid=ThreadId(19) materialize_start uri=smb://dietpi.local/4tbp/pics-sport/Forest%20Run%202026/Pt3/DSC_4886_result.jpg
NETWORK t=  6589.2ms dt=    0.1ms tid=ThreadId(19) read_start uri=smb://dietpi.local/4tbp/pics-sport/Forest%20Run%202026/Pt3/DSC_4886_result.jpg
NETWORK t=  6589.2ms dt=    0.0ms tid=ThreadId(19) smb_read_start url=smb://dietpi.local/4tbp/pics-sport/Forest Run 2026/Pt3/DSC_4886_result.jpg whole-file
NETWORK t=  6642.8ms dt=   53.7ms tid=pic-smb-transport smb_transport read_file ms=64.4
NETWORK t=  6643.5ms dt=    0.7ms tid=pic-smb-transport smb_client_context_freed
NETWORK t=  6643.6ms dt=    0.0ms tid=pic-smb-transport smb_client_new_start
NETWORK t=  6643.6ms dt=    0.0ms tid=ThreadId(20) read_done uri=smb://dietpi.local/4tbp/pics-sport/Forest%20Run%202026/Pt3/DSC_4705_result.jpg bytes=1024781 ms=125.8
NETWORK t=  6643.9ms dt=    0.3ms tid=ThreadId(20) materialize_done uri=smb://dietpi.local/4tbp/pics-sport/Forest%20Run%202026/Pt3/DSC_4705_result.jpg path=/home/peet/.cache/picasa-rs/source/8/fa58527c63755801fb5131520f68359c2fc94d01f04232a2c66b113ec25fda96.jpg ms=126.2
NETWORK t=  6644.3ms dt=    0.4ms tid=pic-smb-transport smb_client_context_created
NETWORK t=  6644.3ms dt=    0.0ms tid=pic-smb-transport smb_client_init_start
NETWORK t=  6644.3ms dt=    0.0ms tid=pic-smb-transport smb_client_init_done
NETWORK t=  6647.1ms dt=    2.8ms tid=ThreadId(20) read_start uri=smb://dietpi.local/4tbp/pics-sport/Forest%20Run%202026/Pt3/DSC_4721_result.jpg
NETWORK t=  6647.1ms dt=    0.0ms tid=ThreadId(20) smb_read_start url=smb://dietpi.local/4tbp/pics-sport/Forest Run 2026/Pt3/DSC_4721_result.jpg whole-file
NETWORK t=  6712.9ms dt=   65.8ms tid=pic-smb-transport smb_transport read_file ms=68.6
NETWORK t=  6713.6ms dt=    0.7ms tid=pic-smb-transport smb_client_context_freed
NETWORK t=  6713.7ms dt=    0.0ms tid=pic-smb-transport smb_client_new_start
NETWORK t=  6713.7ms dt=    0.0ms tid=ThreadId(19) read_done uri=smb://dietpi.local/4tbp/pics-sport/Forest%20Run%202026/Pt3/DSC_4886_result.jpg bytes=1098134 ms=124.5
NETWORK t=  6714.0ms dt=    0.3ms tid=ThreadId(19) materialize_done uri=smb://dietpi.local/4tbp/pics-sport/Forest%20Run%202026/Pt3/DSC_4886_result.jpg path=/home/peet/.cache/picasa-rs/source/g/79b4ad8e6d7db0c876fe726b4dcb598805985069d569511a590727be37f506e4.jpg ms=124.9
NETWORK t=  6714.3ms dt=    0.3ms tid=pic-smb-transport smb_client_context_created
NETWORK t=  6714.3ms dt=    0.0ms tid=pic-smb-transport smb_client_init_start
NETWORK t=  6714.4ms dt=    0.0ms tid=pic-smb-transport smb_client_init_done
NETWORK t=  6717.1ms dt=    2.8ms tid=ThreadId(19) read_start uri=smb://dietpi.local/4tbp/pics-sport/Forest%20Run%202026/Pt3/DSC_4708_result.jpg
NETWORK t=  6717.1ms dt=    0.0ms tid=ThreadId(19) smb_read_start url=smb://dietpi.local/4tbp/pics-sport/Forest Run 2026/Pt3/DSC_4708_result.jpg whole-file
NETWORK t=  6731.2ms dt=   14.1ms tid=pic-smb-transport smb_transport stat ms=16.9
NETWORK t=  6731.6ms dt=    0.4ms tid=pic-smb-transport smb_client_context_freed
NETWORK t=  6731.7ms dt=    0.0ms tid=pic-smb-transport smb_client_new_start
NETWORK t=  6731.7ms dt=    0.0ms tid=ThreadId(6) smb_stat_start url=smb://dietpi.local/4tbp/pics-sport/Forest Run 2026/Pt3/DSC_4873_result.jpg lane=background
NETWORK t=  6732.4ms dt=    0.7ms tid=pic-smb-transport smb_client_context_created
NETWORK t=  6732.4ms dt=    0.0ms tid=pic-smb-transport smb_client_init_start
NETWORK t=  6732.4ms dt=    0.0ms tid=pic-smb-transport smb_client_init_done
NETWORK t=  6776.0ms dt=   43.6ms tid=pic-smb-transport smb_transport read_file ms=43.6
NETWORK t=  6776.5ms dt=    0.5ms tid=pic-smb-transport smb_client_context_freed
NETWORK t=  6776.6ms dt=    0.0ms tid=pic-smb-transport smb_client_new_start
NETWORK t=  6776.6ms dt=    0.0ms tid=ThreadId(20) read_done uri=smb://dietpi.local/4tbp/pics-sport/Forest%20Run%202026/Pt3/DSC_4721_result.jpg bytes=1032565 ms=129.5
NETWORK t=  6777.2ms dt=    0.6ms tid=pic-smb-transport smb_client_context_created
NETWORK t=  6777.2ms dt=    0.0ms tid=pic-smb-transport smb_client_init_start
NETWORK t=  6777.2ms dt=    0.0ms tid=pic-smb-transport smb_client_init_done
NETWORK t=  6787.8ms dt=   10.6ms tid=ThreadId(20) materialize_start uri=smb://dietpi.local/4tbp/pics-sport/Forest%20Run%202026/Pt3/DSC_4721_result.jpg
NETWORK t=  6787.8ms dt=    0.1ms tid=ThreadId(20) read_start uri=smb://dietpi.local/4tbp/pics-sport/Forest%20Run%202026/Pt3/DSC_4721_result.jpg
NETWORK t=  6787.9ms dt=    0.0ms tid=ThreadId(20) smb_read_start url=smb://dietpi.local/4tbp/pics-sport/Forest Run 2026/Pt3/DSC_4721_result.jpg whole-file
NETWORK t=  6841.5ms dt=   53.7ms tid=pic-smb-transport smb_transport read_file ms=64.3
NETWORK t=  6842.3ms dt=    0.7ms tid=pic-smb-transport smb_client_context_freed
NETWORK t=  6842.3ms dt=    0.0ms tid=pic-smb-transport smb_client_new_start
NETWORK t=  6842.3ms dt=    0.0ms tid=ThreadId(19) read_done uri=smb://dietpi.local/4tbp/pics-sport/Forest%20Run%202026/Pt3/DSC_4708_result.jpg bytes=1332934 ms=125.2
NETWORK t=  6843.1ms dt=    0.8ms tid=pic-smb-transport smb_client_context_created
NETWORK t=  6843.1ms dt=    0.0ms tid=pic-smb-transport smb_client_init_start
NETWORK t=  6843.2ms dt=    0.0ms tid=pic-smb-transport smb_client_init_done
NETWORK t=  6855.7ms dt=   12.6ms tid=ThreadId(19) materialize_start uri=smb://dietpi.local/4tbp/pics-sport/Forest%20Run%202026/Pt3/DSC_4708_result.jpg
NETWORK t=  6855.8ms dt=    0.1ms tid=ThreadId(19) read_start uri=smb://dietpi.local/4tbp/pics-sport/Forest%20Run%202026/Pt3/DSC_4708_result.jpg
NETWORK t=  6855.8ms dt=    0.0ms tid=ThreadId(19) smb_read_start url=smb://dietpi.local/4tbp/pics-sport/Forest Run 2026/Pt3/DSC_4708_result.jpg whole-file
NETWORK t=  6870.0ms dt=   14.2ms tid=pic-smb-transport smb_transport stat ms=26.8
NETWORK t=  6870.8ms dt=    0.7ms tid=pic-smb-transport smb_client_context_freed
NETWORK t=  6870.8ms dt=    0.0ms tid=pic-smb-transport smb_client_new_start
NETWORK t=  6870.8ms dt=    0.1ms tid=ThreadId(6) smb_stat_start url=smb://dietpi.local/4tbp/pics-sport/Forest Run 2026/Pt3/DSC_4872_result.jpg lane=background
NETWORK t=  6871.5ms dt=    0.6ms tid=pic-smb-transport smb_client_context_created
NETWORK t=  6871.5ms dt=    0.0ms tid=pic-smb-transport smb_client_init_start
NETWORK t=  6871.5ms dt=    0.0ms tid=pic-smb-transport smb_client_init_done
NETWORK t=  6940.2ms dt=   68.7ms tid=pic-smb-transport smb_transport read_file ms=68.7
NETWORK t=  6940.9ms dt=    0.7ms tid=pic-smb-transport smb_client_context_freed
NETWORK t=  6941.0ms dt=    0.0ms tid=pic-smb-transport smb_client_new_start
NETWORK t=  6941.0ms dt=    0.0ms tid=ThreadId(20) read_done uri=smb://dietpi.local/4tbp/pics-sport/Forest%20Run%202026/Pt3/DSC_4721_result.jpg bytes=1032565 ms=153.1
NETWORK t=  6941.3ms dt=    0.3ms tid=ThreadId(20) materialize_done uri=smb://dietpi.local/4tbp/pics-sport/Forest%20Run%202026/Pt3/DSC_4721_result.jpg path=/home/peet/.cache/picasa-rs/source/g/583c5b38c955accf20d2c626ad2a85aa0c6c59f005943414b48d83d2ce0023bc.jpg ms=153.5
NETWORK t=  6941.7ms dt=    0.4ms tid=pic-smb-transport smb_client_context_created
NETWORK t=  6941.7ms dt=    0.0ms tid=pic-smb-transport smb_client_init_start
NETWORK t=  6941.7ms dt=    0.0ms tid=pic-smb-transport smb_client_init_done
NETWORK t=  6944.6ms dt=    2.8ms tid=ThreadId(20) read_start uri=smb://dietpi.local/4tbp/pics-sport/Forest%20Run%202026/pt4/DSC_4970_result.jpg
NETWORK t=  6944.6ms dt=    0.0ms tid=ThreadId(20) smb_read_start url=smb://dietpi.local/4tbp/pics-sport/Forest Run 2026/pt4/DSC_4970_result.jpg whole-file
NETWORK t=  7019.8ms dt=   75.2ms tid=pic-smb-transport smb_transport read_file ms=78.1
NETWORK t=  7020.5ms dt=    0.7ms tid=pic-smb-transport smb_client_context_freed
NETWORK t=  7020.5ms dt=    0.0ms tid=pic-smb-transport smb_client_new_start
NETWORK t=  7020.6ms dt=    0.0ms tid=ThreadId(19) read_done uri=smb://dietpi.local/4tbp/pics-sport/Forest%20Run%202026/Pt3/DSC_4708_result.jpg bytes=1332934 ms=164.7
NETWORK t=  7020.9ms dt=    0.3ms tid=ThreadId(19) materialize_done uri=smb://dietpi.local/4tbp/pics-sport/Forest%20Run%202026/Pt3/DSC_4708_result.jpg path=/home/peet/.cache/picasa-rs/source/6/fe6a513d673d79d584d29c6fe59101f99709a336809344260027a9a48c230aaa.jpg ms=165.1
NETWORK t=  7021.2ms dt=    0.3ms tid=pic-smb-transport smb_client_context_created
NETWORK t=  7021.3ms dt=    0.0ms tid=pic-smb-transport smb_client_init_start
NETWORK t=  7021.3ms dt=    0.0ms tid=pic-smb-transport smb_client_init_done
NETWORK t=  7024.1ms dt=    2.8ms tid=ThreadId(19) read_start uri=smb://dietpi.local/4tbp/pics-sport/Forest%20Run%202026/Pt3/DSC_4685_result.jpg
NETWORK t=  7024.1ms dt=    0.0ms tid=ThreadId(19) smb_read_start url=smb://dietpi.local/4tbp/pics-sport/Forest Run 2026/Pt3/DSC_4685_result.jpg whole-file
NETWORK t=  7048.3ms dt=   24.2ms tid=pic-smb-transport smb_transport stat ms=27.1
NETWORK t=  7049.1ms dt=    0.8ms tid=pic-smb-transport smb_client_context_freed
NETWORK t=  7049.1ms dt=    0.0ms tid=pic-smb-transport smb_client_new_start
NETWORK t=  7049.2ms dt=    0.0ms tid=ThreadId(6) smb_stat_start url=smb://dietpi.local/4tbp/pics-sport/Forest Run 2026/Pt3/DSC_4870_result.jpg lane=background
NETWORK t=  7049.8ms dt=    0.6ms tid=pic-smb-transport smb_client_context_created
NETWORK t=  7049.8ms dt=    0.0ms tid=pic-smb-transport smb_client_init_start
NETWORK t=  7049.8ms dt=    0.0ms tid=pic-smb-transport smb_client_init_done
NETWORK t=  7129.1ms dt=   79.3ms tid=pic-smb-transport smb_transport read_file ms=79.3
NETWORK t=  7129.8ms dt=    0.7ms tid=pic-smb-transport smb_client_context_freed
NETWORK t=  7129.9ms dt=    0.0ms tid=pic-smb-transport smb_client_new_start
NETWORK t=  7129.9ms dt=    0.0ms tid=ThreadId(20) read_done uri=smb://dietpi.local/4tbp/pics-sport/Forest%20Run%202026/pt4/DSC_4970_result.jpg bytes=1343208 ms=185.3
NETWORK t=  7130.4ms dt=    0.6ms tid=pic-smb-transport smb_client_context_created
NETWORK t=  7130.5ms dt=    0.0ms tid=pic-smb-transport smb_client_init_start
NETWORK t=  7130.5ms dt=    0.0ms tid=pic-smb-transport smb_client_init_done
NETWORK t=  7143.6ms dt=   13.2ms tid=ThreadId(20) materialize_start uri=smb://dietpi.local/4tbp/pics-sport/Forest%20Run%202026/pt4/DSC_4970_result.jpg
NETWORK t=  7143.7ms dt=    0.1ms tid=ThreadId(20) read_start uri=smb://dietpi.local/4tbp/pics-sport/Forest%20Run%202026/pt4/DSC_4970_result.jpg
NETWORK t=  7143.7ms dt=    0.0ms tid=ThreadId(20) smb_read_start url=smb://dietpi.local/4tbp/pics-sport/Forest Run 2026/pt4/DSC_4970_result.jpg whole-file
NETWORK t=  7157.0ms dt=   13.3ms tid=pic-smb-transport smb_transport stat ms=26.5
NETWORK t=  7157.7ms dt=    0.7ms tid=pic-smb-transport smb_client_context_freed
NETWORK t=  7157.7ms dt=    0.0ms tid=pic-smb-transport smb_client_new_start
NETWORK t=  7157.8ms dt=    0.0ms tid=ThreadId(6) smb_stat_start url=smb://dietpi.local/4tbp/pics-sport/Forest Run 2026/Pt3/DSC_4869_result.jpg lane=background
NETWORK t=  7158.4ms dt=    0.6ms tid=pic-smb-transport smb_client_context_created
NETWORK t=  7158.4ms dt=    0.0ms tid=pic-smb-transport smb_client_init_start
NETWORK t=  7158.4ms dt=    0.0ms tid=pic-smb-transport smb_client_init_done
NETWORK t=  7232.3ms dt=   73.9ms tid=pic-smb-transport smb_transport read_file ms=73.9
NETWORK t=  7233.0ms dt=    0.7ms tid=pic-smb-transport smb_client_context_freed
NETWORK t=  7233.0ms dt=    0.0ms tid=pic-smb-transport smb_client_new_start
NETWORK t=  7233.1ms dt=    0.0ms tid=ThreadId(19) read_done uri=smb://dietpi.local/4tbp/pics-sport/Forest%20Run%202026/Pt3/DSC_4685_result.jpg bytes=1269023 ms=208.9
NETWORK t=  7233.6ms dt=    0.6ms tid=pic-smb-transport smb_client_context_created
NETWORK t=  7233.6ms dt=    0.0ms tid=pic-smb-transport smb_client_init_start
NETWORK t=  7233.7ms dt=    0.0ms tid=pic-smb-transport smb_client_init_done
NETWORK t=  7245.1ms dt=   11.4ms tid=ThreadId(19) materialize_start uri=smb://dietpi.local/4tbp/pics-sport/Forest%20Run%202026/Pt3/DSC_4685_result.jpg
NETWORK t=  7245.2ms dt=    0.1ms tid=ThreadId(19) read_start uri=smb://dietpi.local/4tbp/pics-sport/Forest%20Run%202026/Pt3/DSC_4685_result.jpg
NETWORK t=  7245.2ms dt=    0.0ms tid=ThreadId(19) smb_read_start url=smb://dietpi.local/4tbp/pics-sport/Forest Run 2026/Pt3/DSC_4685_result.jpg whole-file
NETWORK t=  7311.8ms dt=   66.6ms tid=pic-smb-transport smb_transport read_file ms=78.1
NETWORK t=  7312.6ms dt=    0.8ms tid=pic-smb-transport smb_client_context_freed
NETWORK t=  7312.6ms dt=    0.0ms tid=pic-smb-transport smb_client_new_start
NETWORK t=  7312.6ms dt=    0.0ms tid=ThreadId(20) read_done uri=smb://dietpi.local/4tbp/pics-sport/Forest%20Run%202026/pt4/DSC_4970_result.jpg bytes=1343208 ms=168.9
NETWORK t=  7313.0ms dt=    0.3ms tid=ThreadId(20) materialize_done uri=smb://dietpi.local/4tbp/pics-sport/Forest%20Run%202026/pt4/DSC_4970_result.jpg path=/home/peet/.cache/picasa-rs/source/b/510bb2b079d4b8ce019bec3edc5b0d770c1686a8b5fbe8adeddda332f95489dd.jpg ms=169.3
NETWORK t=  7313.3ms dt=    0.4ms tid=pic-smb-transport smb_client_context_created
NETWORK t=  7313.4ms dt=    0.0ms tid=pic-smb-transport smb_client_init_start
NETWORK t=  7313.4ms dt=    0.0ms tid=pic-smb-transport smb_client_init_done
NETWORK t=  7316.3ms dt=    2.9ms tid=ThreadId(20) read_start uri=smb://dietpi.local/4tbp/pics-sport/Forest%20Run%202026/Pt3/DSC_4868_result.jpg
NETWORK t=  7316.3ms dt=    0.0ms tid=ThreadId(20) smb_read_start url=smb://dietpi.local/4tbp/pics-sport/Forest Run 2026/Pt3/DSC_4868_result.jpg whole-file
NETWORK t=  7340.6ms dt=   24.3ms tid=pic-smb-transport smb_transport stat ms=27.2
NETWORK t=  7341.3ms dt=    0.7ms tid=pic-smb-transport smb_client_context_freed
NETWORK t=  7341.4ms dt=    0.0ms tid=pic-smb-transport smb_client_new_start
NETWORK t=  7341.4ms dt=    0.1ms tid=ThreadId(6) smb_stat_start url=smb://dietpi.local/4tbp/pics-sport/Forest Run 2026/Pt3/DSC_4868_result.jpg lane=background
NETWORK t=  7342.1ms dt=    0.7ms tid=pic-smb-transport smb_client_context_created
NETWORK t=  7342.1ms dt=    0.0ms tid=pic-smb-transport smb_client_init_start
NETWORK t=  7342.2ms dt=    0.0ms tid=pic-smb-transport smb_client_init_done
NETWORK t=  7417.0ms dt=   74.9ms tid=pic-smb-transport smb_transport read_file ms=74.8
NETWORK t=  7417.8ms dt=    0.7ms tid=pic-smb-transport smb_client_context_freed
NETWORK t=  7417.8ms dt=    0.0ms tid=pic-smb-transport smb_client_new_start
NETWORK t=  7417.8ms dt=    0.0ms tid=ThreadId(19) read_done uri=smb://dietpi.local/4tbp/pics-sport/Forest%20Run%202026/Pt3/DSC_4685_result.jpg bytes=1269023 ms=172.6
NETWORK t=  7418.1ms dt=    0.3ms tid=ThreadId(19) materialize_done uri=smb://dietpi.local/4tbp/pics-sport/Forest%20Run%202026/Pt3/DSC_4685_result.jpg path=/home/peet/.cache/picasa-rs/source/9/6b0db323a09e7eb8a12486bf0c3e0ab53f6d94fd25fb1760be5d445de1e477c7.jpg ms=173.0
NETWORK t=  7418.5ms dt=    0.4ms tid=pic-smb-transport smb_client_context_created
NETWORK t=  7418.5ms dt=    0.0ms tid=pic-smb-transport smb_client_init_start
NETWORK t=  7418.5ms dt=    0.0ms tid=pic-smb-transport smb_client_init_done
NETWORK t=  7421.1ms dt=    2.6ms tid=ThreadId(19) read_start uri=smb://dietpi.local/4tbp/pics-sport/Forest%20Run%202026/Pt3/DSC_4770_result.jpg
NETWORK t=  7421.1ms dt=    0.0ms tid=ThreadId(19) smb_read_start url=smb://dietpi.local/4tbp/pics-sport/Forest Run 2026/Pt3/DSC_4770_result.jpg whole-file
NETWORK t=  7445.0ms dt=   23.9ms tid=pic-smb-transport smb_transport stat ms=26.5
NETWORK t=  7445.7ms dt=    0.7ms tid=pic-smb-transport smb_client_context_freed
NETWORK t=  7445.7ms dt=    0.0ms tid=pic-smb-transport smb_client_new_start
NETWORK t=  7445.8ms dt=    0.0ms tid=ThreadId(6) smb_stat_start url=smb://dietpi.local/4tbp/pics-sport/Forest Run 2026/Pt3/DSC_4867_result.jpg lane=background
NETWORK t=  7446.3ms dt=    0.6ms tid=pic-smb-transport smb_client_context_created
NETWORK t=  7446.3ms dt=    0.0ms tid=pic-smb-transport smb_client_init_start
NETWORK t=  7446.3ms dt=    0.0ms tid=pic-smb-transport smb_client_init_done
NETWORK t=  7522.6ms dt=   76.3ms tid=pic-smb-transport smb_transport read_file ms=76.3
NETWORK t=  7523.3ms dt=    0.7ms tid=pic-smb-transport smb_client_context_freed
NETWORK t=  7523.3ms dt=    0.0ms tid=pic-smb-transport smb_client_new_start
NETWORK t=  7523.3ms dt=    0.0ms tid=ThreadId(19) read_done uri=smb://dietpi.local/4tbp/pics-sport/Forest%20Run%202026/Pt3/DSC_4770_result.jpg bytes=1292754 ms=102.2
NETWORK t=  7524.0ms dt=    0.6ms tid=pic-smb-transport smb_client_context_created
NETWORK t=  7524.0ms dt=    0.0ms tid=pic-smb-transport smb_client_init_start
NETWORK t=  7524.0ms dt=    0.0ms tid=pic-smb-transport smb_client_init_done
NETWORK t=  7535.4ms dt=   11.3ms tid=ThreadId(19) materialize_start uri=smb://dietpi.local/4tbp/pics-sport/Forest%20Run%202026/Pt3/DSC_4770_result.jpg
NETWORK t=  7535.4ms dt=    0.1ms tid=ThreadId(19) read_start uri=smb://dietpi.local/4tbp/pics-sport/Forest%20Run%202026/Pt3/DSC_4770_result.jpg
NETWORK t=  7535.4ms dt=    0.0ms tid=ThreadId(19) smb_read_start url=smb://dietpi.local/4tbp/pics-sport/Forest Run 2026/Pt3/DSC_4770_result.jpg whole-file
NETWORK t=  7579.8ms dt=   44.4ms tid=pic-smb-transport smb_transport read_file ms=55.8
NETWORK t=  7580.3ms dt=    0.5ms tid=pic-smb-transport smb_client_context_freed
NETWORK t=  7580.4ms dt=    0.0ms tid=pic-smb-transport smb_client_new_start
NETWORK t=  7580.4ms dt=    0.0ms tid=ThreadId(20) read_done uri=smb://dietpi.local/4tbp/pics-sport/Forest%20Run%202026/Pt3/DSC_4868_result.jpg bytes=1266961 ms=264.1
NETWORK t=  7581.1ms dt=    0.7ms tid=pic-smb-transport smb_client_context_created
NETWORK t=  7581.1ms dt=    0.0ms tid=pic-smb-transport smb_client_init_start
NETWORK t=  7581.1ms dt=    0.0ms tid=pic-smb-transport smb_client_init_done
NETWORK t=  7593.3ms dt=   12.2ms tid=ThreadId(20) materialize_start uri=smb://dietpi.local/4tbp/pics-sport/Forest%20Run%202026/Pt3/DSC_4868_result.jpg
NETWORK t=  7593.4ms dt=    0.1ms tid=ThreadId(20) read_start uri=smb://dietpi.local/4tbp/pics-sport/Forest%20Run%202026/Pt3/DSC_4868_result.jpg
NETWORK t=  7593.4ms dt=    0.0ms tid=ThreadId(20) smb_read_start url=smb://dietpi.local/4tbp/pics-sport/Forest Run 2026/Pt3/DSC_4868_result.jpg whole-file
NETWORK t=  7599.9ms dt=    6.4ms tid=pic-smb-transport smb_transport stat ms=18.8
NETWORK t=  7600.5ms dt=    0.6ms tid=pic-smb-transport smb_client_context_freed
NETWORK t=  7600.5ms dt=    0.0ms tid=pic-smb-transport smb_client_new_start
NETWORK t=  7600.6ms dt=    0.0ms tid=ThreadId(6) smb_stat_start url=smb://dietpi.local/4tbp/pics-sport/Forest Run 2026/Pt3/DSC_4865_result.jpg lane=background
NETWORK t=  7601.2ms dt=    0.6ms tid=pic-smb-transport smb_client_context_created
NETWORK t=  7601.2ms dt=    0.0ms tid=pic-smb-transport smb_client_init_start
NETWORK t=  7601.3ms dt=    0.0ms tid=pic-smb-transport smb_client_init_done
NETWORK t=  7669.3ms dt=   68.1ms tid=pic-smb-transport smb_transport read_file ms=68.1
NETWORK t=  7670.0ms dt=    0.6ms tid=pic-smb-transport smb_client_context_freed
NETWORK t=  7670.0ms dt=    0.0ms tid=pic-smb-transport smb_client_new_start
NETWORK t=  7670.0ms dt=    0.0ms tid=ThreadId(20) read_done uri=smb://dietpi.local/4tbp/pics-sport/Forest%20Run%202026/Pt3/DSC_4868_result.jpg bytes=1266961 ms=76.6
NETWORK t=  7670.3ms dt=    0.3ms tid=ThreadId(20) materialize_done uri=smb://dietpi.local/4tbp/pics-sport/Forest%20Run%202026/Pt3/DSC_4868_result.jpg path=/home/peet/.cache/picasa-rs/source/g/84f4a34a8a0f14139e904fe9177dfb8340017ce1a31b01eb750bbbc25028d09d.jpg ms=77.0
NETWORK t=  7670.7ms dt=    0.4ms tid=pic-smb-transport smb_client_context_created
NETWORK t=  7670.7ms dt=    0.0ms tid=pic-smb-transport smb_client_init_start
NETWORK t=  7670.7ms dt=    0.0ms tid=pic-smb-transport smb_client_init_done
NETWORK t=  7673.3ms dt=    2.6ms tid=ThreadId(20) read_start uri=smb://dietpi.local/4tbp/pics-sport/Forest%20Run%202026/Pt3/DSC_4822_result.jpg
NETWORK t=  7673.3ms dt=    0.0ms tid=ThreadId(20) smb_read_start url=smb://dietpi.local/4tbp/pics-sport/Forest Run 2026/Pt3/DSC_4822_result.jpg whole-file
NETWORK t=  7747.0ms dt=   73.6ms tid=pic-smb-transport smb_transport read_file ms=76.2
NETWORK t=  7747.6ms dt=    0.7ms tid=pic-smb-transport smb_client_context_freed
NETWORK t=  7747.7ms dt=    0.0ms tid=pic-smb-transport smb_client_new_start
NETWORK t=  7747.7ms dt=    0.0ms tid=ThreadId(19) read_done uri=smb://dietpi.local/4tbp/pics-sport/Forest%20Run%202026/Pt3/DSC_4770_result.jpg bytes=1292754 ms=212.2
NETWORK t=  7748.0ms dt=    0.3ms tid=ThreadId(19) materialize_done uri=smb://dietpi.local/4tbp/pics-sport/Forest%20Run%202026/Pt3/DSC_4770_result.jpg path=/home/peet/.cache/picasa-rs/source/r/0a83d0e6d5f002dcf01cd5b7b5d86508e22ddd98096cb2b06f271f8134a21446.jpg ms=212.6
NETWORK t=  7748.4ms dt=    0.4ms tid=pic-smb-transport smb_client_context_created
NETWORK t=  7748.5ms dt=    0.0ms tid=pic-smb-transport smb_client_init_start
NETWORK t=  7748.5ms dt=    0.0ms tid=pic-smb-transport smb_client_init_done
NETWORK t=  7751.2ms dt=    2.7ms tid=ThreadId(19) read_start uri=smb://dietpi.local/4tbp/pics-sport/Forest%20Run%202026/Pt3/DSC_4867_result.jpg
NETWORK t=  7751.2ms dt=    0.0ms tid=ThreadId(19) smb_read_start url=smb://dietpi.local/4tbp/pics-sport/Forest Run 2026/Pt3/DSC_4867_result.jpg whole-file
NETWORK t=  7775.0ms dt=   23.8ms tid=pic-smb-transport smb_transport stat ms=26.5
NETWORK t=  7775.7ms dt=    0.7ms tid=pic-smb-transport smb_client_context_freed
NETWORK t=  7775.8ms dt=    0.0ms tid=pic-smb-transport smb_client_new_start
NETWORK t=  7775.8ms dt=    0.0ms tid=ThreadId(6) smb_stat_start url=smb://dietpi.local/4tbp/pics-sport/Forest Run 2026/Pt3/DSC_4866_result.jpg lane=background
NETWORK t=  7776.5ms dt=    0.7ms tid=pic-smb-transport smb_client_context_created
NETWORK t=  7776.6ms dt=    0.0ms tid=pic-smb-transport smb_client_init_start
NETWORK t=  7776.6ms dt=    0.0ms tid=pic-smb-transport smb_client_init_done
NETWORK t=  7862.5ms dt=   85.9ms tid=pic-smb-transport smb_transport read_file ms=85.9
NETWORK t=  7863.2ms dt=    0.6ms tid=pic-smb-transport smb_client_context_freed
NETWORK t=  7863.2ms dt=    0.0ms tid=pic-smb-transport smb_client_new_start
NETWORK t=  7863.2ms dt=    0.0ms tid=ThreadId(19) read_done uri=smb://dietpi.local/4tbp/pics-sport/Forest%20Run%202026/Pt3/DSC_4867_result.jpg bytes=1531744 ms=112.0
NETWORK t=  7863.8ms dt=    0.6ms tid=pic-smb-transport smb_client_context_created
NETWORK t=  7863.9ms dt=    0.0ms tid=pic-smb-transport smb_client_init_start
NETWORK t=  7863.9ms dt=    0.0ms tid=pic-smb-transport smb_client_init_done
NETWORK t=  7877.0ms dt=   13.1ms tid=ThreadId(19) materialize_start uri=smb://dietpi.local/4tbp/pics-sport/Forest%20Run%202026/Pt3/DSC_4867_result.jpg
NETWORK t=  7877.0ms dt=    0.1ms tid=ThreadId(19) read_start uri=smb://dietpi.local/4tbp/pics-sport/Forest%20Run%202026/Pt3/DSC_4867_result.jpg
NETWORK t=  7877.0ms dt=    0.0ms tid=ThreadId(19) smb_read_start url=smb://dietpi.local/4tbp/pics-sport/Forest Run 2026/Pt3/DSC_4867_result.jpg whole-file
NETWORK t=  7890.1ms dt=   13.0ms tid=pic-smb-transport smb_transport stat ms=26.2
NETWORK t=  7890.8ms dt=    0.8ms tid=pic-smb-transport smb_client_context_freed
NETWORK t=  7890.9ms dt=    0.0ms tid=pic-smb-transport smb_client_new_start
NETWORK t=  7890.9ms dt=    0.0ms tid=ThreadId(6) smb_stat_start url=smb://dietpi.local/4tbp/pics-sport/Forest Run 2026/Pt3/DSC_4862_result.jpg lane=background
NETWORK t=  7891.7ms dt=    0.8ms tid=pic-smb-transport smb_client_context_created
NETWORK t=  7891.7ms dt=    0.0ms tid=pic-smb-transport smb_client_init_start
NETWORK t=  7891.7ms dt=    0.0ms tid=pic-smb-transport smb_client_init_done
NETWORK t=  7973.8ms dt=   82.1ms tid=pic-smb-transport smb_transport read_file ms=82.0
NETWORK t=  7974.5ms dt=    0.7ms tid=pic-smb-transport smb_client_context_freed
NETWORK t=  7974.5ms dt=    0.0ms tid=pic-smb-transport smb_client_new_start
NETWORK t=  7974.6ms dt=    0.0ms tid=ThreadId(19) read_done uri=smb://dietpi.local/4tbp/pics-sport/Forest%20Run%202026/Pt3/DSC_4867_result.jpg bytes=1531744 ms=97.5
NETWORK t=  7975.0ms dt=    0.4ms tid=ThreadId(19) materialize_done uri=smb://dietpi.local/4tbp/pics-sport/Forest%20Run%202026/Pt3/DSC_4867_result.jpg path=/home/peet/.cache/picasa-rs/source/i/a746ca6cf3ccf478fed35adf7959151c19ad2c943101c5d84a1fc8f6e1589058.jpg ms=98.0
NETWORK t=  7975.4ms dt=    0.5ms tid=pic-smb-transport smb_client_context_created
NETWORK t=  7975.4ms dt=    0.0ms tid=pic-smb-transport smb_client_init_start
NETWORK t=  7975.5ms dt=    0.0ms tid=pic-smb-transport smb_client_init_done
NETWORK t=  7978.1ms dt=    2.7ms tid=ThreadId(19) read_start uri=smb://dietpi.local/4tbp/pics-sport/Forest%20Run%202026/Pt3/DSC_4725_result.jpg
NETWORK t=  7978.2ms dt=    0.0ms tid=ThreadId(19) smb_read_start url=smb://dietpi.local/4tbp/pics-sport/Forest Run 2026/Pt3/DSC_4725_result.jpg whole-file
NETWORK t=  8027.7ms dt=   49.6ms tid=pic-smb-transport smb_transport read_file ms=52.2
NETWORK t=  8028.2ms dt=    0.5ms tid=pic-smb-transport smb_client_context_freed
NETWORK t=  8028.2ms dt=    0.0ms tid=pic-smb-transport smb_client_new_start
NETWORK t=  8028.2ms dt=    0.0ms tid=ThreadId(20) read_done uri=smb://dietpi.local/4tbp/pics-sport/Forest%20Run%202026/Pt3/DSC_4822_result.jpg bytes=1150598 ms=354.9
NETWORK t=  8028.9ms dt=    0.6ms tid=pic-smb-transport smb_client_context_created
NETWORK t=  8028.9ms dt=    0.0ms tid=pic-smb-transport smb_client_init_start
NETWORK t=  8028.9ms dt=    0.0ms tid=pic-smb-transport smb_client_init_done
NETWORK t=  8039.2ms dt=   10.3ms tid=ThreadId(20) materialize_start uri=smb://dietpi.local/4tbp/pics-sport/Forest%20Run%202026/Pt3/DSC_4822_result.jpg
NETWORK t=  8039.3ms dt=    0.1ms tid=ThreadId(20) read_start uri=smb://dietpi.local/4tbp/pics-sport/Forest%20Run%202026/Pt3/DSC_4822_result.jpg
NETWORK t=  8039.3ms dt=    0.0ms tid=ThreadId(20) smb_read_start url=smb://dietpi.local/4tbp/pics-sport/Forest Run 2026/Pt3/DSC_4822_result.jpg whole-file
NETWORK t=  8049.0ms dt=    9.7ms tid=pic-smb-transport smb_transport stat ms=20.0
NETWORK t=  8049.7ms dt=    0.7ms tid=pic-smb-transport smb_client_context_freed
NETWORK t=  8049.7ms dt=    0.0ms tid=pic-smb-transport smb_client_new_start
NETWORK t=  8049.7ms dt=    0.0ms tid=ThreadId(6) smb_stat_start url=smb://dietpi.local/4tbp/pics-sport/Forest Run 2026/Pt3/DSC_4863_result.jpg lane=background
NETWORK t=  8050.5ms dt=    0.7ms tid=pic-smb-transport smb_client_context_created
NETWORK t=  8050.5ms dt=    0.0ms tid=pic-smb-transport smb_client_init_start
NETWORK t=  8050.5ms dt=    0.0ms tid=pic-smb-transport smb_client_init_done
NETWORK t=  8064.3ms dt=   13.8ms tid=ThreadId(186) nfs_helper_stat_ok uri=nfs://DietPi.local/mnt/4TBP/mypics-2026 size=4096
NETWORK t=  8065.2ms dt=    0.9ms tid=ThreadId(186) nfs_helper_stat_ok uri=nfs://DietPi.local/mnt/4TBP/Work/Hyman size=4096
NETWORK t=  8065.2ms dt=    0.0ms tid=ThreadId(186) smb_stat_start url=smb://DietPi.local/4TBP/pics-sport/Forest Run 2026 lane=background
NETWORK t=  8119.4ms dt=   54.1ms tid=pic-smb-transport smb_transport read_file ms=68.8
NETWORK t=  8120.0ms dt=    0.6ms tid=pic-smb-transport smb_client_context_freed
NETWORK t=  8120.0ms dt=    0.0ms tid=pic-smb-transport smb_client_new_start
NETWORK t=  8120.1ms dt=    0.0ms tid=ThreadId(19) read_done uri=smb://dietpi.local/4tbp/pics-sport/Forest%20Run%202026/Pt3/DSC_4725_result.jpg bytes=1333055 ms=141.9
NETWORK t=  8120.6ms dt=    0.6ms tid=pic-smb-transport smb_client_context_created
NETWORK t=  8120.6ms dt=    0.0ms tid=pic-smb-transport smb_client_init_start
NETWORK t=  8120.7ms dt=    0.0ms tid=pic-smb-transport smb_client_init_done
NETWORK t=  8133.0ms dt=   12.3ms tid=ThreadId(19) materialize_start uri=smb://dietpi.local/4tbp/pics-sport/Forest%20Run%202026/Pt3/DSC_4725_result.jpg
NETWORK t=  8133.0ms dt=    0.1ms tid=ThreadId(19) read_start uri=smb://dietpi.local/4tbp/pics-sport/Forest%20Run%202026/Pt3/DSC_4725_result.jpg
NETWORK t=  8133.1ms dt=    0.0ms tid=ThreadId(19) smb_read_start url=smb://dietpi.local/4tbp/pics-sport/Forest Run 2026/Pt3/DSC_4725_result.jpg whole-file
NETWORK t=  8143.9ms dt=   10.8ms tid=pic-smb-transport smb_transport stat ms=23.2
NETWORK t=  8144.6ms dt=    0.7ms tid=pic-smb-transport smb_client_context_freed
NETWORK t=  8144.6ms dt=    0.0ms tid=pic-smb-transport smb_client_new_start
NETWORK t=  8144.6ms dt=    0.0ms tid=ThreadId(186) smb_stat_start url=smb://DietPi.local/4TBP/Work lane=background
NETWORK t=  8145.4ms dt=    0.7ms tid=pic-smb-transport smb_client_context_created
NETWORK t=  8145.4ms dt=    0.0ms tid=pic-smb-transport smb_client_init_start
NETWORK t=  8145.4ms dt=    0.0ms tid=pic-smb-transport smb_client_init_done
NETWORK t=  8168.4ms dt=   23.0ms tid=pic-smb-transport smb_transport stat ms=22.9
NETWORK t=  8169.0ms dt=    0.7ms tid=pic-smb-transport smb_client_context_freed
NETWORK t=  8169.0ms dt=    0.0ms tid=pic-smb-transport smb_client_new_start
NETWORK t=  8169.1ms dt=    0.0ms tid=ThreadId(6) smb_stat_start url=smb://dietpi.local/4tbp/pics-sport/Forest Run 2026/Pt3/DSC_4860_result.jpg lane=background
NETWORK t=  8169.6ms dt=    0.5ms tid=pic-smb-transport smb_client_context_created
NETWORK t=  8169.7ms dt=    0.0ms tid=pic-smb-transport smb_client_init_start
NETWORK t=  8169.7ms dt=    0.0ms tid=pic-smb-transport smb_client_init_done
NETWORK t=  8242.0ms dt=   72.3ms tid=pic-smb-transport smb_transport read_file ms=72.3
NETWORK t=  8242.7ms dt=    0.7ms tid=pic-smb-transport smb_client_context_freed
NETWORK t=  8242.7ms dt=    0.0ms tid=pic-smb-transport smb_client_new_start
NETWORK t=  8242.7ms dt=    0.0ms tid=ThreadId(19) read_done uri=smb://dietpi.local/4tbp/pics-sport/Forest%20Run%202026/Pt3/DSC_4725_result.jpg bytes=1333055 ms=109.7
NETWORK t=  8243.0ms dt=    0.3ms tid=ThreadId(19) materialize_done uri=smb://dietpi.local/4tbp/pics-sport/Forest%20Run%202026/Pt3/DSC_4725_result.jpg path=/home/peet/.cache/picasa-rs/source/m/0d06d937347639fecc748039fae6354fc0f264fe045d4f2f1e6fe0b599469d02.jpg ms=110.0
NETWORK t=  8243.3ms dt=    0.3ms tid=pic-smb-transport smb_client_context_created
NETWORK t=  8243.3ms dt=    0.0ms tid=pic-smb-transport smb_client_init_start
NETWORK t=  8243.3ms dt=    0.0ms tid=pic-smb-transport smb_client_init_done
NETWORK t=  8246.0ms dt=    2.6ms tid=ThreadId(19) read_start uri=smb://dietpi.local/4tbp/pics-sport/Forest%20Run%202026/Pt3/DSC_4745_result.jpg
NETWORK t=  8246.0ms dt=    0.0ms tid=ThreadId(19) smb_read_start url=smb://dietpi.local/4tbp/pics-sport/Forest Run 2026/Pt3/DSC_4745_result.jpg whole-file
NETWORK t=  8267.2ms dt=   21.2ms tid=pic-smb-transport smb_transport stat ms=23.8
NETWORK t=  8267.9ms dt=    0.7ms tid=pic-smb-transport smb_client_context_freed
NETWORK t=  8267.9ms dt=    0.0ms tid=pic-smb-transport smb_client_new_start
NETWORK t=  8267.9ms dt=    0.0ms tid=ThreadId(186) smb_stat_start url=smb://DietPi.local/4TBP/Work/Denver lane=background
NETWORK t=  8268.6ms dt=    0.7ms tid=pic-smb-transport smb_client_context_created
NETWORK t=  8268.7ms dt=    0.0ms tid=pic-smb-transport smb_client_init_start
NETWORK t=  8268.7ms dt=    0.0ms tid=pic-smb-transport smb_client_init_done
NETWORK t=  8319.7ms dt=   51.0ms tid=pic-smb-transport smb_transport read_file ms=51.0
NETWORK t=  8320.2ms dt=    0.5ms tid=pic-smb-transport smb_client_context_freed
NETWORK t=  8320.2ms dt=    0.0ms tid=pic-smb-transport smb_client_new_start
NETWORK t=  8320.2ms dt=    0.0ms tid=ThreadId(20) read_done uri=smb://dietpi.local/4tbp/pics-sport/Forest%20Run%202026/Pt3/DSC_4822_result.jpg bytes=1150598 ms=280.9
NETWORK t=  8320.5ms dt=    0.3ms tid=ThreadId(20) materialize_done uri=smb://dietpi.local/4tbp/pics-sport/Forest%20Run%202026/Pt3/DSC_4822_result.jpg path=/home/peet/.cache/picasa-rs/source/8/6080e6481828d253af8167765f245f61346f8b08db759a5ffd93a74351574796.jpg ms=281.3
NETWORK t=  8321.1ms dt=    0.5ms tid=pic-smb-transport smb_client_context_created
NETWORK t=  8321.1ms dt=    0.0ms tid=pic-smb-transport smb_client_init_start
NETWORK t=  8321.1ms dt=    0.0ms tid=pic-smb-transport smb_client_init_done
NETWORK t=  8324.2ms dt=    3.1ms tid=ThreadId(20) read_start uri=smb://dietpi.local/4tbp/pics-sport/Forest%20Run%202026/pt4/DSC_5026_result.jpg
NETWORK t=  8324.2ms dt=    0.0ms tid=ThreadId(20) smb_read_start url=smb://dietpi.local/4tbp/pics-sport/Forest Run 2026/pt4/DSC_5026_result.jpg whole-file
NETWORK t=  8336.1ms dt=   11.9ms tid=pic-smb-transport smb_transport stat ms=14.9
NETWORK t=  8336.5ms dt=    0.4ms tid=pic-smb-transport smb_client_context_freed
NETWORK t=  8336.5ms dt=    0.0ms tid=pic-smb-transport smb_client_new_start
NETWORK t=  8336.6ms dt=    0.0ms tid=ThreadId(6) smb_stat_start url=smb://dietpi.local/4tbp/pics-sport/Forest Run 2026/Pt3/DSC_4861_result.jpg lane=background
NETWORK t=  8337.2ms dt=    0.6ms tid=pic-smb-transport smb_client_context_created
NETWORK t=  8337.2ms dt=    0.0ms tid=pic-smb-transport smb_client_init_start
NETWORK t=  8337.2ms dt=    0.0ms tid=pic-smb-transport smb_client_init_done
NETWORK t=  8386.0ms dt=   48.7ms tid=pic-smb-transport smb_transport read_file ms=48.7
NETWORK t=  8386.3ms dt=    0.4ms tid=pic-smb-transport smb_client_context_freed
NETWORK t=  8386.3ms dt=    0.0ms tid=pic-smb-transport smb_client_new_start
NETWORK t=  8386.4ms dt=    0.0ms tid=ThreadId(20) read_done uri=smb://dietpi.local/4tbp/pics-sport/Forest%20Run%202026/pt4/DSC_5026_result.jpg bytes=1261112 ms=62.2
NETWORK t=  8387.0ms dt=    0.6ms tid=pic-smb-transport smb_client_context_created
NETWORK t=  8387.0ms dt=    0.0ms tid=pic-smb-transport smb_client_init_start
NETWORK t=  8387.0ms dt=    0.0ms tid=pic-smb-transport smb_client_init_done
NETWORK t=  8398.2ms dt=   11.2ms tid=ThreadId(20) materialize_start uri=smb://dietpi.local/4tbp/pics-sport/Forest%20Run%202026/pt4/DSC_5026_result.jpg
NETWORK t=  8398.2ms dt=    0.1ms tid=ThreadId(20) read_start uri=smb://dietpi.local/4tbp/pics-sport/Forest%20Run%202026/pt4/DSC_5026_result.jpg
NETWORK t=  8398.2ms dt=    0.0ms tid=ThreadId(20) smb_read_start url=smb://dietpi.local/4tbp/pics-sport/Forest Run 2026/pt4/DSC_5026_result.jpg whole-file
NETWORK t=  8421.4ms dt=   23.2ms tid=pic-smb-transport smb_transport read_file ms=34.4
NETWORK t=  8421.8ms dt=    0.4ms tid=pic-smb-transport smb_client_context_freed
NETWORK t=  8421.8ms dt=    0.0ms tid=pic-smb-transport smb_client_new_start
NETWORK t=  8421.9ms dt=    0.0ms tid=ThreadId(19) read_done uri=smb://dietpi.local/4tbp/pics-sport/Forest%20Run%202026/Pt3/DSC_4745_result.jpg bytes=902225 ms=175.8
NETWORK t=  8422.4ms dt=    0.6ms tid=pic-smb-transport smb_client_context_created
NETWORK t=  8422.4ms dt=    0.0ms tid=pic-smb-transport smb_client_init_start
NETWORK t=  8422.4ms dt=    0.0ms tid=pic-smb-transport smb_client_init_done
NETWORK t=  8431.1ms dt=    8.6ms tid=ThreadId(19) materialize_start uri=smb://dietpi.local/4tbp/pics-sport/Forest%20Run%202026/Pt3/DSC_4745_result.jpg
NETWORK t=  8431.2ms dt=    0.1ms tid=ThreadId(19) read_start uri=smb://dietpi.local/4tbp/pics-sport/Forest%20Run%202026/Pt3/DSC_4745_result.jpg
NETWORK t=  8431.2ms dt=    0.0ms tid=ThreadId(19) smb_read_start url=smb://dietpi.local/4tbp/pics-sport/Forest Run 2026/Pt3/DSC_4745_result.jpg whole-file
NETWORK t=  8433.5ms dt=    2.3ms tid=pic-smb-transport smb_transport stat ms=11.1
NETWORK t=  8434.0ms dt=    0.4ms tid=pic-smb-transport smb_client_context_freed
NETWORK t=  8434.0ms dt=    0.0ms tid=pic-smb-transport smb_client_new_start
NETWORK t=  8434.6ms dt=    0.6ms tid=pic-smb-transport smb_client_context_created
NETWORK t=  8434.6ms dt=    0.0ms tid=pic-smb-transport smb_client_init_start
NETWORK t=  8434.6ms dt=    0.0ms tid=pic-smb-transport smb_client_init_done
NETWORK t=  8462.5ms dt=   27.9ms tid=main shares_refresh_start op=2
NETWORK t=  8463.3ms dt=    0.7ms tid=main shares_refresh_done count=5 op=2
NETWORK t=  8467.7ms dt=    4.4ms tid=main filter_selected Folder(255) op=3 op=3
NETWORK t=  8467.7ms dt=    0.0ms tid=main filter_selected_begin op=3
NETWORK t=  8467.8ms dt=    0.0ms tid=main apply_filter_start filter=Folder(255) exact=false op=3
NETWORK t=  8467.8ms dt=    0.0ms tid=main apply_filter_unchanged suppress_rebuild=true op=3
NETWORK t=  8467.8ms dt=    0.0ms tid=main apply_filter_done op=3
NETWORK t=  8467.8ms dt=    0.0ms tid=main filter_selected_end op=3
NETWORK t=  8478.7ms dt=   10.9ms tid=pic-smb-transport smb_transport read_file ms=44.1
NETWORK t=  8479.1ms dt=    0.4ms tid=pic-smb-transport smb_client_context_freed
NETWORK t=  8479.2ms dt=    0.0ms tid=pic-smb-transport smb_client_new_start
NETWORK t=  8479.2ms dt=    0.0ms tid=ThreadId(20) read_done uri=smb://dietpi.local/4tbp/pics-sport/Forest%20Run%202026/pt4/DSC_5026_result.jpg bytes=1261112 ms=81.0
NETWORK t=  8479.5ms dt=    0.3ms tid=ThreadId(20) materialize_done uri=smb://dietpi.local/4tbp/pics-sport/Forest%20Run%202026/pt4/DSC_5026_result.jpg path=/home/peet/.cache/picasa-rs/source/v/6097a3fb3a7e40365be2b4292cd46ab4afdebd2d45cef9918fa5f301b887abc4.jpg ms=81.3
NETWORK t=  8479.9ms dt=    0.4ms tid=pic-smb-transport smb_client_context_created
NETWORK t=  8479.9ms dt=    0.0ms tid=pic-smb-transport smb_client_init_start
NETWORK t=  8479.9ms dt=    0.0ms tid=pic-smb-transport smb_client_init_done
NETWORK t=  8482.9ms dt=    3.0ms tid=ThreadId(20) read_start uri=smb://dietpi.local/4tbp/pics-sport/Forest%20Run%202026/Pt3/DSC_4870_result.jpg
NETWORK t=  8483.0ms dt=    0.0ms tid=ThreadId(20) smb_read_start url=smb://dietpi.local/4tbp/pics-sport/Forest Run 2026/Pt3/DSC_4870_result.jpg whole-file
NETWORK t=  8513.4ms dt=   30.4ms tid=main shares_counts_ready count=5 op=3
NETWORK t=  8514.6ms dt=    1.2ms tid=pic-smb-transport smb_transport read_file ms=34.6
NETWORK t=  8514.9ms dt=    0.3ms tid=pic-smb-transport smb_client_context_freed
NETWORK t=  8514.9ms dt=    0.0ms tid=pic-smb-transport smb_client_new_start
NETWORK t=  8515.0ms dt=    0.0ms tid=ThreadId(19) read_done uri=smb://dietpi.local/4tbp/pics-sport/Forest%20Run%202026/Pt3/DSC_4745_result.jpg bytes=902225 ms=83.8
NETWORK t=  8515.3ms dt=    0.3ms tid=ThreadId(19) materialize_done uri=smb://dietpi.local/4tbp/pics-sport/Forest%20Run%202026/Pt3/DSC_4745_result.jpg path=/home/peet/.cache/picasa-rs/source/q/fafa565e6b1b6a8a4be0ebec51d193dfc016e2f4cb098ce8fcc1e332761c5ad9.jpg ms=84.2
NETWORK t=  8515.6ms dt=    0.4ms tid=pic-smb-transport smb_client_context_created
NETWORK t=  8515.7ms dt=    0.0ms tid=pic-smb-transport smb_client_init_start
NETWORK t=  8515.7ms dt=    0.0ms tid=pic-smb-transport smb_client_init_done
NETWORK t=  8518.6ms dt=    2.9ms tid=ThreadId(19) read_start uri=smb://dietpi.local/4tbp/pics-sport/Forest%20Run%202026/Pt3/DSC_4801_result.jpg
NETWORK t=  8518.6ms dt=    0.0ms tid=ThreadId(19) smb_read_start url=smb://dietpi.local/4tbp/pics-sport/Forest Run 2026/Pt3/DSC_4801_result.jpg whole-file
NETWORK t=  8526.6ms dt=    7.9ms tid=pic-smb-transport smb_transport stat ms=10.9
NETWORK t=  8526.9ms dt=    0.4ms tid=pic-smb-transport smb_client_context_freed
NETWORK t=  8526.9ms dt=    0.0ms tid=pic-smb-transport smb_client_new_start
NETWORK t=  8527.0ms dt=    0.0ms tid=ThreadId(6) smb_stat_start url=smb://dietpi.local/4tbp/pics-sport/Forest Run 2026/Pt3/DSC_4859_result.jpg lane=background
NETWORK t=  8527.7ms dt=    0.7ms tid=pic-smb-transport smb_client_context_created
NETWORK t=  8527.7ms dt=    0.0ms tid=pic-smb-transport smb_client_init_start
NETWORK t=  8527.8ms dt=    0.0ms tid=pic-smb-transport smb_client_init_done
NETWORK t=  8573.3ms dt=   45.6ms tid=pic-smb-transport smb_transport read_file ms=45.5
NETWORK t=  8573.7ms dt=    0.4ms tid=pic-smb-transport smb_client_context_freed
NETWORK t=  8573.7ms dt=    0.0ms tid=pic-smb-transport smb_client_new_start
NETWORK t=  8573.8ms dt=    0.1ms tid=ThreadId(19) read_done uri=smb://dietpi.local/4tbp/pics-sport/Forest%20Run%202026/Pt3/DSC_4801_result.jpg bytes=1328138 ms=55.1
NETWORK t=  8574.5ms dt=    0.7ms tid=pic-smb-transport smb_client_context_created
NETWORK t=  8574.5ms dt=    0.0ms tid=pic-smb-transport smb_client_init_start
NETWORK t=  8574.6ms dt=    0.0ms tid=pic-smb-transport smb_client_init_done
NETWORK t=  8586.2ms dt=   11.6ms tid=ThreadId(19) materialize_start uri=smb://dietpi.local/4tbp/pics-sport/Forest%20Run%202026/Pt3/DSC_4801_result.jpg
NETWORK t=  8586.2ms dt=    0.1ms tid=ThreadId(19) read_start uri=smb://dietpi.local/4tbp/pics-sport/Forest%20Run%202026/Pt3/DSC_4801_result.jpg
NETWORK t=  8586.3ms dt=    0.0ms tid=ThreadId(19) smb_read_start url=smb://dietpi.local/4tbp/pics-sport/Forest Run 2026/Pt3/DSC_4801_result.jpg whole-file
NETWORK t=  8619.3ms dt=   33.1ms tid=pic-smb-transport smb_transport read_file ms=44.7
NETWORK t=  8619.7ms dt=    0.4ms tid=pic-smb-transport smb_client_context_freed
NETWORK t=  8619.7ms dt=    0.0ms tid=pic-smb-transport smb_client_new_start
NETWORK t=  8619.7ms dt=    0.0ms tid=ThreadId(20) read_done uri=smb://dietpi.local/4tbp/pics-sport/Forest%20Run%202026/Pt3/DSC_4870_result.jpg bytes=1304612 ms=136.8
NETWORK t=  8620.3ms dt=    0.6ms tid=pic-smb-transport smb_client_context_created
NETWORK t=  8620.3ms dt=    0.0ms tid=pic-smb-transport smb_client_init_start
NETWORK t=  8620.4ms dt=    0.0ms tid=pic-smb-transport smb_client_init_done
NETWORK t=  8631.0ms dt=   10.6ms tid=pic-smb-transport smb_transport stat ms=10.6
NETWORK t=  8631.3ms dt=    0.4ms tid=pic-smb-transport smb_client_context_freed
NETWORK t=  8631.4ms dt=    0.0ms tid=pic-smb-transport smb_client_new_start
NETWORK t=  8631.4ms dt=    0.0ms tid=ThreadId(6) smb_stat_start url=smb://dietpi.local/4tbp/pics-sport/Forest Run 2026/Pt3/DSC_4857_result.jpg lane=background
NETWORK t=  8632.1ms dt=    0.7ms tid=pic-smb-transport smb_client_context_created
NETWORK t=  8632.2ms dt=    0.0ms tid=pic-smb-transport smb_client_init_start
NETWORK t=  8632.2ms dt=    0.0ms tid=pic-smb-transport smb_client_init_done
NETWORK t=  8632.4ms dt=    0.2ms tid=ThreadId(20) materialize_start uri=smb://dietpi.local/4tbp/pics-sport/Forest%20Run%202026/Pt3/DSC_4870_result.jpg
NETWORK t=  8632.4ms dt=    0.1ms tid=ThreadId(20) read_start uri=smb://dietpi.local/4tbp/pics-sport/Forest%20Run%202026/Pt3/DSC_4870_result.jpg
NETWORK t=  8632.5ms dt=    0.0ms tid=ThreadId(20) smb_read_start url=smb://dietpi.local/4tbp/pics-sport/Forest Run 2026/Pt3/DSC_4870_result.jpg whole-file
NETWORK t=  8677.7ms dt=   45.2ms tid=pic-smb-transport smb_transport read_file ms=45.5
NETWORK t=  8678.1ms dt=    0.4ms tid=pic-smb-transport smb_client_context_freed
NETWORK t=  8678.1ms dt=    0.0ms tid=pic-smb-transport smb_client_new_start
NETWORK t=  8678.1ms dt=    0.0ms tid=ThreadId(19) read_done uri=smb://dietpi.local/4tbp/pics-sport/Forest%20Run%202026/Pt3/DSC_4801_result.jpg bytes=1328138 ms=91.9
NETWORK t=  8678.4ms dt=    0.3ms tid=ThreadId(19) materialize_done uri=smb://dietpi.local/4tbp/pics-sport/Forest%20Run%202026/Pt3/DSC_4801_result.jpg path=/home/peet/.cache/picasa-rs/source/q/9b12b988f60d1f8e2e2cbc137166a642ffcf621996ff99fad97b6931a6242030.jpg ms=92.2
NETWORK t=  8678.7ms dt=    0.3ms tid=pic-smb-transport smb_client_context_created
NETWORK t=  8678.7ms dt=    0.0ms tid=pic-smb-transport smb_client_init_start
NETWORK t=  8678.7ms dt=    0.0ms tid=pic-smb-transport smb_client_init_done
NETWORK t=  8681.5ms dt=    2.8ms tid=ThreadId(19) read_start uri=smb://dietpi.local/4tbp/pics-sport/Forest%20Run%202026/Pt3/DSC_4845_result.jpg
NETWORK t=  8681.6ms dt=    0.0ms tid=ThreadId(19) smb_read_start url=smb://dietpi.local/4tbp/pics-sport/Forest Run 2026/Pt3/DSC_4845_result.jpg whole-file
NETWORK t=  8689.7ms dt=    8.2ms tid=pic-smb-transport smb_transport stat ms=11.0
NETWORK t=  8690.1ms dt=    0.4ms tid=pic-smb-transport smb_client_context_freed
NETWORK t=  8690.2ms dt=    0.0ms tid=pic-smb-transport smb_client_new_start
NETWORK t=  8690.2ms dt=    0.0ms tid=ThreadId(6) smb_stat_start url=smb://dietpi.local/4tbp/pics-sport/Forest Run 2026/Pt3/DSC_4858_result.jpg lane=background
NETWORK t=  8690.8ms dt=    0.6ms tid=pic-smb-transport smb_client_context_created
NETWORK t=  8690.9ms dt=    0.0ms tid=pic-smb-transport smb_client_init_start
NETWORK t=  8690.9ms dt=    0.0ms tid=pic-smb-transport smb_client_init_done
NETWORK t=  8732.7ms dt=   41.8ms tid=pic-smb-transport smb_transport read_file ms=41.8
NETWORK t=  8733.1ms dt=    0.4ms tid=pic-smb-transport smb_client_context_freed
NETWORK t=  8733.2ms dt=    0.0ms tid=pic-smb-transport smb_client_new_start
NETWORK t=  8733.2ms dt=    0.0ms tid=ThreadId(19) read_done uri=smb://dietpi.local/4tbp/pics-sport/Forest%20Run%202026/Pt3/DSC_4845_result.jpg bytes=1179497 ms=51.6
NETWORK t=  8733.9ms dt=    0.7ms tid=pic-smb-transport smb_client_context_created
NETWORK t=  8734.0ms dt=    0.0ms tid=pic-smb-transport smb_client_init_start
NETWORK t=  8734.0ms dt=    0.0ms tid=pic-smb-transport smb_client_init_done
NETWORK t=  8745.0ms dt=   11.1ms tid=ThreadId(19) materialize_start uri=smb://dietpi.local/4tbp/pics-sport/Forest%20Run%202026/Pt3/DSC_4845_result.jpg
NETWORK t=  8745.1ms dt=    0.1ms tid=ThreadId(19) read_start uri=smb://dietpi.local/4tbp/pics-sport/Forest%20Run%202026/Pt3/DSC_4845_result.jpg
NETWORK t=  8745.1ms dt=    0.0ms tid=ThreadId(19) smb_read_start url=smb://dietpi.local/4tbp/pics-sport/Forest Run 2026/Pt3/DSC_4845_result.jpg whole-file
NETWORK t=  8781.2ms dt=   36.1ms tid=pic-smb-transport smb_transport read_file ms=47.2
NETWORK t=  8781.7ms dt=    0.4ms tid=pic-smb-transport smb_client_context_freed
NETWORK t=  8781.7ms dt=    0.0ms tid=pic-smb-transport smb_client_new_start
NETWORK t=  8781.7ms dt=    0.0ms tid=ThreadId(20) read_done uri=smb://dietpi.local/4tbp/pics-sport/Forest%20Run%202026/Pt3/DSC_4870_result.jpg bytes=1304612 ms=149.3
NETWORK t=  8782.1ms dt=    0.3ms tid=ThreadId(20) materialize_done uri=smb://dietpi.local/4tbp/pics-sport/Forest%20Run%202026/Pt3/DSC_4870_result.jpg path=/home/peet/.cache/picasa-rs/source/v/ce6b9fdd030f447419b2b98a249337b5feb590e16cb7e8c3e8de3aaba9c09e21.jpg ms=149.7
NETWORK t=  8782.4ms dt=    0.3ms tid=pic-smb-transport smb_client_context_created
NETWORK t=  8782.4ms dt=    0.0ms tid=pic-smb-transport smb_client_init_start
NETWORK t=  8782.4ms dt=    0.0ms tid=pic-smb-transport smb_client_init_done
NETWORK t=  8785.9ms dt=    3.5ms tid=ThreadId(20) read_start uri=smb://dietpi.local/4tbp/pics-sport/Forest%20Run%202026/Pt3/DSC_4803_result.jpg
NETWORK t=  8785.9ms dt=    0.0ms tid=ThreadId(20) smb_read_start url=smb://dietpi.local/4tbp/pics-sport/Forest Run 2026/Pt3/DSC_4803_result.jpg whole-file
NETWORK t=  8800.0ms dt=   14.1ms tid=pic-smb-transport smb_transport stat ms=17.6
NETWORK t=  8800.6ms dt=    0.6ms tid=pic-smb-transport smb_client_context_freed
NETWORK t=  8800.7ms dt=    0.0ms tid=pic-smb-transport smb_client_new_start
NETWORK t=  8800.7ms dt=    0.0ms tid=ThreadId(6) smb_stat_start url=smb://dietpi.local/4tbp/pics-sport/Forest Run 2026/Pt3/DSC_4856_result.jpg lane=background
NETWORK t=  8801.4ms dt=    0.6ms tid=pic-smb-transport smb_client_context_created
NETWORK t=  8801.4ms dt=    0.0ms tid=pic-smb-transport smb_client_init_start
NETWORK t=  8801.4ms dt=    0.0ms tid=pic-smb-transport smb_client_init_done
NETWORK t=  8862.6ms dt=   61.2ms tid=pic-smb-transport smb_transport read_file ms=61.1
NETWORK t=  8863.2ms dt=    0.6ms tid=pic-smb-transport smb_client_context_freed
NETWORK t=  8863.2ms dt=    0.0ms tid=pic-smb-transport smb_client_new_start
NETWORK t=  8863.2ms dt=    0.0ms tid=ThreadId(19) read_done uri=smb://dietpi.local/4tbp/pics-sport/Forest%20Run%202026/Pt3/DSC_4845_result.jpg bytes=1179497 ms=118.1
NETWORK t=  8863.5ms dt=    0.3ms tid=ThreadId(19) materialize_done uri=smb://dietpi.local/4tbp/pics-sport/Forest%20Run%202026/Pt3/DSC_4845_result.jpg path=/home/peet/.cache/picasa-rs/source/l/5c9d337b47139d267c1d0060e4c0f9f13786686636edd0e9884020972563bc01.jpg ms=118.5
NETWORK t=  8864.0ms dt=    0.5ms tid=pic-smb-transport smb_client_context_created
NETWORK t=  8864.1ms dt=    0.0ms tid=pic-smb-transport smb_client_init_start
NETWORK t=  8864.1ms dt=    0.0ms tid=pic-smb-transport smb_client_init_done
NETWORK t=  8867.0ms dt=    2.9ms tid=ThreadId(19) read_start uri=smb://dietpi.local/4tbp/pics-sport/Forest%20Run%202026/Pt3/DSC_4694_result.jpg
NETWORK t=  8867.0ms dt=    0.0ms tid=ThreadId(19) smb_read_start url=smb://dietpi.local/4tbp/pics-sport/Forest Run 2026/Pt3/DSC_4694_result.jpg whole-file
NETWORK t=  8880.8ms dt=   13.8ms tid=pic-smb-transport smb_transport stat ms=16.7
NETWORK t=  8881.3ms dt=    0.5ms tid=pic-smb-transport smb_client_context_freed
NETWORK t=  8881.4ms dt=    0.0ms tid=pic-smb-transport smb_client_new_start
NETWORK t=  8881.4ms dt=    0.0ms tid=ThreadId(6) smb_stat_start url=smb://dietpi.local/4tbp/pics-sport/Forest Run 2026/Pt3/DSC_4855_result.jpg lane=background
NETWORK t=  8882.2ms dt=    0.8ms tid=pic-smb-transport smb_client_context_created
NETWORK t=  8882.2ms dt=    0.0ms tid=pic-smb-transport smb_client_init_start
NETWORK t=  8882.2ms dt=    0.0ms tid=pic-smb-transport smb_client_init_done
NETWORK t=  8928.7ms dt=   46.5ms tid=pic-smb-transport smb_transport read_file ms=46.5
NETWORK t=  8929.4ms dt=    0.7ms tid=pic-smb-transport smb_client_context_freed
NETWORK t=  8929.4ms dt=    0.0ms tid=pic-smb-transport smb_client_new_start
NETWORK t=  8929.5ms dt=    0.0ms tid=ThreadId(19) read_done uri=smb://dietpi.local/4tbp/pics-sport/Forest%20Run%202026/Pt3/DSC_4694_result.jpg bytes=1081105 ms=62.4
NETWORK t=  8930.1ms dt=    0.6ms tid=pic-smb-transport smb_client_context_created
NETWORK t=  8930.1ms dt=    0.0ms tid=pic-smb-transport smb_client_init_start
NETWORK t=  8930.1ms dt=    0.0ms tid=pic-smb-transport smb_client_init_done
NETWORK t=  8940.7ms dt=   10.5ms tid=ThreadId(19) materialize_start uri=smb://dietpi.local/4tbp/pics-sport/Forest%20Run%202026/Pt3/DSC_4694_result.jpg
NETWORK t=  8940.7ms dt=    0.1ms tid=ThreadId(19) read_start uri=smb://dietpi.local/4tbp/pics-sport/Forest%20Run%202026/Pt3/DSC_4694_result.jpg
NETWORK t=  8940.7ms dt=    0.0ms tid=ThreadId(19) smb_read_start url=smb://dietpi.local/4tbp/pics-sport/Forest Run 2026/Pt3/DSC_4694_result.jpg whole-file
NETWORK t=  9001.7ms dt=   61.0ms tid=pic-smb-transport smb_transport read_file ms=71.6
NETWORK t=  9002.4ms dt=    0.7ms tid=pic-smb-transport smb_client_context_freed
NETWORK t=  9002.4ms dt=    0.0ms tid=pic-smb-transport smb_client_new_start
NETWORK t=  9002.5ms dt=    0.0ms tid=ThreadId(20) read_done uri=smb://dietpi.local/4tbp/pics-sport/Forest%20Run%202026/Pt3/DSC_4803_result.jpg bytes=1181437 ms=216.5
NETWORK t=  9003.1ms dt=    0.6ms tid=pic-smb-transport smb_client_context_created
NETWORK t=  9003.1ms dt=    0.0ms tid=pic-smb-transport smb_client_init_start
NETWORK t=  9003.1ms dt=    0.0ms tid=pic-smb-transport smb_client_init_done
NETWORK t=  9014.6ms dt=   11.5ms tid=ThreadId(20) materialize_start uri=smb://dietpi.local/4tbp/pics-sport/Forest%20Run%202026/Pt3/DSC_4803_result.jpg
NETWORK t=  9014.7ms dt=    0.1ms tid=ThreadId(20) read_start uri=smb://dietpi.local/4tbp/pics-sport/Forest%20Run%202026/Pt3/DSC_4803_result.jpg
NETWORK t=  9014.7ms dt=    0.0ms tid=ThreadId(20) smb_read_start url=smb://dietpi.local/4tbp/pics-sport/Forest Run 2026/Pt3/DSC_4803_result.jpg whole-file
NETWORK t=  9030.4ms dt=   15.7ms tid=pic-smb-transport smb_transport stat ms=27.3
NETWORK t=  9031.1ms dt=    0.7ms tid=pic-smb-transport smb_client_context_freed
NETWORK t=  9031.2ms dt=    0.0ms tid=pic-smb-transport smb_client_new_start
NETWORK t=  9031.2ms dt=    0.0ms tid=ThreadId(6) smb_stat_start url=smb://dietpi.local/4tbp/pics-sport/Forest Run 2026/Pt3/DSC_4854_result.jpg lane=background
NETWORK t=  9031.9ms dt=    0.7ms tid=pic-smb-transport smb_client_context_created
NETWORK t=  9032.0ms dt=    0.0ms tid=pic-smb-transport smb_client_init_start
NETWORK t=  9032.0ms dt=    0.0ms tid=pic-smb-transport smb_client_init_done
NETWORK t=  9104.9ms dt=   72.9ms tid=pic-smb-transport smb_transport read_file ms=72.9
NETWORK t=  9105.6ms dt=    0.7ms tid=pic-smb-transport smb_client_context_freed
NETWORK t=  9105.6ms dt=    0.0ms tid=pic-smb-transport smb_client_new_start
NETWORK t=  9105.7ms dt=    0.0ms tid=ThreadId(20) read_done uri=smb://dietpi.local/4tbp/pics-sport/Forest%20Run%202026/Pt3/DSC_4803_result.jpg bytes=1181437 ms=90.9
NETWORK t=  9105.9ms dt=    0.3ms tid=ThreadId(20) materialize_done uri=smb://dietpi.local/4tbp/pics-sport/Forest%20Run%202026/Pt3/DSC_4803_result.jpg path=/home/peet/.cache/picasa-rs/source/m/6f52b82fc0fb372699fca98cf5bc3b82ddccdbfc11a620b7b8c66eb65ca1ea6b.jpg ms=91.3
NETWORK t=  9106.4ms dt=    0.4ms tid=pic-smb-transport smb_client_context_created
NETWORK t=  9106.4ms dt=    0.0ms tid=pic-smb-transport smb_client_init_start
NETWORK t=  9106.4ms dt=    0.0ms tid=pic-smb-transport smb_client_init_done
NETWORK t=  9109.2ms dt=    2.7ms tid=ThreadId(20) read_start uri=smb://dietpi.local/4tbp/pics-sport/Forest%20Run%202026/Pt3/DSC_4711_result.jpg
NETWORK t=  9109.2ms dt=    0.0ms tid=ThreadId(20) smb_read_start url=smb://dietpi.local/4tbp/pics-sport/Forest Run 2026/Pt3/DSC_4711_result.jpg whole-file
NETWORK t=  9157.1ms dt=   47.9ms tid=pic-smb-transport smb_transport read_file ms=50.6
NETWORK t=  9157.6ms dt=    0.5ms tid=pic-smb-transport smb_client_context_freed
NETWORK t=  9157.6ms dt=    0.0ms tid=pic-smb-transport smb_client_new_start
NETWORK t=  9157.6ms dt=    0.0ms tid=ThreadId(19) read_done uri=smb://dietpi.local/4tbp/pics-sport/Forest%20Run%202026/Pt3/DSC_4694_result.jpg bytes=1081105 ms=216.9
NETWORK t=  9157.9ms dt=    0.3ms tid=ThreadId(19) materialize_done uri=smb://dietpi.local/4tbp/pics-sport/Forest%20Run%202026/Pt3/DSC_4694_result.jpg path=/home/peet/.cache/picasa-rs/source/x/5265c57c05b693ec3467b32c0fc8838f915388f4788347bf16600f8c2e1ab86e.jpg ms=217.3
NETWORK t=  9158.3ms dt=    0.4ms tid=pic-smb-transport smb_client_context_created
NETWORK t=  9158.3ms dt=    0.0ms tid=pic-smb-transport smb_client_init_start
NETWORK t=  9158.3ms dt=    0.0ms tid=pic-smb-transport smb_client_init_done
NETWORK t=  9161.2ms dt=    2.9ms tid=ThreadId(19) read_start uri=smb://dietpi.local/4tbp/pics-sport/Forest%20Run%202026/Pt3/DSC_4829_result.jpg
NETWORK t=  9161.3ms dt=    0.0ms tid=ThreadId(19) smb_read_start url=smb://dietpi.local/4tbp/pics-sport/Forest Run 2026/Pt3/DSC_4829_result.jpg whole-file
NETWORK t=  9221.1ms dt=   59.9ms tid=pic-smb-transport smb_transport read_file ms=62.8
NETWORK t=  9221.9ms dt=    0.8ms tid=pic-smb-transport smb_client_context_freed
NETWORK t=  9221.9ms dt=    0.0ms tid=pic-smb-transport smb_client_new_start
NETWORK t=  9221.9ms dt=    0.0ms tid=ThreadId(20) read_done uri=smb://dietpi.local/4tbp/pics-sport/Forest%20Run%202026/Pt3/DSC_4711_result.jpg bytes=1143284 ms=112.7
NETWORK t=  9222.5ms dt=    0.6ms tid=pic-smb-transport smb_client_context_created
NETWORK t=  9222.5ms dt=    0.0ms tid=pic-smb-transport smb_client_init_start
NETWORK t=  9222.6ms dt=    0.0ms tid=pic-smb-transport smb_client_init_done
NETWORK t=  9233.8ms dt=   11.3ms tid=ThreadId(20) materialize_start uri=smb://dietpi.local/4tbp/pics-sport/Forest%20Run%202026/Pt3/DSC_4711_result.jpg
NETWORK t=  9233.9ms dt=    0.1ms tid=ThreadId(20) read_start uri=smb://dietpi.local/4tbp/pics-sport/Forest%20Run%202026/Pt3/DSC_4711_result.jpg
NETWORK t=  9233.9ms dt=    0.0ms tid=ThreadId(20) smb_read_start url=smb://dietpi.local/4tbp/pics-sport/Forest Run 2026/Pt3/DSC_4711_result.jpg whole-file
NETWORK t=  9249.4ms dt=   15.5ms tid=pic-smb-transport smb_transport stat ms=26.8
NETWORK t=  9250.2ms dt=    0.7ms tid=pic-smb-transport smb_client_context_freed
NETWORK t=  9250.2ms dt=    0.0ms tid=pic-smb-transport smb_client_new_start
NETWORK t=  9250.2ms dt=    0.0ms tid=ThreadId(6) smb_stat_start url=smb://dietpi.local/4tbp/pics-sport/Forest Run 2026/Pt3/DSC_4853_result.jpg lane=background
NETWORK t=  9250.8ms dt=    0.6ms tid=pic-smb-transport smb_client_context_created
NETWORK t=  9250.8ms dt=    0.0ms tid=pic-smb-transport smb_client_init_start
NETWORK t=  9250.8ms dt=    0.0ms tid=pic-smb-transport smb_client_init_done
NETWORK t=  9307.7ms dt=   56.9ms tid=pic-smb-transport smb_transport read_file ms=56.8
NETWORK t=  9308.2ms dt=    0.5ms tid=pic-smb-transport smb_client_context_freed
NETWORK t=  9308.2ms dt=    0.0ms tid=pic-smb-transport smb_client_new_start
NETWORK t=  9308.3ms dt=    0.0ms tid=ThreadId(19) read_done uri=smb://dietpi.local/4tbp/pics-sport/Forest%20Run%202026/Pt3/DSC_4829_result.jpg bytes=1293667 ms=147.0
NETWORK t=  9309.0ms dt=    0.8ms tid=pic-smb-transport smb_client_context_created
NETWORK t=  9309.1ms dt=    0.0ms tid=pic-smb-transport smb_client_init_start
NETWORK t=  9309.1ms dt=    0.0ms tid=pic-smb-transport smb_client_init_done
NETWORK t=  9321.1ms dt=   12.0ms tid=ThreadId(19) materialize_start uri=smb://dietpi.local/4tbp/pics-sport/Forest%20Run%202026/Pt3/DSC_4829_result.jpg
NETWORK t=  9321.2ms dt=    0.1ms tid=ThreadId(19) read_start uri=smb://dietpi.local/4tbp/pics-sport/Forest%20Run%202026/Pt3/DSC_4829_result.jpg
NETWORK t=  9321.2ms dt=    0.0ms tid=ThreadId(19) smb_read_start url=smb://dietpi.local/4tbp/pics-sport/Forest Run 2026/Pt3/DSC_4829_result.jpg whole-file
NETWORK t=  9329.5ms dt=    8.3ms tid=pic-smb-transport smb_transport stat ms=20.4
NETWORK t=  9330.2ms dt=    0.7ms tid=pic-smb-transport smb_client_context_freed
NETWORK t=  9330.2ms dt=    0.0ms tid=pic-smb-transport smb_client_new_start
NETWORK t=  9330.3ms dt=    0.1ms tid=ThreadId(6) smb_stat_start url=smb://dietpi.local/4tbp/pics-sport/Forest Run 2026/Pt3/DSC_4852_result.jpg lane=background
NETWORK t=  9330.8ms dt=    0.5ms tid=pic-smb-transport smb_client_context_created
NETWORK t=  9330.8ms dt=    0.0ms tid=pic-smb-transport smb_client_init_start
NETWORK t=  9330.9ms dt=    0.0ms tid=pic-smb-transport smb_client_init_done
NETWORK t=  9404.8ms dt=   74.0ms tid=pic-smb-transport smb_transport read_file ms=74.0
NETWORK t=  9405.5ms dt=    0.7ms tid=pic-smb-transport smb_client_context_freed
NETWORK t=  9405.6ms dt=    0.0ms tid=pic-smb-transport smb_client_new_start
NETWORK t=  9405.6ms dt=    0.0ms tid=ThreadId(19) read_done uri=smb://dietpi.local/4tbp/pics-sport/Forest%20Run%202026/Pt3/DSC_4829_result.jpg bytes=1293667 ms=84.4
NETWORK t=  9405.9ms dt=    0.3ms tid=ThreadId(19) materialize_done uri=smb://dietpi.local/4tbp/pics-sport/Forest%20Run%202026/Pt3/DSC_4829_result.jpg path=/home/peet/.cache/picasa-rs/source/7/4c63e986ccf9032229213e38ced3922cbd957e9ed905e4f763d562dfa409ddb9.jpg ms=84.8
NETWORK t=  9406.3ms dt=    0.4ms tid=pic-smb-transport smb_client_context_created
NETWORK t=  9406.3ms dt=    0.0ms tid=pic-smb-transport smb_client_init_start
NETWORK t=  9406.4ms dt=    0.0ms tid=pic-smb-transport smb_client_init_done
NETWORK t=  9409.0ms dt=    2.7ms tid=ThreadId(19) read_start uri=smb://dietpi.local/4tbp/pics-sport/Forest%20Run%202026/pt4/DSC_5030_result.jpg
NETWORK t=  9409.1ms dt=    0.0ms tid=ThreadId(19) smb_read_start url=smb://dietpi.local/4tbp/pics-sport/Forest Run 2026/pt4/DSC_5030_result.jpg whole-file
NETWORK t=  9473.6ms dt=   64.6ms tid=pic-smb-transport smb_transport read_file ms=67.2
NETWORK t=  9474.3ms dt=    0.6ms tid=pic-smb-transport smb_client_context_freed
NETWORK t=  9474.3ms dt=    0.0ms tid=pic-smb-transport smb_client_new_start
NETWORK t=  9474.3ms dt=    0.0ms tid=ThreadId(20) read_done uri=smb://dietpi.local/4tbp/pics-sport/Forest%20Run%202026/Pt3/DSC_4711_result.jpg bytes=1143284 ms=240.4
NETWORK t=  9474.7ms dt=    0.3ms tid=ThreadId(20) materialize_done uri=smb://dietpi.local/4tbp/pics-sport/Forest%20Run%202026/Pt3/DSC_4711_result.jpg path=/home/peet/.cache/picasa-rs/source/4/05ece3d78eb217da3df1310d5a71bf727c425eee6441225f3bbcde78f2756e60.jpg ms=240.8
NETWORK t=  9475.1ms dt=    0.4ms tid=pic-smb-transport smb_client_context_created
NETWORK t=  9475.1ms dt=    0.0ms tid=pic-smb-transport smb_client_init_start
NETWORK t=  9475.1ms dt=    0.0ms tid=pic-smb-transport smb_client_init_done
NETWORK t=  9478.1ms dt=    3.0ms tid=ThreadId(20) read_start uri=smb://dietpi.local/4tbp/pics-sport/Forest%20Run%202026/Pt3/DSC_4852_result.jpg
NETWORK t=  9478.1ms dt=    0.0ms tid=ThreadId(20) smb_read_start url=smb://dietpi.local/4tbp/pics-sport/Forest Run 2026/Pt3/DSC_4852_result.jpg whole-file
NETWORK t=  9491.6ms dt=   13.5ms tid=pic-smb-transport smb_transport stat ms=16.5
NETWORK t=  9492.1ms dt=    0.4ms tid=pic-smb-transport smb_client_context_freed
NETWORK t=  9492.1ms dt=    0.0ms tid=pic-smb-transport smb_client_new_start
NETWORK t=  9492.1ms dt=    0.0ms tid=ThreadId(6) smb_stat_start url=smb://dietpi.local/4tbp/pics-sport/Forest Run 2026/Pt3/DSC_4851_result.jpg lane=background
NETWORK t=  9492.7ms dt=    0.6ms tid=pic-smb-transport smb_client_context_created
NETWORK t=  9492.7ms dt=    0.0ms tid=pic-smb-transport smb_client_init_start
NETWORK t=  9492.7ms dt=    0.0ms tid=pic-smb-transport smb_client_init_done
NETWORK t=  9540.6ms dt=   47.9ms tid=pic-smb-transport smb_transport read_file ms=47.8
NETWORK t=  9541.1ms dt=    0.5ms tid=pic-smb-transport smb_client_context_freed
NETWORK t=  9541.1ms dt=    0.0ms tid=pic-smb-transport smb_client_new_start
NETWORK t=  9541.2ms dt=    0.0ms tid=ThreadId(20) read_done uri=smb://dietpi.local/4tbp/pics-sport/Forest%20Run%202026/Pt3/DSC_4852_result.jpg bytes=1329724 ms=63.0
NETWORK t=  9542.0ms dt=    0.8ms tid=pic-smb-transport smb_client_context_created
NETWORK t=  9542.0ms dt=    0.0ms tid=pic-smb-transport smb_client_init_start
NETWORK t=  9542.0ms dt=    0.0ms tid=pic-smb-transport smb_client_init_done
NETWORK t=  9554.0ms dt=   11.9ms tid=ThreadId(20) materialize_start uri=smb://dietpi.local/4tbp/pics-sport/Forest%20Run%202026/Pt3/DSC_4852_result.jpg
NETWORK t=  9554.0ms dt=    0.1ms tid=ThreadId(20) read_start uri=smb://dietpi.local/4tbp/pics-sport/Forest%20Run%202026/Pt3/DSC_4852_result.jpg
NETWORK t=  9554.0ms dt=    0.0ms tid=ThreadId(20) smb_read_start url=smb://dietpi.local/4tbp/pics-sport/Forest Run 2026/Pt3/DSC_4852_result.jpg whole-file
NETWORK t=  9567.1ms dt=   13.0ms tid=pic-smb-transport smb_transport stat ms=25.0
NETWORK t=  9567.8ms dt=    0.8ms tid=pic-smb-transport smb_client_context_freed
NETWORK t=  9567.9ms dt=    0.0ms tid=pic-smb-transport smb_client_new_start
NETWORK t=  9567.9ms dt=    0.0ms tid=ThreadId(6) smb_stat_start url=smb://dietpi.local/4tbp/pics-sport/Forest Run 2026/Pt3/DSC_4850_result.jpg lane=background
NETWORK t=  9568.5ms dt=    0.6ms tid=pic-smb-transport smb_client_context_created
NETWORK t=  9568.5ms dt=    0.0ms tid=pic-smb-transport smb_client_init_start
NETWORK t=  9568.5ms dt=    0.0ms tid=pic-smb-transport smb_client_init_done
NETWORK t=  9625.7ms dt=   57.2ms tid=pic-smb-transport smb_transport read_file ms=57.1
NETWORK t=  9626.2ms dt=    0.5ms tid=pic-smb-transport smb_client_context_freed
NETWORK t=  9626.2ms dt=    0.0ms tid=pic-smb-transport smb_client_new_start
NETWORK t=  9626.2ms dt=    0.0ms tid=ThreadId(20) read_done uri=smb://dietpi.local/4tbp/pics-sport/Forest%20Run%202026/Pt3/DSC_4852_result.jpg bytes=1329724 ms=72.2
NETWORK t=  9626.5ms dt=    0.3ms tid=ThreadId(20) materialize_done uri=smb://dietpi.local/4tbp/pics-sport/Forest%20Run%202026/Pt3/DSC_4852_result.jpg path=/home/peet/.cache/picasa-rs/source/j/c26b85a3b142637919ca0fa4be427dde3fe183812a877a41635a85cb9a31181f.jpg ms=72.5
NETWORK t=  9626.9ms dt=    0.4ms tid=pic-smb-transport smb_client_context_created
NETWORK t=  9627.0ms dt=    0.0ms tid=pic-smb-transport smb_client_init_start
NETWORK t=  9627.0ms dt=    0.0ms tid=pic-smb-transport smb_client_init_done
NETWORK t=  9629.9ms dt=    2.9ms tid=ThreadId(20) read_start uri=smb://dietpi.local/4tbp/pics-sport/Forest%20Run%202026/Pt3/DSC_4689_result.jpg
NETWORK t=  9630.0ms dt=    0.0ms tid=ThreadId(20) smb_read_start url=smb://dietpi.local/4tbp/pics-sport/Forest Run 2026/Pt3/DSC_4689_result.jpg whole-file
NETWORK t=  9649.2ms dt=   19.2ms tid=pic-smb-transport smb_transport stat ms=22.2
NETWORK t=  9649.9ms dt=    0.7ms tid=pic-smb-transport smb_client_context_freed
NETWORK t=  9649.9ms dt=    0.0ms tid=pic-smb-transport smb_client_new_start
NETWORK t=  9649.9ms dt=    0.0ms tid=ThreadId(6) smb_stat_start url=smb://dietpi.local/4tbp/pics-sport/Forest Run 2026/Pt3/DSC_4848_result.jpg lane=background
NETWORK t=  9650.5ms dt=    0.5ms tid=pic-smb-transport smb_client_context_created
NETWORK t=  9650.5ms dt=    0.0ms tid=pic-smb-transport smb_client_init_start
NETWORK t=  9650.5ms dt=    0.0ms tid=pic-smb-transport smb_client_init_done
NETWORK t=  9727.4ms dt=   76.9ms tid=pic-smb-transport smb_transport read_file ms=76.9
NETWORK t=  9728.1ms dt=    0.7ms tid=pic-smb-transport smb_client_context_freed
NETWORK t=  9728.1ms dt=    0.0ms tid=pic-smb-transport smb_client_new_start
NETWORK t=  9728.1ms dt=    0.0ms tid=ThreadId(19) read_done uri=smb://dietpi.local/4tbp/pics-sport/Forest%20Run%202026/pt4/DSC_5030_result.jpg bytes=1287804 ms=319.1
NETWORK t=  9728.7ms dt=    0.6ms tid=pic-smb-transport smb_client_context_created
NETWORK t=  9728.7ms dt=    0.0ms tid=pic-smb-transport smb_client_init_start
NETWORK t=  9728.7ms dt=    0.0ms tid=pic-smb-transport smb_client_init_done
NETWORK t=  9740.0ms dt=   11.3ms tid=ThreadId(19) materialize_start uri=smb://dietpi.local/4tbp/pics-sport/Forest%20Run%202026/pt4/DSC_5030_result.jpg
NETWORK t=  9740.1ms dt=    0.1ms tid=ThreadId(19) read_start uri=smb://dietpi.local/4tbp/pics-sport/Forest%20Run%202026/pt4/DSC_5030_result.jpg
NETWORK t=  9740.1ms dt=    0.0ms tid=ThreadId(19) smb_read_start url=smb://dietpi.local/4tbp/pics-sport/Forest Run 2026/pt4/DSC_5030_result.jpg whole-file
NETWORK t=  9777.8ms dt=   37.7ms tid=pic-smb-transport smb_transport read_file ms=49.0
NETWORK t=  9778.2ms dt=    0.5ms tid=pic-smb-transport smb_client_context_freed
NETWORK t=  9778.3ms dt=    0.0ms tid=pic-smb-transport smb_client_new_start
NETWORK t=  9778.3ms dt=    0.0ms tid=ThreadId(20) read_done uri=smb://dietpi.local/4tbp/pics-sport/Forest%20Run%202026/Pt3/DSC_4689_result.jpg bytes=1163387 ms=148.3
NETWORK t=  9778.9ms dt=    0.6ms tid=pic-smb-transport smb_client_context_created
NETWORK t=  9778.9ms dt=    0.0ms tid=pic-smb-transport smb_client_init_start
NETWORK t=  9778.9ms dt=    0.0ms tid=pic-smb-transport smb_client_init_done
NETWORK t=  9789.5ms dt=   10.6ms tid=ThreadId(20) materialize_start uri=smb://dietpi.local/4tbp/pics-sport/Forest%20Run%202026/Pt3/DSC_4689_result.jpg
NETWORK t=  9789.6ms dt=    0.1ms tid=ThreadId(20) read_start uri=smb://dietpi.local/4tbp/pics-sport/Forest%20Run%202026/Pt3/DSC_4689_result.jpg
NETWORK t=  9789.6ms dt=    0.0ms tid=ThreadId(20) smb_read_start url=smb://dietpi.local/4tbp/pics-sport/Forest Run 2026/Pt3/DSC_4689_result.jpg whole-file
NETWORK t=  9845.3ms dt=   55.7ms tid=pic-smb-transport smb_transport read_file ms=66.4
NETWORK t=  9846.0ms dt=    0.7ms tid=pic-smb-transport smb_client_context_freed
NETWORK t=  9846.0ms dt=    0.0ms tid=pic-smb-transport smb_client_new_start
NETWORK t=  9846.0ms dt=    0.0ms tid=ThreadId(19) read_done uri=smb://dietpi.local/4tbp/pics-sport/Forest%20Run%202026/pt4/DSC_5030_result.jpg bytes=1287804 ms=105.9
NETWORK t=  9846.3ms dt=    0.3ms tid=ThreadId(19) materialize_done uri=smb://dietpi.local/4tbp/pics-sport/Forest%20Run%202026/pt4/DSC_5030_result.jpg path=/home/peet/.cache/picasa-rs/source/7/f2e3f84f2e5c2c4ea33bc4d80325072c14c178422addc30ab820df2723499cf1.jpg ms=106.3
NETWORK t=  9846.8ms dt=    0.5ms tid=pic-smb-transport smb_client_context_created
NETWORK t=  9846.8ms dt=    0.0ms tid=pic-smb-transport smb_client_init_start
NETWORK t=  9846.8ms dt=    0.0ms tid=pic-smb-transport smb_client_init_done
NETWORK t=  9849.5ms dt=    2.6ms tid=ThreadId(19) read_start uri=smb://dietpi.local/4tbp/pics-sport/Forest%20Run%202026/Pt3/DSC_4772_result.jpg
NETWORK t=  9849.5ms dt=    0.0ms tid=ThreadId(19) smb_read_start url=smb://dietpi.local/4tbp/pics-sport/Forest Run 2026/Pt3/DSC_4772_result.jpg whole-file
NETWORK t=  9870.7ms dt=   21.2ms tid=pic-smb-transport smb_transport stat ms=23.8
NETWORK t=  9871.4ms dt=    0.7ms tid=pic-smb-transport smb_client_context_freed
NETWORK t=  9871.4ms dt=    0.0ms tid=pic-smb-transport smb_client_new_start
NETWORK t=  9871.4ms dt=    0.0ms tid=ThreadId(6) smb_stat_start url=smb://dietpi.local/4tbp/pics-sport/Forest Run 2026/Pt3/DSC_4849_result.jpg lane=background
NETWORK t=  9872.1ms dt=    0.7ms tid=pic-smb-transport smb_client_context_created
NETWORK t=  9872.2ms dt=    0.0ms tid=pic-smb-transport smb_client_init_start
NETWORK t=  9872.2ms dt=    0.0ms tid=pic-smb-transport smb_client_init_done
NETWORK t=  9936.4ms dt=   64.3ms tid=pic-smb-transport smb_transport read_file ms=64.2
NETWORK t=  9937.1ms dt=    0.6ms tid=pic-smb-transport smb_client_context_freed
NETWORK t=  9937.1ms dt=    0.0ms tid=pic-smb-transport smb_client_new_start
NETWORK t=  9937.2ms dt=    0.0ms tid=ThreadId(20) read_done uri=smb://dietpi.local/4tbp/pics-sport/Forest%20Run%202026/Pt3/DSC_4689_result.jpg bytes=1163387 ms=147.6
NETWORK t=  9937.4ms dt=    0.3ms tid=ThreadId(20) materialize_done uri=smb://dietpi.local/4tbp/pics-sport/Forest%20Run%202026/Pt3/DSC_4689_result.jpg path=/home/peet/.cache/picasa-rs/source/3/11bb776a77be652325cc83d71bad05a9188c4e2c9183b32f69948cc03b08e36f.jpg ms=147.9
NETWORK t=  9937.8ms dt=    0.4ms tid=pic-smb-transport smb_client_context_created
NETWORK t=  9937.9ms dt=    0.0ms tid=pic-smb-transport smb_client_init_start
NETWORK t=  9937.9ms dt=    0.0ms tid=pic-smb-transport smb_client_init_done
NETWORK t=  9940.7ms dt=    2.8ms tid=ThreadId(20) read_start uri=smb://dietpi.local/4tbp/pics-sport/Forest%20Run%202026/Pt3/DSC_4676_result.jpg
NETWORK t=  9940.7ms dt=    0.0ms tid=ThreadId(20) smb_read_start url=smb://dietpi.local/4tbp/pics-sport/Forest Run 2026/Pt3/DSC_4676_result.jpg whole-file
NETWORK t=  9987.3ms dt=   46.6ms tid=pic-smb-transport smb_transport read_file ms=49.4
NETWORK t=  9987.8ms dt=    0.4ms tid=pic-smb-transport smb_client_context_freed
NETWORK t=  9987.8ms dt=    0.0ms tid=pic-smb-transport smb_client_new_start
NETWORK t=  9987.8ms dt=    0.0ms tid=ThreadId(19) read_done uri=smb://dietpi.local/4tbp/pics-sport/Forest%20Run%202026/Pt3/DSC_4772_result.jpg bytes=1158393 ms=138.3
NETWORK t=  9988.5ms dt=    0.7ms tid=pic-smb-transport smb_client_context_created
NETWORK t=  9988.5ms dt=    0.0ms tid=pic-smb-transport smb_client_init_start
NETWORK t=  9988.5ms dt=    0.0ms tid=pic-smb-transport smb_client_init_done
NETWORK t=  9999.1ms dt=   10.6ms tid=ThreadId(19) materialize_start uri=smb://dietpi.local/4tbp/pics-sport/Forest%20Run%202026/Pt3/DSC_4772_result.jpg
NETWORK t=  9999.2ms dt=    0.1ms tid=ThreadId(19) read_start uri=smb://dietpi.local/4tbp/pics-sport/Forest%20Run%202026/Pt3/DSC_4772_result.jpg
NETWORK t=  9999.2ms dt=    0.0ms tid=ThreadId(19) smb_read_start url=smb://dietpi.local/4tbp/pics-sport/Forest Run 2026/Pt3/DSC_4772_result.jpg whole-file
NETWORK t= 10013.4ms dt=   14.3ms tid=pic-smb-transport smb_transport stat ms=24.9
NETWORK t= 10014.2ms dt=    0.7ms tid=pic-smb-transport smb_client_context_freed
NETWORK t= 10014.2ms dt=    0.0ms tid=pic-smb-transport smb_client_new_start
NETWORK t= 10014.2ms dt=    0.0ms tid=ThreadId(6) smb_stat_start url=smb://dietpi.local/4tbp/pics-sport/Forest Run 2026/Pt3/DSC_4847_result.jpg lane=background
NETWORK t= 10015.0ms dt=    0.7ms tid=pic-smb-transport smb_client_context_created
NETWORK t= 10015.0ms dt=    0.0ms tid=pic-smb-transport smb_client_init_start
NETWORK t= 10015.0ms dt=    0.0ms tid=pic-smb-transport smb_client_init_done
NETWORK t= 10093.3ms dt=   78.3ms tid=pic-smb-transport smb_transport read_file ms=78.2
NETWORK t= 10094.1ms dt=    0.8ms tid=pic-smb-transport smb_client_context_freed
NETWORK t= 10094.1ms dt=    0.0ms tid=pic-smb-transport smb_client_new_start
NETWORK t= 10094.1ms dt=    0.0ms tid=ThreadId(20) read_done uri=smb://dietpi.local/4tbp/pics-sport/Forest%20Run%202026/Pt3/DSC_4676_result.jpg bytes=1297626 ms=153.4
NETWORK t= 10094.8ms dt=    0.7ms tid=pic-smb-transport smb_client_context_created
NETWORK t= 10094.9ms dt=    0.0ms tid=pic-smb-transport smb_client_init_start
NETWORK t= 10094.9ms dt=    0.0ms tid=pic-smb-transport smb_client_init_done
NETWORK t= 10107.3ms dt=   12.4ms tid=ThreadId(20) materialize_start uri=smb://dietpi.local/4tbp/pics-sport/Forest%20Run%202026/Pt3/DSC_4676_result.jpg
NETWORK t= 10107.4ms dt=    0.1ms tid=ThreadId(20) read_start uri=smb://dietpi.local/4tbp/pics-sport/Forest%20Run%202026/Pt3/DSC_4676_result.jpg
NETWORK t= 10107.4ms dt=    0.0ms tid=ThreadId(20) smb_read_start url=smb://dietpi.local/4tbp/pics-sport/Forest Run 2026/Pt3/DSC_4676_result.jpg whole-file
NETWORK t= 10122.0ms dt=   14.7ms tid=pic-smb-transport smb_transport stat ms=27.2
NETWORK t= 10122.7ms dt=    0.7ms tid=pic-smb-transport smb_client_context_freed
NETWORK t= 10122.7ms dt=    0.0ms tid=pic-smb-transport smb_client_new_start
NETWORK t= 10122.8ms dt=    0.0ms tid=ThreadId(6) smb_stat_start url=smb://dietpi.local/4tbp/pics-sport/Forest Run 2026/Pt3/DSC_4846_result.jpg lane=background
NETWORK t= 10123.5ms dt=    0.7ms tid=pic-smb-transport smb_client_context_created
NETWORK t= 10123.5ms dt=    0.0ms tid=pic-smb-transport smb_client_init_start
NETWORK t= 10123.6ms dt=    0.0ms tid=pic-smb-transport smb_client_init_done
NETWORK t= 10197.5ms dt=   73.9ms tid=pic-smb-transport smb_transport read_file ms=73.9
NETWORK t= 10198.2ms dt=    0.7ms tid=pic-smb-transport smb_client_context_freed
NETWORK t= 10198.2ms dt=    0.0ms tid=pic-smb-transport smb_client_new_start
NETWORK t= 10198.2ms dt=    0.0ms tid=ThreadId(19) read_done uri=smb://dietpi.local/4tbp/pics-sport/Forest%20Run%202026/Pt3/DSC_4772_result.jpg bytes=1158393 ms=199.1
NETWORK t= 10198.6ms dt=    0.4ms tid=ThreadId(19) materialize_done uri=smb://dietpi.local/4tbp/pics-sport/Forest%20Run%202026/Pt3/DSC_4772_result.jpg path=/home/peet/.cache/picasa-rs/source/w/e048508e51b80deadf141dc591a2479aa9026a4764edc565ebc545f5b62c4e73.jpg ms=199.5
NETWORK t= 10198.9ms dt=    0.2ms tid=pic-smb-transport smb_client_context_created
NETWORK t= 10198.9ms dt=    0.0ms tid=pic-smb-transport smb_client_init_start
NETWORK t= 10198.9ms dt=    0.0ms tid=pic-smb-transport smb_client_init_done
NETWORK t= 10201.9ms dt=    3.0ms tid=ThreadId(19) read_start uri=smb://dietpi.local/4tbp/pics-sport/Forest%20Run%202026/Pt3/DSC_4750_result.jpg
NETWORK t= 10201.9ms dt=    0.0ms tid=ThreadId(19) smb_read_start url=smb://dietpi.local/4tbp/pics-sport/Forest Run 2026/Pt3/DSC_4750_result.jpg whole-file
NETWORK t= 10277.0ms dt=   75.1ms tid=pic-smb-transport smb_transport read_file ms=78.1
NETWORK t= 10277.8ms dt=    0.7ms tid=pic-smb-transport smb_client_context_freed
NETWORK t= 10277.8ms dt=    0.0ms tid=pic-smb-transport smb_client_new_start
NETWORK t= 10277.8ms dt=    0.0ms tid=ThreadId(20) read_done uri=smb://dietpi.local/4tbp/pics-sport/Forest%20Run%202026/Pt3/DSC_4676_result.jpg bytes=1297626 ms=170.5
NETWORK t= 10278.2ms dt=    0.4ms tid=ThreadId(20) materialize_done uri=smb://dietpi.local/4tbp/pics-sport/Forest%20Run%202026/Pt3/DSC_4676_result.jpg path=/home/peet/.cache/picasa-rs/source/k/ac34d60a1a48d6b6b5c030a9583ab35a181ec7db9d6fb0c582ec1df9bab3c699.jpg ms=170.9
NETWORK t= 10278.6ms dt=    0.4ms tid=pic-smb-transport smb_client_context_created
NETWORK t= 10278.6ms dt=    0.0ms tid=pic-smb-transport smb_client_init_start
NETWORK t= 10278.6ms dt=    0.0ms tid=pic-smb-transport smb_client_init_done
NETWORK t= 10281.9ms dt=    3.3ms tid=ThreadId(20) read_start uri=smb://dietpi.local/4tbp/pics-sport/Forest%20Run%202026/Pt3/DSC_4846_result.jpg
NETWORK t= 10281.9ms dt=    0.0ms tid=ThreadId(20) smb_read_start url=smb://dietpi.local/4tbp/pics-sport/Forest Run 2026/Pt3/DSC_4846_result.jpg whole-file
NETWORK t= 10305.3ms dt=   23.3ms tid=pic-smb-transport smb_transport stat ms=26.6
NETWORK t= 10306.0ms dt=    0.7ms tid=pic-smb-transport smb_client_context_freed
NETWORK t= 10306.0ms dt=    0.0ms tid=pic-smb-transport smb_client_new_start
NETWORK t= 10306.1ms dt=    0.0ms tid=ThreadId(6) smb_stat_start url=smb://dietpi.local/4tbp/pics-sport/Forest Run 2026/Pt3/DSC_4844_result.jpg lane=background
NETWORK t= 10306.7ms dt=    0.6ms tid=pic-smb-transport smb_client_context_created
NETWORK t= 10306.7ms dt=    0.0ms tid=pic-smb-transport smb_client_init_start
NETWORK t= 10306.7ms dt=    0.0ms tid=pic-smb-transport smb_client_init_done
NETWORK t= 10356.2ms dt=   49.5ms tid=pic-smb-transport smb_transport read_file ms=49.5
NETWORK t= 10356.7ms dt=    0.5ms tid=pic-smb-transport smb_client_context_freed
NETWORK t= 10356.8ms dt=    0.0ms tid=pic-smb-transport smb_client_new_start
NETWORK t= 10356.8ms dt=    0.0ms tid=ThreadId(19) read_done uri=smb://dietpi.local/4tbp/pics-sport/Forest%20Run%202026/Pt3/DSC_4750_result.jpg bytes=1023282 ms=154.9
NETWORK t= 10357.6ms dt=    0.8ms tid=pic-smb-transport smb_client_context_created
NETWORK t= 10357.7ms dt=    0.0ms tid=pic-smb-transport smb_client_init_start
NETWORK t= 10357.7ms dt=    0.0ms tid=pic-smb-transport smb_client_init_done
NETWORK t= 10367.6ms dt=    9.9ms tid=ThreadId(19) materialize_start uri=smb://dietpi.local/4tbp/pics-sport/Forest%20Run%202026/Pt3/DSC_4750_result.jpg
NETWORK t= 10367.7ms dt=    0.1ms tid=ThreadId(19) read_start uri=smb://dietpi.local/4tbp/pics-sport/Forest%20Run%202026/Pt3/DSC_4750_result.jpg
NETWORK t= 10367.7ms dt=    0.0ms tid=ThreadId(19) smb_read_start url=smb://dietpi.local/4tbp/pics-sport/Forest Run 2026/Pt3/DSC_4750_result.jpg whole-file
NETWORK t= 10420.6ms dt=   52.9ms tid=pic-smb-transport smb_transport read_file ms=62.9
NETWORK t= 10421.3ms dt=    0.7ms tid=pic-smb-transport smb_client_context_freed
NETWORK t= 10421.3ms dt=    0.0ms tid=pic-smb-transport smb_client_new_start
NETWORK t= 10421.4ms dt=    0.0ms tid=ThreadId(20) read_done uri=smb://dietpi.local/4tbp/pics-sport/Forest%20Run%202026/Pt3/DSC_4846_result.jpg bytes=1269292 ms=139.4
NETWORK t= 10421.9ms dt=    0.6ms tid=pic-smb-transport smb_client_context_created
NETWORK t= 10421.9ms dt=    0.0ms tid=pic-smb-transport smb_client_init_start
NETWORK t= 10422.0ms dt=    0.0ms tid=pic-smb-transport smb_client_init_done
NETWORK t= 10433.8ms dt=   11.8ms tid=ThreadId(20) materialize_start uri=smb://dietpi.local/4tbp/pics-sport/Forest%20Run%202026/Pt3/DSC_4846_result.jpg
NETWORK t= 10433.9ms dt=    0.1ms tid=ThreadId(20) read_start uri=smb://dietpi.local/4tbp/pics-sport/Forest%20Run%202026/Pt3/DSC_4846_result.jpg
NETWORK t= 10433.9ms dt=    0.0ms tid=ThreadId(20) smb_read_start url=smb://dietpi.local/4tbp/pics-sport/Forest Run 2026/Pt3/DSC_4846_result.jpg whole-file
NETWORK t= 10448.5ms dt=   14.6ms tid=pic-smb-transport smb_transport stat ms=26.6
NETWORK t= 10449.3ms dt=    0.8ms tid=pic-smb-transport smb_client_context_freed
NETWORK t= 10449.3ms dt=    0.0ms tid=pic-smb-transport smb_client_new_start
NETWORK t= 10449.4ms dt=    0.0ms tid=ThreadId(6) smb_stat_start url=smb://dietpi.local/4tbp/pics-sport/Forest Run 2026/Pt3/DSC_4842_result.jpg lane=background
NETWORK t= 10450.0ms dt=    0.6ms tid=pic-smb-transport smb_client_context_created
NETWORK t= 10450.0ms dt=    0.0ms tid=pic-smb-transport smb_client_init_start
NETWORK t= 10450.0ms dt=    0.0ms tid=pic-smb-transport smb_client_init_done
NETWORK t= 10517.4ms dt=   67.4ms tid=pic-smb-transport smb_transport read_file ms=67.3
NETWORK t= 10518.1ms dt=    0.7ms tid=pic-smb-transport smb_client_context_freed
NETWORK t= 10518.1ms dt=    0.0ms tid=pic-smb-transport smb_client_new_start
NETWORK t= 10518.1ms dt=    0.0ms tid=ThreadId(19) read_done uri=smb://dietpi.local/4tbp/pics-sport/Forest%20Run%202026/Pt3/DSC_4750_result.jpg bytes=1023282 ms=150.4
NETWORK t= 10518.3ms dt=    0.2ms tid=ThreadId(19) materialize_done uri=smb://dietpi.local/4tbp/pics-sport/Forest%20Run%202026/Pt3/DSC_4750_result.jpg path=/home/peet/.cache/picasa-rs/source/d/69a91e7cf8ed217711a5cbed5d30dfd613181f6d9842e6f23aa133138c0fb89f.jpg ms=150.7
NETWORK t= 10518.7ms dt=    0.3ms tid=pic-smb-transport smb_client_context_created
NETWORK t= 10518.7ms dt=    0.0ms tid=pic-smb-transport smb_client_init_start
NETWORK t= 10518.7ms dt=    0.0ms tid=pic-smb-transport smb_client_init_done
NETWORK t= 10522.5ms dt=    3.8ms tid=ThreadId(19) read_start uri=smb://dietpi.local/4tbp/pics-sport/Forest%20Run%202026/Pt3/DSC_4713_result.jpg
NETWORK t= 10522.5ms dt=    0.0ms tid=ThreadId(19) smb_read_start url=smb://dietpi.local/4tbp/pics-sport/Forest Run 2026/Pt3/DSC_4713_result.jpg whole-file
NETWORK t= 10595.9ms dt=   73.4ms tid=pic-smb-transport smb_transport read_file ms=77.2
NETWORK t= 10596.6ms dt=    0.6ms tid=pic-smb-transport smb_client_context_freed
NETWORK t= 10596.6ms dt=    0.0ms tid=pic-smb-transport smb_client_new_start
NETWORK t= 10596.6ms dt=    0.0ms tid=ThreadId(20) read_done uri=smb://dietpi.local/4tbp/pics-sport/Forest%20Run%202026/Pt3/DSC_4846_result.jpg bytes=1269292 ms=162.7
NETWORK t= 10597.0ms dt=    0.3ms tid=ThreadId(20) materialize_done uri=smb://dietpi.local/4tbp/pics-sport/Forest%20Run%202026/Pt3/DSC_4846_result.jpg path=/home/peet/.cache/picasa-rs/source/2/09dabd05d553b7663e759641bef53f0b20319ae201568b60e4b97ec1b8d098d9.jpg ms=163.1
NETWORK t= 10597.3ms dt=    0.4ms tid=pic-smb-transport smb_client_context_created
NETWORK t= 10597.3ms dt=    0.0ms tid=pic-smb-transport smb_client_init_start
NETWORK t= 10597.4ms dt=    0.0ms tid=pic-smb-transport smb_client_init_done
NETWORK t= 10600.4ms dt=    3.0ms tid=ThreadId(20) read_start uri=smb://dietpi.local/4tbp/pics-sport/Forest%20Run%202026/pt4/DSC_4921_result.jpg
NETWORK t= 10600.4ms dt=    0.0ms tid=ThreadId(20) smb_read_start url=smb://dietpi.local/4tbp/pics-sport/Forest Run 2026/pt4/DSC_4921_result.jpg whole-file
NETWORK t= 10624.3ms dt=   23.9ms tid=pic-smb-transport smb_transport stat ms=26.9
NETWORK t= 10625.1ms dt=    0.7ms tid=pic-smb-transport smb_client_context_freed
NETWORK t= 10625.1ms dt=    0.0ms tid=pic-smb-transport smb_client_new_start
NETWORK t= 10625.1ms dt=    0.0ms tid=ThreadId(6) smb_stat_start url=smb://dietpi.local/4tbp/pics-sport/Forest Run 2026/Pt3/DSC_4840_result.jpg lane=background
NETWORK t= 10625.8ms dt=    0.6ms tid=pic-smb-transport smb_client_context_created
NETWORK t= 10625.8ms dt=    0.0ms tid=pic-smb-transport smb_client_init_start
NETWORK t= 10625.8ms dt=    0.0ms tid=pic-smb-transport smb_client_init_done
NETWORK t= 10690.8ms dt=   64.9ms tid=pic-smb-transport smb_transport read_file ms=64.9
NETWORK t= 10691.5ms dt=    0.7ms tid=pic-smb-transport smb_client_context_freed
NETWORK t= 10691.5ms dt=    0.0ms tid=pic-smb-transport smb_client_new_start
NETWORK t= 10691.5ms dt=    0.0ms tid=ThreadId(20) read_done uri=smb://dietpi.local/4tbp/pics-sport/Forest%20Run%202026/pt4/DSC_4921_result.jpg bytes=965099 ms=91.2
NETWORK t= 10692.2ms dt=    0.6ms tid=pic-smb-transport smb_client_context_created
NETWORK t= 10692.2ms dt=    0.0ms tid=pic-smb-transport smb_client_init_start
NETWORK t= 10692.2ms dt=    0.0ms tid=pic-smb-transport smb_client_init_done
NETWORK t= 10701.9ms dt=    9.6ms tid=ThreadId(20) materialize_start uri=smb://dietpi.local/4tbp/pics-sport/Forest%20Run%202026/pt4/DSC_4921_result.jpg
NETWORK t= 10701.9ms dt=    0.1ms tid=ThreadId(20) read_start uri=smb://dietpi.local/4tbp/pics-sport/Forest%20Run%202026/pt4/DSC_4921_result.jpg
NETWORK t= 10701.9ms dt=    0.0ms tid=ThreadId(20) smb_read_start url=smb://dietpi.local/4tbp/pics-sport/Forest Run 2026/pt4/DSC_4921_result.jpg whole-file
NETWORK t= 10707.3ms dt=    5.4ms tid=pic-smb-transport smb_transport stat ms=15.1
NETWORK t= 10707.8ms dt=    0.5ms tid=pic-smb-transport smb_client_context_freed
NETWORK t= 10707.8ms dt=    0.0ms tid=pic-smb-transport smb_client_new_start
NETWORK t= 10707.9ms dt=    0.0ms tid=ThreadId(6) smb_stat_start url=smb://dietpi.local/4tbp/pics-sport/Forest Run 2026/Pt3/DSC_4841_result.jpg lane=background
NETWORK t= 10708.5ms dt=    0.6ms tid=pic-smb-transport smb_client_context_created
NETWORK t= 10708.5ms dt=    0.0ms tid=pic-smb-transport smb_client_init_start
NETWORK t= 10708.6ms dt=    0.0ms tid=pic-smb-transport smb_client_init_done
NETWORK t= 10747.9ms dt=   39.4ms tid=pic-smb-transport smb_transport read_file ms=39.4
NETWORK t= 10748.5ms dt=    0.6ms tid=pic-smb-transport smb_client_context_freed
NETWORK t= 10748.6ms dt=    0.0ms tid=pic-smb-transport smb_client_new_start
NETWORK t= 10748.6ms dt=    0.0ms tid=ThreadId(20) read_done uri=smb://dietpi.local/4tbp/pics-sport/Forest%20Run%202026/pt4/DSC_4921_result.jpg bytes=965099 ms=46.6
NETWORK t= 10748.8ms dt=    0.2ms tid=ThreadId(20) materialize_done uri=smb://dietpi.local/4tbp/pics-sport/Forest%20Run%202026/pt4/DSC_4921_result.jpg path=/home/peet/.cache/picasa-rs/source/0/6f18a9146e0725e510cec81f7edd0f10c0a15c7f25ca3ee4279c977feed70001.jpg ms=46.9
NETWORK t= 10749.1ms dt=    0.3ms tid=pic-smb-transport smb_client_context_created
NETWORK t= 10749.1ms dt=    0.0ms tid=pic-smb-transport smb_client_init_start
NETWORK t= 10749.2ms dt=    0.0ms tid=pic-smb-transport smb_client_init_done
NETWORK t= 10752.1ms dt=    2.9ms tid=ThreadId(20) read_start uri=smb://dietpi.local/4tbp/pics-sport/Forest%20Run%202026/Pt3/DSC_4753_result.jpg
NETWORK t= 10752.1ms dt=    0.0ms tid=ThreadId(20) smb_read_start url=smb://dietpi.local/4tbp/pics-sport/Forest Run 2026/Pt3/DSC_4753_result.jpg whole-file
NETWORK t= 10773.7ms dt=   21.6ms tid=pic-smb-transport smb_transport stat ms=24.5
NETWORK t= 10774.4ms dt=    0.7ms tid=pic-smb-transport smb_client_context_freed
NETWORK t= 10774.5ms dt=    0.0ms tid=pic-smb-transport smb_client_new_start
NETWORK t= 10774.5ms dt=    0.0ms tid=ThreadId(6) smb_stat_start url=smb://dietpi.local/4tbp/pics-sport/Forest Run 2026/Pt3/DSC_4839_result.jpg lane=background
NETWORK t= 10775.2ms dt=    0.7ms tid=pic-smb-transport smb_client_context_created
NETWORK t= 10775.2ms dt=    0.0ms tid=pic-smb-transport smb_client_init_start
NETWORK t= 10775.2ms dt=    0.0ms tid=pic-smb-transport smb_client_init_done
NETWORK t= 10841.4ms dt=   66.2ms tid=pic-smb-transport smb_transport read_file ms=66.2
NETWORK t= 10842.1ms dt=    0.7ms tid=pic-smb-transport smb_client_context_freed
NETWORK t= 10842.1ms dt=    0.0ms tid=pic-smb-transport smb_client_new_start
NETWORK t= 10842.1ms dt=    0.0ms tid=ThreadId(20) read_done uri=smb://dietpi.local/4tbp/pics-sport/Forest%20Run%202026/Pt3/DSC_4753_result.jpg bytes=1020771 ms=90.0
NETWORK t= 10842.7ms dt=    0.5ms tid=pic-smb-transport smb_client_context_created
NETWORK t= 10842.7ms dt=    0.0ms tid=pic-smb-transport smb_client_init_start
NETWORK t= 10842.7ms dt=    0.0ms tid=pic-smb-transport smb_client_init_done
NETWORK t= 10852.2ms dt=    9.5ms tid=ThreadId(20) materialize_start uri=smb://dietpi.local/4tbp/pics-sport/Forest%20Run%202026/Pt3/DSC_4753_result.jpg
NETWORK t= 10852.3ms dt=    0.1ms tid=ThreadId(20) read_start uri=smb://dietpi.local/4tbp/pics-sport/Forest%20Run%202026/Pt3/DSC_4753_result.jpg
NETWORK t= 10852.3ms dt=    0.0ms tid=ThreadId(20) smb_read_start url=smb://dietpi.local/4tbp/pics-sport/Forest Run 2026/Pt3/DSC_4753_result.jpg whole-file
NETWORK t= 10914.6ms dt=   62.3ms tid=pic-smb-transport smb_transport read_file ms=71.9
NETWORK t= 10915.2ms dt=    0.6ms tid=pic-smb-transport smb_client_context_freed
NETWORK t= 10915.2ms dt=    0.0ms tid=pic-smb-transport smb_client_new_start
NETWORK t= 10915.3ms dt=    0.0ms tid=ThreadId(19) read_done uri=smb://dietpi.local/4tbp/pics-sport/Forest%20Run%202026/Pt3/DSC_4713_result.jpg bytes=1183891 ms=392.7
NETWORK t= 10915.9ms dt=    0.6ms tid=pic-smb-transport smb_client_context_created
NETWORK t= 10915.9ms dt=    0.0ms tid=pic-smb-transport smb_client_init_start
NETWORK t= 10915.9ms dt=    0.0ms tid=pic-smb-transport smb_client_init_done
NETWORK t= 10927.1ms dt=   11.2ms tid=ThreadId(19) materialize_start uri=smb://dietpi.local/4tbp/pics-sport/Forest%20Run%202026/Pt3/DSC_4713_result.jpg
NETWORK t= 10927.1ms dt=    0.1ms tid=ThreadId(19) read_start uri=smb://dietpi.local/4tbp/pics-sport/Forest%20Run%202026/Pt3/DSC_4713_result.jpg
NETWORK t= 10927.2ms dt=    0.0ms tid=ThreadId(19) smb_read_start url=smb://dietpi.local/4tbp/pics-sport/Forest Run 2026/Pt3/DSC_4713_result.jpg whole-file
NETWORK t= 10982.5ms dt=   55.4ms tid=pic-smb-transport smb_transport read_file ms=66.6
NETWORK t= 10983.2ms dt=    0.7ms tid=pic-smb-transport smb_client_context_freed
NETWORK t= 10983.2ms dt=    0.0ms tid=pic-smb-transport smb_client_new_start
NETWORK t= 10983.2ms dt=    0.0ms tid=ThreadId(20) read_done uri=smb://dietpi.local/4tbp/pics-sport/Forest%20Run%202026/Pt3/DSC_4753_result.jpg bytes=1020771 ms=130.9
NETWORK t= 10983.5ms dt=    0.3ms tid=ThreadId(20) materialize_done uri=smb://dietpi.local/4tbp/pics-sport/Forest%20Run%202026/Pt3/DSC_4753_result.jpg path=/home/peet/.cache/picasa-rs/source/7/f97f20edc9d077a36f1e374040ba752c87564f7ecfa991c459bae49ddd4c1221.jpg ms=131.3
NETWORK t= 10983.8ms dt=    0.3ms tid=pic-smb-transport smb_client_context_created
NETWORK t= 10983.9ms dt=    0.0ms tid=pic-smb-transport smb_client_init_start
NETWORK t= 10983.9ms dt=    0.1ms tid=pic-smb-transport smb_client_init_done
NETWORK t= 10986.6ms dt=    2.7ms tid=ThreadId(20) read_start uri=smb://dietpi.local/4tbp/pics-sport/Forest%20Run%202026/Pt3/DSC_4810_result.jpg
NETWORK t= 10986.6ms dt=    0.0ms tid=ThreadId(20) smb_read_start url=smb://dietpi.local/4tbp/pics-sport/Forest Run 2026/Pt3/DSC_4810_result.jpg whole-file
NETWORK t= 11054.2ms dt=   67.6ms tid=pic-smb-transport smb_transport read_file ms=70.3
NETWORK t= 11054.8ms dt=    0.6ms tid=pic-smb-transport smb_client_context_freed
NETWORK t= 11054.8ms dt=    0.0ms tid=pic-smb-transport smb_client_new_start
NETWORK t= 11054.8ms dt=    0.0ms tid=ThreadId(19) read_done uri=smb://dietpi.local/4tbp/pics-sport/Forest%20Run%202026/Pt3/DSC_4713_result.jpg bytes=1183891 ms=127.7
NETWORK t= 11055.1ms dt=    0.3ms tid=ThreadId(19) materialize_done uri=smb://dietpi.local/4tbp/pics-sport/Forest%20Run%202026/Pt3/DSC_4713_result.jpg path=/home/peet/.cache/picasa-rs/source/7/89d74a6e14330471b4c515df96595c83d7f6dd788afcf0777757885bc3cf3c47.jpg ms=128.1
NETWORK t= 11055.5ms dt=    0.4ms tid=pic-smb-transport smb_client_context_created
NETWORK t= 11055.6ms dt=    0.0ms tid=pic-smb-transport smb_client_init_start
NETWORK t= 11055.6ms dt=    0.0ms tid=pic-smb-transport smb_client_init_done
NETWORK t= 11058.3ms dt=    2.7ms tid=ThreadId(19) read_start uri=smb://dietpi.local/4tbp/pics-sport/Forest%20Run%202026/Pt3/DSC_4877_result.jpg
NETWORK t= 11058.3ms dt=    0.0ms tid=ThreadId(19) smb_read_start url=smb://dietpi.local/4tbp/pics-sport/Forest Run 2026/Pt3/DSC_4877_result.jpg whole-file
NETWORK t= 11081.9ms dt=   23.6ms tid=pic-smb-transport smb_transport stat ms=26.3
NETWORK t= 11082.6ms dt=    0.8ms tid=pic-smb-transport smb_client_context_freed
NETWORK t= 11082.7ms dt=    0.0ms tid=pic-smb-transport smb_client_new_start
NETWORK t= 11082.7ms dt=    0.0ms tid=ThreadId(6) smb_stat_start url=smb://dietpi.local/4tbp/pics-sport/Forest Run 2026/Pt3/DSC_4838_result.jpg lane=background
NETWORK t= 11083.3ms dt=    0.6ms tid=pic-smb-transport smb_client_context_created
NETWORK t= 11083.3ms dt=    0.0ms tid=pic-smb-transport smb_client_init_start
NETWORK t= 11083.4ms dt=    0.0ms tid=pic-smb-transport smb_client_init_done
NETWORK t= 11162.6ms dt=   79.2ms tid=pic-smb-transport smb_transport read_file ms=79.2
NETWORK t= 11163.3ms dt=    0.7ms tid=pic-smb-transport smb_client_context_freed
NETWORK t= 11163.3ms dt=    0.0ms tid=pic-smb-transport smb_client_new_start
NETWORK t= 11163.3ms dt=    0.0ms tid=ThreadId(19) read_done uri=smb://dietpi.local/4tbp/pics-sport/Forest%20Run%202026/Pt3/DSC_4877_result.jpg bytes=1304402 ms=105.0
NETWORK t= 11163.9ms dt=    0.6ms tid=pic-smb-transport smb_client_context_created
NETWORK t= 11163.9ms dt=    0.0ms tid=pic-smb-transport smb_client_init_start
NETWORK t= 11164.0ms dt=    0.0ms tid=pic-smb-transport smb_client_init_done
NETWORK t= 11175.4ms dt=   11.4ms tid=ThreadId(19) materialize_start uri=smb://dietpi.local/4tbp/pics-sport/Forest%20Run%202026/Pt3/DSC_4877_result.jpg
NETWORK t= 11175.4ms dt=    0.1ms tid=ThreadId(19) read_start uri=smb://dietpi.local/4tbp/pics-sport/Forest%20Run%202026/Pt3/DSC_4877_result.jpg
NETWORK t= 11175.4ms dt=    0.0ms tid=ThreadId(19) smb_read_start url=smb://dietpi.local/4tbp/pics-sport/Forest Run 2026/Pt3/DSC_4877_result.jpg whole-file
NETWORK t= 11180.9ms dt=    5.4ms tid=pic-smb-transport smb_transport stat ms=16.9
NETWORK t= 11181.3ms dt=    0.4ms tid=pic-smb-transport smb_client_context_freed
NETWORK t= 11181.3ms dt=    0.0ms tid=pic-smb-transport smb_client_new_start
NETWORK t= 11181.4ms dt=    0.0ms tid=ThreadId(6) smb_stat_start url=smb://dietpi.local/4tbp/pics-sport/Forest Run 2026/Pt3/DSC_4837_result.jpg lane=background
NETWORK t= 11182.0ms dt=    0.6ms tid=pic-smb-transport smb_client_context_created
NETWORK t= 11182.0ms dt=    0.0ms tid=pic-smb-transport smb_client_init_start
NETWORK t= 11182.1ms dt=    0.0ms tid=pic-smb-transport smb_client_init_done
NETWORK t= 11231.0ms dt=   48.9ms tid=pic-smb-transport smb_transport read_file ms=48.9
NETWORK t= 11231.7ms dt=    0.7ms tid=pic-smb-transport smb_client_context_freed
NETWORK t= 11231.7ms dt=    0.0ms tid=pic-smb-transport smb_client_new_start
NETWORK t= 11231.7ms dt=    0.0ms tid=ThreadId(19) read_done uri=smb://dietpi.local/4tbp/pics-sport/Forest%20Run%202026/Pt3/DSC_4877_result.jpg bytes=1304402 ms=56.3
NETWORK t= 11232.1ms dt=    0.3ms tid=ThreadId(19) materialize_done uri=smb://dietpi.local/4tbp/pics-sport/Forest%20Run%202026/Pt3/DSC_4877_result.jpg path=/home/peet/.cache/picasa-rs/source/s/80388a96b5980ce96819cc07e0108d2d17c16301d1608c7f2766e80295905d6b.jpg ms=56.7
NETWORK t= 11232.5ms dt=    0.4ms tid=pic-smb-transport smb_client_context_created
NETWORK t= 11232.5ms dt=    0.0ms tid=pic-smb-transport smb_client_init_start
NETWORK t= 11232.5ms dt=    0.0ms tid=pic-smb-transport smb_client_init_done
NETWORK t= 11235.2ms dt=    2.7ms tid=ThreadId(19) read_start uri=smb://dietpi.local/4tbp/pics-sport/Forest%20Run%202026/Pt3/DSC_4865_result.jpg
NETWORK t= 11235.3ms dt=    0.0ms tid=ThreadId(19) smb_read_start url=smb://dietpi.local/4tbp/pics-sport/Forest Run 2026/Pt3/DSC_4865_result.jpg whole-file
NETWORK t= 11258.7ms dt=   23.5ms tid=pic-smb-transport smb_transport stat ms=26.2
NETWORK t= 11259.4ms dt=    0.7ms tid=pic-smb-transport smb_client_context_freed
NETWORK t= 11259.4ms dt=    0.0ms tid=pic-smb-transport smb_client_new_start
NETWORK t= 11259.5ms dt=    0.0ms tid=ThreadId(6) smb_stat_start url=smb://dietpi.local/4tbp/pics-sport/Forest Run 2026/Pt3/DSC_4836_result.jpg lane=background
NETWORK t= 11260.1ms dt=    0.6ms tid=pic-smb-transport smb_client_context_created
NETWORK t= 11260.1ms dt=    0.0ms tid=pic-smb-transport smb_client_init_start
NETWORK t= 11260.2ms dt=    0.0ms tid=pic-smb-transport smb_client_init_done
NETWORK t= 11333.7ms dt=   73.5ms tid=pic-smb-transport smb_transport read_file ms=73.5
NETWORK t= 11334.4ms dt=    0.7ms tid=pic-smb-transport smb_client_context_freed
NETWORK t= 11334.4ms dt=    0.0ms tid=pic-smb-transport smb_client_new_start
NETWORK t= 11334.4ms dt=    0.0ms tid=ThreadId(19) read_done uri=smb://dietpi.local/4tbp/pics-sport/Forest%20Run%202026/Pt3/DSC_4865_result.jpg bytes=1286069 ms=99.2
NETWORK t= 11335.1ms dt=    0.6ms tid=pic-smb-transport smb_client_context_created
NETWORK t= 11335.1ms dt=    0.0ms tid=pic-smb-transport smb_client_init_start
NETWORK t= 11335.1ms dt=    0.0ms tid=pic-smb-transport smb_client_init_done
NETWORK t= 11346.7ms dt=   11.6ms tid=ThreadId(19) materialize_start uri=smb://dietpi.local/4tbp/pics-sport/Forest%20Run%202026/Pt3/DSC_4865_result.jpg
NETWORK t= 11346.8ms dt=    0.1ms tid=ThreadId(19) read_start uri=smb://dietpi.local/4tbp/pics-sport/Forest%20Run%202026/Pt3/DSC_4865_result.jpg
NETWORK t= 11346.8ms dt=    0.0ms tid=ThreadId(19) smb_read_start url=smb://dietpi.local/4tbp/pics-sport/Forest Run 2026/Pt3/DSC_4865_result.jpg whole-file
NETWORK t= 11402.0ms dt=   55.2ms tid=pic-smb-transport smb_transport read_file ms=66.8
NETWORK t= 11402.7ms dt=    0.7ms tid=pic-smb-transport smb_client_context_freed
NETWORK t= 11402.7ms dt=    0.0ms tid=pic-smb-transport smb_client_new_start
NETWORK t= 11402.7ms dt=    0.0ms tid=ThreadId(20) read_done uri=smb://dietpi.local/4tbp/pics-sport/Forest%20Run%202026/Pt3/DSC_4810_result.jpg bytes=1062506 ms=416.1
NETWORK t= 11403.4ms dt=    0.7ms tid=pic-smb-transport smb_client_context_created
NETWORK t= 11403.4ms dt=    0.0ms tid=pic-smb-transport smb_client_init_start
NETWORK t= 11403.5ms dt=    0.0ms tid=pic-smb-transport smb_client_init_done
NETWORK t= 11413.9ms dt=   10.4ms tid=ThreadId(20) materialize_start uri=smb://dietpi.local/4tbp/pics-sport/Forest%20Run%202026/Pt3/DSC_4810_result.jpg
NETWORK t= 11413.9ms dt=    0.1ms tid=ThreadId(20) read_start uri=smb://dietpi.local/4tbp/pics-sport/Forest%20Run%202026/Pt3/DSC_4810_result.jpg
NETWORK t= 11414.0ms dt=    0.0ms tid=ThreadId(20) smb_read_start url=smb://dietpi.local/4tbp/pics-sport/Forest Run 2026/Pt3/DSC_4810_result.jpg whole-file
NETWORK t= 11481.1ms dt=   67.1ms tid=pic-smb-transport smb_transport read_file ms=77.6
NETWORK t= 11481.8ms dt=    0.7ms tid=pic-smb-transport smb_client_context_freed
NETWORK t= 11481.9ms dt=    0.0ms tid=pic-smb-transport smb_client_new_start
NETWORK t= 11481.9ms dt=    0.0ms tid=ThreadId(19) read_done uri=smb://dietpi.local/4tbp/pics-sport/Forest%20Run%202026/Pt3/DSC_4865_result.jpg bytes=1286069 ms=135.1
NETWORK t= 11482.2ms dt=    0.3ms tid=ThreadId(19) materialize_done uri=smb://dietpi.local/4tbp/pics-sport/Forest%20Run%202026/Pt3/DSC_4865_result.jpg path=/home/peet/.cache/picasa-rs/source/h/d4d5aa6c1f90f580dc303c9e6ba2a04ac4de65a1a2a5d1e1552910cf062d8a63.jpg ms=135.4
NETWORK t= 11482.5ms dt=    0.3ms tid=pic-smb-transport smb_client_context_created
NETWORK t= 11482.5ms dt=    0.0ms tid=pic-smb-transport smb_client_init_start
NETWORK t= 11482.5ms dt=    0.0ms tid=pic-smb-transport smb_client_init_done
NETWORK t= 11485.2ms dt=    2.6ms tid=ThreadId(19) read_start uri=smb://dietpi.local/4tbp/pics-sport/Forest%20Run%202026/Pt3/DSC_4881_result.jpg
NETWORK t= 11485.2ms dt=    0.0ms tid=ThreadId(19) smb_read_start url=smb://dietpi.local/4tbp/pics-sport/Forest Run 2026/Pt3/DSC_4881_result.jpg whole-file
NETWORK t= 11509.2ms dt=   24.1ms tid=pic-smb-transport smb_transport stat ms=26.7
NETWORK t= 11509.9ms dt=    0.7ms tid=pic-smb-transport smb_client_context_freed
NETWORK t= 11510.0ms dt=    0.0ms tid=pic-smb-transport smb_client_new_start
NETWORK t= 11510.0ms dt=    0.0ms tid=ThreadId(6) smb_stat_start url=smb://dietpi.local/4tbp/pics-sport/Forest Run 2026/Pt3/DSC_4835_result.jpg lane=background
NETWORK t= 11510.6ms dt=    0.5ms tid=pic-smb-transport smb_client_context_created
NETWORK t= 11510.6ms dt=    0.0ms tid=pic-smb-transport smb_client_init_start
NETWORK t= 11510.6ms dt=    0.0ms tid=pic-smb-transport smb_client_init_done
NETWORK t= 11583.6ms dt=   73.0ms tid=pic-smb-transport smb_transport read_file ms=73.0
NETWORK t= 11584.3ms dt=    0.7ms tid=pic-smb-transport smb_client_context_freed
NETWORK t= 11584.3ms dt=    0.0ms tid=pic-smb-transport smb_client_new_start
NETWORK t= 11584.4ms dt=    0.0ms tid=ThreadId(19) read_done uri=smb://dietpi.local/4tbp/pics-sport/Forest%20Run%202026/Pt3/DSC_4881_result.jpg bytes=1215178 ms=99.2
NETWORK t= 11585.0ms dt=    0.7ms tid=pic-smb-transport smb_client_context_created
NETWORK t= 11585.1ms dt=    0.0ms tid=pic-smb-transport smb_client_init_start
NETWORK t= 11585.1ms dt=    0.0ms tid=pic-smb-transport smb_client_init_done
NETWORK t= 11596.3ms dt=   11.2ms tid=ThreadId(19) materialize_start uri=smb://dietpi.local/4tbp/pics-sport/Forest%20Run%202026/Pt3/DSC_4881_result.jpg
NETWORK t= 11596.3ms dt=    0.1ms tid=ThreadId(19) read_start uri=smb://dietpi.local/4tbp/pics-sport/Forest%20Run%202026/Pt3/DSC_4881_result.jpg
NETWORK t= 11596.4ms dt=    0.0ms tid=ThreadId(19) smb_read_start url=smb://dietpi.local/4tbp/pics-sport/Forest Run 2026/Pt3/DSC_4881_result.jpg whole-file
NETWORK t= 11640.8ms dt=   44.4ms tid=pic-smb-transport smb_transport read_file ms=55.6
NETWORK t= 11641.5ms dt=    0.8ms tid=pic-smb-transport smb_client_context_freed
NETWORK t= 11641.5ms dt=    0.0ms tid=pic-smb-transport smb_client_new_start
NETWORK t= 11641.6ms dt=    0.1ms tid=ThreadId(20) read_done uri=smb://dietpi.local/4tbp/pics-sport/Forest%20Run%202026/Pt3/DSC_4810_result.jpg bytes=1062506 ms=227.6
NETWORK t= 11642.0ms dt=    0.3ms tid=ThreadId(20) materialize_done uri=smb://dietpi.local/4tbp/pics-sport/Forest%20Run%202026/Pt3/DSC_4810_result.jpg path=/home/peet/.cache/picasa-rs/source/4/32a4e4f0073c8035f86811ee6cf6e94bcaf7a9e3c12c228560f2a1d860cd5235.jpg ms=228.1
NETWORK t= 11642.4ms dt=    0.4ms tid=pic-smb-transport smb_client_context_created
NETWORK t= 11642.4ms dt=    0.0ms tid=pic-smb-transport smb_client_init_start
NETWORK t= 11642.4ms dt=    0.0ms tid=pic-smb-transport smb_client_init_done
NETWORK t= 11646.5ms dt=    4.1ms tid=ThreadId(20) read_start uri=smb://dietpi.local/4tbp/pics-sport/Forest%20Run%202026/Pt3/DSC_4874_result.jpg
NETWORK t= 11646.5ms dt=    0.0ms tid=ThreadId(20) smb_read_start url=smb://dietpi.local/4tbp/pics-sport/Forest Run 2026/Pt3/DSC_4874_result.jpg whole-file
NETWORK t= 11659.7ms dt=   13.2ms tid=pic-smb-transport smb_transport stat ms=17.3
NETWORK t= 11660.2ms dt=    0.5ms tid=pic-smb-transport smb_client_context_freed
NETWORK t= 11660.3ms dt=    0.0ms tid=pic-smb-transport smb_client_new_start
NETWORK t= 11660.3ms dt=    0.0ms tid=ThreadId(6) smb_stat_start url=smb://dietpi.local/4tbp/pics-sport/Forest Run 2026/Pt3/DSC_4834_result.jpg lane=background
NETWORK t= 11660.9ms dt=    0.6ms tid=pic-smb-transport smb_client_context_created
NETWORK t= 11660.9ms dt=    0.0ms tid=pic-smb-transport smb_client_init_start
NETWORK t= 11661.0ms dt=    0.0ms tid=pic-smb-transport smb_client_init_done
NETWORK t= 11703.8ms dt=   42.8ms tid=pic-smb-transport smb_transport read_file ms=42.8
NETWORK t= 11704.3ms dt=    0.5ms tid=pic-smb-transport smb_client_context_freed
NETWORK t= 11704.4ms dt=    0.0ms tid=pic-smb-transport smb_client_new_start
NETWORK t= 11704.4ms dt=    0.0ms tid=ThreadId(20) read_done uri=smb://dietpi.local/4tbp/pics-sport/Forest%20Run%202026/Pt3/DSC_4874_result.jpg bytes=1100126 ms=57.9
NETWORK t= 11705.0ms dt=    0.7ms tid=pic-smb-transport smb_client_context_created
NETWORK t= 11705.1ms dt=    0.0ms tid=pic-smb-transport smb_client_init_start
NETWORK t= 11705.1ms dt=    0.0ms tid=pic-smb-transport smb_client_init_done
NETWORK t= 11715.2ms dt=   10.1ms tid=ThreadId(20) materialize_start uri=smb://dietpi.local/4tbp/pics-sport/Forest%20Run%202026/Pt3/DSC_4874_result.jpg
NETWORK t= 11715.3ms dt=    0.1ms tid=ThreadId(20) read_start uri=smb://dietpi.local/4tbp/pics-sport/Forest%20Run%202026/Pt3/DSC_4874_result.jpg
NETWORK t= 11715.3ms dt=    0.0ms tid=ThreadId(20) smb_read_start url=smb://dietpi.local/4tbp/pics-sport/Forest Run 2026/Pt3/DSC_4874_result.jpg whole-file
NETWORK t= 11768.3ms dt=   53.1ms tid=pic-smb-transport smb_transport read_file ms=63.2
NETWORK t= 11769.1ms dt=    0.7ms tid=pic-smb-transport smb_client_context_freed
NETWORK t= 11769.1ms dt=    0.0ms tid=pic-smb-transport smb_client_new_start
NETWORK t= 11769.1ms dt=    0.0ms tid=ThreadId(19) read_done uri=smb://dietpi.local/4tbp/pics-sport/Forest%20Run%202026/Pt3/DSC_4881_result.jpg bytes=1215178 ms=172.8
NETWORK t= 11769.5ms dt=    0.3ms tid=ThreadId(19) materialize_done uri=smb://dietpi.local/4tbp/pics-sport/Forest%20Run%202026/Pt3/DSC_4881_result.jpg path=/home/peet/.cache/picasa-rs/source/t/c97de28935c3ab96f7a3bc7b62fcbbaa893027ea854f2a88c793e1f37352a58a.jpg ms=173.2
NETWORK t= 11769.9ms dt=    0.4ms tid=pic-smb-transport smb_client_context_created
NETWORK t= 11769.9ms dt=    0.0ms tid=pic-smb-transport smb_client_init_start
NETWORK t= 11769.9ms dt=    0.0ms tid=pic-smb-transport smb_client_init_done
NETWORK t= 11772.5ms dt=    2.6ms tid=ThreadId(19) read_start uri=smb://dietpi.local/4tbp/pics-sport/Forest%20Run%202026/Pt3/DSC_4778_result.jpg
NETWORK t= 11772.6ms dt=    0.0ms tid=ThreadId(19) smb_read_start url=smb://dietpi.local/4tbp/pics-sport/Forest Run 2026/Pt3/DSC_4778_result.jpg whole-file
NETWORK t= 11786.7ms dt=   14.2ms tid=pic-smb-transport smb_transport stat ms=16.8
NETWORK t= 11787.2ms dt=    0.5ms tid=pic-smb-transport smb_client_context_freed
NETWORK t= 11787.2ms dt=    0.0ms tid=pic-smb-transport smb_client_new_start
NETWORK t= 11787.2ms dt=    0.0ms tid=ThreadId(6) smb_stat_start url=smb://dietpi.local/4tbp/pics-sport/Forest Run 2026/Pt3/DSC_4832_result.jpg lane=background
NETWORK t= 11787.8ms dt=    0.6ms tid=pic-smb-transport smb_client_context_created
NETWORK t= 11787.8ms dt=    0.0ms tid=pic-smb-transport smb_client_init_start
NETWORK t= 11787.9ms dt=    0.0ms tid=pic-smb-transport smb_client_init_done
NETWORK t= 11834.7ms dt=   46.9ms tid=pic-smb-transport smb_transport read_file ms=46.9
NETWORK t= 11835.5ms dt=    0.7ms tid=pic-smb-transport smb_client_context_freed
NETWORK t= 11835.5ms dt=    0.0ms tid=pic-smb-transport smb_client_new_start
NETWORK t= 11835.5ms dt=    0.0ms tid=ThreadId(20) read_done uri=smb://dietpi.local/4tbp/pics-sport/Forest%20Run%202026/Pt3/DSC_4874_result.jpg bytes=1100126 ms=120.2
NETWORK t= 11835.8ms dt=    0.3ms tid=ThreadId(20) materialize_done uri=smb://dietpi.local/4tbp/pics-sport/Forest%20Run%202026/Pt3/DSC_4874_result.jpg path=/home/peet/.cache/picasa-rs/source/p/7c450db2481444fa66c4e7abb0d68c3466a1658e31c805f93c548c4f7c2751be.jpg ms=120.6
NETWORK t= 11836.3ms dt=    0.4ms tid=pic-smb-transport smb_client_context_created
NETWORK t= 11836.3ms dt=    0.0ms tid=pic-smb-transport smb_client_init_start
NETWORK t= 11836.3ms dt=    0.0ms tid=pic-smb-transport smb_client_init_done
NETWORK t= 11839.1ms dt=    2.7ms tid=ThreadId(20) read_start uri=smb://dietpi.local/4tbp/pics-sport/Forest%20Run%202026/pt4/DSC_5034_result.jpg
NETWORK t= 11839.1ms dt=    0.0ms tid=ThreadId(20) smb_read_start url=smb://dietpi.local/4tbp/pics-sport/Forest Run 2026/pt4/DSC_5034_result.jpg whole-file
NETWORK t= 11909.5ms dt=   70.4ms tid=pic-smb-transport smb_transport read_file ms=73.1
NETWORK t= 11910.1ms dt=    0.7ms tid=pic-smb-transport smb_client_context_freed
NETWORK t= 11910.2ms dt=    0.0ms tid=pic-smb-transport smb_client_new_start
NETWORK t= 11910.2ms dt=    0.0ms tid=ThreadId(19) read_done uri=smb://dietpi.local/4tbp/pics-sport/Forest%20Run%202026/Pt3/DSC_4778_result.jpg bytes=1239712 ms=137.6
NETWORK t= 11911.0ms dt=    0.8ms tid=pic-smb-transport smb_client_context_created
NETWORK t= 11911.0ms dt=    0.0ms tid=pic-smb-transport smb_client_init_start
NETWORK t= 11911.0ms dt=    0.0ms tid=pic-smb-transport smb_client_init_done
NETWORK t= 11922.4ms dt=   11.3ms tid=ThreadId(19) materialize_start uri=smb://dietpi.local/4tbp/pics-sport/Forest%20Run%202026/Pt3/DSC_4778_result.jpg
NETWORK t= 11922.4ms dt=    0.1ms tid=ThreadId(19) read_start uri=smb://dietpi.local/4tbp/pics-sport/Forest%20Run%202026/Pt3/DSC_4778_result.jpg
NETWORK t= 11922.4ms dt=    0.0ms tid=ThreadId(19) smb_read_start url=smb://dietpi.local/4tbp/pics-sport/Forest Run 2026/Pt3/DSC_4778_result.jpg whole-file
NETWORK t= 11937.0ms dt=   14.6ms tid=pic-smb-transport smb_transport stat ms=26.0
NETWORK t= 11937.8ms dt=    0.7ms tid=pic-smb-transport smb_client_context_freed
NETWORK t= 11937.8ms dt=    0.0ms tid=pic-smb-transport smb_client_new_start
NETWORK t= 11937.8ms dt=    0.0ms tid=ThreadId(6) smb_stat_start url=smb://dietpi.local/4tbp/pics-sport/Forest Run 2026/Pt3/DSC_4830_result.jpg lane=background
NETWORK t= 11938.4ms dt=    0.6ms tid=pic-smb-transport smb_client_context_created
NETWORK t= 11938.4ms dt=    0.0ms tid=pic-smb-transport smb_client_init_start
NETWORK t= 11938.4ms dt=    0.0ms tid=pic-smb-transport smb_client_init_done
NETWORK t= 11986.5ms dt=   48.1ms tid=pic-smb-transport smb_transport read_file ms=48.1
NETWORK t= 11987.0ms dt=    0.5ms tid=pic-smb-transport smb_client_context_freed
NETWORK t= 11987.0ms dt=    0.0ms tid=pic-smb-transport smb_client_new_start
NETWORK t= 11987.0ms dt=    0.0ms tid=ThreadId(20) read_done uri=smb://dietpi.local/4tbp/pics-sport/Forest%20Run%202026/pt4/DSC_5034_result.jpg bytes=1019559 ms=147.9
NETWORK t= 11987.9ms dt=    0.8ms tid=pic-smb-transport smb_client_context_created
NETWORK t= 11987.9ms dt=    0.0ms tid=pic-smb-transport smb_client_init_start
NETWORK t= 11987.9ms dt=    0.0ms tid=pic-smb-transport smb_client_init_done
NETWORK t= 11997.3ms dt=    9.4ms tid=ThreadId(20) materialize_start uri=smb://dietpi.local/4tbp/pics-sport/Forest%20Run%202026/pt4/DSC_5034_result.jpg
NETWORK t= 11997.4ms dt=    0.1ms tid=ThreadId(20) read_start uri=smb://dietpi.local/4tbp/pics-sport/Forest%20Run%202026/pt4/DSC_5034_result.jpg
NETWORK t= 11997.4ms dt=    0.0ms tid=ThreadId(20) smb_read_start url=smb://dietpi.local/4tbp/pics-sport/Forest Run 2026/pt4/DSC_5034_result.jpg whole-file
NETWORK t= 12048.4ms dt=   51.0ms tid=pic-smb-transport smb_transport read_file ms=60.4
NETWORK t= 12048.9ms dt=    0.6ms tid=pic-smb-transport smb_client_context_freed
NETWORK t= 12049.0ms dt=    0.0ms tid=pic-smb-transport smb_client_new_start
NETWORK t= 12049.0ms dt=    0.0ms tid=ThreadId(19) read_done uri=smb://dietpi.local/4tbp/pics-sport/Forest%20Run%202026/Pt3/DSC_4778_result.jpg bytes=1239712 ms=126.5
NETWORK t= 12049.2ms dt=    0.3ms tid=ThreadId(19) materialize_done uri=smb://dietpi.local/4tbp/pics-sport/Forest%20Run%202026/Pt3/DSC_4778_result.jpg path=/home/peet/.cache/picasa-rs/source/y/86b6b5f9ba515e2de5b785074c371c4256eca67ccb42b1b5878b7d5d2db18019.jpg ms=126.9
NETWORK t= 12049.6ms dt=    0.3ms tid=pic-smb-transport smb_client_context_created
NETWORK t= 12049.6ms dt=    0.0ms tid=pic-smb-transport smb_client_init_start
NETWORK t= 12049.6ms dt=    0.0ms tid=pic-smb-transport smb_client_init_done
NETWORK t= 12052.5ms dt=    2.8ms tid=ThreadId(19) read_start uri=smb://dietpi.local/4tbp/pics-sport/Forest%20Run%202026/Pt3/DSC_4885_result.jpg
NETWORK t= 12052.5ms dt=    0.0ms tid=ThreadId(19) smb_read_start url=smb://dietpi.local/4tbp/pics-sport/Forest Run 2026/Pt3/DSC_4885_result.jpg whole-file
NETWORK t= 12076.5ms dt=   24.0ms tid=pic-smb-transport smb_transport stat ms=26.8
NETWORK t= 12077.2ms dt=    0.8ms tid=pic-smb-transport smb_client_context_freed
NETWORK t= 12077.3ms dt=    0.0ms tid=pic-smb-transport smb_client_new_start
NETWORK t= 12077.3ms dt=    0.0ms tid=ThreadId(6) smb_stat_start url=smb://dietpi.local/4tbp/pics-sport/Forest Run 2026/Pt3/DSC_4831_result.jpg lane=background
NETWORK t= 12078.0ms dt=    0.7ms tid=pic-smb-transport smb_client_context_created
NETWORK t= 12078.0ms dt=    0.0ms tid=pic-smb-transport smb_client_init_start
NETWORK t= 12078.0ms dt=    0.0ms tid=pic-smb-transport smb_client_init_done
NETWORK t= 12140.9ms dt=   62.9ms tid=pic-smb-transport smb_transport read_file ms=62.9
NETWORK t= 12141.6ms dt=    0.7ms tid=pic-smb-transport smb_client_context_freed
NETWORK t= 12141.6ms dt=    0.0ms tid=pic-smb-transport smb_client_new_start
NETWORK t= 12141.7ms dt=    0.0ms tid=ThreadId(19) read_done uri=smb://dietpi.local/4tbp/pics-sport/Forest%20Run%202026/Pt3/DSC_4885_result.jpg bytes=945343 ms=89.2
NETWORK t= 12142.4ms dt=    0.7ms tid=pic-smb-transport smb_client_context_created
NETWORK t= 12142.4ms dt=    0.0ms tid=pic-smb-transport smb_client_init_start
NETWORK t= 12142.4ms dt=    0.0ms tid=pic-smb-transport smb_client_init_done
NETWORK t= 12151.6ms dt=    9.1ms tid=ThreadId(19) materialize_start uri=smb://dietpi.local/4tbp/pics-sport/Forest%20Run%202026/Pt3/DSC_4885_result.jpg
NETWORK t= 12151.7ms dt=    0.1ms tid=ThreadId(19) read_start uri=smb://dietpi.local/4tbp/pics-sport/Forest%20Run%202026/Pt3/DSC_4885_result.jpg
NETWORK t= 12151.7ms dt=    0.0ms tid=ThreadId(19) smb_read_start url=smb://dietpi.local/4tbp/pics-sport/Forest Run 2026/Pt3/DSC_4885_result.jpg whole-file
NETWORK t= 12169.0ms dt=   17.3ms tid=pic-smb-transport smb_transport stat ms=26.6
NETWORK t= 12169.7ms dt=    0.7ms tid=pic-smb-transport smb_client_context_freed
NETWORK t= 12169.7ms dt=    0.0ms tid=pic-smb-transport smb_client_new_start
NETWORK t= 12169.7ms dt=    0.0ms tid=ThreadId(6) smb_stat_start url=smb://dietpi.local/4tbp/pics-sport/Forest Run 2026/Pt3/DSC_4828_result.jpg lane=background
NETWORK t= 12170.3ms dt=    0.6ms tid=pic-smb-transport smb_client_context_created
NETWORK t= 12170.3ms dt=    0.0ms tid=pic-smb-transport smb_client_init_start
NETWORK t= 12170.4ms dt=    0.0ms tid=pic-smb-transport smb_client_init_done
NETWORK t= 12232.4ms dt=   62.0ms tid=pic-smb-transport smb_transport read_file ms=62.0
NETWORK t= 12233.1ms dt=    0.7ms tid=pic-smb-transport smb_client_context_freed
NETWORK t= 12233.1ms dt=    0.0ms tid=pic-smb-transport smb_client_new_start
NETWORK t= 12233.1ms dt=    0.0ms tid=ThreadId(19) read_done uri=smb://dietpi.local/4tbp/pics-sport/Forest%20Run%202026/Pt3/DSC_4885_result.jpg bytes=945343 ms=81.4
NETWORK t= 12233.4ms dt=    0.2ms tid=ThreadId(19) materialize_done uri=smb://dietpi.local/4tbp/pics-sport/Forest%20Run%202026/Pt3/DSC_4885_result.jpg path=/home/peet/.cache/picasa-rs/source/y/677efcecebbb9458ced860ef932a90a6402a36e942b53056ffac36e452292f88.jpg ms=81.8
NETWORK t= 12233.8ms dt=    0.4ms tid=pic-smb-transport smb_client_context_created
NETWORK t= 12233.8ms dt=    0.0ms tid=pic-smb-transport smb_client_init_start
NETWORK t= 12233.8ms dt=    0.0ms tid=pic-smb-transport smb_client_init_done
NETWORK t= 12236.8ms dt=    2.9ms tid=ThreadId(19) read_start uri=smb://dietpi.local/4tbp/pics-sport/Forest%20Run%202026/Pt3/DSC_4879_result.jpg
NETWORK t= 12236.8ms dt=    0.0ms tid=ThreadId(19) smb_read_start url=smb://dietpi.local/4tbp/pics-sport/Forest Run 2026/Pt3/DSC_4879_result.jpg whole-file
NETWORK t= 12260.0ms dt=   23.2ms tid=pic-smb-transport smb_transport stat ms=26.1
NETWORK t= 12260.7ms dt=    0.7ms tid=pic-smb-transport smb_client_context_freed
NETWORK t= 12260.8ms dt=    0.0ms tid=pic-smb-transport smb_client_new_start
NETWORK t= 12260.8ms dt=    0.0ms tid=ThreadId(6) smb_stat_start url=smb://dietpi.local/4tbp/pics-sport/Forest Run 2026/Pt3/DSC_4825_result.jpg lane=background
NETWORK t= 12261.4ms dt=    0.7ms tid=pic-smb-transport smb_client_context_created
NETWORK t= 12261.5ms dt=    0.0ms tid=pic-smb-transport smb_client_init_start
NETWORK t= 12261.5ms dt=    0.0ms tid=pic-smb-transport smb_client_init_done
NETWORK t= 12327.5ms dt=   66.0ms tid=pic-smb-transport smb_transport read_file ms=66.0
NETWORK t= 12328.1ms dt=    0.6ms tid=pic-smb-transport smb_client_context_freed
NETWORK t= 12328.1ms dt=    0.0ms tid=pic-smb-transport smb_client_new_start
NETWORK t= 12328.2ms dt=    0.0ms tid=ThreadId(20) read_done uri=smb://dietpi.local/4tbp/pics-sport/Forest%20Run%202026/pt4/DSC_5034_result.jpg bytes=1019559 ms=330.7
NETWORK t= 12328.5ms dt=    0.3ms tid=ThreadId(20) materialize_done uri=smb://dietpi.local/4tbp/pics-sport/Forest%20Run%202026/pt4/DSC_5034_result.jpg path=/home/peet/.cache/picasa-rs/source/o/0a5c78b538e919fac265af5a1e02d89e3c7ca4ba58a87a8805dafc14b22013c0.jpg ms=331.1
NETWORK t= 12328.8ms dt=    0.4ms tid=pic-smb-transport smb_client_context_created
NETWORK t= 12328.9ms dt=    0.0ms tid=pic-smb-transport smb_client_init_start
NETWORK t= 12328.9ms dt=    0.0ms tid=pic-smb-transport smb_client_init_done
NETWORK t= 12331.8ms dt=    2.9ms tid=ThreadId(20) read_start uri=smb://dietpi.local/4tbp/pics-sport/Forest%20Run%202026/Pt3/DSC_4691_result.jpg
NETWORK t= 12331.8ms dt=    0.0ms tid=ThreadId(20) smb_read_start url=smb://dietpi.local/4tbp/pics-sport/Forest Run 2026/Pt3/DSC_4691_result.jpg whole-file
NETWORK t= 12355.1ms dt=   23.3ms tid=pic-smb-transport smb_transport stat ms=26.2
NETWORK t= 12355.8ms dt=    0.7ms tid=pic-smb-transport smb_client_context_freed
NETWORK t= 12355.8ms dt=    0.0ms tid=pic-smb-transport smb_client_new_start
NETWORK t= 12355.9ms dt=    0.1ms tid=ThreadId(6) smb_stat_start url=smb://dietpi.local/4tbp/pics-sport/Forest Run 2026/Pt3/DSC_4824_result.jpg lane=background
NETWORK t= 12356.5ms dt=    0.6ms tid=pic-smb-transport smb_client_context_created
NETWORK t= 12356.5ms dt=    0.0ms tid=pic-smb-transport smb_client_init_start
NETWORK t= 12356.5ms dt=    0.0ms tid=pic-smb-transport smb_client_init_done
NETWORK t= 12417.9ms dt=   61.4ms tid=pic-smb-transport smb_transport read_file ms=61.4
NETWORK t= 12418.7ms dt=    0.7ms tid=pic-smb-transport smb_client_context_freed
NETWORK t= 12418.7ms dt=    0.0ms tid=pic-smb-transport smb_client_new_start
NETWORK t= 12418.7ms dt=    0.0ms tid=ThreadId(20) read_done uri=smb://dietpi.local/4tbp/pics-sport/Forest%20Run%202026/Pt3/DSC_4691_result.jpg bytes=892209 ms=86.9
NETWORK t= 12419.4ms dt=    0.7ms tid=pic-smb-transport smb_client_context_created
NETWORK t= 12419.4ms dt=    0.0ms tid=pic-smb-transport smb_client_init_start
NETWORK t= 12419.4ms dt=    0.0ms tid=pic-smb-transport smb_client_init_done
NETWORK t= 12428.7ms dt=    9.3ms tid=ThreadId(20) materialize_start uri=smb://dietpi.local/4tbp/pics-sport/Forest%20Run%202026/Pt3/DSC_4691_result.jpg
NETWORK t= 12428.8ms dt=    0.1ms tid=ThreadId(20) read_start uri=smb://dietpi.local/4tbp/pics-sport/Forest%20Run%202026/Pt3/DSC_4691_result.jpg
NETWORK t= 12428.8ms dt=    0.0ms tid=ThreadId(20) smb_read_start url=smb://dietpi.local/4tbp/pics-sport/Forest Run 2026/Pt3/DSC_4691_result.jpg whole-file
NETWORK t= 12490.6ms dt=   61.8ms tid=pic-smb-transport smb_transport read_file ms=71.2
NETWORK t= 12491.3ms dt=    0.7ms tid=pic-smb-transport smb_client_context_freed
NETWORK t= 12491.3ms dt=    0.0ms tid=pic-smb-transport smb_client_new_start
NETWORK t= 12491.3ms dt=    0.0ms tid=ThreadId(19) read_done uri=smb://dietpi.local/4tbp/pics-sport/Forest%20Run%202026/Pt3/DSC_4879_result.jpg bytes=1195319 ms=254.5
NETWORK t= 12492.0ms dt=    0.7ms tid=pic-smb-transport smb_client_context_created
NETWORK t= 12492.0ms dt=    0.0ms tid=pic-smb-transport smb_client_init_start
NETWORK t= 12492.1ms dt=    0.0ms tid=pic-smb-transport smb_client_init_done
NETWORK t= 12503.4ms dt=   11.3ms tid=ThreadId(19) materialize_start uri=smb://dietpi.local/4tbp/pics-sport/Forest%20Run%202026/Pt3/DSC_4879_result.jpg
NETWORK t= 12503.5ms dt=    0.1ms tid=ThreadId(19) read_start uri=smb://dietpi.local/4tbp/pics-sport/Forest%20Run%202026/Pt3/DSC_4879_result.jpg
NETWORK t= 12503.5ms dt=    0.0ms tid=ThreadId(19) smb_read_start url=smb://dietpi.local/4tbp/pics-sport/Forest Run 2026/Pt3/DSC_4879_result.jpg whole-file
NETWORK t= 12554.1ms dt=   50.6ms tid=pic-smb-transport smb_transport read_file ms=62.0
NETWORK t= 12554.8ms dt=    0.7ms tid=pic-smb-transport smb_client_context_freed
NETWORK t= 12554.8ms dt=    0.0ms tid=pic-smb-transport smb_client_new_start
NETWORK t= 12554.8ms dt=    0.0ms tid=ThreadId(20) read_done uri=smb://dietpi.local/4tbp/pics-sport/Forest%20Run%202026/Pt3/DSC_4691_result.jpg bytes=892209 ms=126.0
NETWORK t= 12555.1ms dt=    0.2ms tid=ThreadId(20) materialize_done uri=smb://dietpi.local/4tbp/pics-sport/Forest%20Run%202026/Pt3/DSC_4691_result.jpg path=/home/peet/.cache/picasa-rs/source/t/6e39d97238f2cb8cbf92b60e274ed230e90bcbd19941116ec8166ab56d0651d5.jpg ms=126.3
NETWORK t= 12555.5ms dt=    0.4ms tid=pic-smb-transport smb_client_context_created
NETWORK t= 12555.5ms dt=    0.0ms tid=pic-smb-transport smb_client_init_start
NETWORK t= 12555.6ms dt=    0.0ms tid=pic-smb-transport smb_client_init_done
NETWORK t= 12558.1ms dt=    2.5ms tid=ThreadId(20) read_start uri=smb://dietpi.local/4tbp/pics-sport/Forest%20Run%202026/Pt3/DSC_4840_result.jpg
NETWORK t= 12558.1ms dt=    0.0ms tid=ThreadId(20) smb_read_start url=smb://dietpi.local/4tbp/pics-sport/Forest Run 2026/Pt3/DSC_4840_result.jpg whole-file
NETWORK t= 12605.3ms dt=   47.2ms tid=pic-smb-transport smb_transport read_file ms=49.7
NETWORK t= 12605.8ms dt=    0.5ms tid=pic-smb-transport smb_client_context_freed
NETWORK t= 12605.8ms dt=    0.0ms tid=pic-smb-transport smb_client_new_start
NETWORK t= 12605.8ms dt=    0.0ms tid=ThreadId(19) read_done uri=smb://dietpi.local/4tbp/pics-sport/Forest%20Run%202026/Pt3/DSC_4879_result.jpg bytes=1195319 ms=102.4
NETWORK t= 12606.1ms dt=    0.3ms tid=ThreadId(19) materialize_done uri=smb://dietpi.local/4tbp/pics-sport/Forest%20Run%202026/Pt3/DSC_4879_result.jpg path=/home/peet/.cache/picasa-rs/source/z/6e87234de9c836e8822e5d7e83f0fa811179c657e36cf1d5ce7bf9d42ea29001.jpg ms=102.7
NETWORK t= 12606.5ms dt=    0.4ms tid=pic-smb-transport smb_client_context_created
NETWORK t= 12606.5ms dt=    0.0ms tid=pic-smb-transport smb_client_init_start
NETWORK t= 12606.5ms dt=    0.0ms tid=pic-smb-transport smb_client_init_done
NETWORK t= 12609.2ms dt=    2.7ms tid=ThreadId(19) read_start uri=smb://dietpi.local/4tbp/pics-sport/Forest%20Run%202026/Pt3/DSC_4674_result.jpg
NETWORK t= 12609.2ms dt=    0.0ms tid=ThreadId(19) smb_read_start url=smb://dietpi.local/4tbp/pics-sport/Forest Run 2026/Pt3/DSC_4674_result.jpg whole-file
NETWORK t= 12624.2ms dt=   15.0ms tid=pic-smb-transport smb_transport stat ms=17.7
NETWORK t= 12624.7ms dt=    0.5ms tid=pic-smb-transport smb_client_context_freed
NETWORK t= 12624.8ms dt=    0.0ms tid=pic-smb-transport smb_client_new_start
NETWORK t= 12624.8ms dt=    0.0ms tid=ThreadId(6) smb_stat_start url=smb://dietpi.local/4tbp/pics-sport/Forest Run 2026/Pt3/DSC_4823_result.jpg lane=background
NETWORK t= 12625.5ms dt=    0.7ms tid=pic-smb-transport smb_client_context_created
NETWORK t= 12625.5ms dt=    0.0ms tid=pic-smb-transport smb_client_init_start
NETWORK t= 12625.5ms dt=    0.0ms tid=pic-smb-transport smb_client_init_done
NETWORK t= 12686.0ms dt=   60.5ms tid=pic-smb-transport smb_transport read_file ms=60.5
NETWORK t= 12686.8ms dt=    0.8ms tid=pic-smb-transport smb_client_context_freed
NETWORK t= 12686.9ms dt=    0.0ms tid=pic-smb-transport smb_client_new_start
NETWORK t= 12686.9ms dt=    0.0ms tid=ThreadId(20) read_done uri=smb://dietpi.local/4tbp/pics-sport/Forest%20Run%202026/Pt3/DSC_4840_result.jpg bytes=1134307 ms=128.8
NETWORK t= 12687.6ms dt=    0.7ms tid=pic-smb-transport smb_client_context_created
NETWORK t= 12687.6ms dt=    0.0ms tid=pic-smb-transport smb_client_init_start
NETWORK t= 12687.6ms dt=    0.0ms tid=pic-smb-transport smb_client_init_done
NETWORK t= 12697.8ms dt=   10.2ms tid=ThreadId(20) materialize_start uri=smb://dietpi.local/4tbp/pics-sport/Forest%20Run%202026/Pt3/DSC_4840_result.jpg
NETWORK t= 12697.8ms dt=    0.1ms tid=ThreadId(20) read_start uri=smb://dietpi.local/4tbp/pics-sport/Forest%20Run%202026/Pt3/DSC_4840_result.jpg
NETWORK t= 12697.8ms dt=    0.0ms tid=ThreadId(20) smb_read_start url=smb://dietpi.local/4tbp/pics-sport/Forest Run 2026/Pt3/DSC_4840_result.jpg whole-file
NETWORK t= 12760.7ms dt=   62.9ms tid=pic-smb-transport smb_transport read_file ms=73.1
NETWORK t= 12761.5ms dt=    0.7ms tid=pic-smb-transport smb_client_context_freed
NETWORK t= 12761.5ms dt=    0.0ms tid=pic-smb-transport smb_client_new_start
NETWORK t= 12761.5ms dt=    0.0ms tid=ThreadId(19) read_done uri=smb://dietpi.local/4tbp/pics-sport/Forest%20Run%202026/Pt3/DSC_4674_result.jpg bytes=1190774 ms=152.3
NETWORK t= 12762.2ms dt=    0.7ms tid=pic-smb-transport smb_client_context_created
NETWORK t= 12762.2ms dt=    0.0ms tid=pic-smb-transport smb_client_init_start
NETWORK t= 12762.2ms dt=    0.0ms tid=pic-smb-transport smb_client_init_done
NETWORK t= 12773.4ms dt=   11.2ms tid=ThreadId(19) materialize_start uri=smb://dietpi.local/4tbp/pics-sport/Forest%20Run%202026/Pt3/DSC_4674_result.jpg
NETWORK t= 12773.5ms dt=    0.1ms tid=ThreadId(19) read_start uri=smb://dietpi.local/4tbp/pics-sport/Forest%20Run%202026/Pt3/DSC_4674_result.jpg
NETWORK t= 12773.5ms dt=    0.0ms tid=ThreadId(19) smb_read_start url=smb://dietpi.local/4tbp/pics-sport/Forest Run 2026/Pt3/DSC_4674_result.jpg whole-file
NETWORK t= 12788.8ms dt=   15.3ms tid=pic-smb-transport smb_transport stat ms=26.6
NETWORK t= 12789.6ms dt=    0.7ms tid=pic-smb-transport smb_client_context_freed
NETWORK t= 12789.6ms dt=    0.0ms tid=pic-smb-transport smb_client_new_start
NETWORK t= 12789.6ms dt=    0.0ms tid=ThreadId(6) smb_stat_start url=smb://dietpi.local/4tbp/pics-sport/Forest Run 2026/Pt3/DSC_4821_result.jpg lane=background
NETWORK t= 12790.2ms dt=    0.6ms tid=pic-smb-transport smb_client_context_created
NETWORK t= 12790.2ms dt=    0.0ms tid=pic-smb-transport smb_client_init_start
NETWORK t= 12790.2ms dt=    0.0ms tid=pic-smb-transport smb_client_init_done
NETWORK t= 12861.5ms dt=   71.2ms tid=pic-smb-transport smb_transport read_file ms=71.2
NETWORK t= 12862.2ms dt=    0.8ms tid=pic-smb-transport smb_client_context_freed
NETWORK t= 12862.3ms dt=    0.0ms tid=pic-smb-transport smb_client_new_start
NETWORK t= 12862.3ms dt=    0.0ms tid=ThreadId(20) read_done uri=smb://dietpi.local/4tbp/pics-sport/Forest%20Run%202026/Pt3/DSC_4840_result.jpg bytes=1134307 ms=164.4
NETWORK t= 12862.5ms dt=    0.2ms tid=ThreadId(20) materialize_done uri=smb://dietpi.local/4tbp/pics-sport/Forest%20Run%202026/Pt3/DSC_4840_result.jpg path=/home/peet/.cache/picasa-rs/source/q/04761ec467d42564ea51dbba14de12f8dc8e49453e76ae862d5258a426782ba1.jpg ms=164.7
NETWORK t= 12862.9ms dt=    0.3ms tid=pic-smb-transport smb_client_context_created
NETWORK t= 12862.9ms dt=    0.0ms tid=pic-smb-transport smb_client_init_start
NETWORK t= 12862.9ms dt=    0.0ms tid=pic-smb-transport smb_client_init_done
NETWORK t= 12865.8ms dt=    2.9ms tid=ThreadId(20) read_start uri=smb://dietpi.local/4tbp/pics-sport/Forest%20Run%202026/Pt3/DSC_4872_result.jpg
NETWORK t= 12865.8ms dt=    0.0ms tid=ThreadId(20) smb_read_start url=smb://dietpi.local/4tbp/pics-sport/Forest Run 2026/Pt3/DSC_4872_result.jpg whole-file
NETWORK t= 12889.5ms dt=   23.8ms tid=pic-smb-transport smb_transport stat ms=26.6
NETWORK t= 12890.2ms dt=    0.6ms tid=pic-smb-transport smb_client_context_freed
NETWORK t= 12890.2ms dt=    0.0ms tid=pic-smb-transport smb_client_new_start
NETWORK t= 12890.3ms dt=    0.0ms tid=ThreadId(6) smb_stat_start url=smb://dietpi.local/4tbp/pics-sport/Forest Run 2026/Pt3/DSC_4819_result.jpg lane=background
NETWORK t= 12890.8ms dt=    0.6ms tid=pic-smb-transport smb_client_context_created
NETWORK t= 12890.9ms dt=    0.0ms tid=pic-smb-transport smb_client_init_start
NETWORK t= 12890.9ms dt=    0.0ms tid=pic-smb-transport smb_client_init_done
NETWORK t= 12944.0ms dt=   53.1ms tid=pic-smb-transport smb_transport read_file ms=53.1
NETWORK t= 12944.6ms dt=    0.5ms tid=pic-smb-transport smb_client_context_freed
NETWORK t= 12944.6ms dt=    0.0ms tid=pic-smb-transport smb_client_new_start
NETWORK t= 12944.6ms dt=    0.0ms tid=ThreadId(19) read_done uri=smb://dietpi.local/4tbp/pics-sport/Forest%20Run%202026/Pt3/DSC_4674_result.jpg bytes=1190774 ms=171.1
NETWORK t= 12944.9ms dt=    0.3ms tid=ThreadId(19) materialize_done uri=smb://dietpi.local/4tbp/pics-sport/Forest%20Run%202026/Pt3/DSC_4674_result.jpg path=/home/peet/.cache/picasa-rs/source/5/f8c956ecd561485cfa777cf531b05dc5144e9f752136932c0bba2311715b9ad7.jpg ms=171.4
NETWORK t= 12945.2ms dt=    0.3ms tid=pic-smb-transport smb_client_context_created
NETWORK t= 12945.2ms dt=    0.0ms tid=pic-smb-transport smb_client_init_start
NETWORK t= 12945.3ms dt=    0.0ms tid=pic-smb-transport smb_client_init_done
NETWORK t= 12948.0ms dt=    2.8ms tid=ThreadId(19) read_start uri=smb://dietpi.local/4tbp/pics-sport/Forest%20Run%202026/Pt3/DSC_4752_result.jpg
NETWORK t= 12948.0ms dt=    0.0ms tid=ThreadId(19) smb_read_start url=smb://dietpi.local/4tbp/pics-sport/Forest Run 2026/Pt3/DSC_4752_result.jpg whole-file
NETWORK t= 13009.6ms dt=   61.6ms tid=pic-smb-transport smb_transport read_file ms=64.3
NETWORK t= 13010.4ms dt=    0.7ms tid=pic-smb-transport smb_client_context_freed
NETWORK t= 13010.4ms dt=    0.0ms tid=pic-smb-transport smb_client_new_start
NETWORK t= 13010.4ms dt=    0.0ms tid=ThreadId(20) read_done uri=smb://dietpi.local/4tbp/pics-sport/Forest%20Run%202026/Pt3/DSC_4872_result.jpg bytes=1206485 ms=144.6
NETWORK t= 13011.0ms dt=    0.6ms tid=pic-smb-transport smb_client_context_created
NETWORK t= 13011.1ms dt=    0.0ms tid=pic-smb-transport smb_client_init_start
NETWORK t= 13011.1ms dt=    0.0ms tid=pic-smb-transport smb_client_init_done
NETWORK t= 13021.8ms dt=   10.7ms tid=ThreadId(20) materialize_start uri=smb://dietpi.local/4tbp/pics-sport/Forest%20Run%202026/Pt3/DSC_4872_result.jpg
NETWORK t= 13021.9ms dt=    0.1ms tid=ThreadId(20) read_start uri=smb://dietpi.local/4tbp/pics-sport/Forest%20Run%202026/Pt3/DSC_4872_result.jpg
NETWORK t= 13021.9ms dt=    0.0ms tid=ThreadId(20) smb_read_start url=smb://dietpi.local/4tbp/pics-sport/Forest Run 2026/Pt3/DSC_4872_result.jpg whole-file
NETWORK t= 13038.1ms dt=   16.2ms tid=pic-smb-transport smb_transport stat ms=27.0
NETWORK t= 13038.7ms dt=    0.6ms tid=pic-smb-transport smb_client_context_freed
NETWORK t= 13038.7ms dt=    0.0ms tid=pic-smb-transport smb_client_new_start
NETWORK t= 13038.8ms dt=    0.0ms tid=ThreadId(6) smb_stat_start url=smb://dietpi.local/4tbp/pics-sport/Forest Run 2026/Pt3/DSC_4818_result.jpg lane=background
NETWORK t= 13039.4ms dt=    0.6ms tid=pic-smb-transport smb_client_context_created
NETWORK t= 13039.4ms dt=    0.0ms tid=pic-smb-transport smb_client_init_start
NETWORK t= 13039.4ms dt=    0.0ms tid=pic-smb-transport smb_client_init_done
NETWORK t= 13110.4ms dt=   71.0ms tid=pic-smb-transport smb_transport read_file ms=71.0
NETWORK t= 13111.2ms dt=    0.7ms tid=pic-smb-transport smb_client_context_freed
NETWORK t= 13111.2ms dt=    0.0ms tid=pic-smb-transport smb_client_new_start
NETWORK t= 13111.2ms dt=    0.0ms tid=ThreadId(19) read_done uri=smb://dietpi.local/4tbp/pics-sport/Forest%20Run%202026/Pt3/DSC_4752_result.jpg bytes=1135419 ms=163.2
NETWORK t= 13111.9ms dt=    0.7ms tid=pic-smb-transport smb_client_context_created
NETWORK t= 13111.9ms dt=    0.0ms tid=pic-smb-transport smb_client_init_start
NETWORK t= 13112.0ms dt=    0.0ms tid=pic-smb-transport smb_client_init_done
NETWORK t= 13122.2ms dt=   10.2ms tid=ThreadId(19) materialize_start uri=smb://dietpi.local/4tbp/pics-sport/Forest%20Run%202026/Pt3/DSC_4752_result.jpg
NETWORK t= 13122.2ms dt=    0.1ms tid=ThreadId(19) read_start uri=smb://dietpi.local/4tbp/pics-sport/Forest%20Run%202026/Pt3/DSC_4752_result.jpg
NETWORK t= 13122.3ms dt=    0.0ms tid=ThreadId(19) smb_read_start url=smb://dietpi.local/4tbp/pics-sport/Forest Run 2026/Pt3/DSC_4752_result.jpg whole-file
NETWORK t= 13139.3ms dt=   17.0ms tid=pic-smb-transport smb_transport stat ms=27.3
NETWORK t= 13140.1ms dt=    0.8ms tid=pic-smb-transport smb_client_context_freed
NETWORK t= 13140.1ms dt=    0.0ms tid=pic-smb-transport smb_client_new_start
NETWORK t= 13140.1ms dt=    0.0ms tid=ThreadId(6) smb_stat_start url=smb://dietpi.local/4tbp/pics-sport/Forest Run 2026/Pt3/DSC_4817_result.jpg lane=background
NETWORK t= 13140.7ms dt=    0.6ms tid=pic-smb-transport smb_client_context_created
NETWORK t= 13140.7ms dt=    0.0ms tid=pic-smb-transport smb_client_init_start
NETWORK t= 13140.8ms dt=    0.0ms tid=pic-smb-transport smb_client_init_done
NETWORK t= 13207.5ms dt=   66.8ms tid=pic-smb-transport smb_transport read_file ms=66.8
NETWORK t= 13208.2ms dt=    0.6ms tid=pic-smb-transport smb_client_context_freed
NETWORK t= 13208.2ms dt=    0.0ms tid=pic-smb-transport smb_client_new_start
NETWORK t= 13208.2ms dt=    0.0ms tid=ThreadId(19) read_done uri=smb://dietpi.local/4tbp/pics-sport/Forest%20Run%202026/Pt3/DSC_4752_result.jpg bytes=1135419 ms=86.0
NETWORK t= 13208.5ms dt=    0.3ms tid=ThreadId(19) materialize_done uri=smb://dietpi.local/4tbp/pics-sport/Forest%20Run%202026/Pt3/DSC_4752_result.jpg path=/home/peet/.cache/picasa-rs/source/t/f1fde155b8a87fe49ad37f34a6c561836c572b18f7faa79620b42d91c8c8d4f6.jpg ms=86.3
NETWORK t= 13208.8ms dt=    0.3ms tid=pic-smb-transport smb_client_context_created
NETWORK t= 13208.9ms dt=    0.0ms tid=pic-smb-transport smb_client_init_start
NETWORK t= 13208.9ms dt=    0.0ms tid=pic-smb-transport smb_client_init_done
NETWORK t= 13211.8ms dt=    3.0ms tid=ThreadId(19) read_start uri=smb://dietpi.local/4tbp/pics-sport/Forest%20Run%202026/pt4/DSC_5000_result.jpg
NETWORK t= 13211.9ms dt=    0.0ms tid=ThreadId(19) smb_read_start url=smb://dietpi.local/4tbp/pics-sport/Forest Run 2026/pt4/DSC_5000_result.jpg whole-file
NETWORK t= 13279.0ms dt=   67.1ms tid=pic-smb-transport smb_transport read_file ms=70.1
NETWORK t= 13279.7ms dt=    0.7ms tid=pic-smb-transport smb_client_context_freed
NETWORK t= 13279.8ms dt=    0.0ms tid=pic-smb-transport smb_client_new_start
NETWORK t= 13279.8ms dt=    0.0ms tid=ThreadId(20) read_done uri=smb://dietpi.local/4tbp/pics-sport/Forest%20Run%202026/Pt3/DSC_4872_result.jpg bytes=1206485 ms=257.9
NETWORK t= 13280.1ms dt=    0.3ms tid=ThreadId(20) materialize_done uri=smb://dietpi.local/4tbp/pics-sport/Forest%20Run%202026/Pt3/DSC_4872_result.jpg path=/home/peet/.cache/picasa-rs/source/f/91530765d25c6a16e43829574c669cd7dd5b9300ff7badc11f5b731dd323dfb3.jpg ms=258.3
NETWORK t= 13280.6ms dt=    0.5ms tid=pic-smb-transport smb_client_context_created
NETWORK t= 13280.6ms dt=    0.0ms tid=pic-smb-transport smb_client_init_start
NETWORK t= 13280.7ms dt=    0.0ms tid=pic-smb-transport smb_client_init_done
NETWORK t= 13283.4ms dt=    2.7ms tid=ThreadId(20) read_start uri=smb://dietpi.local/4tbp/pics-sport/Forest%20Run%202026/Pt3/DSC_4695_result.jpg
NETWORK t= 13283.4ms dt=    0.0ms tid=ThreadId(20) smb_read_start url=smb://dietpi.local/4tbp/pics-sport/Forest Run 2026/Pt3/DSC_4695_result.jpg whole-file
NETWORK t= 13307.5ms dt=   24.1ms tid=pic-smb-transport smb_transport stat ms=26.9
NETWORK t= 13308.2ms dt=    0.7ms tid=pic-smb-transport smb_client_context_freed
NETWORK t= 13308.2ms dt=    0.0ms tid=pic-smb-transport smb_client_new_start
NETWORK t= 13308.3ms dt=    0.1ms tid=ThreadId(6) smb_stat_start url=smb://dietpi.local/4tbp/pics-sport/Forest Run 2026/Pt3/DSC_4814_result.jpg lane=background
NETWORK t= 13309.1ms dt=    0.8ms tid=pic-smb-transport smb_client_context_created
NETWORK t= 13309.1ms dt=    0.0ms tid=pic-smb-transport smb_client_init_start
NETWORK t= 13309.1ms dt=    0.0ms tid=pic-smb-transport smb_client_init_done
NETWORK t= 13359.0ms dt=   49.9ms tid=pic-smb-transport smb_transport read_file ms=49.9
NETWORK t= 13359.5ms dt=    0.5ms tid=pic-smb-transport smb_client_context_freed
NETWORK t= 13359.6ms dt=    0.0ms tid=pic-smb-transport smb_client_new_start
NETWORK t= 13359.6ms dt=    0.0ms tid=ThreadId(19) read_done uri=smb://dietpi.local/4tbp/pics-sport/Forest%20Run%202026/pt4/DSC_5000_result.jpg bytes=1194878 ms=147.7
NETWORK t= 13360.3ms dt=    0.7ms tid=pic-smb-transport smb_client_context_created
NETWORK t= 13360.3ms dt=    0.0ms tid=pic-smb-transport smb_client_init_start
NETWORK t= 13360.3ms dt=    0.0ms tid=pic-smb-transport smb_client_init_done
NETWORK t= 13371.1ms dt=   10.8ms tid=ThreadId(19) materialize_start uri=smb://dietpi.local/4tbp/pics-sport/Forest%20Run%202026/pt4/DSC_5000_result.jpg
NETWORK t= 13371.2ms dt=    0.1ms tid=ThreadId(19) read_start uri=smb://dietpi.local/4tbp/pics-sport/Forest%20Run%202026/pt4/DSC_5000_result.jpg
NETWORK t= 13371.2ms dt=    0.0ms tid=ThreadId(19) smb_read_start url=smb://dietpi.local/4tbp/pics-sport/Forest Run 2026/pt4/DSC_5000_result.jpg whole-file
NETWORK t= 13420.5ms dt=   49.3ms tid=pic-smb-transport smb_transport read_file ms=60.2
NETWORK t= 13421.2ms dt=    0.7ms tid=pic-smb-transport smb_client_context_freed
NETWORK t= 13421.3ms dt=    0.0ms tid=pic-smb-transport smb_client_new_start
NETWORK t= 13421.3ms dt=    0.0ms tid=ThreadId(20) read_done uri=smb://dietpi.local/4tbp/pics-sport/Forest%20Run%202026/Pt3/DSC_4695_result.jpg bytes=1096672 ms=137.8
NETWORK t= 13421.9ms dt=    0.6ms tid=pic-smb-transport smb_client_context_created
NETWORK t= 13421.9ms dt=    0.0ms tid=pic-smb-transport smb_client_init_start
NETWORK t= 13421.9ms dt=    0.0ms tid=pic-smb-transport smb_client_init_done
NETWORK t= 13432.2ms dt=   10.3ms tid=ThreadId(20) materialize_start uri=smb://dietpi.local/4tbp/pics-sport/Forest%20Run%202026/Pt3/DSC_4695_result.jpg
NETWORK t= 13432.3ms dt=    0.1ms tid=ThreadId(20) read_start uri=smb://dietpi.local/4tbp/pics-sport/Forest%20Run%202026/Pt3/DSC_4695_result.jpg
NETWORK t= 13432.3ms dt=    0.0ms tid=ThreadId(20) smb_read_start url=smb://dietpi.local/4tbp/pics-sport/Forest Run 2026/Pt3/DSC_4695_result.jpg whole-file
NETWORK t= 13448.4ms dt=   16.1ms tid=pic-smb-transport smb_transport stat ms=26.5
NETWORK t= 13449.2ms dt=    0.7ms tid=pic-smb-transport smb_client_context_freed
NETWORK t= 13449.2ms dt=    0.0ms tid=pic-smb-transport smb_client_new_start
NETWORK t= 13449.2ms dt=    0.0ms tid=ThreadId(6) smb_stat_start url=smb://dietpi.local/4tbp/pics-sport/Forest Run 2026/Pt3/DSC_4813_result.jpg lane=background
NETWORK t= 13449.9ms dt=    0.7ms tid=pic-smb-transport smb_client_context_created
NETWORK t= 13450.0ms dt=    0.0ms tid=pic-smb-transport smb_client_init_start
NETWORK t= 13450.0ms dt=    0.0ms tid=pic-smb-transport smb_client_init_done
NETWORK t= 13521.7ms dt=   71.8ms tid=pic-smb-transport smb_transport read_file ms=71.7
NETWORK t= 13522.4ms dt=    0.7ms tid=pic-smb-transport smb_client_context_freed
NETWORK t= 13522.4ms dt=    0.0ms tid=pic-smb-transport smb_client_new_start
NETWORK t= 13522.5ms dt=    0.0ms tid=ThreadId(19) read_done uri=smb://dietpi.local/4tbp/pics-sport/Forest%20Run%202026/pt4/DSC_5000_result.jpg bytes=1194878 ms=151.2
NETWORK t= 13522.7ms dt=    0.3ms tid=ThreadId(19) materialize_done uri=smb://dietpi.local/4tbp/pics-sport/Forest%20Run%202026/pt4/DSC_5000_result.jpg path=/home/peet/.cache/picasa-rs/source/u/4aa671290f75a58b104ac54a8caa3dd7836fa86abbaeefed31418ee5bea1fd05.jpg ms=151.6
NETWORK t= 13523.1ms dt=    0.4ms tid=pic-smb-transport smb_client_context_created
NETWORK t= 13523.1ms dt=    0.0ms tid=pic-smb-transport smb_client_init_start
NETWORK t= 13523.2ms dt=    0.0ms tid=pic-smb-transport smb_client_init_done
NETWORK t= 13526.0ms dt=    2.8ms tid=ThreadId(19) read_start uri=smb://dietpi.local/4tbp/pics-sport/Forest%20Run%202026/Pt3/DSC_4749_result.jpg
NETWORK t= 13526.0ms dt=    0.0ms tid=ThreadId(19) smb_read_start url=smb://dietpi.local/4tbp/pics-sport/Forest Run 2026/Pt3/DSC_4749_result.jpg whole-file
NETWORK t= 13549.5ms dt=   23.5ms tid=pic-smb-transport smb_transport stat ms=26.3
NETWORK t= 13550.2ms dt=    0.7ms tid=pic-smb-transport smb_client_context_freed
NETWORK t= 13550.3ms dt=    0.0ms tid=pic-smb-transport smb_client_new_start
NETWORK t= 13550.3ms dt=    0.0ms tid=ThreadId(6) smb_stat_start url=smb://dietpi.local/4tbp/pics-sport/Forest Run 2026/Pt3/DSC_4812_result.jpg lane=background
NETWORK t= 13550.9ms dt=    0.6ms tid=pic-smb-transport smb_client_context_created
NETWORK t= 13550.9ms dt=    0.0ms tid=pic-smb-transport smb_client_init_start
NETWORK t= 13550.9ms dt=    0.0ms tid=pic-smb-transport smb_client_init_done
NETWORK t= 13607.6ms dt=   56.7ms tid=pic-smb-transport smb_transport read_file ms=56.7
NETWORK t= 13608.2ms dt=    0.7ms tid=pic-smb-transport smb_client_context_freed
NETWORK t= 13608.3ms dt=    0.0ms tid=pic-smb-transport smb_client_new_start
NETWORK t= 13608.3ms dt=    0.0ms tid=ThreadId(19) read_done uri=smb://dietpi.local/4tbp/pics-sport/Forest%20Run%202026/Pt3/DSC_4749_result.jpg bytes=1158120 ms=82.3
NETWORK t= 13608.9ms dt=    0.6ms tid=pic-smb-transport smb_client_context_created
NETWORK t= 13608.9ms dt=    0.0ms tid=pic-smb-transport smb_client_init_start
NETWORK t= 13608.9ms dt=    0.0ms tid=pic-smb-transport smb_client_init_done
NETWORK t= 13619.3ms dt=   10.4ms tid=ThreadId(19) materialize_start uri=smb://dietpi.local/4tbp/pics-sport/Forest%20Run%202026/Pt3/DSC_4749_result.jpg
NETWORK t= 13619.4ms dt=    0.1ms tid=ThreadId(19) read_start uri=smb://dietpi.local/4tbp/pics-sport/Forest%20Run%202026/Pt3/DSC_4749_result.jpg
NETWORK t= 13619.4ms dt=    0.0ms tid=ThreadId(19) smb_read_start url=smb://dietpi.local/4tbp/pics-sport/Forest Run 2026/Pt3/DSC_4749_result.jpg whole-file
NETWORK t= 13635.4ms dt=   16.0ms tid=pic-smb-transport smb_transport stat ms=26.5
NETWORK t= 13636.1ms dt=    0.6ms tid=pic-smb-transport smb_client_context_freed
NETWORK t= 13636.1ms dt=    0.0ms tid=pic-smb-transport smb_client_new_start
NETWORK t= 13636.1ms dt=    0.0ms tid=ThreadId(6) smb_stat_start url=smb://dietpi.local/4tbp/pics-sport/Forest Run 2026/Pt3/DSC_4811_result.jpg lane=background
NETWORK t= 13636.7ms dt=    0.6ms tid=pic-smb-transport smb_client_context_created
NETWORK t= 13636.8ms dt=    0.0ms tid=pic-smb-transport smb_client_init_start
NETWORK t= 13636.8ms dt=    0.0ms tid=pic-smb-transport smb_client_init_done
NETWORK t= 13703.9ms dt=   67.2ms tid=pic-smb-transport smb_transport read_file ms=67.1
NETWORK t= 13704.6ms dt=    0.6ms tid=pic-smb-transport smb_client_context_freed
NETWORK t= 13704.6ms dt=    0.0ms tid=pic-smb-transport smb_client_new_start
NETWORK t= 13704.6ms dt=    0.0ms tid=ThreadId(19) read_done uri=smb://dietpi.local/4tbp/pics-sport/Forest%20Run%202026/Pt3/DSC_4749_result.jpg bytes=1158120 ms=85.2
NETWORK t= 13704.9ms dt=    0.3ms tid=ThreadId(19) materialize_done uri=smb://dietpi.local/4tbp/pics-sport/Forest%20Run%202026/Pt3/DSC_4749_result.jpg path=/home/peet/.cache/picasa-rs/source/1/bf1d3f16b740dc0b5da1aa0a3e15144afb963b1c4063c6e13525e2184532ca5f.jpg ms=85.5
NETWORK t= 13705.3ms dt=    0.4ms tid=pic-smb-transport smb_client_context_created
NETWORK t= 13705.3ms dt=    0.0ms tid=pic-smb-transport smb_client_init_start
NETWORK t= 13705.3ms dt=    0.0ms tid=pic-smb-transport smb_client_init_done
NETWORK t= 13708.3ms dt=    3.0ms tid=ThreadId(19) read_start uri=smb://dietpi.local/4tbp/pics-sport/Forest%20Run%202026/Pt3/DSC_4792_result.jpg
NETWORK t= 13708.4ms dt=    0.0ms tid=ThreadId(19) smb_read_start url=smb://dietpi.local/4tbp/pics-sport/Forest Run 2026/Pt3/DSC_4792_result.jpg whole-file
NETWORK t= 13731.5ms dt=   23.1ms tid=pic-smb-transport smb_transport stat ms=26.2
NETWORK t= 13732.0ms dt=    0.6ms tid=pic-smb-transport smb_client_context_freed
NETWORK t= 13732.1ms dt=    0.0ms tid=pic-smb-transport smb_client_new_start
NETWORK t= 13732.1ms dt=    0.0ms tid=ThreadId(6) smb_stat_start url=smb://dietpi.local/4tbp/pics-sport/Forest Run 2026/Pt3/DSC_4809_result.jpg lane=background
NETWORK t= 13732.7ms dt=    0.6ms tid=pic-smb-transport smb_client_context_created
NETWORK t= 13732.7ms dt=    0.0ms tid=pic-smb-transport smb_client_init_start
NETWORK t= 13732.7ms dt=    0.0ms tid=pic-smb-transport smb_client_init_done
NETWORK t= 13795.2ms dt=   62.5ms tid=pic-smb-transport smb_transport read_file ms=62.5
NETWORK t= 13795.9ms dt=    0.7ms tid=pic-smb-transport smb_client_context_freed
NETWORK t= 13796.0ms dt=    0.0ms tid=pic-smb-transport smb_client_new_start
NETWORK t= 13796.0ms dt=    0.0ms tid=ThreadId(19) read_done uri=smb://dietpi.local/4tbp/pics-sport/Forest%20Run%202026/Pt3/DSC_4792_result.jpg bytes=1009964 ms=87.6
NETWORK t= 13796.7ms dt=    0.7ms tid=pic-smb-transport smb_client_context_created
NETWORK t= 13796.7ms dt=    0.0ms tid=pic-smb-transport smb_client_init_start
NETWORK t= 13796.7ms dt=    0.0ms tid=pic-smb-transport smb_client_init_done
NETWORK t= 13806.1ms dt=    9.4ms tid=ThreadId(19) materialize_start uri=smb://dietpi.local/4tbp/pics-sport/Forest%20Run%202026/Pt3/DSC_4792_result.jpg
NETWORK t= 13806.2ms dt=    0.1ms tid=ThreadId(19) read_start uri=smb://dietpi.local/4tbp/pics-sport/Forest%20Run%202026/Pt3/DSC_4792_result.jpg
NETWORK t= 13806.2ms dt=    0.0ms tid=ThreadId(19) smb_read_start url=smb://dietpi.local/4tbp/pics-sport/Forest Run 2026/Pt3/DSC_4792_result.jpg whole-file
NETWORK t= 13813.3ms dt=    7.1ms tid=pic-smb-transport smb_transport stat ms=16.6
NETWORK t= 13813.8ms dt=    0.5ms tid=pic-smb-transport smb_client_context_freed
NETWORK t= 13813.8ms dt=    0.0ms tid=pic-smb-transport smb_client_new_start
NETWORK t= 13813.9ms dt=    0.1ms tid=ThreadId(6) smb_stat_start url=smb://dietpi.local/4tbp/pics-sport/Forest Run 2026/Pt3/DSC_4808_result.jpg lane=background
NETWORK t= 13814.5ms dt=    0.6ms tid=pic-smb-transport smb_client_context_created
NETWORK t= 13814.5ms dt=    0.0ms tid=pic-smb-transport smb_client_init_start
NETWORK t= 13814.5ms dt=    0.0ms tid=pic-smb-transport smb_client_init_done
NETWORK t= 13857.1ms dt=   42.6ms tid=pic-smb-transport smb_transport read_file ms=42.6
NETWORK t= 13857.6ms dt=    0.5ms tid=pic-smb-transport smb_client_context_freed
NETWORK t= 13857.6ms dt=    0.0ms tid=pic-smb-transport smb_client_new_start
NETWORK t= 13857.6ms dt=    0.0ms tid=ThreadId(20) read_done uri=smb://dietpi.local/4tbp/pics-sport/Forest%20Run%202026/Pt3/DSC_4695_result.jpg bytes=1096672 ms=425.4
NETWORK t= 13858.0ms dt=    0.3ms tid=ThreadId(20) materialize_done uri=smb://dietpi.local/4tbp/pics-sport/Forest%20Run%202026/Pt3/DSC_4695_result.jpg path=/home/peet/.cache/picasa-rs/source/9/4f594e847136da7feb82f39cda23b7cb5e1247f1a18a58e834fbef78795e519b.jpg ms=425.7
NETWORK t= 13858.3ms dt=    0.3ms tid=pic-smb-transport smb_client_context_created
NETWORK t= 13858.3ms dt=    0.0ms tid=pic-smb-transport smb_client_init_start
NETWORK t= 13858.3ms dt=    0.0ms tid=pic-smb-transport smb_client_init_done
NETWORK t= 13861.9ms dt=    3.5ms tid=ThreadId(20) read_start uri=smb://dietpi.local/4tbp/pics-sport/Forest%20Run%202026/Pt3/DSC_4687_result.jpg
NETWORK t= 13861.9ms dt=    0.0ms tid=ThreadId(20) smb_read_start url=smb://dietpi.local/4tbp/pics-sport/Forest Run 2026/Pt3/DSC_4687_result.jpg whole-file
NETWORK t= 13870.3ms dt=    8.4ms tid=pic-smb-transport smb_transport stat ms=12.0
NETWORK t= 13870.8ms dt=    0.5ms tid=pic-smb-transport smb_client_context_freed
NETWORK t= 13870.8ms dt=    0.0ms tid=pic-smb-transport smb_client_new_start
NETWORK t= 13870.8ms dt=    0.0ms tid=ThreadId(6) smb_stat_start url=smb://dietpi.local/4tbp/pics-sport/Forest Run 2026/Pt3/DSC_4806_result.jpg lane=background
NETWORK t= 13871.5ms dt=    0.7ms tid=pic-smb-transport smb_client_context_created
NETWORK t= 13871.5ms dt=    0.0ms tid=pic-smb-transport smb_client_init_start
NETWORK t= 13871.5ms dt=    0.0ms tid=pic-smb-transport smb_client_init_done
NETWORK t= 13918.1ms dt=   46.5ms tid=pic-smb-transport smb_transport read_file ms=46.5
NETWORK t= 13918.5ms dt=    0.4ms tid=pic-smb-transport smb_client_context_freed
NETWORK t= 13918.5ms dt=    0.0ms tid=pic-smb-transport smb_client_new_start
NETWORK t= 13918.5ms dt=    0.0ms tid=ThreadId(20) read_done uri=smb://dietpi.local/4tbp/pics-sport/Forest%20Run%202026/Pt3/DSC_4687_result.jpg bytes=1135724 ms=56.6
NETWORK t= 13919.2ms dt=    0.7ms tid=pic-smb-transport smb_client_context_created
NETWORK t= 13919.2ms dt=    0.0ms tid=pic-smb-transport smb_client_init_start
NETWORK t= 13919.3ms dt=    0.0ms tid=pic-smb-transport smb_client_init_done
NETWORK t= 13930.2ms dt=   10.9ms tid=ThreadId(20) materialize_start uri=smb://dietpi.local/4tbp/pics-sport/Forest%20Run%202026/Pt3/DSC_4687_result.jpg
NETWORK t= 13930.2ms dt=    0.1ms tid=ThreadId(20) read_start uri=smb://dietpi.local/4tbp/pics-sport/Forest%20Run%202026/Pt3/DSC_4687_result.jpg
NETWORK t= 13930.3ms dt=    0.0ms tid=ThreadId(20) smb_read_start url=smb://dietpi.local/4tbp/pics-sport/Forest Run 2026/Pt3/DSC_4687_result.jpg whole-file
NETWORK t= 13937.0ms dt=    6.7ms tid=pic-smb-transport smb_transport stat ms=17.7
NETWORK t= 13937.6ms dt=    0.6ms tid=pic-smb-transport smb_client_context_freed
NETWORK t= 13937.6ms dt=    0.0ms tid=pic-smb-transport smb_client_new_start
NETWORK t= 13937.6ms dt=    0.0ms tid=ThreadId(6) smb_stat_start url=smb://dietpi.local/4tbp/pics-sport/Forest Run 2026/Pt3/DSC_4804_result.jpg lane=background
NETWORK t= 13938.2ms dt=    0.6ms tid=pic-smb-transport smb_client_context_created
NETWORK t= 13938.2ms dt=    0.0ms tid=pic-smb-transport smb_client_init_start
NETWORK t= 13938.3ms dt=    0.0ms tid=pic-smb-transport smb_client_init_done
NETWORK t= 13989.1ms dt=   50.9ms tid=pic-smb-transport smb_transport read_file ms=50.9
NETWORK t= 13989.6ms dt=    0.4ms tid=pic-smb-transport smb_client_context_freed
NETWORK t= 13989.6ms dt=    0.0ms tid=pic-smb-transport smb_client_new_start
NETWORK t= 13989.6ms dt=    0.0ms tid=ThreadId(19) read_done uri=smb://dietpi.local/4tbp/pics-sport/Forest%20Run%202026/Pt3/DSC_4792_result.jpg bytes=1009964 ms=183.4
NETWORK t= 13989.9ms dt=    0.3ms tid=ThreadId(19) materialize_done uri=smb://dietpi.local/4tbp/pics-sport/Forest%20Run%202026/Pt3/DSC_4792_result.jpg path=/home/peet/.cache/picasa-rs/source/l/d3294c566f0f585ad3bb9e55a142047a947085088d08f71c0672f0599973b4bc.jpg ms=183.7
NETWORK t= 13990.2ms dt=    0.3ms tid=pic-smb-transport smb_client_context_created
NETWORK t= 13990.2ms dt=    0.0ms tid=pic-smb-transport smb_client_init_start
NETWORK t= 13990.2ms dt=    0.0ms tid=pic-smb-transport smb_client_init_done
NETWORK t= 13993.2ms dt=    2.9ms tid=ThreadId(19) read_start uri=smb://dietpi.local/4tbp/pics-sport/Forest%20Run%202026/Pt3/DSC_4889_result.jpg
NETWORK t= 13993.2ms dt=    0.0ms tid=ThreadId(19) smb_read_start url=smb://dietpi.local/4tbp/pics-sport/Forest Run 2026/Pt3/DSC_4889_result.jpg whole-file
NETWORK t= 14009.4ms dt=   16.2ms tid=pic-smb-transport smb_transport stat ms=19.2
NETWORK t= 14010.0ms dt=    0.6ms tid=pic-smb-transport smb_client_context_freed
NETWORK t= 14010.0ms dt=    0.0ms tid=pic-smb-transport smb_client_new_start
NETWORK t= 14010.1ms dt=    0.1ms tid=ThreadId(6) smb_stat_start url=smb://dietpi.local/4tbp/pics-sport/Forest Run 2026/Pt3/DSC_4802_result.jpg lane=background
NETWORK t= 14010.7ms dt=    0.6ms tid=pic-smb-transport smb_client_context_created
NETWORK t= 14010.7ms dt=    0.0ms tid=pic-smb-transport smb_client_init_start
NETWORK t= 14010.7ms dt=    0.0ms tid=pic-smb-transport smb_client_init_done
NETWORK t= 14065.5ms dt=   54.8ms tid=pic-smb-transport smb_transport read_file ms=54.8
NETWORK t= 14066.2ms dt=    0.7ms tid=pic-smb-transport smb_client_context_freed
NETWORK t= 14066.3ms dt=    0.0ms tid=pic-smb-transport smb_client_new_start
NETWORK t= 14066.3ms dt=    0.0ms tid=ThreadId(19) read_done uri=smb://dietpi.local/4tbp/pics-sport/Forest%20Run%202026/Pt3/DSC_4889_result.jpg bytes=974987 ms=73.1
NETWORK t= 14067.0ms dt=    0.7ms tid=pic-smb-transport smb_client_context_created
NETWORK t= 14067.0ms dt=    0.0ms tid=pic-smb-transport smb_client_init_start
NETWORK t= 14067.0ms dt=    0.0ms tid=pic-smb-transport smb_client_init_done
NETWORK t= 14076.3ms dt=    9.3ms tid=ThreadId(19) materialize_start uri=smb://dietpi.local/4tbp/pics-sport/Forest%20Run%202026/Pt3/DSC_4889_result.jpg
NETWORK t= 14076.4ms dt=    0.1ms tid=ThreadId(19) read_start uri=smb://dietpi.local/4tbp/pics-sport/Forest%20Run%202026/Pt3/DSC_4889_result.jpg
NETWORK t= 14076.4ms dt=    0.0ms tid=ThreadId(19) smb_read_start url=smb://dietpi.local/4tbp/pics-sport/Forest Run 2026/Pt3/DSC_4889_result.jpg whole-file
NETWORK t= 14093.9ms dt=   17.5ms tid=pic-smb-transport smb_transport stat ms=26.9
NETWORK t= 14094.7ms dt=    0.7ms tid=pic-smb-transport smb_client_context_freed
NETWORK t= 14094.7ms dt=    0.0ms tid=pic-smb-transport smb_client_new_start
NETWORK t= 14094.7ms dt=    0.0ms tid=ThreadId(6) smb_stat_start url=smb://dietpi.local/4tbp/pics-sport/Forest Run 2026/Pt3/DSC_4800_result.jpg lane=background
NETWORK t= 14095.4ms dt=    0.7ms tid=pic-smb-transport smb_client_context_created
NETWORK t= 14095.5ms dt=    0.0ms tid=pic-smb-transport smb_client_init_start
NETWORK t= 14095.5ms dt=    0.0ms tid=pic-smb-transport smb_client_init_done
NETWORK t= 14160.7ms dt=   65.2ms tid=pic-smb-transport smb_transport read_file ms=65.2
NETWORK t= 14161.4ms dt=    0.7ms tid=pic-smb-transport smb_client_context_freed
NETWORK t= 14161.4ms dt=    0.0ms tid=pic-smb-transport smb_client_new_start
NETWORK t= 14161.5ms dt=    0.0ms tid=ThreadId(19) read_done uri=smb://dietpi.local/4tbp/pics-sport/Forest%20Run%202026/Pt3/DSC_4889_result.jpg bytes=974987 ms=85.0
NETWORK t= 14161.8ms dt=    0.3ms tid=ThreadId(19) materialize_done uri=smb://dietpi.local/4tbp/pics-sport/Forest%20Run%202026/Pt3/DSC_4889_result.jpg path=/home/peet/.cache/picasa-rs/source/c/1f2022c80fa3bef3d8ebe383f7f6f806fa016ecf699cddeb38f0e3230a47a0e2.jpg ms=85.4
NETWORK t= 14162.2ms dt=    0.5ms tid=pic-smb-transport smb_client_context_created
NETWORK t= 14162.3ms dt=    0.0ms tid=pic-smb-transport smb_client_init_start
NETWORK t= 14162.3ms dt=    0.0ms tid=pic-smb-transport smb_client_init_done
NETWORK t= 14165.0ms dt=    2.7ms tid=ThreadId(19) read_start uri=smb://dietpi.local/4tbp/pics-sport/Forest%20Run%202026/Pt3/DSC_4818_result.jpg
NETWORK t= 14165.0ms dt=    0.0ms tid=ThreadId(19) smb_read_start url=smb://dietpi.local/4tbp/pics-sport/Forest Run 2026/Pt3/DSC_4818_result.jpg whole-file
NETWORK t= 14234.2ms dt=   69.2ms tid=pic-smb-transport smb_transport read_file ms=71.9
NETWORK t= 14235.0ms dt=    0.8ms tid=pic-smb-transport smb_client_context_freed
NETWORK t= 14235.0ms dt=    0.0ms tid=pic-smb-transport smb_client_new_start
NETWORK t= 14235.0ms dt=    0.0ms tid=ThreadId(20) read_done uri=smb://dietpi.local/4tbp/pics-sport/Forest%20Run%202026/Pt3/DSC_4687_result.jpg bytes=1135724 ms=304.7
NETWORK t= 14235.3ms dt=    0.3ms tid=ThreadId(20) materialize_done uri=smb://dietpi.local/4tbp/pics-sport/Forest%20Run%202026/Pt3/DSC_4687_result.jpg path=/home/peet/.cache/picasa-rs/source/m/042a427db3d41d1d0ef4eeb3ee0cc0bba7f7764797684af72e77a5c65fb8ce7e.jpg ms=305.1
NETWORK t= 14235.6ms dt=    0.3ms tid=pic-smb-transport smb_client_context_created
NETWORK t= 14235.6ms dt=    0.0ms tid=pic-smb-transport smb_client_init_start
NETWORK t= 14235.6ms dt=    0.0ms tid=pic-smb-transport smb_client_init_done
NETWORK t= 14238.5ms dt=    2.9ms tid=ThreadId(20) read_start uri=smb://dietpi.local/4tbp/pics-sport/Forest%20Run%202026/Pt3/DSC_4710_result.jpg
NETWORK t= 14238.6ms dt=    0.0ms tid=ThreadId(20) smb_read_start url=smb://dietpi.local/4tbp/pics-sport/Forest Run 2026/Pt3/DSC_4710_result.jpg whole-file
NETWORK t= 14284.3ms dt=   45.7ms tid=pic-smb-transport smb_transport read_file ms=48.6
NETWORK t= 14284.9ms dt=    0.6ms tid=pic-smb-transport smb_client_context_freed
NETWORK t= 14284.9ms dt=    0.0ms tid=pic-smb-transport smb_client_new_start
NETWORK t= 14284.9ms dt=    0.0ms tid=ThreadId(19) read_done uri=smb://dietpi.local/4tbp/pics-sport/Forest%20Run%202026/Pt3/DSC_4818_result.jpg bytes=1212983 ms=119.9
NETWORK t= 14285.7ms dt=    0.7ms tid=pic-smb-transport smb_client_context_created
NETWORK t= 14285.7ms dt=    0.0ms tid=pic-smb-transport smb_client_init_start
NETWORK t= 14285.7ms dt=    0.0ms tid=pic-smb-transport smb_client_init_done
NETWORK t= 14296.5ms dt=   10.8ms tid=ThreadId(19) materialize_start uri=smb://dietpi.local/4tbp/pics-sport/Forest%20Run%202026/Pt3/DSC_4818_result.jpg
NETWORK t= 14296.5ms dt=    0.1ms tid=ThreadId(19) read_start uri=smb://dietpi.local/4tbp/pics-sport/Forest%20Run%202026/Pt3/DSC_4818_result.jpg
NETWORK t= 14296.5ms dt=    0.0ms tid=ThreadId(19) smb_read_start url=smb://dietpi.local/4tbp/pics-sport/Forest Run 2026/Pt3/DSC_4818_result.jpg whole-file
NETWORK t= 14359.7ms dt=   63.2ms tid=pic-smb-transport smb_transport read_file ms=74.0
NETWORK t= 14360.4ms dt=    0.7ms tid=pic-smb-transport smb_client_context_freed
NETWORK t= 14360.4ms dt=    0.0ms tid=pic-smb-transport smb_client_new_start
NETWORK t= 14360.4ms dt=    0.0ms tid=ThreadId(20) read_done uri=smb://dietpi.local/4tbp/pics-sport/Forest%20Run%202026/Pt3/DSC_4710_result.jpg bytes=1329122 ms=121.9
NETWORK t= 14361.1ms dt=    0.6ms tid=pic-smb-transport smb_client_context_created
NETWORK t= 14361.1ms dt=    0.0ms tid=pic-smb-transport smb_client_init_start
NETWORK t= 14361.1ms dt=    0.0ms tid=pic-smb-transport smb_client_init_done
NETWORK t= 14372.9ms dt=   11.8ms tid=ThreadId(20) materialize_start uri=smb://dietpi.local/4tbp/pics-sport/Forest%20Run%202026/Pt3/DSC_4710_result.jpg
NETWORK t= 14372.9ms dt=    0.1ms tid=ThreadId(20) read_start uri=smb://dietpi.local/4tbp/pics-sport/Forest%20Run%202026/Pt3/DSC_4710_result.jpg
NETWORK t= 14373.0ms dt=    0.0ms tid=ThreadId(20) smb_read_start url=smb://dietpi.local/4tbp/pics-sport/Forest Run 2026/Pt3/DSC_4710_result.jpg whole-file
NETWORK t= 14387.7ms dt=   14.7ms tid=pic-smb-transport smb_transport stat ms=26.5
NETWORK t= 14388.4ms dt=    0.7ms tid=pic-smb-transport smb_client_context_freed
NETWORK t= 14388.4ms dt=    0.0ms tid=pic-smb-transport smb_client_new_start
NETWORK t= 14388.5ms dt=    0.0ms tid=ThreadId(6) smb_stat_start url=smb://dietpi.local/4tbp/pics-sport/Forest Run 2026/Pt3/DSC_4799_result.jpg lane=background
NETWORK t= 14389.0ms dt=    0.6ms tid=pic-smb-transport smb_client_context_created
NETWORK t= 14389.0ms dt=    0.0ms tid=pic-smb-transport smb_client_init_start
NETWORK t= 14389.1ms dt=    0.0ms tid=pic-smb-transport smb_client_init_done
NETWORK t= 14461.6ms dt=   72.5ms tid=pic-smb-transport smb_transport read_file ms=72.5
NETWORK t= 14462.3ms dt=    0.7ms tid=pic-smb-transport smb_client_context_freed
NETWORK t= 14462.3ms dt=    0.0ms tid=pic-smb-transport smb_client_new_start
NETWORK t= 14462.3ms dt=    0.0ms tid=ThreadId(19) read_done uri=smb://dietpi.local/4tbp/pics-sport/Forest%20Run%202026/Pt3/DSC_4818_result.jpg bytes=1212983 ms=165.8
NETWORK t= 14462.6ms dt=    0.3ms tid=ThreadId(19) materialize_done uri=smb://dietpi.local/4tbp/pics-sport/Forest%20Run%202026/Pt3/DSC_4818_result.jpg path=/home/peet/.cache/picasa-rs/source/c/e4b47a17f7a3ee1a142d8ea830906faf8310f1ffc29f2dab4fa4c975dfeb9fe2.jpg ms=166.1
NETWORK t= 14463.1ms dt=    0.5ms tid=pic-smb-transport smb_client_context_created
NETWORK t= 14463.1ms dt=    0.0ms tid=pic-smb-transport smb_client_init_start
NETWORK t= 14463.1ms dt=    0.0ms tid=pic-smb-transport smb_client_init_done
NETWORK t= 14466.2ms dt=    3.1ms tid=ThreadId(19) read_start uri=smb://dietpi.local/4tbp/pics-sport/Forest%20Run%202026/pt4/DSC_4941_result.jpg
NETWORK t= 14466.2ms dt=    0.0ms tid=ThreadId(19) smb_read_start url=smb://dietpi.local/4tbp/pics-sport/Forest Run 2026/pt4/DSC_4941_result.jpg whole-file
NETWORK t= 14490.1ms dt=   23.8ms tid=pic-smb-transport smb_transport stat ms=26.9
NETWORK t= 14490.7ms dt=    0.7ms tid=pic-smb-transport smb_client_context_freed
NETWORK t= 14490.8ms dt=    0.0ms tid=pic-smb-transport smb_client_new_start
NETWORK t= 14490.8ms dt=    0.0ms tid=ThreadId(6) smb_stat_start url=smb://dietpi.local/4tbp/pics-sport/Forest Run 2026/Pt3/DSC_4798_result.jpg lane=background
NETWORK t= 14491.5ms dt=    0.7ms tid=pic-smb-transport smb_client_context_created
NETWORK t= 14491.5ms dt=    0.0ms tid=pic-smb-transport smb_client_init_start
NETWORK t= 14491.5ms dt=    0.0ms tid=pic-smb-transport smb_client_init_done
NETWORK t= 14568.8ms dt=   77.3ms tid=pic-smb-transport smb_transport read_file ms=77.2
NETWORK t= 14569.5ms dt=    0.7ms tid=pic-smb-transport smb_client_context_freed
NETWORK t= 14569.6ms dt=    0.0ms tid=pic-smb-transport smb_client_new_start
NETWORK t= 14569.6ms dt=    0.0ms tid=ThreadId(20) read_done uri=smb://dietpi.local/4tbp/pics-sport/Forest%20Run%202026/Pt3/DSC_4710_result.jpg bytes=1329122 ms=196.6
NETWORK t= 14570.0ms dt=    0.4ms tid=ThreadId(20) materialize_done uri=smb://dietpi.local/4tbp/pics-sport/Forest%20Run%202026/Pt3/DSC_4710_result.jpg path=/home/peet/.cache/picasa-rs/source/x/eb65cf861b419050c12f42d94b0d632dcab523c82f1714a91b430dc6e6ead46d.jpg ms=197.1
NETWORK t= 14570.3ms dt=    0.3ms tid=pic-smb-transport smb_client_context_created
NETWORK t= 14570.3ms dt=    0.0ms tid=pic-smb-transport smb_client_init_start
NETWORK t= 14570.3ms dt=    0.0ms tid=pic-smb-transport smb_client_init_done
NETWORK t= 14573.4ms dt=    3.0ms tid=ThreadId(20) read_start uri=smb://dietpi.local/4tbp/pics-sport/Forest%20Run%202026/Pt3/DSC_4718_result.jpg
NETWORK t= 14573.4ms dt=    0.0ms tid=ThreadId(20) smb_read_start url=smb://dietpi.local/4tbp/pics-sport/Forest Run 2026/Pt3/DSC_4718_result.jpg whole-file
NETWORK t= 14596.4ms dt=   23.0ms tid=pic-smb-transport smb_transport stat ms=26.0
NETWORK t= 14597.1ms dt=    0.7ms tid=pic-smb-transport smb_client_context_freed
NETWORK t= 14597.1ms dt=    0.0ms tid=pic-smb-transport smb_client_new_start
NETWORK t= 14597.2ms dt=    0.0ms tid=ThreadId(6) smb_stat_start url=smb://dietpi.local/4tbp/pics-sport/Forest Run 2026/Pt3/DSC_4796_result.jpg lane=background
NETWORK t= 14597.7ms dt=    0.6ms tid=pic-smb-transport smb_client_context_created
NETWORK t= 14597.8ms dt=    0.0ms tid=pic-smb-transport smb_client_init_start
NETWORK t= 14597.8ms dt=    0.0ms tid=pic-smb-transport smb_client_init_done
NETWORK t= 14673.5ms dt=   75.7ms tid=pic-smb-transport smb_transport read_file ms=75.7
NETWORK t= 14674.2ms dt=    0.6ms tid=pic-smb-transport smb_client_context_freed
NETWORK t= 14674.2ms dt=    0.0ms tid=pic-smb-transport smb_client_new_start
NETWORK t= 14674.2ms dt=    0.0ms tid=ThreadId(20) read_done uri=smb://dietpi.local/4tbp/pics-sport/Forest%20Run%202026/Pt3/DSC_4718_result.jpg bytes=1289325 ms=100.8
NETWORK t= 14674.9ms dt=    0.7ms tid=pic-smb-transport smb_client_context_created
NETWORK t= 14674.9ms dt=    0.0ms tid=pic-smb-transport smb_client_init_start
NETWORK t= 14675.0ms dt=    0.0ms tid=pic-smb-transport smb_client_init_done
NETWORK t= 14687.0ms dt=   12.1ms tid=ThreadId(20) materialize_start uri=smb://dietpi.local/4tbp/pics-sport/Forest%20Run%202026/Pt3/DSC_4718_result.jpg
NETWORK t= 14687.1ms dt=    0.1ms tid=ThreadId(20) read_start uri=smb://dietpi.local/4tbp/pics-sport/Forest%20Run%202026/Pt3/DSC_4718_result.jpg
NETWORK t= 14687.1ms dt=    0.0ms tid=ThreadId(20) smb_read_start url=smb://dietpi.local/4tbp/pics-sport/Forest Run 2026/Pt3/DSC_4718_result.jpg whole-file
NETWORK t= 14744.7ms dt=   57.6ms tid=pic-smb-transport smb_transport read_file ms=69.7
NETWORK t= 14745.4ms dt=    0.7ms tid=pic-smb-transport smb_client_context_freed
NETWORK t= 14745.5ms dt=    0.0ms tid=pic-smb-transport smb_client_new_start
NETWORK t= 14745.5ms dt=    0.0ms tid=ThreadId(19) read_done uri=smb://dietpi.local/4tbp/pics-sport/Forest%20Run%202026/pt4/DSC_4941_result.jpg bytes=1102488 ms=279.3
NETWORK t= 14746.1ms dt=    0.7ms tid=pic-smb-transport smb_client_context_created
NETWORK t= 14746.2ms dt=    0.0ms tid=pic-smb-transport smb_client_init_start
NETWORK t= 14746.2ms dt=    0.0ms tid=pic-smb-transport smb_client_init_done
NETWORK t= 14756.2ms dt=   10.0ms tid=ThreadId(19) materialize_start uri=smb://dietpi.local/4tbp/pics-sport/Forest%20Run%202026/pt4/DSC_4941_result.jpg
NETWORK t= 14756.2ms dt=    0.1ms tid=ThreadId(19) read_start uri=smb://dietpi.local/4tbp/pics-sport/Forest%20Run%202026/pt4/DSC_4941_result.jpg
NETWORK t= 14756.2ms dt=    0.0ms tid=ThreadId(19) smb_read_start url=smb://dietpi.local/4tbp/pics-sport/Forest Run 2026/pt4/DSC_4941_result.jpg whole-file
NETWORK t= 14822.5ms dt=   66.3ms tid=pic-smb-transport smb_transport read_file ms=76.3
NETWORK t= 14823.1ms dt=    0.6ms tid=pic-smb-transport smb_client_context_freed
NETWORK t= 14823.2ms dt=    0.0ms tid=pic-smb-transport smb_client_new_start
NETWORK t= 14823.2ms dt=    0.0ms tid=ThreadId(20) read_done uri=smb://dietpi.local/4tbp/pics-sport/Forest%20Run%202026/Pt3/DSC_4718_result.jpg bytes=1289325 ms=136.1
NETWORK t= 14823.5ms dt=    0.3ms tid=ThreadId(20) materialize_done uri=smb://dietpi.local/4tbp/pics-sport/Forest%20Run%202026/Pt3/DSC_4718_result.jpg path=/home/peet/.cache/picasa-rs/source/5/43cde2bc56240ea1d9711b9122440168bd47b6cb9424ce17a9bcfb10d14ce682.jpg ms=136.5
NETWORK t= 14823.9ms dt=    0.4ms tid=pic-smb-transport smb_client_context_created
NETWORK t= 14823.9ms dt=    0.0ms tid=pic-smb-transport smb_client_init_start
NETWORK t= 14824.0ms dt=    0.0ms tid=pic-smb-transport smb_client_init_done
NETWORK t= 14826.7ms dt=    2.8ms tid=ThreadId(20) read_start uri=smb://dietpi.local/4tbp/pics-sport/Forest%20Run%202026/Pt3/DSC_4731_result.jpg
NETWORK t= 14826.8ms dt=    0.0ms tid=ThreadId(20) smb_read_start url=smb://dietpi.local/4tbp/pics-sport/Forest Run 2026/Pt3/DSC_4731_result.jpg whole-file
NETWORK t= 14840.5ms dt=   13.7ms tid=pic-smb-transport smb_transport stat ms=16.5
NETWORK t= 14840.9ms dt=    0.5ms tid=pic-smb-transport smb_client_context_freed
NETWORK t= 14841.0ms dt=    0.0ms tid=pic-smb-transport smb_client_new_start
NETWORK t= 14841.0ms dt=    0.0ms tid=ThreadId(6) smb_stat_start url=smb://dietpi.local/4tbp/pics-sport/Forest Run 2026/Pt3/DSC_4797_result.jpg lane=background
NETWORK t= 14841.6ms dt=    0.6ms tid=pic-smb-transport smb_client_context_created
NETWORK t= 14841.7ms dt=    0.0ms tid=pic-smb-transport smb_client_init_start
NETWORK t= 14841.7ms dt=    0.0ms tid=pic-smb-transport smb_client_init_done
NETWORK t= 14886.6ms dt=   45.0ms tid=pic-smb-transport smb_transport read_file ms=44.9
NETWORK t= 14887.1ms dt=    0.5ms tid=pic-smb-transport smb_client_context_freed
NETWORK t= 14887.1ms dt=    0.0ms tid=pic-smb-transport smb_client_new_start
NETWORK t= 14887.2ms dt=    0.0ms tid=ThreadId(19) read_done uri=smb://dietpi.local/4tbp/pics-sport/Forest%20Run%202026/pt4/DSC_4941_result.jpg bytes=1102488 ms=130.9
NETWORK t= 14887.4ms dt=    0.2ms tid=ThreadId(19) materialize_done uri=smb://dietpi.local/4tbp/pics-sport/Forest%20Run%202026/pt4/DSC_4941_result.jpg path=/home/peet/.cache/picasa-rs/source/2/f3da615d2eb5409ffd8eab82f6595ab425c481eecd504191fb0594ea36effeb4.jpg ms=131.2
NETWORK t= 14887.7ms dt=    0.3ms tid=pic-smb-transport smb_client_context_created
NETWORK t= 14887.8ms dt=    0.0ms tid=pic-smb-transport smb_client_init_start
NETWORK t= 14887.8ms dt=    0.0ms tid=pic-smb-transport smb_client_init_done
NETWORK t= 14890.6ms dt=    2.9ms tid=ThreadId(19) read_start uri=smb://dietpi.local/4tbp/pics-sport/Forest%20Run%202026/Pt3/DSC_4741_result.jpg
NETWORK t= 14890.7ms dt=    0.0ms tid=ThreadId(19) smb_read_start url=smb://dietpi.local/4tbp/pics-sport/Forest Run 2026/Pt3/DSC_4741_result.jpg whole-file
NETWORK t= 14904.7ms dt=   14.1ms tid=pic-smb-transport smb_transport stat ms=16.9
NETWORK t= 14905.3ms dt=    0.5ms tid=pic-smb-transport smb_client_context_freed
NETWORK t= 14905.3ms dt=    0.0ms tid=pic-smb-transport smb_client_new_start
NETWORK t= 14905.3ms dt=    0.0ms tid=ThreadId(6) smb_stat_start url=smb://dietpi.local/4tbp/pics-sport/Forest Run 2026/Pt3/DSC_4795_result.jpg lane=background
NETWORK t= 14906.0ms dt=    0.7ms tid=pic-smb-transport smb_client_context_created
NETWORK t= 14906.1ms dt=    0.0ms tid=pic-smb-transport smb_client_init_start
NETWORK t= 14906.1ms dt=    0.0ms tid=pic-smb-transport smb_client_init_done
NETWORK t= 14955.6ms dt=   49.6ms tid=pic-smb-transport smb_transport read_file ms=49.6
NETWORK t= 14956.2ms dt=    0.5ms tid=pic-smb-transport smb_client_context_freed
NETWORK t= 14956.2ms dt=    0.0ms tid=pic-smb-transport smb_client_new_start
NETWORK t= 14956.2ms dt=    0.0ms tid=ThreadId(20) read_done uri=smb://dietpi.local/4tbp/pics-sport/Forest%20Run%202026/Pt3/DSC_4731_result.jpg bytes=1239954 ms=129.5
NETWORK t= 14956.8ms dt=    0.6ms tid=pic-smb-transport smb_client_context_created
NETWORK t= 14956.8ms dt=    0.0ms tid=pic-smb-transport smb_client_init_start
NETWORK t= 14956.8ms dt=    0.0ms tid=pic-smb-transport smb_client_init_done
NETWORK t= 14968.5ms dt=   11.7ms tid=ThreadId(20) materialize_start uri=smb://dietpi.local/4tbp/pics-sport/Forest%20Run%202026/Pt3/DSC_4731_result.jpg
NETWORK t= 14968.6ms dt=    0.1ms tid=ThreadId(20) read_start uri=smb://dietpi.local/4tbp/pics-sport/Forest%20Run%202026/Pt3/DSC_4731_result.jpg
NETWORK t= 14968.6ms dt=    0.0ms tid=ThreadId(20) smb_read_start url=smb://dietpi.local/4tbp/pics-sport/Forest Run 2026/Pt3/DSC_4731_result.jpg whole-file
NETWORK t= 15021.6ms dt=   52.9ms tid=pic-smb-transport smb_transport read_file ms=64.7
NETWORK t= 15022.3ms dt=    0.8ms tid=pic-smb-transport smb_client_context_freed
NETWORK t= 15022.4ms dt=    0.0ms tid=pic-smb-transport smb_client_new_start
NETWORK t= 15022.4ms dt=    0.0ms tid=ThreadId(19) read_done uri=smb://dietpi.local/4tbp/pics-sport/Forest%20Run%202026/Pt3/DSC_4741_result.jpg bytes=1052506 ms=131.7
NETWORK t= 15023.0ms dt=    0.6ms tid=pic-smb-transport smb_client_context_created
NETWORK t= 15023.0ms dt=    0.0ms tid=pic-smb-transport smb_client_init_start
NETWORK t= 15023.0ms dt=    0.0ms tid=pic-smb-transport smb_client_init_done
NETWORK t= 15033.0ms dt=   10.0ms tid=ThreadId(19) materialize_start uri=smb://dietpi.local/4tbp/pics-sport/Forest%20Run%202026/Pt3/DSC_4741_result.jpg
NETWORK t= 15033.1ms dt=    0.1ms tid=ThreadId(19) read_start uri=smb://dietpi.local/4tbp/pics-sport/Forest%20Run%202026/Pt3/DSC_4741_result.jpg
NETWORK t= 15033.1ms dt=    0.0ms tid=ThreadId(19) smb_read_start url=smb://dietpi.local/4tbp/pics-sport/Forest Run 2026/Pt3/DSC_4741_result.jpg whole-file
NETWORK t= 15096.8ms dt=   63.7ms tid=pic-smb-transport smb_transport read_file ms=73.8
NETWORK t= 15097.5ms dt=    0.7ms tid=pic-smb-transport smb_client_context_freed
NETWORK t= 15097.5ms dt=    0.0ms tid=pic-smb-transport smb_client_new_start
NETWORK t= 15097.5ms dt=    0.0ms tid=ThreadId(20) read_done uri=smb://dietpi.local/4tbp/pics-sport/Forest%20Run%202026/Pt3/DSC_4731_result.jpg bytes=1239954 ms=128.9
NETWORK t= 15097.8ms dt=    0.3ms tid=ThreadId(20) materialize_done uri=smb://dietpi.local/4tbp/pics-sport/Forest%20Run%202026/Pt3/DSC_4731_result.jpg path=/home/peet/.cache/picasa-rs/source/i/a25a496ba3fb104aba460bb9774c08ae0697ac8805a2320a99f0c01db9ea9c31.jpg ms=129.3
NETWORK t= 15098.3ms dt=    0.5ms tid=pic-smb-transport smb_client_context_created
NETWORK t= 15098.3ms dt=    0.0ms tid=pic-smb-transport smb_client_init_start
NETWORK t= 15098.3ms dt=    0.0ms tid=pic-smb-transport smb_client_init_done
NETWORK t= 15101.1ms dt=    2.7ms tid=ThreadId(20) read_start uri=smb://dietpi.local/4tbp/pics-sport/Forest%20Run%202026/Pt3/DSC_4677_result.jpg
NETWORK t= 15101.1ms dt=    0.0ms tid=ThreadId(20) smb_read_start url=smb://dietpi.local/4tbp/pics-sport/Forest Run 2026/Pt3/DSC_4677_result.jpg whole-file
NETWORK t= 15160.2ms dt=   59.1ms tid=pic-smb-transport smb_transport read_file ms=61.8
NETWORK t= 15160.9ms dt=    0.7ms tid=pic-smb-transport smb_client_context_freed
NETWORK t= 15160.9ms dt=    0.0ms tid=pic-smb-transport smb_client_new_start
NETWORK t= 15160.9ms dt=    0.0ms tid=ThreadId(19) read_done uri=smb://dietpi.local/4tbp/pics-sport/Forest%20Run%202026/Pt3/DSC_4741_result.jpg bytes=1052506 ms=127.8
NETWORK t= 15161.1ms dt=    0.2ms tid=ThreadId(19) materialize_done uri=smb://dietpi.local/4tbp/pics-sport/Forest%20Run%202026/Pt3/DSC_4741_result.jpg path=/home/peet/.cache/picasa-rs/source/t/b951f494599ddf304d7a24819dfda8ce6962bde0846aec72bb2236fa142f07a9.jpg ms=128.1
NETWORK t= 15161.5ms dt=    0.3ms tid=pic-smb-transport smb_client_context_created
NETWORK t= 15161.5ms dt=    0.0ms tid=pic-smb-transport smb_client_init_start
NETWORK t= 15161.5ms dt=    0.0ms tid=pic-smb-transport smb_client_init_done
NETWORK t= 15164.9ms dt=    3.3ms tid=ThreadId(19) read_start uri=smb://dietpi.local/4tbp/pics-sport/Forest%20Run%202026/Pt3/DSC_4832_result.jpg
NETWORK t= 15164.9ms dt=    0.0ms tid=ThreadId(19) smb_read_start url=smb://dietpi.local/4tbp/pics-sport/Forest Run 2026/Pt3/DSC_4832_result.jpg whole-file
NETWORK t= 15187.6ms dt=   22.7ms tid=pic-smb-transport smb_transport stat ms=26.1
NETWORK t= 15188.3ms dt=    0.7ms tid=pic-smb-transport smb_client_context_freed
NETWORK t= 15188.3ms dt=    0.0ms tid=pic-smb-transport smb_client_new_start
NETWORK t= 15188.4ms dt=    0.0ms tid=ThreadId(6) smb_stat_start url=smb://dietpi.local/4tbp/pics-sport/Forest Run 2026/Pt3/DSC_4794_result.jpg lane=background
NETWORK t= 15188.9ms dt=    0.6ms tid=pic-smb-transport smb_client_context_created
NETWORK t= 15189.0ms dt=    0.0ms tid=pic-smb-transport smb_client_init_start
NETWORK t= 15189.0ms dt=    0.0ms tid=pic-smb-transport smb_client_init_done
NETWORK t= 15262.9ms dt=   73.9ms tid=pic-smb-transport smb_transport read_file ms=73.9
NETWORK t= 15263.6ms dt=    0.7ms tid=pic-smb-transport smb_client_context_freed
NETWORK t= 15263.6ms dt=    0.0ms tid=pic-smb-transport smb_client_new_start
NETWORK t= 15263.6ms dt=    0.0ms tid=ThreadId(20) read_done uri=smb://dietpi.local/4tbp/pics-sport/Forest%20Run%202026/Pt3/DSC_4677_result.jpg bytes=1223487 ms=162.5
NETWORK t= 15264.2ms dt=    0.6ms tid=pic-smb-transport smb_client_context_created
NETWORK t= 15264.3ms dt=    0.0ms tid=pic-smb-transport smb_client_init_start
NETWORK t= 15264.3ms dt=    0.0ms tid=pic-smb-transport smb_client_init_done
NETWORK t= 15275.9ms dt=   11.6ms tid=ThreadId(20) materialize_start uri=smb://dietpi.local/4tbp/pics-sport/Forest%20Run%202026/Pt3/DSC_4677_result.jpg
NETWORK t= 15276.0ms dt=    0.1ms tid=ThreadId(20) read_start uri=smb://dietpi.local/4tbp/pics-sport/Forest%20Run%202026/Pt3/DSC_4677_result.jpg
NETWORK t= 15276.0ms dt=    0.0ms tid=ThreadId(20) smb_read_start url=smb://dietpi.local/4tbp/pics-sport/Forest Run 2026/Pt3/DSC_4677_result.jpg whole-file
NETWORK t= 15333.7ms dt=   57.7ms tid=pic-smb-transport smb_transport read_file ms=69.4
NETWORK t= 15334.4ms dt=    0.7ms tid=pic-smb-transport smb_client_context_freed
NETWORK t= 15334.4ms dt=    0.0ms tid=pic-smb-transport smb_client_new_start
NETWORK t= 15334.5ms dt=    0.0ms tid=ThreadId(19) read_done uri=smb://dietpi.local/4tbp/pics-sport/Forest%20Run%202026/Pt3/DSC_4832_result.jpg bytes=1107462 ms=169.6
NETWORK t= 15335.1ms dt=    0.6ms tid=pic-smb-transport smb_client_context_created
NETWORK t= 15335.1ms dt=    0.0ms tid=pic-smb-transport smb_client_init_start
NETWORK t= 15335.1ms dt=    0.0ms tid=pic-smb-transport smb_client_init_done
NETWORK t= 15345.9ms dt=   10.7ms tid=ThreadId(19) materialize_start uri=smb://dietpi.local/4tbp/pics-sport/Forest%20Run%202026/Pt3/DSC_4832_result.jpg
NETWORK t= 15345.9ms dt=    0.1ms tid=ThreadId(19) read_start uri=smb://dietpi.local/4tbp/pics-sport/Forest%20Run%202026/Pt3/DSC_4832_result.jpg
NETWORK t= 15346.0ms dt=    0.0ms tid=ThreadId(19) smb_read_start url=smb://dietpi.local/4tbp/pics-sport/Forest Run 2026/Pt3/DSC_4832_result.jpg whole-file
NETWORK t= 15361.7ms dt=   15.8ms tid=pic-smb-transport smb_transport stat ms=26.6
NETWORK t= 15362.4ms dt=    0.7ms tid=pic-smb-transport smb_client_context_freed
NETWORK t= 15362.5ms dt=    0.0ms tid=pic-smb-transport smb_client_new_start
NETWORK t= 15362.5ms dt=    0.0ms tid=ThreadId(6) smb_stat_start url=smb://dietpi.local/4tbp/pics-sport/Forest Run 2026/Pt3/DSC_4793_result.jpg lane=background
NETWORK t= 15363.1ms dt=    0.6ms tid=pic-smb-transport smb_client_context_created
NETWORK t= 15363.1ms dt=    0.0ms tid=pic-smb-transport smb_client_init_start
NETWORK t= 15363.1ms dt=    0.0ms tid=pic-smb-transport smb_client_init_done
NETWORK t= 15432.7ms dt=   69.6ms tid=pic-smb-transport smb_transport read_file ms=69.6
NETWORK t= 15433.4ms dt=    0.7ms tid=pic-smb-transport smb_client_context_freed
NETWORK t= 15433.4ms dt=    0.0ms tid=pic-smb-transport smb_client_new_start
NETWORK t= 15433.5ms dt=    0.0ms tid=ThreadId(19) read_done uri=smb://dietpi.local/4tbp/pics-sport/Forest%20Run%202026/Pt3/DSC_4832_result.jpg bytes=1107462 ms=87.5
NETWORK t= 15433.7ms dt=    0.2ms tid=ThreadId(19) materialize_done uri=smb://dietpi.local/4tbp/pics-sport/Forest%20Run%202026/Pt3/DSC_4832_result.jpg path=/home/peet/.cache/picasa-rs/source/y/56e61df8fa4e6833ed185d794850d738800062397299a8c74bc087013cba9493.jpg ms=87.8
NETWORK t= 15434.1ms dt=    0.4ms tid=pic-smb-transport smb_client_context_created
NETWORK t= 15434.1ms dt=    0.0ms tid=pic-smb-transport smb_client_init_start
NETWORK t= 15434.1ms dt=    0.0ms tid=pic-smb-transport smb_client_init_done
NETWORK t= 15437.0ms dt=    2.9ms tid=ThreadId(19) read_start uri=smb://dietpi.local/4tbp/pics-sport/Forest%20Run%202026/Pt3/DSC_4798_result.jpg
NETWORK t= 15437.0ms dt=    0.0ms tid=ThreadId(19) smb_read_start url=smb://dietpi.local/4tbp/pics-sport/Forest Run 2026/Pt3/DSC_4798_result.jpg whole-file
NETWORK t= 15460.8ms dt=   23.7ms tid=pic-smb-transport smb_transport stat ms=26.6
NETWORK t= 15461.4ms dt=    0.7ms tid=pic-smb-transport smb_client_context_freed
NETWORK t= 15461.5ms dt=    0.0ms tid=pic-smb-transport smb_client_new_start
NETWORK t= 15461.5ms dt=    0.0ms tid=ThreadId(6) smb_stat_start url=smb://dietpi.local/4tbp/pics-sport/Forest Run 2026/Pt3/DSC_4791_result.jpg lane=background
NETWORK t= 15462.2ms dt=    0.7ms tid=pic-smb-transport smb_client_context_created
NETWORK t= 15462.2ms dt=    0.0ms tid=pic-smb-transport smb_client_init_start
NETWORK t= 15462.2ms dt=    0.0ms tid=pic-smb-transport smb_client_init_done
NETWORK t= 15532.5ms dt=   70.2ms tid=pic-smb-transport smb_transport read_file ms=70.2
NETWORK t= 15533.2ms dt=    0.7ms tid=pic-smb-transport smb_client_context_freed
NETWORK t= 15533.2ms dt=    0.0ms tid=pic-smb-transport smb_client_new_start
NETWORK t= 15533.2ms dt=    0.0ms tid=ThreadId(19) read_done uri=smb://dietpi.local/4tbp/pics-sport/Forest%20Run%202026/Pt3/DSC_4798_result.jpg bytes=1104549 ms=96.2
NETWORK t= 15533.8ms dt=    0.6ms tid=pic-smb-transport smb_client_context_created
NETWORK t= 15533.8ms dt=    0.0ms tid=pic-smb-transport smb_client_init_start
NETWORK t= 15533.9ms dt=    0.0ms tid=pic-smb-transport smb_client_init_done
NETWORK t= 15544.0ms dt=   10.1ms tid=ThreadId(19) materialize_start uri=smb://dietpi.local/4tbp/pics-sport/Forest%20Run%202026/Pt3/DSC_4798_result.jpg
NETWORK t= 15544.1ms dt=    0.1ms tid=ThreadId(19) read_start uri=smb://dietpi.local/4tbp/pics-sport/Forest%20Run%202026/Pt3/DSC_4798_result.jpg
NETWORK t= 15544.1ms dt=    0.0ms tid=ThreadId(19) smb_read_start url=smb://dietpi.local/4tbp/pics-sport/Forest Run 2026/Pt3/DSC_4798_result.jpg whole-file
NETWORK t= 15560.3ms dt=   16.2ms tid=pic-smb-transport smb_transport stat ms=26.4
NETWORK t= 15561.0ms dt=    0.7ms tid=pic-smb-transport smb_client_context_freed
NETWORK t= 15561.0ms dt=    0.0ms tid=pic-smb-transport smb_client_new_start
NETWORK t= 15561.1ms dt=    0.0ms tid=ThreadId(6) smb_stat_start url=smb://dietpi.local/4tbp/pics-sport/Forest Run 2026/Pt3/DSC_4790_result.jpg lane=background
NETWORK t= 15561.6ms dt=    0.5ms tid=pic-smb-transport smb_client_context_created
NETWORK t= 15561.6ms dt=    0.0ms tid=pic-smb-transport smb_client_init_start
NETWORK t= 15561.7ms dt=    0.0ms tid=pic-smb-transport smb_client_init_done
NETWORK t= 15638.3ms dt=   76.6ms tid=pic-smb-transport smb_transport read_file ms=76.6
NETWORK t= 15639.1ms dt=    0.8ms tid=pic-smb-transport smb_client_context_freed
NETWORK t= 15639.1ms dt=    0.0ms tid=pic-smb-transport smb_client_new_start
NETWORK t= 15639.1ms dt=    0.0ms tid=ThreadId(20) read_done uri=smb://dietpi.local/4tbp/pics-sport/Forest%20Run%202026/Pt3/DSC_4677_result.jpg bytes=1223487 ms=363.1
NETWORK t= 15639.5ms dt=    0.3ms tid=ThreadId(20) materialize_done uri=smb://dietpi.local/4tbp/pics-sport/Forest%20Run%202026/Pt3/DSC_4677_result.jpg path=/home/peet/.cache/picasa-rs/source/b/fc2fb76db0e6115e50d8f8136c59b051dab931716c900d06b304bb8d23565cd5.jpg ms=363.5
NETWORK t= 15640.0ms dt=    0.5ms tid=pic-smb-transport smb_client_context_created
NETWORK t= 15640.1ms dt=    0.0ms tid=pic-smb-transport smb_client_init_start
NETWORK t= 15640.1ms dt=    0.0ms tid=pic-smb-transport smb_client_init_done
NETWORK t= 15643.1ms dt=    3.0ms tid=ThreadId(20) read_start uri=smb://dietpi.local/4tbp/pics-sport/Forest%20Run%202026/Pt3/DSC_4875_result.jpg
NETWORK t= 15643.1ms dt=    0.0ms tid=ThreadId(20) smb_read_start url=smb://dietpi.local/4tbp/pics-sport/Forest Run 2026/Pt3/DSC_4875_result.jpg whole-file
NETWORK t= 15710.7ms dt=   67.6ms tid=pic-smb-transport smb_transport read_file ms=70.6
NETWORK t= 15711.4ms dt=    0.7ms tid=pic-smb-transport smb_client_context_freed
NETWORK t= 15711.5ms dt=    0.0ms tid=pic-smb-transport smb_client_new_start
NETWORK t= 15711.5ms dt=    0.0ms tid=ThreadId(19) read_done uri=smb://dietpi.local/4tbp/pics-sport/Forest%20Run%202026/Pt3/DSC_4798_result.jpg bytes=1104549 ms=167.4
NETWORK t= 15711.8ms dt=    0.3ms tid=ThreadId(19) materialize_done uri=smb://dietpi.local/4tbp/pics-sport/Forest%20Run%202026/Pt3/DSC_4798_result.jpg path=/home/peet/.cache/picasa-rs/source/h/259dce15ada7114a6ae187c0dd3d0370ded8a848ffd1e8945ad72281b09f2602.jpg ms=167.8
NETWORK t= 15712.2ms dt=    0.4ms tid=pic-smb-transport smb_client_context_created
NETWORK t= 15712.2ms dt=    0.0ms tid=pic-smb-transport smb_client_init_start
NETWORK t= 15712.2ms dt=    0.0ms tid=pic-smb-transport smb_client_init_done
NETWORK t= 15715.6ms dt=    3.4ms tid=ThreadId(19) read_start uri=smb://dietpi.local/4tbp/pics-sport/Forest%20Run%202026/pt4/DSC_5004_result.jpg
NETWORK t= 15715.7ms dt=    0.0ms tid=ThreadId(19) smb_read_start url=smb://dietpi.local/4tbp/pics-sport/Forest Run 2026/pt4/DSC_5004_result.jpg whole-file
NETWORK t= 15728.6ms dt=   12.9ms tid=pic-smb-transport smb_transport stat ms=16.3
NETWORK t= 15729.0ms dt=    0.4ms tid=pic-smb-transport smb_client_context_freed
NETWORK t= 15729.0ms dt=    0.0ms tid=pic-smb-transport smb_client_new_start
NETWORK t= 15729.1ms dt=    0.1ms tid=ThreadId(6) smb_stat_start url=smb://dietpi.local/4tbp/pics-sport/Forest Run 2026/Pt3/DSC_4789_result.jpg lane=background
NETWORK t= 15729.8ms dt=    0.7ms tid=pic-smb-transport smb_client_context_created
NETWORK t= 15729.8ms dt=    0.0ms tid=pic-smb-transport smb_client_init_start
NETWORK t= 15729.8ms dt=    0.0ms tid=pic-smb-transport smb_client_init_done
NETWORK t= 15783.5ms dt=   53.7ms tid=pic-smb-transport smb_transport read_file ms=53.7
NETWORK t= 15784.2ms dt=    0.7ms tid=pic-smb-transport smb_client_context_freed
NETWORK t= 15784.3ms dt=    0.0ms tid=pic-smb-transport smb_client_new_start
NETWORK t= 15784.3ms dt=    0.0ms tid=ThreadId(20) read_done uri=smb://dietpi.local/4tbp/pics-sport/Forest%20Run%202026/Pt3/DSC_4875_result.jpg bytes=1247004 ms=141.2
NETWORK t= 15785.0ms dt=    0.7ms tid=pic-smb-transport smb_client_context_created
NETWORK t= 15785.0ms dt=    0.0ms tid=pic-smb-transport smb_client_init_start
NETWORK t= 15785.0ms dt=    0.0ms tid=pic-smb-transport smb_client_init_done
NETWORK t= 15796.2ms dt=   11.1ms tid=ThreadId(20) materialize_start uri=smb://dietpi.local/4tbp/pics-sport/Forest%20Run%202026/Pt3/DSC_4875_result.jpg
NETWORK t= 15796.2ms dt=    0.1ms tid=ThreadId(20) read_start uri=smb://dietpi.local/4tbp/pics-sport/Forest%20Run%202026/Pt3/DSC_4875_result.jpg
NETWORK t= 15796.2ms dt=    0.0ms tid=ThreadId(20) smb_read_start url=smb://dietpi.local/4tbp/pics-sport/Forest Run 2026/Pt3/DSC_4875_result.jpg whole-file
NETWORK t= 15853.9ms dt=   57.7ms tid=pic-smb-transport smb_transport read_file ms=68.9
NETWORK t= 15854.5ms dt=    0.6ms tid=pic-smb-transport smb_client_context_freed
NETWORK t= 15854.6ms dt=    0.0ms tid=pic-smb-transport smb_client_new_start
NETWORK t= 15854.6ms dt=    0.0ms tid=ThreadId(19) read_done uri=smb://dietpi.local/4tbp/pics-sport/Forest%20Run%202026/pt4/DSC_5004_result.jpg bytes=1138284 ms=138.9
NETWORK t= 15855.3ms dt=    0.7ms tid=pic-smb-transport smb_client_context_created
NETWORK t= 15855.3ms dt=    0.0ms tid=pic-smb-transport smb_client_init_start
NETWORK t= 15855.3ms dt=    0.0ms tid=pic-smb-transport smb_client_init_done
NETWORK t= 15865.6ms dt=   10.3ms tid=ThreadId(19) materialize_start uri=smb://dietpi.local/4tbp/pics-sport/Forest%20Run%202026/pt4/DSC_5004_result.jpg
NETWORK t= 15865.7ms dt=    0.1ms tid=ThreadId(19) read_start uri=smb://dietpi.local/4tbp/pics-sport/Forest%20Run%202026/pt4/DSC_5004_result.jpg
NETWORK t= 15865.7ms dt=    0.0ms tid=ThreadId(19) smb_read_start url=smb://dietpi.local/4tbp/pics-sport/Forest Run 2026/pt4/DSC_5004_result.jpg whole-file
NETWORK t= 15929.0ms dt=   63.3ms tid=pic-smb-transport smb_transport read_file ms=73.6
NETWORK t= 15929.7ms dt=    0.7ms tid=pic-smb-transport smb_client_context_freed
NETWORK t= 15929.7ms dt=    0.0ms tid=pic-smb-transport smb_client_new_start
NETWORK t= 15929.7ms dt=    0.0ms tid=ThreadId(20) read_done uri=smb://dietpi.local/4tbp/pics-sport/Forest%20Run%202026/Pt3/DSC_4875_result.jpg bytes=1247004 ms=133.5
NETWORK t= 15930.1ms dt=    0.3ms tid=ThreadId(20) materialize_done uri=smb://dietpi.local/4tbp/pics-sport/Forest%20Run%202026/Pt3/DSC_4875_result.jpg path=/home/peet/.cache/picasa-rs/source/4/0778f87dec34f6177cb3ee89a1ea6ddf5628303d2026650f79d3ef098822d9e0.jpg ms=133.9
NETWORK t= 15930.4ms dt=    0.4ms tid=pic-smb-transport smb_client_context_created
NETWORK t= 15930.5ms dt=    0.0ms tid=pic-smb-transport smb_client_init_start
NETWORK t= 15930.5ms dt=    0.0ms tid=pic-smb-transport smb_client_init_done
NETWORK t= 15933.6ms dt=    3.1ms tid=ThreadId(20) read_start uri=smb://dietpi.local/4tbp/pics-sport/Forest%20Run%202026/Pt3/DSC_4863_result.jpg
NETWORK t= 15933.6ms dt=    0.0ms tid=ThreadId(20) smb_read_start url=smb://dietpi.local/4tbp/pics-sport/Forest Run 2026/Pt3/DSC_4863_result.jpg whole-file
NETWORK t= 15956.7ms dt=   23.1ms tid=pic-smb-transport smb_transport stat ms=26.2
NETWORK t= 15957.5ms dt=    0.7ms tid=pic-smb-transport smb_client_context_freed
NETWORK t= 15957.5ms dt=    0.0ms tid=pic-smb-transport smb_client_new_start
NETWORK t= 15957.6ms dt=    0.0ms tid=ThreadId(6) smb_stat_start url=smb://dietpi.local/4tbp/pics-sport/Forest Run 2026/Pt3/DSC_4788_result.jpg lane=background
NETWORK t= 15958.2ms dt=    0.6ms tid=pic-smb-transport smb_client_context_created
NETWORK t= 15958.2ms dt=    0.0ms tid=pic-smb-transport smb_client_init_start
NETWORK t= 15958.2ms dt=    0.0ms tid=pic-smb-transport smb_client_init_done
NETWORK t= 16036.7ms dt=   78.5ms tid=pic-smb-transport smb_transport read_file ms=78.5
NETWORK t= 16037.4ms dt=    0.7ms tid=pic-smb-transport smb_client_context_freed
NETWORK t= 16037.4ms dt=    0.0ms tid=pic-smb-transport smb_client_new_start
NETWORK t= 16037.5ms dt=    0.1ms tid=ThreadId(20) read_done uri=smb://dietpi.local/4tbp/pics-sport/Forest%20Run%202026/Pt3/DSC_4863_result.jpg bytes=1264323 ms=103.9
NETWORK t= 16038.2ms dt=    0.7ms tid=pic-smb-transport smb_client_context_created
NETWORK t= 16038.3ms dt=    0.0ms tid=pic-smb-transport smb_client_init_start
NETWORK t= 16038.3ms dt=    0.0ms tid=pic-smb-transport smb_client_init_done
NETWORK t= 16051.1ms dt=   12.8ms tid=ThreadId(20) materialize_start uri=smb://dietpi.local/4tbp/pics-sport/Forest%20Run%202026/Pt3/DSC_4863_result.jpg
NETWORK t= 16051.2ms dt=    0.1ms tid=ThreadId(20) read_start uri=smb://dietpi.local/4tbp/pics-sport/Forest%20Run%202026/Pt3/DSC_4863_result.jpg
NETWORK t= 16051.2ms dt=    0.0ms tid=ThreadId(20) smb_read_start url=smb://dietpi.local/4tbp/pics-sport/Forest Run 2026/Pt3/DSC_4863_result.jpg whole-file
NETWORK t= 16107.5ms dt=   56.3ms tid=pic-smb-transport smb_transport read_file ms=69.2
NETWORK t= 16108.1ms dt=    0.7ms tid=pic-smb-transport smb_client_context_freed
NETWORK t= 16108.2ms dt=    0.0ms tid=pic-smb-transport smb_client_new_start
NETWORK t= 16108.2ms dt=    0.0ms tid=ThreadId(19) read_done uri=smb://dietpi.local/4tbp/pics-sport/Forest%20Run%202026/pt4/DSC_5004_result.jpg bytes=1138284 ms=242.5
NETWORK t= 16108.5ms dt=    0.3ms tid=ThreadId(19) materialize_done uri=smb://dietpi.local/4tbp/pics-sport/Forest%20Run%202026/pt4/DSC_5004_result.jpg path=/home/peet/.cache/picasa-rs/source/m/a4e6295794105db3648b5e46a21abe48c1b346c91c2862c9f06a796fd633fff1.jpg ms=242.9
NETWORK t= 16109.0ms dt=    0.5ms tid=pic-smb-transport smb_client_context_created
NETWORK t= 16109.0ms dt=    0.0ms tid=pic-smb-transport smb_client_init_start
NETWORK t= 16109.0ms dt=    0.0ms tid=pic-smb-transport smb_client_init_done
NETWORK t= 16111.9ms dt=    2.9ms tid=ThreadId(19) read_start uri=smb://dietpi.local/4tbp/pics-sport/Forest%20Run%202026/Pt3/DSC_4690_result.jpg
NETWORK t= 16111.9ms dt=    0.0ms tid=ThreadId(19) smb_read_start url=smb://dietpi.local/4tbp/pics-sport/Forest Run 2026/Pt3/DSC_4690_result.jpg whole-file
NETWORK t= 16135.4ms dt=   23.5ms tid=pic-smb-transport smb_transport stat ms=26.4
NETWORK t= 16136.1ms dt=    0.7ms tid=pic-smb-transport smb_client_context_freed
NETWORK t= 16136.1ms dt=    0.0ms tid=pic-smb-transport smb_client_new_start
NETWORK t= 16136.1ms dt=    0.0ms tid=ThreadId(6) smb_stat_start url=smb://dietpi.local/4tbp/pics-sport/Forest Run 2026/Pt3/DSC_4787_result.jpg lane=background
NETWORK t= 16136.7ms dt=    0.6ms tid=pic-smb-transport smb_client_context_created
NETWORK t= 16136.7ms dt=    0.0ms tid=pic-smb-transport smb_client_init_start
NETWORK t= 16136.7ms dt=    0.0ms tid=pic-smb-transport smb_client_init_done
NETWORK t= 16200.0ms dt=   63.2ms tid=pic-smb-transport smb_transport read_file ms=63.2
NETWORK t= 16200.7ms dt=    0.7ms tid=pic-smb-transport smb_client_context_freed
NETWORK t= 16200.7ms dt=    0.0ms tid=pic-smb-transport smb_client_new_start
NETWORK t= 16200.8ms dt=    0.0ms tid=ThreadId(19) read_done uri=smb://dietpi.local/4tbp/pics-sport/Forest%20Run%202026/Pt3/DSC_4690_result.jpg bytes=966438 ms=88.9
NETWORK t= 16201.5ms dt=    0.7ms tid=pic-smb-transport smb_client_context_created
NETWORK t= 16201.5ms dt=    0.0ms tid=pic-smb-transport smb_client_init_start
NETWORK t= 16201.5ms dt=    0.0ms tid=pic-smb-transport smb_client_init_done
NETWORK t= 16211.1ms dt=    9.5ms tid=ThreadId(19) materialize_start uri=smb://dietpi.local/4tbp/pics-sport/Forest%20Run%202026/Pt3/DSC_4690_result.jpg
NETWORK t= 16211.1ms dt=    0.1ms tid=ThreadId(19) read_start uri=smb://dietpi.local/4tbp/pics-sport/Forest%20Run%202026/Pt3/DSC_4690_result.jpg
NETWORK t= 16211.1ms dt=    0.0ms tid=ThreadId(19) smb_read_start url=smb://dietpi.local/4tbp/pics-sport/Forest Run 2026/Pt3/DSC_4690_result.jpg whole-file
NETWORK t= 16228.1ms dt=   17.0ms tid=pic-smb-transport smb_transport stat ms=26.6
NETWORK t= 16228.8ms dt=    0.7ms tid=pic-smb-transport smb_client_context_freed
NETWORK t= 16228.8ms dt=    0.0ms tid=pic-smb-transport smb_client_new_start
NETWORK t= 16228.9ms dt=    0.0ms tid=ThreadId(6) smb_stat_start url=smb://dietpi.local/4tbp/pics-sport/Forest Run 2026/Pt3/DSC_4786_result.jpg lane=background
NETWORK t= 16229.5ms dt=    0.7ms tid=pic-smb-transport smb_client_context_created
NETWORK t= 16229.6ms dt=    0.0ms tid=pic-smb-transport smb_client_init_start
NETWORK t= 16229.6ms dt=    0.0ms tid=pic-smb-transport smb_client_init_done
NETWORK t= 16293.8ms dt=   64.2ms tid=pic-smb-transport smb_transport read_file ms=64.2
NETWORK t= 16294.6ms dt=    0.7ms tid=pic-smb-transport smb_client_context_freed
NETWORK t= 16294.6ms dt=    0.0ms tid=pic-smb-transport smb_client_new_start
NETWORK t= 16294.6ms dt=    0.0ms tid=ThreadId(19) read_done uri=smb://dietpi.local/4tbp/pics-sport/Forest%20Run%202026/Pt3/DSC_4690_result.jpg bytes=966438 ms=83.5
NETWORK t= 16294.9ms dt=    0.3ms tid=ThreadId(19) materialize_done uri=smb://dietpi.local/4tbp/pics-sport/Forest%20Run%202026/Pt3/DSC_4690_result.jpg path=/home/peet/.cache/picasa-rs/source/3/4d7fd9aac1bde70886bee4de8064702fc0d385ba252897df403465d008bf4c8b.jpg ms=83.8
NETWORK t= 16295.3ms dt=    0.4ms tid=pic-smb-transport smb_client_context_created
NETWORK t= 16295.3ms dt=    0.0ms tid=pic-smb-transport smb_client_init_start
NETWORK t= 16295.3ms dt=    0.0ms tid=pic-smb-transport smb_client_init_done
NETWORK t= 16299.0ms dt=    3.6ms tid=ThreadId(19) read_start uri=smb://dietpi.local/4tbp/pics-sport/Forest%20Run%202026/Pt3/DSC_4841_result.jpg
NETWORK t= 16299.0ms dt=    0.0ms tid=ThreadId(19) smb_read_start url=smb://dietpi.local/4tbp/pics-sport/Forest Run 2026/Pt3/DSC_4841_result.jpg whole-file
NETWORK t= 16321.9ms dt=   22.9ms tid=pic-smb-transport smb_transport stat ms=26.6
NETWORK t= 16322.6ms dt=    0.7ms tid=pic-smb-transport smb_client_context_freed
NETWORK t= 16322.6ms dt=    0.0ms tid=pic-smb-transport smb_client_new_start
NETWORK t= 16322.7ms dt=    0.0ms tid=ThreadId(6) smb_stat_start url=smb://dietpi.local/4tbp/pics-sport/Forest Run 2026/Pt3/DSC_4785_result.jpg lane=background
NETWORK t= 16323.4ms dt=    0.7ms tid=pic-smb-transport smb_client_context_created
NETWORK t= 16323.4ms dt=    0.0ms tid=pic-smb-transport smb_client_init_start
NETWORK t= 16323.4ms dt=    0.0ms tid=pic-smb-transport smb_client_init_done
NETWORK t= 16401.7ms dt=   78.3ms tid=pic-smb-transport smb_transport read_file ms=78.3
NETWORK t= 16402.5ms dt=    0.8ms tid=pic-smb-transport smb_client_context_freed
NETWORK t= 16402.5ms dt=    0.0ms tid=pic-smb-transport smb_client_new_start
NETWORK t= 16402.5ms dt=    0.0ms tid=ThreadId(20) read_done uri=smb://dietpi.local/4tbp/pics-sport/Forest%20Run%202026/Pt3/DSC_4863_result.jpg bytes=1264323 ms=351.3
NETWORK t= 16402.9ms dt=    0.3ms tid=ThreadId(20) materialize_done uri=smb://dietpi.local/4tbp/pics-sport/Forest%20Run%202026/Pt3/DSC_4863_result.jpg path=/home/peet/.cache/picasa-rs/source/q/b2b2858dfe1e2dffecf7c6084814313dc18ad1448a68476f9ba336a86b567e1d.jpg ms=351.7
NETWORK t= 16403.4ms dt=    0.6ms tid=pic-smb-transport smb_client_context_created
NETWORK t= 16403.4ms dt=    0.0ms tid=pic-smb-transport smb_client_init_start
NETWORK t= 16403.5ms dt=    0.0ms tid=pic-smb-transport smb_client_init_done
NETWORK t= 16406.3ms dt=    2.9ms tid=ThreadId(20) read_start uri=smb://dietpi.local/4tbp/pics-sport/Forest%20Run%202026/Pt3/DSC_4823_result.jpg
NETWORK t= 16406.4ms dt=    0.0ms tid=ThreadId(20) smb_read_start url=smb://dietpi.local/4tbp/pics-sport/Forest Run 2026/Pt3/DSC_4823_result.jpg whole-file
NETWORK t= 16430.1ms dt=   23.8ms tid=pic-smb-transport smb_transport stat ms=26.6
NETWORK t= 16430.9ms dt=    0.7ms tid=pic-smb-transport smb_client_context_freed
NETWORK t= 16430.9ms dt=    0.0ms tid=pic-smb-transport smb_client_new_start
NETWORK t= 16430.9ms dt=    0.0ms tid=ThreadId(6) smb_stat_start url=smb://dietpi.local/4tbp/pics-sport/Forest Run 2026/Pt3/DSC_4784_result.jpg lane=background
NETWORK t= 16431.6ms dt=    0.6ms tid=pic-smb-transport smb_client_context_created
NETWORK t= 16431.6ms dt=    0.0ms tid=pic-smb-transport smb_client_init_start
NETWORK t= 16431.6ms dt=    0.0ms tid=pic-smb-transport smb_client_init_done
NETWORK t= 16500.8ms dt=   69.2ms tid=pic-smb-transport smb_transport read_file ms=69.2
NETWORK t= 16501.5ms dt=    0.7ms tid=pic-smb-transport smb_client_context_freed
NETWORK t= 16501.6ms dt=    0.0ms tid=pic-smb-transport smb_client_new_start
NETWORK t= 16501.6ms dt=    0.0ms tid=ThreadId(19) read_done uri=smb://dietpi.local/4tbp/pics-sport/Forest%20Run%202026/Pt3/DSC_4841_result.jpg bytes=1138723 ms=202.6
NETWORK t= 16502.2ms dt=    0.7ms tid=pic-smb-transport smb_client_context_created
NETWORK t= 16502.3ms dt=    0.0ms tid=pic-smb-transport smb_client_init_start
NETWORK t= 16502.3ms dt=    0.0ms tid=pic-smb-transport smb_client_init_done
NETWORK t= 16513.1ms dt=   10.8ms tid=ThreadId(19) materialize_start uri=smb://dietpi.local/4tbp/pics-sport/Forest%20Run%202026/Pt3/DSC_4841_result.jpg
NETWORK t= 16513.2ms dt=    0.1ms tid=ThreadId(19) read_start uri=smb://dietpi.local/4tbp/pics-sport/Forest%20Run%202026/Pt3/DSC_4841_result.jpg
NETWORK t= 16513.2ms dt=    0.0ms tid=ThreadId(19) smb_read_start url=smb://dietpi.local/4tbp/pics-sport/Forest Run 2026/Pt3/DSC_4841_result.jpg whole-file
NETWORK t= 16570.3ms dt=   57.1ms tid=pic-smb-transport smb_transport read_file ms=68.0
NETWORK t= 16571.0ms dt=    0.7ms tid=pic-smb-transport smb_client_context_freed
NETWORK t= 16571.1ms dt=    0.0ms tid=pic-smb-transport smb_client_new_start
NETWORK t= 16571.1ms dt=    0.0ms tid=ThreadId(20) read_done uri=smb://dietpi.local/4tbp/pics-sport/Forest%20Run%202026/Pt3/DSC_4823_result.jpg bytes=1078814 ms=164.7
NETWORK t= 16571.9ms dt=    0.9ms tid=pic-smb-transport smb_client_context_created
NETWORK t= 16572.0ms dt=    0.0ms tid=pic-smb-transport smb_client_init_start
NETWORK t= 16572.0ms dt=    0.0ms tid=pic-smb-transport smb_client_init_done
NETWORK t= 16581.8ms dt=    9.8ms tid=ThreadId(20) materialize_start uri=smb://dietpi.local/4tbp/pics-sport/Forest%20Run%202026/Pt3/DSC_4823_result.jpg
NETWORK t= 16581.8ms dt=    0.1ms tid=ThreadId(20) read_start uri=smb://dietpi.local/4tbp/pics-sport/Forest%20Run%202026/Pt3/DSC_4823_result.jpg
NETWORK t= 16581.9ms dt=    0.0ms tid=ThreadId(20) smb_read_start url=smb://dietpi.local/4tbp/pics-sport/Forest Run 2026/Pt3/DSC_4823_result.jpg whole-file
NETWORK t= 16589.3ms dt=    7.4ms tid=pic-smb-transport smb_transport stat ms=17.3
NETWORK t= 16589.6ms dt=    0.4ms tid=pic-smb-transport smb_client_context_freed
NETWORK t= 16589.7ms dt=    0.0ms tid=pic-smb-transport smb_client_new_start
NETWORK t= 16589.7ms dt=    0.0ms tid=ThreadId(6) smb_stat_start url=smb://dietpi.local/4tbp/pics-sport/Forest Run 2026/Pt3/DSC_4783_result.jpg lane=background
NETWORK t= 16590.3ms dt=    0.6ms tid=pic-smb-transport smb_client_context_created
NETWORK t= 16590.3ms dt=    0.0ms tid=pic-smb-transport smb_client_init_start
NETWORK t= 16590.3ms dt=    0.0ms tid=pic-smb-transport smb_client_init_done
NETWORK t= 16633.2ms dt=   42.9ms tid=pic-smb-transport smb_transport read_file ms=42.9
NETWORK t= 16633.7ms dt=    0.5ms tid=pic-smb-transport smb_client_context_freed
NETWORK t= 16633.7ms dt=    0.0ms tid=pic-smb-transport smb_client_new_start
NETWORK t= 16633.7ms dt=    0.0ms tid=ThreadId(19) read_done uri=smb://dietpi.local/4tbp/pics-sport/Forest%20Run%202026/Pt3/DSC_4841_result.jpg bytes=1138723 ms=120.5
NETWORK t= 16634.0ms dt=    0.3ms tid=ThreadId(19) materialize_done uri=smb://dietpi.local/4tbp/pics-sport/Forest%20Run%202026/Pt3/DSC_4841_result.jpg path=/home/peet/.cache/picasa-rs/source/5/32ed94ea7a5b6b707b855c050c898a420635bbfe0529c9e57a20e631bf0c63b4.jpg ms=120.9
NETWORK t= 16634.5ms dt=    0.5ms tid=pic-smb-transport smb_client_context_created
NETWORK t= 16634.5ms dt=    0.0ms tid=pic-smb-transport smb_client_init_start
NETWORK t= 16634.5ms dt=    0.0ms tid=pic-smb-transport smb_client_init_done
NETWORK t= 16637.0ms dt=    2.5ms tid=ThreadId(19) read_start uri=smb://dietpi.local/4tbp/pics-sport/Forest%20Run%202026/Pt3/DSC_4794_result.jpg
NETWORK t= 16637.0ms dt=    0.0ms tid=ThreadId(19) smb_read_start url=smb://dietpi.local/4tbp/pics-sport/Forest Run 2026/Pt3/DSC_4794_result.jpg whole-file
NETWORK t= 16691.5ms dt=   54.4ms tid=pic-smb-transport smb_transport read_file ms=56.9
NETWORK t= 16692.2ms dt=    0.7ms tid=pic-smb-transport smb_client_context_freed
NETWORK t= 16692.2ms dt=    0.0ms tid=pic-smb-transport smb_client_new_start
NETWORK t= 16692.3ms dt=    0.0ms tid=ThreadId(20) read_done uri=smb://dietpi.local/4tbp/pics-sport/Forest%20Run%202026/Pt3/DSC_4823_result.jpg bytes=1078814 ms=110.4
NETWORK t= 16692.6ms dt=    0.3ms tid=ThreadId(20) materialize_done uri=smb://dietpi.local/4tbp/pics-sport/Forest%20Run%202026/Pt3/DSC_4823_result.jpg path=/home/peet/.cache/picasa-rs/source/6/dc864fa8110ec33c6a16f2a802ec57f76597ff4448fad3c959035b35819e948f.jpg ms=110.8
NETWORK t= 16692.9ms dt=    0.4ms tid=pic-smb-transport smb_client_context_created
NETWORK t= 16693.0ms dt=    0.0ms tid=pic-smb-transport smb_client_init_start
NETWORK t= 16693.0ms dt=    0.0ms tid=pic-smb-transport smb_client_init_done
NETWORK t= 16697.3ms dt=    4.3ms tid=ThreadId(20) read_start uri=smb://dietpi.local/4tbp/pics-sport/Forest%20Run%202026/Pt3/DSC_4813_result.jpg
NETWORK t= 16697.3ms dt=    0.0ms tid=ThreadId(20) smb_read_start url=smb://dietpi.local/4tbp/pics-sport/Forest Run 2026/Pt3/DSC_4813_result.jpg whole-file
NETWORK t= 16719.2ms dt=   21.9ms tid=pic-smb-transport smb_transport stat ms=26.2
NETWORK t= 16719.9ms dt=    0.8ms tid=pic-smb-transport smb_client_context_freed
NETWORK t= 16720.0ms dt=    0.0ms tid=pic-smb-transport smb_client_new_start
NETWORK t= 16720.0ms dt=    0.0ms tid=ThreadId(6) smb_stat_start url=smb://dietpi.local/4tbp/pics-sport/Forest Run 2026/Pt3/DSC_4781_result.jpg lane=background
NETWORK t= 16720.7ms dt=    0.7ms tid=pic-smb-transport smb_client_context_created
NETWORK t= 16720.7ms dt=    0.0ms tid=pic-smb-transport smb_client_init_start
NETWORK t= 16720.7ms dt=    0.0ms tid=pic-smb-transport smb_client_init_done
NETWORK t= 16781.7ms dt=   60.9ms tid=pic-smb-transport smb_transport read_file ms=60.9
NETWORK t= 16782.3ms dt=    0.6ms tid=pic-smb-transport smb_client_context_freed
NETWORK t= 16782.3ms dt=    0.0ms tid=pic-smb-transport smb_client_new_start
NETWORK t= 16782.4ms dt=    0.0ms tid=ThreadId(19) read_done uri=smb://dietpi.local/4tbp/pics-sport/Forest%20Run%202026/Pt3/DSC_4794_result.jpg bytes=977466 ms=145.3
NETWORK t= 16783.0ms dt=    0.6ms tid=pic-smb-transport smb_client_context_created
NETWORK t= 16783.0ms dt=    0.0ms tid=pic-smb-transport smb_client_init_start
NETWORK t= 16783.0ms dt=    0.0ms tid=pic-smb-transport smb_client_init_done
NETWORK t= 16792.8ms dt=    9.8ms tid=ThreadId(19) materialize_start uri=smb://dietpi.local/4tbp/pics-sport/Forest%20Run%202026/Pt3/DSC_4794_result.jpg
NETWORK t= 16792.9ms dt=    0.1ms tid=ThreadId(19) read_start uri=smb://dietpi.local/4tbp/pics-sport/Forest%20Run%202026/Pt3/DSC_4794_result.jpg
NETWORK t= 16792.9ms dt=    0.0ms tid=ThreadId(19) smb_read_start url=smb://dietpi.local/4tbp/pics-sport/Forest Run 2026/Pt3/DSC_4794_result.jpg whole-file
NETWORK t= 16809.8ms dt=   16.8ms tid=pic-smb-transport smb_transport stat ms=26.7
NETWORK t= 16810.5ms dt=    0.7ms tid=pic-smb-transport smb_client_context_freed
NETWORK t= 16810.5ms dt=    0.0ms tid=pic-smb-transport smb_client_new_start
NETWORK t= 16810.6ms dt=    0.0ms tid=ThreadId(6) smb_stat_start url=smb://dietpi.local/4tbp/pics-sport/Forest Run 2026/Pt3/DSC_4782_result.jpg lane=background
NETWORK t= 16811.1ms dt=    0.6ms tid=pic-smb-transport smb_client_context_created
NETWORK t= 16811.1ms dt=    0.0ms tid=pic-smb-transport smb_client_init_start
NETWORK t= 16811.2ms dt=    0.0ms tid=pic-smb-transport smb_client_init_done
NETWORK t= 16884.2ms dt=   73.0ms tid=pic-smb-transport smb_transport read_file ms=73.0
NETWORK t= 16884.9ms dt=    0.7ms tid=pic-smb-transport smb_client_context_freed
NETWORK t= 16884.9ms dt=    0.0ms tid=pic-smb-transport smb_client_new_start
NETWORK t= 16884.9ms dt=    0.0ms tid=ThreadId(20) read_done uri=smb://dietpi.local/4tbp/pics-sport/Forest%20Run%202026/Pt3/DSC_4813_result.jpg bytes=1169593 ms=187.6
NETWORK t= 16885.5ms dt=    0.6ms tid=pic-smb-transport smb_client_context_created
NETWORK t= 16885.5ms dt=    0.0ms tid=pic-smb-transport smb_client_init_start
NETWORK t= 16885.5ms dt=    0.0ms tid=pic-smb-transport smb_client_init_done
NETWORK t= 16897.4ms dt=   11.9ms tid=ThreadId(20) materialize_start uri=smb://dietpi.local/4tbp/pics-sport/Forest%20Run%202026/Pt3/DSC_4813_result.jpg
NETWORK t= 16897.5ms dt=    0.1ms tid=ThreadId(20) read_start uri=smb://dietpi.local/4tbp/pics-sport/Forest%20Run%202026/Pt3/DSC_4813_result.jpg
NETWORK t= 16897.5ms dt=    0.0ms tid=ThreadId(20) smb_read_start url=smb://dietpi.local/4tbp/pics-sport/Forest Run 2026/Pt3/DSC_4813_result.jpg whole-file
NETWORK t= 16950.8ms dt=   53.3ms tid=pic-smb-transport smb_transport read_file ms=65.3
NETWORK t= 16951.6ms dt=    0.7ms tid=pic-smb-transport smb_client_context_freed
NETWORK t= 16951.6ms dt=    0.0ms tid=pic-smb-transport smb_client_new_start
NETWORK t= 16951.6ms dt=    0.0ms tid=ThreadId(19) read_done uri=smb://dietpi.local/4tbp/pics-sport/Forest%20Run%202026/Pt3/DSC_4794_result.jpg bytes=977466 ms=158.7
NETWORK t= 16951.9ms dt=    0.3ms tid=ThreadId(19) materialize_done uri=smb://dietpi.local/4tbp/pics-sport/Forest%20Run%202026/Pt3/DSC_4794_result.jpg path=/home/peet/.cache/picasa-rs/source/7/63731188c218e5f12dedf0cc5e800a8e87721b350d1fede0def0525b60d1e8e9.jpg ms=159.0
NETWORK t= 16952.3ms dt=    0.4ms tid=pic-smb-transport smb_client_context_created
NETWORK t= 16952.3ms dt=    0.0ms tid=pic-smb-transport smb_client_init_start
NETWORK t= 16952.3ms dt=    0.0ms tid=pic-smb-transport smb_client_init_done
NETWORK t= 16955.3ms dt=    3.0ms tid=ThreadId(19) read_start uri=smb://dietpi.local/4tbp/pics-sport/Forest%20Run%202026/Pt3/DSC_4764_result.jpg
NETWORK t= 16955.3ms dt=    0.0ms tid=ThreadId(19) smb_read_start url=smb://dietpi.local/4tbp/pics-sport/Forest Run 2026/Pt3/DSC_4764_result.jpg whole-file
NETWORK t= 16978.9ms dt=   23.5ms tid=pic-smb-transport smb_transport stat ms=26.5
NETWORK t= 16979.5ms dt=    0.7ms tid=pic-smb-transport smb_client_context_freed
NETWORK t= 16979.6ms dt=    0.0ms tid=pic-smb-transport smb_client_new_start
NETWORK t= 16979.6ms dt=    0.0ms tid=ThreadId(6) smb_stat_start url=smb://dietpi.local/4tbp/pics-sport/Forest Run 2026/Pt3/DSC_4780_result.jpg lane=background
NETWORK t= 16980.3ms dt=    0.7ms tid=pic-smb-transport smb_client_context_created
NETWORK t= 16980.3ms dt=    0.0ms tid=pic-smb-transport smb_client_init_start
NETWORK t= 16980.4ms dt=    0.0ms tid=pic-smb-transport smb_client_init_done
NETWORK t= 17043.5ms dt=   63.1ms tid=pic-smb-transport smb_transport read_file ms=63.1
NETWORK t= 17044.1ms dt=    0.6ms tid=pic-smb-transport smb_client_context_freed
NETWORK t= 17044.1ms dt=    0.0ms tid=pic-smb-transport smb_client_new_start
NETWORK t= 17044.1ms dt=    0.0ms tid=ThreadId(20) read_done uri=smb://dietpi.local/4tbp/pics-sport/Forest%20Run%202026/Pt3/DSC_4813_result.jpg bytes=1169593 ms=146.6
NETWORK t= 17044.5ms dt=    0.3ms tid=ThreadId(20) materialize_done uri=smb://dietpi.local/4tbp/pics-sport/Forest%20Run%202026/Pt3/DSC_4813_result.jpg path=/home/peet/.cache/picasa-rs/source/u/5baaf0c87447143a34d663f04d817b1594702ee11e477af58b972eda7a78ac9b.jpg ms=147.0
NETWORK t= 17044.9ms dt=    0.5ms tid=pic-smb-transport smb_client_context_created
NETWORK t= 17044.9ms dt=    0.0ms tid=pic-smb-transport smb_client_init_start
NETWORK t= 17045.0ms dt=    0.0ms tid=pic-smb-transport smb_client_init_done
NETWORK t= 17047.9ms dt=    2.9ms tid=ThreadId(20) read_start uri=smb://dietpi.local/4tbp/pics-sport/Forest%20Run%202026/pt4/DSC_5108_result.jpg
NETWORK t= 17047.9ms dt=    0.0ms tid=ThreadId(20) smb_read_start url=smb://dietpi.local/4tbp/pics-sport/Forest Run 2026/pt4/DSC_5108_result.jpg whole-file
NETWORK t= 17118.3ms dt=   70.4ms tid=pic-smb-transport smb_transport read_file ms=73.3
NETWORK t= 17119.0ms dt=    0.7ms tid=pic-smb-transport smb_client_context_freed
NETWORK t= 17119.1ms dt=    0.0ms tid=pic-smb-transport smb_client_new_start
NETWORK t= 17119.1ms dt=    0.0ms tid=ThreadId(19) read_done uri=smb://dietpi.local/4tbp/pics-sport/Forest%20Run%202026/Pt3/DSC_4764_result.jpg bytes=1241629 ms=163.7
NETWORK t= 17119.7ms dt=    0.6ms tid=pic-smb-transport smb_client_context_created
NETWORK t= 17119.7ms dt=    0.0ms tid=pic-smb-transport smb_client_init_start
NETWORK t= 17119.7ms dt=    0.0ms tid=pic-smb-transport smb_client_init_done
NETWORK t= 17131.5ms dt=   11.8ms tid=ThreadId(19) materialize_start uri=smb://dietpi.local/4tbp/pics-sport/Forest%20Run%202026/Pt3/DSC_4764_result.jpg
NETWORK t= 17131.6ms dt=    0.1ms tid=ThreadId(19) read_start uri=smb://dietpi.local/4tbp/pics-sport/Forest%20Run%202026/Pt3/DSC_4764_result.jpg
NETWORK t= 17131.6ms dt=    0.0ms tid=ThreadId(19) smb_read_start url=smb://dietpi.local/4tbp/pics-sport/Forest Run 2026/Pt3/DSC_4764_result.jpg whole-file
NETWORK t= 17145.8ms dt=   14.2ms tid=pic-smb-transport smb_transport stat ms=26.1
NETWORK t= 17146.4ms dt=    0.6ms tid=pic-smb-transport smb_client_context_freed
NETWORK t= 17146.4ms dt=    0.0ms tid=pic-smb-transport smb_client_new_start
NETWORK t= 17146.5ms dt=    0.1ms tid=ThreadId(6) smb_stat_start url=smb://dietpi.local/4tbp/pics-sport/Forest Run 2026/Pt3/DSC_4777_result.jpg lane=background
NETWORK t= 17147.2ms dt=    0.7ms tid=pic-smb-transport smb_client_context_created
NETWORK t= 17147.2ms dt=    0.0ms tid=pic-smb-transport smb_client_init_start
NETWORK t= 17147.2ms dt=    0.0ms tid=pic-smb-transport smb_client_init_done
NETWORK t= 17222.9ms dt=   75.7ms tid=pic-smb-transport smb_transport read_file ms=75.7
NETWORK t= 17223.6ms dt=    0.8ms tid=pic-smb-transport smb_client_context_freed
NETWORK t= 17223.7ms dt=    0.0ms tid=pic-smb-transport smb_client_new_start
NETWORK t= 17223.7ms dt=    0.0ms tid=ThreadId(19) read_done uri=smb://dietpi.local/4tbp/pics-sport/Forest%20Run%202026/Pt3/DSC_4764_result.jpg bytes=1241629 ms=92.1
NETWORK t= 17224.0ms dt=    0.3ms tid=ThreadId(19) materialize_done uri=smb://dietpi.local/4tbp/pics-sport/Forest%20Run%202026/Pt3/DSC_4764_result.jpg path=/home/peet/.cache/picasa-rs/source/l/6219763166b27bd1ada0330170fc41861d8101b20a571a101350493321427b86.jpg ms=92.5
NETWORK t= 17224.4ms dt=    0.3ms tid=pic-smb-transport smb_client_context_created
NETWORK t= 17224.4ms dt=    0.0ms tid=pic-smb-transport smb_client_init_start
NETWORK t= 17224.4ms dt=    0.0ms tid=pic-smb-transport smb_client_init_done
NETWORK t= 17227.4ms dt=    3.0ms tid=ThreadId(19) read_start uri=smb://dietpi.local/4tbp/pics-sport/Forest%20Run%202026/Pt3/DSC_4847_result.jpg
NETWORK t= 17227.5ms dt=    0.0ms tid=ThreadId(19) smb_read_start url=smb://dietpi.local/4tbp/pics-sport/Forest Run 2026/Pt3/DSC_4847_result.jpg whole-file
NETWORK t= 17240.7ms dt=   13.2ms tid=pic-smb-transport smb_transport stat ms=16.2
NETWORK t= 17241.0ms dt=    0.4ms tid=pic-smb-transport smb_client_context_freed
NETWORK t= 17241.1ms dt=    0.0ms tid=pic-smb-transport smb_client_new_start
NETWORK t= 17241.1ms dt=    0.0ms tid=ThreadId(6) smb_stat_start url=smb://dietpi.local/4tbp/pics-sport/Forest Run 2026/Pt3/DSC_4775_result.jpg lane=background
NETWORK t= 17241.7ms dt=    0.5ms tid=pic-smb-transport smb_client_context_created
NETWORK t= 17241.7ms dt=    0.0ms tid=pic-smb-transport smb_client_init_start
NETWORK t= 17241.7ms dt=    0.0ms tid=pic-smb-transport smb_client_init_done
NETWORK t= 17287.8ms dt=   46.1ms tid=pic-smb-transport smb_transport read_file ms=46.1
NETWORK t= 17288.3ms dt=    0.5ms tid=pic-smb-transport smb_client_context_freed
NETWORK t= 17288.3ms dt=    0.0ms tid=pic-smb-transport smb_client_new_start
NETWORK t= 17288.3ms dt=    0.0ms tid=ThreadId(19) read_done uri=smb://dietpi.local/4tbp/pics-sport/Forest%20Run%202026/Pt3/DSC_4847_result.jpg bytes=1101151 ms=60.9
NETWORK t= 17288.9ms dt=    0.6ms tid=pic-smb-transport smb_client_context_created
NETWORK t= 17288.9ms dt=    0.0ms tid=pic-smb-transport smb_client_init_start
NETWORK t= 17289.0ms dt=    0.0ms tid=pic-smb-transport smb_client_init_done
NETWORK t= 17299.5ms dt=   10.5ms tid=ThreadId(19) materialize_start uri=smb://dietpi.local/4tbp/pics-sport/Forest%20Run%202026/Pt3/DSC_4847_result.jpg
NETWORK t= 17299.6ms dt=    0.1ms tid=ThreadId(19) read_start uri=smb://dietpi.local/4tbp/pics-sport/Forest%20Run%202026/Pt3/DSC_4847_result.jpg
NETWORK t= 17299.6ms dt=    0.0ms tid=ThreadId(19) smb_read_start url=smb://dietpi.local/4tbp/pics-sport/Forest Run 2026/Pt3/DSC_4847_result.jpg whole-file
NETWORK t= 17347.6ms dt=   48.0ms tid=pic-smb-transport smb_transport read_file ms=58.7
NETWORK t= 17348.1ms dt=    0.5ms tid=pic-smb-transport smb_client_context_freed
NETWORK t= 17348.1ms dt=    0.0ms tid=pic-smb-transport smb_client_new_start
NETWORK t= 17348.1ms dt=    0.0ms tid=ThreadId(20) read_done uri=smb://dietpi.local/4tbp/pics-sport/Forest%20Run%202026/pt4/DSC_5108_result.jpg bytes=1417995 ms=300.2
NETWORK t= 17348.7ms dt=    0.6ms tid=pic-smb-transport smb_client_context_created
NETWORK t= 17348.7ms dt=    0.0ms tid=pic-smb-transport smb_client_init_start
NETWORK t= 17348.8ms dt=    0.0ms tid=pic-smb-transport smb_client_init_done
NETWORK t= 17361.3ms dt=   12.5ms tid=ThreadId(20) materialize_start uri=smb://dietpi.local/4tbp/pics-sport/Forest%20Run%202026/pt4/DSC_5108_result.jpg
NETWORK t= 17361.3ms dt=    0.1ms tid=ThreadId(20) read_start uri=smb://dietpi.local/4tbp/pics-sport/Forest%20Run%202026/pt4/DSC_5108_result.jpg
NETWORK t= 17361.3ms dt=    0.0ms tid=ThreadId(20) smb_read_start url=smb://dietpi.local/4tbp/pics-sport/Forest Run 2026/pt4/DSC_5108_result.jpg whole-file
NETWORK t= 17405.8ms dt=   44.4ms tid=pic-smb-transport smb_transport read_file ms=57.0
NETWORK t= 17406.4ms dt=    0.7ms tid=pic-smb-transport smb_client_context_freed
NETWORK t= 17406.4ms dt=    0.0ms tid=pic-smb-transport smb_client_new_start
NETWORK t= 17406.5ms dt=    0.0ms tid=ThreadId(19) read_done uri=smb://dietpi.local/4tbp/pics-sport/Forest%20Run%202026/Pt3/DSC_4847_result.jpg bytes=1101151 ms=106.9
NETWORK t= 17406.8ms dt=    0.3ms tid=ThreadId(19) materialize_done uri=smb://dietpi.local/4tbp/pics-sport/Forest%20Run%202026/Pt3/DSC_4847_result.jpg path=/home/peet/.cache/picasa-rs/source/3/816344407e3972e71732bb29352d000c338ad8ec51ef7f880efc8d6eb669c515.jpg ms=107.3
NETWORK t= 17407.3ms dt=    0.5ms tid=pic-smb-transport smb_client_context_created
NETWORK t= 17407.3ms dt=    0.0ms tid=pic-smb-transport smb_client_init_start
NETWORK t= 17407.3ms dt=    0.0ms tid=pic-smb-transport smb_client_init_done
NETWORK t= 17410.3ms dt=    3.0ms tid=ThreadId(19) read_start uri=smb://dietpi.local/4tbp/pics-sport/Forest%20Run%202026/Pt3/DSC_4701_result.jpg
NETWORK t= 17410.3ms dt=    0.0ms tid=ThreadId(19) smb_read_start url=smb://dietpi.local/4tbp/pics-sport/Forest Run 2026/Pt3/DSC_4701_result.jpg whole-file
NETWORK t= 17433.6ms dt=   23.3ms tid=pic-smb-transport smb_transport stat ms=26.3
NETWORK t= 17434.3ms dt=    0.6ms tid=pic-smb-transport smb_client_context_freed
NETWORK t= 17434.3ms dt=    0.0ms tid=pic-smb-transport smb_client_new_start
NETWORK t= 17434.4ms dt=    0.0ms tid=ThreadId(6) smb_stat_start url=smb://dietpi.local/4tbp/pics-sport/Forest Run 2026/Pt3/DSC_4774_result.jpg lane=background
NETWORK t= 17435.0ms dt=    0.6ms tid=pic-smb-transport smb_client_context_created
NETWORK t= 17435.0ms dt=    0.0ms tid=pic-smb-transport smb_client_init_start
NETWORK t= 17435.0ms dt=    0.0ms tid=pic-smb-transport smb_client_init_done
NETWORK t= 17515.8ms dt=   80.8ms tid=pic-smb-transport smb_transport read_file ms=80.8
NETWORK t= 17516.5ms dt=    0.7ms tid=pic-smb-transport smb_client_context_freed
NETWORK t= 17516.6ms dt=    0.0ms tid=pic-smb-transport smb_client_new_start
NETWORK t= 17516.6ms dt=    0.0ms tid=ThreadId(20) read_done uri=smb://dietpi.local/4tbp/pics-sport/Forest%20Run%202026/pt4/DSC_5108_result.jpg bytes=1417995 ms=155.2
NETWORK t= 17516.9ms dt=    0.3ms tid=ThreadId(20) materialize_done uri=smb://dietpi.local/4tbp/pics-sport/Forest%20Run%202026/pt4/DSC_5108_result.jpg path=/home/peet/.cache/picasa-rs/source/8/4afcec92b5451d01b2255bfd28615dd158201a3f13f71795ab61c25d91db15df.jpg ms=155.6
NETWORK t= 17517.3ms dt=    0.4ms tid=pic-smb-transport smb_client_context_created
NETWORK t= 17517.3ms dt=    0.0ms tid=pic-smb-transport smb_client_init_start
NETWORK t= 17517.3ms dt=    0.0ms tid=pic-smb-transport smb_client_init_done
NETWORK t= 17520.1ms dt=    2.8ms tid=ThreadId(20) read_start uri=smb://dietpi.local/4tbp/pics-sport/Forest%20Run%202026/Pt3/DSC_4679_result.jpg
NETWORK t= 17520.1ms dt=    0.0ms tid=ThreadId(20) smb_read_start url=smb://dietpi.local/4tbp/pics-sport/Forest Run 2026/Pt3/DSC_4679_result.jpg whole-file
NETWORK t= 17588.5ms dt=   68.3ms tid=pic-smb-transport smb_transport read_file ms=71.1
NETWORK t= 17589.2ms dt=    0.7ms tid=pic-smb-transport smb_client_context_freed
NETWORK t= 17589.2ms dt=    0.0ms tid=pic-smb-transport smb_client_new_start
NETWORK t= 17589.2ms dt=    0.0ms tid=ThreadId(19) read_done uri=smb://dietpi.local/4tbp/pics-sport/Forest%20Run%202026/Pt3/DSC_4701_result.jpg bytes=1160063 ms=178.9
NETWORK t= 17589.9ms dt=    0.7ms tid=pic-smb-transport smb_client_context_created
NETWORK t= 17589.9ms dt=    0.0ms tid=pic-smb-transport smb_client_init_start
NETWORK t= 17589.9ms dt=    0.0ms tid=pic-smb-transport smb_client_init_done
NETWORK t= 17600.4ms dt=   10.5ms tid=ThreadId(19) materialize_start uri=smb://dietpi.local/4tbp/pics-sport/Forest%20Run%202026/Pt3/DSC_4701_result.jpg
NETWORK t= 17600.5ms dt=    0.1ms tid=ThreadId(19) read_start uri=smb://dietpi.local/4tbp/pics-sport/Forest%20Run%202026/Pt3/DSC_4701_result.jpg
NETWORK t= 17600.5ms dt=    0.0ms tid=ThreadId(19) smb_read_start url=smb://dietpi.local/4tbp/pics-sport/Forest Run 2026/Pt3/DSC_4701_result.jpg whole-file
NETWORK t= 17607.1ms dt=    6.6ms tid=pic-smb-transport smb_transport stat ms=17.1
NETWORK t= 17607.4ms dt=    0.4ms tid=pic-smb-transport smb_client_context_freed
NETWORK t= 17607.5ms dt=    0.0ms tid=pic-smb-transport smb_client_new_start
NETWORK t= 17607.5ms dt=    0.1ms tid=ThreadId(6) smb_stat_start url=smb://dietpi.local/4tbp/pics-sport/Forest Run 2026/Pt3/DSC_4773_result.jpg lane=background
NETWORK t= 17608.1ms dt=    0.6ms tid=pic-smb-transport smb_client_context_created
NETWORK t= 17608.1ms dt=    0.0ms tid=pic-smb-transport smb_client_init_start
NETWORK t= 17608.2ms dt=    0.0ms tid=pic-smb-transport smb_client_init_done
NETWORK t= 17654.8ms dt=   46.6ms tid=pic-smb-transport smb_transport read_file ms=46.6
NETWORK t= 17655.4ms dt=    0.6ms tid=pic-smb-transport smb_client_context_freed
NETWORK t= 17655.4ms dt=    0.0ms tid=pic-smb-transport smb_client_new_start
NETWORK t= 17655.4ms dt=    0.0ms tid=ThreadId(19) read_done uri=smb://dietpi.local/4tbp/pics-sport/Forest%20Run%202026/Pt3/DSC_4701_result.jpg bytes=1160063 ms=54.9
NETWORK t= 17655.7ms dt=    0.3ms tid=ThreadId(19) materialize_done uri=smb://dietpi.local/4tbp/pics-sport/Forest%20Run%202026/Pt3/DSC_4701_result.jpg path=/home/peet/.cache/picasa-rs/source/i/e8629d103a01bf1d36f6db5c1376e0d550fbbb0c86f913296288318074eb93a5.jpg ms=55.3
NETWORK t= 17656.0ms dt=    0.3ms tid=pic-smb-transport smb_client_context_created
NETWORK t= 17656.1ms dt=    0.0ms tid=pic-smb-transport smb_client_init_start
NETWORK t= 17656.1ms dt=    0.0ms tid=pic-smb-transport smb_client_init_done
NETWORK t= 17659.3ms dt=    3.2ms tid=ThreadId(19) read_start uri=smb://dietpi.local/4tbp/pics-sport/Forest%20Run%202026/Pt3/DSC_4684_result.jpg
NETWORK t= 17659.3ms dt=    0.0ms tid=ThreadId(19) smb_read_start url=smb://dietpi.local/4tbp/pics-sport/Forest Run 2026/Pt3/DSC_4684_result.jpg whole-file
NETWORK t= 17678.8ms dt=   19.5ms tid=pic-smb-transport smb_transport stat ms=22.7
NETWORK t= 17679.5ms dt=    0.7ms tid=pic-smb-transport smb_client_context_freed
NETWORK t= 17679.5ms dt=    0.0ms tid=pic-smb-transport smb_client_new_start
NETWORK t= 17679.6ms dt=    0.0ms tid=ThreadId(6) smb_stat_start url=smb://dietpi.local/4tbp/pics-sport/Forest Run 2026/Pt3/DSC_4771_result.jpg lane=background
NETWORK t= 17680.2ms dt=    0.6ms tid=pic-smb-transport smb_client_context_created
NETWORK t= 17680.2ms dt=    0.0ms tid=pic-smb-transport smb_client_init_start
NETWORK t= 17680.2ms dt=    0.0ms tid=pic-smb-transport smb_client_init_done
NETWORK t= 17743.8ms dt=   63.6ms tid=pic-smb-transport smb_transport read_file ms=63.5
NETWORK t= 17744.5ms dt=    0.7ms tid=pic-smb-transport smb_client_context_freed
NETWORK t= 17744.5ms dt=    0.0ms tid=pic-smb-transport smb_client_new_start
NETWORK t= 17744.5ms dt=    0.0ms tid=ThreadId(19) read_done uri=smb://dietpi.local/4tbp/pics-sport/Forest%20Run%202026/Pt3/DSC_4684_result.jpg bytes=1106222 ms=85.2
NETWORK t= 17745.1ms dt=    0.6ms tid=pic-smb-transport smb_client_context_created
NETWORK t= 17745.2ms dt=    0.0ms tid=pic-smb-transport smb_client_init_start
NETWORK t= 17745.2ms dt=    0.0ms tid=pic-smb-transport smb_client_init_done
NETWORK t= 17756.3ms dt=   11.1ms tid=ThreadId(19) materialize_start uri=smb://dietpi.local/4tbp/pics-sport/Forest%20Run%202026/Pt3/DSC_4684_result.jpg
NETWORK t= 17756.4ms dt=    0.1ms tid=ThreadId(19) read_start uri=smb://dietpi.local/4tbp/pics-sport/Forest%20Run%202026/Pt3/DSC_4684_result.jpg
NETWORK t= 17756.4ms dt=    0.0ms tid=ThreadId(19) smb_read_start url=smb://dietpi.local/4tbp/pics-sport/Forest Run 2026/Pt3/DSC_4684_result.jpg whole-file
NETWORK t= 17815.2ms dt=   58.7ms tid=pic-smb-transport smb_transport read_file ms=69.9
NETWORK t= 17815.9ms dt=    0.8ms tid=pic-smb-transport smb_client_context_freed
NETWORK t= 17816.0ms dt=    0.0ms tid=pic-smb-transport smb_client_new_start
NETWORK t= 17816.0ms dt=    0.0ms tid=ThreadId(20) read_done uri=smb://dietpi.local/4tbp/pics-sport/Forest%20Run%202026/Pt3/DSC_4679_result.jpg bytes=1171402 ms=295.9
NETWORK t= 17816.8ms dt=    0.9ms tid=pic-smb-transport smb_client_context_created
NETWORK t= 17816.9ms dt=    0.0ms tid=pic-smb-transport smb_client_init_start
NETWORK t= 17816.9ms dt=    0.0ms tid=pic-smb-transport smb_client_init_done
NETWORK t= 17827.4ms dt=   10.5ms tid=ThreadId(20) materialize_start uri=smb://dietpi.local/4tbp/pics-sport/Forest%20Run%202026/Pt3/DSC_4679_result.jpg
NETWORK t= 17827.4ms dt=    0.1ms tid=ThreadId(20) read_start uri=smb://dietpi.local/4tbp/pics-sport/Forest%20Run%202026/Pt3/DSC_4679_result.jpg
NETWORK t= 17827.5ms dt=    0.0ms tid=ThreadId(20) smb_read_start url=smb://dietpi.local/4tbp/pics-sport/Forest Run 2026/Pt3/DSC_4679_result.jpg whole-file
NETWORK t= 17843.1ms dt=   15.6ms tid=pic-smb-transport smb_transport stat ms=26.2
NETWORK t= 17843.9ms dt=    0.7ms tid=pic-smb-transport smb_client_context_freed
NETWORK t= 17843.9ms dt=    0.0ms tid=pic-smb-transport smb_client_new_start
NETWORK t= 17844.0ms dt=    0.1ms tid=ThreadId(6) smb_stat_start url=smb://dietpi.local/4tbp/pics-sport/Forest Run 2026/Pt3/DSC_4766_result.jpg lane=background
NETWORK t= 17844.6ms dt=    0.6ms tid=pic-smb-transport smb_client_context_created
NETWORK t= 17844.6ms dt=    0.0ms tid=pic-smb-transport smb_client_init_start
NETWORK t= 17844.6ms dt=    0.0ms tid=pic-smb-transport smb_client_init_done
NETWORK t= 17915.6ms dt=   71.0ms tid=pic-smb-transport smb_transport read_file ms=70.9
NETWORK t= 17916.2ms dt=    0.7ms tid=pic-smb-transport smb_client_context_freed
NETWORK t= 17916.3ms dt=    0.0ms tid=pic-smb-transport smb_client_new_start
NETWORK t= 17916.3ms dt=    0.0ms tid=ThreadId(20) read_done uri=smb://dietpi.local/4tbp/pics-sport/Forest%20Run%202026/Pt3/DSC_4679_result.jpg bytes=1171402 ms=88.8
NETWORK t= 17916.6ms dt=    0.3ms tid=ThreadId(20) materialize_done uri=smb://dietpi.local/4tbp/pics-sport/Forest%20Run%202026/Pt3/DSC_4679_result.jpg path=/home/peet/.cache/picasa-rs/source/m/f5e6156568828f89ea4f561dae6f185a3ee5f5947ee9b2a6e82432d3a6048b53.jpg ms=89.2
NETWORK t= 17917.1ms dt=    0.5ms tid=pic-smb-transport smb_client_context_created
NETWORK t= 17917.1ms dt=    0.0ms tid=pic-smb-transport smb_client_init_start
NETWORK t= 17917.2ms dt=    0.0ms tid=pic-smb-transport smb_client_init_done
NETWORK t= 17920.3ms dt=    3.1ms tid=ThreadId(20) read_start uri=smb://dietpi.local/4tbp/pics-sport/Forest%20Run%202026/Pt3/DSC_4759_result.jpg
NETWORK t= 17920.3ms dt=    0.0ms tid=ThreadId(20) smb_read_start url=smb://dietpi.local/4tbp/pics-sport/Forest Run 2026/Pt3/DSC_4759_result.jpg whole-file
NETWORK t= 17943.2ms dt=   22.9ms tid=pic-smb-transport smb_transport stat ms=26.0
NETWORK t= 17943.8ms dt=    0.6ms tid=pic-smb-transport smb_client_context_freed
NETWORK t= 17943.8ms dt=    0.0ms tid=pic-smb-transport smb_client_new_start
NETWORK t= 17943.9ms dt=    0.0ms tid=ThreadId(6) smb_stat_start url=smb://dietpi.local/4tbp/pics-sport/Forest Run 2026/Pt3/DSC_4767_result.jpg lane=background
NETWORK t= 17944.5ms dt=    0.6ms tid=pic-smb-transport smb_client_context_created
NETWORK t= 17944.6ms dt=    0.0ms tid=pic-smb-transport smb_client_init_start
NETWORK t= 17944.6ms dt=    0.0ms tid=pic-smb-transport smb_client_init_done
NETWORK t= 18023.6ms dt=   79.0ms tid=pic-smb-transport smb_transport read_file ms=79.0
NETWORK t= 18024.2ms dt=    0.7ms tid=pic-smb-transport smb_client_context_freed
NETWORK t= 18024.3ms dt=    0.0ms tid=pic-smb-transport smb_client_new_start
NETWORK t= 18024.3ms dt=    0.0ms tid=ThreadId(20) read_done uri=smb://dietpi.local/4tbp/pics-sport/Forest%20Run%202026/Pt3/DSC_4759_result.jpg bytes=1376809 ms=104.0
NETWORK t= 18025.0ms dt=    0.7ms tid=pic-smb-transport smb_client_context_created
NETWORK t= 18025.0ms dt=    0.0ms tid=pic-smb-transport smb_client_init_start
NETWORK t= 18025.0ms dt=    0.0ms tid=pic-smb-transport smb_client_init_done
NETWORK t= 18037.1ms dt=   12.1ms tid=ThreadId(20) materialize_start uri=smb://dietpi.local/4tbp/pics-sport/Forest%20Run%202026/Pt3/DSC_4759_result.jpg
NETWORK t= 18037.1ms dt=    0.1ms tid=ThreadId(20) read_start uri=smb://dietpi.local/4tbp/pics-sport/Forest%20Run%202026/Pt3/DSC_4759_result.jpg
NETWORK t= 18037.2ms dt=    0.0ms tid=ThreadId(20) smb_read_start url=smb://dietpi.local/4tbp/pics-sport/Forest Run 2026/Pt3/DSC_4759_result.jpg whole-file
NETWORK t= 18095.0ms dt=   57.9ms tid=pic-smb-transport smb_transport read_file ms=70.0
NETWORK t= 18095.8ms dt=    0.7ms tid=pic-smb-transport smb_client_context_freed
NETWORK t= 18095.8ms dt=    0.0ms tid=pic-smb-transport smb_client_new_start
NETWORK t= 18095.8ms dt=    0.0ms tid=ThreadId(19) read_done uri=smb://dietpi.local/4tbp/pics-sport/Forest%20Run%202026/Pt3/DSC_4684_result.jpg bytes=1106222 ms=339.4
NETWORK t= 18096.1ms dt=    0.3ms tid=ThreadId(19) materialize_done uri=smb://dietpi.local/4tbp/pics-sport/Forest%20Run%202026/Pt3/DSC_4684_result.jpg path=/home/peet/.cache/picasa-rs/source/1/a80dcd0b390f8a743b73f244b0fadfeead61892611f49007fedcf1f14a8c5ce9.jpg ms=339.7
NETWORK t= 18096.5ms dt=    0.4ms tid=pic-smb-transport smb_client_context_created
NETWORK t= 18096.5ms dt=    0.0ms tid=pic-smb-transport smb_client_init_start
NETWORK t= 18096.5ms dt=    0.0ms tid=pic-smb-transport smb_client_init_done
NETWORK t= 18099.3ms dt=    2.7ms tid=ThreadId(19) read_start uri=smb://dietpi.local/4tbp/pics-sport/Forest%20Run%202026/Pt3/DSC_4774_result.jpg
NETWORK t= 18099.3ms dt=    0.0ms tid=ThreadId(19) smb_read_start url=smb://dietpi.local/4tbp/pics-sport/Forest Run 2026/Pt3/DSC_4774_result.jpg whole-file
NETWORK t= 18123.5ms dt=   24.2ms tid=pic-smb-transport smb_transport stat ms=27.0
NETWORK t= 18124.2ms dt=    0.7ms tid=pic-smb-transport smb_client_context_freed
NETWORK t= 18124.2ms dt=    0.0ms tid=pic-smb-transport smb_client_new_start
NETWORK t= 18124.3ms dt=    0.0ms tid=ThreadId(6) smb_stat_start url=smb://dietpi.local/4tbp/pics-sport/Forest Run 2026/Pt3/DSC_4765_result.jpg lane=background
NETWORK t= 18125.0ms dt=    0.7ms tid=pic-smb-transport smb_client_context_created
NETWORK t= 18125.0ms dt=    0.0ms tid=pic-smb-transport smb_client_init_start
NETWORK t= 18125.0ms dt=    0.0ms tid=pic-smb-transport smb_client_init_done
NETWORK t= 18189.2ms dt=   64.2ms tid=pic-smb-transport smb_transport read_file ms=64.1
NETWORK t= 18189.7ms dt=    0.5ms tid=pic-smb-transport smb_client_context_freed
NETWORK t= 18189.7ms dt=    0.0ms tid=pic-smb-transport smb_client_new_start
NETWORK t= 18189.8ms dt=    0.0ms tid=ThreadId(19) read_done uri=smb://dietpi.local/4tbp/pics-sport/Forest%20Run%202026/Pt3/DSC_4774_result.jpg bytes=1054143 ms=90.4
NETWORK t= 18190.4ms dt=    0.7ms tid=pic-smb-transport smb_client_context_created
NETWORK t= 18190.5ms dt=    0.0ms tid=pic-smb-transport smb_client_init_start
NETWORK t= 18190.5ms dt=    0.0ms tid=pic-smb-transport smb_client_init_done
NETWORK t= 18200.9ms dt=   10.4ms tid=ThreadId(19) materialize_start uri=smb://dietpi.local/4tbp/pics-sport/Forest%20Run%202026/Pt3/DSC_4774_result.jpg
NETWORK t= 18201.0ms dt=    0.1ms tid=ThreadId(19) read_start uri=smb://dietpi.local/4tbp/pics-sport/Forest%20Run%202026/Pt3/DSC_4774_result.jpg
NETWORK t= 18201.0ms dt=    0.0ms tid=ThreadId(19) smb_read_start url=smb://dietpi.local/4tbp/pics-sport/Forest Run 2026/Pt3/DSC_4774_result.jpg whole-file
NETWORK t= 18241.4ms dt=   40.4ms tid=pic-smb-transport smb_transport read_file ms=50.9
NETWORK t= 18241.9ms dt=    0.5ms tid=pic-smb-transport smb_client_context_freed
NETWORK t= 18241.9ms dt=    0.0ms tid=pic-smb-transport smb_client_new_start
NETWORK t= 18242.0ms dt=    0.0ms tid=ThreadId(20) read_done uri=smb://dietpi.local/4tbp/pics-sport/Forest%20Run%202026/Pt3/DSC_4759_result.jpg bytes=1376809 ms=204.8
NETWORK t= 18242.3ms dt=    0.3ms tid=ThreadId(20) materialize_done uri=smb://dietpi.local/4tbp/pics-sport/Forest%20Run%202026/Pt3/DSC_4759_result.jpg path=/home/peet/.cache/picasa-rs/source/4/6cb8d273f042f453f580d7a7770e50cad6ead05c5e99405d573d43a9c5e60d46.jpg ms=205.2
NETWORK t= 18242.7ms dt=    0.4ms tid=pic-smb-transport smb_client_context_created
NETWORK t= 18242.7ms dt=    0.0ms tid=pic-smb-transport smb_client_init_start
NETWORK t= 18242.7ms dt=    0.0ms tid=pic-smb-transport smb_client_init_done
NETWORK t= 18245.8ms dt=    3.1ms tid=ThreadId(20) read_start uri=smb://dietpi.local/4tbp/pics-sport/Forest%20Run%202026/Pt3/DSC_4712_result.jpg
NETWORK t= 18245.8ms dt=    0.0ms tid=ThreadId(20) smb_read_start url=smb://dietpi.local/4tbp/pics-sport/Forest Run 2026/Pt3/DSC_4712_result.jpg whole-file
NETWORK t= 18254.1ms dt=    8.3ms tid=pic-smb-transport smb_transport stat ms=11.4
NETWORK t= 18254.5ms dt=    0.3ms tid=pic-smb-transport smb_client_context_freed
NETWORK t= 18254.5ms dt=    0.0ms tid=pic-smb-transport smb_client_new_start
NETWORK t= 18254.6ms dt=    0.1ms tid=ThreadId(6) smb_stat_start url=smb://dietpi.local/4tbp/pics-sport/Forest Run 2026/Pt3/DSC_4763_result.jpg lane=background
NETWORK t= 18255.2ms dt=    0.7ms tid=pic-smb-transport smb_client_context_created
NETWORK t= 18255.3ms dt=    0.0ms tid=pic-smb-transport smb_client_init_start
NETWORK t= 18255.3ms dt=    0.0ms tid=pic-smb-transport smb_client_init_done
NETWORK t= 18297.6ms dt=   42.4ms tid=pic-smb-transport smb_transport read_file ms=42.3
NETWORK t= 18298.0ms dt=    0.4ms tid=pic-smb-transport smb_client_context_freed
NETWORK t= 18298.1ms dt=    0.0ms tid=pic-smb-transport smb_client_new_start
NETWORK t= 18298.1ms dt=    0.0ms tid=ThreadId(19) read_done uri=smb://dietpi.local/4tbp/pics-sport/Forest%20Run%202026/Pt3/DSC_4774_result.jpg bytes=1054143 ms=97.1
NETWORK t= 18298.4ms dt=    0.3ms tid=ThreadId(19) materialize_done uri=smb://dietpi.local/4tbp/pics-sport/Forest%20Run%202026/Pt3/DSC_4774_result.jpg path=/home/peet/.cache/picasa-rs/source/w/b4208108a97c27c39f1887dfe9a12e466decce64d1ee0deae66364464d280a5f.jpg ms=97.5
NETWORK t= 18299.0ms dt=    0.6ms tid=pic-smb-transport smb_client_context_created
NETWORK t= 18299.0ms dt=    0.0ms tid=pic-smb-transport smb_client_init_start
NETWORK t= 18299.0ms dt=    0.0ms tid=pic-smb-transport smb_client_init_done
NETWORK t= 18302.5ms dt=    3.5ms tid=ThreadId(19) read_start uri=smb://dietpi.local/4tbp/pics-sport/Forest%20Run%202026/pt4/DSC_5078_result.jpg
NETWORK t= 18302.6ms dt=    0.0ms tid=ThreadId(19) smb_read_start url=smb://dietpi.local/4tbp/pics-sport/Forest Run 2026/pt4/DSC_5078_result.jpg whole-file
NETWORK t= 18359.0ms dt=   56.4ms tid=pic-smb-transport smb_transport read_file ms=59.9
NETWORK t= 18359.7ms dt=    0.7ms tid=pic-smb-transport smb_client_context_freed
NETWORK t= 18359.7ms dt=    0.0ms tid=pic-smb-transport smb_client_new_start
NETWORK t= 18359.8ms dt=    0.0ms tid=ThreadId(20) read_done uri=smb://dietpi.local/4tbp/pics-sport/Forest%20Run%202026/Pt3/DSC_4712_result.jpg bytes=1114257 ms=113.9
NETWORK t= 18360.6ms dt=    0.8ms tid=pic-smb-transport smb_client_context_created
NETWORK t= 18360.6ms dt=    0.0ms tid=pic-smb-transport smb_client_init_start
NETWORK t= 18360.6ms dt=    0.0ms tid=pic-smb-transport smb_client_init_done
NETWORK t= 18370.9ms dt=   10.2ms tid=ThreadId(20) materialize_start uri=smb://dietpi.local/4tbp/pics-sport/Forest%20Run%202026/Pt3/DSC_4712_result.jpg
NETWORK t= 18371.0ms dt=    0.1ms tid=ThreadId(20) read_start uri=smb://dietpi.local/4tbp/pics-sport/Forest%20Run%202026/Pt3/DSC_4712_result.jpg
NETWORK t= 18371.0ms dt=    0.0ms tid=ThreadId(20) smb_read_start url=smb://dietpi.local/4tbp/pics-sport/Forest Run 2026/Pt3/DSC_4712_result.jpg whole-file
NETWORK t= 18384.9ms dt=   14.0ms tid=pic-smb-transport smb_transport stat ms=24.3
NETWORK t= 18385.6ms dt=    0.7ms tid=pic-smb-transport smb_client_context_freed
NETWORK t= 18385.6ms dt=    0.0ms tid=pic-smb-transport smb_client_new_start
NETWORK t= 18385.7ms dt=    0.0ms tid=ThreadId(6) smb_stat_start url=smb://dietpi.local/4tbp/pics-sport/Forest Run 2026/Pt3/DSC_4762_result.jpg lane=background
NETWORK t= 18386.4ms dt=    0.7ms tid=pic-smb-transport smb_client_context_created
NETWORK t= 18386.4ms dt=    0.0ms tid=pic-smb-transport smb_client_init_start
NETWORK t= 18386.4ms dt=    0.0ms tid=pic-smb-transport smb_client_init_done
NETWORK t= 18445.1ms dt=   58.7ms tid=pic-smb-transport smb_transport read_file ms=58.6
NETWORK t= 18445.8ms dt=    0.7ms tid=pic-smb-transport smb_client_context_freed
NETWORK t= 18445.8ms dt=    0.0ms tid=pic-smb-transport smb_client_new_start
NETWORK t= 18445.9ms dt=    0.0ms tid=ThreadId(20) read_done uri=smb://dietpi.local/4tbp/pics-sport/Forest%20Run%202026/Pt3/DSC_4712_result.jpg bytes=1114257 ms=74.9
NETWORK t= 18446.2ms dt=    0.3ms tid=ThreadId(20) materialize_done uri=smb://dietpi.local/4tbp/pics-sport/Forest%20Run%202026/Pt3/DSC_4712_result.jpg path=/home/peet/.cache/picasa-rs/source/f/5faf46526cb270ca339bade662fd295e42b8e446f1a09e32680c62150973fea2.jpg ms=75.3
NETWORK t= 18446.5ms dt=    0.3ms tid=pic-smb-transport smb_client_context_created
NETWORK t= 18446.5ms dt=    0.0ms tid=pic-smb-transport smb_client_init_start
NETWORK t= 18446.5ms dt=    0.0ms tid=pic-smb-transport smb_client_init_done
NETWORK t= 18449.4ms dt=    2.8ms tid=ThreadId(20) read_start uri=smb://dietpi.local/4tbp/pics-sport/Forest%20Run%202026/Pt3/DSC_4831_result.jpg
NETWORK t= 18449.4ms dt=    0.0ms tid=ThreadId(20) smb_read_start url=smb://dietpi.local/4tbp/pics-sport/Forest Run 2026/Pt3/DSC_4831_result.jpg whole-file
NETWORK t= 18470.5ms dt=   21.1ms tid=pic-smb-transport smb_transport stat ms=24.0
NETWORK t= 18471.1ms dt=    0.6ms tid=pic-smb-transport smb_client_context_freed
NETWORK t= 18471.1ms dt=    0.0ms tid=pic-smb-transport smb_client_new_start
NETWORK t= 18471.2ms dt=    0.0ms tid=ThreadId(6) smb_stat_start url=smb://dietpi.local/4tbp/pics-sport/Forest Run 2026/Pt3/DSC_4761_result.jpg lane=background
NETWORK t= 18471.9ms dt=    0.8ms tid=pic-smb-transport smb_client_context_created
NETWORK t= 18472.0ms dt=    0.0ms tid=pic-smb-transport smb_client_init_start
NETWORK t= 18472.0ms dt=    0.0ms tid=pic-smb-transport smb_client_init_done
NETWORK t= 18534.7ms dt=   62.7ms tid=pic-smb-transport smb_transport read_file ms=62.7
NETWORK t= 18535.3ms dt=    0.6ms tid=pic-smb-transport smb_client_context_freed
NETWORK t= 18535.3ms dt=    0.0ms tid=pic-smb-transport smb_client_new_start
NETWORK t= 18535.4ms dt=    0.0ms tid=ThreadId(20) read_done uri=smb://dietpi.local/4tbp/pics-sport/Forest%20Run%202026/Pt3/DSC_4831_result.jpg bytes=1212208 ms=86.0
NETWORK t= 18536.2ms dt=    0.8ms tid=pic-smb-transport smb_client_context_created
NETWORK t= 18536.2ms dt=    0.0ms tid=pic-smb-transport smb_client_init_start
NETWORK t= 18536.2ms dt=    0.0ms tid=pic-smb-transport smb_client_init_done
NETWORK t= 18547.2ms dt=   11.0ms tid=ThreadId(20) materialize_start uri=smb://dietpi.local/4tbp/pics-sport/Forest%20Run%202026/Pt3/DSC_4831_result.jpg
NETWORK t= 18547.3ms dt=    0.1ms tid=ThreadId(20) read_start uri=smb://dietpi.local/4tbp/pics-sport/Forest%20Run%202026/Pt3/DSC_4831_result.jpg
NETWORK t= 18547.3ms dt=    0.0ms tid=ThreadId(20) smb_read_start url=smb://dietpi.local/4tbp/pics-sport/Forest Run 2026/Pt3/DSC_4831_result.jpg whole-file
NETWORK t= 18552.6ms dt=    5.3ms tid=pic-smb-transport smb_transport stat ms=16.4
NETWORK t= 18553.1ms dt=    0.4ms tid=pic-smb-transport smb_client_context_freed
NETWORK t= 18553.1ms dt=    0.0ms tid=pic-smb-transport smb_client_new_start
NETWORK t= 18553.1ms dt=    0.0ms tid=ThreadId(6) smb_stat_start url=smb://dietpi.local/4tbp/pics-sport/Forest Run 2026/Pt3/DSC_4760_result.jpg lane=background
NETWORK t= 18553.7ms dt=    0.6ms tid=pic-smb-transport smb_client_context_created
NETWORK t= 18553.8ms dt=    0.0ms tid=pic-smb-transport smb_client_init_start
NETWORK t= 18553.8ms dt=    0.0ms tid=pic-smb-transport smb_client_init_done
NETWORK t= 18603.3ms dt=   49.5ms tid=pic-smb-transport smb_transport read_file ms=49.5
NETWORK t= 18603.9ms dt=    0.6ms tid=pic-smb-transport smb_client_context_freed
NETWORK t= 18603.9ms dt=    0.0ms tid=pic-smb-transport smb_client_new_start
NETWORK t= 18604.0ms dt=    0.0ms tid=ThreadId(20) read_done uri=smb://dietpi.local/4tbp/pics-sport/Forest%20Run%202026/Pt3/DSC_4831_result.jpg bytes=1212208 ms=56.6
NETWORK t= 18604.2ms dt=    0.3ms tid=ThreadId(20) materialize_done uri=smb://dietpi.local/4tbp/pics-sport/Forest%20Run%202026/Pt3/DSC_4831_result.jpg path=/home/peet/.cache/picasa-rs/source/r/bd63fbe1cfc6c8660d2a5aa0bb87f3399873009c22546e445713a89b7c4be50f.jpg ms=57.0
NETWORK t= 18604.6ms dt=    0.3ms tid=pic-smb-transport smb_client_context_created
NETWORK t= 18604.6ms dt=    0.0ms tid=pic-smb-transport smb_client_init_start
NETWORK t= 18604.6ms dt=    0.0ms tid=pic-smb-transport smb_client_init_done
NETWORK t= 18607.3ms dt=    2.7ms tid=ThreadId(20) read_start uri=smb://dietpi.local/4tbp/pics-sport/Forest%20Run%202026/Pt3/DSC_4811_result.jpg
NETWORK t= 18607.3ms dt=    0.0ms tid=ThreadId(20) smb_read_start url=smb://dietpi.local/4tbp/pics-sport/Forest Run 2026/Pt3/DSC_4811_result.jpg whole-file
NETWORK t= 18649.5ms dt=   42.2ms tid=pic-smb-transport smb_transport read_file ms=44.9
NETWORK t= 18649.9ms dt=    0.4ms tid=pic-smb-transport smb_client_context_freed
NETWORK t= 18649.9ms dt=    0.0ms tid=pic-smb-transport smb_client_new_start
NETWORK t= 18649.9ms dt=    0.0ms tid=ThreadId(19) read_done uri=smb://dietpi.local/4tbp/pics-sport/Forest%20Run%202026/pt4/DSC_5078_result.jpg bytes=1194303 ms=347.4
NETWORK t= 18650.6ms dt=    0.7ms tid=pic-smb-transport smb_client_context_created
NETWORK t= 18650.6ms dt=    0.0ms tid=pic-smb-transport smb_client_init_start
NETWORK t= 18650.6ms dt=    0.0ms tid=pic-smb-transport smb_client_init_done
NETWORK t= 18661.8ms dt=   11.2ms tid=ThreadId(19) materialize_start uri=smb://dietpi.local/4tbp/pics-sport/Forest%20Run%202026/pt4/DSC_5078_result.jpg
NETWORK t= 18661.8ms dt=    0.0ms tid=pic-smb-transport smb_transport stat ms=11.2
NETWORK t= 18661.9ms dt=    0.1ms tid=ThreadId(19) read_start uri=smb://dietpi.local/4tbp/pics-sport/Forest%20Run%202026/pt4/DSC_5078_result.jpg
NETWORK t= 18661.9ms dt=    0.0ms tid=ThreadId(19) smb_read_start url=smb://dietpi.local/4tbp/pics-sport/Forest Run 2026/pt4/DSC_5078_result.jpg whole-file
NETWORK t= 18662.2ms dt=    0.3ms tid=pic-smb-transport smb_client_context_freed
NETWORK t= 18662.3ms dt=    0.0ms tid=pic-smb-transport smb_client_new_start
NETWORK t= 18662.3ms dt=    0.0ms tid=ThreadId(6) smb_stat_start url=smb://dietpi.local/4tbp/pics-sport/Forest Run 2026/Pt3/DSC_4758_result.jpg lane=background
NETWORK t= 18663.0ms dt=    0.7ms tid=pic-smb-transport smb_client_context_created
NETWORK t= 18663.0ms dt=    0.0ms tid=pic-smb-transport smb_client_init_start
NETWORK t= 18663.0ms dt=    0.0ms tid=pic-smb-transport smb_client_init_done
NETWORK t= 18717.6ms dt=   54.6ms tid=pic-smb-transport smb_transport read_file ms=54.5
NETWORK t= 18718.2ms dt=    0.7ms tid=pic-smb-transport smb_client_context_freed
NETWORK t= 18718.3ms dt=    0.0ms tid=pic-smb-transport smb_client_new_start
NETWORK t= 18718.3ms dt=    0.0ms tid=ThreadId(20) read_done uri=smb://dietpi.local/4tbp/pics-sport/Forest%20Run%202026/Pt3/DSC_4811_result.jpg bytes=1296584 ms=111.0
NETWORK t= 18718.9ms dt=    0.7ms tid=pic-smb-transport smb_client_context_created
NETWORK t= 18719.0ms dt=    0.0ms tid=pic-smb-transport smb_client_init_start
NETWORK t= 18719.0ms dt=    0.0ms tid=pic-smb-transport smb_client_init_done
NETWORK t= 18731.5ms dt=   12.5ms tid=ThreadId(20) materialize_start uri=smb://dietpi.local/4tbp/pics-sport/Forest%20Run%202026/Pt3/DSC_4811_result.jpg
NETWORK t= 18731.6ms dt=    0.1ms tid=ThreadId(20) read_start uri=smb://dietpi.local/4tbp/pics-sport/Forest%20Run%202026/Pt3/DSC_4811_result.jpg
NETWORK t= 18731.7ms dt=    0.0ms tid=ThreadId(20) smb_read_start url=smb://dietpi.local/4tbp/pics-sport/Forest Run 2026/Pt3/DSC_4811_result.jpg whole-file
NETWORK t= 18791.9ms dt=   60.3ms tid=pic-smb-transport smb_transport read_file ms=72.9
NETWORK t= 18792.6ms dt=    0.7ms tid=pic-smb-transport smb_client_context_freed
NETWORK t= 18792.7ms dt=    0.0ms tid=pic-smb-transport smb_client_new_start
NETWORK t= 18792.7ms dt=    0.0ms tid=ThreadId(19) read_done uri=smb://dietpi.local/4tbp/pics-sport/Forest%20Run%202026/pt4/DSC_5078_result.jpg bytes=1194303 ms=130.8
NETWORK t= 18793.0ms dt=    0.3ms tid=ThreadId(19) materialize_done uri=smb://dietpi.local/4tbp/pics-sport/Forest%20Run%202026/pt4/DSC_5078_result.jpg path=/home/peet/.cache/picasa-rs/source/9/e565f18933fad612802b596b279579c02d84054e38498c863ccc76deb698eb57.jpg ms=131.2
NETWORK t= 18793.3ms dt=    0.3ms tid=pic-smb-transport smb_client_context_created
NETWORK t= 18793.4ms dt=    0.0ms tid=pic-smb-transport smb_client_init_start
NETWORK t= 18793.4ms dt=    0.0ms tid=pic-smb-transport smb_client_init_done
NETWORK t= 18796.5ms dt=    3.1ms tid=ThreadId(19) read_start uri=smb://dietpi.local/4tbp/pics-sport/Forest%20Run%202026/Pt3/DSC_4761_result.jpg
NETWORK t= 18796.5ms dt=    0.0ms tid=ThreadId(19) smb_read_start url=smb://dietpi.local/4tbp/pics-sport/Forest Run 2026/Pt3/DSC_4761_result.jpg whole-file
NETWORK t= 18819.5ms dt=   23.1ms tid=pic-smb-transport smb_transport stat ms=26.1
NETWORK t= 18820.3ms dt=    0.8ms tid=pic-smb-transport smb_client_context_freed
NETWORK t= 18820.3ms dt=    0.0ms tid=pic-smb-transport smb_client_new_start
NETWORK t= 18820.4ms dt=    0.1ms tid=ThreadId(6) smb_stat_start url=smb://dietpi.local/4tbp/pics-sport/Forest Run 2026/Pt3/DSC_4757_result.jpg lane=background
NETWORK t= 18821.0ms dt=    0.6ms tid=pic-smb-transport smb_client_context_created
NETWORK t= 18821.0ms dt=    0.0ms tid=pic-smb-transport smb_client_init_start
NETWORK t= 18821.0ms dt=    0.0ms tid=pic-smb-transport smb_client_init_done
NETWORK t= 18897.6ms dt=   76.6ms tid=pic-smb-transport smb_transport read_file ms=76.6
NETWORK t= 18898.4ms dt=    0.7ms tid=pic-smb-transport smb_client_context_freed
NETWORK t= 18898.4ms dt=    0.0ms tid=pic-smb-transport smb_client_new_start
NETWORK t= 18898.4ms dt=    0.0ms tid=ThreadId(20) read_done uri=smb://dietpi.local/4tbp/pics-sport/Forest%20Run%202026/Pt3/DSC_4811_result.jpg bytes=1296584 ms=166.8
NETWORK t= 18898.7ms dt=    0.3ms tid=ThreadId(20) materialize_done uri=smb://dietpi.local/4tbp/pics-sport/Forest%20Run%202026/Pt3/DSC_4811_result.jpg path=/home/peet/.cache/picasa-rs/source/e/ceea5a27e7dacf0181d5a24155e8388c931eab24ca6198915cdb2130238ec835.jpg ms=167.2
NETWORK t= 18899.0ms dt=    0.3ms tid=pic-smb-transport smb_client_context_created
NETWORK t= 18899.1ms dt=    0.0ms tid=pic-smb-transport smb_client_init_start
NETWORK t= 18899.1ms dt=    0.0ms tid=pic-smb-transport smb_client_init_done
NETWORK t= 18902.2ms dt=    3.1ms tid=ThreadId(20) read_start uri=smb://dietpi.local/4tbp/pics-sport/Forest%20Run%202026/Pt3/DSC_4723_result.jpg
NETWORK t= 18902.2ms dt=    0.0ms tid=ThreadId(20) smb_read_start url=smb://dietpi.local/4tbp/pics-sport/Forest Run 2026/Pt3/DSC_4723_result.jpg whole-file
NETWORK t= 18969.6ms dt=   67.4ms tid=pic-smb-transport smb_transport read_file ms=70.5
NETWORK t= 18970.4ms dt=    0.7ms tid=pic-smb-transport smb_client_context_freed
NETWORK t= 18970.4ms dt=    0.0ms tid=pic-smb-transport smb_client_new_start
NETWORK t= 18970.4ms dt=    0.0ms tid=ThreadId(19) read_done uri=smb://dietpi.local/4tbp/pics-sport/Forest%20Run%202026/Pt3/DSC_4761_result.jpg bytes=1107036 ms=173.9
NETWORK t= 18971.1ms dt=    0.6ms tid=pic-smb-transport smb_client_context_created
NETWORK t= 18971.1ms dt=    0.0ms tid=pic-smb-transport smb_client_init_start
NETWORK t= 18971.1ms dt=    0.0ms tid=pic-smb-transport smb_client_init_done
NETWORK t= 18981.6ms dt=   10.5ms tid=ThreadId(19) materialize_start uri=smb://dietpi.local/4tbp/pics-sport/Forest%20Run%202026/Pt3/DSC_4761_result.jpg
NETWORK t= 18981.7ms dt=    0.1ms tid=ThreadId(19) read_start uri=smb://dietpi.local/4tbp/pics-sport/Forest%20Run%202026/Pt3/DSC_4761_result.jpg
NETWORK t= 18981.7ms dt=    0.0ms tid=ThreadId(19) smb_read_start url=smb://dietpi.local/4tbp/pics-sport/Forest Run 2026/Pt3/DSC_4761_result.jpg whole-file
NETWORK t= 18998.1ms dt=   16.4ms tid=pic-smb-transport smb_transport stat ms=27.0
NETWORK t= 18998.8ms dt=    0.6ms tid=pic-smb-transport smb_client_context_freed
NETWORK t= 18998.8ms dt=    0.0ms tid=pic-smb-transport smb_client_new_start
NETWORK t= 18998.9ms dt=    0.0ms tid=ThreadId(6) smb_stat_start url=smb://dietpi.local/4tbp/pics-sport/Forest Run 2026/Pt3/DSC_4755_result.jpg lane=background
NETWORK t= 18999.5ms dt=    0.7ms tid=pic-smb-transport smb_client_context_created
NETWORK t= 18999.5ms dt=    0.0ms tid=pic-smb-transport smb_client_init_start
NETWORK t= 18999.6ms dt=    0.0ms tid=pic-smb-transport smb_client_init_done
NETWORK t= 19068.2ms dt=   68.6ms tid=pic-smb-transport smb_transport read_file ms=68.6
NETWORK t= 19068.9ms dt=    0.7ms tid=pic-smb-transport smb_client_context_freed
NETWORK t= 19068.9ms dt=    0.0ms tid=pic-smb-transport smb_client_new_start
NETWORK t= 19068.9ms dt=    0.0ms tid=ThreadId(19) read_done uri=smb://dietpi.local/4tbp/pics-sport/Forest%20Run%202026/Pt3/DSC_4761_result.jpg bytes=1107036 ms=87.2
NETWORK t= 19069.2ms dt=    0.3ms tid=ThreadId(19) materialize_done uri=smb://dietpi.local/4tbp/pics-sport/Forest%20Run%202026/Pt3/DSC_4761_result.jpg path=/home/peet/.cache/picasa-rs/source/h/640de59794f97c3ed404da348c468d8324633f6ce75dbceacf26467b00f4f238.jpg ms=87.5
NETWORK t= 19069.6ms dt=    0.4ms tid=pic-smb-transport smb_client_context_created
NETWORK t= 19069.6ms dt=    0.0ms tid=pic-smb-transport smb_client_init_start
NETWORK t= 19069.6ms dt=    0.0ms tid=pic-smb-transport smb_client_init_done
NETWORK t= 19072.5ms dt=    2.9ms tid=ThreadId(19) read_start uri=smb://dietpi.local/4tbp/pics-sport/Forest%20Run%202026/Pt3/DSC_4876_result.jpg
NETWORK t= 19072.5ms dt=    0.0ms tid=ThreadId(19) smb_read_start url=smb://dietpi.local/4tbp/pics-sport/Forest Run 2026/Pt3/DSC_4876_result.jpg whole-file
NETWORK t= 19138.0ms dt=   65.4ms tid=pic-smb-transport smb_transport read_file ms=68.3
NETWORK t= 19138.7ms dt=    0.7ms tid=pic-smb-transport smb_client_context_freed
NETWORK t= 19138.7ms dt=    0.0ms tid=pic-smb-transport smb_client_new_start
NETWORK t= 19138.7ms dt=    0.0ms tid=ThreadId(20) read_done uri=smb://dietpi.local/4tbp/pics-sport/Forest%20Run%202026/Pt3/DSC_4723_result.jpg bytes=1036442 ms=236.5
NETWORK t= 19139.4ms dt=    0.7ms tid=pic-smb-transport smb_client_context_created
NETWORK t= 19139.4ms dt=    0.0ms tid=pic-smb-transport smb_client_init_start
NETWORK t= 19139.4ms dt=    0.0ms tid=pic-smb-transport smb_client_init_done
NETWORK t= 19149.1ms dt=    9.7ms tid=ThreadId(20) materialize_start uri=smb://dietpi.local/4tbp/pics-sport/Forest%20Run%202026/Pt3/DSC_4723_result.jpg
NETWORK t= 19149.2ms dt=    0.1ms tid=ThreadId(20) read_start uri=smb://dietpi.local/4tbp/pics-sport/Forest%20Run%202026/Pt3/DSC_4723_result.jpg
NETWORK t= 19149.2ms dt=    0.0ms tid=ThreadId(20) smb_read_start url=smb://dietpi.local/4tbp/pics-sport/Forest Run 2026/Pt3/DSC_4723_result.jpg whole-file
NETWORK t= 19166.4ms dt=   17.2ms tid=pic-smb-transport smb_transport stat ms=27.0
NETWORK t= 19167.1ms dt=    0.7ms tid=pic-smb-transport smb_client_context_freed
NETWORK t= 19167.1ms dt=    0.0ms tid=pic-smb-transport smb_client_new_start
NETWORK t= 19167.2ms dt=    0.1ms tid=ThreadId(6) smb_stat_start url=smb://dietpi.local/4tbp/pics-sport/Forest Run 2026/Pt3/DSC_4756_result.jpg lane=background
NETWORK t= 19168.0ms dt=    0.8ms tid=pic-smb-transport smb_client_context_created
NETWORK t= 19168.0ms dt=    0.0ms tid=pic-smb-transport smb_client_init_start
NETWORK t= 19168.1ms dt=    0.0ms tid=pic-smb-transport smb_client_init_done
NETWORK t= 19248.6ms dt=   80.5ms tid=pic-smb-transport smb_transport read_file ms=80.5
NETWORK t= 19249.3ms dt=    0.7ms tid=pic-smb-transport smb_client_context_freed
NETWORK t= 19249.3ms dt=    0.0ms tid=pic-smb-transport smb_client_new_start
NETWORK t= 19249.3ms dt=    0.0ms tid=ThreadId(19) read_done uri=smb://dietpi.local/4tbp/pics-sport/Forest%20Run%202026/Pt3/DSC_4876_result.jpg bytes=1392176 ms=176.8
NETWORK t= 19249.9ms dt=    0.6ms tid=pic-smb-transport smb_client_context_created
NETWORK t= 19249.9ms dt=    0.0ms tid=pic-smb-transport smb_client_init_start
NETWORK t= 19250.0ms dt=    0.0ms tid=pic-smb-transport smb_client_init_done
NETWORK t= 19262.3ms dt=   12.4ms tid=ThreadId(19) materialize_start uri=smb://dietpi.local/4tbp/pics-sport/Forest%20Run%202026/Pt3/DSC_4876_result.jpg
NETWORK t= 19262.4ms dt=    0.1ms tid=ThreadId(19) read_start uri=smb://dietpi.local/4tbp/pics-sport/Forest%20Run%202026/Pt3/DSC_4876_result.jpg
NETWORK t= 19262.4ms dt=    0.0ms tid=ThreadId(19) smb_read_start url=smb://dietpi.local/4tbp/pics-sport/Forest Run 2026/Pt3/DSC_4876_result.jpg whole-file
NETWORK t= 19312.9ms dt=   50.5ms tid=pic-smb-transport smb_transport read_file ms=62.9
NETWORK t= 19313.5ms dt=    0.6ms tid=pic-smb-transport smb_client_context_freed
NETWORK t= 19313.5ms dt=    0.0ms tid=pic-smb-transport smb_client_new_start
NETWORK t= 19313.5ms dt=    0.0ms tid=ThreadId(20) read_done uri=smb://dietpi.local/4tbp/pics-sport/Forest%20Run%202026/Pt3/DSC_4723_result.jpg bytes=1036442 ms=164.3
NETWORK t= 19313.8ms dt=    0.3ms tid=ThreadId(20) materialize_done uri=smb://dietpi.local/4tbp/pics-sport/Forest%20Run%202026/Pt3/DSC_4723_result.jpg path=/home/peet/.cache/picasa-rs/source/b/804b0e942f878995ac2f2092721ff9770b1c96ca884840b7cbd3ef2e822a7f69.jpg ms=164.6
NETWORK t= 19314.2ms dt=    0.4ms tid=pic-smb-transport smb_client_context_created
NETWORK t= 19314.2ms dt=    0.0ms tid=pic-smb-transport smb_client_init_start
NETWORK t= 19314.2ms dt=    0.0ms tid=pic-smb-transport smb_client_init_done
NETWORK t= 19317.2ms dt=    3.0ms tid=ThreadId(20) read_start uri=smb://dietpi.local/4tbp/pics-sport/Forest%20Run%202026/Pt3/DSC_4719_result.jpg
NETWORK t= 19317.2ms dt=    0.0ms tid=ThreadId(20) smb_read_start url=smb://dietpi.local/4tbp/pics-sport/Forest Run 2026/Pt3/DSC_4719_result.jpg whole-file
NETWORK t= 19330.3ms dt=   13.1ms tid=pic-smb-transport smb_transport stat ms=16.1
NETWORK t= 19330.7ms dt=    0.3ms tid=pic-smb-transport smb_client_context_freed
NETWORK t= 19330.7ms dt=    0.0ms tid=pic-smb-transport smb_client_new_start
NETWORK t= 19330.7ms dt=    0.0ms tid=ThreadId(6) smb_stat_start url=smb://dietpi.local/4tbp/pics-sport/Forest Run 2026/Pt3/DSC_4754_result.jpg lane=background
NETWORK t= 19331.4ms dt=    0.7ms tid=pic-smb-transport smb_client_context_created
NETWORK t= 19331.4ms dt=    0.0ms tid=pic-smb-transport smb_client_init_start
NETWORK t= 19331.5ms dt=    0.0ms tid=pic-smb-transport smb_client_init_done
NETWORK t= 19380.9ms dt=   49.5ms tid=pic-smb-transport smb_transport read_file ms=49.4
NETWORK t= 19381.5ms dt=    0.6ms tid=pic-smb-transport smb_client_context_freed
NETWORK t= 19381.5ms dt=    0.0ms tid=pic-smb-transport smb_client_new_start
NETWORK t= 19381.5ms dt=    0.0ms tid=ThreadId(19) read_done uri=smb://dietpi.local/4tbp/pics-sport/Forest%20Run%202026/Pt3/DSC_4876_result.jpg bytes=1392176 ms=119.1
NETWORK t= 19381.8ms dt=    0.3ms tid=ThreadId(19) materialize_done uri=smb://dietpi.local/4tbp/pics-sport/Forest%20Run%202026/Pt3/DSC_4876_result.jpg path=/home/peet/.cache/picasa-rs/source/a/c14248025bc770654742da52cc70c880c12c91dc8934df46f5ab2aa6e94ee19d.jpg ms=119.5
NETWORK t= 19382.2ms dt=    0.4ms tid=pic-smb-transport smb_client_context_created
NETWORK t= 19382.2ms dt=    0.0ms tid=pic-smb-transport smb_client_init_start
NETWORK t= 19382.2ms dt=    0.0ms tid=pic-smb-transport smb_client_init_done
NETWORK t= 19385.0ms dt=    2.8ms tid=ThreadId(19) read_start uri=smb://dietpi.local/4tbp/pics-sport/Forest%20Run%202026/Pt3/DSC_4755_result.jpg
NETWORK t= 19385.0ms dt=    0.0ms tid=ThreadId(19) smb_read_start url=smb://dietpi.local/4tbp/pics-sport/Forest Run 2026/Pt3/DSC_4755_result.jpg whole-file
NETWORK t= 19441.0ms dt=   56.0ms tid=pic-smb-transport smb_transport read_file ms=58.8
NETWORK t= 19441.7ms dt=    0.7ms tid=pic-smb-transport smb_client_context_freed
NETWORK t= 19441.7ms dt=    0.0ms tid=pic-smb-transport smb_client_new_start
NETWORK t= 19441.8ms dt=    0.0ms tid=ThreadId(20) read_done uri=smb://dietpi.local/4tbp/pics-sport/Forest%20Run%202026/Pt3/DSC_4719_result.jpg bytes=936721 ms=124.5
NETWORK t= 19442.4ms dt=    0.6ms tid=pic-smb-transport smb_client_context_created
NETWORK t= 19442.4ms dt=    0.0ms tid=pic-smb-transport smb_client_init_start
NETWORK t= 19442.4ms dt=    0.0ms tid=pic-smb-transport smb_client_init_done
NETWORK t= 19451.5ms dt=    9.0ms tid=ThreadId(20) materialize_start uri=smb://dietpi.local/4tbp/pics-sport/Forest%20Run%202026/Pt3/DSC_4719_result.jpg
NETWORK t= 19451.5ms dt=    0.1ms tid=ThreadId(20) read_start uri=smb://dietpi.local/4tbp/pics-sport/Forest%20Run%202026/Pt3/DSC_4719_result.jpg
NETWORK t= 19451.6ms dt=    0.0ms tid=ThreadId(20) smb_read_start url=smb://dietpi.local/4tbp/pics-sport/Forest Run 2026/Pt3/DSC_4719_result.jpg whole-file
NETWORK t= 19501.3ms dt=   49.7ms tid=pic-smb-transport smb_transport read_file ms=58.8
NETWORK t= 19502.0ms dt=    0.7ms tid=pic-smb-transport smb_client_context_freed
NETWORK t= 19502.1ms dt=    0.0ms tid=pic-smb-transport smb_client_new_start
NETWORK t= 19502.1ms dt=    0.0ms tid=ThreadId(19) read_done uri=smb://dietpi.local/4tbp/pics-sport/Forest%20Run%202026/Pt3/DSC_4755_result.jpg bytes=805060 ms=117.0
NETWORK t= 19502.8ms dt=    0.7ms tid=pic-smb-transport smb_client_context_created
NETWORK t= 19502.8ms dt=    0.0ms tid=pic-smb-transport smb_client_init_start
NETWORK t= 19502.8ms dt=    0.0ms tid=pic-smb-transport smb_client_init_done
NETWORK t= 19511.5ms dt=    8.7ms tid=ThreadId(19) materialize_start uri=smb://dietpi.local/4tbp/pics-sport/Forest%20Run%202026/Pt3/DSC_4755_result.jpg
NETWORK t= 19511.6ms dt=    0.1ms tid=ThreadId(19) read_start uri=smb://dietpi.local/4tbp/pics-sport/Forest%20Run%202026/Pt3/DSC_4755_result.jpg
NETWORK t= 19511.6ms dt=    0.0ms tid=ThreadId(19) smb_read_start url=smb://dietpi.local/4tbp/pics-sport/Forest Run 2026/Pt3/DSC_4755_result.jpg whole-file
NETWORK t= 19520.1ms dt=    8.4ms tid=pic-smb-transport smb_transport stat ms=17.2
NETWORK t= 19520.5ms dt=    0.4ms tid=pic-smb-transport smb_client_context_freed
NETWORK t= 19520.6ms dt=    0.0ms tid=pic-smb-transport smb_client_new_start
NETWORK t= 19520.6ms dt=    0.0ms tid=ThreadId(6) smb_stat_start url=smb://dietpi.local/4tbp/pics-sport/Forest Run 2026/Pt3/DSC_4751_result.jpg lane=background
NETWORK t= 19521.3ms dt=    0.7ms tid=pic-smb-transport smb_client_context_created
NETWORK t= 19521.4ms dt=    0.0ms tid=pic-smb-transport smb_client_init_start
NETWORK t= 19521.4ms dt=    0.0ms tid=pic-smb-transport smb_client_init_done
NETWORK t= 19555.7ms dt=   34.3ms tid=pic-smb-transport smb_transport read_file ms=34.3
NETWORK t= 19556.2ms dt=    0.5ms tid=pic-smb-transport smb_client_context_freed
NETWORK t= 19556.2ms dt=    0.0ms tid=pic-smb-transport smb_client_new_start
NETWORK t= 19556.2ms dt=    0.0ms tid=ThreadId(19) read_done uri=smb://dietpi.local/4tbp/pics-sport/Forest%20Run%202026/Pt3/DSC_4755_result.jpg bytes=805060 ms=44.6
NETWORK t= 19556.4ms dt=    0.2ms tid=ThreadId(19) materialize_done uri=smb://dietpi.local/4tbp/pics-sport/Forest%20Run%202026/Pt3/DSC_4755_result.jpg path=/home/peet/.cache/picasa-rs/source/d/e42593cc7eb67320735e5dc56ff1a26a9a743a7935711e73ad25b66719b759c7.jpg ms=44.9
NETWORK t= 19556.8ms dt=    0.4ms tid=pic-smb-transport smb_client_context_created
NETWORK t= 19556.8ms dt=    0.0ms tid=pic-smb-transport smb_client_init_start
NETWORK t= 19556.9ms dt=    0.0ms tid=pic-smb-transport smb_client_init_done
NETWORK t= 19559.6ms dt=    2.7ms tid=ThreadId(19) read_start uri=smb://dietpi.local/4tbp/pics-sport/Forest%20Run%202026/pt4/DSC_4919_result.jpg
NETWORK t= 19559.6ms dt=    0.0ms tid=ThreadId(19) smb_read_start url=smb://dietpi.local/4tbp/pics-sport/Forest Run 2026/pt4/DSC_4919_result.jpg whole-file
NETWORK t= 19600.7ms dt=   41.1ms tid=pic-smb-transport smb_transport read_file ms=43.9
NETWORK t= 19601.3ms dt=    0.6ms tid=pic-smb-transport smb_client_context_freed
NETWORK t= 19601.4ms dt=    0.0ms tid=pic-smb-transport smb_client_new_start
NETWORK t= 19601.4ms dt=    0.0ms tid=ThreadId(20) read_done uri=smb://dietpi.local/4tbp/pics-sport/Forest%20Run%202026/Pt3/DSC_4719_result.jpg bytes=936721 ms=149.8
NETWORK t= 19601.6ms dt=    0.2ms tid=ThreadId(20) materialize_done uri=smb://dietpi.local/4tbp/pics-sport/Forest%20Run%202026/Pt3/DSC_4719_result.jpg path=/home/peet/.cache/picasa-rs/source/c/73ec44fe8766ff901f02cd12521b5c91607476dfffbcfaec83aba6d98f480ba2.jpg ms=150.1
NETWORK t= 19602.1ms dt=    0.5ms tid=pic-smb-transport smb_client_context_created
NETWORK t= 19602.2ms dt=    0.0ms tid=pic-smb-transport smb_client_init_start
NETWORK t= 19602.2ms dt=    0.0ms tid=pic-smb-transport smb_client_init_done
NETWORK t= 19604.8ms dt=    2.6ms tid=ThreadId(20) read_start uri=smb://dietpi.local/4tbp/pics-sport/Forest%20Run%202026/Pt3/DSC_4891_result.jpg
NETWORK t= 19604.8ms dt=    0.0ms tid=ThreadId(20) smb_read_start url=smb://dietpi.local/4tbp/pics-sport/Forest Run 2026/Pt3/DSC_4891_result.jpg whole-file
NETWORK t= 19628.8ms dt=   24.0ms tid=pic-smb-transport smb_transport stat ms=26.6
NETWORK t= 19629.5ms dt=    0.7ms tid=pic-smb-transport smb_client_context_freed
NETWORK t= 19629.5ms dt=    0.0ms tid=pic-smb-transport smb_client_new_start
NETWORK t= 19629.6ms dt=    0.1ms tid=ThreadId(6) smb_stat_start url=smb://dietpi.local/4tbp/pics-sport/Forest Run 2026/Pt3/DSC_4746_result.jpg lane=background
NETWORK t= 19630.2ms dt=    0.6ms tid=pic-smb-transport smb_client_context_created
NETWORK t= 19630.2ms dt=    0.0ms tid=pic-smb-transport smb_client_init_start
NETWORK t= 19630.2ms dt=    0.0ms tid=pic-smb-transport smb_client_init_done
NETWORK t= 19704.8ms dt=   74.6ms tid=pic-smb-transport smb_transport read_file ms=74.6
NETWORK t= 19705.5ms dt=    0.7ms tid=pic-smb-transport smb_client_context_freed
NETWORK t= 19705.5ms dt=    0.0ms tid=pic-smb-transport smb_client_new_start
NETWORK t= 19705.5ms dt=    0.0ms tid=ThreadId(19) read_done uri=smb://dietpi.local/4tbp/pics-sport/Forest%20Run%202026/pt4/DSC_4919_result.jpg bytes=1308799 ms=145.9
NETWORK t= 19706.2ms dt=    0.6ms tid=pic-smb-transport smb_client_context_created
NETWORK t= 19706.2ms dt=    0.0ms tid=pic-smb-transport smb_client_init_start
NETWORK t= 19706.2ms dt=    0.0ms tid=pic-smb-transport smb_client_init_done
NETWORK t= 19717.7ms dt=   11.5ms tid=ThreadId(19) materialize_start uri=smb://dietpi.local/4tbp/pics-sport/Forest%20Run%202026/pt4/DSC_4919_result.jpg
NETWORK t= 19717.8ms dt=    0.1ms tid=ThreadId(19) read_start uri=smb://dietpi.local/4tbp/pics-sport/Forest%20Run%202026/pt4/DSC_4919_result.jpg
NETWORK t= 19717.8ms dt=    0.0ms tid=ThreadId(19) smb_read_start url=smb://dietpi.local/4tbp/pics-sport/Forest Run 2026/pt4/DSC_4919_result.jpg whole-file
NETWORK t= 19774.5ms dt=   56.7ms tid=pic-smb-transport smb_transport read_file ms=68.3
NETWORK t= 19775.1ms dt=    0.6ms tid=pic-smb-transport smb_client_context_freed
NETWORK t= 19775.2ms dt=    0.0ms tid=pic-smb-transport smb_client_new_start
NETWORK t= 19775.2ms dt=    0.0ms tid=ThreadId(20) read_done uri=smb://dietpi.local/4tbp/pics-sport/Forest%20Run%202026/Pt3/DSC_4891_result.jpg bytes=1040176 ms=170.4
NETWORK t= 19775.9ms dt=    0.7ms tid=pic-smb-transport smb_client_context_created
NETWORK t= 19775.9ms dt=    0.0ms tid=pic-smb-transport smb_client_init_start
NETWORK t= 19775.9ms dt=    0.0ms tid=pic-smb-transport smb_client_init_done
NETWORK t= 19785.3ms dt=    9.3ms tid=ThreadId(20) materialize_start uri=smb://dietpi.local/4tbp/pics-sport/Forest%20Run%202026/Pt3/DSC_4891_result.jpg
NETWORK t= 19785.3ms dt=    0.1ms tid=ThreadId(20) read_start uri=smb://dietpi.local/4tbp/pics-sport/Forest%20Run%202026/Pt3/DSC_4891_result.jpg
NETWORK t= 19785.4ms dt=    0.0ms tid=ThreadId(20) smb_read_start url=smb://dietpi.local/4tbp/pics-sport/Forest Run 2026/Pt3/DSC_4891_result.jpg whole-file
NETWORK t= 19802.2ms dt=   16.8ms tid=pic-smb-transport smb_transport stat ms=26.2
NETWORK t= 19803.0ms dt=    0.8ms tid=pic-smb-transport smb_client_context_freed
NETWORK t= 19803.1ms dt=    0.0ms tid=pic-smb-transport smb_client_new_start
NETWORK t= 19803.2ms dt=    0.1ms tid=ThreadId(6) smb_stat_start url=smb://dietpi.local/4tbp/pics-sport/Forest Run 2026/Pt3/DSC_4747_result.jpg lane=background
NETWORK t= 19803.9ms dt=    0.7ms tid=pic-smb-transport smb_client_context_created
NETWORK t= 19803.9ms dt=    0.0ms tid=pic-smb-transport smb_client_init_start
NETWORK t= 19803.9ms dt=    0.0ms tid=pic-smb-transport smb_client_init_done
NETWORK t= 19882.5ms dt=   78.6ms tid=pic-smb-transport smb_transport read_file ms=78.6
NETWORK t= 19883.2ms dt=    0.7ms tid=pic-smb-transport smb_client_context_freed
NETWORK t= 19883.2ms dt=    0.1ms tid=ThreadId(19) read_done uri=smb://dietpi.local/4tbp/pics-sport/Forest%20Run%202026/pt4/DSC_4919_result.jpg bytes=1308799 ms=165.5
NETWORK t= 19883.6ms dt=    0.4ms tid=ThreadId(19) materialize_done uri=smb://dietpi.local/4tbp/pics-sport/Forest%20Run%202026/pt4/DSC_4919_result.jpg path=/home/peet/.cache/picasa-rs/source/3/fc039c0ab42af72622d90e6b15b01c79449b858d532d2fd0b2f5e74e83f8ad7a.jpg ms=165.9
NETWORK t= 19886.9ms dt=    3.3ms tid=ThreadId(19) read_start uri=smb://dietpi.local/4tbp/pics-sport/Forest%20Run%202026/Pt3/DSC_4837_result.jpg
NETWORK t= 19887.0ms dt=    0.0ms tid=ThreadId(19) smb_read_start url=smb://dietpi.local/4tbp/pics-sport/Forest Run 2026/Pt3/DSC_4837_result.jpg whole-file
NETWORK t= 20013.1ms dt=  126.1ms tid=pic-smb-transport smb_client_new_start
NETWORK t= 20014.8ms dt=    1.7ms tid=pic-smb-transport smb_client_context_created
NETWORK t= 20014.8ms dt=    0.0ms tid=pic-smb-transport smb_client_init_start
NETWORK t= 20014.8ms dt=    0.0ms tid=pic-smb-transport smb_client_init_done
NETWORK t= 20082.8ms dt=   67.9ms tid=pic-smb-transport smb_transport read_file ms=67.9
NETWORK t= 20083.5ms dt=    0.8ms tid=pic-smb-transport smb_client_context_freed
NETWORK t= 20083.5ms dt=    0.0ms tid=pic-smb-transport smb_client_new_start
NETWORK t= 20083.6ms dt=    0.0ms tid=ThreadId(20) read_done uri=smb://dietpi.local/4tbp/pics-sport/Forest%20Run%202026/Pt3/DSC_4891_result.jpg bytes=1040176 ms=298.2
NETWORK t= 20084.1ms dt=    0.5ms tid=ThreadId(20) materialize_done uri=smb://dietpi.local/4tbp/pics-sport/Forest%20Run%202026/Pt3/DSC_4891_result.jpg path=/home/peet/.cache/picasa-rs/source/s/2ea85709fc9bac853f0aa53b47cc163540a49fd730a970cb39b66d11b4764f17.jpg ms=298.8
NETWORK t= 20084.3ms dt=    0.3ms tid=pic-smb-transport smb_client_context_created
NETWORK t= 20084.4ms dt=    0.0ms tid=pic-smb-transport smb_client_init_start
NETWORK t= 20084.4ms dt=    0.0ms tid=pic-smb-transport smb_client_init_done
NETWORK t= 20087.2ms dt=    2.8ms tid=ThreadId(20) read_start uri=smb://dietpi.local/4tbp/pics-sport/Forest%20Run%202026/Pt3/DSC_4743_result.jpg
NETWORK t= 20087.2ms dt=    0.0ms tid=ThreadId(20) smb_read_start url=smb://dietpi.local/4tbp/pics-sport/Forest Run 2026/Pt3/DSC_4743_result.jpg whole-file
NETWORK t= 20111.2ms dt=   24.0ms tid=pic-smb-transport smb_transport stat ms=26.8
NETWORK t= 20111.9ms dt=    0.7ms tid=pic-smb-transport smb_client_context_freed
NETWORK t= 20112.0ms dt=    0.0ms tid=pic-smb-transport smb_client_new_start
NETWORK t= 20112.0ms dt=    0.1ms tid=ThreadId(6) smb_stat_start url=smb://dietpi.local/4tbp/pics-sport/Forest Run 2026/Pt3/DSC_4744_result.jpg lane=background
NETWORK t= 20112.8ms dt=    0.8ms tid=pic-smb-transport smb_client_context_created
NETWORK t= 20112.8ms dt=    0.0ms tid=pic-smb-transport smb_client_init_start
NETWORK t= 20112.9ms dt=    0.0ms tid=pic-smb-transport smb_client_init_done
NETWORK t= 20164.6ms dt=   51.8ms tid=pic-smb-transport smb_transport read_file ms=51.7
NETWORK t= 20165.1ms dt=    0.5ms tid=pic-smb-transport smb_client_context_freed
NETWORK t= 20165.2ms dt=    0.0ms tid=pic-smb-transport smb_client_new_start
NETWORK t= 20165.2ms dt=    0.0ms tid=ThreadId(19) read_done uri=smb://dietpi.local/4tbp/pics-sport/Forest%20Run%202026/Pt3/DSC_4837_result.jpg bytes=1266639 ms=278.2
NETWORK t= 20165.9ms dt=    0.8ms tid=pic-smb-transport smb_client_context_created
NETWORK t= 20166.0ms dt=    0.0ms tid=pic-smb-transport smb_client_init_start
NETWORK t= 20166.0ms dt=    0.0ms tid=pic-smb-transport smb_client_init_done
NETWORK t= 20177.3ms dt=   11.3ms tid=ThreadId(19) materialize_start uri=smb://dietpi.local/4tbp/pics-sport/Forest%20Run%202026/Pt3/DSC_4837_result.jpg
NETWORK t= 20177.3ms dt=    0.1ms tid=ThreadId(19) read_start uri=smb://dietpi.local/4tbp/pics-sport/Forest%20Run%202026/Pt3/DSC_4837_result.jpg
NETWORK t= 20177.4ms dt=    0.0ms tid=ThreadId(19) smb_read_start url=smb://dietpi.local/4tbp/pics-sport/Forest Run 2026/Pt3/DSC_4837_result.jpg whole-file
NETWORK t= 20178.6ms dt=    1.2ms tid=pic-smb-transport smb_transport stat ms=12.6
NETWORK t= 20179.0ms dt=    0.4ms tid=pic-smb-transport smb_client_context_freed
NETWORK t= 20179.0ms dt=    0.0ms tid=pic-smb-transport smb_client_new_start
NETWORK t= 20179.1ms dt=    0.0ms tid=ThreadId(6) smb_stat_start url=smb://dietpi.local/4tbp/pics-sport/Forest Run 2026/Pt3/DSC_4743_result.jpg lane=background
NETWORK t= 20179.7ms dt=    0.7ms tid=pic-smb-transport smb_client_context_created
NETWORK t= 20179.8ms dt=    0.0ms tid=pic-smb-transport smb_client_init_start
NETWORK t= 20179.8ms dt=    0.0ms tid=pic-smb-transport smb_client_init_done
NETWORK t= 20233.0ms dt=   53.3ms tid=pic-smb-transport smb_transport read_file ms=53.2
NETWORK t= 20233.8ms dt=    0.7ms tid=pic-smb-transport smb_client_context_freed
NETWORK t= 20233.8ms dt=    0.0ms tid=pic-smb-transport smb_client_new_start
NETWORK t= 20233.9ms dt=    0.0ms tid=ThreadId(20) read_done uri=smb://dietpi.local/4tbp/pics-sport/Forest%20Run%202026/Pt3/DSC_4743_result.jpg bytes=1036005 ms=146.6
NETWORK t= 20234.6ms dt=    0.7ms tid=pic-smb-transport smb_client_context_created
NETWORK t= 20234.6ms dt=    0.0ms tid=pic-smb-transport smb_client_init_start
NETWORK t= 20234.6ms dt=    0.0ms tid=pic-smb-transport smb_client_init_done
NETWORK t= 20244.1ms dt=    9.5ms tid=ThreadId(20) materialize_start uri=smb://dietpi.local/4tbp/pics-sport/Forest%20Run%202026/Pt3/DSC_4743_result.jpg
NETWORK t= 20244.2ms dt=    0.1ms tid=ThreadId(20) read_start uri=smb://dietpi.local/4tbp/pics-sport/Forest%20Run%202026/Pt3/DSC_4743_result.jpg
NETWORK t= 20244.2ms dt=    0.0ms tid=ThreadId(20) smb_read_start url=smb://dietpi.local/4tbp/pics-sport/Forest Run 2026/Pt3/DSC_4743_result.jpg whole-file
NETWORK t= 20310.1ms dt=   65.9ms tid=pic-smb-transport smb_transport read_file ms=75.5
NETWORK t= 20311.9ms dt=    1.8ms tid=pic-smb-transport smb_client_context_freed
NETWORK t= 20312.0ms dt=    0.1ms tid=ThreadId(19) read_done uri=smb://dietpi.local/4tbp/pics-sport/Forest%20Run%202026/Pt3/DSC_4837_result.jpg bytes=1266639 ms=134.6
NETWORK t= 20312.0ms dt=    0.1ms tid=pic-smb-transport smb_client_new_start
NETWORK t= 20312.4ms dt=    0.4ms tid=ThreadId(19) materialize_done uri=smb://dietpi.local/4tbp/pics-sport/Forest%20Run%202026/Pt3/DSC_4837_result.jpg path=/home/peet/.cache/picasa-rs/source/m/45b250b5ce680ae7e78eadaca661fea3af9c6fb60bc766ddc48bd7c36385cd4d.jpg ms=135.1
NETWORK t= 20312.8ms dt=    0.5ms tid=pic-smb-transport smb_client_context_created
NETWORK t= 20312.9ms dt=    0.0ms tid=pic-smb-transport smb_client_init_start
NETWORK t= 20312.9ms dt=    0.0ms tid=pic-smb-transport smb_client_init_done
NETWORK t= 20317.4ms dt=    4.5ms tid=ThreadId(19) read_start uri=smb://dietpi.local/4tbp/pics-sport/Forest%20Run%202026/Pt3/DSC_4802_result.jpg
NETWORK t= 20317.4ms dt=    0.0ms tid=ThreadId(19) smb_read_start url=smb://dietpi.local/4tbp/pics-sport/Forest Run 2026/Pt3/DSC_4802_result.jpg whole-file
NETWORK t= 20380.0ms dt=   62.5ms tid=pic-smb-transport smb_transport read_file ms=67.1
NETWORK t= 20380.7ms dt=    0.7ms tid=pic-smb-transport smb_client_context_freed
NETWORK t= 20380.8ms dt=    0.0ms tid=pic-smb-transport smb_client_new_start
NETWORK t= 20380.8ms dt=    0.0ms tid=ThreadId(20) read_done uri=smb://dietpi.local/4tbp/pics-sport/Forest%20Run%202026/Pt3/DSC_4743_result.jpg bytes=1036005 ms=136.5
NETWORK t= 20381.1ms dt=    0.3ms tid=ThreadId(20) materialize_done uri=smb://dietpi.local/4tbp/pics-sport/Forest%20Run%202026/Pt3/DSC_4743_result.jpg path=/home/peet/.cache/picasa-rs/source/y/9ccabf316ebd25af77dd703fc54afa92cf19bc2f16c6ca0af38927a4fe52110a.jpg ms=137.0
NETWORK t= 20381.6ms dt=    0.5ms tid=pic-smb-transport smb_client_context_created
NETWORK t= 20381.6ms dt=    0.0ms tid=pic-smb-transport smb_client_init_start
NETWORK t= 20381.6ms dt=    0.0ms tid=pic-smb-transport smb_client_init_done
NETWORK t= 20384.4ms dt=    2.8ms tid=ThreadId(20) read_start uri=smb://dietpi.local/4tbp/pics-sport/Forest%20Run%202026/Pt3/DSC_4683_result.jpg
NETWORK t= 20384.4ms dt=    0.0ms tid=ThreadId(20) smb_read_start url=smb://dietpi.local/4tbp/pics-sport/Forest Run 2026/Pt3/DSC_4683_result.jpg whole-file
NETWORK t= 20437.7ms dt=   53.3ms tid=pic-smb-transport smb_transport read_file ms=56.1
NETWORK t= 20438.4ms dt=    0.7ms tid=pic-smb-transport smb_client_context_freed
NETWORK t= 20438.4ms dt=    0.0ms tid=pic-smb-transport smb_client_new_start
NETWORK t= 20438.5ms dt=    0.0ms tid=ThreadId(19) read_done uri=smb://dietpi.local/4tbp/pics-sport/Forest%20Run%202026/Pt3/DSC_4802_result.jpg bytes=1152807 ms=121.0
NETWORK t= 20439.1ms dt=    0.6ms tid=pic-smb-transport smb_client_context_created
NETWORK t= 20439.1ms dt=    0.0ms tid=pic-smb-transport smb_client_init_start
NETWORK t= 20439.1ms dt=    0.0ms tid=pic-smb-transport smb_client_init_done
NETWORK t= 20449.5ms dt=   10.4ms tid=ThreadId(19) materialize_start uri=smb://dietpi.local/4tbp/pics-sport/Forest%20Run%202026/Pt3/DSC_4802_result.jpg
NETWORK t= 20449.6ms dt=    0.1ms tid=ThreadId(19) read_start uri=smb://dietpi.local/4tbp/pics-sport/Forest%20Run%202026/Pt3/DSC_4802_result.jpg
NETWORK t= 20449.6ms dt=    0.0ms tid=ThreadId(19) smb_read_start url=smb://dietpi.local/4tbp/pics-sport/Forest Run 2026/Pt3/DSC_4802_result.jpg whole-file
NETWORK t= 20512.1ms dt=   62.4ms tid=pic-smb-transport smb_transport read_file ms=72.9
NETWORK t= 20512.8ms dt=    0.7ms tid=pic-smb-transport smb_client_context_freed
NETWORK t= 20512.8ms dt=    0.0ms tid=pic-smb-transport smb_client_new_start
NETWORK t= 20512.9ms dt=    0.0ms tid=ThreadId(20) read_done uri=smb://dietpi.local/4tbp/pics-sport/Forest%20Run%202026/Pt3/DSC_4683_result.jpg bytes=1179405 ms=128.4
NETWORK t= 20513.7ms dt=    0.9ms tid=pic-smb-transport smb_client_context_created
NETWORK t= 20513.7ms dt=    0.0ms tid=pic-smb-transport smb_client_init_start
NETWORK t= 20513.8ms dt=    0.0ms tid=pic-smb-transport smb_client_init_done
NETWORK t= 20524.2ms dt=   10.5ms tid=ThreadId(20) materialize_start uri=smb://dietpi.local/4tbp/pics-sport/Forest%20Run%202026/Pt3/DSC_4683_result.jpg
NETWORK t= 20524.3ms dt=    0.1ms tid=ThreadId(20) read_start uri=smb://dietpi.local/4tbp/pics-sport/Forest%20Run%202026/Pt3/DSC_4683_result.jpg
NETWORK t= 20524.3ms dt=    0.0ms tid=ThreadId(20) smb_read_start url=smb://dietpi.local/4tbp/pics-sport/Forest Run 2026/Pt3/DSC_4683_result.jpg whole-file
NETWORK t= 20582.1ms dt=   57.7ms tid=pic-smb-transport smb_transport read_file ms=68.3
NETWORK t= 20582.8ms dt=    0.7ms tid=pic-smb-transport smb_client_context_freed
NETWORK t= 20582.8ms dt=    0.1ms tid=pic-smb-transport smb_client_new_start
NETWORK t= 20582.9ms dt=    0.0ms tid=ThreadId(19) read_done uri=smb://dietpi.local/4tbp/pics-sport/Forest%20Run%202026/Pt3/DSC_4802_result.jpg bytes=1152807 ms=133.2
NETWORK t= 20583.2ms dt=    0.3ms tid=ThreadId(19) materialize_done uri=smb://dietpi.local/4tbp/pics-sport/Forest%20Run%202026/Pt3/DSC_4802_result.jpg path=/home/peet/.cache/picasa-rs/source/c/01bc322b54af0bff32230799df99513fd6dbbab09f997058f19cc525323e774e.jpg ms=133.6
NETWORK t= 20583.6ms dt=    0.4ms tid=pic-smb-transport smb_client_context_created
NETWORK t= 20583.6ms dt=    0.0ms tid=pic-smb-transport smb_client_init_start
NETWORK t= 20583.6ms dt=    0.0ms tid=pic-smb-transport smb_client_init_done
NETWORK t= 20586.6ms dt=    2.9ms tid=ThreadId(19) read_start uri=smb://dietpi.local/4tbp/pics-sport/Forest%20Run%202026/Pt3/DSC_4854_result.jpg
NETWORK t= 20586.6ms dt=    0.0ms tid=ThreadId(19) smb_read_start url=smb://dietpi.local/4tbp/pics-sport/Forest Run 2026/Pt3/DSC_4854_result.jpg whole-file
NETWORK t= 20610.9ms dt=   24.3ms tid=pic-smb-transport smb_transport stat ms=27.3
NETWORK t= 20611.6ms dt=    0.7ms tid=pic-smb-transport smb_client_context_freed
NETWORK t= 20611.7ms dt=    0.0ms tid=pic-smb-transport smb_client_new_start
NETWORK t= 20611.7ms dt=    0.0ms tid=ThreadId(6) smb_stat_start url=smb://dietpi.local/4tbp/pics-sport/Forest Run 2026/Pt3/DSC_4742_result.jpg lane=background
NETWORK t= 20612.4ms dt=    0.7ms tid=pic-smb-transport smb_client_context_created
NETWORK t= 20612.4ms dt=    0.0ms tid=pic-smb-transport smb_client_init_start
NETWORK t= 20612.4ms dt=    0.0ms tid=pic-smb-transport smb_client_init_done
NETWORK t= 20685.9ms dt=   73.4ms tid=pic-smb-transport smb_transport read_file ms=73.4
NETWORK t= 20686.6ms dt=    0.7ms tid=pic-smb-transport smb_client_context_freed
NETWORK t= 20686.6ms dt=    0.0ms tid=pic-smb-transport smb_client_new_start
NETWORK t= 20686.6ms dt=    0.0ms tid=ThreadId(20) read_done uri=smb://dietpi.local/4tbp/pics-sport/Forest%20Run%202026/Pt3/DSC_4683_result.jpg bytes=1179405 ms=162.3
NETWORK t= 20687.0ms dt=    0.4ms tid=ThreadId(20) materialize_done uri=smb://dietpi.local/4tbp/pics-sport/Forest%20Run%202026/Pt3/DSC_4683_result.jpg path=/home/peet/.cache/picasa-rs/source/e/688abde447bf02de070e0c95e20871b06c4626363537a27b4330b178f7248d8b.jpg ms=162.8
NETWORK t= 20687.4ms dt=    0.4ms tid=pic-smb-transport smb_client_context_created
NETWORK t= 20687.4ms dt=    0.0ms tid=pic-smb-transport smb_client_init_start
NETWORK t= 20687.4ms dt=    0.0ms tid=pic-smb-transport smb_client_init_done
NETWORK t= 20690.6ms dt=    3.2ms tid=ThreadId(20) read_start uri=smb://dietpi.local/4tbp/pics-sport/Forest%20Run%202026/Pt3/DSC_4739_result.jpg
NETWORK t= 20690.6ms dt=    0.0ms tid=ThreadId(20) smb_read_start url=smb://dietpi.local/4tbp/pics-sport/Forest Run 2026/Pt3/DSC_4739_result.jpg whole-file
NETWORK t= 20713.6ms dt=   23.0ms tid=pic-smb-transport smb_transport stat ms=26.2
NETWORK t= 20714.3ms dt=    0.7ms tid=pic-smb-transport smb_client_context_freed
NETWORK t= 20714.3ms dt=    0.0ms tid=pic-smb-transport smb_client_new_start
NETWORK t= 20714.4ms dt=    0.1ms tid=ThreadId(6) smb_stat_start url=smb://dietpi.local/4tbp/pics-sport/Forest Run 2026/Pt3/DSC_4739_result.jpg lane=background
NETWORK t= 20714.9ms dt=    0.6ms tid=pic-smb-transport smb_client_context_created
NETWORK t= 20714.9ms dt=    0.0ms tid=pic-smb-transport smb_client_init_start
NETWORK t= 20714.9ms dt=    0.0ms tid=pic-smb-transport smb_client_init_done
NETWORK t= 20788.7ms dt=   73.8ms tid=pic-smb-transport smb_transport read_file ms=73.7
NETWORK t= 20789.4ms dt=    0.7ms tid=pic-smb-transport smb_client_context_freed
NETWORK t= 20789.4ms dt=    0.0ms tid=pic-smb-transport smb_client_new_start
NETWORK t= 20789.5ms dt=    0.0ms tid=ThreadId(20) read_done uri=smb://dietpi.local/4tbp/pics-sport/Forest%20Run%202026/Pt3/DSC_4739_result.jpg bytes=1217638 ms=98.8
NETWORK t= 20790.1ms dt=    0.6ms tid=pic-smb-transport smb_client_context_created
NETWORK t= 20790.1ms dt=    0.0ms tid=pic-smb-transport smb_client_init_start
NETWORK t= 20790.1ms dt=    0.0ms tid=pic-smb-transport smb_client_init_done
NETWORK t= 20801.4ms dt=   11.3ms tid=ThreadId(20) materialize_start uri=smb://dietpi.local/4tbp/pics-sport/Forest%20Run%202026/Pt3/DSC_4739_result.jpg
NETWORK t= 20801.5ms dt=    0.1ms tid=ThreadId(20) read_start uri=smb://dietpi.local/4tbp/pics-sport/Forest%20Run%202026/Pt3/DSC_4739_result.jpg
NETWORK t= 20801.5ms dt=    0.0ms tid=ThreadId(20) smb_read_start url=smb://dietpi.local/4tbp/pics-sport/Forest Run 2026/Pt3/DSC_4739_result.jpg whole-file
NETWORK t= 20816.7ms dt=   15.2ms tid=pic-smb-transport smb_transport stat ms=26.6
NETWORK t= 20817.5ms dt=    0.7ms tid=pic-smb-transport smb_client_context_freed
NETWORK t= 20817.5ms dt=    0.0ms tid=pic-smb-transport smb_client_new_start
NETWORK t= 20817.5ms dt=    0.0ms tid=ThreadId(6) smb_stat_start url=smb://dietpi.local/4tbp/pics-sport/Forest Run 2026/Pt3/DSC_4738_result.jpg lane=background
NETWORK t= 20818.2ms dt=    0.7ms tid=pic-smb-transport smb_client_context_created
NETWORK t= 20818.3ms dt=    0.0ms tid=pic-smb-transport smb_client_init_start
NETWORK t= 20818.3ms dt=    0.0ms tid=pic-smb-transport smb_client_init_done
NETWORK t= 20897.2ms dt=   78.9ms tid=pic-smb-transport smb_transport read_file ms=78.9
NETWORK t= 20897.9ms dt=    0.7ms tid=pic-smb-transport smb_client_context_freed
NETWORK t= 20897.9ms dt=    0.0ms tid=pic-smb-transport smb_client_new_start
NETWORK t= 20897.9ms dt=    0.0ms tid=ThreadId(19) read_done uri=smb://dietpi.local/4tbp/pics-sport/Forest%20Run%202026/Pt3/DSC_4854_result.jpg bytes=1289164 ms=311.3
NETWORK t= 20898.6ms dt=    0.7ms tid=pic-smb-transport smb_client_context_created
NETWORK t= 20898.6ms dt=    0.0ms tid=pic-smb-transport smb_client_init_start
NETWORK t= 20898.7ms dt=    0.0ms tid=pic-smb-transport smb_client_init_done
NETWORK t= 20909.9ms dt=   11.3ms tid=ThreadId(19) materialize_start uri=smb://dietpi.local/4tbp/pics-sport/Forest%20Run%202026/Pt3/DSC_4854_result.jpg
NETWORK t= 20910.0ms dt=    0.1ms tid=ThreadId(19) read_start uri=smb://dietpi.local/4tbp/pics-sport/Forest%20Run%202026/Pt3/DSC_4854_result.jpg
NETWORK t= 20910.0ms dt=    0.0ms tid=ThreadId(19) smb_read_start url=smb://dietpi.local/4tbp/pics-sport/Forest Run 2026/Pt3/DSC_4854_result.jpg whole-file
NETWORK t= 20925.2ms dt=   15.1ms tid=pic-smb-transport smb_transport stat ms=26.5
NETWORK t= 20925.9ms dt=    0.7ms tid=pic-smb-transport smb_client_context_freed
NETWORK t= 20925.9ms dt=    0.0ms tid=pic-smb-transport smb_client_new_start
NETWORK t= 20925.9ms dt=    0.0ms tid=ThreadId(6) smb_stat_start url=smb://dietpi.local/4tbp/pics-sport/Forest Run 2026/Pt3/DSC_4737_result.jpg lane=background
NETWORK t= 20926.6ms dt=    0.7ms tid=pic-smb-transport smb_client_context_created
NETWORK t= 20926.6ms dt=    0.0ms tid=pic-smb-transport smb_client_init_start
NETWORK t= 20926.7ms dt=    0.0ms tid=pic-smb-transport smb_client_init_done
NETWORK t= 21002.6ms dt=   75.9ms tid=pic-smb-transport smb_transport read_file ms=75.9
NETWORK t= 21003.2ms dt=    0.6ms tid=pic-smb-transport smb_client_context_freed
NETWORK t= 21003.3ms dt=    0.0ms tid=pic-smb-transport smb_client_new_start
NETWORK t= 21003.3ms dt=    0.0ms tid=ThreadId(19) read_done uri=smb://dietpi.local/4tbp/pics-sport/Forest%20Run%202026/Pt3/DSC_4854_result.jpg bytes=1289164 ms=93.2
NETWORK t= 21003.6ms dt=    0.3ms tid=ThreadId(19) materialize_done uri=smb://dietpi.local/4tbp/pics-sport/Forest%20Run%202026/Pt3/DSC_4854_result.jpg path=/home/peet/.cache/picasa-rs/source/i/bdc68fe18b8e3be34bffdb19abcdf61cd012dad8ff47d291f8832df330fbe87c.jpg ms=93.6
NETWORK t= 21003.9ms dt=    0.3ms tid=pic-smb-transport smb_client_context_created
NETWORK t= 21003.9ms dt=    0.0ms tid=pic-smb-transport smb_client_init_start
NETWORK t= 21003.9ms dt=    0.0ms tid=pic-smb-transport smb_client_init_done
NETWORK t= 21006.8ms dt=    2.9ms tid=ThreadId(19) read_start uri=smb://dietpi.local/4tbp/pics-sport/Forest%20Run%202026/Pt3/DSC_4888_result.jpg
NETWORK t= 21006.9ms dt=    0.0ms tid=ThreadId(19) smb_read_start url=smb://dietpi.local/4tbp/pics-sport/Forest Run 2026/Pt3/DSC_4888_result.jpg whole-file
NETWORK t= 21079.2ms dt=   72.3ms tid=pic-smb-transport smb_transport read_file ms=75.2
NETWORK t= 21080.0ms dt=    0.8ms tid=pic-smb-transport smb_client_context_freed
NETWORK t= 21080.0ms dt=    0.0ms tid=pic-smb-transport smb_client_new_start
NETWORK t= 21080.0ms dt=    0.0ms tid=ThreadId(20) read_done uri=smb://dietpi.local/4tbp/pics-sport/Forest%20Run%202026/Pt3/DSC_4739_result.jpg bytes=1217638 ms=278.5
NETWORK t= 21080.3ms dt=    0.3ms tid=ThreadId(20) materialize_done uri=smb://dietpi.local/4tbp/pics-sport/Forest%20Run%202026/Pt3/DSC_4739_result.jpg path=/home/peet/.cache/picasa-rs/source/n/05ffe0c11c6e10991c2b2f4b1382ccf9e0cc371caac6d745e9f4c98bceaa7162.jpg ms=278.9
NETWORK t= 21080.7ms dt=    0.4ms tid=pic-smb-transport smb_client_context_created
NETWORK t= 21080.7ms dt=    0.0ms tid=pic-smb-transport smb_client_init_start
NETWORK t= 21080.8ms dt=    0.0ms tid=pic-smb-transport smb_client_init_done
NETWORK t= 21084.4ms dt=    3.7ms tid=ThreadId(20) read_start uri=smb://dietpi.local/4tbp/pics-sport/Forest%20Run%202026/Pt3/DSC_4716_result.jpg
NETWORK t= 21084.5ms dt=    0.0ms tid=ThreadId(20) smb_read_start url=smb://dietpi.local/4tbp/pics-sport/Forest Run 2026/Pt3/DSC_4716_result.jpg whole-file
NETWORK t= 21107.4ms dt=   23.0ms tid=pic-smb-transport smb_transport stat ms=26.6
NETWORK t= 21108.1ms dt=    0.7ms tid=pic-smb-transport smb_client_context_freed
NETWORK t= 21108.1ms dt=    0.0ms tid=pic-smb-transport smb_client_new_start
NETWORK t= 21108.2ms dt=    0.0ms tid=ThreadId(6) smb_stat_start url=smb://dietpi.local/4tbp/pics-sport/Forest Run 2026/Pt3/DSC_4736_result.jpg lane=background
NETWORK t= 21108.7ms dt=    0.6ms tid=pic-smb-transport smb_client_context_created
NETWORK t= 21108.8ms dt=    0.0ms tid=pic-smb-transport smb_client_init_start
NETWORK t= 21108.8ms dt=    0.0ms tid=pic-smb-transport smb_client_init_done
NETWORK t= 21179.4ms dt=   70.6ms tid=pic-smb-transport smb_transport read_file ms=70.6
NETWORK t= 21180.1ms dt=    0.8ms tid=pic-smb-transport smb_client_context_freed
NETWORK t= 21180.1ms dt=    0.0ms tid=pic-smb-transport smb_client_new_start
NETWORK t= 21180.2ms dt=    0.0ms tid=ThreadId(20) read_done uri=smb://dietpi.local/4tbp/pics-sport/Forest%20Run%202026/Pt3/DSC_4716_result.jpg bytes=1088413 ms=95.7
NETWORK t= 21180.7ms dt=    0.6ms tid=pic-smb-transport smb_client_context_created
NETWORK t= 21180.8ms dt=    0.0ms tid=pic-smb-transport smb_client_init_start
NETWORK t= 21180.8ms dt=    0.0ms tid=pic-smb-transport smb_client_init_done
NETWORK t= 21191.6ms dt=   10.8ms tid=ThreadId(20) materialize_start uri=smb://dietpi.local/4tbp/pics-sport/Forest%20Run%202026/Pt3/DSC_4716_result.jpg
NETWORK t= 21191.7ms dt=    0.1ms tid=ThreadId(20) read_start uri=smb://dietpi.local/4tbp/pics-sport/Forest%20Run%202026/Pt3/DSC_4716_result.jpg
NETWORK t= 21191.7ms dt=    0.0ms tid=ThreadId(20) smb_read_start url=smb://dietpi.local/4tbp/pics-sport/Forest Run 2026/Pt3/DSC_4716_result.jpg whole-file
NETWORK t= 21206.8ms dt=   15.1ms tid=pic-smb-transport smb_transport stat ms=26.0
NETWORK t= 21207.4ms dt=    0.6ms tid=pic-smb-transport smb_client_context_freed
NETWORK t= 21207.5ms dt=    0.0ms tid=pic-smb-transport smb_client_new_start
NETWORK t= 21207.5ms dt=    0.0ms tid=ThreadId(6) smb_stat_start url=smb://dietpi.local/4tbp/pics-sport/Forest Run 2026/Pt3/DSC_4734_result.jpg lane=background
NETWORK t= 21208.1ms dt=    0.6ms tid=pic-smb-transport smb_client_context_created
NETWORK t= 21208.1ms dt=    0.0ms tid=pic-smb-transport smb_client_init_start
NETWORK t= 21208.1ms dt=    0.0ms tid=pic-smb-transport smb_client_init_done
NETWORK t= 21285.3ms dt=   77.2ms tid=pic-smb-transport smb_transport read_file ms=77.2
NETWORK t= 21286.0ms dt=    0.7ms tid=pic-smb-transport smb_client_context_freed
NETWORK t= 21286.1ms dt=    0.0ms tid=pic-smb-transport smb_client_new_start
NETWORK t= 21286.1ms dt=    0.0ms tid=ThreadId(19) read_done uri=smb://dietpi.local/4tbp/pics-sport/Forest%20Run%202026/Pt3/DSC_4888_result.jpg bytes=1343686 ms=279.2
NETWORK t= 21286.8ms dt=    0.7ms tid=pic-smb-transport smb_client_context_created
NETWORK t= 21286.8ms dt=    0.0ms tid=pic-smb-transport smb_client_init_start
NETWORK t= 21286.8ms dt=    0.0ms tid=pic-smb-transport smb_client_init_done
NETWORK t= 21298.2ms dt=   11.4ms tid=ThreadId(19) materialize_start uri=smb://dietpi.local/4tbp/pics-sport/Forest%20Run%202026/Pt3/DSC_4888_result.jpg
NETWORK t= 21298.3ms dt=    0.1ms tid=ThreadId(19) read_start uri=smb://dietpi.local/4tbp/pics-sport/Forest%20Run%202026/Pt3/DSC_4888_result.jpg
NETWORK t= 21298.3ms dt=    0.0ms tid=ThreadId(19) smb_read_start url=smb://dietpi.local/4tbp/pics-sport/Forest Run 2026/Pt3/DSC_4888_result.jpg whole-file
NETWORK t= 21357.1ms dt=   58.8ms tid=pic-smb-transport smb_transport read_file ms=70.3
NETWORK t= 21357.9ms dt=    0.7ms tid=pic-smb-transport smb_client_context_freed
NETWORK t= 21357.9ms dt=    0.0ms tid=pic-smb-transport smb_client_new_start
NETWORK t= 21357.9ms dt=    0.0ms tid=ThreadId(20) read_done uri=smb://dietpi.local/4tbp/pics-sport/Forest%20Run%202026/Pt3/DSC_4716_result.jpg bytes=1088413 ms=166.2
NETWORK t= 21358.3ms dt=    0.3ms tid=ThreadId(20) materialize_done uri=smb://dietpi.local/4tbp/pics-sport/Forest%20Run%202026/Pt3/DSC_4716_result.jpg path=/home/peet/.cache/picasa-rs/source/g/56b0b7419753eae74511dbb81857a12d9197a6408a74d4161312bb5297cb4d63.jpg ms=166.6
NETWORK t= 21358.8ms dt=    0.5ms tid=pic-smb-transport smb_client_context_created
NETWORK t= 21358.8ms dt=    0.0ms tid=pic-smb-transport smb_client_init_start
NETWORK t= 21358.9ms dt=    0.0ms tid=pic-smb-transport smb_client_init_done
NETWORK t= 21361.7ms dt=    2.8ms tid=ThreadId(20) read_start uri=smb://dietpi.local/4tbp/pics-sport/Forest%20Run%202026/Pt3/DSC_4878_result.jpg
NETWORK t= 21361.7ms dt=    0.0ms tid=ThreadId(20) smb_read_start url=smb://dietpi.local/4tbp/pics-sport/Forest Run 2026/Pt3/DSC_4878_result.jpg whole-file
NETWORK t= 21385.4ms dt=   23.7ms tid=pic-smb-transport smb_transport stat ms=26.5
NETWORK t= 21386.1ms dt=    0.7ms tid=pic-smb-transport smb_client_context_freed
NETWORK t= 21386.1ms dt=    0.0ms tid=pic-smb-transport smb_client_new_start
NETWORK t= 21386.2ms dt=    0.0ms tid=ThreadId(6) smb_stat_start url=smb://dietpi.local/4tbp/pics-sport/Forest Run 2026/Pt3/DSC_4735_result.jpg lane=background
NETWORK t= 21386.8ms dt=    0.6ms tid=pic-smb-transport smb_client_context_created
NETWORK t= 21386.8ms dt=    0.0ms tid=pic-smb-transport smb_client_init_start
NETWORK t= 21386.8ms dt=    0.0ms tid=pic-smb-transport smb_client_init_done
NETWORK t= 21464.7ms dt=   77.9ms tid=pic-smb-transport smb_transport read_file ms=77.8
NETWORK t= 21465.4ms dt=    0.7ms tid=pic-smb-transport smb_client_context_freed
NETWORK t= 21465.4ms dt=    0.0ms tid=pic-smb-transport smb_client_new_start
NETWORK t= 21465.4ms dt=    0.0ms tid=ThreadId(19) read_done uri=smb://dietpi.local/4tbp/pics-sport/Forest%20Run%202026/Pt3/DSC_4888_result.jpg bytes=1343686 ms=167.1
NETWORK t= 21465.8ms dt=    0.3ms tid=ThreadId(19) materialize_done uri=smb://dietpi.local/4tbp/pics-sport/Forest%20Run%202026/Pt3/DSC_4888_result.jpg path=/home/peet/.cache/picasa-rs/source/s/e5307c98880809999ff4e9700d5172a5ffb69b0f9ab795c56f6790d4406fec6e.jpg ms=167.5
NETWORK t= 21466.1ms dt=    0.4ms tid=pic-smb-transport smb_client_context_created
NETWORK t= 21466.1ms dt=    0.0ms tid=pic-smb-transport smb_client_init_start
NETWORK t= 21466.2ms dt=    0.0ms tid=pic-smb-transport smb_client_init_done
NETWORK t= 21468.9ms dt=    2.7ms tid=ThreadId(19) read_start uri=smb://dietpi.local/4tbp/pics-sport/Forest%20Run%202026/Pt3/DSC_4800_result.jpg
NETWORK t= 21468.9ms dt=    0.0ms tid=ThreadId(19) smb_read_start url=smb://dietpi.local/4tbp/pics-sport/Forest Run 2026/Pt3/DSC_4800_result.jpg whole-file
NETWORK t= 21538.7ms dt=   69.8ms tid=pic-smb-transport smb_transport read_file ms=72.5
NETWORK t= 21539.2ms dt=    0.5ms tid=pic-smb-transport smb_client_context_freed
NETWORK t= 21539.2ms dt=    0.0ms tid=pic-smb-transport smb_client_new_start
NETWORK t= 21539.2ms dt=    0.0ms tid=ThreadId(20) read_done uri=smb://dietpi.local/4tbp/pics-sport/Forest%20Run%202026/Pt3/DSC_4878_result.jpg bytes=1197095 ms=177.5
NETWORK t= 21539.9ms dt=    0.6ms tid=pic-smb-transport smb_client_context_created
NETWORK t= 21539.9ms dt=    0.0ms tid=pic-smb-transport smb_client_init_start
NETWORK t= 21539.9ms dt=    0.0ms tid=pic-smb-transport smb_client_init_done
NETWORK t= 21550.7ms dt=   10.8ms tid=ThreadId(20) materialize_start uri=smb://dietpi.local/4tbp/pics-sport/Forest%20Run%202026/Pt3/DSC_4878_result.jpg
NETWORK t= 21550.8ms dt=    0.1ms tid=ThreadId(20) read_start uri=smb://dietpi.local/4tbp/pics-sport/Forest%20Run%202026/Pt3/DSC_4878_result.jpg
NETWORK t= 21550.8ms dt=    0.0ms tid=ThreadId(20) smb_read_start url=smb://dietpi.local/4tbp/pics-sport/Forest Run 2026/Pt3/DSC_4878_result.jpg whole-file
NETWORK t= 21556.8ms dt=    6.0ms tid=pic-smb-transport smb_transport stat ms=16.9
NETWORK t= 21557.3ms dt=    0.4ms tid=pic-smb-transport smb_client_context_freed
NETWORK t= 21557.3ms dt=    0.0ms tid=pic-smb-transport smb_client_new_start
NETWORK t= 21557.3ms dt=    0.0ms tid=ThreadId(6) smb_stat_start url=smb://dietpi.local/4tbp/pics-sport/Forest Run 2026/Pt3/DSC_4732_result.jpg lane=background
NETWORK t= 21558.0ms dt=    0.7ms tid=pic-smb-transport smb_client_context_created
NETWORK t= 21558.0ms dt=    0.0ms tid=pic-smb-transport smb_client_init_start
NETWORK t= 21558.1ms dt=    0.0ms tid=pic-smb-transport smb_client_init_done
NETWORK t= 21601.3ms dt=   43.2ms tid=pic-smb-transport smb_transport read_file ms=43.2
NETWORK t= 21601.9ms dt=    0.6ms tid=pic-smb-transport smb_client_context_freed
NETWORK t= 21601.9ms dt=    0.0ms tid=pic-smb-transport smb_client_new_start
NETWORK t= 21601.9ms dt=    0.0ms tid=ThreadId(19) read_done uri=smb://dietpi.local/4tbp/pics-sport/Forest%20Run%202026/Pt3/DSC_4800_result.jpg bytes=1035431 ms=133.0
NETWORK t= 21602.7ms dt=    0.8ms tid=pic-smb-transport smb_client_context_created
NETWORK t= 21602.8ms dt=    0.0ms tid=pic-smb-transport smb_client_init_start
NETWORK t= 21602.8ms dt=    0.0ms tid=pic-smb-transport smb_client_init_done
NETWORK t= 21613.1ms dt=   10.3ms tid=ThreadId(19) materialize_start uri=smb://dietpi.local/4tbp/pics-sport/Forest%20Run%202026/Pt3/DSC_4800_result.jpg
NETWORK t= 21613.2ms dt=    0.1ms tid=ThreadId(19) read_start uri=smb://dietpi.local/4tbp/pics-sport/Forest%20Run%202026/Pt3/DSC_4800_result.jpg
NETWORK t= 21613.2ms dt=    0.0ms tid=ThreadId(19) smb_read_start url=smb://dietpi.local/4tbp/pics-sport/Forest Run 2026/Pt3/DSC_4800_result.jpg whole-file
NETWORK t= 21676.7ms dt=   63.5ms tid=pic-smb-transport smb_transport read_file ms=73.8
NETWORK t= 21677.4ms dt=    0.7ms tid=pic-smb-transport smb_client_context_freed
NETWORK t= 21677.4ms dt=    0.0ms tid=pic-smb-transport smb_client_new_start
NETWORK t= 21677.4ms dt=    0.0ms tid=ThreadId(20) read_done uri=smb://dietpi.local/4tbp/pics-sport/Forest%20Run%202026/Pt3/DSC_4878_result.jpg bytes=1197095 ms=126.6
NETWORK t= 21677.7ms dt=    0.3ms tid=ThreadId(20) materialize_done uri=smb://dietpi.local/4tbp/pics-sport/Forest%20Run%202026/Pt3/DSC_4878_result.jpg path=/home/peet/.cache/picasa-rs/source/x/e2ad5754cb1b755ec22e6a171787e5c580ca0b84d88353f9aea589d6cff83e97.jpg ms=127.0
NETWORK t= 21678.1ms dt=    0.3ms tid=pic-smb-transport smb_client_context_created
NETWORK t= 21678.1ms dt=    0.0ms tid=pic-smb-transport smb_client_init_start
NETWORK t= 21678.1ms dt=    0.0ms tid=pic-smb-transport smb_client_init_done
NETWORK t= 21681.0ms dt=    2.8ms tid=ThreadId(20) read_start uri=smb://dietpi.local/4tbp/pics-sport/Forest%20Run%202026/Pt3/DSC_4834_result.jpg
NETWORK t= 21681.0ms dt=    0.0ms tid=ThreadId(20) smb_read_start url=smb://dietpi.local/4tbp/pics-sport/Forest Run 2026/Pt3/DSC_4834_result.jpg whole-file
NETWORK t= 21705.2ms dt=   24.3ms tid=pic-smb-transport smb_transport stat ms=27.1
NETWORK t= 21705.9ms dt=    0.7ms tid=pic-smb-transport smb_client_context_freed
NETWORK t= 21706.0ms dt=    0.0ms tid=pic-smb-transport smb_client_new_start
NETWORK t= 21706.1ms dt=    0.1ms tid=ThreadId(6) smb_stat_start url=smb://dietpi.local/4tbp/pics-sport/Forest Run 2026/Pt3/DSC_4733_result.jpg lane=background
NETWORK t= 21706.6ms dt=    0.5ms tid=pic-smb-transport smb_client_context_created
NETWORK t= 21706.6ms dt=    0.0ms tid=pic-smb-transport smb_client_init_start
NETWORK t= 21706.6ms dt=    0.0ms tid=pic-smb-transport smb_client_init_done
NETWORK t= 21773.2ms dt=   66.6ms tid=pic-smb-transport smb_transport read_file ms=66.5
NETWORK t= 21773.9ms dt=    0.7ms tid=pic-smb-transport smb_client_context_freed
NETWORK t= 21774.0ms dt=    0.0ms tid=pic-smb-transport smb_client_new_start
NETWORK t= 21774.0ms dt=    0.0ms tid=ThreadId(19) read_done uri=smb://dietpi.local/4tbp/pics-sport/Forest%20Run%202026/Pt3/DSC_4800_result.jpg bytes=1035431 ms=160.8
NETWORK t= 21774.3ms dt=    0.4ms tid=ThreadId(19) materialize_done uri=smb://dietpi.local/4tbp/pics-sport/Forest%20Run%202026/Pt3/DSC_4800_result.jpg path=/home/peet/.cache/picasa-rs/source/z/f09bd55687e5095908880b44b6161f1f06f312eaffdaf80be2ba06425c002ccb.jpg ms=161.2
NETWORK t= 21774.7ms dt=    0.4ms tid=pic-smb-transport smb_client_context_created
NETWORK t= 21774.7ms dt=    0.0ms tid=pic-smb-transport smb_client_init_start
NETWORK t= 21774.8ms dt=    0.0ms tid=pic-smb-transport smb_client_init_done
NETWORK t= 21777.6ms dt=    2.8ms tid=ThreadId(19) read_start uri=smb://dietpi.local/4tbp/pics-sport/Forest%20Run%202026/Pt3/DSC_4767_result.jpg
NETWORK t= 21777.6ms dt=    0.0ms tid=ThreadId(19) smb_read_start url=smb://dietpi.local/4tbp/pics-sport/Forest Run 2026/Pt3/DSC_4767_result.jpg whole-file
NETWORK t= 21824.8ms dt=   47.2ms tid=pic-smb-transport smb_transport read_file ms=50.0
NETWORK t= 21825.3ms dt=    0.5ms tid=pic-smb-transport smb_client_context_freed
NETWORK t= 21825.3ms dt=    0.0ms tid=pic-smb-transport smb_client_new_start
NETWORK t= 21825.4ms dt=    0.0ms tid=ThreadId(20) read_done uri=smb://dietpi.local/4tbp/pics-sport/Forest%20Run%202026/Pt3/DSC_4834_result.jpg bytes=1176113 ms=144.4
NETWORK t= 21826.1ms dt=    0.7ms tid=pic-smb-transport smb_client_context_created
NETWORK t= 21826.1ms dt=    0.0ms tid=pic-smb-transport smb_client_init_start
NETWORK t= 21826.1ms dt=    0.0ms tid=pic-smb-transport smb_client_init_done
NETWORK t= 21836.9ms dt=   10.8ms tid=ThreadId(20) materialize_start uri=smb://dietpi.local/4tbp/pics-sport/Forest%20Run%202026/Pt3/DSC_4834_result.jpg
NETWORK t= 21837.0ms dt=    0.1ms tid=ThreadId(20) read_start uri=smb://dietpi.local/4tbp/pics-sport/Forest%20Run%202026/Pt3/DSC_4834_result.jpg
NETWORK t= 21837.0ms dt=    0.0ms tid=ThreadId(20) smb_read_start url=smb://dietpi.local/4tbp/pics-sport/Forest Run 2026/Pt3/DSC_4834_result.jpg whole-file
NETWORK t= 21844.9ms dt=    7.9ms tid=pic-smb-transport smb_transport stat ms=18.8
NETWORK t= 21845.6ms dt=    0.6ms tid=pic-smb-transport smb_client_context_freed
NETWORK t= 21845.6ms dt=    0.0ms tid=pic-smb-transport smb_client_new_start
NETWORK t= 21845.6ms dt=    0.0ms tid=ThreadId(6) smb_stat_start url=smb://dietpi.local/4tbp/pics-sport/Forest Run 2026/Pt3/DSC_4730_result.jpg lane=background
NETWORK t= 21846.1ms dt=    0.5ms tid=pic-smb-transport smb_client_context_created
NETWORK t= 21846.2ms dt=    0.0ms tid=pic-smb-transport smb_client_init_start
NETWORK t= 21846.2ms dt=    0.0ms tid=pic-smb-transport smb_client_init_done
NETWORK t= 21910.9ms dt=   64.8ms tid=pic-smb-transport smb_transport read_file ms=64.8
NETWORK t= 21911.6ms dt=    0.6ms tid=pic-smb-transport smb_client_context_freed
NETWORK t= 21911.6ms dt=    0.0ms tid=pic-smb-transport smb_client_new_start
NETWORK t= 21911.6ms dt=    0.0ms tid=ThreadId(20) read_done uri=smb://dietpi.local/4tbp/pics-sport/Forest%20Run%202026/Pt3/DSC_4834_result.jpg bytes=1176113 ms=74.6
NETWORK t= 21911.9ms dt=    0.3ms tid=ThreadId(20) materialize_done uri=smb://dietpi.local/4tbp/pics-sport/Forest%20Run%202026/Pt3/DSC_4834_result.jpg path=/home/peet/.cache/picasa-rs/source/p/85f983a7a43034bb2ae3d7e20022155f08588aa4656d01d4ca87e72c3424bb2c.jpg ms=75.0
NETWORK t= 21912.2ms dt=    0.3ms tid=pic-smb-transport smb_client_context_created
NETWORK t= 21912.3ms dt=    0.0ms tid=pic-smb-transport smb_client_init_start
NETWORK t= 21912.3ms dt=    0.0ms tid=pic-smb-transport smb_client_init_done
NETWORK t= 21915.8ms dt=    3.5ms tid=ThreadId(20) read_start uri=smb://dietpi.local/4tbp/pics-sport/Forest%20Run%202026/Pt3/DSC_4890_result.jpg
NETWORK t= 21915.8ms dt=    0.0ms tid=ThreadId(20) smb_read_start url=smb://dietpi.local/4tbp/pics-sport/Forest Run 2026/Pt3/DSC_4890_result.jpg whole-file
NETWORK t= 21958.4ms dt=   42.6ms tid=pic-smb-transport smb_transport read_file ms=46.1
NETWORK t= 21958.9ms dt=    0.5ms tid=pic-smb-transport smb_client_context_freed
NETWORK t= 21958.9ms dt=    0.0ms tid=pic-smb-transport smb_client_new_start
NETWORK t= 21959.0ms dt=    0.0ms tid=ThreadId(19) read_done uri=smb://dietpi.local/4tbp/pics-sport/Forest%20Run%202026/Pt3/DSC_4767_result.jpg bytes=966216 ms=181.3
NETWORK t= 21959.5ms dt=    0.6ms tid=pic-smb-transport smb_client_context_created
NETWORK t= 21959.6ms dt=    0.0ms tid=pic-smb-transport smb_client_init_start
NETWORK t= 21959.6ms dt=    0.0ms tid=pic-smb-transport smb_client_init_done
NETWORK t= 21969.4ms dt=    9.8ms tid=ThreadId(19) materialize_start uri=smb://dietpi.local/4tbp/pics-sport/Forest%20Run%202026/Pt3/DSC_4767_result.jpg
NETWORK t= 21969.4ms dt=    0.1ms tid=ThreadId(19) read_start uri=smb://dietpi.local/4tbp/pics-sport/Forest%20Run%202026/Pt3/DSC_4767_result.jpg
NETWORK t= 21969.4ms dt=    0.0ms tid=ThreadId(19) smb_read_start url=smb://dietpi.local/4tbp/pics-sport/Forest Run 2026/Pt3/DSC_4767_result.jpg whole-file
NETWORK t= 21981.0ms dt=   11.6ms tid=pic-smb-transport smb_transport stat ms=21.4
NETWORK t= 21981.7ms dt=    0.7ms tid=pic-smb-transport smb_client_context_freed
NETWORK t= 21981.7ms dt=    0.0ms tid=pic-smb-transport smb_client_new_start
NETWORK t= 21981.8ms dt=    0.1ms tid=ThreadId(6) smb_stat_start url=smb://dietpi.local/4tbp/pics-sport/Forest Run 2026/Pt3/DSC_4728_result.jpg lane=background
NETWORK t= 21982.4ms dt=    0.6ms tid=pic-smb-transport smb_client_context_created
NETWORK t= 21982.4ms dt=    0.0ms tid=pic-smb-transport smb_client_init_start
NETWORK t= 21982.4ms dt=    0.0ms tid=pic-smb-transport smb_client_init_done
NETWORK t= 22055.5ms dt=   73.1ms tid=pic-smb-transport smb_transport read_file ms=73.0
NETWORK t= 22056.2ms dt=    0.7ms tid=pic-smb-transport smb_client_context_freed
NETWORK t= 22056.2ms dt=    0.0ms tid=pic-smb-transport smb_client_new_start
NETWORK t= 22056.2ms dt=    0.0ms tid=ThreadId(20) read_done uri=smb://dietpi.local/4tbp/pics-sport/Forest%20Run%202026/Pt3/DSC_4890_result.jpg bytes=1189394 ms=140.4
NETWORK t= 22056.9ms dt=    0.7ms tid=pic-smb-transport smb_client_context_created
NETWORK t= 22056.9ms dt=    0.0ms tid=pic-smb-transport smb_client_init_start
NETWORK t= 22057.0ms dt=    0.0ms tid=pic-smb-transport smb_client_init_done
NETWORK t= 22067.5ms dt=   10.5ms tid=ThreadId(20) materialize_start uri=smb://dietpi.local/4tbp/pics-sport/Forest%20Run%202026/Pt3/DSC_4890_result.jpg
NETWORK t= 22067.6ms dt=    0.1ms tid=ThreadId(20) read_start uri=smb://dietpi.local/4tbp/pics-sport/Forest%20Run%202026/Pt3/DSC_4890_result.jpg
NETWORK t= 22067.6ms dt=    0.0ms tid=ThreadId(20) smb_read_start url=smb://dietpi.local/4tbp/pics-sport/Forest Run 2026/Pt3/DSC_4890_result.jpg whole-file
NETWORK t= 22121.9ms dt=   54.3ms tid=pic-smb-transport smb_transport read_file ms=64.9
NETWORK t= 22122.6ms dt=    0.7ms tid=pic-smb-transport smb_client_context_freed
NETWORK t= 22122.6ms dt=    0.0ms tid=pic-smb-transport smb_client_new_start
NETWORK t= 22122.7ms dt=    0.0ms tid=ThreadId(19) read_done uri=smb://dietpi.local/4tbp/pics-sport/Forest%20Run%202026/Pt3/DSC_4767_result.jpg bytes=966216 ms=153.2
NETWORK t= 22123.0ms dt=    0.4ms tid=ThreadId(19) materialize_done uri=smb://dietpi.local/4tbp/pics-sport/Forest%20Run%202026/Pt3/DSC_4767_result.jpg path=/home/peet/.cache/picasa-rs/source/t/0a8513697afe4a399294b6b39dd539a5c49afa4663aa4196003c34627189c9e8.jpg ms=153.6
NETWORK t= 22123.4ms dt=    0.3ms tid=pic-smb-transport smb_client_context_created
NETWORK t= 22123.4ms dt=    0.0ms tid=pic-smb-transport smb_client_init_start
NETWORK t= 22123.4ms dt=    0.0ms tid=pic-smb-transport smb_client_init_done
NETWORK t= 22126.7ms dt=    3.3ms tid=ThreadId(19) read_start uri=smb://dietpi.local/4tbp/pics-sport/Forest%20Run%202026/Pt3/DSC_4678_result.jpg
NETWORK t= 22126.7ms dt=    0.0ms tid=ThreadId(19) smb_read_start url=smb://dietpi.local/4tbp/pics-sport/Forest Run 2026/Pt3/DSC_4678_result.jpg whole-file
NETWORK t= 22195.9ms dt=   69.2ms tid=pic-smb-transport smb_transport read_file ms=72.5
NETWORK t= 22196.6ms dt=    0.7ms tid=pic-smb-transport smb_client_context_freed
NETWORK t= 22196.6ms dt=    0.0ms tid=pic-smb-transport smb_client_new_start
NETWORK t= 22196.7ms dt=    0.0ms tid=ThreadId(20) read_done uri=smb://dietpi.local/4tbp/pics-sport/Forest%20Run%202026/Pt3/DSC_4890_result.jpg bytes=1189394 ms=129.1
NETWORK t= 22196.9ms dt=    0.3ms tid=ThreadId(20) materialize_done uri=smb://dietpi.local/4tbp/pics-sport/Forest%20Run%202026/Pt3/DSC_4890_result.jpg path=/home/peet/.cache/picasa-rs/source/y/a126eb3d4a6c87d35e5bc34c0b36186a01c38bcf205011ba060cd0c15cce5beb.jpg ms=129.4
NETWORK t= 22197.3ms dt=    0.4ms tid=pic-smb-transport smb_client_context_created
NETWORK t= 22197.3ms dt=    0.0ms tid=pic-smb-transport smb_client_init_start
NETWORK t= 22197.4ms dt=    0.0ms tid=pic-smb-transport smb_client_init_done
NETWORK t= 22200.9ms dt=    3.6ms tid=ThreadId(20) read_start uri=smb://dietpi.local/4tbp/pics-sport/Forest%20Run%202026/Pt3/DSC_4777_result.jpg
NETWORK t= 22200.9ms dt=    0.0ms tid=ThreadId(20) smb_read_start url=smb://dietpi.local/4tbp/pics-sport/Forest Run 2026/Pt3/DSC_4777_result.jpg whole-file
NETWORK t= 22273.0ms dt=   72.0ms tid=pic-smb-transport smb_transport read_file ms=75.6
NETWORK t= 22273.7ms dt=    0.7ms tid=pic-smb-transport smb_client_context_freed
NETWORK t= 22273.7ms dt=    0.0ms tid=pic-smb-transport smb_client_new_start
NETWORK t= 22273.8ms dt=    0.0ms tid=ThreadId(19) read_done uri=smb://dietpi.local/4tbp/pics-sport/Forest%20Run%202026/Pt3/DSC_4678_result.jpg bytes=1282951 ms=147.0
NETWORK t= 22274.6ms dt=    0.9ms tid=pic-smb-transport smb_client_context_created
NETWORK t= 22274.6ms dt=    0.0ms tid=pic-smb-transport smb_client_init_start
NETWORK t= 22274.7ms dt=    0.0ms tid=pic-smb-transport smb_client_init_done
NETWORK t= 22286.3ms dt=   11.7ms tid=ThreadId(19) materialize_start uri=smb://dietpi.local/4tbp/pics-sport/Forest%20Run%202026/Pt3/DSC_4678_result.jpg
NETWORK t= 22286.4ms dt=    0.1ms tid=ThreadId(19) read_start uri=smb://dietpi.local/4tbp/pics-sport/Forest%20Run%202026/Pt3/DSC_4678_result.jpg
NETWORK t= 22286.4ms dt=    0.0ms tid=ThreadId(19) smb_read_start url=smb://dietpi.local/4tbp/pics-sport/Forest Run 2026/Pt3/DSC_4678_result.jpg whole-file
NETWORK t= 22346.2ms dt=   59.8ms tid=pic-smb-transport smb_transport read_file ms=71.5
NETWORK t= 22346.8ms dt=    0.6ms tid=pic-smb-transport smb_client_context_freed
NETWORK t= 22346.9ms dt=    0.0ms tid=pic-smb-transport smb_client_new_start
NETWORK t= 22346.9ms dt=    0.0ms tid=ThreadId(20) read_done uri=smb://dietpi.local/4tbp/pics-sport/Forest%20Run%202026/Pt3/DSC_4777_result.jpg bytes=1174957 ms=145.9
NETWORK t= 22347.6ms dt=    0.7ms tid=pic-smb-transport smb_client_context_created
NETWORK t= 22347.6ms dt=    0.0ms tid=pic-smb-transport smb_client_init_start
NETWORK t= 22347.6ms dt=    0.0ms tid=pic-smb-transport smb_client_init_done
NETWORK t= 22358.7ms dt=   11.1ms tid=ThreadId(20) materialize_start uri=smb://dietpi.local/4tbp/pics-sport/Forest%20Run%202026/Pt3/DSC_4777_result.jpg
NETWORK t= 22358.8ms dt=    0.1ms tid=ThreadId(20) read_start uri=smb://dietpi.local/4tbp/pics-sport/Forest%20Run%202026/Pt3/DSC_4777_result.jpg
NETWORK t= 22358.8ms dt=    0.0ms tid=ThreadId(20) smb_read_start url=smb://dietpi.local/4tbp/pics-sport/Forest Run 2026/Pt3/DSC_4777_result.jpg whole-file
NETWORK t= 22421.5ms dt=   62.6ms tid=pic-smb-transport smb_transport read_file ms=73.9
NETWORK t= 22422.2ms dt=    0.7ms tid=pic-smb-transport smb_client_context_freed
NETWORK t= 22422.2ms dt=    0.0ms tid=pic-smb-transport smb_client_new_start
NETWORK t= 22422.2ms dt=    0.0ms tid=ThreadId(19) read_done uri=smb://dietpi.local/4tbp/pics-sport/Forest%20Run%202026/Pt3/DSC_4678_result.jpg bytes=1282951 ms=135.8
NETWORK t= 22422.5ms dt=    0.3ms tid=ThreadId(19) materialize_done uri=smb://dietpi.local/4tbp/pics-sport/Forest%20Run%202026/Pt3/DSC_4678_result.jpg path=/home/peet/.cache/picasa-rs/source/e/1e4a1a13cc32aa0fa5f5c5df6d8ff00aa61c47852f7b9626a8ef6e1b8edb7daa.jpg ms=136.2
NETWORK t= 22422.8ms dt=    0.3ms tid=pic-smb-transport smb_client_context_created
NETWORK t= 22422.9ms dt=    0.0ms tid=pic-smb-transport smb_client_init_start
NETWORK t= 22422.9ms dt=    0.0ms tid=pic-smb-transport smb_client_init_done
NETWORK t= 22426.2ms dt=    3.3ms tid=ThreadId(19) read_start uri=smb://dietpi.local/4tbp/pics-sport/Forest%20Run%202026/Pt3/DSC_4838_result.jpg
NETWORK t= 22426.2ms dt=    0.0ms tid=ThreadId(19) smb_read_start url=smb://dietpi.local/4tbp/pics-sport/Forest Run 2026/Pt3/DSC_4838_result.jpg whole-file
NETWORK t= 22449.0ms dt=   22.8ms tid=pic-smb-transport smb_transport stat ms=26.1
NETWORK t= 22449.7ms dt=    0.7ms tid=pic-smb-transport smb_client_context_freed
NETWORK t= 22449.7ms dt=    0.0ms tid=pic-smb-transport smb_client_new_start
NETWORK t= 22449.8ms dt=    0.0ms tid=ThreadId(6) smb_stat_start url=smb://dietpi.local/4tbp/pics-sport/Forest Run 2026/Pt3/DSC_4727_result.jpg lane=background
NETWORK t= 22450.4ms dt=    0.7ms tid=pic-smb-transport smb_client_context_created
NETWORK t= 22450.5ms dt=    0.0ms tid=pic-smb-transport smb_client_init_start
NETWORK t= 22450.5ms dt=    0.0ms tid=pic-smb-transport smb_client_init_done
NETWORK t= 22528.9ms dt=   78.4ms tid=pic-smb-transport smb_transport read_file ms=78.4
NETWORK t= 22529.6ms dt=    0.7ms tid=pic-smb-transport smb_client_context_freed
NETWORK t= 22529.7ms dt=    0.0ms tid=pic-smb-transport smb_client_new_start
NETWORK t= 22529.7ms dt=    0.0ms tid=ThreadId(19) read_done uri=smb://dietpi.local/4tbp/pics-sport/Forest%20Run%202026/Pt3/DSC_4838_result.jpg bytes=1327980 ms=103.5
NETWORK t= 22530.6ms dt=    0.9ms tid=pic-smb-transport smb_client_context_created
NETWORK t= 22530.6ms dt=    0.0ms tid=pic-smb-transport smb_client_init_start
NETWORK t= 22530.6ms dt=    0.0ms tid=pic-smb-transport smb_client_init_done
NETWORK t= 22542.6ms dt=   11.9ms tid=ThreadId(19) materialize_start uri=smb://dietpi.local/4tbp/pics-sport/Forest%20Run%202026/Pt3/DSC_4838_result.jpg
NETWORK t= 22542.6ms dt=    0.1ms tid=ThreadId(19) read_start uri=smb://dietpi.local/4tbp/pics-sport/Forest%20Run%202026/Pt3/DSC_4838_result.jpg
NETWORK t= 22542.6ms dt=    0.0ms tid=ThreadId(19) smb_read_start url=smb://dietpi.local/4tbp/pics-sport/Forest Run 2026/Pt3/DSC_4838_result.jpg whole-file
NETWORK t= 22598.8ms dt=   56.2ms tid=pic-smb-transport smb_transport read_file ms=68.2
NETWORK t= 22599.5ms dt=    0.7ms tid=pic-smb-transport smb_client_context_freed
NETWORK t= 22599.6ms dt=    0.0ms tid=pic-smb-transport smb_client_new_start
NETWORK t= 22599.6ms dt=    0.0ms tid=ThreadId(20) read_done uri=smb://dietpi.local/4tbp/pics-sport/Forest%20Run%202026/Pt3/DSC_4777_result.jpg bytes=1174957 ms=240.7
NETWORK t= 22599.9ms dt=    0.3ms tid=ThreadId(20) materialize_done uri=smb://dietpi.local/4tbp/pics-sport/Forest%20Run%202026/Pt3/DSC_4777_result.jpg path=/home/peet/.cache/picasa-rs/source/o/a7dc17fe3ad8e64f657094626e3b6e517790b7ef1036d6bf3ebde8192b3cc7ec.jpg ms=241.1
NETWORK t= 22600.2ms dt=    0.3ms tid=pic-smb-transport smb_client_context_created
NETWORK t= 22600.2ms dt=    0.0ms tid=pic-smb-transport smb_client_init_start
NETWORK t= 22600.2ms dt=    0.0ms tid=pic-smb-transport smb_client_init_done
NETWORK t= 22603.3ms dt=    3.1ms tid=ThreadId(20) read_start uri=smb://dietpi.local/4tbp/pics-sport/Forest%20Run%202026/Pt3/DSC_4804_result.jpg
NETWORK t= 22603.3ms dt=    0.0ms tid=ThreadId(20) smb_read_start url=smb://dietpi.local/4tbp/pics-sport/Forest Run 2026/Pt3/DSC_4804_result.jpg whole-file
NETWORK t= 22617.0ms dt=   13.7ms tid=pic-smb-transport smb_transport stat ms=16.8
NETWORK t= 22617.5ms dt=    0.4ms tid=pic-smb-transport smb_client_context_freed
NETWORK t= 22617.5ms dt=    0.0ms tid=pic-smb-transport smb_client_new_start
NETWORK t= 22617.5ms dt=    0.0ms tid=ThreadId(6) smb_stat_start url=smb://dietpi.local/4tbp/pics-sport/Forest Run 2026/Pt3/DSC_4726_result.jpg lane=background
NETWORK t= 22618.2ms dt=    0.7ms tid=pic-smb-transport smb_client_context_created
NETWORK t= 22618.2ms dt=    0.0ms tid=pic-smb-transport smb_client_init_start
NETWORK t= 22618.2ms dt=    0.0ms tid=pic-smb-transport smb_client_init_done
NETWORK t= 22670.8ms dt=   52.6ms tid=pic-smb-transport smb_transport read_file ms=52.6
NETWORK t= 22671.4ms dt=    0.5ms tid=pic-smb-transport smb_client_context_freed
NETWORK t= 22671.4ms dt=    0.0ms tid=pic-smb-transport smb_client_new_start
NETWORK t= 22671.4ms dt=    0.0ms tid=ThreadId(19) read_done uri=smb://dietpi.local/4tbp/pics-sport/Forest%20Run%202026/Pt3/DSC_4838_result.jpg bytes=1327980 ms=128.8
NETWORK t= 22671.7ms dt=    0.3ms tid=ThreadId(19) materialize_done uri=smb://dietpi.local/4tbp/pics-sport/Forest%20Run%202026/Pt3/DSC_4838_result.jpg path=/home/peet/.cache/picasa-rs/source/t/89ed0096c1c3a0644197ba8ef66df36eb9427f6a179a60e9e7c56d32b2c2a2e5.jpg ms=129.1
NETWORK t= 22672.1ms dt=    0.4ms tid=pic-smb-transport smb_client_context_created
NETWORK t= 22672.1ms dt=    0.0ms tid=pic-smb-transport smb_client_init_start
NETWORK t= 22672.2ms dt=    0.0ms tid=pic-smb-transport smb_client_init_done
NETWORK t= 22675.0ms dt=    2.8ms tid=ThreadId(19) read_start uri=smb://dietpi.local/4tbp/pics-sport/Forest%20Run%202026/Pt3/DSC_4732_result.jpg
NETWORK t= 22675.0ms dt=    0.0ms tid=ThreadId(19) smb_read_start url=smb://dietpi.local/4tbp/pics-sport/Forest Run 2026/Pt3/DSC_4732_result.jpg whole-file
NETWORK t= 22731.9ms dt=   56.9ms tid=pic-smb-transport smb_transport read_file ms=59.7
NETWORK t= 22732.6ms dt=    0.7ms tid=pic-smb-transport smb_client_context_freed
NETWORK t= 22732.7ms dt=    0.0ms tid=pic-smb-transport smb_client_new_start
NETWORK t= 22732.7ms dt=    0.0ms tid=ThreadId(20) read_done uri=smb://dietpi.local/4tbp/pics-sport/Forest%20Run%202026/Pt3/DSC_4804_result.jpg bytes=1099438 ms=129.4
NETWORK t= 22733.3ms dt=    0.6ms tid=pic-smb-transport smb_client_context_created
NETWORK t= 22733.3ms dt=    0.0ms tid=pic-smb-transport smb_client_init_start
NETWORK t= 22733.4ms dt=    0.0ms tid=pic-smb-transport smb_client_init_done
NETWORK t= 22743.5ms dt=   10.2ms tid=ThreadId(20) materialize_start uri=smb://dietpi.local/4tbp/pics-sport/Forest%20Run%202026/Pt3/DSC_4804_result.jpg
NETWORK t= 22743.6ms dt=    0.1ms tid=ThreadId(20) read_start uri=smb://dietpi.local/4tbp/pics-sport/Forest%20Run%202026/Pt3/DSC_4804_result.jpg
NETWORK t= 22743.6ms dt=    0.0ms tid=ThreadId(20) smb_read_start url=smb://dietpi.local/4tbp/pics-sport/Forest Run 2026/Pt3/DSC_4804_result.jpg whole-file
NETWORK t= 22759.9ms dt=   16.3ms tid=pic-smb-transport smb_transport stat ms=26.5
NETWORK t= 22760.6ms dt=    0.7ms tid=pic-smb-transport smb_client_context_freed
NETWORK t= 22760.6ms dt=    0.0ms tid=pic-smb-transport smb_client_new_start
NETWORK t= 22760.7ms dt=    0.1ms tid=ThreadId(6) smb_stat_start url=smb://dietpi.local/4tbp/pics-sport/Forest Run 2026/Pt3/DSC_4722_result.jpg lane=background
NETWORK t= 22761.3ms dt=    0.6ms tid=pic-smb-transport smb_client_context_created
NETWORK t= 22761.3ms dt=    0.0ms tid=pic-smb-transport smb_client_init_start
NETWORK t= 22761.3ms dt=    0.0ms tid=pic-smb-transport smb_client_init_done
NETWORK t= 22829.9ms dt=   68.6ms tid=pic-smb-transport smb_transport read_file ms=68.6
NETWORK t= 22830.7ms dt=    0.7ms tid=pic-smb-transport smb_client_context_freed
NETWORK t= 22830.7ms dt=    0.0ms tid=pic-smb-transport smb_client_new_start
NETWORK t= 22830.7ms dt=    0.0ms tid=ThreadId(20) read_done uri=smb://dietpi.local/4tbp/pics-sport/Forest%20Run%202026/Pt3/DSC_4804_result.jpg bytes=1099438 ms=87.1
NETWORK t= 22831.0ms dt=    0.3ms tid=ThreadId(20) materialize_done uri=smb://dietpi.local/4tbp/pics-sport/Forest%20Run%202026/Pt3/DSC_4804_result.jpg path=/home/peet/.cache/picasa-rs/source/b/caf7be469bb813e54cc20e987ec6272d79ae6f8cdf62ff51d4a1c6423b1d3552.jpg ms=87.4
NETWORK t= 22831.4ms dt=    0.4ms tid=pic-smb-transport smb_client_context_created
NETWORK t= 22831.4ms dt=    0.0ms tid=pic-smb-transport smb_client_init_start
NETWORK t= 22831.4ms dt=    0.0ms tid=pic-smb-transport smb_client_init_done
NETWORK t= 22834.1ms dt=    2.7ms tid=ThreadId(20) read_start uri=smb://dietpi.local/4tbp/pics-sport/Forest%20Run%202026/Pt3/DSC_4693_result.jpg
NETWORK t= 22834.1ms dt=    0.0ms tid=ThreadId(20) smb_read_start url=smb://dietpi.local/4tbp/pics-sport/Forest Run 2026/Pt3/DSC_4693_result.jpg whole-file
NETWORK t= 22907.8ms dt=   73.7ms tid=pic-smb-transport smb_transport read_file ms=76.3
NETWORK t= 22908.5ms dt=    0.8ms tid=pic-smb-transport smb_client_context_freed
NETWORK t= 22908.6ms dt=    0.0ms tid=pic-smb-transport smb_client_new_start
NETWORK t= 22908.6ms dt=    0.0ms tid=ThreadId(19) read_done uri=smb://dietpi.local/4tbp/pics-sport/Forest%20Run%202026/Pt3/DSC_4732_result.jpg bytes=1281518 ms=233.6
NETWORK t= 22909.3ms dt=    0.7ms tid=pic-smb-transport smb_client_context_created
NETWORK t= 22909.3ms dt=    0.0ms tid=pic-smb-transport smb_client_init_start
NETWORK t= 22909.4ms dt=    0.0ms tid=pic-smb-transport smb_client_init_done
NETWORK t= 22921.0ms dt=   11.6ms tid=ThreadId(19) materialize_start uri=smb://dietpi.local/4tbp/pics-sport/Forest%20Run%202026/Pt3/DSC_4732_result.jpg
NETWORK t= 22921.1ms dt=    0.1ms tid=ThreadId(19) read_start uri=smb://dietpi.local/4tbp/pics-sport/Forest%20Run%202026/Pt3/DSC_4732_result.jpg
NETWORK t= 22921.1ms dt=    0.0ms tid=ThreadId(19) smb_read_start url=smb://dietpi.local/4tbp/pics-sport/Forest Run 2026/Pt3/DSC_4732_result.jpg whole-file
NETWORK t= 22935.9ms dt=   14.8ms tid=pic-smb-transport smb_transport stat ms=26.5
NETWORK t= 22936.6ms dt=    0.7ms tid=pic-smb-transport smb_client_context_freed
NETWORK t= 22936.7ms dt=    0.0ms tid=pic-smb-transport smb_client_new_start
NETWORK t= 22936.7ms dt=    0.1ms tid=ThreadId(6) smb_stat_start url=smb://dietpi.local/4tbp/pics-sport/Forest Run 2026/Pt3/DSC_4717_result.jpg lane=background
NETWORK t= 22937.4ms dt=    0.6ms tid=pic-smb-transport smb_client_context_created
NETWORK t= 22937.4ms dt=    0.0ms tid=pic-smb-transport smb_client_init_start
NETWORK t= 22937.4ms dt=    0.0ms tid=pic-smb-transport smb_client_init_done
NETWORK t= 23011.0ms dt=   73.6ms tid=pic-smb-transport smb_transport read_file ms=73.6
NETWORK t= 23011.7ms dt=    0.7ms tid=pic-smb-transport smb_client_context_freed
NETWORK t= 23011.7ms dt=    0.0ms tid=pic-smb-transport smb_client_new_start
NETWORK t= 23011.8ms dt=    0.0ms tid=ThreadId(19) read_done uri=smb://dietpi.local/4tbp/pics-sport/Forest%20Run%202026/Pt3/DSC_4732_result.jpg bytes=1281518 ms=90.7
NETWORK t= 23012.1ms dt=    0.3ms tid=ThreadId(19) materialize_done uri=smb://dietpi.local/4tbp/pics-sport/Forest%20Run%202026/Pt3/DSC_4732_result.jpg path=/home/peet/.cache/picasa-rs/source/x/3ae9353c14a5f143a5cb97ddb3b0c4c21c2d404e87b45c53990eec76f23d58d9.jpg ms=91.1
NETWORK t= 23012.4ms dt=    0.4ms tid=pic-smb-transport smb_client_context_created
NETWORK t= 23012.4ms dt=    0.0ms tid=pic-smb-transport smb_client_init_start
NETWORK t= 23012.5ms dt=    0.0ms tid=pic-smb-transport smb_client_init_done
NETWORK t= 23015.2ms dt=    2.8ms tid=ThreadId(19) read_start uri=smb://dietpi.local/4tbp/pics-sport/Forest%20Run%202026/Pt3/DSC_4842_result.jpg
NETWORK t= 23015.2ms dt=    0.0ms tid=ThreadId(19) smb_read_start url=smb://dietpi.local/4tbp/pics-sport/Forest Run 2026/Pt3/DSC_4842_result.jpg whole-file
NETWORK t= 23039.0ms dt=   23.8ms tid=pic-smb-transport smb_transport stat ms=26.5
NETWORK t= 23039.8ms dt=    0.8ms tid=pic-smb-transport smb_client_context_freed
NETWORK t= 23039.8ms dt=    0.0ms tid=pic-smb-transport smb_client_new_start
NETWORK t= 23039.9ms dt=    0.0ms tid=ThreadId(6) smb_stat_start url=smb://dietpi.local/4tbp/pics-sport/Forest Run 2026/Pt3/DSC_4715_result.jpg lane=background
NETWORK t= 23040.6ms dt=    0.7ms tid=pic-smb-transport smb_client_context_created
NETWORK t= 23040.6ms dt=    0.0ms tid=pic-smb-transport smb_client_init_start
NETWORK t= 23040.7ms dt=    0.0ms tid=pic-smb-transport smb_client_init_done
NETWORK t= 23067.3ms dt=   26.6ms tid=main tile_activated photo_id=925 index=26 op=3
NETWORK t= 23067.3ms dt=    0.0ms tid=main lightbox_open index=26 op=3
NETWORK t= 23078.1ms dt=   10.8ms tid=main decode_start uri=smb://dietpi.local/4tbp/pics-sport/Forest%20Run%202026/Pt3/DSC_4704_result.jpg op=3
NETWORK t= 23078.2ms dt=    0.1ms tid=lightbox-decode materialize_start uri=smb://dietpi.local/4tbp/pics-sport/Forest%20Run%202026/Pt3/DSC_4704_result.jpg
NETWORK t= 23078.3ms dt=    0.1ms tid=lightbox-decode read_start uri=smb://dietpi.local/4tbp/pics-sport/Forest%20Run%202026/Pt3/DSC_4704_result.jpg
NETWORK t= 23078.3ms dt=    0.0ms tid=lightbox-decode smb_read_start url=smb://dietpi.local/4tbp/pics-sport/Forest Run 2026/Pt3/DSC_4704_result.jpg whole-file
NETWORK t= 23129.0ms dt=   50.7ms tid=pic-smb-transport smb_transport read_file ms=88.3
NETWORK t= 23129.7ms dt=    0.7ms tid=pic-smb-transport smb_client_context_freed
NETWORK t= 23129.8ms dt=    0.0ms tid=pic-smb-transport smb_client_new_start
NETWORK t= 23129.8ms dt=    0.0ms tid=ThreadId(19) read_done uri=smb://dietpi.local/4tbp/pics-sport/Forest%20Run%202026/Pt3/DSC_4842_result.jpg bytes=1570629 ms=114.5
NETWORK t= 23130.5ms dt=    0.7ms tid=pic-smb-transport smb_client_context_created
NETWORK t= 23130.5ms dt=    0.0ms tid=pic-smb-transport smb_client_init_start
NETWORK t= 23130.5ms dt=    0.0ms tid=pic-smb-transport smb_client_init_done
NETWORK t= 23144.0ms dt=   13.5ms tid=ThreadId(19) materialize_start uri=smb://dietpi.local/4tbp/pics-sport/Forest%20Run%202026/Pt3/DSC_4842_result.jpg
NETWORK t= 23144.1ms dt=    0.1ms tid=ThreadId(19) read_start uri=smb://dietpi.local/4tbp/pics-sport/Forest%20Run%202026/Pt3/DSC_4842_result.jpg
NETWORK t= 23144.1ms dt=    0.0ms tid=ThreadId(19) smb_read_start url=smb://dietpi.local/4tbp/pics-sport/Forest Run 2026/Pt3/DSC_4842_result.jpg whole-file
NETWORK t= 23200.4ms dt=   56.3ms tid=pic-smb-transport smb_transport read_file ms=69.9
NETWORK t= 23201.2ms dt=    0.8ms tid=pic-smb-transport smb_client_context_freed
NETWORK t= 23201.2ms dt=    0.0ms tid=pic-smb-transport smb_client_new_start
NETWORK t= 23201.2ms dt=    0.0ms tid=ThreadId(20) read_done uri=smb://dietpi.local/4tbp/pics-sport/Forest%20Run%202026/Pt3/DSC_4693_result.jpg bytes=1114549 ms=367.1
NETWORK t= 23201.9ms dt=    0.6ms tid=pic-smb-transport smb_client_context_created
NETWORK t= 23201.9ms dt=    0.0ms tid=pic-smb-transport smb_client_init_start
NETWORK t= 23201.9ms dt=    0.0ms tid=pic-smb-transport smb_client_init_done
NETWORK t= 23212.1ms dt=   10.1ms tid=ThreadId(20) materialize_start uri=smb://dietpi.local/4tbp/pics-sport/Forest%20Run%202026/Pt3/DSC_4693_result.jpg
NETWORK t= 23212.1ms dt=    0.1ms tid=ThreadId(20) read_start uri=smb://dietpi.local/4tbp/pics-sport/Forest%20Run%202026/Pt3/DSC_4693_result.jpg
NETWORK t= 23212.2ms dt=    0.0ms tid=ThreadId(20) smb_read_start url=smb://dietpi.local/4tbp/pics-sport/Forest Run 2026/Pt3/DSC_4693_result.jpg whole-file
NETWORK t= 23279.8ms dt=   67.7ms tid=pic-smb-transport smb_transport read_file ms=77.9
NETWORK t= 23280.6ms dt=    0.8ms tid=pic-smb-transport smb_client_context_freed
NETWORK t= 23280.6ms dt=    0.0ms tid=pic-smb-transport smb_client_new_start
NETWORK t= 23280.6ms dt=    0.0ms tid=lightbox-decode read_done uri=smb://dietpi.local/4tbp/pics-sport/Forest%20Run%202026/Pt3/DSC_4704_result.jpg bytes=1284615 ms=202.4
NETWORK t= 23280.9ms dt=    0.3ms tid=lightbox-decode materialize_done uri=smb://dietpi.local/4tbp/pics-sport/Forest%20Run%202026/Pt3/DSC_4704_result.jpg path=/home/peet/.cache/picasa-rs/source/6/04f2da66674db9b37475cf36d314f5e5a070a881015d10e6ff6cf466c44d8da4.jpg ms=202.7
NETWORK t= 23281.0ms dt=    0.1ms tid=lightbox-decode materialize_start uri=smb://dietpi.local/4tbp/pics-sport/Forest%20Run%202026/Pt3/DSC_4704_result.jpg
NETWORK t= 23281.1ms dt=    0.0ms tid=lightbox-decode materialize_done uri=smb://dietpi.local/4tbp/pics-sport/Forest%20Run%202026/Pt3/DSC_4704_result.jpg path=/home/peet/.cache/picasa-rs/source/6/04f2da66674db9b37475cf36d314f5e5a070a881015d10e6ff6cf466c44d8da4.jpg ms=0.0
NETWORK t= 23281.3ms dt=    0.3ms tid=pic-smb-transport smb_client_context_created
NETWORK t= 23281.4ms dt=    0.0ms tid=pic-smb-transport smb_client_init_start
NETWORK t= 23281.4ms dt=    0.0ms tid=pic-smb-transport smb_client_init_done
NETWORK t= 23317.8ms dt=   36.4ms tid=lightbox-prefetch materialize_start uri=smb://dietpi.local/4tbp/pics-sport/Forest%20Run%202026/Pt3/DSC_4754_result.jpg
NETWORK t= 23317.9ms dt=    0.1ms tid=lightbox-prefetch read_start uri=smb://dietpi.local/4tbp/pics-sport/Forest%20Run%202026/Pt3/DSC_4754_result.jpg
NETWORK t= 23317.9ms dt=    0.0ms tid=lightbox-prefetch smb_read_start url=smb://dietpi.local/4tbp/pics-sport/Forest Run 2026/Pt3/DSC_4754_result.jpg whole-file
NETWORK t= 23324.1ms dt=    6.2ms tid=main decode_done uri=smb://dietpi.local/4tbp/pics-sport/Forest%20Run%202026/Pt3/DSC_4704_result.jpg w=1096 h=732 ms=246.0 op=3
NETWORK t= 23369.7ms dt=   45.6ms tid=pic-smb-transport smb_transport read_file ms=88.3
NETWORK t= 23370.5ms dt=    0.7ms tid=pic-smb-transport smb_client_context_freed
NETWORK t= 23370.5ms dt=    0.0ms tid=pic-smb-transport smb_client_new_start
NETWORK t= 23370.5ms dt=    0.0ms tid=ThreadId(19) read_done uri=smb://dietpi.local/4tbp/pics-sport/Forest%20Run%202026/Pt3/DSC_4842_result.jpg bytes=1570629 ms=226.4
NETWORK t= 23370.9ms dt=    0.4ms tid=ThreadId(19) materialize_done uri=smb://dietpi.local/4tbp/pics-sport/Forest%20Run%202026/Pt3/DSC_4842_result.jpg path=/home/peet/.cache/picasa-rs/source/k/23a897a71dd683f9b0abd6b4eadb3f5aa743280b1a014f123acf49a042cf4e8b.jpg ms=226.8
NETWORK t= 23371.2ms dt=    0.3ms tid=pic-smb-transport smb_client_context_created
NETWORK t= 23371.2ms dt=    0.0ms tid=pic-smb-transport smb_client_init_start
NETWORK t= 23371.2ms dt=    0.0ms tid=pic-smb-transport smb_client_init_done
NETWORK t= 23374.2ms dt=    3.0ms tid=ThreadId(19) read_start uri=smb://dietpi.local/4tbp/pics-sport/Forest%20Run%202026/Pt3/DSC_4775_result.jpg
NETWORK t= 23374.2ms dt=    0.0ms tid=ThreadId(19) smb_read_start url=smb://dietpi.local/4tbp/pics-sport/Forest Run 2026/Pt3/DSC_4775_result.jpg whole-file
NETWORK t= 23415.5ms dt=   41.3ms tid=pic-smb-transport smb_transport read_file ms=44.3
NETWORK t= 23416.0ms dt=    0.4ms tid=pic-smb-transport smb_client_context_freed
NETWORK t= 23416.0ms dt=    0.0ms tid=pic-smb-transport smb_client_new_start
NETWORK t= 23416.0ms dt=    0.0ms tid=lightbox-prefetch read_done uri=smb://dietpi.local/4tbp/pics-sport/Forest%20Run%202026/Pt3/DSC_4754_result.jpg bytes=891437 ms=98.1
NETWORK t= 23416.3ms dt=    0.3ms tid=lightbox-prefetch materialize_done uri=smb://dietpi.local/4tbp/pics-sport/Forest%20Run%202026/Pt3/DSC_4754_result.jpg path=/home/peet/.cache/picasa-rs/source/p/defd877ddff81ee11aec5b4372779e4d3337fd5f3b8bfdc390e0ebf725f0755d.jpg ms=98.5
NETWORK t= 23416.4ms dt=    0.1ms tid=lightbox-prefetch materialize_start uri=smb://dietpi.local/4tbp/pics-sport/Forest%20Run%202026/Pt3/DSC_4754_result.jpg
NETWORK t= 23416.5ms dt=    0.0ms tid=lightbox-prefetch materialize_done uri=smb://dietpi.local/4tbp/pics-sport/Forest%20Run%202026/Pt3/DSC_4754_result.jpg path=/home/peet/.cache/picasa-rs/source/p/defd877ddff81ee11aec5b4372779e4d3337fd5f3b8bfdc390e0ebf725f0755d.jpg ms=0.0
NETWORK t= 23416.9ms dt=    0.5ms tid=pic-smb-transport smb_client_context_created
NETWORK t= 23416.9ms dt=    0.0ms tid=pic-smb-transport smb_client_init_start
NETWORK t= 23417.0ms dt=    0.0ms tid=pic-smb-transport smb_client_init_done
NETWORK t= 23478.9ms dt=   61.9ms tid=pic-smb-transport smb_transport read_file ms=61.9
NETWORK t= 23479.7ms dt=    0.7ms tid=pic-smb-transport smb_client_context_freed
NETWORK t= 23479.7ms dt=    0.0ms tid=pic-smb-transport smb_client_new_start
NETWORK t= 23479.7ms dt=    0.0ms tid=ThreadId(20) read_done uri=smb://dietpi.local/4tbp/pics-sport/Forest%20Run%202026/Pt3/DSC_4693_result.jpg bytes=1114549 ms=267.5
NETWORK t= 23480.0ms dt=    0.3ms tid=ThreadId(20) materialize_done uri=smb://dietpi.local/4tbp/pics-sport/Forest%20Run%202026/Pt3/DSC_4693_result.jpg path=/home/peet/.cache/picasa-rs/source/6/1b2aaccad4c07768c233f19c867aa5ffa358e4abcc1beb57a5c71f9a50d4060a.jpg ms=267.9
NETWORK t= 23480.4ms dt=    0.4ms tid=pic-smb-transport smb_client_context_created
NETWORK t= 23480.4ms dt=    0.0ms tid=pic-smb-transport smb_client_init_start
NETWORK t= 23480.4ms dt=    0.0ms tid=pic-smb-transport smb_client_init_done
NETWORK t= 23483.2ms dt=    2.8ms tid=ThreadId(20) read_start uri=smb://dietpi.local/4tbp/pics-sport/Forest%20Run%202026/Pt3/DSC_4839_result.jpg
NETWORK t= 23483.2ms dt=    0.0ms tid=ThreadId(20) smb_read_start url=smb://dietpi.local/4tbp/pics-sport/Forest Run 2026/Pt3/DSC_4839_result.jpg whole-file
NETWORK t= 23506.8ms dt=   23.6ms tid=pic-smb-transport smb_transport stat ms=26.4
NETWORK t= 23507.4ms dt=    0.7ms tid=pic-smb-transport smb_client_context_freed
NETWORK t= 23507.5ms dt=    0.0ms tid=pic-smb-transport smb_client_new_start
NETWORK t= 23507.6ms dt=    0.1ms tid=ThreadId(6) smb_stat_start url=smb://dietpi.local/4tbp/pics-sport/Forest Run 2026/Pt3/DSC_4709_result.jpg lane=background
NETWORK t= 23508.2ms dt=    0.6ms tid=pic-smb-transport smb_client_context_created
NETWORK t= 23508.2ms dt=    0.0ms tid=pic-smb-transport smb_client_init_start
NETWORK t= 23508.2ms dt=    0.0ms tid=pic-smb-transport smb_client_init_done
NETWORK t= 23576.3ms dt=   68.1ms tid=pic-smb-transport smb_transport read_file ms=68.1
NETWORK t= 23577.0ms dt=    0.7ms tid=pic-smb-transport smb_client_context_freed
NETWORK t= 23577.0ms dt=    0.0ms tid=pic-smb-transport smb_client_new_start
NETWORK t= 23577.0ms dt=    0.0ms tid=ThreadId(20) read_done uri=smb://dietpi.local/4tbp/pics-sport/Forest%20Run%202026/Pt3/DSC_4839_result.jpg bytes=1325337 ms=93.8
NETWORK t= 23577.7ms dt=    0.7ms tid=pic-smb-transport smb_client_context_created
NETWORK t= 23577.7ms dt=    0.0ms tid=pic-smb-transport smb_client_init_start
NETWORK t= 23577.7ms dt=    0.0ms tid=pic-smb-transport smb_client_init_done
NETWORK t= 23589.3ms dt=   11.6ms tid=ThreadId(20) materialize_start uri=smb://dietpi.local/4tbp/pics-sport/Forest%20Run%202026/Pt3/DSC_4839_result.jpg
NETWORK t= 23589.4ms dt=    0.1ms tid=ThreadId(20) read_start uri=smb://dietpi.local/4tbp/pics-sport/Forest%20Run%202026/Pt3/DSC_4839_result.jpg
NETWORK t= 23589.5ms dt=    0.0ms tid=ThreadId(20) smb_read_start url=smb://dietpi.local/4tbp/pics-sport/Forest Run 2026/Pt3/DSC_4839_result.jpg whole-file
NETWORK t= 23604.4ms dt=   14.9ms tid=pic-smb-transport smb_transport stat ms=26.6
NETWORK t= 23605.1ms dt=    0.7ms tid=pic-smb-transport smb_client_context_freed
NETWORK t= 23605.1ms dt=    0.0ms tid=pic-smb-transport smb_client_new_start
NETWORK t= 23605.1ms dt=    0.0ms tid=ThreadId(6) smb_stat_start url=smb://dietpi.local/4tbp/pics-sport/Forest Run 2026/Pt3/DSC_4707_result.jpg lane=background
NETWORK t= 23605.7ms dt=    0.6ms tid=pic-smb-transport smb_client_context_created
NETWORK t= 23605.7ms dt=    0.0ms tid=pic-smb-transport smb_client_init_start
NETWORK t= 23605.7ms dt=    0.0ms tid=pic-smb-transport smb_client_init_done
NETWORK t= 23659.4ms dt=   53.7ms tid=pic-smb-transport smb_transport read_file ms=53.6
NETWORK t= 23660.2ms dt=    0.8ms tid=pic-smb-transport smb_client_context_freed
NETWORK t= 23660.2ms dt=    0.0ms tid=pic-smb-transport smb_client_new_start
NETWORK t= 23660.3ms dt=    0.0ms tid=ThreadId(19) read_done uri=smb://dietpi.local/4tbp/pics-sport/Forest%20Run%202026/Pt3/DSC_4775_result.jpg bytes=698214 ms=286.0
NETWORK t= 23660.9ms dt=    0.6ms tid=pic-smb-transport smb_client_context_created
NETWORK t= 23660.9ms dt=    0.0ms tid=pic-smb-transport smb_client_init_start
NETWORK t= 23660.9ms dt=    0.0ms tid=pic-smb-transport smb_client_init_done
NETWORK t= 23668.6ms dt=    7.7ms tid=ThreadId(19) materialize_start uri=smb://dietpi.local/4tbp/pics-sport/Forest%20Run%202026/Pt3/DSC_4775_result.jpg
NETWORK t= 23668.6ms dt=    0.1ms tid=ThreadId(19) read_start uri=smb://dietpi.local/4tbp/pics-sport/Forest%20Run%202026/Pt3/DSC_4775_result.jpg
NETWORK t= 23668.7ms dt=    0.0ms tid=ThreadId(19) smb_read_start url=smb://dietpi.local/4tbp/pics-sport/Forest Run 2026/Pt3/DSC_4775_result.jpg whole-file
NETWORK t= 23716.8ms dt=   48.2ms tid=pic-smb-transport smb_transport read_file ms=55.9
NETWORK t= 23717.3ms dt=    0.5ms tid=pic-smb-transport smb_client_context_freed
NETWORK t= 23717.3ms dt=    0.0ms tid=pic-smb-transport smb_client_new_start
NETWORK t= 23717.4ms dt=    0.0ms tid=ThreadId(20) read_done uri=smb://dietpi.local/4tbp/pics-sport/Forest%20Run%202026/Pt3/DSC_4839_result.jpg bytes=1325337 ms=127.9
NETWORK t= 23717.6ms dt=    0.3ms tid=ThreadId(20) materialize_done uri=smb://dietpi.local/4tbp/pics-sport/Forest%20Run%202026/Pt3/DSC_4839_result.jpg path=/home/peet/.cache/picasa-rs/source/7/74773e5f3858fcef55d96d872d5b4ca1b3ac14fb1e8766ebc3d3d1506e0ff8f3.jpg ms=128.3
NETWORK t= 23717.9ms dt=    0.3ms tid=pic-smb-transport smb_client_context_created
NETWORK t= 23718.0ms dt=    0.0ms tid=pic-smb-transport smb_client_init_start
NETWORK t= 23718.0ms dt=    0.0ms tid=pic-smb-transport smb_client_init_done
NETWORK t= 23720.8ms dt=    2.8ms tid=ThreadId(20) read_start uri=smb://dietpi.local/4tbp/pics-sport/Forest%20Run%202026/Pt3/DSC_4849_result.jpg
NETWORK t= 23720.8ms dt=    0.0ms tid=ThreadId(20) smb_read_start url=smb://dietpi.local/4tbp/pics-sport/Forest Run 2026/Pt3/DSC_4849_result.jpg whole-file
NETWORK t= 23737.3ms dt=   16.5ms tid=pic-smb-transport smb_transport stat ms=19.3
NETWORK t= 23738.0ms dt=    0.7ms tid=pic-smb-transport smb_client_context_freed
NETWORK t= 23738.0ms dt=    0.0ms tid=pic-smb-transport smb_client_new_start
NETWORK t= 23738.1ms dt=    0.0ms tid=ThreadId(6) smb_stat_start url=smb://dietpi.local/4tbp/pics-sport/Forest Run 2026/Pt3/DSC_4706_result.jpg lane=background
NETWORK t= 23738.6ms dt=    0.5ms tid=pic-smb-transport smb_client_context_created
NETWORK t= 23738.6ms dt=    0.0ms tid=pic-smb-transport smb_client_init_start
NETWORK t= 23738.6ms dt=    0.0ms tid=pic-smb-transport smb_client_init_done
NETWORK t= 23787.5ms dt=   48.9ms tid=pic-smb-transport smb_transport read_file ms=48.9
NETWORK t= 23788.1ms dt=    0.5ms tid=pic-smb-transport smb_client_context_freed
NETWORK t= 23788.1ms dt=    0.0ms tid=pic-smb-transport smb_client_new_start
NETWORK t= 23788.1ms dt=    0.0ms tid=ThreadId(19) read_done uri=smb://dietpi.local/4tbp/pics-sport/Forest%20Run%202026/Pt3/DSC_4775_result.jpg bytes=698214 ms=119.5
NETWORK t= 23788.3ms dt=    0.2ms tid=ThreadId(19) materialize_done uri=smb://dietpi.local/4tbp/pics-sport/Forest%20Run%202026/Pt3/DSC_4775_result.jpg path=/home/peet/.cache/picasa-rs/source/o/c8585b325452585b392f229644370a07eb047f6d8c1e75b2aa2e69f4ad1a790f.jpg ms=119.7
NETWORK t= 23788.7ms dt=    0.4ms tid=pic-smb-transport smb_client_context_created
NETWORK t= 23788.7ms dt=    0.0ms tid=pic-smb-transport smb_client_init_start
NETWORK t= 23788.7ms dt=    0.0ms tid=pic-smb-transport smb_client_init_done
NETWORK t= 23791.4ms dt=    2.6ms tid=ThreadId(19) read_start uri=smb://dietpi.local/4tbp/pics-sport/Forest%20Run%202026/Pt3/DSC_4789_result.jpg
NETWORK t= 23791.4ms dt=    0.0ms tid=ThreadId(19) smb_read_start url=smb://dietpi.local/4tbp/pics-sport/Forest Run 2026/Pt3/DSC_4789_result.jpg whole-file
NETWORK t= 23811.5ms dt=   20.1ms tid=pic-smb-transport smb_transport stat ms=22.7
NETWORK t= 23812.0ms dt=    0.5ms tid=pic-smb-transport smb_client_context_freed
NETWORK t= 23812.0ms dt=    0.0ms tid=pic-smb-transport smb_client_new_start
NETWORK t= 23812.1ms dt=    0.0ms tid=ThreadId(6) smb_stat_start url=smb://dietpi.local/4tbp/pics-sport/Forest Run 2026/Pt3/DSC_4704_result.jpg lane=background
NETWORK t= 23812.7ms dt=    0.6ms tid=pic-smb-transport smb_client_context_created
NETWORK t= 23812.7ms dt=    0.0ms tid=pic-smb-transport smb_client_init_start
NETWORK t= 23812.7ms dt=    0.0ms tid=pic-smb-transport smb_client_init_done
NETWORK t= 23875.5ms dt=   62.9ms tid=pic-smb-transport smb_transport read_file ms=62.8
NETWORK t= 23876.0ms dt=    0.5ms tid=pic-smb-transport smb_client_context_freed
NETWORK t= 23876.1ms dt=    0.0ms tid=pic-smb-transport smb_client_new_start
NETWORK t= 23876.1ms dt=    0.0ms tid=ThreadId(19) read_done uri=smb://dietpi.local/4tbp/pics-sport/Forest%20Run%202026/Pt3/DSC_4789_result.jpg bytes=1183637 ms=84.7
NETWORK t= 23876.7ms dt=    0.6ms tid=pic-smb-transport smb_client_context_created
NETWORK t= 23876.7ms dt=    0.0ms tid=pic-smb-transport smb_client_init_start
NETWORK t= 23876.7ms dt=    0.0ms tid=pic-smb-transport smb_client_init_done
NETWORK t= 23887.4ms dt=   10.7ms tid=ThreadId(19) materialize_start uri=smb://dietpi.local/4tbp/pics-sport/Forest%20Run%202026/Pt3/DSC_4789_result.jpg
NETWORK t= 23887.4ms dt=    0.1ms tid=ThreadId(19) read_start uri=smb://dietpi.local/4tbp/pics-sport/Forest%20Run%202026/Pt3/DSC_4789_result.jpg
NETWORK t= 23887.5ms dt=    0.0ms tid=ThreadId(19) smb_read_start url=smb://dietpi.local/4tbp/pics-sport/Forest Run 2026/Pt3/DSC_4789_result.jpg whole-file
NETWORK t= 23942.8ms dt=   55.3ms tid=pic-smb-transport smb_transport read_file ms=66.0
NETWORK t= 23943.4ms dt=    0.6ms tid=pic-smb-transport smb_client_context_freed
NETWORK t= 23943.4ms dt=    0.0ms tid=pic-smb-transport smb_client_new_start
NETWORK t= 23943.5ms dt=    0.0ms tid=ThreadId(20) read_done uri=smb://dietpi.local/4tbp/pics-sport/Forest%20Run%202026/Pt3/DSC_4849_result.jpg bytes=1264239 ms=222.6
NETWORK t= 23944.1ms dt=    0.6ms tid=pic-smb-transport smb_client_context_created
NETWORK t= 23944.1ms dt=    0.0ms tid=pic-smb-transport smb_client_init_start
NETWORK t= 23944.1ms dt=    0.0ms tid=pic-smb-transport smb_client_init_done
NETWORK t= 23956.3ms dt=   12.2ms tid=ThreadId(20) materialize_start uri=smb://dietpi.local/4tbp/pics-sport/Forest%20Run%202026/Pt3/DSC_4849_result.jpg
NETWORK t= 23956.3ms dt=    0.1ms tid=ThreadId(20) read_start uri=smb://dietpi.local/4tbp/pics-sport/Forest%20Run%202026/Pt3/DSC_4849_result.jpg
NETWORK t= 23956.4ms dt=    0.0ms tid=ThreadId(20) smb_read_start url=smb://dietpi.local/4tbp/pics-sport/Forest Run 2026/Pt3/DSC_4849_result.jpg whole-file
NETWORK t= 23967.3ms dt=   10.9ms tid=pic-smb-transport smb_transport stat ms=23.1
NETWORK t= 23968.0ms dt=    0.7ms tid=pic-smb-transport smb_client_context_freed
NETWORK t= 23968.0ms dt=    0.0ms tid=pic-smb-transport smb_client_new_start
NETWORK t= 23968.1ms dt=    0.0ms tid=ThreadId(6) smb_stat_start url=smb://dietpi.local/4tbp/pics-sport/Forest Run 2026/Pt3/DSC_4703_result.jpg lane=background
NETWORK t= 23968.6ms dt=    0.5ms tid=pic-smb-transport smb_client_context_created
NETWORK t= 23968.6ms dt=    0.0ms tid=pic-smb-transport smb_client_init_start
NETWORK t= 23968.6ms dt=    0.0ms tid=pic-smb-transport smb_client_init_done
NETWORK t= 24038.4ms dt=   69.8ms tid=pic-smb-transport smb_transport read_file ms=69.8
NETWORK t= 24039.1ms dt=    0.7ms tid=pic-smb-transport smb_client_context_freed
NETWORK t= 24039.1ms dt=    0.0ms tid=pic-smb-transport smb_client_new_start
NETWORK t= 24039.2ms dt=    0.0ms tid=ThreadId(20) read_done uri=smb://dietpi.local/4tbp/pics-sport/Forest%20Run%202026/Pt3/DSC_4849_result.jpg bytes=1264239 ms=82.8
NETWORK t= 24039.4ms dt=    0.3ms tid=ThreadId(20) materialize_done uri=smb://dietpi.local/4tbp/pics-sport/Forest%20Run%202026/Pt3/DSC_4849_result.jpg path=/home/peet/.cache/picasa-rs/source/d/cee9fb4d8ea25ecc154fae66160f25305131236e494bef3ccabf8151afec9de1.jpg ms=83.1
NETWORK t= 24039.8ms dt=    0.3ms tid=pic-smb-transport smb_client_context_created
NETWORK t= 24039.8ms dt=    0.0ms tid=pic-smb-transport smb_client_init_start
NETWORK t= 24039.8ms dt=    0.0ms tid=pic-smb-transport smb_client_init_done
NETWORK t= 24042.7ms dt=    2.9ms tid=ThreadId(20) read_start uri=smb://dietpi.local/4tbp/pics-sport/Forest%20Run%202026/Pt3/DSC_4887_result.jpg
NETWORK t= 24042.8ms dt=    0.0ms tid=ThreadId(20) smb_read_start url=smb://dietpi.local/4tbp/pics-sport/Forest Run 2026/Pt3/DSC_4887_result.jpg whole-file
NETWORK t= 24113.0ms dt=   70.2ms tid=pic-smb-transport smb_transport read_file ms=73.1
NETWORK t= 24113.7ms dt=    0.7ms tid=pic-smb-transport smb_client_context_freed
NETWORK t= 24113.7ms dt=    0.0ms tid=pic-smb-transport smb_client_new_start
NETWORK t= 24113.7ms dt=    0.0ms tid=ThreadId(19) read_done uri=smb://dietpi.local/4tbp/pics-sport/Forest%20Run%202026/Pt3/DSC_4789_result.jpg bytes=1183637 ms=226.2
NETWORK t= 24114.0ms dt=    0.3ms tid=ThreadId(19) materialize_done uri=smb://dietpi.local/4tbp/pics-sport/Forest%20Run%202026/Pt3/DSC_4789_result.jpg path=/home/peet/.cache/picasa-rs/source/e/adba89c09e26a82deb05b3cdfa8acc6a179ee1b912c5443d66b47a7754bec950.jpg ms=226.6
NETWORK t= 24114.4ms dt=    0.4ms tid=pic-smb-transport smb_client_context_created
NETWORK t= 24114.4ms dt=    0.0ms tid=pic-smb-transport smb_client_init_start
NETWORK t= 24114.4ms dt=    0.0ms tid=pic-smb-transport smb_client_init_done
NETWORK t= 24117.4ms dt=    3.0ms tid=ThreadId(19) read_start uri=smb://dietpi.local/4tbp/pics-sport/Forest%20Run%202026/Pt3/DSC_4850_result.jpg
NETWORK t= 24117.4ms dt=    0.0ms tid=ThreadId(19) smb_read_start url=smb://dietpi.local/4tbp/pics-sport/Forest Run 2026/Pt3/DSC_4850_result.jpg whole-file
NETWORK t= 24187.6ms dt=   70.2ms tid=pic-smb-transport smb_transport read_file ms=73.1
NETWORK t= 24188.3ms dt=    0.7ms tid=pic-smb-transport smb_client_context_freed
NETWORK t= 24188.3ms dt=    0.0ms tid=pic-smb-transport smb_client_new_start
NETWORK t= 24188.3ms dt=    0.0ms tid=ThreadId(20) read_done uri=smb://dietpi.local/4tbp/pics-sport/Forest%20Run%202026/Pt3/DSC_4887_result.jpg bytes=1180938 ms=145.5
NETWORK t= 24189.0ms dt=    0.7ms tid=pic-smb-transport smb_client_context_created
NETWORK t= 24189.0ms dt=    0.0ms tid=pic-smb-transport smb_client_init_start
NETWORK t= 24189.1ms dt=    0.0ms tid=pic-smb-transport smb_client_init_done
NETWORK t= 24199.6ms dt=   10.5ms tid=ThreadId(20) materialize_start uri=smb://dietpi.local/4tbp/pics-sport/Forest%20Run%202026/Pt3/DSC_4887_result.jpg
NETWORK t= 24199.7ms dt=    0.1ms tid=ThreadId(20) read_start uri=smb://dietpi.local/4tbp/pics-sport/Forest%20Run%202026/Pt3/DSC_4887_result.jpg
NETWORK t= 24199.7ms dt=    0.0ms tid=ThreadId(20) smb_read_start url=smb://dietpi.local/4tbp/pics-sport/Forest Run 2026/Pt3/DSC_4887_result.jpg whole-file
NETWORK t= 24215.5ms dt=   15.8ms tid=pic-smb-transport smb_transport stat ms=26.4
NETWORK t= 24216.1ms dt=    0.6ms tid=pic-smb-transport smb_client_context_freed
NETWORK t= 24216.1ms dt=    0.0ms tid=pic-smb-transport smb_client_new_start
NETWORK t= 24216.2ms dt=    0.0ms tid=ThreadId(6) smb_stat_start url=smb://dietpi.local/4tbp/pics-sport/Forest Run 2026/Pt3/DSC_4702_result.jpg lane=background
NETWORK t= 24216.8ms dt=    0.6ms tid=pic-smb-transport smb_client_context_created
NETWORK t= 24216.8ms dt=    0.0ms tid=pic-smb-transport smb_client_init_start
NETWORK t= 24216.8ms dt=    0.0ms tid=pic-smb-transport smb_client_init_done
NETWORK t= 24289.8ms dt=   73.0ms tid=pic-smb-transport smb_transport read_file ms=73.0
NETWORK t= 24290.5ms dt=    0.6ms tid=pic-smb-transport smb_client_context_freed
NETWORK t= 24290.5ms dt=    0.0ms tid=pic-smb-transport smb_client_new_start
NETWORK t= 24290.5ms dt=    0.0ms tid=ThreadId(20) read_done uri=smb://dietpi.local/4tbp/pics-sport/Forest%20Run%202026/Pt3/DSC_4887_result.jpg bytes=1180938 ms=90.8
NETWORK t= 24290.8ms dt=    0.2ms tid=ThreadId(20) materialize_done uri=smb://dietpi.local/4tbp/pics-sport/Forest%20Run%202026/Pt3/DSC_4887_result.jpg path=/home/peet/.cache/picasa-rs/source/g/dcfc085e19a79ee60de5cfe51e7d3ed75317e5d8caa7601fb8d1f559430e802f.jpg ms=91.1
NETWORK t= 24291.1ms dt=    0.4ms tid=pic-smb-transport smb_client_context_created
NETWORK t= 24291.2ms dt=    0.0ms tid=pic-smb-transport smb_client_init_start
NETWORK t= 24291.2ms dt=    0.0ms tid=pic-smb-transport smb_client_init_done
NETWORK t= 24294.2ms dt=    3.0ms tid=ThreadId(20) read_start uri=smb://dietpi.local/4tbp/pics-sport/Forest%20Run%202026/Pt3/DSC_4857_result.jpg
NETWORK t= 24294.2ms dt=    0.0ms tid=ThreadId(20) smb_read_start url=smb://dietpi.local/4tbp/pics-sport/Forest Run 2026/Pt3/DSC_4857_result.jpg whole-file
NETWORK t= 24359.9ms dt=   65.7ms tid=pic-smb-transport smb_transport read_file ms=68.7
NETWORK t= 24360.6ms dt=    0.7ms tid=pic-smb-transport smb_client_context_freed
NETWORK t= 24360.6ms dt=    0.0ms tid=pic-smb-transport smb_client_new_start
NETWORK t= 24360.7ms dt=    0.0ms tid=ThreadId(19) read_done uri=smb://dietpi.local/4tbp/pics-sport/Forest%20Run%202026/Pt3/DSC_4850_result.jpg bytes=1062503 ms=243.3
NETWORK t= 24361.3ms dt=    0.6ms tid=pic-smb-transport smb_client_context_created
NETWORK t= 24361.3ms dt=    0.0ms tid=pic-smb-transport smb_client_init_start
NETWORK t= 24361.3ms dt=    0.0ms tid=pic-smb-transport smb_client_init_done
NETWORK t= 24371.4ms dt=   10.0ms tid=ThreadId(19) materialize_start uri=smb://dietpi.local/4tbp/pics-sport/Forest%20Run%202026/Pt3/DSC_4850_result.jpg
NETWORK t= 24371.4ms dt=    0.1ms tid=ThreadId(19) read_start uri=smb://dietpi.local/4tbp/pics-sport/Forest%20Run%202026/Pt3/DSC_4850_result.jpg
NETWORK t= 24371.5ms dt=    0.0ms tid=ThreadId(19) smb_read_start url=smb://dietpi.local/4tbp/pics-sport/Forest Run 2026/Pt3/DSC_4850_result.jpg whole-file
NETWORK t= 24388.0ms dt=   16.5ms tid=pic-smb-transport smb_transport stat ms=26.6
NETWORK t= 24388.7ms dt=    0.7ms tid=pic-smb-transport smb_client_context_freed
NETWORK t= 24388.7ms dt=    0.0ms tid=pic-smb-transport smb_client_new_start
NETWORK t= 24388.8ms dt=    0.0ms tid=ThreadId(6) smb_stat_start url=smb://dietpi.local/4tbp/pics-sport/Forest Run 2026/Pt3/DSC_4698_result.jpg lane=background
NETWORK t= 24389.3ms dt=    0.6ms tid=pic-smb-transport smb_client_context_created
NETWORK t= 24389.4ms dt=    0.0ms tid=pic-smb-transport smb_client_init_start
NETWORK t= 24389.4ms dt=    0.0ms tid=pic-smb-transport smb_client_init_done
NETWORK t= 24457.3ms dt=   67.9ms tid=pic-smb-transport smb_transport read_file ms=67.9
NETWORK t= 24458.0ms dt=    0.7ms tid=pic-smb-transport smb_client_context_freed
NETWORK t= 24458.1ms dt=    0.0ms tid=pic-smb-transport smb_client_new_start
NETWORK t= 24458.1ms dt=    0.0ms tid=ThreadId(19) read_done uri=smb://dietpi.local/4tbp/pics-sport/Forest%20Run%202026/Pt3/DSC_4850_result.jpg bytes=1062503 ms=86.6
NETWORK t= 24458.3ms dt=    0.2ms tid=ThreadId(19) materialize_done uri=smb://dietpi.local/4tbp/pics-sport/Forest%20Run%202026/Pt3/DSC_4850_result.jpg path=/home/peet/.cache/picasa-rs/source/n/c1df5575d81b34f4d26a91676244ee88de7fe5eb369b41e6c8f502bf8ba82108.jpg ms=86.9
NETWORK t= 24458.7ms dt=    0.3ms tid=pic-smb-transport smb_client_context_created
NETWORK t= 24458.7ms dt=    0.0ms tid=pic-smb-transport smb_client_init_start
NETWORK t= 24458.7ms dt=    0.0ms tid=pic-smb-transport smb_client_init_done
NETWORK t= 24461.3ms dt=    2.6ms tid=ThreadId(19) read_start uri=smb://dietpi.local/4tbp/pics-sport/Forest%20Run%202026/Pt3/DSC_4862_result.jpg
NETWORK t= 24461.3ms dt=    0.0ms tid=ThreadId(19) smb_read_start url=smb://dietpi.local/4tbp/pics-sport/Forest Run 2026/Pt3/DSC_4862_result.jpg whole-file
NETWORK t= 24538.6ms dt=   77.2ms tid=pic-smb-transport smb_transport read_file ms=79.9
NETWORK t= 24539.2ms dt=    0.7ms tid=pic-smb-transport smb_client_context_freed
NETWORK t= 24539.3ms dt=    0.0ms tid=pic-smb-transport smb_client_new_start
NETWORK t= 24539.3ms dt=    0.0ms tid=ThreadId(20) read_done uri=smb://dietpi.local/4tbp/pics-sport/Forest%20Run%202026/Pt3/DSC_4857_result.jpg bytes=1372056 ms=245.1
NETWORK t= 24539.9ms dt=    0.6ms tid=pic-smb-transport smb_client_context_created
NETWORK t= 24539.9ms dt=    0.0ms tid=pic-smb-transport smb_client_init_start
NETWORK t= 24539.9ms dt=    0.0ms tid=pic-smb-transport smb_client_init_done
NETWORK t= 24552.0ms dt=   12.2ms tid=ThreadId(20) materialize_start uri=smb://dietpi.local/4tbp/pics-sport/Forest%20Run%202026/Pt3/DSC_4857_result.jpg
NETWORK t= 24552.1ms dt=    0.1ms tid=ThreadId(20) read_start uri=smb://dietpi.local/4tbp/pics-sport/Forest%20Run%202026/Pt3/DSC_4857_result.jpg
NETWORK t= 24552.1ms dt=    0.0ms tid=ThreadId(20) smb_read_start url=smb://dietpi.local/4tbp/pics-sport/Forest Run 2026/Pt3/DSC_4857_result.jpg whole-file
NETWORK t= 24566.6ms dt=   14.5ms tid=pic-smb-transport smb_transport stat ms=26.7
NETWORK t= 24567.3ms dt=    0.7ms tid=pic-smb-transport smb_client_context_freed
NETWORK t= 24567.3ms dt=    0.0ms tid=pic-smb-transport smb_client_new_start
NETWORK t= 24567.4ms dt=    0.0ms tid=ThreadId(6) smb_stat_start url=smb://dietpi.local/4tbp/pics-sport/Forest Run 2026/Pt3/DSC_4699_result.jpg lane=background
NETWORK t= 24567.9ms dt=    0.5ms tid=pic-smb-transport smb_client_context_created
NETWORK t= 24567.9ms dt=    0.0ms tid=pic-smb-transport smb_client_init_start
NETWORK t= 24567.9ms dt=    0.0ms tid=pic-smb-transport smb_client_init_done
NETWORK t= 24643.7ms dt=   75.7ms tid=pic-smb-transport smb_transport read_file ms=75.7
NETWORK t= 24644.4ms dt=    0.7ms tid=pic-smb-transport smb_client_context_freed
NETWORK t= 24644.4ms dt=    0.0ms tid=pic-smb-transport smb_client_new_start
NETWORK t= 24644.4ms dt=    0.0ms tid=ThreadId(20) read_done uri=smb://dietpi.local/4tbp/pics-sport/Forest%20Run%202026/Pt3/DSC_4857_result.jpg bytes=1372056 ms=92.3
NETWORK t= 24644.8ms dt=    0.4ms tid=ThreadId(20) materialize_done uri=smb://dietpi.local/4tbp/pics-sport/Forest%20Run%202026/Pt3/DSC_4857_result.jpg path=/home/peet/.cache/picasa-rs/source/h/1b7d87aa35466b3ff841befbbac00106440fdbe35afe6935f474a85d328c98c4.jpg ms=92.7
NETWORK t= 24645.1ms dt=    0.3ms tid=pic-smb-transport smb_client_context_created
NETWORK t= 24645.1ms dt=    0.0ms tid=pic-smb-transport smb_client_init_start
NETWORK t= 24645.2ms dt=    0.0ms tid=pic-smb-transport smb_client_init_done
NETWORK t= 24648.1ms dt=    3.0ms tid=ThreadId(20) read_start uri=smb://dietpi.local/4tbp/pics-sport/Forest%20Run%202026/Pt3/DSC_4812_result.jpg
NETWORK t= 24648.2ms dt=    0.0ms tid=ThreadId(20) smb_read_start url=smb://dietpi.local/4tbp/pics-sport/Forest Run 2026/Pt3/DSC_4812_result.jpg whole-file
NETWORK t= 24671.1ms dt=   22.9ms tid=pic-smb-transport smb_transport stat ms=25.9
NETWORK t= 24671.9ms dt=    0.8ms tid=pic-smb-transport smb_client_context_freed
NETWORK t= 24671.9ms dt=    0.0ms tid=pic-smb-transport smb_client_new_start
NETWORK t= 24672.0ms dt=    0.1ms tid=ThreadId(6) smb_stat_start url=smb://dietpi.local/4tbp/pics-sport/Forest Run 2026/Pt3/DSC_4696_result.jpg lane=background
NETWORK t= 24672.7ms dt=    0.6ms tid=pic-smb-transport smb_client_context_created
NETWORK t= 24672.7ms dt=    0.0ms tid=pic-smb-transport smb_client_init_start
NETWORK t= 24672.7ms dt=    0.0ms tid=pic-smb-transport smb_client_init_done
NETWORK t= 24746.7ms dt=   74.0ms tid=pic-smb-transport smb_transport read_file ms=74.0
NETWORK t= 24747.4ms dt=    0.7ms tid=pic-smb-transport smb_client_context_freed
NETWORK t= 24747.4ms dt=    0.0ms tid=pic-smb-transport smb_client_new_start
NETWORK t= 24747.4ms dt=    0.0ms tid=ThreadId(19) read_done uri=smb://dietpi.local/4tbp/pics-sport/Forest%20Run%202026/Pt3/DSC_4862_result.jpg bytes=1188879 ms=286.1
NETWORK t= 24748.0ms dt=    0.6ms tid=pic-smb-transport smb_client_context_created
NETWORK t= 24748.0ms dt=    0.0ms tid=pic-smb-transport smb_client_init_start
NETWORK t= 24748.1ms dt=    0.0ms tid=pic-smb-transport smb_client_init_done
NETWORK t= 24758.8ms dt=   10.7ms tid=ThreadId(19) materialize_start uri=smb://dietpi.local/4tbp/pics-sport/Forest%20Run%202026/Pt3/DSC_4862_result.jpg
NETWORK t= 24758.9ms dt=    0.1ms tid=ThreadId(19) read_start uri=smb://dietpi.local/4tbp/pics-sport/Forest%20Run%202026/Pt3/DSC_4862_result.jpg
NETWORK t= 24758.9ms dt=    0.0ms tid=ThreadId(19) smb_read_start url=smb://dietpi.local/4tbp/pics-sport/Forest Run 2026/Pt3/DSC_4862_result.jpg whole-file
NETWORK t= 24774.8ms dt=   15.9ms tid=pic-smb-transport smb_transport stat ms=26.7
NETWORK t= 24775.5ms dt=    0.7ms tid=pic-smb-transport smb_client_context_freed
NETWORK t= 24775.5ms dt=    0.0ms tid=pic-smb-transport smb_client_new_start
NETWORK t= 24775.6ms dt=    0.1ms tid=ThreadId(6) smb_stat_start url=smb://dietpi.local/4tbp/pics-sport/Forest Run 2026/Pt3/DSC_4692_result.jpg lane=background
NETWORK t= 24776.1ms dt=    0.5ms tid=pic-smb-transport smb_client_context_created
NETWORK t= 24776.1ms dt=    0.0ms tid=pic-smb-transport smb_client_init_start
NETWORK t= 24776.1ms dt=    0.0ms tid=pic-smb-transport smb_client_init_done
NETWORK t= 24847.9ms dt=   71.8ms tid=pic-smb-transport smb_transport read_file ms=71.8
NETWORK t= 24848.7ms dt=    0.8ms tid=pic-smb-transport smb_client_context_freed
NETWORK t= 24848.8ms dt=    0.0ms tid=pic-smb-transport smb_client_new_start
NETWORK t= 24848.9ms dt=    0.1ms tid=ThreadId(20) read_done uri=smb://dietpi.local/4tbp/pics-sport/Forest%20Run%202026/Pt3/DSC_4812_result.jpg bytes=1094600 ms=200.7
NETWORK t= 24849.6ms dt=    0.7ms tid=pic-smb-transport smb_client_context_created
NETWORK t= 24849.6ms dt=    0.0ms tid=pic-smb-transport smb_client_init_start
NETWORK t= 24849.6ms dt=    0.0ms tid=pic-smb-transport smb_client_init_done
NETWORK t= 24860.1ms dt=   10.5ms tid=ThreadId(20) materialize_start uri=smb://dietpi.local/4tbp/pics-sport/Forest%20Run%202026/Pt3/DSC_4812_result.jpg
NETWORK t= 24860.2ms dt=    0.1ms tid=ThreadId(20) read_start uri=smb://dietpi.local/4tbp/pics-sport/Forest%20Run%202026/Pt3/DSC_4812_result.jpg
NETWORK t= 24860.2ms dt=    0.0ms tid=ThreadId(20) smb_read_start url=smb://dietpi.local/4tbp/pics-sport/Forest Run 2026/Pt3/DSC_4812_result.jpg whole-file
NETWORK t= 24876.3ms dt=   16.1ms tid=pic-smb-transport smb_transport stat ms=26.7
NETWORK t= 24876.9ms dt=    0.6ms tid=pic-smb-transport smb_client_context_freed
NETWORK t= 24877.0ms dt=    0.0ms tid=pic-smb-transport smb_client_new_start
NETWORK t= 24877.0ms dt=    0.1ms tid=ThreadId(6) smb_stat_start url=smb://dietpi.local/4tbp/pics-sport/Forest Run 2026/Pt3/DSC_4686_result.jpg lane=background
NETWORK t= 24877.6ms dt=    0.5ms tid=pic-smb-transport smb_client_context_created
NETWORK t= 24877.6ms dt=    0.0ms tid=pic-smb-transport smb_client_init_start
NETWORK t= 24877.6ms dt=    0.0ms tid=pic-smb-transport smb_client_init_done
NETWORK t= 24946.0ms dt=   68.4ms tid=pic-smb-transport smb_transport read_file ms=68.4
NETWORK t= 24946.7ms dt=    0.7ms tid=pic-smb-transport smb_client_context_freed
NETWORK t= 24946.8ms dt=    0.0ms tid=pic-smb-transport smb_client_new_start
NETWORK t= 24946.8ms dt=    0.0ms tid=ThreadId(20) read_done uri=smb://dietpi.local/4tbp/pics-sport/Forest%20Run%202026/Pt3/DSC_4812_result.jpg bytes=1094600 ms=86.6
NETWORK t= 24947.1ms dt=    0.3ms tid=ThreadId(20) materialize_done uri=smb://dietpi.local/4tbp/pics-sport/Forest%20Run%202026/Pt3/DSC_4812_result.jpg path=/home/peet/.cache/picasa-rs/source/a/c11e4e47a297bf04c4320a605514b01bae35a2b453e9bbf8425feb9929d38f75.jpg ms=87.0
NETWORK t= 24947.7ms dt=    0.5ms tid=pic-smb-transport smb_client_context_created
NETWORK t= 24947.7ms dt=    0.0ms tid=pic-smb-transport smb_client_init_start
NETWORK t= 24947.7ms dt=    0.0ms tid=pic-smb-transport smb_client_init_done
NETWORK t= 24950.6ms dt=    2.8ms tid=ThreadId(20) read_start uri=smb://dietpi.local/4tbp/pics-sport/Forest%20Run%202026/Pt3/DSC_4698_result.jpg
NETWORK t= 24950.6ms dt=    0.0ms tid=ThreadId(20) smb_read_start url=smb://dietpi.local/4tbp/pics-sport/Forest Run 2026/Pt3/DSC_4698_result.jpg whole-file
NETWORK t= 24974.1ms dt=   23.5ms tid=pic-smb-transport smb_transport stat ms=26.3
NETWORK t= 24974.8ms dt=    0.7ms tid=pic-smb-transport smb_client_context_freed
NETWORK t= 24974.8ms dt=    0.0ms tid=pic-smb-transport smb_client_new_start
NETWORK t= 24974.9ms dt=    0.1ms tid=ThreadId(6) smb_stat_start url=smb://dietpi.local/4tbp/pics-sport/Forest Run 2026/Pt3/DSC_4682_result.jpg lane=background
NETWORK t= 24975.5ms dt=    0.6ms tid=pic-smb-transport smb_client_context_created
NETWORK t= 24975.5ms dt=    0.0ms tid=pic-smb-transport smb_client_init_start
NETWORK t= 24975.5ms dt=    0.0ms tid=pic-smb-transport smb_client_init_done
NETWORK t= 25048.9ms dt=   73.4ms tid=pic-smb-transport smb_transport read_file ms=73.4
NETWORK t= 25049.7ms dt=    0.8ms tid=pic-smb-transport smb_client_context_freed
NETWORK t= 25049.7ms dt=    0.0ms tid=pic-smb-transport smb_client_new_start
NETWORK t= 25049.8ms dt=    0.0ms tid=ThreadId(19) read_done uri=smb://dietpi.local/4tbp/pics-sport/Forest%20Run%202026/Pt3/DSC_4862_result.jpg bytes=1188879 ms=290.9
NETWORK t= 25050.1ms dt=    0.3ms tid=ThreadId(19) materialize_done uri=smb://dietpi.local/4tbp/pics-sport/Forest%20Run%202026/Pt3/DSC_4862_result.jpg path=/home/peet/.cache/picasa-rs/source/q/b2fa547220c96b5c15173bedc09205bceb16755c1297bc1e59dbc6ce1727392c.jpg ms=291.3
NETWORK t= 25050.5ms dt=    0.4ms tid=pic-smb-transport smb_client_context_created
NETWORK t= 25050.5ms dt=    0.0ms tid=pic-smb-transport smb_client_init_start
NETWORK t= 25050.5ms dt=    0.0ms tid=pic-smb-transport smb_client_init_done
NETWORK t= 25053.7ms dt=    3.2ms tid=ThreadId(19) read_start uri=smb://dietpi.local/4tbp/pics-sport/Forest%20Run%202026/Pt3/DSC_4825_result.jpg
NETWORK t= 25053.8ms dt=    0.0ms tid=ThreadId(19) smb_read_start url=smb://dietpi.local/4tbp/pics-sport/Forest Run 2026/Pt3/DSC_4825_result.jpg whole-file
NETWORK t= 25116.7ms dt=   63.0ms tid=pic-smb-transport smb_transport read_file ms=66.2
NETWORK t= 25117.4ms dt=    0.7ms tid=pic-smb-transport smb_client_context_freed
NETWORK t= 25117.4ms dt=    0.0ms tid=pic-smb-transport smb_client_new_start
NETWORK t= 25117.5ms dt=    0.0ms tid=ThreadId(20) read_done uri=smb://dietpi.local/4tbp/pics-sport/Forest%20Run%202026/Pt3/DSC_4698_result.jpg bytes=1546693 ms=166.8
NETWORK t= 25118.2ms dt=    0.7ms tid=pic-smb-transport smb_client_context_created
NETWORK t= 25118.2ms dt=    0.0ms tid=pic-smb-transport smb_client_init_start
NETWORK t= 25118.2ms dt=    0.0ms tid=pic-smb-transport smb_client_init_done
NETWORK t= 25131.3ms dt=   13.1ms tid=ThreadId(20) materialize_start uri=smb://dietpi.local/4tbp/pics-sport/Forest%20Run%202026/Pt3/DSC_4698_result.jpg
NETWORK t= 25131.4ms dt=    0.1ms tid=ThreadId(20) read_start uri=smb://dietpi.local/4tbp/pics-sport/Forest%20Run%202026/Pt3/DSC_4698_result.jpg
NETWORK t= 25131.4ms dt=    0.0ms tid=ThreadId(20) smb_read_start url=smb://dietpi.local/4tbp/pics-sport/Forest Run 2026/Pt3/DSC_4698_result.jpg whole-file
NETWORK t= 25144.8ms dt=   13.4ms tid=pic-smb-transport smb_transport stat ms=26.6
NETWORK t= 25145.6ms dt=    0.7ms tid=pic-smb-transport smb_client_context_freed
NETWORK t= 25145.6ms dt=    0.0ms tid=pic-smb-transport smb_client_new_start
NETWORK t= 25145.7ms dt=    0.1ms tid=ThreadId(6) smb_stat_start url=smb://dietpi.local/4tbp/pics-sport/Forest Run 2026/Pt3/DSC_4681_result.jpg lane=background
NETWORK t= 25146.5ms dt=    0.8ms tid=pic-smb-transport smb_client_context_created
NETWORK t= 25146.6ms dt=    0.0ms tid=pic-smb-transport smb_client_init_start
NETWORK t= 25146.6ms dt=    0.0ms tid=pic-smb-transport smb_client_init_done
NETWORK t= 25230.3ms dt=   83.7ms tid=pic-smb-transport smb_transport read_file ms=83.7
NETWORK t= 25231.0ms dt=    0.7ms tid=pic-smb-transport smb_client_context_freed
NETWORK t= 25231.0ms dt=    0.0ms tid=pic-smb-transport smb_client_new_start
NETWORK t= 25231.0ms dt=    0.0ms tid=ThreadId(20) read_done uri=smb://dietpi.local/4tbp/pics-sport/Forest%20Run%202026/Pt3/DSC_4698_result.jpg bytes=1546693 ms=99.6
NETWORK t= 25231.3ms dt=    0.3ms tid=ThreadId(20) materialize_done uri=smb://dietpi.local/4tbp/pics-sport/Forest%20Run%202026/Pt3/DSC_4698_result.jpg path=/home/peet/.cache/picasa-rs/source/c/d6386d3a41f6936bb0f0b97b35e2dd776f703297acd06124f557fe3562d6615e.jpg ms=100.0
NETWORK t= 25231.7ms dt=    0.3ms tid=pic-smb-transport smb_client_context_created
NETWORK t= 25231.7ms dt=    0.0ms tid=pic-smb-transport smb_client_init_start
NETWORK t= 25231.7ms dt=    0.0ms tid=pic-smb-transport smb_client_init_done
NETWORK t= 25234.4ms dt=    2.7ms tid=ThreadId(20) read_start uri=smb://dietpi.local/4tbp/pics-sport/Forest%20Run%202026/Pt3/DSC_4788_result.jpg
NETWORK t= 25234.4ms dt=    0.0ms tid=ThreadId(20) smb_read_start url=smb://dietpi.local/4tbp/pics-sport/Forest Run 2026/Pt3/DSC_4788_result.jpg whole-file
NETWORK t= 25258.6ms dt=   24.2ms tid=pic-smb-transport smb_transport stat ms=26.9
NETWORK t= 25259.3ms dt=    0.6ms tid=pic-smb-transport smb_client_context_freed
NETWORK t= 25259.3ms dt=    0.0ms tid=pic-smb-transport smb_client_new_start
NETWORK t= 25259.4ms dt=    0.0ms tid=ThreadId(6) smb_stat_start url=smb://dietpi.local/4tbp/pics-sport/Forest Run 2026/Pt3/DSC_4680_result.jpg lane=background
NETWORK t= 25260.0ms dt=    0.7ms tid=pic-smb-transport smb_client_context_created
NETWORK t= 25260.0ms dt=    0.0ms tid=pic-smb-transport smb_client_init_start
NETWORK t= 25260.0ms dt=    0.0ms tid=pic-smb-transport smb_client_init_done
NETWORK t= 25329.1ms dt=   69.1ms tid=pic-smb-transport smb_transport read_file ms=69.1
NETWORK t= 25329.9ms dt=    0.7ms tid=pic-smb-transport smb_client_context_freed
NETWORK t= 25329.9ms dt=    0.0ms tid=pic-smb-transport smb_client_new_start
NETWORK t= 25329.9ms dt=    0.0ms tid=ThreadId(19) read_done uri=smb://dietpi.local/4tbp/pics-sport/Forest%20Run%202026/Pt3/DSC_4825_result.jpg bytes=1090203 ms=276.1
NETWORK t= 25330.5ms dt=    0.6ms tid=pic-smb-transport smb_client_context_created
NETWORK t= 25330.6ms dt=    0.0ms tid=pic-smb-transport smb_client_init_start
NETWORK t= 25330.6ms dt=    0.0ms tid=pic-smb-transport smb_client_init_done
NETWORK t= 25340.5ms dt=   10.0ms tid=ThreadId(19) materialize_start uri=smb://dietpi.local/4tbp/pics-sport/Forest%20Run%202026/Pt3/DSC_4825_result.jpg
NETWORK t= 25340.6ms dt=    0.1ms tid=ThreadId(19) read_start uri=smb://dietpi.local/4tbp/pics-sport/Forest%20Run%202026/Pt3/DSC_4825_result.jpg
NETWORK t= 25340.6ms dt=    0.0ms tid=ThreadId(19) smb_read_start url=smb://dietpi.local/4tbp/pics-sport/Forest Run 2026/Pt3/DSC_4825_result.jpg whole-file
NETWORK t= 25347.6ms dt=    7.0ms tid=pic-smb-transport smb_transport stat ms=17.0
NETWORK t= 25348.0ms dt=    0.4ms tid=pic-smb-transport smb_client_context_freed
NETWORK t= 25348.0ms dt=    0.0ms tid=pic-smb-transport smb_client_new_start
NETWORK t= 25348.1ms dt=    0.1ms tid=ThreadId(6) smb_stat_start url=smb://dietpi.local/4tbp/pics-sport/Forest Run 2026/Pt3/DSC_4675_result.jpg lane=background
NETWORK t= 25348.7ms dt=    0.6ms tid=pic-smb-transport smb_client_context_created
NETWORK t= 25348.7ms dt=    0.0ms tid=pic-smb-transport smb_client_init_start
NETWORK t= 25348.7ms dt=    0.0ms tid=pic-smb-transport smb_client_init_done
NETWORK t= 25391.9ms dt=   43.2ms tid=pic-smb-transport smb_transport read_file ms=43.2
NETWORK t= 25392.3ms dt=    0.4ms tid=pic-smb-transport smb_client_context_freed
NETWORK t= 25392.3ms dt=    0.0ms tid=pic-smb-transport smb_client_new_start
NETWORK t= 25392.3ms dt=    0.0ms tid=ThreadId(19) read_done uri=smb://dietpi.local/4tbp/pics-sport/Forest%20Run%202026/Pt3/DSC_4825_result.jpg bytes=1090203 ms=51.7
NETWORK t= 25392.6ms dt=    0.3ms tid=ThreadId(19) materialize_done uri=smb://dietpi.local/4tbp/pics-sport/Forest%20Run%202026/Pt3/DSC_4825_result.jpg path=/home/peet/.cache/picasa-rs/source/l/2f9dc6c5cecc0b1e92e09d7e2d29b34f5eeb5ac111f7a7f9b780b0c4c693aa69.jpg ms=52.1
NETWORK t= 25392.9ms dt=    0.3ms tid=pic-smb-transport smb_client_context_created
NETWORK t= 25392.9ms dt=    0.0ms tid=pic-smb-transport smb_client_init_start
NETWORK t= 25393.0ms dt=    0.0ms tid=pic-smb-transport smb_client_init_done
NETWORK t= 25395.8ms dt=    2.8ms tid=ThreadId(19) read_start uri=smb://dietpi.local/4tbp/pics-sport/Forest%20Run%202026/Pt3/DSC_4734_result.jpg
NETWORK t= 25395.8ms dt=    0.0ms tid=ThreadId(19) smb_read_start url=smb://dietpi.local/4tbp/pics-sport/Forest Run 2026/Pt3/DSC_4734_result.jpg whole-file
NETWORK t= 25457.6ms dt=   61.8ms tid=pic-smb-transport smb_transport read_file ms=64.6
NETWORK t= 25458.3ms dt=    0.7ms tid=pic-smb-transport smb_client_context_freed
NETWORK t= 25458.3ms dt=    0.0ms tid=pic-smb-transport smb_client_new_start
NETWORK t= 25458.3ms dt=    0.0ms tid=ThreadId(20) read_done uri=smb://dietpi.local/4tbp/pics-sport/Forest%20Run%202026/Pt3/DSC_4788_result.jpg bytes=1150173 ms=223.9
NETWORK t= 25458.9ms dt=    0.6ms tid=pic-smb-transport smb_client_context_created
NETWORK t= 25458.9ms dt=    0.0ms tid=pic-smb-transport smb_client_init_start
NETWORK t= 25458.9ms dt=    0.0ms tid=pic-smb-transport smb_client_init_done
NETWORK t= 25469.0ms dt=   10.0ms tid=ThreadId(20) materialize_start uri=smb://dietpi.local/4tbp/pics-sport/Forest%20Run%202026/Pt3/DSC_4788_result.jpg
NETWORK t= 25469.0ms dt=    0.1ms tid=ThreadId(20) read_start uri=smb://dietpi.local/4tbp/pics-sport/Forest%20Run%202026/Pt3/DSC_4788_result.jpg
NETWORK t= 25469.0ms dt=    0.0ms tid=ThreadId(20) smb_read_start url=smb://dietpi.local/4tbp/pics-sport/Forest Run 2026/Pt3/DSC_4788_result.jpg whole-file
NETWORK t= 25527.7ms dt=   58.7ms tid=pic-smb-transport smb_transport read_file ms=68.7
NETWORK t= 25528.4ms dt=    0.7ms tid=pic-smb-transport smb_client_context_freed
NETWORK t= 25528.4ms dt=    0.0ms tid=pic-smb-transport smb_client_new_start
NETWORK t= 25528.5ms dt=    0.0ms tid=ThreadId(19) read_done uri=smb://dietpi.local/4tbp/pics-sport/Forest%20Run%202026/Pt3/DSC_4734_result.jpg bytes=1107671 ms=132.6
NETWORK t= 25529.2ms dt=    0.7ms tid=pic-smb-transport smb_client_context_created
NETWORK t= 25529.2ms dt=    0.0ms tid=pic-smb-transport smb_client_init_start
NETWORK t= 25529.2ms dt=    0.0ms tid=pic-smb-transport smb_client_init_done
NETWORK t= 25539.8ms dt=   10.5ms tid=ThreadId(19) materialize_start uri=smb://dietpi.local/4tbp/pics-sport/Forest%20Run%202026/Pt3/DSC_4734_result.jpg
NETWORK t= 25539.9ms dt=    0.1ms tid=ThreadId(19) read_start uri=smb://dietpi.local/4tbp/pics-sport/Forest%20Run%202026/Pt3/DSC_4734_result.jpg
NETWORK t= 25539.9ms dt=    0.0ms tid=ThreadId(19) smb_read_start url=smb://dietpi.local/4tbp/pics-sport/Forest Run 2026/Pt3/DSC_4734_result.jpg whole-file
NETWORK t= 25599.8ms dt=   59.9ms tid=pic-smb-transport smb_transport read_file ms=70.6
NETWORK t= 25600.5ms dt=    0.7ms tid=pic-smb-transport smb_client_context_freed
NETWORK t= 25600.6ms dt=    0.0ms tid=pic-smb-transport smb_client_new_start
NETWORK t= 25600.6ms dt=    0.0ms tid=ThreadId(20) read_done uri=smb://dietpi.local/4tbp/pics-sport/Forest%20Run%202026/Pt3/DSC_4788_result.jpg bytes=1150173 ms=131.5
NETWORK t= 25600.9ms dt=    0.3ms tid=ThreadId(20) materialize_done uri=smb://dietpi.local/4tbp/pics-sport/Forest%20Run%202026/Pt3/DSC_4788_result.jpg path=/home/peet/.cache/picasa-rs/source/i/33d2b32afa2199d89b8a394c9d7ad8049908accd1bd91200efa7fa9f47faf2b1.jpg ms=131.9
NETWORK t= 25601.3ms dt=    0.4ms tid=pic-smb-transport smb_client_context_created
NETWORK t= 25601.3ms dt=    0.0ms tid=pic-smb-transport smb_client_init_start
NETWORK t= 25601.3ms dt=    0.0ms tid=pic-smb-transport smb_client_init_done
NETWORK t= 25604.1ms dt=    2.8ms tid=ThreadId(20) read_start uri=smb://dietpi.local/4tbp/pics-sport/Forest%20Run%202026/Pt3/DSC_4703_result.jpg
NETWORK t= 25604.1ms dt=    0.0ms tid=ThreadId(20) smb_read_start url=smb://dietpi.local/4tbp/pics-sport/Forest Run 2026/Pt3/DSC_4703_result.jpg whole-file
NETWORK t= 25617.9ms dt=   13.8ms tid=pic-smb-transport smb_transport stat ms=16.6
NETWORK t= 25618.4ms dt=    0.5ms tid=pic-smb-transport smb_client_context_freed
NETWORK t= 25618.4ms dt=    0.0ms tid=pic-smb-transport smb_client_new_start
NETWORK t= 25619.0ms dt=    0.6ms tid=pic-smb-transport smb_client_context_created
NETWORK t= 25619.1ms dt=    0.0ms tid=pic-smb-transport smb_client_init_start
NETWORK t= 25619.1ms dt=    0.0ms tid=pic-smb-transport smb_client_init_done
NETWORK t= 25620.4ms dt=    1.4ms tid=ThreadId(6) recovery_start total=179 offline=0
NETWORK t= 25669.0ms dt=   48.6ms tid=pic-smb-transport smb_transport read_file ms=49.9
NETWORK t= 25669.7ms dt=    0.7ms tid=pic-smb-transport smb_client_context_freed
NETWORK t= 25669.7ms dt=    0.0ms tid=pic-smb-transport smb_client_new_start
NETWORK t= 25669.8ms dt=    0.0ms tid=ThreadId(20) read_done uri=smb://dietpi.local/4tbp/pics-sport/Forest%20Run%202026/Pt3/DSC_4703_result.jpg bytes=1228220 ms=65.6
NETWORK t= 25670.4ms dt=    0.6ms tid=pic-smb-transport smb_client_context_created
NETWORK t= 25670.4ms dt=    0.0ms tid=pic-smb-transport smb_client_init_start
NETWORK t= 25670.5ms dt=    0.0ms tid=pic-smb-transport smb_client_init_done
NETWORK t= 25681.8ms dt=   11.3ms tid=ThreadId(20) materialize_start uri=smb://dietpi.local/4tbp/pics-sport/Forest%20Run%202026/Pt3/DSC_4703_result.jpg
NETWORK t= 25681.8ms dt=    0.1ms tid=ThreadId(20) read_start uri=smb://dietpi.local/4tbp/pics-sport/Forest%20Run%202026/Pt3/DSC_4703_result.jpg
NETWORK t= 25681.9ms dt=    0.0ms tid=ThreadId(20) smb_read_start url=smb://dietpi.local/4tbp/pics-sport/Forest Run 2026/Pt3/DSC_4703_result.jpg whole-file
NETWORK t= 25740.2ms dt=   58.4ms tid=pic-smb-transport smb_transport read_file ms=69.7
NETWORK t= 25740.9ms dt=    0.7ms tid=pic-smb-transport smb_client_context_freed
NETWORK t= 25741.0ms dt=    0.0ms tid=pic-smb-transport smb_client_new_start
NETWORK t= 25741.0ms dt=    0.0ms tid=ThreadId(19) read_done uri=smb://dietpi.local/4tbp/pics-sport/Forest%20Run%202026/Pt3/DSC_4734_result.jpg bytes=1107671 ms=201.1
NETWORK t= 25741.3ms dt=    0.3ms tid=ThreadId(19) materialize_done uri=smb://dietpi.local/4tbp/pics-sport/Forest%20Run%202026/Pt3/DSC_4734_result.jpg path=/home/peet/.cache/picasa-rs/source/w/25643d618ff85dbe4ac080bf199535058300497d443251ded74d9a7037e30fe9.jpg ms=201.5
NETWORK t= 25741.6ms dt=    0.3ms tid=pic-smb-transport smb_client_context_created
NETWORK t= 25741.7ms dt=    0.0ms tid=pic-smb-transport smb_client_init_start
NETWORK t= 25741.7ms dt=    0.0ms tid=pic-smb-transport smb_client_init_done
NETWORK t= 25744.7ms dt=    3.1ms tid=ThreadId(19) read_start uri=smb://dietpi.local/4tbp/pics-sport/Forest%20Run%202026/Pt3/DSC_4726_result.jpg
NETWORK t= 25744.8ms dt=    0.0ms tid=ThreadId(19) smb_read_start url=smb://dietpi.local/4tbp/pics-sport/Forest Run 2026/Pt3/DSC_4726_result.jpg whole-file
NETWORK t= 25816.0ms dt=   71.2ms tid=pic-smb-transport smb_transport read_file ms=74.3
NETWORK t= 25816.7ms dt=    0.7ms tid=pic-smb-transport smb_client_context_freed
NETWORK t= 25816.7ms dt=    0.0ms tid=pic-smb-transport smb_client_new_start
NETWORK t= 25816.7ms dt=    0.0ms tid=ThreadId(20) read_done uri=smb://dietpi.local/4tbp/pics-sport/Forest%20Run%202026/Pt3/DSC_4703_result.jpg bytes=1228220 ms=134.8
NETWORK t= 25817.0ms dt=    0.3ms tid=ThreadId(20) materialize_done uri=smb://dietpi.local/4tbp/pics-sport/Forest%20Run%202026/Pt3/DSC_4703_result.jpg path=/home/peet/.cache/picasa-rs/source/i/a2c67ae75d72c3a540ff0a97353e98a80dc5ffa2652b2989e359d21f3b30a723.jpg ms=135.3
NETWORK t= 25817.5ms dt=    0.5ms tid=pic-smb-transport smb_client_context_created
NETWORK t= 25817.6ms dt=    0.0ms tid=pic-smb-transport smb_client_init_start
NETWORK t= 25817.6ms dt=    0.0ms tid=pic-smb-transport smb_client_init_done
NETWORK t= 25820.2ms dt=    2.7ms tid=ThreadId(20) read_start uri=smb://dietpi.local/4tbp/pics-sport/Forest%20Run%202026/Pt3/DSC_4814_result.jpg
NETWORK t= 25820.3ms dt=    0.0ms tid=ThreadId(20) smb_read_start url=smb://dietpi.local/4tbp/pics-sport/Forest Run 2026/Pt3/DSC_4814_result.jpg whole-file
NETWORK t= 25879.2ms dt=   58.9ms tid=main tile_activated photo_id=928 index=29 op=3
NETWORK t= 25879.2ms dt=    0.0ms tid=main lightbox_open index=29 op=3
NETWORK t= 25886.7ms dt=    7.5ms tid=pic-smb-transport smb_transport read_file ms=69.1
NETWORK t= 25887.4ms dt=    0.7ms tid=pic-smb-transport smb_client_context_freed
NETWORK t= 25887.4ms dt=    0.0ms tid=pic-smb-transport smb_client_new_start
NETWORK t= 25887.4ms dt=    0.0ms tid=ThreadId(19) read_done uri=smb://dietpi.local/4tbp/pics-sport/Forest%20Run%202026/Pt3/DSC_4726_result.jpg bytes=1104733 ms=142.7
NETWORK t= 25888.1ms dt=    0.7ms tid=pic-smb-transport smb_client_context_created
NETWORK t= 25888.2ms dt=    0.0ms tid=pic-smb-transport smb_client_init_start
NETWORK t= 25888.2ms dt=    0.0ms tid=pic-smb-transport smb_client_init_done
NETWORK t= 25894.7ms dt=    6.5ms tid=main decode_start uri=smb://dietpi.local/4tbp/pics-sport/Forest%20Run%202026/Pt3/DSC_4722_result.jpg op=3
NETWORK t= 25894.8ms dt=    0.1ms tid=lightbox-decode materialize_start uri=smb://dietpi.local/4tbp/pics-sport/Forest%20Run%202026/Pt3/DSC_4722_result.jpg
NETWORK t= 25894.9ms dt=    0.1ms tid=lightbox-decode read_start uri=smb://dietpi.local/4tbp/pics-sport/Forest%20Run%202026/Pt3/DSC_4722_result.jpg
NETWORK t= 25894.9ms dt=    0.0ms tid=lightbox-decode smb_read_start url=smb://dietpi.local/4tbp/pics-sport/Forest Run 2026/Pt3/DSC_4722_result.jpg whole-file
NETWORK t= 25899.4ms dt=    4.5ms tid=ThreadId(19) materialize_start uri=smb://dietpi.local/4tbp/pics-sport/Forest%20Run%202026/Pt3/DSC_4726_result.jpg
NETWORK t= 25899.4ms dt=    0.1ms tid=ThreadId(19) read_start uri=smb://dietpi.local/4tbp/pics-sport/Forest%20Run%202026/Pt3/DSC_4726_result.jpg
NETWORK t= 25899.4ms dt=    0.0ms tid=ThreadId(19) smb_read_start url=smb://dietpi.local/4tbp/pics-sport/Forest Run 2026/Pt3/DSC_4726_result.jpg whole-file
NETWORK t= 25956.0ms dt=   56.6ms tid=pic-smb-transport smb_transport read_file ms=67.8
NETWORK t= 25956.8ms dt=    0.7ms tid=pic-smb-transport smb_client_context_freed
NETWORK t= 25956.8ms dt=    0.0ms tid=pic-smb-transport smb_client_new_start
NETWORK t= 25956.8ms dt=    0.0ms tid=ThreadId(20) read_done uri=smb://dietpi.local/4tbp/pics-sport/Forest%20Run%202026/Pt3/DSC_4814_result.jpg bytes=1101817 ms=136.5
NETWORK t= 25957.5ms dt=    0.7ms tid=pic-smb-transport smb_client_context_created
NETWORK t= 25957.5ms dt=    0.0ms tid=pic-smb-transport smb_client_init_start
NETWORK t= 25957.6ms dt=    0.0ms tid=pic-smb-transport smb_client_init_done
NETWORK t= 25967.9ms dt=   10.3ms tid=ThreadId(20) materialize_start uri=smb://dietpi.local/4tbp/pics-sport/Forest%20Run%202026/Pt3/DSC_4814_result.jpg
NETWORK t= 25968.0ms dt=    0.1ms tid=ThreadId(20) read_start uri=smb://dietpi.local/4tbp/pics-sport/Forest%20Run%202026/Pt3/DSC_4814_result.jpg
NETWORK t= 25968.0ms dt=    0.0ms tid=ThreadId(20) smb_read_start url=smb://dietpi.local/4tbp/pics-sport/Forest Run 2026/Pt3/DSC_4814_result.jpg whole-file
NETWORK t= 26027.7ms dt=   59.7ms tid=pic-smb-transport smb_transport read_file ms=70.1
NETWORK t= 26028.5ms dt=    0.7ms tid=pic-smb-transport smb_client_context_freed
NETWORK t= 26028.5ms dt=    0.0ms tid=pic-smb-transport smb_client_new_start
NETWORK t= 26028.5ms dt=    0.0ms tid=ThreadId(19) read_done uri=smb://dietpi.local/4tbp/pics-sport/Forest%20Run%202026/Pt3/DSC_4726_result.jpg bytes=1104733 ms=129.1
NETWORK t= 26028.8ms dt=    0.3ms tid=ThreadId(19) materialize_done uri=smb://dietpi.local/4tbp/pics-sport/Forest%20Run%202026/Pt3/DSC_4726_result.jpg path=/home/peet/.cache/picasa-rs/source/t/b3b1b51e2defefae25e72ed8d905dd7843cecdc4153b107d3c7973c8c3132771.jpg ms=129.4
NETWORK t= 26029.2ms dt=    0.4ms tid=pic-smb-transport smb_client_context_created
NETWORK t= 26029.3ms dt=    0.0ms tid=pic-smb-transport smb_client_init_start
NETWORK t= 26029.3ms dt=    0.0ms tid=pic-smb-transport smb_client_init_done
NETWORK t= 26032.2ms dt=    2.9ms tid=ThreadId(19) read_start uri=smb://dietpi.local/4tbp/pics-sport/Forest%20Run%202026/Pt3/DSC_4855_result.jpg
NETWORK t= 26032.2ms dt=    0.0ms tid=ThreadId(19) smb_read_start url=smb://dietpi.local/4tbp/pics-sport/Forest Run 2026/Pt3/DSC_4855_result.jpg whole-file
NETWORK t= 26097.1ms dt=   64.9ms tid=pic-smb-transport smb_transport read_file ms=67.8
NETWORK t= 26097.8ms dt=    0.7ms tid=pic-smb-transport smb_client_context_freed
NETWORK t= 26097.9ms dt=    0.0ms tid=pic-smb-transport smb_client_new_start
NETWORK t= 26097.9ms dt=    0.0ms tid=lightbox-decode read_done uri=smb://dietpi.local/4tbp/pics-sport/Forest%20Run%202026/Pt3/DSC_4722_result.jpg bytes=1110456 ms=203.0
NETWORK t= 26098.2ms dt=    0.3ms tid=lightbox-decode materialize_done uri=smb://dietpi.local/4tbp/pics-sport/Forest%20Run%202026/Pt3/DSC_4722_result.jpg path=/home/peet/.cache/picasa-rs/source/w/110050244084bbe63e055a91028ea63c56287553cf7909ebbe970af7cf044c34.jpg ms=203.4
NETWORK t= 26098.3ms dt=    0.1ms tid=lightbox-decode materialize_start uri=smb://dietpi.local/4tbp/pics-sport/Forest%20Run%202026/Pt3/DSC_4722_result.jpg
NETWORK t= 26098.3ms dt=    0.0ms tid=lightbox-decode materialize_done uri=smb://dietpi.local/4tbp/pics-sport/Forest%20Run%202026/Pt3/DSC_4722_result.jpg path=/home/peet/.cache/picasa-rs/source/w/110050244084bbe63e055a91028ea63c56287553cf7909ebbe970af7cf044c34.jpg ms=0.0
NETWORK t= 26098.7ms dt=    0.4ms tid=pic-smb-transport smb_client_context_created
NETWORK t= 26098.8ms dt=    0.0ms tid=pic-smb-transport smb_client_init_start
NETWORK t= 26098.8ms dt=    0.0ms tid=pic-smb-transport smb_client_init_done
NETWORK t= 26129.6ms dt=   30.8ms tid=lightbox-prefetch materialize_start uri=smb://dietpi.local/4tbp/pics-sport/Forest%20Run%202026/Pt3/DSC_4869_result.jpg
NETWORK t= 26129.7ms dt=    0.1ms tid=lightbox-prefetch read_start uri=smb://dietpi.local/4tbp/pics-sport/Forest%20Run%202026/Pt3/DSC_4869_result.jpg
NETWORK t= 26129.7ms dt=    0.0ms tid=lightbox-prefetch smb_read_start url=smb://dietpi.local/4tbp/pics-sport/Forest Run 2026/Pt3/DSC_4869_result.jpg whole-file
NETWORK t= 26139.5ms dt=    9.8ms tid=main decode_done uri=smb://dietpi.local/4tbp/pics-sport/Forest%20Run%202026/Pt3/DSC_4722_result.jpg w=1096 h=732 ms=244.8 op=3
NETWORK t= 26170.5ms dt=   31.0ms tid=pic-smb-transport smb_transport read_file ms=71.7
NETWORK t= 26171.2ms dt=    0.6ms tid=pic-smb-transport smb_client_context_freed
NETWORK t= 26171.2ms dt=    0.0ms tid=pic-smb-transport smb_client_new_start
NETWORK t= 26171.2ms dt=    0.0ms tid=ThreadId(20) read_done uri=smb://dietpi.local/4tbp/pics-sport/Forest%20Run%202026/Pt3/DSC_4814_result.jpg bytes=1101817 ms=203.2
NETWORK t= 26171.5ms dt=    0.3ms tid=ThreadId(20) materialize_done uri=smb://dietpi.local/4tbp/pics-sport/Forest%20Run%202026/Pt3/DSC_4814_result.jpg path=/home/peet/.cache/picasa-rs/source/p/3bb9fe3797118423bef97888ae7724083f71d4577b2e1d56f858e3bcd9f1eed1.jpg ms=203.6
NETWORK t= 26171.8ms dt=    0.3ms tid=pic-smb-transport smb_client_context_created
NETWORK t= 26171.9ms dt=    0.0ms tid=pic-smb-transport smb_client_init_start
NETWORK t= 26171.9ms dt=    0.0ms tid=pic-smb-transport smb_client_init_done
NETWORK t= 26174.4ms dt=    2.6ms tid=ThreadId(20) read_start uri=smb://dietpi.local/4tbp/pics-sport/Forest%20Run%202026/Pt3/DSC_4819_result.jpg
NETWORK t= 26174.5ms dt=    0.0ms tid=ThreadId(20) smb_read_start url=smb://dietpi.local/4tbp/pics-sport/Forest Run 2026/Pt3/DSC_4819_result.jpg whole-file
NETWORK t= 26258.7ms dt=   84.2ms tid=pic-smb-transport smb_transport read_file ms=86.8
NETWORK t= 26259.4ms dt=    0.7ms tid=pic-smb-transport smb_client_context_freed
NETWORK t= 26259.4ms dt=    0.0ms tid=pic-smb-transport smb_client_new_start
NETWORK t= 26259.4ms dt=    0.0ms tid=ThreadId(19) read_done uri=smb://dietpi.local/4tbp/pics-sport/Forest%20Run%202026/Pt3/DSC_4855_result.jpg bytes=1549993 ms=227.2
NETWORK t= 26260.1ms dt=    0.7ms tid=pic-smb-transport smb_client_context_created
NETWORK t= 26260.1ms dt=    0.0ms tid=pic-smb-transport smb_client_init_start
NETWORK t= 26260.1ms dt=    0.0ms tid=pic-smb-transport smb_client_init_done
NETWORK t= 26273.0ms dt=   12.9ms tid=ThreadId(19) materialize_start uri=smb://dietpi.local/4tbp/pics-sport/Forest%20Run%202026/Pt3/DSC_4855_result.jpg
NETWORK t= 26273.0ms dt=    0.1ms tid=ThreadId(19) read_start uri=smb://dietpi.local/4tbp/pics-sport/Forest%20Run%202026/Pt3/DSC_4855_result.jpg
NETWORK t= 26273.1ms dt=    0.0ms tid=ThreadId(19) smb_read_start url=smb://dietpi.local/4tbp/pics-sport/Forest Run 2026/Pt3/DSC_4855_result.jpg whole-file
NETWORK t= 26329.8ms dt=   56.8ms tid=pic-smb-transport smb_transport read_file ms=69.7
NETWORK t= 26330.3ms dt=    0.5ms tid=pic-smb-transport smb_client_context_freed
NETWORK t= 26330.3ms dt=    0.0ms tid=pic-smb-transport smb_client_new_start
NETWORK t= 26330.3ms dt=    0.0ms tid=lightbox-prefetch read_done uri=smb://dietpi.local/4tbp/pics-sport/Forest%20Run%202026/Pt3/DSC_4869_result.jpg bytes=1401126 ms=200.6
NETWORK t= 26330.7ms dt=    0.3ms tid=lightbox-prefetch materialize_done uri=smb://dietpi.local/4tbp/pics-sport/Forest%20Run%202026/Pt3/DSC_4869_result.jpg path=/home/peet/.cache/picasa-rs/source/j/a0f3e7c4eadbdf3293eb7b91b8102fce00bf9061967dd576ce677901b0d77792.jpg ms=201.0
NETWORK t= 26330.7ms dt=    0.1ms tid=lightbox-prefetch materialize_start uri=smb://dietpi.local/4tbp/pics-sport/Forest%20Run%202026/Pt3/DSC_4869_result.jpg
NETWORK t= 26330.8ms dt=    0.0ms tid=lightbox-prefetch materialize_done uri=smb://dietpi.local/4tbp/pics-sport/Forest%20Run%202026/Pt3/DSC_4869_result.jpg path=/home/peet/.cache/picasa-rs/source/j/a0f3e7c4eadbdf3293eb7b91b8102fce00bf9061967dd576ce677901b0d77792.jpg ms=0.0
NETWORK t= 26331.1ms dt=    0.3ms tid=pic-smb-transport smb_client_context_created
NETWORK t= 26331.1ms dt=    0.0ms tid=pic-smb-transport smb_client_init_start
NETWORK t= 26331.1ms dt=    0.0ms tid=pic-smb-transport smb_client_init_done
NETWORK t= 26402.7ms dt=   71.6ms tid=pic-smb-transport smb_transport read_file ms=71.6
NETWORK t= 26403.4ms dt=    0.7ms tid=pic-smb-transport smb_client_context_freed
NETWORK t= 26403.4ms dt=    0.0ms tid=pic-smb-transport smb_client_new_start
NETWORK t= 26403.5ms dt=    0.0ms tid=ThreadId(19) read_done uri=smb://dietpi.local/4tbp/pics-sport/Forest%20Run%202026/Pt3/DSC_4855_result.jpg bytes=1549993 ms=130.4
NETWORK t= 26403.8ms dt=    0.3ms tid=ThreadId(19) materialize_done uri=smb://dietpi.local/4tbp/pics-sport/Forest%20Run%202026/Pt3/DSC_4855_result.jpg path=/home/peet/.cache/picasa-rs/source/e/a3768096eb3d3311cd7b841754304e0c894a0b7e1e1a8293d62ee5c00971c62f.jpg ms=130.8
NETWORK t= 26404.1ms dt=    0.3ms tid=pic-smb-transport smb_client_context_created
NETWORK t= 26404.1ms dt=    0.0ms tid=pic-smb-transport smb_client_init_start
NETWORK t= 26404.1ms dt=    0.0ms tid=pic-smb-transport smb_client_init_done
NETWORK t= 26407.0ms dt=    2.9ms tid=ThreadId(19) read_start uri=smb://dietpi.local/4tbp/pics-sport/Forest%20Run%202026/Pt3/DSC_4784_result.jpg
NETWORK t= 26407.1ms dt=    0.0ms tid=ThreadId(19) smb_read_start url=smb://dietpi.local/4tbp/pics-sport/Forest Run 2026/Pt3/DSC_4784_result.jpg whole-file
NETWORK t= 26474.0ms dt=   66.9ms tid=pic-smb-transport smb_transport read_file ms=69.8
NETWORK t= 26474.8ms dt=    0.8ms tid=pic-smb-transport smb_client_context_freed
NETWORK t= 26474.8ms dt=    0.0ms tid=pic-smb-transport smb_client_new_start
NETWORK t= 26474.8ms dt=    0.0ms tid=ThreadId(20) read_done uri=smb://dietpi.local/4tbp/pics-sport/Forest%20Run%202026/Pt3/DSC_4819_result.jpg bytes=1107638 ms=300.4
NETWORK t= 26475.5ms dt=    0.6ms tid=pic-smb-transport smb_client_context_created
NETWORK t= 26475.5ms dt=    0.0ms tid=pic-smb-transport smb_client_init_start
NETWORK t= 26475.5ms dt=    0.0ms tid=pic-smb-transport smb_client_init_done
NETWORK t= 26486.0ms dt=   10.5ms tid=ThreadId(20) materialize_start uri=smb://dietpi.local/4tbp/pics-sport/Forest%20Run%202026/Pt3/DSC_4819_result.jpg
NETWORK t= 26486.0ms dt=    0.1ms tid=ThreadId(20) read_start uri=smb://dietpi.local/4tbp/pics-sport/Forest%20Run%202026/Pt3/DSC_4819_result.jpg
NETWORK t= 26486.1ms dt=    0.0ms tid=ThreadId(20) smb_read_start url=smb://dietpi.local/4tbp/pics-sport/Forest Run 2026/Pt3/DSC_4819_result.jpg whole-file
NETWORK t= 26549.6ms dt=   63.6ms tid=pic-smb-transport smb_transport read_file ms=74.1
NETWORK t= 26550.3ms dt=    0.7ms tid=pic-smb-transport smb_client_context_freed
NETWORK t= 26550.4ms dt=    0.0ms tid=pic-smb-transport smb_client_new_start
NETWORK t= 26550.4ms dt=    0.0ms tid=ThreadId(19) read_done uri=smb://dietpi.local/4tbp/pics-sport/Forest%20Run%202026/Pt3/DSC_4784_result.jpg bytes=1198418 ms=143.3
NETWORK t= 26551.1ms dt=    0.7ms tid=pic-smb-transport smb_client_context_created
NETWORK t= 26551.1ms dt=    0.0ms tid=pic-smb-transport smb_client_init_start
NETWORK t= 26551.2ms dt=    0.0ms tid=pic-smb-transport smb_client_init_done
NETWORK t= 26562.2ms dt=   11.1ms tid=ThreadId(19) materialize_start uri=smb://dietpi.local/4tbp/pics-sport/Forest%20Run%202026/Pt3/DSC_4784_result.jpg
NETWORK t= 26562.3ms dt=    0.1ms tid=ThreadId(19) read_start uri=smb://dietpi.local/4tbp/pics-sport/Forest%20Run%202026/Pt3/DSC_4784_result.jpg
NETWORK t= 26562.3ms dt=    0.0ms tid=ThreadId(19) smb_read_start url=smb://dietpi.local/4tbp/pics-sport/Forest Run 2026/Pt3/DSC_4784_result.jpg whole-file
NETWORK t= 26621.7ms dt=   59.3ms tid=pic-smb-transport smb_transport read_file ms=70.5
NETWORK t= 26622.4ms dt=    0.7ms tid=pic-smb-transport smb_client_context_freed
NETWORK t= 26622.4ms dt=    0.0ms tid=pic-smb-transport smb_client_new_start
NETWORK t= 26622.5ms dt=    0.0ms tid=ThreadId(20) read_done uri=smb://dietpi.local/4tbp/pics-sport/Forest%20Run%202026/Pt3/DSC_4819_result.jpg bytes=1107638 ms=136.4
NETWORK t= 26622.8ms dt=    0.3ms tid=ThreadId(20) materialize_done uri=smb://dietpi.local/4tbp/pics-sport/Forest%20Run%202026/Pt3/DSC_4819_result.jpg path=/home/peet/.cache/picasa-rs/source/1/4e0d64c562c8730ab00c6f4d7400c960bcacd38f06cbdbf6d3ea5bd3eb9da8ee.jpg ms=136.8
NETWORK t= 26623.1ms dt=    0.3ms tid=pic-smb-transport smb_client_context_created
NETWORK t= 26623.1ms dt=    0.0ms tid=pic-smb-transport smb_client_init_start
NETWORK t= 26623.1ms dt=    0.0ms tid=pic-smb-transport smb_client_init_done
NETWORK t= 26626.3ms dt=    3.2ms tid=ThreadId(20) read_start uri=smb://dietpi.local/4tbp/pics-sport/Forest%20Run%202026/Pt3/DSC_4702_result.jpg
NETWORK t= 26626.3ms dt=    0.0ms tid=ThreadId(20) smb_read_start url=smb://dietpi.local/4tbp/pics-sport/Forest Run 2026/Pt3/DSC_4702_result.jpg whole-file
NETWORK t= 26691.6ms dt=   65.3ms tid=pic-smb-transport smb_transport read_file ms=68.5
NETWORK t= 26692.3ms dt=    0.7ms tid=pic-smb-transport smb_client_context_freed
NETWORK t= 26692.4ms dt=    0.0ms tid=pic-smb-transport smb_client_new_start
NETWORK t= 26692.4ms dt=    0.0ms tid=ThreadId(19) read_done uri=smb://dietpi.local/4tbp/pics-sport/Forest%20Run%202026/Pt3/DSC_4784_result.jpg bytes=1198418 ms=130.0
NETWORK t= 26692.7ms dt=    0.3ms tid=ThreadId(19) materialize_done uri=smb://dietpi.local/4tbp/pics-sport/Forest%20Run%202026/Pt3/DSC_4784_result.jpg path=/home/peet/.cache/picasa-rs/source/g/1e94975dc9ffdc695307e3000877ba9bcb16150149add9a68ff061d4762d43ad.jpg ms=130.4
NETWORK t= 26693.1ms dt=    0.5ms tid=pic-smb-transport smb_client_context_created
NETWORK t= 26693.2ms dt=    0.0ms tid=pic-smb-transport smb_client_init_start
NETWORK t= 26693.2ms dt=    0.0ms tid=pic-smb-transport smb_client_init_done
NETWORK t= 26696.1ms dt=    2.9ms tid=ThreadId(19) read_start uri=smb://dietpi.local/4tbp/pics-sport/Forest%20Run%202026/Pt3/DSC_4791_result.jpg
NETWORK t= 26696.1ms dt=    0.0ms tid=ThreadId(19) smb_read_start url=smb://dietpi.local/4tbp/pics-sport/Forest Run 2026/Pt3/DSC_4791_result.jpg whole-file
NETWORK t= 26746.9ms dt=   50.8ms tid=pic-smb-transport smb_transport read_file ms=53.7
NETWORK t= 26747.4ms dt=    0.4ms tid=pic-smb-transport smb_client_context_freed
NETWORK t= 26747.4ms dt=    0.0ms tid=pic-smb-transport smb_client_new_start
NETWORK t= 26747.4ms dt=    0.0ms tid=ThreadId(20) read_done uri=smb://dietpi.local/4tbp/pics-sport/Forest%20Run%202026/Pt3/DSC_4702_result.jpg bytes=1326437 ms=121.1
NETWORK t= 26748.0ms dt=    0.6ms tid=pic-smb-transport smb_client_context_created
NETWORK t= 26748.0ms dt=    0.0ms tid=pic-smb-transport smb_client_init_start
NETWORK t= 26748.1ms dt=    0.0ms tid=pic-smb-transport smb_client_init_done
NETWORK t= 26760.2ms dt=   12.1ms tid=ThreadId(20) materialize_start uri=smb://dietpi.local/4tbp/pics-sport/Forest%20Run%202026/Pt3/DSC_4702_result.jpg
NETWORK t= 26760.2ms dt=    0.1ms tid=ThreadId(20) read_start uri=smb://dietpi.local/4tbp/pics-sport/Forest%20Run%202026/Pt3/DSC_4702_result.jpg
NETWORK t= 26760.2ms dt=    0.0ms tid=ThreadId(20) smb_read_start url=smb://dietpi.local/4tbp/pics-sport/Forest Run 2026/Pt3/DSC_4702_result.jpg whole-file
NETWORK t= 26795.5ms dt=   35.2ms tid=pic-smb-transport smb_transport read_file ms=47.4
NETWORK t= 26796.1ms dt=    0.6ms tid=pic-smb-transport smb_client_context_freed
NETWORK t= 26796.1ms dt=    0.0ms tid=pic-smb-transport smb_client_new_start
NETWORK t= 26796.1ms dt=    0.0ms tid=ThreadId(19) read_done uri=smb://dietpi.local/4tbp/pics-sport/Forest%20Run%202026/Pt3/DSC_4791_result.jpg bytes=1257652 ms=100.0
NETWORK t= 26796.7ms dt=    0.6ms tid=pic-smb-transport smb_client_context_created
NETWORK t= 26796.7ms dt=    0.0ms tid=pic-smb-transport smb_client_init_start
NETWORK t= 26796.7ms dt=    0.0ms tid=pic-smb-transport smb_client_init_done
NETWORK t= 26808.2ms dt=   11.4ms tid=ThreadId(19) materialize_start uri=smb://dietpi.local/4tbp/pics-sport/Forest%20Run%202026/Pt3/DSC_4791_result.jpg
NETWORK t= 26808.2ms dt=    0.1ms tid=ThreadId(19) read_start uri=smb://dietpi.local/4tbp/pics-sport/Forest%20Run%202026/Pt3/DSC_4791_result.jpg
NETWORK t= 26808.2ms dt=    0.0ms tid=ThreadId(19) smb_read_start url=smb://dietpi.local/4tbp/pics-sport/Forest Run 2026/Pt3/DSC_4791_result.jpg whole-file
NETWORK t= 26865.7ms dt=   57.5ms tid=pic-smb-transport smb_transport read_file ms=69.0
NETWORK t= 26866.5ms dt=    0.7ms tid=pic-smb-transport smb_client_context_freed
NETWORK t= 26866.5ms dt=    0.0ms tid=pic-smb-transport smb_client_new_start
NETWORK t= 26866.5ms dt=    0.0ms tid=ThreadId(20) read_done uri=smb://dietpi.local/4tbp/pics-sport/Forest%20Run%202026/Pt3/DSC_4702_result.jpg bytes=1326437 ms=106.3
NETWORK t= 26866.8ms dt=    0.3ms tid=ThreadId(20) materialize_done uri=smb://dietpi.local/4tbp/pics-sport/Forest%20Run%202026/Pt3/DSC_4702_result.jpg path=/home/peet/.cache/picasa-rs/source/e/828e0831704b8063bf2ce8e53bec6c2d7302ecd8c542e324f980d9a2a5705b05.jpg ms=106.7
NETWORK t= 26867.2ms dt=    0.4ms tid=pic-smb-transport smb_client_context_created
NETWORK t= 26867.2ms dt=    0.0ms tid=pic-smb-transport smb_client_init_start
NETWORK t= 26867.3ms dt=    0.0ms tid=pic-smb-transport smb_client_init_done
NETWORK t= 26870.2ms dt=    3.0ms tid=ThreadId(20) read_start uri=smb://dietpi.local/4tbp/pics-sport/Forest%20Run%202026/Pt3/DSC_4709_result.jpg
NETWORK t= 26870.3ms dt=    0.0ms tid=ThreadId(20) smb_read_start url=smb://dietpi.local/4tbp/pics-sport/Forest Run 2026/Pt3/DSC_4709_result.jpg whole-file
NETWORK t= 26942.9ms dt=   72.6ms tid=pic-smb-transport smb_transport read_file ms=75.6
NETWORK t= 26943.6ms dt=    0.7ms tid=pic-smb-transport smb_client_context_freed
NETWORK t= 26943.6ms dt=    0.0ms tid=pic-smb-transport smb_client_new_start
NETWORK t= 26943.7ms dt=    0.0ms tid=ThreadId(19) read_done uri=smb://dietpi.local/4tbp/pics-sport/Forest%20Run%202026/Pt3/DSC_4791_result.jpg bytes=1257652 ms=135.4
NETWORK t= 26944.0ms dt=    0.3ms tid=ThreadId(19) materialize_done uri=smb://dietpi.local/4tbp/pics-sport/Forest%20Run%202026/Pt3/DSC_4791_result.jpg path=/home/peet/.cache/picasa-rs/source/r/7173d929cf75bf0111e00aec0d87d103a015aaff9b028a703e6d49250e0f572f.jpg ms=135.8
NETWORK t= 26944.4ms dt=    0.4ms tid=pic-smb-transport smb_client_context_created
NETWORK t= 26944.4ms dt=    0.0ms tid=pic-smb-transport smb_client_init_start
NETWORK t= 26944.4ms dt=    0.0ms tid=pic-smb-transport smb_client_init_done
NETWORK t= 26947.2ms dt=    2.8ms tid=ThreadId(19) read_start uri=smb://dietpi.local/4tbp/pics-sport/Forest%20Run%202026/Pt3/DSC_4746_result.jpg
NETWORK t= 26947.2ms dt=    0.0ms tid=ThreadId(19) smb_read_start url=smb://dietpi.local/4tbp/pics-sport/Forest Run 2026/Pt3/DSC_4746_result.jpg whole-file
NETWORK t= 26998.9ms dt=   51.7ms tid=pic-smb-transport smb_transport read_file ms=54.4
NETWORK t= 26999.4ms dt=    0.5ms tid=pic-smb-transport smb_client_context_freed
NETWORK t= 26999.4ms dt=    0.0ms tid=pic-smb-transport smb_client_new_start
NETWORK t= 26999.5ms dt=    0.0ms tid=ThreadId(20) read_done uri=smb://dietpi.local/4tbp/pics-sport/Forest%20Run%202026/Pt3/DSC_4709_result.jpg bytes=1260885 ms=129.2
NETWORK t= 27000.1ms dt=    0.7ms tid=pic-smb-transport smb_client_context_created
NETWORK t= 27000.1ms dt=    0.0ms tid=pic-smb-transport smb_client_init_start
NETWORK t= 27000.2ms dt=    0.0ms tid=pic-smb-transport smb_client_init_done
NETWORK t= 27011.5ms dt=   11.3ms tid=ThreadId(20) materialize_start uri=smb://dietpi.local/4tbp/pics-sport/Forest%20Run%202026/Pt3/DSC_4709_result.jpg
NETWORK t= 27011.5ms dt=    0.1ms tid=ThreadId(20) read_start uri=smb://dietpi.local/4tbp/pics-sport/Forest%20Run%202026/Pt3/DSC_4709_result.jpg
NETWORK t= 27011.6ms dt=    0.0ms tid=ThreadId(20) smb_read_start url=smb://dietpi.local/4tbp/pics-sport/Forest Run 2026/Pt3/DSC_4709_result.jpg whole-file
NETWORK t= 27063.6ms dt=   52.0ms tid=pic-smb-transport smb_transport read_file ms=63.4
NETWORK t= 27064.3ms dt=    0.7ms tid=pic-smb-transport smb_client_context_freed
NETWORK t= 27064.3ms dt=    0.0ms tid=pic-smb-transport smb_client_new_start
NETWORK t= 27064.4ms dt=    0.0ms tid=ThreadId(19) read_done uri=smb://dietpi.local/4tbp/pics-sport/Forest%20Run%202026/Pt3/DSC_4746_result.jpg bytes=1077901 ms=117.2
NETWORK t= 27065.2ms dt=    0.8ms tid=pic-smb-transport smb_client_context_created
NETWORK t= 27065.2ms dt=    0.0ms tid=pic-smb-transport smb_client_init_start
NETWORK t= 27065.2ms dt=    0.0ms tid=pic-smb-transport smb_client_init_done
NETWORK t= 27075.2ms dt=   10.0ms tid=ThreadId(19) materialize_start uri=smb://dietpi.local/4tbp/pics-sport/Forest%20Run%202026/Pt3/DSC_4746_result.jpg
NETWORK t= 27075.3ms dt=    0.1ms tid=ThreadId(19) read_start uri=smb://dietpi.local/4tbp/pics-sport/Forest%20Run%202026/Pt3/DSC_4746_result.jpg
NETWORK t= 27075.3ms dt=    0.0ms tid=ThreadId(19) smb_read_start url=smb://dietpi.local/4tbp/pics-sport/Forest Run 2026/Pt3/DSC_4746_result.jpg whole-file
NETWORK t= 27140.9ms dt=   65.6ms tid=pic-smb-transport smb_transport read_file ms=75.6
NETWORK t= 27141.6ms dt=    0.8ms tid=pic-smb-transport smb_client_context_freed
NETWORK t= 27141.7ms dt=    0.0ms tid=pic-smb-transport smb_client_new_start
NETWORK t= 27141.7ms dt=    0.0ms tid=ThreadId(20) read_done uri=smb://dietpi.local/4tbp/pics-sport/Forest%20Run%202026/Pt3/DSC_4709_result.jpg bytes=1260885 ms=130.1
NETWORK t= 27142.0ms dt=    0.3ms tid=ThreadId(20) materialize_done uri=smb://dietpi.local/4tbp/pics-sport/Forest%20Run%202026/Pt3/DSC_4709_result.jpg path=/home/peet/.cache/picasa-rs/source/w/f53cf4d3e821024caed0cf1fba8c4350f300f4979683cf0e7f6d1ea6c276de83.jpg ms=130.5
NETWORK t= 27142.3ms dt=    0.2ms tid=pic-smb-transport smb_client_context_created
NETWORK t= 27142.3ms dt=    0.0ms tid=pic-smb-transport smb_client_init_start
NETWORK t= 27142.3ms dt=    0.0ms tid=pic-smb-transport smb_client_init_done
NETWORK t= 27145.5ms dt=    3.1ms tid=ThreadId(20) read_start uri=smb://dietpi.local/4tbp/pics-sport/Forest%20Run%202026/Pt3/DSC_4782_result.jpg
NETWORK t= 27145.5ms dt=    0.0ms tid=ThreadId(20) smb_read_start url=smb://dietpi.local/4tbp/pics-sport/Forest Run 2026/Pt3/DSC_4782_result.jpg whole-file
NETWORK t= 27211.5ms dt=   66.0ms tid=pic-smb-transport smb_transport read_file ms=69.2
NETWORK t= 27212.1ms dt=    0.6ms tid=pic-smb-transport smb_client_context_freed
NETWORK t= 27212.2ms dt=    0.0ms tid=pic-smb-transport smb_client_new_start
NETWORK t= 27212.2ms dt=    0.0ms tid=ThreadId(19) read_done uri=smb://dietpi.local/4tbp/pics-sport/Forest%20Run%202026/Pt3/DSC_4746_result.jpg bytes=1077901 ms=136.9
NETWORK t= 27212.4ms dt=    0.2ms tid=ThreadId(19) materialize_done uri=smb://dietpi.local/4tbp/pics-sport/Forest%20Run%202026/Pt3/DSC_4746_result.jpg path=/home/peet/.cache/picasa-rs/source/e/8c8a011f62216b9224faac264cb74e948e64c941ad40f38396e9febcce98b023.jpg ms=137.2
NETWORK t= 27212.9ms dt=    0.5ms tid=pic-smb-transport smb_client_context_created
NETWORK t= 27212.9ms dt=    0.0ms tid=pic-smb-transport smb_client_init_start
NETWORK t= 27212.9ms dt=    0.0ms tid=pic-smb-transport smb_client_init_done
NETWORK t= 27215.4ms dt=    2.5ms tid=ThreadId(19) read_start uri=smb://dietpi.local/4tbp/pics-sport/Forest%20Run%202026/Pt3/DSC_4757_result.jpg
NETWORK t= 27215.4ms dt=    0.0ms tid=ThreadId(19) smb_read_start url=smb://dietpi.local/4tbp/pics-sport/Forest Run 2026/Pt3/DSC_4757_result.jpg whole-file
NETWORK t= 27292.3ms dt=   76.8ms tid=pic-smb-transport smb_transport read_file ms=79.3
NETWORK t= 27293.0ms dt=    0.8ms tid=pic-smb-transport smb_client_context_freed
NETWORK t= 27293.1ms dt=    0.0ms tid=pic-smb-transport smb_client_new_start
NETWORK t= 27293.1ms dt=    0.0ms tid=ThreadId(20) read_done uri=smb://dietpi.local/4tbp/pics-sport/Forest%20Run%202026/Pt3/DSC_4782_result.jpg bytes=1336620 ms=147.6
NETWORK t= 27294.0ms dt=    0.9ms tid=pic-smb-transport smb_client_context_created
NETWORK t= 27294.0ms dt=    0.0ms tid=pic-smb-transport smb_client_init_start
NETWORK t= 27294.0ms dt=    0.0ms tid=pic-smb-transport smb_client_init_done
NETWORK t= 27306.0ms dt=   12.0ms tid=ThreadId(20) materialize_start uri=smb://dietpi.local/4tbp/pics-sport/Forest%20Run%202026/Pt3/DSC_4782_result.jpg
NETWORK t= 27306.1ms dt=    0.1ms tid=ThreadId(20) read_start uri=smb://dietpi.local/4tbp/pics-sport/Forest%20Run%202026/Pt3/DSC_4782_result.jpg
NETWORK t= 27306.1ms dt=    0.0ms tid=ThreadId(20) smb_read_start url=smb://dietpi.local/4tbp/pics-sport/Forest Run 2026/Pt3/DSC_4782_result.jpg whole-file
NETWORK t= 27374.6ms dt=   68.5ms tid=pic-smb-transport smb_transport read_file ms=80.6
NETWORK t= 27375.3ms dt=    0.7ms tid=pic-smb-transport smb_client_context_freed
NETWORK t= 27375.3ms dt=    0.0ms tid=pic-smb-transport smb_client_new_start
NETWORK t= 27375.4ms dt=    0.0ms tid=ThreadId(19) read_done uri=smb://dietpi.local/4tbp/pics-sport/Forest%20Run%202026/Pt3/DSC_4757_result.jpg bytes=1311340 ms=159.9
NETWORK t= 27376.2ms dt=    0.8ms tid=pic-smb-transport smb_client_context_created
NETWORK t= 27376.2ms dt=    0.0ms tid=pic-smb-transport smb_client_init_start
NETWORK t= 27376.3ms dt=    0.0ms tid=pic-smb-transport smb_client_init_done
NETWORK t= 27387.7ms dt=   11.5ms tid=ThreadId(19) materialize_start uri=smb://dietpi.local/4tbp/pics-sport/Forest%20Run%202026/Pt3/DSC_4757_result.jpg
NETWORK t= 27387.8ms dt=    0.1ms tid=ThreadId(19) read_start uri=smb://dietpi.local/4tbp/pics-sport/Forest%20Run%202026/Pt3/DSC_4757_result.jpg
NETWORK t= 27387.8ms dt=    0.0ms tid=ThreadId(19) smb_read_start url=smb://dietpi.local/4tbp/pics-sport/Forest Run 2026/Pt3/DSC_4757_result.jpg whole-file
NETWORK t= 27451.9ms dt=   64.1ms tid=pic-smb-transport smb_transport read_file ms=75.6
NETWORK t= 27452.6ms dt=    0.7ms tid=pic-smb-transport smb_client_context_freed
NETWORK t= 27452.7ms dt=    0.0ms tid=pic-smb-transport smb_client_new_start
NETWORK t= 27452.7ms dt=    0.0ms tid=ThreadId(20) read_done uri=smb://dietpi.local/4tbp/pics-sport/Forest%20Run%202026/Pt3/DSC_4782_result.jpg bytes=1336620 ms=146.5
NETWORK t= 27453.0ms dt=    0.3ms tid=ThreadId(20) materialize_done uri=smb://dietpi.local/4tbp/pics-sport/Forest%20Run%202026/Pt3/DSC_4782_result.jpg path=/home/peet/.cache/picasa-rs/source/7/739fa3b1cd8b98d3f435f38b706b659c750f79052eae7f670294ab54a40276f3.jpg ms=146.9
NETWORK t= 27453.3ms dt=    0.4ms tid=pic-smb-transport smb_client_context_created
NETWORK t= 27453.3ms dt=    0.0ms tid=pic-smb-transport smb_client_init_start
NETWORK t= 27453.4ms dt=    0.0ms tid=pic-smb-transport smb_client_init_done
NETWORK t= 27456.1ms dt=    2.8ms tid=ThreadId(20) read_start uri=smb://dietpi.local/4tbp/pics-sport/Forest%20Run%202026/Pt3/DSC_4808_result.jpg
NETWORK t= 27456.2ms dt=    0.0ms tid=ThreadId(20) smb_read_start url=smb://dietpi.local/4tbp/pics-sport/Forest Run 2026/Pt3/DSC_4808_result.jpg whole-file
NETWORK t= 27531.6ms dt=   75.4ms tid=pic-smb-transport smb_transport read_file ms=78.2
NETWORK t= 27532.2ms dt=    0.7ms tid=pic-smb-transport smb_client_context_freed
NETWORK t= 27532.3ms dt=    0.0ms tid=pic-smb-transport smb_client_new_start
NETWORK t= 27532.3ms dt=    0.0ms tid=ThreadId(19) read_done uri=smb://dietpi.local/4tbp/pics-sport/Forest%20Run%202026/Pt3/DSC_4757_result.jpg bytes=1311340 ms=144.5
NETWORK t= 27532.6ms dt=    0.3ms tid=ThreadId(19) materialize_done uri=smb://dietpi.local/4tbp/pics-sport/Forest%20Run%202026/Pt3/DSC_4757_result.jpg path=/home/peet/.cache/picasa-rs/source/8/22101abd933464633a0e6c41ec50f5f61f17956c6a11621124fa812084084945.jpg ms=144.9
NETWORK t= 27533.0ms dt=    0.4ms tid=pic-smb-transport smb_client_context_created
NETWORK t= 27533.0ms dt=    0.0ms tid=pic-smb-transport smb_client_init_start
NETWORK t= 27533.0ms dt=    0.0ms tid=pic-smb-transport smb_client_init_done
NETWORK t= 27535.8ms dt=    2.8ms tid=ThreadId(19) read_start uri=smb://dietpi.local/4tbp/pics-sport/Forest%20Run%202026/Pt3/DSC_4793_result.jpg
NETWORK t= 27535.8ms dt=    0.0ms tid=ThreadId(19) smb_read_start url=smb://dietpi.local/4tbp/pics-sport/Forest Run 2026/Pt3/DSC_4793_result.jpg whole-file
NETWORK t= 27593.5ms dt=   57.6ms tid=pic-smb-transport smb_transport read_file ms=60.5
NETWORK t= 27594.2ms dt=    0.7ms tid=pic-smb-transport smb_client_context_freed
NETWORK t= 27594.2ms dt=    0.0ms tid=pic-smb-transport smb_client_new_start
NETWORK t= 27594.3ms dt=    0.0ms tid=ThreadId(20) read_done uri=smb://dietpi.local/4tbp/pics-sport/Forest%20Run%202026/Pt3/DSC_4808_result.jpg bytes=866906 ms=138.1
NETWORK t= 27594.9ms dt=    0.7ms tid=pic-smb-transport smb_client_context_created
NETWORK t= 27594.9ms dt=    0.0ms tid=pic-smb-transport smb_client_init_start
NETWORK t= 27594.9ms dt=    0.0ms tid=pic-smb-transport smb_client_init_done
NETWORK t= 27603.3ms dt=    8.3ms tid=ThreadId(20) materialize_start uri=smb://dietpi.local/4tbp/pics-sport/Forest%20Run%202026/Pt3/DSC_4808_result.jpg
NETWORK t= 27603.3ms dt=    0.1ms tid=ThreadId(20) read_start uri=smb://dietpi.local/4tbp/pics-sport/Forest%20Run%202026/Pt3/DSC_4808_result.jpg
NETWORK t= 27603.3ms dt=    0.0ms tid=ThreadId(20) smb_read_start url=smb://dietpi.local/4tbp/pics-sport/Forest Run 2026/Pt3/DSC_4808_result.jpg whole-file
NETWORK t= 27665.4ms dt=   62.0ms tid=pic-smb-transport smb_transport read_file ms=70.4
NETWORK t= 27666.1ms dt=    0.7ms tid=pic-smb-transport smb_client_context_freed
NETWORK t= 27666.1ms dt=    0.0ms tid=pic-smb-transport smb_client_new_start
NETWORK t= 27666.1ms dt=    0.0ms tid=ThreadId(19) read_done uri=smb://dietpi.local/4tbp/pics-sport/Forest%20Run%202026/Pt3/DSC_4793_result.jpg bytes=1102032 ms=130.3
NETWORK t= 27666.8ms dt=    0.7ms tid=pic-smb-transport smb_client_context_created
NETWORK t= 27666.8ms dt=    0.0ms tid=pic-smb-transport smb_client_init_start
NETWORK t= 27666.8ms dt=    0.0ms tid=pic-smb-transport smb_client_init_done
NETWORK t= 27676.6ms dt=    9.7ms tid=ThreadId(19) materialize_start uri=smb://dietpi.local/4tbp/pics-sport/Forest%20Run%202026/Pt3/DSC_4793_result.jpg
NETWORK t= 27676.6ms dt=    0.1ms tid=ThreadId(19) read_start uri=smb://dietpi.local/4tbp/pics-sport/Forest%20Run%202026/Pt3/DSC_4793_result.jpg
NETWORK t= 27676.6ms dt=    0.0ms tid=ThreadId(19) smb_read_start url=smb://dietpi.local/4tbp/pics-sport/Forest Run 2026/Pt3/DSC_4793_result.jpg whole-file
NETWORK t= 27727.9ms dt=   51.3ms tid=pic-smb-transport smb_transport read_file ms=61.1
NETWORK t= 27728.6ms dt=    0.7ms tid=pic-smb-transport smb_client_context_freed
NETWORK t= 27728.6ms dt=    0.0ms tid=pic-smb-transport smb_client_new_start
NETWORK t= 27728.7ms dt=    0.0ms tid=ThreadId(20) read_done uri=smb://dietpi.local/4tbp/pics-sport/Forest%20Run%202026/Pt3/DSC_4808_result.jpg bytes=866906 ms=125.3
NETWORK t= 27728.9ms dt=    0.2ms tid=ThreadId(20) materialize_done uri=smb://dietpi.local/4tbp/pics-sport/Forest%20Run%202026/Pt3/DSC_4808_result.jpg path=/home/peet/.cache/picasa-rs/source/f/140776d0eaa7dc9a5adcdd03876d5438f6341ddd68101c4812b8e42e333c07fd.jpg ms=125.6
NETWORK t= 27729.3ms dt=    0.4ms tid=pic-smb-transport smb_client_context_created
NETWORK t= 27729.3ms dt=    0.0ms tid=pic-smb-transport smb_client_init_start
NETWORK t= 27729.3ms dt=    0.0ms tid=pic-smb-transport smb_client_init_done
NETWORK t= 27732.0ms dt=    2.7ms tid=ThreadId(20) read_start uri=smb://dietpi.local/4tbp/pics-sport/Forest%20Run%202026/Pt3/DSC_4706_result.jpg
NETWORK t= 27732.1ms dt=    0.0ms tid=ThreadId(20) smb_read_start url=smb://dietpi.local/4tbp/pics-sport/Forest Run 2026/Pt3/DSC_4706_result.jpg whole-file
NETWORK t= 27798.9ms dt=   66.9ms tid=pic-smb-transport smb_transport read_file ms=69.6
NETWORK t= 27799.7ms dt=    0.7ms tid=pic-smb-transport smb_client_context_freed
NETWORK t= 27799.7ms dt=    0.0ms tid=pic-smb-transport smb_client_new_start
NETWORK t= 27799.7ms dt=    0.0ms tid=ThreadId(19) read_done uri=smb://dietpi.local/4tbp/pics-sport/Forest%20Run%202026/Pt3/DSC_4793_result.jpg bytes=1102032 ms=123.1
NETWORK t= 27800.0ms dt=    0.3ms tid=ThreadId(19) materialize_done uri=smb://dietpi.local/4tbp/pics-sport/Forest%20Run%202026/Pt3/DSC_4793_result.jpg path=/home/peet/.cache/picasa-rs/source/w/7a9cc9b222ce35ac4a8992c32f5d8d9e10c7c594e105367dd8edd0b26fdf6f48.jpg ms=123.4
NETWORK t= 27800.4ms dt=    0.4ms tid=pic-smb-transport smb_client_context_created
NETWORK t= 27800.4ms dt=    0.0ms tid=pic-smb-transport smb_client_init_start
NETWORK t= 27800.4ms dt=    0.0ms tid=pic-smb-transport smb_client_init_done
NETWORK t= 27803.2ms dt=    2.8ms tid=ThreadId(19) read_start uri=smb://dietpi.local/4tbp/pics-sport/Forest%20Run%202026/Pt3/DSC_4762_result.jpg
NETWORK t= 27803.2ms dt=    0.0ms tid=ThreadId(19) smb_read_start url=smb://dietpi.local/4tbp/pics-sport/Forest Run 2026/Pt3/DSC_4762_result.jpg whole-file
NETWORK t= 27867.0ms dt=   63.8ms tid=pic-smb-transport smb_transport read_file ms=66.5
NETWORK t= 27867.7ms dt=    0.7ms tid=pic-smb-transport smb_client_context_freed
NETWORK t= 27867.7ms dt=    0.0ms tid=pic-smb-transport smb_client_new_start
NETWORK t= 27867.7ms dt=    0.0ms tid=ThreadId(20) read_done uri=smb://dietpi.local/4tbp/pics-sport/Forest%20Run%202026/Pt3/DSC_4706_result.jpg bytes=1014674 ms=135.7
NETWORK t= 27868.4ms dt=    0.7ms tid=pic-smb-transport smb_client_context_created
NETWORK t= 27868.5ms dt=    0.0ms tid=pic-smb-transport smb_client_init_start
NETWORK t= 27868.5ms dt=    0.0ms tid=pic-smb-transport smb_client_init_done
NETWORK t= 27878.3ms dt=    9.8ms tid=ThreadId(20) materialize_start uri=smb://dietpi.local/4tbp/pics-sport/Forest%20Run%202026/Pt3/DSC_4706_result.jpg
NETWORK t= 27878.3ms dt=    0.1ms tid=ThreadId(20) read_start uri=smb://dietpi.local/4tbp/pics-sport/Forest%20Run%202026/Pt3/DSC_4706_result.jpg
NETWORK t= 27878.3ms dt=    0.0ms tid=ThreadId(20) smb_read_start url=smb://dietpi.local/4tbp/pics-sport/Forest Run 2026/Pt3/DSC_4706_result.jpg whole-file
NETWORK t= 27918.2ms dt=   39.8ms tid=pic-smb-transport smb_transport read_file ms=49.7
NETWORK t= 27918.7ms dt=    0.5ms tid=pic-smb-transport smb_client_context_freed
NETWORK t= 27918.7ms dt=    0.0ms tid=pic-smb-transport smb_client_new_start
NETWORK t= 27918.7ms dt=    0.0ms tid=ThreadId(19) read_done uri=smb://dietpi.local/4tbp/pics-sport/Forest%20Run%202026/Pt3/DSC_4762_result.jpg bytes=1068643 ms=115.5
NETWORK t= 27919.4ms dt=    0.6ms tid=pic-smb-transport smb_client_context_created
NETWORK t= 27919.4ms dt=    0.0ms tid=pic-smb-transport smb_client_init_start
NETWORK t= 27919.4ms dt=    0.0ms tid=pic-smb-transport smb_client_init_done
NETWORK t= 27929.5ms dt=   10.1ms tid=ThreadId(19) materialize_start uri=smb://dietpi.local/4tbp/pics-sport/Forest%20Run%202026/Pt3/DSC_4762_result.jpg
NETWORK t= 27929.6ms dt=    0.1ms tid=ThreadId(19) read_start uri=smb://dietpi.local/4tbp/pics-sport/Forest%20Run%202026/Pt3/DSC_4762_result.jpg
NETWORK t= 27929.6ms dt=    0.0ms tid=ThreadId(19) smb_read_start url=smb://dietpi.local/4tbp/pics-sport/Forest Run 2026/Pt3/DSC_4762_result.jpg whole-file
NETWORK t= 27974.7ms dt=   45.1ms tid=pic-smb-transport smb_transport read_file ms=55.3
NETWORK t= 27975.4ms dt=    0.7ms tid=pic-smb-transport smb_client_context_freed
NETWORK t= 27975.4ms dt=    0.0ms tid=pic-smb-transport smb_client_new_start
NETWORK t= 27975.4ms dt=    0.0ms tid=ThreadId(20) read_done uri=smb://dietpi.local/4tbp/pics-sport/Forest%20Run%202026/Pt3/DSC_4706_result.jpg bytes=1014674 ms=97.1
NETWORK t= 27975.7ms dt=    0.3ms tid=ThreadId(20) materialize_done uri=smb://dietpi.local/4tbp/pics-sport/Forest%20Run%202026/Pt3/DSC_4706_result.jpg path=/home/peet/.cache/picasa-rs/source/t/4061c3dd5ab0dab1dae6e5cbcd66a3425dd85ff1b9682ab96c62c2676858608b.jpg ms=97.4
NETWORK t= 27976.1ms dt=    0.4ms tid=pic-smb-transport smb_client_context_created
NETWORK t= 27976.1ms dt=    0.0ms tid=pic-smb-transport smb_client_init_start
NETWORK t= 27976.2ms dt=    0.0ms tid=pic-smb-transport smb_client_init_done
NETWORK t= 27979.3ms dt=    3.2ms tid=ThreadId(20) read_start uri=smb://dietpi.local/4tbp/pics-sport/Forest%20Run%202026/Pt3/DSC_4682_result.jpg
NETWORK t= 27979.3ms dt=    0.0ms tid=ThreadId(20) smb_read_start url=smb://dietpi.local/4tbp/pics-sport/Forest Run 2026/Pt3/DSC_4682_result.jpg whole-file
NETWORK t= 28025.7ms dt=   46.4ms tid=pic-smb-transport smb_transport read_file ms=49.6
NETWORK t= 28026.2ms dt=    0.5ms tid=pic-smb-transport smb_client_context_freed
NETWORK t= 28026.3ms dt=    0.0ms tid=pic-smb-transport smb_client_new_start
NETWORK t= 28026.3ms dt=    0.0ms tid=ThreadId(19) read_done uri=smb://dietpi.local/4tbp/pics-sport/Forest%20Run%202026/Pt3/DSC_4762_result.jpg bytes=1068643 ms=96.7
NETWORK t= 28026.5ms dt=    0.2ms tid=ThreadId(19) materialize_done uri=smb://dietpi.local/4tbp/pics-sport/Forest%20Run%202026/Pt3/DSC_4762_result.jpg path=/home/peet/.cache/picasa-rs/source/t/3fadcde2b3c5050497fea736754c8adce42b32bc8b1fb0a16ab20c55df5a6e97.jpg ms=97.0
NETWORK t= 28026.9ms dt=    0.4ms tid=pic-smb-transport smb_client_context_created
NETWORK t= 28026.9ms dt=    0.0ms tid=pic-smb-transport smb_client_init_start
NETWORK t= 28026.9ms dt=    0.0ms tid=pic-smb-transport smb_client_init_done
NETWORK t= 28029.7ms dt=    2.8ms tid=ThreadId(19) read_start uri=smb://dietpi.local/4tbp/pics-sport/Forest%20Run%202026/Pt3/DSC_4835_result.jpg
NETWORK t= 28029.8ms dt=    0.0ms tid=ThreadId(19) smb_read_start url=smb://dietpi.local/4tbp/pics-sport/Forest Run 2026/Pt3/DSC_4835_result.jpg whole-file
NETWORK t= 28098.0ms dt=   68.2ms tid=pic-smb-transport smb_transport read_file ms=71.0
NETWORK t= 28098.7ms dt=    0.7ms tid=pic-smb-transport smb_client_context_freed
NETWORK t= 28098.7ms dt=    0.0ms tid=pic-smb-transport smb_client_new_start
NETWORK t= 28098.8ms dt=    0.0ms tid=ThreadId(20) read_done uri=smb://dietpi.local/4tbp/pics-sport/Forest%20Run%202026/Pt3/DSC_4682_result.jpg bytes=1248478 ms=119.4
NETWORK t= 28099.4ms dt=    0.6ms tid=pic-smb-transport smb_client_context_created
NETWORK t= 28099.4ms dt=    0.0ms tid=pic-smb-transport smb_client_init_start
NETWORK t= 28099.4ms dt=    0.0ms tid=pic-smb-transport smb_client_init_done
NETWORK t= 28111.0ms dt=   11.6ms tid=ThreadId(20) materialize_start uri=smb://dietpi.local/4tbp/pics-sport/Forest%20Run%202026/Pt3/DSC_4682_result.jpg
NETWORK t= 28111.1ms dt=    0.1ms tid=ThreadId(20) read_start uri=smb://dietpi.local/4tbp/pics-sport/Forest%20Run%202026/Pt3/DSC_4682_result.jpg
NETWORK t= 28111.1ms dt=    0.0ms tid=ThreadId(20) smb_read_start url=smb://dietpi.local/4tbp/pics-sport/Forest Run 2026/Pt3/DSC_4682_result.jpg whole-file
NETWORK t= 28171.2ms dt=   60.1ms tid=pic-smb-transport smb_transport read_file ms=71.7
NETWORK t= 28172.0ms dt=    0.8ms tid=pic-smb-transport smb_client_context_freed
NETWORK t= 28172.0ms dt=    0.0ms tid=pic-smb-transport smb_client_new_start
NETWORK t= 28172.1ms dt=    0.0ms tid=ThreadId(19) read_done uri=smb://dietpi.local/4tbp/pics-sport/Forest%20Run%202026/Pt3/DSC_4835_result.jpg bytes=1137383 ms=142.3
NETWORK t= 28172.7ms dt=    0.7ms tid=pic-smb-transport smb_client_context_created
NETWORK t= 28172.7ms dt=    0.0ms tid=pic-smb-transport smb_client_init_start
NETWORK t= 28172.7ms dt=    0.0ms tid=pic-smb-transport smb_client_init_done
NETWORK t= 28183.1ms dt=   10.4ms tid=ThreadId(19) materialize_start uri=smb://dietpi.local/4tbp/pics-sport/Forest%20Run%202026/Pt3/DSC_4835_result.jpg
NETWORK t= 28183.2ms dt=    0.1ms tid=ThreadId(19) read_start uri=smb://dietpi.local/4tbp/pics-sport/Forest%20Run%202026/Pt3/DSC_4835_result.jpg
NETWORK t= 28183.2ms dt=    0.0ms tid=ThreadId(19) smb_read_start url=smb://dietpi.local/4tbp/pics-sport/Forest Run 2026/Pt3/DSC_4835_result.jpg whole-file
NETWORK t= 28248.9ms dt=   65.7ms tid=pic-smb-transport smb_transport read_file ms=76.1
NETWORK t= 28249.6ms dt=    0.7ms tid=pic-smb-transport smb_client_context_freed
NETWORK t= 28249.7ms dt=    0.0ms tid=pic-smb-transport smb_client_new_start
NETWORK t= 28249.7ms dt=    0.0ms tid=ThreadId(20) read_done uri=smb://dietpi.local/4tbp/pics-sport/Forest%20Run%202026/Pt3/DSC_4682_result.jpg bytes=1248478 ms=138.6
NETWORK t= 28250.0ms dt=    0.3ms tid=ThreadId(20) materialize_done uri=smb://dietpi.local/4tbp/pics-sport/Forest%20Run%202026/Pt3/DSC_4682_result.jpg path=/home/peet/.cache/picasa-rs/source/g/f2800f63d5740a74c70191fffe9314bb7bef9a308b4f2a167d4f7a9ed1677b9a.jpg ms=138.9
NETWORK t= 28250.4ms dt=    0.4ms tid=pic-smb-transport smb_client_context_created
NETWORK t= 28250.4ms dt=    0.0ms tid=pic-smb-transport smb_client_init_start
NETWORK t= 28250.4ms dt=    0.0ms tid=pic-smb-transport smb_client_init_done
NETWORK t= 28253.5ms dt=    3.1ms tid=ThreadId(20) read_start uri=smb://dietpi.local/4tbp/pics-sport/Forest%20Run%202026/Pt3/DSC_4686_result.jpg
NETWORK t= 28253.5ms dt=    0.0ms tid=ThreadId(20) smb_read_start url=smb://dietpi.local/4tbp/pics-sport/Forest Run 2026/Pt3/DSC_4686_result.jpg whole-file
NETWORK t= 28321.8ms dt=   68.3ms tid=pic-smb-transport smb_transport read_file ms=71.4
NETWORK t= 28322.5ms dt=    0.7ms tid=pic-smb-transport smb_client_context_freed
NETWORK t= 28322.6ms dt=    0.0ms tid=pic-smb-transport smb_client_new_start
NETWORK t= 28322.6ms dt=    0.0ms tid=ThreadId(19) read_done uri=smb://dietpi.local/4tbp/pics-sport/Forest%20Run%202026/Pt3/DSC_4835_result.jpg bytes=1137383 ms=139.4
NETWORK t= 28322.9ms dt=    0.3ms tid=ThreadId(19) materialize_done uri=smb://dietpi.local/4tbp/pics-sport/Forest%20Run%202026/Pt3/DSC_4835_result.jpg path=/home/peet/.cache/picasa-rs/source/d/6139d4137c0e93c2eed1b06ce1020977cc2c37ad76b046c180358c4261bfcbc9.jpg ms=139.7
NETWORK t= 28323.3ms dt=    0.5ms tid=pic-smb-transport smb_client_context_created
NETWORK t= 28323.4ms dt=    0.0ms tid=pic-smb-transport smb_client_init_start
NETWORK t= 28323.4ms dt=    0.0ms tid=pic-smb-transport smb_client_init_done
NETWORK t= 28326.2ms dt=    2.8ms tid=ThreadId(19) read_start uri=smb://dietpi.local/4tbp/pics-sport/Forest%20Run%202026/Pt3/DSC_4728_result.jpg
NETWORK t= 28326.2ms dt=    0.0ms tid=ThreadId(19) smb_read_start url=smb://dietpi.local/4tbp/pics-sport/Forest Run 2026/Pt3/DSC_4728_result.jpg whole-file
NETWORK t= 28378.6ms dt=   52.4ms tid=pic-smb-transport smb_transport read_file ms=55.2
NETWORK t= 28379.0ms dt=    0.5ms tid=pic-smb-transport smb_client_context_freed
NETWORK t= 28379.1ms dt=    0.0ms tid=pic-smb-transport smb_client_new_start
NETWORK t= 28379.1ms dt=    0.0ms tid=ThreadId(20) read_done uri=smb://dietpi.local/4tbp/pics-sport/Forest%20Run%202026/Pt3/DSC_4686_result.jpg bytes=1246150 ms=125.6
NETWORK t= 28379.7ms dt=    0.6ms tid=pic-smb-transport smb_client_context_created
NETWORK t= 28379.7ms dt=    0.0ms tid=pic-smb-transport smb_client_init_start
NETWORK t= 28379.7ms dt=    0.0ms tid=pic-smb-transport smb_client_init_done
NETWORK t= 28391.0ms dt=   11.2ms tid=ThreadId(20) materialize_start uri=smb://dietpi.local/4tbp/pics-sport/Forest%20Run%202026/Pt3/DSC_4686_result.jpg
NETWORK t= 28391.0ms dt=    0.1ms tid=ThreadId(20) read_start uri=smb://dietpi.local/4tbp/pics-sport/Forest%20Run%202026/Pt3/DSC_4686_result.jpg
NETWORK t= 28391.0ms dt=    0.0ms tid=ThreadId(20) smb_read_start url=smb://dietpi.local/4tbp/pics-sport/Forest Run 2026/Pt3/DSC_4686_result.jpg whole-file
NETWORK t= 28448.0ms dt=   57.0ms tid=pic-smb-transport smb_transport read_file ms=68.3
NETWORK t= 28448.7ms dt=    0.7ms tid=pic-smb-transport smb_client_context_freed
NETWORK t= 28448.7ms dt=    0.0ms tid=pic-smb-transport smb_client_new_start
NETWORK t= 28448.8ms dt=    0.0ms tid=ThreadId(19) read_done uri=smb://dietpi.local/4tbp/pics-sport/Forest%20Run%202026/Pt3/DSC_4728_result.jpg bytes=1307467 ms=122.6
NETWORK t= 28449.4ms dt=    0.6ms tid=pic-smb-transport smb_client_context_created
NETWORK t= 28449.4ms dt=    0.0ms tid=pic-smb-transport smb_client_init_start
NETWORK t= 28449.4ms dt=    0.0ms tid=pic-smb-transport smb_client_init_done
NETWORK t= 28461.6ms dt=   12.1ms tid=ThreadId(19) materialize_start uri=smb://dietpi.local/4tbp/pics-sport/Forest%20Run%202026/Pt3/DSC_4728_result.jpg
NETWORK t= 28461.6ms dt=    0.1ms tid=ThreadId(19) read_start uri=smb://dietpi.local/4tbp/pics-sport/Forest%20Run%202026/Pt3/DSC_4728_result.jpg
NETWORK t= 28461.6ms dt=    0.0ms tid=ThreadId(19) smb_read_start url=smb://dietpi.local/4tbp/pics-sport/Forest Run 2026/Pt3/DSC_4728_result.jpg whole-file
NETWORK t= 28524.3ms dt=   62.6ms tid=pic-smb-transport smb_transport read_file ms=74.8
NETWORK t= 28525.0ms dt=    0.7ms tid=pic-smb-transport smb_client_context_freed
NETWORK t= 28525.1ms dt=    0.0ms tid=pic-smb-transport smb_client_new_start
NETWORK t= 28525.1ms dt=    0.0ms tid=ThreadId(20) read_done uri=smb://dietpi.local/4tbp/pics-sport/Forest%20Run%202026/Pt3/DSC_4686_result.jpg bytes=1246150 ms=134.0
NETWORK t= 28525.4ms dt=    0.3ms tid=ThreadId(20) materialize_done uri=smb://dietpi.local/4tbp/pics-sport/Forest%20Run%202026/Pt3/DSC_4686_result.jpg path=/home/peet/.cache/picasa-rs/source/s/17502ddc644687cd2ec495c5e1fd147cd2e6ed5a82135abb513b5e4321c887eb.jpg ms=134.4
NETWORK t= 28525.8ms dt=    0.4ms tid=pic-smb-transport smb_client_context_created
NETWORK t= 28525.8ms dt=    0.0ms tid=pic-smb-transport smb_client_init_start
NETWORK t= 28525.8ms dt=    0.0ms tid=pic-smb-transport smb_client_init_done
NETWORK t= 28528.5ms dt=    2.7ms tid=ThreadId(20) read_start uri=smb://dietpi.local/4tbp/pics-sport/Forest%20Run%202026/Pt3/DSC_4780_result.jpg
NETWORK t= 28528.5ms dt=    0.0ms tid=ThreadId(20) smb_read_start url=smb://dietpi.local/4tbp/pics-sport/Forest Run 2026/Pt3/DSC_4780_result.jpg whole-file
NETWORK t= 28581.1ms dt=   52.5ms tid=pic-smb-transport smb_transport read_file ms=55.3
NETWORK t= 28581.6ms dt=    0.5ms tid=pic-smb-transport smb_client_context_freed
NETWORK t= 28581.6ms dt=    0.0ms tid=pic-smb-transport smb_client_new_start
NETWORK t= 28581.7ms dt=    0.0ms tid=ThreadId(19) read_done uri=smb://dietpi.local/4tbp/pics-sport/Forest%20Run%202026/Pt3/DSC_4728_result.jpg bytes=1307467 ms=120.0
NETWORK t= 28582.0ms dt=    0.3ms tid=ThreadId(19) materialize_done uri=smb://dietpi.local/4tbp/pics-sport/Forest%20Run%202026/Pt3/DSC_4728_result.jpg path=/home/peet/.cache/picasa-rs/source/d/1ce1ea1354f5a2119e51472d695ce3613c7707450bc5e598b5f52ece4368b78c.jpg ms=120.4
NETWORK t= 28582.3ms dt=    0.3ms tid=pic-smb-transport smb_client_context_created
NETWORK t= 28582.3ms dt=    0.0ms tid=pic-smb-transport smb_client_init_start
NETWORK t= 28582.3ms dt=    0.0ms tid=pic-smb-transport smb_client_init_done
NETWORK t= 28585.3ms dt=    2.9ms tid=ThreadId(19) read_start uri=smb://dietpi.local/4tbp/pics-sport/Forest%20Run%202026/Pt3/DSC_4860_result.jpg
NETWORK t= 28585.3ms dt=    0.0ms tid=ThreadId(19) smb_read_start url=smb://dietpi.local/4tbp/pics-sport/Forest Run 2026/Pt3/DSC_4860_result.jpg whole-file
NETWORK t= 28644.7ms dt=   59.4ms tid=pic-smb-transport smb_transport read_file ms=62.4
NETWORK t= 28645.4ms dt=    0.7ms tid=pic-smb-transport smb_client_context_freed
NETWORK t= 28645.4ms dt=    0.0ms tid=pic-smb-transport smb_client_new_start
NETWORK t= 28645.5ms dt=    0.0ms tid=ThreadId(20) read_done uri=smb://dietpi.local/4tbp/pics-sport/Forest%20Run%202026/Pt3/DSC_4780_result.jpg bytes=1121313 ms=116.9
NETWORK t= 28646.1ms dt=    0.7ms tid=pic-smb-transport smb_client_context_created
NETWORK t= 28646.1ms dt=    0.0ms tid=pic-smb-transport smb_client_init_start
NETWORK t= 28646.2ms dt=    0.0ms tid=pic-smb-transport smb_client_init_done
NETWORK t= 28656.7ms dt=   10.6ms tid=ThreadId(20) materialize_start uri=smb://dietpi.local/4tbp/pics-sport/Forest%20Run%202026/Pt3/DSC_4780_result.jpg
NETWORK t= 28656.8ms dt=    0.1ms tid=ThreadId(20) read_start uri=smb://dietpi.local/4tbp/pics-sport/Forest%20Run%202026/Pt3/DSC_4780_result.jpg
NETWORK t= 28656.8ms dt=    0.0ms tid=ThreadId(20) smb_read_start url=smb://dietpi.local/4tbp/pics-sport/Forest Run 2026/Pt3/DSC_4780_result.jpg whole-file
NETWORK t= 28708.1ms dt=   51.2ms tid=pic-smb-transport smb_transport read_file ms=61.9
NETWORK t= 28708.7ms dt=    0.7ms tid=pic-smb-transport smb_client_context_freed
NETWORK t= 28708.7ms dt=    0.0ms tid=pic-smb-transport smb_client_new_start
NETWORK t= 28708.8ms dt=    0.0ms tid=ThreadId(19) read_done uri=smb://dietpi.local/4tbp/pics-sport/Forest%20Run%202026/Pt3/DSC_4860_result.jpg bytes=1056309 ms=123.4
NETWORK t= 28709.5ms dt=    0.7ms tid=pic-smb-transport smb_client_context_created
NETWORK t= 28709.5ms dt=    0.0ms tid=pic-smb-transport smb_client_init_start
NETWORK t= 28709.5ms dt=    0.0ms tid=pic-smb-transport smb_client_init_done
NETWORK t= 28719.0ms dt=    9.5ms tid=ThreadId(19) materialize_start uri=smb://dietpi.local/4tbp/pics-sport/Forest%20Run%202026/Pt3/DSC_4860_result.jpg
NETWORK t= 28719.1ms dt=    0.1ms tid=ThreadId(19) read_start uri=smb://dietpi.local/4tbp/pics-sport/Forest%20Run%202026/Pt3/DSC_4860_result.jpg
NETWORK t= 28719.1ms dt=    0.0ms tid=ThreadId(19) smb_read_start url=smb://dietpi.local/4tbp/pics-sport/Forest Run 2026/Pt3/DSC_4860_result.jpg whole-file
NETWORK t= 28761.1ms dt=   42.0ms tid=pic-smb-transport smb_transport read_file ms=51.5
NETWORK t= 28761.6ms dt=    0.6ms tid=pic-smb-transport smb_client_context_freed
NETWORK t= 28761.6ms dt=    0.0ms tid=pic-smb-transport smb_client_new_start
NETWORK t= 28761.7ms dt=    0.0ms tid=ThreadId(20) read_done uri=smb://dietpi.local/4tbp/pics-sport/Forest%20Run%202026/Pt3/DSC_4780_result.jpg bytes=1121313 ms=104.8
NETWORK t= 28761.9ms dt=    0.2ms tid=ThreadId(20) materialize_done uri=smb://dietpi.local/4tbp/pics-sport/Forest%20Run%202026/Pt3/DSC_4780_result.jpg path=/home/peet/.cache/picasa-rs/source/u/fafe3829811a372c39022cb6698011cb0c3b010ab14d93b0a7958128d7576230.jpg ms=105.2
NETWORK t= 28762.4ms dt=    0.5ms tid=pic-smb-transport smb_client_context_created
NETWORK t= 28762.4ms dt=    0.0ms tid=pic-smb-transport smb_client_init_start
NETWORK t= 28762.4ms dt=    0.0ms tid=pic-smb-transport smb_client_init_done
NETWORK t= 28765.1ms dt=    2.7ms tid=ThreadId(20) read_start uri=smb://dietpi.local/4tbp/pics-sport/Forest%20Run%202026/Pt3/DSC_4699_result.jpg
NETWORK t= 28765.1ms dt=    0.0ms tid=ThreadId(20) smb_read_start url=smb://dietpi.local/4tbp/pics-sport/Forest Run 2026/Pt3/DSC_4699_result.jpg whole-file
NETWORK t= 28826.8ms dt=   61.7ms tid=pic-smb-transport smb_transport read_file ms=64.3
NETWORK t= 28827.5ms dt=    0.7ms tid=pic-smb-transport smb_client_context_freed
NETWORK t= 28827.5ms dt=    0.0ms tid=pic-smb-transport smb_client_new_start
NETWORK t= 28827.6ms dt=    0.0ms tid=ThreadId(19) read_done uri=smb://dietpi.local/4tbp/pics-sport/Forest%20Run%202026/Pt3/DSC_4860_result.jpg bytes=1056309 ms=108.4
NETWORK t= 28827.8ms dt=    0.3ms tid=ThreadId(19) materialize_done uri=smb://dietpi.local/4tbp/pics-sport/Forest%20Run%202026/Pt3/DSC_4860_result.jpg path=/home/peet/.cache/picasa-rs/source/m/6f9a95a694bbc6a3006f7993876297d9e11ddb504826b015b628970fa3e5b9d1.jpg ms=108.8
NETWORK t= 28828.2ms dt=    0.4ms tid=pic-smb-transport smb_client_context_created
NETWORK t= 28828.2ms dt=    0.0ms tid=pic-smb-transport smb_client_init_start
NETWORK t= 28828.2ms dt=    0.0ms tid=pic-smb-transport smb_client_init_done
NETWORK t= 28831.5ms dt=    3.2ms tid=ThreadId(19) read_start uri=smb://dietpi.local/4tbp/pics-sport/Forest%20Run%202026/Pt3/DSC_4736_result.jpg
NETWORK t= 28831.5ms dt=    0.0ms tid=ThreadId(19) smb_read_start url=smb://dietpi.local/4tbp/pics-sport/Forest Run 2026/Pt3/DSC_4736_result.jpg whole-file
NETWORK t= 28909.8ms dt=   78.3ms tid=pic-smb-transport smb_transport read_file ms=81.5
NETWORK t= 28910.5ms dt=    0.7ms tid=pic-smb-transport smb_client_context_freed
NETWORK t= 28910.6ms dt=    0.0ms tid=pic-smb-transport smb_client_new_start
NETWORK t= 28910.6ms dt=    0.0ms tid=ThreadId(20) read_done uri=smb://dietpi.local/4tbp/pics-sport/Forest%20Run%202026/Pt3/DSC_4699_result.jpg bytes=1417903 ms=145.5
NETWORK t= 28911.2ms dt=    0.6ms tid=pic-smb-transport smb_client_context_created
NETWORK t= 28911.2ms dt=    0.0ms tid=pic-smb-transport smb_client_init_start
NETWORK t= 28911.3ms dt=    0.0ms tid=pic-smb-transport smb_client_init_done
NETWORK t= 28923.3ms dt=   12.1ms tid=ThreadId(20) materialize_start uri=smb://dietpi.local/4tbp/pics-sport/Forest%20Run%202026/Pt3/DSC_4699_result.jpg
NETWORK t= 28923.4ms dt=    0.1ms tid=ThreadId(20) read_start uri=smb://dietpi.local/4tbp/pics-sport/Forest%20Run%202026/Pt3/DSC_4699_result.jpg
NETWORK t= 28923.4ms dt=    0.0ms tid=ThreadId(20) smb_read_start url=smb://dietpi.local/4tbp/pics-sport/Forest Run 2026/Pt3/DSC_4699_result.jpg whole-file
NETWORK t= 28962.4ms dt=   39.0ms tid=pic-smb-transport smb_transport read_file ms=51.1
NETWORK t= 28962.8ms dt=    0.5ms tid=pic-smb-transport smb_client_context_freed
NETWORK t= 28962.9ms dt=    0.0ms tid=pic-smb-transport smb_client_new_start
NETWORK t= 28962.9ms dt=    0.0ms tid=ThreadId(19) read_done uri=smb://dietpi.local/4tbp/pics-sport/Forest%20Run%202026/Pt3/DSC_4736_result.jpg bytes=1196111 ms=131.4
NETWORK t= 28963.5ms dt=    0.6ms tid=pic-smb-transport smb_client_context_created
NETWORK t= 28963.5ms dt=    0.0ms tid=pic-smb-transport smb_client_init_start
NETWORK t= 28963.5ms dt=    0.0ms tid=pic-smb-transport smb_client_init_done
NETWORK t= 28974.4ms dt=   10.9ms tid=ThreadId(19) materialize_start uri=smb://dietpi.local/4tbp/pics-sport/Forest%20Run%202026/Pt3/DSC_4736_result.jpg
NETWORK t= 28974.5ms dt=    0.1ms tid=ThreadId(19) read_start uri=smb://dietpi.local/4tbp/pics-sport/Forest%20Run%202026/Pt3/DSC_4736_result.jpg
NETWORK t= 28974.5ms dt=    0.0ms tid=ThreadId(19) smb_read_start url=smb://dietpi.local/4tbp/pics-sport/Forest Run 2026/Pt3/DSC_4736_result.jpg whole-file
NETWORK t= 29039.9ms dt=   65.4ms tid=pic-smb-transport smb_transport read_file ms=76.3
NETWORK t= 29040.6ms dt=    0.7ms tid=pic-smb-transport smb_client_context_freed
NETWORK t= 29040.6ms dt=    0.0ms tid=pic-smb-transport smb_client_new_start
NETWORK t= 29040.7ms dt=    0.0ms tid=ThreadId(20) read_done uri=smb://dietpi.local/4tbp/pics-sport/Forest%20Run%202026/Pt3/DSC_4699_result.jpg bytes=1417903 ms=117.3
NETWORK t= 29041.0ms dt=    0.4ms tid=ThreadId(20) materialize_done uri=smb://dietpi.local/4tbp/pics-sport/Forest%20Run%202026/Pt3/DSC_4699_result.jpg path=/home/peet/.cache/picasa-rs/source/q/38126e420653600b515a820b017d175e674cd364918f76f95a3abd4f70a8bc17.jpg ms=117.7
NETWORK t= 29041.3ms dt=    0.3ms tid=pic-smb-transport smb_client_context_created
NETWORK t= 29041.3ms dt=    0.0ms tid=pic-smb-transport smb_client_init_start
NETWORK t= 29041.4ms dt=    0.0ms tid=pic-smb-transport smb_client_init_done
NETWORK t= 29044.1ms dt=    2.8ms tid=ThreadId(20) read_start uri=smb://dietpi.local/4tbp/pics-sport/Forest%20Run%202026/Pt3/DSC_4735_result.jpg
NETWORK t= 29044.1ms dt=    0.0ms tid=ThreadId(20) smb_read_start url=smb://dietpi.local/4tbp/pics-sport/Forest Run 2026/Pt3/DSC_4735_result.jpg whole-file
NETWORK t= 29112.1ms dt=   68.0ms tid=pic-smb-transport smb_transport read_file ms=70.8
NETWORK t= 29112.8ms dt=    0.7ms tid=pic-smb-transport smb_client_context_freed
NETWORK t= 29112.9ms dt=    0.0ms tid=pic-smb-transport smb_client_new_start
NETWORK t= 29112.9ms dt=    0.0ms tid=ThreadId(19) read_done uri=smb://dietpi.local/4tbp/pics-sport/Forest%20Run%202026/Pt3/DSC_4736_result.jpg bytes=1196111 ms=138.4
NETWORK t= 29113.2ms dt=    0.3ms tid=ThreadId(19) materialize_done uri=smb://dietpi.local/4tbp/pics-sport/Forest%20Run%202026/Pt3/DSC_4736_result.jpg path=/home/peet/.cache/picasa-rs/source/k/0f687358dc6548e32e6b90f6b19fefc034b10df7743687820f8a6662efdfc937.jpg ms=138.7
NETWORK t= 29113.5ms dt=    0.4ms tid=pic-smb-transport smb_client_context_created
NETWORK t= 29113.6ms dt=    0.0ms tid=pic-smb-transport smb_client_init_start
NETWORK t= 29113.6ms dt=    0.0ms tid=pic-smb-transport smb_client_init_done
NETWORK t= 29116.6ms dt=    3.0ms tid=ThreadId(19) read_start uri=smb://dietpi.local/4tbp/pics-sport/Forest%20Run%202026/Pt3/DSC_4763_result.jpg
NETWORK t= 29116.6ms dt=    0.0ms tid=ThreadId(19) smb_read_start url=smb://dietpi.local/4tbp/pics-sport/Forest Run 2026/Pt3/DSC_4763_result.jpg whole-file
NETWORK t= 29176.9ms dt=   60.3ms tid=pic-smb-transport smb_transport read_file ms=63.3
NETWORK t= 29177.6ms dt=    0.7ms tid=pic-smb-transport smb_client_context_freed
NETWORK t= 29177.7ms dt=    0.0ms tid=pic-smb-transport smb_client_new_start
NETWORK t= 29177.7ms dt=    0.0ms tid=ThreadId(20) read_done uri=smb://dietpi.local/4tbp/pics-sport/Forest%20Run%202026/Pt3/DSC_4735_result.jpg bytes=898130 ms=133.5
NETWORK t= 29178.4ms dt=    0.7ms tid=pic-smb-transport smb_client_context_created
NETWORK t= 29178.5ms dt=    0.0ms tid=pic-smb-transport smb_client_init_start
NETWORK t= 29178.5ms dt=    0.0ms tid=pic-smb-transport smb_client_init_done
NETWORK t= 29188.0ms dt=    9.5ms tid=ThreadId(20) materialize_start uri=smb://dietpi.local/4tbp/pics-sport/Forest%20Run%202026/Pt3/DSC_4735_result.jpg
NETWORK t= 29188.0ms dt=    0.1ms tid=ThreadId(20) read_start uri=smb://dietpi.local/4tbp/pics-sport/Forest%20Run%202026/Pt3/DSC_4735_result.jpg
NETWORK t= 29188.0ms dt=    0.0ms tid=ThreadId(20) smb_read_start url=smb://dietpi.local/4tbp/pics-sport/Forest Run 2026/Pt3/DSC_4735_result.jpg whole-file
NETWORK t= 29245.0ms dt=   56.9ms tid=pic-smb-transport smb_transport read_file ms=66.5
NETWORK t= 29245.6ms dt=    0.7ms tid=pic-smb-transport smb_client_context_freed
NETWORK t= 29245.7ms dt=    0.0ms tid=pic-smb-transport smb_client_new_start
NETWORK t= 29245.7ms dt=    0.0ms tid=ThreadId(19) read_done uri=smb://dietpi.local/4tbp/pics-sport/Forest%20Run%202026/Pt3/DSC_4763_result.jpg bytes=1119041 ms=129.1
NETWORK t= 29246.5ms dt=    0.8ms tid=pic-smb-transport smb_client_context_created
NETWORK t= 29246.5ms dt=    0.0ms tid=pic-smb-transport smb_client_init_start
NETWORK t= 29246.6ms dt=    0.0ms tid=pic-smb-transport smb_client_init_done
NETWORK t= 29257.6ms dt=   11.1ms tid=ThreadId(19) materialize_start uri=smb://dietpi.local/4tbp/pics-sport/Forest%20Run%202026/Pt3/DSC_4763_result.jpg
NETWORK t= 29257.7ms dt=    0.1ms tid=ThreadId(19) read_start uri=smb://dietpi.local/4tbp/pics-sport/Forest%20Run%202026/Pt3/DSC_4763_result.jpg
NETWORK t= 29257.8ms dt=    0.0ms tid=ThreadId(19) smb_read_start url=smb://dietpi.local/4tbp/pics-sport/Forest Run 2026/Pt3/DSC_4763_result.jpg whole-file
NETWORK t= 29309.6ms dt=   51.8ms tid=pic-smb-transport smb_transport read_file ms=63.0
NETWORK t= 29310.3ms dt=    0.7ms tid=pic-smb-transport smb_client_context_freed
NETWORK t= 29310.4ms dt=    0.0ms tid=pic-smb-transport smb_client_new_start
NETWORK t= 29310.4ms dt=    0.0ms tid=ThreadId(20) read_done uri=smb://dietpi.local/4tbp/pics-sport/Forest%20Run%202026/Pt3/DSC_4735_result.jpg bytes=898130 ms=122.3
NETWORK t= 29310.7ms dt=    0.3ms tid=ThreadId(20) materialize_done uri=smb://dietpi.local/4tbp/pics-sport/Forest%20Run%202026/Pt3/DSC_4735_result.jpg path=/home/peet/.cache/picasa-rs/source/i/3df25d03f306074bae176c9b8e3be7fd59438bf7d8e23677067af39e38662bdd.jpg ms=122.7
NETWORK t= 29311.3ms dt=    0.6ms tid=pic-smb-transport smb_client_context_created
NETWORK t= 29311.3ms dt=    0.0ms tid=pic-smb-transport smb_client_init_start
NETWORK t= 29311.3ms dt=    0.0ms tid=pic-smb-transport smb_client_init_done
NETWORK t= 29314.0ms dt=    2.7ms tid=ThreadId(20) read_start uri=smb://dietpi.local/4tbp/pics-sport/Forest%20Run%202026/Pt3/DSC_4696_result.jpg
NETWORK t= 29314.0ms dt=    0.0ms tid=ThreadId(20) smb_read_start url=smb://dietpi.local/4tbp/pics-sport/Forest Run 2026/Pt3/DSC_4696_result.jpg whole-file
NETWORK t= 29382.4ms dt=   68.4ms tid=pic-smb-transport smb_transport read_file ms=71.1
NETWORK t= 29383.2ms dt=    0.7ms tid=pic-smb-transport smb_client_context_freed
NETWORK t= 29383.2ms dt=    0.0ms tid=pic-smb-transport smb_client_new_start
NETWORK t= 29383.2ms dt=    0.0ms tid=ThreadId(19) read_done uri=smb://dietpi.local/4tbp/pics-sport/Forest%20Run%202026/Pt3/DSC_4763_result.jpg bytes=1119041 ms=125.4
NETWORK t= 29383.6ms dt=    0.3ms tid=ThreadId(19) materialize_done uri=smb://dietpi.local/4tbp/pics-sport/Forest%20Run%202026/Pt3/DSC_4763_result.jpg path=/home/peet/.cache/picasa-rs/source/i/fcc6f907722509de33033fcfe16be3b690ed5cdea906ff3b47c223739c8876c4.jpg ms=125.9
NETWORK t= 29384.0ms dt=    0.5ms tid=pic-smb-transport smb_client_context_created
NETWORK t= 29384.1ms dt=    0.0ms tid=pic-smb-transport smb_client_init_start
NETWORK t= 29384.1ms dt=    0.0ms tid=pic-smb-transport smb_client_init_done
NETWORK t= 29386.6ms dt=    2.5ms tid=ThreadId(19) read_start uri=smb://dietpi.local/4tbp/pics-sport/Forest%20Run%202026/Pt3/DSC_4873_result.jpg
NETWORK t= 29386.6ms dt=    0.0ms tid=ThreadId(19) smb_read_start url=smb://dietpi.local/4tbp/pics-sport/Forest Run 2026/Pt3/DSC_4873_result.jpg whole-file
NETWORK t= 29431.3ms dt=   44.7ms tid=pic-smb-transport smb_transport read_file ms=47.2
NETWORK t= 29431.8ms dt=    0.5ms tid=pic-smb-transport smb_client_context_freed
NETWORK t= 29431.9ms dt=    0.0ms tid=pic-smb-transport smb_client_new_start
NETWORK t= 29431.9ms dt=    0.0ms tid=ThreadId(20) read_done uri=smb://dietpi.local/4tbp/pics-sport/Forest%20Run%202026/Pt3/DSC_4696_result.jpg bytes=1004783 ms=117.8
NETWORK t= 29432.7ms dt=    0.8ms tid=pic-smb-transport smb_client_context_created
NETWORK t= 29432.7ms dt=    0.0ms tid=pic-smb-transport smb_client_init_start
NETWORK t= 29432.7ms dt=    0.0ms tid=pic-smb-transport smb_client_init_done
NETWORK t= 29444.9ms dt=   12.2ms tid=ThreadId(20) materialize_start uri=smb://dietpi.local/4tbp/pics-sport/Forest%20Run%202026/Pt3/DSC_4696_result.jpg
NETWORK t= 29445.0ms dt=    0.1ms tid=ThreadId(20) read_start uri=smb://dietpi.local/4tbp/pics-sport/Forest%20Run%202026/Pt3/DSC_4696_result.jpg
NETWORK t= 29445.0ms dt=    0.0ms tid=ThreadId(20) smb_read_start url=smb://dietpi.local/4tbp/pics-sport/Forest Run 2026/Pt3/DSC_4696_result.jpg whole-file
NETWORK t= 29506.4ms dt=   61.4ms tid=pic-smb-transport smb_transport read_file ms=73.7
NETWORK t= 29507.1ms dt=    0.7ms tid=pic-smb-transport smb_client_context_freed
NETWORK t= 29507.1ms dt=    0.0ms tid=pic-smb-transport smb_client_new_start
NETWORK t= 29507.2ms dt=    0.0ms tid=ThreadId(19) read_done uri=smb://dietpi.local/4tbp/pics-sport/Forest%20Run%202026/Pt3/DSC_4873_result.jpg bytes=1306830 ms=120.5
NETWORK t= 29507.8ms dt=    0.7ms tid=pic-smb-transport smb_client_context_created
NETWORK t= 29507.9ms dt=    0.0ms tid=pic-smb-transport smb_client_init_start
NETWORK t= 29507.9ms dt=    0.0ms tid=pic-smb-transport smb_client_init_done
NETWORK t= 29519.2ms dt=   11.4ms tid=ThreadId(19) materialize_start uri=smb://dietpi.local/4tbp/pics-sport/Forest%20Run%202026/Pt3/DSC_4873_result.jpg
NETWORK t= 29519.3ms dt=    0.1ms tid=ThreadId(19) read_start uri=smb://dietpi.local/4tbp/pics-sport/Forest%20Run%202026/Pt3/DSC_4873_result.jpg
NETWORK t= 29519.3ms dt=    0.0ms tid=ThreadId(19) smb_read_start url=smb://dietpi.local/4tbp/pics-sport/Forest Run 2026/Pt3/DSC_4873_result.jpg whole-file
NETWORK t= 29572.9ms dt=   53.6ms tid=pic-smb-transport smb_transport read_file ms=65.0
NETWORK t= 29573.5ms dt=    0.6ms tid=pic-smb-transport smb_client_context_freed
NETWORK t= 29573.6ms dt=    0.0ms tid=pic-smb-transport smb_client_new_start
NETWORK t= 29573.6ms dt=    0.0ms tid=ThreadId(20) read_done uri=smb://dietpi.local/4tbp/pics-sport/Forest%20Run%202026/Pt3/DSC_4696_result.jpg bytes=1004783 ms=128.5
NETWORK t= 29573.9ms dt=    0.3ms tid=ThreadId(20) materialize_done uri=smb://dietpi.local/4tbp/pics-sport/Forest%20Run%202026/Pt3/DSC_4696_result.jpg path=/home/peet/.cache/picasa-rs/source/o/d914d5d0ce5b3ef69ab16ea295539f1ab9ef72bfe090f9ac8f9e2004b4ae7cbd.jpg ms=128.9
NETWORK t= 29574.3ms dt=    0.4ms tid=pic-smb-transport smb_client_context_created
NETWORK t= 29574.3ms dt=    0.0ms tid=pic-smb-transport smb_client_init_start
NETWORK t= 29574.3ms dt=    0.0ms tid=pic-smb-transport smb_client_init_done
NETWORK t= 29577.2ms dt=    2.8ms tid=ThreadId(20) read_start uri=smb://dietpi.local/4tbp/pics-sport/Forest%20Run%202026/Pt3/DSC_4824_result.jpg
NETWORK t= 29577.2ms dt=    0.0ms tid=ThreadId(20) smb_read_start url=smb://dietpi.local/4tbp/pics-sport/Forest Run 2026/Pt3/DSC_4824_result.jpg whole-file
NETWORK t= 29649.5ms dt=   72.3ms tid=pic-smb-transport smb_transport read_file ms=75.1
NETWORK t= 29650.2ms dt=    0.7ms tid=pic-smb-transport smb_client_context_freed
NETWORK t= 29650.2ms dt=    0.0ms tid=pic-smb-transport smb_client_new_start
NETWORK t= 29650.2ms dt=    0.0ms tid=ThreadId(19) read_done uri=smb://dietpi.local/4tbp/pics-sport/Forest%20Run%202026/Pt3/DSC_4873_result.jpg bytes=1306830 ms=130.9
NETWORK t= 29650.5ms dt=    0.3ms tid=ThreadId(19) materialize_done uri=smb://dietpi.local/4tbp/pics-sport/Forest%20Run%202026/Pt3/DSC_4873_result.jpg path=/home/peet/.cache/picasa-rs/source/i/363602ccf47fee22909a0d636d2ff5a67ec1c2bcdf400155585c1dc0df826cb9.jpg ms=131.2
NETWORK t= 29650.8ms dt=    0.3ms tid=pic-smb-transport smb_client_context_created
NETWORK t= 29650.9ms dt=    0.0ms tid=pic-smb-transport smb_client_init_start
NETWORK t= 29650.9ms dt=    0.0ms tid=pic-smb-transport smb_client_init_done
NETWORK t= 29653.8ms dt=    2.9ms tid=ThreadId(19) read_start uri=smb://dietpi.local/4tbp/pics-sport/Forest%20Run%202026/Pt3/DSC_4783_result.jpg
NETWORK t= 29653.8ms dt=    0.0ms tid=ThreadId(19) smb_read_start url=smb://dietpi.local/4tbp/pics-sport/Forest Run 2026/Pt3/DSC_4783_result.jpg whole-file
NETWORK t= 29720.8ms dt=   67.0ms tid=pic-smb-transport smb_transport read_file ms=70.0
NETWORK t= 29721.5ms dt=    0.7ms tid=pic-smb-transport smb_client_context_freed
NETWORK t= 29721.6ms dt=    0.0ms tid=pic-smb-transport smb_client_new_start
NETWORK t= 29721.6ms dt=    0.0ms tid=ThreadId(20) read_done uri=smb://dietpi.local/4tbp/pics-sport/Forest%20Run%202026/Pt3/DSC_4824_result.jpg bytes=1166122 ms=144.4
NETWORK t= 29722.3ms dt=    0.7ms tid=pic-smb-transport smb_client_context_created
NETWORK t= 29722.3ms dt=    0.0ms tid=pic-smb-transport smb_client_init_start
NETWORK t= 29722.3ms dt=    0.0ms tid=pic-smb-transport smb_client_init_done
NETWORK t= 29733.2ms dt=   10.8ms tid=ThreadId(20) materialize_start uri=smb://dietpi.local/4tbp/pics-sport/Forest%20Run%202026/Pt3/DSC_4824_result.jpg
NETWORK t= 29733.2ms dt=    0.1ms tid=ThreadId(20) read_start uri=smb://dietpi.local/4tbp/pics-sport/Forest%20Run%202026/Pt3/DSC_4824_result.jpg
NETWORK t= 29733.3ms dt=    0.0ms tid=ThreadId(20) smb_read_start url=smb://dietpi.local/4tbp/pics-sport/Forest Run 2026/Pt3/DSC_4824_result.jpg whole-file
NETWORK t= 29784.7ms dt=   51.5ms tid=pic-smb-transport smb_transport read_file ms=62.4
NETWORK t= 29785.4ms dt=    0.7ms tid=pic-smb-transport smb_client_context_freed
NETWORK t= 29785.4ms dt=    0.0ms tid=pic-smb-transport smb_client_new_start
NETWORK t= 29785.4ms dt=    0.0ms tid=ThreadId(19) read_done uri=smb://dietpi.local/4tbp/pics-sport/Forest%20Run%202026/Pt3/DSC_4783_result.jpg bytes=1075912 ms=131.6
NETWORK t= 29786.0ms dt=    0.6ms tid=pic-smb-transport smb_client_context_created
NETWORK t= 29786.0ms dt=    0.0ms tid=pic-smb-transport smb_client_init_start
NETWORK t= 29786.0ms dt=    0.0ms tid=pic-smb-transport smb_client_init_done
NETWORK t= 29796.1ms dt=   10.1ms tid=ThreadId(19) materialize_start uri=smb://dietpi.local/4tbp/pics-sport/Forest%20Run%202026/Pt3/DSC_4783_result.jpg
NETWORK t= 29796.2ms dt=    0.1ms tid=ThreadId(19) read_start uri=smb://dietpi.local/4tbp/pics-sport/Forest%20Run%202026/Pt3/DSC_4783_result.jpg
NETWORK t= 29796.2ms dt=    0.0ms tid=ThreadId(19) smb_read_start url=smb://dietpi.local/4tbp/pics-sport/Forest Run 2026/Pt3/DSC_4783_result.jpg whole-file
NETWORK t= 29855.0ms dt=   58.7ms tid=pic-smb-transport smb_transport read_file ms=68.9
NETWORK t= 29855.6ms dt=    0.7ms tid=pic-smb-transport smb_client_context_freed
NETWORK t= 29855.7ms dt=    0.0ms tid=pic-smb-transport smb_client_new_start
NETWORK t= 29855.7ms dt=    0.0ms tid=ThreadId(20) read_done uri=smb://dietpi.local/4tbp/pics-sport/Forest%20Run%202026/Pt3/DSC_4824_result.jpg bytes=1166122 ms=122.4
NETWORK t= 29855.9ms dt=    0.3ms tid=ThreadId(20) materialize_done uri=smb://dietpi.local/4tbp/pics-sport/Forest%20Run%202026/Pt3/DSC_4824_result.jpg path=/home/peet/.cache/picasa-rs/source/z/3b7b4255b661c3d17e7004098502d57e50f8f3e9eae37f1abffdffc07f0f6108.jpg ms=122.8
NETWORK t= 29856.3ms dt=    0.3ms tid=pic-smb-transport smb_client_context_created
NETWORK t= 29856.3ms dt=    0.0ms tid=pic-smb-transport smb_client_init_start
NETWORK t= 29856.3ms dt=    0.0ms tid=pic-smb-transport smb_client_init_done
NETWORK t= 29859.2ms dt=    2.8ms tid=ThreadId(20) read_start uri=smb://dietpi.local/4tbp/pics-sport/Forest%20Run%202026/Pt3/DSC_4733_result.jpg
NETWORK t= 29859.2ms dt=    0.0ms tid=ThreadId(20) smb_read_start url=smb://dietpi.local/4tbp/pics-sport/Forest Run 2026/Pt3/DSC_4733_result.jpg whole-file
NETWORK t= 29895.1ms dt=   36.0ms tid=main tile_activated photo_id=927 index=28 op=3
NETWORK t= 29895.2ms dt=    0.0ms tid=main lightbox_open index=28 op=3
NETWORK t= 29902.4ms dt=    7.2ms tid=pic-smb-transport smb_transport read_file ms=46.0
NETWORK t= 29902.9ms dt=    0.5ms tid=pic-smb-transport smb_client_context_freed
NETWORK t= 29902.9ms dt=    0.0ms tid=pic-smb-transport smb_client_new_start
NETWORK t= 29903.0ms dt=    0.0ms tid=ThreadId(19) read_done uri=smb://dietpi.local/4tbp/pics-sport/Forest%20Run%202026/Pt3/DSC_4783_result.jpg bytes=1075912 ms=106.7
NETWORK t= 29903.2ms dt=    0.2ms tid=ThreadId(19) materialize_done uri=smb://dietpi.local/4tbp/pics-sport/Forest%20Run%202026/Pt3/DSC_4783_result.jpg path=/home/peet/.cache/picasa-rs/source/w/dc7c6d77bad62617e470899f7209bfbc061138ac04a148450b527dfe9f3042cb.jpg ms=107.0
NETWORK t= 29903.6ms dt=    0.4ms tid=pic-smb-transport smb_client_context_created
NETWORK t= 29903.6ms dt=    0.0ms tid=pic-smb-transport smb_client_init_start
NETWORK t= 29903.7ms dt=    0.0ms tid=pic-smb-transport smb_client_init_done
NETWORK t= 29906.2ms dt=    2.5ms tid=ThreadId(19) read_start uri=smb://dietpi.local/4tbp/pics-sport/Forest%20Run%202026/Pt3/DSC_4892_result.jpg
NETWORK t= 29906.2ms dt=    0.0ms tid=ThreadId(19) smb_read_start url=smb://dietpi.local/4tbp/pics-sport/Forest Run 2026/Pt3/DSC_4892_result.jpg whole-file
NETWORK t= 29909.7ms dt=    3.5ms tid=main decode_start uri=smb://dietpi.local/4tbp/pics-sport/Forest%20Run%202026/Pt3/DSC_4760_result.jpg op=3
NETWORK t= 29909.8ms dt=    0.1ms tid=lightbox-decode materialize_start uri=smb://dietpi.local/4tbp/pics-sport/Forest%20Run%202026/Pt3/DSC_4760_result.jpg
NETWORK t= 29909.9ms dt=    0.1ms tid=lightbox-decode read_start uri=smb://dietpi.local/4tbp/pics-sport/Forest%20Run%202026/Pt3/DSC_4760_result.jpg
NETWORK t= 29909.9ms dt=    0.0ms tid=lightbox-decode smb_read_start url=smb://dietpi.local/4tbp/pics-sport/Forest Run 2026/Pt3/DSC_4760_result.jpg whole-file
NETWORK t= 29969.3ms dt=   59.4ms tid=pic-smb-transport smb_transport read_file ms=65.6
NETWORK t= 29970.0ms dt=    0.7ms tid=pic-smb-transport smb_client_context_freed
NETWORK t= 29970.1ms dt=    0.0ms tid=pic-smb-transport smb_client_new_start
NETWORK t= 29970.1ms dt=    0.0ms tid=ThreadId(20) read_done uri=smb://dietpi.local/4tbp/pics-sport/Forest%20Run%202026/Pt3/DSC_4733_result.jpg bytes=1311204 ms=110.9
NETWORK t= 29970.8ms dt=    0.7ms tid=pic-smb-transport smb_client_context_created
NETWORK t= 29970.8ms dt=    0.0ms tid=pic-smb-transport smb_client_init_start
NETWORK t= 29970.8ms dt=    0.0ms tid=pic-smb-transport smb_client_init_done
NETWORK t= 29982.8ms dt=   11.9ms tid=ThreadId(20) materialize_start uri=smb://dietpi.local/4tbp/pics-sport/Forest%20Run%202026/Pt3/DSC_4733_result.jpg
NETWORK t= 29982.8ms dt=    0.1ms tid=ThreadId(20) read_start uri=smb://dietpi.local/4tbp/pics-sport/Forest%20Run%202026/Pt3/DSC_4733_result.jpg
NETWORK t= 29982.9ms dt=    0.0ms tid=ThreadId(20) smb_read_start url=smb://dietpi.local/4tbp/pics-sport/Forest Run 2026/Pt3/DSC_4733_result.jpg whole-file
NETWORK t= 30023.5ms dt=   40.7ms tid=pic-smb-transport smb_transport read_file ms=52.7
NETWORK t= 30024.0ms dt=    0.5ms tid=pic-smb-transport smb_client_context_freed
NETWORK t= 30024.0ms dt=    0.0ms tid=pic-smb-transport smb_client_new_start
NETWORK t= 30024.0ms dt=    0.0ms tid=ThreadId(19) read_done uri=smb://dietpi.local/4tbp/pics-sport/Forest%20Run%202026/Pt3/DSC_4892_result.jpg bytes=1150247 ms=117.8
NETWORK t= 30024.6ms dt=    0.6ms tid=pic-smb-transport smb_client_context_created
NETWORK t= 30024.6ms dt=    0.0ms tid=pic-smb-transport smb_client_init_start
NETWORK t= 30024.6ms dt=    0.0ms tid=pic-smb-transport smb_client_init_done
NETWORK t= 30035.0ms dt=   10.4ms tid=ThreadId(19) materialize_start uri=smb://dietpi.local/4tbp/pics-sport/Forest%20Run%202026/Pt3/DSC_4892_result.jpg
NETWORK t= 30035.1ms dt=    0.1ms tid=ThreadId(19) read_start uri=smb://dietpi.local/4tbp/pics-sport/Forest%20Run%202026/Pt3/DSC_4892_result.jpg
NETWORK t= 30035.1ms dt=    0.0ms tid=ThreadId(19) smb_read_start url=smb://dietpi.local/4tbp/pics-sport/Forest Run 2026/Pt3/DSC_4892_result.jpg whole-file
NETWORK t= 30088.3ms dt=   53.2ms tid=pic-smb-transport smb_transport read_file ms=63.6
NETWORK t= 30088.9ms dt=    0.6ms tid=pic-smb-transport smb_client_context_freed
NETWORK t= 30088.9ms dt=    0.0ms tid=pic-smb-transport smb_client_new_start
NETWORK t= 30089.0ms dt=    0.0ms tid=lightbox-decode read_done uri=smb://dietpi.local/4tbp/pics-sport/Forest%20Run%202026/Pt3/DSC_4760_result.jpg bytes=1203864 ms=179.0
NETWORK t= 30089.2ms dt=    0.3ms tid=lightbox-decode materialize_done uri=smb://dietpi.local/4tbp/pics-sport/Forest%20Run%202026/Pt3/DSC_4760_result.jpg path=/home/peet/.cache/picasa-rs/source/j/149bdffbf431ac9885bb2cb779cc46794f80ec66f10678460ae6146b515c95ed.jpg ms=179.4
NETWORK t= 30089.3ms dt=    0.1ms tid=lightbox-decode materialize_start uri=smb://dietpi.local/4tbp/pics-sport/Forest%20Run%202026/Pt3/DSC_4760_result.jpg
NETWORK t= 30089.3ms dt=    0.0ms tid=lightbox-decode materialize_done uri=smb://dietpi.local/4tbp/pics-sport/Forest%20Run%202026/Pt3/DSC_4760_result.jpg path=/home/peet/.cache/picasa-rs/source/j/149bdffbf431ac9885bb2cb779cc46794f80ec66f10678460ae6146b515c95ed.jpg ms=0.0
NETWORK t= 30089.6ms dt=    0.3ms tid=pic-smb-transport smb_client_context_created
NETWORK t= 30089.7ms dt=    0.0ms tid=pic-smb-transport smb_client_init_start
NETWORK t= 30089.7ms dt=    0.1ms tid=pic-smb-transport smb_client_init_done
NETWORK t= 30131.3ms dt=   41.6ms tid=main decode_done uri=smb://dietpi.local/4tbp/pics-sport/Forest%20Run%202026/Pt3/DSC_4760_result.jpg w=1096 h=732 ms=221.6 op=3
NETWORK t= 30154.8ms dt=   23.5ms tid=pic-smb-transport smb_transport read_file ms=65.1
NETWORK t= 30155.4ms dt=    0.6ms tid=pic-smb-transport smb_client_context_freed
NETWORK t= 30155.5ms dt=    0.0ms tid=pic-smb-transport smb_client_new_start
NETWORK t= 30155.5ms dt=    0.0ms tid=ThreadId(19) read_done uri=smb://dietpi.local/4tbp/pics-sport/Forest%20Run%202026/Pt3/DSC_4892_result.jpg bytes=1150247 ms=120.4
NETWORK t= 30155.8ms dt=    0.3ms tid=ThreadId(19) materialize_done uri=smb://dietpi.local/4tbp/pics-sport/Forest%20Run%202026/Pt3/DSC_4892_result.jpg path=/home/peet/.cache/picasa-rs/source/v/b6eff52d568699d5b69348e721b8c0d11e17a38d1dd0993d3a58a8180eff2400.jpg ms=120.7
NETWORK t= 30156.1ms dt=    0.3ms tid=pic-smb-transport smb_client_context_created
NETWORK t= 30156.1ms dt=    0.0ms tid=pic-smb-transport smb_client_init_start
NETWORK t= 30156.1ms dt=    0.0ms tid=pic-smb-transport smb_client_init_done
NETWORK t= 30158.8ms dt=    2.7ms tid=ThreadId(19) read_start uri=smb://dietpi.local/4tbp/pics-sport/Forest%20Run%202026/Pt3/DSC_4786_result.jpg
NETWORK t= 30158.9ms dt=    0.0ms tid=ThreadId(19) smb_read_start url=smb://dietpi.local/4tbp/pics-sport/Forest Run 2026/Pt3/DSC_4786_result.jpg whole-file
NETWORK t= 30226.1ms dt=   67.2ms tid=pic-smb-transport smb_transport read_file ms=69.9
NETWORK t= 30226.7ms dt=    0.7ms tid=pic-smb-transport smb_client_context_freed
NETWORK t= 30226.8ms dt=    0.0ms tid=pic-smb-transport smb_client_new_start
NETWORK t= 30226.8ms dt=    0.0ms tid=ThreadId(20) read_done uri=smb://dietpi.local/4tbp/pics-sport/Forest%20Run%202026/Pt3/DSC_4733_result.jpg bytes=1311204 ms=243.9
NETWORK t= 30227.1ms dt=    0.3ms tid=ThreadId(20) materialize_done uri=smb://dietpi.local/4tbp/pics-sport/Forest%20Run%202026/Pt3/DSC_4733_result.jpg path=/home/peet/.cache/picasa-rs/source/b/c803501ac1fb0cd27c56cb9c6e8791c9f45047471f85b6a38edb9e9bad5edb78.jpg ms=244.3
NETWORK t= 30227.5ms dt=    0.4ms tid=pic-smb-transport smb_client_context_created
NETWORK t= 30227.5ms dt=    0.0ms tid=pic-smb-transport smb_client_init_start
NETWORK t= 30227.5ms dt=    0.0ms tid=pic-smb-transport smb_client_init_done
NETWORK t= 30230.3ms dt=    2.8ms tid=ThreadId(20) read_start uri=smb://dietpi.local/4tbp/pics-sport/Forest%20Run%202026/Pt3/DSC_4796_result.jpg
NETWORK t= 30230.4ms dt=    0.0ms tid=ThreadId(20) smb_read_start url=smb://dietpi.local/4tbp/pics-sport/Forest Run 2026/Pt3/DSC_4796_result.jpg whole-file
NETWORK t= 30280.1ms dt=   49.7ms tid=pic-smb-transport smb_transport read_file ms=52.5
NETWORK t= 30280.6ms dt=    0.5ms tid=pic-smb-transport smb_client_context_freed
NETWORK t= 30280.6ms dt=    0.0ms tid=pic-smb-transport smb_client_new_start
NETWORK t= 30280.7ms dt=    0.0ms tid=ThreadId(19) read_done uri=smb://dietpi.local/4tbp/pics-sport/Forest%20Run%202026/Pt3/DSC_4786_result.jpg bytes=1086844 ms=121.8
NETWORK t= 30281.3ms dt=    0.6ms tid=pic-smb-transport smb_client_context_created
NETWORK t= 30281.3ms dt=    0.0ms tid=pic-smb-transport smb_client_init_start
NETWORK t= 30281.3ms dt=    0.0ms tid=pic-smb-transport smb_client_init_done
NETWORK t= 30291.5ms dt=   10.2ms tid=ThreadId(19) materialize_start uri=smb://dietpi.local/4tbp/pics-sport/Forest%20Run%202026/Pt3/DSC_4786_result.jpg
NETWORK t= 30291.5ms dt=    0.1ms tid=ThreadId(19) read_start uri=smb://dietpi.local/4tbp/pics-sport/Forest%20Run%202026/Pt3/DSC_4786_result.jpg
NETWORK t= 30291.6ms dt=    0.0ms tid=ThreadId(19) smb_read_start url=smb://dietpi.local/4tbp/pics-sport/Forest Run 2026/Pt3/DSC_4786_result.jpg whole-file
NETWORK t= 30340.6ms dt=   49.0ms tid=pic-smb-transport smb_transport read_file ms=59.2
NETWORK t= 30341.2ms dt=    0.6ms tid=pic-smb-transport smb_client_context_freed
NETWORK t= 30341.3ms dt=    0.0ms tid=pic-smb-transport smb_client_new_start
NETWORK t= 30341.3ms dt=    0.0ms tid=ThreadId(20) read_done uri=smb://dietpi.local/4tbp/pics-sport/Forest%20Run%202026/Pt3/DSC_4796_result.jpg bytes=1019354 ms=110.9
NETWORK t= 30341.9ms dt=    0.6ms tid=pic-smb-transport smb_client_context_created
NETWORK t= 30341.9ms dt=    0.0ms tid=pic-smb-transport smb_client_init_start
NETWORK t= 30341.9ms dt=    0.0ms tid=pic-smb-transport smb_client_init_done
NETWORK t= 30352.1ms dt=   10.2ms tid=ThreadId(20) materialize_start uri=smb://dietpi.local/4tbp/pics-sport/Forest%20Run%202026/Pt3/DSC_4796_result.jpg
NETWORK t= 30352.2ms dt=    0.1ms tid=ThreadId(20) read_start uri=smb://dietpi.local/4tbp/pics-sport/Forest%20Run%202026/Pt3/DSC_4796_result.jpg
NETWORK t= 30352.2ms dt=    0.0ms tid=ThreadId(20) smb_read_start url=smb://dietpi.local/4tbp/pics-sport/Forest Run 2026/Pt3/DSC_4796_result.jpg whole-file
NETWORK t= 30404.8ms dt=   52.5ms tid=pic-smb-transport smb_transport read_file ms=62.8
NETWORK t= 30405.4ms dt=    0.6ms tid=pic-smb-transport smb_client_context_freed
NETWORK t= 30405.4ms dt=    0.0ms tid=pic-smb-transport smb_client_new_start
NETWORK t= 30405.4ms dt=    0.0ms tid=ThreadId(19) read_done uri=smb://dietpi.local/4tbp/pics-sport/Forest%20Run%202026/Pt3/DSC_4786_result.jpg bytes=1086844 ms=113.8
NETWORK t= 30405.6ms dt=    0.2ms tid=ThreadId(19) materialize_done uri=smb://dietpi.local/4tbp/pics-sport/Forest%20Run%202026/Pt3/DSC_4786_result.jpg path=/home/peet/.cache/picasa-rs/source/j/1de3a234eb02914d6823bd557ebb2d5401deb1edd58e7f74bba1fa73571b2fb8.jpg ms=114.1
NETWORK t= 30406.0ms dt=    0.3ms tid=pic-smb-transport smb_client_context_created
NETWORK t= 30406.0ms dt=    0.0ms tid=pic-smb-transport smb_client_init_start
NETWORK t= 30406.0ms dt=    0.0ms tid=pic-smb-transport smb_client_init_done
NETWORK t= 30408.9ms dt=    2.9ms tid=ThreadId(19) read_start uri=smb://dietpi.local/4tbp/pics-sport/Forest%20Run%202026/Pt3/DSC_4806_result.jpg
NETWORK t= 30408.9ms dt=    0.0ms tid=ThreadId(19) smb_read_start url=smb://dietpi.local/4tbp/pics-sport/Forest Run 2026/Pt3/DSC_4806_result.jpg whole-file
NETWORK t= 30466.6ms dt=   57.7ms tid=pic-smb-transport smb_transport read_file ms=60.6
NETWORK t= 30467.2ms dt=    0.6ms tid=pic-smb-transport smb_client_context_freed
NETWORK t= 30467.3ms dt=    0.0ms tid=pic-smb-transport smb_client_new_start
NETWORK t= 30467.3ms dt=    0.0ms tid=ThreadId(20) read_done uri=smb://dietpi.local/4tbp/pics-sport/Forest%20Run%202026/Pt3/DSC_4796_result.jpg bytes=1019354 ms=115.0
NETWORK t= 30467.5ms dt=    0.2ms tid=ThreadId(20) materialize_done uri=smb://dietpi.local/4tbp/pics-sport/Forest%20Run%202026/Pt3/DSC_4796_result.jpg path=/home/peet/.cache/picasa-rs/source/8/89b48c08e568c5f48bf4e1ba337ca093ee944c2c157e832a83850c2243ddb168.jpg ms=115.3
NETWORK t= 30468.0ms dt=    0.5ms tid=pic-smb-transport smb_client_context_created
NETWORK t= 30468.0ms dt=    0.0ms tid=pic-smb-transport smb_client_init_start
NETWORK t= 30468.0ms dt=    0.0ms tid=pic-smb-transport smb_client_init_done
NETWORK t= 30470.7ms dt=    2.7ms tid=ThreadId(20) read_start uri=smb://dietpi.local/4tbp/pics-sport/Forest%20Run%202026/Pt3/DSC_4742_result.jpg
NETWORK t= 30470.8ms dt=    0.0ms tid=ThreadId(20) smb_read_start url=smb://dietpi.local/4tbp/pics-sport/Forest Run 2026/Pt3/DSC_4742_result.jpg whole-file
NETWORK t= 30534.4ms dt=   63.7ms tid=pic-smb-transport smb_transport read_file ms=66.4
NETWORK t= 30535.2ms dt=    0.7ms tid=pic-smb-transport smb_client_context_freed
NETWORK t= 30535.2ms dt=    0.0ms tid=pic-smb-transport smb_client_new_start
NETWORK t= 30535.2ms dt=    0.0ms tid=ThreadId(19) read_done uri=smb://dietpi.local/4tbp/pics-sport/Forest%20Run%202026/Pt3/DSC_4806_result.jpg bytes=1198177 ms=126.3
NETWORK t= 30536.1ms dt=    0.9ms tid=pic-smb-transport smb_client_context_created
NETWORK t= 30536.2ms dt=    0.0ms tid=pic-smb-transport smb_client_init_start
NETWORK t= 30536.2ms dt=    0.0ms tid=pic-smb-transport smb_client_init_done
NETWORK t= 30546.5ms dt=   10.3ms tid=ThreadId(19) materialize_start uri=smb://dietpi.local/4tbp/pics-sport/Forest%20Run%202026/Pt3/DSC_4806_result.jpg
NETWORK t= 30546.6ms dt=    0.1ms tid=ThreadId(19) read_start uri=smb://dietpi.local/4tbp/pics-sport/Forest%20Run%202026/Pt3/DSC_4806_result.jpg
NETWORK t= 30546.6ms dt=    0.0ms tid=ThreadId(19) smb_read_start url=smb://dietpi.local/4tbp/pics-sport/Forest Run 2026/Pt3/DSC_4806_result.jpg whole-file
NETWORK t= 30600.9ms dt=   54.4ms tid=pic-smb-transport smb_transport read_file ms=64.7
NETWORK t= 30601.7ms dt=    0.7ms tid=pic-smb-transport smb_client_context_freed
NETWORK t= 30601.7ms dt=    0.0ms tid=pic-smb-transport smb_client_new_start
NETWORK t= 30601.7ms dt=    0.0ms tid=ThreadId(20) read_done uri=smb://dietpi.local/4tbp/pics-sport/Forest%20Run%202026/Pt3/DSC_4742_result.jpg bytes=1015630 ms=130.9
NETWORK t= 30602.3ms dt=    0.6ms tid=pic-smb-transport smb_client_context_created
NETWORK t= 30602.4ms dt=    0.0ms tid=pic-smb-transport smb_client_init_start
NETWORK t= 30602.4ms dt=    0.0ms tid=pic-smb-transport smb_client_init_done
NETWORK t= 30612.8ms dt=   10.5ms tid=ThreadId(20) materialize_start uri=smb://dietpi.local/4tbp/pics-sport/Forest%20Run%202026/Pt3/DSC_4742_result.jpg
NETWORK t= 30612.9ms dt=    0.1ms tid=ThreadId(20) read_start uri=smb://dietpi.local/4tbp/pics-sport/Forest%20Run%202026/Pt3/DSC_4742_result.jpg
NETWORK t= 30612.9ms dt=    0.0ms tid=ThreadId(20) smb_read_start url=smb://dietpi.local/4tbp/pics-sport/Forest Run 2026/Pt3/DSC_4742_result.jpg whole-file
NETWORK t= 30679.0ms dt=   66.0ms tid=pic-smb-transport smb_transport read_file ms=76.6
NETWORK t= 30679.7ms dt=    0.7ms tid=pic-smb-transport smb_client_context_freed
NETWORK t= 30679.7ms dt=    0.0ms tid=pic-smb-transport smb_client_new_start
NETWORK t= 30679.7ms dt=    0.0ms tid=ThreadId(19) read_done uri=smb://dietpi.local/4tbp/pics-sport/Forest%20Run%202026/Pt3/DSC_4806_result.jpg bytes=1198177 ms=133.1
NETWORK t= 30680.0ms dt=    0.3ms tid=ThreadId(19) materialize_done uri=smb://dietpi.local/4tbp/pics-sport/Forest%20Run%202026/Pt3/DSC_4806_result.jpg path=/home/peet/.cache/picasa-rs/source/r/d7f7e950571c9ff3dc980560dc9c1f8118f6330c1f6acd8fbe2d97112828c71c.jpg ms=133.5
NETWORK t= 30680.4ms dt=    0.4ms tid=pic-smb-transport smb_client_context_created
NETWORK t= 30680.4ms dt=    0.0ms tid=pic-smb-transport smb_client_init_start
NETWORK t= 30680.4ms dt=    0.0ms tid=pic-smb-transport smb_client_init_done
NETWORK t= 30683.2ms dt=    2.7ms tid=ThreadId(19) read_start uri=smb://dietpi.local/4tbp/pics-sport/Forest%20Run%202026/Pt3/DSC_4727_result.jpg
NETWORK t= 30683.2ms dt=    0.0ms tid=ThreadId(19) smb_read_start url=smb://dietpi.local/4tbp/pics-sport/Forest Run 2026/Pt3/DSC_4727_result.jpg whole-file
NETWORK t= 30746.7ms dt=   63.5ms tid=pic-smb-transport smb_transport read_file ms=66.2
NETWORK t= 30747.3ms dt=    0.7ms tid=pic-smb-transport smb_client_context_freed
NETWORK t= 30747.4ms dt=    0.0ms tid=pic-smb-transport smb_client_new_start
NETWORK t= 30747.4ms dt=    0.0ms tid=ThreadId(20) read_done uri=smb://dietpi.local/4tbp/pics-sport/Forest%20Run%202026/Pt3/DSC_4742_result.jpg bytes=1015630 ms=134.4
NETWORK t= 30747.6ms dt=    0.2ms tid=ThreadId(20) materialize_done uri=smb://dietpi.local/4tbp/pics-sport/Forest%20Run%202026/Pt3/DSC_4742_result.jpg path=/home/peet/.cache/picasa-rs/source/x/8c790d576161d78357d0df243ae7d8e35b0563bdac816ae16002e5eaeba18e39.jpg ms=134.8
NETWORK t= 30748.0ms dt=    0.3ms tid=pic-smb-transport smb_client_context_created
NETWORK t= 30748.0ms dt=    0.0ms tid=pic-smb-transport smb_client_init_start
NETWORK t= 30748.0ms dt=    0.0ms tid=pic-smb-transport smb_client_init_done
NETWORK t= 30751.1ms dt=    3.1ms tid=ThreadId(20) read_start uri=smb://dietpi.local/4tbp/pics-sport/Forest%20Run%202026/Pt3/DSC_4781_result.jpg
NETWORK t= 30751.2ms dt=    0.0ms tid=ThreadId(20) smb_read_start url=smb://dietpi.local/4tbp/pics-sport/Forest Run 2026/Pt3/DSC_4781_result.jpg whole-file
NETWORK t= 30812.8ms dt=   61.6ms tid=pic-smb-transport smb_transport read_file ms=64.8
NETWORK t= 30813.5ms dt=    0.7ms tid=pic-smb-transport smb_client_context_freed
NETWORK t= 30813.5ms dt=    0.0ms tid=pic-smb-transport smb_client_new_start
NETWORK t= 30813.5ms dt=    0.0ms tid=ThreadId(19) read_done uri=smb://dietpi.local/4tbp/pics-sport/Forest%20Run%202026/Pt3/DSC_4727_result.jpg bytes=1026582 ms=130.3
NETWORK t= 30814.2ms dt=    0.7ms tid=pic-smb-transport smb_client_context_created
NETWORK t= 30814.2ms dt=    0.0ms tid=pic-smb-transport smb_client_init_start
NETWORK t= 30814.2ms dt=    0.0ms tid=pic-smb-transport smb_client_init_done
NETWORK t= 30824.3ms dt=   10.0ms tid=ThreadId(19) materialize_start uri=smb://dietpi.local/4tbp/pics-sport/Forest%20Run%202026/Pt3/DSC_4727_result.jpg
NETWORK t= 30824.3ms dt=    0.1ms tid=ThreadId(19) read_start uri=smb://dietpi.local/4tbp/pics-sport/Forest%20Run%202026/Pt3/DSC_4727_result.jpg
NETWORK t= 30824.4ms dt=    0.0ms tid=ThreadId(19) smb_read_start url=smb://dietpi.local/4tbp/pics-sport/Forest Run 2026/Pt3/DSC_4727_result.jpg whole-file
NETWORK t= 30884.6ms dt=   60.2ms tid=pic-smb-transport smb_transport read_file ms=70.3
NETWORK t= 30885.3ms dt=    0.7ms tid=pic-smb-transport smb_client_context_freed
NETWORK t= 30885.3ms dt=    0.0ms tid=pic-smb-transport smb_client_new_start
NETWORK t= 30885.3ms dt=    0.0ms tid=ThreadId(20) read_done uri=smb://dietpi.local/4tbp/pics-sport/Forest%20Run%202026/Pt3/DSC_4781_result.jpg bytes=1146818 ms=134.2
NETWORK t= 30886.2ms dt=    0.8ms tid=pic-smb-transport smb_client_context_created
NETWORK t= 30886.2ms dt=    0.0ms tid=pic-smb-transport smb_client_init_start
NETWORK t= 30886.2ms dt=    0.0ms tid=pic-smb-transport smb_client_init_done
NETWORK t= 30897.3ms dt=   11.1ms tid=ThreadId(20) materialize_start uri=smb://dietpi.local/4tbp/pics-sport/Forest%20Run%202026/Pt3/DSC_4781_result.jpg
NETWORK t= 30897.4ms dt=    0.1ms tid=ThreadId(20) read_start uri=smb://dietpi.local/4tbp/pics-sport/Forest%20Run%202026/Pt3/DSC_4781_result.jpg
NETWORK t= 30897.4ms dt=    0.0ms tid=ThreadId(20) smb_read_start url=smb://dietpi.local/4tbp/pics-sport/Forest Run 2026/Pt3/DSC_4781_result.jpg whole-file
NETWORK t= 30931.1ms dt=   33.7ms tid=pic-smb-transport smb_transport read_file ms=44.9
NETWORK t= 30931.6ms dt=    0.5ms tid=pic-smb-transport smb_client_context_freed
NETWORK t= 30931.6ms dt=    0.0ms tid=pic-smb-transport smb_client_new_start
NETWORK t= 30931.7ms dt=    0.0ms tid=ThreadId(19) read_done uri=smb://dietpi.local/4tbp/pics-sport/Forest%20Run%202026/Pt3/DSC_4727_result.jpg bytes=1026582 ms=107.3
NETWORK t= 30931.9ms dt=    0.3ms tid=ThreadId(19) materialize_done uri=smb://dietpi.local/4tbp/pics-sport/Forest%20Run%202026/Pt3/DSC_4727_result.jpg path=/home/peet/.cache/picasa-rs/source/l/75c9890afa8d4ca9e4c4d3e978260f70e1a5e8b4f5d34a83563d62bf04133795.jpg ms=107.6
NETWORK t= 30932.4ms dt=    0.5ms tid=pic-smb-transport smb_client_context_created
NETWORK t= 30932.5ms dt=    0.0ms tid=pic-smb-transport smb_client_init_start
NETWORK t= 30932.5ms dt=    0.0ms tid=pic-smb-transport smb_client_init_done
NETWORK t= 30935.4ms dt=    2.9ms tid=ThreadId(19) read_start uri=smb://dietpi.local/4tbp/pics-sport/Forest%20Run%202026/Pt3/DSC_4771_result.jpg
NETWORK t= 30935.4ms dt=    0.0ms tid=ThreadId(19) smb_read_start url=smb://dietpi.local/4tbp/pics-sport/Forest Run 2026/Pt3/DSC_4771_result.jpg whole-file
NETWORK t= 30982.2ms dt=   46.8ms tid=pic-smb-transport smb_transport read_file ms=49.7
NETWORK t= 30982.7ms dt=    0.5ms tid=pic-smb-transport smb_client_context_freed
NETWORK t= 30982.7ms dt=    0.0ms tid=pic-smb-transport smb_client_new_start
NETWORK t= 30982.7ms dt=    0.0ms tid=ThreadId(20) read_done uri=smb://dietpi.local/4tbp/pics-sport/Forest%20Run%202026/Pt3/DSC_4781_result.jpg bytes=1146818 ms=85.3
NETWORK t= 30983.0ms dt=    0.3ms tid=ThreadId(20) materialize_done uri=smb://dietpi.local/4tbp/pics-sport/Forest%20Run%202026/Pt3/DSC_4781_result.jpg path=/home/peet/.cache/picasa-rs/source/o/8814d3aa2bdc776ef0440c275cc84f0ec824fe132be00405cf42817b1b83c603.jpg ms=85.6
NETWORK t= 30983.3ms dt=    0.4ms tid=pic-smb-transport smb_client_context_created
NETWORK t= 30983.4ms dt=    0.0ms tid=pic-smb-transport smb_client_init_start
NETWORK t= 30983.4ms dt=    0.0ms tid=pic-smb-transport smb_client_init_done
NETWORK t= 30986.2ms dt=    2.8ms tid=ThreadId(20) read_start uri=smb://dietpi.local/4tbp/pics-sport/Forest%20Run%202026/Pt3/DSC_4830_result.jpg
NETWORK t= 30986.2ms dt=    0.0ms tid=ThreadId(20) smb_read_start url=smb://dietpi.local/4tbp/pics-sport/Forest Run 2026/Pt3/DSC_4830_result.jpg whole-file
NETWORK t= 31050.7ms dt=   64.5ms tid=pic-smb-transport smb_transport read_file ms=67.3
NETWORK t= 31051.3ms dt=    0.6ms tid=pic-smb-transport smb_client_context_freed
NETWORK t= 31051.4ms dt=    0.0ms tid=pic-smb-transport smb_client_new_start
NETWORK t= 31051.4ms dt=    0.0ms tid=ThreadId(19) read_done uri=smb://dietpi.local/4tbp/pics-sport/Forest%20Run%202026/Pt3/DSC_4771_result.jpg bytes=1323317 ms=116.0
NETWORK t= 31052.0ms dt=    0.6ms tid=pic-smb-transport smb_client_context_created
NETWORK t= 31052.0ms dt=    0.0ms tid=pic-smb-transport smb_client_init_start
NETWORK t= 31052.0ms dt=    0.0ms tid=pic-smb-transport smb_client_init_done
NETWORK t= 31063.8ms dt=   11.8ms tid=ThreadId(19) materialize_start uri=smb://dietpi.local/4tbp/pics-sport/Forest%20Run%202026/Pt3/DSC_4771_result.jpg
NETWORK t= 31063.9ms dt=    0.1ms tid=ThreadId(19) read_start uri=smb://dietpi.local/4tbp/pics-sport/Forest%20Run%202026/Pt3/DSC_4771_result.jpg
NETWORK t= 31063.9ms dt=    0.0ms tid=ThreadId(19) smb_read_start url=smb://dietpi.local/4tbp/pics-sport/Forest Run 2026/Pt3/DSC_4771_result.jpg whole-file
NETWORK t= 31108.7ms dt=   44.8ms tid=pic-smb-transport smb_transport read_file ms=56.7
NETWORK t= 31109.3ms dt=    0.6ms tid=pic-smb-transport smb_client_context_freed
NETWORK t= 31109.4ms dt=    0.0ms tid=pic-smb-transport smb_client_new_start
NETWORK t= 31109.4ms dt=    0.0ms tid=ThreadId(20) read_done uri=smb://dietpi.local/4tbp/pics-sport/Forest%20Run%202026/Pt3/DSC_4830_result.jpg bytes=1219739 ms=123.2
NETWORK t= 31110.0ms dt=    0.6ms tid=pic-smb-transport smb_client_context_created
NETWORK t= 31110.0ms dt=    0.0ms tid=pic-smb-transport smb_client_init_start
NETWORK t= 31110.0ms dt=    0.0ms tid=pic-smb-transport smb_client_init_done
NETWORK t= 31121.7ms dt=   11.7ms tid=ThreadId(20) materialize_start uri=smb://dietpi.local/4tbp/pics-sport/Forest%20Run%202026/Pt3/DSC_4830_result.jpg
NETWORK t= 31121.8ms dt=    0.1ms tid=ThreadId(20) read_start uri=smb://dietpi.local/4tbp/pics-sport/Forest%20Run%202026/Pt3/DSC_4830_result.jpg
NETWORK t= 31121.8ms dt=    0.0ms tid=ThreadId(20) smb_read_start url=smb://dietpi.local/4tbp/pics-sport/Forest Run 2026/Pt3/DSC_4830_result.jpg whole-file
NETWORK t= 31178.6ms dt=   56.9ms tid=pic-smb-transport smb_transport read_file ms=68.6
NETWORK t= 31179.3ms dt=    0.6ms tid=pic-smb-transport smb_client_context_freed
NETWORK t= 31179.3ms dt=    0.0ms tid=pic-smb-transport smb_client_new_start
NETWORK t= 31179.3ms dt=    0.0ms tid=ThreadId(19) read_done uri=smb://dietpi.local/4tbp/pics-sport/Forest%20Run%202026/Pt3/DSC_4771_result.jpg bytes=1323317 ms=115.4
NETWORK t= 31179.6ms dt=    0.3ms tid=ThreadId(19) materialize_done uri=smb://dietpi.local/4tbp/pics-sport/Forest%20Run%202026/Pt3/DSC_4771_result.jpg path=/home/peet/.cache/picasa-rs/source/s/694c6ad443029c2d9c0d792f46911a720709a311f29bad1f7a9b05be55e31ae0.jpg ms=115.8
NETWORK t= 31180.2ms dt=    0.6ms tid=pic-smb-transport smb_client_context_created
NETWORK t= 31180.2ms dt=    0.0ms tid=pic-smb-transport smb_client_init_start
NETWORK t= 31180.2ms dt=    0.0ms tid=pic-smb-transport smb_client_init_done
NETWORK t= 31182.7ms dt=    2.5ms tid=ThreadId(19) read_start uri=smb://dietpi.local/4tbp/pics-sport/Forest%20Run%202026/Pt3/DSC_4738_result.jpg
NETWORK t= 31182.7ms dt=    0.0ms tid=ThreadId(19) smb_read_start url=smb://dietpi.local/4tbp/pics-sport/Forest Run 2026/Pt3/DSC_4738_result.jpg whole-file
NETWORK t= 31236.1ms dt=   53.3ms tid=pic-smb-transport smb_transport read_file ms=55.8
NETWORK t= 31236.7ms dt=    0.6ms tid=pic-smb-transport smb_client_context_freed
NETWORK t= 31236.7ms dt=    0.0ms tid=pic-smb-transport smb_client_new_start
NETWORK t= 31236.8ms dt=    0.1ms tid=ThreadId(20) read_done uri=smb://dietpi.local/4tbp/pics-sport/Forest%20Run%202026/Pt3/DSC_4830_result.jpg bytes=1219739 ms=115.0
NETWORK t= 31237.1ms dt=    0.3ms tid=ThreadId(20) materialize_done uri=smb://dietpi.local/4tbp/pics-sport/Forest%20Run%202026/Pt3/DSC_4830_result.jpg path=/home/peet/.cache/picasa-rs/source/x/d8d5e4984732ce8b687c3dc9f92e6880575f6a78641b9a7918364c780ce06770.jpg ms=115.4
NETWORK t= 31237.5ms dt=    0.4ms tid=pic-smb-transport smb_client_context_created
NETWORK t= 31237.5ms dt=    0.0ms tid=pic-smb-transport smb_client_init_start
NETWORK t= 31237.5ms dt=    0.0ms tid=pic-smb-transport smb_client_init_done
NETWORK t= 31240.5ms dt=    3.0ms tid=ThreadId(20) read_start uri=smb://dietpi.local/4tbp/pics-sport/Forest%20Run%202026/Pt3/DSC_4747_result.jpg
NETWORK t= 31240.5ms dt=    0.0ms tid=ThreadId(20) smb_read_start url=smb://dietpi.local/4tbp/pics-sport/Forest Run 2026/Pt3/DSC_4747_result.jpg whole-file
NETWORK t= 31305.4ms dt=   64.9ms tid=pic-smb-transport smb_transport read_file ms=67.9
NETWORK t= 31306.1ms dt=    0.7ms tid=pic-smb-transport smb_client_context_freed
NETWORK t= 31306.1ms dt=    0.0ms tid=pic-smb-transport smb_client_new_start
NETWORK t= 31306.2ms dt=    0.0ms tid=ThreadId(19) read_done uri=smb://dietpi.local/4tbp/pics-sport/Forest%20Run%202026/Pt3/DSC_4738_result.jpg bytes=1085419 ms=123.4
NETWORK t= 31307.0ms dt=    0.8ms tid=pic-smb-transport smb_client_context_created
NETWORK t= 31307.0ms dt=    0.0ms tid=pic-smb-transport smb_client_init_start
NETWORK t= 31307.1ms dt=    0.0ms tid=pic-smb-transport smb_client_init_done
NETWORK t= 31317.4ms dt=   10.3ms tid=ThreadId(19) materialize_start uri=smb://dietpi.local/4tbp/pics-sport/Forest%20Run%202026/Pt3/DSC_4738_result.jpg
NETWORK t= 31317.4ms dt=    0.1ms tid=ThreadId(19) read_start uri=smb://dietpi.local/4tbp/pics-sport/Forest%20Run%202026/Pt3/DSC_4738_result.jpg
NETWORK t= 31317.4ms dt=    0.0ms tid=ThreadId(19) smb_read_start url=smb://dietpi.local/4tbp/pics-sport/Forest Run 2026/Pt3/DSC_4738_result.jpg whole-file
NETWORK t= 31378.1ms dt=   60.6ms tid=pic-smb-transport smb_transport read_file ms=71.0
NETWORK t= 31378.8ms dt=    0.7ms tid=pic-smb-transport smb_client_context_freed
NETWORK t= 31378.8ms dt=    0.0ms tid=pic-smb-transport smb_client_new_start
NETWORK t= 31378.9ms dt=    0.0ms tid=ThreadId(20) read_done uri=smb://dietpi.local/4tbp/pics-sport/Forest%20Run%202026/Pt3/DSC_4747_result.jpg bytes=1118345 ms=138.4
NETWORK t= 31379.6ms dt=    0.7ms tid=pic-smb-transport smb_client_context_created
NETWORK t= 31379.6ms dt=    0.0ms tid=pic-smb-transport smb_client_init_start
NETWORK t= 31379.6ms dt=    0.0ms tid=pic-smb-transport smb_client_init_done
NETWORK t= 31390.1ms dt=   10.5ms tid=ThreadId(20) materialize_start uri=smb://dietpi.local/4tbp/pics-sport/Forest%20Run%202026/Pt3/DSC_4747_result.jpg
NETWORK t= 31390.1ms dt=    0.1ms tid=ThreadId(20) read_start uri=smb://dietpi.local/4tbp/pics-sport/Forest%20Run%202026/Pt3/DSC_4747_result.jpg
NETWORK t= 31390.1ms dt=    0.0ms tid=ThreadId(20) smb_read_start url=smb://dietpi.local/4tbp/pics-sport/Forest Run 2026/Pt3/DSC_4747_result.jpg whole-file
NETWORK t= 31449.6ms dt=   59.5ms tid=pic-smb-transport smb_transport read_file ms=70.0
NETWORK t= 31450.3ms dt=    0.7ms tid=pic-smb-transport smb_client_context_freed
NETWORK t= 31450.3ms dt=    0.0ms tid=pic-smb-transport smb_client_new_start
NETWORK t= 31450.4ms dt=    0.0ms tid=ThreadId(19) read_done uri=smb://dietpi.local/4tbp/pics-sport/Forest%20Run%202026/Pt3/DSC_4738_result.jpg bytes=1085419 ms=132.9
NETWORK t= 31450.6ms dt=    0.3ms tid=ThreadId(19) materialize_done uri=smb://dietpi.local/4tbp/pics-sport/Forest%20Run%202026/Pt3/DSC_4738_result.jpg path=/home/peet/.cache/picasa-rs/source/f/9f87ef06a65a0334c714a39da65b053630768fa53033850c5183cbc54bcceaca.jpg ms=133.2
NETWORK t= 31451.1ms dt=    0.4ms tid=pic-smb-transport smb_client_context_created
NETWORK t= 31451.1ms dt=    0.0ms tid=pic-smb-transport smb_client_init_start
NETWORK t= 31451.1ms dt=    0.0ms tid=pic-smb-transport smb_client_init_done
NETWORK t= 31453.8ms dt=    2.7ms tid=ThreadId(19) read_start uri=smb://dietpi.local/4tbp/pics-sport/Forest%20Run%202026/Pt3/DSC_4848_result.jpg
NETWORK t= 31453.9ms dt=    0.0ms tid=ThreadId(19) smb_read_start url=smb://dietpi.local/4tbp/pics-sport/Forest Run 2026/Pt3/DSC_4848_result.jpg whole-file
NETWORK t= 31521.1ms dt=   67.2ms tid=pic-smb-transport smb_transport read_file ms=70.0
NETWORK t= 31521.8ms dt=    0.8ms tid=pic-smb-transport smb_client_context_freed
NETWORK t= 31521.9ms dt=    0.0ms tid=pic-smb-transport smb_client_new_start
NETWORK t= 31521.9ms dt=    0.0ms tid=ThreadId(20) read_done uri=smb://dietpi.local/4tbp/pics-sport/Forest%20Run%202026/Pt3/DSC_4747_result.jpg bytes=1118345 ms=131.7
NETWORK t= 31522.2ms dt=    0.3ms tid=ThreadId(20) materialize_done uri=smb://dietpi.local/4tbp/pics-sport/Forest%20Run%202026/Pt3/DSC_4747_result.jpg path=/home/peet/.cache/picasa-rs/source/g/0db415cb49ec0b92515a5861ef7303f67455dd9fe873140afc34f0c0579a5288.jpg ms=132.1
NETWORK t= 31522.6ms dt=    0.4ms tid=pic-smb-transport smb_client_context_created
NETWORK t= 31522.6ms dt=    0.0ms tid=pic-smb-transport smb_client_init_start
NETWORK t= 31522.7ms dt=    0.0ms tid=pic-smb-transport smb_client_init_done
NETWORK t= 31525.4ms dt=    2.8ms tid=ThreadId(20) read_start uri=smb://dietpi.local/4tbp/pics-sport/Forest%20Run%202026/Pt3/DSC_4799_result.jpg
NETWORK t= 31525.4ms dt=    0.0ms tid=ThreadId(20) smb_read_start url=smb://dietpi.local/4tbp/pics-sport/Forest Run 2026/Pt3/DSC_4799_result.jpg whole-file
NETWORK t= 31573.7ms dt=   48.3ms tid=pic-smb-transport smb_transport read_file ms=51.0
NETWORK t= 31574.1ms dt=    0.4ms tid=pic-smb-transport smb_client_context_freed
NETWORK t= 31574.2ms dt=    0.0ms tid=pic-smb-transport smb_client_new_start
NETWORK t= 31574.2ms dt=    0.0ms tid=ThreadId(19) read_done uri=smb://dietpi.local/4tbp/pics-sport/Forest%20Run%202026/Pt3/DSC_4848_result.jpg bytes=1151640 ms=120.3
NETWORK t= 31574.8ms dt=    0.6ms tid=pic-smb-transport smb_client_context_created
NETWORK t= 31574.8ms dt=    0.0ms tid=pic-smb-transport smb_client_init_start
NETWORK t= 31574.8ms dt=    0.0ms tid=pic-smb-transport smb_client_init_done
NETWORK t= 31586.1ms dt=   11.3ms tid=ThreadId(19) materialize_start uri=smb://dietpi.local/4tbp/pics-sport/Forest%20Run%202026/Pt3/DSC_4848_result.jpg
NETWORK t= 31586.2ms dt=    0.1ms tid=ThreadId(19) read_start uri=smb://dietpi.local/4tbp/pics-sport/Forest%20Run%202026/Pt3/DSC_4848_result.jpg
NETWORK t= 31586.2ms dt=    0.0ms tid=ThreadId(19) smb_read_start url=smb://dietpi.local/4tbp/pics-sport/Forest Run 2026/Pt3/DSC_4848_result.jpg whole-file
NETWORK t= 31648.1ms dt=   61.9ms tid=pic-smb-transport smb_transport read_file ms=73.3
NETWORK t= 31648.9ms dt=    0.8ms tid=pic-smb-transport smb_client_context_freed
NETWORK t= 31648.9ms dt=    0.0ms tid=pic-smb-transport smb_client_new_start
NETWORK t= 31649.0ms dt=    0.0ms tid=ThreadId(20) read_done uri=smb://dietpi.local/4tbp/pics-sport/Forest%20Run%202026/Pt3/DSC_4799_result.jpg bytes=1317327 ms=123.5
NETWORK t= 31649.6ms dt=    0.6ms tid=pic-smb-transport smb_client_context_created
NETWORK t= 31649.6ms dt=    0.0ms tid=pic-smb-transport smb_client_init_start
NETWORK t= 31649.6ms dt=    0.0ms tid=pic-smb-transport smb_client_init_done
NETWORK t= 31662.1ms dt=   12.5ms tid=ThreadId(20) materialize_start uri=smb://dietpi.local/4tbp/pics-sport/Forest%20Run%202026/Pt3/DSC_4799_result.jpg
NETWORK t= 31662.2ms dt=    0.1ms tid=ThreadId(20) read_start uri=smb://dietpi.local/4tbp/pics-sport/Forest%20Run%202026/Pt3/DSC_4799_result.jpg
NETWORK t= 31662.2ms dt=    0.0ms tid=ThreadId(20) smb_read_start url=smb://dietpi.local/4tbp/pics-sport/Forest Run 2026/Pt3/DSC_4799_result.jpg whole-file
NETWORK t= 31722.1ms dt=   59.9ms tid=pic-smb-transport smb_transport read_file ms=72.5
NETWORK t= 31722.9ms dt=    0.7ms tid=pic-smb-transport smb_client_context_freed
NETWORK t= 31722.9ms dt=    0.0ms tid=pic-smb-transport smb_client_new_start
NETWORK t= 31722.9ms dt=    0.0ms tid=ThreadId(19) read_done uri=smb://dietpi.local/4tbp/pics-sport/Forest%20Run%202026/Pt3/DSC_4848_result.jpg bytes=1151640 ms=136.7
NETWORK t= 31723.2ms dt=    0.3ms tid=ThreadId(19) materialize_done uri=smb://dietpi.local/4tbp/pics-sport/Forest%20Run%202026/Pt3/DSC_4848_result.jpg path=/home/peet/.cache/picasa-rs/source/y/e2663961c1078cfd522b14bd438849349dd452f5248327203136e1ca1f142f4e.jpg ms=137.1
NETWORK t= 31723.7ms dt=    0.4ms tid=pic-smb-transport smb_client_context_created
NETWORK t= 31723.7ms dt=    0.0ms tid=pic-smb-transport smb_client_init_start
NETWORK t= 31723.7ms dt=    0.0ms tid=pic-smb-transport smb_client_init_done
NETWORK t= 31726.4ms dt=    2.7ms tid=ThreadId(19) read_start uri=smb://dietpi.local/4tbp/pics-sport/Forest%20Run%202026/Pt3/DSC_4715_result.jpg
NETWORK t= 31726.5ms dt=    0.0ms tid=ThreadId(19) smb_read_start url=smb://dietpi.local/4tbp/pics-sport/Forest Run 2026/Pt3/DSC_4715_result.jpg whole-file
NETWORK t= 31802.8ms dt=   76.4ms tid=pic-smb-transport smb_transport read_file ms=79.1
NETWORK t= 31803.6ms dt=    0.7ms tid=pic-smb-transport smb_client_context_freed
NETWORK t= 31803.6ms dt=    0.0ms tid=pic-smb-transport smb_client_new_start
NETWORK t= 31803.6ms dt=    0.0ms tid=ThreadId(20) read_done uri=smb://dietpi.local/4tbp/pics-sport/Forest%20Run%202026/Pt3/DSC_4799_result.jpg bytes=1317327 ms=141.4
NETWORK t= 31803.9ms dt=    0.3ms tid=ThreadId(20) materialize_done uri=smb://dietpi.local/4tbp/pics-sport/Forest%20Run%202026/Pt3/DSC_4799_result.jpg path=/home/peet/.cache/picasa-rs/source/7/2e6f5da54bb8e542d6a02786a02c0ae58da17ddf009cf7a18d4a8014ed3d87a0.jpg ms=141.8
NETWORK t= 31804.4ms dt=    0.5ms tid=pic-smb-transport smb_client_context_created
NETWORK t= 31804.4ms dt=    0.0ms tid=pic-smb-transport smb_client_init_start
NETWORK t= 31804.4ms dt=    0.0ms tid=pic-smb-transport smb_client_init_done
NETWORK t= 31807.2ms dt=    2.7ms tid=ThreadId(20) read_start uri=smb://dietpi.local/4tbp/pics-sport/Forest%20Run%202026/Pt3/DSC_4817_result.jpg
NETWORK t= 31807.2ms dt=    0.0ms tid=ThreadId(20) smb_read_start url=smb://dietpi.local/4tbp/pics-sport/Forest Run 2026/Pt3/DSC_4817_result.jpg whole-file
NETWORK t= 31883.0ms dt=   75.9ms tid=pic-smb-transport smb_transport read_file ms=78.6
NETWORK t= 31883.7ms dt=    0.7ms tid=pic-smb-transport smb_client_context_freed
NETWORK t= 31883.8ms dt=    0.0ms tid=pic-smb-transport smb_client_new_start
NETWORK t= 31883.8ms dt=    0.0ms tid=ThreadId(19) read_done uri=smb://dietpi.local/4tbp/pics-sport/Forest%20Run%202026/Pt3/DSC_4715_result.jpg bytes=1364564 ms=157.3
NETWORK t= 31884.6ms dt=    0.8ms tid=pic-smb-transport smb_client_context_created
NETWORK t= 31884.6ms dt=    0.0ms tid=pic-smb-transport smb_client_init_start
NETWORK t= 31884.6ms dt=    0.0ms tid=pic-smb-transport smb_client_init_done
NETWORK t= 31897.5ms dt=   12.9ms tid=ThreadId(19) materialize_start uri=smb://dietpi.local/4tbp/pics-sport/Forest%20Run%202026/Pt3/DSC_4715_result.jpg
NETWORK t= 31897.6ms dt=    0.1ms tid=ThreadId(19) read_start uri=smb://dietpi.local/4tbp/pics-sport/Forest%20Run%202026/Pt3/DSC_4715_result.jpg
NETWORK t= 31897.6ms dt=    0.0ms tid=ThreadId(19) smb_read_start url=smb://dietpi.local/4tbp/pics-sport/Forest Run 2026/Pt3/DSC_4715_result.jpg whole-file
NETWORK t= 31938.9ms dt=   41.3ms tid=pic-smb-transport smb_transport read_file ms=54.2
NETWORK t= 31939.4ms dt=    0.6ms tid=pic-smb-transport smb_client_context_freed
NETWORK t= 31939.4ms dt=    0.0ms tid=pic-smb-transport smb_client_new_start
NETWORK t= 31939.5ms dt=    0.0ms tid=ThreadId(20) read_done uri=smb://dietpi.local/4tbp/pics-sport/Forest%20Run%202026/Pt3/DSC_4817_result.jpg bytes=1370877 ms=132.3
NETWORK t= 31940.1ms dt=    0.6ms tid=pic-smb-transport smb_client_context_created
NETWORK t= 31940.1ms dt=    0.0ms tid=pic-smb-transport smb_client_init_start
NETWORK t= 31940.1ms dt=    0.0ms tid=pic-smb-transport smb_client_init_done
NETWORK t= 31952.6ms dt=   12.4ms tid=ThreadId(20) materialize_start uri=smb://dietpi.local/4tbp/pics-sport/Forest%20Run%202026/Pt3/DSC_4817_result.jpg
NETWORK t= 31952.6ms dt=    0.1ms tid=ThreadId(20) read_start uri=smb://dietpi.local/4tbp/pics-sport/Forest%20Run%202026/Pt3/DSC_4817_result.jpg
NETWORK t= 31952.7ms dt=    0.0ms tid=ThreadId(20) smb_read_start url=smb://dietpi.local/4tbp/pics-sport/Forest Run 2026/Pt3/DSC_4817_result.jpg whole-file
NETWORK t= 32014.9ms dt=   62.2ms tid=pic-smb-transport smb_transport read_file ms=74.8
NETWORK t= 32015.6ms dt=    0.7ms tid=pic-smb-transport smb_client_context_freed
NETWORK t= 32015.6ms dt=    0.0ms tid=pic-smb-transport smb_client_new_start
NETWORK t= 32015.7ms dt=    0.0ms tid=ThreadId(19) read_done uri=smb://dietpi.local/4tbp/pics-sport/Forest%20Run%202026/Pt3/DSC_4715_result.jpg bytes=1364564 ms=118.1
NETWORK t= 32016.0ms dt=    0.3ms tid=ThreadId(19) materialize_done uri=smb://dietpi.local/4tbp/pics-sport/Forest%20Run%202026/Pt3/DSC_4715_result.jpg path=/home/peet/.cache/picasa-rs/source/q/cc4adbef3710416940b2a095a8710aa657627fde790f665e52675f53c073bebd.jpg ms=118.5
NETWORK t= 32016.3ms dt=    0.3ms tid=pic-smb-transport smb_client_context_created
NETWORK t= 32016.3ms dt=    0.0ms tid=pic-smb-transport smb_client_init_start
NETWORK t= 32016.4ms dt=    0.0ms tid=pic-smb-transport smb_client_init_done
NETWORK t= 32019.1ms dt=    2.8ms tid=ThreadId(19) read_start uri=smb://dietpi.local/4tbp/pics-sport/Forest%20Run%202026/Pt3/DSC_4795_result.jpg
NETWORK t= 32019.2ms dt=    0.0ms tid=ThreadId(19) smb_read_start url=smb://dietpi.local/4tbp/pics-sport/Forest Run 2026/Pt3/DSC_4795_result.jpg whole-file
NETWORK t= 32095.4ms dt=   76.3ms tid=pic-smb-transport smb_transport read_file ms=79.1
NETWORK t= 32096.1ms dt=    0.7ms tid=pic-smb-transport smb_client_context_freed
NETWORK t= 32096.2ms dt=    0.0ms tid=pic-smb-transport smb_client_new_start
NETWORK t= 32096.2ms dt=    0.0ms tid=ThreadId(20) read_done uri=smb://dietpi.local/4tbp/pics-sport/Forest%20Run%202026/Pt3/DSC_4817_result.jpg bytes=1370877 ms=143.5
NETWORK t= 32096.5ms dt=    0.3ms tid=ThreadId(20) materialize_done uri=smb://dietpi.local/4tbp/pics-sport/Forest%20Run%202026/Pt3/DSC_4817_result.jpg path=/home/peet/.cache/picasa-rs/source/o/5064445ca2e3641aff6f28080f72016fc1d147fd7943c8fa2676892e69eb84fa.jpg ms=143.9
NETWORK t= 32096.9ms dt=    0.4ms tid=pic-smb-transport smb_client_context_created
NETWORK t= 32096.9ms dt=    0.0ms tid=pic-smb-transport smb_client_init_start
NETWORK t= 32096.9ms dt=    0.0ms tid=pic-smb-transport smb_client_init_done
NETWORK t= 32099.6ms dt=    2.7ms tid=ThreadId(20) read_start uri=smb://dietpi.local/4tbp/pics-sport/Forest%20Run%202026/Pt3/DSC_4758_result.jpg
NETWORK t= 32099.7ms dt=    0.0ms tid=ThreadId(20) smb_read_start url=smb://dietpi.local/4tbp/pics-sport/Forest Run 2026/Pt3/DSC_4758_result.jpg whole-file
NETWORK t= 32164.8ms dt=   65.1ms tid=pic-smb-transport smb_transport read_file ms=67.8
NETWORK t= 32165.5ms dt=    0.7ms tid=pic-smb-transport smb_client_context_freed
NETWORK t= 32165.5ms dt=    0.0ms tid=pic-smb-transport smb_client_new_start
NETWORK t= 32165.5ms dt=    0.0ms tid=ThreadId(19) read_done uri=smb://dietpi.local/4tbp/pics-sport/Forest%20Run%202026/Pt3/DSC_4795_result.jpg bytes=1035802 ms=146.3
NETWORK t= 32166.2ms dt=    0.6ms tid=pic-smb-transport smb_client_context_created
NETWORK t= 32166.2ms dt=    0.0ms tid=pic-smb-transport smb_client_init_start
NETWORK t= 32166.2ms dt=    0.0ms tid=pic-smb-transport smb_client_init_done
NETWORK t= 32175.8ms dt=    9.6ms tid=ThreadId(19) materialize_start uri=smb://dietpi.local/4tbp/pics-sport/Forest%20Run%202026/Pt3/DSC_4795_result.jpg
NETWORK t= 32175.9ms dt=    0.1ms tid=ThreadId(19) read_start uri=smb://dietpi.local/4tbp/pics-sport/Forest%20Run%202026/Pt3/DSC_4795_result.jpg
NETWORK t= 32175.9ms dt=    0.0ms tid=ThreadId(19) smb_read_start url=smb://dietpi.local/4tbp/pics-sport/Forest Run 2026/Pt3/DSC_4795_result.jpg whole-file
NETWORK t= 32199.0ms dt=   23.2ms tid=main tile_activated photo_id=940 index=41 op=3
NETWORK t= 32199.1ms dt=    0.0ms tid=main lightbox_open index=41 op=3
NETWORK t= 32210.4ms dt=   11.3ms tid=main decode_start uri=smb://dietpi.local/4tbp/pics-sport/Forest%20Run%202026/Pt3/DSC_4785_result.jpg op=3
NETWORK t= 32210.5ms dt=    0.1ms tid=lightbox-decode materialize_start uri=smb://dietpi.local/4tbp/pics-sport/Forest%20Run%202026/Pt3/DSC_4785_result.jpg
NETWORK t= 32210.6ms dt=    0.1ms tid=lightbox-decode read_start uri=smb://dietpi.local/4tbp/pics-sport/Forest%20Run%202026/Pt3/DSC_4785_result.jpg
NETWORK t= 32210.6ms dt=    0.0ms tid=lightbox-decode smb_read_start url=smb://dietpi.local/4tbp/pics-sport/Forest Run 2026/Pt3/DSC_4785_result.jpg whole-file
NETWORK t= 32244.7ms dt=   34.1ms tid=pic-smb-transport smb_transport read_file ms=78.4
NETWORK t= 32245.4ms dt=    0.7ms tid=pic-smb-transport smb_client_context_freed
NETWORK t= 32245.4ms dt=    0.0ms tid=pic-smb-transport smb_client_new_start
NETWORK t= 32245.4ms dt=    0.0ms tid=ThreadId(20) read_done uri=smb://dietpi.local/4tbp/pics-sport/Forest%20Run%202026/Pt3/DSC_4758_result.jpg bytes=1376253 ms=145.8
NETWORK t= 32246.1ms dt=    0.7ms tid=pic-smb-transport smb_client_context_created
NETWORK t= 32246.1ms dt=    0.0ms tid=pic-smb-transport smb_client_init_start
NETWORK t= 32246.2ms dt=    0.0ms tid=pic-smb-transport smb_client_init_done
NETWORK t= 32258.0ms dt=   11.9ms tid=ThreadId(20) materialize_start uri=smb://dietpi.local/4tbp/pics-sport/Forest%20Run%202026/Pt3/DSC_4758_result.jpg
NETWORK t= 32258.1ms dt=    0.1ms tid=ThreadId(20) read_start uri=smb://dietpi.local/4tbp/pics-sport/Forest%20Run%202026/Pt3/DSC_4758_result.jpg
NETWORK t= 32258.1ms dt=    0.0ms tid=ThreadId(20) smb_read_start url=smb://dietpi.local/4tbp/pics-sport/Forest Run 2026/Pt3/DSC_4758_result.jpg whole-file
NETWORK t= 32311.3ms dt=   53.2ms tid=pic-smb-transport smb_transport read_file ms=65.1
NETWORK t= 32312.0ms dt=    0.7ms tid=pic-smb-transport smb_client_context_freed
NETWORK t= 32312.0ms dt=    0.0ms tid=pic-smb-transport smb_client_new_start
NETWORK t= 32312.1ms dt=    0.0ms tid=ThreadId(19) read_done uri=smb://dietpi.local/4tbp/pics-sport/Forest%20Run%202026/Pt3/DSC_4795_result.jpg bytes=1035802 ms=136.2
NETWORK t= 32312.3ms dt=    0.3ms tid=ThreadId(19) materialize_done uri=smb://dietpi.local/4tbp/pics-sport/Forest%20Run%202026/Pt3/DSC_4795_result.jpg path=/home/peet/.cache/picasa-rs/source/8/03d4f51deca13766d43186df68cb255ea1942d22435c9faf0d68fb0be3d41b74.jpg ms=136.5
NETWORK t= 32312.7ms dt=    0.4ms tid=pic-smb-transport smb_client_context_created
NETWORK t= 32312.7ms dt=    0.0ms tid=pic-smb-transport smb_client_init_start
NETWORK t= 32312.8ms dt=    0.0ms tid=pic-smb-transport smb_client_init_done
NETWORK t= 32316.1ms dt=    3.3ms tid=ThreadId(19) read_start uri=smb://dietpi.local/4tbp/pics-sport/Forest%20Run%202026/Pt3/DSC_4707_result.jpg
NETWORK t= 32316.1ms dt=    0.0ms tid=ThreadId(19) smb_read_start url=smb://dietpi.local/4tbp/pics-sport/Forest Run 2026/Pt3/DSC_4707_result.jpg whole-file
NETWORK t= 32366.4ms dt=   50.4ms tid=pic-smb-transport smb_transport read_file ms=53.6
NETWORK t= 32366.9ms dt=    0.4ms tid=pic-smb-transport smb_client_context_freed
NETWORK t= 32366.9ms dt=    0.0ms tid=pic-smb-transport smb_client_new_start
NETWORK t= 32366.9ms dt=    0.0ms tid=lightbox-decode read_done uri=smb://dietpi.local/4tbp/pics-sport/Forest%20Run%202026/Pt3/DSC_4785_result.jpg bytes=1333854 ms=156.3
NETWORK t= 32367.2ms dt=    0.3ms tid=lightbox-decode materialize_done uri=smb://dietpi.local/4tbp/pics-sport/Forest%20Run%202026/Pt3/DSC_4785_result.jpg path=/home/peet/.cache/picasa-rs/source/2/34e2d3df028313991858632b7699077d22563774b2fea7b0dab3dab5d36e4ee7.jpg ms=156.7
NETWORK t= 32367.2ms dt=    0.1ms tid=lightbox-decode materialize_start uri=smb://dietpi.local/4tbp/pics-sport/Forest%20Run%202026/Pt3/DSC_4785_result.jpg
NETWORK t= 32367.3ms dt=    0.0ms tid=lightbox-decode materialize_done uri=smb://dietpi.local/4tbp/pics-sport/Forest%20Run%202026/Pt3/DSC_4785_result.jpg path=/home/peet/.cache/picasa-rs/source/2/34e2d3df028313991858632b7699077d22563774b2fea7b0dab3dab5d36e4ee7.jpg ms=0.0
NETWORK t= 32367.5ms dt=    0.2ms tid=pic-smb-transport smb_client_context_created
NETWORK t= 32367.5ms dt=    0.0ms tid=pic-smb-transport smb_client_init_start
NETWORK t= 32367.6ms dt=    0.0ms tid=pic-smb-transport smb_client_init_done
NETWORK t= 32409.6ms dt=   42.0ms tid=main decode_done uri=smb://dietpi.local/4tbp/pics-sport/Forest%20Run%202026/Pt3/DSC_4785_result.jpg w=1096 h=732 ms=199.2 op=3
NETWORK t= 32434.9ms dt=   25.3ms tid=pic-smb-transport smb_transport read_file ms=67.3
NETWORK t= 32435.6ms dt=    0.7ms tid=pic-smb-transport smb_client_context_freed
NETWORK t= 32435.6ms dt=    0.0ms tid=pic-smb-transport smb_client_new_start
NETWORK t= 32435.6ms dt=    0.0ms tid=ThreadId(19) read_done uri=smb://dietpi.local/4tbp/pics-sport/Forest%20Run%202026/Pt3/DSC_4707_result.jpg bytes=1255440 ms=119.6
NETWORK t= 32436.4ms dt=    0.7ms tid=pic-smb-transport smb_client_context_created
NETWORK t= 32436.4ms dt=    0.0ms tid=pic-smb-transport smb_client_init_start
NETWORK t= 32436.4ms dt=    0.0ms tid=pic-smb-transport smb_client_init_done
NETWORK t= 32448.0ms dt=   11.6ms tid=ThreadId(19) materialize_start uri=smb://dietpi.local/4tbp/pics-sport/Forest%20Run%202026/Pt3/DSC_4707_result.jpg
NETWORK t= 32448.1ms dt=    0.1ms tid=ThreadId(19) read_start uri=smb://dietpi.local/4tbp/pics-sport/Forest%20Run%202026/Pt3/DSC_4707_result.jpg
NETWORK t= 32448.1ms dt=    0.0ms tid=ThreadId(19) smb_read_start url=smb://dietpi.local/4tbp/pics-sport/Forest Run 2026/Pt3/DSC_4707_result.jpg whole-file
NETWORK t= 32449.4ms dt=    1.3ms tid=lightbox-prefetch materialize_start uri=smb://dietpi.local/4tbp/pics-sport/Forest%20Run%202026/Pt3/DSC_4853_result.jpg
NETWORK t= 32449.5ms dt=    0.1ms tid=lightbox-prefetch read_start uri=smb://dietpi.local/4tbp/pics-sport/Forest%20Run%202026/Pt3/DSC_4853_result.jpg
NETWORK t= 32449.5ms dt=    0.0ms tid=lightbox-prefetch smb_read_start url=smb://dietpi.local/4tbp/pics-sport/Forest Run 2026/Pt3/DSC_4853_result.jpg whole-file
NETWORK t= 32499.0ms dt=   49.5ms tid=pic-smb-transport smb_transport read_file ms=62.6
NETWORK t= 32499.7ms dt=    0.7ms tid=pic-smb-transport smb_client_context_freed
NETWORK t= 32499.8ms dt=    0.0ms tid=pic-smb-transport smb_client_new_start
NETWORK t= 32499.8ms dt=    0.0ms tid=ThreadId(20) read_done uri=smb://dietpi.local/4tbp/pics-sport/Forest%20Run%202026/Pt3/DSC_4758_result.jpg bytes=1376253 ms=241.7
NETWORK t= 32500.1ms dt=    0.3ms tid=ThreadId(20) materialize_done uri=smb://dietpi.local/4tbp/pics-sport/Forest%20Run%202026/Pt3/DSC_4758_result.jpg path=/home/peet/.cache/picasa-rs/source/f/c67bae8230bb600e4e662fd9baba78b27846834a3faad5ba94d8f69420f96aea.jpg ms=242.0
NETWORK t= 32500.4ms dt=    0.3ms tid=pic-smb-transport smb_client_context_created
NETWORK t= 32500.4ms dt=    0.0ms tid=pic-smb-transport smb_client_init_start
NETWORK t= 32500.5ms dt=    0.0ms tid=pic-smb-transport smb_client_init_done
NETWORK t= 32503.5ms dt=    3.0ms tid=ThreadId(20) read_start uri=smb://dietpi.local/4tbp/pics-sport/Forest%20Run%202026/Pt3/DSC_4882_result.jpg
NETWORK t= 32503.5ms dt=    0.0ms tid=ThreadId(20) smb_read_start url=smb://dietpi.local/4tbp/pics-sport/Forest Run 2026/Pt3/DSC_4882_result.jpg whole-file
NETWORK t= 32576.5ms dt=   73.0ms tid=pic-smb-transport smb_transport read_file ms=76.1
NETWORK t= 32577.3ms dt=    0.7ms tid=pic-smb-transport smb_client_context_freed
NETWORK t= 32577.3ms dt=    0.0ms tid=pic-smb-transport smb_client_new_start
NETWORK t= 32577.3ms dt=    0.0ms tid=lightbox-prefetch read_done uri=smb://dietpi.local/4tbp/pics-sport/Forest%20Run%202026/Pt3/DSC_4853_result.jpg bytes=1235400 ms=127.8
NETWORK t= 32577.6ms dt=    0.3ms tid=lightbox-prefetch materialize_done uri=smb://dietpi.local/4tbp/pics-sport/Forest%20Run%202026/Pt3/DSC_4853_result.jpg path=/home/peet/.cache/picasa-rs/source/a/af42cc3d56c05c382ecbed0b107dfb55ffcee08c09ecf371ed1d644c89da15a2.jpg ms=128.2
NETWORK t= 32577.7ms dt=    0.1ms tid=lightbox-prefetch materialize_start uri=smb://dietpi.local/4tbp/pics-sport/Forest%20Run%202026/Pt3/DSC_4853_result.jpg
NETWORK t= 32577.8ms dt=    0.0ms tid=lightbox-prefetch materialize_done uri=smb://dietpi.local/4tbp/pics-sport/Forest%20Run%202026/Pt3/DSC_4853_result.jpg path=/home/peet/.cache/picasa-rs/source/a/af42cc3d56c05c382ecbed0b107dfb55ffcee08c09ecf371ed1d644c89da15a2.jpg ms=0.0
NETWORK t= 32578.0ms dt=    0.3ms tid=pic-smb-transport smb_client_context_created
NETWORK t= 32578.1ms dt=    0.0ms tid=pic-smb-transport smb_client_init_start
NETWORK t= 32578.1ms dt=    0.0ms tid=pic-smb-transport smb_client_init_done
NETWORK t= 32652.0ms dt=   73.9ms tid=pic-smb-transport smb_transport read_file ms=73.9
NETWORK t= 32652.7ms dt=    0.7ms tid=pic-smb-transport smb_client_context_freed
NETWORK t= 32652.8ms dt=    0.0ms tid=pic-smb-transport smb_client_new_start
NETWORK t= 32652.8ms dt=    0.0ms tid=ThreadId(20) read_done uri=smb://dietpi.local/4tbp/pics-sport/Forest%20Run%202026/Pt3/DSC_4882_result.jpg bytes=1223718 ms=149.3
NETWORK t= 32653.6ms dt=    0.7ms tid=pic-smb-transport smb_client_context_created
NETWORK t= 32653.6ms dt=    0.0ms tid=pic-smb-transport smb_client_init_start
NETWORK t= 32653.6ms dt=    0.0ms tid=pic-smb-transport smb_client_init_done
NETWORK t= 32664.9ms dt=   11.3ms tid=ThreadId(20) materialize_start uri=smb://dietpi.local/4tbp/pics-sport/Forest%20Run%202026/Pt3/DSC_4882_result.jpg
NETWORK t= 32664.9ms dt=    0.1ms tid=ThreadId(20) read_start uri=smb://dietpi.local/4tbp/pics-sport/Forest%20Run%202026/Pt3/DSC_4882_result.jpg
NETWORK t= 32665.0ms dt=    0.0ms tid=ThreadId(20) smb_read_start url=smb://dietpi.local/4tbp/pics-sport/Forest Run 2026/Pt3/DSC_4882_result.jpg whole-file
NETWORK t= 32730.3ms dt=   65.3ms tid=pic-smb-transport smb_transport read_file ms=76.6
NETWORK t= 32731.0ms dt=    0.7ms tid=pic-smb-transport smb_client_context_freed
NETWORK t= 32731.0ms dt=    0.0ms tid=pic-smb-transport smb_client_new_start
NETWORK t= 32731.0ms dt=    0.0ms tid=ThreadId(19) read_done uri=smb://dietpi.local/4tbp/pics-sport/Forest%20Run%202026/Pt3/DSC_4707_result.jpg bytes=1255440 ms=282.9
NETWORK t= 32731.3ms dt=    0.3ms tid=ThreadId(19) materialize_done uri=smb://dietpi.local/4tbp/pics-sport/Forest%20Run%202026/Pt3/DSC_4707_result.jpg path=/home/peet/.cache/picasa-rs/source/q/1d366923dffa7f91a4bdc5970d2de224fed4c4853de269ca90c7dc0cc492e214.jpg ms=283.3
NETWORK t= 32731.7ms dt=    0.4ms tid=pic-smb-transport smb_client_context_created
NETWORK t= 32731.7ms dt=    0.0ms tid=pic-smb-transport smb_client_init_start
NETWORK t= 32731.7ms dt=    0.0ms tid=pic-smb-transport smb_client_init_done
NETWORK t= 32734.8ms dt=    3.1ms tid=ThreadId(19) read_start uri=smb://dietpi.local/4tbp/pics-sport/Forest%20Run%202026/Pt3/DSC_4744_result.jpg
NETWORK t= 32734.9ms dt=    0.0ms tid=ThreadId(19) smb_read_start url=smb://dietpi.local/4tbp/pics-sport/Forest Run 2026/Pt3/DSC_4744_result.jpg whole-file
NETWORK t= 32806.2ms dt=   71.4ms tid=pic-smb-transport smb_transport read_file ms=74.5
NETWORK t= 32806.9ms dt=    0.7ms tid=pic-smb-transport smb_client_context_freed
NETWORK t= 32806.9ms dt=    0.0ms tid=pic-smb-transport smb_client_new_start
NETWORK t= 32807.0ms dt=    0.0ms tid=ThreadId(20) read_done uri=smb://dietpi.local/4tbp/pics-sport/Forest%20Run%202026/Pt3/DSC_4882_result.jpg bytes=1223718 ms=142.0
NETWORK t= 32807.2ms dt=    0.3ms tid=ThreadId(20) materialize_done uri=smb://dietpi.local/4tbp/pics-sport/Forest%20Run%202026/Pt3/DSC_4882_result.jpg path=/home/peet/.cache/picasa-rs/source/t/eee517d409779125b009d0107b71d410ba2462d26a3bf24e6774fe6d102f014f.jpg ms=142.3
NETWORK t= 32807.6ms dt=    0.4ms tid=pic-smb-transport smb_client_context_created
NETWORK t= 32807.6ms dt=    0.0ms tid=pic-smb-transport smb_client_init_start
NETWORK t= 32807.6ms dt=    0.0ms tid=pic-smb-transport smb_client_init_done
NETWORK t= 32810.4ms dt=    2.8ms tid=ThreadId(20) read_start uri=smb://dietpi.local/4tbp/pics-sport/Forest%20Run%202026/Pt3/DSC_4797_result.jpg
NETWORK t= 32810.5ms dt=    0.0ms tid=ThreadId(20) smb_read_start url=smb://dietpi.local/4tbp/pics-sport/Forest Run 2026/Pt3/DSC_4797_result.jpg whole-file
NETWORK t= 32868.7ms dt=   58.2ms tid=pic-smb-transport smb_transport read_file ms=61.0
NETWORK t= 32869.4ms dt=    0.7ms tid=pic-smb-transport smb_client_context_freed
NETWORK t= 32869.5ms dt=    0.0ms tid=pic-smb-transport smb_client_new_start
NETWORK t= 32869.5ms dt=    0.0ms tid=ThreadId(19) read_done uri=smb://dietpi.local/4tbp/pics-sport/Forest%20Run%202026/Pt3/DSC_4744_result.jpg bytes=902089 ms=134.6
NETWORK t= 32870.1ms dt=    0.6ms tid=pic-smb-transport smb_client_context_created
NETWORK t= 32870.1ms dt=    0.0ms tid=pic-smb-transport smb_client_init_start
NETWORK t= 32870.1ms dt=    0.0ms tid=pic-smb-transport smb_client_init_done
NETWORK t= 32878.9ms dt=    8.8ms tid=ThreadId(19) materialize_start uri=smb://dietpi.local/4tbp/pics-sport/Forest%20Run%202026/Pt3/DSC_4744_result.jpg
NETWORK t= 32879.0ms dt=    0.1ms tid=ThreadId(19) read_start uri=smb://dietpi.local/4tbp/pics-sport/Forest%20Run%202026/Pt3/DSC_4744_result.jpg
NETWORK t= 32879.0ms dt=    0.0ms tid=ThreadId(19) smb_read_start url=smb://dietpi.local/4tbp/pics-sport/Forest Run 2026/Pt3/DSC_4744_result.jpg whole-file
NETWORK t= 32920.8ms dt=   41.8ms tid=pic-smb-transport smb_transport read_file ms=50.7
NETWORK t= 32921.3ms dt=    0.5ms tid=pic-smb-transport smb_client_context_freed
NETWORK t= 32921.4ms dt=    0.0ms tid=pic-smb-transport smb_client_new_start
NETWORK t= 32921.4ms dt=    0.0ms tid=ThreadId(20) read_done uri=smb://dietpi.local/4tbp/pics-sport/Forest%20Run%202026/Pt3/DSC_4797_result.jpg bytes=1230844 ms=110.9
NETWORK t= 32922.0ms dt=    0.7ms tid=pic-smb-transport smb_client_context_created
NETWORK t= 32922.1ms dt=    0.0ms tid=pic-smb-transport smb_client_init_start
NETWORK t= 32922.1ms dt=    0.0ms tid=pic-smb-transport smb_client_init_done
NETWORK t= 32933.1ms dt=   11.1ms tid=ThreadId(20) materialize_start uri=smb://dietpi.local/4tbp/pics-sport/Forest%20Run%202026/Pt3/DSC_4797_result.jpg
NETWORK t= 32933.2ms dt=    0.1ms tid=ThreadId(20) read_start uri=smb://dietpi.local/4tbp/pics-sport/Forest%20Run%202026/Pt3/DSC_4797_result.jpg
NETWORK t= 32933.2ms dt=    0.0ms tid=ThreadId(20) smb_read_start url=smb://dietpi.local/4tbp/pics-sport/Forest Run 2026/Pt3/DSC_4797_result.jpg whole-file
NETWORK t= 32975.6ms dt=   42.4ms tid=pic-smb-transport smb_transport read_file ms=53.5
NETWORK t= 32976.2ms dt=    0.6ms tid=pic-smb-transport smb_client_context_freed
NETWORK t= 32976.3ms dt=    0.0ms tid=pic-smb-transport smb_client_new_start
NETWORK t= 32976.3ms dt=    0.0ms tid=ThreadId(19) read_done uri=smb://dietpi.local/4tbp/pics-sport/Forest%20Run%202026/Pt3/DSC_4744_result.jpg bytes=902089 ms=97.2
NETWORK t= 32976.5ms dt=    0.3ms tid=ThreadId(19) materialize_done uri=smb://dietpi.local/4tbp/pics-sport/Forest%20Run%202026/Pt3/DSC_4744_result.jpg path=/home/peet/.cache/picasa-rs/source/p/f1b16e8b173f0ed98482e6b99a9514fa347891054559c99cca53c1957fad8fbb.jpg ms=97.6
NETWORK t= 32976.9ms dt=    0.3ms tid=pic-smb-transport smb_client_context_created
NETWORK t= 32976.9ms dt=    0.0ms tid=pic-smb-transport smb_client_init_start
NETWORK t= 32976.9ms dt=    0.0ms tid=pic-smb-transport smb_client_init_done
NETWORK t= 32979.8ms dt=    2.9ms tid=ThreadId(19) read_start uri=smb://dietpi.local/4tbp/pics-sport/Forest%20Run%202026/Pt3/DSC_4821_result.jpg
NETWORK t= 32979.8ms dt=    0.0ms tid=ThreadId(19) smb_read_start url=smb://dietpi.local/4tbp/pics-sport/Forest Run 2026/Pt3/DSC_4821_result.jpg whole-file
NETWORK t= 33045.2ms dt=   65.4ms tid=pic-smb-transport smb_transport read_file ms=68.3
NETWORK t= 33045.9ms dt=    0.7ms tid=pic-smb-transport smb_client_context_freed
NETWORK t= 33045.9ms dt=    0.0ms tid=pic-smb-transport smb_client_new_start
NETWORK t= 33046.0ms dt=    0.0ms tid=ThreadId(20) read_done uri=smb://dietpi.local/4tbp/pics-sport/Forest%20Run%202026/Pt3/DSC_4797_result.jpg bytes=1230844 ms=112.7
NETWORK t= 33046.3ms dt=    0.3ms tid=ThreadId(20) materialize_done uri=smb://dietpi.local/4tbp/pics-sport/Forest%20Run%202026/Pt3/DSC_4797_result.jpg path=/home/peet/.cache/picasa-rs/source/f/aeb7d27cec0b347e8e2fd185c0c19a5894e5029348604dcd8fcbc78b1e1cc049.jpg ms=113.1
NETWORK t= 33046.6ms dt=    0.4ms tid=pic-smb-transport smb_client_context_created
NETWORK t= 33046.7ms dt=    0.0ms tid=pic-smb-transport smb_client_init_start
NETWORK t= 33046.7ms dt=    0.0ms tid=pic-smb-transport smb_client_init_done
NETWORK t= 33049.6ms dt=    2.9ms tid=ThreadId(20) read_start uri=smb://dietpi.local/4tbp/pics-sport/Forest%20Run%202026/Pt3/DSC_4704_result.jpg
NETWORK t= 33049.6ms dt=    0.0ms tid=ThreadId(20) smb_read_start url=smb://dietpi.local/4tbp/pics-sport/Forest Run 2026/Pt3/DSC_4704_result.jpg whole-file
NETWORK t= 33112.1ms dt=   62.5ms tid=pic-smb-transport smb_transport read_file ms=65.3
NETWORK t= 33112.7ms dt=    0.7ms tid=pic-smb-transport smb_client_context_freed
NETWORK t= 33112.8ms dt=    0.0ms tid=pic-smb-transport smb_client_new_start
NETWORK t= 33112.8ms dt=    0.0ms tid=ThreadId(19) read_done uri=smb://dietpi.local/4tbp/pics-sport/Forest%20Run%202026/Pt3/DSC_4821_result.jpg bytes=1143433 ms=133.0
NETWORK t= 33113.5ms dt=    0.7ms tid=pic-smb-transport smb_client_context_created
NETWORK t= 33113.5ms dt=    0.0ms tid=pic-smb-transport smb_client_init_start
NETWORK t= 33113.5ms dt=    0.0ms tid=pic-smb-transport smb_client_init_done
NETWORK t= 33124.3ms dt=   10.8ms tid=ThreadId(19) materialize_start uri=smb://dietpi.local/4tbp/pics-sport/Forest%20Run%202026/Pt3/DSC_4821_result.jpg
NETWORK t= 33124.3ms dt=    0.1ms tid=ThreadId(19) read_start uri=smb://dietpi.local/4tbp/pics-sport/Forest%20Run%202026/Pt3/DSC_4821_result.jpg
NETWORK t= 33124.4ms dt=    0.0ms tid=ThreadId(19) smb_read_start url=smb://dietpi.local/4tbp/pics-sport/Forest Run 2026/Pt3/DSC_4821_result.jpg whole-file
NETWORK t= 33185.4ms dt=   61.1ms tid=pic-smb-transport smb_transport read_file ms=71.9
NETWORK t= 33186.2ms dt=    0.7ms tid=pic-smb-transport smb_client_context_freed
NETWORK t= 33186.2ms dt=    0.0ms tid=pic-smb-transport smb_client_new_start
NETWORK t= 33186.2ms dt=    0.0ms tid=ThreadId(20) read_done uri=smb://dietpi.local/4tbp/pics-sport/Forest%20Run%202026/Pt3/DSC_4704_result.jpg bytes=1284615 ms=136.6
NETWORK t= 33186.9ms dt=    0.7ms tid=pic-smb-transport smb_client_context_created
NETWORK t= 33186.9ms dt=    0.0ms tid=pic-smb-transport smb_client_init_start
NETWORK t= 33187.0ms dt=    0.0ms tid=pic-smb-transport smb_client_init_done
NETWORK t= 33198.2ms dt=   11.2ms tid=ThreadId(20) materialize_start uri=smb://dietpi.local/4tbp/pics-sport/Forest%20Run%202026/Pt3/DSC_4704_result.jpg
NETWORK t= 33198.2ms dt=    0.0ms tid=ThreadId(20) materialize_done uri=smb://dietpi.local/4tbp/pics-sport/Forest%20Run%202026/Pt3/DSC_4704_result.jpg path=/home/peet/.cache/picasa-rs/source/6/04f2da66674db9b37475cf36d314f5e5a070a881015d10e6ff6cf466c44d8da4.jpg ms=0.0
NETWORK t= 33201.2ms dt=    2.9ms tid=ThreadId(20) read_start uri=smb://dietpi.local/4tbp/pics-sport/Forest%20Run%202026/Pt3/DSC_4790_result.jpg
NETWORK t= 33201.2ms dt=    0.0ms tid=ThreadId(20) smb_read_start url=smb://dietpi.local/4tbp/pics-sport/Forest Run 2026/Pt3/DSC_4790_result.jpg whole-file
NETWORK t= 33258.2ms dt=   57.0ms tid=pic-smb-transport smb_transport read_file ms=71.2
NETWORK t= 33258.9ms dt=    0.7ms tid=pic-smb-transport smb_client_context_freed
NETWORK t= 33258.9ms dt=    0.0ms tid=pic-smb-transport smb_client_new_start
NETWORK t= 33258.9ms dt=    0.0ms tid=ThreadId(19) read_done uri=smb://dietpi.local/4tbp/pics-sport/Forest%20Run%202026/Pt3/DSC_4821_result.jpg bytes=1143433 ms=134.6
NETWORK t= 33259.2ms dt=    0.3ms tid=ThreadId(19) materialize_done uri=smb://dietpi.local/4tbp/pics-sport/Forest%20Run%202026/Pt3/DSC_4821_result.jpg path=/home/peet/.cache/picasa-rs/source/6/f8ca04d3aa15da5c1570a1b77ae8c2888dafb3e4fbbb8a95b3dc62be27e44dce.jpg ms=134.9
NETWORK t= 33259.6ms dt=    0.4ms tid=pic-smb-transport smb_client_context_created
NETWORK t= 33259.6ms dt=    0.0ms tid=pic-smb-transport smb_client_init_start
NETWORK t= 33259.6ms dt=    0.0ms tid=pic-smb-transport smb_client_init_done
NETWORK t= 33262.7ms dt=    3.1ms tid=ThreadId(19) read_start uri=smb://dietpi.local/4tbp/pics-sport/Forest%20Run%202026/Pt3/DSC_4717_result.jpg
NETWORK t= 33262.7ms dt=    0.0ms tid=ThreadId(19) smb_read_start url=smb://dietpi.local/4tbp/pics-sport/Forest Run 2026/Pt3/DSC_4717_result.jpg whole-file
NETWORK t= 33327.2ms dt=   64.4ms tid=pic-smb-transport smb_transport read_file ms=67.5
NETWORK t= 33328.0ms dt=    0.8ms tid=pic-smb-transport smb_client_context_freed
NETWORK t= 33328.0ms dt=    0.0ms tid=pic-smb-transport smb_client_new_start
NETWORK t= 33328.0ms dt=    0.0ms tid=ThreadId(20) read_done uri=smb://dietpi.local/4tbp/pics-sport/Forest%20Run%202026/Pt3/DSC_4790_result.jpg bytes=1067881 ms=126.8
NETWORK t= 33328.8ms dt=    0.7ms tid=pic-smb-transport smb_client_context_created
NETWORK t= 33328.8ms dt=    0.0ms tid=pic-smb-transport smb_client_init_start
NETWORK t= 33328.8ms dt=    0.0ms tid=pic-smb-transport smb_client_init_done
NETWORK t= 33338.4ms dt=    9.6ms tid=ThreadId(20) materialize_start uri=smb://dietpi.local/4tbp/pics-sport/Forest%20Run%202026/Pt3/DSC_4790_result.jpg
NETWORK t= 33338.5ms dt=    0.1ms tid=ThreadId(20) read_start uri=smb://dietpi.local/4tbp/pics-sport/Forest%20Run%202026/Pt3/DSC_4790_result.jpg
NETWORK t= 33338.5ms dt=    0.0ms tid=ThreadId(20) smb_read_start url=smb://dietpi.local/4tbp/pics-sport/Forest Run 2026/Pt3/DSC_4790_result.jpg whole-file
NETWORK t= 33393.5ms dt=   55.0ms tid=pic-smb-transport smb_transport read_file ms=64.6
NETWORK t= 33393.9ms dt=    0.4ms tid=pic-smb-transport smb_client_context_freed
NETWORK t= 33393.9ms dt=    0.0ms tid=pic-smb-transport smb_client_new_start
NETWORK t= 33393.9ms dt=    0.0ms tid=ThreadId(19) read_done uri=smb://dietpi.local/4tbp/pics-sport/Forest%20Run%202026/Pt3/DSC_4717_result.jpg bytes=1171942 ms=131.2
NETWORK t= 33394.6ms dt=    0.7ms tid=pic-smb-transport smb_client_context_created
NETWORK t= 33394.7ms dt=    0.0ms tid=pic-smb-transport smb_client_init_start
NETWORK t= 33394.7ms dt=    0.0ms tid=pic-smb-transport smb_client_init_done
NETWORK t= 33406.5ms dt=   11.8ms tid=ThreadId(19) materialize_start uri=smb://dietpi.local/4tbp/pics-sport/Forest%20Run%202026/Pt3/DSC_4717_result.jpg
NETWORK t= 33406.6ms dt=    0.1ms tid=ThreadId(19) read_start uri=smb://dietpi.local/4tbp/pics-sport/Forest%20Run%202026/Pt3/DSC_4717_result.jpg
NETWORK t= 33406.6ms dt=    0.0ms tid=ThreadId(19) smb_read_start url=smb://dietpi.local/4tbp/pics-sport/Forest Run 2026/Pt3/DSC_4717_result.jpg whole-file
NETWORK t= 33434.1ms dt=   27.5ms tid=main decode_start uri=smb://dietpi.local/4tbp/pics-sport/Forest%20Run%202026/Pt3/DSC_4787_result.jpg op=3
NETWORK t= 33434.2ms dt=    0.1ms tid=lightbox-decode materialize_start uri=smb://dietpi.local/4tbp/pics-sport/Forest%20Run%202026/Pt3/DSC_4787_result.jpg
NETWORK t= 33434.2ms dt=    0.1ms tid=lightbox-decode read_start uri=smb://dietpi.local/4tbp/pics-sport/Forest%20Run%202026/Pt3/DSC_4787_result.jpg
NETWORK t= 33434.3ms dt=    0.0ms tid=lightbox-decode smb_read_start url=smb://dietpi.local/4tbp/pics-sport/Forest Run 2026/Pt3/DSC_4787_result.jpg whole-file
NETWORK t= 33439.2ms dt=    4.9ms tid=pic-smb-transport smb_transport read_file ms=44.5
NETWORK t= 33439.7ms dt=    0.5ms tid=pic-smb-transport smb_client_context_freed
NETWORK t= 33439.7ms dt=    0.0ms tid=pic-smb-transport smb_client_new_start
NETWORK t= 33439.7ms dt=    0.0ms tid=ThreadId(20) read_done uri=smb://dietpi.local/4tbp/pics-sport/Forest%20Run%202026/Pt3/DSC_4790_result.jpg bytes=1067881 ms=101.2
NETWORK t= 33440.0ms dt=    0.2ms tid=ThreadId(20) materialize_done uri=smb://dietpi.local/4tbp/pics-sport/Forest%20Run%202026/Pt3/DSC_4790_result.jpg path=/home/peet/.cache/picasa-rs/source/8/788c1e372b41ec27949325f1f188a2496fa63f299fc881815cc3e334b549903d.jpg ms=101.5
NETWORK t= 33440.3ms dt=    0.4ms tid=pic-smb-transport smb_client_context_created
NETWORK t= 33440.3ms dt=    0.0ms tid=pic-smb-transport smb_client_init_start
NETWORK t= 33440.4ms dt=    0.0ms tid=pic-smb-transport smb_client_init_done
NETWORK t= 33443.0ms dt=    2.6ms tid=ThreadId(20) read_start uri=smb://dietpi.local/4tbp/pics-sport/Forest%20Run%202026/Pt3/DSC_4737_result.jpg
NETWORK t= 33443.0ms dt=    0.0ms tid=ThreadId(20) smb_read_start url=smb://dietpi.local/4tbp/pics-sport/Forest Run 2026/Pt3/DSC_4737_result.jpg whole-file
NETWORK t= 33496.1ms dt=   53.1ms tid=pic-smb-transport smb_transport read_file ms=55.7
NETWORK t= 33496.8ms dt=    0.7ms tid=pic-smb-transport smb_client_context_freed
NETWORK t= 33496.9ms dt=    0.0ms tid=pic-smb-transport smb_client_new_start
NETWORK t= 33496.9ms dt=    0.0ms tid=lightbox-decode read_done uri=smb://dietpi.local/4tbp/pics-sport/Forest%20Run%202026/Pt3/DSC_4787_result.jpg bytes=1178686 ms=62.6
NETWORK t= 33497.2ms dt=    0.3ms tid=lightbox-decode materialize_done uri=smb://dietpi.local/4tbp/pics-sport/Forest%20Run%202026/Pt3/DSC_4787_result.jpg path=/home/peet/.cache/picasa-rs/source/r/f1d70bdb648f24483fa3a44ffe513b06fce9b1ae9a6abc66c4fccfcdd6281f6d.jpg ms=63.0
NETWORK t= 33497.3ms dt=    0.1ms tid=lightbox-decode materialize_start uri=smb://dietpi.local/4tbp/pics-sport/Forest%20Run%202026/Pt3/DSC_4787_result.jpg
NETWORK t= 33497.3ms dt=    0.0ms tid=lightbox-decode materialize_done uri=smb://dietpi.local/4tbp/pics-sport/Forest%20Run%202026/Pt3/DSC_4787_result.jpg path=/home/peet/.cache/picasa-rs/source/r/f1d70bdb648f24483fa3a44ffe513b06fce9b1ae9a6abc66c4fccfcdd6281f6d.jpg ms=0.0
NETWORK t= 33497.6ms dt=    0.3ms tid=pic-smb-transport smb_client_context_created
NETWORK t= 33497.6ms dt=    0.0ms tid=pic-smb-transport smb_client_init_start
NETWORK t= 33497.6ms dt=    0.0ms tid=pic-smb-transport smb_client_init_done
NETWORK t= 33498.2ms dt=    0.6ms tid=main decode_start uri=smb://dietpi.local/4tbp/pics-sport/Forest%20Run%202026/Pt3/DSC_4858_result.jpg op=3
NETWORK t= 33498.3ms dt=    0.1ms tid=lightbox-decode materialize_start uri=smb://dietpi.local/4tbp/pics-sport/Forest%20Run%202026/Pt3/DSC_4858_result.jpg
NETWORK t= 33498.4ms dt=    0.1ms tid=lightbox-decode read_start uri=smb://dietpi.local/4tbp/pics-sport/Forest%20Run%202026/Pt3/DSC_4858_result.jpg
NETWORK t= 33498.4ms dt=    0.0ms tid=lightbox-decode smb_read_start url=smb://dietpi.local/4tbp/pics-sport/Forest Run 2026/Pt3/DSC_4858_result.jpg whole-file
NETWORK t= 33571.0ms dt=   72.6ms tid=pic-smb-transport smb_transport read_file ms=73.4
NETWORK t= 33571.7ms dt=    0.7ms tid=pic-smb-transport smb_client_context_freed
NETWORK t= 33571.8ms dt=    0.0ms tid=pic-smb-transport smb_client_new_start
NETWORK t= 33571.8ms dt=    0.0ms tid=ThreadId(20) read_done uri=smb://dietpi.local/4tbp/pics-sport/Forest%20Run%202026/Pt3/DSC_4737_result.jpg bytes=1231525 ms=128.8
NETWORK t= 33572.5ms dt=    0.7ms tid=pic-smb-transport smb_client_context_created
NETWORK t= 33572.5ms dt=    0.0ms tid=pic-smb-transport smb_client_init_start
NETWORK t= 33572.5ms dt=    0.0ms tid=pic-smb-transport smb_client_init_done
NETWORK t= 33583.3ms dt=   10.7ms tid=ThreadId(20) materialize_start uri=smb://dietpi.local/4tbp/pics-sport/Forest%20Run%202026/Pt3/DSC_4737_result.jpg
NETWORK t= 33583.3ms dt=    0.1ms tid=ThreadId(20) read_start uri=smb://dietpi.local/4tbp/pics-sport/Forest%20Run%202026/Pt3/DSC_4737_result.jpg
NETWORK t= 33583.4ms dt=    0.0ms tid=ThreadId(20) smb_read_start url=smb://dietpi.local/4tbp/pics-sport/Forest Run 2026/Pt3/DSC_4737_result.jpg whole-file
NETWORK t= 33626.6ms dt=   43.3ms tid=pic-smb-transport smb_transport read_file ms=54.1
NETWORK t= 33627.1ms dt=    0.5ms tid=pic-smb-transport smb_client_context_freed
NETWORK t= 33627.1ms dt=    0.0ms tid=pic-smb-transport smb_client_new_start
NETWORK t= 33627.2ms dt=    0.0ms tid=ThreadId(19) read_done uri=smb://dietpi.local/4tbp/pics-sport/Forest%20Run%202026/Pt3/DSC_4717_result.jpg bytes=1171942 ms=220.5
NETWORK t= 33627.4ms dt=    0.3ms tid=ThreadId(19) materialize_done uri=smb://dietpi.local/4tbp/pics-sport/Forest%20Run%202026/Pt3/DSC_4717_result.jpg path=/home/peet/.cache/picasa-rs/source/5/589d62e86e216b3856cafa85454639e2cf684bdbb16fd68b37e2f66c95c14f27.jpg ms=220.9
NETWORK t= 33627.7ms dt=    0.3ms tid=pic-smb-transport smb_client_context_created
NETWORK t= 33627.8ms dt=    0.0ms tid=pic-smb-transport smb_client_init_start
NETWORK t= 33627.8ms dt=    0.0ms tid=pic-smb-transport smb_client_init_done
NETWORK t= 33630.8ms dt=    3.1ms tid=ThreadId(19) read_start uri=smb://dietpi.local/4tbp/pics-sport/Forest%20Run%202026/Pt3/DSC_4851_result.jpg
NETWORK t= 33630.9ms dt=    0.0ms tid=ThreadId(19) smb_read_start url=smb://dietpi.local/4tbp/pics-sport/Forest Run 2026/Pt3/DSC_4851_result.jpg whole-file
NETWORK t= 33698.5ms dt=   67.7ms tid=pic-smb-transport smb_transport read_file ms=70.7
NETWORK t= 33699.2ms dt=    0.6ms tid=pic-smb-transport smb_client_context_freed
NETWORK t= 33699.2ms dt=    0.0ms tid=pic-smb-transport smb_client_new_start
NETWORK t= 33699.2ms dt=    0.0ms tid=ThreadId(20) read_done uri=smb://dietpi.local/4tbp/pics-sport/Forest%20Run%202026/Pt3/DSC_4737_result.jpg bytes=1231525 ms=115.9
NETWORK t= 33699.5ms dt=    0.3ms tid=ThreadId(20) materialize_done uri=smb://dietpi.local/4tbp/pics-sport/Forest%20Run%202026/Pt3/DSC_4737_result.jpg path=/home/peet/.cache/picasa-rs/source/4/06584c19f737c0f46c5aa875e1a13e5bbb95a209be8bd49275a0fae44353d877.jpg ms=116.2
NETWORK t= 33699.9ms dt=    0.4ms tid=pic-smb-transport smb_client_context_created
NETWORK t= 33699.9ms dt=    0.0ms tid=pic-smb-transport smb_client_init_start
NETWORK t= 33699.9ms dt=    0.0ms tid=pic-smb-transport smb_client_init_done
NETWORK t= 33702.7ms dt=    2.7ms tid=ThreadId(20) read_start uri=smb://dietpi.local/4tbp/pics-sport/Forest%20Run%202026/Pt3/DSC_4766_result.jpg
NETWORK t= 33702.7ms dt=    0.0ms tid=ThreadId(20) smb_read_start url=smb://dietpi.local/4tbp/pics-sport/Forest Run 2026/Pt3/DSC_4766_result.jpg whole-file
NETWORK t= 33748.5ms dt=   45.8ms tid=lightbox-prefetch materialize_start uri=smb://dietpi.local/4tbp/pics-sport/Forest%20Run%202026/Pt3/DSC_4692_result.jpg
NETWORK t= 33748.5ms dt=    0.1ms tid=lightbox-prefetch read_start uri=smb://dietpi.local/4tbp/pics-sport/Forest%20Run%202026/Pt3/DSC_4692_result.jpg
NETWORK t= 33748.5ms dt=    0.0ms tid=lightbox-prefetch smb_read_start url=smb://dietpi.local/4tbp/pics-sport/Forest Run 2026/Pt3/DSC_4692_result.jpg whole-file
NETWORK t= 33751.3ms dt=    2.8ms tid=pic-smb-transport smb_transport read_file ms=51.4
NETWORK t= 33751.9ms dt=    0.5ms tid=pic-smb-transport smb_client_context_freed
NETWORK t= 33751.9ms dt=    0.0ms tid=pic-smb-transport smb_client_new_start
NETWORK t= 33751.9ms dt=    0.0ms tid=ThreadId(19) read_done uri=smb://dietpi.local/4tbp/pics-sport/Forest%20Run%202026/Pt3/DSC_4851_result.jpg bytes=1139652 ms=121.0
NETWORK t= 33752.5ms dt=    0.6ms tid=pic-smb-transport smb_client_context_created
NETWORK t= 33752.5ms dt=    0.0ms tid=pic-smb-transport smb_client_init_start
NETWORK t= 33752.6ms dt=    0.0ms tid=pic-smb-transport smb_client_init_done
NETWORK t= 33763.4ms dt=   10.9ms tid=ThreadId(19) materialize_start uri=smb://dietpi.local/4tbp/pics-sport/Forest%20Run%202026/Pt3/DSC_4851_result.jpg
NETWORK t= 33763.5ms dt=    0.1ms tid=ThreadId(19) read_start uri=smb://dietpi.local/4tbp/pics-sport/Forest%20Run%202026/Pt3/DSC_4851_result.jpg
NETWORK t= 33763.5ms dt=    0.0ms tid=ThreadId(19) smb_read_start url=smb://dietpi.local/4tbp/pics-sport/Forest Run 2026/Pt3/DSC_4851_result.jpg whole-file
NETWORK t= 33816.9ms dt=   53.3ms tid=pic-smb-transport smb_transport read_file ms=64.3
NETWORK t= 33817.6ms dt=    0.7ms tid=pic-smb-transport smb_client_context_freed
NETWORK t= 33817.6ms dt=    0.0ms tid=pic-smb-transport smb_client_new_start
NETWORK t= 33817.6ms dt=    0.0ms tid=lightbox-decode read_done uri=smb://dietpi.local/4tbp/pics-sport/Forest%20Run%202026/Pt3/DSC_4858_result.jpg bytes=1190844 ms=319.2
NETWORK t= 33817.9ms dt=    0.3ms tid=lightbox-decode materialize_done uri=smb://dietpi.local/4tbp/pics-sport/Forest%20Run%202026/Pt3/DSC_4858_result.jpg path=/home/peet/.cache/picasa-rs/source/1/2e4572b92f071dd166a6ab9fd3232c5c90ce2cd48dba22283b43a0ee24607ee2.jpg ms=319.5
NETWORK t= 33818.0ms dt=    0.1ms tid=lightbox-decode materialize_start uri=smb://dietpi.local/4tbp/pics-sport/Forest%20Run%202026/Pt3/DSC_4858_result.jpg
NETWORK t= 33818.0ms dt=    0.0ms tid=lightbox-decode materialize_done uri=smb://dietpi.local/4tbp/pics-sport/Forest%20Run%202026/Pt3/DSC_4858_result.jpg path=/home/peet/.cache/picasa-rs/source/1/2e4572b92f071dd166a6ab9fd3232c5c90ce2cd48dba22283b43a0ee24607ee2.jpg ms=0.0
NETWORK t= 33818.2ms dt=    0.2ms tid=main decode_start uri=smb://dietpi.local/4tbp/pics-sport/Forest%20Run%202026/Pt3/DSC_4692_result.jpg op=3
NETWORK t= 33818.3ms dt=    0.1ms tid=lightbox-decode materialize_start uri=smb://dietpi.local/4tbp/pics-sport/Forest%20Run%202026/Pt3/DSC_4692_result.jpg
NETWORK t= 33818.4ms dt=    0.1ms tid=lightbox-decode read_start uri=smb://dietpi.local/4tbp/pics-sport/Forest%20Run%202026/Pt3/DSC_4692_result.jpg
NETWORK t= 33818.4ms dt=    0.0ms tid=pic-smb-transport smb_client_context_created
NETWORK t= 33818.4ms dt=    0.0ms tid=pic-smb-transport smb_client_init_start
NETWORK t= 33818.4ms dt=    0.0ms tid=pic-smb-transport smb_client_init_done
NETWORK t= 33818.5ms dt=    0.0ms tid=lightbox-decode smb_read_start url=smb://dietpi.local/4tbp/pics-sport/Forest Run 2026/Pt3/DSC_4692_result.jpg whole-file
NETWORK t= 33891.4ms dt=   72.9ms tid=pic-smb-transport smb_transport read_file ms=72.9
NETWORK t= 33892.1ms dt=    0.7ms tid=pic-smb-transport smb_client_context_freed
NETWORK t= 33892.1ms dt=    0.0ms tid=pic-smb-transport smb_client_new_start
NETWORK t= 33892.1ms dt=    0.0ms tid=lightbox-prefetch read_done uri=smb://dietpi.local/4tbp/pics-sport/Forest%20Run%202026/Pt3/DSC_4692_result.jpg bytes=1227235 ms=143.6
NETWORK t= 33892.5ms dt=    0.3ms tid=lightbox-prefetch materialize_done uri=smb://dietpi.local/4tbp/pics-sport/Forest%20Run%202026/Pt3/DSC_4692_result.jpg path=/home/peet/.cache/picasa-rs/source/r/e3c73be76a07d389e6200efb271278cbcd17a0caa32da64ec68e04cd1bbde439.jpg ms=144.0
NETWORK t= 33892.8ms dt=    0.4ms tid=pic-smb-transport smb_client_context_created
NETWORK t= 33892.8ms dt=    0.0ms tid=pic-smb-transport smb_client_init_start
NETWORK t= 33892.9ms dt=    0.0ms tid=pic-smb-transport smb_client_init_done
NETWORK t= 33930.1ms dt=   37.3ms tid=main decode_start uri=smb://dietpi.local/4tbp/pics-sport/Forest%20Run%202026/Pt3/DSC_4836_result.jpg op=3
NETWORK t= 33930.2ms dt=    0.1ms tid=lightbox-decode materialize_start uri=smb://dietpi.local/4tbp/pics-sport/Forest%20Run%202026/Pt3/DSC_4836_result.jpg
NETWORK t= 33930.3ms dt=    0.1ms tid=lightbox-decode read_start uri=smb://dietpi.local/4tbp/pics-sport/Forest%20Run%202026/Pt3/DSC_4836_result.jpg
NETWORK t= 33930.3ms dt=    0.0ms tid=lightbox-decode smb_read_start url=smb://dietpi.local/4tbp/pics-sport/Forest Run 2026/Pt3/DSC_4836_result.jpg whole-file
NETWORK t= 33958.7ms dt=   28.4ms tid=pic-smb-transport smb_transport read_file ms=65.9
NETWORK t= 33959.4ms dt=    0.7ms tid=pic-smb-transport smb_client_context_freed
NETWORK t= 33959.4ms dt=    0.0ms tid=pic-smb-transport smb_client_new_start
NETWORK t= 33959.4ms dt=    0.0ms tid=ThreadId(20) read_done uri=smb://dietpi.local/4tbp/pics-sport/Forest%20Run%202026/Pt3/DSC_4766_result.jpg bytes=1007127 ms=256.8
NETWORK t= 33960.0ms dt=    0.6ms tid=pic-smb-transport smb_client_context_created
NETWORK t= 33960.0ms dt=    0.0ms tid=pic-smb-transport smb_client_init_start
NETWORK t= 33960.1ms dt=    0.0ms tid=pic-smb-transport smb_client_init_done
NETWORK t= 33969.9ms dt=    9.8ms tid=ThreadId(20) materialize_start uri=smb://dietpi.local/4tbp/pics-sport/Forest%20Run%202026/Pt3/DSC_4766_result.jpg
NETWORK t= 33970.0ms dt=    0.1ms tid=ThreadId(20) read_start uri=smb://dietpi.local/4tbp/pics-sport/Forest%20Run%202026/Pt3/DSC_4766_result.jpg
NETWORK t= 33970.0ms dt=    0.0ms tid=ThreadId(20) smb_read_start url=smb://dietpi.local/4tbp/pics-sport/Forest Run 2026/Pt3/DSC_4766_result.jpg whole-file
NETWORK t= 34031.3ms dt=   61.3ms tid=pic-smb-transport smb_transport read_file ms=71.2
NETWORK t= 34032.0ms dt=    0.7ms tid=pic-smb-transport smb_client_context_freed
NETWORK t= 34032.0ms dt=    0.0ms tid=pic-smb-transport smb_client_new_start
NETWORK t= 34032.0ms dt=    0.0ms tid=ThreadId(19) read_done uri=smb://dietpi.local/4tbp/pics-sport/Forest%20Run%202026/Pt3/DSC_4851_result.jpg bytes=1139652 ms=268.5
NETWORK t= 34032.3ms dt=    0.3ms tid=ThreadId(19) materialize_done uri=smb://dietpi.local/4tbp/pics-sport/Forest%20Run%202026/Pt3/DSC_4851_result.jpg path=/home/peet/.cache/picasa-rs/source/d/08e9c04a29297fc3e58fa95ee1a0d6bde755cf788b903fb49e5090239e0075cf.jpg ms=268.8
NETWORK t= 34032.6ms dt=    0.3ms tid=pic-smb-transport smb_client_context_created
NETWORK t= 34032.7ms dt=    0.0ms tid=pic-smb-transport smb_client_init_start
NETWORK t= 34032.7ms dt=    0.0ms tid=pic-smb-transport smb_client_init_done
NETWORK t= 34035.7ms dt=    3.1ms tid=ThreadId(19) read_start uri=smb://dietpi.local/4tbp/pics-sport/Forest%20Run%202026/Pt3/DSC_4730_result.jpg
NETWORK t= 34035.8ms dt=    0.0ms tid=ThreadId(19) smb_read_start url=smb://dietpi.local/4tbp/pics-sport/Forest Run 2026/Pt3/DSC_4730_result.jpg whole-file
NETWORK t= 34108.9ms dt=   73.1ms tid=pic-smb-transport smb_transport read_file ms=76.2
NETWORK t= 34109.6ms dt=    0.7ms tid=pic-smb-transport smb_client_context_freed
NETWORK t= 34109.6ms dt=    0.0ms tid=pic-smb-transport smb_client_new_start
NETWORK t= 34109.6ms dt=    0.0ms tid=lightbox-decode read_done uri=smb://dietpi.local/4tbp/pics-sport/Forest%20Run%202026/Pt3/DSC_4836_result.jpg bytes=1247076 ms=179.3
NETWORK t= 34109.9ms dt=    0.3ms tid=lightbox-decode materialize_done uri=smb://dietpi.local/4tbp/pics-sport/Forest%20Run%202026/Pt3/DSC_4836_result.jpg path=/home/peet/.cache/picasa-rs/source/3/95ebdd4f6beb483b8dd13b1c08fa1a7d7241e6778acf64a9c8ac3af114ad825a.jpg ms=179.6
NETWORK t= 34109.9ms dt=    0.1ms tid=lightbox-decode materialize_start uri=smb://dietpi.local/4tbp/pics-sport/Forest%20Run%202026/Pt3/DSC_4836_result.jpg
NETWORK t= 34110.0ms dt=    0.0ms tid=lightbox-decode materialize_done uri=smb://dietpi.local/4tbp/pics-sport/Forest%20Run%202026/Pt3/DSC_4836_result.jpg path=/home/peet/.cache/picasa-rs/source/3/95ebdd4f6beb483b8dd13b1c08fa1a7d7241e6778acf64a9c8ac3af114ad825a.jpg ms=0.0
NETWORK t= 34110.3ms dt=    0.3ms tid=pic-smb-transport smb_client_context_created
NETWORK t= 34110.3ms dt=    0.0ms tid=pic-smb-transport smb_client_init_start
NETWORK t= 34110.3ms dt=    0.0ms tid=pic-smb-transport smb_client_init_done
NETWORK t= 34149.1ms dt=   38.7ms tid=main decode_done uri=smb://dietpi.local/4tbp/pics-sport/Forest%20Run%202026/Pt3/DSC_4836_result.jpg w=1096 h=732 ms=218.9 op=3
NETWORK t= 34180.4ms dt=   31.3ms tid=lightbox-prefetch materialize_start uri=smb://dietpi.local/4tbp/pics-sport/Forest%20Run%202026/Pt3/DSC_4856_result.jpg
NETWORK t= 34180.4ms dt=    0.1ms tid=lightbox-prefetch read_start uri=smb://dietpi.local/4tbp/pics-sport/Forest%20Run%202026/Pt3/DSC_4856_result.jpg
NETWORK t= 34180.4ms dt=    0.0ms tid=lightbox-prefetch smb_read_start url=smb://dietpi.local/4tbp/pics-sport/Forest Run 2026/Pt3/DSC_4856_result.jpg whole-file
NETWORK t= 34184.4ms dt=    4.0ms tid=pic-smb-transport smb_transport read_file ms=74.1
NETWORK t= 34185.1ms dt=    0.7ms tid=pic-smb-transport smb_client_context_freed
NETWORK t= 34185.1ms dt=    0.0ms tid=pic-smb-transport smb_client_new_start
NETWORK t= 34185.2ms dt=    0.0ms tid=lightbox-decode read_done uri=smb://dietpi.local/4tbp/pics-sport/Forest%20Run%202026/Pt3/DSC_4692_result.jpg bytes=1227235 ms=366.8
NETWORK t= 34185.8ms dt=    0.6ms tid=lightbox-decode materialize_done uri=smb://dietpi.local/4tbp/pics-sport/Forest%20Run%202026/Pt3/DSC_4692_result.jpg path=/home/peet/.cache/picasa-rs/source/r/e3c73be76a07d389e6200efb271278cbcd17a0caa32da64ec68e04cd1bbde439.jpg ms=367.4
NETWORK t= 34185.9ms dt=    0.1ms tid=pic-smb-transport smb_client_context_created
NETWORK t= 34185.9ms dt=    0.0ms tid=pic-smb-transport smb_client_init_start
NETWORK t= 34185.9ms dt=    0.0ms tid=pic-smb-transport smb_client_init_done
NETWORK t= 34251.1ms dt=   65.1ms tid=pic-smb-transport smb_transport read_file ms=65.1
NETWORK t= 34251.8ms dt=    0.7ms tid=pic-smb-transport smb_client_context_freed
NETWORK t= 34251.9ms dt=    0.0ms tid=pic-smb-transport smb_client_new_start
NETWORK t= 34251.9ms dt=    0.0ms tid=ThreadId(20) read_done uri=smb://dietpi.local/4tbp/pics-sport/Forest%20Run%202026/Pt3/DSC_4766_result.jpg bytes=1007127 ms=281.9
NETWORK t= 34252.2ms dt=    0.3ms tid=ThreadId(20) materialize_done uri=smb://dietpi.local/4tbp/pics-sport/Forest%20Run%202026/Pt3/DSC_4766_result.jpg path=/home/peet/.cache/picasa-rs/source/q/214a24638997505a6f767a7c3ec6199d30f70617518cf203b2f35bdc66767768.jpg ms=282.2
NETWORK t= 34252.6ms dt=    0.5ms tid=pic-smb-transport smb_client_context_created
NETWORK t= 34252.6ms dt=    0.0ms tid=pic-smb-transport smb_client_init_start
NETWORK t= 34252.7ms dt=    0.0ms tid=pic-smb-transport smb_client_init_done
NETWORK t= 34255.4ms dt=    2.7ms tid=ThreadId(20) read_start uri=smb://dietpi.local/4tbp/pics-sport/Forest%20Run%202026/Pt3/DSC_4773_result.jpg
NETWORK t= 34255.4ms dt=    0.0ms tid=ThreadId(20) smb_read_start url=smb://dietpi.local/4tbp/pics-sport/Forest Run 2026/Pt3/DSC_4773_result.jpg whole-file
NETWORK t= 34322.1ms dt=   66.8ms tid=main decode_start uri=smb://dietpi.local/4tbp/pics-sport/Forest%20Run%202026/Pt3/DSC_4692_result.jpg op=3
NETWORK t= 34322.3ms dt=    0.1ms tid=lightbox-decode materialize_start uri=smb://dietpi.local/4tbp/pics-sport/Forest%20Run%202026/Pt3/DSC_4692_result.jpg
NETWORK t= 34322.3ms dt=    0.0ms tid=lightbox-decode materialize_done uri=smb://dietpi.local/4tbp/pics-sport/Forest%20Run%202026/Pt3/DSC_4692_result.jpg path=/home/peet/.cache/picasa-rs/source/r/e3c73be76a07d389e6200efb271278cbcd17a0caa32da64ec68e04cd1bbde439.jpg ms=0.0
NETWORK t= 34322.3ms dt=    0.0ms tid=lightbox-decode materialize_start uri=smb://dietpi.local/4tbp/pics-sport/Forest%20Run%202026/Pt3/DSC_4692_result.jpg
NETWORK t= 34322.4ms dt=    0.0ms tid=lightbox-decode materialize_done uri=smb://dietpi.local/4tbp/pics-sport/Forest%20Run%202026/Pt3/DSC_4692_result.jpg path=/home/peet/.cache/picasa-rs/source/r/e3c73be76a07d389e6200efb271278cbcd17a0caa32da64ec68e04cd1bbde439.jpg ms=0.0
NETWORK t= 34329.4ms dt=    7.0ms tid=pic-smb-transport smb_transport read_file ms=76.7
NETWORK t= 34330.1ms dt=    0.7ms tid=pic-smb-transport smb_client_context_freed
NETWORK t= 34330.1ms dt=    0.0ms tid=pic-smb-transport smb_client_new_start
NETWORK t= 34330.1ms dt=    0.0ms tid=lightbox-prefetch read_done uri=smb://dietpi.local/4tbp/pics-sport/Forest%20Run%202026/Pt3/DSC_4856_result.jpg bytes=1264704 ms=149.7
NETWORK t= 34330.4ms dt=    0.3ms tid=lightbox-prefetch materialize_done uri=smb://dietpi.local/4tbp/pics-sport/Forest%20Run%202026/Pt3/DSC_4856_result.jpg path=/home/peet/.cache/picasa-rs/source/h/1cc18678864bdd410d1bd9cd3710a55c387a42131af153c3b09b9cc10d673200.jpg ms=150.0
NETWORK t= 34330.7ms dt=    0.3ms tid=pic-smb-transport smb_client_context_created
NETWORK t= 34330.7ms dt=    0.0ms tid=pic-smb-transport smb_client_init_start
NETWORK t= 34330.7ms dt=    0.0ms tid=pic-smb-transport smb_client_init_done
NETWORK t= 34362.9ms dt=   32.2ms tid=main decode_done uri=smb://dietpi.local/4tbp/pics-sport/Forest%20Run%202026/Pt3/DSC_4692_result.jpg w=1096 h=732 ms=40.7 op=3
NETWORK t= 34370.1ms dt=    7.2ms tid=main decode_start uri=smb://dietpi.local/4tbp/pics-sport/Forest%20Run%202026/Pt3/DSC_4858_result.jpg op=3
NETWORK t= 34370.2ms dt=    0.1ms tid=lightbox-decode materialize_start uri=smb://dietpi.local/4tbp/pics-sport/Forest%20Run%202026/Pt3/DSC_4858_result.jpg
NETWORK t= 34370.2ms dt=    0.0ms tid=lightbox-decode materialize_done uri=smb://dietpi.local/4tbp/pics-sport/Forest%20Run%202026/Pt3/DSC_4858_result.jpg path=/home/peet/.cache/picasa-rs/source/1/2e4572b92f071dd166a6ab9fd3232c5c90ce2cd48dba22283b43a0ee24607ee2.jpg ms=0.0
NETWORK t= 34370.3ms dt=    0.0ms tid=lightbox-decode materialize_start uri=smb://dietpi.local/4tbp/pics-sport/Forest%20Run%202026/Pt3/DSC_4858_result.jpg
NETWORK t= 34370.3ms dt=    0.0ms tid=lightbox-decode materialize_done uri=smb://dietpi.local/4tbp/pics-sport/Forest%20Run%202026/Pt3/DSC_4858_result.jpg path=/home/peet/.cache/picasa-rs/source/1/2e4572b92f071dd166a6ab9fd3232c5c90ce2cd48dba22283b43a0ee24607ee2.jpg ms=0.0
NETWORK t= 34399.2ms dt=   28.9ms tid=pic-smb-transport smb_transport read_file ms=68.5
NETWORK t= 34399.9ms dt=    0.7ms tid=pic-smb-transport smb_client_context_freed
NETWORK t= 34400.0ms dt=    0.0ms tid=pic-smb-transport smb_client_new_start
NETWORK t= 34400.0ms dt=    0.0ms tid=ThreadId(19) read_done uri=smb://dietpi.local/4tbp/pics-sport/Forest%20Run%202026/Pt3/DSC_4730_result.jpg bytes=1029407 ms=364.2
NETWORK t= 34400.7ms dt=    0.7ms tid=pic-smb-transport smb_client_context_created
NETWORK t= 34400.7ms dt=    0.0ms tid=pic-smb-transport smb_client_init_start
NETWORK t= 34400.7ms dt=    0.0ms tid=pic-smb-transport smb_client_init_done
NETWORK t= 34410.7ms dt=   10.0ms tid=main decode_done uri=smb://dietpi.local/4tbp/pics-sport/Forest%20Run%202026/Pt3/DSC_4858_result.jpg w=1096 h=732 ms=40.6 op=3
NETWORK t= 34411.4ms dt=    0.7ms tid=ThreadId(19) materialize_start uri=smb://dietpi.local/4tbp/pics-sport/Forest%20Run%202026/Pt3/DSC_4730_result.jpg
NETWORK t= 34411.5ms dt=    0.1ms tid=ThreadId(19) read_start uri=smb://dietpi.local/4tbp/pics-sport/Forest%20Run%202026/Pt3/DSC_4730_result.jpg
NETWORK t= 34411.5ms dt=    0.0ms tid=ThreadId(19) smb_read_start url=smb://dietpi.local/4tbp/pics-sport/Forest Run 2026/Pt3/DSC_4730_result.jpg whole-file
NETWORK t= 34434.5ms dt=   23.0ms tid=main decode_start uri=smb://dietpi.local/4tbp/pics-sport/Forest%20Run%202026/Pt3/DSC_4787_result.jpg op=3
NETWORK t= 34434.6ms dt=    0.1ms tid=lightbox-decode materialize_start uri=smb://dietpi.local/4tbp/pics-sport/Forest%20Run%202026/Pt3/DSC_4787_result.jpg
NETWORK t= 34434.6ms dt=    0.0ms tid=lightbox-decode materialize_done uri=smb://dietpi.local/4tbp/pics-sport/Forest%20Run%202026/Pt3/DSC_4787_result.jpg path=/home/peet/.cache/picasa-rs/source/r/f1d70bdb648f24483fa3a44ffe513b06fce9b1ae9a6abc66c4fccfcdd6281f6d.jpg ms=0.0
NETWORK t= 34434.6ms dt=    0.0ms tid=lightbox-decode materialize_start uri=smb://dietpi.local/4tbp/pics-sport/Forest%20Run%202026/Pt3/DSC_4787_result.jpg
NETWORK t= 34434.7ms dt=    0.0ms tid=lightbox-decode materialize_done uri=smb://dietpi.local/4tbp/pics-sport/Forest%20Run%202026/Pt3/DSC_4787_result.jpg path=/home/peet/.cache/picasa-rs/source/r/f1d70bdb648f24483fa3a44ffe513b06fce9b1ae9a6abc66c4fccfcdd6281f6d.jpg ms=0.0
NETWORK t= 34464.2ms dt=   29.6ms tid=pic-smb-transport smb_transport read_file ms=63.5
NETWORK t= 34465.0ms dt=    0.7ms tid=pic-smb-transport smb_client_context_freed
NETWORK t= 34465.0ms dt=    0.0ms tid=pic-smb-transport smb_client_new_start
NETWORK t= 34465.0ms dt=    0.0ms tid=ThreadId(20) read_done uri=smb://dietpi.local/4tbp/pics-sport/Forest%20Run%202026/Pt3/DSC_4773_result.jpg bytes=1120404 ms=209.6
NETWORK t= 34465.7ms dt=    0.7ms tid=pic-smb-transport smb_client_context_created
NETWORK t= 34465.7ms dt=    0.0ms tid=pic-smb-transport smb_client_init_start
NETWORK t= 34465.7ms dt=    0.0ms tid=pic-smb-transport smb_client_init_done
NETWORK t= 34475.3ms dt=    9.6ms tid=main decode_done uri=smb://dietpi.local/4tbp/pics-sport/Forest%20Run%202026/Pt3/DSC_4787_result.jpg w=1096 h=732 ms=40.8 op=3
NETWORK t= 34477.5ms dt=    2.1ms tid=ThreadId(20) materialize_start uri=smb://dietpi.local/4tbp/pics-sport/Forest%20Run%202026/Pt3/DSC_4773_result.jpg
NETWORK t= 34477.6ms dt=    0.1ms tid=ThreadId(20) read_start uri=smb://dietpi.local/4tbp/pics-sport/Forest%20Run%202026/Pt3/DSC_4773_result.jpg
NETWORK t= 34477.6ms dt=    0.0ms tid=ThreadId(20) smb_read_start url=smb://dietpi.local/4tbp/pics-sport/Forest Run 2026/Pt3/DSC_4773_result.jpg whole-file
NETWORK t= 34532.0ms dt=   54.5ms tid=pic-smb-transport smb_transport read_file ms=66.3
NETWORK t= 34532.7ms dt=    0.7ms tid=pic-smb-transport smb_client_context_freed
NETWORK t= 34532.8ms dt=    0.0ms tid=pic-smb-transport smb_client_new_start
NETWORK t= 34532.8ms dt=    0.0ms tid=ThreadId(19) read_done uri=smb://dietpi.local/4tbp/pics-sport/Forest%20Run%202026/Pt3/DSC_4730_result.jpg bytes=1029407 ms=121.3
NETWORK t= 34533.1ms dt=    0.3ms tid=ThreadId(19) materialize_done uri=smb://dietpi.local/4tbp/pics-sport/Forest%20Run%202026/Pt3/DSC_4730_result.jpg path=/home/peet/.cache/picasa-rs/source/i/e6b20a5c571506d5d11fa9e7f30eac4c9ad396e378ef57ace9070c6a425f5780.jpg ms=121.7
NETWORK t= 34533.4ms dt=    0.4ms tid=pic-smb-transport smb_client_context_created
NETWORK t= 34533.5ms dt=    0.0ms tid=pic-smb-transport smb_client_init_start
NETWORK t= 34533.5ms dt=    0.0ms tid=pic-smb-transport smb_client_init_done
NETWORK t= 34536.4ms dt=    2.9ms tid=ThreadId(19) read_start uri=smb://dietpi.local/4tbp/pics-sport/Forest%20Run%202026/Pt3/DSC_4754_result.jpg
NETWORK t= 34536.4ms dt=    0.0ms tid=ThreadId(19) smb_read_start url=smb://dietpi.local/4tbp/pics-sport/Forest Run 2026/Pt3/DSC_4754_result.jpg whole-file
NETWORK t= 34594.2ms dt=   57.8ms tid=main decode_start uri=smb://dietpi.local/4tbp/pics-sport/Forest%20Run%202026/Pt3/DSC_4828_result.jpg op=3
NETWORK t= 34594.3ms dt=    0.1ms tid=lightbox-decode materialize_start uri=smb://dietpi.local/4tbp/pics-sport/Forest%20Run%202026/Pt3/DSC_4828_result.jpg
NETWORK t= 34594.3ms dt=    0.1ms tid=lightbox-decode read_start uri=smb://dietpi.local/4tbp/pics-sport/Forest%20Run%202026/Pt3/DSC_4828_result.jpg
NETWORK t= 34594.4ms dt=    0.0ms tid=lightbox-decode smb_read_start url=smb://dietpi.local/4tbp/pics-sport/Forest Run 2026/Pt3/DSC_4828_result.jpg whole-file
NETWORK t= 34602.5ms dt=    8.2ms tid=pic-smb-transport smb_transport read_file ms=69.0
NETWORK t= 34603.2ms dt=    0.7ms tid=pic-smb-transport smb_client_context_freed
NETWORK t= 34603.2ms dt=    0.0ms tid=pic-smb-transport smb_client_new_start
NETWORK t= 34603.3ms dt=    0.0ms tid=ThreadId(20) read_done uri=smb://dietpi.local/4tbp/pics-sport/Forest%20Run%202026/Pt3/DSC_4773_result.jpg bytes=1120404 ms=125.7
NETWORK t= 34603.5ms dt=    0.3ms tid=ThreadId(20) materialize_done uri=smb://dietpi.local/4tbp/pics-sport/Forest%20Run%202026/Pt3/DSC_4773_result.jpg path=/home/peet/.cache/picasa-rs/source/n/147b80d66c171b16734f59a62c682accddeb8ae3454bc621e96ce56f4fc68ede.jpg ms=126.1
NETWORK t= 34603.9ms dt=    0.3ms tid=pic-smb-transport smb_client_context_created
NETWORK t= 34603.9ms dt=    0.0ms tid=pic-smb-transport smb_client_init_start
NETWORK t= 34603.9ms dt=    0.0ms tid=pic-smb-transport smb_client_init_done
NETWORK t= 34606.7ms dt=    2.8ms tid=ThreadId(20) read_start uri=smb://dietpi.local/4tbp/pics-sport/Forest%20Run%202026/Pt3/DSC_4866_result.jpg
NETWORK t= 34606.7ms dt=    0.0ms tid=ThreadId(20) smb_read_start url=smb://dietpi.local/4tbp/pics-sport/Forest Run 2026/Pt3/DSC_4866_result.jpg whole-file
NETWORK t= 34674.3ms dt=   67.6ms tid=pic-smb-transport smb_transport read_file ms=70.4
NETWORK t= 34675.1ms dt=    0.7ms tid=pic-smb-transport smb_client_context_freed
NETWORK t= 34675.1ms dt=    0.0ms tid=pic-smb-transport smb_client_new_start
NETWORK t= 34675.1ms dt=    0.0ms tid=lightbox-decode read_done uri=smb://dietpi.local/4tbp/pics-sport/Forest%20Run%202026/Pt3/DSC_4828_result.jpg bytes=1086727 ms=80.7
NETWORK t= 34675.4ms dt=    0.2ms tid=lightbox-decode materialize_done uri=smb://dietpi.local/4tbp/pics-sport/Forest%20Run%202026/Pt3/DSC_4828_result.jpg path=/home/peet/.cache/picasa-rs/source/l/fa41088d69ffae40ba2e3c8ac3e4321f5c7f078e638d5db6719871133f0b16ba.jpg ms=81.1
NETWORK t= 34675.4ms dt=    0.1ms tid=lightbox-decode materialize_start uri=smb://dietpi.local/4tbp/pics-sport/Forest%20Run%202026/Pt3/DSC_4828_result.jpg
NETWORK t= 34675.5ms dt=    0.0ms tid=lightbox-decode materialize_done uri=smb://dietpi.local/4tbp/pics-sport/Forest%20Run%202026/Pt3/DSC_4828_result.jpg path=/home/peet/.cache/picasa-rs/source/l/fa41088d69ffae40ba2e3c8ac3e4321f5c7f078e638d5db6719871133f0b16ba.jpg ms=0.0
NETWORK t= 34675.8ms dt=    0.4ms tid=pic-smb-transport smb_client_context_created
NETWORK t= 34675.9ms dt=    0.0ms tid=pic-smb-transport smb_client_init_start
NETWORK t= 34675.9ms dt=    0.0ms tid=pic-smb-transport smb_client_init_done
NETWORK t= 34713.7ms dt=   37.8ms tid=main decode_done uri=smb://dietpi.local/4tbp/pics-sport/Forest%20Run%202026/Pt3/DSC_4828_result.jpg w=1096 h=732 ms=119.5 op=3
NETWORK t= 34735.5ms dt=   21.8ms tid=pic-smb-transport smb_transport read_file ms=59.6
NETWORK t= 34736.2ms dt=    0.7ms tid=pic-smb-transport smb_client_context_freed
NETWORK t= 34736.2ms dt=    0.0ms tid=pic-smb-transport smb_client_new_start
NETWORK t= 34736.2ms dt=    0.0ms tid=ThreadId(19) read_done uri=smb://dietpi.local/4tbp/pics-sport/Forest%20Run%202026/Pt3/DSC_4754_result.jpg bytes=891437 ms=199.8
NETWORK t= 34736.9ms dt=    0.7ms tid=pic-smb-transport smb_client_context_created
NETWORK t= 34736.9ms dt=    0.0ms tid=pic-smb-transport smb_client_init_start
NETWORK t= 34737.0ms dt=    0.0ms tid=pic-smb-transport smb_client_init_done
NETWORK t= 34745.4ms dt=    8.5ms tid=ThreadId(19) materialize_start uri=smb://dietpi.local/4tbp/pics-sport/Forest%20Run%202026/Pt3/DSC_4754_result.jpg
NETWORK t= 34745.5ms dt=    0.0ms tid=ThreadId(19) materialize_done uri=smb://dietpi.local/4tbp/pics-sport/Forest%20Run%202026/Pt3/DSC_4754_result.jpg path=/home/peet/.cache/picasa-rs/source/p/defd877ddff81ee11aec5b4372779e4d3337fd5f3b8bfdc390e0ebf725f0755d.jpg ms=0.0
NETWORK t= 34748.4ms dt=    3.0ms tid=ThreadId(19) read_start uri=smb://dietpi.local/4tbp/pics-sport/Forest%20Run%202026/Pt3/DSC_4675_result.jpg
NETWORK t= 34748.5ms dt=    0.0ms tid=ThreadId(19) smb_read_start url=smb://dietpi.local/4tbp/pics-sport/Forest Run 2026/Pt3/DSC_4675_result.jpg whole-file
NETWORK t= 34808.6ms dt=   60.1ms tid=pic-smb-transport smb_transport read_file ms=71.6
NETWORK t= 34809.3ms dt=    0.7ms tid=pic-smb-transport smb_client_context_freed
NETWORK t= 34809.3ms dt=    0.0ms tid=pic-smb-transport smb_client_new_start
NETWORK t= 34809.3ms dt=    0.0ms tid=ThreadId(20) read_done uri=smb://dietpi.local/4tbp/pics-sport/Forest%20Run%202026/Pt3/DSC_4866_result.jpg bytes=1221763 ms=202.6
NETWORK t= 34809.9ms dt=    0.6ms tid=pic-smb-transport smb_client_context_created
NETWORK t= 34809.9ms dt=    0.0ms tid=pic-smb-transport smb_client_init_start
NETWORK t= 34810.0ms dt=    0.0ms tid=pic-smb-transport smb_client_init_done
NETWORK t= 34821.1ms dt=   11.1ms tid=ThreadId(20) materialize_start uri=smb://dietpi.local/4tbp/pics-sport/Forest%20Run%202026/Pt3/DSC_4866_result.jpg
NETWORK t= 34821.2ms dt=    0.1ms tid=ThreadId(20) read_start uri=smb://dietpi.local/4tbp/pics-sport/Forest%20Run%202026/Pt3/DSC_4866_result.jpg
NETWORK t= 34821.2ms dt=    0.0ms tid=ThreadId(20) smb_read_start url=smb://dietpi.local/4tbp/pics-sport/Forest Run 2026/Pt3/DSC_4866_result.jpg whole-file
NETWORK t= 34844.4ms dt=   23.2ms tid=lightbox-prefetch materialize_start uri=smb://dietpi.local/4tbp/pics-sport/Forest%20Run%202026/Pt3/DSC_4681_result.jpg
NETWORK t= 34844.5ms dt=    0.1ms tid=lightbox-prefetch read_start uri=smb://dietpi.local/4tbp/pics-sport/Forest%20Run%202026/Pt3/DSC_4681_result.jpg
NETWORK t= 34844.5ms dt=    0.0ms tid=lightbox-prefetch smb_read_start url=smb://dietpi.local/4tbp/pics-sport/Forest Run 2026/Pt3/DSC_4681_result.jpg whole-file
NETWORK t= 34883.4ms dt=   38.9ms tid=pic-smb-transport smb_transport read_file ms=73.5
NETWORK t= 34884.2ms dt=    0.8ms tid=pic-smb-transport smb_client_context_freed
NETWORK t= 34884.2ms dt=    0.0ms tid=pic-smb-transport smb_client_new_start
NETWORK t= 34884.3ms dt=    0.0ms tid=ThreadId(19) read_done uri=smb://dietpi.local/4tbp/pics-sport/Forest%20Run%202026/Pt3/DSC_4675_result.jpg bytes=1184030 ms=135.8
NETWORK t= 34885.0ms dt=    0.7ms tid=pic-smb-transport smb_client_context_created
NETWORK t= 34885.0ms dt=    0.0ms tid=pic-smb-transport smb_client_init_start
NETWORK t= 34885.0ms dt=    0.0ms tid=pic-smb-transport smb_client_init_done
NETWORK t= 34896.4ms dt=   11.4ms tid=ThreadId(19) materialize_start uri=smb://dietpi.local/4tbp/pics-sport/Forest%20Run%202026/Pt3/DSC_4675_result.jpg
NETWORK t= 34896.5ms dt=    0.1ms tid=ThreadId(19) read_start uri=smb://dietpi.local/4tbp/pics-sport/Forest%20Run%202026/Pt3/DSC_4675_result.jpg
NETWORK t= 34896.5ms dt=    0.0ms tid=ThreadId(19) smb_read_start url=smb://dietpi.local/4tbp/pics-sport/Forest Run 2026/Pt3/DSC_4675_result.jpg whole-file
NETWORK t= 34942.6ms dt=   46.1ms tid=pic-smb-transport smb_transport read_file ms=57.5
NETWORK t= 34943.1ms dt=    0.5ms tid=pic-smb-transport smb_client_context_freed
NETWORK t= 34943.2ms dt=    0.0ms tid=pic-smb-transport smb_client_new_start
NETWORK t= 34943.2ms dt=    0.0ms tid=lightbox-prefetch read_done uri=smb://dietpi.local/4tbp/pics-sport/Forest%20Run%202026/Pt3/DSC_4681_result.jpg bytes=1231271 ms=98.7
NETWORK t= 34943.4ms dt=    0.3ms tid=lightbox-prefetch materialize_done uri=smb://dietpi.local/4tbp/pics-sport/Forest%20Run%202026/Pt3/DSC_4681_result.jpg path=/home/peet/.cache/picasa-rs/source/9/5229291c8fa2792cd261b041791406d168d538dda17bec9e1a74f1249bbbb710.jpg ms=99.0
NETWORK t= 34943.5ms dt=    0.1ms tid=lightbox-prefetch materialize_start uri=smb://dietpi.local/4tbp/pics-sport/Forest%20Run%202026/Pt3/DSC_4681_result.jpg
NETWORK t= 34943.5ms dt=    0.0ms tid=lightbox-prefetch materialize_done uri=smb://dietpi.local/4tbp/pics-sport/Forest%20Run%202026/Pt3/DSC_4681_result.jpg path=/home/peet/.cache/picasa-rs/source/9/5229291c8fa2792cd261b041791406d168d538dda17bec9e1a74f1249bbbb710.jpg ms=0.0
NETWORK t= 34943.8ms dt=    0.3ms tid=pic-smb-transport smb_client_context_created
NETWORK t= 34943.8ms dt=    0.0ms tid=pic-smb-transport smb_client_init_start
NETWORK t= 34943.9ms dt=    0.0ms tid=pic-smb-transport smb_client_init_done
NETWORK t= 35006.1ms dt=   62.2ms tid=main decode_start uri=smb://dietpi.local/4tbp/pics-sport/Forest%20Run%202026/Pt3/DSC_4756_result.jpg op=3
NETWORK t= 35006.2ms dt=    0.1ms tid=lightbox-decode materialize_start uri=smb://dietpi.local/4tbp/pics-sport/Forest%20Run%202026/Pt3/DSC_4756_result.jpg
NETWORK t= 35006.3ms dt=    0.1ms tid=lightbox-decode read_start uri=smb://dietpi.local/4tbp/pics-sport/Forest%20Run%202026/Pt3/DSC_4756_result.jpg
NETWORK t= 35006.3ms dt=    0.0ms tid=lightbox-decode smb_read_start url=smb://dietpi.local/4tbp/pics-sport/Forest Run 2026/Pt3/DSC_4756_result.jpg whole-file
NETWORK t= 35011.4ms dt=    5.1ms tid=pic-smb-transport smb_transport read_file ms=67.5
NETWORK t= 35012.0ms dt=    0.7ms tid=pic-smb-transport smb_client_context_freed
NETWORK t= 35012.0ms dt=    0.0ms tid=pic-smb-transport smb_client_new_start
NETWORK t= 35012.1ms dt=    0.0ms tid=ThreadId(19) read_done uri=smb://dietpi.local/4tbp/pics-sport/Forest%20Run%202026/Pt3/DSC_4675_result.jpg bytes=1184030 ms=115.6
NETWORK t= 35012.3ms dt=    0.3ms tid=ThreadId(19) materialize_done uri=smb://dietpi.local/4tbp/pics-sport/Forest%20Run%202026/Pt3/DSC_4675_result.jpg path=/home/peet/.cache/picasa-rs/source/h/0d91266d4f1cede03f2f62e2bf88f669e078b8fb72b664022f53cabd6a298905.jpg ms=115.9
NETWORK t= 35012.8ms dt=    0.4ms tid=pic-smb-transport smb_client_context_created
NETWORK t= 35012.8ms dt=    0.0ms tid=pic-smb-transport smb_client_init_start
NETWORK t= 35012.8ms dt=    0.0ms tid=pic-smb-transport smb_client_init_done
NETWORK t= 35015.4ms dt=    2.5ms tid=ThreadId(19) read_start uri=smb://dietpi.local/4tbp/pics-sport/Forest%20Run%202026/Pt3/DSC_4861_result.jpg
NETWORK t= 35015.4ms dt=    0.0ms tid=ThreadId(19) smb_read_start url=smb://dietpi.local/4tbp/pics-sport/Forest Run 2026/Pt3/DSC_4861_result.jpg whole-file
NETWORK t= 35038.1ms dt=   22.7ms tid=main decode_start uri=smb://dietpi.local/4tbp/pics-sport/Forest%20Run%202026/Pt3/DSC_4809_result.jpg op=3
NETWORK t= 35038.2ms dt=    0.1ms tid=lightbox-decode materialize_start uri=smb://dietpi.local/4tbp/pics-sport/Forest%20Run%202026/Pt3/DSC_4809_result.jpg
NETWORK t= 35038.2ms dt=    0.1ms tid=lightbox-decode read_start uri=smb://dietpi.local/4tbp/pics-sport/Forest%20Run%202026/Pt3/DSC_4809_result.jpg
NETWORK t= 35038.2ms dt=    0.0ms tid=lightbox-decode smb_read_start url=smb://dietpi.local/4tbp/pics-sport/Forest Run 2026/Pt3/DSC_4809_result.jpg whole-file
NETWORK t= 35074.4ms dt=   36.2ms tid=pic-smb-transport smb_transport read_file ms=61.5
NETWORK t= 35075.0ms dt=    0.7ms tid=pic-smb-transport smb_client_context_freed
NETWORK t= 35075.1ms dt=    0.0ms tid=pic-smb-transport smb_client_new_start
NETWORK t= 35075.1ms dt=    0.0ms tid=lightbox-decode read_done uri=smb://dietpi.local/4tbp/pics-sport/Forest%20Run%202026/Pt3/DSC_4756_result.jpg bytes=906269 ms=68.8
NETWORK t= 35075.4ms dt=    0.3ms tid=lightbox-decode materialize_done uri=smb://dietpi.local/4tbp/pics-sport/Forest%20Run%202026/Pt3/DSC_4756_result.jpg path=/home/peet/.cache/picasa-rs/source/3/47076dc952890adcf913b566c29ec4f567c121647803aec4405b335b799abdc7.jpg ms=69.2
NETWORK t= 35075.9ms dt=    0.5ms tid=pic-smb-transport smb_client_context_created
NETWORK t= 35075.9ms dt=    0.0ms tid=pic-smb-transport smb_client_init_start
NETWORK t= 35075.9ms dt=    0.0ms tid=pic-smb-transport smb_client_init_done
NETWORK t= 35140.5ms dt=   64.5ms tid=pic-smb-transport smb_transport read_file ms=64.5
NETWORK t= 35140.8ms dt=    0.4ms tid=pic-smb-transport smb_client_context_freed
NETWORK t= 35140.8ms dt=    0.0ms tid=pic-smb-transport smb_client_new_start
NETWORK t= 35140.9ms dt=    0.0ms tid=ThreadId(20) read_done uri=smb://dietpi.local/4tbp/pics-sport/Forest%20Run%202026/Pt3/DSC_4866_result.jpg bytes=1221763 ms=319.7
NETWORK t= 35141.1ms dt=    0.3ms tid=ThreadId(20) materialize_done uri=smb://dietpi.local/4tbp/pics-sport/Forest%20Run%202026/Pt3/DSC_4866_result.jpg path=/home/peet/.cache/picasa-rs/source/o/4e485373db2fb20e51a7e5b7b5aa25e6952bc06bd54d3d07bb398f0bd599080b.jpg ms=320.0
NETWORK t= 35141.5ms dt=    0.3ms tid=pic-smb-transport smb_client_context_created
NETWORK t= 35141.5ms dt=    0.0ms tid=pic-smb-transport smb_client_init_start
NETWORK t= 35141.5ms dt=    0.0ms tid=pic-smb-transport smb_client_init_done
NETWORK t= 35144.4ms dt=    2.9ms tid=ThreadId(20) read_start uri=smb://dietpi.local/4tbp/pics-sport/Forest%20Run%202026/Pt3/DSC_4856_result.jpg
NETWORK t= 35144.4ms dt=    0.0ms tid=ThreadId(20) smb_read_start url=smb://dietpi.local/4tbp/pics-sport/Forest Run 2026/Pt3/DSC_4856_result.jpg whole-file
NETWORK t= 35186.4ms dt=   42.0ms tid=pic-smb-transport smb_transport read_file ms=44.9
NETWORK t= 35186.9ms dt=    0.5ms tid=pic-smb-transport smb_client_context_freed
NETWORK t= 35186.9ms dt=    0.0ms tid=pic-smb-transport smb_client_new_start
NETWORK t= 35186.9ms dt=    0.0ms tid=ThreadId(19) read_done uri=smb://dietpi.local/4tbp/pics-sport/Forest%20Run%202026/Pt3/DSC_4861_result.jpg bytes=1107944 ms=171.5
NETWORK t= 35187.5ms dt=    0.6ms tid=pic-smb-transport smb_client_context_created
NETWORK t= 35187.6ms dt=    0.0ms tid=pic-smb-transport smb_client_init_start
NETWORK t= 35187.6ms dt=    0.0ms tid=pic-smb-transport smb_client_init_done
NETWORK t= 35198.0ms dt=   10.4ms tid=ThreadId(19) materialize_start uri=smb://dietpi.local/4tbp/pics-sport/Forest%20Run%202026/Pt3/DSC_4861_result.jpg
NETWORK t= 35198.1ms dt=    0.1ms tid=ThreadId(19) read_start uri=smb://dietpi.local/4tbp/pics-sport/Forest%20Run%202026/Pt3/DSC_4861_result.jpg
NETWORK t= 35198.1ms dt=    0.0ms tid=ThreadId(19) smb_read_start url=smb://dietpi.local/4tbp/pics-sport/Forest Run 2026/Pt3/DSC_4861_result.jpg whole-file
NETWORK t= 35249.8ms dt=   51.7ms tid=pic-smb-transport smb_transport read_file ms=62.2
NETWORK t= 35250.5ms dt=    0.6ms tid=pic-smb-transport smb_client_context_freed
NETWORK t= 35250.5ms dt=    0.0ms tid=pic-smb-transport smb_client_new_start
NETWORK t= 35250.5ms dt=    0.0ms tid=lightbox-decode read_done uri=smb://dietpi.local/4tbp/pics-sport/Forest%20Run%202026/Pt3/DSC_4809_result.jpg bytes=1157997 ms=212.3
NETWORK t= 35250.8ms dt=    0.3ms tid=lightbox-decode materialize_done uri=smb://dietpi.local/4tbp/pics-sport/Forest%20Run%202026/Pt3/DSC_4809_result.jpg path=/home/peet/.cache/picasa-rs/source/w/a51436278f8b94897a4e604e69852cdad7aa5b96be1314594fbbe8e4690cb729.jpg ms=212.7
NETWORK t= 35250.9ms dt=    0.1ms tid=lightbox-decode materialize_start uri=smb://dietpi.local/4tbp/pics-sport/Forest%20Run%202026/Pt3/DSC_4809_result.jpg
NETWORK t= 35250.9ms dt=    0.0ms tid=lightbox-decode materialize_done uri=smb://dietpi.local/4tbp/pics-sport/Forest%20Run%202026/Pt3/DSC_4809_result.jpg path=/home/peet/.cache/picasa-rs/source/w/a51436278f8b94897a4e604e69852cdad7aa5b96be1314594fbbe8e4690cb729.jpg ms=0.0
NETWORK t= 35251.2ms dt=    0.3ms tid=pic-smb-transport smb_client_context_created
NETWORK t= 35251.2ms dt=    0.0ms tid=pic-smb-transport smb_client_init_start
NETWORK t= 35251.2ms dt=    0.0ms tid=pic-smb-transport smb_client_init_done
NETWORK t= 35288.3ms dt=   37.1ms tid=lightbox-prefetch materialize_start uri=smb://dietpi.local/4tbp/pics-sport/Forest%20Run%202026/Pt3/DSC_4751_result.jpg
NETWORK t= 35288.5ms dt=    0.2ms tid=lightbox-prefetch read_start uri=smb://dietpi.local/4tbp/pics-sport/Forest%20Run%202026/Pt3/DSC_4751_result.jpg
NETWORK t= 35288.6ms dt=    0.0ms tid=lightbox-prefetch smb_read_start url=smb://dietpi.local/4tbp/pics-sport/Forest Run 2026/Pt3/DSC_4751_result.jpg whole-file
NETWORK t= 35290.1ms dt=    1.5ms tid=main decode_done uri=smb://dietpi.local/4tbp/pics-sport/Forest%20Run%202026/Pt3/DSC_4809_result.jpg w=1096 h=732 ms=252.0 op=3
NETWORK t= 35306.5ms dt=   16.4ms tid=pic-smb-transport smb_transport read_file ms=55.2
NETWORK t= 35307.0ms dt=    0.5ms tid=pic-smb-transport smb_client_context_freed
NETWORK t= 35307.0ms dt=    0.0ms tid=pic-smb-transport smb_client_new_start
NETWORK t= 35307.1ms dt=    0.0ms tid=ThreadId(20) read_done uri=smb://dietpi.local/4tbp/pics-sport/Forest%20Run%202026/Pt3/DSC_4856_result.jpg bytes=1264704 ms=162.6
NETWORK t= 35307.7ms dt=    0.6ms tid=pic-smb-transport smb_client_context_created
NETWORK t= 35307.7ms dt=    0.0ms tid=pic-smb-transport smb_client_init_start
NETWORK t= 35307.7ms dt=    0.0ms tid=pic-smb-transport smb_client_init_done
NETWORK t= 35319.7ms dt=   12.0ms tid=ThreadId(20) materialize_start uri=smb://dietpi.local/4tbp/pics-sport/Forest%20Run%202026/Pt3/DSC_4856_result.jpg
NETWORK t= 35319.8ms dt=    0.0ms tid=ThreadId(20) materialize_done uri=smb://dietpi.local/4tbp/pics-sport/Forest%20Run%202026/Pt3/DSC_4856_result.jpg path=/home/peet/.cache/picasa-rs/source/h/1cc18678864bdd410d1bd9cd3710a55c387a42131af153c3b09b9cc10d673200.jpg ms=0.0
NETWORK t= 35322.8ms dt=    3.0ms tid=ThreadId(20) read_start uri=smb://dietpi.local/4tbp/pics-sport/Forest%20Run%202026/Pt3/DSC_4836_result.jpg
NETWORK t= 35322.8ms dt=    0.0ms tid=ThreadId(20) smb_read_start url=smb://dietpi.local/4tbp/pics-sport/Forest Run 2026/Pt3/DSC_4836_result.jpg whole-file
NETWORK t= 35378.7ms dt=   55.9ms tid=pic-smb-transport smb_transport read_file ms=71.0
NETWORK t= 35379.4ms dt=    0.7ms tid=pic-smb-transport smb_client_context_freed
NETWORK t= 35379.4ms dt=    0.0ms tid=pic-smb-transport smb_client_new_start
NETWORK t= 35379.4ms dt=    0.0ms tid=lightbox-prefetch read_done uri=smb://dietpi.local/4tbp/pics-sport/Forest%20Run%202026/Pt3/DSC_4751_result.jpg bytes=1139107 ms=90.9
NETWORK t= 35379.7ms dt=    0.2ms tid=lightbox-prefetch materialize_done uri=smb://dietpi.local/4tbp/pics-sport/Forest%20Run%202026/Pt3/DSC_4751_result.jpg path=/home/peet/.cache/picasa-rs/source/r/93e7bc97fdce339c1730d93544aece64a235cfbf4a9cdc9a0edf9c2a456e9bee.jpg ms=91.2
NETWORK t= 35379.7ms dt=    0.1ms tid=lightbox-prefetch materialize_start uri=smb://dietpi.local/4tbp/pics-sport/Forest%20Run%202026/Pt3/DSC_4751_result.jpg
NETWORK t= 35379.8ms dt=    0.0ms tid=lightbox-prefetch materialize_done uri=smb://dietpi.local/4tbp/pics-sport/Forest%20Run%202026/Pt3/DSC_4751_result.jpg path=/home/peet/.cache/picasa-rs/source/r/93e7bc97fdce339c1730d93544aece64a235cfbf4a9cdc9a0edf9c2a456e9bee.jpg ms=0.0
NETWORK t= 35380.0ms dt=    0.3ms tid=pic-smb-transport smb_client_context_created
NETWORK t= 35380.1ms dt=    0.0ms tid=pic-smb-transport smb_client_init_start
NETWORK t= 35380.1ms dt=    0.0ms tid=pic-smb-transport smb_client_init_done
NETWORK t= 35456.7ms dt=   76.6ms tid=pic-smb-transport smb_transport read_file ms=76.6
NETWORK t= 35457.3ms dt=    0.6ms tid=pic-smb-transport smb_client_context_freed
NETWORK t= 35457.3ms dt=    0.0ms tid=pic-smb-transport smb_client_new_start
NETWORK t= 35457.4ms dt=    0.0ms tid=ThreadId(20) read_done uri=smb://dietpi.local/4tbp/pics-sport/Forest%20Run%202026/Pt3/DSC_4836_result.jpg bytes=1247076 ms=134.6
NETWORK t= 35458.0ms dt=    0.6ms tid=pic-smb-transport smb_client_context_created
NETWORK t= 35458.0ms dt=    0.0ms tid=pic-smb-transport smb_client_init_start
NETWORK t= 35458.0ms dt=    0.0ms tid=pic-smb-transport smb_client_init_done
NETWORK t= 35469.9ms dt=   11.9ms tid=ThreadId(20) materialize_start uri=smb://dietpi.local/4tbp/pics-sport/Forest%20Run%202026/Pt3/DSC_4836_result.jpg
NETWORK t= 35469.9ms dt=    0.1ms tid=ThreadId(20) materialize_done uri=smb://dietpi.local/4tbp/pics-sport/Forest%20Run%202026/Pt3/DSC_4836_result.jpg path=/home/peet/.cache/picasa-rs/source/3/95ebdd4f6beb483b8dd13b1c08fa1a7d7241e6778acf64a9c8ac3af114ad825a.jpg ms=0.0
NETWORK t= 35473.0ms dt=    3.1ms tid=ThreadId(20) read_start uri=smb://dietpi.local/4tbp/pics-sport/Forest%20Run%202026/Pt3/DSC_4692_result.jpg
NETWORK t= 35473.0ms dt=    0.0ms tid=ThreadId(20) smb_read_start url=smb://dietpi.local/4tbp/pics-sport/Forest Run 2026/Pt3/DSC_4692_result.jpg whole-file
NETWORK t= 35527.7ms dt=   54.8ms tid=pic-smb-transport smb_transport read_file ms=69.7
NETWORK t= 35528.5ms dt=    0.7ms tid=pic-smb-transport smb_client_context_freed
NETWORK t= 35528.5ms dt=    0.0ms tid=pic-smb-transport smb_client_new_start
NETWORK t= 35528.5ms dt=    0.0ms tid=ThreadId(19) read_done uri=smb://dietpi.local/4tbp/pics-sport/Forest%20Run%202026/Pt3/DSC_4861_result.jpg bytes=1107944 ms=330.4
NETWORK t= 35528.8ms dt=    0.3ms tid=ThreadId(19) materialize_done uri=smb://dietpi.local/4tbp/pics-sport/Forest%20Run%202026/Pt3/DSC_4861_result.jpg path=/home/peet/.cache/picasa-rs/source/w/fcf8613b4e43b30e17eba3eec08cb6ba6b3602daf3f21dfd08ab0ec3aae06f58.jpg ms=330.7
NETWORK t= 35529.4ms dt=    0.6ms tid=pic-smb-transport smb_client_context_created
NETWORK t= 35529.5ms dt=    0.0ms tid=pic-smb-transport smb_client_init_start
NETWORK t= 35529.5ms dt=    0.0ms tid=pic-smb-transport smb_client_init_done
NETWORK t= 35532.3ms dt=    2.8ms tid=ThreadId(19) read_start uri=smb://dietpi.local/4tbp/pics-sport/Forest%20Run%202026/Pt3/DSC_4858_result.jpg
NETWORK t= 35532.3ms dt=    0.0ms tid=ThreadId(19) smb_read_start url=smb://dietpi.local/4tbp/pics-sport/Forest Run 2026/Pt3/DSC_4858_result.jpg whole-file
NETWORK t= 35603.5ms dt=   71.2ms tid=pic-smb-transport smb_transport read_file ms=74.0
NETWORK t= 35604.2ms dt=    0.7ms tid=pic-smb-transport smb_client_context_freed
NETWORK t= 35604.2ms dt=    0.0ms tid=pic-smb-transport smb_client_new_start
NETWORK t= 35604.2ms dt=    0.0ms tid=ThreadId(20) read_done uri=smb://dietpi.local/4tbp/pics-sport/Forest%20Run%202026/Pt3/DSC_4692_result.jpg bytes=1227235 ms=131.3
NETWORK t= 35604.9ms dt=    0.7ms tid=pic-smb-transport smb_client_context_created
NETWORK t= 35604.9ms dt=    0.0ms tid=pic-smb-transport smb_client_init_start
NETWORK t= 35604.9ms dt=    0.0ms tid=pic-smb-transport smb_client_init_done
NETWORK t= 35616.2ms dt=   11.3ms tid=ThreadId(20) materialize_start uri=smb://dietpi.local/4tbp/pics-sport/Forest%20Run%202026/Pt3/DSC_4692_result.jpg
NETWORK t= 35616.3ms dt=    0.0ms tid=ThreadId(20) materialize_done uri=smb://dietpi.local/4tbp/pics-sport/Forest%20Run%202026/Pt3/DSC_4692_result.jpg path=/home/peet/.cache/picasa-rs/source/r/e3c73be76a07d389e6200efb271278cbcd17a0caa32da64ec68e04cd1bbde439.jpg ms=0.0
NETWORK t= 35619.3ms dt=    3.1ms tid=ThreadId(20) read_start uri=smb://dietpi.local/4tbp/pics-sport/Forest%20Run%202026/Pt3/DSC_4760_result.jpg
NETWORK t= 35619.4ms dt=    0.0ms tid=ThreadId(20) smb_read_start url=smb://dietpi.local/4tbp/pics-sport/Forest Run 2026/Pt3/DSC_4760_result.jpg whole-file
NETWORK t= 35679.8ms dt=   60.4ms tid=pic-smb-transport smb_transport read_file ms=74.8
NETWORK t= 35680.6ms dt=    0.8ms tid=pic-smb-transport smb_client_context_freed
NETWORK t= 35680.6ms dt=    0.0ms tid=pic-smb-transport smb_client_new_start
NETWORK t= 35680.6ms dt=    0.0ms tid=ThreadId(19) read_done uri=smb://dietpi.local/4tbp/pics-sport/Forest%20Run%202026/Pt3/DSC_4858_result.jpg bytes=1190844 ms=148.3
NETWORK t= 35681.2ms dt=    0.6ms tid=pic-smb-transport smb_client_context_created
NETWORK t= 35681.3ms dt=    0.0ms tid=pic-smb-transport smb_client_init_start
NETWORK t= 35681.3ms dt=    0.0ms tid=pic-smb-transport smb_client_init_done
NETWORK t= 35691.8ms dt=   10.6ms tid=ThreadId(19) materialize_start uri=smb://dietpi.local/4tbp/pics-sport/Forest%20Run%202026/Pt3/DSC_4858_result.jpg
NETWORK t= 35691.9ms dt=    0.0ms tid=ThreadId(19) materialize_done uri=smb://dietpi.local/4tbp/pics-sport/Forest%20Run%202026/Pt3/DSC_4858_result.jpg path=/home/peet/.cache/picasa-rs/source/1/2e4572b92f071dd166a6ab9fd3232c5c90ce2cd48dba22283b43a0ee24607ee2.jpg ms=0.0
NETWORK t= 35695.2ms dt=    3.4ms tid=ThreadId(19) read_start uri=smb://dietpi.local/4tbp/pics-sport/Forest%20Run%202026/Pt3/DSC_4787_result.jpg
NETWORK t= 35695.3ms dt=    0.0ms tid=ThreadId(19) smb_read_start url=smb://dietpi.local/4tbp/pics-sport/Forest Run 2026/Pt3/DSC_4787_result.jpg whole-file
NETWORK t= 35754.7ms dt=   59.4ms tid=pic-smb-transport smb_transport read_file ms=73.4
NETWORK t= 35755.4ms dt=    0.7ms tid=pic-smb-transport smb_client_context_freed
NETWORK t= 35755.5ms dt=    0.0ms tid=pic-smb-transport smb_client_new_start
NETWORK t= 35755.5ms dt=    0.0ms tid=ThreadId(20) read_done uri=smb://dietpi.local/4tbp/pics-sport/Forest%20Run%202026/Pt3/DSC_4760_result.jpg bytes=1203864 ms=136.1
NETWORK t= 35756.1ms dt=    0.6ms tid=pic-smb-transport smb_client_context_created
NETWORK t= 35756.1ms dt=    0.0ms tid=pic-smb-transport smb_client_init_start
NETWORK t= 35756.1ms dt=    0.0ms tid=pic-smb-transport smb_client_init_done
NETWORK t= 35767.7ms dt=   11.6ms tid=ThreadId(20) materialize_start uri=smb://dietpi.local/4tbp/pics-sport/Forest%20Run%202026/Pt3/DSC_4760_result.jpg
NETWORK t= 35767.8ms dt=    0.0ms tid=ThreadId(20) materialize_done uri=smb://dietpi.local/4tbp/pics-sport/Forest%20Run%202026/Pt3/DSC_4760_result.jpg path=/home/peet/.cache/picasa-rs/source/j/149bdffbf431ac9885bb2cb779cc46794f80ec66f10678460ae6146b515c95ed.jpg ms=0.0
NETWORK t= 35771.4ms dt=    3.6ms tid=ThreadId(20) read_start uri=smb://dietpi.local/4tbp/pics-sport/Forest%20Run%202026/Pt3/DSC_4853_result.jpg
NETWORK t= 35771.4ms dt=    0.0ms tid=ThreadId(20) smb_read_start url=smb://dietpi.local/4tbp/pics-sport/Forest Run 2026/Pt3/DSC_4853_result.jpg whole-file
NETWORK t= 35807.7ms dt=   36.3ms tid=pic-smb-transport smb_transport read_file ms=51.5
NETWORK t= 35808.1ms dt=    0.4ms tid=pic-smb-transport smb_client_context_freed
NETWORK t= 35808.1ms dt=    0.0ms tid=pic-smb-transport smb_client_new_start
NETWORK t= 35808.2ms dt=    0.0ms tid=ThreadId(19) read_done uri=smb://dietpi.local/4tbp/pics-sport/Forest%20Run%202026/Pt3/DSC_4787_result.jpg bytes=1178686 ms=112.9
NETWORK t= 35808.7ms dt=    0.6ms tid=pic-smb-transport smb_client_context_created
NETWORK t= 35808.7ms dt=    0.0ms tid=pic-smb-transport smb_client_init_start
NETWORK t= 35808.8ms dt=    0.0ms tid=pic-smb-transport smb_client_init_done
NETWORK t= 35819.5ms dt=   10.7ms tid=ThreadId(19) materialize_start uri=smb://dietpi.local/4tbp/pics-sport/Forest%20Run%202026/Pt3/DSC_4787_result.jpg
NETWORK t= 35819.5ms dt=    0.0ms tid=ThreadId(19) materialize_done uri=smb://dietpi.local/4tbp/pics-sport/Forest%20Run%202026/Pt3/DSC_4787_result.jpg path=/home/peet/.cache/picasa-rs/source/r/f1d70bdb648f24483fa3a44ffe513b06fce9b1ae9a6abc66c4fccfcdd6281f6d.jpg ms=0.0
NETWORK t= 35822.5ms dt=    3.0ms tid=ThreadId(19) read_start uri=smb://dietpi.local/4tbp/pics-sport/Forest%20Run%202026/Pt3/DSC_4785_result.jpg
NETWORK t= 35822.5ms dt=    0.0ms tid=ThreadId(19) smb_read_start url=smb://dietpi.local/4tbp/pics-sport/Forest Run 2026/Pt3/DSC_4785_result.jpg whole-file
NETWORK t= 35874.2ms dt=   51.7ms tid=pic-smb-transport smb_transport read_file ms=65.5
NETWORK t= 35874.9ms dt=    0.7ms tid=pic-smb-transport smb_client_context_freed
NETWORK t= 35874.9ms dt=    0.0ms tid=pic-smb-transport smb_client_new_start
NETWORK t= 35875.0ms dt=    0.0ms tid=ThreadId(20) read_done uri=smb://dietpi.local/4tbp/pics-sport/Forest%20Run%202026/Pt3/DSC_4853_result.jpg bytes=1235400 ms=103.5
NETWORK t= 35875.6ms dt=    0.6ms tid=pic-smb-transport smb_client_context_created
NETWORK t= 35875.6ms dt=    0.0ms tid=pic-smb-transport smb_client_init_start
NETWORK t= 35875.6ms dt=    0.0ms tid=pic-smb-transport smb_client_init_done
NETWORK t= 35886.5ms dt=   10.9ms tid=ThreadId(20) materialize_start uri=smb://dietpi.local/4tbp/pics-sport/Forest%20Run%202026/Pt3/DSC_4853_result.jpg
NETWORK t= 35886.6ms dt=    0.0ms tid=ThreadId(20) materialize_done uri=smb://dietpi.local/4tbp/pics-sport/Forest%20Run%202026/Pt3/DSC_4853_result.jpg path=/home/peet/.cache/picasa-rs/source/a/af42cc3d56c05c382ecbed0b107dfb55ffcee08c09ecf371ed1d644c89da15a2.jpg ms=0.0
NETWORK t= 35889.5ms dt=    2.9ms tid=ThreadId(20) read_start uri=smb://dietpi.local/4tbp/pics-sport/Forest%20Run%202026/Pt3/DSC_4828_result.jpg
NETWORK t= 35889.5ms dt=    0.0ms tid=ThreadId(20) smb_read_start url=smb://dietpi.local/4tbp/pics-sport/Forest Run 2026/Pt3/DSC_4828_result.jpg whole-file
NETWORK t= 35954.7ms dt=   65.1ms tid=pic-smb-transport smb_transport read_file ms=79.0
NETWORK t= 35955.3ms dt=    0.7ms tid=pic-smb-transport smb_client_context_freed
NETWORK t= 35955.3ms dt=    0.0ms tid=pic-smb-transport smb_client_new_start
NETWORK t= 35955.4ms dt=    0.0ms tid=ThreadId(19) read_done uri=smb://dietpi.local/4tbp/pics-sport/Forest%20Run%202026/Pt3/DSC_4785_result.jpg bytes=1333854 ms=132.8
NETWORK t= 35956.0ms dt=    0.6ms tid=pic-smb-transport smb_client_context_created
NETWORK t= 35956.0ms dt=    0.0ms tid=pic-smb-transport smb_client_init_start
NETWORK t= 35956.0ms dt=    0.0ms tid=pic-smb-transport smb_client_init_done
NETWORK t= 35967.9ms dt=   11.9ms tid=ThreadId(19) materialize_start uri=smb://dietpi.local/4tbp/pics-sport/Forest%20Run%202026/Pt3/DSC_4785_result.jpg
NETWORK t= 35968.0ms dt=    0.0ms tid=ThreadId(19) materialize_done uri=smb://dietpi.local/4tbp/pics-sport/Forest%20Run%202026/Pt3/DSC_4785_result.jpg path=/home/peet/.cache/picasa-rs/source/2/34e2d3df028313991858632b7699077d22563774b2fea7b0dab3dab5d36e4ee7.jpg ms=0.0
NETWORK t= 35971.4ms dt=    3.5ms tid=ThreadId(19) read_start uri=smb://dietpi.local/4tbp/pics-sport/Forest%20Run%202026/Pt3/DSC_4681_result.jpg
NETWORK t= 35971.5ms dt=    0.0ms tid=ThreadId(19) smb_read_start url=smb://dietpi.local/4tbp/pics-sport/Forest Run 2026/Pt3/DSC_4681_result.jpg whole-file
NETWORK t= 36025.9ms dt=   54.5ms tid=pic-smb-transport smb_transport read_file ms=69.9
NETWORK t= 36026.7ms dt=    0.8ms tid=pic-smb-transport smb_client_context_freed
NETWORK t= 36026.7ms dt=    0.0ms tid=pic-smb-transport smb_client_new_start
NETWORK t= 36026.8ms dt=    0.0ms tid=ThreadId(20) read_done uri=smb://dietpi.local/4tbp/pics-sport/Forest%20Run%202026/Pt3/DSC_4828_result.jpg bytes=1086727 ms=137.2
NETWORK t= 36027.4ms dt=    0.7ms tid=pic-smb-transport smb_client_context_created
NETWORK t= 36027.4ms dt=    0.0ms tid=pic-smb-transport smb_client_init_start
NETWORK t= 36027.5ms dt=    0.0ms tid=pic-smb-transport smb_client_init_done
NETWORK t= 36037.6ms dt=   10.2ms tid=ThreadId(20) materialize_start uri=smb://dietpi.local/4tbp/pics-sport/Forest%20Run%202026/Pt3/DSC_4828_result.jpg
NETWORK t= 36037.7ms dt=    0.0ms tid=ThreadId(20) materialize_done uri=smb://dietpi.local/4tbp/pics-sport/Forest%20Run%202026/Pt3/DSC_4828_result.jpg path=/home/peet/.cache/picasa-rs/source/l/fa41088d69ffae40ba2e3c8ac3e4321f5c7f078e638d5db6719871133f0b16ba.jpg ms=0.0
NETWORK t= 36040.6ms dt=    2.9ms tid=ThreadId(20) read_start uri=smb://dietpi.local/4tbp/pics-sport/Forest%20Run%202026/Pt3/DSC_4756_result.jpg
NETWORK t= 36040.6ms dt=    0.0ms tid=ThreadId(20) smb_read_start url=smb://dietpi.local/4tbp/pics-sport/Forest Run 2026/Pt3/DSC_4756_result.jpg whole-file
NETWORK t= 36103.2ms dt=   62.5ms tid=pic-smb-transport smb_transport read_file ms=75.7
NETWORK t= 36103.9ms dt=    0.7ms tid=pic-smb-transport smb_client_context_freed
NETWORK t= 36103.9ms dt=    0.0ms tid=pic-smb-transport smb_client_new_start
NETWORK t= 36104.0ms dt=    0.0ms tid=ThreadId(19) read_done uri=smb://dietpi.local/4tbp/pics-sport/Forest%20Run%202026/Pt3/DSC_4681_result.jpg bytes=1231271 ms=132.5
NETWORK t= 36104.7ms dt=    0.7ms tid=pic-smb-transport smb_client_context_created
NETWORK t= 36104.7ms dt=    0.0ms tid=pic-smb-transport smb_client_init_start
NETWORK t= 36104.7ms dt=    0.0ms tid=pic-smb-transport smb_client_init_done
NETWORK t= 36116.1ms dt=   11.4ms tid=ThreadId(19) materialize_start uri=smb://dietpi.local/4tbp/pics-sport/Forest%20Run%202026/Pt3/DSC_4681_result.jpg
NETWORK t= 36116.1ms dt=    0.0ms tid=ThreadId(19) materialize_done uri=smb://dietpi.local/4tbp/pics-sport/Forest%20Run%202026/Pt3/DSC_4681_result.jpg path=/home/peet/.cache/picasa-rs/source/9/5229291c8fa2792cd261b041791406d168d538dda17bec9e1a74f1249bbbb710.jpg ms=0.0
NETWORK t= 36119.3ms dt=    3.2ms tid=ThreadId(19) read_start uri=smb://dietpi.local/4tbp/pics-sport/Forest%20Run%202026/Pt3/DSC_4809_result.jpg
NETWORK t= 36119.4ms dt=    0.0ms tid=ThreadId(19) smb_read_start url=smb://dietpi.local/4tbp/pics-sport/Forest Run 2026/Pt3/DSC_4809_result.jpg whole-file
NETWORK t= 36147.9ms dt=   28.5ms tid=pic-smb-transport smb_transport read_file ms=43.1
NETWORK t= 36148.3ms dt=    0.5ms tid=pic-smb-transport smb_client_context_freed
NETWORK t= 36148.3ms dt=    0.0ms tid=pic-smb-transport smb_client_new_start
NETWORK t= 36148.4ms dt=    0.0ms tid=ThreadId(20) read_done uri=smb://dietpi.local/4tbp/pics-sport/Forest%20Run%202026/Pt3/DSC_4756_result.jpg bytes=906269 ms=107.7
NETWORK t= 36148.9ms dt=    0.6ms tid=pic-smb-transport smb_client_context_created
NETWORK t= 36149.0ms dt=    0.0ms tid=pic-smb-transport smb_client_init_start
NETWORK t= 36149.0ms dt=    0.0ms tid=pic-smb-transport smb_client_init_done
NETWORK t= 36158.3ms dt=    9.3ms tid=ThreadId(20) materialize_start uri=smb://dietpi.local/4tbp/pics-sport/Forest%20Run%202026/Pt3/DSC_4756_result.jpg
NETWORK t= 36158.3ms dt=    0.0ms tid=ThreadId(20) materialize_done uri=smb://dietpi.local/4tbp/pics-sport/Forest%20Run%202026/Pt3/DSC_4756_result.jpg path=/home/peet/.cache/picasa-rs/source/3/47076dc952890adcf913b566c29ec4f567c121647803aec4405b335b799abdc7.jpg ms=0.0
NETWORK t= 36161.4ms dt=    3.1ms tid=ThreadId(20) read_start uri=smb://dietpi.local/4tbp/pics-sport/Forest%20Run%202026/Pt3/DSC_4722_result.jpg
NETWORK t= 36161.4ms dt=    0.0ms tid=ThreadId(20) smb_read_start url=smb://dietpi.local/4tbp/pics-sport/Forest Run 2026/Pt3/DSC_4722_result.jpg whole-file
NETWORK t= 36207.4ms dt=   46.0ms tid=pic-smb-transport smb_transport read_file ms=58.4
NETWORK t= 36208.1ms dt=    0.7ms tid=pic-smb-transport smb_client_context_freed
NETWORK t= 36208.1ms dt=    0.0ms tid=pic-smb-transport smb_client_new_start
NETWORK t= 36208.2ms dt=    0.0ms tid=ThreadId(19) read_done uri=smb://dietpi.local/4tbp/pics-sport/Forest%20Run%202026/Pt3/DSC_4809_result.jpg bytes=1157997 ms=88.8
NETWORK t= 36208.8ms dt=    0.7ms tid=pic-smb-transport smb_client_context_created
NETWORK t= 36208.8ms dt=    0.0ms tid=pic-smb-transport smb_client_init_start
NETWORK t= 36208.9ms dt=    0.0ms tid=pic-smb-transport smb_client_init_done
NETWORK t= 36220.3ms dt=   11.4ms tid=ThreadId(19) materialize_start uri=smb://dietpi.local/4tbp/pics-sport/Forest%20Run%202026/Pt3/DSC_4809_result.jpg
NETWORK t= 36220.3ms dt=    0.1ms tid=ThreadId(19) materialize_done uri=smb://dietpi.local/4tbp/pics-sport/Forest%20Run%202026/Pt3/DSC_4809_result.jpg path=/home/peet/.cache/picasa-rs/source/w/a51436278f8b94897a4e604e69852cdad7aa5b96be1314594fbbe8e4690cb729.jpg ms=0.0
NETWORK t= 36223.5ms dt=    3.2ms tid=ThreadId(19) read_start uri=smb://dietpi.local/4tbp/pics-sport/Forest%20Run%202026/Pt3/DSC_4751_result.jpg
NETWORK t= 36223.5ms dt=    0.0ms tid=ThreadId(19) smb_read_start url=smb://dietpi.local/4tbp/pics-sport/Forest Run 2026/Pt3/DSC_4751_result.jpg whole-file
NETWORK t= 36280.9ms dt=   57.4ms tid=pic-smb-transport smb_transport read_file ms=72.0
NETWORK t= 36281.6ms dt=    0.7ms tid=pic-smb-transport smb_client_context_freed
NETWORK t= 36281.6ms dt=    0.0ms tid=pic-smb-transport smb_client_new_start
NETWORK t= 36281.6ms dt=    0.0ms tid=ThreadId(20) read_done uri=smb://dietpi.local/4tbp/pics-sport/Forest%20Run%202026/Pt3/DSC_4722_result.jpg bytes=1110456 ms=120.2
NETWORK t= 36282.3ms dt=    0.7ms tid=pic-smb-transport smb_client_context_created
NETWORK t= 36282.3ms dt=    0.0ms tid=pic-smb-transport smb_client_init_start
NETWORK t= 36282.3ms dt=    0.0ms tid=pic-smb-transport smb_client_init_done
NETWORK t= 36292.9ms dt=   10.6ms tid=ThreadId(20) materialize_start uri=smb://dietpi.local/4tbp/pics-sport/Forest%20Run%202026/Pt3/DSC_4722_result.jpg
NETWORK t= 36292.9ms dt=    0.1ms tid=ThreadId(20) materialize_done uri=smb://dietpi.local/4tbp/pics-sport/Forest%20Run%202026/Pt3/DSC_4722_result.jpg path=/home/peet/.cache/picasa-rs/source/w/110050244084bbe63e055a91028ea63c56287553cf7909ebbe970af7cf044c34.jpg ms=0.0
NETWORK t= 36296.0ms dt=    3.1ms tid=ThreadId(20) read_start uri=smb://dietpi.local/4tbp/pics-sport/Forest%20Run%202026/Pt3/DSC_4859_result.jpg
NETWORK t= 36296.1ms dt=    0.0ms tid=ThreadId(20) smb_read_start url=smb://dietpi.local/4tbp/pics-sport/Forest Run 2026/Pt3/DSC_4859_result.jpg whole-file
NETWORK t= 36351.6ms dt=   55.5ms tid=pic-smb-transport smb_transport read_file ms=69.2
NETWORK t= 36352.3ms dt=    0.7ms tid=pic-smb-transport smb_client_context_freed
NETWORK t= 36352.3ms dt=    0.0ms tid=pic-smb-transport smb_client_new_start
NETWORK t= 36352.3ms dt=    0.0ms tid=ThreadId(19) read_done uri=smb://dietpi.local/4tbp/pics-sport/Forest%20Run%202026/Pt3/DSC_4751_result.jpg bytes=1139107 ms=128.8
NETWORK t= 36353.0ms dt=    0.7ms tid=pic-smb-transport smb_client_context_created
NETWORK t= 36353.0ms dt=    0.0ms tid=pic-smb-transport smb_client_init_start
NETWORK t= 36353.1ms dt=    0.0ms tid=pic-smb-transport smb_client_init_done
NETWORK t= 36364.0ms dt=   11.0ms tid=ThreadId(19) materialize_start uri=smb://dietpi.local/4tbp/pics-sport/Forest%20Run%202026/Pt3/DSC_4751_result.jpg
NETWORK t= 36364.1ms dt=    0.0ms tid=ThreadId(19) materialize_done uri=smb://dietpi.local/4tbp/pics-sport/Forest%20Run%202026/Pt3/DSC_4751_result.jpg path=/home/peet/.cache/picasa-rs/source/r/93e7bc97fdce339c1730d93544aece64a235cfbf4a9cdc9a0edf9c2a456e9bee.jpg ms=0.0
NETWORK t= 36367.5ms dt=    3.4ms tid=ThreadId(19) read_start uri=smb://dietpi.local/4tbp/pics-sport/Forest%20Run%202026/Pt3/DSC_4844_result.jpg
NETWORK t= 36367.5ms dt=    0.0ms tid=ThreadId(19) smb_read_start url=smb://dietpi.local/4tbp/pics-sport/Forest Run 2026/Pt3/DSC_4844_result.jpg whole-file
NETWORK t= 36434.1ms dt=   66.6ms tid=pic-smb-transport smb_transport read_file ms=81.0
NETWORK t= 36434.8ms dt=    0.7ms tid=pic-smb-transport smb_client_context_freed
NETWORK t= 36434.9ms dt=    0.0ms tid=pic-smb-transport smb_client_new_start
NETWORK t= 36434.9ms dt=    0.0ms tid=ThreadId(20) read_done uri=smb://dietpi.local/4tbp/pics-sport/Forest%20Run%202026/Pt3/DSC_4859_result.jpg bytes=1356310 ms=138.8
NETWORK t= 36435.6ms dt=    0.7ms tid=pic-smb-transport smb_client_context_created
NETWORK t= 36435.6ms dt=    0.0ms tid=pic-smb-transport smb_client_init_start
NETWORK t= 36435.6ms dt=    0.0ms tid=pic-smb-transport smb_client_init_done
NETWORK t= 36448.0ms dt=   12.4ms tid=ThreadId(20) materialize_start uri=smb://dietpi.local/4tbp/pics-sport/Forest%20Run%202026/Pt3/DSC_4859_result.jpg
NETWORK t= 36448.1ms dt=    0.1ms tid=ThreadId(20) read_start uri=smb://dietpi.local/4tbp/pics-sport/Forest%20Run%202026/Pt3/DSC_4859_result.jpg
NETWORK t= 36448.1ms dt=    0.0ms tid=ThreadId(20) smb_read_start url=smb://dietpi.local/4tbp/pics-sport/Forest Run 2026/Pt3/DSC_4859_result.jpg whole-file
NETWORK t= 36481.8ms dt=   33.7ms tid=pic-smb-transport smb_transport read_file ms=46.2
NETWORK t= 36482.3ms dt=    0.5ms tid=pic-smb-transport smb_client_context_freed
NETWORK t= 36482.4ms dt=    0.0ms tid=pic-smb-transport smb_client_new_start
NETWORK t= 36482.4ms dt=    0.0ms tid=ThreadId(19) read_done uri=smb://dietpi.local/4tbp/pics-sport/Forest%20Run%202026/Pt3/DSC_4844_result.jpg bytes=1047450 ms=114.9
NETWORK t= 36483.0ms dt=    0.6ms tid=pic-smb-transport smb_client_context_created
NETWORK t= 36483.0ms dt=    0.0ms tid=pic-smb-transport smb_client_init_start
NETWORK t= 36483.0ms dt=    0.0ms tid=pic-smb-transport smb_client_init_done
NETWORK t= 36493.1ms dt=   10.1ms tid=ThreadId(19) materialize_start uri=smb://dietpi.local/4tbp/pics-sport/Forest%20Run%202026/Pt3/DSC_4844_result.jpg
NETWORK t= 36493.2ms dt=    0.1ms tid=ThreadId(19) read_start uri=smb://dietpi.local/4tbp/pics-sport/Forest%20Run%202026/Pt3/DSC_4844_result.jpg
NETWORK t= 36493.2ms dt=    0.0ms tid=ThreadId(19) smb_read_start url=smb://dietpi.local/4tbp/pics-sport/Forest Run 2026/Pt3/DSC_4844_result.jpg whole-file
NETWORK t= 36550.7ms dt=   57.5ms tid=pic-smb-transport smb_transport read_file ms=67.7
NETWORK t= 36551.3ms dt=    0.6ms tid=pic-smb-transport smb_client_context_freed
NETWORK t= 36551.4ms dt=    0.0ms tid=pic-smb-transport smb_client_new_start
NETWORK t= 36551.4ms dt=    0.0ms tid=ThreadId(20) read_done uri=smb://dietpi.local/4tbp/pics-sport/Forest%20Run%202026/Pt3/DSC_4859_result.jpg bytes=1356310 ms=103.3
NETWORK t= 36551.7ms dt=    0.3ms tid=ThreadId(20) materialize_done uri=smb://dietpi.local/4tbp/pics-sport/Forest%20Run%202026/Pt3/DSC_4859_result.jpg path=/home/peet/.cache/picasa-rs/source/9/61115fd96072abe083d6b6988da5a094c7daf602a0ed86fd4c901b8497b42251.jpg ms=103.6
NETWORK t= 36552.0ms dt=    0.3ms tid=pic-smb-transport smb_client_context_created
NETWORK t= 36552.0ms dt=    0.0ms tid=pic-smb-transport smb_client_init_start
NETWORK t= 36552.0ms dt=    0.0ms tid=pic-smb-transport smb_client_init_done
NETWORK t= 36554.7ms dt=    2.7ms tid=ThreadId(20) read_start uri=smb://dietpi.local/4tbp/pics-sport/Forest%20Run%202026/Pt3/DSC_4883_result.jpg
NETWORK t= 36554.8ms dt=    0.0ms tid=ThreadId(20) smb_read_start url=smb://dietpi.local/4tbp/pics-sport/Forest Run 2026/Pt3/DSC_4883_result.jpg whole-file
NETWORK t= 36618.0ms dt=   63.2ms tid=pic-smb-transport smb_transport read_file ms=65.9
NETWORK t= 36618.6ms dt=    0.7ms tid=pic-smb-transport smb_client_context_freed
NETWORK t= 36618.7ms dt=    0.0ms tid=pic-smb-transport smb_client_new_start
NETWORK t= 36618.7ms dt=    0.0ms tid=ThreadId(19) read_done uri=smb://dietpi.local/4tbp/pics-sport/Forest%20Run%202026/Pt3/DSC_4844_result.jpg bytes=1047450 ms=125.4
NETWORK t= 36619.0ms dt=    0.3ms tid=ThreadId(19) materialize_done uri=smb://dietpi.local/4tbp/pics-sport/Forest%20Run%202026/Pt3/DSC_4844_result.jpg path=/home/peet/.cache/picasa-rs/source/5/d4a53aff07cd03c2ce55738093b4a96fd8065ab94af58c00f96d221e36e391a2.jpg ms=125.8
NETWORK t= 36619.4ms dt=    0.4ms tid=pic-smb-transport smb_client_context_created
NETWORK t= 36619.4ms dt=    0.0ms tid=pic-smb-transport smb_client_init_start
NETWORK t= 36619.4ms dt=    0.0ms tid=pic-smb-transport smb_client_init_done
NETWORK t= 36622.4ms dt=    3.0ms tid=ThreadId(19) read_start uri=smb://dietpi.local/4tbp/pics-sport/Forest%20Run%202026/Pt3/DSC_4680_result.jpg
NETWORK t= 36622.4ms dt=    0.0ms tid=ThreadId(19) smb_read_start url=smb://dietpi.local/4tbp/pics-sport/Forest Run 2026/Pt3/DSC_4680_result.jpg whole-file
NETWORK t= 36695.9ms dt=   73.5ms tid=pic-smb-transport smb_transport read_file ms=76.4
NETWORK t= 36696.6ms dt=    0.7ms tid=pic-smb-transport smb_client_context_freed
NETWORK t= 36696.6ms dt=    0.0ms tid=pic-smb-transport smb_client_new_start
NETWORK t= 36696.7ms dt=    0.0ms tid=ThreadId(20) read_done uri=smb://dietpi.local/4tbp/pics-sport/Forest%20Run%202026/Pt3/DSC_4883_result.jpg bytes=1233278 ms=141.9
NETWORK t= 36697.3ms dt=    0.6ms tid=pic-smb-transport smb_client_context_created
NETWORK t= 36697.3ms dt=    0.0ms tid=pic-smb-transport smb_client_init_start
NETWORK t= 36697.3ms dt=    0.0ms tid=pic-smb-transport smb_client_init_done
NETWORK t= 36708.6ms dt=   11.3ms tid=ThreadId(20) materialize_start uri=smb://dietpi.local/4tbp/pics-sport/Forest%20Run%202026/Pt3/DSC_4883_result.jpg
NETWORK t= 36708.7ms dt=    0.1ms tid=ThreadId(20) read_start uri=smb://dietpi.local/4tbp/pics-sport/Forest%20Run%202026/Pt3/DSC_4883_result.jpg
NETWORK t= 36708.7ms dt=    0.0ms tid=ThreadId(20) smb_read_start url=smb://dietpi.local/4tbp/pics-sport/Forest Run 2026/Pt3/DSC_4883_result.jpg whole-file
NETWORK t= 36744.6ms dt=   35.9ms tid=pic-smb-transport smb_transport read_file ms=47.3
NETWORK t= 36745.1ms dt=    0.5ms tid=pic-smb-transport smb_client_context_freed
NETWORK t= 36745.2ms dt=    0.0ms tid=pic-smb-transport smb_client_new_start
NETWORK t= 36745.2ms dt=    0.0ms tid=ThreadId(19) read_done uri=smb://dietpi.local/4tbp/pics-sport/Forest%20Run%202026/Pt3/DSC_4680_result.jpg bytes=1199830 ms=122.8
NETWORK t= 36745.9ms dt=    0.7ms tid=pic-smb-transport smb_client_context_created
NETWORK t= 36745.9ms dt=    0.0ms tid=pic-smb-transport smb_client_init_start
NETWORK t= 36745.9ms dt=    0.0ms tid=pic-smb-transport smb_client_init_done
NETWORK t= 36757.0ms dt=   11.1ms tid=ThreadId(19) materialize_start uri=smb://dietpi.local/4tbp/pics-sport/Forest%20Run%202026/Pt3/DSC_4680_result.jpg
NETWORK t= 36757.1ms dt=    0.1ms tid=ThreadId(19) read_start uri=smb://dietpi.local/4tbp/pics-sport/Forest%20Run%202026/Pt3/DSC_4680_result.jpg
NETWORK t= 36757.1ms dt=    0.0ms tid=ThreadId(19) smb_read_start url=smb://dietpi.local/4tbp/pics-sport/Forest Run 2026/Pt3/DSC_4680_result.jpg whole-file
NETWORK t= 36802.2ms dt=   45.1ms tid=pic-smb-transport smb_transport read_file ms=56.3
NETWORK t= 36802.9ms dt=    0.7ms tid=pic-smb-transport smb_client_context_freed
NETWORK t= 36803.0ms dt=    0.0ms tid=pic-smb-transport smb_client_new_start
NETWORK t= 36803.0ms dt=    0.0ms tid=ThreadId(20) read_done uri=smb://dietpi.local/4tbp/pics-sport/Forest%20Run%202026/Pt3/DSC_4883_result.jpg bytes=1233278 ms=94.3
NETWORK t= 36803.3ms dt=    0.3ms tid=ThreadId(20) materialize_done uri=smb://dietpi.local/4tbp/pics-sport/Forest%20Run%202026/Pt3/DSC_4883_result.jpg path=/home/peet/.cache/picasa-rs/source/s/6580d1091c8497737cb9eff781c1cba8dbe49ab67a8809bdd59d8d1064f40e92.jpg ms=94.6
NETWORK t= 36803.6ms dt=    0.4ms tid=pic-smb-transport smb_client_context_created
NETWORK t= 36803.7ms dt=    0.0ms tid=pic-smb-transport smb_client_init_start
NETWORK t= 36803.7ms dt=    0.0ms tid=pic-smb-transport smb_client_init_done
NETWORK t= 36806.4ms dt=    2.7ms tid=ThreadId(20) read_start uri=smb://dietpi.local/4tbp/pics-sport/Forest%20Run%202026/Pt3/DSC_4765_result.jpg
NETWORK t= 36806.4ms dt=    0.0ms tid=ThreadId(20) smb_read_start url=smb://dietpi.local/4tbp/pics-sport/Forest Run 2026/Pt3/DSC_4765_result.jpg whole-file
NETWORK t= 36877.6ms dt=   71.2ms tid=pic-smb-transport smb_transport read_file ms=73.8
NETWORK t= 36878.3ms dt=    0.7ms tid=pic-smb-transport smb_client_context_freed
NETWORK t= 36878.3ms dt=    0.0ms tid=pic-smb-transport smb_client_new_start
NETWORK t= 36878.4ms dt=    0.0ms tid=ThreadId(19) read_done uri=smb://dietpi.local/4tbp/pics-sport/Forest%20Run%202026/Pt3/DSC_4680_result.jpg bytes=1199830 ms=121.2
NETWORK t= 36878.7ms dt=    0.3ms tid=ThreadId(19) materialize_done uri=smb://dietpi.local/4tbp/pics-sport/Forest%20Run%202026/Pt3/DSC_4680_result.jpg path=/home/peet/.cache/picasa-rs/source/y/9652d1c5fab5e97c099ff6a44f20bda7512a7fdb0bf955c971d416465f5382d6.jpg ms=121.6
NETWORK t= 36879.2ms dt=    0.5ms tid=pic-smb-transport smb_client_context_created
NETWORK t= 36879.2ms dt=    0.0ms tid=pic-smb-transport smb_client_init_start
NETWORK t= 36879.2ms dt=    0.0ms tid=pic-smb-transport smb_client_init_done
NETWORK t= 36881.9ms dt=    2.7ms tid=ThreadId(19) read_start uri=smb://dietpi.local/4tbp/pics-sport/Forest%20Run%202026/Pt3/DSC_4869_result.jpg
NETWORK t= 36881.9ms dt=    0.0ms tid=ThreadId(19) smb_read_start url=smb://dietpi.local/4tbp/pics-sport/Forest Run 2026/Pt3/DSC_4869_result.jpg whole-file
NETWORK t= 36952.0ms dt=   70.1ms tid=pic-smb-transport smb_transport read_file ms=72.8
NETWORK t= 36952.8ms dt=    0.8ms tid=pic-smb-transport smb_client_context_freed
NETWORK t= 36952.8ms dt=    0.0ms tid=pic-smb-transport smb_client_new_start
NETWORK t= 36952.9ms dt=    0.0ms tid=ThreadId(20) read_done uri=smb://dietpi.local/4tbp/pics-sport/Forest%20Run%202026/Pt3/DSC_4765_result.jpg bytes=1142298 ms=146.5
NETWORK t= 36953.5ms dt=    0.6ms tid=pic-smb-transport smb_client_context_created
NETWORK t= 36953.5ms dt=    0.0ms tid=pic-smb-transport smb_client_init_start
NETWORK t= 36953.5ms dt=    0.0ms tid=pic-smb-transport smb_client_init_done
NETWORK t= 36964.3ms dt=   10.8ms tid=ThreadId(20) materialize_start uri=smb://dietpi.local/4tbp/pics-sport/Forest%20Run%202026/Pt3/DSC_4765_result.jpg
NETWORK t= 36964.4ms dt=    0.1ms tid=ThreadId(20) read_start uri=smb://dietpi.local/4tbp/pics-sport/Forest%20Run%202026/Pt3/DSC_4765_result.jpg
NETWORK t= 36964.4ms dt=    0.0ms tid=ThreadId(20) smb_read_start url=smb://dietpi.local/4tbp/pics-sport/Forest Run 2026/Pt3/DSC_4765_result.jpg whole-file
NETWORK t= 37034.5ms dt=   70.1ms tid=pic-smb-transport smb_transport read_file ms=80.9
NETWORK t= 37035.1ms dt=    0.7ms tid=pic-smb-transport smb_client_context_freed
NETWORK t= 37035.2ms dt=    0.0ms tid=pic-smb-transport smb_client_new_start
NETWORK t= 37035.2ms dt=    0.0ms tid=ThreadId(19) read_done uri=smb://dietpi.local/4tbp/pics-sport/Forest%20Run%202026/Pt3/DSC_4869_result.jpg bytes=1401126 ms=153.3
NETWORK t= 37035.9ms dt=    0.7ms tid=pic-smb-transport smb_client_context_created
NETWORK t= 37035.9ms dt=    0.0ms tid=pic-smb-transport smb_client_init_start
NETWORK t= 37035.9ms dt=    0.0ms tid=pic-smb-transport smb_client_init_done
NETWORK t= 37049.0ms dt=   13.1ms tid=ThreadId(19) materialize_start uri=smb://dietpi.local/4tbp/pics-sport/Forest%20Run%202026/Pt3/DSC_4869_result.jpg
NETWORK t= 37049.0ms dt=    0.0ms tid=ThreadId(19) materialize_done uri=smb://dietpi.local/4tbp/pics-sport/Forest%20Run%202026/Pt3/DSC_4869_result.jpg path=/home/peet/.cache/picasa-rs/source/j/a0f3e7c4eadbdf3293eb7b91b8102fce00bf9061967dd576ce677901b0d77792.jpg ms=0.0
NETWORK t= 37107.9ms dt=   58.8ms tid=pic-smb-transport smb_transport read_file ms=72.0
NETWORK t= 37108.6ms dt=    0.7ms tid=pic-smb-transport smb_client_context_freed
NETWORK t= 37108.6ms dt=    0.0ms tid=ThreadId(20) read_done uri=smb://dietpi.local/4tbp/pics-sport/Forest%20Run%202026/Pt3/DSC_4765_result.jpg bytes=1142298 ms=144.2
NETWORK t= 37108.9ms dt=    0.3ms tid=ThreadId(20) materialize_done uri=smb://dietpi.local/4tbp/pics-sport/Forest%20Run%202026/Pt3/DSC_4765_result.jpg path=/home/peet/.cache/picasa-rs/source/2/9f9ee03ea0baa31112a03d7a78e4b88c341dc76b9052faa93b7788d265960f42.jpg ms=144.6
NETWORK t= 37121.5ms dt=   12.6ms tid=ThreadId(6) recovery_done created=179 failed=0 offline=0 cancelled=false
===== SCAN COMPLETE: imported=0 failed=0 | progressive gallery updates complete =====
NETWORK t= 40033.7ms dt= 2912.2ms tid=ThreadId(758) nfs_helper_stat_ok uri=nfs://DietPi.local/mnt/4TBP/mypics-2026 size=4096
NETWORK t= 40034.8ms dt=    1.1ms tid=ThreadId(758) nfs_helper_stat_ok uri=nfs://DietPi.local/mnt/4TBP/Work/Hyman size=4096
NETWORK t= 40034.9ms dt=    0.0ms tid=ThreadId(758) smb_stat_start url=smb://DietPi.local/4TBP/pics-sport/Forest Run 2026 lane=background
NETWORK t= 40037.1ms dt=    2.3ms tid=pic-smb-transport smb_client_new_start
NETWORK t= 40037.8ms dt=    0.6ms tid=pic-smb-transport smb_client_context_created
NETWORK t= 40037.8ms dt=    0.0ms tid=pic-smb-transport smb_client_init_start
NETWORK t= 40037.8ms dt=    0.0ms tid=pic-smb-transport smb_client_init_done
NETWORK t= 40055.7ms dt=   17.9ms tid=pic-smb-transport smb_transport stat ms=17.9
NETWORK t= 40056.2ms dt=    0.5ms tid=pic-smb-transport smb_client_context_freed
NETWORK t= 40056.3ms dt=    0.0ms tid=ThreadId(758) smb_stat_start url=smb://DietPi.local/4TBP/Work lane=background
NETWORK t= 40059.0ms dt=    2.7ms tid=pic-smb-transport smb_client_new_start
NETWORK t= 40059.6ms dt=    0.6ms tid=pic-smb-transport smb_client_context_created
NETWORK t= 40059.6ms dt=    0.0ms tid=pic-smb-transport smb_client_init_start
NETWORK t= 40059.6ms dt=    0.0ms tid=pic-smb-transport smb_client_init_done
NETWORK t= 40072.6ms dt=   13.1ms tid=pic-smb-transport smb_transport stat ms=13.0
NETWORK t= 40073.2ms dt=    0.5ms tid=pic-smb-transport smb_client_context_freed
NETWORK t= 40073.2ms dt=    0.1ms tid=ThreadId(758) smb_stat_start url=smb://DietPi.local/4TBP/Work/Denver lane=background
NETWORK t= 40075.9ms dt=    2.7ms tid=pic-smb-transport smb_client_new_start
NETWORK t= 40076.5ms dt=    0.6ms tid=pic-smb-transport smb_client_context_created
NETWORK t= 40076.5ms dt=    0.0ms tid=pic-smb-transport smb_client_init_start
NETWORK t= 40076.6ms dt=    0.0ms tid=pic-smb-transport smb_client_init_done
NETWORK t= 40094.5ms dt=   17.9ms tid=pic-smb-transport smb_transport stat ms=17.9
NETWORK t= 40095.0ms dt=    0.6ms tid=pic-smb-transport smb_client_context_freed
NETWORK t= 40128.4ms dt=   33.3ms tid=main shares_refresh_start op=3
NETWORK t= 40129.1ms dt=    0.7ms tid=main shares_refresh_done count=5 op=3
NETWORK t= 40184.1ms dt=   55.1ms tid=main shares_counts_ready count=5 op=3
