   Compiling pic-rs v1.0.0 (/home/peet/opencode-pic)
warning: unused import: `CropRect`
 --> src/edit/mod.rs:6:17
  |
6 | pub use model::{CropRect, EditRecipe};
  |                 ^^^^^^^^
  |
  = note: `#[warn(unused_imports)]` (part of `#[warn(unused)]`) on by default

warning: use of deprecated struct `gtk4::MessageDialog`: Since 4.10
  --> src/main.rs:48:35
   |
48 |                 let dialog = gtk::MessageDialog::builder()
   |                                   ^^^^^^^^^^^^^
   |
   = note: `#[warn(deprecated)]` on by default

warning: use of deprecated struct `gtk4::FileChooserNative`: Since 4.10
   --> src/collage/editor.rs:875:23
    |
875 |     let dialog = gtk::FileChooserNative::new(
    |                       ^^^^^^^^^^^^^^^^^

warning: use of deprecated struct `gtk4::FileChooserNative`: Since 4.10
   --> src/edit/editor.rs:749:31
    |
749 |             let dialog = gtk::FileChooserNative::new(
    |                               ^^^^^^^^^^^^^^^^^

warning: use of deprecated struct `gtk4::FileChooserNative`: Since 4.10
    --> src/window/build.rs:1609:27
     |
1609 |         let dialog = gtk::FileChooserNative::new(
     |                           ^^^^^^^^^^^^^^^^^

warning: use of deprecated struct `gtk4::FileChooserNative`: Since 4.10
    --> src/window/build.rs:3373:27
     |
3373 |         let dialog = gtk::FileChooserNative::new(
     |                           ^^^^^^^^^^^^^^^^^

warning: use of deprecated struct `gtk4::MessageDialog`: Since 4.10
   --> src/window/library.rs:421:23
    |
421 |     let dialog = gtk::MessageDialog::builder()
    |                       ^^^^^^^^^^^^^

warning: use of deprecated method `gtk4::prelude::WidgetExt::allocated_width`: Since 4.12
   --> src/albums_view.rs:329:21
    |
329 |             if card.allocated_width() <= 0 || card.allocated_height() <= 0 {
    |                     ^^^^^^^^^^^^^^^

warning: use of deprecated method `gtk4::prelude::WidgetExt::allocated_height`: Since 4.12
   --> src/albums_view.rs:329:52
    |
329 |             if card.allocated_width() <= 0 || card.allocated_height() <= 0 {
    |                                                    ^^^^^^^^^^^^^^^^

warning: use of deprecated method `gtk4::prelude::WidgetExt::allocated_width`: Since 4.12
   --> src/albums_view.rs:335:22
    |
335 |                 card.allocated_width(),
    |                      ^^^^^^^^^^^^^^^

warning: use of deprecated method `gtk4::prelude::WidgetExt::allocated_height`: Since 4.12
   --> src/albums_view.rs:336:22
    |
336 |                 card.allocated_height(),
    |                      ^^^^^^^^^^^^^^^^

warning: use of deprecated method `gtk4::prelude::WidgetExt::allocated_width`: Since 4.12
   --> src/albums_view.rs:337:33
    |
337 |                 cover_for_trace.allocated_width(),
    |                                 ^^^^^^^^^^^^^^^

warning: use of deprecated method `gtk4::prelude::WidgetExt::allocated_height`: Since 4.12
   --> src/albums_view.rs:338:33
    |
338 |                 cover_for_trace.allocated_height(),
    |                                 ^^^^^^^^^^^^^^^^

warning: use of deprecated method `gtk4::prelude::WidgetExt::allocated_width`: Since 4.12
   --> src/albums_view.rs:339:35
    |
339 |                 picture_for_trace.allocated_width(),
    |                                   ^^^^^^^^^^^^^^^

warning: use of deprecated method `gtk4::prelude::WidgetExt::allocated_height`: Since 4.12
   --> src/albums_view.rs:340:35
    |
340 |                 picture_for_trace.allocated_height()
    |                                   ^^^^^^^^^^^^^^^^

warning: use of deprecated method `gtk4::CssProvider::load_from_data`: Since 4.12
  --> src/collage/editor.rs:80:9
   |
80 |     css.load_from_data(&css_data);
   |         ^^^^^^^^^^^^^^

warning: use of deprecated associated function `gtk4::FileChooserNative::new`: Since 4.10
   --> src/collage/editor.rs:875:42
    |
875 |     let dialog = gtk::FileChooserNative::new(
    |                                          ^^^

warning: use of deprecated method `gtk4::prelude::FileChooserExt::set_current_name`: Since 4.10
   --> src/collage/editor.rs:882:12
    |
882 |     dialog.set_current_name("collage.jpg");
    |            ^^^^^^^^^^^^^^^^

warning: use of deprecated method `gtk4::prelude::FileChooserExt::file`: Since 4.10
   --> src/collage/editor.rs:888:33
    |
888 |         let Some(path) = dialog.file().and_then(|file| file.path()) else {
    |                                 ^^^^

warning: use of deprecated associated function `gtk4::FileChooserNative::new`: Since 4.10
   --> src/edit/editor.rs:749:50
    |
749 |             let dialog = gtk::FileChooserNative::new(
    |                                                  ^^^

warning: use of deprecated method `gtk4::prelude::FileChooserExt::set_current_name`: Since 4.10
   --> src/edit/editor.rs:761:20
    |
761 |             dialog.set_current_name(&filename);
    |                    ^^^^^^^^^^^^^^^^

warning: use of deprecated method `gtk4::prelude::FileChooserExt::file`: Since 4.10
   --> src/edit/editor.rs:770:55
    |
770 |                     if let Some(destination) = dialog.file().and_then(|file| file.path()) {
    |                                                       ^^^^

warning: use of deprecated method `gtk4::prelude::WidgetExt::allocation`: Since 4.12
    --> src/sidebar.rs:1007:42
     |
1007 |                     let allocation = row.allocation();
     |                                          ^^^^^^^^^^

warning: use of deprecated associated function `gtk4::FileChooserNative::new`: Since 4.10
    --> src/window/build.rs:1609:46
     |
1609 |         let dialog = gtk::FileChooserNative::new(
     |                                              ^^^

warning: use of deprecated method `gtk4::prelude::FileChooserExt::set_current_name`: Since 4.10
    --> src/window/build.rs:1622:16
     |
1622 |         dialog.set_current_name(&filename);
     |                ^^^^^^^^^^^^^^^^

warning: use of deprecated method `gtk4::prelude::FileChooserExt::file`: Since 4.10
    --> src/window/build.rs:1626:44
     |
1626 |                 if let Some(file) = dialog.file() {
     |                                            ^^^^

warning: use of deprecated method `gtk4::CssProvider::load_from_data`: Since 4.12
    --> src/window/build.rs:2708:29
     |
2708 |     standard_theme_provider.load_from_data(STANDARD_GTK4_CSS);
     |                             ^^^^^^^^^^^^^^

warning: use of deprecated method `gtk4::CssProvider::load_from_data`: Since 4.12
    --> src/window/build.rs:3115:14
     |
3115 |     provider.load_from_data("\
     |              ^^^^^^^^^^^^^^

warning: use of deprecated associated function `gtk4::FileChooserNative::new`: Since 4.10
    --> src/window/build.rs:3373:46
     |
3373 |         let dialog = gtk::FileChooserNative::new(
     |                                              ^^^

warning: use of deprecated method `gtk4::prelude::FileChooserExt::file`: Since 4.10
    --> src/window/build.rs:3383:44
     |
3383 |                 if let Some(file) = dialog.file() {
     |                                            ^^^^

warning: use of deprecated method `gtk4::CssProvider::load_from_data`: Since 4.12
  --> src/window/photo_actions.rs:78:9
   |
78 |     css.load_from_data(
   |         ^^^^^^^^^^^^^^

warning: use of deprecated associated function `gtk4::MessageDialog::builder`: Since 4.10
   --> src/window/library.rs:421:38
    |
421 |     let dialog = gtk::MessageDialog::builder()
    |                                      ^^^^^^^

warning: use of deprecated method `gtk4::builders::MessageDialogBuilder::transient_for`: Since 4.10
   --> src/window/library.rs:422:10
    |
422 |         .transient_for(parent)
    |          ^^^^^^^^^^^^^

warning: use of deprecated method `gtk4::builders::MessageDialogBuilder::modal`: Since 4.10
   --> src/window/library.rs:423:10
    |
423 |         .modal(true)
    |          ^^^^^

warning: use of deprecated method `gtk4::builders::MessageDialogBuilder::message_type`: Since 4.10
   --> src/window/library.rs:424:10
    |
424 |         .message_type(gtk::MessageType::Warning)
    |          ^^^^^^^^^^^^

warning: use of deprecated method `gtk4::builders::MessageDialogBuilder::buttons`: Since 4.10
   --> src/window/library.rs:425:10
    |
425 |         .buttons(gtk::ButtonsType::Cancel)
    |          ^^^^^^^

warning: use of deprecated method `gtk4::builders::MessageDialogBuilder::text`: Since 4.10
   --> src/window/library.rs:426:10
    |
426 |         .text(title)
    |          ^^^^

warning: use of deprecated method `gtk4::builders::MessageDialogBuilder::secondary_text`: Since 4.10
   --> src/window/library.rs:427:10
    |
427 |         .secondary_text(message)
    |          ^^^^^^^^^^^^^^

warning: use of deprecated method `gtk4::builders::MessageDialogBuilder::build`: Since 4.10
   --> src/window/library.rs:428:10
    |
428 |         .build();
    |          ^^^^^

warning: use of deprecated method `gtk4::prelude::DialogExt::add_button`: Since 4.10
   --> src/window/library.rs:429:12
    |
429 |     dialog.add_button("Continue", gtk::ResponseType::Accept);
    |            ^^^^^^^^^^

warning: use of deprecated method `gtk4::prelude::DialogExt::connect_response`: Since 4.10
   --> src/window/library.rs:431:12
    |
431 |     dialog.connect_response(move |dialog, response| {
    |            ^^^^^^^^^^^^^^^^

warning: use of deprecated associated function `gtk4::MessageDialog::builder`: Since 4.10
  --> src/main.rs:48:50
   |
48 |                 let dialog = gtk::MessageDialog::builder()
   |                                                  ^^^^^^^

warning: use of deprecated method `gtk4::builders::MessageDialogBuilder::message_type`: Since 4.10
  --> src/main.rs:49:22
   |
49 |                     .message_type(gtk::MessageType::Error)
   |                      ^^^^^^^^^^^^

warning: use of deprecated method `gtk4::builders::MessageDialogBuilder::buttons`: Since 4.10
  --> src/main.rs:50:22
   |
50 |                     .buttons(gtk::ButtonsType::Close)
   |                      ^^^^^^^

warning: use of deprecated method `gtk4::builders::MessageDialogBuilder::text`: Since 4.10
  --> src/main.rs:51:22
   |
51 |                     .text("Could not open the photo library")
   |                      ^^^^

warning: use of deprecated method `gtk4::builders::MessageDialogBuilder::secondary_text`: Since 4.10
  --> src/main.rs:52:22
   |
52 |                     .secondary_text(error.to_string())
   |                      ^^^^^^^^^^^^^^

warning: use of deprecated method `gtk4::builders::MessageDialogBuilder::build`: Since 4.10
  --> src/main.rs:53:22
   |
53 |                     .build();
   |                      ^^^^^

warning: use of deprecated method `gtk4::prelude::DialogExt::connect_response`: Since 4.10
  --> src/main.rs:54:24
   |
54 |                 dialog.connect_response(|dialog, _| dialog.close());
   |                        ^^^^^^^^^^^^^^^^

warning: unused variable: `reparented`
   --> src/db/photos.rs:147:9
    |
147 |     let reparented = if imported_root {
    |         ^^^^^^^^^^ help: if this is intentional, prefix it with an underscore: `_reparented`
    |
    = note: `#[warn(unused_variables)]` (part of `#[warn(unused)]`) on by default

warning: unused variable: `existing`
   --> src/db/photos.rs:181:9
    |
181 |     let existing: Option<(i64, Option<i64>, bool)> = connection
    |         ^^^^^^^^ help: if this is intentional, prefix it with an underscore: `_existing`

warning: unused variable: `group_day`
    --> src/window/build.rs:2910:13
     |
2910 |         let group_day = group_day.clone();
     |             ^^^^^^^^^ help: if this is intentional, prefix it with an underscore: `_group_day`

warning: unused variable: `group_month`
    --> src/window/build.rs:2911:13
     |
2911 |         let group_month = group_month.clone();
     |             ^^^^^^^^^^^ help: if this is intentional, prefix it with an underscore: `_group_month`

warning: method `add_photos` is never used
  --> src/collage/editor.rs:57:12
   |
47 | impl CollageEditor {
   | ------------------ method in this implementation
...
57 |     pub fn add_photos(&self, photos: Vec<crate::photo_object::PhotoObject>) {
   |            ^^^^^^^^^^
   |
   = note: `#[warn(dead_code)]` (part of `#[warn(unused)]`) on by default

warning: method `add_photos` is never used
   --> src/collage/model.rs:157:12
    |
 95 | impl CollageProject {
    | ------------------- method in this implementation
...
157 |     pub fn add_photos(&mut self, photos: Vec<PhotoObject>) {
    |            ^^^^^^^^^^

warning: field `photo_id` is never read
  --> src/edit/editor.rs:14:5
   |
12 | pub struct EditEditor {
   |            ---------- field in this struct
13 |     pub root: gtk::Box,
14 |     photo_id: i64,
   |     ^^^^^^^^

warning: method `photo_id` is never used
  --> src/edit/editor.rs:22:12
   |
21 | impl EditEditor {
   | --------------- method in this implementation
22 |     pub fn photo_id(&self) -> i64 {
   |            ^^^^^^^^

warning: function `apply_recipe_without_crop` is never used
  --> src/edit/render.rs:25:8
   |
25 | pub fn apply_recipe_without_crop(mut image: RgbaImage, recipe: &EditRecipe) -> RgbaImage {
   |        ^^^^^^^^^^^^^^^^^^^^^^^^^

warning: methods `refresh_availability`, `selected_position`, and `is_at_vertical_boundary` are never used
    --> src/grid.rs:1997:12
     |
 858 | impl Gallery {
     | ------------ methods in this implementation
...
1997 |     pub fn refresh_availability(&self) {
     |            ^^^^^^^^^^^^^^^^^^^^
...
2247 |     pub fn selected_position(&self) -> Option<usize> {
     |            ^^^^^^^^^^^^^^^^^
...
2347 |     pub fn is_at_vertical_boundary(&self, direction: i32) -> bool {
     |            ^^^^^^^^^^^^^^^^^^^^^^^

warning: field `grid_zoom_menu` is never read
  --> src/infobar.rs:24:9
   |
10 | pub struct InfoBar {
   |            ------- field in this struct
...
24 |     pub grid_zoom_menu: gtk::MenuButton,
   |         ^^^^^^^^^^^^^^

warning: function `rotated_thumbnail` is never used
  --> src/photo_texture.rs:47:8
   |
47 | pub fn rotated_thumbnail(path: &str, rotation: i32) -> Option<gtk::gdk::Paintable> {
   |        ^^^^^^^^^^^^^^^^^

warning: field `id` is never read
  --> src/scanner.rs:36:9
   |
34 |     PhotoIndexed {
   |     ------------ field in this variant
35 |         path: PathBuf,
36 |         id: i64,
   |         ^^
   |
   = note: `ScanEvent` has derived impls for the traits `Clone` and `Debug`, but these are intentionally ignored during dead code analysis

warning: function `scan` is never used
  --> src/scanner.rs:88:8
   |
88 | pub fn scan(root: &str, events: Option<&Sender<ScanEvent>>) -> Result<usize> {
   |        ^^^^

warning: function `wait_for_priority_requests` is never used
   --> src/thumbnail.rs:217:8
    |
217 | pub fn wait_for_priority_requests() {
    |        ^^^^^^^^^^^^^^^^^^^^^^^^^^

warning: function `create_many` is never used
 --> src/thumbnail/batch.rs:1:8
  |
1 | pub fn create_many(
  |        ^^^^^^^^^^^

warning: `pic-rs` (bin "pic-rs") generated 64 warnings (run `cargo fix --bin "pic-rs" -p pic-rs` to apply 5 suggestions)
    Finished `release` profile [optimized] target(s) in 1m 47s
     Running `target/release/pic-rs`
STARTUP cold_start_ms=17 photos=4515 displayed=20 folders=282 albums=5 scan=disabled
PROFILE refresh_start photos=0
UI PERF gallery_replace photos=0 unchanged=true ms=0
ALBUM VIEW TRACE albums=5 cover_size=148x99
ALBUM TRACE id=1 name=Elves photos=34 cover=Some("/home/peet/.cache/picasa-rs/thumbs/7a52c7f3a23f24f33d0e17a936e4166d845015f91aec2f067ccab4b502db455f.jpg")
ALBUM TRACE id=2 name=Heritage 2024 photos=6 cover=Some("/home/peet/.cache/picasa-rs/thumbs/450ff53aed334c00745e08233c5935c34689653cae706212afd839e282d152df.jpg")
ALBUM TRACE id=5 name=jamjar photos=1 cover=Some("/home/peet/.cache/picasa-rs/thumbs/bb2e2c9438c5598e335d3ed1138e40877f04c8f0f9abc89c85061d9522318034.jpg")
ALBUM TRACE id=3 name=Meerkat photos=29 cover=Some("/home/peet/.cache/picasa-rs/thumbs/00896b008b446eddc2ddf162962744c11689102e57963aaacedddaa3bfeb452b.jpg")
ALBUM TRACE id=4 name=Welders photos=2 cover=Some("/home/peet/.cache/picasa-rs/thumbs/44898ce7ef80d86ac893b6d9fb7f42da58600f754688161b89d392a89aa26687.jpg")
FOLDER TRACE sidebar folders=282 roots=[1, 9] relationships=[(1, "/", None, false), (2, "/home", Some(1), false), (3, "/home/peet", Some(2), false), (4, "/home/peet/Pictures", Some(3), true), (5, "/home/peet/Pictures/biophoto", Some(4), false), (6, "/home/peet/Pictures/biophoto/face", Some(5), false), (8, "/home/peet/Pictures/Hmf", Some(4), false), (7, "/home/peet/Pictures/Screenshots", Some(4), false), (9, "/run/media/peet", None, false), (10, "/run/media/peet/Data-500GB", Some(9), false), (277, "/run/media/peet/Data-500GB/Work-All", Some(10), false), (281, "/run/media/peet/Data-500GB/Work-All/Work - 2013", Some(277), true), (282, "/run/media/peet/Data-500GB/Work-All/Work - 2013/Toilets", Some(281), false), (278, "/run/media/peet/Data-500GB/Work-All/Work - 2017", Some(277), false), (279, "/run/media/peet/Data-500GB/Work-All/Work - 2017/jamjar", Some(278), true), (280, "/run/media/peet/Data-500GB/Work-All/Work - 2017/jamjar/.comments", Some(279), false), (11, "/run/media/peet/Data-500GB/Work-FB", Some(10), true), (274, "/run/media/peet/Data-500GB/Work-FB/Drone Building", Some(11), false), (273, "/run/media/peet/Data-500GB/Work-FB/FB-2015-Advice Centre", Some(11), false), (272, "/run/media/peet/Data-500GB/Work-FB/FB-2015-Coverland", Some(11), false), (271, "/run/media/peet/Data-500GB/Work-FB/FB-2015-CPT--PaleisHeuwel", Some(11), false), (270, "/run/media/peet/Data-500GB/Work-FB/FB-2015-CPT-BuildersW", Some(11), false), (269, "/run/media/peet/Data-500GB/Work-FB/FB-2015-CPT-Sasol", Some(11), false), (268, "/run/media/peet/Data-500GB/Work-FB/FB-2015-CPT-Thyspunt", Some(11), false), (267, "/run/media/peet/Data-500GB/Work-FB/FB-2015-CPT-ValueLogistics", Some(11), false), (266, "/run/media/peet/Data-500GB/Work-FB/FB-2015-CPT-Vernon Proof CPT", Some(11), false), (265, "/run/media/peet/Data-500GB/Work-FB/FB-2015-Fairview Exported", Some(11), false), (264, "/run/media/peet/Data-500GB/Work-FB/FB-2015-Jansenville", Some(11), false), (263, "/run/media/peet/Data-500GB/Work-FB/FB-2015-KZN Farm Gates", Some(11), false), (262, "/run/media/peet/Data-500GB/Work-FB/FB-2015-Mercedes", Some(11), false), (261, "/run/media/peet/Data-500GB/Work-FB/FB-2015-Zwide", Some(11), false), (260, "/run/media/peet/Data-500GB/Work-FB/FB-2016-Borbot", Some(11), false), (259, "/run/media/peet/Data-500GB/Work-FB/FB-2016-Coke", Some(11), false), (258, "/run/media/peet/Data-500GB/Work-FB/FB-2016-Patensie", Some(11), false), (257, "/run/media/peet/Data-500GB/Work-FB/FB-2016-Plet-Curbs", Some(11), false), (256, "/run/media/peet/Data-500GB/Work-FB/FB-2016-Sunshine School", Some(11), false), (255, "/run/media/peet/Data-500GB/Work-FB/FB-2017-FourLeaf", Some(11), false), (254, "/run/media/peet/Data-500GB/Work-FB/FB-2017-KZN-Lusiki", Some(11), false), (253, "/run/media/peet/Data-500GB/Work-FB/FB-2017-Schools Uitenhage", Some(11), false), (252, "/run/media/peet/Data-500GB/Work-FB/FB-2018-Galaxy Bingo", Some(11), false), (251, "/run/media/peet/Data-500GB/Work-FB/FB-2019-BCM Zoo", Some(11), false), (250, "/run/media/peet/Data-500GB/Work-FB/FB-2019-Bokka-Struandale", Some(11), false), (249, "/run/media/peet/Data-500GB/Work-FB/FB-2019-CPT-Spar", Some(11), false), (248, "/run/media/peet/Data-500GB/Work-FB/FB-2019-CPT-Wemmershoek", Some(11), false), (247, "/run/media/peet/Data-500GB/Work-FB/FB-2019-Diamond Mesh Fence", Some(11), false), (246, "/run/media/peet/Data-500GB/Work-FB/FB-2019-EC College", Some(11), false), (245, "/run/media/peet/Data-500GB/Work-FB/FB-2019-Kareedouw", Some(11), false), (244, "/run/media/peet/Data-500GB/Work-FB/FB-2019-NMU-SolarFence", Some(11), false), (243, "/run/media/peet/Data-500GB/Work-FB/FB-2019-Precast Swim", Some(11), false), (242, "/run/media/peet/Data-500GB/Work-FB/FB-2019-Summerstrand", Some(11), false), (241, "/run/media/peet/Data-500GB/Work-FB/FB-2019-Tsogo Sun", Some(11), false), (240, "/run/media/peet/Data-500GB/Work-FB/FB-2019-WBHO Walmer Village", Some(11), false), (239, "/run/media/peet/Data-500GB/Work-FB/FB-2019-WebCars", Some(11), false), (238, "/run/media/peet/Data-500GB/Work-FB/FB-2020-9th Avenue", Some(11), false), (237, "/run/media/peet/Data-500GB/Work-FB/FB-2020-Betafence Municipal", Some(11), false), (236, "/run/media/peet/Data-500GB/Work-FB/FB-2020-Carlton Court", Some(11), false), (235, "/run/media/peet/Data-500GB/Work-FB/FB-2020-CellC", Some(11), false), (234, "/run/media/peet/Data-500GB/Work-FB/FB-2020-Circular Drive Building", Some(11), false), (233, "/run/media/peet/Data-500GB/Work-FB/FB-2020-CTM", Some(11), false), (232, "/run/media/peet/Data-500GB/Work-FB/FB-2020-CureDay Hospital", Some(11), false), (231, "/run/media/peet/Data-500GB/Work-FB/FB-2020-Diere Kliniek", Some(11), false), (230, "/run/media/peet/Data-500GB/Work-FB/FB-2020-Execu Cut", Some(11), false), (229, "/run/media/peet/Data-500GB/Work-FB/FB-2020-Galv Gate", Some(11), false), (228, "/run/media/peet/Data-500GB/Work-FB/FB-2020-Grootbrak", Some(11), false), (227, "/run/media/peet/Data-500GB/Work-FB/FB-2020-IDZ", Some(11), false), (226, "/run/media/peet/Data-500GB/Work-FB/FB-2020-Kirkwood", Some(11), false), (225, "/run/media/peet/Data-500GB/Work-FB/FB-2020-LA Sport", Some(11), false), (224, "/run/media/peet/Data-500GB/Work-FB/FB-2020-Magnetic Storm", Some(11), false), (223, "/run/media/peet/Data-500GB/Work-FB/FB-2020-Sacremento", Some(11), false), (222, "/run/media/peet/Data-500GB/Work-FB/FB-2020-Summerstrand", Some(11), false), (221, "/run/media/peet/Data-500GB/Work-FB/FB-2020-Summerstrand Village", Some(11), false), (220, "/run/media/peet/Data-500GB/Work-FB/FB-2020-Sundays River", Some(11), false), (219, "/run/media/peet/Data-500GB/Work-FB/FB-2020-Turfag", Some(11), false), (218, "/run/media/peet/Data-500GB/Work-FB/FB-2020-TVET Lovedale", Some(11), false), (217, "/run/media/peet/Data-500GB/Work-FB/FB-2020-VW", Some(11), false), (216, "/run/media/peet/Data-500GB/Work-FB/FB-2020-WaterWorks Fence Summerstrand", Some(11), false), (215, "/run/media/peet/Data-500GB/Work-FB/FB-2021-Ambition", Some(11), false), (214, "/run/media/peet/Data-500GB/Work-FB/FB-2021-Aspen", Some(11), false), (213, "/run/media/peet/Data-500GB/Work-FB/FB-2021-AutoCast", Some(11), false), (212, "/run/media/peet/Data-500GB/Work-FB/FB-2021-Claudio", Some(11), false), (211, "/run/media/peet/Data-500GB/Work-FB/FB-2021-ConCrete Blocks", Some(11), false), (210, "/run/media/peet/Data-500GB/Work-FB/FB-2021-CPT-Stillbaai", Some(11), false), (209, "/run/media/peet/Data-500GB/Work-FB/FB-2021-CPT-Various", Some(11), false), (208, "/run/media/peet/Data-500GB/Work-FB/FB-2021-Custom Gates", Some(11), false), (207, "/run/media/peet/Data-500GB/Work-FB/FB-2021-Dam ClearVu Fence", Some(11), false), (206, "/run/media/peet/Data-500GB/Work-FB/FB-2021-Flats", Some(11), false), (205, "/run/media/peet/Data-500GB/Work-FB/FB-2021-Gas Tank Fence", Some(11), false), (204, "/run/media/peet/Data-500GB/Work-FB/FB-2021-GasWorks", Some(11), false), (203, "/run/media/peet/Data-500GB/Work-FB/FB-2021-George-Electric", Some(11), false), (202, "/run/media/peet/Data-500GB/Work-FB/FB-2021-JBay", Some(11), false), (201, "/run/media/peet/Data-500GB/Work-FB/FB-2021-Latterday", Some(11), false), (200, "/run/media/peet/Data-500GB/Work-FB/FB-2021-Lori", Some(11), false), (199, "/run/media/peet/Data-500GB/Work-FB/FB-2021-MCDonalds", Some(11), false), (198, "/run/media/peet/Data-500GB/Work-FB/FB-2021-Munilek", Some(11), false), (197, "/run/media/peet/Data-500GB/Work-FB/FB-2021-Newton Park Library", Some(11), false), (196, "/run/media/peet/Data-500GB/Work-FB/FB-2021-Oyster Bay Wind Farm", Some(11), false), (195, "/run/media/peet/Data-500GB/Work-FB/FB-2021-Peddie", Some(11), false), (194, "/run/media/peet/Data-500GB/Work-FB/FB-2021-Precast", Some(11), false), (193, "/run/media/peet/Data-500GB/Work-FB/FB-2021-Spar", Some(11), false), (192, "/run/media/peet/Data-500GB/Work-FB/FB-2021-StJoseph", Some(11), false), (191, "/run/media/peet/Data-500GB/Work-FB/FB-2021-WBHO", Some(11), false), (190, "/run/media/peet/Data-500GB/Work-FB/FB-2021-Westbrook", Some(11), false), (189, "/run/media/peet/Data-500GB/Work-FB/FB-2021-Wilandi", Some(11), false), (188, "/run/media/peet/Data-500GB/Work-FB/FB-2022-Agri Diptanks", Some(11), false), (187, "/run/media/peet/Data-500GB/Work-FB/FB-2022-Apostolic Church", Some(11), false), (186, "/run/media/peet/Data-500GB/Work-FB/FB-2022-Bennet-2022", Some(11), false), (185, "/run/media/peet/Data-500GB/Work-FB/FB-2022-Brick Wall", Some(11), false), (184, "/run/media/peet/Data-500GB/Work-FB/FB-2022-Continental", Some(11), false), (183, "/run/media/peet/Data-500GB/Work-FB/FB-2022-Corkwood", Some(11), false), (182, "/run/media/peet/Data-500GB/Work-FB/FB-2022-CPT-Airport", Some(11), false), (181, "/run/media/peet/Data-500GB/Work-FB/FB-2022-CPT-Various", Some(11), false), (180, "/run/media/peet/Data-500GB/Work-FB/FB-2022-CrownNational", Some(11), false), (179, "/run/media/peet/Data-500GB/Work-FB/FB-2022-EdgeDayHospital", Some(11), false), (178, "/run/media/peet/Data-500GB/Work-FB/FB-2022-EngenNewtonPark", Some(11), false), (177, "/run/media/peet/Data-500GB/Work-FB/FB-2022-Garages", Some(11), false), (176, "/run/media/peet/Data-500GB/Work-FB/FB-2022-Gasbottle Cage", Some(11), false), (175, "/run/media/peet/Data-500GB/Work-FB/FB-2022-George CV", Some(11), false), (174, "/run/media/peet/Data-500GB/Work-FB/FB-2022-HoepelFence", Some(11), false), (173, "/run/media/peet/Data-500GB/Work-FB/FB-2022-MariaMaan", Some(11), false), (172, "/run/media/peet/Data-500GB/Work-FB/FB-2022-Mdantsane CV", Some(11), false), (171, "/run/media/peet/Data-500GB/Work-FB/FB-2022-PreCast", Some(11), false), (170, "/run/media/peet/Data-500GB/Work-FB/FB-2022-RoyalBuffalo-Pt1", Some(11), false), (169, "/run/media/peet/Data-500GB/Work-FB/FB-2022-RoyalBuffalo-Pt2", Some(11), false), (168, "/run/media/peet/Data-500GB/Work-FB/FB-2022-Ruwacon George Metro Housing", Some(11), false), (167, "/run/media/peet/Data-500GB/Work-FB/FB-2022-StAlbans", Some(11), false), (166, "/run/media/peet/Data-500GB/Work-FB/FB-2022-Summerstrand Bowling Club", Some(11), false), (165, "/run/media/peet/Data-500GB/Work-FB/FB-2022-UniversityStores", Some(11), false), (164, "/run/media/peet/Data-500GB/Work-FB/FB-2022-WedgeWood", Some(11), false), (163, "/run/media/peet/Data-500GB/Work-FB/FB-2022-Wela", Some(11), false), (162, "/run/media/peet/Data-500GB/Work-FB/FB-2022-WesteringHouse", Some(11), false), (161, "/run/media/peet/Data-500GB/Work-FB/FB-2023-Bennet-Grahamstown", Some(11), false), (160, "/run/media/peet/Data-500GB/Work-FB/FB-2023-Burgersdorp", Some(11), false), (159, "/run/media/peet/Data-500GB/Work-FB/FB-2023-CPT-Atuba Weskaap Horizon Prison", Some(11), false), (158, "/run/media/peet/Data-500GB/Work-FB/FB-2023-CPT-BeachRoad", Some(11), false), (157, "/run/media/peet/Data-500GB/Work-FB/FB-2023-CPT-Driekoppen Farm Weskaap", Some(11), false), (156, "/run/media/peet/Data-500GB/Work-FB/FB-2023-CPT-Get Worth Richmond Park Weskaap", Some(11), false), (155, "/run/media/peet/Data-500GB/Work-FB/FB-2023-CPT-Kayamnandi Weskaap", Some(11), false), (154, "/run/media/peet/Data-500GB/Work-FB/FB-2023-CPT-We Buy Cars Brackenfell Weskaap", Some(11), false), (153, "/run/media/peet/Data-500GB/Work-FB/FB-2023-CPT-WeBuyCards Montague", Some(11), false), (152, "/run/media/peet/Data-500GB/Work-FB/FB-2023-CTM", Some(11), false), (151, "/run/media/peet/Data-500GB/Work-FB/FB-2023-Defy", Some(11), false), (150, "/run/media/peet/Data-500GB/Work-FB/FB-2023-GiftofGivers", Some(11), false), (149, "/run/media/peet/Data-500GB/Work-FB/FB-2023-GrandPrix", Some(11), false), (148, "/run/media/peet/Data-500GB/Work-FB/FB-2023-KabegaHomeGate", Some(11), false), (147, "/run/media/peet/Data-500GB/Work-FB/FB-2023-LadySlipper", Some(11), false), (146, "/run/media/peet/Data-500GB/Work-FB/FB-2023-Morne Plaas", Some(11), false), (145, "/run/media/peet/Data-500GB/Work-FB/FB-2023-Netcare akeso", Some(11), false), (144, "/run/media/peet/Data-500GB/Work-FB/FB-2023-Pepcor", Some(11), false), (66, "/run/media/peet/Data-500GB/Work-FB/FB-2023-Precast-NMMU", Some(11), false), (143, "/run/media/peet/Data-500GB/Work-FB/FB-2023-SolarPlant", Some(11), false), (142, "/run/media/peet/Data-500GB/Work-FB/FB-2023-Station", Some(11), false), (141, "/run/media/peet/Data-500GB/Work-FB/FB-2023-Substation", Some(11), false), (140, "/run/media/peet/Data-500GB/Work-FB/FB-2023-WalmerRoad", Some(11), false), (139, "/run/media/peet/Data-500GB/Work-FB/FB-2024- Galvanized Security Fence", Some(11), false), (138, "/run/media/peet/Data-500GB/Work-FB/FB-2024-1 on York", Some(11), false), (137, "/run/media/peet/Data-500GB/Work-FB/FB-2024-1 on York  Lifestyle Development", Some(11), false), (136, "/run/media/peet/Data-500GB/Work-FB/FB-2024-64 Pickering-ClearVu Fence", Some(11), false), (135, "/run/media/peet/Data-500GB/Work-FB/FB-2024-Aspen Internal Storage", Some(11), false), (134, "/run/media/peet/Data-500GB/Work-FB/FB-2024-Barrow-Eva-Last Gate", Some(11), false), (133, "/run/media/peet/Data-500GB/Work-FB/FB-2024-Boxer", Some(11), false), (132, "/run/media/peet/Data-500GB/Work-FB/FB-2024-Burgersdorp Sportsfield", Some(11), false), (131, "/run/media/peet/Data-500GB/Work-FB/FB-2024-CarPort", Some(11), false), (130, "/run/media/peet/Data-500GB/Work-FB/FB-2024-ClearVu Engen on York Street - George", Some(11), false), (129, "/run/media/peet/Data-500GB/Work-FB/FB-2024-Collegiate", Some(11), false), (128, "/run/media/peet/Data-500GB/Work-FB/FB-2024-Collegiate-JNR", Some(11), false), (127, "/run/media/peet/Data-500GB/Work-FB/FB-2024-Container", Some(11), false), (126, "/run/media/peet/Data-500GB/Work-FB/FB-2024-CPT-Eskom", Some(11), false), (125, "/run/media/peet/Data-500GB/Work-FB/FB-2024-CPT-Precast", Some(11), false), (124, "/run/media/peet/Data-500GB/Work-FB/FB-2024-CPT-Uitkyk", Some(11), false), (123, "/run/media/peet/Data-500GB/Work-FB/FB-2024-CPT-Value Logistics", Some(11), false), (122, "/run/media/peet/Data-500GB/Work-FB/FB-2024-CPT-Value-Electric-Fence", Some(11), false), (121, "/run/media/peet/Data-500GB/Work-FB/FB-2024-Crimpers", Some(11), false), (120, "/run/media/peet/Data-500GB/Work-FB/FB-2024-Dana", Some(11), false), (119, "/run/media/peet/Data-500GB/Work-FB/FB-2024-DanaSpice", Some(11), false), (118, "/run/media/peet/Data-500GB/Work-FB/FB-2024-Diamond Mesh", Some(11), false), (117, "/run/media/peet/Data-500GB/Work-FB/FB-2024-Engen Mossel Bay", Some(11), false), (116, "/run/media/peet/Data-500GB/Work-FB/FB-2024-FarmBonnox", Some(11), false), (115, "/run/media/peet/Data-500GB/Work-FB/FB-2024-FarmFence", Some(11), false), (114, "/run/media/peet/Data-500GB/Work-FB/FB-2024-FarmMesh", Some(11), false), (113, "/run/media/peet/Data-500GB/Work-FB/FB-2024-Gansevlei", Some(11), false), (112, "/run/media/peet/Data-500GB/Work-FB/FB-2024-George-ClearVu", Some(11), false), (111, "/run/media/peet/Data-500GB/Work-FB/FB-2024-George-Meadows", Some(11), false), (110, "/run/media/peet/Data-500GB/Work-FB/FB-2024-HartDr", Some(11), false), (109, "/run/media/peet/Data-500GB/Work-FB/FB-2024-High Security Mesch Fence", Some(11), false), (108, "/run/media/peet/Data-500GB/Work-FB/FB-2024-HMF Pferd", Some(11), false), (107, "/run/media/peet/Data-500GB/Work-FB/FB-2024-Internal Fence", Some(11), false), (106, "/run/media/peet/Data-500GB/Work-FB/FB-2024-KPMG-Parkland Fence", Some(11), false), (105, "/run/media/peet/Data-500GB/Work-FB/FB-2024-Mossel Cove", Some(11), false), (104, "/run/media/peet/Data-500GB/Work-FB/FB-2024-NG Kerk BlueWBay", Some(11), false), (103, "/run/media/peet/Data-500GB/Work-FB/FB-2024-NMMU", Some(11), false), (102, "/run/media/peet/Data-500GB/Work-FB/FB-2024-NMU-Entrance", Some(11), false), (101, "/run/media/peet/Data-500GB/Work-FB/FB-2024-PreCast Walls", Some(11), false), (100, "/run/media/peet/Data-500GB/Work-FB/FB-2024-Property Fence-JBAY", Some(11), false), (99, "/run/media/peet/Data-500GB/Work-FB/FB-2024-PV Plant", Some(11), false), (98, "/run/media/peet/Data-500GB/Work-FB/FB-2024-Quarantine Area", Some(11), false), (97, "/run/media/peet/Data-500GB/Work-FB/FB-2024-Roland", Some(11), false), (96, "/run/media/peet/Data-500GB/Work-FB/FB-2024-ShowClearVU-AlgoaGolf", Some(11), false), (95, "/run/media/peet/Data-500GB/Work-FB/FB-2024-Silver Fence", Some(11), false), (94, "/run/media/peet/Data-500GB/Work-FB/FB-2024-WalmerGolfClub", Some(11), false), (93, "/run/media/peet/Data-500GB/Work-FB/FB-2024-WedgeWood", Some(11), false), (92, "/run/media/peet/Data-500GB/Work-FB/FB-2024-Wik-Padel", Some(11), false), (25, "/run/media/peet/Data-500GB/Work-FB/FB-2025-Astron Hobie Beach", Some(11), false), (91, "/run/media/peet/Data-500GB/Work-FB/FB-2025-Bitou Municipal", Some(11), false), (90, "/run/media/peet/Data-500GB/Work-FB/FB-2025-ClearVu Secured Flats", Some(11), false), (67, "/run/media/peet/Data-500GB/Work-FB/FB-2025-ClearVu-Home-Parsons Hill", Some(11), false), (41, "/run/media/peet/Data-500GB/Work-FB/FB-2025-Cnr Circular", Some(11), false), (89, "/run/media/peet/Data-500GB/Work-FB/FB-2025-Community Service", Some(11), false), (46, "/run/media/peet/Data-500GB/Work-FB/FB-2025-Courier Guys", Some(11), false), (88, "/run/media/peet/Data-500GB/Work-FB/FB-2025-Courier Guys PE", Some(11), false), (42, "/run/media/peet/Data-500GB/Work-FB/FB-2025-CustomClearVu", Some(11), false), (87, "/run/media/peet/Data-500GB/Work-FB/FB-2025-EL-Cages", Some(11), false), (86, "/run/media/peet/Data-500GB/Work-FB/FB-2025-Electric Cage", Some(11), false), (85, "/run/media/peet/Data-500GB/Work-FB/FB-2025-Electric Fences", Some(11), false), (84, "/run/media/peet/Data-500GB/Work-FB/FB-2025-Equinox", Some(11), false), (83, "/run/media/peet/Data-500GB/Work-FB/FB-2025-Food Lovers-Knysna", Some(11), false), (82, "/run/media/peet/Data-500GB/Work-FB/FB-2025-FUCHS", Some(11), false), (54, "/run/media/peet/Data-500GB/Work-FB/FB-2025-George-BuiltIT", Some(11), false), (81, "/run/media/peet/Data-500GB/Work-FB/FB-2025-Grootbrak", Some(11), false), (27, "/run/media/peet/Data-500GB/Work-FB/FB-2025-Internal Goods Gages", Some(11), false), (80, "/run/media/peet/Data-500GB/Work-FB/FB-2025-Internal Warehouse Fence", Some(11), false), (26, "/run/media/peet/Data-500GB/Work-FB/FB-2025-Kingswood Golf Estate", Some(11), false), (79, "/run/media/peet/Data-500GB/Work-FB/FB-2025-Matercars", Some(11), false), (12, "/run/media/peet/Data-500GB/Work-FB/FB-2025-Meerkat Aug 2025", Some(11), false), (78, "/run/media/peet/Data-500GB/Work-FB/FB-2025-Meerkat Site", Some(11), false), (20, "/run/media/peet/Data-500GB/Work-FB/FB-2025-N2-Kraaibos", Some(11), false), (29, "/run/media/peet/Data-500GB/Work-FB/FB-2025-Parkland-Memories", Some(11), false), (14, "/run/media/peet/Data-500GB/Work-FB/FB-2025-PE Golf Club", Some(11), false), (77, "/run/media/peet/Data-500GB/Work-FB/FB-2025-Pedestrian Hand Railing", Some(11), false), (76, "/run/media/peet/Data-500GB/Work-FB/FB-2025-Plet-Boardwalk Estate", Some(11), false), (75, "/run/media/peet/Data-500GB/Work-FB/FB-2025-Plet-Langdown", Some(11), false), (74, "/run/media/peet/Data-500GB/Work-FB/FB-2025-Plet-N2", Some(11), false), (73, "/run/media/peet/Data-500GB/Work-FB/FB-2025-Rhino Linings", Some(11), false), (72, "/run/media/peet/Data-500GB/Work-FB/FB-2025-Sentech", Some(11), false), (71, "/run/media/peet/Data-500GB/Work-FB/FB-2025-Somerset-East-Smart Electric fence", Some(11), false), (45, "/run/media/peet/Data-500GB/Work-FB/FB-2025-Spar", Some(11), false), (70, "/run/media/peet/Data-500GB/Work-FB/FB-2025-Techno Padel", Some(11), false), (69, "/run/media/peet/Data-500GB/Work-FB/FB-2025-Walmer Main Medical & Wellness", Some(11), false), (15, "/run/media/peet/Data-500GB/Work-FB/FB-2025-WC-ClearVu Gates", Some(11), false), (68, "/run/media/peet/Data-500GB/Work-FB/FB-2025-Welfit", Some(11), false), (16, "/run/media/peet/Data-500GB/Work-FB/FB-2026-1 on York", Some(11), false), (36, "/run/media/peet/Data-500GB/Work-FB/FB-2026-Barbwire", Some(11), false), (44, "/run/media/peet/Data-500GB/Work-FB/FB-2026-ClearVu Door Frames", Some(11), false), (18, "/run/media/peet/Data-500GB/Work-FB/FB-2026-ClearVu Modern Design", Some(11), false), (32, "/run/media/peet/Data-500GB/Work-FB/FB-2026-Coastland Sales", Some(11), false), (40, "/run/media/peet/Data-500GB/Work-FB/FB-2026-Concrete Palisade", Some(11), false), (43, "/run/media/peet/Data-500GB/Work-FB/FB-2026-Creche", Some(11), false), (52, "/run/media/peet/Data-500GB/Work-FB/FB-2026-DanaSpicer", Some(11), false), (31, "/run/media/peet/Data-500GB/Work-FB/FB-2026-DoxaDuo", Some(11), false), (50, "/run/media/peet/Data-500GB/Work-FB/FB-2026-Eden Pump Station", Some(11), false), (21, "/run/media/peet/Data-500GB/Work-FB/FB-2026-EdenPumpStation-2", Some(11), false), (22, "/run/media/peet/Data-500GB/Work-FB/FB-2026-Electric Fencing", Some(11), false), (49, "/run/media/peet/Data-500GB/Work-FB/FB-2026-George Medi Clinic", Some(11), false), (13, "/run/media/peet/Data-500GB/Work-FB/FB-2026-Mokala National Park", Some(11), false), (24, "/run/media/peet/Data-500GB/Work-FB/FB-2026-Plett Mall", Some(11), false), (23, "/run/media/peet/Data-500GB/Work-FB/FB-2026-Plett Mall Parking", Some(11), false), (39, "/run/media/peet/Data-500GB/Work-FB/FB-2026-Precast", Some(11), false), (30, "/run/media/peet/Data-500GB/Work-FB/FB-2026-Quest Fuel Station", Some(11), false), (38, "/run/media/peet/Data-500GB/Work-FB/FB-2026-RazorWire", Some(11), false), (28, "/run/media/peet/Data-500GB/Work-FB/FB-2026-Residential ClearVu", Some(11), false), (37, "/run/media/peet/Data-500GB/Work-FB/FB-2026-Steel Barriers", Some(11), false), (35, "/run/media/peet/Data-500GB/Work-FB/FB-2026-Steel Palisade", Some(11), false), (48, "/run/media/peet/Data-500GB/Work-FB/FB-2026-Temp Fence", Some(11), false), (47, "/run/media/peet/Data-500GB/Work-FB/FB-2026-The Market Square", Some(11), false), (53, "/run/media/peet/Data-500GB/Work-FB/FB-2026-The Padel Centre", Some(11), false), (51, "/run/media/peet/Data-500GB/Work-FB/FB-2026-Tiger Bay", Some(11), false), (34, "/run/media/peet/Data-500GB/Work-FB/FB-2026-Tunnel Mesh Fence", Some(11), false), (19, "/run/media/peet/Data-500GB/Work-FB/FB-2026-WC-Seahorse-Apartments", Some(11), false), (17, "/run/media/peet/Data-500GB/Work-FB/FB-2026-WC-Water Purification Plant", Some(11), false), (33, "/run/media/peet/Data-500GB/Work-FB/FB-2026-WIndmeuleggs", Some(11), false), (65, "/run/media/peet/Data-500GB/Work-FB/FB-Staff-Bokkie", Some(11), false), (64, "/run/media/peet/Data-500GB/Work-FB/FB-Staff-Heritage Day 2021", Some(11), false), (63, "/run/media/peet/Data-500GB/Work-FB/FB-Staff-Heritage Day 2022", Some(11), false), (62, "/run/media/peet/Data-500GB/Work-FB/FB-Staff-Heritage Day 2023", Some(11), false), (61, "/run/media/peet/Data-500GB/Work-FB/FB-Staff-Heritage Day 2024", Some(11), false), (60, "/run/media/peet/Data-500GB/Work-FB/FB-Staff-Welders", Some(11), false), (59, "/run/media/peet/Data-500GB/Work-FB/FB-Staff-Welders-2023", Some(11), false), (58, "/run/media/peet/Data-500GB/Work-FB/FB-Staff-Workers 2020", Some(11), false), (57, "/run/media/peet/Data-500GB/Work-FB/FB-Staff-Xmas-Elves-2020", Some(11), false), (56, "/run/media/peet/Data-500GB/Work-FB/FB-Staff-Xmas21", Some(11), false), (55, "/run/media/peet/Data-500GB/Work-FB/FB-Wallpers", Some(11), false), (275, "/run/media/peet/Data-nmv", Some(9), false), (276, "/run/media/peet/Data-nmv/Seesa pics", Some(275), true)]
THUMB RECOVERY ready=0 offline=0
PROFILE refresh_start photos=20
PROFILE refresh_first_batch photos=20 elapsed_ms=0
UI PERF gallery_replace photos=20 unchanged=false ms=14
PROFILE refresh_finished photos=20 elapsed_ms=14
UI PERF folder_selection_styles tiles=0 items=20 spfid_calls=0 ms=0
UI PERF update_width_begin mode=Month width=1124 old_layout_width=0 tile=148x99 old_columns=5 new_columns=6 photos=20 folder_ranges=2 folder_rows=0
UI PERF update_width_end mode=Month width=1124 columns=6 rebuild_ms=0 total_ms=0 folder_rows=0 strategy=grid_columns
THUMB RECOVERY deferred_offline=0
===== SCAN COMPLETE: imported=0 failed=0 | progressive gallery updates complete =====
UI PERF event_tick events=2 elapsed_ms=0
PROFILE scroll fps=64 worst_frame_ms=72 thumbnail_hits=20 thumbnail_misses=0
PROFILE scroll fps=72 worst_frame_ms=17 thumbnail_hits=0 thumbnail_misses=0
UI PERF update_width_begin mode=Month width=991 old_layout_width=1124 tile=148x99 old_columns=6 new_columns=5 photos=20 folder_ranges=2 folder_rows=0
UI PERF update_width_end mode=Month width=991 columns=5 rebuild_ms=0 total_ms=0 folder_rows=0 strategy=grid_columns
PROFILE scroll fps=61 worst_frame_ms=21 thumbnail_hits=0 thumbnail_misses=0
PROFILE scroll fps=74 worst_frame_ms=19 thumbnail_hits=0 thumbnail_misses=0
UI PERF folder_selection_styles tiles=0 items=20 spfid_calls=0 ms=0
PROFILE scroll fps=68 worst_frame_ms=24 thumbnail_hits=0 thumbnail_misses=0
PROFILE scroll fps=71 worst_frame_ms=17 thumbnail_hits=0 thumbnail_misses=0
UI PERF refresh_grid photos=50 ms=25
PROFILE refresh_start photos=50
PROFILE refresh_first_batch photos=50 elapsed_ms=1
THUMB PRIORITY visible_missing thread=main id=1277 path=/run/media/peet/Data-500GB/Work-FB/FB-Staff-Heritage Day 2022/DSC_9084.jpg cache=/home/peet/.cache/picasa-rs/thumbs/8f1d90dba07eda2041d22f6a7ea6e51e01ded088ea177b69fcdec2d44129149d.jpg
THUMB PRIORITY skip_known_bad path=/run/media/peet/Data-500GB/Work-FB/FB-Staff-Heritage Day 2022/DSC_9084.jpg cache=/home/peet/.cache/picasa-rs/thumbs/8f1d90dba07eda2041d22f6a7ea6e51e01ded088ea177b69fcdec2d44129149d.jpg
THUMB PRIORITY visible_missing thread=main id=1276 path=/run/media/peet/Data-500GB/Work-FB/FB-Staff-Heritage Day 2022/DSC_9083.jpg cache=/home/peet/.cache/picasa-rs/thumbs/a485458381a6813631fc074fc1676722cc3ba5bfe13a33ec26419e7dbae39fe5.jpg
THUMB PRIORITY skip_known_bad path=/run/media/peet/Data-500GB/Work-FB/FB-Staff-Heritage Day 2022/DSC_9083.jpg cache=/home/peet/.cache/picasa-rs/thumbs/a485458381a6813631fc074fc1676722cc3ba5bfe13a33ec26419e7dbae39fe5.jpg
THUMB PRIORITY visible_missing thread=main id=1275 path=/run/media/peet/Data-500GB/Work-FB/FB-Staff-Heritage Day 2022/DSC_9082.jpg cache=/home/peet/.cache/picasa-rs/thumbs/4d6e85fb2ca9c63e3d077dc042148437ebeaaf6439ed001ebe0ec99434f83198.jpg
THUMB PRIORITY skip_known_bad path=/run/media/peet/Data-500GB/Work-FB/FB-Staff-Heritage Day 2022/DSC_9082.jpg cache=/home/peet/.cache/picasa-rs/thumbs/4d6e85fb2ca9c63e3d077dc042148437ebeaaf6439ed001ebe0ec99434f83198.jpg
UI PERF gallery_replace photos=50 unchanged=false ms=54
PROFILE refresh_finished photos=50 elapsed_ms=54
UI PERF folder_selection_styles tiles=0 items=50 spfid_calls=0 ms=0
PROFILE scroll fps=66 worst_frame_ms=58 thumbnail_hits=47 thumbnail_misses=3
PROFILE scroll fps=60 worst_frame_ms=17 thumbnail_hits=0 thumbnail_misses=0
UI PERF refresh_grid photos=4515 ms=25
PROFILE refresh_start photos=4515
UI PERF gallery_replace photos=4515 progressive=true ms=0
PROFILE refresh_first_batch photos=500 elapsed_ms=159
PROFILE refresh_finished photos=4515 elapsed_ms=235
UI PERF folder_selection_styles tiles=0 items=4515 spfid_calls=0 ms=0
PROFILE scroll fps=55 worst_frame_ms=158 thumbnail_hits=161 thumbnail_misses=0
PROFILE scroll fps=62 worst_frame_ms=29 thumbnail_hits=93 thumbnail_misses=0
PROFILE scroll fps=59 worst_frame_ms=35 thumbnail_hits=160 thumbnail_misses=0
PROFILE scroll fps=61 worst_frame_ms=32 thumbnail_hits=208 thumbnail_misses=0
PROFILE scroll fps=60 worst_frame_ms=35 thumbnail_hits=118 thumbnail_misses=0
PROFILE scroll fps=58 worst_frame_ms=34 thumbnail_hits=141 thumbnail_misses=0
PROFILE scroll fps=62 worst_frame_ms=30 thumbnail_hits=0 thumbnail_misses=0
PROFILE scroll fps=60 worst_frame_ms=56 thumbnail_hits=150 thumbnail_misses=0
PROFILE scroll fps=23 worst_frame_ms=91 thumbnail_hits=1174 thumbnail_misses=0
UI PERF refresh_grid photos=6 ms=25
PROFILE refresh_start photos=6
PROFILE refresh_first_batch photos=6 elapsed_ms=0
UI PERF gallery_replace photos=6 unchanged=false ms=18
PROFILE refresh_finished photos=6 elapsed_ms=18
UI PERF folder_selection_styles tiles=0 items=6 spfid_calls=0 ms=0
PROFILE scroll fps=73 worst_frame_ms=23 thumbnail_hits=25 thumbnail_misses=0
PROFILE scroll fps=66 worst_frame_ms=27 thumbnail_hits=0 thumbnail_misses=0
UI PERF refresh_grid photos=1 ms=25
PROFILE refresh_start photos=1
PROFILE refresh_first_batch photos=1 elapsed_ms=0
UI PERF gallery_replace photos=1 unchanged=false ms=2
PROFILE refresh_finished photos=1 elapsed_ms=2
UI PERF folder_selection_styles tiles=0 items=1 spfid_calls=0 ms=0
UI PERF refresh_grid photos=29 ms=25
PROFILE refresh_start photos=29
PROFILE refresh_first_batch photos=29 elapsed_ms=0
UI PERF gallery_replace photos=29 unchanged=false ms=29
PROFILE refresh_finished photos=29 elapsed_ms=29
UI PERF folder_selection_styles tiles=0 items=29 spfid_calls=0 ms=0
PROFILE scroll fps=71 worst_frame_ms=34 thumbnail_hits=30 thumbnail_misses=0
UI PERF folder_selection_styles tiles=0 items=29 spfid_calls=0 ms=0
PROFILE scroll fps=63 worst_frame_ms=31 thumbnail_hits=0 thumbnail_misses=0
UI TRACE lightbox_open photos=29 index=16 root_targetable=true viewport_targetable=true picture_targetable=true
UI PERF lightbox_preview_ms=0 path=/run/media/peet/Data-500GB/Work-FB/FB-2025-Meerkat Site/20250415_174137.jpg
UI PERF lightbox_target_calculation_ms=0 allocation=991x926 logical_viewport=991x926 scale_factor=1 decode_target=991x926 user_rotation=0 fallback=false
UI PERF lightbox_decode_queued_ms=0 generation=6 path=/run/media/peet/Data-500GB/Work-FB/FB-2025-Meerkat Site/20250415_174137.jpg
UI PERF fit_ms=0 zoom=0 size=695x926
UI PERF fit_ms=0 zoom=0 size=695x926
UI PERF lightbox_decode_gate_wait_ms=0
VIEW PERF user_orientation_ms=11 rotation=0 output=695x926
VIEW PERF lightbox_worker_total_ms=58 output=695x926
UI PERF fit_ms=0 zoom=0 size=695x926
UI PERF lightbox_texture_creation_ms=0 size=695x926
UI PERF lightbox_main_thread_delivery_ms=0 worker_finished_to_gtk_ms=0 channel_wait_ms=0 gtk_update_ms=0
UI PERF lightbox_full_texture_visible_ms=58 size=695x926
UI TRACE lightbox_scroll dy=1 visible=true focus=true index=16
UI PERF lightbox_display_cache_miss path=/run/media/peet/Data-500GB/Work-FB/FB-2025-Meerkat Site/20250415_174117.jpg target=991x926 request_ms=0
UI PERF lightbox_preview_visible_ms=0 source=thumbnail geometry=695x926
UI PERF lightbox_target_calculation_ms=0 allocation=991x926 logical_viewport=991x926 scale_factor=1 decode_target=991x926 user_rotation=0 fallback=false
UI PERF lightbox_decode_queued_ms=0 generation=7 path=/run/media/peet/Data-500GB/Work-FB/FB-2025-Meerkat Site/20250415_174117.jpg
UI PERF lightbox_decode_gate_wait_ms=0
VIEW PERF user_orientation_ms=11 rotation=0 output=695x926
VIEW PERF lightbox_worker_total_ms=55 output=695x926
UI PERF lightbox_texture_creation_ms=0 size=695x926
UI PERF lightbox_main_thread_delivery_ms=0 worker_finished_to_gtk_ms=0 channel_wait_ms=0 gtk_update_ms=0
UI PERF lightbox_full_texture_visible_ms=55 size=695x926
UI TRACE lightbox_scroll dy=1 visible=true focus=true index=17
UI PERF lightbox_display_cache_miss path=/run/media/peet/Data-500GB/Work-FB/FB-2025-Meerkat Site/20250415_174051.jpg target=991x926 request_ms=0
UI PERF lightbox_preview_visible_ms=0 source=thumbnail geometry=537x926
UI PERF lightbox_target_calculation_ms=0 allocation=991x926 logical_viewport=991x926 scale_factor=1 decode_target=991x926 user_rotation=0 fallback=false
UI PERF lightbox_decode_queued_ms=0 generation=8 path=/run/media/peet/Data-500GB/Work-FB/FB-2025-Meerkat Site/20250415_174051.jpg
UI PERF lightbox_decode_gate_wait_ms=0
VIEW PERF user_orientation_ms=9 rotation=0 output=537x926
VIEW PERF lightbox_worker_total_ms=42 output=537x926
UI PERF lightbox_texture_creation_ms=0 size=537x926
UI PERF lightbox_main_thread_delivery_ms=0 worker_finished_to_gtk_ms=0 channel_wait_ms=0 gtk_update_ms=0
UI PERF lightbox_full_texture_visible_ms=43 size=537x926
UI TRACE lightbox_scroll dy=-1 visible=true focus=true index=18
UI PERF lightbox_display_cache_hit path=/run/media/peet/Data-500GB/Work-FB/FB-2025-Meerkat Site/20250415_174117.jpg target=991x926
UI TRACE lightbox_scroll dy=-1 visible=true focus=true index=17
UI PERF lightbox_display_cache_hit path=/run/media/peet/Data-500GB/Work-FB/FB-2025-Meerkat Site/20250415_174137.jpg target=991x926
PROFILE scroll fps=73 worst_frame_ms=20 thumbnail_hits=0 thumbnail_misses=0
PROFILE scroll fps=64 worst_frame_ms=26 thumbnail_hits=0 thumbnail_misses=0
UI PERF refresh_grid photos=4515 ms=25
PROFILE refresh_start photos=4515
UI PERF gallery_replace photos=4515 progressive=true ms=0
PROFILE refresh_first_batch photos=500 elapsed_ms=90
UI PERF folder_selection_styles tiles=0 items=2500 spfid_calls=0 ms=0
UI PERF folder_virtual_plan photos=4515 folders=271 chunk_size=8 columns=5 model_rows=949 old_store_rows=0 ms=0
THUMB PRIORITY visible_missing thread=main id=3 path=/home/peet/Pictures/collage2.jpg cache=/home/peet/.cache/picasa-rs/thumbs/40161236ea1fbb0f5daf94c6c4eae010bdfb4cd69b20b896635ec134dbec5834.jpg
THUMB PRIORITY skip_known_bad path=/home/peet/Pictures/collage2.jpg cache=/home/peet/.cache/picasa-rs/thumbs/40161236ea1fbb0f5daf94c6c4eae010bdfb4cd69b20b896635ec134dbec5834.jpg
UI PERF folder_store_update strategy=virtual_chunks_detached old_rows=0 new_rows=949 model_ms=1022 total_ms=1022
PROFILE refresh_finished photos=4515 elapsed_ms=1176
UI PERF folder_virtual_bind_slow row=232 kind=Photos folder_id=229 photos=8 elapsed_ms=13
PROFILE scroll fps=6 worst_frame_ms=1754 thumbnail_hits=1559 thumbnail_misses=1
UI PERF scroll_handler pick_calls=6 pick_ms=2 scan_ms=0 header_ms=0 sidebar_ms=0 total_ms=2 y=15268
UI PERF folder_selection_styles tiles=1328 items=4515 spfid_calls=0 ms=3
UI PERF scroll_handler_freq calls=1
FOLDER TRACE sidebar folders=282 roots=[1, 9] relationships=[(1, "/", None, false), (2, "/home", Some(1), false), (3, "/home/peet", Some(2), false), (4, "/home/peet/Pictures", Some(3), true), (5, "/home/peet/Pictures/biophoto", Some(4), false), (6, "/home/peet/Pictures/biophoto/face", Some(5), false), (8, "/home/peet/Pictures/Hmf", Some(4), false), (7, "/home/peet/Pictures/Screenshots", Some(4), false), (9, "/run/media/peet", None, false), (10, "/run/media/peet/Data-500GB", Some(9), false), (277, "/run/media/peet/Data-500GB/Work-All", Some(10), false), (281, "/run/media/peet/Data-500GB/Work-All/Work - 2013", Some(277), true), (282, "/run/media/peet/Data-500GB/Work-All/Work - 2013/Toilets", Some(281), false), (278, "/run/media/peet/Data-500GB/Work-All/Work - 2017", Some(277), false), (279, "/run/media/peet/Data-500GB/Work-All/Work - 2017/jamjar", Some(278), true), (280, "/run/media/peet/Data-500GB/Work-All/Work - 2017/jamjar/.comments", Some(279), false), (11, "/run/media/peet/Data-500GB/Work-FB", Some(10), true), (274, "/run/media/peet/Data-500GB/Work-FB/Drone Building", Some(11), false), (273, "/run/media/peet/Data-500GB/Work-FB/FB-2015-Advice Centre", Some(11), false), (272, "/run/media/peet/Data-500GB/Work-FB/FB-2015-Coverland", Some(11), false), (271, "/run/media/peet/Data-500GB/Work-FB/FB-2015-CPT--PaleisHeuwel", Some(11), false), (270, "/run/media/peet/Data-500GB/Work-FB/FB-2015-CPT-BuildersW", Some(11), false), (269, "/run/media/peet/Data-500GB/Work-FB/FB-2015-CPT-Sasol", Some(11), false), (268, "/run/media/peet/Data-500GB/Work-FB/FB-2015-CPT-Thyspunt", Some(11), false), (267, "/run/media/peet/Data-500GB/Work-FB/FB-2015-CPT-ValueLogistics", Some(11), false), (266, "/run/media/peet/Data-500GB/Work-FB/FB-2015-CPT-Vernon Proof CPT", Some(11), false), (265, "/run/media/peet/Data-500GB/Work-FB/FB-2015-Fairview Exported", Some(11), false), (264, "/run/media/peet/Data-500GB/Work-FB/FB-2015-Jansenville", Some(11), false), (263, "/run/media/peet/Data-500GB/Work-FB/FB-2015-KZN Farm Gates", Some(11), false), (262, "/run/media/peet/Data-500GB/Work-FB/FB-2015-Mercedes", Some(11), false), (261, "/run/media/peet/Data-500GB/Work-FB/FB-2015-Zwide", Some(11), false), (260, "/run/media/peet/Data-500GB/Work-FB/FB-2016-Borbot", Some(11), false), (259, "/run/media/peet/Data-500GB/Work-FB/FB-2016-Coke", Some(11), false), (258, "/run/media/peet/Data-500GB/Work-FB/FB-2016-Patensie", Some(11), false), (257, "/run/media/peet/Data-500GB/Work-FB/FB-2016-Plet-Curbs", Some(11), false), (256, "/run/media/peet/Data-500GB/Work-FB/FB-2016-Sunshine School", Some(11), false), (255, "/run/media/peet/Data-500GB/Work-FB/FB-2017-FourLeaf", Some(11), false), (254, "/run/media/peet/Data-500GB/Work-FB/FB-2017-KZN-Lusiki", Some(11), false), (253, "/run/media/peet/Data-500GB/Work-FB/FB-2017-Schools Uitenhage", Some(11), false), (252, "/run/media/peet/Data-500GB/Work-FB/FB-2018-Galaxy Bingo", Some(11), false), (251, "/run/media/peet/Data-500GB/Work-FB/FB-2019-BCM Zoo", Some(11), false), (250, "/run/media/peet/Data-500GB/Work-FB/FB-2019-Bokka-Struandale", Some(11), false), (249, "/run/media/peet/Data-500GB/Work-FB/FB-2019-CPT-Spar", Some(11), false), (248, "/run/media/peet/Data-500GB/Work-FB/FB-2019-CPT-Wemmershoek", Some(11), false), (247, "/run/media/peet/Data-500GB/Work-FB/FB-2019-Diamond Mesh Fence", Some(11), false), (246, "/run/media/peet/Data-500GB/Work-FB/FB-2019-EC College", Some(11), false), (245, "/run/media/peet/Data-500GB/Work-FB/FB-2019-Kareedouw", Some(11), false), (244, "/run/media/peet/Data-500GB/Work-FB/FB-2019-NMU-SolarFence", Some(11), false), (243, "/run/media/peet/Data-500GB/Work-FB/FB-2019-Precast Swim", Some(11), false), (242, "/run/media/peet/Data-500GB/Work-FB/FB-2019-Summerstrand", Some(11), false), (241, "/run/media/peet/Data-500GB/Work-FB/FB-2019-Tsogo Sun", Some(11), false), (240, "/run/media/peet/Data-500GB/Work-FB/FB-2019-WBHO Walmer Village", Some(11), false), (239, "/run/media/peet/Data-500GB/Work-FB/FB-2019-WebCars", Some(11), false), (238, "/run/media/peet/Data-500GB/Work-FB/FB-2020-9th Avenue", Some(11), false), (237, "/run/media/peet/Data-500GB/Work-FB/FB-2020-Betafence Municipal", Some(11), false), (236, "/run/media/peet/Data-500GB/Work-FB/FB-2020-Carlton Court", Some(11), false), (235, "/run/media/peet/Data-500GB/Work-FB/FB-2020-CellC", Some(11), false), (234, "/run/media/peet/Data-500GB/Work-FB/FB-2020-Circular Drive Building", Some(11), false), (233, "/run/media/peet/Data-500GB/Work-FB/FB-2020-CTM", Some(11), false), (232, "/run/media/peet/Data-500GB/Work-FB/FB-2020-CureDay Hospital", Some(11), false), (231, "/run/media/peet/Data-500GB/Work-FB/FB-2020-Diere Kliniek", Some(11), false), (230, "/run/media/peet/Data-500GB/Work-FB/FB-2020-Execu Cut", Some(11), false), (229, "/run/media/peet/Data-500GB/Work-FB/FB-2020-Galv Gate", Some(11), false), (228, "/run/media/peet/Data-500GB/Work-FB/FB-2020-Grootbrak", Some(11), false), (227, "/run/media/peet/Data-500GB/Work-FB/FB-2020-IDZ", Some(11), false), (226, "/run/media/peet/Data-500GB/Work-FB/FB-2020-Kirkwood", Some(11), false), (225, "/run/media/peet/Data-500GB/Work-FB/FB-2020-LA Sport", Some(11), false), (224, "/run/media/peet/Data-500GB/Work-FB/FB-2020-Magnetic Storm", Some(11), false), (223, "/run/media/peet/Data-500GB/Work-FB/FB-2020-Sacremento", Some(11), false), (222, "/run/media/peet/Data-500GB/Work-FB/FB-2020-Summerstrand", Some(11), false), (221, "/run/media/peet/Data-500GB/Work-FB/FB-2020-Summerstrand Village", Some(11), false), (220, "/run/media/peet/Data-500GB/Work-FB/FB-2020-Sundays River", Some(11), false), (219, "/run/media/peet/Data-500GB/Work-FB/FB-2020-Turfag", Some(11), false), (218, "/run/media/peet/Data-500GB/Work-FB/FB-2020-TVET Lovedale", Some(11), false), (217, "/run/media/peet/Data-500GB/Work-FB/FB-2020-VW", Some(11), false), (216, "/run/media/peet/Data-500GB/Work-FB/FB-2020-WaterWorks Fence Summerstrand", Some(11), false), (215, "/run/media/peet/Data-500GB/Work-FB/FB-2021-Ambition", Some(11), false), (214, "/run/media/peet/Data-500GB/Work-FB/FB-2021-Aspen", Some(11), false), (213, "/run/media/peet/Data-500GB/Work-FB/FB-2021-AutoCast", Some(11), false), (212, "/run/media/peet/Data-500GB/Work-FB/FB-2021-Claudio", Some(11), false), (211, "/run/media/peet/Data-500GB/Work-FB/FB-2021-ConCrete Blocks", Some(11), false), (210, "/run/media/peet/Data-500GB/Work-FB/FB-2021-CPT-Stillbaai", Some(11), false), (209, "/run/media/peet/Data-500GB/Work-FB/FB-2021-CPT-Various", Some(11), false), (208, "/run/media/peet/Data-500GB/Work-FB/FB-2021-Custom Gates", Some(11), false), (207, "/run/media/peet/Data-500GB/Work-FB/FB-2021-Dam ClearVu Fence", Some(11), false), (206, "/run/media/peet/Data-500GB/Work-FB/FB-2021-Flats", Some(11), false), (205, "/run/media/peet/Data-500GB/Work-FB/FB-2021-Gas Tank Fence", Some(11), false), (204, "/run/media/peet/Data-500GB/Work-FB/FB-2021-GasWorks", Some(11), false), (203, "/run/media/peet/Data-500GB/Work-FB/FB-2021-George-Electric", Some(11), false), (202, "/run/media/peet/Data-500GB/Work-FB/FB-2021-JBay", Some(11), false), (201, "/run/media/peet/Data-500GB/Work-FB/FB-2021-Latterday", Some(11), false), (200, "/run/media/peet/Data-500GB/Work-FB/FB-2021-Lori", Some(11), false), (199, "/run/media/peet/Data-500GB/Work-FB/FB-2021-MCDonalds", Some(11), false), (198, "/run/media/peet/Data-500GB/Work-FB/FB-2021-Munilek", Some(11), false), (197, "/run/media/peet/Data-500GB/Work-FB/FB-2021-Newton Park Library", Some(11), false), (196, "/run/media/peet/Data-500GB/Work-FB/FB-2021-Oyster Bay Wind Farm", Some(11), false), (195, "/run/media/peet/Data-500GB/Work-FB/FB-2021-Peddie", Some(11), false), (194, "/run/media/peet/Data-500GB/Work-FB/FB-2021-Precast", Some(11), false), (193, "/run/media/peet/Data-500GB/Work-FB/FB-2021-Spar", Some(11), false), (192, "/run/media/peet/Data-500GB/Work-FB/FB-2021-StJoseph", Some(11), false), (191, "/run/media/peet/Data-500GB/Work-FB/FB-2021-WBHO", Some(11), false), (190, "/run/media/peet/Data-500GB/Work-FB/FB-2021-Westbrook", Some(11), false), (189, "/run/media/peet/Data-500GB/Work-FB/FB-2021-Wilandi", Some(11), false), (188, "/run/media/peet/Data-500GB/Work-FB/FB-2022-Agri Diptanks", Some(11), false), (187, "/run/media/peet/Data-500GB/Work-FB/FB-2022-Apostolic Church", Some(11), false), (186, "/run/media/peet/Data-500GB/Work-FB/FB-2022-Bennet-2022", Some(11), false), (185, "/run/media/peet/Data-500GB/Work-FB/FB-2022-Brick Wall", Some(11), false), (184, "/run/media/peet/Data-500GB/Work-FB/FB-2022-Continental", Some(11), false), (183, "/run/media/peet/Data-500GB/Work-FB/FB-2022-Corkwood", Some(11), false), (182, "/run/media/peet/Data-500GB/Work-FB/FB-2022-CPT-Airport", Some(11), false), (181, "/run/media/peet/Data-500GB/Work-FB/FB-2022-CPT-Various", Some(11), false), (180, "/run/media/peet/Data-500GB/Work-FB/FB-2022-CrownNational", Some(11), false), (179, "/run/media/peet/Data-500GB/Work-FB/FB-2022-EdgeDayHospital", Some(11), false), (178, "/run/media/peet/Data-500GB/Work-FB/FB-2022-EngenNewtonPark", Some(11), false), (177, "/run/media/peet/Data-500GB/Work-FB/FB-2022-Garages", Some(11), false), (176, "/run/media/peet/Data-500GB/Work-FB/FB-2022-Gasbottle Cage", Some(11), false), (175, "/run/media/peet/Data-500GB/Work-FB/FB-2022-George CV", Some(11), false), (174, "/run/media/peet/Data-500GB/Work-FB/FB-2022-HoepelFence", Some(11), false), (173, "/run/media/peet/Data-500GB/Work-FB/FB-2022-MariaMaan", Some(11), false), (172, "/run/media/peet/Data-500GB/Work-FB/FB-2022-Mdantsane CV", Some(11), false), (171, "/run/media/peet/Data-500GB/Work-FB/FB-2022-PreCast", Some(11), false), (170, "/run/media/peet/Data-500GB/Work-FB/FB-2022-RoyalBuffalo-Pt1", Some(11), false), (169, "/run/media/peet/Data-500GB/Work-FB/FB-2022-RoyalBuffalo-Pt2", Some(11), false), (168, "/run/media/peet/Data-500GB/Work-FB/FB-2022-Ruwacon George Metro Housing", Some(11), false), (167, "/run/media/peet/Data-500GB/Work-FB/FB-2022-StAlbans", Some(11), false), (166, "/run/media/peet/Data-500GB/Work-FB/FB-2022-Summerstrand Bowling Club", Some(11), false), (165, "/run/media/peet/Data-500GB/Work-FB/FB-2022-UniversityStores", Some(11), false), (164, "/run/media/peet/Data-500GB/Work-FB/FB-2022-WedgeWood", Some(11), false), (163, "/run/media/peet/Data-500GB/Work-FB/FB-2022-Wela", Some(11), false), (162, "/run/media/peet/Data-500GB/Work-FB/FB-2022-WesteringHouse", Some(11), false), (161, "/run/media/peet/Data-500GB/Work-FB/FB-2023-Bennet-Grahamstown", Some(11), false), (160, "/run/media/peet/Data-500GB/Work-FB/FB-2023-Burgersdorp", Some(11), false), (159, "/run/media/peet/Data-500GB/Work-FB/FB-2023-CPT-Atuba Weskaap Horizon Prison", Some(11), false), (158, "/run/media/peet/Data-500GB/Work-FB/FB-2023-CPT-BeachRoad", Some(11), false), (157, "/run/media/peet/Data-500GB/Work-FB/FB-2023-CPT-Driekoppen Farm Weskaap", Some(11), false), (156, "/run/media/peet/Data-500GB/Work-FB/FB-2023-CPT-Get Worth Richmond Park Weskaap", Some(11), false), (155, "/run/media/peet/Data-500GB/Work-FB/FB-2023-CPT-Kayamnandi Weskaap", Some(11), false), (154, "/run/media/peet/Data-500GB/Work-FB/FB-2023-CPT-We Buy Cars Brackenfell Weskaap", Some(11), false), (153, "/run/media/peet/Data-500GB/Work-FB/FB-2023-CPT-WeBuyCards Montague", Some(11), false), (152, "/run/media/peet/Data-500GB/Work-FB/FB-2023-CTM", Some(11), false), (151, "/run/media/peet/Data-500GB/Work-FB/FB-2023-Defy", Some(11), false), (150, "/run/media/peet/Data-500GB/Work-FB/FB-2023-GiftofGivers", Some(11), false), (149, "/run/media/peet/Data-500GB/Work-FB/FB-2023-GrandPrix", Some(11), false), (148, "/run/media/peet/Data-500GB/Work-FB/FB-2023-KabegaHomeGate", Some(11), false), (147, "/run/media/peet/Data-500GB/Work-FB/FB-2023-LadySlipper", Some(11), false), (146, "/run/media/peet/Data-500GB/Work-FB/FB-2023-Morne Plaas", Some(11), false), (145, "/run/media/peet/Data-500GB/Work-FB/FB-2023-Netcare akeso", Some(11), false), (144, "/run/media/peet/Data-500GB/Work-FB/FB-2023-Pepcor", Some(11), false), (66, "/run/media/peet/Data-500GB/Work-FB/FB-2023-Precast-NMMU", Some(11), false), (143, "/run/media/peet/Data-500GB/Work-FB/FB-2023-SolarPlant", Some(11), false), (142, "/run/media/peet/Data-500GB/Work-FB/FB-2023-Station", Some(11), false), (141, "/run/media/peet/Data-500GB/Work-FB/FB-2023-Substation", Some(11), false), (140, "/run/media/peet/Data-500GB/Work-FB/FB-2023-WalmerRoad", Some(11), false), (139, "/run/media/peet/Data-500GB/Work-FB/FB-2024- Galvanized Security Fence", Some(11), false), (138, "/run/media/peet/Data-500GB/Work-FB/FB-2024-1 on York", Some(11), false), (137, "/run/media/peet/Data-500GB/Work-FB/FB-2024-1 on York  Lifestyle Development", Some(11), false), (136, "/run/media/peet/Data-500GB/Work-FB/FB-2024-64 Pickering-ClearVu Fence", Some(11), false), (135, "/run/media/peet/Data-500GB/Work-FB/FB-2024-Aspen Internal Storage", Some(11), false), (134, "/run/media/peet/Data-500GB/Work-FB/FB-2024-Barrow-Eva-Last Gate", Some(11), false), (133, "/run/media/peet/Data-500GB/Work-FB/FB-2024-Boxer", Some(11), false), (132, "/run/media/peet/Data-500GB/Work-FB/FB-2024-Burgersdorp Sportsfield", Some(11), false), (131, "/run/media/peet/Data-500GB/Work-FB/FB-2024-CarPort", Some(11), false), (130, "/run/media/peet/Data-500GB/Work-FB/FB-2024-ClearVu Engen on York Street - George", Some(11), false), (129, "/run/media/peet/Data-500GB/Work-FB/FB-2024-Collegiate", Some(11), false), (128, "/run/media/peet/Data-500GB/Work-FB/FB-2024-Collegiate-JNR", Some(11), false), (127, "/run/media/peet/Data-500GB/Work-FB/FB-2024-Container", Some(11), false), (126, "/run/media/peet/Data-500GB/Work-FB/FB-2024-CPT-Eskom", Some(11), false), (125, "/run/media/peet/Data-500GB/Work-FB/FB-2024-CPT-Precast", Some(11), false), (124, "/run/media/peet/Data-500GB/Work-FB/FB-2024-CPT-Uitkyk", Some(11), false), (123, "/run/media/peet/Data-500GB/Work-FB/FB-2024-CPT-Value Logistics", Some(11), false), (122, "/run/media/peet/Data-500GB/Work-FB/FB-2024-CPT-Value-Electric-Fence", Some(11), false), (121, "/run/media/peet/Data-500GB/Work-FB/FB-2024-Crimpers", Some(11), false), (120, "/run/media/peet/Data-500GB/Work-FB/FB-2024-Dana", Some(11), false), (119, "/run/media/peet/Data-500GB/Work-FB/FB-2024-DanaSpice", Some(11), false), (118, "/run/media/peet/Data-500GB/Work-FB/FB-2024-Diamond Mesh", Some(11), false), (117, "/run/media/peet/Data-500GB/Work-FB/FB-2024-Engen Mossel Bay", Some(11), false), (116, "/run/media/peet/Data-500GB/Work-FB/FB-2024-FarmBonnox", Some(11), false), (115, "/run/media/peet/Data-500GB/Work-FB/FB-2024-FarmFence", Some(11), false), (114, "/run/media/peet/Data-500GB/Work-FB/FB-2024-FarmMesh", Some(11), false), (113, "/run/media/peet/Data-500GB/Work-FB/FB-2024-Gansevlei", Some(11), false), (112, "/run/media/peet/Data-500GB/Work-FB/FB-2024-George-ClearVu", Some(11), false), (111, "/run/media/peet/Data-500GB/Work-FB/FB-2024-George-Meadows", Some(11), false), (110, "/run/media/peet/Data-500GB/Work-FB/FB-2024-HartDr", Some(11), false), (109, "/run/media/peet/Data-500GB/Work-FB/FB-2024-High Security Mesch Fence", Some(11), false), (108, "/run/media/peet/Data-500GB/Work-FB/FB-2024-HMF Pferd", Some(11), false), (107, "/run/media/peet/Data-500GB/Work-FB/FB-2024-Internal Fence", Some(11), false), (106, "/run/media/peet/Data-500GB/Work-FB/FB-2024-KPMG-Parkland Fence", Some(11), false), (105, "/run/media/peet/Data-500GB/Work-FB/FB-2024-Mossel Cove", Some(11), false), (104, "/run/media/peet/Data-500GB/Work-FB/FB-2024-NG Kerk BlueWBay", Some(11), false), (103, "/run/media/peet/Data-500GB/Work-FB/FB-2024-NMMU", Some(11), false), (102, "/run/media/peet/Data-500GB/Work-FB/FB-2024-NMU-Entrance", Some(11), false), (101, "/run/media/peet/Data-500GB/Work-FB/FB-2024-PreCast Walls", Some(11), false), (100, "/run/media/peet/Data-500GB/Work-FB/FB-2024-Property Fence-JBAY", Some(11), false), (99, "/run/media/peet/Data-500GB/Work-FB/FB-2024-PV Plant", Some(11), false), (98, "/run/media/peet/Data-500GB/Work-FB/FB-2024-Quarantine Area", Some(11), false), (97, "/run/media/peet/Data-500GB/Work-FB/FB-2024-Roland", Some(11), false), (96, "/run/media/peet/Data-500GB/Work-FB/FB-2024-ShowClearVU-AlgoaGolf", Some(11), false), (95, "/run/media/peet/Data-500GB/Work-FB/FB-2024-Silver Fence", Some(11), false), (94, "/run/media/peet/Data-500GB/Work-FB/FB-2024-WalmerGolfClub", Some(11), false), (93, "/run/media/peet/Data-500GB/Work-FB/FB-2024-WedgeWood", Some(11), false), (92, "/run/media/peet/Data-500GB/Work-FB/FB-2024-Wik-Padel", Some(11), false), (25, "/run/media/peet/Data-500GB/Work-FB/FB-2025-Astron Hobie Beach", Some(11), false), (91, "/run/media/peet/Data-500GB/Work-FB/FB-2025-Bitou Municipal", Some(11), false), (90, "/run/media/peet/Data-500GB/Work-FB/FB-2025-ClearVu Secured Flats", Some(11), false), (67, "/run/media/peet/Data-500GB/Work-FB/FB-2025-ClearVu-Home-Parsons Hill", Some(11), false), (41, "/run/media/peet/Data-500GB/Work-FB/FB-2025-Cnr Circular", Some(11), false), (89, "/run/media/peet/Data-500GB/Work-FB/FB-2025-Community Service", Some(11), false), (46, "/run/media/peet/Data-500GB/Work-FB/FB-2025-Courier Guys", Some(11), false), (88, "/run/media/peet/Data-500GB/Work-FB/FB-2025-Courier Guys PE", Some(11), false), (42, "/run/media/peet/Data-500GB/Work-FB/FB-2025-CustomClearVu", Some(11), false), (87, "/run/media/peet/Data-500GB/Work-FB/FB-2025-EL-Cages", Some(11), false), (86, "/run/media/peet/Data-500GB/Work-FB/FB-2025-Electric Cage", Some(11), false), (85, "/run/media/peet/Data-500GB/Work-FB/FB-2025-Electric Fences", Some(11), false), (84, "/run/media/peet/Data-500GB/Work-FB/FB-2025-Equinox", Some(11), false), (83, "/run/media/peet/Data-500GB/Work-FB/FB-2025-Food Lovers-Knysna", Some(11), false), (82, "/run/media/peet/Data-500GB/Work-FB/FB-2025-FUCHS", Some(11), false), (54, "/run/media/peet/Data-500GB/Work-FB/FB-2025-George-BuiltIT", Some(11), false), (81, "/run/media/peet/Data-500GB/Work-FB/FB-2025-Grootbrak", Some(11), false), (27, "/run/media/peet/Data-500GB/Work-FB/FB-2025-Internal Goods Gages", Some(11), false), (80, "/run/media/peet/Data-500GB/Work-FB/FB-2025-Internal Warehouse Fence", Some(11), false), (26, "/run/media/peet/Data-500GB/Work-FB/FB-2025-Kingswood Golf Estate", Some(11), false), (79, "/run/media/peet/Data-500GB/Work-FB/FB-2025-Matercars", Some(11), false), (12, "/run/media/peet/Data-500GB/Work-FB/FB-2025-Meerkat Aug 2025", Some(11), false), (78, "/run/media/peet/Data-500GB/Work-FB/FB-2025-Meerkat Site", Some(11), false), (20, "/run/media/peet/Data-500GB/Work-FB/FB-2025-N2-Kraaibos", Some(11), false), (29, "/run/media/peet/Data-500GB/Work-FB/FB-2025-Parkland-Memories", Some(11), false), (14, "/run/media/peet/Data-500GB/Work-FB/FB-2025-PE Golf Club", Some(11), false), (77, "/run/media/peet/Data-500GB/Work-FB/FB-2025-Pedestrian Hand Railing", Some(11), false), (76, "/run/media/peet/Data-500GB/Work-FB/FB-2025-Plet-Boardwalk Estate", Some(11), false), (75, "/run/media/peet/Data-500GB/Work-FB/FB-2025-Plet-Langdown", Some(11), false), (74, "/run/media/peet/Data-500GB/Work-FB/FB-2025-Plet-N2", Some(11), false), (73, "/run/media/peet/Data-500GB/Work-FB/FB-2025-Rhino Linings", Some(11), false), (72, "/run/media/peet/Data-500GB/Work-FB/FB-2025-Sentech", Some(11), false), (71, "/run/media/peet/Data-500GB/Work-FB/FB-2025-Somerset-East-Smart Electric fence", Some(11), false), (45, "/run/media/peet/Data-500GB/Work-FB/FB-2025-Spar", Some(11), false), (70, "/run/media/peet/Data-500GB/Work-FB/FB-2025-Techno Padel", Some(11), false), (69, "/run/media/peet/Data-500GB/Work-FB/FB-2025-Walmer Main Medical & Wellness", Some(11), false), (15, "/run/media/peet/Data-500GB/Work-FB/FB-2025-WC-ClearVu Gates", Some(11), false), (68, "/run/media/peet/Data-500GB/Work-FB/FB-2025-Welfit", Some(11), false), (16, "/run/media/peet/Data-500GB/Work-FB/FB-2026-1 on York", Some(11), false), (36, "/run/media/peet/Data-500GB/Work-FB/FB-2026-Barbwire", Some(11), false), (44, "/run/media/peet/Data-500GB/Work-FB/FB-2026-ClearVu Door Frames", Some(11), false), (18, "/run/media/peet/Data-500GB/Work-FB/FB-2026-ClearVu Modern Design", Some(11), false), (32, "/run/media/peet/Data-500GB/Work-FB/FB-2026-Coastland Sales", Some(11), false), (40, "/run/media/peet/Data-500GB/Work-FB/FB-2026-Concrete Palisade", Some(11), false), (43, "/run/media/peet/Data-500GB/Work-FB/FB-2026-Creche", Some(11), false), (52, "/run/media/peet/Data-500GB/Work-FB/FB-2026-DanaSpicer", Some(11), false), (31, "/run/media/peet/Data-500GB/Work-FB/FB-2026-DoxaDuo", Some(11), false), (50, "/run/media/peet/Data-500GB/Work-FB/FB-2026-Eden Pump Station", Some(11), false), (21, "/run/media/peet/Data-500GB/Work-FB/FB-2026-EdenPumpStation-2", Some(11), false), (22, "/run/media/peet/Data-500GB/Work-FB/FB-2026-Electric Fencing", Some(11), false), (49, "/run/media/peet/Data-500GB/Work-FB/FB-2026-George Medi Clinic", Some(11), false), (13, "/run/media/peet/Data-500GB/Work-FB/FB-2026-Mokala National Park", Some(11), false), (24, "/run/media/peet/Data-500GB/Work-FB/FB-2026-Plett Mall", Some(11), false), (23, "/run/media/peet/Data-500GB/Work-FB/FB-2026-Plett Mall Parking", Some(11), false), (39, "/run/media/peet/Data-500GB/Work-FB/FB-2026-Precast", Some(11), false), (30, "/run/media/peet/Data-500GB/Work-FB/FB-2026-Quest Fuel Station", Some(11), false), (38, "/run/media/peet/Data-500GB/Work-FB/FB-2026-RazorWire", Some(11), false), (28, "/run/media/peet/Data-500GB/Work-FB/FB-2026-Residential ClearVu", Some(11), false), (37, "/run/media/peet/Data-500GB/Work-FB/FB-2026-Steel Barriers", Some(11), false), (35, "/run/media/peet/Data-500GB/Work-FB/FB-2026-Steel Palisade", Some(11), false), (48, "/run/media/peet/Data-500GB/Work-FB/FB-2026-Temp Fence", Some(11), false), (47, "/run/media/peet/Data-500GB/Work-FB/FB-2026-The Market Square", Some(11), false), (53, "/run/media/peet/Data-500GB/Work-FB/FB-2026-The Padel Centre", Some(11), false), (51, "/run/media/peet/Data-500GB/Work-FB/FB-2026-Tiger Bay", Some(11), false), (34, "/run/media/peet/Data-500GB/Work-FB/FB-2026-Tunnel Mesh Fence", Some(11), false), (19, "/run/media/peet/Data-500GB/Work-FB/FB-2026-WC-Seahorse-Apartments", Some(11), false), (17, "/run/media/peet/Data-500GB/Work-FB/FB-2026-WC-Water Purification Plant", Some(11), false), (33, "/run/media/peet/Data-500GB/Work-FB/FB-2026-WIndmeuleggs", Some(11), false), (65, "/run/media/peet/Data-500GB/Work-FB/FB-Staff-Bokkie", Some(11), false), (64, "/run/media/peet/Data-500GB/Work-FB/FB-Staff-Heritage Day 2021", Some(11), false), (63, "/run/media/peet/Data-500GB/Work-FB/FB-Staff-Heritage Day 2022", Some(11), false), (62, "/run/media/peet/Data-500GB/Work-FB/FB-Staff-Heritage Day 2023", Some(11), false), (61, "/run/media/peet/Data-500GB/Work-FB/FB-Staff-Heritage Day 2024", Some(11), false), (60, "/run/media/peet/Data-500GB/Work-FB/FB-Staff-Welders", Some(11), false), (59, "/run/media/peet/Data-500GB/Work-FB/FB-Staff-Welders-2023", Some(11), false), (58, "/run/media/peet/Data-500GB/Work-FB/FB-Staff-Workers 2020", Some(11), false), (57, "/run/media/peet/Data-500GB/Work-FB/FB-Staff-Xmas-Elves-2020", Some(11), false), (56, "/run/media/peet/Data-500GB/Work-FB/FB-Staff-Xmas21", Some(11), false), (55, "/run/media/peet/Data-500GB/Work-FB/FB-Wallpers", Some(11), false), (275, "/run/media/peet/Data-nmv", Some(9), false), (276, "/run/media/peet/Data-nmv/Seesa pics", Some(275), true)]
UI PERF scroll_handler pick_calls=1 pick_ms=0 scan_ms=0 header_ms=0 sidebar_ms=4 total_ms=4 y=15361.355023303693
UI PERF scroll_handler pick_calls=1 pick_ms=0 scan_ms=0 header_ms=0 sidebar_ms=0 total_ms=0 y=15011
UI PERF scroll_handler pick_calls=1 pick_ms=0 scan_ms=0 header_ms=0 sidebar_ms=0 total_ms=0 y=15104.355023303693
UI PERF scroll_handler pick_calls=1 pick_ms=0 scan_ms=0 header_ms=0 sidebar_ms=0 total_ms=0 y=15197.710046607386
UI PERF scroll_handler pick_calls=1 pick_ms=0 scan_ms=0 header_ms=0 sidebar_ms=0 total_ms=0 y=15022
UI PERF scroll_handler pick_calls=1 pick_ms=0 scan_ms=0 header_ms=0 sidebar_ms=0 total_ms=0 y=15115.355023303693
UI PERF scroll_handler pick_calls=1 pick_ms=0 scan_ms=0 header_ms=0 sidebar_ms=0 total_ms=0 y=15115
FOLDER TRACE sidebar folders=282 roots=[1, 9] relationships=[(1, "/", None, false), (2, "/home", Some(1), false), (3, "/home/peet", Some(2), false), (4, "/home/peet/Pictures", Some(3), true), (5, "/home/peet/Pictures/biophoto", Some(4), false), (6, "/home/peet/Pictures/biophoto/face", Some(5), false), (8, "/home/peet/Pictures/Hmf", Some(4), false), (7, "/home/peet/Pictures/Screenshots", Some(4), false), (9, "/run/media/peet", None, false), (10, "/run/media/peet/Data-500GB", Some(9), false), (277, "/run/media/peet/Data-500GB/Work-All", Some(10), false), (281, "/run/media/peet/Data-500GB/Work-All/Work - 2013", Some(277), true), (282, "/run/media/peet/Data-500GB/Work-All/Work - 2013/Toilets", Some(281), false), (278, "/run/media/peet/Data-500GB/Work-All/Work - 2017", Some(277), false), (279, "/run/media/peet/Data-500GB/Work-All/Work - 2017/jamjar", Some(278), true), (280, "/run/media/peet/Data-500GB/Work-All/Work - 2017/jamjar/.comments", Some(279), false), (11, "/run/media/peet/Data-500GB/Work-FB", Some(10), true), (274, "/run/media/peet/Data-500GB/Work-FB/Drone Building", Some(11), false), (273, "/run/media/peet/Data-500GB/Work-FB/FB-2015-Advice Centre", Some(11), false), (272, "/run/media/peet/Data-500GB/Work-FB/FB-2015-Coverland", Some(11), false), (271, "/run/media/peet/Data-500GB/Work-FB/FB-2015-CPT--PaleisHeuwel", Some(11), false), (270, "/run/media/peet/Data-500GB/Work-FB/FB-2015-CPT-BuildersW", Some(11), false), (269, "/run/media/peet/Data-500GB/Work-FB/FB-2015-CPT-Sasol", Some(11), false), (268, "/run/media/peet/Data-500GB/Work-FB/FB-2015-CPT-Thyspunt", Some(11), false), (267, "/run/media/peet/Data-500GB/Work-FB/FB-2015-CPT-ValueLogistics", Some(11), false), (266, "/run/media/peet/Data-500GB/Work-FB/FB-2015-CPT-Vernon Proof CPT", Some(11), false), (265, "/run/media/peet/Data-500GB/Work-FB/FB-2015-Fairview Exported", Some(11), false), (264, "/run/media/peet/Data-500GB/Work-FB/FB-2015-Jansenville", Some(11), false), (263, "/run/media/peet/Data-500GB/Work-FB/FB-2015-KZN Farm Gates", Some(11), false), (262, "/run/media/peet/Data-500GB/Work-FB/FB-2015-Mercedes", Some(11), false), (261, "/run/media/peet/Data-500GB/Work-FB/FB-2015-Zwide", Some(11), false), (260, "/run/media/peet/Data-500GB/Work-FB/FB-2016-Borbot", Some(11), false), (259, "/run/media/peet/Data-500GB/Work-FB/FB-2016-Coke", Some(11), false), (258, "/run/media/peet/Data-500GB/Work-FB/FB-2016-Patensie", Some(11), false), (257, "/run/media/peet/Data-500GB/Work-FB/FB-2016-Plet-Curbs", Some(11), false), (256, "/run/media/peet/Data-500GB/Work-FB/FB-2016-Sunshine School", Some(11), false), (255, "/run/media/peet/Data-500GB/Work-FB/FB-2017-FourLeaf", Some(11), false), (254, "/run/media/peet/Data-500GB/Work-FB/FB-2017-KZN-Lusiki", Some(11), false), (253, "/run/media/peet/Data-500GB/Work-FB/FB-2017-Schools Uitenhage", Some(11), false), (252, "/run/media/peet/Data-500GB/Work-FB/FB-2018-Galaxy Bingo", Some(11), false), (251, "/run/media/peet/Data-500GB/Work-FB/FB-2019-BCM Zoo", Some(11), false), (250, "/run/media/peet/Data-500GB/Work-FB/FB-2019-Bokka-Struandale", Some(11), false), (249, "/run/media/peet/Data-500GB/Work-FB/FB-2019-CPT-Spar", Some(11), false), (248, "/run/media/peet/Data-500GB/Work-FB/FB-2019-CPT-Wemmershoek", Some(11), false), (247, "/run/media/peet/Data-500GB/Work-FB/FB-2019-Diamond Mesh Fence", Some(11), false), (246, "/run/media/peet/Data-500GB/Work-FB/FB-2019-EC College", Some(11), false), (245, "/run/media/peet/Data-500GB/Work-FB/FB-2019-Kareedouw", Some(11), false), (244, "/run/media/peet/Data-500GB/Work-FB/FB-2019-NMU-SolarFence", Some(11), false), (243, "/run/media/peet/Data-500GB/Work-FB/FB-2019-Precast Swim", Some(11), false), (242, "/run/media/peet/Data-500GB/Work-FB/FB-2019-Summerstrand", Some(11), false), (241, "/run/media/peet/Data-500GB/Work-FB/FB-2019-Tsogo Sun", Some(11), false), (240, "/run/media/peet/Data-500GB/Work-FB/FB-2019-WBHO Walmer Village", Some(11), false), (239, "/run/media/peet/Data-500GB/Work-FB/FB-2019-WebCars", Some(11), false), (238, "/run/media/peet/Data-500GB/Work-FB/FB-2020-9th Avenue", Some(11), false), (237, "/run/media/peet/Data-500GB/Work-FB/FB-2020-Betafence Municipal", Some(11), false), (236, "/run/media/peet/Data-500GB/Work-FB/FB-2020-Carlton Court", Some(11), false), (235, "/run/media/peet/Data-500GB/Work-FB/FB-2020-CellC", Some(11), false), (234, "/run/media/peet/Data-500GB/Work-FB/FB-2020-Circular Drive Building", Some(11), false), (233, "/run/media/peet/Data-500GB/Work-FB/FB-2020-CTM", Some(11), false), (232, "/run/media/peet/Data-500GB/Work-FB/FB-2020-CureDay Hospital", Some(11), false), (231, "/run/media/peet/Data-500GB/Work-FB/FB-2020-Diere Kliniek", Some(11), false), (230, "/run/media/peet/Data-500GB/Work-FB/FB-2020-Execu Cut", Some(11), false), (229, "/run/media/peet/Data-500GB/Work-FB/FB-2020-Galv Gate", Some(11), false), (228, "/run/media/peet/Data-500GB/Work-FB/FB-2020-Grootbrak", Some(11), false), (227, "/run/media/peet/Data-500GB/Work-FB/FB-2020-IDZ", Some(11), false), (226, "/run/media/peet/Data-500GB/Work-FB/FB-2020-Kirkwood", Some(11), false), (225, "/run/media/peet/Data-500GB/Work-FB/FB-2020-LA Sport", Some(11), false), (224, "/run/media/peet/Data-500GB/Work-FB/FB-2020-Magnetic Storm", Some(11), false), (223, "/run/media/peet/Data-500GB/Work-FB/FB-2020-Sacremento", Some(11), false), (222, "/run/media/peet/Data-500GB/Work-FB/FB-2020-Summerstrand", Some(11), false), (221, "/run/media/peet/Data-500GB/Work-FB/FB-2020-Summerstrand Village", Some(11), false), (220, "/run/media/peet/Data-500GB/Work-FB/FB-2020-Sundays River", Some(11), false), (219, "/run/media/peet/Data-500GB/Work-FB/FB-2020-Turfag", Some(11), false), (218, "/run/media/peet/Data-500GB/Work-FB/FB-2020-TVET Lovedale", Some(11), false), (217, "/run/media/peet/Data-500GB/Work-FB/FB-2020-VW", Some(11), false), (216, "/run/media/peet/Data-500GB/Work-FB/FB-2020-WaterWorks Fence Summerstrand", Some(11), false), (215, "/run/media/peet/Data-500GB/Work-FB/FB-2021-Ambition", Some(11), false), (214, "/run/media/peet/Data-500GB/Work-FB/FB-2021-Aspen", Some(11), false), (213, "/run/media/peet/Data-500GB/Work-FB/FB-2021-AutoCast", Some(11), false), (212, "/run/media/peet/Data-500GB/Work-FB/FB-2021-Claudio", Some(11), false), (211, "/run/media/peet/Data-500GB/Work-FB/FB-2021-ConCrete Blocks", Some(11), false), (210, "/run/media/peet/Data-500GB/Work-FB/FB-2021-CPT-Stillbaai", Some(11), false), (209, "/run/media/peet/Data-500GB/Work-FB/FB-2021-CPT-Various", Some(11), false), (208, "/run/media/peet/Data-500GB/Work-FB/FB-2021-Custom Gates", Some(11), false), (207, "/run/media/peet/Data-500GB/Work-FB/FB-2021-Dam ClearVu Fence", Some(11), false), (206, "/run/media/peet/Data-500GB/Work-FB/FB-2021-Flats", Some(11), false), (205, "/run/media/peet/Data-500GB/Work-FB/FB-2021-Gas Tank Fence", Some(11), false), (204, "/run/media/peet/Data-500GB/Work-FB/FB-2021-GasWorks", Some(11), false), (203, "/run/media/peet/Data-500GB/Work-FB/FB-2021-George-Electric", Some(11), false), (202, "/run/media/peet/Data-500GB/Work-FB/FB-2021-JBay", Some(11), false), (201, "/run/media/peet/Data-500GB/Work-FB/FB-2021-Latterday", Some(11), false), (200, "/run/media/peet/Data-500GB/Work-FB/FB-2021-Lori", Some(11), false), (199, "/run/media/peet/Data-500GB/Work-FB/FB-2021-MCDonalds", Some(11), false), (198, "/run/media/peet/Data-500GB/Work-FB/FB-2021-Munilek", Some(11), false), (197, "/run/media/peet/Data-500GB/Work-FB/FB-2021-Newton Park Library", Some(11), false), (196, "/run/media/peet/Data-500GB/Work-FB/FB-2021-Oyster Bay Wind Farm", Some(11), false), (195, "/run/media/peet/Data-500GB/Work-FB/FB-2021-Peddie", Some(11), false), (194, "/run/media/peet/Data-500GB/Work-FB/FB-2021-Precast", Some(11), false), (193, "/run/media/peet/Data-500GB/Work-FB/FB-2021-Spar", Some(11), false), (192, "/run/media/peet/Data-500GB/Work-FB/FB-2021-StJoseph", Some(11), false), (191, "/run/media/peet/Data-500GB/Work-FB/FB-2021-WBHO", Some(11), false), (190, "/run/media/peet/Data-500GB/Work-FB/FB-2021-Westbrook", Some(11), false), (189, "/run/media/peet/Data-500GB/Work-FB/FB-2021-Wilandi", Some(11), false), (188, "/run/media/peet/Data-500GB/Work-FB/FB-2022-Agri Diptanks", Some(11), false), (187, "/run/media/peet/Data-500GB/Work-FB/FB-2022-Apostolic Church", Some(11), false), (186, "/run/media/peet/Data-500GB/Work-FB/FB-2022-Bennet-2022", Some(11), false), (185, "/run/media/peet/Data-500GB/Work-FB/FB-2022-Brick Wall", Some(11), false), (184, "/run/media/peet/Data-500GB/Work-FB/FB-2022-Continental", Some(11), false), (183, "/run/media/peet/Data-500GB/Work-FB/FB-2022-Corkwood", Some(11), false), (182, "/run/media/peet/Data-500GB/Work-FB/FB-2022-CPT-Airport", Some(11), false), (181, "/run/media/peet/Data-500GB/Work-FB/FB-2022-CPT-Various", Some(11), false), (180, "/run/media/peet/Data-500GB/Work-FB/FB-2022-CrownNational", Some(11), false), (179, "/run/media/peet/Data-500GB/Work-FB/FB-2022-EdgeDayHospital", Some(11), false), (178, "/run/media/peet/Data-500GB/Work-FB/FB-2022-EngenNewtonPark", Some(11), false), (177, "/run/media/peet/Data-500GB/Work-FB/FB-2022-Garages", Some(11), false), (176, "/run/media/peet/Data-500GB/Work-FB/FB-2022-Gasbottle Cage", Some(11), false), (175, "/run/media/peet/Data-500GB/Work-FB/FB-2022-George CV", Some(11), false), (174, "/run/media/peet/Data-500GB/Work-FB/FB-2022-HoepelFence", Some(11), false), (173, "/run/media/peet/Data-500GB/Work-FB/FB-2022-MariaMaan", Some(11), false), (172, "/run/media/peet/Data-500GB/Work-FB/FB-2022-Mdantsane CV", Some(11), false), (171, "/run/media/peet/Data-500GB/Work-FB/FB-2022-PreCast", Some(11), false), (170, "/run/media/peet/Data-500GB/Work-FB/FB-2022-RoyalBuffalo-Pt1", Some(11), false), (169, "/run/media/peet/Data-500GB/Work-FB/FB-2022-RoyalBuffalo-Pt2", Some(11), false), (168, "/run/media/peet/Data-500GB/Work-FB/FB-2022-Ruwacon George Metro Housing", Some(11), false), (167, "/run/media/peet/Data-500GB/Work-FB/FB-2022-StAlbans", Some(11), false), (166, "/run/media/peet/Data-500GB/Work-FB/FB-2022-Summerstrand Bowling Club", Some(11), false), (165, "/run/media/peet/Data-500GB/Work-FB/FB-2022-UniversityStores", Some(11), false), (164, "/run/media/peet/Data-500GB/Work-FB/FB-2022-WedgeWood", Some(11), false), (163, "/run/media/peet/Data-500GB/Work-FB/FB-2022-Wela", Some(11), false), (162, "/run/media/peet/Data-500GB/Work-FB/FB-2022-WesteringHouse", Some(11), false), (161, "/run/media/peet/Data-500GB/Work-FB/FB-2023-Bennet-Grahamstown", Some(11), false), (160, "/run/media/peet/Data-500GB/Work-FB/FB-2023-Burgersdorp", Some(11), false), (159, "/run/media/peet/Data-500GB/Work-FB/FB-2023-CPT-Atuba Weskaap Horizon Prison", Some(11), false), (158, "/run/media/peet/Data-500GB/Work-FB/FB-2023-CPT-BeachRoad", Some(11), false), (157, "/run/media/peet/Data-500GB/Work-FB/FB-2023-CPT-Driekoppen Farm Weskaap", Some(11), false), (156, "/run/media/peet/Data-500GB/Work-FB/FB-2023-CPT-Get Worth Richmond Park Weskaap", Some(11), false), (155, "/run/media/peet/Data-500GB/Work-FB/FB-2023-CPT-Kayamnandi Weskaap", Some(11), false), (154, "/run/media/peet/Data-500GB/Work-FB/FB-2023-CPT-We Buy Cars Brackenfell Weskaap", Some(11), false), (153, "/run/media/peet/Data-500GB/Work-FB/FB-2023-CPT-WeBuyCards Montague", Some(11), false), (152, "/run/media/peet/Data-500GB/Work-FB/FB-2023-CTM", Some(11), false), (151, "/run/media/peet/Data-500GB/Work-FB/FB-2023-Defy", Some(11), false), (150, "/run/media/peet/Data-500GB/Work-FB/FB-2023-GiftofGivers", Some(11), false), (149, "/run/media/peet/Data-500GB/Work-FB/FB-2023-GrandPrix", Some(11), false), (148, "/run/media/peet/Data-500GB/Work-FB/FB-2023-KabegaHomeGate", Some(11), false), (147, "/run/media/peet/Data-500GB/Work-FB/FB-2023-LadySlipper", Some(11), false), (146, "/run/media/peet/Data-500GB/Work-FB/FB-2023-Morne Plaas", Some(11), false), (145, "/run/media/peet/Data-500GB/Work-FB/FB-2023-Netcare akeso", Some(11), false), (144, "/run/media/peet/Data-500GB/Work-FB/FB-2023-Pepcor", Some(11), false), (66, "/run/media/peet/Data-500GB/Work-FB/FB-2023-Precast-NMMU", Some(11), false), (143, "/run/media/peet/Data-500GB/Work-FB/FB-2023-SolarPlant", Some(11), false), (142, "/run/media/peet/Data-500GB/Work-FB/FB-2023-Station", Some(11), false), (141, "/run/media/peet/Data-500GB/Work-FB/FB-2023-Substation", Some(11), false), (140, "/run/media/peet/Data-500GB/Work-FB/FB-2023-WalmerRoad", Some(11), false), (139, "/run/media/peet/Data-500GB/Work-FB/FB-2024- Galvanized Security Fence", Some(11), false), (138, "/run/media/peet/Data-500GB/Work-FB/FB-2024-1 on York", Some(11), false), (137, "/run/media/peet/Data-500GB/Work-FB/FB-2024-1 on York  Lifestyle Development", Some(11), false), (136, "/run/media/peet/Data-500GB/Work-FB/FB-2024-64 Pickering-ClearVu Fence", Some(11), false), (135, "/run/media/peet/Data-500GB/Work-FB/FB-2024-Aspen Internal Storage", Some(11), false), (134, "/run/media/peet/Data-500GB/Work-FB/FB-2024-Barrow-Eva-Last Gate", Some(11), false), (133, "/run/media/peet/Data-500GB/Work-FB/FB-2024-Boxer", Some(11), false), (132, "/run/media/peet/Data-500GB/Work-FB/FB-2024-Burgersdorp Sportsfield", Some(11), false), (131, "/run/media/peet/Data-500GB/Work-FB/FB-2024-CarPort", Some(11), false), (130, "/run/media/peet/Data-500GB/Work-FB/FB-2024-ClearVu Engen on York Street - George", Some(11), false), (129, "/run/media/peet/Data-500GB/Work-FB/FB-2024-Collegiate", Some(11), false), (128, "/run/media/peet/Data-500GB/Work-FB/FB-2024-Collegiate-JNR", Some(11), false), (127, "/run/media/peet/Data-500GB/Work-FB/FB-2024-Container", Some(11), false), (126, "/run/media/peet/Data-500GB/Work-FB/FB-2024-CPT-Eskom", Some(11), false), (125, "/run/media/peet/Data-500GB/Work-FB/FB-2024-CPT-Precast", Some(11), false), (124, "/run/media/peet/Data-500GB/Work-FB/FB-2024-CPT-Uitkyk", Some(11), false), (123, "/run/media/peet/Data-500GB/Work-FB/FB-2024-CPT-Value Logistics", Some(11), false), (122, "/run/media/peet/Data-500GB/Work-FB/FB-2024-CPT-Value-Electric-Fence", Some(11), false), (121, "/run/media/peet/Data-500GB/Work-FB/FB-2024-Crimpers", Some(11), false), (120, "/run/media/peet/Data-500GB/Work-FB/FB-2024-Dana", Some(11), false), (119, "/run/media/peet/Data-500GB/Work-FB/FB-2024-DanaSpice", Some(11), false), (118, "/run/media/peet/Data-500GB/Work-FB/FB-2024-Diamond Mesh", Some(11), false), (117, "/run/media/peet/Data-500GB/Work-FB/FB-2024-Engen Mossel Bay", Some(11), false), (116, "/run/media/peet/Data-500GB/Work-FB/FB-2024-FarmBonnox", Some(11), false), (115, "/run/media/peet/Data-500GB/Work-FB/FB-2024-FarmFence", Some(11), false), (114, "/run/media/peet/Data-500GB/Work-FB/FB-2024-FarmMesh", Some(11), false), (113, "/run/media/peet/Data-500GB/Work-FB/FB-2024-Gansevlei", Some(11), false), (112, "/run/media/peet/Data-500GB/Work-FB/FB-2024-George-ClearVu", Some(11), false), (111, "/run/media/peet/Data-500GB/Work-FB/FB-2024-George-Meadows", Some(11), false), (110, "/run/media/peet/Data-500GB/Work-FB/FB-2024-HartDr", Some(11), false), (109, "/run/media/peet/Data-500GB/Work-FB/FB-2024-High Security Mesch Fence", Some(11), false), (108, "/run/media/peet/Data-500GB/Work-FB/FB-2024-HMF Pferd", Some(11), false), (107, "/run/media/peet/Data-500GB/Work-FB/FB-2024-Internal Fence", Some(11), false), (106, "/run/media/peet/Data-500GB/Work-FB/FB-2024-KPMG-Parkland Fence", Some(11), false), (105, "/run/media/peet/Data-500GB/Work-FB/FB-2024-Mossel Cove", Some(11), false), (104, "/run/media/peet/Data-500GB/Work-FB/FB-2024-NG Kerk BlueWBay", Some(11), false), (103, "/run/media/peet/Data-500GB/Work-FB/FB-2024-NMMU", Some(11), false), (102, "/run/media/peet/Data-500GB/Work-FB/FB-2024-NMU-Entrance", Some(11), false), (101, "/run/media/peet/Data-500GB/Work-FB/FB-2024-PreCast Walls", Some(11), false), (100, "/run/media/peet/Data-500GB/Work-FB/FB-2024-Property Fence-JBAY", Some(11), false), (99, "/run/media/peet/Data-500GB/Work-FB/FB-2024-PV Plant", Some(11), false), (98, "/run/media/peet/Data-500GB/Work-FB/FB-2024-Quarantine Area", Some(11), false), (97, "/run/media/peet/Data-500GB/Work-FB/FB-2024-Roland", Some(11), false), (96, "/run/media/peet/Data-500GB/Work-FB/FB-2024-ShowClearVU-AlgoaGolf", Some(11), false), (95, "/run/media/peet/Data-500GB/Work-FB/FB-2024-Silver Fence", Some(11), false), (94, "/run/media/peet/Data-500GB/Work-FB/FB-2024-WalmerGolfClub", Some(11), false), (93, "/run/media/peet/Data-500GB/Work-FB/FB-2024-WedgeWood", Some(11), false), (92, "/run/media/peet/Data-500GB/Work-FB/FB-2024-Wik-Padel", Some(11), false), (25, "/run/media/peet/Data-500GB/Work-FB/FB-2025-Astron Hobie Beach", Some(11), false), (91, "/run/media/peet/Data-500GB/Work-FB/FB-2025-Bitou Municipal", Some(11), false), (90, "/run/media/peet/Data-500GB/Work-FB/FB-2025-ClearVu Secured Flats", Some(11), false), (67, "/run/media/peet/Data-500GB/Work-FB/FB-2025-ClearVu-Home-Parsons Hill", Some(11), false), (41, "/run/media/peet/Data-500GB/Work-FB/FB-2025-Cnr Circular", Some(11), false), (89, "/run/media/peet/Data-500GB/Work-FB/FB-2025-Community Service", Some(11), false), (46, "/run/media/peet/Data-500GB/Work-FB/FB-2025-Courier Guys", Some(11), false), (88, "/run/media/peet/Data-500GB/Work-FB/FB-2025-Courier Guys PE", Some(11), false), (42, "/run/media/peet/Data-500GB/Work-FB/FB-2025-CustomClearVu", Some(11), false), (87, "/run/media/peet/Data-500GB/Work-FB/FB-2025-EL-Cages", Some(11), false), (86, "/run/media/peet/Data-500GB/Work-FB/FB-2025-Electric Cage", Some(11), false), (85, "/run/media/peet/Data-500GB/Work-FB/FB-2025-Electric Fences", Some(11), false), (84, "/run/media/peet/Data-500GB/Work-FB/FB-2025-Equinox", Some(11), false), (83, "/run/media/peet/Data-500GB/Work-FB/FB-2025-Food Lovers-Knysna", Some(11), false), (82, "/run/media/peet/Data-500GB/Work-FB/FB-2025-FUCHS", Some(11), false), (54, "/run/media/peet/Data-500GB/Work-FB/FB-2025-George-BuiltIT", Some(11), false), (81, "/run/media/peet/Data-500GB/Work-FB/FB-2025-Grootbrak", Some(11), false), (27, "/run/media/peet/Data-500GB/Work-FB/FB-2025-Internal Goods Gages", Some(11), false), (80, "/run/media/peet/Data-500GB/Work-FB/FB-2025-Internal Warehouse Fence", Some(11), false), (26, "/run/media/peet/Data-500GB/Work-FB/FB-2025-Kingswood Golf Estate", Some(11), false), (79, "/run/media/peet/Data-500GB/Work-FB/FB-2025-Matercars", Some(11), false), (12, "/run/media/peet/Data-500GB/Work-FB/FB-2025-Meerkat Aug 2025", Some(11), false), (78, "/run/media/peet/Data-500GB/Work-FB/FB-2025-Meerkat Site", Some(11), false), (20, "/run/media/peet/Data-500GB/Work-FB/FB-2025-N2-Kraaibos", Some(11), false), (29, "/run/media/peet/Data-500GB/Work-FB/FB-2025-Parkland-Memories", Some(11), false), (14, "/run/media/peet/Data-500GB/Work-FB/FB-2025-PE Golf Club", Some(11), false), (77, "/run/media/peet/Data-500GB/Work-FB/FB-2025-Pedestrian Hand Railing", Some(11), false), (76, "/run/media/peet/Data-500GB/Work-FB/FB-2025-Plet-Boardwalk Estate", Some(11), false), (75, "/run/media/peet/Data-500GB/Work-FB/FB-2025-Plet-Langdown", Some(11), false), (74, "/run/media/peet/Data-500GB/Work-FB/FB-2025-Plet-N2", Some(11), false), (73, "/run/media/peet/Data-500GB/Work-FB/FB-2025-Rhino Linings", Some(11), false), (72, "/run/media/peet/Data-500GB/Work-FB/FB-2025-Sentech", Some(11), false), (71, "/run/media/peet/Data-500GB/Work-FB/FB-2025-Somerset-East-Smart Electric fence", Some(11), false), (45, "/run/media/peet/Data-500GB/Work-FB/FB-2025-Spar", Some(11), false), (70, "/run/media/peet/Data-500GB/Work-FB/FB-2025-Techno Padel", Some(11), false), (69, "/run/media/peet/Data-500GB/Work-FB/FB-2025-Walmer Main Medical & Wellness", Some(11), false), (15, "/run/media/peet/Data-500GB/Work-FB/FB-2025-WC-ClearVu Gates", Some(11), false), (68, "/run/media/peet/Data-500GB/Work-FB/FB-2025-Welfit", Some(11), false), (16, "/run/media/peet/Data-500GB/Work-FB/FB-2026-1 on York", Some(11), false), (36, "/run/media/peet/Data-500GB/Work-FB/FB-2026-Barbwire", Some(11), false), (44, "/run/media/peet/Data-500GB/Work-FB/FB-2026-ClearVu Door Frames", Some(11), false), (18, "/run/media/peet/Data-500GB/Work-FB/FB-2026-ClearVu Modern Design", Some(11), false), (32, "/run/media/peet/Data-500GB/Work-FB/FB-2026-Coastland Sales", Some(11), false), (40, "/run/media/peet/Data-500GB/Work-FB/FB-2026-Concrete Palisade", Some(11), false), (43, "/run/media/peet/Data-500GB/Work-FB/FB-2026-Creche", Some(11), false), (52, "/run/media/peet/Data-500GB/Work-FB/FB-2026-DanaSpicer", Some(11), false), (31, "/run/media/peet/Data-500GB/Work-FB/FB-2026-DoxaDuo", Some(11), false), (50, "/run/media/peet/Data-500GB/Work-FB/FB-2026-Eden Pump Station", Some(11), false), (21, "/run/media/peet/Data-500GB/Work-FB/FB-2026-EdenPumpStation-2", Some(11), false), (22, "/run/media/peet/Data-500GB/Work-FB/FB-2026-Electric Fencing", Some(11), false), (49, "/run/media/peet/Data-500GB/Work-FB/FB-2026-George Medi Clinic", Some(11), false), (13, "/run/media/peet/Data-500GB/Work-FB/FB-2026-Mokala National Park", Some(11), false), (24, "/run/media/peet/Data-500GB/Work-FB/FB-2026-Plett Mall", Some(11), false), (23, "/run/media/peet/Data-500GB/Work-FB/FB-2026-Plett Mall Parking", Some(11), false), (39, "/run/media/peet/Data-500GB/Work-FB/FB-2026-Precast", Some(11), false), (30, "/run/media/peet/Data-500GB/Work-FB/FB-2026-Quest Fuel Station", Some(11), false), (38, "/run/media/peet/Data-500GB/Work-FB/FB-2026-RazorWire", Some(11), false), (28, "/run/media/peet/Data-500GB/Work-FB/FB-2026-Residential ClearVu", Some(11), false), (37, "/run/media/peet/Data-500GB/Work-FB/FB-2026-Steel Barriers", Some(11), false), (35, "/run/media/peet/Data-500GB/Work-FB/FB-2026-Steel Palisade", Some(11), false), (48, "/run/media/peet/Data-500GB/Work-FB/FB-2026-Temp Fence", Some(11), false), (47, "/run/media/peet/Data-500GB/Work-FB/FB-2026-The Market Square", Some(11), false), (53, "/run/media/peet/Data-500GB/Work-FB/FB-2026-The Padel Centre", Some(11), false), (51, "/run/media/peet/Data-500GB/Work-FB/FB-2026-Tiger Bay", Some(11), false), (34, "/run/media/peet/Data-500GB/Work-FB/FB-2026-Tunnel Mesh Fence", Some(11), false), (19, "/run/media/peet/Data-500GB/Work-FB/FB-2026-WC-Seahorse-Apartments", Some(11), false), (17, "/run/media/peet/Data-500GB/Work-FB/FB-2026-WC-Water Purification Plant", Some(11), false), (33, "/run/media/peet/Data-500GB/Work-FB/FB-2026-WIndmeuleggs", Some(11), false), (65, "/run/media/peet/Data-500GB/Work-FB/FB-Staff-Bokkie", Some(11), false), (64, "/run/media/peet/Data-500GB/Work-FB/FB-Staff-Heritage Day 2021", Some(11), false), (63, "/run/media/peet/Data-500GB/Work-FB/FB-Staff-Heritage Day 2022", Some(11), false), (62, "/run/media/peet/Data-500GB/Work-FB/FB-Staff-Heritage Day 2023", Some(11), false), (61, "/run/media/peet/Data-500GB/Work-FB/FB-Staff-Heritage Day 2024", Some(11), false), (60, "/run/media/peet/Data-500GB/Work-FB/FB-Staff-Welders", Some(11), false), (59, "/run/media/peet/Data-500GB/Work-FB/FB-Staff-Welders-2023", Some(11), false), (58, "/run/media/peet/Data-500GB/Work-FB/FB-Staff-Workers 2020", Some(11), false), (57, "/run/media/peet/Data-500GB/Work-FB/FB-Staff-Xmas-Elves-2020", Some(11), false), (56, "/run/media/peet/Data-500GB/Work-FB/FB-Staff-Xmas21", Some(11), false), (55, "/run/media/peet/Data-500GB/Work-FB/FB-Wallpers", Some(11), false), (275, "/run/media/peet/Data-nmv", Some(9), false), (276, "/run/media/peet/Data-nmv/Seesa pics", Some(275), true)]
UI PERF scroll_handler pick_calls=1 pick_ms=0 scan_ms=0 header_ms=0 sidebar_ms=4 total_ms=5 y=15208.355023303693
UI PERF scroll_handler pick_calls=1 pick_ms=0 scan_ms=0 header_ms=0 sidebar_ms=0 total_ms=0 y=15208
UI PERF scroll_handler pick_calls=1 pick_ms=0 scan_ms=0 header_ms=0 sidebar_ms=0 total_ms=0 y=15301.355023303693
UI PERF scroll_handler pick_calls=1 pick_ms=0 scan_ms=0 header_ms=0 sidebar_ms=0 total_ms=0 y=15301
UI PERF scroll_handler pick_calls=1 pick_ms=0 scan_ms=0 header_ms=0 sidebar_ms=0 total_ms=0 y=15394.355023303693
UI PERF scroll_handler pick_calls=1 pick_ms=0 scan_ms=0 header_ms=0 sidebar_ms=0 total_ms=0 y=15394
FOLDER TRACE sidebar folders=282 roots=[1, 9] relationships=[(1, "/", None, false), (2, "/home", Some(1), false), (3, "/home/peet", Some(2), false), (4, "/home/peet/Pictures", Some(3), true), (5, "/home/peet/Pictures/biophoto", Some(4), false), (6, "/home/peet/Pictures/biophoto/face", Some(5), false), (8, "/home/peet/Pictures/Hmf", Some(4), false), (7, "/home/peet/Pictures/Screenshots", Some(4), false), (9, "/run/media/peet", None, false), (10, "/run/media/peet/Data-500GB", Some(9), false), (277, "/run/media/peet/Data-500GB/Work-All", Some(10), false), (281, "/run/media/peet/Data-500GB/Work-All/Work - 2013", Some(277), true), (282, "/run/media/peet/Data-500GB/Work-All/Work - 2013/Toilets", Some(281), false), (278, "/run/media/peet/Data-500GB/Work-All/Work - 2017", Some(277), false), (279, "/run/media/peet/Data-500GB/Work-All/Work - 2017/jamjar", Some(278), true), (280, "/run/media/peet/Data-500GB/Work-All/Work - 2017/jamjar/.comments", Some(279), false), (11, "/run/media/peet/Data-500GB/Work-FB", Some(10), true), (274, "/run/media/peet/Data-500GB/Work-FB/Drone Building", Some(11), false), (273, "/run/media/peet/Data-500GB/Work-FB/FB-2015-Advice Centre", Some(11), false), (272, "/run/media/peet/Data-500GB/Work-FB/FB-2015-Coverland", Some(11), false), (271, "/run/media/peet/Data-500GB/Work-FB/FB-2015-CPT--PaleisHeuwel", Some(11), false), (270, "/run/media/peet/Data-500GB/Work-FB/FB-2015-CPT-BuildersW", Some(11), false), (269, "/run/media/peet/Data-500GB/Work-FB/FB-2015-CPT-Sasol", Some(11), false), (268, "/run/media/peet/Data-500GB/Work-FB/FB-2015-CPT-Thyspunt", Some(11), false), (267, "/run/media/peet/Data-500GB/Work-FB/FB-2015-CPT-ValueLogistics", Some(11), false), (266, "/run/media/peet/Data-500GB/Work-FB/FB-2015-CPT-Vernon Proof CPT", Some(11), false), (265, "/run/media/peet/Data-500GB/Work-FB/FB-2015-Fairview Exported", Some(11), false), (264, "/run/media/peet/Data-500GB/Work-FB/FB-2015-Jansenville", Some(11), false), (263, "/run/media/peet/Data-500GB/Work-FB/FB-2015-KZN Farm Gates", Some(11), false), (262, "/run/media/peet/Data-500GB/Work-FB/FB-2015-Mercedes", Some(11), false), (261, "/run/media/peet/Data-500GB/Work-FB/FB-2015-Zwide", Some(11), false), (260, "/run/media/peet/Data-500GB/Work-FB/FB-2016-Borbot", Some(11), false), (259, "/run/media/peet/Data-500GB/Work-FB/FB-2016-Coke", Some(11), false), (258, "/run/media/peet/Data-500GB/Work-FB/FB-2016-Patensie", Some(11), false), (257, "/run/media/peet/Data-500GB/Work-FB/FB-2016-Plet-Curbs", Some(11), false), (256, "/run/media/peet/Data-500GB/Work-FB/FB-2016-Sunshine School", Some(11), false), (255, "/run/media/peet/Data-500GB/Work-FB/FB-2017-FourLeaf", Some(11), false), (254, "/run/media/peet/Data-500GB/Work-FB/FB-2017-KZN-Lusiki", Some(11), false), (253, "/run/media/peet/Data-500GB/Work-FB/FB-2017-Schools Uitenhage", Some(11), false), (252, "/run/media/peet/Data-500GB/Work-FB/FB-2018-Galaxy Bingo", Some(11), false), (251, "/run/media/peet/Data-500GB/Work-FB/FB-2019-BCM Zoo", Some(11), false), (250, "/run/media/peet/Data-500GB/Work-FB/FB-2019-Bokka-Struandale", Some(11), false), (249, "/run/media/peet/Data-500GB/Work-FB/FB-2019-CPT-Spar", Some(11), false), (248, "/run/media/peet/Data-500GB/Work-FB/FB-2019-CPT-Wemmershoek", Some(11), false), (247, "/run/media/peet/Data-500GB/Work-FB/FB-2019-Diamond Mesh Fence", Some(11), false), (246, "/run/media/peet/Data-500GB/Work-FB/FB-2019-EC College", Some(11), false), (245, "/run/media/peet/Data-500GB/Work-FB/FB-2019-Kareedouw", Some(11), false), (244, "/run/media/peet/Data-500GB/Work-FB/FB-2019-NMU-SolarFence", Some(11), false), (243, "/run/media/peet/Data-500GB/Work-FB/FB-2019-Precast Swim", Some(11), false), (242, "/run/media/peet/Data-500GB/Work-FB/FB-2019-Summerstrand", Some(11), false), (241, "/run/media/peet/Data-500GB/Work-FB/FB-2019-Tsogo Sun", Some(11), false), (240, "/run/media/peet/Data-500GB/Work-FB/FB-2019-WBHO Walmer Village", Some(11), false), (239, "/run/media/peet/Data-500GB/Work-FB/FB-2019-WebCars", Some(11), false), (238, "/run/media/peet/Data-500GB/Work-FB/FB-2020-9th Avenue", Some(11), false), (237, "/run/media/peet/Data-500GB/Work-FB/FB-2020-Betafence Municipal", Some(11), false), (236, "/run/media/peet/Data-500GB/Work-FB/FB-2020-Carlton Court", Some(11), false), (235, "/run/media/peet/Data-500GB/Work-FB/FB-2020-CellC", Some(11), false), (234, "/run/media/peet/Data-500GB/Work-FB/FB-2020-Circular Drive Building", Some(11), false), (233, "/run/media/peet/Data-500GB/Work-FB/FB-2020-CTM", Some(11), false), (232, "/run/media/peet/Data-500GB/Work-FB/FB-2020-CureDay Hospital", Some(11), false), (231, "/run/media/peet/Data-500GB/Work-FB/FB-2020-Diere Kliniek", Some(11), false), (230, "/run/media/peet/Data-500GB/Work-FB/FB-2020-Execu Cut", Some(11), false), (229, "/run/media/peet/Data-500GB/Work-FB/FB-2020-Galv Gate", Some(11), false), (228, "/run/media/peet/Data-500GB/Work-FB/FB-2020-Grootbrak", Some(11), false), (227, "/run/media/peet/Data-500GB/Work-FB/FB-2020-IDZ", Some(11), false), (226, "/run/media/peet/Data-500GB/Work-FB/FB-2020-Kirkwood", Some(11), false), (225, "/run/media/peet/Data-500GB/Work-FB/FB-2020-LA Sport", Some(11), false), (224, "/run/media/peet/Data-500GB/Work-FB/FB-2020-Magnetic Storm", Some(11), false), (223, "/run/media/peet/Data-500GB/Work-FB/FB-2020-Sacremento", Some(11), false), (222, "/run/media/peet/Data-500GB/Work-FB/FB-2020-Summerstrand", Some(11), false), (221, "/run/media/peet/Data-500GB/Work-FB/FB-2020-Summerstrand Village", Some(11), false), (220, "/run/media/peet/Data-500GB/Work-FB/FB-2020-Sundays River", Some(11), false), (219, "/run/media/peet/Data-500GB/Work-FB/FB-2020-Turfag", Some(11), false), (218, "/run/media/peet/Data-500GB/Work-FB/FB-2020-TVET Lovedale", Some(11), false), (217, "/run/media/peet/Data-500GB/Work-FB/FB-2020-VW", Some(11), false), (216, "/run/media/peet/Data-500GB/Work-FB/FB-2020-WaterWorks Fence Summerstrand", Some(11), false), (215, "/run/media/peet/Data-500GB/Work-FB/FB-2021-Ambition", Some(11), false), (214, "/run/media/peet/Data-500GB/Work-FB/FB-2021-Aspen", Some(11), false), (213, "/run/media/peet/Data-500GB/Work-FB/FB-2021-AutoCast", Some(11), false), (212, "/run/media/peet/Data-500GB/Work-FB/FB-2021-Claudio", Some(11), false), (211, "/run/media/peet/Data-500GB/Work-FB/FB-2021-ConCrete Blocks", Some(11), false), (210, "/run/media/peet/Data-500GB/Work-FB/FB-2021-CPT-Stillbaai", Some(11), false), (209, "/run/media/peet/Data-500GB/Work-FB/FB-2021-CPT-Various", Some(11), false), (208, "/run/media/peet/Data-500GB/Work-FB/FB-2021-Custom Gates", Some(11), false), (207, "/run/media/peet/Data-500GB/Work-FB/FB-2021-Dam ClearVu Fence", Some(11), false), (206, "/run/media/peet/Data-500GB/Work-FB/FB-2021-Flats", Some(11), false), (205, "/run/media/peet/Data-500GB/Work-FB/FB-2021-Gas Tank Fence", Some(11), false), (204, "/run/media/peet/Data-500GB/Work-FB/FB-2021-GasWorks", Some(11), false), (203, "/run/media/peet/Data-500GB/Work-FB/FB-2021-George-Electric", Some(11), false), (202, "/run/media/peet/Data-500GB/Work-FB/FB-2021-JBay", Some(11), false), (201, "/run/media/peet/Data-500GB/Work-FB/FB-2021-Latterday", Some(11), false), (200, "/run/media/peet/Data-500GB/Work-FB/FB-2021-Lori", Some(11), false), (199, "/run/media/peet/Data-500GB/Work-FB/FB-2021-MCDonalds", Some(11), false), (198, "/run/media/peet/Data-500GB/Work-FB/FB-2021-Munilek", Some(11), false), (197, "/run/media/peet/Data-500GB/Work-FB/FB-2021-Newton Park Library", Some(11), false), (196, "/run/media/peet/Data-500GB/Work-FB/FB-2021-Oyster Bay Wind Farm", Some(11), false), (195, "/run/media/peet/Data-500GB/Work-FB/FB-2021-Peddie", Some(11), false), (194, "/run/media/peet/Data-500GB/Work-FB/FB-2021-Precast", Some(11), false), (193, "/run/media/peet/Data-500GB/Work-FB/FB-2021-Spar", Some(11), false), (192, "/run/media/peet/Data-500GB/Work-FB/FB-2021-StJoseph", Some(11), false), (191, "/run/media/peet/Data-500GB/Work-FB/FB-2021-WBHO", Some(11), false), (190, "/run/media/peet/Data-500GB/Work-FB/FB-2021-Westbrook", Some(11), false), (189, "/run/media/peet/Data-500GB/Work-FB/FB-2021-Wilandi", Some(11), false), (188, "/run/media/peet/Data-500GB/Work-FB/FB-2022-Agri Diptanks", Some(11), false), (187, "/run/media/peet/Data-500GB/Work-FB/FB-2022-Apostolic Church", Some(11), false), (186, "/run/media/peet/Data-500GB/Work-FB/FB-2022-Bennet-2022", Some(11), false), (185, "/run/media/peet/Data-500GB/Work-FB/FB-2022-Brick Wall", Some(11), false), (184, "/run/media/peet/Data-500GB/Work-FB/FB-2022-Continental", Some(11), false), (183, "/run/media/peet/Data-500GB/Work-FB/FB-2022-Corkwood", Some(11), false), (182, "/run/media/peet/Data-500GB/Work-FB/FB-2022-CPT-Airport", Some(11), false), (181, "/run/media/peet/Data-500GB/Work-FB/FB-2022-CPT-Various", Some(11), false), (180, "/run/media/peet/Data-500GB/Work-FB/FB-2022-CrownNational", Some(11), false), (179, "/run/media/peet/Data-500GB/Work-FB/FB-2022-EdgeDayHospital", Some(11), false), (178, "/run/media/peet/Data-500GB/Work-FB/FB-2022-EngenNewtonPark", Some(11), false), (177, "/run/media/peet/Data-500GB/Work-FB/FB-2022-Garages", Some(11), false), (176, "/run/media/peet/Data-500GB/Work-FB/FB-2022-Gasbottle Cage", Some(11), false), (175, "/run/media/peet/Data-500GB/Work-FB/FB-2022-George CV", Some(11), false), (174, "/run/media/peet/Data-500GB/Work-FB/FB-2022-HoepelFence", Some(11), false), (173, "/run/media/peet/Data-500GB/Work-FB/FB-2022-MariaMaan", Some(11), false), (172, "/run/media/peet/Data-500GB/Work-FB/FB-2022-Mdantsane CV", Some(11), false), (171, "/run/media/peet/Data-500GB/Work-FB/FB-2022-PreCast", Some(11), false), (170, "/run/media/peet/Data-500GB/Work-FB/FB-2022-RoyalBuffalo-Pt1", Some(11), false), (169, "/run/media/peet/Data-500GB/Work-FB/FB-2022-RoyalBuffalo-Pt2", Some(11), false), (168, "/run/media/peet/Data-500GB/Work-FB/FB-2022-Ruwacon George Metro Housing", Some(11), false), (167, "/run/media/peet/Data-500GB/Work-FB/FB-2022-StAlbans", Some(11), false), (166, "/run/media/peet/Data-500GB/Work-FB/FB-2022-Summerstrand Bowling Club", Some(11), false), (165, "/run/media/peet/Data-500GB/Work-FB/FB-2022-UniversityStores", Some(11), false), (164, "/run/media/peet/Data-500GB/Work-FB/FB-2022-WedgeWood", Some(11), false), (163, "/run/media/peet/Data-500GB/Work-FB/FB-2022-Wela", Some(11), false), (162, "/run/media/peet/Data-500GB/Work-FB/FB-2022-WesteringHouse", Some(11), false), (161, "/run/media/peet/Data-500GB/Work-FB/FB-2023-Bennet-Grahamstown", Some(11), false), (160, "/run/media/peet/Data-500GB/Work-FB/FB-2023-Burgersdorp", Some(11), false), (159, "/run/media/peet/Data-500GB/Work-FB/FB-2023-CPT-Atuba Weskaap Horizon Prison", Some(11), false), (158, "/run/media/peet/Data-500GB/Work-FB/FB-2023-CPT-BeachRoad", Some(11), false), (157, "/run/media/peet/Data-500GB/Work-FB/FB-2023-CPT-Driekoppen Farm Weskaap", Some(11), false), (156, "/run/media/peet/Data-500GB/Work-FB/FB-2023-CPT-Get Worth Richmond Park Weskaap", Some(11), false), (155, "/run/media/peet/Data-500GB/Work-FB/FB-2023-CPT-Kayamnandi Weskaap", Some(11), false), (154, "/run/media/peet/Data-500GB/Work-FB/FB-2023-CPT-We Buy Cars Brackenfell Weskaap", Some(11), false), (153, "/run/media/peet/Data-500GB/Work-FB/FB-2023-CPT-WeBuyCards Montague", Some(11), false), (152, "/run/media/peet/Data-500GB/Work-FB/FB-2023-CTM", Some(11), false), (151, "/run/media/peet/Data-500GB/Work-FB/FB-2023-Defy", Some(11), false), (150, "/run/media/peet/Data-500GB/Work-FB/FB-2023-GiftofGivers", Some(11), false), (149, "/run/media/peet/Data-500GB/Work-FB/FB-2023-GrandPrix", Some(11), false), (148, "/run/media/peet/Data-500GB/Work-FB/FB-2023-KabegaHomeGate", Some(11), false), (147, "/run/media/peet/Data-500GB/Work-FB/FB-2023-LadySlipper", Some(11), false), (146, "/run/media/peet/Data-500GB/Work-FB/FB-2023-Morne Plaas", Some(11), false), (145, "/run/media/peet/Data-500GB/Work-FB/FB-2023-Netcare akeso", Some(11), false), (144, "/run/media/peet/Data-500GB/Work-FB/FB-2023-Pepcor", Some(11), false), (66, "/run/media/peet/Data-500GB/Work-FB/FB-2023-Precast-NMMU", Some(11), false), (143, "/run/media/peet/Data-500GB/Work-FB/FB-2023-SolarPlant", Some(11), false), (142, "/run/media/peet/Data-500GB/Work-FB/FB-2023-Station", Some(11), false), (141, "/run/media/peet/Data-500GB/Work-FB/FB-2023-Substation", Some(11), false), (140, "/run/media/peet/Data-500GB/Work-FB/FB-2023-WalmerRoad", Some(11), false), (139, "/run/media/peet/Data-500GB/Work-FB/FB-2024- Galvanized Security Fence", Some(11), false), (138, "/run/media/peet/Data-500GB/Work-FB/FB-2024-1 on York", Some(11), false), (137, "/run/media/peet/Data-500GB/Work-FB/FB-2024-1 on York  Lifestyle Development", Some(11), false), (136, "/run/media/peet/Data-500GB/Work-FB/FB-2024-64 Pickering-ClearVu Fence", Some(11), false), (135, "/run/media/peet/Data-500GB/Work-FB/FB-2024-Aspen Internal Storage", Some(11), false), (134, "/run/media/peet/Data-500GB/Work-FB/FB-2024-Barrow-Eva-Last Gate", Some(11), false), (133, "/run/media/peet/Data-500GB/Work-FB/FB-2024-Boxer", Some(11), false), (132, "/run/media/peet/Data-500GB/Work-FB/FB-2024-Burgersdorp Sportsfield", Some(11), false), (131, "/run/media/peet/Data-500GB/Work-FB/FB-2024-CarPort", Some(11), false), (130, "/run/media/peet/Data-500GB/Work-FB/FB-2024-ClearVu Engen on York Street - George", Some(11), false), (129, "/run/media/peet/Data-500GB/Work-FB/FB-2024-Collegiate", Some(11), false), (128, "/run/media/peet/Data-500GB/Work-FB/FB-2024-Collegiate-JNR", Some(11), false), (127, "/run/media/peet/Data-500GB/Work-FB/FB-2024-Container", Some(11), false), (126, "/run/media/peet/Data-500GB/Work-FB/FB-2024-CPT-Eskom", Some(11), false), (125, "/run/media/peet/Data-500GB/Work-FB/FB-2024-CPT-Precast", Some(11), false), (124, "/run/media/peet/Data-500GB/Work-FB/FB-2024-CPT-Uitkyk", Some(11), false), (123, "/run/media/peet/Data-500GB/Work-FB/FB-2024-CPT-Value Logistics", Some(11), false), (122, "/run/media/peet/Data-500GB/Work-FB/FB-2024-CPT-Value-Electric-Fence", Some(11), false), (121, "/run/media/peet/Data-500GB/Work-FB/FB-2024-Crimpers", Some(11), false), (120, "/run/media/peet/Data-500GB/Work-FB/FB-2024-Dana", Some(11), false), (119, "/run/media/peet/Data-500GB/Work-FB/FB-2024-DanaSpice", Some(11), false), (118, "/run/media/peet/Data-500GB/Work-FB/FB-2024-Diamond Mesh", Some(11), false), (117, "/run/media/peet/Data-500GB/Work-FB/FB-2024-Engen Mossel Bay", Some(11), false), (116, "/run/media/peet/Data-500GB/Work-FB/FB-2024-FarmBonnox", Some(11), false), (115, "/run/media/peet/Data-500GB/Work-FB/FB-2024-FarmFence", Some(11), false), (114, "/run/media/peet/Data-500GB/Work-FB/FB-2024-FarmMesh", Some(11), false), (113, "/run/media/peet/Data-500GB/Work-FB/FB-2024-Gansevlei", Some(11), false), (112, "/run/media/peet/Data-500GB/Work-FB/FB-2024-George-ClearVu", Some(11), false), (111, "/run/media/peet/Data-500GB/Work-FB/FB-2024-George-Meadows", Some(11), false), (110, "/run/media/peet/Data-500GB/Work-FB/FB-2024-HartDr", Some(11), false), (109, "/run/media/peet/Data-500GB/Work-FB/FB-2024-High Security Mesch Fence", Some(11), false), (108, "/run/media/peet/Data-500GB/Work-FB/FB-2024-HMF Pferd", Some(11), false), (107, "/run/media/peet/Data-500GB/Work-FB/FB-2024-Internal Fence", Some(11), false), (106, "/run/media/peet/Data-500GB/Work-FB/FB-2024-KPMG-Parkland Fence", Some(11), false), (105, "/run/media/peet/Data-500GB/Work-FB/FB-2024-Mossel Cove", Some(11), false), (104, "/run/media/peet/Data-500GB/Work-FB/FB-2024-NG Kerk BlueWBay", Some(11), false), (103, "/run/media/peet/Data-500GB/Work-FB/FB-2024-NMMU", Some(11), false), (102, "/run/media/peet/Data-500GB/Work-FB/FB-2024-NMU-Entrance", Some(11), false), (101, "/run/media/peet/Data-500GB/Work-FB/FB-2024-PreCast Walls", Some(11), false), (100, "/run/media/peet/Data-500GB/Work-FB/FB-2024-Property Fence-JBAY", Some(11), false), (99, "/run/media/peet/Data-500GB/Work-FB/FB-2024-PV Plant", Some(11), false), (98, "/run/media/peet/Data-500GB/Work-FB/FB-2024-Quarantine Area", Some(11), false), (97, "/run/media/peet/Data-500GB/Work-FB/FB-2024-Roland", Some(11), false), (96, "/run/media/peet/Data-500GB/Work-FB/FB-2024-ShowClearVU-AlgoaGolf", Some(11), false), (95, "/run/media/peet/Data-500GB/Work-FB/FB-2024-Silver Fence", Some(11), false), (94, "/run/media/peet/Data-500GB/Work-FB/FB-2024-WalmerGolfClub", Some(11), false), (93, "/run/media/peet/Data-500GB/Work-FB/FB-2024-WedgeWood", Some(11), false), (92, "/run/media/peet/Data-500GB/Work-FB/FB-2024-Wik-Padel", Some(11), false), (25, "/run/media/peet/Data-500GB/Work-FB/FB-2025-Astron Hobie Beach", Some(11), false), (91, "/run/media/peet/Data-500GB/Work-FB/FB-2025-Bitou Municipal", Some(11), false), (90, "/run/media/peet/Data-500GB/Work-FB/FB-2025-ClearVu Secured Flats", Some(11), false), (67, "/run/media/peet/Data-500GB/Work-FB/FB-2025-ClearVu-Home-Parsons Hill", Some(11), false), (41, "/run/media/peet/Data-500GB/Work-FB/FB-2025-Cnr Circular", Some(11), false), (89, "/run/media/peet/Data-500GB/Work-FB/FB-2025-Community Service", Some(11), false), (46, "/run/media/peet/Data-500GB/Work-FB/FB-2025-Courier Guys", Some(11), false), (88, "/run/media/peet/Data-500GB/Work-FB/FB-2025-Courier Guys PE", Some(11), false), (42, "/run/media/peet/Data-500GB/Work-FB/FB-2025-CustomClearVu", Some(11), false), (87, "/run/media/peet/Data-500GB/Work-FB/FB-2025-EL-Cages", Some(11), false), (86, "/run/media/peet/Data-500GB/Work-FB/FB-2025-Electric Cage", Some(11), false), (85, "/run/media/peet/Data-500GB/Work-FB/FB-2025-Electric Fences", Some(11), false), (84, "/run/media/peet/Data-500GB/Work-FB/FB-2025-Equinox", Some(11), false), (83, "/run/media/peet/Data-500GB/Work-FB/FB-2025-Food Lovers-Knysna", Some(11), false), (82, "/run/media/peet/Data-500GB/Work-FB/FB-2025-FUCHS", Some(11), false), (54, "/run/media/peet/Data-500GB/Work-FB/FB-2025-George-BuiltIT", Some(11), false), (81, "/run/media/peet/Data-500GB/Work-FB/FB-2025-Grootbrak", Some(11), false), (27, "/run/media/peet/Data-500GB/Work-FB/FB-2025-Internal Goods Gages", Some(11), false), (80, "/run/media/peet/Data-500GB/Work-FB/FB-2025-Internal Warehouse Fence", Some(11), false), (26, "/run/media/peet/Data-500GB/Work-FB/FB-2025-Kingswood Golf Estate", Some(11), false), (79, "/run/media/peet/Data-500GB/Work-FB/FB-2025-Matercars", Some(11), false), (12, "/run/media/peet/Data-500GB/Work-FB/FB-2025-Meerkat Aug 2025", Some(11), false), (78, "/run/media/peet/Data-500GB/Work-FB/FB-2025-Meerkat Site", Some(11), false), (20, "/run/media/peet/Data-500GB/Work-FB/FB-2025-N2-Kraaibos", Some(11), false), (29, "/run/media/peet/Data-500GB/Work-FB/FB-2025-Parkland-Memories", Some(11), false), (14, "/run/media/peet/Data-500GB/Work-FB/FB-2025-PE Golf Club", Some(11), false), (77, "/run/media/peet/Data-500GB/Work-FB/FB-2025-Pedestrian Hand Railing", Some(11), false), (76, "/run/media/peet/Data-500GB/Work-FB/FB-2025-Plet-Boardwalk Estate", Some(11), false), (75, "/run/media/peet/Data-500GB/Work-FB/FB-2025-Plet-Langdown", Some(11), false), (74, "/run/media/peet/Data-500GB/Work-FB/FB-2025-Plet-N2", Some(11), false), (73, "/run/media/peet/Data-500GB/Work-FB/FB-2025-Rhino Linings", Some(11), false), (72, "/run/media/peet/Data-500GB/Work-FB/FB-2025-Sentech", Some(11), false), (71, "/run/media/peet/Data-500GB/Work-FB/FB-2025-Somerset-East-Smart Electric fence", Some(11), false), (45, "/run/media/peet/Data-500GB/Work-FB/FB-2025-Spar", Some(11), false), (70, "/run/media/peet/Data-500GB/Work-FB/FB-2025-Techno Padel", Some(11), false), (69, "/run/media/peet/Data-500GB/Work-FB/FB-2025-Walmer Main Medical & Wellness", Some(11), false), (15, "/run/media/peet/Data-500GB/Work-FB/FB-2025-WC-ClearVu Gates", Some(11), false), (68, "/run/media/peet/Data-500GB/Work-FB/FB-2025-Welfit", Some(11), false), (16, "/run/media/peet/Data-500GB/Work-FB/FB-2026-1 on York", Some(11), false), (36, "/run/media/peet/Data-500GB/Work-FB/FB-2026-Barbwire", Some(11), false), (44, "/run/media/peet/Data-500GB/Work-FB/FB-2026-ClearVu Door Frames", Some(11), false), (18, "/run/media/peet/Data-500GB/Work-FB/FB-2026-ClearVu Modern Design", Some(11), false), (32, "/run/media/peet/Data-500GB/Work-FB/FB-2026-Coastland Sales", Some(11), false), (40, "/run/media/peet/Data-500GB/Work-FB/FB-2026-Concrete Palisade", Some(11), false), (43, "/run/media/peet/Data-500GB/Work-FB/FB-2026-Creche", Some(11), false), (52, "/run/media/peet/Data-500GB/Work-FB/FB-2026-DanaSpicer", Some(11), false), (31, "/run/media/peet/Data-500GB/Work-FB/FB-2026-DoxaDuo", Some(11), false), (50, "/run/media/peet/Data-500GB/Work-FB/FB-2026-Eden Pump Station", Some(11), false), (21, "/run/media/peet/Data-500GB/Work-FB/FB-2026-EdenPumpStation-2", Some(11), false), (22, "/run/media/peet/Data-500GB/Work-FB/FB-2026-Electric Fencing", Some(11), false), (49, "/run/media/peet/Data-500GB/Work-FB/FB-2026-George Medi Clinic", Some(11), false), (13, "/run/media/peet/Data-500GB/Work-FB/FB-2026-Mokala National Park", Some(11), false), (24, "/run/media/peet/Data-500GB/Work-FB/FB-2026-Plett Mall", Some(11), false), (23, "/run/media/peet/Data-500GB/Work-FB/FB-2026-Plett Mall Parking", Some(11), false), (39, "/run/media/peet/Data-500GB/Work-FB/FB-2026-Precast", Some(11), false), (30, "/run/media/peet/Data-500GB/Work-FB/FB-2026-Quest Fuel Station", Some(11), false), (38, "/run/media/peet/Data-500GB/Work-FB/FB-2026-RazorWire", Some(11), false), (28, "/run/media/peet/Data-500GB/Work-FB/FB-2026-Residential ClearVu", Some(11), false), (37, "/run/media/peet/Data-500GB/Work-FB/FB-2026-Steel Barriers", Some(11), false), (35, "/run/media/peet/Data-500GB/Work-FB/FB-2026-Steel Palisade", Some(11), false), (48, "/run/media/peet/Data-500GB/Work-FB/FB-2026-Temp Fence", Some(11), false), (47, "/run/media/peet/Data-500GB/Work-FB/FB-2026-The Market Square", Some(11), false), (53, "/run/media/peet/Data-500GB/Work-FB/FB-2026-The Padel Centre", Some(11), false), (51, "/run/media/peet/Data-500GB/Work-FB/FB-2026-Tiger Bay", Some(11), false), (34, "/run/media/peet/Data-500GB/Work-FB/FB-2026-Tunnel Mesh Fence", Some(11), false), (19, "/run/media/peet/Data-500GB/Work-FB/FB-2026-WC-Seahorse-Apartments", Some(11), false), (17, "/run/media/peet/Data-500GB/Work-FB/FB-2026-WC-Water Purification Plant", Some(11), false), (33, "/run/media/peet/Data-500GB/Work-FB/FB-2026-WIndmeuleggs", Some(11), false), (65, "/run/media/peet/Data-500GB/Work-FB/FB-Staff-Bokkie", Some(11), false), (64, "/run/media/peet/Data-500GB/Work-FB/FB-Staff-Heritage Day 2021", Some(11), false), (63, "/run/media/peet/Data-500GB/Work-FB/FB-Staff-Heritage Day 2022", Some(11), false), (62, "/run/media/peet/Data-500GB/Work-FB/FB-Staff-Heritage Day 2023", Some(11), false), (61, "/run/media/peet/Data-500GB/Work-FB/FB-Staff-Heritage Day 2024", Some(11), false), (60, "/run/media/peet/Data-500GB/Work-FB/FB-Staff-Welders", Some(11), false), (59, "/run/media/peet/Data-500GB/Work-FB/FB-Staff-Welders-2023", Some(11), false), (58, "/run/media/peet/Data-500GB/Work-FB/FB-Staff-Workers 2020", Some(11), false), (57, "/run/media/peet/Data-500GB/Work-FB/FB-Staff-Xmas-Elves-2020", Some(11), false), (56, "/run/media/peet/Data-500GB/Work-FB/FB-Staff-Xmas21", Some(11), false), (55, "/run/media/peet/Data-500GB/Work-FB/FB-Wallpers", Some(11), false), (275, "/run/media/peet/Data-nmv", Some(9), false), (276, "/run/media/peet/Data-nmv/Seesa pics", Some(275), true)]
UI PERF scroll_handler pick_calls=1 pick_ms=0 scan_ms=0 header_ms=0 sidebar_ms=5 total_ms=5 y=15487.355023303693
UI PERF scroll_handler pick_calls=1 pick_ms=0 scan_ms=0 header_ms=0 sidebar_ms=0 total_ms=0 y=15580.710046607386
UI PERF scroll_handler pick_calls=1 pick_ms=0 scan_ms=0 header_ms=0 sidebar_ms=0 total_ms=0 y=15580
UI PERF scroll_handler pick_calls=1 pick_ms=0 scan_ms=0 header_ms=0 sidebar_ms=0 total_ms=0 y=15673.355023303693
PROFILE scroll fps=54 worst_frame_ms=46 thumbnail_hits=24 thumbnail_misses=0
UI PERF scroll_handler pick_calls=1 pick_ms=0 scan_ms=0 header_ms=0 sidebar_ms=0 total_ms=0 y=15673
UI PERF scroll_handler pick_calls=1 pick_ms=0 scan_ms=0 header_ms=0 sidebar_ms=0 total_ms=0 y=15766.355023303693
UI PERF scroll_handler pick_calls=1 pick_ms=0 scan_ms=0 header_ms=0 sidebar_ms=0 total_ms=0 y=15859.710046607386
UI PERF scroll_handler pick_calls=1 pick_ms=0 scan_ms=0 header_ms=0 sidebar_ms=0 total_ms=0 y=15859
UI PERF scroll_handler pick_calls=1 pick_ms=0 scan_ms=0 header_ms=0 sidebar_ms=0 total_ms=0 y=15952.355023303693
UI PERF scroll_handler pick_calls=1 pick_ms=0 scan_ms=0 header_ms=0 sidebar_ms=0 total_ms=0 y=15952
UI PERF scroll_handler_freq calls=23
UI PERF scroll_handler pick_calls=1 pick_ms=0 scan_ms=0 header_ms=0 sidebar_ms=0 total_ms=0 y=16045.355023303693
UI PERF scroll_handler pick_calls=1 pick_ms=0 scan_ms=0 header_ms=0 sidebar_ms=0 total_ms=0 y=16045
UI PERF scroll_handler pick_calls=1 pick_ms=0 scan_ms=0 header_ms=0 sidebar_ms=0 total_ms=0 y=16138.355023303693
UI PERF scroll_handler pick_calls=1 pick_ms=0 scan_ms=0 header_ms=0 sidebar_ms=0 total_ms=0 y=16138
UI PERF scroll_handler pick_calls=1 pick_ms=0 scan_ms=0 header_ms=0 sidebar_ms=0 total_ms=0 y=16231.355023303693
UI PERF scroll_handler pick_calls=1 pick_ms=0 scan_ms=0 header_ms=0 sidebar_ms=0 total_ms=0 y=16324.710046607386
UI PERF scroll_handler pick_calls=1 pick_ms=0 scan_ms=0 header_ms=0 sidebar_ms=0 total_ms=0 y=16324
UI PERF scroll_handler pick_calls=1 pick_ms=0 scan_ms=0 header_ms=0 sidebar_ms=0 total_ms=0 y=16417.355023303695
UI PERF scroll_handler pick_calls=1 pick_ms=0 scan_ms=0 header_ms=0 sidebar_ms=0 total_ms=0 y=16510.71004660739
UI PERF scroll_handler pick_calls=1 pick_ms=0 scan_ms=0 header_ms=0 sidebar_ms=0 total_ms=0 y=16510
UI PERF scroll_handler pick_calls=1 pick_ms=0 scan_ms=0 header_ms=0 sidebar_ms=0 total_ms=0 y=16603.355023303695
UI PERF scroll_handler pick_calls=1 pick_ms=0 scan_ms=0 header_ms=0 sidebar_ms=0 total_ms=0 y=16603
FOLDER TRACE sidebar folders=282 roots=[1, 9] relationships=[(1, "/", None, false), (2, "/home", Some(1), false), (3, "/home/peet", Some(2), false), (4, "/home/peet/Pictures", Some(3), true), (5, "/home/peet/Pictures/biophoto", Some(4), false), (6, "/home/peet/Pictures/biophoto/face", Some(5), false), (8, "/home/peet/Pictures/Hmf", Some(4), false), (7, "/home/peet/Pictures/Screenshots", Some(4), false), (9, "/run/media/peet", None, false), (10, "/run/media/peet/Data-500GB", Some(9), false), (277, "/run/media/peet/Data-500GB/Work-All", Some(10), false), (281, "/run/media/peet/Data-500GB/Work-All/Work - 2013", Some(277), true), (282, "/run/media/peet/Data-500GB/Work-All/Work - 2013/Toilets", Some(281), false), (278, "/run/media/peet/Data-500GB/Work-All/Work - 2017", Some(277), false), (279, "/run/media/peet/Data-500GB/Work-All/Work - 2017/jamjar", Some(278), true), (280, "/run/media/peet/Data-500GB/Work-All/Work - 2017/jamjar/.comments", Some(279), false), (11, "/run/media/peet/Data-500GB/Work-FB", Some(10), true), (274, "/run/media/peet/Data-500GB/Work-FB/Drone Building", Some(11), false), (273, "/run/media/peet/Data-500GB/Work-FB/FB-2015-Advice Centre", Some(11), false), (272, "/run/media/peet/Data-500GB/Work-FB/FB-2015-Coverland", Some(11), false), (271, "/run/media/peet/Data-500GB/Work-FB/FB-2015-CPT--PaleisHeuwel", Some(11), false), (270, "/run/media/peet/Data-500GB/Work-FB/FB-2015-CPT-BuildersW", Some(11), false), (269, "/run/media/peet/Data-500GB/Work-FB/FB-2015-CPT-Sasol", Some(11), false), (268, "/run/media/peet/Data-500GB/Work-FB/FB-2015-CPT-Thyspunt", Some(11), false), (267, "/run/media/peet/Data-500GB/Work-FB/FB-2015-CPT-ValueLogistics", Some(11), false), (266, "/run/media/peet/Data-500GB/Work-FB/FB-2015-CPT-Vernon Proof CPT", Some(11), false), (265, "/run/media/peet/Data-500GB/Work-FB/FB-2015-Fairview Exported", Some(11), false), (264, "/run/media/peet/Data-500GB/Work-FB/FB-2015-Jansenville", Some(11), false), (263, "/run/media/peet/Data-500GB/Work-FB/FB-2015-KZN Farm Gates", Some(11), false), (262, "/run/media/peet/Data-500GB/Work-FB/FB-2015-Mercedes", Some(11), false), (261, "/run/media/peet/Data-500GB/Work-FB/FB-2015-Zwide", Some(11), false), (260, "/run/media/peet/Data-500GB/Work-FB/FB-2016-Borbot", Some(11), false), (259, "/run/media/peet/Data-500GB/Work-FB/FB-2016-Coke", Some(11), false), (258, "/run/media/peet/Data-500GB/Work-FB/FB-2016-Patensie", Some(11), false), (257, "/run/media/peet/Data-500GB/Work-FB/FB-2016-Plet-Curbs", Some(11), false), (256, "/run/media/peet/Data-500GB/Work-FB/FB-2016-Sunshine School", Some(11), false), (255, "/run/media/peet/Data-500GB/Work-FB/FB-2017-FourLeaf", Some(11), false), (254, "/run/media/peet/Data-500GB/Work-FB/FB-2017-KZN-Lusiki", Some(11), false), (253, "/run/media/peet/Data-500GB/Work-FB/FB-2017-Schools Uitenhage", Some(11), false), (252, "/run/media/peet/Data-500GB/Work-FB/FB-2018-Galaxy Bingo", Some(11), false), (251, "/run/media/peet/Data-500GB/Work-FB/FB-2019-BCM Zoo", Some(11), false), (250, "/run/media/peet/Data-500GB/Work-FB/FB-2019-Bokka-Struandale", Some(11), false), (249, "/run/media/peet/Data-500GB/Work-FB/FB-2019-CPT-Spar", Some(11), false), (248, "/run/media/peet/Data-500GB/Work-FB/FB-2019-CPT-Wemmershoek", Some(11), false), (247, "/run/media/peet/Data-500GB/Work-FB/FB-2019-Diamond Mesh Fence", Some(11), false), (246, "/run/media/peet/Data-500GB/Work-FB/FB-2019-EC College", Some(11), false), (245, "/run/media/peet/Data-500GB/Work-FB/FB-2019-Kareedouw", Some(11), false), (244, "/run/media/peet/Data-500GB/Work-FB/FB-2019-NMU-SolarFence", Some(11), false), (243, "/run/media/peet/Data-500GB/Work-FB/FB-2019-Precast Swim", Some(11), false), (242, "/run/media/peet/Data-500GB/Work-FB/FB-2019-Summerstrand", Some(11), false), (241, "/run/media/peet/Data-500GB/Work-FB/FB-2019-Tsogo Sun", Some(11), false), (240, "/run/media/peet/Data-500GB/Work-FB/FB-2019-WBHO Walmer Village", Some(11), false), (239, "/run/media/peet/Data-500GB/Work-FB/FB-2019-WebCars", Some(11), false), (238, "/run/media/peet/Data-500GB/Work-FB/FB-2020-9th Avenue", Some(11), false), (237, "/run/media/peet/Data-500GB/Work-FB/FB-2020-Betafence Municipal", Some(11), false), (236, "/run/media/peet/Data-500GB/Work-FB/FB-2020-Carlton Court", Some(11), false), (235, "/run/media/peet/Data-500GB/Work-FB/FB-2020-CellC", Some(11), false), (234, "/run/media/peet/Data-500GB/Work-FB/FB-2020-Circular Drive Building", Some(11), false), (233, "/run/media/peet/Data-500GB/Work-FB/FB-2020-CTM", Some(11), false), (232, "/run/media/peet/Data-500GB/Work-FB/FB-2020-CureDay Hospital", Some(11), false), (231, "/run/media/peet/Data-500GB/Work-FB/FB-2020-Diere Kliniek", Some(11), false), (230, "/run/media/peet/Data-500GB/Work-FB/FB-2020-Execu Cut", Some(11), false), (229, "/run/media/peet/Data-500GB/Work-FB/FB-2020-Galv Gate", Some(11), false), (228, "/run/media/peet/Data-500GB/Work-FB/FB-2020-Grootbrak", Some(11), false), (227, "/run/media/peet/Data-500GB/Work-FB/FB-2020-IDZ", Some(11), false), (226, "/run/media/peet/Data-500GB/Work-FB/FB-2020-Kirkwood", Some(11), false), (225, "/run/media/peet/Data-500GB/Work-FB/FB-2020-LA Sport", Some(11), false), (224, "/run/media/peet/Data-500GB/Work-FB/FB-2020-Magnetic Storm", Some(11), false), (223, "/run/media/peet/Data-500GB/Work-FB/FB-2020-Sacremento", Some(11), false), (222, "/run/media/peet/Data-500GB/Work-FB/FB-2020-Summerstrand", Some(11), false), (221, "/run/media/peet/Data-500GB/Work-FB/FB-2020-Summerstrand Village", Some(11), false), (220, "/run/media/peet/Data-500GB/Work-FB/FB-2020-Sundays River", Some(11), false), (219, "/run/media/peet/Data-500GB/Work-FB/FB-2020-Turfag", Some(11), false), (218, "/run/media/peet/Data-500GB/Work-FB/FB-2020-TVET Lovedale", Some(11), false), (217, "/run/media/peet/Data-500GB/Work-FB/FB-2020-VW", Some(11), false), (216, "/run/media/peet/Data-500GB/Work-FB/FB-2020-WaterWorks Fence Summerstrand", Some(11), false), (215, "/run/media/peet/Data-500GB/Work-FB/FB-2021-Ambition", Some(11), false), (214, "/run/media/peet/Data-500GB/Work-FB/FB-2021-Aspen", Some(11), false), (213, "/run/media/peet/Data-500GB/Work-FB/FB-2021-AutoCast", Some(11), false), (212, "/run/media/peet/Data-500GB/Work-FB/FB-2021-Claudio", Some(11), false), (211, "/run/media/peet/Data-500GB/Work-FB/FB-2021-ConCrete Blocks", Some(11), false), (210, "/run/media/peet/Data-500GB/Work-FB/FB-2021-CPT-Stillbaai", Some(11), false), (209, "/run/media/peet/Data-500GB/Work-FB/FB-2021-CPT-Various", Some(11), false), (208, "/run/media/peet/Data-500GB/Work-FB/FB-2021-Custom Gates", Some(11), false), (207, "/run/media/peet/Data-500GB/Work-FB/FB-2021-Dam ClearVu Fence", Some(11), false), (206, "/run/media/peet/Data-500GB/Work-FB/FB-2021-Flats", Some(11), false), (205, "/run/media/peet/Data-500GB/Work-FB/FB-2021-Gas Tank Fence", Some(11), false), (204, "/run/media/peet/Data-500GB/Work-FB/FB-2021-GasWorks", Some(11), false), (203, "/run/media/peet/Data-500GB/Work-FB/FB-2021-George-Electric", Some(11), false), (202, "/run/media/peet/Data-500GB/Work-FB/FB-2021-JBay", Some(11), false), (201, "/run/media/peet/Data-500GB/Work-FB/FB-2021-Latterday", Some(11), false), (200, "/run/media/peet/Data-500GB/Work-FB/FB-2021-Lori", Some(11), false), (199, "/run/media/peet/Data-500GB/Work-FB/FB-2021-MCDonalds", Some(11), false), (198, "/run/media/peet/Data-500GB/Work-FB/FB-2021-Munilek", Some(11), false), (197, "/run/media/peet/Data-500GB/Work-FB/FB-2021-Newton Park Library", Some(11), false), (196, "/run/media/peet/Data-500GB/Work-FB/FB-2021-Oyster Bay Wind Farm", Some(11), false), (195, "/run/media/peet/Data-500GB/Work-FB/FB-2021-Peddie", Some(11), false), (194, "/run/media/peet/Data-500GB/Work-FB/FB-2021-Precast", Some(11), false), (193, "/run/media/peet/Data-500GB/Work-FB/FB-2021-Spar", Some(11), false), (192, "/run/media/peet/Data-500GB/Work-FB/FB-2021-StJoseph", Some(11), false), (191, "/run/media/peet/Data-500GB/Work-FB/FB-2021-WBHO", Some(11), false), (190, "/run/media/peet/Data-500GB/Work-FB/FB-2021-Westbrook", Some(11), false), (189, "/run/media/peet/Data-500GB/Work-FB/FB-2021-Wilandi", Some(11), false), (188, "/run/media/peet/Data-500GB/Work-FB/FB-2022-Agri Diptanks", Some(11), false), (187, "/run/media/peet/Data-500GB/Work-FB/FB-2022-Apostolic Church", Some(11), false), (186, "/run/media/peet/Data-500GB/Work-FB/FB-2022-Bennet-2022", Some(11), false), (185, "/run/media/peet/Data-500GB/Work-FB/FB-2022-Brick Wall", Some(11), false), (184, "/run/media/peet/Data-500GB/Work-FB/FB-2022-Continental", Some(11), false), (183, "/run/media/peet/Data-500GB/Work-FB/FB-2022-Corkwood", Some(11), false), (182, "/run/media/peet/Data-500GB/Work-FB/FB-2022-CPT-Airport", Some(11), false), (181, "/run/media/peet/Data-500GB/Work-FB/FB-2022-CPT-Various", Some(11), false), (180, "/run/media/peet/Data-500GB/Work-FB/FB-2022-CrownNational", Some(11), false), (179, "/run/media/peet/Data-500GB/Work-FB/FB-2022-EdgeDayHospital", Some(11), false), (178, "/run/media/peet/Data-500GB/Work-FB/FB-2022-EngenNewtonPark", Some(11), false), (177, "/run/media/peet/Data-500GB/Work-FB/FB-2022-Garages", Some(11), false), (176, "/run/media/peet/Data-500GB/Work-FB/FB-2022-Gasbottle Cage", Some(11), false), (175, "/run/media/peet/Data-500GB/Work-FB/FB-2022-George CV", Some(11), false), (174, "/run/media/peet/Data-500GB/Work-FB/FB-2022-HoepelFence", Some(11), false), (173, "/run/media/peet/Data-500GB/Work-FB/FB-2022-MariaMaan", Some(11), false), (172, "/run/media/peet/Data-500GB/Work-FB/FB-2022-Mdantsane CV", Some(11), false), (171, "/run/media/peet/Data-500GB/Work-FB/FB-2022-PreCast", Some(11), false), (170, "/run/media/peet/Data-500GB/Work-FB/FB-2022-RoyalBuffalo-Pt1", Some(11), false), (169, "/run/media/peet/Data-500GB/Work-FB/FB-2022-RoyalBuffalo-Pt2", Some(11), false), (168, "/run/media/peet/Data-500GB/Work-FB/FB-2022-Ruwacon George Metro Housing", Some(11), false), (167, "/run/media/peet/Data-500GB/Work-FB/FB-2022-StAlbans", Some(11), false), (166, "/run/media/peet/Data-500GB/Work-FB/FB-2022-Summerstrand Bowling Club", Some(11), false), (165, "/run/media/peet/Data-500GB/Work-FB/FB-2022-UniversityStores", Some(11), false), (164, "/run/media/peet/Data-500GB/Work-FB/FB-2022-WedgeWood", Some(11), false), (163, "/run/media/peet/Data-500GB/Work-FB/FB-2022-Wela", Some(11), false), (162, "/run/media/peet/Data-500GB/Work-FB/FB-2022-WesteringHouse", Some(11), false), (161, "/run/media/peet/Data-500GB/Work-FB/FB-2023-Bennet-Grahamstown", Some(11), false), (160, "/run/media/peet/Data-500GB/Work-FB/FB-2023-Burgersdorp", Some(11), false), (159, "/run/media/peet/Data-500GB/Work-FB/FB-2023-CPT-Atuba Weskaap Horizon Prison", Some(11), false), (158, "/run/media/peet/Data-500GB/Work-FB/FB-2023-CPT-BeachRoad", Some(11), false), (157, "/run/media/peet/Data-500GB/Work-FB/FB-2023-CPT-Driekoppen Farm Weskaap", Some(11), false), (156, "/run/media/peet/Data-500GB/Work-FB/FB-2023-CPT-Get Worth Richmond Park Weskaap", Some(11), false), (155, "/run/media/peet/Data-500GB/Work-FB/FB-2023-CPT-Kayamnandi Weskaap", Some(11), false), (154, "/run/media/peet/Data-500GB/Work-FB/FB-2023-CPT-We Buy Cars Brackenfell Weskaap", Some(11), false), (153, "/run/media/peet/Data-500GB/Work-FB/FB-2023-CPT-WeBuyCards Montague", Some(11), false), (152, "/run/media/peet/Data-500GB/Work-FB/FB-2023-CTM", Some(11), false), (151, "/run/media/peet/Data-500GB/Work-FB/FB-2023-Defy", Some(11), false), (150, "/run/media/peet/Data-500GB/Work-FB/FB-2023-GiftofGivers", Some(11), false), (149, "/run/media/peet/Data-500GB/Work-FB/FB-2023-GrandPrix", Some(11), false), (148, "/run/media/peet/Data-500GB/Work-FB/FB-2023-KabegaHomeGate", Some(11), false), (147, "/run/media/peet/Data-500GB/Work-FB/FB-2023-LadySlipper", Some(11), false), (146, "/run/media/peet/Data-500GB/Work-FB/FB-2023-Morne Plaas", Some(11), false), (145, "/run/media/peet/Data-500GB/Work-FB/FB-2023-Netcare akeso", Some(11), false), (144, "/run/media/peet/Data-500GB/Work-FB/FB-2023-Pepcor", Some(11), false), (66, "/run/media/peet/Data-500GB/Work-FB/FB-2023-Precast-NMMU", Some(11), false), (143, "/run/media/peet/Data-500GB/Work-FB/FB-2023-SolarPlant", Some(11), false), (142, "/run/media/peet/Data-500GB/Work-FB/FB-2023-Station", Some(11), false), (141, "/run/media/peet/Data-500GB/Work-FB/FB-2023-Substation", Some(11), false), (140, "/run/media/peet/Data-500GB/Work-FB/FB-2023-WalmerRoad", Some(11), false), (139, "/run/media/peet/Data-500GB/Work-FB/FB-2024- Galvanized Security Fence", Some(11), false), (138, "/run/media/peet/Data-500GB/Work-FB/FB-2024-1 on York", Some(11), false), (137, "/run/media/peet/Data-500GB/Work-FB/FB-2024-1 on York  Lifestyle Development", Some(11), false), (136, "/run/media/peet/Data-500GB/Work-FB/FB-2024-64 Pickering-ClearVu Fence", Some(11), false), (135, "/run/media/peet/Data-500GB/Work-FB/FB-2024-Aspen Internal Storage", Some(11), false), (134, "/run/media/peet/Data-500GB/Work-FB/FB-2024-Barrow-Eva-Last Gate", Some(11), false), (133, "/run/media/peet/Data-500GB/Work-FB/FB-2024-Boxer", Some(11), false), (132, "/run/media/peet/Data-500GB/Work-FB/FB-2024-Burgersdorp Sportsfield", Some(11), false), (131, "/run/media/peet/Data-500GB/Work-FB/FB-2024-CarPort", Some(11), false), (130, "/run/media/peet/Data-500GB/Work-FB/FB-2024-ClearVu Engen on York Street - George", Some(11), false), (129, "/run/media/peet/Data-500GB/Work-FB/FB-2024-Collegiate", Some(11), false), (128, "/run/media/peet/Data-500GB/Work-FB/FB-2024-Collegiate-JNR", Some(11), false), (127, "/run/media/peet/Data-500GB/Work-FB/FB-2024-Container", Some(11), false), (126, "/run/media/peet/Data-500GB/Work-FB/FB-2024-CPT-Eskom", Some(11), false), (125, "/run/media/peet/Data-500GB/Work-FB/FB-2024-CPT-Precast", Some(11), false), (124, "/run/media/peet/Data-500GB/Work-FB/FB-2024-CPT-Uitkyk", Some(11), false), (123, "/run/media/peet/Data-500GB/Work-FB/FB-2024-CPT-Value Logistics", Some(11), false), (122, "/run/media/peet/Data-500GB/Work-FB/FB-2024-CPT-Value-Electric-Fence", Some(11), false), (121, "/run/media/peet/Data-500GB/Work-FB/FB-2024-Crimpers", Some(11), false), (120, "/run/media/peet/Data-500GB/Work-FB/FB-2024-Dana", Some(11), false), (119, "/run/media/peet/Data-500GB/Work-FB/FB-2024-DanaSpice", Some(11), false), (118, "/run/media/peet/Data-500GB/Work-FB/FB-2024-Diamond Mesh", Some(11), false), (117, "/run/media/peet/Data-500GB/Work-FB/FB-2024-Engen Mossel Bay", Some(11), false), (116, "/run/media/peet/Data-500GB/Work-FB/FB-2024-FarmBonnox", Some(11), false), (115, "/run/media/peet/Data-500GB/Work-FB/FB-2024-FarmFence", Some(11), false), (114, "/run/media/peet/Data-500GB/Work-FB/FB-2024-FarmMesh", Some(11), false), (113, "/run/media/peet/Data-500GB/Work-FB/FB-2024-Gansevlei", Some(11), false), (112, "/run/media/peet/Data-500GB/Work-FB/FB-2024-George-ClearVu", Some(11), false), (111, "/run/media/peet/Data-500GB/Work-FB/FB-2024-George-Meadows", Some(11), false), (110, "/run/media/peet/Data-500GB/Work-FB/FB-2024-HartDr", Some(11), false), (109, "/run/media/peet/Data-500GB/Work-FB/FB-2024-High Security Mesch Fence", Some(11), false), (108, "/run/media/peet/Data-500GB/Work-FB/FB-2024-HMF Pferd", Some(11), false), (107, "/run/media/peet/Data-500GB/Work-FB/FB-2024-Internal Fence", Some(11), false), (106, "/run/media/peet/Data-500GB/Work-FB/FB-2024-KPMG-Parkland Fence", Some(11), false), (105, "/run/media/peet/Data-500GB/Work-FB/FB-2024-Mossel Cove", Some(11), false), (104, "/run/media/peet/Data-500GB/Work-FB/FB-2024-NG Kerk BlueWBay", Some(11), false), (103, "/run/media/peet/Data-500GB/Work-FB/FB-2024-NMMU", Some(11), false), (102, "/run/media/peet/Data-500GB/Work-FB/FB-2024-NMU-Entrance", Some(11), false), (101, "/run/media/peet/Data-500GB/Work-FB/FB-2024-PreCast Walls", Some(11), false), (100, "/run/media/peet/Data-500GB/Work-FB/FB-2024-Property Fence-JBAY", Some(11), false), (99, "/run/media/peet/Data-500GB/Work-FB/FB-2024-PV Plant", Some(11), false), (98, "/run/media/peet/Data-500GB/Work-FB/FB-2024-Quarantine Area", Some(11), false), (97, "/run/media/peet/Data-500GB/Work-FB/FB-2024-Roland", Some(11), false), (96, "/run/media/peet/Data-500GB/Work-FB/FB-2024-ShowClearVU-AlgoaGolf", Some(11), false), (95, "/run/media/peet/Data-500GB/Work-FB/FB-2024-Silver Fence", Some(11), false), (94, "/run/media/peet/Data-500GB/Work-FB/FB-2024-WalmerGolfClub", Some(11), false), (93, "/run/media/peet/Data-500GB/Work-FB/FB-2024-WedgeWood", Some(11), false), (92, "/run/media/peet/Data-500GB/Work-FB/FB-2024-Wik-Padel", Some(11), false), (25, "/run/media/peet/Data-500GB/Work-FB/FB-2025-Astron Hobie Beach", Some(11), false), (91, "/run/media/peet/Data-500GB/Work-FB/FB-2025-Bitou Municipal", Some(11), false), (90, "/run/media/peet/Data-500GB/Work-FB/FB-2025-ClearVu Secured Flats", Some(11), false), (67, "/run/media/peet/Data-500GB/Work-FB/FB-2025-ClearVu-Home-Parsons Hill", Some(11), false), (41, "/run/media/peet/Data-500GB/Work-FB/FB-2025-Cnr Circular", Some(11), false), (89, "/run/media/peet/Data-500GB/Work-FB/FB-2025-Community Service", Some(11), false), (46, "/run/media/peet/Data-500GB/Work-FB/FB-2025-Courier Guys", Some(11), false), (88, "/run/media/peet/Data-500GB/Work-FB/FB-2025-Courier Guys PE", Some(11), false), (42, "/run/media/peet/Data-500GB/Work-FB/FB-2025-CustomClearVu", Some(11), false), (87, "/run/media/peet/Data-500GB/Work-FB/FB-2025-EL-Cages", Some(11), false), (86, "/run/media/peet/Data-500GB/Work-FB/FB-2025-Electric Cage", Some(11), false), (85, "/run/media/peet/Data-500GB/Work-FB/FB-2025-Electric Fences", Some(11), false), (84, "/run/media/peet/Data-500GB/Work-FB/FB-2025-Equinox", Some(11), false), (83, "/run/media/peet/Data-500GB/Work-FB/FB-2025-Food Lovers-Knysna", Some(11), false), (82, "/run/media/peet/Data-500GB/Work-FB/FB-2025-FUCHS", Some(11), false), (54, "/run/media/peet/Data-500GB/Work-FB/FB-2025-George-BuiltIT", Some(11), false), (81, "/run/media/peet/Data-500GB/Work-FB/FB-2025-Grootbrak", Some(11), false), (27, "/run/media/peet/Data-500GB/Work-FB/FB-2025-Internal Goods Gages", Some(11), false), (80, "/run/media/peet/Data-500GB/Work-FB/FB-2025-Internal Warehouse Fence", Some(11), false), (26, "/run/media/peet/Data-500GB/Work-FB/FB-2025-Kingswood Golf Estate", Some(11), false), (79, "/run/media/peet/Data-500GB/Work-FB/FB-2025-Matercars", Some(11), false), (12, "/run/media/peet/Data-500GB/Work-FB/FB-2025-Meerkat Aug 2025", Some(11), false), (78, "/run/media/peet/Data-500GB/Work-FB/FB-2025-Meerkat Site", Some(11), false), (20, "/run/media/peet/Data-500GB/Work-FB/FB-2025-N2-Kraaibos", Some(11), false), (29, "/run/media/peet/Data-500GB/Work-FB/FB-2025-Parkland-Memories", Some(11), false), (14, "/run/media/peet/Data-500GB/Work-FB/FB-2025-PE Golf Club", Some(11), false), (77, "/run/media/peet/Data-500GB/Work-FB/FB-2025-Pedestrian Hand Railing", Some(11), false), (76, "/run/media/peet/Data-500GB/Work-FB/FB-2025-Plet-Boardwalk Estate", Some(11), false), (75, "/run/media/peet/Data-500GB/Work-FB/FB-2025-Plet-Langdown", Some(11), false), (74, "/run/media/peet/Data-500GB/Work-FB/FB-2025-Plet-N2", Some(11), false), (73, "/run/media/peet/Data-500GB/Work-FB/FB-2025-Rhino Linings", Some(11), false), (72, "/run/media/peet/Data-500GB/Work-FB/FB-2025-Sentech", Some(11), false), (71, "/run/media/peet/Data-500GB/Work-FB/FB-2025-Somerset-East-Smart Electric fence", Some(11), false), (45, "/run/media/peet/Data-500GB/Work-FB/FB-2025-Spar", Some(11), false), (70, "/run/media/peet/Data-500GB/Work-FB/FB-2025-Techno Padel", Some(11), false), (69, "/run/media/peet/Data-500GB/Work-FB/FB-2025-Walmer Main Medical & Wellness", Some(11), false), (15, "/run/media/peet/Data-500GB/Work-FB/FB-2025-WC-ClearVu Gates", Some(11), false), (68, "/run/media/peet/Data-500GB/Work-FB/FB-2025-Welfit", Some(11), false), (16, "/run/media/peet/Data-500GB/Work-FB/FB-2026-1 on York", Some(11), false), (36, "/run/media/peet/Data-500GB/Work-FB/FB-2026-Barbwire", Some(11), false), (44, "/run/media/peet/Data-500GB/Work-FB/FB-2026-ClearVu Door Frames", Some(11), false), (18, "/run/media/peet/Data-500GB/Work-FB/FB-2026-ClearVu Modern Design", Some(11), false), (32, "/run/media/peet/Data-500GB/Work-FB/FB-2026-Coastland Sales", Some(11), false), (40, "/run/media/peet/Data-500GB/Work-FB/FB-2026-Concrete Palisade", Some(11), false), (43, "/run/media/peet/Data-500GB/Work-FB/FB-2026-Creche", Some(11), false), (52, "/run/media/peet/Data-500GB/Work-FB/FB-2026-DanaSpicer", Some(11), false), (31, "/run/media/peet/Data-500GB/Work-FB/FB-2026-DoxaDuo", Some(11), false), (50, "/run/media/peet/Data-500GB/Work-FB/FB-2026-Eden Pump Station", Some(11), false), (21, "/run/media/peet/Data-500GB/Work-FB/FB-2026-EdenPumpStation-2", Some(11), false), (22, "/run/media/peet/Data-500GB/Work-FB/FB-2026-Electric Fencing", Some(11), false), (49, "/run/media/peet/Data-500GB/Work-FB/FB-2026-George Medi Clinic", Some(11), false), (13, "/run/media/peet/Data-500GB/Work-FB/FB-2026-Mokala National Park", Some(11), false), (24, "/run/media/peet/Data-500GB/Work-FB/FB-2026-Plett Mall", Some(11), false), (23, "/run/media/peet/Data-500GB/Work-FB/FB-2026-Plett Mall Parking", Some(11), false), (39, "/run/media/peet/Data-500GB/Work-FB/FB-2026-Precast", Some(11), false), (30, "/run/media/peet/Data-500GB/Work-FB/FB-2026-Quest Fuel Station", Some(11), false), (38, "/run/media/peet/Data-500GB/Work-FB/FB-2026-RazorWire", Some(11), false), (28, "/run/media/peet/Data-500GB/Work-FB/FB-2026-Residential ClearVu", Some(11), false), (37, "/run/media/peet/Data-500GB/Work-FB/FB-2026-Steel Barriers", Some(11), false), (35, "/run/media/peet/Data-500GB/Work-FB/FB-2026-Steel Palisade", Some(11), false), (48, "/run/media/peet/Data-500GB/Work-FB/FB-2026-Temp Fence", Some(11), false), (47, "/run/media/peet/Data-500GB/Work-FB/FB-2026-The Market Square", Some(11), false), (53, "/run/media/peet/Data-500GB/Work-FB/FB-2026-The Padel Centre", Some(11), false), (51, "/run/media/peet/Data-500GB/Work-FB/FB-2026-Tiger Bay", Some(11), false), (34, "/run/media/peet/Data-500GB/Work-FB/FB-2026-Tunnel Mesh Fence", Some(11), false), (19, "/run/media/peet/Data-500GB/Work-FB/FB-2026-WC-Seahorse-Apartments", Some(11), false), (17, "/run/media/peet/Data-500GB/Work-FB/FB-2026-WC-Water Purification Plant", Some(11), false), (33, "/run/media/peet/Data-500GB/Work-FB/FB-2026-WIndmeuleggs", Some(11), false), (65, "/run/media/peet/Data-500GB/Work-FB/FB-Staff-Bokkie", Some(11), false), (64, "/run/media/peet/Data-500GB/Work-FB/FB-Staff-Heritage Day 2021", Some(11), false), (63, "/run/media/peet/Data-500GB/Work-FB/FB-Staff-Heritage Day 2022", Some(11), false), (62, "/run/media/peet/Data-500GB/Work-FB/FB-Staff-Heritage Day 2023", Some(11), false), (61, "/run/media/peet/Data-500GB/Work-FB/FB-Staff-Heritage Day 2024", Some(11), false), (60, "/run/media/peet/Data-500GB/Work-FB/FB-Staff-Welders", Some(11), false), (59, "/run/media/peet/Data-500GB/Work-FB/FB-Staff-Welders-2023", Some(11), false), (58, "/run/media/peet/Data-500GB/Work-FB/FB-Staff-Workers 2020", Some(11), false), (57, "/run/media/peet/Data-500GB/Work-FB/FB-Staff-Xmas-Elves-2020", Some(11), false), (56, "/run/media/peet/Data-500GB/Work-FB/FB-Staff-Xmas21", Some(11), false), (55, "/run/media/peet/Data-500GB/Work-FB/FB-Wallpers", Some(11), false), (275, "/run/media/peet/Data-nmv", Some(9), false), (276, "/run/media/peet/Data-nmv/Seesa pics", Some(275), true)]
UI PERF scroll_handler pick_calls=1 pick_ms=0 scan_ms=0 header_ms=0 sidebar_ms=44 total_ms=44 y=16696.355023303695
UI PERF scroll_handler pick_calls=1 pick_ms=0 scan_ms=0 header_ms=0 sidebar_ms=0 total_ms=0 y=16696
UI PERF scroll_handler pick_calls=1 pick_ms=0 scan_ms=0 header_ms=0 sidebar_ms=0 total_ms=0 y=16789.355023303695
UI PERF scroll_handler pick_calls=1 pick_ms=0 scan_ms=0 header_ms=0 sidebar_ms=0 total_ms=0 y=16882.71004660739
UI PERF scroll_handler pick_calls=1 pick_ms=0 scan_ms=0 header_ms=0 sidebar_ms=0 total_ms=0 y=16882
UI PERF scroll_handler pick_calls=1 pick_ms=0 scan_ms=0 header_ms=0 sidebar_ms=0 total_ms=0 y=16975.355023303695
UI PERF scroll_handler pick_calls=1 pick_ms=0 scan_ms=0 header_ms=0 sidebar_ms=0 total_ms=0 y=16975
UI PERF scroll_handler pick_calls=1 pick_ms=0 scan_ms=0 header_ms=0 sidebar_ms=0 total_ms=0 y=17068.355023303695
UI PERF scroll_handler pick_calls=1 pick_ms=0 scan_ms=0 header_ms=0 sidebar_ms=0 total_ms=0 y=17161.71004660739
UI PERF scroll_handler pick_calls=1 pick_ms=0 scan_ms=0 header_ms=0 sidebar_ms=0 total_ms=0 y=17161
UI PERF scroll_handler pick_calls=1 pick_ms=0 scan_ms=0 header_ms=0 sidebar_ms=0 total_ms=0 y=17254.355023303695
UI PERF scroll_handler pick_calls=1 pick_ms=0 scan_ms=0 header_ms=0 sidebar_ms=0 total_ms=0 y=17347.71004660739
UI PERF scroll_handler pick_calls=1 pick_ms=0 scan_ms=0 header_ms=0 sidebar_ms=0 total_ms=0 y=17347
UI PERF scroll_handler pick_calls=1 pick_ms=0 scan_ms=0 header_ms=0 sidebar_ms=0 total_ms=0 y=17440.355023303695
UI PERF scroll_handler pick_calls=1 pick_ms=0 scan_ms=0 header_ms=0 sidebar_ms=0 total_ms=0 y=17440
UI PERF scroll_handler pick_calls=1 pick_ms=0 scan_ms=0 header_ms=0 sidebar_ms=0 total_ms=0 y=17533.355023303695
UI PERF scroll_handler pick_calls=1 pick_ms=0 scan_ms=0 header_ms=0 sidebar_ms=0 total_ms=0 y=17533
UI PERF scroll_handler pick_calls=1 pick_ms=0 scan_ms=0 header_ms=0 sidebar_ms=0 total_ms=0 y=17626.355023303695
PROFILE scroll fps=59 worst_frame_ms=60 thumbnail_hits=58 thumbnail_misses=0
UI PERF scroll_handler pick_calls=1 pick_ms=0 scan_ms=0 header_ms=0 sidebar_ms=0 total_ms=0 y=17626
UI PERF scroll_handler pick_calls=1 pick_ms=0 scan_ms=0 header_ms=0 sidebar_ms=0 total_ms=0 y=17719.355023303695
UI PERF scroll_handler pick_calls=1 pick_ms=0 scan_ms=0 header_ms=0 sidebar_ms=0 total_ms=0 y=17812.71004660739
UI PERF scroll_handler pick_calls=1 pick_ms=0 scan_ms=0 header_ms=0 sidebar_ms=0 total_ms=0 y=17812
UI PERF scroll_handler pick_calls=1 pick_ms=0 scan_ms=0 header_ms=0 sidebar_ms=0 total_ms=0 y=17905.355023303695
UI PERF scroll_handler pick_calls=1 pick_ms=0 scan_ms=0 header_ms=0 sidebar_ms=0 total_ms=0 y=17905
UI PERF scroll_handler pick_calls=1 pick_ms=0 scan_ms=0 header_ms=0 sidebar_ms=0 total_ms=0 y=17998.355023303695
UI PERF scroll_handler pick_calls=1 pick_ms=0 scan_ms=0 header_ms=0 sidebar_ms=0 total_ms=0 y=17998
UI PERF scroll_handler_freq calls=38
UI PERF scroll_handler pick_calls=1 pick_ms=0 scan_ms=0 header_ms=0 sidebar_ms=0 total_ms=0 y=18091.355023303695
UI PERF scroll_handler pick_calls=1 pick_ms=0 scan_ms=0 header_ms=0 sidebar_ms=0 total_ms=0 y=18091
UI PERF scroll_handler pick_calls=1 pick_ms=0 scan_ms=0 header_ms=0 sidebar_ms=0 total_ms=0 y=18184.355023303695
UI PERF scroll_handler pick_calls=1 pick_ms=0 scan_ms=0 header_ms=0 sidebar_ms=0 total_ms=0 y=18184
UI PERF scroll_handler pick_calls=1 pick_ms=0 scan_ms=0 header_ms=0 sidebar_ms=0 total_ms=0 y=18277.355023303695
UI PERF scroll_handler pick_calls=1 pick_ms=0 scan_ms=0 header_ms=0 sidebar_ms=0 total_ms=0 y=18370.71004660739
UI PERF scroll_handler pick_calls=1 pick_ms=0 scan_ms=0 header_ms=0 sidebar_ms=0 total_ms=0 y=18370
UI PERF scroll_handler pick_calls=1 pick_ms=0 scan_ms=0 header_ms=0 sidebar_ms=0 total_ms=0 y=18463.355023303695
UI PERF scroll_handler pick_calls=1 pick_ms=0 scan_ms=0 header_ms=0 sidebar_ms=0 total_ms=0 y=18463
UI PERF scroll_handler pick_calls=1 pick_ms=0 scan_ms=0 header_ms=0 sidebar_ms=0 total_ms=0 y=18556.355023303695
UI PERF scroll_handler pick_calls=1 pick_ms=0 scan_ms=0 header_ms=0 sidebar_ms=0 total_ms=0 y=18649.71004660739
UI PERF scroll_handler pick_calls=1 pick_ms=0 scan_ms=0 header_ms=0 sidebar_ms=0 total_ms=0 y=18649
UI PERF scroll_handler pick_calls=1 pick_ms=0 scan_ms=0 header_ms=0 sidebar_ms=0 total_ms=0 y=18742.355023303695
UI PERF scroll_handler pick_calls=1 pick_ms=0 scan_ms=0 header_ms=0 sidebar_ms=0 total_ms=0 y=18742
UI PERF scroll_handler pick_calls=1 pick_ms=0 scan_ms=0 header_ms=0 sidebar_ms=0 total_ms=0 y=18835.355023303695
UI PERF scroll_handler pick_calls=1 pick_ms=0 scan_ms=0 header_ms=0 sidebar_ms=0 total_ms=0 y=18928.71004660739
UI PERF scroll_handler pick_calls=1 pick_ms=0 scan_ms=0 header_ms=0 sidebar_ms=0 total_ms=0 y=18928
UI PERF scroll_handler pick_calls=1 pick_ms=0 scan_ms=0 header_ms=0 sidebar_ms=0 total_ms=0 y=19021.355023303695
UI PERF scroll_handler pick_calls=1 pick_ms=0 scan_ms=0 header_ms=0 sidebar_ms=0 total_ms=0 y=19021
UI PERF scroll_handler pick_calls=1 pick_ms=0 scan_ms=0 header_ms=0 sidebar_ms=0 total_ms=0 y=19114.355023303695
UI PERF scroll_handler pick_calls=1 pick_ms=0 scan_ms=0 header_ms=0 sidebar_ms=0 total_ms=0 y=19207.71004660739
UI PERF scroll_handler pick_calls=1 pick_ms=0 scan_ms=0 header_ms=0 sidebar_ms=0 total_ms=0 y=19207
UI PERF scroll_handler pick_calls=1 pick_ms=0 scan_ms=0 header_ms=0 sidebar_ms=0 total_ms=0 y=19300.355023303695
UI PERF scroll_handler pick_calls=1 pick_ms=0 scan_ms=0 header_ms=0 sidebar_ms=0 total_ms=0 y=19300
PROFILE scroll fps=61 worst_frame_ms=19 thumbnail_hits=55 thumbnail_misses=0
UI PERF scroll_handler_freq calls=24
PROFILE scroll fps=62 worst_frame_ms=23 thumbnail_hits=0 thumbnail_misses=0
UI PERF scroll_handler pick_calls=1 pick_ms=0 scan_ms=0 header_ms=0 sidebar_ms=0 total_ms=0 y=19206.644976696305
UI PERF scroll_handler pick_calls=1 pick_ms=0 scan_ms=0 header_ms=0 sidebar_ms=0 total_ms=0 y=19206
UI PERF scroll_handler pick_calls=1 pick_ms=0 scan_ms=0 header_ms=0 sidebar_ms=0 total_ms=0 y=19112.644976696305
UI PERF scroll_handler pick_calls=1 pick_ms=0 scan_ms=0 header_ms=0 sidebar_ms=0 total_ms=0 y=19112
UI PERF scroll_handler pick_calls=1 pick_ms=0 scan_ms=0 header_ms=0 sidebar_ms=0 total_ms=0 y=19018.644976696305
UI PERF scroll_handler pick_calls=1 pick_ms=0 scan_ms=0 header_ms=0 sidebar_ms=0 total_ms=0 y=19193
UI PERF scroll_handler pick_calls=1 pick_ms=0 scan_ms=0 header_ms=0 sidebar_ms=0 total_ms=0 y=19099.644976696305
UI PERF scroll_handler pick_calls=1 pick_ms=0 scan_ms=0 header_ms=0 sidebar_ms=0 total_ms=0 y=19449
UI PERF scroll_handler_freq calls=8
UI PERF scroll_handler pick_calls=1 pick_ms=0 scan_ms=0 header_ms=0 sidebar_ms=0 total_ms=0 y=19355.644976696305
UI PERF scroll_handler pick_calls=1 pick_ms=0 scan_ms=0 header_ms=0 sidebar_ms=0 total_ms=0 y=19262.28995339261
UI PERF scroll_handler pick_calls=1 pick_ms=0 scan_ms=0 header_ms=0 sidebar_ms=0 total_ms=0 y=19168.934930088915
UI PERF scroll_handler pick_calls=1 pick_ms=0 scan_ms=0 header_ms=0 sidebar_ms=0 total_ms=0 y=19075.57990678522
UI PERF scroll_handler pick_calls=1 pick_ms=0 scan_ms=0 header_ms=0 sidebar_ms=0 total_ms=0 y=18982.224883481525
UI PERF scroll_handler pick_calls=1 pick_ms=0 scan_ms=0 header_ms=0 sidebar_ms=0 total_ms=0 y=18888.86986017783
UI PERF scroll_handler pick_calls=1 pick_ms=0 scan_ms=0 header_ms=0 sidebar_ms=0 total_ms=0 y=18888
PROFILE scroll fps=51 worst_frame_ms=133 thumbnail_hits=37 thumbnail_misses=0
UI PERF scroll_handler_freq calls=7
UI PERF scroll_handler pick_calls=1 pick_ms=0 scan_ms=0 header_ms=0 sidebar_ms=0 total_ms=0 y=19614.438967136153
UI PERF scroll_handler pick_calls=1 pick_ms=0 scan_ms=0 header_ms=0 sidebar_ms=0 total_ms=0 y=19614
UI PERF scroll_handler pick_calls=1 pick_ms=0 scan_ms=0 header_ms=0 sidebar_ms=0 total_ms=1 y=22631.230046948356
UI PERF scroll_handler pick_calls=1 pick_ms=0 scan_ms=0 header_ms=0 sidebar_ms=0 total_ms=0 y=23856
UI PERF scroll_handler pick_calls=1 pick_ms=0 scan_ms=0 header_ms=0 sidebar_ms=0 total_ms=1 y=30727.406103286386
UI PERF scroll_handler pick_calls=1 pick_ms=0 scan_ms=0 header_ms=0 sidebar_ms=0 total_ms=0 y=31252
UI PERF scroll_handler pick_calls=1 pick_ms=0 scan_ms=0 header_ms=0 sidebar_ms=0 total_ms=0 y=32857.20892018779
UI PERF scroll_handler pick_calls=1 pick_ms=0 scan_ms=0 header_ms=0 sidebar_ms=0 total_ms=0 y=31632
UI PERF scroll_handler pick_calls=1 pick_ms=0 scan_ms=0 header_ms=0 sidebar_ms=0 total_ms=0 y=34036.43661971831
UI PERF scroll_handler pick_calls=1 pick_ms=0 scan_ms=0 header_ms=0 sidebar_ms=0 total_ms=0 y=33511
UI PERF scroll_handler pick_calls=1 pick_ms=0 scan_ms=0 header_ms=0 sidebar_ms=0 total_ms=0 y=35285.5
UI PERF scroll_handler pick_calls=1 pick_ms=0 scan_ms=0 header_ms=0 sidebar_ms=0 total_ms=0 y=34760
UI PERF scroll_handler pick_calls=1 pick_ms=0 scan_ms=0 header_ms=0 sidebar_ms=0 total_ms=0 y=36358.579812206575
UI PERF scroll_handler pick_calls=1 pick_ms=0 scan_ms=0 header_ms=0 sidebar_ms=0 total_ms=0 y=36358
UI PERF scroll_handler pick_calls=1 pick_ms=0 scan_ms=0 header_ms=0 sidebar_ms=0 total_ms=0 y=37612.32394366197
UI PERF scroll_handler pick_calls=1 pick_ms=0 scan_ms=0 header_ms=0 sidebar_ms=0 total_ms=0 y=38137
UI PERF scroll_handler pick_calls=1 pick_ms=0 scan_ms=0 header_ms=0 sidebar_ms=0 total_ms=0 y=41181.05399061033
PROFILE scroll fps=37 worst_frame_ms=122 thumbnail_hits=291 thumbnail_misses=0
UI PERF scroll_handler pick_calls=1 pick_ms=0 scan_ms=0 header_ms=0 sidebar_ms=0 total_ms=0 y=42231
UI PERF scroll_handler pick_calls=1 pick_ms=0 scan_ms=0 header_ms=0 sidebar_ms=0 total_ms=0 y=42772.54929577465
UI PERF scroll_handler pick_calls=1 pick_ms=0 scan_ms=0 header_ms=0 sidebar_ms=0 total_ms=0 y=41722
UI PERF scroll_handler pick_calls=1 pick_ms=0 scan_ms=0 header_ms=0 sidebar_ms=0 total_ms=0 y=45248.038732394365
UI PERF scroll_handler pick_calls=1 pick_ms=0 scan_ms=0 header_ms=0 sidebar_ms=0 total_ms=0 y=46998
UI PERF scroll_handler_freq calls=22
UI PERF scroll_handler pick_calls=1 pick_ms=0 scan_ms=0 header_ms=0 sidebar_ms=0 total_ms=0 y=52963.859154929574
UI PERF scroll_handler pick_calls=1 pick_ms=0 scan_ms=0 header_ms=0 sidebar_ms=0 total_ms=0 y=57338
UI PERF scroll_handler pick_calls=1 pick_ms=0 scan_ms=0 header_ms=0 sidebar_ms=0 total_ms=1 y=68786.62323943662
UI PERF scroll_handler pick_calls=1 pick_ms=0 scan_ms=0 header_ms=0 sidebar_ms=0 total_ms=0 y=74736
UI PERF scroll_handler pick_calls=1 pick_ms=0 scan_ms=0 header_ms=0 sidebar_ms=0 total_ms=0 y=75403.45187793426
UI PERF scroll_handler pick_calls=1 pick_ms=0 scan_ms=0 header_ms=0 sidebar_ms=0 total_ms=0 y=74003
UI PERF scroll_handler pick_calls=1 pick_ms=0 scan_ms=0 header_ms=0 sidebar_ms=0 total_ms=0 y=75529.56690140844
UI PERF scroll_handler pick_calls=1 pick_ms=0 scan_ms=0 header_ms=0 sidebar_ms=0 total_ms=0 y=77279
UI PERF scroll_handler pick_calls=1 pick_ms=0 scan_ms=0 header_ms=0 sidebar_ms=0 total_ms=0 y=75403.45187793426
UI PERF scroll_handler pick_calls=1 pick_ms=0 scan_ms=0 header_ms=0 sidebar_ms=0 total_ms=0 y=72778
UI PERF scroll_handler pick_calls=1 pick_ms=0 scan_ms=0 header_ms=0 sidebar_ms=0 total_ms=0 y=75466.50938967135
UI PERF scroll_handler pick_calls=1 pick_ms=0 scan_ms=0 header_ms=0 sidebar_ms=0 total_ms=0 y=76691
UI PERF scroll_handler pick_calls=1 pick_ms=0 scan_ms=0 header_ms=0 sidebar_ms=0 total_ms=0 y=75340.39436619719
UI PERF scroll_handler pick_calls=1 pick_ms=0 scan_ms=0 header_ms=0 sidebar_ms=0 total_ms=0 y=73590
UI PERF scroll_handler pick_calls=1 pick_ms=0 scan_ms=0 header_ms=0 sidebar_ms=0 total_ms=0 y=75403.45187793426
PROFILE scroll fps=10 worst_frame_ms=236 thumbnail_hits=250 thumbnail_misses=0
UI PERF scroll_handler pick_calls=1 pick_ms=0 scan_ms=0 header_ms=0 sidebar_ms=0 total_ms=0 y=76978
UI PERF scroll_handler pick_calls=1 pick_ms=0 scan_ms=0 header_ms=0 sidebar_ms=0 total_ms=0 y=75592.62441314553
UI PERF scroll_handler pick_calls=1 pick_ms=0 scan_ms=0 header_ms=0 sidebar_ms=0 total_ms=0 y=72617
UI PERF scroll_handler pick_calls=1 pick_ms=0 scan_ms=0 header_ms=0 sidebar_ms=0 total_ms=0 y=75277.3368544601
UI PERF scroll_handler pick_calls=1 pick_ms=0 scan_ms=0 header_ms=0 sidebar_ms=0 total_ms=0 y=78252
UI PERF scroll_handler_freq calls=20
UI PERF scroll_handler pick_calls=1 pick_ms=0 scan_ms=0 header_ms=0 sidebar_ms=0 total_ms=0 y=65442.556338028175
UI PERF scroll_handler pick_calls=1 pick_ms=0 scan_ms=0 header_ms=0 sidebar_ms=0 total_ms=0 y=63342
UI PERF scroll_handler pick_calls=1 pick_ms=0 scan_ms=0 header_ms=0 sidebar_ms=0 total_ms=0 y=62036.3720657277
UI PERF scroll_handler pick_calls=1 pick_ms=0 scan_ms=0 header_ms=0 sidebar_ms=0 total_ms=0 y=58711
UI PERF scroll_handler pick_calls=1 pick_ms=0 scan_ms=0 header_ms=0 sidebar_ms=0 total_ms=0 y=57233.32394366198
UI PERF scroll_handler pick_calls=1 pick_ms=0 scan_ms=0 header_ms=0 sidebar_ms=0 total_ms=0 y=60033
UI PERF scroll_handler pick_calls=1 pick_ms=0 scan_ms=0 header_ms=0 sidebar_ms=0 total_ms=0 y=52517.40845070423
UI PERF scroll_handler pick_calls=1 pick_ms=0 scan_ms=0 header_ms=0 sidebar_ms=0 total_ms=0 y=52167
UI PERF scroll_handler pick_calls=1 pick_ms=0 scan_ms=0 header_ms=0 sidebar_ms=0 total_ms=0 y=51044.957746478874
UI PERF scroll_handler pick_calls=1 pick_ms=0 scan_ms=0 header_ms=0 sidebar_ms=0 total_ms=0 y=49644
UI PERF scroll_handler pick_calls=1 pick_ms=0 scan_ms=0 header_ms=0 sidebar_ms=0 total_ms=0 y=49203.24295774648
UI PERF scroll_handler pick_calls=1 pick_ms=0 scan_ms=0 header_ms=0 sidebar_ms=0 total_ms=0 y=47278
UI PERF scroll_handler pick_calls=1 pick_ms=0 scan_ms=0 header_ms=0 sidebar_ms=0 total_ms=0 y=46755.32042253521
UI PERF scroll_handler pick_calls=1 pick_ms=0 scan_ms=0 header_ms=0 sidebar_ms=0 total_ms=0 y=44130
UI PERF scroll_handler pick_calls=1 pick_ms=0 scan_ms=0 header_ms=0 sidebar_ms=0 total_ms=0 y=41439.31572769953
UI PERF scroll_handler pick_calls=1 pick_ms=0 scan_ms=0 header_ms=0 sidebar_ms=0 total_ms=0 y=39864
UI PERF scroll_handler pick_calls=1 pick_ms=0 scan_ms=0 header_ms=0 sidebar_ms=0 total_ms=0 y=37707.95305164319
UI PERF scroll_handler pick_calls=1 pick_ms=0 scan_ms=0 header_ms=0 sidebar_ms=0 total_ms=0 y=38057
UI PERF scroll_handler pick_calls=1 pick_ms=0 scan_ms=0 header_ms=0 sidebar_ms=0 total_ms=0 y=36502.84507042254
UI PERF scroll_handler pick_calls=1 pick_ms=0 scan_ms=0 header_ms=0 sidebar_ms=0 total_ms=0 y=36152
UI PERF scroll_handler pick_calls=1 pick_ms=0 scan_ms=0 header_ms=0 sidebar_ms=0 total_ms=0 y=36533.2441314554
UI PERF scroll_handler pick_calls=1 pick_ms=0 scan_ms=0 header_ms=0 sidebar_ms=0 total_ms=0 y=37583
UI PERF scroll_handler pick_calls=1 pick_ms=0 scan_ms=0 header_ms=0 sidebar_ms=0 total_ms=0 y=36442.04694835681
UI PERF scroll_handler pick_calls=1 pick_ms=0 scan_ms=0 header_ms=0 sidebar_ms=0 total_ms=0 y=37842
UI PERF scroll_handler pick_calls=1 pick_ms=0 scan_ms=0 header_ms=0 sidebar_ms=0 total_ms=0 y=36229.25352112676
PROFILE scroll fps=15 worst_frame_ms=114 thumbnail_hits=381 thumbnail_misses=0
UI PERF scroll_handler pick_calls=1 pick_ms=0 scan_ms=0 header_ms=0 sidebar_ms=0 total_ms=0 y=37279
UI PERF scroll_handler pick_calls=1 pick_ms=0 scan_ms=0 header_ms=0 sidebar_ms=0 total_ms=0 y=34946.54812206573
UI PERF scroll_handler pick_calls=1 pick_ms=0 scan_ms=0 header_ms=0 sidebar_ms=0 total_ms=0 y=32321
UI PERF scroll_handler pick_calls=1 pick_ms=0 scan_ms=0 header_ms=0 sidebar_ms=0 total_ms=0 y=32748.596244131455
UI PERF scroll_handler pick_calls=1 pick_ms=0 scan_ms=0 header_ms=0 sidebar_ms=0 total_ms=0 y=34498
UI PERF scroll_handler_freq calls=30
UI PERF scroll_handler pick_calls=1 pick_ms=0 scan_ms=0 header_ms=0 sidebar_ms=0 total_ms=0 y=32040.8779342723
UI PERF scroll_handler pick_calls=1 pick_ms=0 scan_ms=0 header_ms=0 sidebar_ms=0 total_ms=0 y=30465
UI PERF scroll_handler pick_calls=1 pick_ms=0 scan_ms=0 header_ms=0 sidebar_ms=0 total_ms=0 y=31737.179577464787
UI PERF scroll_handler pick_calls=1 pick_ms=0 scan_ms=0 header_ms=0 sidebar_ms=0 total_ms=0 y=31737
UI PERF scroll_handler pick_calls=1 pick_ms=0 scan_ms=0 header_ms=0 sidebar_ms=0 total_ms=0 y=31710.683098591548
UI PERF scroll_handler pick_calls=1 pick_ms=0 scan_ms=0 header_ms=0 sidebar_ms=0 total_ms=0 y=33635
PROFILE scroll fps=48 worst_frame_ms=82 thumbnail_hits=134 thumbnail_misses=0
UI PERF scroll_handler_freq calls=6
PROFILE scroll fps=71 worst_frame_ms=25 thumbnail_hits=0 thumbnail_misses=0
PROFILE scroll fps=61 worst_frame_ms=30 thumbnail_hits=0 thumbnail_misses=0
