warning: pic-rs@1.0.0: native/private_smb.c: In function 'init_smb':
warning: pic-rs@1.0.0: native/private_smb.c:31:9: warning: 'smbc_init' is deprecated [-Wdeprecated-declarations]
warning: pic-rs@1.0.0:    31 |         if (smbc_init(guest_auth, 0) != 0) {
warning: pic-rs@1.0.0:       |         ^~
warning: pic-rs@1.0.0: In file included from native/private_smb.c:2:
warning: pic-rs@1.0.0: /usr/include/samba-4.0/libsmbclient.h:1301:5: note: declared here
warning: pic-rs@1.0.0:  1301 | int smbc_init(smbc_get_auth_data_fn fn, int debug);
warning: pic-rs@1.0.0:       |     ^~~~~~~~~
warning: unused import: `Instant`
 --> src/edit/editor.rs:4:27
  |
4 | use std::time::{Duration, Instant};
  |                           ^^^^^^^
  |
  = note: `#[warn(unused_imports)]` (part of `#[warn(unused)]`) on by default

warning: use of deprecated struct `gtk4::MessageDialog`: Since 4.10
  --> src/main.rs:74:35
   |
74 |                 let dialog = gtk::MessageDialog::builder()
   |                                   ^^^^^^^^^^^^^
   |
   = note: `#[warn(deprecated)]` on by default

warning: use of deprecated struct `gtk4::Dialog`: Since 4.10
    --> src/collage/editor.rs:1344:23
     |
1344 |     let dialog = gtk::Dialog::new();
     |                       ^^^^^^

warning: use of deprecated struct `gtk4::FileChooserNative`: Since 4.10
    --> src/collage/editor.rs:1462:23
     |
1462 |     let dialog = gtk::FileChooserNative::new(
     |                       ^^^^^^^^^^^^^^^^^

warning: use of deprecated struct `gtk4::FileChooserNative`: Since 4.10
  --> src/edit/export.rs:11:27
   |
11 |         let dialog = gtk::FileChooserNative::new(
   |                           ^^^^^^^^^^^^^^^^^

warning: use of deprecated struct `gtk4::Dialog`: Since 4.10
  --> src/network_picker.rs:12:21
   |
12 |     let dialog=gtk::Dialog::with_buttons(
   |                     ^^^^^^

warning: use of deprecated struct `gtk4::MessageDialog`: Since 4.10
   --> src/settings.rs:604:23
    |
604 |     let dialog = gtk::MessageDialog::builder()
    |                       ^^^^^^^^^^^^^

warning: use of deprecated struct `gtk4::FileChooserNative`: Since 4.10
    --> src/window/build.rs:2354:27
     |
2354 |         let dialog = gtk::FileChooserNative::new(
     |                           ^^^^^^^^^^^^^^^^^

warning: use of deprecated struct `gtk4::FileChooserNative`: Since 4.10
    --> src/window/build.rs:2777:25
     |
2777 |         let dialog=gtk::FileChooserNative::new(
     |                         ^^^^^^^^^^^^^^^^^

warning: use of deprecated method `gtk4::prelude::WidgetExt::style_context`: Since 4.10
  --> src/albums/view.rs:20:10
   |
20 |         .style_context()
   |          ^^^^^^^^^^^^^

warning: use of deprecated method `gtk4::prelude::StyleContextExt::add_provider`: Since 4.10
  --> src/albums/view.rs:21:10
   |
21 |         .add_provider(&background, gtk::STYLE_PROVIDER_PRIORITY_APPLICATION + 2);
   |          ^^^^^^^^^^^^

warning: use of deprecated method `gtk4::prelude::WidgetExt::style_context`: Since 4.10
  --> src/albums/view.rs:92:10
   |
92 |         .style_context()
   |          ^^^^^^^^^^^^^

warning: use of deprecated method `gtk4::prelude::StyleContextExt::add_provider`: Since 4.10
  --> src/albums/view.rs:93:10
   |
93 |         .add_provider(&background, gtk::STYLE_PROVIDER_PRIORITY_APPLICATION + 2);
   |          ^^^^^^^^^^^^

warning: use of deprecated method `gtk4::CssProvider::load_from_data`: Since 4.12
   --> src/collage/editor.rs:175:13
    |
175 |         css.load_from_data(&css_data);
    |             ^^^^^^^^^^^^^^

warning: use of deprecated associated function `gtk4::Dialog::new`: Since 4.10
    --> src/collage/editor.rs:1344:31
     |
1344 |     let dialog = gtk::Dialog::new();
     |                               ^^^

warning: use of deprecated method `gtk4::prelude::DialogExt::add_button`: Since 4.10
    --> src/collage/editor.rs:1348:12
     |
1348 |     dialog.add_button("Cancel", gtk::ResponseType::Cancel);
     |            ^^^^^^^^^^

warning: use of deprecated method `gtk4::prelude::DialogExt::add_button`: Since 4.10
    --> src/collage/editor.rs:1349:32
     |
1349 |     let export_button = dialog.add_button("Export", gtk::ResponseType::Ok);
     |                                ^^^^^^^^^^

warning: use of deprecated method `gtk4::prelude::DialogExt::set_default_response`: Since 4.10
    --> src/collage/editor.rs:1351:12
     |
1351 |     dialog.set_default_response(gtk::ResponseType::Ok);
     |            ^^^^^^^^^^^^^^^^^^^^

warning: use of deprecated method `gtk4::prelude::DialogExt::content_area`: Since 4.10
    --> src/collage/editor.rs:1353:26
     |
1353 |     let content = dialog.content_area();
     |                          ^^^^^^^^^^^^

warning: use of deprecated method `gtk4::prelude::DialogExt::connect_response`: Since 4.10
    --> src/collage/editor.rs:1427:16
     |
1427 |         dialog.connect_response(move |_, response| {
     |                ^^^^^^^^^^^^^^^^

warning: use of deprecated method `gtk4::prelude::WidgetExt::show`: Since 4.10
    --> src/collage/editor.rs:1450:12
     |
1450 |     dialog.show();
     |            ^^^^

warning: use of deprecated associated function `gtk4::FileChooserNative::new`: Since 4.10
    --> src/collage/editor.rs:1462:42
     |
1462 |     let dialog = gtk::FileChooserNative::new(
     |                                          ^^^

warning: use of deprecated method `gtk4::prelude::FileChooserExt::set_current_name`: Since 4.10
    --> src/collage/editor.rs:1469:12
     |
1469 |     dialog.set_current_name(&format!("collage.{extension}"));
     |            ^^^^^^^^^^^^^^^^

warning: use of deprecated method `gtk4::prelude::FileChooserExt::add_filter`: Since 4.10
    --> src/collage/editor.rs:1476:12
     |
1476 |     dialog.add_filter(&filter);
     |            ^^^^^^^^^^

warning: use of deprecated method `gtk4::prelude::FileChooserExt::file`: Since 4.10
    --> src/collage/editor.rs:1482:33
     |
1482 |         let Some(path) = dialog.file().and_then(|file| file.path()) else {
     |                                 ^^^^

warning: use of deprecated method `gtk4::CssProvider::load_from_data`: Since 4.12
  --> src/css/mod.rs:46:10
   |
46 |     base.load_from_data(BASE);
   |          ^^^^^^^^^^^^^^

warning: use of deprecated method `gtk4::CssProvider::load_from_data`: Since 4.12
  --> src/css/mod.rs:54:14
   |
54 |     platform.load_from_data(PLATFORM);
   |              ^^^^^^^^^^^^^^

warning: use of deprecated method `gtk4::CssProvider::load_from_data`: Since 4.12
  --> src/css/mod.rs:65:20
   |
65 |     square_corners.load_from_data(SQUARE_CORNERS);
   |                    ^^^^^^^^^^^^^^

warning: use of deprecated associated function `gtk4::FileChooserNative::new`: Since 4.10
  --> src/edit/export.rs:11:46
   |
11 |         let dialog = gtk::FileChooserNative::new(
   |                                              ^^^

warning: use of deprecated method `gtk4::prelude::FileChooserExt::set_current_name`: Since 4.10
  --> src/edit/export.rs:23:16
   |
23 |         dialog.set_current_name(&filename);
   |                ^^^^^^^^^^^^^^^^

warning: use of deprecated method `gtk4::prelude::FileChooserExt::file`: Since 4.10
  --> src/edit/export.rs:32:51
   |
32 |                 if let Some(destination) = dialog.file().and_then(|file| file.path()) {
   |                                                   ^^^^

warning: use of deprecated associated function `gtk4::dialog::<impl gtk4::Dialog>::with_buttons`: Since 4.10
  --> src/network_picker.rs:12:29
   |
12 |     let dialog=gtk::Dialog::with_buttons(
   |                             ^^^^^^^^^^^^

warning: use of deprecated method `gtk4::prelude::DialogExt::set_default_response`: Since 4.10
  --> src/network_picker.rs:18:12
   |
18 |     dialog.set_default_response(gtk::ResponseType::Accept);
   |            ^^^^^^^^^^^^^^^^^^^^

warning: use of deprecated method `gtk4::prelude::DialogExt::content_area`: Since 4.10
  --> src/network_picker.rs:19:24
   |
19 |     let content=dialog.content_area();
   |                        ^^^^^^^^^^^^

warning: use of deprecated method `gtk4::prelude::DialogExt::connect_response`: Since 4.10
   --> src/network_picker.rs:139:12
    |
139 |     dialog.connect_response(move |dlg,reply|{
    |            ^^^^^^^^^^^^^^^^

warning: use of deprecated method `gtk4::prelude::WidgetExt::hide`: Since 4.10
  --> src/settings.rs:67:24
   |
67 |                 window.hide();
   |                        ^^^^

warning: use of deprecated associated function `gtk4::MessageDialog::builder`: Since 4.10
   --> src/settings.rs:604:38
    |
604 |     let dialog = gtk::MessageDialog::builder()
    |                                      ^^^^^^^

warning: use of deprecated method `gtk4::builders::MessageDialogBuilder::transient_for`: Since 4.10
   --> src/settings.rs:605:10
    |
605 |         .transient_for(parent)
    |          ^^^^^^^^^^^^^

warning: use of deprecated method `gtk4::builders::MessageDialogBuilder::modal`: Since 4.10
   --> src/settings.rs:606:10
    |
606 |         .modal(true)
    |          ^^^^^

warning: use of deprecated method `gtk4::builders::MessageDialogBuilder::message_type`: Since 4.10
   --> src/settings.rs:607:10
    |
607 |         .message_type(gtk::MessageType::Warning)
    |          ^^^^^^^^^^^^

warning: use of deprecated method `gtk4::builders::MessageDialogBuilder::buttons`: Since 4.10
   --> src/settings.rs:608:10
    |
608 |         .buttons(gtk::ButtonsType::Cancel)
    |          ^^^^^^^

warning: use of deprecated method `gtk4::builders::MessageDialogBuilder::text`: Since 4.10
   --> src/settings.rs:609:10
    |
609 |         .text(title)
    |          ^^^^

warning: use of deprecated method `gtk4::builders::MessageDialogBuilder::secondary_text`: Since 4.10
   --> src/settings.rs:610:10
    |
610 |         .secondary_text(message)
    |          ^^^^^^^^^^^^^^

warning: use of deprecated method `gtk4::builders::MessageDialogBuilder::build`: Since 4.10
   --> src/settings.rs:611:10
    |
611 |         .build();
    |          ^^^^^

warning: use of deprecated method `gtk4::prelude::DialogExt::add_button`: Since 4.10
   --> src/settings.rs:612:12
    |
612 |     dialog.add_button("Continue", gtk::ResponseType::Accept);
    |            ^^^^^^^^^^

warning: use of deprecated method `gtk4::prelude::DialogExt::connect_response`: Since 4.10
   --> src/settings.rs:613:12
    |
613 |     dialog.connect_response(move |dialog, response| {
    |            ^^^^^^^^^^^^^^^^

warning: use of deprecated method `gtk4::prelude::WidgetExt::allocation`: Since 4.12
    --> src/sidebar.rs:1748:58
     |
1748 |                         .unwrap_or_else(|| f64::from(row.allocation().y()));
     |                                                          ^^^^^^^^^^

warning: use of deprecated method `gtk4::CssProvider::load_from_data`: Since 4.12
   --> src/window/theme.rs:151:22
    |
151 |             provider.load_from_data(base.css.as_str());
    |                      ^^^^^^^^^^^^^^

warning: use of deprecated method `gtk4::CssProvider::load_from_data`: Since 4.12
   --> src/window/theme.rs:204:22
    |
204 |             provider.load_from_data(theme.css.as_str());
    |                      ^^^^^^^^^^^^^^

warning: use of deprecated associated function `gtk4::FileChooserNative::new`: Since 4.10
    --> src/window/build.rs:2354:46
     |
2354 |         let dialog = gtk::FileChooserNative::new(
     |                                              ^^^

warning: use of deprecated method `gtk4::prelude::FileChooserExt::set_current_name`: Since 4.10
    --> src/window/build.rs:2367:16
     |
2367 |         dialog.set_current_name(&filename);
     |                ^^^^^^^^^^^^^^^^

warning: use of deprecated method `gtk4::prelude::FileChooserExt::file`: Since 4.10
    --> src/window/build.rs:2371:44
     |
2371 |                 if let Some(file) = dialog.file() {
     |                                            ^^^^

warning: use of deprecated associated function `gtk4::FileChooserNative::new`: Since 4.10
    --> src/window/build.rs:2777:44
     |
2777 |         let dialog=gtk::FileChooserNative::new(
     |                                            ^^^

warning: use of deprecated method `gtk4::prelude::FileChooserExt::file`: Since 4.10
    --> src/window/build.rs:2782:39
     |
2782 |                 if let Some(file)=dlg.file(){ selected_for_local(crate::source::reference(&file)); }
     |                                       ^^^^

warning: use of deprecated method `gtk4::CssProvider::load_from_data`: Since 4.12
  --> src/window/photo_actions.rs:16:9
   |
16 |     css.load_from_data(crate::css::PHOTO_CONTEXT_MENU);
   |         ^^^^^^^^^^^^^^

warning: use of deprecated associated function `gtk4::MessageDialog::builder`: Since 4.10
  --> src/main.rs:74:50
   |
74 |                 let dialog = gtk::MessageDialog::builder()
   |                                                  ^^^^^^^

warning: use of deprecated method `gtk4::builders::MessageDialogBuilder::message_type`: Since 4.10
  --> src/main.rs:75:22
   |
75 |                     .message_type(gtk::MessageType::Error)
   |                      ^^^^^^^^^^^^

warning: use of deprecated method `gtk4::builders::MessageDialogBuilder::buttons`: Since 4.10
  --> src/main.rs:76:22
   |
76 |                     .buttons(gtk::ButtonsType::Close)
   |                      ^^^^^^^

warning: use of deprecated method `gtk4::builders::MessageDialogBuilder::text`: Since 4.10
  --> src/main.rs:77:22
   |
77 |                     .text("Could not open the photo library")
   |                      ^^^^

warning: use of deprecated method `gtk4::builders::MessageDialogBuilder::secondary_text`: Since 4.10
  --> src/main.rs:78:22
   |
78 |                     .secondary_text(error.to_string())
   |                      ^^^^^^^^^^^^^^

warning: use of deprecated method `gtk4::builders::MessageDialogBuilder::build`: Since 4.10
  --> src/main.rs:79:22
   |
79 |                     .build();
   |                      ^^^^^

warning: use of deprecated method `gtk4::prelude::DialogExt::connect_response`: Since 4.10
  --> src/main.rs:80:24
   |
80 |                 dialog.connect_response(|dialog, _| dialog.close());
   |                        ^^^^^^^^^^^^^^^^

warning: unused import: `gtk::prelude`
 --> src/css/mod.rs:3:5
  |
3 | use gtk::prelude::*;
  |     ^^^^^^^^^^^^

warning: unreachable pattern
   --> src/css/theme_discovery.rs:200:39
    |
200 |                     "traffic-light" | "traffic-light" | "trafficlights" => {
    |                     ---------------   ^^^^^^^^^^^^^^^ no value can reach this
    |                     |
    |                     matches all the relevant values
    |
    = note: `#[warn(unreachable_patterns)]` (part of `#[warn(unused)]`) on by default

warning: unused variable: `window_for_close`
  --> src/settings.rs:64:17
   |
64 |             let window_for_close = window.clone();
   |                 ^^^^^^^^^^^^^^^^ help: if this is intentional, prefix it with an underscore: `_window_for_close`
   |
   = note: `#[warn(unused_variables)]` (part of `#[warn(unused)]`) on by default

warning: unused variable: `set_expanded`
   --> src/sidebar.rs:710:13
    |
710 |         let set_expanded = set_folders_expanded.clone();
    |             ^^^^^^^^^^^^ help: if this is intentional, prefix it with an underscore: `_set_expanded`

warning: unused variable: `error`
   --> src/thumbnail_display.rs:374:13
    |
374 |         Err(error) => {
    |             ^^^^^ help: if this is intentional, prefix it with an underscore: `_error`

warning: unused variable: `path`
    --> src/window/build.rs:3093:21
     |
3093 |                     path,
     |                     ^^^^ help: try ignoring the field: `path: _`

warning: unused variable: `count`
    --> src/window/build.rs:2863:17
     |
2863 |             let count = roots.as_ref().map(|roots| roots.len()).unwrap_or(0);
     |                 ^^^^^ help: if this is intentional, prefix it with an underscore: `_count`

warning: unused variable: `kind`
    --> src/window/build.rs:2562:41
     |
2562 |             let Some((root, generation, kind)) = next else {
     |                                         ^^^^ help: if this is intentional, prefix it with an underscore: `_kind`

warning: unused variable: `mount`
   --> src/window/layout.rs:479:51
    |
479 |     volume_monitor.connect_mount_changed(move |_, mount| {
    |                                                   ^^^^^ help: if this is intentional, prefix it with an underscore: `_mount`

warning: unused variable: `mount`
   --> src/window/layout.rs:474:51
    |
474 |     volume_monitor.connect_mount_removed(move |_, mount| {
    |                                                   ^^^^^ help: if this is intentional, prefix it with an underscore: `_mount`

warning: unused variable: `mount`
   --> src/window/layout.rs:469:49
    |
469 |     volume_monitor.connect_mount_added(move |_, mount| {
    |                                                 ^^^^^ help: if this is intentional, prefix it with an underscore: `_mount`

warning: unused variable: `changed`
   --> src/window/layout.rs:296:24
    |
296 |                     Ok(changed) => {
    |                        ^^^^^^^ help: if this is intentional, prefix it with an underscore: `_changed`

warning: unused variable: `file`
   --> src/window/build.rs:218:50
    |
218 |                 monitor.connect_changed(move |_, file, other_file, event| {
    |                                                  ^^^^ help: if this is intentional, prefix it with an underscore: `_file`

warning: unused variable: `other_file`
   --> src/window/build.rs:218:56
    |
218 |                 monitor.connect_changed(move |_, file, other_file, event| {
    |                                                        ^^^^^^^^^^ help: if this is intentional, prefix it with an underscore: `_other_file`

warning: unused variable: `search`
    --> src/window/build.rs:2453:9
     |
2453 |         search,
     |         ^^^^^^ help: if this is intentional, prefix it with an underscore: `_search`

warning: unused variable: `search`
   --> src/window/search.rs:207:22
    |
207 |         if let (Some(search), Some(popup)) = (search_weak.upgrade(), popup_weak.upgrade()) {
    |                      ^^^^^^ help: if this is intentional, prefix it with an underscore: `_search`

warning: function `bookshelf_background_path` is never used
   --> src/albums/bookshelf.rs:135:4
    |
135 | fn bookshelf_background_path(directory: &Path, index: usize) -> Option<PathBuf> {
    |    ^^^^^^^^^^^^^^^^^^^^^^^^^
    |
    = note: `#[warn(dead_code)]` (part of `#[warn(unused)]`) on by default

warning: method `add_photos` is never used
   --> src/collage/editor.rs:136:12
    |
126 | impl CollageEditor {
    | ------------------ method in this implementation
...
136 |     pub fn add_photos(&self, photos: Vec<crate::photo_object::PhotoObject>) {
    |            ^^^^^^^^^^

warning: method `add_photos` is never used
   --> src/collage/model.rs:153:12
    |
102 | impl CollageProject {
    | ------------------- method in this implementation
...
153 |     pub fn add_photos(&mut self, photos: Vec<PhotoObject>) {
    |            ^^^^^^^^^^

warning: function `folder_path_by_id` is never used
   --> src/db/photos.rs:265:8
    |
265 | pub fn folder_path_by_id(connection: &Connection, folder_id: i64) -> Result<Option<String>> {
    |        ^^^^^^^^^^^^^^^^^

warning: field `interactive` is never read
  --> src/edit/preview.rs:94:5
   |
84 | struct PreviewJob {
   |        ---------- field in this struct
...
94 |     interactive: bool,
   |     ^^^^^^^^^^^

warning: function `pointer_over_content` is never used
  --> src/edit/zoom.rs:54:4
   |
54 | fn pointer_over_content(pointer: f64, viewport: f64, content: f64) -> bool {
   |    ^^^^^^^^^^^^^^^^^^^^

warning: function `apply_recipe_without_crop` is never used
  --> src/edit/render.rs:31:8
   |
31 | pub fn apply_recipe_without_crop(mut image: RgbaImage, recipe: &EditRecipe) -> RgbaImage {
   |        ^^^^^^^^^^^^^^^^^^^^^^^^^

warning: method `clear_photo` is never used
   --> src/grid/tile.rs:656:8
    |
164 | impl SquareTile {
    | --------------- method in this implementation
...
656 |     fn clear_photo(&self) {
    |        ^^^^^^^^^^^

warning: method `visible_folder_id` is never used
   --> src/grid/grouping.rs:269:12
    |
 27 | impl Gallery {
    | ------------ method in this implementation
...
269 |     pub fn visible_folder_id(&self) -> Option<i64> {
    |            ^^^^^^^^^^^^^^^^^

warning: function `folder_row_offset` is never used
  --> src/grid/virtualization.rs:60:4
   |
60 | fn folder_row_offset(rows: &[FolderVirtualRow], target_row: usize, tile_height: i32) -> f64 {
   |    ^^^^^^^^^^^^^^^^^

warning: struct `FolderVirtualRow` is never constructed
  --> src/grid/virtualization.rs:83:8
   |
83 | struct FolderVirtualRow {
   |        ^^^^^^^^^^^^^^^^

warning: function `folder_virtual_rows` is never used
  --> src/grid/virtualization.rs:92:4
   |
92 | fn folder_virtual_rows(ranges: &[GroupRange], chunk_size: usize) -> Vec<FolderVirtualRow> {
   |    ^^^^^^^^^^^^^^^^^^^

warning: method `refresh_availability` is never used
    --> src/grid/virtualization.rs:1183:12
     |
 209 | impl Gallery {
     | ------------ method in this implementation
...
1183 |     pub fn refresh_availability(&self) {
     |            ^^^^^^^^^^^^^^^^^^^^

warning: methods `selected_position` and `is_at_vertical_boundary` are never used
   --> src/grid/selection.rs:30:12
    |
 26 | impl Gallery {
    | ------------ methods in this implementation
...
 30 |     pub fn selected_position(&self) -> Option<usize> {
    |            ^^^^^^^^^^^^^^^^^
...
173 |     pub fn is_at_vertical_boundary(&self, direction: i32) -> bool {
    |            ^^^^^^^^^^^^^^^^^^^^^^^

warning: function `folder_id_from_named_ancestor` is never used
   --> src/grid/selection.rs:950:4
    |
950 | fn folder_id_from_named_ancestor(widget: &gtk::Widget) -> Option<i64> {
    |    ^^^^^^^^^^^^^^^^^^^^^^^^^^^^^

warning: field `grid_zoom_menu` is never read
  --> src/infobar.rs:24:9
   |
10 | pub struct InfoBar {
   |            ------- field in this struct
...
24 |     pub grid_zoom_menu: gtk::MenuButton,
   |         ^^^^^^^^^^^^^^

warning: function `rotated_thumbnail` is never used
  --> src/photo_texture.rs:52:8
   |
52 | pub fn rotated_thumbnail(path: &str, rotation: i32) -> Option<gtk::gdk::Paintable> {
   |        ^^^^^^^^^^^^^^^^^

warning: field `id` is never read
  --> src/scanner.rs:27:9
   |
25 |     PhotoIndexed {
   |     ------------ field in this variant
26 |         path: PathBuf,
27 |         id: i64,
   |         ^^
   |
   = note: `ScanEvent` has derived impls for the traits `Clone` and `Debug`, but these are intentionally ignored during dead code analysis

warning: function `scan` is never used
  --> src/scanner.rs:79:8
   |
79 | pub fn scan(root: &str, events: Option<&Sender<ScanEvent>>) -> Result<usize> {
   |        ^^^^

warning: function `wait_for_priority_requests` is never used
   --> src/thumbnail.rs:182:8
    |
182 | pub fn wait_for_priority_requests() {
    |        ^^^^^^^^^^^^^^^^^^^^^^^^^^

warning: field `scale` is never read
 --> src/thumbnail/viewer.rs:5:5
  |
1 | struct DecodedThumbnailSource {
  |        ---------------------- field in this struct
...
5 |     scale: &'static str,
  |     ^^^^^

warning: function `create_many` is never used
 --> src/thumbnail/batch.rs:1:8
  |
1 | pub fn create_many(
  |        ^^^^^^^^^^^

warning: constant `EDIT_PANEL_CSS` is never used
  --> src/window.rs:24:18
   |
24 | pub(crate) const EDIT_PANEL_CSS: &str = crate::css::BASE;
   |                  ^^^^^^^^^^^^^^

warning: variants `FilesystemNotification` and `ProgrammaticSidebarSelection` are never constructed
   --> src/window.rs:182:5
    |
178 | enum PhotoScanRequestReason {
    |      ---------------------- variants in this enum
...
182 |     FilesystemNotification,
    |     ^^^^^^^^^^^^^^^^^^^^^^
...
185 |     ProgrammaticSidebarSelection,
    |     ^^^^^^^^^^^^^^^^^^^^^^^^^^^^
    |
    = note: `PhotoScanRequestReason` has derived impls for the traits `Debug` and `Clone`, but these are intentionally ignored during dead code analysis

warning: function `install_gallery_zoom_scroll` is never used
   --> src/window/navigation.rs:506:4
    |
506 | fn install_gallery_zoom_scroll(scrolled: &gtk::ScrolledWindow, gallery: Rc<grid::Gallery>) {
    |    ^^^^^^^^^^^^^^^^^^^^^^^^^^^

warning: field `mounted` is never read
  --> src/window/availability.rs:24:5
   |
23 | struct ReconnectedSources {
   |        ------------------ field in this struct
24 |     mounted: std::collections::HashSet<String>,
   |     ^^^^^^^

warning: method `update` is never used
  --> src/window/availability.rs:29:8
   |
28 | impl ReconnectedSources {
   | ----------------------- method in this implementation
29 |     fn update(&mut self, mounted: std::collections::HashSet<String>) {
   |        ^^^^^^

warning: method `active_window_controls` is never used
   --> src/window/theme.rs:128:19
    |
 55 | impl ThemeEngine {
    | ---------------- method in this implementation
...
128 |     pub(crate) fn active_window_controls(&self) -> WindowControls {
    |                   ^^^^^^^^^^^^^^^^^^^^^^

warning: `pic-rs` (bin "pic-rs") generated 106 warnings (run `cargo fix --bin "pic-rs" -p pic-rs` to apply 15 suggestions)
    Finished `dev` profile [optimized + debuginfo] target(s) in 0.13s
     Running `target/debug/pic-rs`
STARTUP cold_start_ms=16 photos=5002 displayed=10 folders=246 albums=3 scan=disabled rss_mb=65

(pic-rs:489217): Gtk-WARNING **: 19:06:59.076: Theme parser error: <data>:26:1-2: Expected a valid selector
WARNING: radv is not a conformant Vulkan implementation, testing use only.
===== SCAN COMPLETE: imported=0 failed=0 | progressive gallery updates complete =====
PIC_VIEWER t_ms=0 tid=ThreadId(1) show_photo_request generation=3 index=438 uri=nfs://DietPi.local/mnt/4TBS/pics-sport/local%20choice/FB-Timestamp-JPG%20Upates/DSC_1366_result.jpg
PIC_VIEWER t_ms=0 tid=ThreadId(1) request lane=foreground action=new uri=nfs://DietPi.local/mnt/4TBS/pics-sport/local%20choice/FB-Timestamp-JPG%20Upates/DSC_1366_result.jpg variant=1124x794
PIC_VIEWER t_ms=0 tid=ThreadId(12) decode_start uri=nfs://DietPi.local/mnt/4TBS/pics-sport/local%20choice/FB-Timestamp-JPG%20Upates/DSC_1366_result.jpg variant=1124x794 queue_ms=0
PIC_VIEWER source_cache lane=foreground action=miss uri=nfs://DietPi.local/mnt/4TBS/pics-sport/local%20choice/FB-Timestamp-JPG%20Upates/DSC_1366_result.jpg
PIC_VIEWER network_slot lane=foreground wait_ms=0 uri=nfs://DietPi.local/mnt/4TBS/pics-sport/local%20choice/FB-Timestamp-JPG%20Upates/DSC_1366_result.jpg
PIC_NETWORK tid=ThreadId(12) PRIVATE_NFS export_discovery_start host=DietPi.local
PIC_NFS stage=hostname_resolution elapsed_ms=104 tid=139845321070272 host=DietPi.local export=- relative=- status=0 addresses=1
PIC_NFS stage=export_discovery elapsed_ms=14 tid=139845321070272 host=DietPi.local export=- relative=- outcome=ok exports=5
PIC_NETWORK tid=ThreadId(12) PRIVATE_NFS export_discovery_done host=DietPi.local count=5 elapsed_ms=117 paths=["/exports/Work", "/mnt/4TBM", "/mnt/4TBP", "/mnt/4TBS", "/mnt/dietpi_userdata"]
PIC_NETWORK tid=ThreadId(12) PRIVATE_NFS read_start uri=nfs://DietPi.local/mnt/4TBS/pics-sport/local%20choice/FB-Timestamp-JPG%20Upates/DSC_1366_result.jpg max_bytes=134217728
PIC_NFS stage=read_session_lock elapsed_ms=0 tid=139845321070272 host=DietPi.local export=/mnt/4TBS relative=/pics-sport/local choice/FB-Timestamp-JPG Upates/DSC_1366_result.jpg outcome=acquired
PIC_NFS stage=context_creation elapsed_ms=0 tid=139845321070272 host=DietPi.local export=/mnt/4TBS relative=- outcome=ok
PIC_NFS_CONNECT create_start host=DietPi.local export=/mnt/4TBS version=3 tid=139845321070272
PIC_NFS stage=connection_establishment elapsed_ms=12 tid=139845321070272 host=DietPi.local export=/mnt/4TBS relative=- version=3 outcome=ok status=0
PIC_NFS_CONNECT create_ok host=DietPi.local export=/mnt/4TBS version=3
PIC_NFS stage=file_open elapsed_ms=1 tid=139845321070272 host=DietPi.local export=/mnt/4TBS relative=/pics-sport/local choice/FB-Timestamp-JPG Upates/DSC_1366_result.jpg outcome=ok
PIC_NFS stage=rpc_read elapsed_ms=1 tid=139845321070272 host=DietPi.local export=/mnt/4TBS relative=/pics-sport/local choice/FB-Timestamp-JPG Upates/DSC_1366_result.jpg iteration=1 outcome=ok bytes=65536 timedout_delta=0 retransmitted_delta=0 reconnects_delta=0
PIC_NFS stage=first_read elapsed_ms=1 tid=139845321070272 host=DietPi.local export=/mnt/4TBS relative=/pics-sport/local choice/FB-Timestamp-JPG Upates/DSC_1366_result.jpg outcome=ok bytes=65536
PIC_NFS stage=rpc_read elapsed_ms=1 tid=139845321070272 host=DietPi.local export=/mnt/4TBS relative=/pics-sport/local choice/FB-Timestamp-JPG Upates/DSC_1366_result.jpg iteration=2 outcome=ok bytes=65536 timedout_delta=0 retransmitted_delta=0 reconnects_delta=0
PIC_NFS stage=rpc_read elapsed_ms=2 tid=139845321070272 host=DietPi.local export=/mnt/4TBS relative=/pics-sport/local choice/FB-Timestamp-JPG Upates/DSC_1366_result.jpg iteration=3 outcome=ok bytes=131072 timedout_delta=0 retransmitted_delta=0 reconnects_delta=0
PIC_NFS stage=rpc_read elapsed_ms=3 tid=139845321070272 host=DietPi.local export=/mnt/4TBS relative=/pics-sport/local choice/FB-Timestamp-JPG Upates/DSC_1366_result.jpg iteration=4 outcome=ok bytes=262144 timedout_delta=0 retransmitted_delta=0 reconnects_delta=0
PIC_NFS stage=rpc_read elapsed_ms=5 tid=139845321070272 host=DietPi.local export=/mnt/4TBS relative=/pics-sport/local choice/FB-Timestamp-JPG Upates/DSC_1366_result.jpg iteration=5 outcome=ok bytes=524288 timedout_delta=0 retransmitted_delta=0 reconnects_delta=0
PIC_NFS stage=rpc_read elapsed_ms=1 tid=139845321070272 host=DietPi.local export=/mnt/4TBS relative=/pics-sport/local choice/FB-Timestamp-JPG Upates/DSC_1366_result.jpg iteration=6 outcome=ok bytes=74190 timedout_delta=0 retransmitted_delta=0 reconnects_delta=0
PIC_NFS stage=rpc_read elapsed_ms=0 tid=139845321070272 host=DietPi.local export=/mnt/4TBS relative=/pics-sport/local choice/FB-Timestamp-JPG Upates/DSC_1366_result.jpg iteration=7 outcome=ok bytes=0 timedout_delta=0 retransmitted_delta=0 reconnects_delta=0
PIC_NFS stage=file_read_complete elapsed_ms=13 tid=139845321070272 host=DietPi.local export=/mnt/4TBS relative=/pics-sport/local choice/FB-Timestamp-JPG Upates/DSC_1366_result.jpg outcome=ok bytes=1122766 calls=7
PIC_NETWORK tid=ThreadId(12) PRIVATE_NFS read_done bytes=1122766 elapsed_ms=26 uri=nfs://DietPi.local/mnt/4TBS/pics-sport/local%20choice/FB-Timestamp-JPG%20Upates/DSC_1366_result.jpg
PIC_VIEWER source_cache action=insert bytes=1122766 uri=nfs://DietPi.local/mnt/4TBS/pics-sport/local%20choice/FB-Timestamp-JPG%20Upates/DSC_1366_result.jpg
PIC_VIEWER network_done lane=foreground read_ms=143 bytes=1122766 source=network outcome=ok uri=nfs://DietPi.local/mnt/4TBS/pics-sport/local%20choice/FB-Timestamp-JPG%20Upates/DSC_1366_result.jpg
PIC_VIEWER decode_stage source_ms=144 cpu_ms=38 uri=nfs://DietPi.local/mnt/4TBS/pics-sport/local%20choice/FB-Timestamp-JPG%20Upates/DSC_1366_result.jpg
PIC_VIEWER t_ms=186 tid=ThreadId(12) decode_done uri=nfs://DietPi.local/mnt/4TBS/pics-sport/local%20choice/FB-Timestamp-JPG%20Upates/DSC_1366_result.jpg variant=1124x794 elapsed_ms=186 outcome=ok
PIC_VIEWER t_ms=187 tid=ThreadId(1) display_apply elapsed_ms=1 uri=nfs://DietPi.local/mnt/4TBS/pics-sport/local%20choice/FB-Timestamp-JPG%20Upates/DSC_1366_result.jpg
PIC_VIEWER t_ms=187 tid=ThreadId(1) display_done lane=foreground source=decode navigation_ms=187 uri=nfs://DietPi.local/mnt/4TBS/pics-sport/local%20choice/FB-Timestamp-JPG%20Upates/DSC_1366_result.jpg
PIC_VIEWER t_ms=597 tid=ThreadId(1) wheel_event dy=1
PIC_VIEWER t_ms=597 tid=ThreadId(1) navigation_dispatch source=wheel from_index=438 to_index=439 direction=1
PIC_VIEWER t_ms=597 tid=ThreadId(1) infobar_update source=wheel index=439 uri=nfs://DietPi.local/mnt/4TBS/pics-sport/local%20choice/FB-Timestamp-JPG%20Upates/DSC_1367_result.jpg
PIC_VIEWER t_ms=598 tid=ThreadId(1) show_photo_request generation=4 index=439 uri=nfs://DietPi.local/mnt/4TBS/pics-sport/local%20choice/FB-Timestamp-JPG%20Upates/DSC_1367_result.jpg
PIC_VIEWER t_ms=598 tid=ThreadId(1) request lane=foreground action=new uri=nfs://DietPi.local/mnt/4TBS/pics-sport/local%20choice/FB-Timestamp-JPG%20Upates/DSC_1367_result.jpg variant=1124x794
PIC_VIEWER t_ms=598 tid=ThreadId(25) decode_start uri=nfs://DietPi.local/mnt/4TBS/pics-sport/local%20choice/FB-Timestamp-JPG%20Upates/DSC_1367_result.jpg variant=1124x794 queue_ms=0
PIC_VIEWER source_cache lane=foreground action=miss uri=nfs://DietPi.local/mnt/4TBS/pics-sport/local%20choice/FB-Timestamp-JPG%20Upates/DSC_1367_result.jpg
PIC_VIEWER network_slot lane=foreground wait_ms=0 uri=nfs://DietPi.local/mnt/4TBS/pics-sport/local%20choice/FB-Timestamp-JPG%20Upates/DSC_1367_result.jpg
PIC_NETWORK tid=ThreadId(25) PRIVATE_NFS export_cache_hit host=DietPi.local count=5
PIC_NETWORK tid=ThreadId(25) PRIVATE_NFS read_start uri=nfs://DietPi.local/mnt/4TBS/pics-sport/local%20choice/FB-Timestamp-JPG%20Upates/DSC_1367_result.jpg max_bytes=134217728
PIC_NFS stage=read_session_lock elapsed_ms=0 tid=139845991655104 host=DietPi.local export=/mnt/4TBS relative=/pics-sport/local choice/FB-Timestamp-JPG Upates/DSC_1367_result.jpg outcome=acquired
PIC_NFS_CONNECT reuse host=DietPi.local export=/mnt/4TBS
PIC_NFS stage=file_open elapsed_ms=2 tid=139845991655104 host=DietPi.local export=/mnt/4TBS relative=/pics-sport/local choice/FB-Timestamp-JPG Upates/DSC_1367_result.jpg outcome=ok
PIC_NFS stage=rpc_read elapsed_ms=1 tid=139845991655104 host=DietPi.local export=/mnt/4TBS relative=/pics-sport/local choice/FB-Timestamp-JPG Upates/DSC_1367_result.jpg iteration=1 outcome=ok bytes=65536 timedout_delta=0 retransmitted_delta=0 reconnects_delta=0
PIC_NFS stage=first_read elapsed_ms=1 tid=139845991655104 host=DietPi.local export=/mnt/4TBS relative=/pics-sport/local choice/FB-Timestamp-JPG Upates/DSC_1367_result.jpg outcome=ok bytes=65536
PIC_NFS stage=rpc_read elapsed_ms=2 tid=139845991655104 host=DietPi.local export=/mnt/4TBS relative=/pics-sport/local choice/FB-Timestamp-JPG Upates/DSC_1367_result.jpg iteration=2 outcome=ok bytes=65536 timedout_delta=0 retransmitted_delta=0 reconnects_delta=0
PIC_NFS stage=rpc_read elapsed_ms=2 tid=139845991655104 host=DietPi.local export=/mnt/4TBS relative=/pics-sport/local choice/FB-Timestamp-JPG Upates/DSC_1367_result.jpg iteration=3 outcome=ok bytes=131072 timedout_delta=0 retransmitted_delta=0 reconnects_delta=0
PIC_NFS stage=rpc_read elapsed_ms=3 tid=139845991655104 host=DietPi.local export=/mnt/4TBS relative=/pics-sport/local choice/FB-Timestamp-JPG Upates/DSC_1367_result.jpg iteration=4 outcome=ok bytes=262144 timedout_delta=0 retransmitted_delta=0 reconnects_delta=0
PIC_NFS stage=rpc_read elapsed_ms=5 tid=139845991655104 host=DietPi.local export=/mnt/4TBS relative=/pics-sport/local choice/FB-Timestamp-JPG Upates/DSC_1367_result.jpg iteration=5 outcome=ok bytes=524288 timedout_delta=0 retransmitted_delta=0 reconnects_delta=0
PIC_NFS stage=rpc_read elapsed_ms=2 tid=139845991655104 host=DietPi.local export=/mnt/4TBS relative=/pics-sport/local choice/FB-Timestamp-JPG Upates/DSC_1367_result.jpg iteration=6 outcome=ok bytes=129773 timedout_delta=0 retransmitted_delta=0 reconnects_delta=0
PIC_NFS stage=rpc_read elapsed_ms=0 tid=139845991655104 host=DietPi.local export=/mnt/4TBS relative=/pics-sport/local choice/FB-Timestamp-JPG Upates/DSC_1367_result.jpg iteration=7 outcome=ok bytes=0 timedout_delta=0 retransmitted_delta=0 reconnects_delta=0
PIC_NFS stage=file_read_complete elapsed_ms=15 tid=139845991655104 host=DietPi.local export=/mnt/4TBS relative=/pics-sport/local choice/FB-Timestamp-JPG Upates/DSC_1367_result.jpg outcome=ok bytes=1178349 calls=7
PIC_NETWORK tid=ThreadId(25) PRIVATE_NFS read_done bytes=1178349 elapsed_ms=18 uri=nfs://DietPi.local/mnt/4TBS/pics-sport/local%20choice/FB-Timestamp-JPG%20Upates/DSC_1367_result.jpg
PIC_VIEWER source_cache action=insert bytes=1178349 uri=nfs://DietPi.local/mnt/4TBS/pics-sport/local%20choice/FB-Timestamp-JPG%20Upates/DSC_1367_result.jpg
PIC_VIEWER network_done lane=foreground read_ms=18 bytes=1178349 source=network outcome=ok uri=nfs://DietPi.local/mnt/4TBS/pics-sport/local%20choice/FB-Timestamp-JPG%20Upates/DSC_1367_result.jpg
PIC_VIEWER t_ms=629 tid=ThreadId(1) wheel_event dy=1
PIC_VIEWER t_ms=629 tid=ThreadId(1) wheel_accumulate current_index=439 target_index=440 direction=1
PIC_VIEWER decode_stage source_ms=18 cpu_ms=38 uri=nfs://DietPi.local/mnt/4TBS/pics-sport/local%20choice/FB-Timestamp-JPG%20Upates/DSC_1367_result.jpg
PIC_VIEWER t_ms=657 tid=ThreadId(25) decode_done uri=nfs://DietPi.local/mnt/4TBS/pics-sport/local%20choice/FB-Timestamp-JPG%20Upates/DSC_1367_result.jpg variant=1124x794 elapsed_ms=59 outcome=ok
PIC_VIEWER t_ms=659 tid=ThreadId(1) display_apply elapsed_ms=1 uri=nfs://DietPi.local/mnt/4TBS/pics-sport/local%20choice/FB-Timestamp-JPG%20Upates/DSC_1367_result.jpg
PIC_VIEWER t_ms=659 tid=ThreadId(1) display_done lane=foreground source=decode navigation_ms=61 uri=nfs://DietPi.local/mnt/4TBS/pics-sport/local%20choice/FB-Timestamp-JPG%20Upates/DSC_1367_result.jpg
PIC_VIEWER t_ms=659 tid=ThreadId(1) navigation_dispatch source=wheel_coalesced from_index=439 to_index=440 direction=1
PIC_VIEWER t_ms=659 tid=ThreadId(1) infobar_update source=wheel index=440 uri=nfs://DietPi.local/mnt/4TBS/pics-sport/local%20choice/FB-Timestamp-JPG%20Upates/DSC_1368_result.jpg
PIC_VIEWER t_ms=660 tid=ThreadId(1) show_photo_request generation=5 index=440 uri=nfs://DietPi.local/mnt/4TBS/pics-sport/local%20choice/FB-Timestamp-JPG%20Upates/DSC_1368_result.jpg
PIC_VIEWER t_ms=660 tid=ThreadId(1) request lane=foreground action=new uri=nfs://DietPi.local/mnt/4TBS/pics-sport/local%20choice/FB-Timestamp-JPG%20Upates/DSC_1368_result.jpg variant=1124x794
PIC_VIEWER t_ms=661 tid=ThreadId(26) decode_start uri=nfs://DietPi.local/mnt/4TBS/pics-sport/local%20choice/FB-Timestamp-JPG%20Upates/DSC_1368_result.jpg variant=1124x794 queue_ms=0
PIC_VIEWER source_cache lane=foreground action=miss uri=nfs://DietPi.local/mnt/4TBS/pics-sport/local%20choice/FB-Timestamp-JPG%20Upates/DSC_1368_result.jpg
PIC_VIEWER network_slot lane=foreground wait_ms=0 uri=nfs://DietPi.local/mnt/4TBS/pics-sport/local%20choice/FB-Timestamp-JPG%20Upates/DSC_1368_result.jpg
PIC_NETWORK tid=ThreadId(26) PRIVATE_NFS export_cache_hit host=DietPi.local count=5
PIC_NETWORK tid=ThreadId(26) PRIVATE_NFS read_start uri=nfs://DietPi.local/mnt/4TBS/pics-sport/local%20choice/FB-Timestamp-JPG%20Upates/DSC_1368_result.jpg max_bytes=134217728
PIC_NFS stage=read_session_lock elapsed_ms=0 tid=139845991655104 host=DietPi.local export=/mnt/4TBS relative=/pics-sport/local choice/FB-Timestamp-JPG Upates/DSC_1368_result.jpg outcome=acquired
PIC_NFS_CONNECT reuse host=DietPi.local export=/mnt/4TBS
PIC_NFS stage=file_open elapsed_ms=2 tid=139845991655104 host=DietPi.local export=/mnt/4TBS relative=/pics-sport/local choice/FB-Timestamp-JPG Upates/DSC_1368_result.jpg outcome=ok
PIC_NFS stage=rpc_read elapsed_ms=1 tid=139845991655104 host=DietPi.local export=/mnt/4TBS relative=/pics-sport/local choice/FB-Timestamp-JPG Upates/DSC_1368_result.jpg iteration=1 outcome=ok bytes=65536 timedout_delta=0 retransmitted_delta=0 reconnects_delta=0
PIC_NFS stage=first_read elapsed_ms=1 tid=139845991655104 host=DietPi.local export=/mnt/4TBS relative=/pics-sport/local choice/FB-Timestamp-JPG Upates/DSC_1368_result.jpg outcome=ok bytes=65536
PIC_NFS stage=rpc_read elapsed_ms=1 tid=139845991655104 host=DietPi.local export=/mnt/4TBS relative=/pics-sport/local choice/FB-Timestamp-JPG Upates/DSC_1368_result.jpg iteration=2 outcome=ok bytes=65536 timedout_delta=0 retransmitted_delta=0 reconnects_delta=0
PIC_NFS stage=rpc_read elapsed_ms=2 tid=139845991655104 host=DietPi.local export=/mnt/4TBS relative=/pics-sport/local choice/FB-Timestamp-JPG Upates/DSC_1368_result.jpg iteration=3 outcome=ok bytes=131072 timedout_delta=0 retransmitted_delta=0 reconnects_delta=0
PIC_NFS stage=rpc_read elapsed_ms=3 tid=139845991655104 host=DietPi.local export=/mnt/4TBS relative=/pics-sport/local choice/FB-Timestamp-JPG Upates/DSC_1368_result.jpg iteration=4 outcome=ok bytes=262144 timedout_delta=0 retransmitted_delta=0 reconnects_delta=0
PIC_NFS stage=rpc_read elapsed_ms=5 tid=139845991655104 host=DietPi.local export=/mnt/4TBS relative=/pics-sport/local choice/FB-Timestamp-JPG Upates/DSC_1368_result.jpg iteration=5 outcome=ok bytes=524288 timedout_delta=0 retransmitted_delta=0 reconnects_delta=0
PIC_VIEWER t_ms=677 tid=ThreadId(1) wheel_event dy=1
PIC_VIEWER t_ms=677 tid=ThreadId(1) wheel_accumulate current_index=440 target_index=441 direction=1
PIC_NFS stage=rpc_read elapsed_ms=3 tid=139845991655104 host=DietPi.local export=/mnt/4TBS relative=/pics-sport/local choice/FB-Timestamp-JPG Upates/DSC_1368_result.jpg iteration=6 outcome=ok bytes=245725 timedout_delta=0 retransmitted_delta=0 reconnects_delta=0
PIC_NFS stage=rpc_read elapsed_ms=1 tid=139845991655104 host=DietPi.local export=/mnt/4TBS relative=/pics-sport/local choice/FB-Timestamp-JPG Upates/DSC_1368_result.jpg iteration=7 outcome=ok bytes=0 timedout_delta=0 retransmitted_delta=0 reconnects_delta=0
PIC_NFS stage=file_read_complete elapsed_ms=16 tid=139845991655104 host=DietPi.local export=/mnt/4TBS relative=/pics-sport/local choice/FB-Timestamp-JPG Upates/DSC_1368_result.jpg outcome=ok bytes=1294301 calls=7
PIC_NETWORK tid=ThreadId(26) PRIVATE_NFS read_done bytes=1294301 elapsed_ms=18 uri=nfs://DietPi.local/mnt/4TBS/pics-sport/local%20choice/FB-Timestamp-JPG%20Upates/DSC_1368_result.jpg
PIC_VIEWER source_cache action=insert bytes=1294301 uri=nfs://DietPi.local/mnt/4TBS/pics-sport/local%20choice/FB-Timestamp-JPG%20Upates/DSC_1368_result.jpg
PIC_VIEWER network_done lane=foreground read_ms=18 bytes=1294301 source=network outcome=ok uri=nfs://DietPi.local/mnt/4TBS/pics-sport/local%20choice/FB-Timestamp-JPG%20Upates/DSC_1368_result.jpg
PIC_VIEWER decode_stage source_ms=18 cpu_ms=38 uri=nfs://DietPi.local/mnt/4TBS/pics-sport/local%20choice/FB-Timestamp-JPG%20Upates/DSC_1368_result.jpg
PIC_VIEWER t_ms=720 tid=ThreadId(26) decode_done uri=nfs://DietPi.local/mnt/4TBS/pics-sport/local%20choice/FB-Timestamp-JPG%20Upates/DSC_1368_result.jpg variant=1124x794 elapsed_ms=59 outcome=ok
PIC_VIEWER t_ms=722 tid=ThreadId(1) display_apply elapsed_ms=1 uri=nfs://DietPi.local/mnt/4TBS/pics-sport/local%20choice/FB-Timestamp-JPG%20Upates/DSC_1368_result.jpg
PIC_VIEWER t_ms=722 tid=ThreadId(1) display_done lane=foreground source=decode navigation_ms=62 uri=nfs://DietPi.local/mnt/4TBS/pics-sport/local%20choice/FB-Timestamp-JPG%20Upates/DSC_1368_result.jpg
PIC_VIEWER t_ms=722 tid=ThreadId(1) navigation_dispatch source=wheel_coalesced from_index=440 to_index=441 direction=1
PIC_VIEWER t_ms=722 tid=ThreadId(1) infobar_update source=wheel index=441 uri=nfs://DietPi.local/mnt/4TBS/pics-sport/local%20choice/FB-Timestamp-JPG%20Upates/DSC_1370_result.jpg
PIC_VIEWER t_ms=722 tid=ThreadId(1) show_photo_request generation=6 index=441 uri=nfs://DietPi.local/mnt/4TBS/pics-sport/local%20choice/FB-Timestamp-JPG%20Upates/DSC_1370_result.jpg
PIC_VIEWER t_ms=722 tid=ThreadId(1) request lane=foreground action=new uri=nfs://DietPi.local/mnt/4TBS/pics-sport/local%20choice/FB-Timestamp-JPG%20Upates/DSC_1370_result.jpg variant=1124x794
PIC_VIEWER t_ms=724 tid=ThreadId(27) decode_start uri=nfs://DietPi.local/mnt/4TBS/pics-sport/local%20choice/FB-Timestamp-JPG%20Upates/DSC_1370_result.jpg variant=1124x794 queue_ms=0
PIC_VIEWER source_cache lane=foreground action=miss uri=nfs://DietPi.local/mnt/4TBS/pics-sport/local%20choice/FB-Timestamp-JPG%20Upates/DSC_1370_result.jpg
PIC_VIEWER network_slot lane=foreground wait_ms=0 uri=nfs://DietPi.local/mnt/4TBS/pics-sport/local%20choice/FB-Timestamp-JPG%20Upates/DSC_1370_result.jpg
PIC_NETWORK tid=ThreadId(27) PRIVATE_NFS export_cache_hit host=DietPi.local count=5
PIC_NETWORK tid=ThreadId(27) PRIVATE_NFS read_start uri=nfs://DietPi.local/mnt/4TBS/pics-sport/local%20choice/FB-Timestamp-JPG%20Upates/DSC_1370_result.jpg max_bytes=134217728
PIC_NFS stage=read_session_lock elapsed_ms=0 tid=139845991655104 host=DietPi.local export=/mnt/4TBS relative=/pics-sport/local choice/FB-Timestamp-JPG Upates/DSC_1370_result.jpg outcome=acquired
PIC_NFS_CONNECT reuse host=DietPi.local export=/mnt/4TBS
PIC_NFS stage=file_open elapsed_ms=2 tid=139845991655104 host=DietPi.local export=/mnt/4TBS relative=/pics-sport/local choice/FB-Timestamp-JPG Upates/DSC_1370_result.jpg outcome=ok
PIC_NFS stage=rpc_read elapsed_ms=1 tid=139845991655104 host=DietPi.local export=/mnt/4TBS relative=/pics-sport/local choice/FB-Timestamp-JPG Upates/DSC_1370_result.jpg iteration=1 outcome=ok bytes=65536 timedout_delta=0 retransmitted_delta=0 reconnects_delta=0
PIC_NFS stage=first_read elapsed_ms=1 tid=139845991655104 host=DietPi.local export=/mnt/4TBS relative=/pics-sport/local choice/FB-Timestamp-JPG Upates/DSC_1370_result.jpg outcome=ok bytes=65536
PIC_NFS stage=rpc_read elapsed_ms=2 tid=139845991655104 host=DietPi.local export=/mnt/4TBS relative=/pics-sport/local choice/FB-Timestamp-JPG Upates/DSC_1370_result.jpg iteration=2 outcome=ok bytes=65536 timedout_delta=0 retransmitted_delta=0 reconnects_delta=0
PIC_NFS stage=rpc_read elapsed_ms=1 tid=139845991655104 host=DietPi.local export=/mnt/4TBS relative=/pics-sport/local choice/FB-Timestamp-JPG Upates/DSC_1370_result.jpg iteration=3 outcome=ok bytes=131072 timedout_delta=0 retransmitted_delta=0 reconnects_delta=0
PIC_NFS stage=rpc_read elapsed_ms=3 tid=139845991655104 host=DietPi.local export=/mnt/4TBS relative=/pics-sport/local choice/FB-Timestamp-JPG Upates/DSC_1370_result.jpg iteration=4 outcome=ok bytes=262144 timedout_delta=0 retransmitted_delta=0 reconnects_delta=0
PIC_NFS stage=rpc_read elapsed_ms=6 tid=139845991655104 host=DietPi.local export=/mnt/4TBS relative=/pics-sport/local choice/FB-Timestamp-JPG Upates/DSC_1370_result.jpg iteration=5 outcome=ok bytes=524288 timedout_delta=0 retransmitted_delta=0 reconnects_delta=0
PIC_NFS stage=rpc_read elapsed_ms=1 tid=139845991655104 host=DietPi.local export=/mnt/4TBS relative=/pics-sport/local choice/FB-Timestamp-JPG Upates/DSC_1370_result.jpg iteration=6 outcome=ok bytes=97796 timedout_delta=0 retransmitted_delta=0 reconnects_delta=0
PIC_NFS stage=rpc_read elapsed_ms=0 tid=139845991655104 host=DietPi.local export=/mnt/4TBS relative=/pics-sport/local choice/FB-Timestamp-JPG Upates/DSC_1370_result.jpg iteration=7 outcome=ok bytes=0 timedout_delta=0 retransmitted_delta=0 reconnects_delta=0
PIC_NFS stage=file_read_complete elapsed_ms=14 tid=139845991655104 host=DietPi.local export=/mnt/4TBS relative=/pics-sport/local choice/FB-Timestamp-JPG Upates/DSC_1370_result.jpg outcome=ok bytes=1146372 calls=7
PIC_NETWORK tid=ThreadId(27) PRIVATE_NFS read_done bytes=1146372 elapsed_ms=17 uri=nfs://DietPi.local/mnt/4TBS/pics-sport/local%20choice/FB-Timestamp-JPG%20Upates/DSC_1370_result.jpg
PIC_VIEWER source_cache action=insert bytes=1146372 uri=nfs://DietPi.local/mnt/4TBS/pics-sport/local%20choice/FB-Timestamp-JPG%20Upates/DSC_1370_result.jpg
PIC_VIEWER network_done lane=foreground read_ms=17 bytes=1146372 source=network outcome=ok uri=nfs://DietPi.local/mnt/4TBS/pics-sport/local%20choice/FB-Timestamp-JPG%20Upates/DSC_1370_result.jpg
PIC_VIEWER t_ms=773 tid=ThreadId(1) wheel_event dy=1
PIC_VIEWER t_ms=773 tid=ThreadId(1) wheel_accumulate current_index=441 target_index=442 direction=1
PIC_VIEWER decode_stage source_ms=17 cpu_ms=37 uri=nfs://DietPi.local/mnt/4TBS/pics-sport/local%20choice/FB-Timestamp-JPG%20Upates/DSC_1370_result.jpg
PIC_VIEWER t_ms=781 tid=ThreadId(27) decode_done uri=nfs://DietPi.local/mnt/4TBS/pics-sport/local%20choice/FB-Timestamp-JPG%20Upates/DSC_1370_result.jpg variant=1124x794 elapsed_ms=57 outcome=ok
PIC_VIEWER t_ms=783 tid=ThreadId(1) display_apply elapsed_ms=1 uri=nfs://DietPi.local/mnt/4TBS/pics-sport/local%20choice/FB-Timestamp-JPG%20Upates/DSC_1370_result.jpg
PIC_VIEWER t_ms=783 tid=ThreadId(1) display_done lane=foreground source=decode navigation_ms=60 uri=nfs://DietPi.local/mnt/4TBS/pics-sport/local%20choice/FB-Timestamp-JPG%20Upates/DSC_1370_result.jpg
PIC_VIEWER t_ms=783 tid=ThreadId(1) navigation_dispatch source=wheel_coalesced from_index=441 to_index=442 direction=1
PIC_VIEWER t_ms=783 tid=ThreadId(1) infobar_update source=wheel index=442 uri=nfs://DietPi.local/mnt/4TBS/pics-sport/local%20choice/FB-Timestamp-JPG%20Upates/DSC_1371_result.jpg
PIC_VIEWER t_ms=783 tid=ThreadId(1) show_photo_request generation=7 index=442 uri=nfs://DietPi.local/mnt/4TBS/pics-sport/local%20choice/FB-Timestamp-JPG%20Upates/DSC_1371_result.jpg
PIC_VIEWER t_ms=783 tid=ThreadId(1) request lane=foreground action=new uri=nfs://DietPi.local/mnt/4TBS/pics-sport/local%20choice/FB-Timestamp-JPG%20Upates/DSC_1371_result.jpg variant=1124x794
PIC_VIEWER t_ms=785 tid=ThreadId(28) decode_start uri=nfs://DietPi.local/mnt/4TBS/pics-sport/local%20choice/FB-Timestamp-JPG%20Upates/DSC_1371_result.jpg variant=1124x794 queue_ms=0
PIC_VIEWER source_cache lane=foreground action=miss uri=nfs://DietPi.local/mnt/4TBS/pics-sport/local%20choice/FB-Timestamp-JPG%20Upates/DSC_1371_result.jpg
PIC_VIEWER network_slot lane=foreground wait_ms=0 uri=nfs://DietPi.local/mnt/4TBS/pics-sport/local%20choice/FB-Timestamp-JPG%20Upates/DSC_1371_result.jpg
PIC_NETWORK tid=ThreadId(28) PRIVATE_NFS export_cache_hit host=DietPi.local count=5
PIC_NETWORK tid=ThreadId(28) PRIVATE_NFS read_start uri=nfs://DietPi.local/mnt/4TBS/pics-sport/local%20choice/FB-Timestamp-JPG%20Upates/DSC_1371_result.jpg max_bytes=134217728
PIC_NFS stage=read_session_lock elapsed_ms=0 tid=139845991655104 host=DietPi.local export=/mnt/4TBS relative=/pics-sport/local choice/FB-Timestamp-JPG Upates/DSC_1371_result.jpg outcome=acquired
PIC_NFS_CONNECT reuse host=DietPi.local export=/mnt/4TBS
PIC_NFS stage=file_open elapsed_ms=2 tid=139845991655104 host=DietPi.local export=/mnt/4TBS relative=/pics-sport/local choice/FB-Timestamp-JPG Upates/DSC_1371_result.jpg outcome=ok
PIC_NFS stage=rpc_read elapsed_ms=1 tid=139845991655104 host=DietPi.local export=/mnt/4TBS relative=/pics-sport/local choice/FB-Timestamp-JPG Upates/DSC_1371_result.jpg iteration=1 outcome=ok bytes=65536 timedout_delta=0 retransmitted_delta=0 reconnects_delta=0
PIC_NFS stage=first_read elapsed_ms=1 tid=139845991655104 host=DietPi.local export=/mnt/4TBS relative=/pics-sport/local choice/FB-Timestamp-JPG Upates/DSC_1371_result.jpg outcome=ok bytes=65536
PIC_NFS stage=rpc_read elapsed_ms=1 tid=139845991655104 host=DietPi.local export=/mnt/4TBS relative=/pics-sport/local choice/FB-Timestamp-JPG Upates/DSC_1371_result.jpg iteration=2 outcome=ok bytes=65536 timedout_delta=0 retransmitted_delta=0 reconnects_delta=0
PIC_NFS stage=rpc_read elapsed_ms=2 tid=139845991655104 host=DietPi.local export=/mnt/4TBS relative=/pics-sport/local choice/FB-Timestamp-JPG Upates/DSC_1371_result.jpg iteration=3 outcome=ok bytes=131072 timedout_delta=0 retransmitted_delta=0 reconnects_delta=0
PIC_NFS stage=rpc_read elapsed_ms=3 tid=139845991655104 host=DietPi.local export=/mnt/4TBS relative=/pics-sport/local choice/FB-Timestamp-JPG Upates/DSC_1371_result.jpg iteration=4 outcome=ok bytes=262144 timedout_delta=0 retransmitted_delta=0 reconnects_delta=0
PIC_NFS stage=rpc_read elapsed_ms=5 tid=139845991655104 host=DietPi.local export=/mnt/4TBS relative=/pics-sport/local choice/FB-Timestamp-JPG Upates/DSC_1371_result.jpg iteration=5 outcome=ok bytes=524288 timedout_delta=0 retransmitted_delta=0 reconnects_delta=0
PIC_NFS stage=rpc_read elapsed_ms=2 tid=139845991655104 host=DietPi.local export=/mnt/4TBS relative=/pics-sport/local choice/FB-Timestamp-JPG Upates/DSC_1371_result.jpg iteration=6 outcome=ok bytes=122326 timedout_delta=0 retransmitted_delta=0 reconnects_delta=0
PIC_NFS stage=rpc_read elapsed_ms=0 tid=139845991655104 host=DietPi.local export=/mnt/4TBS relative=/pics-sport/local choice/FB-Timestamp-JPG Upates/DSC_1371_result.jpg iteration=7 outcome=ok bytes=0 timedout_delta=0 retransmitted_delta=0 reconnects_delta=0
PIC_NFS stage=file_read_complete elapsed_ms=14 tid=139845991655104 host=DietPi.local export=/mnt/4TBS relative=/pics-sport/local choice/FB-Timestamp-JPG Upates/DSC_1371_result.jpg outcome=ok bytes=1170902 calls=7
PIC_NETWORK tid=ThreadId(28) PRIVATE_NFS read_done bytes=1170902 elapsed_ms=17 uri=nfs://DietPi.local/mnt/4TBS/pics-sport/local%20choice/FB-Timestamp-JPG%20Upates/DSC_1371_result.jpg
PIC_VIEWER source_cache action=insert bytes=1170902 uri=nfs://DietPi.local/mnt/4TBS/pics-sport/local%20choice/FB-Timestamp-JPG%20Upates/DSC_1371_result.jpg
PIC_VIEWER network_done lane=foreground read_ms=17 bytes=1170902 source=network outcome=ok uri=nfs://DietPi.local/mnt/4TBS/pics-sport/local%20choice/FB-Timestamp-JPG%20Upates/DSC_1371_result.jpg
PIC_VIEWER decode_stage source_ms=17 cpu_ms=36 uri=nfs://DietPi.local/mnt/4TBS/pics-sport/local%20choice/FB-Timestamp-JPG%20Upates/DSC_1371_result.jpg
PIC_VIEWER t_ms=842 tid=ThreadId(28) decode_done uri=nfs://DietPi.local/mnt/4TBS/pics-sport/local%20choice/FB-Timestamp-JPG%20Upates/DSC_1371_result.jpg variant=1124x794 elapsed_ms=56 outcome=ok
PIC_VIEWER t_ms=843 tid=ThreadId(1) display_apply elapsed_ms=1 uri=nfs://DietPi.local/mnt/4TBS/pics-sport/local%20choice/FB-Timestamp-JPG%20Upates/DSC_1371_result.jpg
PIC_VIEWER t_ms=843 tid=ThreadId(1) display_done lane=foreground source=decode navigation_ms=60 uri=nfs://DietPi.local/mnt/4TBS/pics-sport/local%20choice/FB-Timestamp-JPG%20Upates/DSC_1371_result.jpg
PIC_VIEWER t_ms=853 tid=ThreadId(1) wheel_event dy=1
PIC_VIEWER t_ms=853 tid=ThreadId(1) navigation_dispatch source=wheel from_index=442 to_index=443 direction=1
PIC_VIEWER t_ms=853 tid=ThreadId(1) infobar_update source=wheel index=443 uri=nfs://DietPi.local/mnt/4TBS/pics-sport/local%20choice/FB-Timestamp-JPG%20Upates/DSC_1372_result.jpg
PIC_VIEWER t_ms=854 tid=ThreadId(1) show_photo_request generation=8 index=443 uri=nfs://DietPi.local/mnt/4TBS/pics-sport/local%20choice/FB-Timestamp-JPG%20Upates/DSC_1372_result.jpg
PIC_VIEWER t_ms=855 tid=ThreadId(1) request lane=foreground action=new uri=nfs://DietPi.local/mnt/4TBS/pics-sport/local%20choice/FB-Timestamp-JPG%20Upates/DSC_1372_result.jpg variant=1124x794
PIC_VIEWER t_ms=855 tid=ThreadId(29) decode_start uri=nfs://DietPi.local/mnt/4TBS/pics-sport/local%20choice/FB-Timestamp-JPG%20Upates/DSC_1372_result.jpg variant=1124x794 queue_ms=0
PIC_VIEWER source_cache lane=foreground action=miss uri=nfs://DietPi.local/mnt/4TBS/pics-sport/local%20choice/FB-Timestamp-JPG%20Upates/DSC_1372_result.jpg
PIC_VIEWER network_slot lane=foreground wait_ms=0 uri=nfs://DietPi.local/mnt/4TBS/pics-sport/local%20choice/FB-Timestamp-JPG%20Upates/DSC_1372_result.jpg
PIC_NETWORK tid=ThreadId(29) PRIVATE_NFS export_cache_hit host=DietPi.local count=5
PIC_NETWORK tid=ThreadId(29) PRIVATE_NFS read_start uri=nfs://DietPi.local/mnt/4TBS/pics-sport/local%20choice/FB-Timestamp-JPG%20Upates/DSC_1372_result.jpg max_bytes=134217728
PIC_NFS stage=read_session_lock elapsed_ms=0 tid=139845991655104 host=DietPi.local export=/mnt/4TBS relative=/pics-sport/local choice/FB-Timestamp-JPG Upates/DSC_1372_result.jpg outcome=acquired
PIC_NFS_CONNECT reuse host=DietPi.local export=/mnt/4TBS
PIC_NFS stage=file_open elapsed_ms=2 tid=139845991655104 host=DietPi.local export=/mnt/4TBS relative=/pics-sport/local choice/FB-Timestamp-JPG Upates/DSC_1372_result.jpg outcome=ok
PIC_NFS stage=rpc_read elapsed_ms=1 tid=139845991655104 host=DietPi.local export=/mnt/4TBS relative=/pics-sport/local choice/FB-Timestamp-JPG Upates/DSC_1372_result.jpg iteration=1 outcome=ok bytes=65536 timedout_delta=0 retransmitted_delta=0 reconnects_delta=0
PIC_NFS stage=first_read elapsed_ms=1 tid=139845991655104 host=DietPi.local export=/mnt/4TBS relative=/pics-sport/local choice/FB-Timestamp-JPG Upates/DSC_1372_result.jpg outcome=ok bytes=65536
PIC_NFS stage=rpc_read elapsed_ms=2 tid=139845991655104 host=DietPi.local export=/mnt/4TBS relative=/pics-sport/local choice/FB-Timestamp-JPG Upates/DSC_1372_result.jpg iteration=2 outcome=ok bytes=65536 timedout_delta=0 retransmitted_delta=0 reconnects_delta=0
PIC_NFS stage=rpc_read elapsed_ms=2 tid=139845991655104 host=DietPi.local export=/mnt/4TBS relative=/pics-sport/local choice/FB-Timestamp-JPG Upates/DSC_1372_result.jpg iteration=3 outcome=ok bytes=131072 timedout_delta=0 retransmitted_delta=0 reconnects_delta=0
PIC_NFS stage=rpc_read elapsed_ms=3 tid=139845991655104 host=DietPi.local export=/mnt/4TBS relative=/pics-sport/local choice/FB-Timestamp-JPG Upates/DSC_1372_result.jpg iteration=4 outcome=ok bytes=262144 timedout_delta=0 retransmitted_delta=0 reconnects_delta=0
PIC_NFS stage=rpc_read elapsed_ms=5 tid=139845991655104 host=DietPi.local export=/mnt/4TBS relative=/pics-sport/local choice/FB-Timestamp-JPG Upates/DSC_1372_result.jpg iteration=5 outcome=ok bytes=524288 timedout_delta=0 retransmitted_delta=0 reconnects_delta=0
PIC_NFS stage=rpc_read elapsed_ms=2 tid=139845991655104 host=DietPi.local export=/mnt/4TBS relative=/pics-sport/local choice/FB-Timestamp-JPG Upates/DSC_1372_result.jpg iteration=6 outcome=ok bytes=146284 timedout_delta=0 retransmitted_delta=0 reconnects_delta=0
PIC_NFS stage=rpc_read elapsed_ms=0 tid=139845991655104 host=DietPi.local export=/mnt/4TBS relative=/pics-sport/local choice/FB-Timestamp-JPG Upates/DSC_1372_result.jpg iteration=7 outcome=ok bytes=0 timedout_delta=0 retransmitted_delta=0 reconnects_delta=0
PIC_NFS stage=file_read_complete elapsed_ms=15 tid=139845991655104 host=DietPi.local export=/mnt/4TBS relative=/pics-sport/local choice/FB-Timestamp-JPG Upates/DSC_1372_result.jpg outcome=ok bytes=1194860 calls=7
PIC_NETWORK tid=ThreadId(29) PRIVATE_NFS read_done bytes=1194860 elapsed_ms=17 uri=nfs://DietPi.local/mnt/4TBS/pics-sport/local%20choice/FB-Timestamp-JPG%20Upates/DSC_1372_result.jpg
PIC_VIEWER source_cache action=insert bytes=1194860 uri=nfs://DietPi.local/mnt/4TBS/pics-sport/local%20choice/FB-Timestamp-JPG%20Upates/DSC_1372_result.jpg
PIC_VIEWER network_done lane=foreground read_ms=18 bytes=1194860 source=network outcome=ok uri=nfs://DietPi.local/mnt/4TBS/pics-sport/local%20choice/FB-Timestamp-JPG%20Upates/DSC_1372_result.jpg
PIC_VIEWER decode_stage source_ms=18 cpu_ms=37 uri=nfs://DietPi.local/mnt/4TBS/pics-sport/local%20choice/FB-Timestamp-JPG%20Upates/DSC_1372_result.jpg
PIC_VIEWER t_ms=914 tid=ThreadId(29) decode_done uri=nfs://DietPi.local/mnt/4TBS/pics-sport/local%20choice/FB-Timestamp-JPG%20Upates/DSC_1372_result.jpg variant=1124x794 elapsed_ms=58 outcome=ok
PIC_VIEWER t_ms=916 tid=ThreadId(1) display_apply elapsed_ms=1 uri=nfs://DietPi.local/mnt/4TBS/pics-sport/local%20choice/FB-Timestamp-JPG%20Upates/DSC_1372_result.jpg
PIC_VIEWER t_ms=916 tid=ThreadId(1) display_done lane=foreground source=decode navigation_ms=62 uri=nfs://DietPi.local/mnt/4TBS/pics-sport/local%20choice/FB-Timestamp-JPG%20Upates/DSC_1372_result.jpg
PIC_VIEWER t_ms=917 tid=ThreadId(1) wheel_event dy=1
PIC_VIEWER t_ms=917 tid=ThreadId(1) navigation_dispatch source=wheel from_index=443 to_index=444 direction=1
PIC_VIEWER t_ms=917 tid=ThreadId(1) infobar_update source=wheel index=444 uri=nfs://DietPi.local/mnt/4TBS/pics-sport/local%20choice/FB-Timestamp-JPG%20Upates/DSC_1373_result.jpg
PIC_VIEWER t_ms=918 tid=ThreadId(1) show_photo_request generation=9 index=444 uri=nfs://DietPi.local/mnt/4TBS/pics-sport/local%20choice/FB-Timestamp-JPG%20Upates/DSC_1373_result.jpg
PIC_VIEWER t_ms=919 tid=ThreadId(1) request lane=foreground action=new uri=nfs://DietPi.local/mnt/4TBS/pics-sport/local%20choice/FB-Timestamp-JPG%20Upates/DSC_1373_result.jpg variant=1124x794
PIC_VIEWER t_ms=919 tid=ThreadId(30) decode_start uri=nfs://DietPi.local/mnt/4TBS/pics-sport/local%20choice/FB-Timestamp-JPG%20Upates/DSC_1373_result.jpg variant=1124x794 queue_ms=0
PIC_VIEWER source_cache lane=foreground action=miss uri=nfs://DietPi.local/mnt/4TBS/pics-sport/local%20choice/FB-Timestamp-JPG%20Upates/DSC_1373_result.jpg
PIC_VIEWER network_slot lane=foreground wait_ms=0 uri=nfs://DietPi.local/mnt/4TBS/pics-sport/local%20choice/FB-Timestamp-JPG%20Upates/DSC_1373_result.jpg
PIC_NETWORK tid=ThreadId(30) PRIVATE_NFS export_cache_hit host=DietPi.local count=5
PIC_NETWORK tid=ThreadId(30) PRIVATE_NFS read_start uri=nfs://DietPi.local/mnt/4TBS/pics-sport/local%20choice/FB-Timestamp-JPG%20Upates/DSC_1373_result.jpg max_bytes=134217728
PIC_NFS stage=read_session_lock elapsed_ms=0 tid=139845991655104 host=DietPi.local export=/mnt/4TBS relative=/pics-sport/local choice/FB-Timestamp-JPG Upates/DSC_1373_result.jpg outcome=acquired
PIC_NFS_CONNECT reuse host=DietPi.local export=/mnt/4TBS
PIC_NFS stage=file_open elapsed_ms=2 tid=139845991655104 host=DietPi.local export=/mnt/4TBS relative=/pics-sport/local choice/FB-Timestamp-JPG Upates/DSC_1373_result.jpg outcome=ok
PIC_NFS stage=rpc_read elapsed_ms=1 tid=139845991655104 host=DietPi.local export=/mnt/4TBS relative=/pics-sport/local choice/FB-Timestamp-JPG Upates/DSC_1373_result.jpg iteration=1 outcome=ok bytes=65536 timedout_delta=0 retransmitted_delta=0 reconnects_delta=0
PIC_NFS stage=first_read elapsed_ms=1 tid=139845991655104 host=DietPi.local export=/mnt/4TBS relative=/pics-sport/local choice/FB-Timestamp-JPG Upates/DSC_1373_result.jpg outcome=ok bytes=65536
PIC_NFS stage=rpc_read elapsed_ms=2 tid=139845991655104 host=DietPi.local export=/mnt/4TBS relative=/pics-sport/local choice/FB-Timestamp-JPG Upates/DSC_1373_result.jpg iteration=2 outcome=ok bytes=65536 timedout_delta=0 retransmitted_delta=0 reconnects_delta=0
PIC_NFS stage=rpc_read elapsed_ms=1 tid=139845991655104 host=DietPi.local export=/mnt/4TBS relative=/pics-sport/local choice/FB-Timestamp-JPG Upates/DSC_1373_result.jpg iteration=3 outcome=ok bytes=131072 timedout_delta=0 retransmitted_delta=0 reconnects_delta=0
PIC_NFS stage=rpc_read elapsed_ms=3 tid=139845991655104 host=DietPi.local export=/mnt/4TBS relative=/pics-sport/local choice/FB-Timestamp-JPG Upates/DSC_1373_result.jpg iteration=4 outcome=ok bytes=262144 timedout_delta=0 retransmitted_delta=0 reconnects_delta=0
PIC_NFS stage=rpc_read elapsed_ms=4 tid=139845991655104 host=DietPi.local export=/mnt/4TBS relative=/pics-sport/local choice/FB-Timestamp-JPG Upates/DSC_1373_result.jpg iteration=5 outcome=ok bytes=373279 timedout_delta=0 retransmitted_delta=0 reconnects_delta=0
PIC_NFS stage=rpc_read elapsed_ms=1 tid=139845991655104 host=DietPi.local export=/mnt/4TBS relative=/pics-sport/local choice/FB-Timestamp-JPG Upates/DSC_1373_result.jpg iteration=6 outcome=ok bytes=0 timedout_delta=0 retransmitted_delta=0 reconnects_delta=0
PIC_NFS stage=file_read_complete elapsed_ms=12 tid=139845991655104 host=DietPi.local export=/mnt/4TBS relative=/pics-sport/local choice/FB-Timestamp-JPG Upates/DSC_1373_result.jpg outcome=ok bytes=897567 calls=6
PIC_NETWORK tid=ThreadId(30) PRIVATE_NFS read_done bytes=897567 elapsed_ms=13 uri=nfs://DietPi.local/mnt/4TBS/pics-sport/local%20choice/FB-Timestamp-JPG%20Upates/DSC_1373_result.jpg
PIC_VIEWER source_cache action=insert bytes=897567 uri=nfs://DietPi.local/mnt/4TBS/pics-sport/local%20choice/FB-Timestamp-JPG%20Upates/DSC_1373_result.jpg
PIC_VIEWER network_done lane=foreground read_ms=13 bytes=897567 source=network outcome=ok uri=nfs://DietPi.local/mnt/4TBS/pics-sport/local%20choice/FB-Timestamp-JPG%20Upates/DSC_1373_result.jpg
PIC_VIEWER t_ms=965 tid=ThreadId(1) wheel_event dy=1
PIC_VIEWER t_ms=965 tid=ThreadId(1) wheel_accumulate current_index=444 target_index=445 direction=1
PIC_VIEWER decode_stage source_ms=14 cpu_ms=33 uri=nfs://DietPi.local/mnt/4TBS/pics-sport/local%20choice/FB-Timestamp-JPG%20Upates/DSC_1373_result.jpg
PIC_VIEWER t_ms=969 tid=ThreadId(30) decode_done uri=nfs://DietPi.local/mnt/4TBS/pics-sport/local%20choice/FB-Timestamp-JPG%20Upates/DSC_1373_result.jpg variant=1124x794 elapsed_ms=50 outcome=ok
PIC_VIEWER t_ms=971 tid=ThreadId(1) display_apply elapsed_ms=1 uri=nfs://DietPi.local/mnt/4TBS/pics-sport/local%20choice/FB-Timestamp-JPG%20Upates/DSC_1373_result.jpg
PIC_VIEWER t_ms=971 tid=ThreadId(1) display_done lane=foreground source=decode navigation_ms=53 uri=nfs://DietPi.local/mnt/4TBS/pics-sport/local%20choice/FB-Timestamp-JPG%20Upates/DSC_1373_result.jpg
PIC_VIEWER t_ms=971 tid=ThreadId(1) navigation_dispatch source=wheel_coalesced from_index=444 to_index=445 direction=1
PIC_VIEWER t_ms=971 tid=ThreadId(1) infobar_update source=wheel index=445 uri=nfs://DietPi.local/mnt/4TBS/pics-sport/local%20choice/FB-Timestamp-JPG%20Upates/DSC_1374_result.jpg
PIC_VIEWER t_ms=972 tid=ThreadId(1) show_photo_request generation=10 index=445 uri=nfs://DietPi.local/mnt/4TBS/pics-sport/local%20choice/FB-Timestamp-JPG%20Upates/DSC_1374_result.jpg
PIC_VIEWER t_ms=972 tid=ThreadId(1) request lane=foreground action=new uri=nfs://DietPi.local/mnt/4TBS/pics-sport/local%20choice/FB-Timestamp-JPG%20Upates/DSC_1374_result.jpg variant=1124x794
PIC_VIEWER t_ms=974 tid=ThreadId(31) decode_start uri=nfs://DietPi.local/mnt/4TBS/pics-sport/local%20choice/FB-Timestamp-JPG%20Upates/DSC_1374_result.jpg variant=1124x794 queue_ms=0
PIC_VIEWER source_cache lane=foreground action=miss uri=nfs://DietPi.local/mnt/4TBS/pics-sport/local%20choice/FB-Timestamp-JPG%20Upates/DSC_1374_result.jpg
PIC_VIEWER network_slot lane=foreground wait_ms=0 uri=nfs://DietPi.local/mnt/4TBS/pics-sport/local%20choice/FB-Timestamp-JPG%20Upates/DSC_1374_result.jpg
PIC_NETWORK tid=ThreadId(31) PRIVATE_NFS export_cache_hit host=DietPi.local count=5
PIC_NETWORK tid=ThreadId(31) PRIVATE_NFS read_start uri=nfs://DietPi.local/mnt/4TBS/pics-sport/local%20choice/FB-Timestamp-JPG%20Upates/DSC_1374_result.jpg max_bytes=134217728
PIC_NFS stage=read_session_lock elapsed_ms=0 tid=139845991655104 host=DietPi.local export=/mnt/4TBS relative=/pics-sport/local choice/FB-Timestamp-JPG Upates/DSC_1374_result.jpg outcome=acquired
PIC_NFS_CONNECT reuse host=DietPi.local export=/mnt/4TBS
PIC_NFS stage=file_open elapsed_ms=2 tid=139845991655104 host=DietPi.local export=/mnt/4TBS relative=/pics-sport/local choice/FB-Timestamp-JPG Upates/DSC_1374_result.jpg outcome=ok
PIC_NFS stage=rpc_read elapsed_ms=2 tid=139845991655104 host=DietPi.local export=/mnt/4TBS relative=/pics-sport/local choice/FB-Timestamp-JPG Upates/DSC_1374_result.jpg iteration=1 outcome=ok bytes=65536 timedout_delta=0 retransmitted_delta=0 reconnects_delta=0
PIC_NFS stage=first_read elapsed_ms=2 tid=139845991655104 host=DietPi.local export=/mnt/4TBS relative=/pics-sport/local choice/FB-Timestamp-JPG Upates/DSC_1374_result.jpg outcome=ok bytes=65536
PIC_NFS stage=rpc_read elapsed_ms=1 tid=139845991655104 host=DietPi.local export=/mnt/4TBS relative=/pics-sport/local choice/FB-Timestamp-JPG Upates/DSC_1374_result.jpg iteration=2 outcome=ok bytes=65536 timedout_delta=0 retransmitted_delta=0 reconnects_delta=0
PIC_NFS stage=rpc_read elapsed_ms=2 tid=139845991655104 host=DietPi.local export=/mnt/4TBS relative=/pics-sport/local choice/FB-Timestamp-JPG Upates/DSC_1374_result.jpg iteration=3 outcome=ok bytes=131072 timedout_delta=0 retransmitted_delta=0 reconnects_delta=0
PIC_NFS stage=rpc_read elapsed_ms=3 tid=139845991655104 host=DietPi.local export=/mnt/4TBS relative=/pics-sport/local choice/FB-Timestamp-JPG Upates/DSC_1374_result.jpg iteration=4 outcome=ok bytes=262144 timedout_delta=0 retransmitted_delta=0 reconnects_delta=0
PIC_NFS stage=rpc_read elapsed_ms=4 tid=139845991655104 host=DietPi.local export=/mnt/4TBS relative=/pics-sport/local choice/FB-Timestamp-JPG Upates/DSC_1374_result.jpg iteration=5 outcome=ok bytes=417908 timedout_delta=0 retransmitted_delta=0 reconnects_delta=0
PIC_NFS stage=rpc_read elapsed_ms=1 tid=139845991655104 host=DietPi.local export=/mnt/4TBS relative=/pics-sport/local choice/FB-Timestamp-JPG Upates/DSC_1374_result.jpg iteration=6 outcome=ok bytes=0 timedout_delta=0 retransmitted_delta=0 reconnects_delta=0
PIC_NFS stage=file_read_complete elapsed_ms=13 tid=139845991655104 host=DietPi.local export=/mnt/4TBS relative=/pics-sport/local choice/FB-Timestamp-JPG Upates/DSC_1374_result.jpg outcome=ok bytes=942196 calls=6
PIC_NETWORK tid=ThreadId(31) PRIVATE_NFS read_done bytes=942196 elapsed_ms=14 uri=nfs://DietPi.local/mnt/4TBS/pics-sport/local%20choice/FB-Timestamp-JPG%20Upates/DSC_1374_result.jpg
PIC_VIEWER source_cache action=insert bytes=942196 uri=nfs://DietPi.local/mnt/4TBS/pics-sport/local%20choice/FB-Timestamp-JPG%20Upates/DSC_1374_result.jpg
PIC_VIEWER network_done lane=foreground read_ms=14 bytes=942196 source=network outcome=ok uri=nfs://DietPi.local/mnt/4TBS/pics-sport/local%20choice/FB-Timestamp-JPG%20Upates/DSC_1374_result.jpg
PIC_VIEWER t_ms=1013 tid=ThreadId(1) wheel_event dy=1
PIC_VIEWER t_ms=1013 tid=ThreadId(1) wheel_accumulate current_index=445 target_index=446 direction=1
PIC_VIEWER decode_stage source_ms=14 cpu_ms=34 uri=nfs://DietPi.local/mnt/4TBS/pics-sport/local%20choice/FB-Timestamp-JPG%20Upates/DSC_1374_result.jpg
PIC_VIEWER t_ms=1026 tid=ThreadId(31) decode_done uri=nfs://DietPi.local/mnt/4TBS/pics-sport/local%20choice/FB-Timestamp-JPG%20Upates/DSC_1374_result.jpg variant=1124x794 elapsed_ms=51 outcome=ok
PIC_VIEWER t_ms=1027 tid=ThreadId(1) display_apply elapsed_ms=1 uri=nfs://DietPi.local/mnt/4TBS/pics-sport/local%20choice/FB-Timestamp-JPG%20Upates/DSC_1374_result.jpg
PIC_VIEWER t_ms=1027 tid=ThreadId(1) display_done lane=foreground source=decode navigation_ms=55 uri=nfs://DietPi.local/mnt/4TBS/pics-sport/local%20choice/FB-Timestamp-JPG%20Upates/DSC_1374_result.jpg
PIC_VIEWER t_ms=1027 tid=ThreadId(1) navigation_dispatch source=wheel_coalesced from_index=445 to_index=446 direction=1
PIC_VIEWER t_ms=1027 tid=ThreadId(1) infobar_update source=wheel index=446 uri=nfs://DietPi.local/mnt/4TBS/Spar%20Ladies%202025/10km/DSC_5710.jpg
PIC_VIEWER t_ms=1028 tid=ThreadId(1) show_photo_request generation=11 index=446 uri=nfs://DietPi.local/mnt/4TBS/Spar%20Ladies%202025/10km/DSC_5710.jpg
PIC_VIEWER t_ms=1028 tid=ThreadId(1) request lane=foreground action=new uri=nfs://DietPi.local/mnt/4TBS/Spar%20Ladies%202025/10km/DSC_5710.jpg variant=1124x794
PIC_VIEWER t_ms=1029 tid=ThreadId(32) decode_start uri=nfs://DietPi.local/mnt/4TBS/Spar%20Ladies%202025/10km/DSC_5710.jpg variant=1124x794 queue_ms=0
PIC_VIEWER source_cache lane=foreground action=miss uri=nfs://DietPi.local/mnt/4TBS/Spar%20Ladies%202025/10km/DSC_5710.jpg
PIC_VIEWER network_slot lane=foreground wait_ms=0 uri=nfs://DietPi.local/mnt/4TBS/Spar%20Ladies%202025/10km/DSC_5710.jpg
PIC_NETWORK tid=ThreadId(32) PRIVATE_NFS export_cache_hit host=DietPi.local count=5
PIC_NETWORK tid=ThreadId(32) PRIVATE_NFS read_start uri=nfs://DietPi.local/mnt/4TBS/Spar%20Ladies%202025/10km/DSC_5710.jpg max_bytes=134217728
PIC_NFS stage=read_session_lock elapsed_ms=0 tid=139845991655104 host=DietPi.local export=/mnt/4TBS relative=/Spar Ladies 2025/10km/DSC_5710.jpg outcome=acquired
PIC_NFS_CONNECT reuse host=DietPi.local export=/mnt/4TBS
PIC_NFS stage=file_open elapsed_ms=2 tid=139845991655104 host=DietPi.local export=/mnt/4TBS relative=/Spar Ladies 2025/10km/DSC_5710.jpg outcome=ok
PIC_NFS stage=rpc_read elapsed_ms=1 tid=139845991655104 host=DietPi.local export=/mnt/4TBS relative=/Spar Ladies 2025/10km/DSC_5710.jpg iteration=1 outcome=ok bytes=65536 timedout_delta=0 retransmitted_delta=0 reconnects_delta=0
PIC_NFS stage=first_read elapsed_ms=1 tid=139845991655104 host=DietPi.local export=/mnt/4TBS relative=/Spar Ladies 2025/10km/DSC_5710.jpg outcome=ok bytes=65536
PIC_NFS stage=rpc_read elapsed_ms=1 tid=139845991655104 host=DietPi.local export=/mnt/4TBS relative=/Spar Ladies 2025/10km/DSC_5710.jpg iteration=2 outcome=ok bytes=65536 timedout_delta=0 retransmitted_delta=0 reconnects_delta=0
PIC_NFS stage=rpc_read elapsed_ms=2 tid=139845991655104 host=DietPi.local export=/mnt/4TBS relative=/Spar Ladies 2025/10km/DSC_5710.jpg iteration=3 outcome=ok bytes=131072 timedout_delta=0 retransmitted_delta=0 reconnects_delta=0
PIC_NFS stage=rpc_read elapsed_ms=3 tid=139845991655104 host=DietPi.local export=/mnt/4TBS relative=/Spar Ladies 2025/10km/DSC_5710.jpg iteration=4 outcome=ok bytes=262144 timedout_delta=0 retransmitted_delta=0 reconnects_delta=0
PIC_NFS stage=rpc_read elapsed_ms=4 tid=139845991655104 host=DietPi.local export=/mnt/4TBS relative=/Spar Ladies 2025/10km/DSC_5710.jpg iteration=5 outcome=ok bytes=407587 timedout_delta=0 retransmitted_delta=0 reconnects_delta=0
PIC_NFS stage=rpc_read elapsed_ms=1 tid=139845991655104 host=DietPi.local export=/mnt/4TBS relative=/Spar Ladies 2025/10km/DSC_5710.jpg iteration=6 outcome=ok bytes=0 timedout_delta=0 retransmitted_delta=0 reconnects_delta=0
PIC_NFS stage=file_read_complete elapsed_ms=12 tid=139845991655104 host=DietPi.local export=/mnt/4TBS relative=/Spar Ladies 2025/10km/DSC_5710.jpg outcome=ok bytes=931875 calls=6
PIC_NETWORK tid=ThreadId(32) PRIVATE_NFS read_done bytes=931875 elapsed_ms=14 uri=nfs://DietPi.local/mnt/4TBS/Spar%20Ladies%202025/10km/DSC_5710.jpg
PIC_VIEWER source_cache action=insert bytes=931875 uri=nfs://DietPi.local/mnt/4TBS/Spar%20Ladies%202025/10km/DSC_5710.jpg
PIC_VIEWER network_done lane=foreground read_ms=14 bytes=931875 source=network outcome=ok uri=nfs://DietPi.local/mnt/4TBS/Spar%20Ladies%202025/10km/DSC_5710.jpg
PIC_VIEWER decode_stage source_ms=14 cpu_ms=32 uri=nfs://DietPi.local/mnt/4TBS/Spar%20Ladies%202025/10km/DSC_5710.jpg
PIC_VIEWER t_ms=1079 tid=ThreadId(32) decode_done uri=nfs://DietPi.local/mnt/4TBS/Spar%20Ladies%202025/10km/DSC_5710.jpg variant=1124x794 elapsed_ms=49 outcome=ok
PIC_VIEWER t_ms=1080 tid=ThreadId(1) display_apply elapsed_ms=1 uri=nfs://DietPi.local/mnt/4TBS/Spar%20Ladies%202025/10km/DSC_5710.jpg
PIC_VIEWER t_ms=1080 tid=ThreadId(1) display_done lane=foreground source=decode navigation_ms=52 uri=nfs://DietPi.local/mnt/4TBS/Spar%20Ladies%202025/10km/DSC_5710.jpg
PIC_VIEWER t_ms=1278 tid=ThreadId(1) request lane=prefetch action=new uri=nfs://DietPi.local/mnt/4TBS/Spar%20Ladies%202025/10km/DSC_5727.jpg variant=1124x794
PIC_VIEWER t_ms=1278 tid=ThreadId(1) cache_hit lane=prefetch uri=nfs://DietPi.local/mnt/4TBS/pics-sport/local%20choice/FB-Timestamp-JPG%20Upates/DSC_1374_result.jpg
PIC_VIEWER t_ms=1278 tid=ThreadId(33) decode_start uri=nfs://DietPi.local/mnt/4TBS/Spar%20Ladies%202025/10km/DSC_5727.jpg variant=1124x794 queue_ms=0
PIC_VIEWER source_cache lane=prefetch action=miss uri=nfs://DietPi.local/mnt/4TBS/Spar%20Ladies%202025/10km/DSC_5727.jpg
PIC_VIEWER network_slot lane=prefetch wait_ms=0 uri=nfs://DietPi.local/mnt/4TBS/Spar%20Ladies%202025/10km/DSC_5727.jpg
PIC_NETWORK tid=ThreadId(33) PRIVATE_NFS export_cache_hit host=DietPi.local count=5
PIC_NETWORK tid=ThreadId(33) PRIVATE_NFS read_start uri=nfs://DietPi.local/mnt/4TBS/Spar%20Ladies%202025/10km/DSC_5727.jpg max_bytes=134217728
PIC_NFS stage=read_session_lock elapsed_ms=0 tid=139845991655104 host=DietPi.local export=/mnt/4TBS relative=/Spar Ladies 2025/10km/DSC_5727.jpg outcome=acquired
PIC_NFS_CONNECT reuse host=DietPi.local export=/mnt/4TBS
PIC_NFS stage=file_open elapsed_ms=1 tid=139845991655104 host=DietPi.local export=/mnt/4TBS relative=/Spar Ladies 2025/10km/DSC_5727.jpg outcome=ok
PIC_NFS stage=rpc_read elapsed_ms=2 tid=139845991655104 host=DietPi.local export=/mnt/4TBS relative=/Spar Ladies 2025/10km/DSC_5727.jpg iteration=1 outcome=ok bytes=65536 timedout_delta=0 retransmitted_delta=0 reconnects_delta=0
PIC_NFS stage=first_read elapsed_ms=2 tid=139845991655104 host=DietPi.local export=/mnt/4TBS relative=/Spar Ladies 2025/10km/DSC_5727.jpg outcome=ok bytes=65536
PIC_NFS stage=rpc_read elapsed_ms=1 tid=139845991655104 host=DietPi.local export=/mnt/4TBS relative=/Spar Ladies 2025/10km/DSC_5727.jpg iteration=2 outcome=ok bytes=65536 timedout_delta=0 retransmitted_delta=0 reconnects_delta=0
PIC_NFS stage=rpc_read elapsed_ms=22 tid=139845991655104 host=DietPi.local export=/mnt/4TBS relative=/Spar Ladies 2025/10km/DSC_5727.jpg iteration=3 outcome=ok bytes=131072 timedout_delta=0 retransmitted_delta=0 reconnects_delta=0
PIC_NFS stage=rpc_read elapsed_ms=3 tid=139845991655104 host=DietPi.local export=/mnt/4TBS relative=/Spar Ladies 2025/10km/DSC_5727.jpg iteration=4 outcome=ok bytes=262144 timedout_delta=0 retransmitted_delta=0 reconnects_delta=0
PIC_NFS stage=rpc_read elapsed_ms=7 tid=139845991655104 host=DietPi.local export=/mnt/4TBS relative=/Spar Ladies 2025/10km/DSC_5727.jpg iteration=5 outcome=ok bytes=500581 timedout_delta=0 retransmitted_delta=0 reconnects_delta=0
PIC_NFS stage=rpc_read elapsed_ms=1 tid=139845991655104 host=DietPi.local export=/mnt/4TBS relative=/Spar Ladies 2025/10km/DSC_5727.jpg iteration=6 outcome=ok bytes=0 timedout_delta=0 retransmitted_delta=0 reconnects_delta=0
PIC_NFS stage=file_read_complete elapsed_ms=36 tid=139845991655104 host=DietPi.local export=/mnt/4TBS relative=/Spar Ladies 2025/10km/DSC_5727.jpg outcome=ok bytes=1024869 calls=6
PIC_NETWORK tid=ThreadId(33) PRIVATE_NFS read_done bytes=1024869 elapsed_ms=37 uri=nfs://DietPi.local/mnt/4TBS/Spar%20Ladies%202025/10km/DSC_5727.jpg
PIC_VIEWER source_cache action=insert bytes=1024869 uri=nfs://DietPi.local/mnt/4TBS/Spar%20Ladies%202025/10km/DSC_5727.jpg
PIC_VIEWER network_done lane=prefetch read_ms=37 bytes=1024869 source=network outcome=ok uri=nfs://DietPi.local/mnt/4TBS/Spar%20Ladies%202025/10km/DSC_5727.jpg
PIC_VIEWER decode_stage source_ms=37 cpu_ms=32 uri=nfs://DietPi.local/mnt/4TBS/Spar%20Ladies%202025/10km/DSC_5727.jpg
PIC_VIEWER t_ms=1351 tid=ThreadId(33) decode_done uri=nfs://DietPi.local/mnt/4TBS/Spar%20Ladies%202025/10km/DSC_5727.jpg variant=1124x794 elapsed_ms=72 outcome=ok
PIC_VIEWER t_ms=1413 tid=ThreadId(1) wheel_event dy=1
PIC_VIEWER t_ms=1413 tid=ThreadId(1) navigation_dispatch source=wheel from_index=446 to_index=447 direction=1
PIC_VIEWER t_ms=1413 tid=ThreadId(1) infobar_update source=wheel index=447 uri=nfs://DietPi.local/mnt/4TBS/Spar%20Ladies%202025/10km/DSC_5727.jpg
PIC_VIEWER t_ms=1414 tid=ThreadId(1) show_photo_request generation=12 index=447 uri=nfs://DietPi.local/mnt/4TBS/Spar%20Ladies%202025/10km/DSC_5727.jpg
PIC_VIEWER t_ms=1414 tid=ThreadId(1) cache_hit lane=foreground uri=nfs://DietPi.local/mnt/4TBS/Spar%20Ladies%202025/10km/DSC_5727.jpg
PIC_VIEWER t_ms=1414 tid=ThreadId(1) display_done lane=foreground source=texture_cache navigation_ms=0 uri=nfs://DietPi.local/mnt/4TBS/Spar%20Ladies%202025/10km/DSC_5727.jpg
PIC_VIEWER t_ms=1430 tid=ThreadId(1) wheel_event dy=1
PIC_VIEWER t_ms=1430 tid=ThreadId(1) navigation_dispatch source=wheel from_index=447 to_index=448 direction=1
PIC_VIEWER t_ms=1430 tid=ThreadId(1) infobar_update source=wheel index=448 uri=nfs://DietPi.local/mnt/4TBS/Spar%20Ladies%202025/10km/DSC_5733.jpg
PIC_VIEWER t_ms=1430 tid=ThreadId(1) show_photo_request generation=13 index=448 uri=nfs://DietPi.local/mnt/4TBS/Spar%20Ladies%202025/10km/DSC_5733.jpg
PIC_VIEWER t_ms=1430 tid=ThreadId(1) request lane=foreground action=new uri=nfs://DietPi.local/mnt/4TBS/Spar%20Ladies%202025/10km/DSC_5733.jpg variant=1124x794
PIC_VIEWER t_ms=1430 tid=ThreadId(34) decode_start uri=nfs://DietPi.local/mnt/4TBS/Spar%20Ladies%202025/10km/DSC_5733.jpg variant=1124x794 queue_ms=0
PIC_VIEWER source_cache lane=foreground action=miss uri=nfs://DietPi.local/mnt/4TBS/Spar%20Ladies%202025/10km/DSC_5733.jpg
PIC_VIEWER network_slot lane=foreground wait_ms=0 uri=nfs://DietPi.local/mnt/4TBS/Spar%20Ladies%202025/10km/DSC_5733.jpg
PIC_NETWORK tid=ThreadId(34) PRIVATE_NFS export_cache_hit host=DietPi.local count=5
PIC_NETWORK tid=ThreadId(34) PRIVATE_NFS read_start uri=nfs://DietPi.local/mnt/4TBS/Spar%20Ladies%202025/10km/DSC_5733.jpg max_bytes=134217728
PIC_NFS stage=read_session_lock elapsed_ms=0 tid=139845991655104 host=DietPi.local export=/mnt/4TBS relative=/Spar Ladies 2025/10km/DSC_5733.jpg outcome=acquired
PIC_NFS_CONNECT reuse host=DietPi.local export=/mnt/4TBS
PIC_NFS stage=file_open elapsed_ms=2 tid=139845991655104 host=DietPi.local export=/mnt/4TBS relative=/Spar Ladies 2025/10km/DSC_5733.jpg outcome=ok
PIC_NFS stage=rpc_read elapsed_ms=1 tid=139845991655104 host=DietPi.local export=/mnt/4TBS relative=/Spar Ladies 2025/10km/DSC_5733.jpg iteration=1 outcome=ok bytes=65536 timedout_delta=0 retransmitted_delta=0 reconnects_delta=0
PIC_NFS stage=first_read elapsed_ms=1 tid=139845991655104 host=DietPi.local export=/mnt/4TBS relative=/Spar Ladies 2025/10km/DSC_5733.jpg outcome=ok bytes=65536
PIC_NFS stage=rpc_read elapsed_ms=1 tid=139845991655104 host=DietPi.local export=/mnt/4TBS relative=/Spar Ladies 2025/10km/DSC_5733.jpg iteration=2 outcome=ok bytes=65536 timedout_delta=0 retransmitted_delta=0 reconnects_delta=0
PIC_VIEWER t_ms=1437 tid=ThreadId(1) wheel_event dy=1
PIC_VIEWER t_ms=1437 tid=ThreadId(1) wheel_accumulate current_index=448 target_index=449 direction=1
PIC_VIEWER t_ms=1445 tid=ThreadId(1) wheel_event dy=1
PIC_VIEWER t_ms=1445 tid=ThreadId(1) wheel_accumulate current_index=448 target_index=450 direction=1
PIC_NFS stage=rpc_read elapsed_ms=23 tid=139845991655104 host=DietPi.local export=/mnt/4TBS relative=/Spar Ladies 2025/10km/DSC_5733.jpg iteration=3 outcome=ok bytes=131072 timedout_delta=0 retransmitted_delta=0 reconnects_delta=0
PIC_NFS stage=rpc_read elapsed_ms=4 tid=139845991655104 host=DietPi.local export=/mnt/4TBS relative=/Spar Ladies 2025/10km/DSC_5733.jpg iteration=4 outcome=ok bytes=262144 timedout_delta=0 retransmitted_delta=0 reconnects_delta=0
PIC_NFS stage=rpc_read elapsed_ms=6 tid=139845991655104 host=DietPi.local export=/mnt/4TBS relative=/Spar Ladies 2025/10km/DSC_5733.jpg iteration=5 outcome=ok bytes=475607 timedout_delta=0 retransmitted_delta=0 reconnects_delta=0
PIC_NFS stage=rpc_read elapsed_ms=1 tid=139845991655104 host=DietPi.local export=/mnt/4TBS relative=/Spar Ladies 2025/10km/DSC_5733.jpg iteration=6 outcome=ok bytes=0 timedout_delta=0 retransmitted_delta=0 reconnects_delta=0
PIC_NFS stage=file_read_complete elapsed_ms=36 tid=139845991655104 host=DietPi.local export=/mnt/4TBS relative=/Spar Ladies 2025/10km/DSC_5733.jpg outcome=ok bytes=999895 calls=6
PIC_NETWORK tid=ThreadId(34) PRIVATE_NFS read_done bytes=999895 elapsed_ms=37 uri=nfs://DietPi.local/mnt/4TBS/Spar%20Ladies%202025/10km/DSC_5733.jpg
PIC_VIEWER source_cache action=insert bytes=999895 uri=nfs://DietPi.local/mnt/4TBS/Spar%20Ladies%202025/10km/DSC_5733.jpg
PIC_VIEWER network_done lane=foreground read_ms=38 bytes=999895 source=network outcome=ok uri=nfs://DietPi.local/mnt/4TBS/Spar%20Ladies%202025/10km/DSC_5733.jpg
PIC_VIEWER t_ms=1481 tid=ThreadId(1) wheel_event dy=1
PIC_VIEWER t_ms=1481 tid=ThreadId(1) wheel_accumulate current_index=448 target_index=451 direction=1
PIC_VIEWER decode_stage source_ms=38 cpu_ms=32 uri=nfs://DietPi.local/mnt/4TBS/Spar%20Ladies%202025/10km/DSC_5733.jpg
PIC_VIEWER t_ms=1504 tid=ThreadId(34) decode_done uri=nfs://DietPi.local/mnt/4TBS/Spar%20Ladies%202025/10km/DSC_5733.jpg variant=1124x794 elapsed_ms=73 outcome=ok
PIC_VIEWER t_ms=1505 tid=ThreadId(1) display_apply elapsed_ms=1 uri=nfs://DietPi.local/mnt/4TBS/Spar%20Ladies%202025/10km/DSC_5733.jpg
PIC_VIEWER t_ms=1505 tid=ThreadId(1) display_done lane=foreground source=decode navigation_ms=75 uri=nfs://DietPi.local/mnt/4TBS/Spar%20Ladies%202025/10km/DSC_5733.jpg
PIC_VIEWER t_ms=1505 tid=ThreadId(1) navigation_dispatch source=wheel_coalesced from_index=448 to_index=451 direction=1
PIC_VIEWER t_ms=1505 tid=ThreadId(1) infobar_update source=wheel index=451 uri=nfs://DietPi.local/mnt/4TBS/Spar%20Ladies%202025/10km/DSC_5823.jpg
PIC_VIEWER t_ms=1506 tid=ThreadId(1) show_photo_request generation=14 index=451 uri=nfs://DietPi.local/mnt/4TBS/Spar%20Ladies%202025/10km/DSC_5823.jpg
PIC_VIEWER t_ms=1506 tid=ThreadId(1) request lane=foreground action=new uri=nfs://DietPi.local/mnt/4TBS/Spar%20Ladies%202025/10km/DSC_5823.jpg variant=1124x794
PIC_VIEWER t_ms=1506 tid=ThreadId(35) decode_start uri=nfs://DietPi.local/mnt/4TBS/Spar%20Ladies%202025/10km/DSC_5823.jpg variant=1124x794 queue_ms=0
PIC_VIEWER source_cache lane=foreground action=miss uri=nfs://DietPi.local/mnt/4TBS/Spar%20Ladies%202025/10km/DSC_5823.jpg
PIC_VIEWER network_slot lane=foreground wait_ms=0 uri=nfs://DietPi.local/mnt/4TBS/Spar%20Ladies%202025/10km/DSC_5823.jpg
PIC_NETWORK tid=ThreadId(35) PRIVATE_NFS export_cache_hit host=DietPi.local count=5
PIC_NETWORK tid=ThreadId(35) PRIVATE_NFS read_start uri=nfs://DietPi.local/mnt/4TBS/Spar%20Ladies%202025/10km/DSC_5823.jpg max_bytes=134217728
PIC_NFS stage=read_session_lock elapsed_ms=0 tid=139845991655104 host=DietPi.local export=/mnt/4TBS relative=/Spar Ladies 2025/10km/DSC_5823.jpg outcome=acquired
PIC_NFS_CONNECT reuse host=DietPi.local export=/mnt/4TBS
PIC_NFS stage=file_open elapsed_ms=1 tid=139845991655104 host=DietPi.local export=/mnt/4TBS relative=/Spar Ladies 2025/10km/DSC_5823.jpg outcome=ok
PIC_NFS stage=rpc_read elapsed_ms=17 tid=139845991655104 host=DietPi.local export=/mnt/4TBS relative=/Spar Ladies 2025/10km/DSC_5823.jpg iteration=1 outcome=ok bytes=65536 timedout_delta=0 retransmitted_delta=0 reconnects_delta=0
PIC_NFS stage=first_read elapsed_ms=17 tid=139845991655104 host=DietPi.local export=/mnt/4TBS relative=/Spar Ladies 2025/10km/DSC_5823.jpg outcome=ok bytes=65536
PIC_NFS stage=rpc_read elapsed_ms=1 tid=139845991655104 host=DietPi.local export=/mnt/4TBS relative=/Spar Ladies 2025/10km/DSC_5823.jpg iteration=2 outcome=ok bytes=65536 timedout_delta=0 retransmitted_delta=0 reconnects_delta=0
PIC_NFS stage=rpc_read elapsed_ms=2 tid=139845991655104 host=DietPi.local export=/mnt/4TBS relative=/Spar Ladies 2025/10km/DSC_5823.jpg iteration=3 outcome=ok bytes=131072 timedout_delta=0 retransmitted_delta=0 reconnects_delta=0
PIC_NFS stage=rpc_read elapsed_ms=3 tid=139845991655104 host=DietPi.local export=/mnt/4TBS relative=/Spar Ladies 2025/10km/DSC_5823.jpg iteration=4 outcome=ok bytes=262144 timedout_delta=0 retransmitted_delta=0 reconnects_delta=0
PIC_NFS stage=rpc_read elapsed_ms=9 tid=139845991655104 host=DietPi.local export=/mnt/4TBS relative=/Spar Ladies 2025/10km/DSC_5823.jpg iteration=5 outcome=ok bytes=492759 timedout_delta=0 retransmitted_delta=0 reconnects_delta=0
PIC_NFS stage=rpc_read elapsed_ms=0 tid=139845991655104 host=DietPi.local export=/mnt/4TBS relative=/Spar Ladies 2025/10km/DSC_5823.jpg iteration=6 outcome=ok bytes=0 timedout_delta=0 retransmitted_delta=0 reconnects_delta=0
PIC_NFS stage=file_read_complete elapsed_ms=32 tid=139845991655104 host=DietPi.local export=/mnt/4TBS relative=/Spar Ladies 2025/10km/DSC_5823.jpg outcome=ok bytes=1017047 calls=6
PIC_NETWORK tid=ThreadId(35) PRIVATE_NFS read_done bytes=1017047 elapsed_ms=33 uri=nfs://DietPi.local/mnt/4TBS/Spar%20Ladies%202025/10km/DSC_5823.jpg
PIC_VIEWER source_cache action=insert bytes=1017047 uri=nfs://DietPi.local/mnt/4TBS/Spar%20Ladies%202025/10km/DSC_5823.jpg
PIC_VIEWER network_done lane=foreground read_ms=33 bytes=1017047 source=network outcome=ok uri=nfs://DietPi.local/mnt/4TBS/Spar%20Ladies%202025/10km/DSC_5823.jpg
PIC_VIEWER decode_stage source_ms=33 cpu_ms=33 uri=nfs://DietPi.local/mnt/4TBS/Spar%20Ladies%202025/10km/DSC_5823.jpg
PIC_VIEWER t_ms=1576 tid=ThreadId(35) decode_done uri=nfs://DietPi.local/mnt/4TBS/Spar%20Ladies%202025/10km/DSC_5823.jpg variant=1124x794 elapsed_ms=69 outcome=ok
PIC_VIEWER t_ms=1577 tid=ThreadId(1) display_apply elapsed_ms=1 uri=nfs://DietPi.local/mnt/4TBS/Spar%20Ladies%202025/10km/DSC_5823.jpg
PIC_VIEWER t_ms=1577 tid=ThreadId(1) display_done lane=foreground source=decode navigation_ms=71 uri=nfs://DietPi.local/mnt/4TBS/Spar%20Ladies%202025/10km/DSC_5823.jpg
PIC_VIEWER t_ms=1756 tid=ThreadId(1) request lane=prefetch action=new uri=nfs://DietPi.local/mnt/4TBS/Spar%20Ladies%202025/10km/DSC_5824.jpg variant=1124x794
PIC_VIEWER t_ms=1756 tid=ThreadId(1) request lane=prefetch action=new uri=nfs://DietPi.local/mnt/4TBS/Spar%20Ladies%202025/10km/DSC_5747.jpg variant=1124x794
PIC_VIEWER t_ms=1756 tid=ThreadId(36) decode_start uri=nfs://DietPi.local/mnt/4TBS/Spar%20Ladies%202025/10km/DSC_5824.jpg variant=1124x794 queue_ms=0
PIC_VIEWER source_cache lane=prefetch action=miss uri=nfs://DietPi.local/mnt/4TBS/Spar%20Ladies%202025/10km/DSC_5824.jpg
PIC_VIEWER network_slot lane=prefetch wait_ms=0 uri=nfs://DietPi.local/mnt/4TBS/Spar%20Ladies%202025/10km/DSC_5824.jpg
PIC_NETWORK tid=ThreadId(36) PRIVATE_NFS export_cache_hit host=DietPi.local count=5
PIC_NETWORK tid=ThreadId(36) PRIVATE_NFS read_start uri=nfs://DietPi.local/mnt/4TBS/Spar%20Ladies%202025/10km/DSC_5824.jpg max_bytes=134217728
PIC_NFS stage=read_session_lock elapsed_ms=0 tid=139845991655104 host=DietPi.local export=/mnt/4TBS relative=/Spar Ladies 2025/10km/DSC_5824.jpg outcome=acquired
PIC_NFS_CONNECT reuse host=DietPi.local export=/mnt/4TBS
PIC_VIEWER t_ms=1756 tid=ThreadId(37) decode_start uri=nfs://DietPi.local/mnt/4TBS/Spar%20Ladies%202025/10km/DSC_5747.jpg variant=1124x794 queue_ms=0
PIC_VIEWER source_cache lane=prefetch action=miss uri=nfs://DietPi.local/mnt/4TBS/Spar%20Ladies%202025/10km/DSC_5747.jpg
PIC_NFS stage=file_open elapsed_ms=2 tid=139845991655104 host=DietPi.local export=/mnt/4TBS relative=/Spar Ladies 2025/10km/DSC_5824.jpg outcome=ok
PIC_NFS stage=rpc_read elapsed_ms=1 tid=139845991655104 host=DietPi.local export=/mnt/4TBS relative=/Spar Ladies 2025/10km/DSC_5824.jpg iteration=1 outcome=ok bytes=65536 timedout_delta=0 retransmitted_delta=0 reconnects_delta=0
PIC_NFS stage=first_read elapsed_ms=1 tid=139845991655104 host=DietPi.local export=/mnt/4TBS relative=/Spar Ladies 2025/10km/DSC_5824.jpg outcome=ok bytes=65536
PIC_NFS stage=rpc_read elapsed_ms=1 tid=139845991655104 host=DietPi.local export=/mnt/4TBS relative=/Spar Ladies 2025/10km/DSC_5824.jpg iteration=2 outcome=ok bytes=65536 timedout_delta=0 retransmitted_delta=0 reconnects_delta=0
PIC_NFS stage=rpc_read elapsed_ms=2 tid=139845991655104 host=DietPi.local export=/mnt/4TBS relative=/Spar Ladies 2025/10km/DSC_5824.jpg iteration=3 outcome=ok bytes=131072 timedout_delta=0 retransmitted_delta=0 reconnects_delta=0
PIC_NFS stage=rpc_read elapsed_ms=31 tid=139845991655104 host=DietPi.local export=/mnt/4TBS relative=/Spar Ladies 2025/10km/DSC_5824.jpg iteration=4 outcome=ok bytes=262144 timedout_delta=0 retransmitted_delta=0 reconnects_delta=0
PIC_NFS stage=rpc_read elapsed_ms=6 tid=139845991655104 host=DietPi.local export=/mnt/4TBS relative=/Spar Ladies 2025/10km/DSC_5824.jpg iteration=5 outcome=ok bytes=524288 timedout_delta=0 retransmitted_delta=0 reconnects_delta=0
PIC_NFS stage=rpc_read elapsed_ms=6 tid=139845991655104 host=DietPi.local export=/mnt/4TBS relative=/Spar Ladies 2025/10km/DSC_5824.jpg iteration=6 outcome=ok bytes=436279 timedout_delta=0 retransmitted_delta=0 reconnects_delta=0
PIC_NFS stage=rpc_read elapsed_ms=0 tid=139845991655104 host=DietPi.local export=/mnt/4TBS relative=/Spar Ladies 2025/10km/DSC_5824.jpg iteration=7 outcome=ok bytes=0 timedout_delta=0 retransmitted_delta=0 reconnects_delta=0
PIC_NFS stage=file_read_complete elapsed_ms=47 tid=139845991655104 host=DietPi.local export=/mnt/4TBS relative=/Spar Ladies 2025/10km/DSC_5824.jpg outcome=ok bytes=1484855 calls=7
PIC_NETWORK tid=ThreadId(36) PRIVATE_NFS read_done bytes=1484855 elapsed_ms=50 uri=nfs://DietPi.local/mnt/4TBS/Spar%20Ladies%202025/10km/DSC_5824.jpg
PIC_VIEWER source_cache action=insert bytes=1484855 uri=nfs://DietPi.local/mnt/4TBS/Spar%20Ladies%202025/10km/DSC_5824.jpg
PIC_VIEWER network_done lane=prefetch read_ms=50 bytes=1484855 source=network outcome=ok uri=nfs://DietPi.local/mnt/4TBS/Spar%20Ladies%202025/10km/DSC_5824.jpg
PIC_VIEWER network_slot lane=prefetch wait_ms=50 uri=nfs://DietPi.local/mnt/4TBS/Spar%20Ladies%202025/10km/DSC_5747.jpg
PIC_NETWORK tid=ThreadId(37) PRIVATE_NFS export_cache_hit host=DietPi.local count=5
PIC_NETWORK tid=ThreadId(37) PRIVATE_NFS read_start uri=nfs://DietPi.local/mnt/4TBS/Spar%20Ladies%202025/10km/DSC_5747.jpg max_bytes=134217728
PIC_NFS stage=read_session_lock elapsed_ms=0 tid=139845212063424 host=DietPi.local export=/mnt/4TBS relative=/Spar Ladies 2025/10km/DSC_5747.jpg outcome=acquired
PIC_NFS_CONNECT reuse host=DietPi.local export=/mnt/4TBS
PIC_NFS stage=file_open elapsed_ms=1 tid=139845212063424 host=DietPi.local export=/mnt/4TBS relative=/Spar Ladies 2025/10km/DSC_5747.jpg outcome=ok
PIC_NFS stage=rpc_read elapsed_ms=1 tid=139845212063424 host=DietPi.local export=/mnt/4TBS relative=/Spar Ladies 2025/10km/DSC_5747.jpg iteration=1 outcome=ok bytes=65536 timedout_delta=0 retransmitted_delta=0 reconnects_delta=0
PIC_NFS stage=first_read elapsed_ms=1 tid=139845212063424 host=DietPi.local export=/mnt/4TBS relative=/Spar Ladies 2025/10km/DSC_5747.jpg outcome=ok bytes=65536
PIC_NFS stage=rpc_read elapsed_ms=2 tid=139845212063424 host=DietPi.local export=/mnt/4TBS relative=/Spar Ladies 2025/10km/DSC_5747.jpg iteration=2 outcome=ok bytes=65536 timedout_delta=0 retransmitted_delta=0 reconnects_delta=0
PIC_NFS stage=rpc_read elapsed_ms=1 tid=139845212063424 host=DietPi.local export=/mnt/4TBS relative=/Spar Ladies 2025/10km/DSC_5747.jpg iteration=3 outcome=ok bytes=131072 timedout_delta=0 retransmitted_delta=0 reconnects_delta=0
PIC_NFS stage=rpc_read elapsed_ms=3 tid=139845212063424 host=DietPi.local export=/mnt/4TBS relative=/Spar Ladies 2025/10km/DSC_5747.jpg iteration=4 outcome=ok bytes=262144 timedout_delta=0 retransmitted_delta=0 reconnects_delta=0
PIC_NFS stage=rpc_read elapsed_ms=5 tid=139845212063424 host=DietPi.local export=/mnt/4TBS relative=/Spar Ladies 2025/10km/DSC_5747.jpg iteration=5 outcome=ok bytes=492649 timedout_delta=0 retransmitted_delta=0 reconnects_delta=0
PIC_NFS stage=rpc_read elapsed_ms=1 tid=139845212063424 host=DietPi.local export=/mnt/4TBS relative=/Spar Ladies 2025/10km/DSC_5747.jpg iteration=6 outcome=ok bytes=0 timedout_delta=0 retransmitted_delta=0 reconnects_delta=0
PIC_NFS stage=file_read_complete elapsed_ms=13 tid=139845212063424 host=DietPi.local export=/mnt/4TBS relative=/Spar Ladies 2025/10km/DSC_5747.jpg outcome=ok bytes=1016937 calls=6
PIC_NETWORK tid=ThreadId(37) PRIVATE_NFS read_done bytes=1016937 elapsed_ms=14 uri=nfs://DietPi.local/mnt/4TBS/Spar%20Ladies%202025/10km/DSC_5747.jpg
PIC_VIEWER source_cache action=insert bytes=1016937 uri=nfs://DietPi.local/mnt/4TBS/Spar%20Ladies%202025/10km/DSC_5747.jpg
PIC_VIEWER network_done lane=prefetch read_ms=14 bytes=1016937 source=network outcome=ok uri=nfs://DietPi.local/mnt/4TBS/Spar%20Ladies%202025/10km/DSC_5747.jpg
PIC_VIEWER decode_stage source_ms=50 cpu_ms=36 uri=nfs://DietPi.local/mnt/4TBS/Spar%20Ladies%202025/10km/DSC_5824.jpg
PIC_VIEWER t_ms=1846 tid=ThreadId(36) decode_done uri=nfs://DietPi.local/mnt/4TBS/Spar%20Ladies%202025/10km/DSC_5824.jpg variant=1124x794 elapsed_ms=90 outcome=ok
PIC_VIEWER decode_stage source_ms=64 cpu_ms=34 uri=nfs://DietPi.local/mnt/4TBS/Spar%20Ladies%202025/10km/DSC_5747.jpg
PIC_VIEWER t_ms=1857 tid=ThreadId(37) decode_done uri=nfs://DietPi.local/mnt/4TBS/Spar%20Ladies%202025/10km/DSC_5747.jpg variant=1124x794 elapsed_ms=101 outcome=ok
PIC_VIEWER t_ms=2017 tid=ThreadId(1) wheel_event dy=1
PIC_VIEWER t_ms=2017 tid=ThreadId(1) navigation_dispatch source=wheel from_index=451 to_index=452 direction=1
PIC_VIEWER t_ms=2017 tid=ThreadId(1) infobar_update source=wheel index=452 uri=nfs://DietPi.local/mnt/4TBS/Spar%20Ladies%202025/10km/DSC_5824.jpg
PIC_VIEWER t_ms=2018 tid=ThreadId(1) show_photo_request generation=15 index=452 uri=nfs://DietPi.local/mnt/4TBS/Spar%20Ladies%202025/10km/DSC_5824.jpg
PIC_VIEWER t_ms=2018 tid=ThreadId(1) cache_hit lane=foreground uri=nfs://DietPi.local/mnt/4TBS/Spar%20Ladies%202025/10km/DSC_5824.jpg
PIC_VIEWER t_ms=2018 tid=ThreadId(1) display_done lane=foreground source=texture_cache navigation_ms=0 uri=nfs://DietPi.local/mnt/4TBS/Spar%20Ladies%202025/10km/DSC_5824.jpg
PIC_VIEWER t_ms=2033 tid=ThreadId(1) wheel_event dy=1
PIC_VIEWER t_ms=2033 tid=ThreadId(1) navigation_dispatch source=wheel from_index=452 to_index=453 direction=1
PIC_VIEWER t_ms=2033 tid=ThreadId(1) infobar_update source=wheel index=453 uri=nfs://DietPi.local/mnt/4TBS/Spar%20Ladies%202025/10km/DSC_5848.jpg
PIC_VIEWER t_ms=2034 tid=ThreadId(1) show_photo_request generation=16 index=453 uri=nfs://DietPi.local/mnt/4TBS/Spar%20Ladies%202025/10km/DSC_5848.jpg
PIC_VIEWER t_ms=2034 tid=ThreadId(1) request lane=foreground action=new uri=nfs://DietPi.local/mnt/4TBS/Spar%20Ladies%202025/10km/DSC_5848.jpg variant=1124x794
PIC_VIEWER t_ms=2034 tid=ThreadId(38) decode_start uri=nfs://DietPi.local/mnt/4TBS/Spar%20Ladies%202025/10km/DSC_5848.jpg variant=1124x794 queue_ms=0
PIC_VIEWER source_cache lane=foreground action=miss uri=nfs://DietPi.local/mnt/4TBS/Spar%20Ladies%202025/10km/DSC_5848.jpg
PIC_VIEWER network_slot lane=foreground wait_ms=0 uri=nfs://DietPi.local/mnt/4TBS/Spar%20Ladies%202025/10km/DSC_5848.jpg
PIC_NETWORK tid=ThreadId(38) PRIVATE_NFS export_cache_hit host=DietPi.local count=5
PIC_NETWORK tid=ThreadId(38) PRIVATE_NFS read_start uri=nfs://DietPi.local/mnt/4TBS/Spar%20Ladies%202025/10km/DSC_5848.jpg max_bytes=134217728
PIC_NFS stage=read_session_lock elapsed_ms=0 tid=139845212063424 host=DietPi.local export=/mnt/4TBS relative=/Spar Ladies 2025/10km/DSC_5848.jpg outcome=acquired
PIC_NFS_CONNECT reuse host=DietPi.local export=/mnt/4TBS
PIC_NFS stage=file_open elapsed_ms=2 tid=139845212063424 host=DietPi.local export=/mnt/4TBS relative=/Spar Ladies 2025/10km/DSC_5848.jpg outcome=ok
PIC_NFS stage=rpc_read elapsed_ms=1 tid=139845212063424 host=DietPi.local export=/mnt/4TBS relative=/Spar Ladies 2025/10km/DSC_5848.jpg iteration=1 outcome=ok bytes=65536 timedout_delta=0 retransmitted_delta=0 reconnects_delta=0
PIC_NFS stage=first_read elapsed_ms=1 tid=139845212063424 host=DietPi.local export=/mnt/4TBS relative=/Spar Ladies 2025/10km/DSC_5848.jpg outcome=ok bytes=65536
PIC_NFS stage=rpc_read elapsed_ms=11 tid=139845212063424 host=DietPi.local export=/mnt/4TBS relative=/Spar Ladies 2025/10km/DSC_5848.jpg iteration=2 outcome=ok bytes=65536 timedout_delta=0 retransmitted_delta=0 reconnects_delta=0
PIC_NFS stage=rpc_read elapsed_ms=1 tid=139845212063424 host=DietPi.local export=/mnt/4TBS relative=/Spar Ladies 2025/10km/DSC_5848.jpg iteration=3 outcome=ok bytes=131072 timedout_delta=0 retransmitted_delta=0 reconnects_delta=0
PIC_VIEWER t_ms=2049 tid=ThreadId(1) wheel_event dy=1
PIC_VIEWER t_ms=2049 tid=ThreadId(1) wheel_accumulate current_index=453 target_index=454 direction=1
PIC_NFS stage=rpc_read elapsed_ms=5 tid=139845212063424 host=DietPi.local export=/mnt/4TBS relative=/Spar Ladies 2025/10km/DSC_5848.jpg iteration=4 outcome=ok bytes=262144 timedout_delta=0 retransmitted_delta=0 reconnects_delta=0
PIC_NFS stage=rpc_read elapsed_ms=6 tid=139845212063424 host=DietPi.local export=/mnt/4TBS relative=/Spar Ladies 2025/10km/DSC_5848.jpg iteration=5 outcome=ok bytes=524288 timedout_delta=0 retransmitted_delta=0 reconnects_delta=0
PIC_NFS stage=rpc_read elapsed_ms=4 tid=139845212063424 host=DietPi.local export=/mnt/4TBS relative=/Spar Ladies 2025/10km/DSC_5848.jpg iteration=6 outcome=ok bytes=252435 timedout_delta=0 retransmitted_delta=0 reconnects_delta=0
PIC_NFS stage=rpc_read elapsed_ms=0 tid=139845212063424 host=DietPi.local export=/mnt/4TBS relative=/Spar Ladies 2025/10km/DSC_5848.jpg iteration=7 outcome=ok bytes=0 timedout_delta=0 retransmitted_delta=0 reconnects_delta=0
PIC_NFS stage=file_read_complete elapsed_ms=28 tid=139845212063424 host=DietPi.local export=/mnt/4TBS relative=/Spar Ladies 2025/10km/DSC_5848.jpg outcome=ok bytes=1301011 calls=7
PIC_NETWORK tid=ThreadId(38) PRIVATE_NFS read_done bytes=1301011 elapsed_ms=29 uri=nfs://DietPi.local/mnt/4TBS/Spar%20Ladies%202025/10km/DSC_5848.jpg
PIC_VIEWER source_cache action=insert bytes=1301011 uri=nfs://DietPi.local/mnt/4TBS/Spar%20Ladies%202025/10km/DSC_5848.jpg
PIC_VIEWER network_done lane=foreground read_ms=29 bytes=1301011 source=network outcome=ok uri=nfs://DietPi.local/mnt/4TBS/Spar%20Ladies%202025/10km/DSC_5848.jpg
PIC_VIEWER t_ms=2065 tid=ThreadId(1) wheel_event dy=1
PIC_VIEWER t_ms=2065 tid=ThreadId(1) wheel_accumulate current_index=453 target_index=455 direction=1
PIC_VIEWER t_ms=2081 tid=ThreadId(1) wheel_event dy=1
PIC_VIEWER t_ms=2081 tid=ThreadId(1) wheel_accumulate current_index=453 target_index=456 direction=1
PIC_VIEWER decode_stage source_ms=29 cpu_ms=36 uri=nfs://DietPi.local/mnt/4TBS/Spar%20Ladies%202025/10km/DSC_5848.jpg
PIC_VIEWER t_ms=2102 tid=ThreadId(38) decode_done uri=nfs://DietPi.local/mnt/4TBS/Spar%20Ladies%202025/10km/DSC_5848.jpg variant=1124x794 elapsed_ms=68 outcome=ok
PIC_VIEWER t_ms=2104 tid=ThreadId(1) display_apply elapsed_ms=1 uri=nfs://DietPi.local/mnt/4TBS/Spar%20Ladies%202025/10km/DSC_5848.jpg
PIC_VIEWER t_ms=2104 tid=ThreadId(1) display_done lane=foreground source=decode navigation_ms=70 uri=nfs://DietPi.local/mnt/4TBS/Spar%20Ladies%202025/10km/DSC_5848.jpg
PIC_VIEWER t_ms=2104 tid=ThreadId(1) navigation_dispatch source=wheel_coalesced from_index=453 to_index=456 direction=1
PIC_VIEWER t_ms=2104 tid=ThreadId(1) infobar_update source=wheel index=456 uri=nfs://DietPi.local/mnt/4TBS/Spar%20Ladies%202025/10km/DSC_5900.jpg
PIC_VIEWER t_ms=2105 tid=ThreadId(1) show_photo_request generation=17 index=456 uri=nfs://DietPi.local/mnt/4TBS/Spar%20Ladies%202025/10km/DSC_5900.jpg
PIC_VIEWER t_ms=2105 tid=ThreadId(1) request lane=foreground action=new uri=nfs://DietPi.local/mnt/4TBS/Spar%20Ladies%202025/10km/DSC_5900.jpg variant=1124x794
PIC_VIEWER t_ms=2105 tid=ThreadId(39) decode_start uri=nfs://DietPi.local/mnt/4TBS/Spar%20Ladies%202025/10km/DSC_5900.jpg variant=1124x794 queue_ms=0
PIC_VIEWER source_cache lane=foreground action=miss uri=nfs://DietPi.local/mnt/4TBS/Spar%20Ladies%202025/10km/DSC_5900.jpg
PIC_VIEWER network_slot lane=foreground wait_ms=0 uri=nfs://DietPi.local/mnt/4TBS/Spar%20Ladies%202025/10km/DSC_5900.jpg
PIC_NETWORK tid=ThreadId(39) PRIVATE_NFS export_cache_hit host=DietPi.local count=5
PIC_NETWORK tid=ThreadId(39) PRIVATE_NFS read_start uri=nfs://DietPi.local/mnt/4TBS/Spar%20Ladies%202025/10km/DSC_5900.jpg max_bytes=134217728
PIC_NFS stage=read_session_lock elapsed_ms=0 tid=139845212063424 host=DietPi.local export=/mnt/4TBS relative=/Spar Ladies 2025/10km/DSC_5900.jpg outcome=acquired
PIC_NFS_CONNECT reuse host=DietPi.local export=/mnt/4TBS
PIC_NFS stage=file_open elapsed_ms=2 tid=139845212063424 host=DietPi.local export=/mnt/4TBS relative=/Spar Ladies 2025/10km/DSC_5900.jpg outcome=ok
PIC_NFS stage=rpc_read elapsed_ms=1 tid=139845212063424 host=DietPi.local export=/mnt/4TBS relative=/Spar Ladies 2025/10km/DSC_5900.jpg iteration=1 outcome=ok bytes=65536 timedout_delta=0 retransmitted_delta=0 reconnects_delta=0
PIC_NFS stage=first_read elapsed_ms=1 tid=139845212063424 host=DietPi.local export=/mnt/4TBS relative=/Spar Ladies 2025/10km/DSC_5900.jpg outcome=ok bytes=65536
PIC_NFS stage=rpc_read elapsed_ms=1 tid=139845212063424 host=DietPi.local export=/mnt/4TBS relative=/Spar Ladies 2025/10km/DSC_5900.jpg iteration=2 outcome=ok bytes=65536 timedout_delta=0 retransmitted_delta=0 reconnects_delta=0
PIC_NFS stage=rpc_read elapsed_ms=2 tid=139845212063424 host=DietPi.local export=/mnt/4TBS relative=/Spar Ladies 2025/10km/DSC_5900.jpg iteration=3 outcome=ok bytes=131072 timedout_delta=0 retransmitted_delta=0 reconnects_delta=0
PIC_NFS stage=rpc_read elapsed_ms=3 tid=139845212063424 host=DietPi.local export=/mnt/4TBS relative=/Spar Ladies 2025/10km/DSC_5900.jpg iteration=4 outcome=ok bytes=262144 timedout_delta=0 retransmitted_delta=0 reconnects_delta=0
PIC_NFS stage=rpc_read elapsed_ms=5 tid=139845212063424 host=DietPi.local export=/mnt/4TBS relative=/Spar Ladies 2025/10km/DSC_5900.jpg iteration=5 outcome=ok bytes=524288 timedout_delta=0 retransmitted_delta=0 reconnects_delta=0
PIC_NFS stage=rpc_read elapsed_ms=2 tid=139845212063424 host=DietPi.local export=/mnt/4TBS relative=/Spar Ladies 2025/10km/DSC_5900.jpg iteration=6 outcome=ok bytes=97118 timedout_delta=0 retransmitted_delta=0 reconnects_delta=0
PIC_NFS stage=rpc_read elapsed_ms=0 tid=139845212063424 host=DietPi.local export=/mnt/4TBS relative=/Spar Ladies 2025/10km/DSC_5900.jpg iteration=7 outcome=ok bytes=0 timedout_delta=0 retransmitted_delta=0 reconnects_delta=0
PIC_NFS stage=file_read_complete elapsed_ms=14 tid=139845212063424 host=DietPi.local export=/mnt/4TBS relative=/Spar Ladies 2025/10km/DSC_5900.jpg outcome=ok bytes=1145694 calls=7
PIC_NETWORK tid=ThreadId(39) PRIVATE_NFS read_done bytes=1145694 elapsed_ms=15 uri=nfs://DietPi.local/mnt/4TBS/Spar%20Ladies%202025/10km/DSC_5900.jpg
PIC_VIEWER source_cache action=insert bytes=1145694 uri=nfs://DietPi.local/mnt/4TBS/Spar%20Ladies%202025/10km/DSC_5900.jpg
PIC_VIEWER network_done lane=foreground read_ms=15 bytes=1145694 source=network outcome=ok uri=nfs://DietPi.local/mnt/4TBS/Spar%20Ladies%202025/10km/DSC_5900.jpg
PIC_VIEWER decode_stage source_ms=15 cpu_ms=35 uri=nfs://DietPi.local/mnt/4TBS/Spar%20Ladies%202025/10km/DSC_5900.jpg
PIC_VIEWER t_ms=2158 tid=ThreadId(39) decode_done uri=nfs://DietPi.local/mnt/4TBS/Spar%20Ladies%202025/10km/DSC_5900.jpg variant=1124x794 elapsed_ms=53 outcome=ok
PIC_VIEWER t_ms=2160 tid=ThreadId(1) display_apply elapsed_ms=1 uri=nfs://DietPi.local/mnt/4TBS/Spar%20Ladies%202025/10km/DSC_5900.jpg
PIC_VIEWER t_ms=2160 tid=ThreadId(1) display_done lane=foreground source=decode navigation_ms=55 uri=nfs://DietPi.local/mnt/4TBS/Spar%20Ladies%202025/10km/DSC_5900.jpg
PIC_VIEWER t_ms=2355 tid=ThreadId(1) request lane=prefetch action=new uri=nfs://DietPi.local/mnt/4TBS/Spar%20Ladies%202025/10km/DSC_5901.jpg variant=1124x794
PIC_VIEWER t_ms=2355 tid=ThreadId(1) request lane=prefetch action=new uri=nfs://DietPi.local/mnt/4TBS/Spar%20Ladies%202025/10km/DSC_5896.jpg variant=1124x794
PIC_VIEWER t_ms=2355 tid=ThreadId(40) decode_start uri=nfs://DietPi.local/mnt/4TBS/Spar%20Ladies%202025/10km/DSC_5901.jpg variant=1124x794 queue_ms=0
PIC_VIEWER source_cache lane=prefetch action=miss uri=nfs://DietPi.local/mnt/4TBS/Spar%20Ladies%202025/10km/DSC_5901.jpg
PIC_VIEWER network_slot lane=prefetch wait_ms=0 uri=nfs://DietPi.local/mnt/4TBS/Spar%20Ladies%202025/10km/DSC_5901.jpg
PIC_NETWORK tid=ThreadId(40) PRIVATE_NFS export_cache_hit host=DietPi.local count=5
PIC_VIEWER t_ms=2355 tid=ThreadId(41) decode_start uri=nfs://DietPi.local/mnt/4TBS/Spar%20Ladies%202025/10km/DSC_5896.jpg variant=1124x794 queue_ms=0
PIC_VIEWER source_cache lane=prefetch action=miss uri=nfs://DietPi.local/mnt/4TBS/Spar%20Ladies%202025/10km/DSC_5896.jpg
PIC_NETWORK tid=ThreadId(40) PRIVATE_NFS read_start uri=nfs://DietPi.local/mnt/4TBS/Spar%20Ladies%202025/10km/DSC_5901.jpg max_bytes=134217728
PIC_NFS stage=read_session_lock elapsed_ms=0 tid=139845212063424 host=DietPi.local export=/mnt/4TBS relative=/Spar Ladies 2025/10km/DSC_5901.jpg outcome=acquired
PIC_NFS_CONNECT reuse host=DietPi.local export=/mnt/4TBS
PIC_NFS stage=file_open elapsed_ms=1 tid=139845212063424 host=DietPi.local export=/mnt/4TBS relative=/Spar Ladies 2025/10km/DSC_5901.jpg outcome=ok
PIC_NFS stage=rpc_read elapsed_ms=1 tid=139845212063424 host=DietPi.local export=/mnt/4TBS relative=/Spar Ladies 2025/10km/DSC_5901.jpg iteration=1 outcome=ok bytes=65536 timedout_delta=0 retransmitted_delta=0 reconnects_delta=0
PIC_NFS stage=first_read elapsed_ms=1 tid=139845212063424 host=DietPi.local export=/mnt/4TBS relative=/Spar Ladies 2025/10km/DSC_5901.jpg outcome=ok bytes=65536
PIC_NFS stage=rpc_read elapsed_ms=1 tid=139845212063424 host=DietPi.local export=/mnt/4TBS relative=/Spar Ladies 2025/10km/DSC_5901.jpg iteration=2 outcome=ok bytes=65536 timedout_delta=0 retransmitted_delta=0 reconnects_delta=0
PIC_NFS stage=rpc_read elapsed_ms=2 tid=139845212063424 host=DietPi.local export=/mnt/4TBS relative=/Spar Ladies 2025/10km/DSC_5901.jpg iteration=3 outcome=ok bytes=131072 timedout_delta=0 retransmitted_delta=0 reconnects_delta=0
PIC_NFS stage=rpc_read elapsed_ms=3 tid=139845212063424 host=DietPi.local export=/mnt/4TBS relative=/Spar Ladies 2025/10km/DSC_5901.jpg iteration=4 outcome=ok bytes=262144 timedout_delta=0 retransmitted_delta=0 reconnects_delta=0
PIC_NFS stage=rpc_read elapsed_ms=5 tid=139845212063424 host=DietPi.local export=/mnt/4TBS relative=/Spar Ladies 2025/10km/DSC_5901.jpg iteration=5 outcome=ok bytes=524288 timedout_delta=0 retransmitted_delta=0 reconnects_delta=0
PIC_NFS stage=rpc_read elapsed_ms=8 tid=139845212063424 host=DietPi.local export=/mnt/4TBS relative=/Spar Ladies 2025/10km/DSC_5901.jpg iteration=6 outcome=ok bytes=756377 timedout_delta=0 retransmitted_delta=0 reconnects_delta=0
PIC_NFS stage=rpc_read elapsed_ms=1 tid=139845212063424 host=DietPi.local export=/mnt/4TBS relative=/Spar Ladies 2025/10km/DSC_5901.jpg iteration=7 outcome=ok bytes=0 timedout_delta=0 retransmitted_delta=0 reconnects_delta=0
PIC_NFS stage=file_read_complete elapsed_ms=21 tid=139845212063424 host=DietPi.local export=/mnt/4TBS relative=/Spar Ladies 2025/10km/DSC_5901.jpg outcome=ok bytes=1804953 calls=7
PIC_NETWORK tid=ThreadId(40) PRIVATE_NFS read_done bytes=1804953 elapsed_ms=22 uri=nfs://DietPi.local/mnt/4TBS/Spar%20Ladies%202025/10km/DSC_5901.jpg
PIC_VIEWER source_cache action=insert bytes=1804953 uri=nfs://DietPi.local/mnt/4TBS/Spar%20Ladies%202025/10km/DSC_5901.jpg
PIC_VIEWER source_cache action=evict bytes=1122766 uri=nfs://DietPi.local/mnt/4TBS/pics-sport/local%20choice/FB-Timestamp-JPG%20Upates/DSC_1366_result.jpg
PIC_VIEWER network_done lane=prefetch read_ms=23 bytes=1804953 source=network outcome=ok uri=nfs://DietPi.local/mnt/4TBS/Spar%20Ladies%202025/10km/DSC_5901.jpg
PIC_VIEWER network_slot lane=prefetch wait_ms=23 uri=nfs://DietPi.local/mnt/4TBS/Spar%20Ladies%202025/10km/DSC_5896.jpg
PIC_NETWORK tid=ThreadId(41) PRIVATE_NFS export_cache_hit host=DietPi.local count=5
PIC_NETWORK tid=ThreadId(41) PRIVATE_NFS read_start uri=nfs://DietPi.local/mnt/4TBS/Spar%20Ladies%202025/10km/DSC_5896.jpg max_bytes=134217728
PIC_NFS stage=read_session_lock elapsed_ms=0 tid=139845991655104 host=DietPi.local export=/mnt/4TBS relative=/Spar Ladies 2025/10km/DSC_5896.jpg outcome=acquired
PIC_NFS_CONNECT reuse host=DietPi.local export=/mnt/4TBS
PIC_NFS stage=file_open elapsed_ms=1 tid=139845991655104 host=DietPi.local export=/mnt/4TBS relative=/Spar Ladies 2025/10km/DSC_5896.jpg outcome=ok
PIC_NFS stage=rpc_read elapsed_ms=1 tid=139845991655104 host=DietPi.local export=/mnt/4TBS relative=/Spar Ladies 2025/10km/DSC_5896.jpg iteration=1 outcome=ok bytes=65536 timedout_delta=0 retransmitted_delta=0 reconnects_delta=0
PIC_NFS stage=first_read elapsed_ms=1 tid=139845991655104 host=DietPi.local export=/mnt/4TBS relative=/Spar Ladies 2025/10km/DSC_5896.jpg outcome=ok bytes=65536
PIC_NFS stage=rpc_read elapsed_ms=1 tid=139845991655104 host=DietPi.local export=/mnt/4TBS relative=/Spar Ladies 2025/10km/DSC_5896.jpg iteration=2 outcome=ok bytes=65536 timedout_delta=0 retransmitted_delta=0 reconnects_delta=0
PIC_NFS stage=rpc_read elapsed_ms=2 tid=139845991655104 host=DietPi.local export=/mnt/4TBS relative=/Spar Ladies 2025/10km/DSC_5896.jpg iteration=3 outcome=ok bytes=131072 timedout_delta=0 retransmitted_delta=0 reconnects_delta=0
PIC_NFS stage=rpc_read elapsed_ms=3 tid=139845991655104 host=DietPi.local export=/mnt/4TBS relative=/Spar Ladies 2025/10km/DSC_5896.jpg iteration=4 outcome=ok bytes=262144 timedout_delta=0 retransmitted_delta=0 reconnects_delta=0
PIC_NFS stage=rpc_read elapsed_ms=4 tid=139845991655104 host=DietPi.local export=/mnt/4TBS relative=/Spar Ladies 2025/10km/DSC_5896.jpg iteration=5 outcome=ok bytes=460699 timedout_delta=0 retransmitted_delta=0 reconnects_delta=0
PIC_NFS stage=rpc_read elapsed_ms=1 tid=139845991655104 host=DietPi.local export=/mnt/4TBS relative=/Spar Ladies 2025/10km/DSC_5896.jpg iteration=6 outcome=ok bytes=0 timedout_delta=0 retransmitted_delta=0 reconnects_delta=0
PIC_NFS stage=file_read_complete elapsed_ms=12 tid=139845991655104 host=DietPi.local export=/mnt/4TBS relative=/Spar Ladies 2025/10km/DSC_5896.jpg outcome=ok bytes=984987 calls=6
PIC_NETWORK tid=ThreadId(41) PRIVATE_NFS read_done bytes=984987 elapsed_ms=13 uri=nfs://DietPi.local/mnt/4TBS/Spar%20Ladies%202025/10km/DSC_5896.jpg
PIC_VIEWER source_cache action=insert bytes=984987 uri=nfs://DietPi.local/mnt/4TBS/Spar%20Ladies%202025/10km/DSC_5896.jpg
PIC_VIEWER source_cache action=evict bytes=1178349 uri=nfs://DietPi.local/mnt/4TBS/pics-sport/local%20choice/FB-Timestamp-JPG%20Upates/DSC_1367_result.jpg
PIC_VIEWER network_done lane=prefetch read_ms=13 bytes=984987 source=network outcome=ok uri=nfs://DietPi.local/mnt/4TBS/Spar%20Ladies%202025/10km/DSC_5896.jpg
PIC_VIEWER decode_stage source_ms=23 cpu_ms=39 uri=nfs://DietPi.local/mnt/4TBS/Spar%20Ladies%202025/10km/DSC_5901.jpg
PIC_VIEWER t_ms=2421 tid=ThreadId(40) decode_done uri=nfs://DietPi.local/mnt/4TBS/Spar%20Ladies%202025/10km/DSC_5901.jpg variant=1124x794 elapsed_ms=65 outcome=ok
PIC_VIEWER decode_stage source_ms=36 cpu_ms=32 uri=nfs://DietPi.local/mnt/4TBS/Spar%20Ladies%202025/10km/DSC_5896.jpg
PIC_VIEWER t_ms=2427 tid=ThreadId(41) decode_done uri=nfs://DietPi.local/mnt/4TBS/Spar%20Ladies%202025/10km/DSC_5896.jpg variant=1124x794 elapsed_ms=71 outcome=ok
PIC_VIEWER t_ms=2433 tid=ThreadId(1) wheel_event dy=1
PIC_VIEWER t_ms=2433 tid=ThreadId(1) navigation_dispatch source=wheel from_index=456 to_index=457 direction=1
PIC_VIEWER t_ms=2433 tid=ThreadId(1) infobar_update source=wheel index=457 uri=nfs://DietPi.local/mnt/4TBS/Spar%20Ladies%202025/10km/DSC_5901.jpg
PIC_VIEWER t_ms=2434 tid=ThreadId(1) show_photo_request generation=18 index=457 uri=nfs://DietPi.local/mnt/4TBS/Spar%20Ladies%202025/10km/DSC_5901.jpg
PIC_VIEWER t_ms=2434 tid=ThreadId(1) cache_hit lane=foreground uri=nfs://DietPi.local/mnt/4TBS/Spar%20Ladies%202025/10km/DSC_5901.jpg
PIC_VIEWER t_ms=2434 tid=ThreadId(1) display_done lane=foreground source=texture_cache navigation_ms=0 uri=nfs://DietPi.local/mnt/4TBS/Spar%20Ladies%202025/10km/DSC_5901.jpg
PIC_VIEWER t_ms=2449 tid=ThreadId(1) wheel_event dy=1
PIC_VIEWER t_ms=2449 tid=ThreadId(1) navigation_dispatch source=wheel from_index=457 to_index=458 direction=1
PIC_VIEWER t_ms=2449 tid=ThreadId(1) infobar_update source=wheel index=458 uri=nfs://DietPi.local/mnt/4TBS/Spar%20Ladies%202025/10km/DSC_6074.jpg
PIC_VIEWER t_ms=2450 tid=ThreadId(1) show_photo_request generation=19 index=458 uri=nfs://DietPi.local/mnt/4TBS/Spar%20Ladies%202025/10km/DSC_6074.jpg
PIC_VIEWER t_ms=2450 tid=ThreadId(1) request lane=foreground action=new uri=nfs://DietPi.local/mnt/4TBS/Spar%20Ladies%202025/10km/DSC_6074.jpg variant=1124x794
PIC_VIEWER t_ms=2450 tid=ThreadId(42) decode_start uri=nfs://DietPi.local/mnt/4TBS/Spar%20Ladies%202025/10km/DSC_6074.jpg variant=1124x794 queue_ms=0
PIC_VIEWER source_cache lane=foreground action=miss uri=nfs://DietPi.local/mnt/4TBS/Spar%20Ladies%202025/10km/DSC_6074.jpg
PIC_VIEWER network_slot lane=foreground wait_ms=0 uri=nfs://DietPi.local/mnt/4TBS/Spar%20Ladies%202025/10km/DSC_6074.jpg
PIC_NETWORK tid=ThreadId(42) PRIVATE_NFS export_cache_hit host=DietPi.local count=5
PIC_NETWORK tid=ThreadId(42) PRIVATE_NFS read_start uri=nfs://DietPi.local/mnt/4TBS/Spar%20Ladies%202025/10km/DSC_6074.jpg max_bytes=134217728
PIC_NFS stage=read_session_lock elapsed_ms=0 tid=139845212063424 host=DietPi.local export=/mnt/4TBS relative=/Spar Ladies 2025/10km/DSC_6074.jpg outcome=acquired
PIC_NFS_CONNECT reuse host=DietPi.local export=/mnt/4TBS
PIC_NFS stage=file_open elapsed_ms=2 tid=139845212063424 host=DietPi.local export=/mnt/4TBS relative=/Spar Ladies 2025/10km/DSC_6074.jpg outcome=ok
PIC_NFS stage=rpc_read elapsed_ms=1 tid=139845212063424 host=DietPi.local export=/mnt/4TBS relative=/Spar Ladies 2025/10km/DSC_6074.jpg iteration=1 outcome=ok bytes=65536 timedout_delta=0 retransmitted_delta=0 reconnects_delta=0
PIC_NFS stage=first_read elapsed_ms=1 tid=139845212063424 host=DietPi.local export=/mnt/4TBS relative=/Spar Ladies 2025/10km/DSC_6074.jpg outcome=ok bytes=65536
PIC_NFS stage=rpc_read elapsed_ms=2 tid=139845212063424 host=DietPi.local export=/mnt/4TBS relative=/Spar Ladies 2025/10km/DSC_6074.jpg iteration=2 outcome=ok bytes=65536 timedout_delta=0 retransmitted_delta=0 reconnects_delta=0
PIC_NFS stage=rpc_read elapsed_ms=1 tid=139845212063424 host=DietPi.local export=/mnt/4TBS relative=/Spar Ladies 2025/10km/DSC_6074.jpg iteration=3 outcome=ok bytes=131072 timedout_delta=0 retransmitted_delta=0 reconnects_delta=0
PIC_NFS stage=rpc_read elapsed_ms=3 tid=139845212063424 host=DietPi.local export=/mnt/4TBS relative=/Spar Ladies 2025/10km/DSC_6074.jpg iteration=4 outcome=ok bytes=262144 timedout_delta=0 retransmitted_delta=0 reconnects_delta=0
PIC_NFS stage=rpc_read elapsed_ms=6 tid=139845212063424 host=DietPi.local export=/mnt/4TBS relative=/Spar Ladies 2025/10km/DSC_6074.jpg iteration=5 outcome=ok bytes=524288 timedout_delta=0 retransmitted_delta=0 reconnects_delta=0
PIC_VIEWER t_ms=2465 tid=ThreadId(1) wheel_event dy=1
PIC_VIEWER t_ms=2465 tid=ThreadId(1) wheel_accumulate current_index=458 target_index=459 direction=1
PIC_NFS stage=rpc_read elapsed_ms=7 tid=139845212063424 host=DietPi.local export=/mnt/4TBS relative=/Spar Ladies 2025/10km/DSC_6074.jpg iteration=6 outcome=ok bytes=739794 timedout_delta=0 retransmitted_delta=0 reconnects_delta=0
PIC_NFS stage=rpc_read elapsed_ms=0 tid=139845212063424 host=DietPi.local export=/mnt/4TBS relative=/Spar Ladies 2025/10km/DSC_6074.jpg iteration=7 outcome=ok bytes=0 timedout_delta=0 retransmitted_delta=0 reconnects_delta=0
PIC_NFS stage=file_read_complete elapsed_ms=20 tid=139845212063424 host=DietPi.local export=/mnt/4TBS relative=/Spar Ladies 2025/10km/DSC_6074.jpg outcome=ok bytes=1788370 calls=7
PIC_NETWORK tid=ThreadId(42) PRIVATE_NFS read_done bytes=1788370 elapsed_ms=22 uri=nfs://DietPi.local/mnt/4TBS/Spar%20Ladies%202025/10km/DSC_6074.jpg
PIC_VIEWER source_cache action=insert bytes=1788370 uri=nfs://DietPi.local/mnt/4TBS/Spar%20Ladies%202025/10km/DSC_6074.jpg
PIC_VIEWER source_cache action=evict bytes=1294301 uri=nfs://DietPi.local/mnt/4TBS/pics-sport/local%20choice/FB-Timestamp-JPG%20Upates/DSC_1368_result.jpg
PIC_VIEWER network_done lane=foreground read_ms=22 bytes=1788370 source=network outcome=ok uri=nfs://DietPi.local/mnt/4TBS/Spar%20Ladies%202025/10km/DSC_6074.jpg
PIC_VIEWER t_ms=2481 tid=ThreadId(1) wheel_event dy=1
PIC_VIEWER t_ms=2481 tid=ThreadId(1) wheel_accumulate current_index=458 target_index=460 direction=1
PIC_VIEWER t_ms=2489 tid=ThreadId(1) wheel_event dy=1
PIC_VIEWER t_ms=2489 tid=ThreadId(1) wheel_accumulate current_index=458 target_index=461 direction=1
PIC_VIEWER t_ms=2497 tid=ThreadId(1) wheel_event dy=1
PIC_VIEWER t_ms=2497 tid=ThreadId(1) wheel_accumulate current_index=458 target_index=462 direction=1
PIC_VIEWER decode_stage source_ms=22 cpu_ms=39 uri=nfs://DietPi.local/mnt/4TBS/Spar%20Ladies%202025/10km/DSC_6074.jpg
PIC_VIEWER t_ms=2514 tid=ThreadId(42) decode_done uri=nfs://DietPi.local/mnt/4TBS/Spar%20Ladies%202025/10km/DSC_6074.jpg variant=1124x794 elapsed_ms=63 outcome=ok
PIC_VIEWER t_ms=2515 tid=ThreadId(1) display_apply elapsed_ms=1 uri=nfs://DietPi.local/mnt/4TBS/Spar%20Ladies%202025/10km/DSC_6074.jpg
PIC_VIEWER t_ms=2515 tid=ThreadId(1) display_done lane=foreground source=decode navigation_ms=65 uri=nfs://DietPi.local/mnt/4TBS/Spar%20Ladies%202025/10km/DSC_6074.jpg
PIC_VIEWER t_ms=2515 tid=ThreadId(1) navigation_dispatch source=wheel_coalesced from_index=458 to_index=462 direction=1
PIC_VIEWER t_ms=2515 tid=ThreadId(1) infobar_update source=wheel index=462 uri=nfs://DietPi.local/mnt/4TBS/Spar%20Ladies%202025/10km/DSC_6224.jpg
PIC_VIEWER t_ms=2516 tid=ThreadId(1) show_photo_request generation=20 index=462 uri=nfs://DietPi.local/mnt/4TBS/Spar%20Ladies%202025/10km/DSC_6224.jpg
PIC_VIEWER t_ms=2516 tid=ThreadId(1) request lane=foreground action=new uri=nfs://DietPi.local/mnt/4TBS/Spar%20Ladies%202025/10km/DSC_6224.jpg variant=1124x794
PIC_VIEWER t_ms=2516 tid=ThreadId(43) decode_start uri=nfs://DietPi.local/mnt/4TBS/Spar%20Ladies%202025/10km/DSC_6224.jpg variant=1124x794 queue_ms=0
PIC_VIEWER source_cache lane=foreground action=miss uri=nfs://DietPi.local/mnt/4TBS/Spar%20Ladies%202025/10km/DSC_6224.jpg
PIC_VIEWER network_slot lane=foreground wait_ms=0 uri=nfs://DietPi.local/mnt/4TBS/Spar%20Ladies%202025/10km/DSC_6224.jpg
PIC_NETWORK tid=ThreadId(43) PRIVATE_NFS export_cache_hit host=DietPi.local count=5
PIC_NETWORK tid=ThreadId(43) PRIVATE_NFS read_start uri=nfs://DietPi.local/mnt/4TBS/Spar%20Ladies%202025/10km/DSC_6224.jpg max_bytes=134217728
PIC_NFS stage=read_session_lock elapsed_ms=0 tid=139845212063424 host=DietPi.local export=/mnt/4TBS relative=/Spar Ladies 2025/10km/DSC_6224.jpg outcome=acquired
PIC_NFS_CONNECT reuse host=DietPi.local export=/mnt/4TBS
PIC_NFS stage=file_open elapsed_ms=1 tid=139845212063424 host=DietPi.local export=/mnt/4TBS relative=/Spar Ladies 2025/10km/DSC_6224.jpg outcome=ok
PIC_NFS stage=rpc_read elapsed_ms=1 tid=139845212063424 host=DietPi.local export=/mnt/4TBS relative=/Spar Ladies 2025/10km/DSC_6224.jpg iteration=1 outcome=ok bytes=65536 timedout_delta=0 retransmitted_delta=0 reconnects_delta=0
PIC_NFS stage=first_read elapsed_ms=1 tid=139845212063424 host=DietPi.local export=/mnt/4TBS relative=/Spar Ladies 2025/10km/DSC_6224.jpg outcome=ok bytes=65536
PIC_NFS stage=rpc_read elapsed_ms=2 tid=139845212063424 host=DietPi.local export=/mnt/4TBS relative=/Spar Ladies 2025/10km/DSC_6224.jpg iteration=2 outcome=ok bytes=65536 timedout_delta=0 retransmitted_delta=0 reconnects_delta=0
PIC_NFS stage=rpc_read elapsed_ms=2 tid=139845212063424 host=DietPi.local export=/mnt/4TBS relative=/Spar Ladies 2025/10km/DSC_6224.jpg iteration=3 outcome=ok bytes=131072 timedout_delta=0 retransmitted_delta=0 reconnects_delta=0
PIC_NFS stage=rpc_read elapsed_ms=3 tid=139845212063424 host=DietPi.local export=/mnt/4TBS relative=/Spar Ladies 2025/10km/DSC_6224.jpg iteration=4 outcome=ok bytes=262144 timedout_delta=0 retransmitted_delta=0 reconnects_delta=0
PIC_VIEWER t_ms=2529 tid=ThreadId(1) wheel_event dy=1
PIC_VIEWER t_ms=2529 tid=ThreadId(1) wheel_accumulate current_index=462 target_index=463 direction=1
PIC_NFS stage=rpc_read elapsed_ms=5 tid=139845212063424 host=DietPi.local export=/mnt/4TBS relative=/Spar Ladies 2025/10km/DSC_6224.jpg iteration=5 outcome=ok bytes=524288 timedout_delta=0 retransmitted_delta=0 reconnects_delta=0
PIC_NFS stage=rpc_read elapsed_ms=2 tid=139845212063424 host=DietPi.local export=/mnt/4TBS relative=/Spar Ladies 2025/10km/DSC_6224.jpg iteration=6 outcome=ok bytes=169150 timedout_delta=0 retransmitted_delta=0 reconnects_delta=0
PIC_NFS stage=rpc_read elapsed_ms=1 tid=139845212063424 host=DietPi.local export=/mnt/4TBS relative=/Spar Ladies 2025/10km/DSC_6224.jpg iteration=7 outcome=ok bytes=0 timedout_delta=0 retransmitted_delta=0 reconnects_delta=0
PIC_NFS stage=file_read_complete elapsed_ms=16 tid=139845212063424 host=DietPi.local export=/mnt/4TBS relative=/Spar Ladies 2025/10km/DSC_6224.jpg outcome=ok bytes=1217726 calls=7
PIC_NETWORK tid=ThreadId(43) PRIVATE_NFS read_done bytes=1217726 elapsed_ms=17 uri=nfs://DietPi.local/mnt/4TBS/Spar%20Ladies%202025/10km/DSC_6224.jpg
PIC_VIEWER source_cache action=insert bytes=1217726 uri=nfs://DietPi.local/mnt/4TBS/Spar%20Ladies%202025/10km/DSC_6224.jpg
PIC_VIEWER source_cache action=evict bytes=1146372 uri=nfs://DietPi.local/mnt/4TBS/pics-sport/local%20choice/FB-Timestamp-JPG%20Upates/DSC_1370_result.jpg
PIC_VIEWER network_done lane=foreground read_ms=17 bytes=1217726 source=network outcome=ok uri=nfs://DietPi.local/mnt/4TBS/Spar%20Ladies%202025/10km/DSC_6224.jpg
PIC_VIEWER decode_stage source_ms=17 cpu_ms=33 uri=nfs://DietPi.local/mnt/4TBS/Spar%20Ladies%202025/10km/DSC_6224.jpg
PIC_VIEWER t_ms=2570 tid=ThreadId(43) decode_done uri=nfs://DietPi.local/mnt/4TBS/Spar%20Ladies%202025/10km/DSC_6224.jpg variant=1124x794 elapsed_ms=53 outcome=ok
PIC_VIEWER t_ms=2571 tid=ThreadId(1) display_apply elapsed_ms=1 uri=nfs://DietPi.local/mnt/4TBS/Spar%20Ladies%202025/10km/DSC_6224.jpg
PIC_VIEWER t_ms=2572 tid=ThreadId(1) display_done lane=foreground source=decode navigation_ms=55 uri=nfs://DietPi.local/mnt/4TBS/Spar%20Ladies%202025/10km/DSC_6224.jpg
PIC_VIEWER t_ms=2572 tid=ThreadId(1) navigation_dispatch source=wheel_coalesced from_index=462 to_index=463 direction=1
PIC_VIEWER t_ms=2572 tid=ThreadId(1) infobar_update source=wheel index=463 uri=nfs://DietPi.local/mnt/4TBS/Spar%20Ladies%202025/10km/DSC_6325.jpg
PIC_VIEWER t_ms=2572 tid=ThreadId(1) show_photo_request generation=21 index=463 uri=nfs://DietPi.local/mnt/4TBS/Spar%20Ladies%202025/10km/DSC_6325.jpg
PIC_VIEWER t_ms=2572 tid=ThreadId(1) request lane=foreground action=new uri=nfs://DietPi.local/mnt/4TBS/Spar%20Ladies%202025/10km/DSC_6325.jpg variant=1124x794
PIC_VIEWER t_ms=2572 tid=ThreadId(44) decode_start uri=nfs://DietPi.local/mnt/4TBS/Spar%20Ladies%202025/10km/DSC_6325.jpg variant=1124x794 queue_ms=0
PIC_VIEWER source_cache lane=foreground action=miss uri=nfs://DietPi.local/mnt/4TBS/Spar%20Ladies%202025/10km/DSC_6325.jpg
PIC_VIEWER network_slot lane=foreground wait_ms=0 uri=nfs://DietPi.local/mnt/4TBS/Spar%20Ladies%202025/10km/DSC_6325.jpg
PIC_NETWORK tid=ThreadId(44) PRIVATE_NFS export_cache_hit host=DietPi.local count=5
PIC_NETWORK tid=ThreadId(44) PRIVATE_NFS read_start uri=nfs://DietPi.local/mnt/4TBS/Spar%20Ladies%202025/10km/DSC_6325.jpg max_bytes=134217728
PIC_NFS stage=read_session_lock elapsed_ms=0 tid=139845212063424 host=DietPi.local export=/mnt/4TBS relative=/Spar Ladies 2025/10km/DSC_6325.jpg outcome=acquired
PIC_NFS_CONNECT reuse host=DietPi.local export=/mnt/4TBS
PIC_NFS stage=file_open elapsed_ms=1 tid=139845212063424 host=DietPi.local export=/mnt/4TBS relative=/Spar Ladies 2025/10km/DSC_6325.jpg outcome=ok
PIC_NFS stage=rpc_read elapsed_ms=2 tid=139845212063424 host=DietPi.local export=/mnt/4TBS relative=/Spar Ladies 2025/10km/DSC_6325.jpg iteration=1 outcome=ok bytes=65536 timedout_delta=0 retransmitted_delta=0 reconnects_delta=0
PIC_NFS stage=first_read elapsed_ms=2 tid=139845212063424 host=DietPi.local export=/mnt/4TBS relative=/Spar Ladies 2025/10km/DSC_6325.jpg outcome=ok bytes=65536
PIC_NFS stage=rpc_read elapsed_ms=1 tid=139845212063424 host=DietPi.local export=/mnt/4TBS relative=/Spar Ladies 2025/10km/DSC_6325.jpg iteration=2 outcome=ok bytes=65536 timedout_delta=0 retransmitted_delta=0 reconnects_delta=0
PIC_NFS stage=rpc_read elapsed_ms=2 tid=139845212063424 host=DietPi.local export=/mnt/4TBS relative=/Spar Ladies 2025/10km/DSC_6325.jpg iteration=3 outcome=ok bytes=131072 timedout_delta=0 retransmitted_delta=0 reconnects_delta=0
PIC_NFS stage=rpc_read elapsed_ms=3 tid=139845212063424 host=DietPi.local export=/mnt/4TBS relative=/Spar Ladies 2025/10km/DSC_6325.jpg iteration=4 outcome=ok bytes=262144 timedout_delta=0 retransmitted_delta=0 reconnects_delta=0
PIC_NFS stage=rpc_read elapsed_ms=5 tid=139845212063424 host=DietPi.local export=/mnt/4TBS relative=/Spar Ladies 2025/10km/DSC_6325.jpg iteration=5 outcome=ok bytes=524288 timedout_delta=0 retransmitted_delta=0 reconnects_delta=0
PIC_NFS stage=rpc_read elapsed_ms=9 tid=139845212063424 host=DietPi.local export=/mnt/4TBS relative=/Spar Ladies 2025/10km/DSC_6325.jpg iteration=6 outcome=ok bytes=845106 timedout_delta=0 retransmitted_delta=0 reconnects_delta=0
PIC_NFS stage=rpc_read elapsed_ms=0 tid=139845212063424 host=DietPi.local export=/mnt/4TBS relative=/Spar Ladies 2025/10km/DSC_6325.jpg iteration=7 outcome=ok bytes=0 timedout_delta=0 retransmitted_delta=0 reconnects_delta=0
PIC_NFS stage=file_read_complete elapsed_ms=22 tid=139845212063424 host=DietPi.local export=/mnt/4TBS relative=/Spar Ladies 2025/10km/DSC_6325.jpg outcome=ok bytes=1893682 calls=7
PIC_NETWORK tid=ThreadId(44) PRIVATE_NFS read_done bytes=1893682 elapsed_ms=23 uri=nfs://DietPi.local/mnt/4TBS/Spar%20Ladies%202025/10km/DSC_6325.jpg
PIC_VIEWER source_cache action=insert bytes=1893682 uri=nfs://DietPi.local/mnt/4TBS/Spar%20Ladies%202025/10km/DSC_6325.jpg
PIC_VIEWER source_cache action=evict bytes=1170902 uri=nfs://DietPi.local/mnt/4TBS/pics-sport/local%20choice/FB-Timestamp-JPG%20Upates/DSC_1371_result.jpg
PIC_VIEWER network_done lane=foreground read_ms=23 bytes=1893682 source=network outcome=ok uri=nfs://DietPi.local/mnt/4TBS/Spar%20Ladies%202025/10km/DSC_6325.jpg
PIC_VIEWER decode_stage source_ms=23 cpu_ms=39 uri=nfs://DietPi.local/mnt/4TBS/Spar%20Ladies%202025/10km/DSC_6325.jpg
PIC_VIEWER t_ms=2638 tid=ThreadId(44) decode_done uri=nfs://DietPi.local/mnt/4TBS/Spar%20Ladies%202025/10km/DSC_6325.jpg variant=1124x794 elapsed_ms=65 outcome=ok
PIC_VIEWER t_ms=2640 tid=ThreadId(1) display_apply elapsed_ms=1 uri=nfs://DietPi.local/mnt/4TBS/Spar%20Ladies%202025/10km/DSC_6325.jpg
PIC_VIEWER t_ms=2640 tid=ThreadId(1) display_done lane=foreground source=decode navigation_ms=67 uri=nfs://DietPi.local/mnt/4TBS/Spar%20Ladies%202025/10km/DSC_6325.jpg
PIC_VIEWER t_ms=2822 tid=ThreadId(1) request lane=prefetch action=new uri=nfs://DietPi.local/mnt/4TBS/Spar%20Ladies%202025/10km/DSC_6355.jpg variant=1124x794
PIC_VIEWER t_ms=2822 tid=ThreadId(1) cache_hit lane=prefetch uri=nfs://DietPi.local/mnt/4TBS/Spar%20Ladies%202025/10km/DSC_6224.jpg
PIC_VIEWER t_ms=2822 tid=ThreadId(45) decode_start uri=nfs://DietPi.local/mnt/4TBS/Spar%20Ladies%202025/10km/DSC_6355.jpg variant=1124x794 queue_ms=0
PIC_VIEWER source_cache lane=prefetch action=miss uri=nfs://DietPi.local/mnt/4TBS/Spar%20Ladies%202025/10km/DSC_6355.jpg
PIC_VIEWER network_slot lane=prefetch wait_ms=0 uri=nfs://DietPi.local/mnt/4TBS/Spar%20Ladies%202025/10km/DSC_6355.jpg
PIC_NETWORK tid=ThreadId(45) PRIVATE_NFS export_cache_hit host=DietPi.local count=5
PIC_NETWORK tid=ThreadId(45) PRIVATE_NFS read_start uri=nfs://DietPi.local/mnt/4TBS/Spar%20Ladies%202025/10km/DSC_6355.jpg max_bytes=134217728
PIC_NFS stage=read_session_lock elapsed_ms=0 tid=139845212063424 host=DietPi.local export=/mnt/4TBS relative=/Spar Ladies 2025/10km/DSC_6355.jpg outcome=acquired
PIC_NFS_CONNECT reuse host=DietPi.local export=/mnt/4TBS
PIC_NFS stage=file_open elapsed_ms=2 tid=139845212063424 host=DietPi.local export=/mnt/4TBS relative=/Spar Ladies 2025/10km/DSC_6355.jpg outcome=ok
PIC_NFS stage=rpc_read elapsed_ms=1 tid=139845212063424 host=DietPi.local export=/mnt/4TBS relative=/Spar Ladies 2025/10km/DSC_6355.jpg iteration=1 outcome=ok bytes=65536 timedout_delta=0 retransmitted_delta=0 reconnects_delta=0
PIC_NFS stage=first_read elapsed_ms=1 tid=139845212063424 host=DietPi.local export=/mnt/4TBS relative=/Spar Ladies 2025/10km/DSC_6355.jpg outcome=ok bytes=65536
PIC_NFS stage=rpc_read elapsed_ms=1 tid=139845212063424 host=DietPi.local export=/mnt/4TBS relative=/Spar Ladies 2025/10km/DSC_6355.jpg iteration=2 outcome=ok bytes=65536 timedout_delta=0 retransmitted_delta=0 reconnects_delta=0
PIC_NFS stage=rpc_read elapsed_ms=2 tid=139845212063424 host=DietPi.local export=/mnt/4TBS relative=/Spar Ladies 2025/10km/DSC_6355.jpg iteration=3 outcome=ok bytes=131072 timedout_delta=0 retransmitted_delta=0 reconnects_delta=0
PIC_NFS stage=rpc_read elapsed_ms=3 tid=139845212063424 host=DietPi.local export=/mnt/4TBS relative=/Spar Ladies 2025/10km/DSC_6355.jpg iteration=4 outcome=ok bytes=262144 timedout_delta=0 retransmitted_delta=0 reconnects_delta=0
PIC_NFS stage=rpc_read elapsed_ms=6 tid=139845212063424 host=DietPi.local export=/mnt/4TBS relative=/Spar Ladies 2025/10km/DSC_6355.jpg iteration=5 outcome=ok bytes=524288 timedout_delta=0 retransmitted_delta=0 reconnects_delta=0
PIC_NFS stage=rpc_read elapsed_ms=8 tid=139845212063424 host=DietPi.local export=/mnt/4TBS relative=/Spar Ladies 2025/10km/DSC_6355.jpg iteration=6 outcome=ok bytes=829368 timedout_delta=0 retransmitted_delta=0 reconnects_delta=0
PIC_NFS stage=rpc_read elapsed_ms=1 tid=139845212063424 host=DietPi.local export=/mnt/4TBS relative=/Spar Ladies 2025/10km/DSC_6355.jpg iteration=7 outcome=ok bytes=0 timedout_delta=0 retransmitted_delta=0 reconnects_delta=0
PIC_NFS stage=file_read_complete elapsed_ms=22 tid=139845212063424 host=DietPi.local export=/mnt/4TBS relative=/Spar Ladies 2025/10km/DSC_6355.jpg outcome=ok bytes=1877944 calls=7
PIC_NETWORK tid=ThreadId(45) PRIVATE_NFS read_done bytes=1877944 elapsed_ms=24 uri=nfs://DietPi.local/mnt/4TBS/Spar%20Ladies%202025/10km/DSC_6355.jpg
PIC_VIEWER source_cache action=insert bytes=1877944 uri=nfs://DietPi.local/mnt/4TBS/Spar%20Ladies%202025/10km/DSC_6355.jpg
PIC_VIEWER source_cache action=evict bytes=1194860 uri=nfs://DietPi.local/mnt/4TBS/pics-sport/local%20choice/FB-Timestamp-JPG%20Upates/DSC_1372_result.jpg
PIC_VIEWER network_done lane=prefetch read_ms=24 bytes=1877944 source=network outcome=ok uri=nfs://DietPi.local/mnt/4TBS/Spar%20Ladies%202025/10km/DSC_6355.jpg
PIC_VIEWER decode_stage source_ms=24 cpu_ms=39 uri=nfs://DietPi.local/mnt/4TBS/Spar%20Ladies%202025/10km/DSC_6355.jpg
PIC_VIEWER t_ms=2889 tid=ThreadId(45) decode_done uri=nfs://DietPi.local/mnt/4TBS/Spar%20Ladies%202025/10km/DSC_6355.jpg variant=1124x794 elapsed_ms=66 outcome=ok
PIC_VIEWER t_ms=9466 tid=ThreadId(1) show_photo_request generation=28 index=16 uri=smb://dietpi.local/4tbp/Other/Makayla/VID_0159.jpg
PIC_VIEWER t_ms=9466 tid=ThreadId(1) request lane=foreground action=new uri=smb://dietpi.local/4tbp/Other/Makayla/VID_0159.jpg variant=1124x794
PIC_VIEWER t_ms=9466 tid=ThreadId(52) decode_start uri=smb://dietpi.local/4tbp/Other/Makayla/VID_0159.jpg variant=1124x794 queue_ms=0
PIC_VIEWER source_cache lane=foreground action=miss uri=smb://dietpi.local/4tbp/Other/Makayla/VID_0159.jpg
PIC_VIEWER network_slot lane=foreground wait_ms=0 uri=smb://dietpi.local/4tbp/Other/Makayla/VID_0159.jpg
PIC_SMB_CONNECT create_start
PIC_SMB_CONNECT create_ok
PIC_SMB_READ start
PIC_SMB_READ done bytes=1964948
PIC_VIEWER source_cache action=insert bytes=1964948 uri=smb://dietpi.local/4tbp/Other/Makayla/VID_0159.jpg
PIC_VIEWER source_cache action=evict bytes=897567 uri=nfs://DietPi.local/mnt/4TBS/pics-sport/local%20choice/FB-Timestamp-JPG%20Upates/DSC_1373_result.jpg
PIC_VIEWER network_done lane=foreground read_ms=77 bytes=1964948 source=network outcome=ok uri=smb://dietpi.local/4tbp/Other/Makayla/VID_0159.jpg
PIC_VIEWER decode_stage source_ms=77 cpu_ms=62 uri=smb://dietpi.local/4tbp/Other/Makayla/VID_0159.jpg
PIC_VIEWER t_ms=9609 tid=ThreadId(52) decode_done uri=smb://dietpi.local/4tbp/Other/Makayla/VID_0159.jpg variant=1124x794 elapsed_ms=142 outcome=ok
PIC_VIEWER t_ms=9610 tid=ThreadId(1) display_apply elapsed_ms=1 uri=smb://dietpi.local/4tbp/Other/Makayla/VID_0159.jpg
PIC_VIEWER t_ms=9610 tid=ThreadId(1) display_done lane=foreground source=decode navigation_ms=144 uri=smb://dietpi.local/4tbp/Other/Makayla/VID_0159.jpg
PIC_VIEWER t_ms=9922 tid=ThreadId(1) wheel_event dy=1
PIC_VIEWER t_ms=9922 tid=ThreadId(1) navigation_dispatch source=wheel from_index=16 to_index=17 direction=1
PIC_VIEWER t_ms=9922 tid=ThreadId(1) infobar_update source=wheel index=17 uri=smb://dietpi.local/4tbp/Other/Makayla/VID_0160.jpg
PIC_VIEWER t_ms=9922 tid=ThreadId(1) show_photo_request generation=29 index=17 uri=smb://dietpi.local/4tbp/Other/Makayla/VID_0160.jpg
PIC_VIEWER t_ms=9922 tid=ThreadId(1) request lane=foreground action=new uri=smb://dietpi.local/4tbp/Other/Makayla/VID_0160.jpg variant=1124x794
PIC_VIEWER t_ms=9922 tid=ThreadId(53) decode_start uri=smb://dietpi.local/4tbp/Other/Makayla/VID_0160.jpg variant=1124x794 queue_ms=0
PIC_VIEWER source_cache lane=foreground action=miss uri=smb://dietpi.local/4tbp/Other/Makayla/VID_0160.jpg
PIC_VIEWER network_slot lane=foreground wait_ms=0 uri=smb://dietpi.local/4tbp/Other/Makayla/VID_0160.jpg
PIC_SMB_CONNECT reuse
PIC_SMB_READ start
PIC_VIEWER t_ms=9938 tid=ThreadId(1) wheel_event dy=1
PIC_VIEWER t_ms=9938 tid=ThreadId(1) wheel_accumulate current_index=17 target_index=18 direction=1
PIC_SMB_READ done bytes=1830782
PIC_VIEWER source_cache action=insert bytes=1830782 uri=smb://dietpi.local/4tbp/Other/Makayla/VID_0160.jpg
PIC_VIEWER source_cache action=evict bytes=942196 uri=nfs://DietPi.local/mnt/4TBS/pics-sport/local%20choice/FB-Timestamp-JPG%20Upates/DSC_1374_result.jpg
PIC_VIEWER network_done lane=foreground read_ms=28 bytes=1830782 source=network outcome=ok uri=smb://dietpi.local/4tbp/Other/Makayla/VID_0160.jpg
PIC_VIEWER t_ms=9985 tid=ThreadId(1) wheel_event dy=1
PIC_VIEWER t_ms=9985 tid=ThreadId(1) wheel_accumulate current_index=17 target_index=19 direction=1
PIC_VIEWER decode_stage source_ms=28 cpu_ms=61 uri=smb://dietpi.local/4tbp/Other/Makayla/VID_0160.jpg
PIC_VIEWER t_ms=10015 tid=ThreadId(53) decode_done uri=smb://dietpi.local/4tbp/Other/Makayla/VID_0160.jpg variant=1124x794 elapsed_ms=92 outcome=ok
PIC_VIEWER t_ms=10017 tid=ThreadId(1) display_apply elapsed_ms=1 uri=smb://dietpi.local/4tbp/Other/Makayla/VID_0160.jpg
PIC_VIEWER t_ms=10017 tid=ThreadId(1) display_done lane=foreground source=decode navigation_ms=94 uri=smb://dietpi.local/4tbp/Other/Makayla/VID_0160.jpg
PIC_VIEWER t_ms=10017 tid=ThreadId(1) navigation_dispatch source=wheel_coalesced from_index=17 to_index=19 direction=1
PIC_VIEWER t_ms=10017 tid=ThreadId(1) infobar_update source=wheel index=19 uri=smb://dietpi.local/4tbp/Other/Makayla/VID_0174.jpg
PIC_VIEWER t_ms=10017 tid=ThreadId(1) show_photo_request generation=30 index=19 uri=smb://dietpi.local/4tbp/Other/Makayla/VID_0174.jpg
PIC_VIEWER t_ms=10017 tid=ThreadId(1) request lane=foreground action=new uri=smb://dietpi.local/4tbp/Other/Makayla/VID_0174.jpg variant=1124x794
PIC_VIEWER t_ms=10017 tid=ThreadId(54) decode_start uri=smb://dietpi.local/4tbp/Other/Makayla/VID_0174.jpg variant=1124x794 queue_ms=0
PIC_VIEWER source_cache lane=foreground action=miss uri=smb://dietpi.local/4tbp/Other/Makayla/VID_0174.jpg
PIC_VIEWER network_slot lane=foreground wait_ms=0 uri=smb://dietpi.local/4tbp/Other/Makayla/VID_0174.jpg
PIC_SMB_CONNECT reuse
PIC_SMB_READ start
PIC_SMB_READ done bytes=1372006
PIC_VIEWER source_cache action=insert bytes=1372006 uri=smb://dietpi.local/4tbp/Other/Makayla/VID_0174.jpg
PIC_VIEWER source_cache action=evict bytes=931875 uri=nfs://DietPi.local/mnt/4TBS/Spar%20Ladies%202025/10km/DSC_5710.jpg
PIC_VIEWER network_done lane=foreground read_ms=22 bytes=1372006 source=network outcome=ok uri=smb://dietpi.local/4tbp/Other/Makayla/VID_0174.jpg
PIC_VIEWER t_ms=10065 tid=ThreadId(1) wheel_event dy=1
PIC_VIEWER t_ms=10065 tid=ThreadId(1) wheel_accumulate current_index=19 target_index=20 direction=1
PIC_VIEWER decode_stage source_ms=22 cpu_ms=28 uri=smb://dietpi.local/4tbp/Other/Makayla/VID_0174.jpg
PIC_VIEWER t_ms=10070 tid=ThreadId(54) decode_done uri=smb://dietpi.local/4tbp/Other/Makayla/VID_0174.jpg variant=1124x794 elapsed_ms=52 outcome=ok
PIC_VIEWER t_ms=10071 tid=ThreadId(1) display_apply elapsed_ms=0 uri=smb://dietpi.local/4tbp/Other/Makayla/VID_0174.jpg
PIC_VIEWER t_ms=10071 tid=ThreadId(1) display_done lane=foreground source=decode navigation_ms=53 uri=smb://dietpi.local/4tbp/Other/Makayla/VID_0174.jpg
PIC_VIEWER t_ms=10071 tid=ThreadId(1) navigation_dispatch source=wheel_coalesced from_index=19 to_index=20 direction=1
PIC_VIEWER t_ms=10071 tid=ThreadId(1) infobar_update source=wheel index=20 uri=smb://dietpi.local/4tbp/Other/Makayla/VID_0186.jpg
PIC_VIEWER t_ms=10071 tid=ThreadId(1) show_photo_request generation=31 index=20 uri=smb://dietpi.local/4tbp/Other/Makayla/VID_0186.jpg
PIC_VIEWER t_ms=10071 tid=ThreadId(1) request lane=foreground action=new uri=smb://dietpi.local/4tbp/Other/Makayla/VID_0186.jpg variant=1124x794
PIC_VIEWER t_ms=10071 tid=ThreadId(55) decode_start uri=smb://dietpi.local/4tbp/Other/Makayla/VID_0186.jpg variant=1124x794 queue_ms=0
PIC_VIEWER source_cache lane=foreground action=miss uri=smb://dietpi.local/4tbp/Other/Makayla/VID_0186.jpg
PIC_VIEWER network_slot lane=foreground wait_ms=0 uri=smb://dietpi.local/4tbp/Other/Makayla/VID_0186.jpg
PIC_SMB_CONNECT reuse
PIC_SMB_READ start
PIC_SMB_READ done bytes=1578155
PIC_VIEWER source_cache action=insert bytes=1578155 uri=smb://dietpi.local/4tbp/Other/Makayla/VID_0186.jpg
PIC_VIEWER source_cache action=evict bytes=1024869 uri=nfs://DietPi.local/mnt/4TBS/Spar%20Ladies%202025/10km/DSC_5727.jpg
PIC_VIEWER network_done lane=foreground read_ms=24 bytes=1578155 source=network outcome=ok uri=smb://dietpi.local/4tbp/Other/Makayla/VID_0186.jpg
PIC_VIEWER t_ms=10145 tid=ThreadId(1) wheel_event dy=1
PIC_VIEWER t_ms=10145 tid=ThreadId(1) wheel_accumulate current_index=20 target_index=21 direction=1
PIC_VIEWER decode_stage source_ms=24 cpu_ms=58 uri=smb://dietpi.local/4tbp/Other/Makayla/VID_0186.jpg
PIC_VIEWER t_ms=10156 tid=ThreadId(55) decode_done uri=smb://dietpi.local/4tbp/Other/Makayla/VID_0186.jpg variant=1124x794 elapsed_ms=85 outcome=ok
PIC_VIEWER t_ms=10158 tid=ThreadId(1) display_apply elapsed_ms=1 uri=smb://dietpi.local/4tbp/Other/Makayla/VID_0186.jpg
PIC_VIEWER t_ms=10158 tid=ThreadId(1) display_done lane=foreground source=decode navigation_ms=86 uri=smb://dietpi.local/4tbp/Other/Makayla/VID_0186.jpg
PIC_VIEWER t_ms=10158 tid=ThreadId(1) navigation_dispatch source=wheel_coalesced from_index=20 to_index=21 direction=1
PIC_VIEWER t_ms=10158 tid=ThreadId(1) infobar_update source=wheel index=21 uri=nfs://DietPi.local/mnt/4TBS/Spar%20Ladies%202025/FB-Spar%20Womens-ToUpload/DSC_5683.jpg
PIC_VIEWER t_ms=10158 tid=ThreadId(1) show_photo_request generation=32 index=21 uri=nfs://DietPi.local/mnt/4TBS/Spar%20Ladies%202025/FB-Spar%20Womens-ToUpload/DSC_5683.jpg
PIC_VIEWER t_ms=10158 tid=ThreadId(1) request lane=foreground action=new uri=nfs://DietPi.local/mnt/4TBS/Spar%20Ladies%202025/FB-Spar%20Womens-ToUpload/DSC_5683.jpg variant=1124x794
PIC_VIEWER t_ms=10158 tid=ThreadId(56) decode_start uri=nfs://DietPi.local/mnt/4TBS/Spar%20Ladies%202025/FB-Spar%20Womens-ToUpload/DSC_5683.jpg variant=1124x794 queue_ms=0
PIC_VIEWER source_cache lane=foreground action=miss uri=nfs://DietPi.local/mnt/4TBS/Spar%20Ladies%202025/FB-Spar%20Womens-ToUpload/DSC_5683.jpg
PIC_VIEWER network_slot lane=foreground wait_ms=0 uri=nfs://DietPi.local/mnt/4TBS/Spar%20Ladies%202025/FB-Spar%20Womens-ToUpload/DSC_5683.jpg
PIC_NETWORK tid=ThreadId(56) PRIVATE_NFS export_cache_hit host=DietPi.local count=5
PIC_NETWORK tid=ThreadId(56) PRIVATE_NFS read_start uri=nfs://DietPi.local/mnt/4TBS/Spar%20Ladies%202025/FB-Spar%20Womens-ToUpload/DSC_5683.jpg max_bytes=134217728
PIC_NFS stage=read_session_lock elapsed_ms=0 tid=139845212063424 host=DietPi.local export=/mnt/4TBS relative=/Spar Ladies 2025/FB-Spar Womens-ToUpload/DSC_5683.jpg outcome=acquired
PIC_NFS_CONNECT reuse host=DietPi.local export=/mnt/4TBS
PIC_NFS stage=file_open elapsed_ms=2 tid=139845212063424 host=DietPi.local export=/mnt/4TBS relative=/Spar Ladies 2025/FB-Spar Womens-ToUpload/DSC_5683.jpg outcome=ok
PIC_NFS stage=rpc_read elapsed_ms=2 tid=139845212063424 host=DietPi.local export=/mnt/4TBS relative=/Spar Ladies 2025/FB-Spar Womens-ToUpload/DSC_5683.jpg iteration=1 outcome=ok bytes=65536 timedout_delta=0 retransmitted_delta=0 reconnects_delta=0
PIC_NFS stage=first_read elapsed_ms=2 tid=139845212063424 host=DietPi.local export=/mnt/4TBS relative=/Spar Ladies 2025/FB-Spar Womens-ToUpload/DSC_5683.jpg outcome=ok bytes=65536
PIC_NFS stage=rpc_read elapsed_ms=1 tid=139845212063424 host=DietPi.local export=/mnt/4TBS relative=/Spar Ladies 2025/FB-Spar Womens-ToUpload/DSC_5683.jpg iteration=2 outcome=ok bytes=65536 timedout_delta=0 retransmitted_delta=0 reconnects_delta=0
PIC_NFS stage=rpc_read elapsed_ms=12 tid=139845212063424 host=DietPi.local export=/mnt/4TBS relative=/Spar Ladies 2025/FB-Spar Womens-ToUpload/DSC_5683.jpg iteration=3 outcome=ok bytes=131072 timedout_delta=0 retransmitted_delta=0 reconnects_delta=0
PIC_VIEWER t_ms=10177 tid=ThreadId(1) wheel_event dy=1
PIC_VIEWER t_ms=10177 tid=ThreadId(1) wheel_accumulate current_index=21 target_index=22 direction=1
PIC_NFS stage=rpc_read elapsed_ms=4 tid=139845212063424 host=DietPi.local export=/mnt/4TBS relative=/Spar Ladies 2025/FB-Spar Womens-ToUpload/DSC_5683.jpg iteration=4 outcome=ok bytes=262144 timedout_delta=0 retransmitted_delta=0 reconnects_delta=0
PIC_NFS stage=rpc_read elapsed_ms=8 tid=139845212063424 host=DietPi.local export=/mnt/4TBS relative=/Spar Ladies 2025/FB-Spar Womens-ToUpload/DSC_5683.jpg iteration=5 outcome=ok bytes=524288 timedout_delta=0 retransmitted_delta=0 reconnects_delta=0
PIC_NFS stage=rpc_read elapsed_ms=2 tid=139845212063424 host=DietPi.local export=/mnt/4TBS relative=/Spar Ladies 2025/FB-Spar Womens-ToUpload/DSC_5683.jpg iteration=6 outcome=ok bytes=183685 timedout_delta=0 retransmitted_delta=0 reconnects_delta=0
PIC_NFS stage=rpc_read elapsed_ms=0 tid=139845212063424 host=DietPi.local export=/mnt/4TBS relative=/Spar Ladies 2025/FB-Spar Womens-ToUpload/DSC_5683.jpg iteration=7 outcome=ok bytes=0 timedout_delta=0 retransmitted_delta=0 reconnects_delta=0
PIC_NFS stage=file_read_complete elapsed_ms=29 tid=139845212063424 host=DietPi.local export=/mnt/4TBS relative=/Spar Ladies 2025/FB-Spar Womens-ToUpload/DSC_5683.jpg outcome=ok bytes=1232261 calls=7
PIC_NETWORK tid=ThreadId(56) PRIVATE_NFS read_done bytes=1232261 elapsed_ms=31 uri=nfs://DietPi.local/mnt/4TBS/Spar%20Ladies%202025/FB-Spar%20Womens-ToUpload/DSC_5683.jpg
PIC_VIEWER source_cache action=insert bytes=1232261 uri=nfs://DietPi.local/mnt/4TBS/Spar%20Ladies%202025/FB-Spar%20Womens-ToUpload/DSC_5683.jpg
PIC_VIEWER source_cache action=evict bytes=999895 uri=nfs://DietPi.local/mnt/4TBS/Spar%20Ladies%202025/10km/DSC_5733.jpg
PIC_VIEWER network_done lane=foreground read_ms=31 bytes=1232261 source=network outcome=ok uri=nfs://DietPi.local/mnt/4TBS/Spar%20Ladies%202025/FB-Spar%20Womens-ToUpload/DSC_5683.jpg
PIC_VIEWER decode_stage source_ms=31 cpu_ms=32 uri=nfs://DietPi.local/mnt/4TBS/Spar%20Ladies%202025/FB-Spar%20Womens-ToUpload/DSC_5683.jpg
PIC_VIEWER t_ms=10225 tid=ThreadId(56) decode_done uri=nfs://DietPi.local/mnt/4TBS/Spar%20Ladies%202025/FB-Spar%20Womens-ToUpload/DSC_5683.jpg variant=1124x794 elapsed_ms=66 outcome=ok
PIC_VIEWER t_ms=10227 tid=ThreadId(1) display_apply elapsed_ms=1 uri=nfs://DietPi.local/mnt/4TBS/Spar%20Ladies%202025/FB-Spar%20Womens-ToUpload/DSC_5683.jpg
PIC_VIEWER t_ms=10227 tid=ThreadId(1) display_done lane=foreground source=decode navigation_ms=68 uri=nfs://DietPi.local/mnt/4TBS/Spar%20Ladies%202025/FB-Spar%20Womens-ToUpload/DSC_5683.jpg
PIC_VIEWER t_ms=10227 tid=ThreadId(1) navigation_dispatch source=wheel_coalesced from_index=21 to_index=22 direction=1
PIC_VIEWER t_ms=10227 tid=ThreadId(1) infobar_update source=wheel index=22 uri=nfs://DietPi.local/mnt/4TBS/Spar%20Ladies%202025/FB-Spar%20Womens-ToUpload/DSC_5699.jpg
PIC_VIEWER t_ms=10227 tid=ThreadId(1) show_photo_request generation=33 index=22 uri=nfs://DietPi.local/mnt/4TBS/Spar%20Ladies%202025/FB-Spar%20Womens-ToUpload/DSC_5699.jpg
PIC_VIEWER t_ms=10227 tid=ThreadId(1) request lane=foreground action=new uri=nfs://DietPi.local/mnt/4TBS/Spar%20Ladies%202025/FB-Spar%20Womens-ToUpload/DSC_5699.jpg variant=1124x794
PIC_VIEWER t_ms=10227 tid=ThreadId(57) decode_start uri=nfs://DietPi.local/mnt/4TBS/Spar%20Ladies%202025/FB-Spar%20Womens-ToUpload/DSC_5699.jpg variant=1124x794 queue_ms=0
PIC_VIEWER source_cache lane=foreground action=miss uri=nfs://DietPi.local/mnt/4TBS/Spar%20Ladies%202025/FB-Spar%20Womens-ToUpload/DSC_5699.jpg
PIC_VIEWER network_slot lane=foreground wait_ms=0 uri=nfs://DietPi.local/mnt/4TBS/Spar%20Ladies%202025/FB-Spar%20Womens-ToUpload/DSC_5699.jpg
PIC_NETWORK tid=ThreadId(57) PRIVATE_NFS export_cache_hit host=DietPi.local count=5
PIC_NETWORK tid=ThreadId(57) PRIVATE_NFS read_start uri=nfs://DietPi.local/mnt/4TBS/Spar%20Ladies%202025/FB-Spar%20Womens-ToUpload/DSC_5699.jpg max_bytes=134217728
PIC_NFS stage=read_session_lock elapsed_ms=0 tid=139845212063424 host=DietPi.local export=/mnt/4TBS relative=/Spar Ladies 2025/FB-Spar Womens-ToUpload/DSC_5699.jpg outcome=acquired
PIC_NFS_CONNECT reuse host=DietPi.local export=/mnt/4TBS
PIC_NFS stage=file_open elapsed_ms=2 tid=139845212063424 host=DietPi.local export=/mnt/4TBS relative=/Spar Ladies 2025/FB-Spar Womens-ToUpload/DSC_5699.jpg outcome=ok
PIC_NFS stage=rpc_read elapsed_ms=1 tid=139845212063424 host=DietPi.local export=/mnt/4TBS relative=/Spar Ladies 2025/FB-Spar Womens-ToUpload/DSC_5699.jpg iteration=1 outcome=ok bytes=65536 timedout_delta=0 retransmitted_delta=0 reconnects_delta=0
PIC_NFS stage=first_read elapsed_ms=1 tid=139845212063424 host=DietPi.local export=/mnt/4TBS relative=/Spar Ladies 2025/FB-Spar Womens-ToUpload/DSC_5699.jpg outcome=ok bytes=65536
PIC_NFS stage=rpc_read elapsed_ms=1 tid=139845212063424 host=DietPi.local export=/mnt/4TBS relative=/Spar Ladies 2025/FB-Spar Womens-ToUpload/DSC_5699.jpg iteration=2 outcome=ok bytes=65536 timedout_delta=0 retransmitted_delta=0 reconnects_delta=0
PIC_NFS stage=rpc_read elapsed_ms=2 tid=139845212063424 host=DietPi.local export=/mnt/4TBS relative=/Spar Ladies 2025/FB-Spar Womens-ToUpload/DSC_5699.jpg iteration=3 outcome=ok bytes=131072 timedout_delta=0 retransmitted_delta=0 reconnects_delta=0
PIC_NFS stage=rpc_read elapsed_ms=3 tid=139845212063424 host=DietPi.local export=/mnt/4TBS relative=/Spar Ladies 2025/FB-Spar Womens-ToUpload/DSC_5699.jpg iteration=4 outcome=ok bytes=262144 timedout_delta=0 retransmitted_delta=0 reconnects_delta=0
PIC_NFS stage=rpc_read elapsed_ms=5 tid=139845212063424 host=DietPi.local export=/mnt/4TBS relative=/Spar Ladies 2025/FB-Spar Womens-ToUpload/DSC_5699.jpg iteration=5 outcome=ok bytes=524288 timedout_delta=0 retransmitted_delta=0 reconnects_delta=0
PIC_NFS stage=rpc_read elapsed_ms=3 tid=139845212063424 host=DietPi.local export=/mnt/4TBS relative=/Spar Ladies 2025/FB-Spar Womens-ToUpload/DSC_5699.jpg iteration=6 outcome=ok bytes=189767 timedout_delta=0 retransmitted_delta=0 reconnects_delta=0
PIC_NFS stage=rpc_read elapsed_ms=0 tid=139845212063424 host=DietPi.local export=/mnt/4TBS relative=/Spar Ladies 2025/FB-Spar Womens-ToUpload/DSC_5699.jpg iteration=7 outcome=ok bytes=0 timedout_delta=0 retransmitted_delta=0 reconnects_delta=0
PIC_NFS stage=file_read_complete elapsed_ms=15 tid=139845212063424 host=DietPi.local export=/mnt/4TBS relative=/Spar Ladies 2025/FB-Spar Womens-ToUpload/DSC_5699.jpg outcome=ok bytes=1238343 calls=7
PIC_NETWORK tid=ThreadId(57) PRIVATE_NFS read_done bytes=1238343 elapsed_ms=17 uri=nfs://DietPi.local/mnt/4TBS/Spar%20Ladies%202025/FB-Spar%20Womens-ToUpload/DSC_5699.jpg
PIC_VIEWER source_cache action=insert bytes=1238343 uri=nfs://DietPi.local/mnt/4TBS/Spar%20Ladies%202025/FB-Spar%20Womens-ToUpload/DSC_5699.jpg
PIC_VIEWER source_cache action=evict bytes=1017047 uri=nfs://DietPi.local/mnt/4TBS/Spar%20Ladies%202025/10km/DSC_5823.jpg
PIC_VIEWER network_done lane=foreground read_ms=17 bytes=1238343 source=network outcome=ok uri=nfs://DietPi.local/mnt/4TBS/Spar%20Ladies%202025/FB-Spar%20Womens-ToUpload/DSC_5699.jpg
PIC_VIEWER decode_stage source_ms=17 cpu_ms=28 uri=nfs://DietPi.local/mnt/4TBS/Spar%20Ladies%202025/FB-Spar%20Womens-ToUpload/DSC_5699.jpg
PIC_VIEWER t_ms=10276 tid=ThreadId(57) decode_done uri=nfs://DietPi.local/mnt/4TBS/Spar%20Ladies%202025/FB-Spar%20Womens-ToUpload/DSC_5699.jpg variant=1124x794 elapsed_ms=48 outcome=ok
PIC_VIEWER t_ms=10278 tid=ThreadId(1) display_apply elapsed_ms=1 uri=nfs://DietPi.local/mnt/4TBS/Spar%20Ladies%202025/FB-Spar%20Womens-ToUpload/DSC_5699.jpg
PIC_VIEWER t_ms=10278 tid=ThreadId(1) display_done lane=foreground source=decode navigation_ms=50 uri=nfs://DietPi.local/mnt/4TBS/Spar%20Ladies%202025/FB-Spar%20Womens-ToUpload/DSC_5699.jpg
PIC_VIEWER t_ms=10337 tid=ThreadId(1) wheel_event dy=1
PIC_VIEWER t_ms=10337 tid=ThreadId(1) navigation_dispatch source=wheel from_index=22 to_index=23 direction=1
PIC_VIEWER t_ms=10337 tid=ThreadId(1) infobar_update source=wheel index=23 uri=nfs://DietPi.local/mnt/4TBS/Spar%20Ladies%202025/FB-Spar%20Womens-ToUpload/DSC_5708.jpg
PIC_VIEWER t_ms=10338 tid=ThreadId(1) show_photo_request generation=34 index=23 uri=nfs://DietPi.local/mnt/4TBS/Spar%20Ladies%202025/FB-Spar%20Womens-ToUpload/DSC_5708.jpg
PIC_VIEWER t_ms=10338 tid=ThreadId(1) request lane=foreground action=new uri=nfs://DietPi.local/mnt/4TBS/Spar%20Ladies%202025/FB-Spar%20Womens-ToUpload/DSC_5708.jpg variant=1124x794
PIC_VIEWER t_ms=10338 tid=ThreadId(58) decode_start uri=nfs://DietPi.local/mnt/4TBS/Spar%20Ladies%202025/FB-Spar%20Womens-ToUpload/DSC_5708.jpg variant=1124x794 queue_ms=0
PIC_VIEWER source_cache lane=foreground action=miss uri=nfs://DietPi.local/mnt/4TBS/Spar%20Ladies%202025/FB-Spar%20Womens-ToUpload/DSC_5708.jpg
PIC_VIEWER network_slot lane=foreground wait_ms=0 uri=nfs://DietPi.local/mnt/4TBS/Spar%20Ladies%202025/FB-Spar%20Womens-ToUpload/DSC_5708.jpg
PIC_NETWORK tid=ThreadId(58) PRIVATE_NFS export_cache_hit host=DietPi.local count=5
PIC_NETWORK tid=ThreadId(58) PRIVATE_NFS read_start uri=nfs://DietPi.local/mnt/4TBS/Spar%20Ladies%202025/FB-Spar%20Womens-ToUpload/DSC_5708.jpg max_bytes=134217728
PIC_NFS stage=read_session_lock elapsed_ms=0 tid=139845212063424 host=DietPi.local export=/mnt/4TBS relative=/Spar Ladies 2025/FB-Spar Womens-ToUpload/DSC_5708.jpg outcome=acquired
PIC_NFS_CONNECT reuse host=DietPi.local export=/mnt/4TBS
PIC_NFS stage=file_open elapsed_ms=1 tid=139845212063424 host=DietPi.local export=/mnt/4TBS relative=/Spar Ladies 2025/FB-Spar Womens-ToUpload/DSC_5708.jpg outcome=ok
PIC_NFS stage=rpc_read elapsed_ms=1 tid=139845212063424 host=DietPi.local export=/mnt/4TBS relative=/Spar Ladies 2025/FB-Spar Womens-ToUpload/DSC_5708.jpg iteration=1 outcome=ok bytes=65536 timedout_delta=0 retransmitted_delta=0 reconnects_delta=0
PIC_NFS stage=first_read elapsed_ms=1 tid=139845212063424 host=DietPi.local export=/mnt/4TBS relative=/Spar Ladies 2025/FB-Spar Womens-ToUpload/DSC_5708.jpg outcome=ok bytes=65536
PIC_NFS stage=rpc_read elapsed_ms=2 tid=139845212063424 host=DietPi.local export=/mnt/4TBS relative=/Spar Ladies 2025/FB-Spar Womens-ToUpload/DSC_5708.jpg iteration=2 outcome=ok bytes=65536 timedout_delta=0 retransmitted_delta=0 reconnects_delta=0
PIC_NFS stage=rpc_read elapsed_ms=1 tid=139845212063424 host=DietPi.local export=/mnt/4TBS relative=/Spar Ladies 2025/FB-Spar Womens-ToUpload/DSC_5708.jpg iteration=3 outcome=ok bytes=131072 timedout_delta=0 retransmitted_delta=0 reconnects_delta=0
PIC_NFS stage=rpc_read elapsed_ms=3 tid=139845212063424 host=DietPi.local export=/mnt/4TBS relative=/Spar Ladies 2025/FB-Spar Womens-ToUpload/DSC_5708.jpg iteration=4 outcome=ok bytes=262144 timedout_delta=0 retransmitted_delta=0 reconnects_delta=0
PIC_NFS stage=rpc_read elapsed_ms=6 tid=139845212063424 host=DietPi.local export=/mnt/4TBS relative=/Spar Ladies 2025/FB-Spar Womens-ToUpload/DSC_5708.jpg iteration=5 outcome=ok bytes=524288 timedout_delta=0 retransmitted_delta=0 reconnects_delta=0
PIC_NFS stage=rpc_read elapsed_ms=1 tid=139845212063424 host=DietPi.local export=/mnt/4TBS relative=/Spar Ladies 2025/FB-Spar Womens-ToUpload/DSC_5708.jpg iteration=6 outcome=ok bytes=31773 timedout_delta=0 retransmitted_delta=0 reconnects_delta=0
PIC_NFS stage=rpc_read elapsed_ms=0 tid=139845212063424 host=DietPi.local export=/mnt/4TBS relative=/Spar Ladies 2025/FB-Spar Womens-ToUpload/DSC_5708.jpg iteration=7 outcome=ok bytes=0 timedout_delta=0 retransmitted_delta=0 reconnects_delta=0
PIC_NFS stage=file_read_complete elapsed_ms=14 tid=139845212063424 host=DietPi.local export=/mnt/4TBS relative=/Spar Ladies 2025/FB-Spar Womens-ToUpload/DSC_5708.jpg outcome=ok bytes=1080349 calls=7
PIC_NETWORK tid=ThreadId(58) PRIVATE_NFS read_done bytes=1080349 elapsed_ms=15 uri=nfs://DietPi.local/mnt/4TBS/Spar%20Ladies%202025/FB-Spar%20Womens-ToUpload/DSC_5708.jpg
PIC_VIEWER source_cache action=insert bytes=1080349 uri=nfs://DietPi.local/mnt/4TBS/Spar%20Ladies%202025/FB-Spar%20Womens-ToUpload/DSC_5708.jpg
PIC_VIEWER source_cache action=evict bytes=1484855 uri=nfs://DietPi.local/mnt/4TBS/Spar%20Ladies%202025/10km/DSC_5824.jpg
PIC_VIEWER network_done lane=foreground read_ms=15 bytes=1080349 source=network outcome=ok uri=nfs://DietPi.local/mnt/4TBS/Spar%20Ladies%202025/FB-Spar%20Womens-ToUpload/DSC_5708.jpg
PIC_VIEWER decode_stage source_ms=15 cpu_ms=27 uri=nfs://DietPi.local/mnt/4TBS/Spar%20Ladies%202025/FB-Spar%20Womens-ToUpload/DSC_5708.jpg
PIC_VIEWER t_ms=10383 tid=ThreadId(58) decode_done uri=nfs://DietPi.local/mnt/4TBS/Spar%20Ladies%202025/FB-Spar%20Womens-ToUpload/DSC_5708.jpg variant=1124x794 elapsed_ms=45 outcome=ok
PIC_VIEWER t_ms=10385 tid=ThreadId(1) display_apply elapsed_ms=1 uri=nfs://DietPi.local/mnt/4TBS/Spar%20Ladies%202025/FB-Spar%20Womens-ToUpload/DSC_5708.jpg
PIC_VIEWER t_ms=10385 tid=ThreadId(1) display_done lane=foreground source=decode navigation_ms=47 uri=nfs://DietPi.local/mnt/4TBS/Spar%20Ladies%202025/FB-Spar%20Womens-ToUpload/DSC_5708.jpg
PIC_VIEWER t_ms=10588 tid=ThreadId(1) request lane=prefetch action=new uri=nfs://DietPi.local/mnt/4TBS/Spar%20Ladies%202025/FB-Spar%20Womens-ToUpload/DSC_5709.jpg variant=1124x794
PIC_VIEWER t_ms=10588 tid=ThreadId(1) cache_hit lane=prefetch uri=nfs://DietPi.local/mnt/4TBS/Spar%20Ladies%202025/FB-Spar%20Womens-ToUpload/DSC_5699.jpg
PIC_VIEWER t_ms=10588 tid=ThreadId(59) decode_start uri=nfs://DietPi.local/mnt/4TBS/Spar%20Ladies%202025/FB-Spar%20Womens-ToUpload/DSC_5709.jpg variant=1124x794 queue_ms=0
PIC_VIEWER source_cache lane=prefetch action=miss uri=nfs://DietPi.local/mnt/4TBS/Spar%20Ladies%202025/FB-Spar%20Womens-ToUpload/DSC_5709.jpg
PIC_VIEWER network_slot lane=prefetch wait_ms=0 uri=nfs://DietPi.local/mnt/4TBS/Spar%20Ladies%202025/FB-Spar%20Womens-ToUpload/DSC_5709.jpg
PIC_NETWORK tid=ThreadId(59) PRIVATE_NFS export_cache_hit host=DietPi.local count=5
PIC_NETWORK tid=ThreadId(59) PRIVATE_NFS read_start uri=nfs://DietPi.local/mnt/4TBS/Spar%20Ladies%202025/FB-Spar%20Womens-ToUpload/DSC_5709.jpg max_bytes=134217728
PIC_NFS stage=read_session_lock elapsed_ms=0 tid=139845212063424 host=DietPi.local export=/mnt/4TBS relative=/Spar Ladies 2025/FB-Spar Womens-ToUpload/DSC_5709.jpg outcome=acquired
PIC_NFS_CONNECT reuse host=DietPi.local export=/mnt/4TBS
PIC_NFS stage=file_open elapsed_ms=1 tid=139845212063424 host=DietPi.local export=/mnt/4TBS relative=/Spar Ladies 2025/FB-Spar Womens-ToUpload/DSC_5709.jpg outcome=ok
PIC_NFS stage=rpc_read elapsed_ms=1 tid=139845212063424 host=DietPi.local export=/mnt/4TBS relative=/Spar Ladies 2025/FB-Spar Womens-ToUpload/DSC_5709.jpg iteration=1 outcome=ok bytes=65536 timedout_delta=0 retransmitted_delta=0 reconnects_delta=0
PIC_NFS stage=first_read elapsed_ms=1 tid=139845212063424 host=DietPi.local export=/mnt/4TBS relative=/Spar Ladies 2025/FB-Spar Womens-ToUpload/DSC_5709.jpg outcome=ok bytes=65536
PIC_NFS stage=rpc_read elapsed_ms=2 tid=139845212063424 host=DietPi.local export=/mnt/4TBS relative=/Spar Ladies 2025/FB-Spar Womens-ToUpload/DSC_5709.jpg iteration=2 outcome=ok bytes=65536 timedout_delta=0 retransmitted_delta=0 reconnects_delta=0
PIC_NFS stage=rpc_read elapsed_ms=2 tid=139845212063424 host=DietPi.local export=/mnt/4TBS relative=/Spar Ladies 2025/FB-Spar Womens-ToUpload/DSC_5709.jpg iteration=3 outcome=ok bytes=131072 timedout_delta=0 retransmitted_delta=0 reconnects_delta=0
PIC_NFS stage=rpc_read elapsed_ms=3 tid=139845212063424 host=DietPi.local export=/mnt/4TBS relative=/Spar Ladies 2025/FB-Spar Womens-ToUpload/DSC_5709.jpg iteration=4 outcome=ok bytes=262144 timedout_delta=0 retransmitted_delta=0 reconnects_delta=0
PIC_NFS stage=rpc_read elapsed_ms=5 tid=139845212063424 host=DietPi.local export=/mnt/4TBS relative=/Spar Ladies 2025/FB-Spar Womens-ToUpload/DSC_5709.jpg iteration=5 outcome=ok bytes=524288 timedout_delta=0 retransmitted_delta=0 reconnects_delta=0
PIC_NFS stage=rpc_read elapsed_ms=1 tid=139845212063424 host=DietPi.local export=/mnt/4TBS relative=/Spar Ladies 2025/FB-Spar Womens-ToUpload/DSC_5709.jpg iteration=6 outcome=ok bytes=58737 timedout_delta=0 retransmitted_delta=0 reconnects_delta=0
PIC_NFS stage=rpc_read elapsed_ms=1 tid=139845212063424 host=DietPi.local export=/mnt/4TBS relative=/Spar Ladies 2025/FB-Spar Womens-ToUpload/DSC_5709.jpg iteration=7 outcome=ok bytes=0 timedout_delta=0 retransmitted_delta=0 reconnects_delta=0
PIC_NFS stage=file_read_complete elapsed_ms=15 tid=139845212063424 host=DietPi.local export=/mnt/4TBS relative=/Spar Ladies 2025/FB-Spar Womens-ToUpload/DSC_5709.jpg outcome=ok bytes=1107313 calls=7
PIC_NETWORK tid=ThreadId(59) PRIVATE_NFS read_done bytes=1107313 elapsed_ms=15 uri=nfs://DietPi.local/mnt/4TBS/Spar%20Ladies%202025/FB-Spar%20Womens-ToUpload/DSC_5709.jpg
PIC_VIEWER source_cache action=insert bytes=1107313 uri=nfs://DietPi.local/mnt/4TBS/Spar%20Ladies%202025/FB-Spar%20Womens-ToUpload/DSC_5709.jpg
PIC_VIEWER source_cache action=evict bytes=1016937 uri=nfs://DietPi.local/mnt/4TBS/Spar%20Ladies%202025/10km/DSC_5747.jpg
PIC_VIEWER network_done lane=prefetch read_ms=16 bytes=1107313 source=network outcome=ok uri=nfs://DietPi.local/mnt/4TBS/Spar%20Ladies%202025/FB-Spar%20Womens-ToUpload/DSC_5709.jpg
PIC_VIEWER t_ms=10621 tid=ThreadId(1) wheel_event dy=-1
PIC_VIEWER t_ms=10621 tid=ThreadId(1) navigation_dispatch source=wheel from_index=23 to_index=22 direction=-1
PIC_VIEWER t_ms=10621 tid=ThreadId(1) infobar_update source=wheel index=22 uri=nfs://DietPi.local/mnt/4TBS/Spar%20Ladies%202025/FB-Spar%20Womens-ToUpload/DSC_5699.jpg
PIC_VIEWER t_ms=10622 tid=ThreadId(1) show_photo_request generation=35 index=22 uri=nfs://DietPi.local/mnt/4TBS/Spar%20Ladies%202025/FB-Spar%20Womens-ToUpload/DSC_5699.jpg
PIC_VIEWER t_ms=10622 tid=ThreadId(1) cache_hit lane=foreground uri=nfs://DietPi.local/mnt/4TBS/Spar%20Ladies%202025/FB-Spar%20Womens-ToUpload/DSC_5699.jpg
PIC_VIEWER t_ms=10622 tid=ThreadId(1) display_done lane=foreground source=texture_cache navigation_ms=0 uri=nfs://DietPi.local/mnt/4TBS/Spar%20Ladies%202025/FB-Spar%20Womens-ToUpload/DSC_5699.jpg
PIC_VIEWER t_ms=10627 tid=ThreadId(59) decode_done uri=nfs://DietPi.local/mnt/4TBS/Spar%20Ladies%202025/FB-Spar%20Womens-ToUpload/DSC_5709.jpg variant=1124x794 elapsed_ms=39 outcome=error
PIC_VIEWER t_ms=10627 tid=ThreadId(1) display_discard lane=prefetch uri=nfs://DietPi.local/mnt/4TBS/Spar%20Ladies%202025/FB-Spar%20Womens-ToUpload/DSC_5709.jpg reason=cancelled
PIC_VIEWER t_ms=10637 tid=ThreadId(1) wheel_event dy=-1
PIC_VIEWER t_ms=10637 tid=ThreadId(1) navigation_dispatch source=wheel from_index=22 to_index=21 direction=-1
PIC_VIEWER t_ms=10637 tid=ThreadId(1) infobar_update source=wheel index=21 uri=nfs://DietPi.local/mnt/4TBS/Spar%20Ladies%202025/FB-Spar%20Womens-ToUpload/DSC_5683.jpg
PIC_VIEWER t_ms=10638 tid=ThreadId(1) show_photo_request generation=36 index=21 uri=nfs://DietPi.local/mnt/4TBS/Spar%20Ladies%202025/FB-Spar%20Womens-ToUpload/DSC_5683.jpg
PIC_VIEWER t_ms=10638 tid=ThreadId(1) cache_hit lane=foreground uri=nfs://DietPi.local/mnt/4TBS/Spar%20Ladies%202025/FB-Spar%20Womens-ToUpload/DSC_5683.jpg
PIC_VIEWER t_ms=10638 tid=ThreadId(1) display_done lane=foreground source=texture_cache navigation_ms=0 uri=nfs://DietPi.local/mnt/4TBS/Spar%20Ladies%202025/FB-Spar%20Womens-ToUpload/DSC_5683.jpg
PIC_VIEWER t_ms=10653 tid=ThreadId(1) wheel_event dy=-1
PIC_VIEWER t_ms=10653 tid=ThreadId(1) navigation_dispatch source=wheel from_index=21 to_index=20 direction=-1
PIC_VIEWER t_ms=10653 tid=ThreadId(1) infobar_update source=wheel index=20 uri=smb://dietpi.local/4tbp/Other/Makayla/VID_0186.jpg
PIC_VIEWER t_ms=10654 tid=ThreadId(1) show_photo_request generation=37 index=20 uri=smb://dietpi.local/4tbp/Other/Makayla/VID_0186.jpg
PIC_VIEWER t_ms=10654 tid=ThreadId(1) cache_hit lane=foreground uri=smb://dietpi.local/4tbp/Other/Makayla/VID_0186.jpg
PIC_VIEWER t_ms=10654 tid=ThreadId(1) display_done lane=foreground source=texture_cache navigation_ms=0 uri=smb://dietpi.local/4tbp/Other/Makayla/VID_0186.jpg
PIC_VIEWER t_ms=10669 tid=ThreadId(1) wheel_event dy=-1
PIC_VIEWER t_ms=10669 tid=ThreadId(1) navigation_dispatch source=wheel from_index=20 to_index=19 direction=-1
PIC_VIEWER t_ms=10669 tid=ThreadId(1) infobar_update source=wheel index=19 uri=smb://dietpi.local/4tbp/Other/Makayla/VID_0174.jpg
PIC_VIEWER t_ms=10670 tid=ThreadId(1) show_photo_request generation=38 index=19 uri=smb://dietpi.local/4tbp/Other/Makayla/VID_0174.jpg
PIC_VIEWER t_ms=10670 tid=ThreadId(1) cache_hit lane=foreground uri=smb://dietpi.local/4tbp/Other/Makayla/VID_0174.jpg
PIC_VIEWER t_ms=10670 tid=ThreadId(1) display_done lane=foreground source=texture_cache navigation_ms=0 uri=smb://dietpi.local/4tbp/Other/Makayla/VID_0174.jpg
PIC_VIEWER t_ms=10685 tid=ThreadId(1) wheel_event dy=-1
PIC_VIEWER t_ms=10685 tid=ThreadId(1) navigation_dispatch source=wheel from_index=19 to_index=18 direction=-1
PIC_VIEWER t_ms=10685 tid=ThreadId(1) infobar_update source=wheel index=18 uri=smb://dietpi.local/4tbp/Other/Makayla/VID_0166.jpg
PIC_VIEWER t_ms=10686 tid=ThreadId(1) show_photo_request generation=39 index=18 uri=smb://dietpi.local/4tbp/Other/Makayla/VID_0166.jpg
PIC_VIEWER t_ms=10686 tid=ThreadId(1) request lane=foreground action=new uri=smb://dietpi.local/4tbp/Other/Makayla/VID_0166.jpg variant=1124x794
PIC_VIEWER t_ms=10686 tid=ThreadId(60) decode_start uri=smb://dietpi.local/4tbp/Other/Makayla/VID_0166.jpg variant=1124x794 queue_ms=0
PIC_VIEWER source_cache lane=foreground action=miss uri=smb://dietpi.local/4tbp/Other/Makayla/VID_0166.jpg
PIC_VIEWER network_slot lane=foreground wait_ms=0 uri=smb://dietpi.local/4tbp/Other/Makayla/VID_0166.jpg
PIC_SMB_CONNECT reuse
PIC_SMB_READ start
PIC_SMB_READ done bytes=2197554
PIC_VIEWER source_cache action=insert bytes=2197554 uri=smb://dietpi.local/4tbp/Other/Makayla/VID_0166.jpg
PIC_VIEWER source_cache action=evict bytes=1301011 uri=nfs://DietPi.local/mnt/4TBS/Spar%20Ladies%202025/10km/DSC_5848.jpg
PIC_VIEWER network_done lane=foreground read_ms=32 bytes=2197554 source=network outcome=ok uri=smb://dietpi.local/4tbp/Other/Makayla/VID_0166.jpg
PIC_VIEWER decode_stage source_ms=32 cpu_ms=61 uri=smb://dietpi.local/4tbp/Other/Makayla/VID_0166.jpg
PIC_VIEWER t_ms=10782 tid=ThreadId(60) decode_done uri=smb://dietpi.local/4tbp/Other/Makayla/VID_0166.jpg variant=1124x794 elapsed_ms=96 outcome=ok
PIC_VIEWER t_ms=10784 tid=ThreadId(1) display_apply elapsed_ms=1 uri=smb://dietpi.local/4tbp/Other/Makayla/VID_0166.jpg
PIC_VIEWER t_ms=10784 tid=ThreadId(1) display_done lane=foreground source=decode navigation_ms=98 uri=smb://dietpi.local/4tbp/Other/Makayla/VID_0166.jpg
PIC_VIEWER t_ms=10936 tid=ThreadId(1) cache_hit lane=prefetch uri=smb://dietpi.local/4tbp/Other/Makayla/VID_0160.jpg
PIC_VIEWER t_ms=10936 tid=ThreadId(1) cache_hit lane=prefetch uri=smb://dietpi.local/4tbp/Other/Makayla/VID_0174.jpg
PIC_VIEWER t_ms=16740 tid=ThreadId(1) show_photo_request generation=41 index=278 uri=nfs://DietPi.local/mnt/4TBS/Spar%20Ladies%202025/FB-Spar%20Womens-ToUpload/DSC_5980.jpg
PIC_VIEWER t_ms=16740 tid=ThreadId(1) request lane=foreground action=new uri=nfs://DietPi.local/mnt/4TBS/Spar%20Ladies%202025/FB-Spar%20Womens-ToUpload/DSC_5980.jpg variant=1124x794
PIC_VIEWER t_ms=16740 tid=ThreadId(61) decode_start uri=nfs://DietPi.local/mnt/4TBS/Spar%20Ladies%202025/FB-Spar%20Womens-ToUpload/DSC_5980.jpg variant=1124x794 queue_ms=0
PIC_VIEWER source_cache lane=foreground action=miss uri=nfs://DietPi.local/mnt/4TBS/Spar%20Ladies%202025/FB-Spar%20Womens-ToUpload/DSC_5980.jpg
PIC_VIEWER network_slot lane=foreground wait_ms=0 uri=nfs://DietPi.local/mnt/4TBS/Spar%20Ladies%202025/FB-Spar%20Womens-ToUpload/DSC_5980.jpg
PIC_NETWORK tid=ThreadId(61) PRIVATE_NFS export_cache_hit host=DietPi.local count=5
PIC_NETWORK tid=ThreadId(61) PRIVATE_NFS read_start uri=nfs://DietPi.local/mnt/4TBS/Spar%20Ladies%202025/FB-Spar%20Womens-ToUpload/DSC_5980.jpg max_bytes=134217728
PIC_NFS stage=read_session_lock elapsed_ms=0 tid=139845212063424 host=DietPi.local export=/mnt/4TBS relative=/Spar Ladies 2025/FB-Spar Womens-ToUpload/DSC_5980.jpg outcome=acquired
PIC_NFS_CONNECT reuse host=DietPi.local export=/mnt/4TBS
PIC_NFS stage=file_open elapsed_ms=2 tid=139845212063424 host=DietPi.local export=/mnt/4TBS relative=/Spar Ladies 2025/FB-Spar Womens-ToUpload/DSC_5980.jpg outcome=ok
PIC_NFS stage=rpc_read elapsed_ms=16 tid=139845212063424 host=DietPi.local export=/mnt/4TBS relative=/Spar Ladies 2025/FB-Spar Womens-ToUpload/DSC_5980.jpg iteration=1 outcome=ok bytes=65536 timedout_delta=0 retransmitted_delta=0 reconnects_delta=0
PIC_NFS stage=first_read elapsed_ms=16 tid=139845212063424 host=DietPi.local export=/mnt/4TBS relative=/Spar Ladies 2025/FB-Spar Womens-ToUpload/DSC_5980.jpg outcome=ok bytes=65536
PIC_NFS stage=rpc_read elapsed_ms=1 tid=139845212063424 host=DietPi.local export=/mnt/4TBS relative=/Spar Ladies 2025/FB-Spar Womens-ToUpload/DSC_5980.jpg iteration=2 outcome=ok bytes=65536 timedout_delta=0 retransmitted_delta=0 reconnects_delta=0
PIC_NFS stage=rpc_read elapsed_ms=3 tid=139845212063424 host=DietPi.local export=/mnt/4TBS relative=/Spar Ladies 2025/FB-Spar Womens-ToUpload/DSC_5980.jpg iteration=3 outcome=ok bytes=131072 timedout_delta=0 retransmitted_delta=0 reconnects_delta=0
PIC_NFS stage=rpc_read elapsed_ms=4 tid=139845212063424 host=DietPi.local export=/mnt/4TBS relative=/Spar Ladies 2025/FB-Spar Womens-ToUpload/DSC_5980.jpg iteration=4 outcome=ok bytes=262144 timedout_delta=0 retransmitted_delta=0 reconnects_delta=0
PIC_NFS stage=rpc_read elapsed_ms=6 tid=139845212063424 host=DietPi.local export=/mnt/4TBS relative=/Spar Ladies 2025/FB-Spar Womens-ToUpload/DSC_5980.jpg iteration=5 outcome=ok bytes=483401 timedout_delta=0 retransmitted_delta=0 reconnects_delta=0
PIC_NFS stage=rpc_read elapsed_ms=1 tid=139845212063424 host=DietPi.local export=/mnt/4TBS relative=/Spar Ladies 2025/FB-Spar Womens-ToUpload/DSC_5980.jpg iteration=6 outcome=ok bytes=0 timedout_delta=0 retransmitted_delta=0 reconnects_delta=0
PIC_NFS stage=file_read_complete elapsed_ms=31 tid=139845212063424 host=DietPi.local export=/mnt/4TBS relative=/Spar Ladies 2025/FB-Spar Womens-ToUpload/DSC_5980.jpg outcome=ok bytes=1007689 calls=6
PIC_NETWORK tid=ThreadId(61) PRIVATE_NFS read_done bytes=1007689 elapsed_ms=32 uri=nfs://DietPi.local/mnt/4TBS/Spar%20Ladies%202025/FB-Spar%20Womens-ToUpload/DSC_5980.jpg
PIC_VIEWER source_cache action=insert bytes=1007689 uri=nfs://DietPi.local/mnt/4TBS/Spar%20Ladies%202025/FB-Spar%20Womens-ToUpload/DSC_5980.jpg
PIC_VIEWER source_cache action=evict bytes=1145694 uri=nfs://DietPi.local/mnt/4TBS/Spar%20Ladies%202025/10km/DSC_5900.jpg
PIC_VIEWER network_done lane=foreground read_ms=32 bytes=1007689 source=network outcome=ok uri=nfs://DietPi.local/mnt/4TBS/Spar%20Ladies%202025/FB-Spar%20Womens-ToUpload/DSC_5980.jpg
PIC_VIEWER decode_stage source_ms=32 cpu_ms=32 uri=nfs://DietPi.local/mnt/4TBS/Spar%20Ladies%202025/FB-Spar%20Womens-ToUpload/DSC_5980.jpg
PIC_VIEWER t_ms=16807 tid=ThreadId(61) decode_done uri=nfs://DietPi.local/mnt/4TBS/Spar%20Ladies%202025/FB-Spar%20Womens-ToUpload/DSC_5980.jpg variant=1124x794 elapsed_ms=66 outcome=ok
PIC_VIEWER t_ms=16809 tid=ThreadId(1) display_apply elapsed_ms=1 uri=nfs://DietPi.local/mnt/4TBS/Spar%20Ladies%202025/FB-Spar%20Womens-ToUpload/DSC_5980.jpg
PIC_VIEWER t_ms=16809 tid=ThreadId(1) display_done lane=foreground source=decode navigation_ms=68 uri=nfs://DietPi.local/mnt/4TBS/Spar%20Ladies%202025/FB-Spar%20Womens-ToUpload/DSC_5980.jpg
PIC_VIEWER t_ms=17173 tid=ThreadId(1) wheel_event dy=1
PIC_VIEWER t_ms=17173 tid=ThreadId(1) navigation_dispatch source=wheel from_index=278 to_index=279 direction=1
PIC_VIEWER t_ms=17173 tid=ThreadId(1) infobar_update source=wheel index=279 uri=nfs://DietPi.local/mnt/4TBS/Spar%20Ladies%202025/FB-Spar%20Womens-ToUpload/DSC_5981.jpg
PIC_VIEWER t_ms=17174 tid=ThreadId(1) show_photo_request generation=42 index=279 uri=nfs://DietPi.local/mnt/4TBS/Spar%20Ladies%202025/FB-Spar%20Womens-ToUpload/DSC_5981.jpg
PIC_VIEWER t_ms=17174 tid=ThreadId(1) request lane=foreground action=new uri=nfs://DietPi.local/mnt/4TBS/Spar%20Ladies%202025/FB-Spar%20Womens-ToUpload/DSC_5981.jpg variant=1124x794
PIC_VIEWER t_ms=17174 tid=ThreadId(62) decode_start uri=nfs://DietPi.local/mnt/4TBS/Spar%20Ladies%202025/FB-Spar%20Womens-ToUpload/DSC_5981.jpg variant=1124x794 queue_ms=0
PIC_VIEWER source_cache lane=foreground action=miss uri=nfs://DietPi.local/mnt/4TBS/Spar%20Ladies%202025/FB-Spar%20Womens-ToUpload/DSC_5981.jpg
PIC_VIEWER network_slot lane=foreground wait_ms=0 uri=nfs://DietPi.local/mnt/4TBS/Spar%20Ladies%202025/FB-Spar%20Womens-ToUpload/DSC_5981.jpg
PIC_NETWORK tid=ThreadId(62) PRIVATE_NFS export_cache_hit host=DietPi.local count=5
PIC_NETWORK tid=ThreadId(62) PRIVATE_NFS read_start uri=nfs://DietPi.local/mnt/4TBS/Spar%20Ladies%202025/FB-Spar%20Womens-ToUpload/DSC_5981.jpg max_bytes=134217728
PIC_NFS stage=read_session_lock elapsed_ms=0 tid=139845212063424 host=DietPi.local export=/mnt/4TBS relative=/Spar Ladies 2025/FB-Spar Womens-ToUpload/DSC_5981.jpg outcome=acquired
PIC_NFS_CONNECT reuse host=DietPi.local export=/mnt/4TBS
PIC_NFS stage=file_open elapsed_ms=1 tid=139845212063424 host=DietPi.local export=/mnt/4TBS relative=/Spar Ladies 2025/FB-Spar Womens-ToUpload/DSC_5981.jpg outcome=ok
PIC_NFS stage=rpc_read elapsed_ms=2 tid=139845212063424 host=DietPi.local export=/mnt/4TBS relative=/Spar Ladies 2025/FB-Spar Womens-ToUpload/DSC_5981.jpg iteration=1 outcome=ok bytes=65536 timedout_delta=0 retransmitted_delta=0 reconnects_delta=0
PIC_NFS stage=first_read elapsed_ms=2 tid=139845212063424 host=DietPi.local export=/mnt/4TBS relative=/Spar Ladies 2025/FB-Spar Womens-ToUpload/DSC_5981.jpg outcome=ok bytes=65536
PIC_NFS stage=rpc_read elapsed_ms=1 tid=139845212063424 host=DietPi.local export=/mnt/4TBS relative=/Spar Ladies 2025/FB-Spar Womens-ToUpload/DSC_5981.jpg iteration=2 outcome=ok bytes=65536 timedout_delta=0 retransmitted_delta=0 reconnects_delta=0
PIC_NFS stage=rpc_read elapsed_ms=2 tid=139845212063424 host=DietPi.local export=/mnt/4TBS relative=/Spar Ladies 2025/FB-Spar Womens-ToUpload/DSC_5981.jpg iteration=3 outcome=ok bytes=131072 timedout_delta=0 retransmitted_delta=0 reconnects_delta=0
PIC_NFS stage=rpc_read elapsed_ms=4 tid=139845212063424 host=DietPi.local export=/mnt/4TBS relative=/Spar Ladies 2025/FB-Spar Womens-ToUpload/DSC_5981.jpg iteration=4 outcome=ok bytes=262144 timedout_delta=0 retransmitted_delta=0 reconnects_delta=0
PIC_NFS stage=rpc_read elapsed_ms=7 tid=139845212063424 host=DietPi.local export=/mnt/4TBS relative=/Spar Ladies 2025/FB-Spar Womens-ToUpload/DSC_5981.jpg iteration=5 outcome=ok bytes=516344 timedout_delta=0 retransmitted_delta=0 reconnects_delta=0
PIC_NFS stage=rpc_read elapsed_ms=0 tid=139845212063424 host=DietPi.local export=/mnt/4TBS relative=/Spar Ladies 2025/FB-Spar Womens-ToUpload/DSC_5981.jpg iteration=6 outcome=ok bytes=0 timedout_delta=0 retransmitted_delta=0 reconnects_delta=0
PIC_NFS stage=file_read_complete elapsed_ms=16 tid=139845212063424 host=DietPi.local export=/mnt/4TBS relative=/Spar Ladies 2025/FB-Spar Womens-ToUpload/DSC_5981.jpg outcome=ok bytes=1040632 calls=6
PIC_NETWORK tid=ThreadId(62) PRIVATE_NFS read_done bytes=1040632 elapsed_ms=17 uri=nfs://DietPi.local/mnt/4TBS/Spar%20Ladies%202025/FB-Spar%20Womens-ToUpload/DSC_5981.jpg
PIC_VIEWER source_cache action=insert bytes=1040632 uri=nfs://DietPi.local/mnt/4TBS/Spar%20Ladies%202025/FB-Spar%20Womens-ToUpload/DSC_5981.jpg
PIC_VIEWER source_cache action=evict bytes=1804953 uri=nfs://DietPi.local/mnt/4TBS/Spar%20Ladies%202025/10km/DSC_5901.jpg
PIC_VIEWER network_done lane=foreground read_ms=17 bytes=1040632 source=network outcome=ok uri=nfs://DietPi.local/mnt/4TBS/Spar%20Ladies%202025/FB-Spar%20Womens-ToUpload/DSC_5981.jpg
PIC_VIEWER t_ms=17205 tid=ThreadId(1) wheel_event dy=1
PIC_VIEWER t_ms=17205 tid=ThreadId(1) wheel_accumulate current_index=279 target_index=280 direction=1
PIC_VIEWER decode_stage source_ms=17 cpu_ms=26 uri=nfs://DietPi.local/mnt/4TBS/Spar%20Ladies%202025/FB-Spar%20Womens-ToUpload/DSC_5981.jpg
PIC_VIEWER t_ms=17221 tid=ThreadId(62) decode_done uri=nfs://DietPi.local/mnt/4TBS/Spar%20Ladies%202025/FB-Spar%20Womens-ToUpload/DSC_5981.jpg variant=1124x794 elapsed_ms=46 outcome=ok
PIC_VIEWER t_ms=17222 tid=ThreadId(1) display_apply elapsed_ms=1 uri=nfs://DietPi.local/mnt/4TBS/Spar%20Ladies%202025/FB-Spar%20Womens-ToUpload/DSC_5981.jpg
PIC_VIEWER t_ms=17222 tid=ThreadId(1) display_done lane=foreground source=decode navigation_ms=48 uri=nfs://DietPi.local/mnt/4TBS/Spar%20Ladies%202025/FB-Spar%20Womens-ToUpload/DSC_5981.jpg
PIC_VIEWER t_ms=17222 tid=ThreadId(1) navigation_dispatch source=wheel_coalesced from_index=279 to_index=280 direction=1
PIC_VIEWER t_ms=17222 tid=ThreadId(1) infobar_update source=wheel index=280 uri=nfs://DietPi.local/mnt/4TBS/Spar%20Ladies%202025/FB-Spar%20Womens-ToUpload/DSC_5982.jpg
PIC_VIEWER t_ms=17223 tid=ThreadId(1) show_photo_request generation=43 index=280 uri=nfs://DietPi.local/mnt/4TBS/Spar%20Ladies%202025/FB-Spar%20Womens-ToUpload/DSC_5982.jpg
PIC_VIEWER t_ms=17223 tid=ThreadId(1) request lane=foreground action=new uri=nfs://DietPi.local/mnt/4TBS/Spar%20Ladies%202025/FB-Spar%20Womens-ToUpload/DSC_5982.jpg variant=1124x794
PIC_VIEWER t_ms=17223 tid=ThreadId(63) decode_start uri=nfs://DietPi.local/mnt/4TBS/Spar%20Ladies%202025/FB-Spar%20Womens-ToUpload/DSC_5982.jpg variant=1124x794 queue_ms=0
PIC_VIEWER source_cache lane=foreground action=miss uri=nfs://DietPi.local/mnt/4TBS/Spar%20Ladies%202025/FB-Spar%20Womens-ToUpload/DSC_5982.jpg
PIC_VIEWER network_slot lane=foreground wait_ms=0 uri=nfs://DietPi.local/mnt/4TBS/Spar%20Ladies%202025/FB-Spar%20Womens-ToUpload/DSC_5982.jpg
PIC_NETWORK tid=ThreadId(63) PRIVATE_NFS export_cache_hit host=DietPi.local count=5
PIC_NETWORK tid=ThreadId(63) PRIVATE_NFS read_start uri=nfs://DietPi.local/mnt/4TBS/Spar%20Ladies%202025/FB-Spar%20Womens-ToUpload/DSC_5982.jpg max_bytes=134217728
PIC_NFS stage=read_session_lock elapsed_ms=0 tid=139845212063424 host=DietPi.local export=/mnt/4TBS relative=/Spar Ladies 2025/FB-Spar Womens-ToUpload/DSC_5982.jpg outcome=acquired
PIC_NFS_CONNECT reuse host=DietPi.local export=/mnt/4TBS
PIC_NFS stage=file_open elapsed_ms=1 tid=139845212063424 host=DietPi.local export=/mnt/4TBS relative=/Spar Ladies 2025/FB-Spar Womens-ToUpload/DSC_5982.jpg outcome=ok
PIC_NFS stage=rpc_read elapsed_ms=21 tid=139845212063424 host=DietPi.local export=/mnt/4TBS relative=/Spar Ladies 2025/FB-Spar Womens-ToUpload/DSC_5982.jpg iteration=1 outcome=ok bytes=65536 timedout_delta=0 retransmitted_delta=0 reconnects_delta=0
PIC_NFS stage=first_read elapsed_ms=21 tid=139845212063424 host=DietPi.local export=/mnt/4TBS relative=/Spar Ladies 2025/FB-Spar Womens-ToUpload/DSC_5982.jpg outcome=ok bytes=65536
PIC_NFS stage=rpc_read elapsed_ms=2 tid=139845212063424 host=DietPi.local export=/mnt/4TBS relative=/Spar Ladies 2025/FB-Spar Womens-ToUpload/DSC_5982.jpg iteration=2 outcome=ok bytes=65536 timedout_delta=0 retransmitted_delta=0 reconnects_delta=0
PIC_NFS stage=rpc_read elapsed_ms=2 tid=139845212063424 host=DietPi.local export=/mnt/4TBS relative=/Spar Ladies 2025/FB-Spar Womens-ToUpload/DSC_5982.jpg iteration=3 outcome=ok bytes=131072 timedout_delta=0 retransmitted_delta=0 reconnects_delta=0
PIC_NFS stage=rpc_read elapsed_ms=4 tid=139845212063424 host=DietPi.local export=/mnt/4TBS relative=/Spar Ladies 2025/FB-Spar Womens-ToUpload/DSC_5982.jpg iteration=4 outcome=ok bytes=262144 timedout_delta=0 retransmitted_delta=0 reconnects_delta=0
PIC_VIEWER t_ms=17253 tid=ThreadId(1) wheel_event dy=1
PIC_VIEWER t_ms=17253 tid=ThreadId(1) wheel_accumulate current_index=280 target_index=281 direction=1
PIC_NFS stage=rpc_read elapsed_ms=3 tid=139845212063424 host=DietPi.local export=/mnt/4TBS relative=/Spar Ladies 2025/FB-Spar Womens-ToUpload/DSC_5982.jpg iteration=5 outcome=ok bytes=209550 timedout_delta=0 retransmitted_delta=0 reconnects_delta=0
PIC_NFS stage=rpc_read elapsed_ms=1 tid=139845212063424 host=DietPi.local export=/mnt/4TBS relative=/Spar Ladies 2025/FB-Spar Womens-ToUpload/DSC_5982.jpg iteration=6 outcome=ok bytes=0 timedout_delta=0 retransmitted_delta=0 reconnects_delta=0
PIC_NFS stage=file_read_complete elapsed_ms=33 tid=139845212063424 host=DietPi.local export=/mnt/4TBS relative=/Spar Ladies 2025/FB-Spar Womens-ToUpload/DSC_5982.jpg outcome=ok bytes=733838 calls=6
PIC_NETWORK tid=ThreadId(63) PRIVATE_NFS read_done bytes=733838 elapsed_ms=34 uri=nfs://DietPi.local/mnt/4TBS/Spar%20Ladies%202025/FB-Spar%20Womens-ToUpload/DSC_5982.jpg
PIC_VIEWER source_cache action=insert bytes=733838 uri=nfs://DietPi.local/mnt/4TBS/Spar%20Ladies%202025/FB-Spar%20Womens-ToUpload/DSC_5982.jpg
PIC_VIEWER source_cache action=evict bytes=984987 uri=nfs://DietPi.local/mnt/4TBS/Spar%20Ladies%202025/10km/DSC_5896.jpg
PIC_VIEWER network_done lane=foreground read_ms=34 bytes=733838 source=network outcome=ok uri=nfs://DietPi.local/mnt/4TBS/Spar%20Ladies%202025/FB-Spar%20Womens-ToUpload/DSC_5982.jpg
PIC_VIEWER decode_stage source_ms=34 cpu_ms=23 uri=nfs://DietPi.local/mnt/4TBS/Spar%20Ladies%202025/FB-Spar%20Womens-ToUpload/DSC_5982.jpg
PIC_VIEWER t_ms=17284 tid=ThreadId(63) decode_done uri=nfs://DietPi.local/mnt/4TBS/Spar%20Ladies%202025/FB-Spar%20Womens-ToUpload/DSC_5982.jpg variant=1124x794 elapsed_ms=61 outcome=ok
PIC_VIEWER t_ms=17286 tid=ThreadId(1) display_apply elapsed_ms=1 uri=nfs://DietPi.local/mnt/4TBS/Spar%20Ladies%202025/FB-Spar%20Womens-ToUpload/DSC_5982.jpg
PIC_VIEWER t_ms=17286 tid=ThreadId(1) display_done lane=foreground source=decode navigation_ms=63 uri=nfs://DietPi.local/mnt/4TBS/Spar%20Ladies%202025/FB-Spar%20Womens-ToUpload/DSC_5982.jpg
PIC_VIEWER t_ms=17286 tid=ThreadId(1) cache_evict uri=nfs://DietPi.local/mnt/4TBS/pics-sport/local%20choice/FB-Timestamp-JPG%20Upates/DSC_1366_result.jpg bytes=3372000 remaining_entries=32 remaining_bytes=106133816
PIC_VIEWER t_ms=17286 tid=ThreadId(1) navigation_dispatch source=wheel_coalesced from_index=280 to_index=281 direction=1
PIC_VIEWER t_ms=17286 tid=ThreadId(1) infobar_update source=wheel index=281 uri=nfs://DietPi.local/mnt/4TBS/Spar%20Ladies%202025/FB-Spar%20Womens-ToUpload/DSC_5984.jpg
PIC_VIEWER t_ms=17286 tid=ThreadId(1) show_photo_request generation=44 index=281 uri=nfs://DietPi.local/mnt/4TBS/Spar%20Ladies%202025/FB-Spar%20Womens-ToUpload/DSC_5984.jpg
PIC_VIEWER t_ms=17286 tid=ThreadId(1) request lane=foreground action=new uri=nfs://DietPi.local/mnt/4TBS/Spar%20Ladies%202025/FB-Spar%20Womens-ToUpload/DSC_5984.jpg variant=1124x794
PIC_VIEWER t_ms=17286 tid=ThreadId(64) decode_start uri=nfs://DietPi.local/mnt/4TBS/Spar%20Ladies%202025/FB-Spar%20Womens-ToUpload/DSC_5984.jpg variant=1124x794 queue_ms=0
PIC_VIEWER source_cache lane=foreground action=miss uri=nfs://DietPi.local/mnt/4TBS/Spar%20Ladies%202025/FB-Spar%20Womens-ToUpload/DSC_5984.jpg
PIC_VIEWER network_slot lane=foreground wait_ms=0 uri=nfs://DietPi.local/mnt/4TBS/Spar%20Ladies%202025/FB-Spar%20Womens-ToUpload/DSC_5984.jpg
PIC_VIEWER t_ms=17286 tid=ThreadId(1) wheel_event dy=1
PIC_VIEWER t_ms=17287 tid=ThreadId(1) wheel_accumulate current_index=281 target_index=282 direction=1
PIC_NETWORK tid=ThreadId(64) PRIVATE_NFS export_cache_hit host=DietPi.local count=5
PIC_NETWORK tid=ThreadId(64) PRIVATE_NFS read_start uri=nfs://DietPi.local/mnt/4TBS/Spar%20Ladies%202025/FB-Spar%20Womens-ToUpload/DSC_5984.jpg max_bytes=134217728
PIC_NFS stage=read_session_lock elapsed_ms=0 tid=139845212063424 host=DietPi.local export=/mnt/4TBS relative=/Spar Ladies 2025/FB-Spar Womens-ToUpload/DSC_5984.jpg outcome=acquired
PIC_NFS_CONNECT reuse host=DietPi.local export=/mnt/4TBS
PIC_NFS stage=file_open elapsed_ms=2 tid=139845212063424 host=DietPi.local export=/mnt/4TBS relative=/Spar Ladies 2025/FB-Spar Womens-ToUpload/DSC_5984.jpg outcome=ok
PIC_NFS stage=rpc_read elapsed_ms=8 tid=139845212063424 host=DietPi.local export=/mnt/4TBS relative=/Spar Ladies 2025/FB-Spar Womens-ToUpload/DSC_5984.jpg iteration=1 outcome=ok bytes=65536 timedout_delta=0 retransmitted_delta=0 reconnects_delta=0
PIC_NFS stage=first_read elapsed_ms=8 tid=139845212063424 host=DietPi.local export=/mnt/4TBS relative=/Spar Ladies 2025/FB-Spar Womens-ToUpload/DSC_5984.jpg outcome=ok bytes=65536
PIC_NFS stage=rpc_read elapsed_ms=2 tid=139845212063424 host=DietPi.local export=/mnt/4TBS relative=/Spar Ladies 2025/FB-Spar Womens-ToUpload/DSC_5984.jpg iteration=2 outcome=ok bytes=65536 timedout_delta=0 retransmitted_delta=0 reconnects_delta=0
PIC_NFS stage=rpc_read elapsed_ms=1 tid=139845212063424 host=DietPi.local export=/mnt/4TBS relative=/Spar Ladies 2025/FB-Spar Womens-ToUpload/DSC_5984.jpg iteration=3 outcome=ok bytes=131072 timedout_delta=0 retransmitted_delta=0 reconnects_delta=0
PIC_NFS stage=rpc_read elapsed_ms=3 tid=139845212063424 host=DietPi.local export=/mnt/4TBS relative=/Spar Ladies 2025/FB-Spar Womens-ToUpload/DSC_5984.jpg iteration=4 outcome=ok bytes=262144 timedout_delta=0 retransmitted_delta=0 reconnects_delta=0
PIC_NFS stage=rpc_read elapsed_ms=8 tid=139845212063424 host=DietPi.local export=/mnt/4TBS relative=/Spar Ladies 2025/FB-Spar Womens-ToUpload/DSC_5984.jpg iteration=5 outcome=ok bytes=524288 timedout_delta=0 retransmitted_delta=0 reconnects_delta=0
PIC_NFS stage=rpc_read elapsed_ms=4 tid=139845212063424 host=DietPi.local export=/mnt/4TBS relative=/Spar Ladies 2025/FB-Spar Womens-ToUpload/DSC_5984.jpg iteration=6 outcome=ok bytes=320862 timedout_delta=0 retransmitted_delta=0 reconnects_delta=0
PIC_NFS stage=rpc_read elapsed_ms=1 tid=139845212063424 host=DietPi.local export=/mnt/4TBS relative=/Spar Ladies 2025/FB-Spar Womens-ToUpload/DSC_5984.jpg iteration=7 outcome=ok bytes=0 timedout_delta=0 retransmitted_delta=0 reconnects_delta=0
PIC_NFS stage=file_read_complete elapsed_ms=28 tid=139845212063424 host=DietPi.local export=/mnt/4TBS relative=/Spar Ladies 2025/FB-Spar Womens-ToUpload/DSC_5984.jpg outcome=ok bytes=1369438 calls=7
PIC_NETWORK tid=ThreadId(64) PRIVATE_NFS read_done bytes=1369438 elapsed_ms=29 uri=nfs://DietPi.local/mnt/4TBS/Spar%20Ladies%202025/FB-Spar%20Womens-ToUpload/DSC_5984.jpg
PIC_VIEWER source_cache action=insert bytes=1369438 uri=nfs://DietPi.local/mnt/4TBS/Spar%20Ladies%202025/FB-Spar%20Womens-ToUpload/DSC_5984.jpg
PIC_VIEWER source_cache action=evict bytes=1788370 uri=nfs://DietPi.local/mnt/4TBS/Spar%20Ladies%202025/10km/DSC_6074.jpg
PIC_VIEWER network_done lane=foreground read_ms=29 bytes=1369438 source=network outcome=ok uri=nfs://DietPi.local/mnt/4TBS/Spar%20Ladies%202025/FB-Spar%20Womens-ToUpload/DSC_5984.jpg
PIC_VIEWER t_ms=17333 tid=ThreadId(1) wheel_event dy=1
PIC_VIEWER t_ms=17333 tid=ThreadId(1) wheel_accumulate current_index=281 target_index=283 direction=1
PIC_VIEWER decode_stage source_ms=29 cpu_ms=30 uri=nfs://DietPi.local/mnt/4TBS/Spar%20Ladies%202025/FB-Spar%20Womens-ToUpload/DSC_5984.jpg
PIC_VIEWER t_ms=17349 tid=ThreadId(64) decode_done uri=nfs://DietPi.local/mnt/4TBS/Spar%20Ladies%202025/FB-Spar%20Womens-ToUpload/DSC_5984.jpg variant=1124x794 elapsed_ms=62 outcome=ok
PIC_VIEWER t_ms=17350 tid=ThreadId(1) display_apply elapsed_ms=1 uri=nfs://DietPi.local/mnt/4TBS/Spar%20Ladies%202025/FB-Spar%20Womens-ToUpload/DSC_5984.jpg
PIC_VIEWER t_ms=17350 tid=ThreadId(1) display_done lane=foreground source=decode navigation_ms=63 uri=nfs://DietPi.local/mnt/4TBS/Spar%20Ladies%202025/FB-Spar%20Womens-ToUpload/DSC_5984.jpg
PIC_VIEWER t_ms=17350 tid=ThreadId(1) cache_evict uri=nfs://DietPi.local/mnt/4TBS/pics-sport/local%20choice/FB-Timestamp-JPG%20Upates/DSC_1367_result.jpg bytes=3372000 remaining_entries=32 remaining_bytes=106133816
PIC_VIEWER t_ms=17350 tid=ThreadId(1) navigation_dispatch source=wheel_coalesced from_index=281 to_index=283 direction=1
PIC_VIEWER t_ms=17350 tid=ThreadId(1) infobar_update source=wheel index=283 uri=nfs://DietPi.local/mnt/4TBS/Spar%20Ladies%202025/FB-Spar%20Womens-ToUpload/DSC_5986.jpg
PIC_VIEWER t_ms=17350 tid=ThreadId(1) show_photo_request generation=45 index=283 uri=nfs://DietPi.local/mnt/4TBS/Spar%20Ladies%202025/FB-Spar%20Womens-ToUpload/DSC_5986.jpg
PIC_VIEWER t_ms=17350 tid=ThreadId(1) request lane=foreground action=new uri=nfs://DietPi.local/mnt/4TBS/Spar%20Ladies%202025/FB-Spar%20Womens-ToUpload/DSC_5986.jpg variant=1124x794
PIC_VIEWER t_ms=17351 tid=ThreadId(65) decode_start uri=nfs://DietPi.local/mnt/4TBS/Spar%20Ladies%202025/FB-Spar%20Womens-ToUpload/DSC_5986.jpg variant=1124x794 queue_ms=0
PIC_VIEWER source_cache lane=foreground action=miss uri=nfs://DietPi.local/mnt/4TBS/Spar%20Ladies%202025/FB-Spar%20Womens-ToUpload/DSC_5986.jpg
PIC_VIEWER network_slot lane=foreground wait_ms=0 uri=nfs://DietPi.local/mnt/4TBS/Spar%20Ladies%202025/FB-Spar%20Womens-ToUpload/DSC_5986.jpg
PIC_NETWORK tid=ThreadId(65) PRIVATE_NFS export_cache_hit host=DietPi.local count=5
PIC_NETWORK tid=ThreadId(65) PRIVATE_NFS read_start uri=nfs://DietPi.local/mnt/4TBS/Spar%20Ladies%202025/FB-Spar%20Womens-ToUpload/DSC_5986.jpg max_bytes=134217728
PIC_NFS stage=read_session_lock elapsed_ms=0 tid=139845212063424 host=DietPi.local export=/mnt/4TBS relative=/Spar Ladies 2025/FB-Spar Womens-ToUpload/DSC_5986.jpg outcome=acquired
PIC_NFS_CONNECT reuse host=DietPi.local export=/mnt/4TBS
PIC_NFS stage=file_open elapsed_ms=2 tid=139845212063424 host=DietPi.local export=/mnt/4TBS relative=/Spar Ladies 2025/FB-Spar Womens-ToUpload/DSC_5986.jpg outcome=ok
PIC_NFS stage=rpc_read elapsed_ms=1 tid=139845212063424 host=DietPi.local export=/mnt/4TBS relative=/Spar Ladies 2025/FB-Spar Womens-ToUpload/DSC_5986.jpg iteration=1 outcome=ok bytes=65536 timedout_delta=0 retransmitted_delta=0 reconnects_delta=0
PIC_NFS stage=first_read elapsed_ms=1 tid=139845212063424 host=DietPi.local export=/mnt/4TBS relative=/Spar Ladies 2025/FB-Spar Womens-ToUpload/DSC_5986.jpg outcome=ok bytes=65536
PIC_NFS stage=rpc_read elapsed_ms=1 tid=139845212063424 host=DietPi.local export=/mnt/4TBS relative=/Spar Ladies 2025/FB-Spar Womens-ToUpload/DSC_5986.jpg iteration=2 outcome=ok bytes=65536 timedout_delta=0 retransmitted_delta=0 reconnects_delta=0
PIC_NFS stage=rpc_read elapsed_ms=2 tid=139845212063424 host=DietPi.local export=/mnt/4TBS relative=/Spar Ladies 2025/FB-Spar Womens-ToUpload/DSC_5986.jpg iteration=3 outcome=ok bytes=131072 timedout_delta=0 retransmitted_delta=0 reconnects_delta=0
PIC_NFS stage=rpc_read elapsed_ms=3 tid=139845212063424 host=DietPi.local export=/mnt/4TBS relative=/Spar Ladies 2025/FB-Spar Womens-ToUpload/DSC_5986.jpg iteration=4 outcome=ok bytes=262144 timedout_delta=0 retransmitted_delta=0 reconnects_delta=0
PIC_NFS stage=rpc_read elapsed_ms=6 tid=139845212063424 host=DietPi.local export=/mnt/4TBS relative=/Spar Ladies 2025/FB-Spar Womens-ToUpload/DSC_5986.jpg iteration=5 outcome=ok bytes=524288 timedout_delta=0 retransmitted_delta=0 reconnects_delta=0
PIC_NFS stage=rpc_read elapsed_ms=1 tid=139845212063424 host=DietPi.local export=/mnt/4TBS relative=/Spar Ladies 2025/FB-Spar Womens-ToUpload/DSC_5986.jpg iteration=6 outcome=ok bytes=27456 timedout_delta=0 retransmitted_delta=0 reconnects_delta=0
PIC_NFS stage=rpc_read elapsed_ms=0 tid=139845212063424 host=DietPi.local export=/mnt/4TBS relative=/Spar Ladies 2025/FB-Spar Womens-ToUpload/DSC_5986.jpg iteration=7 outcome=ok bytes=0 timedout_delta=0 retransmitted_delta=0 reconnects_delta=0
PIC_NFS stage=file_read_complete elapsed_ms=14 tid=139845212063424 host=DietPi.local export=/mnt/4TBS relative=/Spar Ladies 2025/FB-Spar Womens-ToUpload/DSC_5986.jpg outcome=ok bytes=1076032 calls=7
PIC_NETWORK tid=ThreadId(65) PRIVATE_NFS read_done bytes=1076032 elapsed_ms=15 uri=nfs://DietPi.local/mnt/4TBS/Spar%20Ladies%202025/FB-Spar%20Womens-ToUpload/DSC_5986.jpg
PIC_VIEWER source_cache action=insert bytes=1076032 uri=nfs://DietPi.local/mnt/4TBS/Spar%20Ladies%202025/FB-Spar%20Womens-ToUpload/DSC_5986.jpg
PIC_VIEWER source_cache action=evict bytes=1217726 uri=nfs://DietPi.local/mnt/4TBS/Spar%20Ladies%202025/10km/DSC_6224.jpg
PIC_VIEWER network_done lane=foreground read_ms=16 bytes=1076032 source=network outcome=ok uri=nfs://DietPi.local/mnt/4TBS/Spar%20Ladies%202025/FB-Spar%20Womens-ToUpload/DSC_5986.jpg
PIC_VIEWER decode_stage source_ms=16 cpu_ms=28 uri=nfs://DietPi.local/mnt/4TBS/Spar%20Ladies%202025/FB-Spar%20Womens-ToUpload/DSC_5986.jpg
PIC_VIEWER t_ms=17398 tid=ThreadId(65) decode_done uri=nfs://DietPi.local/mnt/4TBS/Spar%20Ladies%202025/FB-Spar%20Womens-ToUpload/DSC_5986.jpg variant=1124x794 elapsed_ms=47 outcome=ok
PIC_VIEWER t_ms=17399 tid=ThreadId(1) display_apply elapsed_ms=1 uri=nfs://DietPi.local/mnt/4TBS/Spar%20Ladies%202025/FB-Spar%20Womens-ToUpload/DSC_5986.jpg
PIC_VIEWER t_ms=17399 tid=ThreadId(1) display_done lane=foreground source=decode navigation_ms=48 uri=nfs://DietPi.local/mnt/4TBS/Spar%20Ladies%202025/FB-Spar%20Womens-ToUpload/DSC_5986.jpg
PIC_VIEWER t_ms=17399 tid=ThreadId(1) cache_evict uri=nfs://DietPi.local/mnt/4TBS/pics-sport/local%20choice/FB-Timestamp-JPG%20Upates/DSC_1368_result.jpg bytes=3372000 remaining_entries=32 remaining_bytes=106133816
PIC_VIEWER t_ms=17461 tid=ThreadId(1) wheel_event dy=1
PIC_VIEWER t_ms=17461 tid=ThreadId(1) navigation_dispatch source=wheel from_index=283 to_index=284 direction=1
PIC_VIEWER t_ms=17461 tid=ThreadId(1) infobar_update source=wheel index=284 uri=nfs://DietPi.local/mnt/4TBS/Spar%20Ladies%202025/FB-Spar%20Womens-ToUpload/DSC_5987.jpg
PIC_VIEWER t_ms=17462 tid=ThreadId(1) show_photo_request generation=46 index=284 uri=nfs://DietPi.local/mnt/4TBS/Spar%20Ladies%202025/FB-Spar%20Womens-ToUpload/DSC_5987.jpg
PIC_VIEWER t_ms=17462 tid=ThreadId(1) request lane=foreground action=new uri=nfs://DietPi.local/mnt/4TBS/Spar%20Ladies%202025/FB-Spar%20Womens-ToUpload/DSC_5987.jpg variant=1124x794
PIC_VIEWER t_ms=17462 tid=ThreadId(66) decode_start uri=nfs://DietPi.local/mnt/4TBS/Spar%20Ladies%202025/FB-Spar%20Womens-ToUpload/DSC_5987.jpg variant=1124x794 queue_ms=0
PIC_VIEWER source_cache lane=foreground action=miss uri=nfs://DietPi.local/mnt/4TBS/Spar%20Ladies%202025/FB-Spar%20Womens-ToUpload/DSC_5987.jpg
PIC_VIEWER network_slot lane=foreground wait_ms=0 uri=nfs://DietPi.local/mnt/4TBS/Spar%20Ladies%202025/FB-Spar%20Womens-ToUpload/DSC_5987.jpg
PIC_NETWORK tid=ThreadId(66) PRIVATE_NFS export_cache_hit host=DietPi.local count=5
PIC_NETWORK tid=ThreadId(66) PRIVATE_NFS read_start uri=nfs://DietPi.local/mnt/4TBS/Spar%20Ladies%202025/FB-Spar%20Womens-ToUpload/DSC_5987.jpg max_bytes=134217728
PIC_NFS stage=read_session_lock elapsed_ms=0 tid=139845212063424 host=DietPi.local export=/mnt/4TBS relative=/Spar Ladies 2025/FB-Spar Womens-ToUpload/DSC_5987.jpg outcome=acquired
PIC_NFS_CONNECT reuse host=DietPi.local export=/mnt/4TBS
PIC_NFS stage=file_open elapsed_ms=1 tid=139845212063424 host=DietPi.local export=/mnt/4TBS relative=/Spar Ladies 2025/FB-Spar Womens-ToUpload/DSC_5987.jpg outcome=ok
PIC_NFS stage=rpc_read elapsed_ms=2 tid=139845212063424 host=DietPi.local export=/mnt/4TBS relative=/Spar Ladies 2025/FB-Spar Womens-ToUpload/DSC_5987.jpg iteration=1 outcome=ok bytes=65536 timedout_delta=0 retransmitted_delta=0 reconnects_delta=0
PIC_NFS stage=first_read elapsed_ms=2 tid=139845212063424 host=DietPi.local export=/mnt/4TBS relative=/Spar Ladies 2025/FB-Spar Womens-ToUpload/DSC_5987.jpg outcome=ok bytes=65536
PIC_NFS stage=rpc_read elapsed_ms=1 tid=139845212063424 host=DietPi.local export=/mnt/4TBS relative=/Spar Ladies 2025/FB-Spar Womens-ToUpload/DSC_5987.jpg iteration=2 outcome=ok bytes=65536 timedout_delta=0 retransmitted_delta=0 reconnects_delta=0
PIC_NFS stage=rpc_read elapsed_ms=2 tid=139845212063424 host=DietPi.local export=/mnt/4TBS relative=/Spar Ladies 2025/FB-Spar Womens-ToUpload/DSC_5987.jpg iteration=3 outcome=ok bytes=131072 timedout_delta=0 retransmitted_delta=0 reconnects_delta=0
PIC_NFS stage=rpc_read elapsed_ms=3 tid=139845212063424 host=DietPi.local export=/mnt/4TBS relative=/Spar Ladies 2025/FB-Spar Womens-ToUpload/DSC_5987.jpg iteration=4 outcome=ok bytes=262144 timedout_delta=0 retransmitted_delta=0 reconnects_delta=0
PIC_NFS stage=rpc_read elapsed_ms=6 tid=139845212063424 host=DietPi.local export=/mnt/4TBS relative=/Spar Ladies 2025/FB-Spar Womens-ToUpload/DSC_5987.jpg iteration=5 outcome=ok bytes=524288 timedout_delta=0 retransmitted_delta=0 reconnects_delta=0
PIC_NFS stage=rpc_read elapsed_ms=4 tid=139845212063424 host=DietPi.local export=/mnt/4TBS relative=/Spar Ladies 2025/FB-Spar Womens-ToUpload/DSC_5987.jpg iteration=6 outcome=ok bytes=436004 timedout_delta=0 retransmitted_delta=0 reconnects_delta=0
PIC_NFS stage=rpc_read elapsed_ms=1 tid=139845212063424 host=DietPi.local export=/mnt/4TBS relative=/Spar Ladies 2025/FB-Spar Womens-ToUpload/DSC_5987.jpg iteration=7 outcome=ok bytes=0 timedout_delta=0 retransmitted_delta=0 reconnects_delta=0
PIC_NFS stage=file_read_complete elapsed_ms=19 tid=139845212063424 host=DietPi.local export=/mnt/4TBS relative=/Spar Ladies 2025/FB-Spar Womens-ToUpload/DSC_5987.jpg outcome=ok bytes=1484580 calls=7
PIC_NETWORK tid=ThreadId(66) PRIVATE_NFS read_done bytes=1484580 elapsed_ms=20 uri=nfs://DietPi.local/mnt/4TBS/Spar%20Ladies%202025/FB-Spar%20Womens-ToUpload/DSC_5987.jpg
PIC_VIEWER source_cache action=insert bytes=1484580 uri=nfs://DietPi.local/mnt/4TBS/Spar%20Ladies%202025/FB-Spar%20Womens-ToUpload/DSC_5987.jpg
PIC_VIEWER source_cache action=evict bytes=1893682 uri=nfs://DietPi.local/mnt/4TBS/Spar%20Ladies%202025/10km/DSC_6325.jpg
PIC_VIEWER network_done lane=foreground read_ms=20 bytes=1484580 source=network outcome=ok uri=nfs://DietPi.local/mnt/4TBS/Spar%20Ladies%202025/FB-Spar%20Womens-ToUpload/DSC_5987.jpg
PIC_VIEWER t_ms=17493 tid=ThreadId(1) wheel_event dy=1
PIC_VIEWER t_ms=17493 tid=ThreadId(1) wheel_accumulate current_index=284 target_index=285 direction=1
PIC_VIEWER decode_stage source_ms=20 cpu_ms=30 uri=nfs://DietPi.local/mnt/4TBS/Spar%20Ladies%202025/FB-Spar%20Womens-ToUpload/DSC_5987.jpg
PIC_VIEWER t_ms=17516 tid=ThreadId(66) decode_done uri=nfs://DietPi.local/mnt/4TBS/Spar%20Ladies%202025/FB-Spar%20Womens-ToUpload/DSC_5987.jpg variant=1124x794 elapsed_ms=53 outcome=ok
PIC_VIEWER t_ms=17517 tid=ThreadId(1) display_apply elapsed_ms=1 uri=nfs://DietPi.local/mnt/4TBS/Spar%20Ladies%202025/FB-Spar%20Womens-ToUpload/DSC_5987.jpg
PIC_VIEWER t_ms=17517 tid=ThreadId(1) display_done lane=foreground source=decode navigation_ms=55 uri=nfs://DietPi.local/mnt/4TBS/Spar%20Ladies%202025/FB-Spar%20Womens-ToUpload/DSC_5987.jpg
PIC_VIEWER t_ms=17517 tid=ThreadId(1) cache_evict uri=nfs://DietPi.local/mnt/4TBS/pics-sport/local%20choice/FB-Timestamp-JPG%20Upates/DSC_1370_result.jpg bytes=3372000 remaining_entries=32 remaining_bytes=106133816
PIC_VIEWER t_ms=17517 tid=ThreadId(1) navigation_dispatch source=wheel_coalesced from_index=284 to_index=285 direction=1
PIC_VIEWER t_ms=17517 tid=ThreadId(1) infobar_update source=wheel index=285 uri=nfs://DietPi.local/mnt/4TBS/Spar%20Ladies%202025/FB-Spar%20Womens-ToUpload/DSC_5988.jpg
PIC_VIEWER t_ms=17518 tid=ThreadId(1) show_photo_request generation=47 index=285 uri=nfs://DietPi.local/mnt/4TBS/Spar%20Ladies%202025/FB-Spar%20Womens-ToUpload/DSC_5988.jpg
PIC_VIEWER t_ms=17518 tid=ThreadId(1) request lane=foreground action=new uri=nfs://DietPi.local/mnt/4TBS/Spar%20Ladies%202025/FB-Spar%20Womens-ToUpload/DSC_5988.jpg variant=1124x794
PIC_VIEWER t_ms=17518 tid=ThreadId(67) decode_start uri=nfs://DietPi.local/mnt/4TBS/Spar%20Ladies%202025/FB-Spar%20Womens-ToUpload/DSC_5988.jpg variant=1124x794 queue_ms=0
PIC_VIEWER source_cache lane=foreground action=miss uri=nfs://DietPi.local/mnt/4TBS/Spar%20Ladies%202025/FB-Spar%20Womens-ToUpload/DSC_5988.jpg
PIC_VIEWER network_slot lane=foreground wait_ms=0 uri=nfs://DietPi.local/mnt/4TBS/Spar%20Ladies%202025/FB-Spar%20Womens-ToUpload/DSC_5988.jpg
PIC_NETWORK tid=ThreadId(67) PRIVATE_NFS export_cache_hit host=DietPi.local count=5
PIC_NETWORK tid=ThreadId(67) PRIVATE_NFS read_start uri=nfs://DietPi.local/mnt/4TBS/Spar%20Ladies%202025/FB-Spar%20Womens-ToUpload/DSC_5988.jpg max_bytes=134217728
PIC_NFS stage=read_session_lock elapsed_ms=0 tid=139845212063424 host=DietPi.local export=/mnt/4TBS relative=/Spar Ladies 2025/FB-Spar Womens-ToUpload/DSC_5988.jpg outcome=acquired
PIC_NFS_CONNECT reuse host=DietPi.local export=/mnt/4TBS
PIC_NFS stage=file_open elapsed_ms=2 tid=139845212063424 host=DietPi.local export=/mnt/4TBS relative=/Spar Ladies 2025/FB-Spar Womens-ToUpload/DSC_5988.jpg outcome=ok
PIC_NFS stage=rpc_read elapsed_ms=1 tid=139845212063424 host=DietPi.local export=/mnt/4TBS relative=/Spar Ladies 2025/FB-Spar Womens-ToUpload/DSC_5988.jpg iteration=1 outcome=ok bytes=65536 timedout_delta=0 retransmitted_delta=0 reconnects_delta=0
PIC_NFS stage=first_read elapsed_ms=1 tid=139845212063424 host=DietPi.local export=/mnt/4TBS relative=/Spar Ladies 2025/FB-Spar Womens-ToUpload/DSC_5988.jpg outcome=ok bytes=65536
PIC_NFS stage=rpc_read elapsed_ms=1 tid=139845212063424 host=DietPi.local export=/mnt/4TBS relative=/Spar Ladies 2025/FB-Spar Womens-ToUpload/DSC_5988.jpg iteration=2 outcome=ok bytes=65536 timedout_delta=0 retransmitted_delta=0 reconnects_delta=0
PIC_NFS stage=rpc_read elapsed_ms=2 tid=139845212063424 host=DietPi.local export=/mnt/4TBS relative=/Spar Ladies 2025/FB-Spar Womens-ToUpload/DSC_5988.jpg iteration=3 outcome=ok bytes=131072 timedout_delta=0 retransmitted_delta=0 reconnects_delta=0
PIC_NFS stage=rpc_read elapsed_ms=3 tid=139845212063424 host=DietPi.local export=/mnt/4TBS relative=/Spar Ladies 2025/FB-Spar Womens-ToUpload/DSC_5988.jpg iteration=4 outcome=ok bytes=262144 timedout_delta=0 retransmitted_delta=0 reconnects_delta=0
PIC_NFS stage=rpc_read elapsed_ms=5 tid=139845212063424 host=DietPi.local export=/mnt/4TBS relative=/Spar Ladies 2025/FB-Spar Womens-ToUpload/DSC_5988.jpg iteration=5 outcome=ok bytes=524288 timedout_delta=0 retransmitted_delta=0 reconnects_delta=0
PIC_NFS stage=rpc_read elapsed_ms=5 tid=139845212063424 host=DietPi.local export=/mnt/4TBS relative=/Spar Ladies 2025/FB-Spar Womens-ToUpload/DSC_5988.jpg iteration=6 outcome=ok bytes=439758 timedout_delta=0 retransmitted_delta=0 reconnects_delta=0
PIC_NFS stage=rpc_read elapsed_ms=0 tid=139845212063424 host=DietPi.local export=/mnt/4TBS relative=/Spar Ladies 2025/FB-Spar Womens-ToUpload/DSC_5988.jpg iteration=7 outcome=ok bytes=0 timedout_delta=0 retransmitted_delta=0 reconnects_delta=0
PIC_NFS stage=file_read_complete elapsed_ms=17 tid=139845212063424 host=DietPi.local export=/mnt/4TBS relative=/Spar Ladies 2025/FB-Spar Womens-ToUpload/DSC_5988.jpg outcome=ok bytes=1488334 calls=7
PIC_NETWORK tid=ThreadId(67) PRIVATE_NFS read_done bytes=1488334 elapsed_ms=19 uri=nfs://DietPi.local/mnt/4TBS/Spar%20Ladies%202025/FB-Spar%20Womens-ToUpload/DSC_5988.jpg
PIC_VIEWER source_cache action=insert bytes=1488334 uri=nfs://DietPi.local/mnt/4TBS/Spar%20Ladies%202025/FB-Spar%20Womens-ToUpload/DSC_5988.jpg
PIC_VIEWER source_cache action=evict bytes=1877944 uri=nfs://DietPi.local/mnt/4TBS/Spar%20Ladies%202025/10km/DSC_6355.jpg
PIC_VIEWER network_done lane=foreground read_ms=19 bytes=1488334 source=network outcome=ok uri=nfs://DietPi.local/mnt/4TBS/Spar%20Ladies%202025/FB-Spar%20Womens-ToUpload/DSC_5988.jpg
PIC_VIEWER t_ms=17541 tid=ThreadId(1) wheel_event dy=1
PIC_VIEWER t_ms=17541 tid=ThreadId(1) wheel_accumulate current_index=285 target_index=286 direction=1
PIC_VIEWER decode_stage source_ms=19 cpu_ms=30 uri=nfs://DietPi.local/mnt/4TBS/Spar%20Ladies%202025/FB-Spar%20Womens-ToUpload/DSC_5988.jpg
PIC_VIEWER t_ms=17570 tid=ThreadId(67) decode_done uri=nfs://DietPi.local/mnt/4TBS/Spar%20Ladies%202025/FB-Spar%20Womens-ToUpload/DSC_5988.jpg variant=1124x794 elapsed_ms=52 outcome=ok
PIC_VIEWER t_ms=17572 tid=ThreadId(1) display_apply elapsed_ms=1 uri=nfs://DietPi.local/mnt/4TBS/Spar%20Ladies%202025/FB-Spar%20Womens-ToUpload/DSC_5988.jpg
PIC_VIEWER t_ms=17572 tid=ThreadId(1) display_done lane=foreground source=decode navigation_ms=53 uri=nfs://DietPi.local/mnt/4TBS/Spar%20Ladies%202025/FB-Spar%20Womens-ToUpload/DSC_5988.jpg
PIC_VIEWER t_ms=17572 tid=ThreadId(1) cache_evict uri=nfs://DietPi.local/mnt/4TBS/pics-sport/local%20choice/FB-Timestamp-JPG%20Upates/DSC_1371_result.jpg bytes=3372000 remaining_entries=32 remaining_bytes=106133816
PIC_VIEWER t_ms=17572 tid=ThreadId(1) navigation_dispatch source=wheel_coalesced from_index=285 to_index=286 direction=1
PIC_VIEWER t_ms=17572 tid=ThreadId(1) infobar_update source=wheel index=286 uri=nfs://DietPi.local/mnt/4TBS/Spar%20Ladies%202025/FB-Spar%20Womens-ToUpload/DSC_5989.jpg
PIC_VIEWER t_ms=17572 tid=ThreadId(1) show_photo_request generation=48 index=286 uri=nfs://DietPi.local/mnt/4TBS/Spar%20Ladies%202025/FB-Spar%20Womens-ToUpload/DSC_5989.jpg
PIC_VIEWER t_ms=17572 tid=ThreadId(1) request lane=foreground action=new uri=nfs://DietPi.local/mnt/4TBS/Spar%20Ladies%202025/FB-Spar%20Womens-ToUpload/DSC_5989.jpg variant=1124x794
PIC_VIEWER t_ms=17572 tid=ThreadId(68) decode_start uri=nfs://DietPi.local/mnt/4TBS/Spar%20Ladies%202025/FB-Spar%20Womens-ToUpload/DSC_5989.jpg variant=1124x794 queue_ms=0
PIC_VIEWER source_cache lane=foreground action=miss uri=nfs://DietPi.local/mnt/4TBS/Spar%20Ladies%202025/FB-Spar%20Womens-ToUpload/DSC_5989.jpg
PIC_VIEWER network_slot lane=foreground wait_ms=0 uri=nfs://DietPi.local/mnt/4TBS/Spar%20Ladies%202025/FB-Spar%20Womens-ToUpload/DSC_5989.jpg
PIC_NETWORK tid=ThreadId(68) PRIVATE_NFS export_cache_hit host=DietPi.local count=5
PIC_NETWORK tid=ThreadId(68) PRIVATE_NFS read_start uri=nfs://DietPi.local/mnt/4TBS/Spar%20Ladies%202025/FB-Spar%20Womens-ToUpload/DSC_5989.jpg max_bytes=134217728
PIC_NFS stage=read_session_lock elapsed_ms=0 tid=139845212063424 host=DietPi.local export=/mnt/4TBS relative=/Spar Ladies 2025/FB-Spar Womens-ToUpload/DSC_5989.jpg outcome=acquired
PIC_NFS_CONNECT reuse host=DietPi.local export=/mnt/4TBS
PIC_NFS stage=file_open elapsed_ms=2 tid=139845212063424 host=DietPi.local export=/mnt/4TBS relative=/Spar Ladies 2025/FB-Spar Womens-ToUpload/DSC_5989.jpg outcome=ok
PIC_NFS stage=rpc_read elapsed_ms=1 tid=139845212063424 host=DietPi.local export=/mnt/4TBS relative=/Spar Ladies 2025/FB-Spar Womens-ToUpload/DSC_5989.jpg iteration=1 outcome=ok bytes=65536 timedout_delta=0 retransmitted_delta=0 reconnects_delta=0
PIC_NFS stage=first_read elapsed_ms=1 tid=139845212063424 host=DietPi.local export=/mnt/4TBS relative=/Spar Ladies 2025/FB-Spar Womens-ToUpload/DSC_5989.jpg outcome=ok bytes=65536
PIC_NFS stage=rpc_read elapsed_ms=1 tid=139845212063424 host=DietPi.local export=/mnt/4TBS relative=/Spar Ladies 2025/FB-Spar Womens-ToUpload/DSC_5989.jpg iteration=2 outcome=ok bytes=65536 timedout_delta=0 retransmitted_delta=0 reconnects_delta=0
PIC_NFS stage=rpc_read elapsed_ms=2 tid=139845212063424 host=DietPi.local export=/mnt/4TBS relative=/Spar Ladies 2025/FB-Spar Womens-ToUpload/DSC_5989.jpg iteration=3 outcome=ok bytes=131072 timedout_delta=0 retransmitted_delta=0 reconnects_delta=0
PIC_NFS stage=rpc_read elapsed_ms=3 tid=139845212063424 host=DietPi.local export=/mnt/4TBS relative=/Spar Ladies 2025/FB-Spar Womens-ToUpload/DSC_5989.jpg iteration=4 outcome=ok bytes=262144 timedout_delta=0 retransmitted_delta=0 reconnects_delta=0
PIC_NFS stage=rpc_read elapsed_ms=5 tid=139845212063424 host=DietPi.local export=/mnt/4TBS relative=/Spar Ladies 2025/FB-Spar Womens-ToUpload/DSC_5989.jpg iteration=5 outcome=ok bytes=524288 timedout_delta=0 retransmitted_delta=0 reconnects_delta=0
PIC_NFS stage=rpc_read elapsed_ms=3 tid=139845212063424 host=DietPi.local export=/mnt/4TBS relative=/Spar Ladies 2025/FB-Spar Womens-ToUpload/DSC_5989.jpg iteration=6 outcome=ok bytes=205428 timedout_delta=0 retransmitted_delta=0 reconnects_delta=0
PIC_NFS stage=rpc_read elapsed_ms=0 tid=139845212063424 host=DietPi.local export=/mnt/4TBS relative=/Spar Ladies 2025/FB-Spar Womens-ToUpload/DSC_5989.jpg iteration=7 outcome=ok bytes=0 timedout_delta=0 retransmitted_delta=0 reconnects_delta=0
PIC_NFS stage=file_read_complete elapsed_ms=15 tid=139845212063424 host=DietPi.local export=/mnt/4TBS relative=/Spar Ladies 2025/FB-Spar Womens-ToUpload/DSC_5989.jpg outcome=ok bytes=1254004 calls=7
PIC_NETWORK tid=ThreadId(68) PRIVATE_NFS read_done bytes=1254004 elapsed_ms=17 uri=nfs://DietPi.local/mnt/4TBS/Spar%20Ladies%202025/FB-Spar%20Womens-ToUpload/DSC_5989.jpg
PIC_VIEWER source_cache action=insert bytes=1254004 uri=nfs://DietPi.local/mnt/4TBS/Spar%20Ladies%202025/FB-Spar%20Womens-ToUpload/DSC_5989.jpg
PIC_VIEWER source_cache action=evict bytes=1964948 uri=smb://dietpi.local/4tbp/Other/Makayla/VID_0159.jpg
PIC_VIEWER network_done lane=foreground read_ms=17 bytes=1254004 source=network outcome=ok uri=nfs://DietPi.local/mnt/4TBS/Spar%20Ladies%202025/FB-Spar%20Womens-ToUpload/DSC_5989.jpg
PIC_VIEWER decode_stage source_ms=17 cpu_ms=29 uri=nfs://DietPi.local/mnt/4TBS/Spar%20Ladies%202025/FB-Spar%20Womens-ToUpload/DSC_5989.jpg
PIC_VIEWER t_ms=17621 tid=ThreadId(68) decode_done uri=nfs://DietPi.local/mnt/4TBS/Spar%20Ladies%202025/FB-Spar%20Womens-ToUpload/DSC_5989.jpg variant=1124x794 elapsed_ms=49 outcome=ok
PIC_VIEWER t_ms=17622 tid=ThreadId(1) display_apply elapsed_ms=1 uri=nfs://DietPi.local/mnt/4TBS/Spar%20Ladies%202025/FB-Spar%20Womens-ToUpload/DSC_5989.jpg
PIC_VIEWER t_ms=17622 tid=ThreadId(1) display_done lane=foreground source=decode navigation_ms=50 uri=nfs://DietPi.local/mnt/4TBS/Spar%20Ladies%202025/FB-Spar%20Womens-ToUpload/DSC_5989.jpg
PIC_VIEWER t_ms=17622 tid=ThreadId(1) cache_evict uri=nfs://DietPi.local/mnt/4TBS/pics-sport/local%20choice/FB-Timestamp-JPG%20Upates/DSC_1372_result.jpg bytes=3372000 remaining_entries=32 remaining_bytes=106133816
PIC_VIEWER t_ms=17822 tid=ThreadId(1) request lane=prefetch action=new uri=nfs://DietPi.local/mnt/4TBS/Spar%20Ladies%202025/FB-Spar%20Womens-ToUpload/DSC_5990.jpg variant=1124x794
PIC_VIEWER t_ms=17822 tid=ThreadId(1) cache_hit lane=prefetch uri=nfs://DietPi.local/mnt/4TBS/Spar%20Ladies%202025/FB-Spar%20Womens-ToUpload/DSC_5988.jpg
PIC_VIEWER t_ms=17822 tid=ThreadId(69) decode_start uri=nfs://DietPi.local/mnt/4TBS/Spar%20Ladies%202025/FB-Spar%20Womens-ToUpload/DSC_5990.jpg variant=1124x794 queue_ms=0
PIC_VIEWER source_cache lane=prefetch action=miss uri=nfs://DietPi.local/mnt/4TBS/Spar%20Ladies%202025/FB-Spar%20Womens-ToUpload/DSC_5990.jpg
PIC_VIEWER network_slot lane=prefetch wait_ms=0 uri=nfs://DietPi.local/mnt/4TBS/Spar%20Ladies%202025/FB-Spar%20Womens-ToUpload/DSC_5990.jpg
PIC_NETWORK tid=ThreadId(69) PRIVATE_NFS export_cache_hit host=DietPi.local count=5
PIC_NETWORK tid=ThreadId(69) PRIVATE_NFS read_start uri=nfs://DietPi.local/mnt/4TBS/Spar%20Ladies%202025/FB-Spar%20Womens-ToUpload/DSC_5990.jpg max_bytes=134217728
PIC_NFS stage=read_session_lock elapsed_ms=0 tid=139845212063424 host=DietPi.local export=/mnt/4TBS relative=/Spar Ladies 2025/FB-Spar Womens-ToUpload/DSC_5990.jpg outcome=acquired
PIC_NFS_CONNECT reuse host=DietPi.local export=/mnt/4TBS
PIC_NFS stage=file_open elapsed_ms=2 tid=139845212063424 host=DietPi.local export=/mnt/4TBS relative=/Spar Ladies 2025/FB-Spar Womens-ToUpload/DSC_5990.jpg outcome=ok
PIC_NFS stage=rpc_read elapsed_ms=1 tid=139845212063424 host=DietPi.local export=/mnt/4TBS relative=/Spar Ladies 2025/FB-Spar Womens-ToUpload/DSC_5990.jpg iteration=1 outcome=ok bytes=65536 timedout_delta=0 retransmitted_delta=0 reconnects_delta=0
PIC_NFS stage=first_read elapsed_ms=1 tid=139845212063424 host=DietPi.local export=/mnt/4TBS relative=/Spar Ladies 2025/FB-Spar Womens-ToUpload/DSC_5990.jpg outcome=ok bytes=65536
PIC_NFS stage=rpc_read elapsed_ms=1 tid=139845212063424 host=DietPi.local export=/mnt/4TBS relative=/Spar Ladies 2025/FB-Spar Womens-ToUpload/DSC_5990.jpg iteration=2 outcome=ok bytes=65536 timedout_delta=0 retransmitted_delta=0 reconnects_delta=0
PIC_NFS stage=rpc_read elapsed_ms=2 tid=139845212063424 host=DietPi.local export=/mnt/4TBS relative=/Spar Ladies 2025/FB-Spar Womens-ToUpload/DSC_5990.jpg iteration=3 outcome=ok bytes=131072 timedout_delta=0 retransmitted_delta=0 reconnects_delta=0
PIC_NFS stage=rpc_read elapsed_ms=3 tid=139845212063424 host=DietPi.local export=/mnt/4TBS relative=/Spar Ladies 2025/FB-Spar Womens-ToUpload/DSC_5990.jpg iteration=4 outcome=ok bytes=262144 timedout_delta=0 retransmitted_delta=0 reconnects_delta=0
PIC_NFS stage=rpc_read elapsed_ms=6 tid=139845212063424 host=DietPi.local export=/mnt/4TBS relative=/Spar Ladies 2025/FB-Spar Womens-ToUpload/DSC_5990.jpg iteration=5 outcome=ok bytes=524288 timedout_delta=0 retransmitted_delta=0 reconnects_delta=0
PIC_NFS stage=rpc_read elapsed_ms=1 tid=139845212063424 host=DietPi.local export=/mnt/4TBS relative=/Spar Ladies 2025/FB-Spar Womens-ToUpload/DSC_5990.jpg iteration=6 outcome=ok bytes=132261 timedout_delta=0 retransmitted_delta=0 reconnects_delta=0
PIC_NFS stage=rpc_read elapsed_ms=1 tid=139845212063424 host=DietPi.local export=/mnt/4TBS relative=/Spar Ladies 2025/FB-Spar Womens-ToUpload/DSC_5990.jpg iteration=7 outcome=ok bytes=0 timedout_delta=0 retransmitted_delta=0 reconnects_delta=0
PIC_NFS stage=file_read_complete elapsed_ms=15 tid=139845212063424 host=DietPi.local export=/mnt/4TBS relative=/Spar Ladies 2025/FB-Spar Womens-ToUpload/DSC_5990.jpg outcome=ok bytes=1180837 calls=7
PIC_NETWORK tid=ThreadId(69) PRIVATE_NFS read_done bytes=1180837 elapsed_ms=16 uri=nfs://DietPi.local/mnt/4TBS/Spar%20Ladies%202025/FB-Spar%20Womens-ToUpload/DSC_5990.jpg
PIC_VIEWER source_cache action=insert bytes=1180837 uri=nfs://DietPi.local/mnt/4TBS/Spar%20Ladies%202025/FB-Spar%20Womens-ToUpload/DSC_5990.jpg
PIC_VIEWER source_cache action=evict bytes=1830782 uri=smb://dietpi.local/4tbp/Other/Makayla/VID_0160.jpg
PIC_VIEWER network_done lane=prefetch read_ms=16 bytes=1180837 source=network outcome=ok uri=nfs://DietPi.local/mnt/4TBS/Spar%20Ladies%202025/FB-Spar%20Womens-ToUpload/DSC_5990.jpg
PIC_VIEWER decode_stage source_ms=16 cpu_ms=28 uri=nfs://DietPi.local/mnt/4TBS/Spar%20Ladies%202025/FB-Spar%20Womens-ToUpload/DSC_5990.jpg
PIC_VIEWER t_ms=17870 tid=ThreadId(69) decode_done uri=nfs://DietPi.local/mnt/4TBS/Spar%20Ladies%202025/FB-Spar%20Womens-ToUpload/DSC_5990.jpg variant=1124x794 elapsed_ms=47 outcome=ok
PIC_VIEWER t_ms=17871 tid=ThreadId(1) cache_evict uri=nfs://DietPi.local/mnt/4TBS/pics-sport/local%20choice/FB-Timestamp-JPG%20Upates/DSC_1373_result.jpg bytes=3372000 remaining_entries=32 remaining_bytes=106133816
PIC_VIEWER t_ms=20773 tid=ThreadId(1) show_photo_request generation=50 index=410 uri=nfs://DietPi.local/mnt/4TBS/Spar%20Ladies%202025/FB-Spar%20Womens-ToUpload/DSC_6115.jpg
PIC_VIEWER t_ms=20773 tid=ThreadId(1) request lane=foreground action=new uri=nfs://DietPi.local/mnt/4TBS/Spar%20Ladies%202025/FB-Spar%20Womens-ToUpload/DSC_6115.jpg variant=1124x794
PIC_VIEWER t_ms=20773 tid=ThreadId(70) decode_start uri=nfs://DietPi.local/mnt/4TBS/Spar%20Ladies%202025/FB-Spar%20Womens-ToUpload/DSC_6115.jpg variant=1124x794 queue_ms=0
PIC_VIEWER source_cache lane=foreground action=miss uri=nfs://DietPi.local/mnt/4TBS/Spar%20Ladies%202025/FB-Spar%20Womens-ToUpload/DSC_6115.jpg
PIC_VIEWER network_slot lane=foreground wait_ms=0 uri=nfs://DietPi.local/mnt/4TBS/Spar%20Ladies%202025/FB-Spar%20Womens-ToUpload/DSC_6115.jpg
PIC_NETWORK tid=ThreadId(70) PRIVATE_NFS export_cache_hit host=DietPi.local count=5
PIC_NETWORK tid=ThreadId(70) PRIVATE_NFS read_start uri=nfs://DietPi.local/mnt/4TBS/Spar%20Ladies%202025/FB-Spar%20Womens-ToUpload/DSC_6115.jpg max_bytes=134217728
PIC_NFS stage=read_session_lock elapsed_ms=0 tid=139845212063424 host=DietPi.local export=/mnt/4TBS relative=/Spar Ladies 2025/FB-Spar Womens-ToUpload/DSC_6115.jpg outcome=acquired
PIC_NFS_CONNECT reuse host=DietPi.local export=/mnt/4TBS
PIC_NFS stage=file_open elapsed_ms=2 tid=139845212063424 host=DietPi.local export=/mnt/4TBS relative=/Spar Ladies 2025/FB-Spar Womens-ToUpload/DSC_6115.jpg outcome=ok
PIC_NFS stage=rpc_read elapsed_ms=24 tid=139845212063424 host=DietPi.local export=/mnt/4TBS relative=/Spar Ladies 2025/FB-Spar Womens-ToUpload/DSC_6115.jpg iteration=1 outcome=ok bytes=65536 timedout_delta=0 retransmitted_delta=0 reconnects_delta=0
PIC_NFS stage=first_read elapsed_ms=24 tid=139845212063424 host=DietPi.local export=/mnt/4TBS relative=/Spar Ladies 2025/FB-Spar Womens-ToUpload/DSC_6115.jpg outcome=ok bytes=65536
PIC_NFS stage=rpc_read elapsed_ms=2 tid=139845212063424 host=DietPi.local export=/mnt/4TBS relative=/Spar Ladies 2025/FB-Spar Womens-ToUpload/DSC_6115.jpg iteration=2 outcome=ok bytes=65536 timedout_delta=0 retransmitted_delta=0 reconnects_delta=0
PIC_NFS stage=rpc_read elapsed_ms=2 tid=139845212063424 host=DietPi.local export=/mnt/4TBS relative=/Spar Ladies 2025/FB-Spar Womens-ToUpload/DSC_6115.jpg iteration=3 outcome=ok bytes=131072 timedout_delta=0 retransmitted_delta=0 reconnects_delta=0
PIC_NFS stage=rpc_read elapsed_ms=4 tid=139845212063424 host=DietPi.local export=/mnt/4TBS relative=/Spar Ladies 2025/FB-Spar Womens-ToUpload/DSC_6115.jpg iteration=4 outcome=ok bytes=262144 timedout_delta=0 retransmitted_delta=0 reconnects_delta=0
PIC_NFS stage=rpc_read elapsed_ms=7 tid=139845212063424 host=DietPi.local export=/mnt/4TBS relative=/Spar Ladies 2025/FB-Spar Womens-ToUpload/DSC_6115.jpg iteration=5 outcome=ok bytes=524288 timedout_delta=0 retransmitted_delta=0 reconnects_delta=0
PIC_NFS stage=rpc_read elapsed_ms=1 tid=139845212063424 host=DietPi.local export=/mnt/4TBS relative=/Spar Ladies 2025/FB-Spar Womens-ToUpload/DSC_6115.jpg iteration=6 outcome=ok bytes=40555 timedout_delta=0 retransmitted_delta=0 reconnects_delta=0
PIC_NFS stage=rpc_read elapsed_ms=0 tid=139845212063424 host=DietPi.local export=/mnt/4TBS relative=/Spar Ladies 2025/FB-Spar Womens-ToUpload/DSC_6115.jpg iteration=7 outcome=ok bytes=0 timedout_delta=0 retransmitted_delta=0 reconnects_delta=0
PIC_NFS stage=file_read_complete elapsed_ms=40 tid=139845212063424 host=DietPi.local export=/mnt/4TBS relative=/Spar Ladies 2025/FB-Spar Womens-ToUpload/DSC_6115.jpg outcome=ok bytes=1089131 calls=7
PIC_NETWORK tid=ThreadId(70) PRIVATE_NFS read_done bytes=1089131 elapsed_ms=42 uri=nfs://DietPi.local/mnt/4TBS/Spar%20Ladies%202025/FB-Spar%20Womens-ToUpload/DSC_6115.jpg
PIC_VIEWER source_cache action=insert bytes=1089131 uri=nfs://DietPi.local/mnt/4TBS/Spar%20Ladies%202025/FB-Spar%20Womens-ToUpload/DSC_6115.jpg
PIC_VIEWER source_cache action=evict bytes=1372006 uri=smb://dietpi.local/4tbp/Other/Makayla/VID_0174.jpg
PIC_VIEWER network_done lane=foreground read_ms=42 bytes=1089131 source=network outcome=ok uri=nfs://DietPi.local/mnt/4TBS/Spar%20Ladies%202025/FB-Spar%20Womens-ToUpload/DSC_6115.jpg
PIC_VIEWER decode_stage source_ms=42 cpu_ms=27 uri=nfs://DietPi.local/mnt/4TBS/Spar%20Ladies%202025/FB-Spar%20Womens-ToUpload/DSC_6115.jpg
PIC_VIEWER t_ms=20846 tid=ThreadId(70) decode_done uri=nfs://DietPi.local/mnt/4TBS/Spar%20Ladies%202025/FB-Spar%20Womens-ToUpload/DSC_6115.jpg variant=1124x794 elapsed_ms=72 outcome=ok
PIC_VIEWER t_ms=20847 tid=ThreadId(1) display_apply elapsed_ms=0 uri=nfs://DietPi.local/mnt/4TBS/Spar%20Ladies%202025/FB-Spar%20Womens-ToUpload/DSC_6115.jpg
PIC_VIEWER t_ms=20847 tid=ThreadId(1) display_done lane=foreground source=decode navigation_ms=73 uri=nfs://DietPi.local/mnt/4TBS/Spar%20Ladies%202025/FB-Spar%20Womens-ToUpload/DSC_6115.jpg
PIC_VIEWER t_ms=20847 tid=ThreadId(1) cache_evict uri=nfs://DietPi.local/mnt/4TBS/Spar%20Ladies%202025/10km/DSC_5710.jpg bytes=3372000 remaining_entries=32 remaining_bytes=106133816
PIC_VIEWER t_ms=21161 tid=ThreadId(1) wheel_event dy=1
PIC_VIEWER t_ms=21161 tid=ThreadId(1) navigation_dispatch source=wheel from_index=410 to_index=411 direction=1
PIC_VIEWER t_ms=21161 tid=ThreadId(1) infobar_update source=wheel index=411 uri=nfs://DietPi.local/mnt/4TBS/Spar%20Ladies%202025/FB-Spar%20Womens-ToUpload/DSC_6116.jpg
PIC_VIEWER t_ms=21162 tid=ThreadId(1) show_photo_request generation=51 index=411 uri=nfs://DietPi.local/mnt/4TBS/Spar%20Ladies%202025/FB-Spar%20Womens-ToUpload/DSC_6116.jpg
PIC_VIEWER t_ms=21162 tid=ThreadId(1) request lane=foreground action=new uri=nfs://DietPi.local/mnt/4TBS/Spar%20Ladies%202025/FB-Spar%20Womens-ToUpload/DSC_6116.jpg variant=1124x794
PIC_VIEWER t_ms=21162 tid=ThreadId(71) decode_start uri=nfs://DietPi.local/mnt/4TBS/Spar%20Ladies%202025/FB-Spar%20Womens-ToUpload/DSC_6116.jpg variant=1124x794 queue_ms=0
PIC_VIEWER source_cache lane=foreground action=miss uri=nfs://DietPi.local/mnt/4TBS/Spar%20Ladies%202025/FB-Spar%20Womens-ToUpload/DSC_6116.jpg
PIC_VIEWER network_slot lane=foreground wait_ms=0 uri=nfs://DietPi.local/mnt/4TBS/Spar%20Ladies%202025/FB-Spar%20Womens-ToUpload/DSC_6116.jpg
PIC_NETWORK tid=ThreadId(71) PRIVATE_NFS export_cache_hit host=DietPi.local count=5
PIC_NETWORK tid=ThreadId(71) PRIVATE_NFS read_start uri=nfs://DietPi.local/mnt/4TBS/Spar%20Ladies%202025/FB-Spar%20Womens-ToUpload/DSC_6116.jpg max_bytes=134217728
PIC_NFS stage=read_session_lock elapsed_ms=0 tid=139845212063424 host=DietPi.local export=/mnt/4TBS relative=/Spar Ladies 2025/FB-Spar Womens-ToUpload/DSC_6116.jpg outcome=acquired
PIC_NFS_CONNECT reuse host=DietPi.local export=/mnt/4TBS
PIC_NFS stage=file_open elapsed_ms=2 tid=139845212063424 host=DietPi.local export=/mnt/4TBS relative=/Spar Ladies 2025/FB-Spar Womens-ToUpload/DSC_6116.jpg outcome=ok
PIC_NFS stage=rpc_read elapsed_ms=10 tid=139845212063424 host=DietPi.local export=/mnt/4TBS relative=/Spar Ladies 2025/FB-Spar Womens-ToUpload/DSC_6116.jpg iteration=1 outcome=ok bytes=65536 timedout_delta=0 retransmitted_delta=0 reconnects_delta=0
PIC_NFS stage=first_read elapsed_ms=10 tid=139845212063424 host=DietPi.local export=/mnt/4TBS relative=/Spar Ladies 2025/FB-Spar Womens-ToUpload/DSC_6116.jpg outcome=ok bytes=65536
PIC_NFS stage=rpc_read elapsed_ms=1 tid=139845212063424 host=DietPi.local export=/mnt/4TBS relative=/Spar Ladies 2025/FB-Spar Womens-ToUpload/DSC_6116.jpg iteration=2 outcome=ok bytes=65536 timedout_delta=0 retransmitted_delta=0 reconnects_delta=0
PIC_VIEWER t_ms=21177 tid=ThreadId(1) wheel_event dy=1
PIC_VIEWER t_ms=21177 tid=ThreadId(1) wheel_accumulate current_index=411 target_index=412 direction=1
PIC_NFS stage=rpc_read elapsed_ms=2 tid=139845212063424 host=DietPi.local export=/mnt/4TBS relative=/Spar Ladies 2025/FB-Spar Womens-ToUpload/DSC_6116.jpg iteration=3 outcome=ok bytes=131072 timedout_delta=0 retransmitted_delta=0 reconnects_delta=0
PIC_NFS stage=rpc_read elapsed_ms=4 tid=139845212063424 host=DietPi.local export=/mnt/4TBS relative=/Spar Ladies 2025/FB-Spar Womens-ToUpload/DSC_6116.jpg iteration=4 outcome=ok bytes=262144 timedout_delta=0 retransmitted_delta=0 reconnects_delta=0
PIC_NFS stage=rpc_read elapsed_ms=7 tid=139845212063424 host=DietPi.local export=/mnt/4TBS relative=/Spar Ladies 2025/FB-Spar Womens-ToUpload/DSC_6116.jpg iteration=5 outcome=ok bytes=524288 timedout_delta=0 retransmitted_delta=0 reconnects_delta=0
PIC_NFS stage=rpc_read elapsed_ms=2 tid=139845212063424 host=DietPi.local export=/mnt/4TBS relative=/Spar Ladies 2025/FB-Spar Womens-ToUpload/DSC_6116.jpg iteration=6 outcome=ok bytes=150570 timedout_delta=0 retransmitted_delta=0 reconnects_delta=0
PIC_NFS stage=rpc_read elapsed_ms=1 tid=139845212063424 host=DietPi.local export=/mnt/4TBS relative=/Spar Ladies 2025/FB-Spar Womens-ToUpload/DSC_6116.jpg iteration=7 outcome=ok bytes=0 timedout_delta=0 retransmitted_delta=0 reconnects_delta=0
PIC_NFS stage=file_read_complete elapsed_ms=27 tid=139845212063424 host=DietPi.local export=/mnt/4TBS relative=/Spar Ladies 2025/FB-Spar Womens-ToUpload/DSC_6116.jpg outcome=ok bytes=1199146 calls=7
PIC_NETWORK tid=ThreadId(71) PRIVATE_NFS read_done bytes=1199146 elapsed_ms=28 uri=nfs://DietPi.local/mnt/4TBS/Spar%20Ladies%202025/FB-Spar%20Womens-ToUpload/DSC_6116.jpg
PIC_VIEWER source_cache action=insert bytes=1199146 uri=nfs://DietPi.local/mnt/4TBS/Spar%20Ladies%202025/FB-Spar%20Womens-ToUpload/DSC_6116.jpg
PIC_VIEWER source_cache action=evict bytes=1578155 uri=smb://dietpi.local/4tbp/Other/Makayla/VID_0186.jpg
PIC_VIEWER network_done lane=foreground read_ms=29 bytes=1199146 source=network outcome=ok uri=nfs://DietPi.local/mnt/4TBS/Spar%20Ladies%202025/FB-Spar%20Womens-ToUpload/DSC_6116.jpg
PIC_VIEWER t_ms=21193 tid=ThreadId(1) wheel_event dy=1
PIC_VIEWER t_ms=21193 tid=ThreadId(1) wheel_accumulate current_index=411 target_index=413 direction=1
PIC_VIEWER decode_stage source_ms=29 cpu_ms=27 uri=nfs://DietPi.local/mnt/4TBS/Spar%20Ladies%202025/FB-Spar%20Womens-ToUpload/DSC_6116.jpg
PIC_VIEWER t_ms=21222 tid=ThreadId(71) decode_done uri=nfs://DietPi.local/mnt/4TBS/Spar%20Ladies%202025/FB-Spar%20Womens-ToUpload/DSC_6116.jpg variant=1124x794 elapsed_ms=59 outcome=ok
PIC_VIEWER t_ms=21224 tid=ThreadId(1) display_apply elapsed_ms=1 uri=nfs://DietPi.local/mnt/4TBS/Spar%20Ladies%202025/FB-Spar%20Womens-ToUpload/DSC_6116.jpg
PIC_VIEWER t_ms=21224 tid=ThreadId(1) display_done lane=foreground source=decode navigation_ms=61 uri=nfs://DietPi.local/mnt/4TBS/Spar%20Ladies%202025/FB-Spar%20Womens-ToUpload/DSC_6116.jpg
PIC_VIEWER t_ms=21224 tid=ThreadId(1) cache_evict uri=nfs://DietPi.local/mnt/4TBS/pics-sport/local%20choice/FB-Timestamp-JPG%20Upates/DSC_1374_result.jpg bytes=3372000 remaining_entries=32 remaining_bytes=106133816
PIC_VIEWER t_ms=21224 tid=ThreadId(1) navigation_dispatch source=wheel_coalesced from_index=411 to_index=413 direction=1
PIC_VIEWER t_ms=21224 tid=ThreadId(1) infobar_update source=wheel index=413 uri=nfs://DietPi.local/mnt/4TBS/Spar%20Ladies%202025/FB-Spar%20Womens-ToUpload/DSC_6118.jpg
PIC_VIEWER t_ms=21224 tid=ThreadId(1) show_photo_request generation=52 index=413 uri=nfs://DietPi.local/mnt/4TBS/Spar%20Ladies%202025/FB-Spar%20Womens-ToUpload/DSC_6118.jpg
PIC_VIEWER t_ms=21224 tid=ThreadId(1) request lane=foreground action=new uri=nfs://DietPi.local/mnt/4TBS/Spar%20Ladies%202025/FB-Spar%20Womens-ToUpload/DSC_6118.jpg variant=1124x794
PIC_VIEWER t_ms=21224 tid=ThreadId(72) decode_start uri=nfs://DietPi.local/mnt/4TBS/Spar%20Ladies%202025/FB-Spar%20Womens-ToUpload/DSC_6118.jpg variant=1124x794 queue_ms=0
PIC_VIEWER source_cache lane=foreground action=miss uri=nfs://DietPi.local/mnt/4TBS/Spar%20Ladies%202025/FB-Spar%20Womens-ToUpload/DSC_6118.jpg
PIC_VIEWER network_slot lane=foreground wait_ms=0 uri=nfs://DietPi.local/mnt/4TBS/Spar%20Ladies%202025/FB-Spar%20Womens-ToUpload/DSC_6118.jpg
PIC_NETWORK tid=ThreadId(72) PRIVATE_NFS export_cache_hit host=DietPi.local count=5
PIC_NETWORK tid=ThreadId(72) PRIVATE_NFS read_start uri=nfs://DietPi.local/mnt/4TBS/Spar%20Ladies%202025/FB-Spar%20Womens-ToUpload/DSC_6118.jpg max_bytes=134217728
PIC_NFS stage=read_session_lock elapsed_ms=0 tid=139845212063424 host=DietPi.local export=/mnt/4TBS relative=/Spar Ladies 2025/FB-Spar Womens-ToUpload/DSC_6118.jpg outcome=acquired
PIC_NFS_CONNECT reuse host=DietPi.local export=/mnt/4TBS
PIC_VIEWER t_ms=21225 tid=ThreadId(1) wheel_event dy=1
PIC_VIEWER t_ms=21225 tid=ThreadId(1) wheel_accumulate current_index=413 target_index=414 direction=1
PIC_NFS stage=file_open elapsed_ms=2 tid=139845212063424 host=DietPi.local export=/mnt/4TBS relative=/Spar Ladies 2025/FB-Spar Womens-ToUpload/DSC_6118.jpg outcome=ok
PIC_NFS stage=rpc_read elapsed_ms=1 tid=139845212063424 host=DietPi.local export=/mnt/4TBS relative=/Spar Ladies 2025/FB-Spar Womens-ToUpload/DSC_6118.jpg iteration=1 outcome=ok bytes=65536 timedout_delta=0 retransmitted_delta=0 reconnects_delta=0
PIC_NFS stage=first_read elapsed_ms=1 tid=139845212063424 host=DietPi.local export=/mnt/4TBS relative=/Spar Ladies 2025/FB-Spar Womens-ToUpload/DSC_6118.jpg outcome=ok bytes=65536
PIC_NFS stage=rpc_read elapsed_ms=2 tid=139845212063424 host=DietPi.local export=/mnt/4TBS relative=/Spar Ladies 2025/FB-Spar Womens-ToUpload/DSC_6118.jpg iteration=2 outcome=ok bytes=65536 timedout_delta=0 retransmitted_delta=0 reconnects_delta=0
PIC_NFS stage=rpc_read elapsed_ms=1 tid=139845212063424 host=DietPi.local export=/mnt/4TBS relative=/Spar Ladies 2025/FB-Spar Womens-ToUpload/DSC_6118.jpg iteration=3 outcome=ok bytes=131072 timedout_delta=0 retransmitted_delta=0 reconnects_delta=0
PIC_NFS stage=rpc_read elapsed_ms=4 tid=139845212063424 host=DietPi.local export=/mnt/4TBS relative=/Spar Ladies 2025/FB-Spar Womens-ToUpload/DSC_6118.jpg iteration=4 outcome=ok bytes=262144 timedout_delta=0 retransmitted_delta=0 reconnects_delta=0
PIC_NFS stage=rpc_read elapsed_ms=7 tid=139845212063424 host=DietPi.local export=/mnt/4TBS relative=/Spar Ladies 2025/FB-Spar Womens-ToUpload/DSC_6118.jpg iteration=5 outcome=ok bytes=524288 timedout_delta=0 retransmitted_delta=0 reconnects_delta=0
PIC_VIEWER t_ms=21241 tid=ThreadId(1) wheel_event dy=1
PIC_VIEWER t_ms=21241 tid=ThreadId(1) wheel_accumulate current_index=413 target_index=415 direction=1
PIC_NFS stage=rpc_read elapsed_ms=1 tid=139845212063424 host=DietPi.local export=/mnt/4TBS relative=/Spar Ladies 2025/FB-Spar Womens-ToUpload/DSC_6118.jpg iteration=6 outcome=ok bytes=88813 timedout_delta=0 retransmitted_delta=0 reconnects_delta=0
PIC_NFS stage=rpc_read elapsed_ms=1 tid=139845212063424 host=DietPi.local export=/mnt/4TBS relative=/Spar Ladies 2025/FB-Spar Womens-ToUpload/DSC_6118.jpg iteration=7 outcome=ok bytes=0 timedout_delta=0 retransmitted_delta=0 reconnects_delta=0
PIC_NFS stage=file_read_complete elapsed_ms=17 tid=139845212063424 host=DietPi.local export=/mnt/4TBS relative=/Spar Ladies 2025/FB-Spar Womens-ToUpload/DSC_6118.jpg outcome=ok bytes=1137389 calls=7
PIC_NETWORK tid=ThreadId(72) PRIVATE_NFS read_done bytes=1137389 elapsed_ms=18 uri=nfs://DietPi.local/mnt/4TBS/Spar%20Ladies%202025/FB-Spar%20Womens-ToUpload/DSC_6118.jpg
PIC_VIEWER source_cache action=insert bytes=1137389 uri=nfs://DietPi.local/mnt/4TBS/Spar%20Ladies%202025/FB-Spar%20Womens-ToUpload/DSC_6118.jpg
PIC_VIEWER source_cache action=evict bytes=1232261 uri=nfs://DietPi.local/mnt/4TBS/Spar%20Ladies%202025/FB-Spar%20Womens-ToUpload/DSC_5683.jpg
PIC_VIEWER network_done lane=foreground read_ms=19 bytes=1137389 source=network outcome=ok uri=nfs://DietPi.local/mnt/4TBS/Spar%20Ladies%202025/FB-Spar%20Womens-ToUpload/DSC_6118.jpg
PIC_VIEWER t_ms=21257 tid=ThreadId(1) wheel_event dy=1
PIC_VIEWER t_ms=21257 tid=ThreadId(1) wheel_accumulate current_index=413 target_index=416 direction=1
PIC_VIEWER decode_stage source_ms=19 cpu_ms=26 uri=nfs://DietPi.local/mnt/4TBS/Spar%20Ladies%202025/FB-Spar%20Womens-ToUpload/DSC_6118.jpg
PIC_VIEWER t_ms=21273 tid=ThreadId(72) decode_done uri=nfs://DietPi.local/mnt/4TBS/Spar%20Ladies%202025/FB-Spar%20Womens-ToUpload/DSC_6118.jpg variant=1124x794 elapsed_ms=48 outcome=ok
PIC_VIEWER t_ms=21274 tid=ThreadId(1) display_apply elapsed_ms=1 uri=nfs://DietPi.local/mnt/4TBS/Spar%20Ladies%202025/FB-Spar%20Womens-ToUpload/DSC_6118.jpg
PIC_VIEWER t_ms=21274 tid=ThreadId(1) display_done lane=foreground source=decode navigation_ms=49 uri=nfs://DietPi.local/mnt/4TBS/Spar%20Ladies%202025/FB-Spar%20Womens-ToUpload/DSC_6118.jpg
PIC_VIEWER t_ms=21274 tid=ThreadId(1) cache_evict uri=nfs://DietPi.local/mnt/4TBS/Spar%20Ladies%202025/10km/DSC_5727.jpg bytes=3372000 remaining_entries=32 remaining_bytes=106133816
PIC_VIEWER t_ms=21274 tid=ThreadId(1) navigation_dispatch source=wheel_coalesced from_index=413 to_index=416 direction=1
PIC_VIEWER t_ms=21274 tid=ThreadId(1) infobar_update source=wheel index=416 uri=nfs://DietPi.local/mnt/4TBS/Spar%20Ladies%202025/FB-Spar%20Womens-ToUpload/DSC_6121.jpg
PIC_VIEWER t_ms=21274 tid=ThreadId(1) show_photo_request generation=53 index=416 uri=nfs://DietPi.local/mnt/4TBS/Spar%20Ladies%202025/FB-Spar%20Womens-ToUpload/DSC_6121.jpg
PIC_VIEWER t_ms=21274 tid=ThreadId(1) request lane=foreground action=new uri=nfs://DietPi.local/mnt/4TBS/Spar%20Ladies%202025/FB-Spar%20Womens-ToUpload/DSC_6121.jpg variant=1124x794
PIC_VIEWER t_ms=21274 tid=ThreadId(73) decode_start uri=nfs://DietPi.local/mnt/4TBS/Spar%20Ladies%202025/FB-Spar%20Womens-ToUpload/DSC_6121.jpg variant=1124x794 queue_ms=0
PIC_VIEWER source_cache lane=foreground action=miss uri=nfs://DietPi.local/mnt/4TBS/Spar%20Ladies%202025/FB-Spar%20Womens-ToUpload/DSC_6121.jpg
PIC_VIEWER network_slot lane=foreground wait_ms=0 uri=nfs://DietPi.local/mnt/4TBS/Spar%20Ladies%202025/FB-Spar%20Womens-ToUpload/DSC_6121.jpg
PIC_NETWORK tid=ThreadId(73) PRIVATE_NFS export_cache_hit host=DietPi.local count=5
PIC_NETWORK tid=ThreadId(73) PRIVATE_NFS read_start uri=nfs://DietPi.local/mnt/4TBS/Spar%20Ladies%202025/FB-Spar%20Womens-ToUpload/DSC_6121.jpg max_bytes=134217728
PIC_NFS stage=read_session_lock elapsed_ms=0 tid=139845212063424 host=DietPi.local export=/mnt/4TBS relative=/Spar Ladies 2025/FB-Spar Womens-ToUpload/DSC_6121.jpg outcome=acquired
PIC_NFS_CONNECT reuse host=DietPi.local export=/mnt/4TBS
PIC_NFS stage=file_open elapsed_ms=2 tid=139845212063424 host=DietPi.local export=/mnt/4TBS relative=/Spar Ladies 2025/FB-Spar Womens-ToUpload/DSC_6121.jpg outcome=ok
PIC_NFS stage=rpc_read elapsed_ms=17 tid=139845212063424 host=DietPi.local export=/mnt/4TBS relative=/Spar Ladies 2025/FB-Spar Womens-ToUpload/DSC_6121.jpg iteration=1 outcome=ok bytes=65536 timedout_delta=0 retransmitted_delta=0 reconnects_delta=0
PIC_NFS stage=first_read elapsed_ms=17 tid=139845212063424 host=DietPi.local export=/mnt/4TBS relative=/Spar Ladies 2025/FB-Spar Womens-ToUpload/DSC_6121.jpg outcome=ok bytes=65536
PIC_NFS stage=rpc_read elapsed_ms=1 tid=139845212063424 host=DietPi.local export=/mnt/4TBS relative=/Spar Ladies 2025/FB-Spar Womens-ToUpload/DSC_6121.jpg iteration=2 outcome=ok bytes=65536 timedout_delta=0 retransmitted_delta=0 reconnects_delta=0
PIC_NFS stage=rpc_read elapsed_ms=2 tid=139845212063424 host=DietPi.local export=/mnt/4TBS relative=/Spar Ladies 2025/FB-Spar Womens-ToUpload/DSC_6121.jpg iteration=3 outcome=ok bytes=131072 timedout_delta=0 retransmitted_delta=0 reconnects_delta=0
PIC_NFS stage=rpc_read elapsed_ms=4 tid=139845212063424 host=DietPi.local export=/mnt/4TBS relative=/Spar Ladies 2025/FB-Spar Womens-ToUpload/DSC_6121.jpg iteration=4 outcome=ok bytes=262144 timedout_delta=0 retransmitted_delta=0 reconnects_delta=0
PIC_NFS stage=rpc_read elapsed_ms=7 tid=139845212063424 host=DietPi.local export=/mnt/4TBS relative=/Spar Ladies 2025/FB-Spar Womens-ToUpload/DSC_6121.jpg iteration=5 outcome=ok bytes=524288 timedout_delta=0 retransmitted_delta=0 reconnects_delta=0
PIC_NFS stage=rpc_read elapsed_ms=3 tid=139845212063424 host=DietPi.local export=/mnt/4TBS relative=/Spar Ladies 2025/FB-Spar Womens-ToUpload/DSC_6121.jpg iteration=6 outcome=ok bytes=232868 timedout_delta=0 retransmitted_delta=0 reconnects_delta=0
PIC_NFS stage=rpc_read elapsed_ms=0 tid=139845212063424 host=DietPi.local export=/mnt/4TBS relative=/Spar Ladies 2025/FB-Spar Womens-ToUpload/DSC_6121.jpg iteration=7 outcome=ok bytes=0 timedout_delta=0 retransmitted_delta=0 reconnects_delta=0
PIC_NFS stage=file_read_complete elapsed_ms=35 tid=139845212063424 host=DietPi.local export=/mnt/4TBS relative=/Spar Ladies 2025/FB-Spar Womens-ToUpload/DSC_6121.jpg outcome=ok bytes=1281444 calls=7
PIC_NETWORK tid=ThreadId(73) PRIVATE_NFS read_done bytes=1281444 elapsed_ms=37 uri=nfs://DietPi.local/mnt/4TBS/Spar%20Ladies%202025/FB-Spar%20Womens-ToUpload/DSC_6121.jpg
PIC_VIEWER source_cache action=insert bytes=1281444 uri=nfs://DietPi.local/mnt/4TBS/Spar%20Ladies%202025/FB-Spar%20Womens-ToUpload/DSC_6121.jpg
PIC_VIEWER source_cache action=evict bytes=1238343 uri=nfs://DietPi.local/mnt/4TBS/Spar%20Ladies%202025/FB-Spar%20Womens-ToUpload/DSC_5699.jpg
PIC_VIEWER network_done lane=foreground read_ms=37 bytes=1281444 source=network outcome=ok uri=nfs://DietPi.local/mnt/4TBS/Spar%20Ladies%202025/FB-Spar%20Womens-ToUpload/DSC_6121.jpg
PIC_VIEWER t_ms=21321 tid=ThreadId(1) wheel_event dy=1
PIC_VIEWER t_ms=21321 tid=ThreadId(1) wheel_accumulate current_index=416 target_index=417 direction=1
PIC_VIEWER decode_stage source_ms=37 cpu_ms=27 uri=nfs://DietPi.local/mnt/4TBS/Spar%20Ladies%202025/FB-Spar%20Womens-ToUpload/DSC_6121.jpg
PIC_VIEWER t_ms=21342 tid=ThreadId(73) decode_done uri=nfs://DietPi.local/mnt/4TBS/Spar%20Ladies%202025/FB-Spar%20Womens-ToUpload/DSC_6121.jpg variant=1124x794 elapsed_ms=67 outcome=ok
PIC_VIEWER t_ms=21343 tid=ThreadId(1) display_apply elapsed_ms=0 uri=nfs://DietPi.local/mnt/4TBS/Spar%20Ladies%202025/FB-Spar%20Womens-ToUpload/DSC_6121.jpg
PIC_VIEWER t_ms=21343 tid=ThreadId(1) display_done lane=foreground source=decode navigation_ms=68 uri=nfs://DietPi.local/mnt/4TBS/Spar%20Ladies%202025/FB-Spar%20Womens-ToUpload/DSC_6121.jpg
PIC_VIEWER t_ms=21343 tid=ThreadId(1) cache_evict uri=nfs://DietPi.local/mnt/4TBS/Spar%20Ladies%202025/10km/DSC_5733.jpg bytes=3372000 remaining_entries=32 remaining_bytes=106133816
PIC_VIEWER t_ms=21343 tid=ThreadId(1) navigation_dispatch source=wheel_coalesced from_index=416 to_index=417 direction=1
PIC_VIEWER t_ms=21343 tid=ThreadId(1) infobar_update source=wheel index=417 uri=nfs://DietPi.local/mnt/4TBS/Spar%20Ladies%202025/FB-Spar%20Womens-ToUpload/DSC_6122.jpg
PIC_VIEWER t_ms=21344 tid=ThreadId(1) show_photo_request generation=54 index=417 uri=nfs://DietPi.local/mnt/4TBS/Spar%20Ladies%202025/FB-Spar%20Womens-ToUpload/DSC_6122.jpg
PIC_VIEWER t_ms=21344 tid=ThreadId(1) request lane=foreground action=new uri=nfs://DietPi.local/mnt/4TBS/Spar%20Ladies%202025/FB-Spar%20Womens-ToUpload/DSC_6122.jpg variant=1124x794
PIC_VIEWER t_ms=21344 tid=ThreadId(74) decode_start uri=nfs://DietPi.local/mnt/4TBS/Spar%20Ladies%202025/FB-Spar%20Womens-ToUpload/DSC_6122.jpg variant=1124x794 queue_ms=0
PIC_VIEWER source_cache lane=foreground action=miss uri=nfs://DietPi.local/mnt/4TBS/Spar%20Ladies%202025/FB-Spar%20Womens-ToUpload/DSC_6122.jpg
PIC_VIEWER network_slot lane=foreground wait_ms=0 uri=nfs://DietPi.local/mnt/4TBS/Spar%20Ladies%202025/FB-Spar%20Womens-ToUpload/DSC_6122.jpg
PIC_NETWORK tid=ThreadId(74) PRIVATE_NFS export_cache_hit host=DietPi.local count=5
PIC_NETWORK tid=ThreadId(74) PRIVATE_NFS read_start uri=nfs://DietPi.local/mnt/4TBS/Spar%20Ladies%202025/FB-Spar%20Womens-ToUpload/DSC_6122.jpg max_bytes=134217728
PIC_NFS stage=read_session_lock elapsed_ms=0 tid=139845212063424 host=DietPi.local export=/mnt/4TBS relative=/Spar Ladies 2025/FB-Spar Womens-ToUpload/DSC_6122.jpg outcome=acquired
PIC_NFS_CONNECT reuse host=DietPi.local export=/mnt/4TBS
PIC_NFS stage=file_open elapsed_ms=1 tid=139845212063424 host=DietPi.local export=/mnt/4TBS relative=/Spar Ladies 2025/FB-Spar Womens-ToUpload/DSC_6122.jpg outcome=ok
PIC_NFS stage=rpc_read elapsed_ms=15 tid=139845212063424 host=DietPi.local export=/mnt/4TBS relative=/Spar Ladies 2025/FB-Spar Womens-ToUpload/DSC_6122.jpg iteration=1 outcome=ok bytes=65536 timedout_delta=0 retransmitted_delta=0 reconnects_delta=0
PIC_NFS stage=first_read elapsed_ms=15 tid=139845212063424 host=DietPi.local export=/mnt/4TBS relative=/Spar Ladies 2025/FB-Spar Womens-ToUpload/DSC_6122.jpg outcome=ok bytes=65536
PIC_NFS stage=rpc_read elapsed_ms=1 tid=139845212063424 host=DietPi.local export=/mnt/4TBS relative=/Spar Ladies 2025/FB-Spar Womens-ToUpload/DSC_6122.jpg iteration=2 outcome=ok bytes=65536 timedout_delta=0 retransmitted_delta=0 reconnects_delta=0
PIC_NFS stage=rpc_read elapsed_ms=2 tid=139845212063424 host=DietPi.local export=/mnt/4TBS relative=/Spar Ladies 2025/FB-Spar Womens-ToUpload/DSC_6122.jpg iteration=3 outcome=ok bytes=131072 timedout_delta=0 retransmitted_delta=0 reconnects_delta=0
PIC_NFS stage=rpc_read elapsed_ms=4 tid=139845212063424 host=DietPi.local export=/mnt/4TBS relative=/Spar Ladies 2025/FB-Spar Womens-ToUpload/DSC_6122.jpg iteration=4 outcome=ok bytes=262144 timedout_delta=0 retransmitted_delta=0 reconnects_delta=0
PIC_NFS stage=rpc_read elapsed_ms=8 tid=139845212063424 host=DietPi.local export=/mnt/4TBS relative=/Spar Ladies 2025/FB-Spar Womens-ToUpload/DSC_6122.jpg iteration=5 outcome=ok bytes=524288 timedout_delta=0 retransmitted_delta=0 reconnects_delta=0
PIC_NFS stage=rpc_read elapsed_ms=5 tid=139845212063424 host=DietPi.local export=/mnt/4TBS relative=/Spar Ladies 2025/FB-Spar Womens-ToUpload/DSC_6122.jpg iteration=6 outcome=ok bytes=351697 timedout_delta=0 retransmitted_delta=0 reconnects_delta=0
PIC_NFS stage=rpc_read elapsed_ms=0 tid=139845212063424 host=DietPi.local export=/mnt/4TBS relative=/Spar Ladies 2025/FB-Spar Womens-ToUpload/DSC_6122.jpg iteration=7 outcome=ok bytes=0 timedout_delta=0 retransmitted_delta=0 reconnects_delta=0
PIC_NFS stage=file_read_complete elapsed_ms=35 tid=139845212063424 host=DietPi.local export=/mnt/4TBS relative=/Spar Ladies 2025/FB-Spar Womens-ToUpload/DSC_6122.jpg outcome=ok bytes=1400273 calls=7
PIC_NETWORK tid=ThreadId(74) PRIVATE_NFS read_done bytes=1400273 elapsed_ms=36 uri=nfs://DietPi.local/mnt/4TBS/Spar%20Ladies%202025/FB-Spar%20Womens-ToUpload/DSC_6122.jpg
PIC_VIEWER source_cache action=insert bytes=1400273 uri=nfs://DietPi.local/mnt/4TBS/Spar%20Ladies%202025/FB-Spar%20Womens-ToUpload/DSC_6122.jpg
PIC_VIEWER source_cache action=evict bytes=1080349 uri=nfs://DietPi.local/mnt/4TBS/Spar%20Ladies%202025/FB-Spar%20Womens-ToUpload/DSC_5708.jpg
PIC_VIEWER network_done lane=foreground read_ms=36 bytes=1400273 source=network outcome=ok uri=nfs://DietPi.local/mnt/4TBS/Spar%20Ladies%202025/FB-Spar%20Womens-ToUpload/DSC_6122.jpg
PIC_VIEWER t_ms=21385 tid=ThreadId(1) wheel_event dy=1
PIC_VIEWER t_ms=21385 tid=ThreadId(1) wheel_accumulate current_index=417 target_index=418 direction=1
PIC_VIEWER decode_stage source_ms=36 cpu_ms=29 uri=nfs://DietPi.local/mnt/4TBS/Spar%20Ladies%202025/FB-Spar%20Womens-ToUpload/DSC_6122.jpg
PIC_VIEWER t_ms=21413 tid=ThreadId(74) decode_done uri=nfs://DietPi.local/mnt/4TBS/Spar%20Ladies%202025/FB-Spar%20Womens-ToUpload/DSC_6122.jpg variant=1124x794 elapsed_ms=68 outcome=ok
PIC_VIEWER t_ms=21414 tid=ThreadId(1) display_apply elapsed_ms=1 uri=nfs://DietPi.local/mnt/4TBS/Spar%20Ladies%202025/FB-Spar%20Womens-ToUpload/DSC_6122.jpg
PIC_VIEWER t_ms=21414 tid=ThreadId(1) display_done lane=foreground source=decode navigation_ms=70 uri=nfs://DietPi.local/mnt/4TBS/Spar%20Ladies%202025/FB-Spar%20Womens-ToUpload/DSC_6122.jpg
PIC_VIEWER t_ms=21414 tid=ThreadId(1) cache_evict uri=nfs://DietPi.local/mnt/4TBS/Spar%20Ladies%202025/10km/DSC_5823.jpg bytes=3372000 remaining_entries=32 remaining_bytes=106133816
PIC_VIEWER t_ms=21414 tid=ThreadId(1) navigation_dispatch source=wheel_coalesced from_index=417 to_index=418 direction=1
PIC_VIEWER t_ms=21414 tid=ThreadId(1) infobar_update source=wheel index=418 uri=nfs://DietPi.local/mnt/4TBS/Spar%20Ladies%202025/FB-Spar%20Womens-ToUpload/DSC_6123.jpg
PIC_VIEWER t_ms=21414 tid=ThreadId(1) show_photo_request generation=55 index=418 uri=nfs://DietPi.local/mnt/4TBS/Spar%20Ladies%202025/FB-Spar%20Womens-ToUpload/DSC_6123.jpg
PIC_VIEWER t_ms=21414 tid=ThreadId(1) request lane=foreground action=new uri=nfs://DietPi.local/mnt/4TBS/Spar%20Ladies%202025/FB-Spar%20Womens-ToUpload/DSC_6123.jpg variant=1124x794
PIC_VIEWER t_ms=21414 tid=ThreadId(75) decode_start uri=nfs://DietPi.local/mnt/4TBS/Spar%20Ladies%202025/FB-Spar%20Womens-ToUpload/DSC_6123.jpg variant=1124x794 queue_ms=0
PIC_VIEWER source_cache lane=foreground action=miss uri=nfs://DietPi.local/mnt/4TBS/Spar%20Ladies%202025/FB-Spar%20Womens-ToUpload/DSC_6123.jpg
PIC_VIEWER network_slot lane=foreground wait_ms=0 uri=nfs://DietPi.local/mnt/4TBS/Spar%20Ladies%202025/FB-Spar%20Womens-ToUpload/DSC_6123.jpg
PIC_NETWORK tid=ThreadId(75) PRIVATE_NFS export_cache_hit host=DietPi.local count=5
PIC_NETWORK tid=ThreadId(75) PRIVATE_NFS read_start uri=nfs://DietPi.local/mnt/4TBS/Spar%20Ladies%202025/FB-Spar%20Womens-ToUpload/DSC_6123.jpg max_bytes=134217728
PIC_NFS stage=read_session_lock elapsed_ms=0 tid=139845212063424 host=DietPi.local export=/mnt/4TBS relative=/Spar Ladies 2025/FB-Spar Womens-ToUpload/DSC_6123.jpg outcome=acquired
PIC_NFS_CONNECT reuse host=DietPi.local export=/mnt/4TBS
PIC_NFS stage=file_open elapsed_ms=2 tid=139845212063424 host=DietPi.local export=/mnt/4TBS relative=/Spar Ladies 2025/FB-Spar Womens-ToUpload/DSC_6123.jpg outcome=ok
PIC_NFS stage=rpc_read elapsed_ms=13 tid=139845212063424 host=DietPi.local export=/mnt/4TBS relative=/Spar Ladies 2025/FB-Spar Womens-ToUpload/DSC_6123.jpg iteration=1 outcome=ok bytes=65536 timedout_delta=0 retransmitted_delta=0 reconnects_delta=0
PIC_NFS stage=first_read elapsed_ms=13 tid=139845212063424 host=DietPi.local export=/mnt/4TBS relative=/Spar Ladies 2025/FB-Spar Womens-ToUpload/DSC_6123.jpg outcome=ok bytes=65536
PIC_NFS stage=rpc_read elapsed_ms=1 tid=139845212063424 host=DietPi.local export=/mnt/4TBS relative=/Spar Ladies 2025/FB-Spar Womens-ToUpload/DSC_6123.jpg iteration=2 outcome=ok bytes=65536 timedout_delta=0 retransmitted_delta=0 reconnects_delta=0
PIC_NFS stage=rpc_read elapsed_ms=2 tid=139845212063424 host=DietPi.local export=/mnt/4TBS relative=/Spar Ladies 2025/FB-Spar Womens-ToUpload/DSC_6123.jpg iteration=3 outcome=ok bytes=131072 timedout_delta=0 retransmitted_delta=0 reconnects_delta=0
PIC_NFS stage=rpc_read elapsed_ms=4 tid=139845212063424 host=DietPi.local export=/mnt/4TBS relative=/Spar Ladies 2025/FB-Spar Womens-ToUpload/DSC_6123.jpg iteration=4 outcome=ok bytes=262144 timedout_delta=0 retransmitted_delta=0 reconnects_delta=0
PIC_NFS stage=rpc_read elapsed_ms=8 tid=139845212063424 host=DietPi.local export=/mnt/4TBS relative=/Spar Ladies 2025/FB-Spar Womens-ToUpload/DSC_6123.jpg iteration=5 outcome=ok bytes=524288 timedout_delta=0 retransmitted_delta=0 reconnects_delta=0
PIC_NFS stage=rpc_read elapsed_ms=1 tid=139845212063424 host=DietPi.local export=/mnt/4TBS relative=/Spar Ladies 2025/FB-Spar Womens-ToUpload/DSC_6123.jpg iteration=6 outcome=ok bytes=59530 timedout_delta=0 retransmitted_delta=0 reconnects_delta=0
PIC_NFS stage=rpc_read elapsed_ms=1 tid=139845212063424 host=DietPi.local export=/mnt/4TBS relative=/Spar Ladies 2025/FB-Spar Womens-ToUpload/DSC_6123.jpg iteration=7 outcome=ok bytes=0 timedout_delta=0 retransmitted_delta=0 reconnects_delta=0
PIC_NFS stage=file_read_complete elapsed_ms=30 tid=139845212063424 host=DietPi.local export=/mnt/4TBS relative=/Spar Ladies 2025/FB-Spar Womens-ToUpload/DSC_6123.jpg outcome=ok bytes=1108106 calls=7
PIC_NETWORK tid=ThreadId(75) PRIVATE_NFS read_done bytes=1108106 elapsed_ms=31 uri=nfs://DietPi.local/mnt/4TBS/Spar%20Ladies%202025/FB-Spar%20Womens-ToUpload/DSC_6123.jpg
PIC_VIEWER source_cache action=insert bytes=1108106 uri=nfs://DietPi.local/mnt/4TBS/Spar%20Ladies%202025/FB-Spar%20Womens-ToUpload/DSC_6123.jpg
PIC_VIEWER source_cache action=evict bytes=1107313 uri=nfs://DietPi.local/mnt/4TBS/Spar%20Ladies%202025/FB-Spar%20Womens-ToUpload/DSC_5709.jpg
PIC_VIEWER network_done lane=foreground read_ms=31 bytes=1108106 source=network outcome=ok uri=nfs://DietPi.local/mnt/4TBS/Spar%20Ladies%202025/FB-Spar%20Womens-ToUpload/DSC_6123.jpg
PIC_VIEWER t_ms=21449 tid=ThreadId(1) wheel_event dy=1
PIC_VIEWER t_ms=21449 tid=ThreadId(1) wheel_accumulate current_index=418 target_index=419 direction=1
PIC_VIEWER decode_stage source_ms=31 cpu_ms=28 uri=nfs://DietPi.local/mnt/4TBS/Spar%20Ladies%202025/FB-Spar%20Womens-ToUpload/DSC_6123.jpg
PIC_VIEWER t_ms=21477 tid=ThreadId(75) decode_done uri=nfs://DietPi.local/mnt/4TBS/Spar%20Ladies%202025/FB-Spar%20Womens-ToUpload/DSC_6123.jpg variant=1124x794 elapsed_ms=62 outcome=ok
PIC_VIEWER t_ms=21478 tid=ThreadId(1) display_apply elapsed_ms=1 uri=nfs://DietPi.local/mnt/4TBS/Spar%20Ladies%202025/FB-Spar%20Womens-ToUpload/DSC_6123.jpg
PIC_VIEWER t_ms=21478 tid=ThreadId(1) display_done lane=foreground source=decode navigation_ms=63 uri=nfs://DietPi.local/mnt/4TBS/Spar%20Ladies%202025/FB-Spar%20Womens-ToUpload/DSC_6123.jpg
PIC_VIEWER t_ms=21478 tid=ThreadId(1) cache_evict uri=nfs://DietPi.local/mnt/4TBS/Spar%20Ladies%202025/10km/DSC_5747.jpg bytes=3372000 remaining_entries=32 remaining_bytes=106133816
PIC_VIEWER t_ms=21478 tid=ThreadId(1) navigation_dispatch source=wheel_coalesced from_index=418 to_index=419 direction=1
PIC_VIEWER t_ms=21478 tid=ThreadId(1) infobar_update source=wheel index=419 uri=nfs://DietPi.local/mnt/4TBS/Spar%20Ladies%202025/FB-Spar%20Womens-ToUpload/DSC_6124.jpg
PIC_VIEWER t_ms=21478 tid=ThreadId(1) show_photo_request generation=56 index=419 uri=nfs://DietPi.local/mnt/4TBS/Spar%20Ladies%202025/FB-Spar%20Womens-ToUpload/DSC_6124.jpg
PIC_VIEWER t_ms=21478 tid=ThreadId(1) request lane=foreground action=new uri=nfs://DietPi.local/mnt/4TBS/Spar%20Ladies%202025/FB-Spar%20Womens-ToUpload/DSC_6124.jpg variant=1124x794
PIC_VIEWER t_ms=21478 tid=ThreadId(76) decode_start uri=nfs://DietPi.local/mnt/4TBS/Spar%20Ladies%202025/FB-Spar%20Womens-ToUpload/DSC_6124.jpg variant=1124x794 queue_ms=0
PIC_VIEWER source_cache lane=foreground action=miss uri=nfs://DietPi.local/mnt/4TBS/Spar%20Ladies%202025/FB-Spar%20Womens-ToUpload/DSC_6124.jpg
PIC_VIEWER network_slot lane=foreground wait_ms=0 uri=nfs://DietPi.local/mnt/4TBS/Spar%20Ladies%202025/FB-Spar%20Womens-ToUpload/DSC_6124.jpg
PIC_NETWORK tid=ThreadId(76) PRIVATE_NFS export_cache_hit host=DietPi.local count=5
PIC_NETWORK tid=ThreadId(76) PRIVATE_NFS read_start uri=nfs://DietPi.local/mnt/4TBS/Spar%20Ladies%202025/FB-Spar%20Womens-ToUpload/DSC_6124.jpg max_bytes=134217728
PIC_NFS stage=read_session_lock elapsed_ms=0 tid=139845212063424 host=DietPi.local export=/mnt/4TBS relative=/Spar Ladies 2025/FB-Spar Womens-ToUpload/DSC_6124.jpg outcome=acquired
PIC_NFS_CONNECT reuse host=DietPi.local export=/mnt/4TBS
PIC_NFS stage=file_open elapsed_ms=1 tid=139845212063424 host=DietPi.local export=/mnt/4TBS relative=/Spar Ladies 2025/FB-Spar Womens-ToUpload/DSC_6124.jpg outcome=ok
PIC_NFS stage=rpc_read elapsed_ms=18 tid=139845212063424 host=DietPi.local export=/mnt/4TBS relative=/Spar Ladies 2025/FB-Spar Womens-ToUpload/DSC_6124.jpg iteration=1 outcome=ok bytes=65536 timedout_delta=0 retransmitted_delta=0 reconnects_delta=0
PIC_NFS stage=first_read elapsed_ms=18 tid=139845212063424 host=DietPi.local export=/mnt/4TBS relative=/Spar Ladies 2025/FB-Spar Womens-ToUpload/DSC_6124.jpg outcome=ok bytes=65536
PIC_NFS stage=rpc_read elapsed_ms=2 tid=139845212063424 host=DietPi.local export=/mnt/4TBS relative=/Spar Ladies 2025/FB-Spar Womens-ToUpload/DSC_6124.jpg iteration=2 outcome=ok bytes=65536 timedout_delta=0 retransmitted_delta=0 reconnects_delta=0
PIC_NFS stage=rpc_read elapsed_ms=2 tid=139845212063424 host=DietPi.local export=/mnt/4TBS relative=/Spar Ladies 2025/FB-Spar Womens-ToUpload/DSC_6124.jpg iteration=3 outcome=ok bytes=131072 timedout_delta=0 retransmitted_delta=0 reconnects_delta=0
PIC_NFS stage=rpc_read elapsed_ms=4 tid=139845212063424 host=DietPi.local export=/mnt/4TBS relative=/Spar Ladies 2025/FB-Spar Womens-ToUpload/DSC_6124.jpg iteration=4 outcome=ok bytes=262144 timedout_delta=0 retransmitted_delta=0 reconnects_delta=0
PIC_NFS stage=rpc_read elapsed_ms=4 tid=139845212063424 host=DietPi.local export=/mnt/4TBS relative=/Spar Ladies 2025/FB-Spar Womens-ToUpload/DSC_6124.jpg iteration=5 outcome=ok bytes=281165 timedout_delta=0 retransmitted_delta=0 reconnects_delta=0
PIC_NFS stage=rpc_read elapsed_ms=1 tid=139845212063424 host=DietPi.local export=/mnt/4TBS relative=/Spar Ladies 2025/FB-Spar Womens-ToUpload/DSC_6124.jpg iteration=6 outcome=ok bytes=0 timedout_delta=0 retransmitted_delta=0 reconnects_delta=0
PIC_NFS stage=file_read_complete elapsed_ms=31 tid=139845212063424 host=DietPi.local export=/mnt/4TBS relative=/Spar Ladies 2025/FB-Spar Womens-ToUpload/DSC_6124.jpg outcome=ok bytes=805453 calls=6
PIC_NETWORK tid=ThreadId(76) PRIVATE_NFS read_done bytes=805453 elapsed_ms=31 uri=nfs://DietPi.local/mnt/4TBS/Spar%20Ladies%202025/FB-Spar%20Womens-ToUpload/DSC_6124.jpg
PIC_VIEWER source_cache action=insert bytes=805453 uri=nfs://DietPi.local/mnt/4TBS/Spar%20Ladies%202025/FB-Spar%20Womens-ToUpload/DSC_6124.jpg
PIC_VIEWER source_cache action=evict bytes=2197554 uri=smb://dietpi.local/4tbp/Other/Makayla/VID_0166.jpg
PIC_VIEWER network_done lane=foreground read_ms=31 bytes=805453 source=network outcome=ok uri=nfs://DietPi.local/mnt/4TBS/Spar%20Ladies%202025/FB-Spar%20Womens-ToUpload/DSC_6124.jpg
PIC_VIEWER decode_stage source_ms=31 cpu_ms=25 uri=nfs://DietPi.local/mnt/4TBS/Spar%20Ladies%202025/FB-Spar%20Womens-ToUpload/DSC_6124.jpg
PIC_VIEWER t_ms=21538 tid=ThreadId(76) decode_done uri=nfs://DietPi.local/mnt/4TBS/Spar%20Ladies%202025/FB-Spar%20Womens-ToUpload/DSC_6124.jpg variant=1124x794 elapsed_ms=59 outcome=ok
PIC_VIEWER t_ms=21539 tid=ThreadId(1) display_apply elapsed_ms=1 uri=nfs://DietPi.local/mnt/4TBS/Spar%20Ladies%202025/FB-Spar%20Womens-ToUpload/DSC_6124.jpg
PIC_VIEWER t_ms=21539 tid=ThreadId(1) display_done lane=foreground source=decode navigation_ms=60 uri=nfs://DietPi.local/mnt/4TBS/Spar%20Ladies%202025/FB-Spar%20Womens-ToUpload/DSC_6124.jpg
PIC_VIEWER t_ms=21539 tid=ThreadId(1) cache_evict uri=nfs://DietPi.local/mnt/4TBS/Spar%20Ladies%202025/10km/DSC_5824.jpg bytes=3372000 remaining_entries=32 remaining_bytes=106133816
PIC_VIEWER t_ms=21728 tid=ThreadId(1) request lane=prefetch action=new uri=nfs://DietPi.local/mnt/4TBS/Spar%20Ladies%202025/FB-Spar%20Womens-ToUpload/DSC_6125.jpg variant=1124x794
PIC_VIEWER t_ms=21728 tid=ThreadId(1) cache_hit lane=prefetch uri=nfs://DietPi.local/mnt/4TBS/Spar%20Ladies%202025/FB-Spar%20Womens-ToUpload/DSC_6123.jpg
PIC_VIEWER t_ms=21728 tid=ThreadId(77) decode_start uri=nfs://DietPi.local/mnt/4TBS/Spar%20Ladies%202025/FB-Spar%20Womens-ToUpload/DSC_6125.jpg variant=1124x794 queue_ms=0
PIC_VIEWER source_cache lane=prefetch action=miss uri=nfs://DietPi.local/mnt/4TBS/Spar%20Ladies%202025/FB-Spar%20Womens-ToUpload/DSC_6125.jpg
PIC_VIEWER network_slot lane=prefetch wait_ms=0 uri=nfs://DietPi.local/mnt/4TBS/Spar%20Ladies%202025/FB-Spar%20Womens-ToUpload/DSC_6125.jpg
PIC_NETWORK tid=ThreadId(77) PRIVATE_NFS export_cache_hit host=DietPi.local count=5
PIC_NETWORK tid=ThreadId(77) PRIVATE_NFS read_start uri=nfs://DietPi.local/mnt/4TBS/Spar%20Ladies%202025/FB-Spar%20Womens-ToUpload/DSC_6125.jpg max_bytes=134217728
PIC_NFS stage=read_session_lock elapsed_ms=0 tid=139845212063424 host=DietPi.local export=/mnt/4TBS relative=/Spar Ladies 2025/FB-Spar Womens-ToUpload/DSC_6125.jpg outcome=acquired
PIC_NFS_CONNECT reuse host=DietPi.local export=/mnt/4TBS
PIC_NFS stage=file_open elapsed_ms=2 tid=139845212063424 host=DietPi.local export=/mnt/4TBS relative=/Spar Ladies 2025/FB-Spar Womens-ToUpload/DSC_6125.jpg outcome=ok
PIC_NFS stage=rpc_read elapsed_ms=12 tid=139845212063424 host=DietPi.local export=/mnt/4TBS relative=/Spar Ladies 2025/FB-Spar Womens-ToUpload/DSC_6125.jpg iteration=1 outcome=ok bytes=65536 timedout_delta=0 retransmitted_delta=0 reconnects_delta=0
PIC_NFS stage=first_read elapsed_ms=12 tid=139845212063424 host=DietPi.local export=/mnt/4TBS relative=/Spar Ladies 2025/FB-Spar Womens-ToUpload/DSC_6125.jpg outcome=ok bytes=65536
PIC_NFS stage=rpc_read elapsed_ms=1 tid=139845212063424 host=DietPi.local export=/mnt/4TBS relative=/Spar Ladies 2025/FB-Spar Womens-ToUpload/DSC_6125.jpg iteration=2 outcome=ok bytes=65536 timedout_delta=0 retransmitted_delta=0 reconnects_delta=0
PIC_NFS stage=rpc_read elapsed_ms=2 tid=139845212063424 host=DietPi.local export=/mnt/4TBS relative=/Spar Ladies 2025/FB-Spar Womens-ToUpload/DSC_6125.jpg iteration=3 outcome=ok bytes=131072 timedout_delta=0 retransmitted_delta=0 reconnects_delta=0
PIC_NFS stage=rpc_read elapsed_ms=4 tid=139845212063424 host=DietPi.local export=/mnt/4TBS relative=/Spar Ladies 2025/FB-Spar Womens-ToUpload/DSC_6125.jpg iteration=4 outcome=ok bytes=262144 timedout_delta=0 retransmitted_delta=0 reconnects_delta=0
PIC_NFS stage=rpc_read elapsed_ms=7 tid=139845212063424 host=DietPi.local export=/mnt/4TBS relative=/Spar Ladies 2025/FB-Spar Womens-ToUpload/DSC_6125.jpg iteration=5 outcome=ok bytes=524288 timedout_delta=0 retransmitted_delta=0 reconnects_delta=0
PIC_NFS stage=rpc_read elapsed_ms=1 tid=139845212063424 host=DietPi.local export=/mnt/4TBS relative=/Spar Ladies 2025/FB-Spar Womens-ToUpload/DSC_6125.jpg iteration=6 outcome=ok bytes=55101 timedout_delta=0 retransmitted_delta=0 reconnects_delta=0
PIC_NFS stage=rpc_read elapsed_ms=0 tid=139845212063424 host=DietPi.local export=/mnt/4TBS relative=/Spar Ladies 2025/FB-Spar Womens-ToUpload/DSC_6125.jpg iteration=7 outcome=ok bytes=0 timedout_delta=0 retransmitted_delta=0 reconnects_delta=0
PIC_NFS stage=file_read_complete elapsed_ms=28 tid=139845212063424 host=DietPi.local export=/mnt/4TBS relative=/Spar Ladies 2025/FB-Spar Womens-ToUpload/DSC_6125.jpg outcome=ok bytes=1103677 calls=7
PIC_NETWORK tid=ThreadId(77) PRIVATE_NFS read_done bytes=1103677 elapsed_ms=30 uri=nfs://DietPi.local/mnt/4TBS/Spar%20Ladies%202025/FB-Spar%20Womens-ToUpload/DSC_6125.jpg
PIC_VIEWER source_cache action=insert bytes=1103677 uri=nfs://DietPi.local/mnt/4TBS/Spar%20Ladies%202025/FB-Spar%20Womens-ToUpload/DSC_6125.jpg
PIC_VIEWER source_cache action=evict bytes=1007689 uri=nfs://DietPi.local/mnt/4TBS/Spar%20Ladies%202025/FB-Spar%20Womens-ToUpload/DSC_5980.jpg
PIC_VIEWER network_done lane=prefetch read_ms=30 bytes=1103677 source=network outcome=ok uri=nfs://DietPi.local/mnt/4TBS/Spar%20Ladies%202025/FB-Spar%20Womens-ToUpload/DSC_6125.jpg
PIC_VIEWER decode_stage source_ms=30 cpu_ms=26 uri=nfs://DietPi.local/mnt/4TBS/Spar%20Ladies%202025/FB-Spar%20Womens-ToUpload/DSC_6125.jpg
PIC_VIEWER t_ms=21788 tid=ThreadId(77) decode_done uri=nfs://DietPi.local/mnt/4TBS/Spar%20Ladies%202025/FB-Spar%20Womens-ToUpload/DSC_6125.jpg variant=1124x794 elapsed_ms=59 outcome=ok
PIC_VIEWER t_ms=21789 tid=ThreadId(1) cache_evict uri=nfs://DietPi.local/mnt/4TBS/Spar%20Ladies%202025/10km/DSC_5848.jpg bytes=3372000 remaining_entries=32 remaining_bytes=106133816
PIC_VIEWER t_ms=25336 tid=ThreadId(1) show_photo_request generation=58 index=1721 uri=nfs://DietPi.local/mnt/4TBS/Spar%20Ladies%202025/FB-Spar%20Womens-ToUpload/DSC_7460.jpg
PIC_VIEWER t_ms=25336 tid=ThreadId(1) request lane=foreground action=new uri=nfs://DietPi.local/mnt/4TBS/Spar%20Ladies%202025/FB-Spar%20Womens-ToUpload/DSC_7460.jpg variant=1124x794
PIC_VIEWER t_ms=25336 tid=ThreadId(78) decode_start uri=nfs://DietPi.local/mnt/4TBS/Spar%20Ladies%202025/FB-Spar%20Womens-ToUpload/DSC_7460.jpg variant=1124x794 queue_ms=0
PIC_VIEWER source_cache lane=foreground action=miss uri=nfs://DietPi.local/mnt/4TBS/Spar%20Ladies%202025/FB-Spar%20Womens-ToUpload/DSC_7460.jpg
PIC_VIEWER network_slot lane=foreground wait_ms=0 uri=nfs://DietPi.local/mnt/4TBS/Spar%20Ladies%202025/FB-Spar%20Womens-ToUpload/DSC_7460.jpg
PIC_NETWORK tid=ThreadId(78) PRIVATE_NFS export_cache_hit host=DietPi.local count=5
PIC_NETWORK tid=ThreadId(78) PRIVATE_NFS read_start uri=nfs://DietPi.local/mnt/4TBS/Spar%20Ladies%202025/FB-Spar%20Womens-ToUpload/DSC_7460.jpg max_bytes=134217728
PIC_NFS stage=read_session_lock elapsed_ms=0 tid=139845212063424 host=DietPi.local export=/mnt/4TBS relative=/Spar Ladies 2025/FB-Spar Womens-ToUpload/DSC_7460.jpg outcome=acquired
PIC_NFS_CONNECT reuse host=DietPi.local export=/mnt/4TBS
PIC_NFS stage=file_open elapsed_ms=2 tid=139845212063424 host=DietPi.local export=/mnt/4TBS relative=/Spar Ladies 2025/FB-Spar Womens-ToUpload/DSC_7460.jpg outcome=ok
PIC_NFS stage=rpc_read elapsed_ms=19 tid=139845212063424 host=DietPi.local export=/mnt/4TBS relative=/Spar Ladies 2025/FB-Spar Womens-ToUpload/DSC_7460.jpg iteration=1 outcome=ok bytes=65536 timedout_delta=0 retransmitted_delta=0 reconnects_delta=0
PIC_NFS stage=first_read elapsed_ms=19 tid=139845212063424 host=DietPi.local export=/mnt/4TBS relative=/Spar Ladies 2025/FB-Spar Womens-ToUpload/DSC_7460.jpg outcome=ok bytes=65536
PIC_NFS stage=rpc_read elapsed_ms=2 tid=139845212063424 host=DietPi.local export=/mnt/4TBS relative=/Spar Ladies 2025/FB-Spar Womens-ToUpload/DSC_7460.jpg iteration=2 outcome=ok bytes=65536 timedout_delta=0 retransmitted_delta=0 reconnects_delta=0
PIC_NFS stage=rpc_read elapsed_ms=1 tid=139845212063424 host=DietPi.local export=/mnt/4TBS relative=/Spar Ladies 2025/FB-Spar Womens-ToUpload/DSC_7460.jpg iteration=3 outcome=ok bytes=131072 timedout_delta=0 retransmitted_delta=0 reconnects_delta=0
PIC_NFS stage=rpc_read elapsed_ms=4 tid=139845212063424 host=DietPi.local export=/mnt/4TBS relative=/Spar Ladies 2025/FB-Spar Womens-ToUpload/DSC_7460.jpg iteration=4 outcome=ok bytes=262144 timedout_delta=0 retransmitted_delta=0 reconnects_delta=0
PIC_NFS stage=rpc_read elapsed_ms=7 tid=139845212063424 host=DietPi.local export=/mnt/4TBS relative=/Spar Ladies 2025/FB-Spar Womens-ToUpload/DSC_7460.jpg iteration=5 outcome=ok bytes=524288 timedout_delta=0 retransmitted_delta=0 reconnects_delta=0
PIC_NFS stage=rpc_read elapsed_ms=2 tid=139845212063424 host=DietPi.local export=/mnt/4TBS relative=/Spar Ladies 2025/FB-Spar Womens-ToUpload/DSC_7460.jpg iteration=6 outcome=ok bytes=104014 timedout_delta=0 retransmitted_delta=0 reconnects_delta=0
PIC_NFS stage=rpc_read elapsed_ms=0 tid=139845212063424 host=DietPi.local export=/mnt/4TBS relative=/Spar Ladies 2025/FB-Spar Womens-ToUpload/DSC_7460.jpg iteration=7 outcome=ok bytes=0 timedout_delta=0 retransmitted_delta=0 reconnects_delta=0
PIC_NFS stage=file_read_complete elapsed_ms=35 tid=139845212063424 host=DietPi.local export=/mnt/4TBS relative=/Spar Ladies 2025/FB-Spar Womens-ToUpload/DSC_7460.jpg outcome=ok bytes=1152590 calls=7
PIC_NETWORK tid=ThreadId(78) PRIVATE_NFS read_done bytes=1152590 elapsed_ms=37 uri=nfs://DietPi.local/mnt/4TBS/Spar%20Ladies%202025/FB-Spar%20Womens-ToUpload/DSC_7460.jpg
PIC_VIEWER source_cache action=insert bytes=1152590 uri=nfs://DietPi.local/mnt/4TBS/Spar%20Ladies%202025/FB-Spar%20Womens-ToUpload/DSC_7460.jpg
PIC_VIEWER source_cache action=evict bytes=1040632 uri=nfs://DietPi.local/mnt/4TBS/Spar%20Ladies%202025/FB-Spar%20Womens-ToUpload/DSC_5981.jpg
PIC_VIEWER network_done lane=foreground read_ms=37 bytes=1152590 source=network outcome=ok uri=nfs://DietPi.local/mnt/4TBS/Spar%20Ladies%202025/FB-Spar%20Womens-ToUpload/DSC_7460.jpg
PIC_VIEWER decode_stage source_ms=37 cpu_ms=27 uri=nfs://DietPi.local/mnt/4TBS/Spar%20Ladies%202025/FB-Spar%20Womens-ToUpload/DSC_7460.jpg
PIC_VIEWER t_ms=25403 tid=ThreadId(78) decode_done uri=nfs://DietPi.local/mnt/4TBS/Spar%20Ladies%202025/FB-Spar%20Womens-ToUpload/DSC_7460.jpg variant=1124x794 elapsed_ms=67 outcome=ok
PIC_VIEWER t_ms=25405 tid=ThreadId(1) display_apply elapsed_ms=1 uri=nfs://DietPi.local/mnt/4TBS/Spar%20Ladies%202025/FB-Spar%20Womens-ToUpload/DSC_7460.jpg
PIC_VIEWER t_ms=25405 tid=ThreadId(1) display_done lane=foreground source=decode navigation_ms=68 uri=nfs://DietPi.local/mnt/4TBS/Spar%20Ladies%202025/FB-Spar%20Womens-ToUpload/DSC_7460.jpg
PIC_VIEWER t_ms=25405 tid=ThreadId(1) cache_evict uri=nfs://DietPi.local/mnt/4TBS/Spar%20Ladies%202025/10km/DSC_5900.jpg bytes=3372000 remaining_entries=32 remaining_bytes=106133816
PIC_VIEWER t_ms=25657 tid=ThreadId(1) wheel_event dy=1
PIC_VIEWER t_ms=25658 tid=ThreadId(1) navigation_dispatch source=wheel from_index=1721 to_index=1722 direction=1
PIC_VIEWER t_ms=25658 tid=ThreadId(1) infobar_update source=wheel index=1722 uri=nfs://DietPi.local/mnt/4TBS/Spar%20Ladies%202025/FB-Spar%20Womens-ToUpload/DSC_7461.jpg
PIC_VIEWER t_ms=25658 tid=ThreadId(1) show_photo_request generation=59 index=1722 uri=nfs://DietPi.local/mnt/4TBS/Spar%20Ladies%202025/FB-Spar%20Womens-ToUpload/DSC_7461.jpg
PIC_VIEWER t_ms=25658 tid=ThreadId(1) request lane=foreground action=new uri=nfs://DietPi.local/mnt/4TBS/Spar%20Ladies%202025/FB-Spar%20Womens-ToUpload/DSC_7461.jpg variant=1124x794
PIC_VIEWER t_ms=25658 tid=ThreadId(79) decode_start uri=nfs://DietPi.local/mnt/4TBS/Spar%20Ladies%202025/FB-Spar%20Womens-ToUpload/DSC_7461.jpg variant=1124x794 queue_ms=0
PIC_VIEWER source_cache lane=foreground action=miss uri=nfs://DietPi.local/mnt/4TBS/Spar%20Ladies%202025/FB-Spar%20Womens-ToUpload/DSC_7461.jpg
PIC_VIEWER network_slot lane=foreground wait_ms=0 uri=nfs://DietPi.local/mnt/4TBS/Spar%20Ladies%202025/FB-Spar%20Womens-ToUpload/DSC_7461.jpg
PIC_NETWORK tid=ThreadId(79) PRIVATE_NFS export_cache_hit host=DietPi.local count=5
PIC_NETWORK tid=ThreadId(79) PRIVATE_NFS read_start uri=nfs://DietPi.local/mnt/4TBS/Spar%20Ladies%202025/FB-Spar%20Womens-ToUpload/DSC_7461.jpg max_bytes=134217728
PIC_NFS stage=read_session_lock elapsed_ms=0 tid=139845212063424 host=DietPi.local export=/mnt/4TBS relative=/Spar Ladies 2025/FB-Spar Womens-ToUpload/DSC_7461.jpg outcome=acquired
PIC_NFS_CONNECT reuse host=DietPi.local export=/mnt/4TBS
PIC_NFS stage=file_open elapsed_ms=2 tid=139845212063424 host=DietPi.local export=/mnt/4TBS relative=/Spar Ladies 2025/FB-Spar Womens-ToUpload/DSC_7461.jpg outcome=ok
PIC_NFS stage=rpc_read elapsed_ms=2 tid=139845212063424 host=DietPi.local export=/mnt/4TBS relative=/Spar Ladies 2025/FB-Spar Womens-ToUpload/DSC_7461.jpg iteration=1 outcome=ok bytes=65536 timedout_delta=0 retransmitted_delta=0 reconnects_delta=0
PIC_NFS stage=first_read elapsed_ms=2 tid=139845212063424 host=DietPi.local export=/mnt/4TBS relative=/Spar Ladies 2025/FB-Spar Womens-ToUpload/DSC_7461.jpg outcome=ok bytes=65536
PIC_NFS stage=rpc_read elapsed_ms=1 tid=139845212063424 host=DietPi.local export=/mnt/4TBS relative=/Spar Ladies 2025/FB-Spar Womens-ToUpload/DSC_7461.jpg iteration=2 outcome=ok bytes=65536 timedout_delta=0 retransmitted_delta=0 reconnects_delta=0
PIC_NFS stage=rpc_read elapsed_ms=2 tid=139845212063424 host=DietPi.local export=/mnt/4TBS relative=/Spar Ladies 2025/FB-Spar Womens-ToUpload/DSC_7461.jpg iteration=3 outcome=ok bytes=131072 timedout_delta=0 retransmitted_delta=0 reconnects_delta=0
PIC_NFS stage=rpc_read elapsed_ms=4 tid=139845212063424 host=DietPi.local export=/mnt/4TBS relative=/Spar Ladies 2025/FB-Spar Womens-ToUpload/DSC_7461.jpg iteration=4 outcome=ok bytes=262144 timedout_delta=0 retransmitted_delta=0 reconnects_delta=0
PIC_VIEWER t_ms=25673 tid=ThreadId(1) wheel_event dy=1
PIC_VIEWER t_ms=25673 tid=ThreadId(1) wheel_accumulate current_index=1722 target_index=1723 direction=1
PIC_NFS stage=rpc_read elapsed_ms=6 tid=139845212063424 host=DietPi.local export=/mnt/4TBS relative=/Spar Ladies 2025/FB-Spar Womens-ToUpload/DSC_7461.jpg iteration=5 outcome=ok bytes=437728 timedout_delta=0 retransmitted_delta=0 reconnects_delta=0
PIC_NFS stage=rpc_read elapsed_ms=0 tid=139845212063424 host=DietPi.local export=/mnt/4TBS relative=/Spar Ladies 2025/FB-Spar Womens-ToUpload/DSC_7461.jpg iteration=6 outcome=ok bytes=0 timedout_delta=0 retransmitted_delta=0 reconnects_delta=0
PIC_NFS stage=file_read_complete elapsed_ms=15 tid=139845212063424 host=DietPi.local export=/mnt/4TBS relative=/Spar Ladies 2025/FB-Spar Womens-ToUpload/DSC_7461.jpg outcome=ok bytes=962016 calls=6
PIC_NETWORK tid=ThreadId(79) PRIVATE_NFS read_done bytes=962016 elapsed_ms=17 uri=nfs://DietPi.local/mnt/4TBS/Spar%20Ladies%202025/FB-Spar%20Womens-ToUpload/DSC_7461.jpg
PIC_VIEWER source_cache action=insert bytes=962016 uri=nfs://DietPi.local/mnt/4TBS/Spar%20Ladies%202025/FB-Spar%20Womens-ToUpload/DSC_7461.jpg
PIC_VIEWER source_cache action=evict bytes=733838 uri=nfs://DietPi.local/mnt/4TBS/Spar%20Ladies%202025/FB-Spar%20Womens-ToUpload/DSC_5982.jpg
PIC_VIEWER network_done lane=foreground read_ms=17 bytes=962016 source=network outcome=ok uri=nfs://DietPi.local/mnt/4TBS/Spar%20Ladies%202025/FB-Spar%20Womens-ToUpload/DSC_7461.jpg
PIC_VIEWER t_ms=25689 tid=ThreadId(1) wheel_event dy=1
PIC_VIEWER t_ms=25689 tid=ThreadId(1) wheel_accumulate current_index=1722 target_index=1724 direction=1
PIC_VIEWER t_ms=25697 tid=ThreadId(1) wheel_event dy=1
PIC_VIEWER t_ms=25697 tid=ThreadId(1) wheel_accumulate current_index=1722 target_index=1725 direction=1
PIC_VIEWER decode_stage source_ms=17 cpu_ms=25 uri=nfs://DietPi.local/mnt/4TBS/Spar%20Ladies%202025/FB-Spar%20Womens-ToUpload/DSC_7461.jpg
PIC_VIEWER t_ms=25704 tid=ThreadId(79) decode_done uri=nfs://DietPi.local/mnt/4TBS/Spar%20Ladies%202025/FB-Spar%20Womens-ToUpload/DSC_7461.jpg variant=1124x794 elapsed_ms=45 outcome=ok
PIC_VIEWER t_ms=25705 tid=ThreadId(1) display_apply elapsed_ms=1 uri=nfs://DietPi.local/mnt/4TBS/Spar%20Ladies%202025/FB-Spar%20Womens-ToUpload/DSC_7461.jpg
PIC_VIEWER t_ms=25705 tid=ThreadId(1) display_done lane=foreground source=decode navigation_ms=46 uri=nfs://DietPi.local/mnt/4TBS/Spar%20Ladies%202025/FB-Spar%20Womens-ToUpload/DSC_7461.jpg
PIC_VIEWER t_ms=25705 tid=ThreadId(1) cache_evict uri=nfs://DietPi.local/mnt/4TBS/Spar%20Ladies%202025/10km/DSC_5896.jpg bytes=3372000 remaining_entries=32 remaining_bytes=106133816
PIC_VIEWER t_ms=25705 tid=ThreadId(1) navigation_dispatch source=wheel_coalesced from_index=1722 to_index=1725 direction=1
PIC_VIEWER t_ms=25705 tid=ThreadId(1) infobar_update source=wheel index=1725 uri=nfs://DietPi.local/mnt/4TBS/Spar%20Ladies%202025/FB-Spar%20Womens-ToUpload/DSC_7464.jpg
PIC_VIEWER t_ms=25705 tid=ThreadId(1) show_photo_request generation=60 index=1725 uri=nfs://DietPi.local/mnt/4TBS/Spar%20Ladies%202025/FB-Spar%20Womens-ToUpload/DSC_7464.jpg
PIC_VIEWER t_ms=25705 tid=ThreadId(1) request lane=foreground action=new uri=nfs://DietPi.local/mnt/4TBS/Spar%20Ladies%202025/FB-Spar%20Womens-ToUpload/DSC_7464.jpg variant=1124x794
PIC_VIEWER t_ms=25706 tid=ThreadId(80) decode_start uri=nfs://DietPi.local/mnt/4TBS/Spar%20Ladies%202025/FB-Spar%20Womens-ToUpload/DSC_7464.jpg variant=1124x794 queue_ms=0
PIC_VIEWER t_ms=25706 tid=ThreadId(1) wheel_event dy=1
PIC_VIEWER t_ms=25706 tid=ThreadId(1) wheel_accumulate current_index=1725 target_index=1726 direction=1
PIC_VIEWER source_cache lane=foreground action=miss uri=nfs://DietPi.local/mnt/4TBS/Spar%20Ladies%202025/FB-Spar%20Womens-ToUpload/DSC_7464.jpg
PIC_VIEWER network_slot lane=foreground wait_ms=0 uri=nfs://DietPi.local/mnt/4TBS/Spar%20Ladies%202025/FB-Spar%20Womens-ToUpload/DSC_7464.jpg
PIC_NETWORK tid=ThreadId(80) PRIVATE_NFS export_cache_hit host=DietPi.local count=5
PIC_NETWORK tid=ThreadId(80) PRIVATE_NFS read_start uri=nfs://DietPi.local/mnt/4TBS/Spar%20Ladies%202025/FB-Spar%20Womens-ToUpload/DSC_7464.jpg max_bytes=134217728
PIC_NFS stage=read_session_lock elapsed_ms=0 tid=139845212063424 host=DietPi.local export=/mnt/4TBS relative=/Spar Ladies 2025/FB-Spar Womens-ToUpload/DSC_7464.jpg outcome=acquired
PIC_NFS_CONNECT reuse host=DietPi.local export=/mnt/4TBS
PIC_NFS stage=file_open elapsed_ms=2 tid=139845212063424 host=DietPi.local export=/mnt/4TBS relative=/Spar Ladies 2025/FB-Spar Womens-ToUpload/DSC_7464.jpg outcome=ok
PIC_NFS stage=rpc_read elapsed_ms=2 tid=139845212063424 host=DietPi.local export=/mnt/4TBS relative=/Spar Ladies 2025/FB-Spar Womens-ToUpload/DSC_7464.jpg iteration=1 outcome=ok bytes=65536 timedout_delta=0 retransmitted_delta=0 reconnects_delta=0
PIC_NFS stage=first_read elapsed_ms=2 tid=139845212063424 host=DietPi.local export=/mnt/4TBS relative=/Spar Ladies 2025/FB-Spar Womens-ToUpload/DSC_7464.jpg outcome=ok bytes=65536
PIC_NFS stage=rpc_read elapsed_ms=1 tid=139845212063424 host=DietPi.local export=/mnt/4TBS relative=/Spar Ladies 2025/FB-Spar Womens-ToUpload/DSC_7464.jpg iteration=2 outcome=ok bytes=65536 timedout_delta=0 retransmitted_delta=0 reconnects_delta=0
PIC_NFS stage=rpc_read elapsed_ms=2 tid=139845212063424 host=DietPi.local export=/mnt/4TBS relative=/Spar Ladies 2025/FB-Spar Womens-ToUpload/DSC_7464.jpg iteration=3 outcome=ok bytes=131072 timedout_delta=0 retransmitted_delta=0 reconnects_delta=0
PIC_NFS stage=rpc_read elapsed_ms=4 tid=139845212063424 host=DietPi.local export=/mnt/4TBS relative=/Spar Ladies 2025/FB-Spar Womens-ToUpload/DSC_7464.jpg iteration=4 outcome=ok bytes=262144 timedout_delta=0 retransmitted_delta=0 reconnects_delta=0
PIC_VIEWER t_ms=25721 tid=ThreadId(1) wheel_event dy=1
PIC_VIEWER t_ms=25721 tid=ThreadId(1) wheel_accumulate current_index=1725 target_index=1727 direction=1
PIC_NFS stage=rpc_read elapsed_ms=7 tid=139845212063424 host=DietPi.local export=/mnt/4TBS relative=/Spar Ladies 2025/FB-Spar Womens-ToUpload/DSC_7464.jpg iteration=5 outcome=ok bytes=524288 timedout_delta=0 retransmitted_delta=0 reconnects_delta=0
PIC_NFS stage=rpc_read elapsed_ms=1 tid=139845212063424 host=DietPi.local export=/mnt/4TBS relative=/Spar Ladies 2025/FB-Spar Womens-ToUpload/DSC_7464.jpg iteration=6 outcome=ok bytes=4884 timedout_delta=0 retransmitted_delta=0 reconnects_delta=0
PIC_NFS stage=rpc_read elapsed_ms=0 tid=139845212063424 host=DietPi.local export=/mnt/4TBS relative=/Spar Ladies 2025/FB-Spar Womens-ToUpload/DSC_7464.jpg iteration=7 outcome=ok bytes=0 timedout_delta=0 retransmitted_delta=0 reconnects_delta=0
PIC_NFS stage=file_read_complete elapsed_ms=17 tid=139845212063424 host=DietPi.local export=/mnt/4TBS relative=/Spar Ladies 2025/FB-Spar Womens-ToUpload/DSC_7464.jpg outcome=ok bytes=1053460 calls=7
PIC_NETWORK tid=ThreadId(80) PRIVATE_NFS read_done bytes=1053460 elapsed_ms=19 uri=nfs://DietPi.local/mnt/4TBS/Spar%20Ladies%202025/FB-Spar%20Womens-ToUpload/DSC_7464.jpg
PIC_VIEWER source_cache action=insert bytes=1053460 uri=nfs://DietPi.local/mnt/4TBS/Spar%20Ladies%202025/FB-Spar%20Womens-ToUpload/DSC_7464.jpg
PIC_VIEWER source_cache action=evict bytes=1369438 uri=nfs://DietPi.local/mnt/4TBS/Spar%20Ladies%202025/FB-Spar%20Womens-ToUpload/DSC_5984.jpg
PIC_VIEWER network_done lane=foreground read_ms=19 bytes=1053460 source=network outcome=ok uri=nfs://DietPi.local/mnt/4TBS/Spar%20Ladies%202025/FB-Spar%20Womens-ToUpload/DSC_7464.jpg
PIC_VIEWER t_ms=25737 tid=ThreadId(1) wheel_event dy=1
PIC_VIEWER t_ms=25737 tid=ThreadId(1) wheel_accumulate current_index=1725 target_index=1728 direction=1
PIC_VIEWER decode_stage source_ms=19 cpu_ms=26 uri=nfs://DietPi.local/mnt/4TBS/Spar%20Ladies%202025/FB-Spar%20Womens-ToUpload/DSC_7464.jpg
PIC_VIEWER t_ms=25754 tid=ThreadId(80) decode_done uri=nfs://DietPi.local/mnt/4TBS/Spar%20Ladies%202025/FB-Spar%20Womens-ToUpload/DSC_7464.jpg variant=1124x794 elapsed_ms=48 outcome=ok
PIC_VIEWER t_ms=25755 tid=ThreadId(1) display_apply elapsed_ms=0 uri=nfs://DietPi.local/mnt/4TBS/Spar%20Ladies%202025/FB-Spar%20Womens-ToUpload/DSC_7464.jpg
PIC_VIEWER t_ms=25755 tid=ThreadId(1) display_done lane=foreground source=decode navigation_ms=49 uri=nfs://DietPi.local/mnt/4TBS/Spar%20Ladies%202025/FB-Spar%20Womens-ToUpload/DSC_7464.jpg
PIC_VIEWER t_ms=25755 tid=ThreadId(1) cache_evict uri=nfs://DietPi.local/mnt/4TBS/Spar%20Ladies%202025/10km/DSC_5901.jpg bytes=3372000 remaining_entries=32 remaining_bytes=106133816
PIC_VIEWER t_ms=25755 tid=ThreadId(1) navigation_dispatch source=wheel_coalesced from_index=1725 to_index=1728 direction=1
PIC_VIEWER t_ms=25755 tid=ThreadId(1) infobar_update source=wheel index=1728 uri=nfs://DietPi.local/mnt/4TBS/Spar%20Ladies%202025/FB-Spar%20Womens-ToUpload/DSC_7467.jpg
PIC_VIEWER t_ms=25756 tid=ThreadId(1) show_photo_request generation=61 index=1728 uri=nfs://DietPi.local/mnt/4TBS/Spar%20Ladies%202025/FB-Spar%20Womens-ToUpload/DSC_7467.jpg
PIC_VIEWER t_ms=25756 tid=ThreadId(1) request lane=foreground action=new uri=nfs://DietPi.local/mnt/4TBS/Spar%20Ladies%202025/FB-Spar%20Womens-ToUpload/DSC_7467.jpg variant=1124x794
PIC_VIEWER t_ms=25756 tid=ThreadId(81) decode_start uri=nfs://DietPi.local/mnt/4TBS/Spar%20Ladies%202025/FB-Spar%20Womens-ToUpload/DSC_7467.jpg variant=1124x794 queue_ms=0
PIC_VIEWER source_cache lane=foreground action=miss uri=nfs://DietPi.local/mnt/4TBS/Spar%20Ladies%202025/FB-Spar%20Womens-ToUpload/DSC_7467.jpg
PIC_VIEWER network_slot lane=foreground wait_ms=0 uri=nfs://DietPi.local/mnt/4TBS/Spar%20Ladies%202025/FB-Spar%20Womens-ToUpload/DSC_7467.jpg
PIC_NETWORK tid=ThreadId(81) PRIVATE_NFS export_cache_hit host=DietPi.local count=5
PIC_NETWORK tid=ThreadId(81) PRIVATE_NFS read_start uri=nfs://DietPi.local/mnt/4TBS/Spar%20Ladies%202025/FB-Spar%20Womens-ToUpload/DSC_7467.jpg max_bytes=134217728
PIC_NFS stage=read_session_lock elapsed_ms=0 tid=139845212063424 host=DietPi.local export=/mnt/4TBS relative=/Spar Ladies 2025/FB-Spar Womens-ToUpload/DSC_7467.jpg outcome=acquired
PIC_NFS_CONNECT reuse host=DietPi.local export=/mnt/4TBS
PIC_NFS stage=file_open elapsed_ms=2 tid=139845212063424 host=DietPi.local export=/mnt/4TBS relative=/Spar Ladies 2025/FB-Spar Womens-ToUpload/DSC_7467.jpg outcome=ok
PIC_NFS stage=rpc_read elapsed_ms=11 tid=139845212063424 host=DietPi.local export=/mnt/4TBS relative=/Spar Ladies 2025/FB-Spar Womens-ToUpload/DSC_7467.jpg iteration=1 outcome=ok bytes=65536 timedout_delta=0 retransmitted_delta=0 reconnects_delta=0
PIC_NFS stage=first_read elapsed_ms=11 tid=139845212063424 host=DietPi.local export=/mnt/4TBS relative=/Spar Ladies 2025/FB-Spar Womens-ToUpload/DSC_7467.jpg outcome=ok bytes=65536
PIC_NFS stage=rpc_read elapsed_ms=1 tid=139845212063424 host=DietPi.local export=/mnt/4TBS relative=/Spar Ladies 2025/FB-Spar Womens-ToUpload/DSC_7467.jpg iteration=2 outcome=ok bytes=65536 timedout_delta=0 retransmitted_delta=0 reconnects_delta=0
PIC_NFS stage=rpc_read elapsed_ms=2 tid=139845212063424 host=DietPi.local export=/mnt/4TBS relative=/Spar Ladies 2025/FB-Spar Womens-ToUpload/DSC_7467.jpg iteration=3 outcome=ok bytes=131072 timedout_delta=0 retransmitted_delta=0 reconnects_delta=0
PIC_NFS stage=rpc_read elapsed_ms=3 tid=139845212063424 host=DietPi.local export=/mnt/4TBS relative=/Spar Ladies 2025/FB-Spar Womens-ToUpload/DSC_7467.jpg iteration=4 outcome=ok bytes=262144 timedout_delta=0 retransmitted_delta=0 reconnects_delta=0
PIC_NFS stage=rpc_read elapsed_ms=5 tid=139845212063424 host=DietPi.local export=/mnt/4TBS relative=/Spar Ladies 2025/FB-Spar Womens-ToUpload/DSC_7467.jpg iteration=5 outcome=ok bytes=388103 timedout_delta=0 retransmitted_delta=0 reconnects_delta=0
PIC_NFS stage=rpc_read elapsed_ms=1 tid=139845212063424 host=DietPi.local export=/mnt/4TBS relative=/Spar Ladies 2025/FB-Spar Womens-ToUpload/DSC_7467.jpg iteration=6 outcome=ok bytes=0 timedout_delta=0 retransmitted_delta=0 reconnects_delta=0
PIC_NFS stage=file_read_complete elapsed_ms=23 tid=139845212063424 host=DietPi.local export=/mnt/4TBS relative=/Spar Ladies 2025/FB-Spar Womens-ToUpload/DSC_7467.jpg outcome=ok bytes=912391 calls=6
PIC_NETWORK tid=ThreadId(81) PRIVATE_NFS read_done bytes=912391 elapsed_ms=24 uri=nfs://DietPi.local/mnt/4TBS/Spar%20Ladies%202025/FB-Spar%20Womens-ToUpload/DSC_7467.jpg
PIC_VIEWER source_cache action=insert bytes=912391 uri=nfs://DietPi.local/mnt/4TBS/Spar%20Ladies%202025/FB-Spar%20Womens-ToUpload/DSC_7467.jpg
PIC_VIEWER source_cache action=evict bytes=1076032 uri=nfs://DietPi.local/mnt/4TBS/Spar%20Ladies%202025/FB-Spar%20Womens-ToUpload/DSC_5986.jpg
PIC_VIEWER network_done lane=foreground read_ms=24 bytes=912391 source=network outcome=ok uri=nfs://DietPi.local/mnt/4TBS/Spar%20Ladies%202025/FB-Spar%20Womens-ToUpload/DSC_7467.jpg
PIC_VIEWER decode_stage source_ms=24 cpu_ms=24 uri=nfs://DietPi.local/mnt/4TBS/Spar%20Ladies%202025/FB-Spar%20Womens-ToUpload/DSC_7467.jpg
PIC_VIEWER t_ms=25808 tid=ThreadId(81) decode_done uri=nfs://DietPi.local/mnt/4TBS/Spar%20Ladies%202025/FB-Spar%20Womens-ToUpload/DSC_7467.jpg variant=1124x794 elapsed_ms=51 outcome=ok
PIC_VIEWER t_ms=25809 tid=ThreadId(1) display_apply elapsed_ms=0 uri=nfs://DietPi.local/mnt/4TBS/Spar%20Ladies%202025/FB-Spar%20Womens-ToUpload/DSC_7467.jpg
PIC_VIEWER t_ms=25809 tid=ThreadId(1) display_done lane=foreground source=decode navigation_ms=52 uri=nfs://DietPi.local/mnt/4TBS/Spar%20Ladies%202025/FB-Spar%20Womens-ToUpload/DSC_7467.jpg
PIC_VIEWER t_ms=25809 tid=ThreadId(1) cache_evict uri=nfs://DietPi.local/mnt/4TBS/Spar%20Ladies%202025/10km/DSC_6074.jpg bytes=3372000 remaining_entries=32 remaining_bytes=106133816
PIC_VIEWER t_ms=25977 tid=ThreadId(1) wheel_event dy=1
PIC_VIEWER t_ms=25977 tid=ThreadId(1) navigation_dispatch source=wheel from_index=1728 to_index=1729 direction=1
PIC_VIEWER t_ms=25977 tid=ThreadId(1) infobar_update source=wheel index=1729 uri=nfs://DietPi.local/mnt/4TBS/Spar%20Ladies%202025/FB-Spar%20Womens-ToUpload/DSC_7468.jpg
PIC_VIEWER t_ms=25978 tid=ThreadId(1) show_photo_request generation=62 index=1729 uri=nfs://DietPi.local/mnt/4TBS/Spar%20Ladies%202025/FB-Spar%20Womens-ToUpload/DSC_7468.jpg
PIC_VIEWER t_ms=25978 tid=ThreadId(1) request lane=foreground action=new uri=nfs://DietPi.local/mnt/4TBS/Spar%20Ladies%202025/FB-Spar%20Womens-ToUpload/DSC_7468.jpg variant=1124x794
PIC_VIEWER t_ms=25978 tid=ThreadId(82) decode_start uri=nfs://DietPi.local/mnt/4TBS/Spar%20Ladies%202025/FB-Spar%20Womens-ToUpload/DSC_7468.jpg variant=1124x794 queue_ms=0
PIC_VIEWER source_cache lane=foreground action=miss uri=nfs://DietPi.local/mnt/4TBS/Spar%20Ladies%202025/FB-Spar%20Womens-ToUpload/DSC_7468.jpg
PIC_VIEWER network_slot lane=foreground wait_ms=0 uri=nfs://DietPi.local/mnt/4TBS/Spar%20Ladies%202025/FB-Spar%20Womens-ToUpload/DSC_7468.jpg
PIC_NETWORK tid=ThreadId(82) PRIVATE_NFS export_cache_hit host=DietPi.local count=5
PIC_NETWORK tid=ThreadId(82) PRIVATE_NFS read_start uri=nfs://DietPi.local/mnt/4TBS/Spar%20Ladies%202025/FB-Spar%20Womens-ToUpload/DSC_7468.jpg max_bytes=134217728
PIC_NFS stage=read_session_lock elapsed_ms=0 tid=139845212063424 host=DietPi.local export=/mnt/4TBS relative=/Spar Ladies 2025/FB-Spar Womens-ToUpload/DSC_7468.jpg outcome=acquired
PIC_NFS_CONNECT reuse host=DietPi.local export=/mnt/4TBS
PIC_NFS stage=file_open elapsed_ms=2 tid=139845212063424 host=DietPi.local export=/mnt/4TBS relative=/Spar Ladies 2025/FB-Spar Womens-ToUpload/DSC_7468.jpg outcome=ok
PIC_NFS stage=rpc_read elapsed_ms=2 tid=139845212063424 host=DietPi.local export=/mnt/4TBS relative=/Spar Ladies 2025/FB-Spar Womens-ToUpload/DSC_7468.jpg iteration=1 outcome=ok bytes=65536 timedout_delta=0 retransmitted_delta=0 reconnects_delta=0
PIC_NFS stage=first_read elapsed_ms=2 tid=139845212063424 host=DietPi.local export=/mnt/4TBS relative=/Spar Ladies 2025/FB-Spar Womens-ToUpload/DSC_7468.jpg outcome=ok bytes=65536
PIC_NFS stage=rpc_read elapsed_ms=1 tid=139845212063424 host=DietPi.local export=/mnt/4TBS relative=/Spar Ladies 2025/FB-Spar Womens-ToUpload/DSC_7468.jpg iteration=2 outcome=ok bytes=65536 timedout_delta=0 retransmitted_delta=0 reconnects_delta=0
PIC_NFS stage=rpc_read elapsed_ms=2 tid=139845212063424 host=DietPi.local export=/mnt/4TBS relative=/Spar Ladies 2025/FB-Spar Womens-ToUpload/DSC_7468.jpg iteration=3 outcome=ok bytes=131072 timedout_delta=0 retransmitted_delta=0 reconnects_delta=0
PIC_NFS stage=rpc_read elapsed_ms=4 tid=139845212063424 host=DietPi.local export=/mnt/4TBS relative=/Spar Ladies 2025/FB-Spar Womens-ToUpload/DSC_7468.jpg iteration=4 outcome=ok bytes=262144 timedout_delta=0 retransmitted_delta=0 reconnects_delta=0
PIC_VIEWER t_ms=25993 tid=ThreadId(1) wheel_event dy=1
PIC_VIEWER t_ms=25993 tid=ThreadId(1) wheel_accumulate current_index=1729 target_index=1730 direction=1
PIC_NFS stage=rpc_read elapsed_ms=7 tid=139845212063424 host=DietPi.local export=/mnt/4TBS relative=/Spar Ladies 2025/FB-Spar Womens-ToUpload/DSC_7468.jpg iteration=5 outcome=ok bytes=524288 timedout_delta=0 retransmitted_delta=0 reconnects_delta=0
PIC_NFS stage=rpc_read elapsed_ms=2 tid=139845212063424 host=DietPi.local export=/mnt/4TBS relative=/Spar Ladies 2025/FB-Spar Womens-ToUpload/DSC_7468.jpg iteration=6 outcome=ok bytes=125897 timedout_delta=0 retransmitted_delta=0 reconnects_delta=0
PIC_NFS stage=rpc_read elapsed_ms=0 tid=139845212063424 host=DietPi.local export=/mnt/4TBS relative=/Spar Ladies 2025/FB-Spar Womens-ToUpload/DSC_7468.jpg iteration=7 outcome=ok bytes=0 timedout_delta=0 retransmitted_delta=0 reconnects_delta=0
PIC_NFS stage=file_read_complete elapsed_ms=18 tid=139845212063424 host=DietPi.local export=/mnt/4TBS relative=/Spar Ladies 2025/FB-Spar Womens-ToUpload/DSC_7468.jpg outcome=ok bytes=1174473 calls=7
PIC_NETWORK tid=ThreadId(82) PRIVATE_NFS read_done bytes=1174473 elapsed_ms=20 uri=nfs://DietPi.local/mnt/4TBS/Spar%20Ladies%202025/FB-Spar%20Womens-ToUpload/DSC_7468.jpg
PIC_VIEWER source_cache action=insert bytes=1174473 uri=nfs://DietPi.local/mnt/4TBS/Spar%20Ladies%202025/FB-Spar%20Womens-ToUpload/DSC_7468.jpg
PIC_VIEWER source_cache action=evict bytes=1484580 uri=nfs://DietPi.local/mnt/4TBS/Spar%20Ladies%202025/FB-Spar%20Womens-ToUpload/DSC_5987.jpg
PIC_VIEWER network_done lane=foreground read_ms=20 bytes=1174473 source=network outcome=ok uri=nfs://DietPi.local/mnt/4TBS/Spar%20Ladies%202025/FB-Spar%20Womens-ToUpload/DSC_7468.jpg
PIC_VIEWER t_ms=26009 tid=ThreadId(1) wheel_event dy=1
PIC_VIEWER t_ms=26009 tid=ThreadId(1) wheel_accumulate current_index=1729 target_index=1731 direction=1
PIC_VIEWER t_ms=26017 tid=ThreadId(1) wheel_event dy=1
PIC_VIEWER t_ms=26017 tid=ThreadId(1) wheel_accumulate current_index=1729 target_index=1732 direction=1
PIC_VIEWER t_ms=26026 tid=ThreadId(1) wheel_event dy=1
PIC_VIEWER t_ms=26026 tid=ThreadId(1) wheel_accumulate current_index=1729 target_index=1733 direction=1
PIC_VIEWER decode_stage source_ms=20 cpu_ms=28 uri=nfs://DietPi.local/mnt/4TBS/Spar%20Ladies%202025/FB-Spar%20Womens-ToUpload/DSC_7468.jpg
PIC_VIEWER t_ms=26030 tid=ThreadId(82) decode_done uri=nfs://DietPi.local/mnt/4TBS/Spar%20Ladies%202025/FB-Spar%20Womens-ToUpload/DSC_7468.jpg variant=1124x794 elapsed_ms=51 outcome=ok
PIC_VIEWER t_ms=26031 tid=ThreadId(1) display_apply elapsed_ms=1 uri=nfs://DietPi.local/mnt/4TBS/Spar%20Ladies%202025/FB-Spar%20Womens-ToUpload/DSC_7468.jpg
PIC_VIEWER t_ms=26031 tid=ThreadId(1) display_done lane=foreground source=decode navigation_ms=52 uri=nfs://DietPi.local/mnt/4TBS/Spar%20Ladies%202025/FB-Spar%20Womens-ToUpload/DSC_7468.jpg
PIC_VIEWER t_ms=26031 tid=ThreadId(1) cache_evict uri=nfs://DietPi.local/mnt/4TBS/Spar%20Ladies%202025/10km/DSC_6325.jpg bytes=3372000 remaining_entries=32 remaining_bytes=106133816
PIC_VIEWER t_ms=26031 tid=ThreadId(1) navigation_dispatch source=wheel_coalesced from_index=1729 to_index=1733 direction=1
PIC_VIEWER t_ms=26031 tid=ThreadId(1) infobar_update source=wheel index=1733 uri=nfs://DietPi.local/mnt/4TBS/Spar%20Ladies%202025/FB-Spar%20Womens-ToUpload/DSC_7472.jpg
PIC_VIEWER t_ms=26031 tid=ThreadId(1) show_photo_request generation=63 index=1733 uri=nfs://DietPi.local/mnt/4TBS/Spar%20Ladies%202025/FB-Spar%20Womens-ToUpload/DSC_7472.jpg
PIC_VIEWER t_ms=26031 tid=ThreadId(1) request lane=foreground action=new uri=nfs://DietPi.local/mnt/4TBS/Spar%20Ladies%202025/FB-Spar%20Womens-ToUpload/DSC_7472.jpg variant=1124x794
PIC_VIEWER t_ms=26031 tid=ThreadId(83) decode_start uri=nfs://DietPi.local/mnt/4TBS/Spar%20Ladies%202025/FB-Spar%20Womens-ToUpload/DSC_7472.jpg variant=1124x794 queue_ms=0
PIC_VIEWER source_cache lane=foreground action=miss uri=nfs://DietPi.local/mnt/4TBS/Spar%20Ladies%202025/FB-Spar%20Womens-ToUpload/DSC_7472.jpg
PIC_VIEWER network_slot lane=foreground wait_ms=0 uri=nfs://DietPi.local/mnt/4TBS/Spar%20Ladies%202025/FB-Spar%20Womens-ToUpload/DSC_7472.jpg
PIC_NETWORK tid=ThreadId(83) PRIVATE_NFS export_cache_hit host=DietPi.local count=5
PIC_NETWORK tid=ThreadId(83) PRIVATE_NFS read_start uri=nfs://DietPi.local/mnt/4TBS/Spar%20Ladies%202025/FB-Spar%20Womens-ToUpload/DSC_7472.jpg max_bytes=134217728
PIC_NFS stage=read_session_lock elapsed_ms=0 tid=139845212063424 host=DietPi.local export=/mnt/4TBS relative=/Spar Ladies 2025/FB-Spar Womens-ToUpload/DSC_7472.jpg outcome=acquired
PIC_NFS_CONNECT reuse host=DietPi.local export=/mnt/4TBS
PIC_NFS stage=file_open elapsed_ms=2 tid=139845212063424 host=DietPi.local export=/mnt/4TBS relative=/Spar Ladies 2025/FB-Spar Womens-ToUpload/DSC_7472.jpg outcome=ok
PIC_VIEWER t_ms=26034 tid=ThreadId(1) wheel_event dy=1
PIC_VIEWER t_ms=26034 tid=ThreadId(1) wheel_accumulate current_index=1733 target_index=1734 direction=1
PIC_NFS stage=rpc_read elapsed_ms=8 tid=139845212063424 host=DietPi.local export=/mnt/4TBS relative=/Spar Ladies 2025/FB-Spar Womens-ToUpload/DSC_7472.jpg iteration=1 outcome=ok bytes=65536 timedout_delta=0 retransmitted_delta=0 reconnects_delta=0
PIC_NFS stage=first_read elapsed_ms=8 tid=139845212063424 host=DietPi.local export=/mnt/4TBS relative=/Spar Ladies 2025/FB-Spar Womens-ToUpload/DSC_7472.jpg outcome=ok bytes=65536
PIC_VIEWER t_ms=26041 tid=ThreadId(1) wheel_event dy=1
PIC_VIEWER t_ms=26042 tid=ThreadId(1) wheel_accumulate current_index=1733 target_index=1735 direction=1
PIC_NFS stage=rpc_read elapsed_ms=2 tid=139845212063424 host=DietPi.local export=/mnt/4TBS relative=/Spar Ladies 2025/FB-Spar Womens-ToUpload/DSC_7472.jpg iteration=2 outcome=ok bytes=65536 timedout_delta=0 retransmitted_delta=0 reconnects_delta=0
PIC_NFS stage=rpc_read elapsed_ms=2 tid=139845212063424 host=DietPi.local export=/mnt/4TBS relative=/Spar Ladies 2025/FB-Spar Womens-ToUpload/DSC_7472.jpg iteration=3 outcome=ok bytes=131072 timedout_delta=0 retransmitted_delta=0 reconnects_delta=0
PIC_NFS stage=rpc_read elapsed_ms=3 tid=139845212063424 host=DietPi.local export=/mnt/4TBS relative=/Spar Ladies 2025/FB-Spar Womens-ToUpload/DSC_7472.jpg iteration=4 outcome=ok bytes=262144 timedout_delta=0 retransmitted_delta=0 reconnects_delta=0
PIC_NFS stage=rpc_read elapsed_ms=8 tid=139845212063424 host=DietPi.local export=/mnt/4TBS relative=/Spar Ladies 2025/FB-Spar Womens-ToUpload/DSC_7472.jpg iteration=5 outcome=ok bytes=524288 timedout_delta=0 retransmitted_delta=0 reconnects_delta=0
PIC_VIEWER t_ms=26058 tid=ThreadId(1) wheel_event dy=1
PIC_VIEWER t_ms=26058 tid=ThreadId(1) wheel_accumulate current_index=1733 target_index=1736 direction=1
PIC_NFS stage=rpc_read elapsed_ms=5 tid=139845212063424 host=DietPi.local export=/mnt/4TBS relative=/Spar Ladies 2025/FB-Spar Womens-ToUpload/DSC_7472.jpg iteration=6 outcome=ok bytes=309123 timedout_delta=0 retransmitted_delta=0 reconnects_delta=0
PIC_NFS stage=rpc_read elapsed_ms=0 tid=139845212063424 host=DietPi.local export=/mnt/4TBS relative=/Spar Ladies 2025/FB-Spar Womens-ToUpload/DSC_7472.jpg iteration=7 outcome=ok bytes=0 timedout_delta=0 retransmitted_delta=0 reconnects_delta=0
PIC_NFS stage=file_read_complete elapsed_ms=28 tid=139845212063424 host=DietPi.local export=/mnt/4TBS relative=/Spar Ladies 2025/FB-Spar Womens-ToUpload/DSC_7472.jpg outcome=ok bytes=1357699 calls=7
PIC_NETWORK tid=ThreadId(83) PRIVATE_NFS read_done bytes=1357699 elapsed_ms=30 uri=nfs://DietPi.local/mnt/4TBS/Spar%20Ladies%202025/FB-Spar%20Womens-ToUpload/DSC_7472.jpg
PIC_VIEWER source_cache action=insert bytes=1357699 uri=nfs://DietPi.local/mnt/4TBS/Spar%20Ladies%202025/FB-Spar%20Womens-ToUpload/DSC_7472.jpg
PIC_VIEWER source_cache action=evict bytes=1488334 uri=nfs://DietPi.local/mnt/4TBS/Spar%20Ladies%202025/FB-Spar%20Womens-ToUpload/DSC_5988.jpg
PIC_VIEWER network_done lane=foreground read_ms=30 bytes=1357699 source=network outcome=ok uri=nfs://DietPi.local/mnt/4TBS/Spar%20Ladies%202025/FB-Spar%20Womens-ToUpload/DSC_7472.jpg
PIC_VIEWER decode_stage source_ms=30 cpu_ms=29 uri=nfs://DietPi.local/mnt/4TBS/Spar%20Ladies%202025/FB-Spar%20Womens-ToUpload/DSC_7472.jpg
PIC_VIEWER t_ms=26094 tid=ThreadId(83) decode_done uri=nfs://DietPi.local/mnt/4TBS/Spar%20Ladies%202025/FB-Spar%20Womens-ToUpload/DSC_7472.jpg variant=1124x794 elapsed_ms=62 outcome=ok
PIC_VIEWER t_ms=26095 tid=ThreadId(1) display_apply elapsed_ms=1 uri=nfs://DietPi.local/mnt/4TBS/Spar%20Ladies%202025/FB-Spar%20Womens-ToUpload/DSC_7472.jpg
PIC_VIEWER t_ms=26095 tid=ThreadId(1) display_done lane=foreground source=decode navigation_ms=63 uri=nfs://DietPi.local/mnt/4TBS/Spar%20Ladies%202025/FB-Spar%20Womens-ToUpload/DSC_7472.jpg
PIC_VIEWER t_ms=26095 tid=ThreadId(1) cache_evict uri=nfs://DietPi.local/mnt/4TBS/Spar%20Ladies%202025/10km/DSC_6224.jpg bytes=3372000 remaining_entries=32 remaining_bytes=106133816
PIC_VIEWER t_ms=26095 tid=ThreadId(1) navigation_dispatch source=wheel_coalesced from_index=1733 to_index=1736 direction=1
PIC_VIEWER t_ms=26095 tid=ThreadId(1) infobar_update source=wheel index=1736 uri=nfs://DietPi.local/mnt/4TBS/Spar%20Ladies%202025/FB-Spar%20Womens-ToUpload/DSC_7475.jpg
PIC_VIEWER t_ms=26095 tid=ThreadId(1) show_photo_request generation=64 index=1736 uri=nfs://DietPi.local/mnt/4TBS/Spar%20Ladies%202025/FB-Spar%20Womens-ToUpload/DSC_7475.jpg
PIC_VIEWER t_ms=26095 tid=ThreadId(1) request lane=foreground action=new uri=nfs://DietPi.local/mnt/4TBS/Spar%20Ladies%202025/FB-Spar%20Womens-ToUpload/DSC_7475.jpg variant=1124x794
PIC_VIEWER t_ms=26095 tid=ThreadId(84) decode_start uri=nfs://DietPi.local/mnt/4TBS/Spar%20Ladies%202025/FB-Spar%20Womens-ToUpload/DSC_7475.jpg variant=1124x794 queue_ms=0
PIC_VIEWER source_cache lane=foreground action=miss uri=nfs://DietPi.local/mnt/4TBS/Spar%20Ladies%202025/FB-Spar%20Womens-ToUpload/DSC_7475.jpg
PIC_VIEWER network_slot lane=foreground wait_ms=0 uri=nfs://DietPi.local/mnt/4TBS/Spar%20Ladies%202025/FB-Spar%20Womens-ToUpload/DSC_7475.jpg
PIC_NETWORK tid=ThreadId(84) PRIVATE_NFS export_cache_hit host=DietPi.local count=5
PIC_NETWORK tid=ThreadId(84) PRIVATE_NFS read_start uri=nfs://DietPi.local/mnt/4TBS/Spar%20Ladies%202025/FB-Spar%20Womens-ToUpload/DSC_7475.jpg max_bytes=134217728
PIC_NFS stage=read_session_lock elapsed_ms=0 tid=139845212063424 host=DietPi.local export=/mnt/4TBS relative=/Spar Ladies 2025/FB-Spar Womens-ToUpload/DSC_7475.jpg outcome=acquired
PIC_NFS_CONNECT reuse host=DietPi.local export=/mnt/4TBS
PIC_NFS stage=file_open elapsed_ms=1 tid=139845212063424 host=DietPi.local export=/mnt/4TBS relative=/Spar Ladies 2025/FB-Spar Womens-ToUpload/DSC_7475.jpg outcome=ok
PIC_NFS stage=rpc_read elapsed_ms=8 tid=139845212063424 host=DietPi.local export=/mnt/4TBS relative=/Spar Ladies 2025/FB-Spar Womens-ToUpload/DSC_7475.jpg iteration=1 outcome=ok bytes=65536 timedout_delta=0 retransmitted_delta=0 reconnects_delta=0
PIC_NFS stage=first_read elapsed_ms=8 tid=139845212063424 host=DietPi.local export=/mnt/4TBS relative=/Spar Ladies 2025/FB-Spar Womens-ToUpload/DSC_7475.jpg outcome=ok bytes=65536
PIC_NFS stage=rpc_read elapsed_ms=1 tid=139845212063424 host=DietPi.local export=/mnt/4TBS relative=/Spar Ladies 2025/FB-Spar Womens-ToUpload/DSC_7475.jpg iteration=2 outcome=ok bytes=65536 timedout_delta=0 retransmitted_delta=0 reconnects_delta=0
PIC_NFS stage=rpc_read elapsed_ms=2 tid=139845212063424 host=DietPi.local export=/mnt/4TBS relative=/Spar Ladies 2025/FB-Spar Womens-ToUpload/DSC_7475.jpg iteration=3 outcome=ok bytes=131072 timedout_delta=0 retransmitted_delta=0 reconnects_delta=0
PIC_NFS stage=rpc_read elapsed_ms=4 tid=139845212063424 host=DietPi.local export=/mnt/4TBS relative=/Spar Ladies 2025/FB-Spar Womens-ToUpload/DSC_7475.jpg iteration=4 outcome=ok bytes=262144 timedout_delta=0 retransmitted_delta=0 reconnects_delta=0
PIC_NFS stage=rpc_read elapsed_ms=7 tid=139845212063424 host=DietPi.local export=/mnt/4TBS relative=/Spar Ladies 2025/FB-Spar Womens-ToUpload/DSC_7475.jpg iteration=5 outcome=ok bytes=524288 timedout_delta=0 retransmitted_delta=0 reconnects_delta=0
PIC_NFS stage=rpc_read elapsed_ms=3 tid=139845212063424 host=DietPi.local export=/mnt/4TBS relative=/Spar Ladies 2025/FB-Spar Womens-ToUpload/DSC_7475.jpg iteration=6 outcome=ok bytes=262257 timedout_delta=0 retransmitted_delta=0 reconnects_delta=0
PIC_NFS stage=rpc_read elapsed_ms=1 tid=139845212063424 host=DietPi.local export=/mnt/4TBS relative=/Spar Ladies 2025/FB-Spar Womens-ToUpload/DSC_7475.jpg iteration=7 outcome=ok bytes=0 timedout_delta=0 retransmitted_delta=0 reconnects_delta=0
PIC_NFS stage=file_read_complete elapsed_ms=26 tid=139845212063424 host=DietPi.local export=/mnt/4TBS relative=/Spar Ladies 2025/FB-Spar Womens-ToUpload/DSC_7475.jpg outcome=ok bytes=1310833 calls=7
PIC_NETWORK tid=ThreadId(84) PRIVATE_NFS read_done bytes=1310833 elapsed_ms=27 uri=nfs://DietPi.local/mnt/4TBS/Spar%20Ladies%202025/FB-Spar%20Womens-ToUpload/DSC_7475.jpg
PIC_VIEWER source_cache action=insert bytes=1310833 uri=nfs://DietPi.local/mnt/4TBS/Spar%20Ladies%202025/FB-Spar%20Womens-ToUpload/DSC_7475.jpg
PIC_VIEWER source_cache action=evict bytes=1254004 uri=nfs://DietPi.local/mnt/4TBS/Spar%20Ladies%202025/FB-Spar%20Womens-ToUpload/DSC_5989.jpg
PIC_VIEWER network_done lane=foreground read_ms=27 bytes=1310833 source=network outcome=ok uri=nfs://DietPi.local/mnt/4TBS/Spar%20Ladies%202025/FB-Spar%20Womens-ToUpload/DSC_7475.jpg
PIC_VIEWER decode_stage source_ms=27 cpu_ms=28 uri=nfs://DietPi.local/mnt/4TBS/Spar%20Ladies%202025/FB-Spar%20Womens-ToUpload/DSC_7475.jpg
PIC_VIEWER t_ms=26154 tid=ThreadId(84) decode_done uri=nfs://DietPi.local/mnt/4TBS/Spar%20Ladies%202025/FB-Spar%20Womens-ToUpload/DSC_7475.jpg variant=1124x794 elapsed_ms=58 outcome=ok
PIC_VIEWER t_ms=26155 tid=ThreadId(1) display_apply elapsed_ms=1 uri=nfs://DietPi.local/mnt/4TBS/Spar%20Ladies%202025/FB-Spar%20Womens-ToUpload/DSC_7475.jpg
PIC_VIEWER t_ms=26155 tid=ThreadId(1) display_done lane=foreground source=decode navigation_ms=59 uri=nfs://DietPi.local/mnt/4TBS/Spar%20Ladies%202025/FB-Spar%20Womens-ToUpload/DSC_7475.jpg
PIC_VIEWER t_ms=26155 tid=ThreadId(1) cache_evict uri=nfs://DietPi.local/mnt/4TBS/Spar%20Ladies%202025/10km/DSC_6355.jpg bytes=3372000 remaining_entries=32 remaining_bytes=106133816
PIC_VIEWER t_ms=26265 tid=ThreadId(1) wheel_event dy=1
PIC_VIEWER t_ms=26265 tid=ThreadId(1) navigation_dispatch source=wheel from_index=1736 to_index=1737 direction=1
PIC_VIEWER t_ms=26265 tid=ThreadId(1) infobar_update source=wheel index=1737 uri=nfs://DietPi.local/mnt/4TBS/Spar%20Ladies%202025/FB-Spar%20Womens-ToUpload/DSC_7476.jpg
PIC_VIEWER t_ms=26266 tid=ThreadId(1) show_photo_request generation=65 index=1737 uri=nfs://DietPi.local/mnt/4TBS/Spar%20Ladies%202025/FB-Spar%20Womens-ToUpload/DSC_7476.jpg
PIC_VIEWER t_ms=26266 tid=ThreadId(1) request lane=foreground action=new uri=nfs://DietPi.local/mnt/4TBS/Spar%20Ladies%202025/FB-Spar%20Womens-ToUpload/DSC_7476.jpg variant=1124x794
PIC_VIEWER t_ms=26266 tid=ThreadId(85) decode_start uri=nfs://DietPi.local/mnt/4TBS/Spar%20Ladies%202025/FB-Spar%20Womens-ToUpload/DSC_7476.jpg variant=1124x794 queue_ms=0
PIC_VIEWER source_cache lane=foreground action=miss uri=nfs://DietPi.local/mnt/4TBS/Spar%20Ladies%202025/FB-Spar%20Womens-ToUpload/DSC_7476.jpg
PIC_VIEWER network_slot lane=foreground wait_ms=0 uri=nfs://DietPi.local/mnt/4TBS/Spar%20Ladies%202025/FB-Spar%20Womens-ToUpload/DSC_7476.jpg
PIC_NETWORK tid=ThreadId(85) PRIVATE_NFS export_cache_hit host=DietPi.local count=5
PIC_NETWORK tid=ThreadId(85) PRIVATE_NFS read_start uri=nfs://DietPi.local/mnt/4TBS/Spar%20Ladies%202025/FB-Spar%20Womens-ToUpload/DSC_7476.jpg max_bytes=134217728
PIC_NFS stage=read_session_lock elapsed_ms=0 tid=139845212063424 host=DietPi.local export=/mnt/4TBS relative=/Spar Ladies 2025/FB-Spar Womens-ToUpload/DSC_7476.jpg outcome=acquired
PIC_NFS_CONNECT reuse host=DietPi.local export=/mnt/4TBS
PIC_NFS stage=file_open elapsed_ms=2 tid=139845212063424 host=DietPi.local export=/mnt/4TBS relative=/Spar Ladies 2025/FB-Spar Womens-ToUpload/DSC_7476.jpg outcome=ok
PIC_NFS stage=rpc_read elapsed_ms=2 tid=139845212063424 host=DietPi.local export=/mnt/4TBS relative=/Spar Ladies 2025/FB-Spar Womens-ToUpload/DSC_7476.jpg iteration=1 outcome=ok bytes=65536 timedout_delta=0 retransmitted_delta=0 reconnects_delta=0
PIC_NFS stage=first_read elapsed_ms=2 tid=139845212063424 host=DietPi.local export=/mnt/4TBS relative=/Spar Ladies 2025/FB-Spar Womens-ToUpload/DSC_7476.jpg outcome=ok bytes=65536
PIC_NFS stage=rpc_read elapsed_ms=1 tid=139845212063424 host=DietPi.local export=/mnt/4TBS relative=/Spar Ladies 2025/FB-Spar Womens-ToUpload/DSC_7476.jpg iteration=2 outcome=ok bytes=65536 timedout_delta=0 retransmitted_delta=0 reconnects_delta=0
PIC_NFS stage=rpc_read elapsed_ms=2 tid=139845212063424 host=DietPi.local export=/mnt/4TBS relative=/Spar Ladies 2025/FB-Spar Womens-ToUpload/DSC_7476.jpg iteration=3 outcome=ok bytes=131072 timedout_delta=0 retransmitted_delta=0 reconnects_delta=0
PIC_NFS stage=rpc_read elapsed_ms=4 tid=139845212063424 host=DietPi.local export=/mnt/4TBS relative=/Spar Ladies 2025/FB-Spar Womens-ToUpload/DSC_7476.jpg iteration=4 outcome=ok bytes=262144 timedout_delta=0 retransmitted_delta=0 reconnects_delta=0
PIC_VIEWER t_ms=26281 tid=ThreadId(1) wheel_event dy=1
PIC_VIEWER t_ms=26281 tid=ThreadId(1) wheel_accumulate current_index=1737 target_index=1738 direction=1
PIC_NFS stage=rpc_read elapsed_ms=7 tid=139845212063424 host=DietPi.local export=/mnt/4TBS relative=/Spar Ladies 2025/FB-Spar Womens-ToUpload/DSC_7476.jpg iteration=5 outcome=ok bytes=524288 timedout_delta=0 retransmitted_delta=0 reconnects_delta=0
PIC_NFS stage=rpc_read elapsed_ms=4 tid=139845212063424 host=DietPi.local export=/mnt/4TBS relative=/Spar Ladies 2025/FB-Spar Womens-ToUpload/DSC_7476.jpg iteration=6 outcome=ok bytes=255827 timedout_delta=0 retransmitted_delta=0 reconnects_delta=0
PIC_NFS stage=rpc_read elapsed_ms=0 tid=139845212063424 host=DietPi.local export=/mnt/4TBS relative=/Spar Ladies 2025/FB-Spar Womens-ToUpload/DSC_7476.jpg iteration=7 outcome=ok bytes=0 timedout_delta=0 retransmitted_delta=0 reconnects_delta=0
PIC_NFS stage=file_read_complete elapsed_ms=20 tid=139845212063424 host=DietPi.local export=/mnt/4TBS relative=/Spar Ladies 2025/FB-Spar Womens-ToUpload/DSC_7476.jpg outcome=ok bytes=1304403 calls=7
PIC_NETWORK tid=ThreadId(85) PRIVATE_NFS read_done bytes=1304403 elapsed_ms=22 uri=nfs://DietPi.local/mnt/4TBS/Spar%20Ladies%202025/FB-Spar%20Womens-ToUpload/DSC_7476.jpg
PIC_VIEWER source_cache action=insert bytes=1304403 uri=nfs://DietPi.local/mnt/4TBS/Spar%20Ladies%202025/FB-Spar%20Womens-ToUpload/DSC_7476.jpg
PIC_VIEWER source_cache action=evict bytes=1180837 uri=nfs://DietPi.local/mnt/4TBS/Spar%20Ladies%202025/FB-Spar%20Womens-ToUpload/DSC_5990.jpg
PIC_VIEWER network_done lane=foreground read_ms=22 bytes=1304403 source=network outcome=ok uri=nfs://DietPi.local/mnt/4TBS/Spar%20Ladies%202025/FB-Spar%20Womens-ToUpload/DSC_7476.jpg
PIC_VIEWER t_ms=26289 tid=ThreadId(1) wheel_event dy=1
PIC_VIEWER t_ms=26289 tid=ThreadId(1) wheel_accumulate current_index=1737 target_index=1739 direction=1
PIC_VIEWER t_ms=26297 tid=ThreadId(1) wheel_event dy=1
PIC_VIEWER t_ms=26297 tid=ThreadId(1) wheel_accumulate current_index=1737 target_index=1740 direction=1
PIC_VIEWER t_ms=26305 tid=ThreadId(1) wheel_event dy=1
PIC_VIEWER t_ms=26305 tid=ThreadId(1) wheel_accumulate current_index=1737 target_index=1741 direction=1
PIC_VIEWER t_ms=26313 tid=ThreadId(1) wheel_event dy=1
PIC_VIEWER t_ms=26313 tid=ThreadId(1) wheel_accumulate current_index=1737 target_index=1742 direction=1
PIC_VIEWER decode_stage source_ms=22 cpu_ms=29 uri=nfs://DietPi.local/mnt/4TBS/Spar%20Ladies%202025/FB-Spar%20Womens-ToUpload/DSC_7476.jpg
PIC_VIEWER t_ms=26320 tid=ThreadId(85) decode_done uri=nfs://DietPi.local/mnt/4TBS/Spar%20Ladies%202025/FB-Spar%20Womens-ToUpload/DSC_7476.jpg variant=1124x794 elapsed_ms=53 outcome=ok
PIC_VIEWER t_ms=26321 tid=ThreadId(1) display_apply elapsed_ms=0 uri=nfs://DietPi.local/mnt/4TBS/Spar%20Ladies%202025/FB-Spar%20Womens-ToUpload/DSC_7476.jpg
PIC_VIEWER t_ms=26321 tid=ThreadId(1) display_done lane=foreground source=decode navigation_ms=55 uri=nfs://DietPi.local/mnt/4TBS/Spar%20Ladies%202025/FB-Spar%20Womens-ToUpload/DSC_7476.jpg
PIC_VIEWER t_ms=26321 tid=ThreadId(1) cache_evict uri=smb://dietpi.local/4tbp/Other/Makayla/VID_0159.jpg bytes=3354016 remaining_entries=32 remaining_bytes=106151800
PIC_VIEWER t_ms=26321 tid=ThreadId(1) navigation_dispatch source=wheel_coalesced from_index=1737 to_index=1742 direction=1
PIC_VIEWER t_ms=26321 tid=ThreadId(1) infobar_update source=wheel index=1742 uri=nfs://DietPi.local/mnt/4TBS/Spar%20Ladies%202025/FB-Spar%20Womens-ToUpload/DSC_7481.jpg
PIC_VIEWER t_ms=26321 tid=ThreadId(1) show_photo_request generation=66 index=1742 uri=nfs://DietPi.local/mnt/4TBS/Spar%20Ladies%202025/FB-Spar%20Womens-ToUpload/DSC_7481.jpg
PIC_VIEWER t_ms=26321 tid=ThreadId(1) request lane=foreground action=new uri=nfs://DietPi.local/mnt/4TBS/Spar%20Ladies%202025/FB-Spar%20Womens-ToUpload/DSC_7481.jpg variant=1124x794
PIC_VIEWER t_ms=26321 tid=ThreadId(86) decode_start uri=nfs://DietPi.local/mnt/4TBS/Spar%20Ladies%202025/FB-Spar%20Womens-ToUpload/DSC_7481.jpg variant=1124x794 queue_ms=0
PIC_VIEWER source_cache lane=foreground action=miss uri=nfs://DietPi.local/mnt/4TBS/Spar%20Ladies%202025/FB-Spar%20Womens-ToUpload/DSC_7481.jpg
PIC_VIEWER network_slot lane=foreground wait_ms=0 uri=nfs://DietPi.local/mnt/4TBS/Spar%20Ladies%202025/FB-Spar%20Womens-ToUpload/DSC_7481.jpg
PIC_VIEWER t_ms=26321 tid=ThreadId(1) wheel_event dy=1
PIC_VIEWER t_ms=26322 tid=ThreadId(1) wheel_accumulate current_index=1742 target_index=1743 direction=1
PIC_NETWORK tid=ThreadId(86) PRIVATE_NFS export_cache_hit host=DietPi.local count=5
PIC_NETWORK tid=ThreadId(86) PRIVATE_NFS read_start uri=nfs://DietPi.local/mnt/4TBS/Spar%20Ladies%202025/FB-Spar%20Womens-ToUpload/DSC_7481.jpg max_bytes=134217728
PIC_NFS stage=read_session_lock elapsed_ms=0 tid=139845212063424 host=DietPi.local export=/mnt/4TBS relative=/Spar Ladies 2025/FB-Spar Womens-ToUpload/DSC_7481.jpg outcome=acquired
PIC_NFS_CONNECT reuse host=DietPi.local export=/mnt/4TBS
PIC_NFS stage=file_open elapsed_ms=2 tid=139845212063424 host=DietPi.local export=/mnt/4TBS relative=/Spar Ladies 2025/FB-Spar Womens-ToUpload/DSC_7481.jpg outcome=ok
PIC_NFS stage=rpc_read elapsed_ms=2 tid=139845212063424 host=DietPi.local export=/mnt/4TBS relative=/Spar Ladies 2025/FB-Spar Womens-ToUpload/DSC_7481.jpg iteration=1 outcome=ok bytes=65536 timedout_delta=0 retransmitted_delta=0 reconnects_delta=0
PIC_NFS stage=first_read elapsed_ms=2 tid=139845212063424 host=DietPi.local export=/mnt/4TBS relative=/Spar Ladies 2025/FB-Spar Womens-ToUpload/DSC_7481.jpg outcome=ok bytes=65536
PIC_NFS stage=rpc_read elapsed_ms=1 tid=139845212063424 host=DietPi.local export=/mnt/4TBS relative=/Spar Ladies 2025/FB-Spar Womens-ToUpload/DSC_7481.jpg iteration=2 outcome=ok bytes=65536 timedout_delta=0 retransmitted_delta=0 reconnects_delta=0
PIC_NFS stage=rpc_read elapsed_ms=3 tid=139845212063424 host=DietPi.local export=/mnt/4TBS relative=/Spar Ladies 2025/FB-Spar Womens-ToUpload/DSC_7481.jpg iteration=3 outcome=ok bytes=131072 timedout_delta=0 retransmitted_delta=0 reconnects_delta=0
PIC_VIEWER t_ms=26330 tid=ThreadId(1) wheel_event dy=1
PIC_VIEWER t_ms=26330 tid=ThreadId(1) wheel_accumulate current_index=1742 target_index=1744 direction=1
PIC_NFS stage=rpc_read elapsed_ms=3 tid=139845212063424 host=DietPi.local export=/mnt/4TBS relative=/Spar Ladies 2025/FB-Spar Womens-ToUpload/DSC_7481.jpg iteration=4 outcome=ok bytes=262144 timedout_delta=0 retransmitted_delta=0 reconnects_delta=0
PIC_NFS stage=rpc_read elapsed_ms=7 tid=139845212063424 host=DietPi.local export=/mnt/4TBS relative=/Spar Ladies 2025/FB-Spar Womens-ToUpload/DSC_7481.jpg iteration=5 outcome=ok bytes=524288 timedout_delta=0 retransmitted_delta=0 reconnects_delta=0
PIC_NFS stage=rpc_read elapsed_ms=4 tid=139845212063424 host=DietPi.local export=/mnt/4TBS relative=/Spar Ladies 2025/FB-Spar Womens-ToUpload/DSC_7481.jpg iteration=6 outcome=ok bytes=253794 timedout_delta=0 retransmitted_delta=0 reconnects_delta=0
PIC_NFS stage=rpc_read elapsed_ms=1 tid=139845212063424 host=DietPi.local export=/mnt/4TBS relative=/Spar Ladies 2025/FB-Spar Womens-ToUpload/DSC_7481.jpg iteration=7 outcome=ok bytes=0 timedout_delta=0 retransmitted_delta=0 reconnects_delta=0
PIC_NFS stage=file_read_complete elapsed_ms=21 tid=139845212063424 host=DietPi.local export=/mnt/4TBS relative=/Spar Ladies 2025/FB-Spar Womens-ToUpload/DSC_7481.jpg outcome=ok bytes=1302370 calls=7
PIC_NETWORK tid=ThreadId(86) PRIVATE_NFS read_done bytes=1302370 elapsed_ms=22 uri=nfs://DietPi.local/mnt/4TBS/Spar%20Ladies%202025/FB-Spar%20Womens-ToUpload/DSC_7481.jpg
PIC_VIEWER source_cache action=insert bytes=1302370 uri=nfs://DietPi.local/mnt/4TBS/Spar%20Ladies%202025/FB-Spar%20Womens-ToUpload/DSC_7481.jpg
PIC_VIEWER source_cache action=evict bytes=1089131 uri=nfs://DietPi.local/mnt/4TBS/Spar%20Ladies%202025/FB-Spar%20Womens-ToUpload/DSC_6115.jpg
PIC_VIEWER network_done lane=foreground read_ms=22 bytes=1302370 source=network outcome=ok uri=nfs://DietPi.local/mnt/4TBS/Spar%20Ladies%202025/FB-Spar%20Womens-ToUpload/DSC_7481.jpg
PIC_VIEWER decode_stage source_ms=22 cpu_ms=28 uri=nfs://DietPi.local/mnt/4TBS/Spar%20Ladies%202025/FB-Spar%20Womens-ToUpload/DSC_7481.jpg
PIC_VIEWER t_ms=26375 tid=ThreadId(86) decode_done uri=nfs://DietPi.local/mnt/4TBS/Spar%20Ladies%202025/FB-Spar%20Womens-ToUpload/DSC_7481.jpg variant=1124x794 elapsed_ms=53 outcome=ok
PIC_VIEWER t_ms=26377 tid=ThreadId(1) display_apply elapsed_ms=1 uri=nfs://DietPi.local/mnt/4TBS/Spar%20Ladies%202025/FB-Spar%20Womens-ToUpload/DSC_7481.jpg
PIC_VIEWER t_ms=26377 tid=ThreadId(1) display_done lane=foreground source=decode navigation_ms=55 uri=nfs://DietPi.local/mnt/4TBS/Spar%20Ladies%202025/FB-Spar%20Womens-ToUpload/DSC_7481.jpg
PIC_VIEWER t_ms=26377 tid=ThreadId(1) cache_evict uri=nfs://DietPi.local/mnt/4TBS/Spar%20Ladies%202025/FB-Spar%20Womens-ToUpload/DSC_5708.jpg bytes=3372000 remaining_entries=32 remaining_bytes=106151800
PIC_VIEWER t_ms=26377 tid=ThreadId(1) navigation_dispatch source=wheel_coalesced from_index=1742 to_index=1744 direction=1
PIC_VIEWER t_ms=26377 tid=ThreadId(1) infobar_update source=wheel index=1744 uri=nfs://DietPi.local/mnt/4TBS/Spar%20Ladies%202025/FB-Spar%20Womens-ToUpload/DSC_7483.jpg
PIC_VIEWER t_ms=26378 tid=ThreadId(1) show_photo_request generation=67 index=1744 uri=nfs://DietPi.local/mnt/4TBS/Spar%20Ladies%202025/FB-Spar%20Womens-ToUpload/DSC_7483.jpg
PIC_VIEWER t_ms=26378 tid=ThreadId(1) request lane=foreground action=new uri=nfs://DietPi.local/mnt/4TBS/Spar%20Ladies%202025/FB-Spar%20Womens-ToUpload/DSC_7483.jpg variant=1124x794
PIC_VIEWER t_ms=26378 tid=ThreadId(87) decode_start uri=nfs://DietPi.local/mnt/4TBS/Spar%20Ladies%202025/FB-Spar%20Womens-ToUpload/DSC_7483.jpg variant=1124x794 queue_ms=0
PIC_VIEWER source_cache lane=foreground action=miss uri=nfs://DietPi.local/mnt/4TBS/Spar%20Ladies%202025/FB-Spar%20Womens-ToUpload/DSC_7483.jpg
PIC_VIEWER network_slot lane=foreground wait_ms=0 uri=nfs://DietPi.local/mnt/4TBS/Spar%20Ladies%202025/FB-Spar%20Womens-ToUpload/DSC_7483.jpg
PIC_NETWORK tid=ThreadId(87) PRIVATE_NFS export_cache_hit host=DietPi.local count=5
PIC_NETWORK tid=ThreadId(87) PRIVATE_NFS read_start uri=nfs://DietPi.local/mnt/4TBS/Spar%20Ladies%202025/FB-Spar%20Womens-ToUpload/DSC_7483.jpg max_bytes=134217728
PIC_NFS stage=read_session_lock elapsed_ms=0 tid=139845212063424 host=DietPi.local export=/mnt/4TBS relative=/Spar Ladies 2025/FB-Spar Womens-ToUpload/DSC_7483.jpg outcome=acquired
PIC_NFS_CONNECT reuse host=DietPi.local export=/mnt/4TBS
PIC_NFS stage=file_open elapsed_ms=2 tid=139845212063424 host=DietPi.local export=/mnt/4TBS relative=/Spar Ladies 2025/FB-Spar Womens-ToUpload/DSC_7483.jpg outcome=ok
PIC_NFS stage=rpc_read elapsed_ms=2 tid=139845212063424 host=DietPi.local export=/mnt/4TBS relative=/Spar Ladies 2025/FB-Spar Womens-ToUpload/DSC_7483.jpg iteration=1 outcome=ok bytes=65536 timedout_delta=0 retransmitted_delta=0 reconnects_delta=0
PIC_NFS stage=first_read elapsed_ms=2 tid=139845212063424 host=DietPi.local export=/mnt/4TBS relative=/Spar Ladies 2025/FB-Spar Womens-ToUpload/DSC_7483.jpg outcome=ok bytes=65536
PIC_NFS stage=rpc_read elapsed_ms=1 tid=139845212063424 host=DietPi.local export=/mnt/4TBS relative=/Spar Ladies 2025/FB-Spar Womens-ToUpload/DSC_7483.jpg iteration=2 outcome=ok bytes=65536 timedout_delta=0 retransmitted_delta=0 reconnects_delta=0
PIC_NFS stage=rpc_read elapsed_ms=2 tid=139845212063424 host=DietPi.local export=/mnt/4TBS relative=/Spar Ladies 2025/FB-Spar Womens-ToUpload/DSC_7483.jpg iteration=3 outcome=ok bytes=131072 timedout_delta=0 retransmitted_delta=0 reconnects_delta=0
PIC_NFS stage=rpc_read elapsed_ms=4 tid=139845212063424 host=DietPi.local export=/mnt/4TBS relative=/Spar Ladies 2025/FB-Spar Womens-ToUpload/DSC_7483.jpg iteration=4 outcome=ok bytes=262144 timedout_delta=0 retransmitted_delta=0 reconnects_delta=0
PIC_NFS stage=rpc_read elapsed_ms=7 tid=139845212063424 host=DietPi.local export=/mnt/4TBS relative=/Spar Ladies 2025/FB-Spar Womens-ToUpload/DSC_7483.jpg iteration=5 outcome=ok bytes=524288 timedout_delta=0 retransmitted_delta=0 reconnects_delta=0
PIC_NFS stage=rpc_read elapsed_ms=3 tid=139845212063424 host=DietPi.local export=/mnt/4TBS relative=/Spar Ladies 2025/FB-Spar Womens-ToUpload/DSC_7483.jpg iteration=6 outcome=ok bytes=204948 timedout_delta=0 retransmitted_delta=0 reconnects_delta=0
PIC_NFS stage=rpc_read elapsed_ms=0 tid=139845212063424 host=DietPi.local export=/mnt/4TBS relative=/Spar Ladies 2025/FB-Spar Womens-ToUpload/DSC_7483.jpg iteration=7 outcome=ok bytes=0 timedout_delta=0 retransmitted_delta=0 reconnects_delta=0
PIC_NFS stage=file_read_complete elapsed_ms=19 tid=139845212063424 host=DietPi.local export=/mnt/4TBS relative=/Spar Ladies 2025/FB-Spar Womens-ToUpload/DSC_7483.jpg outcome=ok bytes=1253524 calls=7
PIC_NETWORK tid=ThreadId(87) PRIVATE_NFS read_done bytes=1253524 elapsed_ms=21 uri=nfs://DietPi.local/mnt/4TBS/Spar%20Ladies%202025/FB-Spar%20Womens-ToUpload/DSC_7483.jpg
PIC_VIEWER source_cache action=insert bytes=1253524 uri=nfs://DietPi.local/mnt/4TBS/Spar%20Ladies%202025/FB-Spar%20Womens-ToUpload/DSC_7483.jpg
PIC_VIEWER source_cache action=evict bytes=1199146 uri=nfs://DietPi.local/mnt/4TBS/Spar%20Ladies%202025/FB-Spar%20Womens-ToUpload/DSC_6116.jpg
PIC_VIEWER network_done lane=foreground read_ms=21 bytes=1253524 source=network outcome=ok uri=nfs://DietPi.local/mnt/4TBS/Spar%20Ladies%202025/FB-Spar%20Womens-ToUpload/DSC_7483.jpg
PIC_VIEWER decode_stage source_ms=21 cpu_ms=28 uri=nfs://DietPi.local/mnt/4TBS/Spar%20Ladies%202025/FB-Spar%20Womens-ToUpload/DSC_7483.jpg
PIC_VIEWER t_ms=26431 tid=ThreadId(87) decode_done uri=nfs://DietPi.local/mnt/4TBS/Spar%20Ladies%202025/FB-Spar%20Womens-ToUpload/DSC_7483.jpg variant=1124x794 elapsed_ms=52 outcome=ok
PIC_VIEWER t_ms=26431 tid=ThreadId(1) display_apply elapsed_ms=0 uri=nfs://DietPi.local/mnt/4TBS/Spar%20Ladies%202025/FB-Spar%20Womens-ToUpload/DSC_7483.jpg
PIC_VIEWER t_ms=26431 tid=ThreadId(1) display_done lane=foreground source=decode navigation_ms=53 uri=nfs://DietPi.local/mnt/4TBS/Spar%20Ladies%202025/FB-Spar%20Womens-ToUpload/DSC_7483.jpg
PIC_VIEWER t_ms=26431 tid=ThreadId(1) cache_evict uri=nfs://DietPi.local/mnt/4TBS/Spar%20Ladies%202025/FB-Spar%20Womens-ToUpload/DSC_5699.jpg bytes=3372000 remaining_entries=32 remaining_bytes=106151800
PIC_VIEWER t_ms=26628 tid=ThreadId(1) request lane=prefetch action=new uri=nfs://DietPi.local/mnt/4TBS/Spar%20Ladies%202025/FB-Spar%20Womens-ToUpload/DSC_7484.jpg variant=1124x794
PIC_VIEWER t_ms=26628 tid=ThreadId(1) request lane=prefetch action=new uri=nfs://DietPi.local/mnt/4TBS/Spar%20Ladies%202025/FB-Spar%20Womens-ToUpload/DSC_7482.jpg variant=1124x794
PIC_VIEWER t_ms=26628 tid=ThreadId(88) decode_start uri=nfs://DietPi.local/mnt/4TBS/Spar%20Ladies%202025/FB-Spar%20Womens-ToUpload/DSC_7484.jpg variant=1124x794 queue_ms=0
PIC_VIEWER source_cache lane=prefetch action=miss uri=nfs://DietPi.local/mnt/4TBS/Spar%20Ladies%202025/FB-Spar%20Womens-ToUpload/DSC_7484.jpg
PIC_VIEWER network_slot lane=prefetch wait_ms=0 uri=nfs://DietPi.local/mnt/4TBS/Spar%20Ladies%202025/FB-Spar%20Womens-ToUpload/DSC_7484.jpg
PIC_NETWORK tid=ThreadId(88) PRIVATE_NFS export_cache_hit host=DietPi.local count=5
PIC_NETWORK tid=ThreadId(88) PRIVATE_NFS read_start uri=nfs://DietPi.local/mnt/4TBS/Spar%20Ladies%202025/FB-Spar%20Womens-ToUpload/DSC_7484.jpg max_bytes=134217728
PIC_VIEWER t_ms=26628 tid=PIC_NFS stage=read_session_lock elapsed_ms=0 tid=139845212063424 host=DietPi.local export=/mnt/4TBS relative=/Spar Ladies 2025/FThreadIdB-Spar Womens-ToUpload/DSC_7484.jpg outcome=acquired
(89PIC_NFS_CONNECT reuse host=DietPi.local export=/mnt/4TBS
) decode_start uri=nfs://DietPi.local/mnt/4TBS/Spar%20Ladies%202025/FB-Spar%20Womens-ToUpload/DSC_7482.jpg variant=1124x794 queue_ms=0
PIC_VIEWER source_cache lane=prefetch action=miss uri=nfs://DietPi.local/mnt/4TBS/Spar%20Ladies%202025/FB-Spar%20Womens-ToUpload/DSC_7482.jpg
PIC_NFS stage=file_open elapsed_ms=1 tid=139845212063424 host=DietPi.local export=/mnt/4TBS relative=/Spar Ladies 2025/FB-Spar Womens-ToUpload/DSC_7484.jpg outcome=ok
PIC_NFS stage=rpc_read elapsed_ms=2 tid=139845212063424 host=DietPi.local export=/mnt/4TBS relative=/Spar Ladies 2025/FB-Spar Womens-ToUpload/DSC_7484.jpg iteration=1 outcome=ok bytes=65536 timedout_delta=0 retransmitted_delta=0 reconnects_delta=0
PIC_NFS stage=first_read elapsed_ms=2 tid=139845212063424 host=DietPi.local export=/mnt/4TBS relative=/Spar Ladies 2025/FB-Spar Womens-ToUpload/DSC_7484.jpg outcome=ok bytes=65536
PIC_NFS stage=rpc_read elapsed_ms=2 tid=139845212063424 host=DietPi.local export=/mnt/4TBS relative=/Spar Ladies 2025/FB-Spar Womens-ToUpload/DSC_7484.jpg iteration=2 outcome=ok bytes=65536 timedout_delta=0 retransmitted_delta=0 reconnects_delta=0
PIC_NFS stage=rpc_read elapsed_ms=2 tid=139845212063424 host=DietPi.local export=/mnt/4TBS relative=/Spar Ladies 2025/FB-Spar Womens-ToUpload/DSC_7484.jpg iteration=3 outcome=ok bytes=131072 timedout_delta=0 retransmitted_delta=0 reconnects_delta=0
PIC_NFS stage=rpc_read elapsed_ms=4 tid=139845212063424 host=DietPi.local export=/mnt/4TBS relative=/Spar Ladies 2025/FB-Spar Womens-ToUpload/DSC_7484.jpg iteration=4 outcome=ok bytes=262144 timedout_delta=0 retransmitted_delta=0 reconnects_delta=0
PIC_NFS stage=rpc_read elapsed_ms=20 tid=139845212063424 host=DietPi.local export=/mnt/4TBS relative=/Spar Ladies 2025/FB-Spar Womens-ToUpload/DSC_7484.jpg iteration=5 outcome=ok bytes=524288 timedout_delta=0 retransmitted_delta=0 reconnects_delta=0
PIC_NFS stage=rpc_read elapsed_ms=1 tid=139845212063424 host=DietPi.local export=/mnt/4TBS relative=/Spar Ladies 2025/FB-Spar Womens-ToUpload/DSC_7484.jpg iteration=6 outcome=ok bytes=109518 timedout_delta=0 retransmitted_delta=0 reconnects_delta=0
PIC_NFS stage=rpc_read elapsed_ms=1 tid=139845212063424 host=DietPi.local export=/mnt/4TBS relative=/Spar Ladies 2025/FB-Spar Womens-ToUpload/DSC_7484.jpg iteration=7 outcome=ok bytes=0 timedout_delta=0 retransmitted_delta=0 reconnects_delta=0
PIC_NFS stage=file_read_complete elapsed_ms=32 tid=139845212063424 host=DietPi.local export=/mnt/4TBS relative=/Spar Ladies 2025/FB-Spar Womens-ToUpload/DSC_7484.jpg outcome=ok bytes=1158094 calls=7
PIC_NETWORK tid=ThreadId(88) PRIVATE_NFS read_done bytes=1158094 elapsed_ms=33 uri=nfs://DietPi.local/mnt/4TBS/Spar%20Ladies%202025/FB-Spar%20Womens-ToUpload/DSC_7484.jpg
PIC_VIEWER source_cache action=insert bytes=1158094 uri=nfs://DietPi.local/mnt/4TBS/Spar%20Ladies%202025/FB-Spar%20Womens-ToUpload/DSC_7484.jpg
PIC_VIEWER source_cache action=evict bytes=1137389 uri=nfs://DietPi.local/mnt/4TBS/Spar%20Ladies%202025/FB-Spar%20Womens-ToUpload/DSC_6118.jpg
PIC_VIEWER network_done lane=prefetch read_ms=33 bytes=1158094 source=network outcome=ok uri=nfs://DietPi.local/mnt/4TBS/Spar%20Ladies%202025/FB-Spar%20Womens-ToUpload/DSC_7484.jpg
PIC_VIEWER network_slot lane=prefetch wait_ms=33 uri=nfs://DietPi.local/mnt/4TBS/Spar%20Ladies%202025/FB-Spar%20Womens-ToUpload/DSC_7482.jpg
PIC_NETWORK tid=ThreadId(89) PRIVATE_NFS export_cache_hit host=DietPi.local count=5
PIC_NETWORK tid=ThreadId(89) PRIVATE_NFS read_start uri=nfs://DietPi.local/mnt/4TBS/Spar%20Ladies%202025/FB-Spar%20Womens-ToUpload/DSC_7482.jpg max_bytes=134217728
PIC_NFS stage=read_session_lock elapsed_ms=0 tid=139845991655104 host=DietPi.local export=/mnt/4TBS relative=/Spar Ladies 2025/FB-Spar Womens-ToUpload/DSC_7482.jpg outcome=acquired
PIC_NFS_CONNECT reuse host=DietPi.local export=/mnt/4TBS
PIC_NFS stage=file_open elapsed_ms=1 tid=139845991655104 host=DietPi.local export=/mnt/4TBS relative=/Spar Ladies 2025/FB-Spar Womens-ToUpload/DSC_7482.jpg outcome=ok
PIC_NFS stage=rpc_read elapsed_ms=2 tid=139845991655104 host=DietPi.local export=/mnt/4TBS relative=/Spar Ladies 2025/FB-Spar Womens-ToUpload/DSC_7482.jpg iteration=1 outcome=ok bytes=65536 timedout_delta=0 retransmitted_delta=0 reconnects_delta=0
PIC_NFS stage=first_read elapsed_ms=2 tid=139845991655104 host=DietPi.local export=/mnt/4TBS relative=/Spar Ladies 2025/FB-Spar Womens-ToUpload/DSC_7482.jpg outcome=ok bytes=65536
PIC_NFS stage=rpc_read elapsed_ms=1 tid=139845991655104 host=DietPi.local export=/mnt/4TBS relative=/Spar Ladies 2025/FB-Spar Womens-ToUpload/DSC_7482.jpg iteration=2 outcome=ok bytes=65536 timedout_delta=0 retransmitted_delta=0 reconnects_delta=0
PIC_NFS stage=rpc_read elapsed_ms=6 tid=139845991655104 host=DietPi.local export=/mnt/4TBS relative=/Spar Ladies 2025/FB-Spar Womens-ToUpload/DSC_7482.jpg iteration=3 outcome=ok bytes=131072 timedout_delta=0 retransmitted_delta=0 reconnects_delta=0
PIC_NFS stage=rpc_read elapsed_ms=4 tid=139845991655104 host=DietPi.local export=/mnt/4TBS relative=/Spar Ladies 2025/FB-Spar Womens-ToUpload/DSC_7482.jpg iteration=4 outcome=ok bytes=262144 timedout_delta=0 retransmitted_delta=0 reconnects_delta=0
PIC_NFS stage=rpc_read elapsed_ms=8 tid=139845991655104 host=DietPi.local export=/mnt/4TBS relative=/Spar Ladies 2025/FB-Spar Womens-ToUpload/DSC_7482.jpg iteration=5 outcome=ok bytes=524288 timedout_delta=0 retransmitted_delta=0 reconnects_delta=0
PIC_NFS stage=rpc_read elapsed_ms=2 tid=139845991655104 host=DietPi.local export=/mnt/4TBS relative=/Spar Ladies 2025/FB-Spar Womens-ToUpload/DSC_7482.jpg iteration=6 outcome=ok bytes=207377 timedout_delta=0 retransmitted_delta=0 reconnects_delta=0
PIC_NFS stage=rpc_read elapsed_ms=1 tid=139845991655104 host=DietPi.local export=/mnt/4TBS relative=/Spar Ladies 2025/FB-Spar Womens-ToUpload/DSC_7482.jpg iteration=7 outcome=ok bytes=0 timedout_delta=0 retransmitted_delta=0 reconnects_delta=0
PIC_NFS stage=file_read_complete elapsed_ms=24 tid=139845991655104 host=DietPi.local export=/mnt/4TBS relative=/Spar Ladies 2025/FB-Spar Womens-ToUpload/DSC_7482.jpg outcome=ok bytes=1255953 calls=7
PIC_NETWORK tid=ThreadId(89) PRIVATE_NFS read_done bytes=1255953 elapsed_ms=25 uri=nfs://DietPi.local/mnt/4TBS/Spar%20Ladies%202025/FB-Spar%20Womens-ToUpload/DSC_7482.jpg
PIC_VIEWER source_cache action=insert bytes=1255953 uri=nfs://DietPi.local/mnt/4TBS/Spar%20Ladies%202025/FB-Spar%20Womens-ToUpload/DSC_7482.jpg
PIC_VIEWER source_cache action=evict bytes=1281444 uri=nfs://DietPi.local/mnt/4TBS/Spar%20Ladies%202025/FB-Spar%20Womens-ToUpload/DSC_6121.jpg
PIC_VIEWER network_done lane=prefetch read_ms=25 bytes=1255953 source=network outcome=ok uri=nfs://DietPi.local/mnt/4TBS/Spar%20Ladies%202025/FB-Spar%20Womens-ToUpload/DSC_7482.jpg
PIC_VIEWER decode_stage source_ms=33 cpu_ms=28 uri=nfs://DietPi.local/mnt/4TBS/Spar%20Ladies%202025/FB-Spar%20Womens-ToUpload/DSC_7484.jpg
PIC_VIEWER t_ms=26692 tid=ThreadId(88) decode_done uri=nfs://DietPi.local/mnt/4TBS/Spar%20Ladies%202025/FB-Spar%20Womens-ToUpload/DSC_7484.jpg variant=1124x794 elapsed_ms=64 outcome=ok
PIC_VIEWER t_ms=26692 tid=ThreadId(1) cache_evict uri=nfs://DietPi.local/mnt/4TBS/Spar%20Ladies%202025/FB-Spar%20Womens-ToUpload/DSC_5683.jpg bytes=3372000 remaining_entries=32 remaining_bytes=106151800
PIC_VIEWER decode_stage source_ms=58 cpu_ms=34 uri=nfs://DietPi.local/mnt/4TBS/Spar%20Ladies%202025/FB-Spar%20Womens-ToUpload/DSC_7482.jpg
PIC_VIEWER t_ms=26723 tid=ThreadId(89) decode_done uri=nfs://DietPi.local/mnt/4TBS/Spar%20Ladies%202025/FB-Spar%20Womens-ToUpload/DSC_7482.jpg variant=1124x794 elapsed_ms=95 outcome=ok
PIC_VIEWER t_ms=26723 tid=ThreadId(1) cache_evict uri=smb://dietpi.local/4tbp/Other/Makayla/VID_0186.jpg bytes=3354016 remaining_entries=32 remaining_bytes=106169784
PIC_VIEWER t_ms=39650 tid=ThreadId(1) show_photo_request generation=69 index=3897 uri=smb://dietpi.local/4tbp/Work/Willow%20Web/inDesign/Brochure/Links/DSC_2477.JPG
PIC_VIEWER t_ms=39650 tid=ThreadId(1) request lane=foreground action=new uri=smb://dietpi.local/4tbp/Work/Willow%20Web/inDesign/Brochure/Links/DSC_2477.JPG variant=1124x794
PIC_VIEWER t_ms=39650 tid=ThreadId(90) decode_start uri=smb://dietpi.local/4tbp/Work/Willow%20Web/inDesign/Brochure/Links/DSC_2477.JPG variant=1124x794 queue_ms=0
PIC_VIEWER source_cache lane=foreground action=miss uri=smb://dietpi.local/4tbp/Work/Willow%20Web/inDesign/Brochure/Links/DSC_2477.JPG
PIC_VIEWER network_slot lane=foreground wait_ms=0 uri=smb://dietpi.local/4tbp/Work/Willow%20Web/inDesign/Brochure/Links/DSC_2477.JPG
PIC_SMB_CONNECT reuse
PIC_SMB_READ start
PIC_SMB_READ done bytes=459861
PIC_VIEWER source_cache action=insert bytes=459861 uri=smb://dietpi.local/4tbp/Work/Willow%20Web/inDesign/Brochure/Links/DSC_2477.JPG
PIC_VIEWER source_cache action=evict bytes=1400273 uri=nfs://DietPi.local/mnt/4TBS/Spar%20Ladies%202025/FB-Spar%20Womens-ToUpload/DSC_6122.jpg
PIC_VIEWER network_done lane=foreground read_ms=13 bytes=459861 source=network outcome=ok uri=smb://dietpi.local/4tbp/Work/Willow%20Web/inDesign/Brochure/Links/DSC_2477.JPG
PIC_VIEWER decode_stage source_ms=13 cpu_ms=26 uri=smb://dietpi.local/4tbp/Work/Willow%20Web/inDesign/Brochure/Links/DSC_2477.JPG
PIC_VIEWER t_ms=39692 tid=ThreadId(90) decode_done uri=smb://dietpi.local/4tbp/Work/Willow%20Web/inDesign/Brochure/Links/DSC_2477.JPG variant=1124x794 elapsed_ms=42 outcome=ok
PIC_VIEWER t_ms=39694 tid=ThreadId(1) display_apply elapsed_ms=1 uri=smb://dietpi.local/4tbp/Work/Willow%20Web/inDesign/Brochure/Links/DSC_2477.JPG
PIC_VIEWER t_ms=39694 tid=ThreadId(1) display_done lane=foreground source=decode navigation_ms=43 uri=smb://dietpi.local/4tbp/Work/Willow%20Web/inDesign/Brochure/Links/DSC_2477.JPG
PIC_VIEWER t_ms=39694 tid=ThreadId(1) cache_evict uri=smb://dietpi.local/4tbp/Other/Makayla/VID_0166.jpg bytes=3354016 remaining_entries=32 remaining_bytes=106174280
PIC_VIEWER t_ms=40306 tid=ThreadId(1) wheel_event dy=1
PIC_VIEWER t_ms=40306 tid=ThreadId(1) navigation_dispatch source=wheel from_index=3897 to_index=3898 direction=1
PIC_VIEWER t_ms=40306 tid=ThreadId(1) infobar_update source=wheel index=3898 uri=smb://dietpi.local/4tbp/Work/Willow%20Web/inDesign/Brochure/Links/DSC_6997.jpg
PIC_VIEWER t_ms=40306 tid=ThreadId(1) show_photo_request generation=70 index=3898 uri=smb://dietpi.local/4tbp/Work/Willow%20Web/inDesign/Brochure/Links/DSC_6997.jpg
PIC_VIEWER t_ms=40309 tid=ThreadId(1) request lane=foreground action=new uri=smb://dietpi.local/4tbp/Work/Willow%20Web/inDesign/Brochure/Links/DSC_6997.jpg variant=1124x794
PIC_VIEWER t_ms=40309 tid=ThreadId(91) decode_start uri=smb://dietpi.local/4tbp/Work/Willow%20Web/inDesign/Brochure/Links/DSC_6997.jpg variant=1124x794 queue_ms=0
PIC_VIEWER source_cache lane=foreground action=miss uri=smb://dietpi.local/4tbp/Work/Willow%20Web/inDesign/Brochure/Links/DSC_6997.jpg
PIC_VIEWER network_slot lane=foreground wait_ms=0 uri=smb://dietpi.local/4tbp/Work/Willow%20Web/inDesign/Brochure/Links/DSC_6997.jpg
PIC_SMB_CONNECT reuse
PIC_SMB_READ start
PIC_SMB_READ done bytes=2017721
PIC_VIEWER source_cache action=insert bytes=2017721 uri=smb://dietpi.local/4tbp/Work/Willow%20Web/inDesign/Brochure/Links/DSC_6997.jpg
PIC_VIEWER source_cache action=evict bytes=1108106 uri=nfs://DietPi.local/mnt/4TBS/Spar%20Ladies%202025/FB-Spar%20Womens-ToUpload/DSC_6123.jpg
PIC_VIEWER network_done lane=foreground read_ms=30 bytes=2017721 source=network outcome=ok uri=smb://dietpi.local/4tbp/Work/Willow%20Web/inDesign/Brochure/Links/DSC_6997.jpg
PIC_VIEWER t_ms=40369 tid=ThreadId(1) wheel_event dy=1
PIC_VIEWER t_ms=40370 tid=ThreadId(1) wheel_accumulate current_index=3898 target_index=3899 direction=1
PIC_VIEWER decode_stage source_ms=30 cpu_ms=76 uri=smb://dietpi.local/4tbp/Work/Willow%20Web/inDesign/Brochure/Links/DSC_6997.jpg
PIC_VIEWER t_ms=40419 tid=ThreadId(91) decode_done uri=smb://dietpi.local/4tbp/Work/Willow%20Web/inDesign/Brochure/Links/DSC_6997.jpg variant=1124x794 elapsed_ms=109 outcome=ok
PIC_VIEWER t_ms=40419 tid=ThreadId(1) display_apply elapsed_ms=0 uri=smb://dietpi.local/4tbp/Work/Willow%20Web/inDesign/Brochure/Links/DSC_6997.jpg
PIC_VIEWER t_ms=40419 tid=ThreadId(1) display_done lane=foreground source=decode navigation_ms=112 uri=smb://dietpi.local/4tbp/Work/Willow%20Web/inDesign/Brochure/Links/DSC_6997.jpg
PIC_VIEWER t_ms=40419 tid=ThreadId(1) cache_evict uri=smb://dietpi.local/4tbp/Other/Makayla/VID_0160.jpg bytes=3354016 remaining_entries=32 remaining_bytes=106178776
PIC_VIEWER t_ms=40419 tid=ThreadId(1) navigation_dispatch source=wheel_coalesced from_index=3898 to_index=3899 direction=1
PIC_VIEWER t_ms=40419 tid=ThreadId(1) infobar_update source=wheel index=3899 uri=smb://dietpi.local/4tbp/Work/Willow%20Web/inDesign/Brochure/Links/DSC_7011.jpg
PIC_VIEWER t_ms=40419 tid=ThreadId(1) show_photo_request generation=71 index=3899 uri=smb://dietpi.local/4tbp/Work/Willow%20Web/inDesign/Brochure/Links/DSC_7011.jpg
PIC_VIEWER t_ms=40419 tid=ThreadId(1) request lane=foreground action=new uri=smb://dietpi.local/4tbp/Work/Willow%20Web/inDesign/Brochure/Links/DSC_7011.jpg variant=1124x794
PIC_VIEWER t_ms=40419 tid=ThreadId(92) decode_start uri=smb://dietpi.local/4tbp/Work/Willow%20Web/inDesign/Brochure/Links/DSC_7011.jpg variant=1124x794 queue_ms=0
PIC_VIEWER source_cache lane=foreground action=miss uri=smb://dietpi.local/4tbp/Work/Willow%20Web/inDesign/Brochure/Links/DSC_7011.jpg
PIC_VIEWER network_slot lane=foreground wait_ms=0 uri=smb://dietpi.local/4tbp/Work/Willow%20Web/inDesign/Brochure/Links/DSC_7011.jpg
PIC_SMB_CONNECT reuse
PIC_SMB_READ start
PIC_SMB_READ done bytes=2533582
PIC_VIEWER source_cache action=insert bytes=2533582 uri=smb://dietpi.local/4tbp/Work/Willow%20Web/inDesign/Brochure/Links/DSC_7011.jpg
PIC_VIEWER source_cache action=evict bytes=805453 uri=nfs://DietPi.local/mnt/4TBS/Spar%20Ladies%202025/FB-Spar%20Womens-ToUpload/DSC_6124.jpg
PIC_VIEWER network_done lane=foreground read_ms=35 bytes=2533582 source=network outcome=ok uri=smb://dietpi.local/4tbp/Work/Willow%20Web/inDesign/Brochure/Links/DSC_7011.jpg
PIC_VIEWER t_ms=40498 tid=ThreadId(1) wheel_event dy=1
PIC_VIEWER t_ms=40498 tid=ThreadId(1) wheel_accumulate current_index=3899 target_index=3900 direction=1
PIC_VIEWER decode_stage source_ms=35 cpu_ms=83 uri=smb://dietpi.local/4tbp/Work/Willow%20Web/inDesign/Brochure/Links/DSC_7011.jpg
PIC_VIEWER t_ms=40541 tid=ThreadId(92) decode_done uri=smb://dietpi.local/4tbp/Work/Willow%20Web/inDesign/Brochure/Links/DSC_7011.jpg variant=1124x794 elapsed_ms=121 outcome=ok
PIC_VIEWER t_ms=40541 tid=ThreadId(1) display_apply elapsed_ms=0 uri=smb://dietpi.local/4tbp/Work/Willow%20Web/inDesign/Brochure/Links/DSC_7011.jpg
PIC_VIEWER t_ms=40541 tid=ThreadId(1) display_done lane=foreground source=decode navigation_ms=121 uri=smb://dietpi.local/4tbp/Work/Willow%20Web/inDesign/Brochure/Links/DSC_7011.jpg
PIC_VIEWER t_ms=40541 tid=ThreadId(1) cache_evict uri=smb://dietpi.local/4tbp/Other/Makayla/VID_0174.jpg bytes=1673752 remaining_entries=32 remaining_bytes=107863536
PIC_VIEWER t_ms=40541 tid=ThreadId(1) navigation_dispatch source=wheel_coalesced from_index=3899 to_index=3900 direction=1
PIC_VIEWER t_ms=40541 tid=ThreadId(1) infobar_update source=wheel index=3900 uri=smb://dietpi.local/4tbp/Work/Willow%20Web/inDesign/Brochure/Links/DSC_7031.jpg
PIC_VIEWER t_ms=40542 tid=ThreadId(1) show_photo_request generation=72 index=3900 uri=smb://dietpi.local/4tbp/Work/Willow%20Web/inDesign/Brochure/Links/DSC_7031.jpg
PIC_VIEWER t_ms=40542 tid=ThreadId(1) request lane=foreground action=new uri=smb://dietpi.local/4tbp/Work/Willow%20Web/inDesign/Brochure/Links/DSC_7031.jpg variant=1124x794
PIC_VIEWER t_ms=40542 tid=ThreadId(93) decode_start uri=smb://dietpi.local/4tbp/Work/Willow%20Web/inDesign/Brochure/Links/DSC_7031.jpg variant=1124x794 queue_ms=0
PIC_VIEWER source_cache lane=foreground action=miss uri=smb://dietpi.local/4tbp/Work/Willow%20Web/inDesign/Brochure/Links/DSC_7031.jpg
PIC_VIEWER network_slot lane=foreground wait_ms=0 uri=smb://dietpi.local/4tbp/Work/Willow%20Web/inDesign/Brochure/Links/DSC_7031.jpg
PIC_SMB_CONNECT reuse
PIC_SMB_READ start
PIC_SMB_READ done bytes=2174053
PIC_VIEWER t_ms=40594 tid=ThreadId(1) wheel_event dy=1
PIC_VIEWER t_ms=40594 tid=ThreadId(1) wheel_accumulate current_index=3900 target_index=3901 direction=1
PIC_VIEWER source_cache action=insert bytes=2174053 uri=smb://dietpi.local/4tbp/Work/Willow%20Web/inDesign/Brochure/Links/DSC_7031.jpg
PIC_VIEWER source_cache action=evict bytes=1103677 uri=nfs://DietPi.local/mnt/4TBS/Spar%20Ladies%202025/FB-Spar%20Womens-ToUpload/DSC_6125.jpg
PIC_VIEWER network_done lane=foreground read_ms=52 bytes=2174053 source=network outcome=ok uri=smb://dietpi.local/4tbp/Work/Willow%20Web/inDesign/Brochure/Links/DSC_7031.jpg
PIC_VIEWER decode_stage source_ms=52 cpu_ms=82 uri=smb://dietpi.local/4tbp/Work/Willow%20Web/inDesign/Brochure/Links/DSC_7031.jpg
PIC_VIEWER t_ms=40679 tid=ThreadId(93) decode_done uri=smb://dietpi.local/4tbp/Work/Willow%20Web/inDesign/Brochure/Links/DSC_7031.jpg variant=1124x794 elapsed_ms=137 outcome=ok
PIC_VIEWER t_ms=40679 tid=ThreadId(1) display_apply elapsed_ms=0 uri=smb://dietpi.local/4tbp/Work/Willow%20Web/inDesign/Brochure/Links/DSC_7031.jpg
PIC_VIEWER t_ms=40679 tid=ThreadId(1) display_done lane=foreground source=decode navigation_ms=137 uri=smb://dietpi.local/4tbp/Work/Willow%20Web/inDesign/Brochure/Links/DSC_7031.jpg
PIC_VIEWER t_ms=40679 tid=ThreadId(1) cache_evict uri=nfs://DietPi.local/mnt/4TBS/Spar%20Ladies%202025/FB-Spar%20Womens-ToUpload/DSC_5980.jpg bytes=3372000 remaining_entries=32 remaining_bytes=107850048
PIC_VIEWER t_ms=40679 tid=ThreadId(1) navigation_dispatch source=wheel_coalesced from_index=3900 to_index=3901 direction=1
PIC_VIEWER t_ms=40679 tid=ThreadId(1) infobar_update source=wheel index=3901 uri=smb://dietpi.local/4tbp/Work/Willow%20Web/inDesign/Brochure/Links/DSC_7049.jpg
PIC_VIEWER t_ms=40680 tid=ThreadId(1) show_photo_request generation=73 index=3901 uri=smb://dietpi.local/4tbp/Work/Willow%20Web/inDesign/Brochure/Links/DSC_7049.jpg
PIC_VIEWER t_ms=40680 tid=ThreadId(1) request lane=foreground action=new uri=smb://dietpi.local/4tbp/Work/Willow%20Web/inDesign/Brochure/Links/DSC_7049.jpg variant=1124x794
PIC_VIEWER t_ms=40680 tid=ThreadId(94) decode_start uri=smb://dietpi.local/4tbp/Work/Willow%20Web/inDesign/Brochure/Links/DSC_7049.jpg variant=1124x794 queue_ms=0
PIC_VIEWER source_cache lane=foreground action=miss uri=smb://dietpi.local/4tbp/Work/Willow%20Web/inDesign/Brochure/Links/DSC_7049.jpg
PIC_VIEWER network_slot lane=foreground wait_ms=0 uri=smb://dietpi.local/4tbp/Work/Willow%20Web/inDesign/Brochure/Links/DSC_7049.jpg
PIC_SMB_CONNECT reuse
PIC_SMB_READ start
PIC_SMB_READ done bytes=2741384
PIC_VIEWER source_cache action=insert bytes=2741384 uri=smb://dietpi.local/4tbp/Work/Willow%20Web/inDesign/Brochure/Links/DSC_7049.jpg
PIC_VIEWER source_cache action=evict bytes=1152590 uri=nfs://DietPi.local/mnt/4TBS/Spar%20Ladies%202025/FB-Spar%20Womens-ToUpload/DSC_7460.jpg
PIC_VIEWER network_done lane=foreground read_ms=38 bytes=2741384 source=network outcome=ok uri=smb://dietpi.local/4tbp/Work/Willow%20Web/inDesign/Brochure/Links/DSC_7049.jpg
PIC_VIEWER t_ms=40806 tid=ThreadId(1) wheel_event dy=1
PIC_VIEWER t_ms=40806 tid=ThreadId(1) wheel_accumulate current_index=3901 target_index=3902 direction=1
PIC_VIEWER decode_stage source_ms=38 cpu_ms=88 uri=smb://dietpi.local/4tbp/Work/Willow%20Web/inDesign/Brochure/Links/DSC_7049.jpg
PIC_VIEWER t_ms=40809 tid=ThreadId(94) decode_done uri=smb://dietpi.local/4tbp/Work/Willow%20Web/inDesign/Brochure/Links/DSC_7049.jpg variant=1124x794 elapsed_ms=129 outcome=ok
PIC_VIEWER t_ms=40810 tid=ThreadId(1) display_apply elapsed_ms=0 uri=smb://dietpi.local/4tbp/Work/Willow%20Web/inDesign/Brochure/Links/DSC_7049.jpg
PIC_VIEWER t_ms=40810 tid=ThreadId(1) display_done lane=foreground source=decode navigation_ms=130 uri=smb://dietpi.local/4tbp/Work/Willow%20Web/inDesign/Brochure/Links/DSC_7049.jpg
PIC_VIEWER t_ms=40810 tid=ThreadId(1) cache_evict uri=nfs://DietPi.local/mnt/4TBS/Spar%20Ladies%202025/FB-Spar%20Womens-ToUpload/DSC_5981.jpg bytes=3372000 remaining_entries=32 remaining_bytes=107836560
PIC_VIEWER t_ms=40810 tid=ThreadId(1) navigation_dispatch source=wheel_coalesced from_index=3901 to_index=3902 direction=1
PIC_VIEWER t_ms=40810 tid=ThreadId(1) infobar_update source=wheel index=3902 uri=smb://dietpi.local/4tbp/Work/Willow%20Web/inDesign/Brochure/Links/DSC_7102.jpg
PIC_VIEWER t_ms=40810 tid=ThreadId(1) show_photo_request generation=74 index=3902 uri=smb://dietpi.local/4tbp/Work/Willow%20Web/inDesign/Brochure/Links/DSC_7102.jpg
PIC_VIEWER t_ms=40810 tid=ThreadId(1) request lane=foreground action=new uri=smb://dietpi.local/4tbp/Work/Willow%20Web/inDesign/Brochure/Links/DSC_7102.jpg variant=1124x794
PIC_VIEWER t_ms=40810 tid=ThreadId(95) decode_start uri=smb://dietpi.local/4tbp/Work/Willow%20Web/inDesign/Brochure/Links/DSC_7102.jpg variant=1124x794 queue_ms=0
PIC_VIEWER source_cache lane=foreground action=miss uri=smb://dietpi.local/4tbp/Work/Willow%20Web/inDesign/Brochure/Links/DSC_7102.jpg
PIC_VIEWER network_slot lane=foreground wait_ms=0 uri=smb://dietpi.local/4tbp/Work/Willow%20Web/inDesign/Brochure/Links/DSC_7102.jpg
PIC_SMB_CONNECT reuse
PIC_SMB_READ start
PIC_SMB_READ done bytes=2246204
PIC_VIEWER source_cache action=insert bytes=2246204 uri=smb://dietpi.local/4tbp/Work/Willow%20Web/inDesign/Brochure/Links/DSC_7102.jpg
PIC_VIEWER source_cache action=evict bytes=962016 uri=nfs://DietPi.local/mnt/4TBS/Spar%20Ladies%202025/FB-Spar%20Womens-ToUpload/DSC_7461.jpg
PIC_VIEWER network_done lane=foreground read_ms=33 bytes=2246204 source=network outcome=ok uri=smb://dietpi.local/4tbp/Work/Willow%20Web/inDesign/Brochure/Links/DSC_7102.jpg
PIC_VIEWER t_ms=40901 tid=ThreadId(1) wheel_event dy=1
PIC_VIEWER t_ms=40902 tid=ThreadId(1) wheel_accumulate current_index=3902 target_index=3903 direction=1
PIC_VIEWER decode_stage source_ms=33 cpu_ms=81 uri=smb://dietpi.local/4tbp/Work/Willow%20Web/inDesign/Brochure/Links/DSC_7102.jpg
PIC_VIEWER t_ms=40929 tid=ThreadId(95) decode_done uri=smb://dietpi.local/4tbp/Work/Willow%20Web/inDesign/Brochure/Links/DSC_7102.jpg variant=1124x794 elapsed_ms=118 outcome=ok
PIC_VIEWER t_ms=40929 tid=ThreadId(1) display_apply elapsed_ms=0 uri=smb://dietpi.local/4tbp/Work/Willow%20Web/inDesign/Brochure/Links/DSC_7102.jpg
PIC_VIEWER t_ms=40929 tid=ThreadId(1) display_done lane=foreground source=decode navigation_ms=118 uri=smb://dietpi.local/4tbp/Work/Willow%20Web/inDesign/Brochure/Links/DSC_7102.jpg
PIC_VIEWER t_ms=40929 tid=ThreadId(1) cache_evict uri=nfs://DietPi.local/mnt/4TBS/Spar%20Ladies%202025/FB-Spar%20Womens-ToUpload/DSC_5982.jpg bytes=3372000 remaining_entries=32 remaining_bytes=107823072
PIC_VIEWER t_ms=40929 tid=ThreadId(1) navigation_dispatch source=wheel_coalesced from_index=3902 to_index=3903 direction=1
PIC_VIEWER t_ms=40929 tid=ThreadId(1) infobar_update source=wheel index=3903 uri=smb://dietpi.local/4tbp/Work/Willow%20Web/inDesign/Brochure/Links/DSC_7142.jpg
PIC_VIEWER t_ms=40929 tid=ThreadId(1) show_photo_request generation=75 index=3903 uri=smb://dietpi.local/4tbp/Work/Willow%20Web/inDesign/Brochure/Links/DSC_7142.jpg
PIC_VIEWER t_ms=40929 tid=ThreadId(1) request lane=foreground action=new uri=smb://dietpi.local/4tbp/Work/Willow%20Web/inDesign/Brochure/Links/DSC_7142.jpg variant=1124x794
PIC_VIEWER t_ms=40929 tid=ThreadId(96) decode_start uri=smb://dietpi.local/4tbp/Work/Willow%20Web/inDesign/Brochure/Links/DSC_7142.jpg variant=1124x794 queue_ms=0
PIC_VIEWER source_cache lane=foreground action=miss uri=smb://dietpi.local/4tbp/Work/Willow%20Web/inDesign/Brochure/Links/DSC_7142.jpg
PIC_VIEWER network_slot lane=foreground wait_ms=0 uri=smb://dietpi.local/4tbp/Work/Willow%20Web/inDesign/Brochure/Links/DSC_7142.jpg
PIC_SMB_CONNECT reuse
PIC_SMB_READ start
PIC_SMB_READ done bytes=2633164
PIC_VIEWER source_cache action=insert bytes=2633164 uri=smb://dietpi.local/4tbp/Work/Willow%20Web/inDesign/Brochure/Links/DSC_7142.jpg
PIC_VIEWER source_cache action=evict bytes=1053460 uri=nfs://DietPi.local/mnt/4TBS/Spar%20Ladies%202025/FB-Spar%20Womens-ToUpload/DSC_7464.jpg
PIC_VIEWER network_done lane=foreground read_ms=37 bytes=2633164 source=network outcome=ok uri=smb://dietpi.local/4tbp/Work/Willow%20Web/inDesign/Brochure/Links/DSC_7142.jpg
PIC_VIEWER t_ms=40998 tid=ThreadId(1) wheel_event dy=1
PIC_VIEWER t_ms=40998 tid=ThreadId(1) wheel_accumulate current_index=3903 target_index=3904 direction=1
PIC_VIEWER decode_stage source_ms=37 cpu_ms=50 uri=smb://dietpi.local/4tbp/Work/Willow%20Web/inDesign/Brochure/Links/DSC_7142.jpg
PIC_VIEWER t_ms=41018 tid=ThreadId(96) decode_done uri=smb://dietpi.local/4tbp/Work/Willow%20Web/inDesign/Brochure/Links/DSC_7142.jpg variant=1124x794 elapsed_ms=88 outcome=ok
PIC_VIEWER t_ms=41019 tid=ThreadId(1) display_apply elapsed_ms=0 uri=smb://dietpi.local/4tbp/Work/Willow%20Web/inDesign/Brochure/Links/DSC_7142.jpg
PIC_VIEWER t_ms=41019 tid=ThreadId(1) display_done lane=foreground source=decode navigation_ms=89 uri=smb://dietpi.local/4tbp/Work/Willow%20Web/inDesign/Brochure/Links/DSC_7142.jpg
PIC_VIEWER t_ms=41019 tid=ThreadId(1) cache_evict uri=nfs://DietPi.local/mnt/4TBS/Spar%20Ladies%202025/FB-Spar%20Womens-ToUpload/DSC_5984.jpg bytes=3372000 remaining_entries=32 remaining_bytes=106124824
PIC_VIEWER t_ms=41019 tid=ThreadId(1) navigation_dispatch source=wheel_coalesced from_index=3903 to_index=3904 direction=1
PIC_VIEWER t_ms=41019 tid=ThreadId(1) infobar_update source=wheel index=3904 uri=smb://dietpi.local/4tbp/Work/Willow%20Web/inDesign/Brochure/Links/DSC_7155.jpg
PIC_VIEWER t_ms=41019 tid=ThreadId(1) show_photo_request generation=76 index=3904 uri=smb://dietpi.local/4tbp/Work/Willow%20Web/inDesign/Brochure/Links/DSC_7155.jpg
PIC_VIEWER t_ms=41019 tid=ThreadId(1) request lane=foreground action=new uri=smb://dietpi.local/4tbp/Work/Willow%20Web/inDesign/Brochure/Links/DSC_7155.jpg variant=1124x794
PIC_VIEWER t_ms=41019 tid=ThreadId(97) decode_start uri=smb://dietpi.local/4tbp/Work/Willow%20Web/inDesign/Brochure/Links/DSC_7155.jpg variant=1124x794 queue_ms=0
PIC_VIEWER source_cache lane=foreground action=miss uri=smb://dietpi.local/4tbp/Work/Willow%20Web/inDesign/Brochure/Links/DSC_7155.jpg
PIC_VIEWER network_slot lane=foreground wait_ms=0 uri=smb://dietpi.local/4tbp/Work/Willow%20Web/inDesign/Brochure/Links/DSC_7155.jpg
PIC_SMB_CONNECT reuse
PIC_SMB_READ start
PIC_SMB_READ done bytes=2793504
PIC_VIEWER source_cache action=insert bytes=2793504 uri=smb://dietpi.local/4tbp/Work/Willow%20Web/inDesign/Brochure/Links/DSC_7155.jpg
PIC_VIEWER source_cache action=evict bytes=912391 uri=nfs://DietPi.local/mnt/4TBS/Spar%20Ladies%202025/FB-Spar%20Womens-ToUpload/DSC_7467.jpg
PIC_VIEWER network_done lane=foreground read_ms=37 bytes=2793504 source=network outcome=ok uri=smb://dietpi.local/4tbp/Work/Willow%20Web/inDesign/Brochure/Links/DSC_7155.jpg
PIC_VIEWER decode_stage source_ms=37 cpu_ms=51 uri=smb://dietpi.local/4tbp/Work/Willow%20Web/inDesign/Brochure/Links/DSC_7155.jpg
PIC_VIEWER t_ms=41109 tid=ThreadId(97) decode_done uri=smb://dietpi.local/4tbp/Work/Willow%20Web/inDesign/Brochure/Links/DSC_7155.jpg variant=1124x794 elapsed_ms=89 outcome=ok
PIC_VIEWER t_ms=41110 tid=ThreadId(1) display_apply elapsed_ms=0 uri=smb://dietpi.local/4tbp/Work/Willow%20Web/inDesign/Brochure/Links/DSC_7155.jpg
PIC_VIEWER t_ms=41110 tid=ThreadId(1) display_done lane=foreground source=decode navigation_ms=90 uri=smb://dietpi.local/4tbp/Work/Willow%20Web/inDesign/Brochure/Links/DSC_7155.jpg
PIC_VIEWER t_ms=41110 tid=ThreadId(1) cache_evict uri=nfs://DietPi.local/mnt/4TBS/Spar%20Ladies%202025/FB-Spar%20Womens-ToUpload/DSC_5986.jpg bytes=3372000 remaining_entries=32 remaining_bytes=104426576
PIC_VIEWER t_ms=41270 tid=ThreadId(1) request lane=prefetch action=new uri=smb://dietpi.local/4tbp/Work/Willow%20Web/inDesign/Brochure/Links/Sabrina.png variant=1124x794
PIC_VIEWER t_ms=41270 tid=ThreadId(1) cache_hit lane=prefetch uri=smb://dietpi.local/4tbp/Work/Willow%20Web/inDesign/Brochure/Links/DSC_7142.jpg
PIC_VIEWER t_ms=41270 tid=ThreadId(98) decode_start uri=smb://dietpi.local/4tbp/Work/Willow%20Web/inDesign/Brochure/Links/Sabrina.png variant=1124x794 queue_ms=0
PIC_VIEWER source_cache lane=prefetch action=miss uri=smb://dietpi.local/4tbp/Work/Willow%20Web/inDesign/Brochure/Links/Sabrina.png
PIC_VIEWER network_slot lane=prefetch wait_ms=0 uri=smb://dietpi.local/4tbp/Work/Willow%20Web/inDesign/Brochure/Links/Sabrina.png
PIC_SMB_CONNECT reuse
PIC_SMB_READ start
PIC_SMB_READ done bytes=2775647
PIC_VIEWER source_cache action=insert bytes=2775647 uri=smb://dietpi.local/4tbp/Work/Willow%20Web/inDesign/Brochure/Links/Sabrina.png
PIC_VIEWER source_cache action=evict bytes=1174473 uri=nfs://DietPi.local/mnt/4TBS/Spar%20Ladies%202025/FB-Spar%20Womens-ToUpload/DSC_7468.jpg
PIC_VIEWER network_done lane=prefetch read_ms=45 bytes=2775647 source=network outcome=ok uri=smb://dietpi.local/4tbp/Work/Willow%20Web/inDesign/Brochure/Links/Sabrina.png
PIC_VIEWER decode_stage source_ms=45 cpu_ms=45 uri=smb://dietpi.local/4tbp/Work/Willow%20Web/inDesign/Brochure/Links/Sabrina.png
PIC_VIEWER t_ms=41361 tid=ThreadId(98) decode_done uri=smb://dietpi.local/4tbp/Work/Willow%20Web/inDesign/Brochure/Links/Sabrina.png variant=1124x794 elapsed_ms=91 outcome=ok
PIC_VIEWER t_ms=41361 tid=ThreadId(1) cache_evict uri=nfs://DietPi.local/mnt/4TBS/Spar%20Ladies%202025/FB-Spar%20Womens-ToUpload/DSC_5987.jpg bytes=3372000 remaining_entries=32 remaining_bytes=102109008
PIC_VIEWER t_ms=41526 tid=ThreadId(1) wheel_event dy=-1
PIC_VIEWER t_ms=41526 tid=ThreadId(1) navigation_dispatch source=wheel from_index=3904 to_index=3903 direction=-1
PIC_VIEWER t_ms=41526 tid=ThreadId(1) infobar_update source=wheel index=3903 uri=smb://dietpi.local/4tbp/Work/Willow%20Web/inDesign/Brochure/Links/DSC_7142.jpg
PIC_VIEWER t_ms=41526 tid=ThreadId(1) show_photo_request generation=77 index=3903 uri=smb://dietpi.local/4tbp/Work/Willow%20Web/inDesign/Brochure/Links/DSC_7142.jpg
PIC_VIEWER t_ms=41526 tid=ThreadId(1) cache_hit lane=foreground uri=smb://dietpi.local/4tbp/Work/Willow%20Web/inDesign/Brochure/Links/DSC_7142.jpg
PIC_VIEWER t_ms=41526 tid=ThreadId(1) display_done lane=foreground source=texture_cache navigation_ms=0 uri=smb://dietpi.local/4tbp/Work/Willow%20Web/inDesign/Brochure/Links/DSC_7142.jpg
PIC_VIEWER t_ms=41574 tid=ThreadId(1) wheel_event dy=-1
PIC_VIEWER t_ms=41574 tid=ThreadId(1) navigation_dispatch source=wheel from_index=3903 to_index=3902 direction=-1
PIC_VIEWER t_ms=41574 tid=ThreadId(1) infobar_update source=wheel index=3902 uri=smb://dietpi.local/4tbp/Work/Willow%20Web/inDesign/Brochure/Links/DSC_7102.jpg
PIC_VIEWER t_ms=41574 tid=ThreadId(1) show_photo_request generation=78 index=3902 uri=smb://dietpi.local/4tbp/Work/Willow%20Web/inDesign/Brochure/Links/DSC_7102.jpg
PIC_VIEWER t_ms=41574 tid=ThreadId(1) cache_hit lane=foreground uri=smb://dietpi.local/4tbp/Work/Willow%20Web/inDesign/Brochure/Links/DSC_7102.jpg
PIC_VIEWER t_ms=41574 tid=ThreadId(1) display_done lane=foreground source=texture_cache navigation_ms=0 uri=smb://dietpi.local/4tbp/Work/Willow%20Web/inDesign/Brochure/Links/DSC_7102.jpg
PIC_VIEWER t_ms=41669 tid=ThreadId(1) wheel_event dy=-1
PIC_VIEWER t_ms=41670 tid=ThreadId(1) navigation_dispatch source=wheel from_index=3902 to_index=3901 direction=-1
PIC_VIEWER t_ms=41670 tid=ThreadId(1) infobar_update source=wheel index=3901 uri=smb://dietpi.local/4tbp/Work/Willow%20Web/inDesign/Brochure/Links/DSC_7049.jpg
PIC_VIEWER t_ms=41670 tid=ThreadId(1) show_photo_request generation=79 index=3901 uri=smb://dietpi.local/4tbp/Work/Willow%20Web/inDesign/Brochure/Links/DSC_7049.jpg
PIC_VIEWER t_ms=41670 tid=ThreadId(1) cache_hit lane=foreground uri=smb://dietpi.local/4tbp/Work/Willow%20Web/inDesign/Brochure/Links/DSC_7049.jpg
PIC_VIEWER t_ms=41670 tid=ThreadId(1) display_done lane=foreground source=texture_cache navigation_ms=0 uri=smb://dietpi.local/4tbp/Work/Willow%20Web/inDesign/Brochure/Links/DSC_7049.jpg
PIC_VIEWER t_ms=41766 tid=ThreadId(1) wheel_event dy=-1
PIC_VIEWER t_ms=41766 tid=ThreadId(1) navigation_dispatch source=wheel from_index=3901 to_index=3900 direction=-1
PIC_VIEWER t_ms=41766 tid=ThreadId(1) infobar_update source=wheel index=3900 uri=smb://dietpi.local/4tbp/Work/Willow%20Web/inDesign/Brochure/Links/DSC_7031.jpg
PIC_VIEWER t_ms=41766 tid=ThreadId(1) show_photo_request generation=80 index=3900 uri=smb://dietpi.local/4tbp/Work/Willow%20Web/inDesign/Brochure/Links/DSC_7031.jpg
PIC_VIEWER t_ms=41766 tid=ThreadId(1) cache_hit lane=foreground uri=smb://dietpi.local/4tbp/Work/Willow%20Web/inDesign/Brochure/Links/DSC_7031.jpg
PIC_VIEWER t_ms=41766 tid=ThreadId(1) display_done lane=foreground source=texture_cache navigation_ms=0 uri=smb://dietpi.local/4tbp/Work/Willow%20Web/inDesign/Brochure/Links/DSC_7031.jpg
PIC_VIEWER t_ms=41846 tid=ThreadId(1) wheel_event dy=-1
PIC_VIEWER t_ms=41846 tid=ThreadId(1) navigation_dispatch source=wheel from_index=3900 to_index=3899 direction=-1
PIC_VIEWER t_ms=41846 tid=ThreadId(1) infobar_update source=wheel index=3899 uri=smb://dietpi.local/4tbp/Work/Willow%20Web/inDesign/Brochure/Links/DSC_7011.jpg
PIC_VIEWER t_ms=41846 tid=ThreadId(1) show_photo_request generation=81 index=3899 uri=smb://dietpi.local/4tbp/Work/Willow%20Web/inDesign/Brochure/Links/DSC_7011.jpg
PIC_VIEWER t_ms=41846 tid=ThreadId(1) cache_hit lane=foreground uri=smb://dietpi.local/4tbp/Work/Willow%20Web/inDesign/Brochure/Links/DSC_7011.jpg
PIC_VIEWER t_ms=41846 tid=ThreadId(1) display_done lane=foreground source=texture_cache navigation_ms=0 uri=smb://dietpi.local/4tbp/Work/Willow%20Web/inDesign/Brochure/Links/DSC_7011.jpg
PIC_VIEWER t_ms=41958 tid=ThreadId(1) wheel_event dy=-1
PIC_VIEWER t_ms=41958 tid=ThreadId(1) navigation_dispatch source=wheel from_index=3899 to_index=3898 direction=-1
PIC_VIEWER t_ms=41958 tid=ThreadId(1) infobar_update source=wheel index=3898 uri=smb://dietpi.local/4tbp/Work/Willow%20Web/inDesign/Brochure/Links/DSC_6997.jpg
PIC_VIEWER t_ms=41958 tid=ThreadId(1) show_photo_request generation=82 index=3898 uri=smb://dietpi.local/4tbp/Work/Willow%20Web/inDesign/Brochure/Links/DSC_6997.jpg
PIC_VIEWER t_ms=41958 tid=ThreadId(1) cache_hit lane=foreground uri=smb://dietpi.local/4tbp/Work/Willow%20Web/inDesign/Brochure/Links/DSC_6997.jpg
PIC_VIEWER t_ms=41958 tid=ThreadId(1) display_done lane=foreground source=texture_cache navigation_ms=0 uri=smb://dietpi.local/4tbp/Work/Willow%20Web/inDesign/Brochure/Links/DSC_6997.jpg
PIC_VIEWER t_ms=42022 tid=ThreadId(1) wheel_event dy=-1
PIC_VIEWER t_ms=42022 tid=ThreadId(1) navigation_dispatch source=wheel from_index=3898 to_index=3897 direction=-1
PIC_VIEWER t_ms=42022 tid=ThreadId(1) infobar_update source=wheel index=3897 uri=smb://dietpi.local/4tbp/Work/Willow%20Web/inDesign/Brochure/Links/DSC_2477.JPG
PIC_VIEWER t_ms=42022 tid=ThreadId(1) show_photo_request generation=83 index=3897 uri=smb://dietpi.local/4tbp/Work/Willow%20Web/inDesign/Brochure/Links/DSC_2477.JPG
PIC_VIEWER t_ms=42022 tid=ThreadId(1) cache_hit lane=foreground uri=smb://dietpi.local/4tbp/Work/Willow%20Web/inDesign/Brochure/Links/DSC_2477.JPG
PIC_VIEWER t_ms=42022 tid=ThreadId(1) display_done lane=foreground source=texture_cache navigation_ms=0 uri=smb://dietpi.local/4tbp/Work/Willow%20Web/inDesign/Brochure/Links/DSC_2477.JPG
PIC_VIEWER t_ms=42272 tid=ThreadId(1) request lane=prefetch action=new uri=smb://dietpi.local/4tbp/Work/Willow%20Web/inDesign/PullUpBanner/Links/Compress/more/Willow-Science.jpg variant=1124x794
PIC_VIEWER t_ms=42272 tid=ThreadId(1) cache_hit lane=prefetch uri=smb://dietpi.local/4tbp/Work/Willow%20Web/inDesign/Brochure/Links/DSC_6997.jpg
PIC_VIEWER t_ms=42272 tid=ThreadId(99) decode_start uri=smb://dietpi.local/4tbp/Work/Willow%20Web/inDesign/PullUpBanner/Links/Compress/more/Willow-Science.jpg variant=1124x794 queue_ms=0
PIC_VIEWER source_cache lane=prefetch action=miss uri=smb://dietpi.local/4tbp/Work/Willow%20Web/inDesign/PullUpBanner/Links/Compress/more/Willow-Science.jpg
PIC_VIEWER network_slot lane=prefetch wait_ms=0 uri=smb://dietpi.local/4tbp/Work/Willow%20Web/inDesign/PullUpBanner/Links/Compress/more/Willow-Science.jpg
PIC_SMB_CONNECT reuse
PIC_SMB_READ start
PIC_SMB_READ done bytes=473257
PIC_VIEWER source_cache action=insert bytes=473257 uri=smb://dietpi.local/4tbp/Work/Willow%20Web/inDesign/PullUpBanner/Links/Compress/more/Willow-Science.jpg
PIC_VIEWER source_cache action=evict bytes=1357699 uri=nfs://DietPi.local/mnt/4TBS/Spar%20Ladies%202025/FB-Spar%20Womens-ToUpload/DSC_7472.jpg
PIC_VIEWER network_done lane=prefetch read_ms=11 bytes=473257 source=network outcome=ok uri=smb://dietpi.local/4tbp/Work/Willow%20Web/inDesign/PullUpBanner/Links/Compress/more/Willow-Science.jpg
PIC_VIEWER decode_stage source_ms=11 cpu_ms=22 uri=smb://dietpi.local/4tbp/Work/Willow%20Web/inDesign/PullUpBanner/Links/Compress/more/Willow-Science.jpg
PIC_VIEWER t_ms=42309 tid=ThreadId(99) decode_done uri=smb://dietpi.local/4tbp/Work/Willow%20Web/inDesign/PullUpBanner/Links/Compress/more/Willow-Science.jpg variant=1124x794 elapsed_ms=36 outcome=ok
PIC_VIEWER t_ms=42309 tid=ThreadId(1) cache_evict uri=nfs://DietPi.local/mnt/4TBS/Spar%20Ladies%202025/FB-Spar%20Womens-ToUpload/DSC_5989.jpg bytes=3372000 remaining_entries=32 remaining_bytes=101582976
PIC_VIEWER t_ms=42406 tid=ThreadId(1) wheel_event dy=-1
PIC_VIEWER t_ms=42406 tid=ThreadId(1) navigation_dispatch source=wheel from_index=3897 to_index=3896 direction=-1
PIC_VIEWER t_ms=42406 tid=ThreadId(1) infobar_update source=wheel index=3896 uri=smb://dietpi.local/4tbp/Work/Willow%20Web/inDesign/PullUpBanner/Links/Compress/more/Willow-Science.jpg
PIC_VIEWER t_ms=42406 tid=ThreadId(1) show_photo_request generation=84 index=3896 uri=smb://dietpi.local/4tbp/Work/Willow%20Web/inDesign/PullUpBanner/Links/Compress/more/Willow-Science.jpg
PIC_VIEWER t_ms=42406 tid=ThreadId(1) cache_hit lane=foreground uri=smb://dietpi.local/4tbp/Work/Willow%20Web/inDesign/PullUpBanner/Links/Compress/more/Willow-Science.jpg
PIC_VIEWER t_ms=42406 tid=ThreadId(1) display_done lane=foreground source=texture_cache navigation_ms=0 uri=smb://dietpi.local/4tbp/Work/Willow%20Web/inDesign/PullUpBanner/Links/Compress/more/Willow-Science.jpg
PIC_VIEWER t_ms=42437 tid=ThreadId(1) wheel_event dy=-1
PIC_VIEWER t_ms=42438 tid=ThreadId(1) navigation_dispatch source=wheel from_index=3896 to_index=3895 direction=-1
PIC_VIEWER t_ms=42438 tid=ThreadId(1) infobar_update source=wheel index=3895 uri=smb://dietpi.local/4tbp/Work/Willow%20Web/inDesign/PullUpBanner/Links/Compress/more/Willow-GradeR.jpg
PIC_VIEWER t_ms=42438 tid=ThreadId(1) show_photo_request generation=85 index=3895 uri=smb://dietpi.local/4tbp/Work/Willow%20Web/inDesign/PullUpBanner/Links/Compress/more/Willow-GradeR.jpg
PIC_VIEWER t_ms=42438 tid=ThreadId(1) request lane=foreground action=new uri=smb://dietpi.local/4tbp/Work/Willow%20Web/inDesign/PullUpBanner/Links/Compress/more/Willow-GradeR.jpg variant=1124x794
PIC_VIEWER t_ms=42438 tid=ThreadId(100) decode_start uri=smb://dietpi.local/4tbp/Work/Willow%20Web/inDesign/PullUpBanner/Links/Compress/more/Willow-GradeR.jpg variant=1124x794 queue_ms=0
PIC_VIEWER source_cache lane=foreground action=miss uri=smb://dietpi.local/4tbp/Work/Willow%20Web/inDesign/PullUpBanner/Links/Compress/more/Willow-GradeR.jpg
PIC_VIEWER network_slot lane=foreground wait_ms=0 uri=smb://dietpi.local/4tbp/Work/Willow%20Web/inDesign/PullUpBanner/Links/Compress/more/Willow-GradeR.jpg
PIC_SMB_CONNECT reuse
PIC_SMB_READ start
PIC_SMB_READ done bytes=632199
PIC_VIEWER source_cache action=insert bytes=632199 uri=smb://dietpi.local/4tbp/Work/Willow%20Web/inDesign/PullUpBanner/Links/Compress/more/Willow-GradeR.jpg
PIC_VIEWER source_cache action=evict bytes=1310833 uri=nfs://DietPi.local/mnt/4TBS/Spar%20Ladies%202025/FB-Spar%20Womens-ToUpload/DSC_7475.jpg
PIC_VIEWER network_done lane=foreground read_ms=13 bytes=632199 source=network outcome=ok uri=smb://dietpi.local/4tbp/Work/Willow%20Web/inDesign/PullUpBanner/Links/Compress/more/Willow-GradeR.jpg
PIC_VIEWER decode_stage source_ms=13 cpu_ms=21 uri=smb://dietpi.local/4tbp/Work/Willow%20Web/inDesign/PullUpBanner/Links/Compress/more/Willow-GradeR.jpg
PIC_VIEWER t_ms=42475 tid=ThreadId(100) decode_done uri=smb://dietpi.local/4tbp/Work/Willow%20Web/inDesign/PullUpBanner/Links/Compress/more/Willow-GradeR.jpg variant=1124x794 elapsed_ms=37 outcome=ok
PIC_VIEWER t_ms=42476 tid=ThreadId(1) display_apply elapsed_ms=0 uri=smb://dietpi.local/4tbp/Work/Willow%20Web/inDesign/PullUpBanner/Links/Compress/more/Willow-GradeR.jpg
PIC_VIEWER t_ms=42476 tid=ThreadId(1) display_done lane=foreground source=decode navigation_ms=37 uri=smb://dietpi.local/4tbp/Work/Willow%20Web/inDesign/PullUpBanner/Links/Compress/more/Willow-GradeR.jpg
PIC_VIEWER t_ms=42476 tid=ThreadId(1) cache_evict uri=nfs://DietPi.local/mnt/4TBS/Spar%20Ladies%202025/FB-Spar%20Womens-ToUpload/DSC_5988.jpg bytes=3372000 remaining_entries=32 remaining_bytes=101056944
PIC_VIEWER t_ms=42688 tid=ThreadId(1) request lane=prefetch action=new uri=smb://dietpi.local/4tbp/Work/Willow%20Web/inDesign/PullUpBanner/Links/Compress/more/Willow-Grade3.jpg variant=1124x794
PIC_VIEWER t_ms=42688 tid=ThreadId(1) cache_hit lane=prefetch uri=smb://dietpi.local/4tbp/Work/Willow%20Web/inDesign/PullUpBanner/Links/Compress/more/Willow-Science.jpg
PIC_VIEWER t_ms=42688 tid=ThreadId(101) decode_start uri=smb://dietpi.local/4tbp/Work/Willow%20Web/inDesign/PullUpBanner/Links/Compress/more/Willow-Grade3.jpg variant=1124x794 queue_ms=0
PIC_VIEWER source_cache lane=prefetch action=miss uri=smb://dietpi.local/4tbp/Work/Willow%20Web/inDesign/PullUpBanner/Links/Compress/more/Willow-Grade3.jpg
PIC_VIEWER network_slot lane=prefetch wait_ms=0 uri=smb://dietpi.local/4tbp/Work/Willow%20Web/inDesign/PullUpBanner/Links/Compress/more/Willow-Grade3.jpg
PIC_SMB_CONNECT reuse
PIC_SMB_READ start
PIC_SMB_READ done bytes=735284
PIC_VIEWER source_cache action=insert bytes=735284 uri=smb://dietpi.local/4tbp/Work/Willow%20Web/inDesign/PullUpBanner/Links/Compress/more/Willow-Grade3.jpg
PIC_VIEWER source_cache action=evict bytes=1304403 uri=nfs://DietPi.local/mnt/4TBS/Spar%20Ladies%202025/FB-Spar%20Womens-ToUpload/DSC_7476.jpg
PIC_VIEWER network_done lane=prefetch read_ms=15 bytes=735284 source=network outcome=ok uri=smb://dietpi.local/4tbp/Work/Willow%20Web/inDesign/PullUpBanner/Links/Compress/more/Willow-Grade3.jpg
PIC_VIEWER decode_stage source_ms=15 cpu_ms=23 uri=smb://dietpi.local/4tbp/Work/Willow%20Web/inDesign/PullUpBanner/Links/Compress/more/Willow-Grade3.jpg
PIC_VIEWER t_ms=42730 tid=ThreadId(101) decode_done uri=smb://dietpi.local/4tbp/Work/Willow%20Web/inDesign/PullUpBanner/Links/Compress/more/Willow-Grade3.jpg variant=1124x794 elapsed_ms=41 outcome=ok
PIC_VIEWER t_ms=42730 tid=ThreadId(1) cache_evict uri=nfs://DietPi.local/mnt/4TBS/Spar%20Ladies%202025/FB-Spar%20Womens-ToUpload/DSC_5990.jpg bytes=3372000 remaining_entries=32 remaining_bytes=100530912
PIC_VIEWER t_ms=43273 tid=ThreadId(1) show_photo_request generation=86 index=3895 uri=smb://dietpi.local/4tbp/Work/Willow%20Web/inDesign/PullUpBanner/Links/Compress/more/Willow-GradeR.jpg
PIC_VIEWER t_ms=43273 tid=ThreadId(1) request lane=foreground action=new uri=smb://dietpi.local/4tbp/Work/Willow%20Web/inDesign/PullUpBanner/Links/Compress/more/Willow-GradeR.jpg variant=4294967295x4294967295
PIC_VIEWER t_ms=43273 tid=ThreadId(102) decode_start uri=smb://dietpi.local/4tbp/Work/Willow%20Web/inDesign/PullUpBanner/Links/Compress/more/Willow-GradeR.jpg variant=4294967295x4294967295 queue_ms=0
PIC_VIEWER source_cache lane=foreground action=hit bytes=632199 uri=smb://dietpi.local/4tbp/Work/Willow%20Web/inDesign/PullUpBanner/Links/Compress/more/Willow-GradeR.jpg
PIC_VIEWER decode_stage source_ms=0 cpu_ms=42 uri=smb://dietpi.local/4tbp/Work/Willow%20Web/inDesign/PullUpBanner/Links/Compress/more/Willow-GradeR.jpg
PIC_VIEWER t_ms=43327 tid=ThreadId(102) decode_done uri=smb://dietpi.local/4tbp/Work/Willow%20Web/inDesign/PullUpBanner/Links/Compress/more/Willow-GradeR.jpg variant=4294967295x4294967295 elapsed_ms=53 outcome=ok
PIC_VIEWER t_ms=43334 tid=ThreadId(1) display_apply elapsed_ms=7 uri=smb://dietpi.local/4tbp/Work/Willow%20Web/inDesign/PullUpBanner/Links/Compress/more/Willow-GradeR.jpg
PIC_VIEWER t_ms=43334 tid=ThreadId(1) display_done lane=foreground source=decode navigation_ms=60 uri=smb://dietpi.local/4tbp/Work/Willow%20Web/inDesign/PullUpBanner/Links/Compress/more/Willow-GradeR.jpg
