warning: pic-rs@1.0.0: native/private_smb.c: In function 'init_smb':
warning: pic-rs@1.0.0: native/private_smb.c:31:9: warning: 'smbc_init' is deprecated [-Wdeprecated-declarations]
warning: pic-rs@1.0.0:    31 |         if (smbc_init(guest_auth, 0) != 0) {
warning: pic-rs@1.0.0:       |         ^~
warning: pic-rs@1.0.0: In file included from native/private_smb.c:2:
warning: pic-rs@1.0.0: /usr/include/samba-4.0/libsmbclient.h:1301:5: note: declared here
warning: pic-rs@1.0.0:  1301 | int smbc_init(smbc_get_auth_data_fn fn, int debug);
warning: pic-rs@1.0.0:       |     ^~~~~~~~~
   Compiling pic-rs v1.0.0 (/home/peet/Downloads/picasa/picasa-iphoto-clone)
warning: unused import: `Instant`
 --> src/edit/editor.rs:4:27
  |
4 | use std::time::{Duration, Instant};
  |                           ^^^^^^^
  |
  = note: `#[warn(unused_imports)]` (part of `#[warn(unused)]`) on by default

warning: use of deprecated struct `gtk4::MessageDialog`: Since 4.10
  --> src/main.rs:74:35
   |
74 |                 let dialog = gtk::MessageDialog::builder()
   |                                   ^^^^^^^^^^^^^
   |
   = note: `#[warn(deprecated)]` on by default

warning: use of deprecated struct `gtk4::Dialog`: Since 4.10
    --> src/collage/editor.rs:1344:23
     |
1344 |     let dialog = gtk::Dialog::new();
     |                       ^^^^^^

warning: use of deprecated struct `gtk4::FileChooserNative`: Since 4.10
    --> src/collage/editor.rs:1462:23
     |
1462 |     let dialog = gtk::FileChooserNative::new(
     |                       ^^^^^^^^^^^^^^^^^

warning: use of deprecated struct `gtk4::FileChooserNative`: Since 4.10
  --> src/edit/export.rs:11:27
   |
11 |         let dialog = gtk::FileChooserNative::new(
   |                           ^^^^^^^^^^^^^^^^^

warning: use of deprecated struct `gtk4::Dialog`: Since 4.10
  --> src/network_picker.rs:12:21
   |
12 |     let dialog=gtk::Dialog::with_buttons(
   |                     ^^^^^^

warning: use of deprecated struct `gtk4::MessageDialog`: Since 4.10
   --> src/settings.rs:604:23
    |
604 |     let dialog = gtk::MessageDialog::builder()
    |                       ^^^^^^^^^^^^^

warning: use of deprecated struct `gtk4::FileChooserNative`: Since 4.10
    --> src/window/build.rs:2354:27
     |
2354 |         let dialog = gtk::FileChooserNative::new(
     |                           ^^^^^^^^^^^^^^^^^

warning: use of deprecated struct `gtk4::FileChooserNative`: Since 4.10
    --> src/window/build.rs:2777:25
     |
2777 |         let dialog=gtk::FileChooserNative::new(
     |                         ^^^^^^^^^^^^^^^^^

warning: use of deprecated method `gtk4::prelude::WidgetExt::style_context`: Since 4.10
  --> src/albums/view.rs:20:10
   |
20 |         .style_context()
   |          ^^^^^^^^^^^^^

warning: use of deprecated method `gtk4::prelude::StyleContextExt::add_provider`: Since 4.10
  --> src/albums/view.rs:21:10
   |
21 |         .add_provider(&background, gtk::STYLE_PROVIDER_PRIORITY_APPLICATION + 2);
   |          ^^^^^^^^^^^^

warning: use of deprecated method `gtk4::prelude::WidgetExt::style_context`: Since 4.10
  --> src/albums/view.rs:92:10
   |
92 |         .style_context()
   |          ^^^^^^^^^^^^^

warning: use of deprecated method `gtk4::prelude::StyleContextExt::add_provider`: Since 4.10
  --> src/albums/view.rs:93:10
   |
93 |         .add_provider(&background, gtk::STYLE_PROVIDER_PRIORITY_APPLICATION + 2);
   |          ^^^^^^^^^^^^

warning: use of deprecated method `gtk4::CssProvider::load_from_data`: Since 4.12
   --> src/collage/editor.rs:175:13
    |
175 |         css.load_from_data(&css_data);
    |             ^^^^^^^^^^^^^^

warning: use of deprecated associated function `gtk4::Dialog::new`: Since 4.10
    --> src/collage/editor.rs:1344:31
     |
1344 |     let dialog = gtk::Dialog::new();
     |                               ^^^

warning: use of deprecated method `gtk4::prelude::DialogExt::add_button`: Since 4.10
    --> src/collage/editor.rs:1348:12
     |
1348 |     dialog.add_button("Cancel", gtk::ResponseType::Cancel);
     |            ^^^^^^^^^^

warning: use of deprecated method `gtk4::prelude::DialogExt::add_button`: Since 4.10
    --> src/collage/editor.rs:1349:32
     |
1349 |     let export_button = dialog.add_button("Export", gtk::ResponseType::Ok);
     |                                ^^^^^^^^^^

warning: use of deprecated method `gtk4::prelude::DialogExt::set_default_response`: Since 4.10
    --> src/collage/editor.rs:1351:12
     |
1351 |     dialog.set_default_response(gtk::ResponseType::Ok);
     |            ^^^^^^^^^^^^^^^^^^^^

warning: use of deprecated method `gtk4::prelude::DialogExt::content_area`: Since 4.10
    --> src/collage/editor.rs:1353:26
     |
1353 |     let content = dialog.content_area();
     |                          ^^^^^^^^^^^^

warning: use of deprecated method `gtk4::prelude::DialogExt::connect_response`: Since 4.10
    --> src/collage/editor.rs:1427:16
     |
1427 |         dialog.connect_response(move |_, response| {
     |                ^^^^^^^^^^^^^^^^

warning: use of deprecated method `gtk4::prelude::WidgetExt::show`: Since 4.10
    --> src/collage/editor.rs:1450:12
     |
1450 |     dialog.show();
     |            ^^^^

warning: use of deprecated associated function `gtk4::FileChooserNative::new`: Since 4.10
    --> src/collage/editor.rs:1462:42
     |
1462 |     let dialog = gtk::FileChooserNative::new(
     |                                          ^^^

warning: use of deprecated method `gtk4::prelude::FileChooserExt::set_current_name`: Since 4.10
    --> src/collage/editor.rs:1469:12
     |
1469 |     dialog.set_current_name(&format!("collage.{extension}"));
     |            ^^^^^^^^^^^^^^^^

warning: use of deprecated method `gtk4::prelude::FileChooserExt::add_filter`: Since 4.10
    --> src/collage/editor.rs:1476:12
     |
1476 |     dialog.add_filter(&filter);
     |            ^^^^^^^^^^

warning: use of deprecated method `gtk4::prelude::FileChooserExt::file`: Since 4.10
    --> src/collage/editor.rs:1482:33
     |
1482 |         let Some(path) = dialog.file().and_then(|file| file.path()) else {
     |                                 ^^^^

warning: use of deprecated method `gtk4::CssProvider::load_from_data`: Since 4.12
  --> src/css/mod.rs:46:10
   |
46 |     base.load_from_data(BASE);
   |          ^^^^^^^^^^^^^^

warning: use of deprecated method `gtk4::CssProvider::load_from_data`: Since 4.12
  --> src/css/mod.rs:54:14
   |
54 |     platform.load_from_data(PLATFORM);
   |              ^^^^^^^^^^^^^^

warning: use of deprecated method `gtk4::CssProvider::load_from_data`: Since 4.12
  --> src/css/mod.rs:65:20
   |
65 |     square_corners.load_from_data(SQUARE_CORNERS);
   |                    ^^^^^^^^^^^^^^

warning: use of deprecated associated function `gtk4::FileChooserNative::new`: Since 4.10
  --> src/edit/export.rs:11:46
   |
11 |         let dialog = gtk::FileChooserNative::new(
   |                                              ^^^

warning: use of deprecated method `gtk4::prelude::FileChooserExt::set_current_name`: Since 4.10
  --> src/edit/export.rs:23:16
   |
23 |         dialog.set_current_name(&filename);
   |                ^^^^^^^^^^^^^^^^

warning: use of deprecated method `gtk4::prelude::FileChooserExt::file`: Since 4.10
  --> src/edit/export.rs:32:51
   |
32 |                 if let Some(destination) = dialog.file().and_then(|file| file.path()) {
   |                                                   ^^^^

warning: use of deprecated associated function `gtk4::dialog::<impl gtk4::Dialog>::with_buttons`: Since 4.10
  --> src/network_picker.rs:12:29
   |
12 |     let dialog=gtk::Dialog::with_buttons(
   |                             ^^^^^^^^^^^^

warning: use of deprecated method `gtk4::prelude::DialogExt::set_default_response`: Since 4.10
  --> src/network_picker.rs:18:12
   |
18 |     dialog.set_default_response(gtk::ResponseType::Accept);
   |            ^^^^^^^^^^^^^^^^^^^^

warning: use of deprecated method `gtk4::prelude::DialogExt::content_area`: Since 4.10
  --> src/network_picker.rs:19:24
   |
19 |     let content=dialog.content_area();
   |                        ^^^^^^^^^^^^

warning: use of deprecated method `gtk4::prelude::DialogExt::connect_response`: Since 4.10
   --> src/network_picker.rs:139:12
    |
139 |     dialog.connect_response(move |dlg,reply|{
    |            ^^^^^^^^^^^^^^^^

warning: use of deprecated method `gtk4::prelude::WidgetExt::hide`: Since 4.10
  --> src/settings.rs:67:24
   |
67 |                 window.hide();
   |                        ^^^^

warning: use of deprecated associated function `gtk4::MessageDialog::builder`: Since 4.10
   --> src/settings.rs:604:38
    |
604 |     let dialog = gtk::MessageDialog::builder()
    |                                      ^^^^^^^

warning: use of deprecated method `gtk4::builders::MessageDialogBuilder::transient_for`: Since 4.10
   --> src/settings.rs:605:10
    |
605 |         .transient_for(parent)
    |          ^^^^^^^^^^^^^

warning: use of deprecated method `gtk4::builders::MessageDialogBuilder::modal`: Since 4.10
   --> src/settings.rs:606:10
    |
606 |         .modal(true)
    |          ^^^^^

warning: use of deprecated method `gtk4::builders::MessageDialogBuilder::message_type`: Since 4.10
   --> src/settings.rs:607:10
    |
607 |         .message_type(gtk::MessageType::Warning)
    |          ^^^^^^^^^^^^

warning: use of deprecated method `gtk4::builders::MessageDialogBuilder::buttons`: Since 4.10
   --> src/settings.rs:608:10
    |
608 |         .buttons(gtk::ButtonsType::Cancel)
    |          ^^^^^^^

warning: use of deprecated method `gtk4::builders::MessageDialogBuilder::text`: Since 4.10
   --> src/settings.rs:609:10
    |
609 |         .text(title)
    |          ^^^^

warning: use of deprecated method `gtk4::builders::MessageDialogBuilder::secondary_text`: Since 4.10
   --> src/settings.rs:610:10
    |
610 |         .secondary_text(message)
    |          ^^^^^^^^^^^^^^

warning: use of deprecated method `gtk4::builders::MessageDialogBuilder::build`: Since 4.10
   --> src/settings.rs:611:10
    |
611 |         .build();
    |          ^^^^^

warning: use of deprecated method `gtk4::prelude::DialogExt::add_button`: Since 4.10
   --> src/settings.rs:612:12
    |
612 |     dialog.add_button("Continue", gtk::ResponseType::Accept);
    |            ^^^^^^^^^^

warning: use of deprecated method `gtk4::prelude::DialogExt::connect_response`: Since 4.10
   --> src/settings.rs:613:12
    |
613 |     dialog.connect_response(move |dialog, response| {
    |            ^^^^^^^^^^^^^^^^

warning: use of deprecated method `gtk4::prelude::WidgetExt::allocation`: Since 4.12
    --> src/sidebar.rs:1748:58
     |
1748 |                         .unwrap_or_else(|| f64::from(row.allocation().y()));
     |                                                          ^^^^^^^^^^

warning: use of deprecated method `gtk4::CssProvider::load_from_data`: Since 4.12
   --> src/window/theme.rs:151:22
    |
151 |             provider.load_from_data(base.css.as_str());
    |                      ^^^^^^^^^^^^^^

warning: use of deprecated method `gtk4::CssProvider::load_from_data`: Since 4.12
   --> src/window/theme.rs:204:22
    |
204 |             provider.load_from_data(theme.css.as_str());
    |                      ^^^^^^^^^^^^^^

warning: use of deprecated associated function `gtk4::FileChooserNative::new`: Since 4.10
    --> src/window/build.rs:2354:46
     |
2354 |         let dialog = gtk::FileChooserNative::new(
     |                                              ^^^

warning: use of deprecated method `gtk4::prelude::FileChooserExt::set_current_name`: Since 4.10
    --> src/window/build.rs:2367:16
     |
2367 |         dialog.set_current_name(&filename);
     |                ^^^^^^^^^^^^^^^^

warning: use of deprecated method `gtk4::prelude::FileChooserExt::file`: Since 4.10
    --> src/window/build.rs:2371:44
     |
2371 |                 if let Some(file) = dialog.file() {
     |                                            ^^^^

warning: use of deprecated associated function `gtk4::FileChooserNative::new`: Since 4.10
    --> src/window/build.rs:2777:44
     |
2777 |         let dialog=gtk::FileChooserNative::new(
     |                                            ^^^

warning: use of deprecated method `gtk4::prelude::FileChooserExt::file`: Since 4.10
    --> src/window/build.rs:2782:39
     |
2782 |                 if let Some(file)=dlg.file(){ selected_for_local(crate::source::reference(&file)); }
     |                                       ^^^^

warning: use of deprecated method `gtk4::CssProvider::load_from_data`: Since 4.12
  --> src/window/photo_actions.rs:16:9
   |
16 |     css.load_from_data(crate::css::PHOTO_CONTEXT_MENU);
   |         ^^^^^^^^^^^^^^

warning: use of deprecated associated function `gtk4::MessageDialog::builder`: Since 4.10
  --> src/main.rs:74:50
   |
74 |                 let dialog = gtk::MessageDialog::builder()
   |                                                  ^^^^^^^

warning: use of deprecated method `gtk4::builders::MessageDialogBuilder::message_type`: Since 4.10
  --> src/main.rs:75:22
   |
75 |                     .message_type(gtk::MessageType::Error)
   |                      ^^^^^^^^^^^^

warning: use of deprecated method `gtk4::builders::MessageDialogBuilder::buttons`: Since 4.10
  --> src/main.rs:76:22
   |
76 |                     .buttons(gtk::ButtonsType::Close)
   |                      ^^^^^^^

warning: use of deprecated method `gtk4::builders::MessageDialogBuilder::text`: Since 4.10
  --> src/main.rs:77:22
   |
77 |                     .text("Could not open the photo library")
   |                      ^^^^

warning: use of deprecated method `gtk4::builders::MessageDialogBuilder::secondary_text`: Since 4.10
  --> src/main.rs:78:22
   |
78 |                     .secondary_text(error.to_string())
   |                      ^^^^^^^^^^^^^^

warning: use of deprecated method `gtk4::builders::MessageDialogBuilder::build`: Since 4.10
  --> src/main.rs:79:22
   |
79 |                     .build();
   |                      ^^^^^

warning: use of deprecated method `gtk4::prelude::DialogExt::connect_response`: Since 4.10
  --> src/main.rs:80:24
   |
80 |                 dialog.connect_response(|dialog, _| dialog.close());
   |                        ^^^^^^^^^^^^^^^^

warning: unused import: `gtk::prelude`
 --> src/css/mod.rs:3:5
  |
3 | use gtk::prelude::*;
  |     ^^^^^^^^^^^^

warning: unreachable pattern
   --> src/css/theme_discovery.rs:200:39
    |
200 |                     "traffic-light" | "traffic-light" | "trafficlights" => {
    |                     ---------------   ^^^^^^^^^^^^^^^ no value can reach this
    |                     |
    |                     matches all the relevant values
    |
    = note: `#[warn(unreachable_patterns)]` (part of `#[warn(unused)]`) on by default

warning: unused variable: `window_for_close`
  --> src/settings.rs:64:17
   |
64 |             let window_for_close = window.clone();
   |                 ^^^^^^^^^^^^^^^^ help: if this is intentional, prefix it with an underscore: `_window_for_close`
   |
   = note: `#[warn(unused_variables)]` (part of `#[warn(unused)]`) on by default

warning: unused variable: `set_expanded`
   --> src/sidebar.rs:710:13
    |
710 |         let set_expanded = set_folders_expanded.clone();
    |             ^^^^^^^^^^^^ help: if this is intentional, prefix it with an underscore: `_set_expanded`

warning: unused variable: `error`
   --> src/thumbnail_display.rs:374:13
    |
374 |         Err(error) => {
    |             ^^^^^ help: if this is intentional, prefix it with an underscore: `_error`

warning: unused variable: `path`
    --> src/window/build.rs:3093:21
     |
3093 |                     path,
     |                     ^^^^ help: try ignoring the field: `path: _`

warning: unused variable: `count`
    --> src/window/build.rs:2863:17
     |
2863 |             let count = roots.as_ref().map(|roots| roots.len()).unwrap_or(0);
     |                 ^^^^^ help: if this is intentional, prefix it with an underscore: `_count`

warning: unused variable: `kind`
    --> src/window/build.rs:2562:41
     |
2562 |             let Some((root, generation, kind)) = next else {
     |                                         ^^^^ help: if this is intentional, prefix it with an underscore: `_kind`

warning: unused variable: `mount`
   --> src/window/layout.rs:479:51
    |
479 |     volume_monitor.connect_mount_changed(move |_, mount| {
    |                                                   ^^^^^ help: if this is intentional, prefix it with an underscore: `_mount`

warning: unused variable: `mount`
   --> src/window/layout.rs:474:51
    |
474 |     volume_monitor.connect_mount_removed(move |_, mount| {
    |                                                   ^^^^^ help: if this is intentional, prefix it with an underscore: `_mount`

warning: unused variable: `mount`
   --> src/window/layout.rs:469:49
    |
469 |     volume_monitor.connect_mount_added(move |_, mount| {
    |                                                 ^^^^^ help: if this is intentional, prefix it with an underscore: `_mount`

warning: unused variable: `changed`
   --> src/window/layout.rs:296:24
    |
296 |                     Ok(changed) => {
    |                        ^^^^^^^ help: if this is intentional, prefix it with an underscore: `_changed`

warning: unused variable: `file`
   --> src/window/build.rs:218:50
    |
218 |                 monitor.connect_changed(move |_, file, other_file, event| {
    |                                                  ^^^^ help: if this is intentional, prefix it with an underscore: `_file`

warning: unused variable: `other_file`
   --> src/window/build.rs:218:56
    |
218 |                 monitor.connect_changed(move |_, file, other_file, event| {
    |                                                        ^^^^^^^^^^ help: if this is intentional, prefix it with an underscore: `_other_file`

warning: unused variable: `search`
    --> src/window/build.rs:2453:9
     |
2453 |         search,
     |         ^^^^^^ help: if this is intentional, prefix it with an underscore: `_search`

warning: unused variable: `search`
   --> src/window/search.rs:207:22
    |
207 |         if let (Some(search), Some(popup)) = (search_weak.upgrade(), popup_weak.upgrade()) {
    |                      ^^^^^^ help: if this is intentional, prefix it with an underscore: `_search`

warning: function `bookshelf_background_path` is never used
   --> src/albums/bookshelf.rs:135:4
    |
135 | fn bookshelf_background_path(directory: &Path, index: usize) -> Option<PathBuf> {
    |    ^^^^^^^^^^^^^^^^^^^^^^^^^
    |
    = note: `#[warn(dead_code)]` (part of `#[warn(unused)]`) on by default

warning: method `add_photos` is never used
   --> src/collage/editor.rs:136:12
    |
126 | impl CollageEditor {
    | ------------------ method in this implementation
...
136 |     pub fn add_photos(&self, photos: Vec<crate::photo_object::PhotoObject>) {
    |            ^^^^^^^^^^

warning: method `add_photos` is never used
   --> src/collage/model.rs:153:12
    |
102 | impl CollageProject {
    | ------------------- method in this implementation
...
153 |     pub fn add_photos(&mut self, photos: Vec<PhotoObject>) {
    |            ^^^^^^^^^^

warning: function `folder_path_by_id` is never used
   --> src/db/photos.rs:265:8
    |
265 | pub fn folder_path_by_id(connection: &Connection, folder_id: i64) -> Result<Option<String>> {
    |        ^^^^^^^^^^^^^^^^^

warning: field `interactive` is never read
  --> src/edit/preview.rs:94:5
   |
84 | struct PreviewJob {
   |        ---------- field in this struct
...
94 |     interactive: bool,
   |     ^^^^^^^^^^^

warning: function `pointer_over_content` is never used
  --> src/edit/zoom.rs:54:4
   |
54 | fn pointer_over_content(pointer: f64, viewport: f64, content: f64) -> bool {
   |    ^^^^^^^^^^^^^^^^^^^^

warning: function `apply_recipe_without_crop` is never used
  --> src/edit/render.rs:31:8
   |
31 | pub fn apply_recipe_without_crop(mut image: RgbaImage, recipe: &EditRecipe) -> RgbaImage {
   |        ^^^^^^^^^^^^^^^^^^^^^^^^^

warning: method `clear_photo` is never used
   --> src/grid/tile.rs:656:8
    |
164 | impl SquareTile {
    | --------------- method in this implementation
...
656 |     fn clear_photo(&self) {
    |        ^^^^^^^^^^^

warning: method `visible_folder_id` is never used
   --> src/grid/grouping.rs:269:12
    |
 27 | impl Gallery {
    | ------------ method in this implementation
...
269 |     pub fn visible_folder_id(&self) -> Option<i64> {
    |            ^^^^^^^^^^^^^^^^^

warning: function `folder_row_offset` is never used
  --> src/grid/virtualization.rs:60:4
   |
60 | fn folder_row_offset(rows: &[FolderVirtualRow], target_row: usize, tile_height: i32) -> f64 {
   |    ^^^^^^^^^^^^^^^^^

warning: struct `FolderVirtualRow` is never constructed
  --> src/grid/virtualization.rs:83:8
   |
83 | struct FolderVirtualRow {
   |        ^^^^^^^^^^^^^^^^

warning: function `folder_virtual_rows` is never used
  --> src/grid/virtualization.rs:92:4
   |
92 | fn folder_virtual_rows(ranges: &[GroupRange], chunk_size: usize) -> Vec<FolderVirtualRow> {
   |    ^^^^^^^^^^^^^^^^^^^

warning: method `refresh_availability` is never used
    --> src/grid/virtualization.rs:1183:12
     |
 209 | impl Gallery {
     | ------------ method in this implementation
...
1183 |     pub fn refresh_availability(&self) {
     |            ^^^^^^^^^^^^^^^^^^^^

warning: methods `selected_position` and `is_at_vertical_boundary` are never used
   --> src/grid/selection.rs:30:12
    |
 26 | impl Gallery {
    | ------------ methods in this implementation
...
 30 |     pub fn selected_position(&self) -> Option<usize> {
    |            ^^^^^^^^^^^^^^^^^
...
173 |     pub fn is_at_vertical_boundary(&self, direction: i32) -> bool {
    |            ^^^^^^^^^^^^^^^^^^^^^^^

warning: function `folder_id_from_named_ancestor` is never used
   --> src/grid/selection.rs:950:4
    |
950 | fn folder_id_from_named_ancestor(widget: &gtk::Widget) -> Option<i64> {
    |    ^^^^^^^^^^^^^^^^^^^^^^^^^^^^^

warning: field `grid_zoom_menu` is never read
  --> src/infobar.rs:24:9
   |
10 | pub struct InfoBar {
   |            ------- field in this struct
...
24 |     pub grid_zoom_menu: gtk::MenuButton,
   |         ^^^^^^^^^^^^^^

warning: function `rotated_thumbnail` is never used
  --> src/photo_texture.rs:52:8
   |
52 | pub fn rotated_thumbnail(path: &str, rotation: i32) -> Option<gtk::gdk::Paintable> {
   |        ^^^^^^^^^^^^^^^^^

warning: field `id` is never read
  --> src/scanner.rs:27:9
   |
25 |     PhotoIndexed {
   |     ------------ field in this variant
26 |         path: PathBuf,
27 |         id: i64,
   |         ^^
   |
   = note: `ScanEvent` has derived impls for the traits `Clone` and `Debug`, but these are intentionally ignored during dead code analysis

warning: function `scan` is never used
  --> src/scanner.rs:79:8
   |
79 | pub fn scan(root: &str, events: Option<&Sender<ScanEvent>>) -> Result<usize> {
   |        ^^^^

warning: function `wait_for_priority_requests` is never used
   --> src/thumbnail.rs:182:8
    |
182 | pub fn wait_for_priority_requests() {
    |        ^^^^^^^^^^^^^^^^^^^^^^^^^^

warning: field `scale` is never read
 --> src/thumbnail/viewer.rs:5:5
  |
1 | struct DecodedThumbnailSource {
  |        ---------------------- field in this struct
...
5 |     scale: &'static str,
  |     ^^^^^

warning: function `create_many` is never used
 --> src/thumbnail/batch.rs:1:8
  |
1 | pub fn create_many(
  |        ^^^^^^^^^^^

warning: constant `EDIT_PANEL_CSS` is never used
  --> src/window.rs:24:18
   |
24 | pub(crate) const EDIT_PANEL_CSS: &str = crate::css::BASE;
   |                  ^^^^^^^^^^^^^^

warning: variants `FilesystemNotification` and `ProgrammaticSidebarSelection` are never constructed
   --> src/window.rs:182:5
    |
178 | enum PhotoScanRequestReason {
    |      ---------------------- variants in this enum
...
182 |     FilesystemNotification,
    |     ^^^^^^^^^^^^^^^^^^^^^^
...
185 |     ProgrammaticSidebarSelection,
    |     ^^^^^^^^^^^^^^^^^^^^^^^^^^^^
    |
    = note: `PhotoScanRequestReason` has derived impls for the traits `Debug` and `Clone`, but these are intentionally ignored during dead code analysis

warning: function `install_gallery_zoom_scroll` is never used
   --> src/window/navigation.rs:506:4
    |
506 | fn install_gallery_zoom_scroll(scrolled: &gtk::ScrolledWindow, gallery: Rc<grid::Gallery>) {
    |    ^^^^^^^^^^^^^^^^^^^^^^^^^^^

warning: field `mounted` is never read
  --> src/window/availability.rs:24:5
   |
23 | struct ReconnectedSources {
   |        ------------------ field in this struct
24 |     mounted: std::collections::HashSet<String>,
   |     ^^^^^^^

warning: method `update` is never used
  --> src/window/availability.rs:29:8
   |
28 | impl ReconnectedSources {
   | ----------------------- method in this implementation
29 |     fn update(&mut self, mounted: std::collections::HashSet<String>) {
   |        ^^^^^^

warning: method `active_window_controls` is never used
   --> src/window/theme.rs:128:19
    |
 55 | impl ThemeEngine {
    | ---------------- method in this implementation
...
128 |     pub(crate) fn active_window_controls(&self) -> WindowControls {
    |                   ^^^^^^^^^^^^^^^^^^^^^^

warning: `pic-rs` (bin "pic-rs") generated 106 warnings (run `cargo fix --bin "pic-rs" -p pic-rs` to apply 15 suggestions)
    Finished `dev` profile [optimized + debuginfo] target(s) in 2.08s
     Running `target/debug/pic-rs`
STARTUP cold_start_ms=16 photos=5002 displayed=10 folders=246 albums=3 scan=disabled rss_mb=65

(pic-rs:487972): Gtk-WARNING **: 19:03:07.852: Theme parser error: <data>:26:1-2: Expected a valid selector
WARNING: radv is not a conformant Vulkan implementation, testing use only.
===== SCAN COMPLETE: imported=0 failed=0 | progressive gallery updates complete =====
PIC_VIEWER t_ms=0 tid=ThreadId(1) show_photo_request generation=2 index=4 uri=nfs://DietPi.local/mnt/4TBS/pics-sport/local%20choice/FB-LCC/DSC_1197.jpg
PIC_VIEWER t_ms=0 tid=ThreadId(1) request lane=foreground action=new uri=nfs://DietPi.local/mnt/4TBS/pics-sport/local%20choice/FB-LCC/DSC_1197.jpg variant=1124x794
PIC_VIEWER t_ms=0 tid=ThreadId(12) decode_start uri=nfs://DietPi.local/mnt/4TBS/pics-sport/local%20choice/FB-LCC/DSC_1197.jpg variant=1124x794 queue_ms=0
PIC_VIEWER source_cache lane=foreground action=miss uri=nfs://DietPi.local/mnt/4TBS/pics-sport/local%20choice/FB-LCC/DSC_1197.jpg
PIC_VIEWER network_slot lane=foreground wait_ms=0 uri=nfs://DietPi.local/mnt/4TBS/pics-sport/local%20choice/FB-LCC/DSC_1197.jpg
PIC_NETWORK tid=ThreadId(12) PRIVATE_NFS export_discovery_start host=DietPi.local
PIC_NFS stage=hostname_resolution elapsed_ms=122 tid=140449743087296 host=DietPi.local export=- relative=- status=0 addresses=1
PIC_NFS stage=export_discovery elapsed_ms=6 tid=140449743087296 host=DietPi.local export=- relative=- outcome=ok exports=5
PIC_NETWORK tid=ThreadId(12) PRIVATE_NFS export_discovery_done host=DietPi.local count=5 elapsed_ms=128 paths=["/exports/Work", "/mnt/4TBM", "/mnt/4TBP", "/mnt/4TBS", "/mnt/dietpi_userdata"]
PIC_NETWORK tid=ThreadId(12) PRIVATE_NFS read_start uri=nfs://DietPi.local/mnt/4TBS/pics-sport/local%20choice/FB-LCC/DSC_1197.jpg max_bytes=134217728
PIC_NFS stage=read_session_lock elapsed_ms=0 tid=140449743087296 host=DietPi.local export=/mnt/4TBS relative=/pics-sport/local choice/FB-LCC/DSC_1197.jpg outcome=acquired
PIC_NFS stage=context_creation elapsed_ms=0 tid=140449743087296 host=DietPi.local export=/mnt/4TBS relative=- outcome=ok
PIC_NFS_CONNECT create_start host=DietPi.local export=/mnt/4TBS version=3 tid=140449743087296
PIC_NFS stage=connection_establishment elapsed_ms=14 tid=140449743087296 host=DietPi.local export=/mnt/4TBS relative=- version=3 outcome=ok status=0
PIC_NFS_CONNECT create_ok host=DietPi.local export=/mnt/4TBS version=3
PIC_NFS stage=file_open elapsed_ms=2 tid=140449743087296 host=DietPi.local export=/mnt/4TBS relative=/pics-sport/local choice/FB-LCC/DSC_1197.jpg outcome=ok
PIC_NFS stage=rpc_read elapsed_ms=1 tid=140449743087296 host=DietPi.local export=/mnt/4TBS relative=/pics-sport/local choice/FB-LCC/DSC_1197.jpg iteration=1 outcome=ok bytes=65536 timedout_delta=0 retransmitted_delta=0 reconnects_delta=0
PIC_NFS stage=first_read elapsed_ms=1 tid=140449743087296 host=DietPi.local export=/mnt/4TBS relative=/pics-sport/local choice/FB-LCC/DSC_1197.jpg outcome=ok bytes=65536
PIC_NFS stage=rpc_read elapsed_ms=1 tid=140449743087296 host=DietPi.local export=/mnt/4TBS relative=/pics-sport/local choice/FB-LCC/DSC_1197.jpg iteration=2 outcome=ok bytes=65536 timedout_delta=0 retransmitted_delta=0 reconnects_delta=0
PIC_NFS stage=rpc_read elapsed_ms=2 tid=140449743087296 host=DietPi.local export=/mnt/4TBS relative=/pics-sport/local choice/FB-LCC/DSC_1197.jpg iteration=3 outcome=ok bytes=131072 timedout_delta=0 retransmitted_delta=0 reconnects_delta=0
PIC_NFS stage=rpc_read elapsed_ms=3 tid=140449743087296 host=DietPi.local export=/mnt/4TBS relative=/pics-sport/local choice/FB-LCC/DSC_1197.jpg iteration=4 outcome=ok bytes=262144 timedout_delta=0 retransmitted_delta=0 reconnects_delta=0
PIC_NFS stage=rpc_read elapsed_ms=3 tid=140449743087296 host=DietPi.local export=/mnt/4TBS relative=/pics-sport/local choice/FB-LCC/DSC_1197.jpg iteration=5 outcome=ok bytes=261132 timedout_delta=0 retransmitted_delta=0 reconnects_delta=0
PIC_NFS stage=rpc_read elapsed_ms=0 tid=140449743087296 host=DietPi.local export=/mnt/4TBS relative=/pics-sport/local choice/FB-LCC/DSC_1197.jpg iteration=6 outcome=ok bytes=0 timedout_delta=0 retransmitted_delta=0 reconnects_delta=0
PIC_NFS stage=file_read_complete elapsed_ms=10 tid=140449743087296 host=DietPi.local export=/mnt/4TBS relative=/pics-sport/local choice/FB-LCC/DSC_1197.jpg outcome=ok bytes=785420 calls=6
PIC_NETWORK tid=ThreadId(12) PRIVATE_NFS read_done bytes=785420 elapsed_ms=26 uri=nfs://DietPi.local/mnt/4TBS/pics-sport/local%20choice/FB-LCC/DSC_1197.jpg
PIC_VIEWER source_cache action=insert bytes=785420 uri=nfs://DietPi.local/mnt/4TBS/pics-sport/local%20choice/FB-LCC/DSC_1197.jpg
PIC_VIEWER network_done lane=foreground read_ms=154 bytes=785420 source=network outcome=ok uri=nfs://DietPi.local/mnt/4TBS/pics-sport/local%20choice/FB-LCC/DSC_1197.jpg
PIC_VIEWER decode_stage source_ms=154 cpu_ms=36 uri=nfs://DietPi.local/mnt/4TBS/pics-sport/local%20choice/FB-LCC/DSC_1197.jpg
PIC_VIEWER t_ms=194 tid=ThreadId(12) decode_done uri=nfs://DietPi.local/mnt/4TBS/pics-sport/local%20choice/FB-LCC/DSC_1197.jpg variant=1124x794 elapsed_ms=193 outcome=ok
PIC_VIEWER t_ms=196 tid=ThreadId(1) display_apply elapsed_ms=1 uri=nfs://DietPi.local/mnt/4TBS/pics-sport/local%20choice/FB-LCC/DSC_1197.jpg
PIC_VIEWER t_ms=196 tid=ThreadId(1) display_done lane=foreground source=decode navigation_ms=196 uri=nfs://DietPi.local/mnt/4TBS/pics-sport/local%20choice/FB-LCC/DSC_1197.jpg
PIC_VIEWER t_ms=704 tid=ThreadId(1) wheel_event dy=1
PIC_VIEWER t_ms=704 tid=ThreadId(1) navigation_dispatch source=wheel from_index=4 to_index=5 direction=1
PIC_VIEWER t_ms=704 tid=ThreadId(1) infobar_update source=wheel index=5 uri=nfs://DietPi.local/mnt/4TBS/pics-sport/local%20choice/FB-LCC/DSC_1199.jpg
PIC_VIEWER t_ms=704 tid=ThreadId(1) show_photo_request generation=3 index=5 uri=nfs://DietPi.local/mnt/4TBS/pics-sport/local%20choice/FB-LCC/DSC_1199.jpg
PIC_VIEWER t_ms=704 tid=ThreadId(1) request lane=foreground action=new uri=nfs://DietPi.local/mnt/4TBS/pics-sport/local%20choice/FB-LCC/DSC_1199.jpg variant=1124x794
PIC_VIEWER t_ms=704 tid=ThreadId(25) decode_start uri=nfs://DietPi.local/mnt/4TBS/pics-sport/local%20choice/FB-LCC/DSC_1199.jpg variant=1124x794 queue_ms=0
PIC_VIEWER source_cache lane=foreground action=miss uri=nfs://DietPi.local/mnt/4TBS/pics-sport/local%20choice/FB-LCC/DSC_1199.jpg
PIC_VIEWER network_slot lane=foreground wait_ms=0 uri=nfs://DietPi.local/mnt/4TBS/pics-sport/local%20choice/FB-LCC/DSC_1199.jpg
PIC_NETWORK tid=ThreadId(25) PRIVATE_NFS export_cache_hit host=DietPi.local count=5
PIC_NETWORK tid=ThreadId(25) PRIVATE_NFS read_start uri=nfs://DietPi.local/mnt/4TBS/pics-sport/local%20choice/FB-LCC/DSC_1199.jpg max_bytes=134217728
PIC_NFS stage=read_session_lock elapsed_ms=0 tid=140449121564352 host=DietPi.local export=/mnt/4TBS relative=/pics-sport/local choice/FB-LCC/DSC_1199.jpg outcome=acquired
PIC_NFS_CONNECT reuse host=DietPi.local export=/mnt/4TBS
PIC_NFS stage=file_open elapsed_ms=2 tid=140449121564352 host=DietPi.local export=/mnt/4TBS relative=/pics-sport/local choice/FB-LCC/DSC_1199.jpg outcome=ok
PIC_NFS stage=rpc_read elapsed_ms=2 tid=140449121564352 host=DietPi.local export=/mnt/4TBS relative=/pics-sport/local choice/FB-LCC/DSC_1199.jpg iteration=1 outcome=ok bytes=65536 timedout_delta=0 retransmitted_delta=0 reconnects_delta=0
PIC_NFS stage=first_read elapsed_ms=2 tid=140449121564352 host=DietPi.local export=/mnt/4TBS relative=/pics-sport/local choice/FB-LCC/DSC_1199.jpg outcome=ok bytes=65536
PIC_NFS stage=rpc_read elapsed_ms=1 tid=140449121564352 host=DietPi.local export=/mnt/4TBS relative=/pics-sport/local choice/FB-LCC/DSC_1199.jpg iteration=2 outcome=ok bytes=65536 timedout_delta=0 retransmitted_delta=0 reconnects_delta=0
PIC_NFS stage=rpc_read elapsed_ms=2 tid=140449121564352 host=DietPi.local export=/mnt/4TBS relative=/pics-sport/local choice/FB-LCC/DSC_1199.jpg iteration=3 outcome=ok bytes=131072 timedout_delta=0 retransmitted_delta=0 reconnects_delta=0
PIC_NFS stage=rpc_read elapsed_ms=3 tid=140449121564352 host=DietPi.local export=/mnt/4TBS relative=/pics-sport/local choice/FB-LCC/DSC_1199.jpg iteration=4 outcome=ok bytes=262144 timedout_delta=0 retransmitted_delta=0 reconnects_delta=0
PIC_NFS stage=rpc_read elapsed_ms=3 tid=140449121564352 host=DietPi.local export=/mnt/4TBS relative=/pics-sport/local choice/FB-LCC/DSC_1199.jpg iteration=5 outcome=ok bytes=302724 timedout_delta=0 retransmitted_delta=0 reconnects_delta=0
PIC_NFS stage=rpc_read elapsed_ms=1 tid=140449121564352 host=DietPi.local export=/mnt/4TBS relative=/pics-sport/local choice/FB-LCC/DSC_1199.jpg iteration=6 outcome=ok bytes=0 timedout_delta=0 retransmitted_delta=0 reconnects_delta=0
PIC_NFS stage=file_read_complete elapsed_ms=12 tid=140449121564352 host=DietPi.local export=/mnt/4TBS relative=/pics-sport/local choice/FB-LCC/DSC_1199.jpg outcome=ok bytes=827012 calls=6
PIC_NETWORK tid=ThreadId(25) PRIVATE_NFS read_done bytes=827012 elapsed_ms=14 uri=nfs://DietPi.local/mnt/4TBS/pics-sport/local%20choice/FB-LCC/DSC_1199.jpg
PIC_VIEWER source_cache action=insert bytes=827012 uri=nfs://DietPi.local/mnt/4TBS/pics-sport/local%20choice/FB-LCC/DSC_1199.jpg
PIC_VIEWER network_done lane=foreground read_ms=14 bytes=827012 source=network outcome=ok uri=nfs://DietPi.local/mnt/4TBS/pics-sport/local%20choice/FB-LCC/DSC_1199.jpg
PIC_VIEWER t_ms=735 tid=ThreadId(1) wheel_event dy=1
PIC_VIEWER t_ms=735 tid=ThreadId(1) wheel_accumulate current_index=5 target_index=6 direction=1
PIC_VIEWER decode_stage source_ms=14 cpu_ms=33 uri=nfs://DietPi.local/mnt/4TBS/pics-sport/local%20choice/FB-LCC/DSC_1199.jpg
PIC_VIEWER t_ms=755 tid=ThreadId(25) decode_done uri=nfs://DietPi.local/mnt/4TBS/pics-sport/local%20choice/FB-LCC/DSC_1199.jpg variant=1124x794 elapsed_ms=50 outcome=ok
PIC_VIEWER t_ms=756 tid=ThreadId(1) display_apply elapsed_ms=1 uri=nfs://DietPi.local/mnt/4TBS/pics-sport/local%20choice/FB-LCC/DSC_1199.jpg
PIC_VIEWER t_ms=756 tid=ThreadId(1) display_done lane=foreground source=decode navigation_ms=52 uri=nfs://DietPi.local/mnt/4TBS/pics-sport/local%20choice/FB-LCC/DSC_1199.jpg
PIC_VIEWER t_ms=756 tid=ThreadId(1) navigation_dispatch source=wheel_coalesced from_index=5 to_index=6 direction=1
PIC_VIEWER t_ms=756 tid=ThreadId(1) infobar_update source=wheel index=6 uri=nfs://DietPi.local/mnt/4TBS/pics-sport/local%20choice/FB-LCC/DSC_1200.jpg
PIC_VIEWER t_ms=757 tid=ThreadId(1) show_photo_request generation=4 index=6 uri=nfs://DietPi.local/mnt/4TBS/pics-sport/local%20choice/FB-LCC/DSC_1200.jpg
PIC_VIEWER t_ms=757 tid=ThreadId(1) request lane=foreground action=new uri=nfs://DietPi.local/mnt/4TBS/pics-sport/local%20choice/FB-LCC/DSC_1200.jpg variant=1124x794
PIC_VIEWER t_ms=757 tid=ThreadId(26) decode_start uri=nfs://DietPi.local/mnt/4TBS/pics-sport/local%20choice/FB-LCC/DSC_1200.jpg variant=1124x794 queue_ms=0
PIC_VIEWER source_cache lane=foreground action=miss uri=nfs://DietPi.local/mnt/4TBS/pics-sport/local%20choice/FB-LCC/DSC_1200.jpg
PIC_VIEWER network_slot lane=foreground wait_ms=0 uri=nfs://DietPi.local/mnt/4TBS/pics-sport/local%20choice/FB-LCC/DSC_1200.jpg
PIC_NETWORK tid=ThreadId(26) PRIVATE_NFS export_cache_hit host=DietPi.local count=5
PIC_NETWORK tid=ThreadId(26) PRIVATE_NFS read_start uri=nfs://DietPi.local/mnt/4TBS/pics-sport/local%20choice/FB-LCC/DSC_1200.jpg max_bytes=134217728
PIC_NFS stage=read_session_lock elapsed_ms=0 tid=140449121564352 host=DietPi.local export=/mnt/4TBS relative=/pics-sport/local choice/FB-LCC/DSC_1200.jpg outcome=acquired
PIC_NFS_CONNECT reuse host=DietPi.local export=/mnt/4TBS
PIC_NFS stage=file_open elapsed_ms=2 tid=140449121564352 host=DietPi.local export=/mnt/4TBS relative=/pics-sport/local choice/FB-LCC/DSC_1200.jpg outcome=ok
PIC_NFS stage=rpc_read elapsed_ms=1 tid=140449121564352 host=DietPi.local export=/mnt/4TBS relative=/pics-sport/local choice/FB-LCC/DSC_1200.jpg iteration=1 outcome=ok bytes=65536 timedout_delta=0 retransmitted_delta=0 reconnects_delta=0
PIC_NFS stage=first_read elapsed_ms=1 tid=140449121564352 host=DietPi.local export=/mnt/4TBS relative=/pics-sport/local choice/FB-LCC/DSC_1200.jpg outcome=ok bytes=65536
PIC_NFS stage=rpc_read elapsed_ms=2 tid=140449121564352 host=DietPi.local export=/mnt/4TBS relative=/pics-sport/local choice/FB-LCC/DSC_1200.jpg iteration=2 outcome=ok bytes=65536 timedout_delta=0 retransmitted_delta=0 reconnects_delta=0
PIC_NFS stage=rpc_read elapsed_ms=2 tid=140449121564352 host=DietPi.local export=/mnt/4TBS relative=/pics-sport/local choice/FB-LCC/DSC_1200.jpg iteration=3 outcome=ok bytes=131072 timedout_delta=0 retransmitted_delta=0 reconnects_delta=0
PIC_NFS stage=rpc_read elapsed_ms=2 tid=140449121564352 host=DietPi.local export=/mnt/4TBS relative=/pics-sport/local choice/FB-LCC/DSC_1200.jpg iteration=4 outcome=ok bytes=262144 timedout_delta=0 retransmitted_delta=0 reconnects_delta=0
PIC_NFS stage=rpc_read elapsed_ms=4 tid=140449121564352 host=DietPi.local export=/mnt/4TBS relative=/pics-sport/local choice/FB-LCC/DSC_1200.jpg iteration=5 outcome=ok bytes=267012 timedout_delta=0 retransmitted_delta=0 reconnects_delta=0
PIC_NFS stage=rpc_read elapsed_ms=0 tid=140449121564352 host=DietPi.local export=/mnt/4TBS relative=/pics-sport/local choice/FB-LCC/DSC_1200.jpg iteration=6 outcome=ok bytes=0 timedout_delta=0 retransmitted_delta=0 reconnects_delta=0
PIC_NFS stage=file_read_complete elapsed_ms=11 tid=140449121564352 host=DietPi.local export=/mnt/4TBS relative=/pics-sport/local choice/FB-LCC/DSC_1200.jpg outcome=ok bytes=791300 calls=6
PIC_NETWORK tid=ThreadId(26) PRIVATE_NFS read_done bytes=791300 elapsed_ms=13 uri=nfs://DietPi.local/mnt/4TBS/pics-sport/local%20choice/FB-LCC/DSC_1200.jpg
PIC_VIEWER source_cache action=insert bytes=791300 uri=nfs://DietPi.local/mnt/4TBS/pics-sport/local%20choice/FB-LCC/DSC_1200.jpg
PIC_VIEWER network_done lane=foreground read_ms=13 bytes=791300 source=network outcome=ok uri=nfs://DietPi.local/mnt/4TBS/pics-sport/local%20choice/FB-LCC/DSC_1200.jpg
PIC_VIEWER t_ms=783 tid=ThreadId(1) wheel_event dy=1
PIC_VIEWER t_ms=783 tid=ThreadId(1) wheel_accumulate current_index=6 target_index=7 direction=1
PIC_VIEWER decode_stage source_ms=13 cpu_ms=30 uri=nfs://DietPi.local/mnt/4TBS/pics-sport/local%20choice/FB-LCC/DSC_1200.jpg
PIC_VIEWER t_ms=804 tid=ThreadId(26) decode_done uri=nfs://DietPi.local/mnt/4TBS/pics-sport/local%20choice/FB-LCC/DSC_1200.jpg variant=1124x794 elapsed_ms=46 outcome=ok
PIC_VIEWER t_ms=805 tid=ThreadId(1) display_apply elapsed_ms=1 uri=nfs://DietPi.local/mnt/4TBS/pics-sport/local%20choice/FB-LCC/DSC_1200.jpg
PIC_VIEWER t_ms=805 tid=ThreadId(1) display_done lane=foreground source=decode navigation_ms=48 uri=nfs://DietPi.local/mnt/4TBS/pics-sport/local%20choice/FB-LCC/DSC_1200.jpg
PIC_VIEWER t_ms=805 tid=ThreadId(1) navigation_dispatch source=wheel_coalesced from_index=6 to_index=7 direction=1
PIC_VIEWER t_ms=805 tid=ThreadId(1) infobar_update source=wheel index=7 uri=nfs://DietPi.local/mnt/4TBS/pics-sport/local%20choice/FB-LCC/DSC_1203.jpg
PIC_VIEWER t_ms=806 tid=ThreadId(1) show_photo_request generation=5 index=7 uri=nfs://DietPi.local/mnt/4TBS/pics-sport/local%20choice/FB-LCC/DSC_1203.jpg
PIC_VIEWER t_ms=806 tid=ThreadId(1) request lane=foreground action=new uri=nfs://DietPi.local/mnt/4TBS/pics-sport/local%20choice/FB-LCC/DSC_1203.jpg variant=1124x794
PIC_VIEWER t_ms=806 tid=ThreadId(27) decode_start uri=nfs://DietPi.local/mnt/4TBS/pics-sport/local%20choice/FB-LCC/DSC_1203.jpg variant=1124x794 queue_ms=0
PIC_VIEWER source_cache lane=foreground action=miss uri=nfs://DietPi.local/mnt/4TBS/pics-sport/local%20choice/FB-LCC/DSC_1203.jpg
PIC_VIEWER network_slot lane=foreground wait_ms=0 uri=nfs://DietPi.local/mnt/4TBS/pics-sport/local%20choice/FB-LCC/DSC_1203.jpg
PIC_NETWORK tid=ThreadId(27) PRIVATE_NFS export_cache_hit host=DietPi.local count=5
PIC_NETWORK tid=ThreadId(27) PRIVATE_NFS read_start uri=nfs://DietPi.local/mnt/4TBS/pics-sport/local%20choice/FB-LCC/DSC_1203.jpg max_bytes=134217728
PIC_NFS stage=read_session_lock elapsed_ms=0 tid=140449121564352 host=DietPi.local export=/mnt/4TBS relative=/pics-sport/local choice/FB-LCC/DSC_1203.jpg outcome=acquired
PIC_NFS_CONNECT reuse host=DietPi.local export=/mnt/4TBS
PIC_NFS stage=file_open elapsed_ms=2 tid=140449121564352 host=DietPi.local export=/mnt/4TBS relative=/pics-sport/local choice/FB-LCC/DSC_1203.jpg outcome=ok
PIC_NFS stage=rpc_read elapsed_ms=1 tid=140449121564352 host=DietPi.local export=/mnt/4TBS relative=/pics-sport/local choice/FB-LCC/DSC_1203.jpg iteration=1 outcome=ok bytes=65536 timedout_delta=0 retransmitted_delta=0 reconnects_delta=0
PIC_NFS stage=first_read elapsed_ms=1 tid=140449121564352 host=DietPi.local export=/mnt/4TBS relative=/pics-sport/local choice/FB-LCC/DSC_1203.jpg outcome=ok bytes=65536
PIC_NFS stage=rpc_read elapsed_ms=28 tid=140449121564352 host=DietPi.local export=/mnt/4TBS relative=/pics-sport/local choice/FB-LCC/DSC_1203.jpg iteration=2 outcome=ok bytes=65536 timedout_delta=0 retransmitted_delta=0 reconnects_delta=0
PIC_NFS stage=rpc_read elapsed_ms=2 tid=140449121564352 host=DietPi.local export=/mnt/4TBS relative=/pics-sport/local choice/FB-LCC/DSC_1203.jpg iteration=3 outcome=ok bytes=131072 timedout_delta=0 retransmitted_delta=0 reconnects_delta=0
PIC_NFS stage=rpc_read elapsed_ms=4 tid=140449121564352 host=DietPi.local export=/mnt/4TBS relative=/pics-sport/local choice/FB-LCC/DSC_1203.jpg iteration=4 outcome=ok bytes=262144 timedout_delta=0 retransmitted_delta=0 reconnects_delta=0
PIC_NFS stage=rpc_read elapsed_ms=5 tid=140449121564352 host=DietPi.local export=/mnt/4TBS relative=/pics-sport/local choice/FB-LCC/DSC_1203.jpg iteration=5 outcome=ok bytes=355341 timedout_delta=0 retransmitted_delta=0 reconnects_delta=0
PIC_NFS stage=rpc_read elapsed_ms=0 tid=140449121564352 host=DietPi.local export=/mnt/4TBS relative=/pics-sport/local choice/FB-LCC/DSC_1203.jpg iteration=6 outcome=ok bytes=0 timedout_delta=0 retransmitted_delta=0 reconnects_delta=0
PIC_NFS stage=file_read_complete elapsed_ms=40 tid=140449121564352 host=DietPi.local export=/mnt/4TBS relative=/pics-sport/local choice/FB-LCC/DSC_1203.jpg outcome=ok bytes=879629 calls=6
PIC_NETWORK tid=ThreadId(27) PRIVATE_NFS read_done bytes=879629 elapsed_ms=42 uri=nfs://DietPi.local/mnt/4TBS/pics-sport/local%20choice/FB-LCC/DSC_1203.jpg
PIC_VIEWER source_cache action=insert bytes=879629 uri=nfs://DietPi.local/mnt/4TBS/pics-sport/local%20choice/FB-LCC/DSC_1203.jpg
PIC_VIEWER network_done lane=foreground read_ms=42 bytes=879629 source=network outcome=ok uri=nfs://DietPi.local/mnt/4TBS/pics-sport/local%20choice/FB-LCC/DSC_1203.jpg
PIC_VIEWER decode_stage source_ms=42 cpu_ms=31 uri=nfs://DietPi.local/mnt/4TBS/pics-sport/local%20choice/FB-LCC/DSC_1203.jpg
PIC_VIEWER t_ms=882 tid=ThreadId(27) decode_done uri=nfs://DietPi.local/mnt/4TBS/pics-sport/local%20choice/FB-LCC/DSC_1203.jpg variant=1124x794 elapsed_ms=76 outcome=ok
PIC_VIEWER t_ms=884 tid=ThreadId(1) display_apply elapsed_ms=1 uri=nfs://DietPi.local/mnt/4TBS/pics-sport/local%20choice/FB-LCC/DSC_1203.jpg
PIC_VIEWER t_ms=884 tid=ThreadId(1) display_done lane=foreground source=decode navigation_ms=78 uri=nfs://DietPi.local/mnt/4TBS/pics-sport/local%20choice/FB-LCC/DSC_1203.jpg
PIC_VIEWER t_ms=927 tid=ThreadId(1) wheel_event dy=1
PIC_VIEWER t_ms=927 tid=ThreadId(1) navigation_dispatch source=wheel from_index=7 to_index=8 direction=1
PIC_VIEWER t_ms=927 tid=ThreadId(1) infobar_update source=wheel index=8 uri=nfs://DietPi.local/mnt/4TBS/pics-sport/local%20choice/FB-LCC/DSC_1205.jpg
PIC_VIEWER t_ms=928 tid=ThreadId(1) show_photo_request generation=6 index=8 uri=nfs://DietPi.local/mnt/4TBS/pics-sport/local%20choice/FB-LCC/DSC_1205.jpg
PIC_VIEWER t_ms=928 tid=ThreadId(1) request lane=foreground action=new uri=nfs://DietPi.local/mnt/4TBS/pics-sport/local%20choice/FB-LCC/DSC_1205.jpg variant=1124x794
PIC_VIEWER t_ms=928 tid=ThreadId(28) decode_start uri=nfs://DietPi.local/mnt/4TBS/pics-sport/local%20choice/FB-LCC/DSC_1205.jpg variant=1124x794 queue_ms=0
PIC_VIEWER source_cache lane=foreground action=miss uri=nfs://DietPi.local/mnt/4TBS/pics-sport/local%20choice/FB-LCC/DSC_1205.jpg
PIC_VIEWER network_slot lane=foreground wait_ms=0 uri=nfs://DietPi.local/mnt/4TBS/pics-sport/local%20choice/FB-LCC/DSC_1205.jpg
PIC_NETWORK tid=ThreadId(28) PRIVATE_NFS export_cache_hit host=DietPi.local count=5
PIC_NETWORK tid=ThreadId(28) PRIVATE_NFS read_start uri=nfs://DietPi.local/mnt/4TBS/pics-sport/local%20choice/FB-LCC/DSC_1205.jpg max_bytes=134217728
PIC_NFS stage=read_session_lock elapsed_ms=0 tid=140449121564352 host=DietPi.local export=/mnt/4TBS relative=/pics-sport/local choice/FB-LCC/DSC_1205.jpg outcome=acquired
PIC_NFS_CONNECT reuse host=DietPi.local export=/mnt/4TBS
PIC_NFS stage=file_open elapsed_ms=2 tid=140449121564352 host=DietPi.local export=/mnt/4TBS relative=/pics-sport/local choice/FB-LCC/DSC_1205.jpg outcome=ok
PIC_NFS stage=rpc_read elapsed_ms=1 tid=140449121564352 host=DietPi.local export=/mnt/4TBS relative=/pics-sport/local choice/FB-LCC/DSC_1205.jpg iteration=1 outcome=ok bytes=65536 timedout_delta=0 retransmitted_delta=0 reconnects_delta=0
PIC_NFS stage=first_read elapsed_ms=1 tid=140449121564352 host=DietPi.local export=/mnt/4TBS relative=/pics-sport/local choice/FB-LCC/DSC_1205.jpg outcome=ok bytes=65536
PIC_NFS stage=rpc_read elapsed_ms=1 tid=140449121564352 host=DietPi.local export=/mnt/4TBS relative=/pics-sport/local choice/FB-LCC/DSC_1205.jpg iteration=2 outcome=ok bytes=65536 timedout_delta=0 retransmitted_delta=0 reconnects_delta=0
PIC_NFS stage=rpc_read elapsed_ms=2 tid=140449121564352 host=DietPi.local export=/mnt/4TBS relative=/pics-sport/local choice/FB-LCC/DSC_1205.jpg iteration=3 outcome=ok bytes=131072 timedout_delta=0 retransmitted_delta=0 reconnects_delta=0
PIC_NFS stage=rpc_read elapsed_ms=3 tid=140449121564352 host=DietPi.local export=/mnt/4TBS relative=/pics-sport/local choice/FB-LCC/DSC_1205.jpg iteration=4 outcome=ok bytes=262144 timedout_delta=0 retransmitted_delta=0 reconnects_delta=0
PIC_NFS stage=rpc_read elapsed_ms=13 tid=140449121564352 host=DietPi.local export=/mnt/4TBS relative=/pics-sport/local choice/FB-LCC/DSC_1205.jpg iteration=5 outcome=ok bytes=298680 timedout_delta=0 retransmitted_delta=0 reconnects_delta=0
PIC_NFS stage=rpc_read elapsed_ms=0 tid=140449121564352 host=DietPi.local export=/mnt/4TBS relative=/pics-sport/local choice/FB-LCC/DSC_1205.jpg iteration=6 outcome=ok bytes=0 timedout_delta=0 retransmitted_delta=0 reconnects_delta=0
PIC_NFS stage=file_read_complete elapsed_ms=20 tid=140449121564352 host=DietPi.local export=/mnt/4TBS relative=/pics-sport/local choice/FB-LCC/DSC_1205.jpg outcome=ok bytes=822968 calls=6
PIC_NETWORK tid=ThreadId(28) PRIVATE_NFS read_done bytes=822968 elapsed_ms=22 uri=nfs://DietPi.local/mnt/4TBS/pics-sport/local%20choice/FB-LCC/DSC_1205.jpg
PIC_VIEWER source_cache action=insert bytes=822968 uri=nfs://DietPi.local/mnt/4TBS/pics-sport/local%20choice/FB-LCC/DSC_1205.jpg
PIC_VIEWER network_done lane=foreground read_ms=22 bytes=822968 source=network outcome=ok uri=nfs://DietPi.local/mnt/4TBS/pics-sport/local%20choice/FB-LCC/DSC_1205.jpg
PIC_VIEWER decode_stage source_ms=22 cpu_ms=31 uri=nfs://DietPi.local/mnt/4TBS/pics-sport/local%20choice/FB-LCC/DSC_1205.jpg
PIC_VIEWER t_ms=984 tid=ThreadId(28) decode_done uri=nfs://DietPi.local/mnt/4TBS/pics-sport/local%20choice/FB-LCC/DSC_1205.jpg variant=1124x794 elapsed_ms=56 outcome=ok
PIC_VIEWER t_ms=986 tid=ThreadId(1) display_apply elapsed_ms=1 uri=nfs://DietPi.local/mnt/4TBS/pics-sport/local%20choice/FB-LCC/DSC_1205.jpg
PIC_VIEWER t_ms=986 tid=ThreadId(1) display_done lane=foreground source=decode navigation_ms=58 uri=nfs://DietPi.local/mnt/4TBS/pics-sport/local%20choice/FB-LCC/DSC_1205.jpg
PIC_VIEWER t_ms=1071 tid=ThreadId(1) wheel_event dy=1
PIC_VIEWER t_ms=1071 tid=ThreadId(1) navigation_dispatch source=wheel from_index=8 to_index=9 direction=1
PIC_VIEWER t_ms=1071 tid=ThreadId(1) infobar_update source=wheel index=9 uri=nfs://DietPi.local/mnt/4TBS/pics-sport/local%20choice/FB-LCC/DSC_1211.jpg
PIC_VIEWER t_ms=1072 tid=ThreadId(1) show_photo_request generation=7 index=9 uri=nfs://DietPi.local/mnt/4TBS/pics-sport/local%20choice/FB-LCC/DSC_1211.jpg
PIC_VIEWER t_ms=1072 tid=ThreadId(1) request lane=foreground action=new uri=nfs://DietPi.local/mnt/4TBS/pics-sport/local%20choice/FB-LCC/DSC_1211.jpg variant=1124x794
PIC_VIEWER t_ms=1072 tid=ThreadId(29) decode_start uri=nfs://DietPi.local/mnt/4TBS/pics-sport/local%20choice/FB-LCC/DSC_1211.jpg variant=1124x794 queue_ms=0
PIC_VIEWER source_cache lane=foreground action=miss uri=nfs://DietPi.local/mnt/4TBS/pics-sport/local%20choice/FB-LCC/DSC_1211.jpg
PIC_VIEWER network_slot lane=foreground wait_ms=0 uri=nfs://DietPi.local/mnt/4TBS/pics-sport/local%20choice/FB-LCC/DSC_1211.jpg
PIC_NETWORK tid=ThreadId(29) PRIVATE_NFS export_cache_hit host=DietPi.local count=5
PIC_NETWORK tid=ThreadId(29) PRIVATE_NFS read_start uri=nfs://DietPi.local/mnt/4TBS/pics-sport/local%20choice/FB-LCC/DSC_1211.jpg max_bytes=134217728
PIC_NFS stage=read_session_lock elapsed_ms=0 tid=140449121564352 host=DietPi.local export=/mnt/4TBS relative=/pics-sport/local choice/FB-LCC/DSC_1211.jpg outcome=acquired
PIC_NFS_CONNECT reuse host=DietPi.local export=/mnt/4TBS
PIC_NFS stage=file_open elapsed_ms=2 tid=140449121564352 host=DietPi.local export=/mnt/4TBS relative=/pics-sport/local choice/FB-LCC/DSC_1211.jpg outcome=ok
PIC_NFS stage=rpc_read elapsed_ms=1 tid=140449121564352 host=DietPi.local export=/mnt/4TBS relative=/pics-sport/local choice/FB-LCC/DSC_1211.jpg iteration=1 outcome=ok bytes=65536 timedout_delta=0 retransmitted_delta=0 reconnects_delta=0
PIC_NFS stage=first_read elapsed_ms=1 tid=140449121564352 host=DietPi.local export=/mnt/4TBS relative=/pics-sport/local choice/FB-LCC/DSC_1211.jpg outcome=ok bytes=65536
PIC_NFS stage=rpc_read elapsed_ms=1 tid=140449121564352 host=DietPi.local export=/mnt/4TBS relative=/pics-sport/local choice/FB-LCC/DSC_1211.jpg iteration=2 outcome=ok bytes=65536 timedout_delta=0 retransmitted_delta=0 reconnects_delta=0
PIC_NFS stage=rpc_read elapsed_ms=2 tid=140449121564352 host=DietPi.local export=/mnt/4TBS relative=/pics-sport/local choice/FB-LCC/DSC_1211.jpg iteration=3 outcome=ok bytes=131072 timedout_delta=0 retransmitted_delta=0 reconnects_delta=0
PIC_NFS stage=rpc_read elapsed_ms=3 tid=140449121564352 host=DietPi.local export=/mnt/4TBS relative=/pics-sport/local choice/FB-LCC/DSC_1211.jpg iteration=4 outcome=ok bytes=262144 timedout_delta=0 retransmitted_delta=0 reconnects_delta=0
PIC_NFS stage=rpc_read elapsed_ms=5 tid=140449121564352 host=DietPi.local export=/mnt/4TBS relative=/pics-sport/local choice/FB-LCC/DSC_1211.jpg iteration=5 outcome=ok bytes=524288 timedout_delta=0 retransmitted_delta=0 reconnects_delta=0
PIC_NFS stage=rpc_read elapsed_ms=6 tid=140449121564352 host=DietPi.local export=/mnt/4TBS relative=/pics-sport/local choice/FB-LCC/DSC_1211.jpg iteration=6 outcome=ok bytes=528616 timedout_delta=0 retransmitted_delta=0 reconnects_delta=0
PIC_NFS stage=rpc_read elapsed_ms=0 tid=140449121564352 host=DietPi.local export=/mnt/4TBS relative=/pics-sport/local choice/FB-LCC/DSC_1211.jpg iteration=7 outcome=ok bytes=0 timedout_delta=0 retransmitted_delta=0 reconnects_delta=0
PIC_NFS stage=file_read_complete elapsed_ms=18 tid=140449121564352 host=DietPi.local export=/mnt/4TBS relative=/pics-sport/local choice/FB-LCC/DSC_1211.jpg outcome=ok bytes=1577192 calls=7
PIC_NETWORK tid=ThreadId(29) PRIVATE_NFS read_done bytes=1577192 elapsed_ms=20 uri=nfs://DietPi.local/mnt/4TBS/pics-sport/local%20choice/FB-LCC/DSC_1211.jpg
PIC_VIEWER source_cache action=insert bytes=1577192 uri=nfs://DietPi.local/mnt/4TBS/pics-sport/local%20choice/FB-LCC/DSC_1211.jpg
PIC_VIEWER network_done lane=foreground read_ms=20 bytes=1577192 source=network outcome=ok uri=nfs://DietPi.local/mnt/4TBS/pics-sport/local%20choice/FB-LCC/DSC_1211.jpg
PIC_VIEWER decode_stage source_ms=20 cpu_ms=38 uri=nfs://DietPi.local/mnt/4TBS/pics-sport/local%20choice/FB-LCC/DSC_1211.jpg
PIC_VIEWER t_ms=1133 tid=ThreadId(29) decode_done uri=nfs://DietPi.local/mnt/4TBS/pics-sport/local%20choice/FB-LCC/DSC_1211.jpg variant=1124x794 elapsed_ms=61 outcome=ok
PIC_VIEWER t_ms=1135 tid=ThreadId(1) display_apply elapsed_ms=1 uri=nfs://DietPi.local/mnt/4TBS/pics-sport/local%20choice/FB-LCC/DSC_1211.jpg
PIC_VIEWER t_ms=1135 tid=ThreadId(1) display_done lane=foreground source=decode navigation_ms=63 uri=nfs://DietPi.local/mnt/4TBS/pics-sport/local%20choice/FB-LCC/DSC_1211.jpg
PIC_VIEWER t_ms=1135 tid=ThreadId(1) wheel_event dy=1
PIC_VIEWER t_ms=1135 tid=ThreadId(1) navigation_dispatch source=wheel from_index=9 to_index=10 direction=1
PIC_VIEWER t_ms=1135 tid=ThreadId(1) infobar_update source=wheel index=10 uri=nfs://DietPi.local/mnt/4TBS/pics-sport/local%20choice/FB-LCC/DSC_1212.jpg
PIC_VIEWER t_ms=1136 tid=ThreadId(1) show_photo_request generation=8 index=10 uri=nfs://DietPi.local/mnt/4TBS/pics-sport/local%20choice/FB-LCC/DSC_1212.jpg
PIC_VIEWER t_ms=1136 tid=ThreadId(1) request lane=foreground action=new uri=nfs://DietPi.local/mnt/4TBS/pics-sport/local%20choice/FB-LCC/DSC_1212.jpg variant=1124x794
PIC_VIEWER t_ms=1136 tid=ThreadId(30) decode_start uri=nfs://DietPi.local/mnt/4TBS/pics-sport/local%20choice/FB-LCC/DSC_1212.jpg variant=1124x794 queue_ms=0
PIC_VIEWER source_cache lane=foreground action=miss uri=nfs://DietPi.local/mnt/4TBS/pics-sport/local%20choice/FB-LCC/DSC_1212.jpg
PIC_VIEWER network_slot lane=foreground wait_ms=0 uri=nfs://DietPi.local/mnt/4TBS/pics-sport/local%20choice/FB-LCC/DSC_1212.jpg
PIC_NETWORK tid=ThreadId(30) PRIVATE_NFS export_cache_hit host=DietPi.local count=5
PIC_NETWORK tid=ThreadId(30) PRIVATE_NFS read_start uri=nfs://DietPi.local/mnt/4TBS/pics-sport/local%20choice/FB-LCC/DSC_1212.jpg max_bytes=134217728
PIC_NFS stage=read_session_lock elapsed_ms=0 tid=140449121564352 host=DietPi.local export=/mnt/4TBS relative=/pics-sport/local choice/FB-LCC/DSC_1212.jpg outcome=acquired
PIC_NFS_CONNECT reuse host=DietPi.local export=/mnt/4TBS
PIC_NFS stage=file_open elapsed_ms=2 tid=140449121564352 host=DietPi.local export=/mnt/4TBS relative=/pics-sport/local choice/FB-LCC/DSC_1212.jpg outcome=ok
PIC_NFS stage=rpc_read elapsed_ms=1 tid=140449121564352 host=DietPi.local export=/mnt/4TBS relative=/pics-sport/local choice/FB-LCC/DSC_1212.jpg iteration=1 outcome=ok bytes=65536 timedout_delta=0 retransmitted_delta=0 reconnects_delta=0
PIC_NFS stage=first_read elapsed_ms=1 tid=140449121564352 host=DietPi.local export=/mnt/4TBS relative=/pics-sport/local choice/FB-LCC/DSC_1212.jpg outcome=ok bytes=65536
PIC_NFS stage=rpc_read elapsed_ms=1 tid=140449121564352 host=DietPi.local export=/mnt/4TBS relative=/pics-sport/local choice/FB-LCC/DSC_1212.jpg iteration=2 outcome=ok bytes=65536 timedout_delta=0 retransmitted_delta=0 reconnects_delta=0
PIC_NFS stage=rpc_read elapsed_ms=2 tid=140449121564352 host=DietPi.local export=/mnt/4TBS relative=/pics-sport/local choice/FB-LCC/DSC_1212.jpg iteration=3 outcome=ok bytes=131072 timedout_delta=0 retransmitted_delta=0 reconnects_delta=0
PIC_NFS stage=rpc_read elapsed_ms=3 tid=140449121564352 host=DietPi.local export=/mnt/4TBS relative=/pics-sport/local choice/FB-LCC/DSC_1212.jpg iteration=4 outcome=ok bytes=262144 timedout_delta=0 retransmitted_delta=0 reconnects_delta=0
PIC_NFS stage=rpc_read elapsed_ms=5 tid=140449121564352 host=DietPi.local export=/mnt/4TBS relative=/pics-sport/local choice/FB-LCC/DSC_1212.jpg iteration=5 outcome=ok bytes=523776 timedout_delta=0 retransmitted_delta=0 reconnects_delta=0
PIC_NFS stage=rpc_read elapsed_ms=1 tid=140449121564352 host=DietPi.local export=/mnt/4TBS relative=/pics-sport/local choice/FB-LCC/DSC_1212.jpg iteration=6 outcome=ok bytes=0 timedout_delta=0 retransmitted_delta=0 reconnects_delta=0
PIC_NFS stage=file_read_complete elapsed_ms=13 tid=140449121564352 host=DietPi.local export=/mnt/4TBS relative=/pics-sport/local choice/FB-LCC/DSC_1212.jpg outcome=ok bytes=1048064 calls=6
PIC_NETWORK tid=ThreadId(30) PRIVATE_NFS read_done bytes=1048064 elapsed_ms=14 uri=nfs://DietPi.local/mnt/4TBS/pics-sport/local%20choice/FB-LCC/DSC_1212.jpg
PIC_VIEWER source_cache action=insert bytes=1048064 uri=nfs://DietPi.local/mnt/4TBS/pics-sport/local%20choice/FB-LCC/DSC_1212.jpg
PIC_VIEWER network_done lane=foreground read_ms=14 bytes=1048064 source=network outcome=ok uri=nfs://DietPi.local/mnt/4TBS/pics-sport/local%20choice/FB-LCC/DSC_1212.jpg
PIC_VIEWER t_ms=1167 tid=ThreadId(1) wheel_event dy=1
PIC_VIEWER t_ms=1167 tid=ThreadId(1) wheel_accumulate current_index=10 target_index=11 direction=1
PIC_VIEWER decode_stage source_ms=14 cpu_ms=33 uri=nfs://DietPi.local/mnt/4TBS/pics-sport/local%20choice/FB-LCC/DSC_1212.jpg
PIC_VIEWER t_ms=1186 tid=ThreadId(30) decode_done uri=nfs://DietPi.local/mnt/4TBS/pics-sport/local%20choice/FB-LCC/DSC_1212.jpg variant=1124x794 elapsed_ms=50 outcome=ok
PIC_VIEWER t_ms=1188 tid=ThreadId(1) display_apply elapsed_ms=1 uri=nfs://DietPi.local/mnt/4TBS/pics-sport/local%20choice/FB-LCC/DSC_1212.jpg
PIC_VIEWER t_ms=1188 tid=ThreadId(1) display_done lane=foreground source=decode navigation_ms=52 uri=nfs://DietPi.local/mnt/4TBS/pics-sport/local%20choice/FB-LCC/DSC_1212.jpg
PIC_VIEWER t_ms=1188 tid=ThreadId(1) navigation_dispatch source=wheel_coalesced from_index=10 to_index=11 direction=1
PIC_VIEWER t_ms=1188 tid=ThreadId(1) infobar_update source=wheel index=11 uri=nfs://DietPi.local/mnt/4TBS/pics-sport/local%20choice/FB-LCC/DSC_1213.jpg
PIC_VIEWER t_ms=1188 tid=ThreadId(1) show_photo_request generation=9 index=11 uri=nfs://DietPi.local/mnt/4TBS/pics-sport/local%20choice/FB-LCC/DSC_1213.jpg
PIC_VIEWER t_ms=1188 tid=ThreadId(1) request lane=foreground action=new uri=nfs://DietPi.local/mnt/4TBS/pics-sport/local%20choice/FB-LCC/DSC_1213.jpg variant=1124x794
PIC_VIEWER t_ms=1188 tid=ThreadId(31) decode_start uri=nfs://DietPi.local/mnt/4TBS/pics-sport/local%20choice/FB-LCC/DSC_1213.jpg variant=1124x794 queue_ms=0
PIC_VIEWER source_cache lane=foreground action=miss uri=nfs://DietPi.local/mnt/4TBS/pics-sport/local%20choice/FB-LCC/DSC_1213.jpg
PIC_VIEWER network_slot lane=foreground wait_ms=0 uri=nfs://DietPi.local/mnt/4TBS/pics-sport/local%20choice/FB-LCC/DSC_1213.jpg
PIC_NETWORK tid=ThreadId(31) PRIVATE_NFS export_cache_hit host=DietPi.local count=5
PIC_NETWORK tid=ThreadId(31) PRIVATE_NFS read_start uri=nfs://DietPi.local/mnt/4TBS/pics-sport/local%20choice/FB-LCC/DSC_1213.jpg max_bytes=134217728
PIC_NFS stage=read_session_lock elapsed_ms=0 tid=140449121564352 host=DietPi.local export=/mnt/4TBS relative=/pics-sport/local choice/FB-LCC/DSC_1213.jpg outcome=acquired
PIC_NFS_CONNECT reuse host=DietPi.local export=/mnt/4TBS
PIC_NFS stage=file_open elapsed_ms=1 tid=140449121564352 host=DietPi.local export=/mnt/4TBS relative=/pics-sport/local choice/FB-LCC/DSC_1213.jpg outcome=ok
PIC_NFS stage=rpc_read elapsed_ms=1 tid=140449121564352 host=DietPi.local export=/mnt/4TBS relative=/pics-sport/local choice/FB-LCC/DSC_1213.jpg iteration=1 outcome=ok bytes=65536 timedout_delta=0 retransmitted_delta=0 reconnects_delta=0
PIC_NFS stage=first_read elapsed_ms=2 tid=140449121564352 host=DietPi.local export=/mnt/4TBS relative=/pics-sport/local choice/FB-LCC/DSC_1213.jpg outcome=ok bytes=65536
PIC_NFS stage=rpc_read elapsed_ms=1 tid=140449121564352 host=DietPi.local export=/mnt/4TBS relative=/pics-sport/local choice/FB-LCC/DSC_1213.jpg iteration=2 outcome=ok bytes=65536 timedout_delta=0 retransmitted_delta=0 reconnects_delta=0
PIC_NFS stage=rpc_read elapsed_ms=2 tid=140449121564352 host=DietPi.local export=/mnt/4TBS relative=/pics-sport/local choice/FB-LCC/DSC_1213.jpg iteration=3 outcome=ok bytes=131072 timedout_delta=0 retransmitted_delta=0 reconnects_delta=0
PIC_NFS stage=rpc_read elapsed_ms=3 tid=140449121564352 host=DietPi.local export=/mnt/4TBS relative=/pics-sport/local choice/FB-LCC/DSC_1213.jpg iteration=4 outcome=ok bytes=262144 timedout_delta=0 retransmitted_delta=0 reconnects_delta=0
PIC_VIEWER t_ms=1199 tid=ThreadId(1) wheel_event dy=1
PIC_VIEWER t_ms=1199 tid=ThreadId(1) wheel_accumulate current_index=11 target_index=12 direction=1
PIC_NFS stage=rpc_read elapsed_ms=5 tid=140449121564352 host=DietPi.local export=/mnt/4TBS relative=/pics-sport/local choice/FB-LCC/DSC_1213.jpg iteration=5 outcome=ok bytes=483551 timedout_delta=0 retransmitted_delta=0 reconnects_delta=0
PIC_NFS stage=rpc_read elapsed_ms=0 tid=140449121564352 host=DietPi.local export=/mnt/4TBS relative=/pics-sport/local choice/FB-LCC/DSC_1213.jpg iteration=6 outcome=ok bytes=0 timedout_delta=0 retransmitted_delta=0 reconnects_delta=0
PIC_NFS stage=file_read_complete elapsed_ms=13 tid=140449121564352 host=DietPi.local export=/mnt/4TBS relative=/pics-sport/local choice/FB-LCC/DSC_1213.jpg outcome=ok bytes=1007839 calls=6
PIC_NETWORK tid=ThreadId(31) PRIVATE_NFS read_done bytes=1007839 elapsed_ms=14 uri=nfs://DietPi.local/mnt/4TBS/pics-sport/local%20choice/FB-LCC/DSC_1213.jpg
PIC_VIEWER source_cache action=insert bytes=1007839 uri=nfs://DietPi.local/mnt/4TBS/pics-sport/local%20choice/FB-LCC/DSC_1213.jpg
PIC_VIEWER network_done lane=foreground read_ms=14 bytes=1007839 source=network outcome=ok uri=nfs://DietPi.local/mnt/4TBS/pics-sport/local%20choice/FB-LCC/DSC_1213.jpg
PIC_VIEWER decode_stage source_ms=14 cpu_ms=33 uri=nfs://DietPi.local/mnt/4TBS/pics-sport/local%20choice/FB-LCC/DSC_1213.jpg
PIC_VIEWER t_ms=1239 tid=ThreadId(31) decode_done uri=nfs://DietPi.local/mnt/4TBS/pics-sport/local%20choice/FB-LCC/DSC_1213.jpg variant=1124x794 elapsed_ms=50 outcome=ok
PIC_VIEWER t_ms=1240 tid=ThreadId(1) display_apply elapsed_ms=1 uri=nfs://DietPi.local/mnt/4TBS/pics-sport/local%20choice/FB-LCC/DSC_1213.jpg
PIC_VIEWER t_ms=1240 tid=ThreadId(1) display_done lane=foreground source=decode navigation_ms=52 uri=nfs://DietPi.local/mnt/4TBS/pics-sport/local%20choice/FB-LCC/DSC_1213.jpg
PIC_VIEWER t_ms=1240 tid=ThreadId(1) navigation_dispatch source=wheel_coalesced from_index=11 to_index=12 direction=1
PIC_VIEWER t_ms=1240 tid=ThreadId(1) infobar_update source=wheel index=12 uri=nfs://DietPi.local/mnt/4TBS/pics-sport/local%20choice/FB-LCC/DSC_1217.jpg
PIC_VIEWER t_ms=1241 tid=ThreadId(1) show_photo_request generation=10 index=12 uri=nfs://DietPi.local/mnt/4TBS/pics-sport/local%20choice/FB-LCC/DSC_1217.jpg
PIC_VIEWER t_ms=1241 tid=ThreadId(1) request lane=foreground action=new uri=nfs://DietPi.local/mnt/4TBS/pics-sport/local%20choice/FB-LCC/DSC_1217.jpg variant=1124x794
PIC_VIEWER t_ms=1241 tid=ThreadId(32) decode_start uri=nfs://DietPi.local/mnt/4TBS/pics-sport/local%20choice/FB-LCC/DSC_1217.jpg variant=1124x794 queue_ms=0
PIC_VIEWER source_cache lane=foreground action=miss uri=nfs://DietPi.local/mnt/4TBS/pics-sport/local%20choice/FB-LCC/DSC_1217.jpg
PIC_VIEWER network_slot lane=foreground wait_ms=0 uri=nfs://DietPi.local/mnt/4TBS/pics-sport/local%20choice/FB-LCC/DSC_1217.jpg
PIC_NETWORK tid=ThreadId(32) PRIVATE_NFS export_cache_hit host=DietPi.local count=5
PIC_NETWORK tid=ThreadId(32) PRIVATE_NFS read_start uri=nfs://DietPi.local/mnt/4TBS/pics-sport/local%20choice/FB-LCC/DSC_1217.jpg max_bytes=134217728
PIC_NFS stage=read_session_lock elapsed_ms=0 tid=140449121564352 host=DietPi.local export=/mnt/4TBS relative=/pics-sport/local choice/FB-LCC/DSC_1217.jpg outcome=acquired
PIC_NFS_CONNECT reuse host=DietPi.local export=/mnt/4TBS
PIC_NFS stage=file_open elapsed_ms=2 tid=140449121564352 host=DietPi.local export=/mnt/4TBS relative=/pics-sport/local choice/FB-LCC/DSC_1217.jpg outcome=ok
PIC_NFS stage=rpc_read elapsed_ms=1 tid=140449121564352 host=DietPi.local export=/mnt/4TBS relative=/pics-sport/local choice/FB-LCC/DSC_1217.jpg iteration=1 outcome=ok bytes=65536 timedout_delta=0 retransmitted_delta=0 reconnects_delta=0
PIC_NFS stage=first_read elapsed_ms=1 tid=140449121564352 host=DietPi.local export=/mnt/4TBS relative=/pics-sport/local choice/FB-LCC/DSC_1217.jpg outcome=ok bytes=65536
PIC_NFS stage=rpc_read elapsed_ms=2 tid=140449121564352 host=DietPi.local export=/mnt/4TBS relative=/pics-sport/local choice/FB-LCC/DSC_1217.jpg iteration=2 outcome=ok bytes=65536 timedout_delta=0 retransmitted_delta=0 reconnects_delta=0
PIC_NFS stage=rpc_read elapsed_ms=1 tid=140449121564352 host=DietPi.local export=/mnt/4TBS relative=/pics-sport/local choice/FB-LCC/DSC_1217.jpg iteration=3 outcome=ok bytes=131072 timedout_delta=0 retransmitted_delta=0 reconnects_delta=0
PIC_NFS stage=rpc_read elapsed_ms=10 tid=140449121564352 host=DietPi.local export=/mnt/4TBS relative=/pics-sport/local choice/FB-LCC/DSC_1217.jpg iteration=4 outcome=ok bytes=262144 timedout_delta=0 retransmitted_delta=0 reconnects_delta=0
PIC_NFS stage=rpc_read elapsed_ms=6 tid=140449121564352 host=DietPi.local export=/mnt/4TBS relative=/pics-sport/local choice/FB-LCC/DSC_1217.jpg iteration=5 outcome=ok bytes=524288 timedout_delta=0 retransmitted_delta=0 reconnects_delta=0
PIC_NFS stage=rpc_read elapsed_ms=2 tid=140449121564352 host=DietPi.local export=/mnt/4TBS relative=/pics-sport/local choice/FB-LCC/DSC_1217.jpg iteration=6 outcome=ok bytes=166453 timedout_delta=0 retransmitted_delta=0 reconnects_delta=0
PIC_NFS stage=rpc_read elapsed_ms=0 tid=140449121564352 host=DietPi.local export=/mnt/4TBS relative=/pics-sport/local choice/FB-LCC/DSC_1217.jpg iteration=7 outcome=ok bytes=0 timedout_delta=0 retransmitted_delta=0 reconnects_delta=0
PIC_NFS stage=file_read_complete elapsed_ms=22 tid=140449121564352 host=DietPi.local export=/mnt/4TBS relative=/pics-sport/local choice/FB-LCC/DSC_1217.jpg outcome=ok bytes=1215029 calls=7
PIC_NETWORK tid=ThreadId(32) PRIVATE_NFS read_done bytes=1215029 elapsed_ms=24 uri=nfs://DietPi.local/mnt/4TBS/pics-sport/local%20choice/FB-LCC/DSC_1217.jpg
PIC_VIEWER source_cache action=insert bytes=1215029 uri=nfs://DietPi.local/mnt/4TBS/pics-sport/local%20choice/FB-LCC/DSC_1217.jpg
PIC_VIEWER network_done lane=foreground read_ms=24 bytes=1215029 source=network outcome=ok uri=nfs://DietPi.local/mnt/4TBS/pics-sport/local%20choice/FB-LCC/DSC_1217.jpg
PIC_VIEWER decode_stage source_ms=24 cpu_ms=37 uri=nfs://DietPi.local/mnt/4TBS/pics-sport/local%20choice/FB-LCC/DSC_1217.jpg
PIC_VIEWER t_ms=1306 tid=ThreadId(32) decode_done uri=nfs://DietPi.local/mnt/4TBS/pics-sport/local%20choice/FB-LCC/DSC_1217.jpg variant=1124x794 elapsed_ms=64 outcome=ok
PIC_VIEWER t_ms=1307 tid=ThreadId(1) display_apply elapsed_ms=1 uri=nfs://DietPi.local/mnt/4TBS/pics-sport/local%20choice/FB-LCC/DSC_1217.jpg
PIC_VIEWER t_ms=1307 tid=ThreadId(1) display_done lane=foreground source=decode navigation_ms=66 uri=nfs://DietPi.local/mnt/4TBS/pics-sport/local%20choice/FB-LCC/DSC_1217.jpg
PIC_VIEWER t_ms=1491 tid=ThreadId(1) request lane=prefetch action=new uri=nfs://DietPi.local/mnt/4TBS/pics-sport/local%20choice/FB-LCC/DSC_1223.jpg variant=1124x794
PIC_VIEWER t_ms=1491 tid=ThreadId(1) cache_hit lane=prefetch uri=nfs://DietPi.local/mnt/4TBS/pics-sport/local%20choice/FB-LCC/DSC_1213.jpg
PIC_VIEWER t_ms=1491 tid=ThreadId(33) decode_start uri=nfs://DietPi.local/mnt/4TBS/pics-sport/local%20choice/FB-LCC/DSC_1223.jpg variant=1124x794 queue_ms=0
PIC_VIEWER source_cache lane=prefetch action=miss uri=nfs://DietPi.local/mnt/4TBS/pics-sport/local%20choice/FB-LCC/DSC_1223.jpg
PIC_VIEWER network_slot lane=prefetch wait_ms=0 uri=nfs://DietPi.local/mnt/4TBS/pics-sport/local%20choice/FB-LCC/DSC_1223.jpg
PIC_NETWORK tid=ThreadId(33) PRIVATE_NFS export_cache_hit host=DietPi.local count=5
PIC_NETWORK tid=ThreadId(33) PRIVATE_NFS read_start uri=nfs://DietPi.local/mnt/4TBS/pics-sport/local%20choice/FB-LCC/DSC_1223.jpg max_bytes=134217728
PIC_NFS stage=read_session_lock elapsed_ms=0 tid=140449121564352 host=DietPi.local export=/mnt/4TBS relative=/pics-sport/local choice/FB-LCC/DSC_1223.jpg outcome=acquired
PIC_NFS_CONNECT reuse host=DietPi.local export=/mnt/4TBS
PIC_NFS stage=file_open elapsed_ms=3 tid=140449121564352 host=DietPi.local export=/mnt/4TBS relative=/pics-sport/local choice/FB-LCC/DSC_1223.jpg outcome=ok
PIC_NFS stage=rpc_read elapsed_ms=1 tid=140449121564352 host=DietPi.local export=/mnt/4TBS relative=/pics-sport/local choice/FB-LCC/DSC_1223.jpg iteration=1 outcome=ok bytes=65536 timedout_delta=0 retransmitted_delta=0 reconnects_delta=0
PIC_NFS stage=first_read elapsed_ms=1 tid=140449121564352 host=DietPi.local export=/mnt/4TBS relative=/pics-sport/local choice/FB-LCC/DSC_1223.jpg outcome=ok bytes=65536
PIC_NFS stage=rpc_read elapsed_ms=1 tid=140449121564352 host=DietPi.local export=/mnt/4TBS relative=/pics-sport/local choice/FB-LCC/DSC_1223.jpg iteration=2 outcome=ok bytes=65536 timedout_delta=0 retransmitted_delta=0 reconnects_delta=0
PIC_NFS stage=rpc_read elapsed_ms=2 tid=140449121564352 host=DietPi.local export=/mnt/4TBS relative=/pics-sport/local choice/FB-LCC/DSC_1223.jpg iteration=3 outcome=ok bytes=131072 timedout_delta=0 retransmitted_delta=0 reconnects_delta=0
PIC_NFS stage=rpc_read elapsed_ms=3 tid=140449121564352 host=DietPi.local export=/mnt/4TBS relative=/pics-sport/local choice/FB-LCC/DSC_1223.jpg iteration=4 outcome=ok bytes=262144 timedout_delta=0 retransmitted_delta=0 reconnects_delta=0
PIC_NFS stage=rpc_read elapsed_ms=5 tid=140449121564352 host=DietPi.local export=/mnt/4TBS relative=/pics-sport/local choice/FB-LCC/DSC_1223.jpg iteration=5 outcome=ok bytes=524288 timedout_delta=0 retransmitted_delta=0 reconnects_delta=0
PIC_NFS stage=rpc_read elapsed_ms=1 tid=140449121564352 host=DietPi.local export=/mnt/4TBS relative=/pics-sport/local choice/FB-LCC/DSC_1223.jpg iteration=6 outcome=ok bytes=31463 timedout_delta=0 retransmitted_delta=0 reconnects_delta=0
PIC_NFS stage=rpc_read elapsed_ms=0 tid=140449121564352 host=DietPi.local export=/mnt/4TBS relative=/pics-sport/local choice/FB-LCC/DSC_1223.jpg iteration=7 outcome=ok bytes=0 timedout_delta=0 retransmitted_delta=0 reconnects_delta=0
PIC_NFS stage=file_read_complete elapsed_ms=13 tid=140449121564352 host=DietPi.local export=/mnt/4TBS relative=/pics-sport/local choice/FB-LCC/DSC_1223.jpg outcome=ok bytes=1080039 calls=7
PIC_NETWORK tid=ThreadId(33) PRIVATE_NFS read_done bytes=1080039 elapsed_ms=16 uri=nfs://DietPi.local/mnt/4TBS/pics-sport/local%20choice/FB-LCC/DSC_1223.jpg
PIC_VIEWER source_cache action=insert bytes=1080039 uri=nfs://DietPi.local/mnt/4TBS/pics-sport/local%20choice/FB-LCC/DSC_1223.jpg
PIC_VIEWER network_done lane=prefetch read_ms=16 bytes=1080039 source=network outcome=ok uri=nfs://DietPi.local/mnt/4TBS/pics-sport/local%20choice/FB-LCC/DSC_1223.jpg
PIC_VIEWER decode_stage source_ms=16 cpu_ms=34 uri=nfs://DietPi.local/mnt/4TBS/pics-sport/local%20choice/FB-LCC/DSC_1223.jpg
PIC_VIEWER t_ms=1545 tid=ThreadId(33) decode_done uri=nfs://DietPi.local/mnt/4TBS/pics-sport/local%20choice/FB-LCC/DSC_1223.jpg variant=1124x794 elapsed_ms=53 outcome=ok
PIC_VIEWER t_ms=1583 tid=ThreadId(1) wheel_event dy=1
PIC_VIEWER t_ms=1583 tid=ThreadId(1) navigation_dispatch source=wheel from_index=12 to_index=13 direction=1
PIC_VIEWER t_ms=1583 tid=ThreadId(1) infobar_update source=wheel index=13 uri=nfs://DietPi.local/mnt/4TBS/pics-sport/local%20choice/FB-LCC/DSC_1223.jpg
PIC_VIEWER t_ms=1584 tid=ThreadId(1) show_photo_request generation=11 index=13 uri=nfs://DietPi.local/mnt/4TBS/pics-sport/local%20choice/FB-LCC/DSC_1223.jpg
PIC_VIEWER t_ms=1584 tid=ThreadId(1) cache_hit lane=foreground uri=nfs://DietPi.local/mnt/4TBS/pics-sport/local%20choice/FB-LCC/DSC_1223.jpg
PIC_VIEWER t_ms=1584 tid=ThreadId(1) display_done lane=foreground source=texture_cache navigation_ms=0 uri=nfs://DietPi.local/mnt/4TBS/pics-sport/local%20choice/FB-LCC/DSC_1223.jpg
PIC_VIEWER t_ms=1599 tid=ThreadId(1) wheel_event dy=1
PIC_VIEWER t_ms=1599 tid=ThreadId(1) navigation_dispatch source=wheel from_index=13 to_index=14 direction=1
PIC_VIEWER t_ms=1599 tid=ThreadId(1) infobar_update source=wheel index=14 uri=nfs://DietPi.local/mnt/4TBS/pics-sport/local%20choice/FB-LCC/DSC_1224.jpg
PIC_VIEWER t_ms=1600 tid=ThreadId(1) show_photo_request generation=12 index=14 uri=nfs://DietPi.local/mnt/4TBS/pics-sport/local%20choice/FB-LCC/DSC_1224.jpg
PIC_VIEWER t_ms=1600 tid=ThreadId(1) request lane=foreground action=new uri=nfs://DietPi.local/mnt/4TBS/pics-sport/local%20choice/FB-LCC/DSC_1224.jpg variant=1124x794
PIC_VIEWER t_ms=1600 tid=ThreadId(34) decode_start uri=nfs://DietPi.local/mnt/4TBS/pics-sport/local%20choice/FB-LCC/DSC_1224.jpg variant=1124x794 queue_ms=0
PIC_VIEWER source_cache lane=foreground action=miss uri=nfs://DietPi.local/mnt/4TBS/pics-sport/local%20choice/FB-LCC/DSC_1224.jpg
PIC_VIEWER network_slot lane=foreground wait_ms=0 uri=nfs://DietPi.local/mnt/4TBS/pics-sport/local%20choice/FB-LCC/DSC_1224.jpg
PIC_NETWORK tid=ThreadId(34) PRIVATE_NFS export_cache_hit host=DietPi.local count=5
PIC_NETWORK tid=ThreadId(34) PRIVATE_NFS read_start uri=nfs://DietPi.local/mnt/4TBS/pics-sport/local%20choice/FB-LCC/DSC_1224.jpg max_bytes=134217728
PIC_NFS stage=read_session_lock elapsed_ms=0 tid=140449121564352 host=DietPi.local export=/mnt/4TBS relative=/pics-sport/local choice/FB-LCC/DSC_1224.jpg outcome=acquired
PIC_NFS_CONNECT reuse host=DietPi.local export=/mnt/4TBS
PIC_NFS stage=file_open elapsed_ms=2 tid=140449121564352 host=DietPi.local export=/mnt/4TBS relative=/pics-sport/local choice/FB-LCC/DSC_1224.jpg outcome=ok
PIC_NFS stage=rpc_read elapsed_ms=1 tid=140449121564352 host=DietPi.local export=/mnt/4TBS relative=/pics-sport/local choice/FB-LCC/DSC_1224.jpg iteration=1 outcome=ok bytes=65536 timedout_delta=0 retransmitted_delta=0 reconnects_delta=0
PIC_NFS stage=first_read elapsed_ms=1 tid=140449121564352 host=DietPi.local export=/mnt/4TBS relative=/pics-sport/local choice/FB-LCC/DSC_1224.jpg outcome=ok bytes=65536
PIC_NFS stage=rpc_read elapsed_ms=1 tid=140449121564352 host=DietPi.local export=/mnt/4TBS relative=/pics-sport/local choice/FB-LCC/DSC_1224.jpg iteration=2 outcome=ok bytes=65536 timedout_delta=0 retransmitted_delta=0 reconnects_delta=0
PIC_NFS stage=rpc_read elapsed_ms=2 tid=140449121564352 host=DietPi.local export=/mnt/4TBS relative=/pics-sport/local choice/FB-LCC/DSC_1224.jpg iteration=3 outcome=ok bytes=131072 timedout_delta=0 retransmitted_delta=0 reconnects_delta=0
PIC_NFS stage=rpc_read elapsed_ms=3 tid=140449121564352 host=DietPi.local export=/mnt/4TBS relative=/pics-sport/local choice/FB-LCC/DSC_1224.jpg iteration=4 outcome=ok bytes=262144 timedout_delta=0 retransmitted_delta=0 reconnects_delta=0
PIC_NFS stage=rpc_read elapsed_ms=5 tid=140449121564352 host=DietPi.local export=/mnt/4TBS relative=/pics-sport/local choice/FB-LCC/DSC_1224.jpg iteration=5 outcome=ok bytes=515816 timedout_delta=0 retransmitted_delta=0 reconnects_delta=0
PIC_NFS stage=rpc_read elapsed_ms=0 tid=140449121564352 host=DietPi.local export=/mnt/4TBS relative=/pics-sport/local choice/FB-LCC/DSC_1224.jpg iteration=6 outcome=ok bytes=0 timedout_delta=0 retransmitted_delta=0 reconnects_delta=0
PIC_NFS stage=file_read_complete elapsed_ms=13 tid=140449121564352 host=DietPi.local export=/mnt/4TBS relative=/pics-sport/local choice/FB-LCC/DSC_1224.jpg outcome=ok bytes=1040104 calls=6
PIC_NETWORK tid=ThreadId(34) PRIVATE_NFS read_done bytes=1040104 elapsed_ms=15 uri=nfs://DietPi.local/mnt/4TBS/pics-sport/local%20choice/FB-LCC/DSC_1224.jpg
PIC_VIEWER source_cache action=insert bytes=1040104 uri=nfs://DietPi.local/mnt/4TBS/pics-sport/local%20choice/FB-LCC/DSC_1224.jpg
PIC_VIEWER network_done lane=foreground read_ms=15 bytes=1040104 source=network outcome=ok uri=nfs://DietPi.local/mnt/4TBS/pics-sport/local%20choice/FB-LCC/DSC_1224.jpg
PIC_VIEWER t_ms=1615 tid=ThreadId(1) wheel_event dy=1
PIC_VIEWER t_ms=1615 tid=ThreadId(1) wheel_accumulate current_index=14 target_index=15 direction=1
PIC_VIEWER t_ms=1647 tid=ThreadId(1) wheel_event dy=1
PIC_VIEWER t_ms=1647 tid=ThreadId(1) wheel_accumulate current_index=14 target_index=16 direction=1
PIC_VIEWER decode_stage source_ms=15 cpu_ms=32 uri=nfs://DietPi.local/mnt/4TBS/pics-sport/local%20choice/FB-LCC/DSC_1224.jpg
PIC_VIEWER t_ms=1650 tid=ThreadId(34) decode_done uri=nfs://DietPi.local/mnt/4TBS/pics-sport/local%20choice/FB-LCC/DSC_1224.jpg variant=1124x794 elapsed_ms=50 outcome=ok
PIC_VIEWER t_ms=1652 tid=ThreadId(1) display_apply elapsed_ms=1 uri=nfs://DietPi.local/mnt/4TBS/pics-sport/local%20choice/FB-LCC/DSC_1224.jpg
PIC_VIEWER t_ms=1652 tid=ThreadId(1) display_done lane=foreground source=decode navigation_ms=52 uri=nfs://DietPi.local/mnt/4TBS/pics-sport/local%20choice/FB-LCC/DSC_1224.jpg
PIC_VIEWER t_ms=1652 tid=ThreadId(1) navigation_dispatch source=wheel_coalesced from_index=14 to_index=16 direction=1
PIC_VIEWER t_ms=1652 tid=ThreadId(1) infobar_update source=wheel index=16 uri=nfs://DietPi.local/mnt/4TBS/pics-sport/local%20choice/FB-LCC/DSC_1229.jpg
PIC_VIEWER t_ms=1653 tid=ThreadId(1) show_photo_request generation=13 index=16 uri=nfs://DietPi.local/mnt/4TBS/pics-sport/local%20choice/FB-LCC/DSC_1229.jpg
PIC_VIEWER t_ms=1653 tid=ThreadId(1) request lane=foreground action=new uri=nfs://DietPi.local/mnt/4TBS/pics-sport/local%20choice/FB-LCC/DSC_1229.jpg variant=1124x794
PIC_VIEWER t_ms=1653 tid=ThreadId(35) decode_start uri=nfs://DietPi.local/mnt/4TBS/pics-sport/local%20choice/FB-LCC/DSC_1229.jpg variant=1124x794 queue_ms=0
PIC_VIEWER source_cache lane=foreground action=miss uri=nfs://DietPi.local/mnt/4TBS/pics-sport/local%20choice/FB-LCC/DSC_1229.jpg
PIC_VIEWER network_slot lane=foreground wait_ms=0 uri=nfs://DietPi.local/mnt/4TBS/pics-sport/local%20choice/FB-LCC/DSC_1229.jpg
PIC_NETWORK tid=ThreadId(35) PRIVATE_NFS export_cache_hit host=DietPi.local count=5
PIC_NETWORK tid=ThreadId(35) PRIVATE_NFS read_start uri=nfs://DietPi.local/mnt/4TBS/pics-sport/local%20choice/FB-LCC/DSC_1229.jpg max_bytes=134217728
PIC_NFS stage=read_session_lock elapsed_ms=0 tid=140449121564352 host=DietPi.local export=/mnt/4TBS relative=/pics-sport/local choice/FB-LCC/DSC_1229.jpg outcome=acquired
PIC_NFS_CONNECT reuse host=DietPi.local export=/mnt/4TBS
PIC_NFS stage=file_open elapsed_ms=2 tid=140449121564352 host=DietPi.local export=/mnt/4TBS relative=/pics-sport/local choice/FB-LCC/DSC_1229.jpg outcome=ok
PIC_NFS stage=rpc_read elapsed_ms=1 tid=140449121564352 host=DietPi.local export=/mnt/4TBS relative=/pics-sport/local choice/FB-LCC/DSC_1229.jpg iteration=1 outcome=ok bytes=65536 timedout_delta=0 retransmitted_delta=0 reconnects_delta=0
PIC_NFS stage=first_read elapsed_ms=1 tid=140449121564352 host=DietPi.local export=/mnt/4TBS relative=/pics-sport/local choice/FB-LCC/DSC_1229.jpg outcome=ok bytes=65536
PIC_NFS stage=rpc_read elapsed_ms=1 tid=140449121564352 host=DietPi.local export=/mnt/4TBS relative=/pics-sport/local choice/FB-LCC/DSC_1229.jpg iteration=2 outcome=ok bytes=65536 timedout_delta=0 retransmitted_delta=0 reconnects_delta=0
PIC_NFS stage=rpc_read elapsed_ms=2 tid=140449121564352 host=DietPi.local export=/mnt/4TBS relative=/pics-sport/local choice/FB-LCC/DSC_1229.jpg iteration=3 outcome=ok bytes=131072 timedout_delta=0 retransmitted_delta=0 reconnects_delta=0
PIC_NFS stage=rpc_read elapsed_ms=3 tid=140449121564352 host=DietPi.local export=/mnt/4TBS relative=/pics-sport/local choice/FB-LCC/DSC_1229.jpg iteration=4 outcome=ok bytes=262144 timedout_delta=0 retransmitted_delta=0 reconnects_delta=0
PIC_VIEWER t_ms=1663 tid=ThreadId(1) wheel_event dy=1
PIC_VIEWER t_ms=1663 tid=ThreadId(1) wheel_accumulate current_index=16 target_index=17 direction=1
PIC_NFS stage=rpc_read elapsed_ms=5 tid=140449121564352 host=DietPi.local export=/mnt/4TBS relative=/pics-sport/local choice/FB-LCC/DSC_1229.jpg iteration=5 outcome=ok bytes=524288 timedout_delta=0 retransmitted_delta=0 reconnects_delta=0
PIC_NFS stage=rpc_read elapsed_ms=1 tid=140449121564352 host=DietPi.local export=/mnt/4TBS relative=/pics-sport/local choice/FB-LCC/DSC_1229.jpg iteration=6 outcome=ok bytes=52043 timedout_delta=0 retransmitted_delta=0 reconnects_delta=0
PIC_NFS stage=rpc_read elapsed_ms=0 tid=140449121564352 host=DietPi.local export=/mnt/4TBS relative=/pics-sport/local choice/FB-LCC/DSC_1229.jpg iteration=7 outcome=ok bytes=0 timedout_delta=0 retransmitted_delta=0 reconnects_delta=0
PIC_NFS stage=file_read_complete elapsed_ms=13 tid=140449121564352 host=DietPi.local export=/mnt/4TBS relative=/pics-sport/local choice/FB-LCC/DSC_1229.jpg outcome=ok bytes=1100619 calls=7
PIC_NETWORK tid=ThreadId(35) PRIVATE_NFS read_done bytes=1100619 elapsed_ms=15 uri=nfs://DietPi.local/mnt/4TBS/pics-sport/local%20choice/FB-LCC/DSC_1229.jpg
PIC_VIEWER source_cache action=insert bytes=1100619 uri=nfs://DietPi.local/mnt/4TBS/pics-sport/local%20choice/FB-LCC/DSC_1229.jpg
PIC_VIEWER network_done lane=foreground read_ms=15 bytes=1100619 source=network outcome=ok uri=nfs://DietPi.local/mnt/4TBS/pics-sport/local%20choice/FB-LCC/DSC_1229.jpg
PIC_VIEWER t_ms=1695 tid=ThreadId(1) wheel_event dy=1
PIC_VIEWER t_ms=1695 tid=ThreadId(1) wheel_accumulate current_index=16 target_index=18 direction=1
PIC_VIEWER decode_stage source_ms=15 cpu_ms=32 uri=nfs://DietPi.local/mnt/4TBS/pics-sport/local%20choice/FB-LCC/DSC_1229.jpg
PIC_VIEWER t_ms=1702 tid=ThreadId(35) decode_done uri=nfs://DietPi.local/mnt/4TBS/pics-sport/local%20choice/FB-LCC/DSC_1229.jpg variant=1124x794 elapsed_ms=48 outcome=ok
PIC_VIEWER t_ms=1702 tid=ThreadId(1) display_apply elapsed_ms=0 uri=nfs://DietPi.local/mnt/4TBS/pics-sport/local%20choice/FB-LCC/DSC_1229.jpg
PIC_VIEWER t_ms=1702 tid=ThreadId(1) display_done lane=foreground source=decode navigation_ms=49 uri=nfs://DietPi.local/mnt/4TBS/pics-sport/local%20choice/FB-LCC/DSC_1229.jpg
PIC_VIEWER t_ms=1702 tid=ThreadId(1) navigation_dispatch source=wheel_coalesced from_index=16 to_index=18 direction=1
PIC_VIEWER t_ms=1702 tid=ThreadId(1) infobar_update source=wheel index=18 uri=nfs://DietPi.local/mnt/4TBS/pics-sport/local%20choice/FB-LCC/DSC_1234.jpg
PIC_VIEWER t_ms=1703 tid=ThreadId(1) show_photo_request generation=14 index=18 uri=nfs://DietPi.local/mnt/4TBS/pics-sport/local%20choice/FB-LCC/DSC_1234.jpg
PIC_VIEWER t_ms=1703 tid=ThreadId(1) request lane=foreground action=new uri=nfs://DietPi.local/mnt/4TBS/pics-sport/local%20choice/FB-LCC/DSC_1234.jpg variant=1124x794
PIC_VIEWER t_ms=1703 tid=ThreadId(36) decode_start uri=nfs://DietPi.local/mnt/4TBS/pics-sport/local%20choice/FB-LCC/DSC_1234.jpg variant=1124x794 queue_ms=0
PIC_VIEWER source_cache lane=foreground action=miss uri=nfs://DietPi.local/mnt/4TBS/pics-sport/local%20choice/FB-LCC/DSC_1234.jpg
PIC_VIEWER network_slot lane=foreground wait_ms=0 uri=nfs://DietPi.local/mnt/4TBS/pics-sport/local%20choice/FB-LCC/DSC_1234.jpg
PIC_NETWORK tid=ThreadId(36) PRIVATE_NFS export_cache_hit host=DietPi.local count=5
PIC_NETWORK tid=ThreadId(36) PRIVATE_NFS read_start uri=nfs://DietPi.local/mnt/4TBS/pics-sport/local%20choice/FB-LCC/DSC_1234.jpg max_bytes=134217728
PIC_NFS stage=read_session_lock elapsed_ms=0 tid=140449121564352 host=DietPi.local export=/mnt/4TBS relative=/pics-sport/local choice/FB-LCC/DSC_1234.jpg outcome=acquired
PIC_NFS_CONNECT reuse host=DietPi.local export=/mnt/4TBS
PIC_NFS stage=file_open elapsed_ms=2 tid=140449121564352 host=DietPi.local export=/mnt/4TBS relative=/pics-sport/local choice/FB-LCC/DSC_1234.jpg outcome=ok
PIC_NFS stage=rpc_read elapsed_ms=1 tid=140449121564352 host=DietPi.local export=/mnt/4TBS relative=/pics-sport/local choice/FB-LCC/DSC_1234.jpg iteration=1 outcome=ok bytes=65536 timedout_delta=0 retransmitted_delta=0 reconnects_delta=0
PIC_NFS stage=first_read elapsed_ms=1 tid=140449121564352 host=DietPi.local export=/mnt/4TBS relative=/pics-sport/local choice/FB-LCC/DSC_1234.jpg outcome=ok bytes=65536
PIC_NFS stage=rpc_read elapsed_ms=1 tid=140449121564352 host=DietPi.local export=/mnt/4TBS relative=/pics-sport/local choice/FB-LCC/DSC_1234.jpg iteration=2 outcome=ok bytes=65536 timedout_delta=0 retransmitted_delta=0 reconnects_delta=0
PIC_NFS stage=rpc_read elapsed_ms=2 tid=140449121564352 host=DietPi.local export=/mnt/4TBS relative=/pics-sport/local choice/FB-LCC/DSC_1234.jpg iteration=3 outcome=ok bytes=131072 timedout_delta=0 retransmitted_delta=0 reconnects_delta=0
PIC_NFS stage=rpc_read elapsed_ms=3 tid=140449121564352 host=DietPi.local export=/mnt/4TBS relative=/pics-sport/local choice/FB-LCC/DSC_1234.jpg iteration=4 outcome=ok bytes=262144 timedout_delta=0 retransmitted_delta=0 reconnects_delta=0
PIC_NFS stage=rpc_read elapsed_ms=5 tid=140449121564352 host=DietPi.local export=/mnt/4TBS relative=/pics-sport/local choice/FB-LCC/DSC_1234.jpg iteration=5 outcome=ok bytes=524288 timedout_delta=0 retransmitted_delta=0 reconnects_delta=0
PIC_NFS stage=rpc_read elapsed_ms=3 tid=140449121564352 host=DietPi.local export=/mnt/4TBS relative=/pics-sport/local choice/FB-LCC/DSC_1234.jpg iteration=6 outcome=ok bytes=327974 timedout_delta=0 retransmitted_delta=0 reconnects_delta=0
PIC_NFS stage=rpc_read elapsed_ms=1 tid=140449121564352 host=DietPi.local export=/mnt/4TBS relative=/pics-sport/local choice/FB-LCC/DSC_1234.jpg iteration=7 outcome=ok bytes=0 timedout_delta=0 retransmitted_delta=0 reconnects_delta=0
PIC_NFS stage=file_read_complete elapsed_ms=16 tid=140449121564352 host=DietPi.local export=/mnt/4TBS relative=/pics-sport/local choice/FB-LCC/DSC_1234.jpg outcome=ok bytes=1376550 calls=7
PIC_NETWORK tid=ThreadId(36) PRIVATE_NFS read_done bytes=1376550 elapsed_ms=18 uri=nfs://DietPi.local/mnt/4TBS/pics-sport/local%20choice/FB-LCC/DSC_1234.jpg
PIC_VIEWER source_cache action=insert bytes=1376550 uri=nfs://DietPi.local/mnt/4TBS/pics-sport/local%20choice/FB-LCC/DSC_1234.jpg
PIC_VIEWER network_done lane=foreground read_ms=18 bytes=1376550 source=network outcome=ok uri=nfs://DietPi.local/mnt/4TBS/pics-sport/local%20choice/FB-LCC/DSC_1234.jpg
PIC_VIEWER decode_stage source_ms=18 cpu_ms=36 uri=nfs://DietPi.local/mnt/4TBS/pics-sport/local%20choice/FB-LCC/DSC_1234.jpg
PIC_VIEWER t_ms=1759 tid=ThreadId(1) wheel_event dy=1
PIC_VIEWER t_ms=1759 tid=ThreadId(1) wheel_accumulate current_index=18 target_index=19 direction=1
PIC_VIEWER t_ms=1760 tid=ThreadId(36) decode_done uri=nfs://DietPi.local/mnt/4TBS/pics-sport/local%20choice/FB-LCC/DSC_1234.jpg variant=1124x794 elapsed_ms=57 outcome=ok
PIC_VIEWER t_ms=1762 tid=ThreadId(1) display_apply elapsed_ms=1 uri=nfs://DietPi.local/mnt/4TBS/pics-sport/local%20choice/FB-LCC/DSC_1234.jpg
PIC_VIEWER t_ms=1762 tid=ThreadId(1) display_done lane=foreground source=decode navigation_ms=58 uri=nfs://DietPi.local/mnt/4TBS/pics-sport/local%20choice/FB-LCC/DSC_1234.jpg
PIC_VIEWER t_ms=1762 tid=ThreadId(1) navigation_dispatch source=wheel_coalesced from_index=18 to_index=19 direction=1
PIC_VIEWER t_ms=1762 tid=ThreadId(1) infobar_update source=wheel index=19 uri=nfs://DietPi.local/mnt/4TBS/pics-sport/local%20choice/FB-LCC/DSC_1235.jpg
PIC_VIEWER t_ms=1762 tid=ThreadId(1) show_photo_request generation=15 index=19 uri=nfs://DietPi.local/mnt/4TBS/pics-sport/local%20choice/FB-LCC/DSC_1235.jpg
PIC_VIEWER t_ms=1762 tid=ThreadId(1) request lane=foreground action=new uri=nfs://DietPi.local/mnt/4TBS/pics-sport/local%20choice/FB-LCC/DSC_1235.jpg variant=1124x794
PIC_VIEWER t_ms=1762 tid=ThreadId(37) decode_start uri=nfs://DietPi.local/mnt/4TBS/pics-sport/local%20choice/FB-LCC/DSC_1235.jpg variant=1124x794 queue_ms=0
PIC_VIEWER source_cache lane=foreground action=miss uri=nfs://DietPi.local/mnt/4TBS/pics-sport/local%20choice/FB-LCC/DSC_1235.jpg
PIC_VIEWER network_slot lane=foreground wait_ms=0 uri=nfs://DietPi.local/mnt/4TBS/pics-sport/local%20choice/FB-LCC/DSC_1235.jpg
PIC_NETWORK tid=ThreadId(37) PRIVATE_NFS export_cache_hit host=DietPi.local count=5
PIC_NETWORK tid=ThreadId(37) PRIVATE_NFS read_start uri=nfs://DietPi.local/mnt/4TBS/pics-sport/local%20choice/FB-LCC/DSC_1235.jpg max_bytes=134217728
PIC_NFS stage=read_session_lock elapsed_ms=0 tid=140449121564352 host=DietPi.local export=/mnt/4TBS relative=/pics-sport/local choice/FB-LCC/DSC_1235.jpg outcome=acquired
PIC_NFS_CONNECT reuse host=DietPi.local export=/mnt/4TBS
PIC_NFS stage=file_open elapsed_ms=2 tid=140449121564352 host=DietPi.local export=/mnt/4TBS relative=/pics-sport/local choice/FB-LCC/DSC_1235.jpg outcome=ok
PIC_NFS stage=rpc_read elapsed_ms=1 tid=140449121564352 host=DietPi.local export=/mnt/4TBS relative=/pics-sport/local choice/FB-LCC/DSC_1235.jpg iteration=1 outcome=ok bytes=65536 timedout_delta=0 retransmitted_delta=0 reconnects_delta=0
PIC_NFS stage=first_read elapsed_ms=1 tid=140449121564352 host=DietPi.local export=/mnt/4TBS relative=/pics-sport/local choice/FB-LCC/DSC_1235.jpg outcome=ok bytes=65536
PIC_NFS stage=rpc_read elapsed_ms=1 tid=140449121564352 host=DietPi.local export=/mnt/4TBS relative=/pics-sport/local choice/FB-LCC/DSC_1235.jpg iteration=2 outcome=ok bytes=65536 timedout_delta=0 retransmitted_delta=0 reconnects_delta=0
PIC_NFS stage=rpc_read elapsed_ms=2 tid=140449121564352 host=DietPi.local export=/mnt/4TBS relative=/pics-sport/local choice/FB-LCC/DSC_1235.jpg iteration=3 outcome=ok bytes=131072 timedout_delta=0 retransmitted_delta=0 reconnects_delta=0
PIC_NFS stage=rpc_read elapsed_ms=3 tid=140449121564352 host=DietPi.local export=/mnt/4TBS relative=/pics-sport/local choice/FB-LCC/DSC_1235.jpg iteration=4 outcome=ok bytes=262144 timedout_delta=0 retransmitted_delta=0 reconnects_delta=0
PIC_NFS stage=rpc_read elapsed_ms=5 tid=140449121564352 host=DietPi.local export=/mnt/4TBS relative=/pics-sport/local choice/FB-LCC/DSC_1235.jpg iteration=5 outcome=ok bytes=524288 timedout_delta=0 retransmitted_delta=0 reconnects_delta=0
PIC_NFS stage=rpc_read elapsed_ms=4 tid=140449121564352 host=DietPi.local export=/mnt/4TBS relative=/pics-sport/local choice/FB-LCC/DSC_1235.jpg iteration=6 outcome=ok bytes=331840 timedout_delta=0 retransmitted_delta=0 reconnects_delta=0
PIC_NFS stage=rpc_read elapsed_ms=1 tid=140449121564352 host=DietPi.local export=/mnt/4TBS relative=/pics-sport/local choice/FB-LCC/DSC_1235.jpg iteration=7 outcome=ok bytes=0 timedout_delta=0 retransmitted_delta=0 reconnects_delta=0
PIC_NFS stage=file_read_complete elapsed_ms=17 tid=140449121564352 host=DietPi.local export=/mnt/4TBS relative=/pics-sport/local choice/FB-LCC/DSC_1235.jpg outcome=ok bytes=1380416 calls=7
PIC_NETWORK tid=ThreadId(37) PRIVATE_NFS read_done bytes=1380416 elapsed_ms=18 uri=nfs://DietPi.local/mnt/4TBS/pics-sport/local%20choice/FB-LCC/DSC_1235.jpg
PIC_VIEWER source_cache action=insert bytes=1380416 uri=nfs://DietPi.local/mnt/4TBS/pics-sport/local%20choice/FB-LCC/DSC_1235.jpg
PIC_VIEWER network_done lane=foreground read_ms=18 bytes=1380416 source=network outcome=ok uri=nfs://DietPi.local/mnt/4TBS/pics-sport/local%20choice/FB-LCC/DSC_1235.jpg
PIC_VIEWER decode_stage source_ms=18 cpu_ms=37 uri=nfs://DietPi.local/mnt/4TBS/pics-sport/local%20choice/FB-LCC/DSC_1235.jpg
PIC_VIEWER t_ms=1821 tid=ThreadId(37) decode_done uri=nfs://DietPi.local/mnt/4TBS/pics-sport/local%20choice/FB-LCC/DSC_1235.jpg variant=1124x794 elapsed_ms=58 outcome=ok
PIC_VIEWER t_ms=1822 tid=ThreadId(1) display_apply elapsed_ms=1 uri=nfs://DietPi.local/mnt/4TBS/pics-sport/local%20choice/FB-LCC/DSC_1235.jpg
PIC_VIEWER t_ms=1822 tid=ThreadId(1) display_done lane=foreground source=decode navigation_ms=60 uri=nfs://DietPi.local/mnt/4TBS/pics-sport/local%20choice/FB-LCC/DSC_1235.jpg
PIC_VIEWER t_ms=2012 tid=ThreadId(1) request lane=prefetch action=new uri=nfs://DietPi.local/mnt/4TBS/pics-sport/local%20choice/FB-LCC/DSC_1236.jpg variant=1124x794
PIC_VIEWER t_ms=2012 tid=ThreadId(1) cache_hit lane=prefetch uri=nfs://DietPi.local/mnt/4TBS/pics-sport/local%20choice/FB-LCC/DSC_1234.jpg
PIC_VIEWER t_ms=2012 tid=ThreadId(38) decode_start uri=nfs://DietPi.local/mnt/4TBS/pics-sport/local%20choice/FB-LCC/DSC_1236.jpg variant=1124x794 queue_ms=0
PIC_VIEWER source_cache lane=prefetch action=miss uri=nfs://DietPi.local/mnt/4TBS/pics-sport/local%20choice/FB-LCC/DSC_1236.jpg
PIC_VIEWER network_slot lane=prefetch wait_ms=0 uri=nfs://DietPi.local/mnt/4TBS/pics-sport/local%20choice/FB-LCC/DSC_1236.jpg
PIC_NETWORK tid=ThreadId(38) PRIVATE_NFS export_cache_hit host=DietPi.local count=5
PIC_NETWORK tid=ThreadId(38) PRIVATE_NFS read_start uri=nfs://DietPi.local/mnt/4TBS/pics-sport/local%20choice/FB-LCC/DSC_1236.jpg max_bytes=134217728
PIC_NFS stage=read_session_lock elapsed_ms=0 tid=140449121564352 host=DietPi.local export=/mnt/4TBS relative=/pics-sport/local choice/FB-LCC/DSC_1236.jpg outcome=acquired
PIC_NFS_CONNECT reuse host=DietPi.local export=/mnt/4TBS
PIC_NFS stage=file_open elapsed_ms=2 tid=140449121564352 host=DietPi.local export=/mnt/4TBS relative=/pics-sport/local choice/FB-LCC/DSC_1236.jpg outcome=ok
PIC_NFS stage=rpc_read elapsed_ms=1 tid=140449121564352 host=DietPi.local export=/mnt/4TBS relative=/pics-sport/local choice/FB-LCC/DSC_1236.jpg iteration=1 outcome=ok bytes=65536 timedout_delta=0 retransmitted_delta=0 reconnects_delta=0
PIC_NFS stage=first_read elapsed_ms=1 tid=140449121564352 host=DietPi.local export=/mnt/4TBS relative=/pics-sport/local choice/FB-LCC/DSC_1236.jpg outcome=ok bytes=65536
PIC_NFS stage=rpc_read elapsed_ms=1 tid=140449121564352 host=DietPi.local export=/mnt/4TBS relative=/pics-sport/local choice/FB-LCC/DSC_1236.jpg iteration=2 outcome=ok bytes=65536 timedout_delta=0 retransmitted_delta=0 reconnects_delta=0
PIC_NFS stage=rpc_read elapsed_ms=2 tid=140449121564352 host=DietPi.local export=/mnt/4TBS relative=/pics-sport/local choice/FB-LCC/DSC_1236.jpg iteration=3 outcome=ok bytes=131072 timedout_delta=0 retransmitted_delta=0 reconnects_delta=0
PIC_NFS stage=rpc_read elapsed_ms=2 tid=140449121564352 host=DietPi.local export=/mnt/4TBS relative=/pics-sport/local choice/FB-LCC/DSC_1236.jpg iteration=4 outcome=ok bytes=262144 timedout_delta=0 retransmitted_delta=0 reconnects_delta=0
PIC_NFS stage=rpc_read elapsed_ms=5 tid=140449121564352 host=DietPi.local export=/mnt/4TBS relative=/pics-sport/local choice/FB-LCC/DSC_1236.jpg iteration=5 outcome=ok bytes=485540 timedout_delta=0 retransmitted_delta=0 reconnects_delta=0
PIC_NFS stage=rpc_read elapsed_ms=0 tid=140449121564352 host=DietPi.local export=/mnt/4TBS relative=/pics-sport/local choice/FB-LCC/DSC_1236.jpg iteration=6 outcome=ok bytes=0 timedout_delta=0 retransmitted_delta=0 reconnects_delta=0
PIC_NFS stage=file_read_complete elapsed_ms=12 tid=140449121564352 host=DietPi.local export=/mnt/4TBS relative=/pics-sport/local choice/FB-LCC/DSC_1236.jpg outcome=ok bytes=1009828 calls=6
PIC_NETWORK tid=ThreadId(38) PRIVATE_NFS read_done bytes=1009828 elapsed_ms=14 uri=nfs://DietPi.local/mnt/4TBS/pics-sport/local%20choice/FB-LCC/DSC_1236.jpg
PIC_VIEWER source_cache action=insert bytes=1009828 uri=nfs://DietPi.local/mnt/4TBS/pics-sport/local%20choice/FB-LCC/DSC_1236.jpg
PIC_VIEWER network_done lane=prefetch read_ms=14 bytes=1009828 source=network outcome=ok uri=nfs://DietPi.local/mnt/4TBS/pics-sport/local%20choice/FB-LCC/DSC_1236.jpg
PIC_VIEWER decode_stage source_ms=14 cpu_ms=34 uri=nfs://DietPi.local/mnt/4TBS/pics-sport/local%20choice/FB-LCC/DSC_1236.jpg
PIC_VIEWER t_ms=2064 tid=ThreadId(38) decode_done uri=nfs://DietPi.local/mnt/4TBS/pics-sport/local%20choice/FB-LCC/DSC_1236.jpg variant=1124x794 elapsed_ms=51 outcome=ok
PIC_VIEWER t_ms=2579 tid=ThreadId(1) show_photo_request generation=16 index=20 uri=nfs://DietPi.local/mnt/4TBS/pics-sport/local%20choice/FB-LCC/DSC_1236.jpg
PIC_VIEWER t_ms=2579 tid=ThreadId(1) cache_hit lane=foreground uri=nfs://DietPi.local/mnt/4TBS/pics-sport/local%20choice/FB-LCC/DSC_1236.jpg
PIC_VIEWER t_ms=2580 tid=ThreadId(1) display_done lane=foreground source=texture_cache navigation_ms=0 uri=nfs://DietPi.local/mnt/4TBS/pics-sport/local%20choice/FB-LCC/DSC_1236.jpg
PIC_VIEWER t_ms=2830 tid=ThreadId(1) request lane=prefetch action=new uri=nfs://DietPi.local/mnt/4TBS/pics-sport/local%20choice/FB-LCC/DSC_1237.jpg variant=1124x794
PIC_VIEWER t_ms=2830 tid=ThreadId(1) cache_hit lane=prefetch uri=nfs://DietPi.local/mnt/4TBS/pics-sport/local%20choice/FB-LCC/DSC_1235.jpg
PIC_VIEWER t_ms=2830 tid=ThreadId(39) decode_start uri=nfs://DietPi.local/mnt/4TBS/pics-sport/local%20choice/FB-LCC/DSC_1237.jpg variant=1124x794 queue_ms=0
PIC_VIEWER source_cache lane=prefetch action=miss uri=nfs://DietPi.local/mnt/4TBS/pics-sport/local%20choice/FB-LCC/DSC_1237.jpg
PIC_VIEWER network_slot lane=prefetch wait_ms=0 uri=nfs://DietPi.local/mnt/4TBS/pics-sport/local%20choice/FB-LCC/DSC_1237.jpg
PIC_NETWORK tid=ThreadId(39) PRIVATE_NFS export_cache_hit host=DietPi.local count=5
PIC_NETWORK tid=ThreadId(39) PRIVATE_NFS read_start uri=nfs://DietPi.local/mnt/4TBS/pics-sport/local%20choice/FB-LCC/DSC_1237.jpg max_bytes=134217728
PIC_NFS stage=read_session_lock elapsed_ms=0 tid=140449121564352 host=DietPi.local export=/mnt/4TBS relative=/pics-sport/local choice/FB-LCC/DSC_1237.jpg outcome=acquired
PIC_NFS_CONNECT reuse host=DietPi.local export=/mnt/4TBS
PIC_NFS stage=file_open elapsed_ms=2 tid=140449121564352 host=DietPi.local export=/mnt/4TBS relative=/pics-sport/local choice/FB-LCC/DSC_1237.jpg outcome=ok
PIC_NFS stage=rpc_read elapsed_ms=1 tid=140449121564352 host=DietPi.local export=/mnt/4TBS relative=/pics-sport/local choice/FB-LCC/DSC_1237.jpg iteration=1 outcome=ok bytes=65536 timedout_delta=0 retransmitted_delta=0 reconnects_delta=0
PIC_NFS stage=first_read elapsed_ms=1 tid=140449121564352 host=DietPi.local export=/mnt/4TBS relative=/pics-sport/local choice/FB-LCC/DSC_1237.jpg outcome=ok bytes=65536
PIC_NFS stage=rpc_read elapsed_ms=1 tid=140449121564352 host=DietPi.local export=/mnt/4TBS relative=/pics-sport/local choice/FB-LCC/DSC_1237.jpg iteration=2 outcome=ok bytes=65536 timedout_delta=0 retransmitted_delta=0 reconnects_delta=0
PIC_NFS stage=rpc_read elapsed_ms=2 tid=140449121564352 host=DietPi.local export=/mnt/4TBS relative=/pics-sport/local choice/FB-LCC/DSC_1237.jpg iteration=3 outcome=ok bytes=131072 timedout_delta=0 retransmitted_delta=0 reconnects_delta=0
PIC_NFS stage=rpc_read elapsed_ms=3 tid=140449121564352 host=DietPi.local export=/mnt/4TBS relative=/pics-sport/local choice/FB-LCC/DSC_1237.jpg iteration=4 outcome=ok bytes=262144 timedout_delta=0 retransmitted_delta=0 reconnects_delta=0
PIC_NFS stage=rpc_read elapsed_ms=5 tid=140449121564352 host=DietPi.local export=/mnt/4TBS relative=/pics-sport/local choice/FB-LCC/DSC_1237.jpg iteration=5 outcome=ok bytes=457574 timedout_delta=0 retransmitted_delta=0 reconnects_delta=0
PIC_NFS stage=rpc_read elapsed_ms=0 tid=140449121564352 host=DietPi.local export=/mnt/4TBS relative=/pics-sport/local choice/FB-LCC/DSC_1237.jpg iteration=6 outcome=ok bytes=0 timedout_delta=0 retransmitted_delta=0 reconnects_delta=0
PIC_NFS stage=file_read_complete elapsed_ms=12 tid=140449121564352 host=DietPi.local export=/mnt/4TBS relative=/pics-sport/local choice/FB-LCC/DSC_1237.jpg outcome=ok bytes=981862 calls=6
PIC_NETWORK tid=ThreadId(39) PRIVATE_NFS read_done bytes=981862 elapsed_ms=14 uri=nfs://DietPi.local/mnt/4TBS/pics-sport/local%20choice/FB-LCC/DSC_1237.jpg
PIC_VIEWER source_cache action=insert bytes=981862 uri=nfs://DietPi.local/mnt/4TBS/pics-sport/local%20choice/FB-LCC/DSC_1237.jpg
PIC_VIEWER network_done lane=prefetch read_ms=14 bytes=981862 source=network outcome=ok uri=nfs://DietPi.local/mnt/4TBS/pics-sport/local%20choice/FB-LCC/DSC_1237.jpg
PIC_VIEWER decode_stage source_ms=14 cpu_ms=31 uri=nfs://DietPi.local/mnt/4TBS/pics-sport/local%20choice/FB-LCC/DSC_1237.jpg
PIC_VIEWER t_ms=2879 tid=ThreadId(39) decode_done uri=nfs://DietPi.local/mnt/4TBS/pics-sport/local%20choice/FB-LCC/DSC_1237.jpg variant=1124x794 elapsed_ms=48 outcome=ok
PIC_VIEWER t_ms=3080 tid=ThreadId(1) show_photo_request generation=17 index=21 uri=nfs://DietPi.local/mnt/4TBS/pics-sport/local%20choice/FB-LCC/DSC_1237.jpg
PIC_VIEWER t_ms=3080 tid=ThreadId(1) cache_hit lane=foreground uri=nfs://DietPi.local/mnt/4TBS/pics-sport/local%20choice/FB-LCC/DSC_1237.jpg
PIC_VIEWER t_ms=3080 tid=ThreadId(1) display_done lane=foreground source=texture_cache navigation_ms=0 uri=nfs://DietPi.local/mnt/4TBS/pics-sport/local%20choice/FB-LCC/DSC_1237.jpg
PIC_VIEWER t_ms=3110 tid=ThreadId(1) show_photo_request generation=18 index=22 uri=nfs://DietPi.local/mnt/4TBS/pics-sport/local%20choice/FB-LCC/DSC_1238.jpg
PIC_VIEWER t_ms=3110 tid=ThreadId(1) request lane=foreground action=new uri=nfs://DietPi.local/mnt/4TBS/pics-sport/local%20choice/FB-LCC/DSC_1238.jpg variant=1124x794
PIC_VIEWER t_ms=3110 tid=ThreadId(40) decode_start uri=nfs://DietPi.local/mnt/4TBS/pics-sport/local%20choice/FB-LCC/DSC_1238.jpg variant=1124x794 queue_ms=0
PIC_VIEWER source_cache lane=foreground action=miss uri=nfs://DietPi.local/mnt/4TBS/pics-sport/local%20choice/FB-LCC/DSC_1238.jpg
PIC_VIEWER network_slot lane=foreground wait_ms=0 uri=nfs://DietPi.local/mnt/4TBS/pics-sport/local%20choice/FB-LCC/DSC_1238.jpg
PIC_NETWORK tid=ThreadId(40) PRIVATE_NFS export_cache_hit host=DietPi.local count=5
PIC_NETWORK tid=ThreadId(40) PRIVATE_NFS read_start uri=nfs://DietPi.local/mnt/4TBS/pics-sport/local%20choice/FB-LCC/DSC_1238.jpg max_bytes=134217728
PIC_NFS stage=read_session_lock elapsed_ms=0 tid=140449121564352 host=DietPi.local export=/mnt/4TBS relative=/pics-sport/local choice/FB-LCC/DSC_1238.jpg outcome=acquired
PIC_NFS_CONNECT reuse host=DietPi.local export=/mnt/4TBS
PIC_NFS stage=file_open elapsed_ms=2 tid=140449121564352 host=DietPi.local export=/mnt/4TBS relative=/pics-sport/local choice/FB-LCC/DSC_1238.jpg outcome=ok
PIC_NFS stage=rpc_read elapsed_ms=2 tid=140449121564352 host=DietPi.local export=/mnt/4TBS relative=/pics-sport/local choice/FB-LCC/DSC_1238.jpg iteration=1 outcome=ok bytes=65536 timedout_delta=0 retransmitted_delta=0 reconnects_delta=0
PIC_NFS stage=first_read elapsed_ms=2 tid=140449121564352 host=DietPi.local export=/mnt/4TBS relative=/pics-sport/local choice/FB-LCC/DSC_1238.jpg outcome=ok bytes=65536
PIC_NFS stage=rpc_read elapsed_ms=1 tid=140449121564352 host=DietPi.local export=/mnt/4TBS relative=/pics-sport/local choice/FB-LCC/DSC_1238.jpg iteration=2 outcome=ok bytes=65536 timedout_delta=0 retransmitted_delta=0 reconnects_delta=0
PIC_NFS stage=rpc_read elapsed_ms=2 tid=140449121564352 host=DietPi.local export=/mnt/4TBS relative=/pics-sport/local choice/FB-LCC/DSC_1238.jpg iteration=3 outcome=ok bytes=131072 timedout_delta=0 retransmitted_delta=0 reconnects_delta=0
PIC_NFS stage=rpc_read elapsed_ms=3 tid=140449121564352 host=DietPi.local export=/mnt/4TBS relative=/pics-sport/local choice/FB-LCC/DSC_1238.jpg iteration=4 outcome=ok bytes=262144 timedout_delta=0 retransmitted_delta=0 reconnects_delta=0
PIC_NFS stage=rpc_read elapsed_ms=5 tid=140449121564352 host=DietPi.local export=/mnt/4TBS relative=/pics-sport/local choice/FB-LCC/DSC_1238.jpg iteration=5 outcome=ok bytes=524288 timedout_delta=0 retransmitted_delta=0 reconnects_delta=0
PIC_NFS stage=rpc_read elapsed_ms=1 tid=140449121564352 host=DietPi.local export=/mnt/4TBS relative=/pics-sport/local choice/FB-LCC/DSC_1238.jpg iteration=6 outcome=ok bytes=11449 timedout_delta=0 retransmitted_delta=0 reconnects_delta=0
PIC_NFS stage=rpc_read elapsed_ms=0 tid=140449121564352 host=DietPi.local export=/mnt/4TBS relative=/pics-sport/local choice/FB-LCC/DSC_1238.jpg iteration=7 outcome=ok bytes=0 timedout_delta=0 retransmitted_delta=0 reconnects_delta=0
PIC_NFS stage=file_read_complete elapsed_ms=14 tid=140449121564352 host=DietPi.local export=/mnt/4TBS relative=/pics-sport/local choice/FB-LCC/DSC_1238.jpg outcome=ok bytes=1060025 calls=7
PIC_NETWORK tid=ThreadId(40) PRIVATE_NFS read_done bytes=1060025 elapsed_ms=15 uri=nfs://DietPi.local/mnt/4TBS/pics-sport/local%20choice/FB-LCC/DSC_1238.jpg
PIC_VIEWER source_cache action=insert bytes=1060025 uri=nfs://DietPi.local/mnt/4TBS/pics-sport/local%20choice/FB-LCC/DSC_1238.jpg
PIC_VIEWER source_cache action=evict bytes=785420 uri=nfs://DietPi.local/mnt/4TBS/pics-sport/local%20choice/FB-LCC/DSC_1197.jpg
PIC_VIEWER network_done lane=foreground read_ms=16 bytes=1060025 source=network outcome=ok uri=nfs://DietPi.local/mnt/4TBS/pics-sport/local%20choice/FB-LCC/DSC_1238.jpg
PIC_VIEWER decode_stage source_ms=16 cpu_ms=33 uri=nfs://DietPi.local/mnt/4TBS/pics-sport/local%20choice/FB-LCC/DSC_1238.jpg
PIC_VIEWER t_ms=3163 tid=ThreadId(40) decode_done uri=nfs://DietPi.local/mnt/4TBS/pics-sport/local%20choice/FB-LCC/DSC_1238.jpg variant=1124x794 elapsed_ms=53 outcome=ok
PIC_VIEWER t_ms=3165 tid=ThreadId(1) display_apply elapsed_ms=1 uri=nfs://DietPi.local/mnt/4TBS/pics-sport/local%20choice/FB-LCC/DSC_1238.jpg
PIC_VIEWER t_ms=3165 tid=ThreadId(1) display_done lane=foreground source=decode navigation_ms=55 uri=nfs://DietPi.local/mnt/4TBS/pics-sport/local%20choice/FB-LCC/DSC_1238.jpg
PIC_VIEWER t_ms=3170 tid=ThreadId(1) show_photo_request generation=19 index=23 uri=nfs://DietPi.local/mnt/4TBS/pics-sport/local%20choice/FB-LCC/DSC_1239.jpg
PIC_VIEWER t_ms=3170 tid=ThreadId(1) request lane=foreground action=new uri=nfs://DietPi.local/mnt/4TBS/pics-sport/local%20choice/FB-LCC/DSC_1239.jpg variant=1124x794
PIC_VIEWER t_ms=3170 tid=ThreadId(41) decode_start uri=nfs://DietPi.local/mnt/4TBS/pics-sport/local%20choice/FB-LCC/DSC_1239.jpg variant=1124x794 queue_ms=0
PIC_VIEWER source_cache lane=foreground action=miss uri=nfs://DietPi.local/mnt/4TBS/pics-sport/local%20choice/FB-LCC/DSC_1239.jpg
PIC_VIEWER network_slot lane=foreground wait_ms=0 uri=nfs://DietPi.local/mnt/4TBS/pics-sport/local%20choice/FB-LCC/DSC_1239.jpg
PIC_NETWORK tid=ThreadId(41) PRIVATE_NFS export_cache_hit host=DietPi.local count=5
PIC_NETWORK tid=ThreadId(41) PRIVATE_NFS read_start uri=nfs://DietPi.local/mnt/4TBS/pics-sport/local%20choice/FB-LCC/DSC_1239.jpg max_bytes=134217728
PIC_NFS stage=read_session_lock elapsed_ms=0 tid=140449121564352 host=DietPi.local export=/mnt/4TBS relative=/pics-sport/local choice/FB-LCC/DSC_1239.jpg outcome=acquired
PIC_NFS_CONNECT reuse host=DietPi.local export=/mnt/4TBS
PIC_NFS stage=file_open elapsed_ms=2 tid=140449121564352 host=DietPi.local export=/mnt/4TBS relative=/pics-sport/local choice/FB-LCC/DSC_1239.jpg outcome=ok
PIC_NFS stage=rpc_read elapsed_ms=1 tid=140449121564352 host=DietPi.local export=/mnt/4TBS relative=/pics-sport/local choice/FB-LCC/DSC_1239.jpg iteration=1 outcome=ok bytes=65536 timedout_delta=0 retransmitted_delta=0 reconnects_delta=0
PIC_NFS stage=first_read elapsed_ms=1 tid=140449121564352 host=DietPi.local export=/mnt/4TBS relative=/pics-sport/local choice/FB-LCC/DSC_1239.jpg outcome=ok bytes=65536
PIC_NFS stage=rpc_read elapsed_ms=1 tid=140449121564352 host=DietPi.local export=/mnt/4TBS relative=/pics-sport/local choice/FB-LCC/DSC_1239.jpg iteration=2 outcome=ok bytes=65536 timedout_delta=0 retransmitted_delta=0 reconnects_delta=0
PIC_NFS stage=rpc_read elapsed_ms=2 tid=140449121564352 host=DietPi.local export=/mnt/4TBS relative=/pics-sport/local choice/FB-LCC/DSC_1239.jpg iteration=3 outcome=ok bytes=131072 timedout_delta=0 retransmitted_delta=0 reconnects_delta=0
PIC_NFS stage=rpc_read elapsed_ms=3 tid=140449121564352 host=DietPi.local export=/mnt/4TBS relative=/pics-sport/local choice/FB-LCC/DSC_1239.jpg iteration=4 outcome=ok bytes=262144 timedout_delta=0 retransmitted_delta=0 reconnects_delta=0
PIC_NFS stage=rpc_read elapsed_ms=5 tid=140449121564352 host=DietPi.local export=/mnt/4TBS relative=/pics-sport/local choice/FB-LCC/DSC_1239.jpg iteration=5 outcome=ok bytes=524288 timedout_delta=0 retransmitted_delta=0 reconnects_delta=0
PIC_NFS stage=rpc_read elapsed_ms=2 tid=140449121564352 host=DietPi.local export=/mnt/4TBS relative=/pics-sport/local choice/FB-LCC/DSC_1239.jpg iteration=6 outcome=ok bytes=163207 timedout_delta=0 retransmitted_delta=0 reconnects_delta=0
PIC_NFS stage=rpc_read elapsed_ms=1 tid=140449121564352 host=DietPi.local export=/mnt/4TBS relative=/pics-sport/local choice/FB-LCC/DSC_1239.jpg iteration=7 outcome=ok bytes=0 timedout_delta=0 retransmitted_delta=0 reconnects_delta=0
PIC_NFS stage=file_read_complete elapsed_ms=15 tid=140449121564352 host=DietPi.local export=/mnt/4TBS relative=/pics-sport/local choice/FB-LCC/DSC_1239.jpg outcome=ok bytes=1211783 calls=7
PIC_NETWORK tid=ThreadId(41) PRIVATE_NFS read_done bytes=1211783 elapsed_ms=17 uri=nfs://DietPi.local/mnt/4TBS/pics-sport/local%20choice/FB-LCC/DSC_1239.jpg
PIC_VIEWER source_cache action=insert bytes=1211783 uri=nfs://DietPi.local/mnt/4TBS/pics-sport/local%20choice/FB-LCC/DSC_1239.jpg
PIC_VIEWER source_cache action=evict bytes=827012 uri=nfs://DietPi.local/mnt/4TBS/pics-sport/local%20choice/FB-LCC/DSC_1199.jpg
PIC_VIEWER network_done lane=foreground read_ms=17 bytes=1211783 source=network outcome=ok uri=nfs://DietPi.local/mnt/4TBS/pics-sport/local%20choice/FB-LCC/DSC_1239.jpg
PIC_VIEWER decode_stage source_ms=17 cpu_ms=35 uri=nfs://DietPi.local/mnt/4TBS/pics-sport/local%20choice/FB-LCC/DSC_1239.jpg
PIC_VIEWER t_ms=3226 tid=ThreadId(41) decode_done uri=nfs://DietPi.local/mnt/4TBS/pics-sport/local%20choice/FB-LCC/DSC_1239.jpg variant=1124x794 elapsed_ms=55 outcome=ok
PIC_VIEWER t_ms=3227 tid=ThreadId(1) display_apply elapsed_ms=1 uri=nfs://DietPi.local/mnt/4TBS/pics-sport/local%20choice/FB-LCC/DSC_1239.jpg
PIC_VIEWER t_ms=3227 tid=ThreadId(1) display_done lane=foreground source=decode navigation_ms=57 uri=nfs://DietPi.local/mnt/4TBS/pics-sport/local%20choice/FB-LCC/DSC_1239.jpg
PIC_VIEWER t_ms=3230 tid=ThreadId(1) show_photo_request generation=20 index=24 uri=nfs://DietPi.local/mnt/4TBS/pics-sport/local%20choice/FB-LCC/DSC_1240.jpg
PIC_VIEWER t_ms=3230 tid=ThreadId(1) request lane=foreground action=new uri=nfs://DietPi.local/mnt/4TBS/pics-sport/local%20choice/FB-LCC/DSC_1240.jpg variant=1124x794
PIC_VIEWER t_ms=3230 tid=ThreadId(42) decode_start uri=nfs://DietPi.local/mnt/4TBS/pics-sport/local%20choice/FB-LCC/DSC_1240.jpg variant=1124x794 queue_ms=0
PIC_VIEWER source_cache lane=foreground action=miss uri=nfs://DietPi.local/mnt/4TBS/pics-sport/local%20choice/FB-LCC/DSC_1240.jpg
PIC_VIEWER network_slot lane=foreground wait_ms=0 uri=nfs://DietPi.local/mnt/4TBS/pics-sport/local%20choice/FB-LCC/DSC_1240.jpg
PIC_NETWORK tid=ThreadId(42) PRIVATE_NFS export_cache_hit host=DietPi.local count=5
PIC_NETWORK tid=ThreadId(42) PRIVATE_NFS read_start uri=nfs://DietPi.local/mnt/4TBS/pics-sport/local%20choice/FB-LCC/DSC_1240.jpg max_bytes=134217728
PIC_NFS stage=read_session_lock elapsed_ms=0 tid=140449121564352 host=DietPi.local export=/mnt/4TBS relative=/pics-sport/local choice/FB-LCC/DSC_1240.jpg outcome=acquired
PIC_NFS_CONNECT reuse host=DietPi.local export=/mnt/4TBS
PIC_NFS stage=file_open elapsed_ms=2 tid=140449121564352 host=DietPi.local export=/mnt/4TBS relative=/pics-sport/local choice/FB-LCC/DSC_1240.jpg outcome=ok
PIC_NFS stage=rpc_read elapsed_ms=1 tid=140449121564352 host=DietPi.local export=/mnt/4TBS relative=/pics-sport/local choice/FB-LCC/DSC_1240.jpg iteration=1 outcome=ok bytes=65536 timedout_delta=0 retransmitted_delta=0 reconnects_delta=0
PIC_NFS stage=first_read elapsed_ms=2 tid=140449121564352 host=DietPi.local export=/mnt/4TBS relative=/pics-sport/local choice/FB-LCC/DSC_1240.jpg outcome=ok bytes=65536
PIC_NFS stage=rpc_read elapsed_ms=1 tid=140449121564352 host=DietPi.local export=/mnt/4TBS relative=/pics-sport/local choice/FB-LCC/DSC_1240.jpg iteration=2 outcome=ok bytes=65536 timedout_delta=0 retransmitted_delta=0 reconnects_delta=0
PIC_NFS stage=rpc_read elapsed_ms=2 tid=140449121564352 host=DietPi.local export=/mnt/4TBS relative=/pics-sport/local choice/FB-LCC/DSC_1240.jpg iteration=3 outcome=ok bytes=131072 timedout_delta=0 retransmitted_delta=0 reconnects_delta=0
PIC_NFS stage=rpc_read elapsed_ms=3 tid=140449121564352 host=DietPi.local export=/mnt/4TBS relative=/pics-sport/local choice/FB-LCC/DSC_1240.jpg iteration=4 outcome=ok bytes=262144 timedout_delta=0 retransmitted_delta=0 reconnects_delta=0
PIC_NFS stage=rpc_read elapsed_ms=5 tid=140449121564352 host=DietPi.local export=/mnt/4TBS relative=/pics-sport/local choice/FB-LCC/DSC_1240.jpg iteration=5 outcome=ok bytes=524288 timedout_delta=0 retransmitted_delta=0 reconnects_delta=0
PIC_NFS stage=rpc_read elapsed_ms=1 tid=140449121564352 host=DietPi.local export=/mnt/4TBS relative=/pics-sport/local choice/FB-LCC/DSC_1240.jpg iteration=6 outcome=ok bytes=15309 timedout_delta=0 retransmitted_delta=0 reconnects_delta=0
PIC_NFS stage=rpc_read elapsed_ms=0 tid=140449121564352 host=DietPi.local export=/mnt/4TBS relative=/pics-sport/local choice/FB-LCC/DSC_1240.jpg iteration=7 outcome=ok bytes=0 timedout_delta=0 retransmitted_delta=0 reconnects_delta=0
PIC_NFS stage=file_read_complete elapsed_ms=14 tid=140449121564352 host=DietPi.local export=/mnt/4TBS relative=/pics-sport/local choice/FB-LCC/DSC_1240.jpg outcome=ok bytes=1063885 calls=7
PIC_NETWORK tid=ThreadId(42) PRIVATE_NFS read_done bytes=1063885 elapsed_ms=15 uri=nfs://DietPi.local/mnt/4TBS/pics-sport/local%20choice/FB-LCC/DSC_1240.jpg
PIC_VIEWER source_cache action=insert bytes=1063885 uri=nfs://DietPi.local/mnt/4TBS/pics-sport/local%20choice/FB-LCC/DSC_1240.jpg
PIC_VIEWER source_cache action=evict bytes=791300 uri=nfs://DietPi.local/mnt/4TBS/pics-sport/local%20choice/FB-LCC/DSC_1200.jpg
PIC_VIEWER network_done lane=foreground read_ms=15 bytes=1063885 source=network outcome=ok uri=nfs://DietPi.local/mnt/4TBS/pics-sport/local%20choice/FB-LCC/DSC_1240.jpg
PIC_VIEWER decode_stage source_ms=15 cpu_ms=34 uri=nfs://DietPi.local/mnt/4TBS/pics-sport/local%20choice/FB-LCC/DSC_1240.jpg
PIC_VIEWER t_ms=3282 tid=ThreadId(42) decode_done uri=nfs://DietPi.local/mnt/4TBS/pics-sport/local%20choice/FB-LCC/DSC_1240.jpg variant=1124x794 elapsed_ms=52 outcome=ok
PIC_VIEWER t_ms=3284 tid=ThreadId(1) display_apply elapsed_ms=1 uri=nfs://DietPi.local/mnt/4TBS/pics-sport/local%20choice/FB-LCC/DSC_1240.jpg
PIC_VIEWER t_ms=3284 tid=ThreadId(1) display_done lane=foreground source=decode navigation_ms=54 uri=nfs://DietPi.local/mnt/4TBS/pics-sport/local%20choice/FB-LCC/DSC_1240.jpg
PIC_VIEWER t_ms=3290 tid=ThreadId(1) show_photo_request generation=21 index=25 uri=nfs://DietPi.local/mnt/4TBS/pics-sport/local%20choice/FB-LCC/DSC_1245.jpg
PIC_VIEWER t_ms=3290 tid=ThreadId(1) request lane=foreground action=new uri=nfs://DietPi.local/mnt/4TBS/pics-sport/local%20choice/FB-LCC/DSC_1245.jpg variant=1124x794
PIC_VIEWER t_ms=3290 tid=ThreadId(43) decode_start uri=nfs://DietPi.local/mnt/4TBS/pics-sport/local%20choice/FB-LCC/DSC_1245.jpg variant=1124x794 queue_ms=0
PIC_VIEWER source_cache lane=foreground action=miss uri=nfs://DietPi.local/mnt/4TBS/pics-sport/local%20choice/FB-LCC/DSC_1245.jpg
PIC_VIEWER network_slot lane=foreground wait_ms=0 uri=nfs://DietPi.local/mnt/4TBS/pics-sport/local%20choice/FB-LCC/DSC_1245.jpg
PIC_NETWORK tid=ThreadId(43) PRIVATE_NFS export_cache_hit host=DietPi.local count=5
PIC_NETWORK tid=ThreadId(43) PRIVATE_NFS read_start uri=nfs://DietPi.local/mnt/4TBS/pics-sport/local%20choice/FB-LCC/DSC_1245.jpg max_bytes=134217728
PIC_NFS stage=read_session_lock elapsed_ms=0 tid=140449121564352 host=DietPi.local export=/mnt/4TBS relative=/pics-sport/local choice/FB-LCC/DSC_1245.jpg outcome=acquired
PIC_NFS_CONNECT reuse host=DietPi.local export=/mnt/4TBS
PIC_NFS stage=file_open elapsed_ms=2 tid=140449121564352 host=DietPi.local export=/mnt/4TBS relative=/pics-sport/local choice/FB-LCC/DSC_1245.jpg outcome=ok
PIC_NFS stage=rpc_read elapsed_ms=1 tid=140449121564352 host=DietPi.local export=/mnt/4TBS relative=/pics-sport/local choice/FB-LCC/DSC_1245.jpg iteration=1 outcome=ok bytes=65536 timedout_delta=0 retransmitted_delta=0 reconnects_delta=0
PIC_NFS stage=first_read elapsed_ms=1 tid=140449121564352 host=DietPi.local export=/mnt/4TBS relative=/pics-sport/local choice/FB-LCC/DSC_1245.jpg outcome=ok bytes=65536
PIC_NFS stage=rpc_read elapsed_ms=1 tid=140449121564352 host=DietPi.local export=/mnt/4TBS relative=/pics-sport/local choice/FB-LCC/DSC_1245.jpg iteration=2 outcome=ok bytes=65536 timedout_delta=0 retransmitted_delta=0 reconnects_delta=0
PIC_NFS stage=rpc_read elapsed_ms=2 tid=140449121564352 host=DietPi.local export=/mnt/4TBS relative=/pics-sport/local choice/FB-LCC/DSC_1245.jpg iteration=3 outcome=ok bytes=131072 timedout_delta=0 retransmitted_delta=0 reconnects_delta=0
PIC_NFS stage=rpc_read elapsed_ms=3 tid=140449121564352 host=DietPi.local export=/mnt/4TBS relative=/pics-sport/local choice/FB-LCC/DSC_1245.jpg iteration=4 outcome=ok bytes=262144 timedout_delta=0 retransmitted_delta=0 reconnects_delta=0
PIC_NFS stage=rpc_read elapsed_ms=5 tid=140449121564352 host=DietPi.local export=/mnt/4TBS relative=/pics-sport/local choice/FB-LCC/DSC_1245.jpg iteration=5 outcome=ok bytes=524288 timedout_delta=0 retransmitted_delta=0 reconnects_delta=0
PIC_NFS stage=rpc_read elapsed_ms=1 tid=140449121564352 host=DietPi.local export=/mnt/4TBS relative=/pics-sport/local choice/FB-LCC/DSC_1245.jpg iteration=6 outcome=ok bytes=169 timedout_delta=0 retransmitted_delta=0 reconnects_delta=0
PIC_NFS stage=rpc_read elapsed_ms=0 tid=140449121564352 host=DietPi.local export=/mnt/4TBS relative=/pics-sport/local choice/FB-LCC/DSC_1245.jpg iteration=7 outcome=ok bytes=0 timedout_delta=0 retransmitted_delta=0 reconnects_delta=0
PIC_NFS stage=file_read_complete elapsed_ms=13 tid=140449121564352 host=DietPi.local export=/mnt/4TBS relative=/pics-sport/local choice/FB-LCC/DSC_1245.jpg outcome=ok bytes=1048745 calls=7
PIC_NETWORK tid=ThreadId(43) PRIVATE_NFS read_done bytes=1048745 elapsed_ms=15 uri=nfs://DietPi.local/mnt/4TBS/pics-sport/local%20choice/FB-LCC/DSC_1245.jpg
PIC_VIEWER source_cache action=insert bytes=1048745 uri=nfs://DietPi.local/mnt/4TBS/pics-sport/local%20choice/FB-LCC/DSC_1245.jpg
PIC_VIEWER source_cache action=evict bytes=879629 uri=nfs://DietPi.local/mnt/4TBS/pics-sport/local%20choice/FB-LCC/DSC_1203.jpg
PIC_VIEWER network_done lane=foreground read_ms=15 bytes=1048745 source=network outcome=ok uri=nfs://DietPi.local/mnt/4TBS/pics-sport/local%20choice/FB-LCC/DSC_1245.jpg
PIC_VIEWER decode_stage source_ms=16 cpu_ms=32 uri=nfs://DietPi.local/mnt/4TBS/pics-sport/local%20choice/FB-LCC/DSC_1245.jpg
PIC_VIEWER t_ms=3342 tid=ThreadId(43) decode_done uri=nfs://DietPi.local/mnt/4TBS/pics-sport/local%20choice/FB-LCC/DSC_1245.jpg variant=1124x794 elapsed_ms=51 outcome=ok
PIC_VIEWER t_ms=3344 tid=ThreadId(1) display_apply elapsed_ms=1 uri=nfs://DietPi.local/mnt/4TBS/pics-sport/local%20choice/FB-LCC/DSC_1245.jpg
PIC_VIEWER t_ms=3344 tid=ThreadId(1) display_done lane=foreground source=decode navigation_ms=53 uri=nfs://DietPi.local/mnt/4TBS/pics-sport/local%20choice/FB-LCC/DSC_1245.jpg
PIC_VIEWER t_ms=3350 tid=ThreadId(1) show_photo_request generation=22 index=26 uri=nfs://DietPi.local/mnt/4TBS/pics-sport/local%20choice/FB-LCC/DSC_1249.jpg
PIC_VIEWER t_ms=3350 tid=ThreadId(1) request lane=foreground action=new uri=nfs://DietPi.local/mnt/4TBS/pics-sport/local%20choice/FB-LCC/DSC_1249.jpg variant=1124x794
PIC_VIEWER t_ms=3350 tid=ThreadId(44) decode_start uri=nfs://DietPi.local/mnt/4TBS/pics-sport/local%20choice/FB-LCC/DSC_1249.jpg variant=1124x794 queue_ms=0
PIC_VIEWER source_cache lane=foreground action=miss uri=nfs://DietPi.local/mnt/4TBS/pics-sport/local%20choice/FB-LCC/DSC_1249.jpg
PIC_VIEWER network_slot lane=foreground wait_ms=0 uri=nfs://DietPi.local/mnt/4TBS/pics-sport/local%20choice/FB-LCC/DSC_1249.jpg
PIC_NETWORK tid=ThreadId(44) PRIVATE_NFS export_cache_hit host=DietPi.local count=5
PIC_NETWORK tid=ThreadId(44) PRIVATE_NFS read_start uri=nfs://DietPi.local/mnt/4TBS/pics-sport/local%20choice/FB-LCC/DSC_1249.jpg max_bytes=134217728
PIC_NFS stage=read_session_lock elapsed_ms=0 tid=140449121564352 host=DietPi.local export=/mnt/4TBS relative=/pics-sport/local choice/FB-LCC/DSC_1249.jpg outcome=acquired
PIC_NFS_CONNECT reuse host=DietPi.local export=/mnt/4TBS
PIC_NFS stage=file_open elapsed_ms=2 tid=140449121564352 host=DietPi.local export=/mnt/4TBS relative=/pics-sport/local choice/FB-LCC/DSC_1249.jpg outcome=ok
PIC_NFS stage=rpc_read elapsed_ms=1 tid=140449121564352 host=DietPi.local export=/mnt/4TBS relative=/pics-sport/local choice/FB-LCC/DSC_1249.jpg iteration=1 outcome=ok bytes=65536 timedout_delta=0 retransmitted_delta=0 reconnects_delta=0
PIC_NFS stage=first_read elapsed_ms=1 tid=140449121564352 host=DietPi.local export=/mnt/4TBS relative=/pics-sport/local choice/FB-LCC/DSC_1249.jpg outcome=ok bytes=65536
PIC_NFS stage=rpc_read elapsed_ms=1 tid=140449121564352 host=DietPi.local export=/mnt/4TBS relative=/pics-sport/local choice/FB-LCC/DSC_1249.jpg iteration=2 outcome=ok bytes=65536 timedout_delta=0 retransmitted_delta=0 reconnects_delta=0
PIC_NFS stage=rpc_read elapsed_ms=2 tid=140449121564352 host=DietPi.local export=/mnt/4TBS relative=/pics-sport/local choice/FB-LCC/DSC_1249.jpg iteration=3 outcome=ok bytes=131072 timedout_delta=0 retransmitted_delta=0 reconnects_delta=0
PIC_NFS stage=rpc_read elapsed_ms=3 tid=140449121564352 host=DietPi.local export=/mnt/4TBS relative=/pics-sport/local choice/FB-LCC/DSC_1249.jpg iteration=4 outcome=ok bytes=262144 timedout_delta=0 retransmitted_delta=0 reconnects_delta=0
PIC_NFS stage=rpc_read elapsed_ms=5 tid=140449121564352 host=DietPi.local export=/mnt/4TBS relative=/pics-sport/local choice/FB-LCC/DSC_1249.jpg iteration=5 outcome=ok bytes=524288 timedout_delta=0 retransmitted_delta=0 reconnects_delta=0
PIC_NFS stage=rpc_read elapsed_ms=3 tid=140449121564352 host=DietPi.local export=/mnt/4TBS relative=/pics-sport/local choice/FB-LCC/DSC_1249.jpg iteration=6 outcome=ok bytes=232886 timedout_delta=0 retransmitted_delta=0 reconnects_delta=0
PIC_NFS stage=rpc_read elapsed_ms=0 tid=140449121564352 host=DietPi.local export=/mnt/4TBS relative=/pics-sport/local choice/FB-LCC/DSC_1249.jpg iteration=7 outcome=ok bytes=0 timedout_delta=0 retransmitted_delta=0 reconnects_delta=0
PIC_NFS stage=file_read_complete elapsed_ms=15 tid=140449121564352 host=DietPi.local export=/mnt/4TBS relative=/pics-sport/local choice/FB-LCC/DSC_1249.jpg outcome=ok bytes=1281462 calls=7
PIC_NETWORK tid=ThreadId(44) PRIVATE_NFS read_done bytes=1281462 elapsed_ms=17 uri=nfs://DietPi.local/mnt/4TBS/pics-sport/local%20choice/FB-LCC/DSC_1249.jpg
PIC_VIEWER source_cache action=insert bytes=1281462 uri=nfs://DietPi.local/mnt/4TBS/pics-sport/local%20choice/FB-LCC/DSC_1249.jpg
PIC_VIEWER source_cache action=evict bytes=822968 uri=nfs://DietPi.local/mnt/4TBS/pics-sport/local%20choice/FB-LCC/DSC_1205.jpg
PIC_VIEWER network_done lane=foreground read_ms=17 bytes=1281462 source=network outcome=ok uri=nfs://DietPi.local/mnt/4TBS/pics-sport/local%20choice/FB-LCC/DSC_1249.jpg
PIC_VIEWER decode_stage source_ms=17 cpu_ms=35 uri=nfs://DietPi.local/mnt/4TBS/pics-sport/local%20choice/FB-LCC/DSC_1249.jpg
PIC_VIEWER t_ms=3406 tid=ThreadId(44) decode_done uri=nfs://DietPi.local/mnt/4TBS/pics-sport/local%20choice/FB-LCC/DSC_1249.jpg variant=1124x794 elapsed_ms=55 outcome=ok
PIC_VIEWER t_ms=3408 tid=ThreadId(1) display_apply elapsed_ms=1 uri=nfs://DietPi.local/mnt/4TBS/pics-sport/local%20choice/FB-LCC/DSC_1249.jpg
PIC_VIEWER t_ms=3408 tid=ThreadId(1) display_done lane=foreground source=decode navigation_ms=57 uri=nfs://DietPi.local/mnt/4TBS/pics-sport/local%20choice/FB-LCC/DSC_1249.jpg
PIC_VIEWER t_ms=3410 tid=ThreadId(1) show_photo_request generation=23 index=27 uri=nfs://DietPi.local/mnt/4TBS/pics-sport/local%20choice/FB-LCC/DSC_1250.jpg
PIC_VIEWER t_ms=3410 tid=ThreadId(1) request lane=foreground action=new uri=nfs://DietPi.local/mnt/4TBS/pics-sport/local%20choice/FB-LCC/DSC_1250.jpg variant=1124x794
PIC_VIEWER t_ms=3411 tid=ThreadId(45) decode_start uri=nfs://DietPi.local/mnt/4TBS/pics-sport/local%20choice/FB-LCC/DSC_1250.jpg variant=1124x794 queue_ms=0
PIC_VIEWER source_cache lane=foreground action=miss uri=nfs://DietPi.local/mnt/4TBS/pics-sport/local%20choice/FB-LCC/DSC_1250.jpg
PIC_VIEWER network_slot lane=foreground wait_ms=0 uri=nfs://DietPi.local/mnt/4TBS/pics-sport/local%20choice/FB-LCC/DSC_1250.jpg
PIC_NETWORK tid=ThreadId(45) PRIVATE_NFS export_cache_hit host=DietPi.local count=5
PIC_NETWORK tid=ThreadId(45) PRIVATE_NFS read_start uri=nfs://DietPi.local/mnt/4TBS/pics-sport/local%20choice/FB-LCC/DSC_1250.jpg max_bytes=134217728
PIC_NFS stage=read_session_lock elapsed_ms=0 tid=140449121564352 host=DietPi.local export=/mnt/4TBS relative=/pics-sport/local choice/FB-LCC/DSC_1250.jpg outcome=acquired
PIC_NFS_CONNECT reuse host=DietPi.local export=/mnt/4TBS
PIC_NFS stage=file_open elapsed_ms=2 tid=140449121564352 host=DietPi.local export=/mnt/4TBS relative=/pics-sport/local choice/FB-LCC/DSC_1250.jpg outcome=ok
PIC_NFS stage=rpc_read elapsed_ms=1 tid=140449121564352 host=DietPi.local export=/mnt/4TBS relative=/pics-sport/local choice/FB-LCC/DSC_1250.jpg iteration=1 outcome=ok bytes=65536 timedout_delta=0 retransmitted_delta=0 reconnects_delta=0
PIC_NFS stage=first_read elapsed_ms=1 tid=140449121564352 host=DietPi.local export=/mnt/4TBS relative=/pics-sport/local choice/FB-LCC/DSC_1250.jpg outcome=ok bytes=65536
PIC_NFS stage=rpc_read elapsed_ms=1 tid=140449121564352 host=DietPi.local export=/mnt/4TBS relative=/pics-sport/local choice/FB-LCC/DSC_1250.jpg iteration=2 outcome=ok bytes=65536 timedout_delta=0 retransmitted_delta=0 reconnects_delta=0
PIC_NFS stage=rpc_read elapsed_ms=2 tid=140449121564352 host=DietPi.local export=/mnt/4TBS relative=/pics-sport/local choice/FB-LCC/DSC_1250.jpg iteration=3 outcome=ok bytes=131072 timedout_delta=0 retransmitted_delta=0 reconnects_delta=0
PIC_NFS stage=rpc_read elapsed_ms=3 tid=140449121564352 host=DietPi.local export=/mnt/4TBS relative=/pics-sport/local choice/FB-LCC/DSC_1250.jpg iteration=4 outcome=ok bytes=262144 timedout_delta=0 retransmitted_delta=0 reconnects_delta=0
PIC_NFS stage=rpc_read elapsed_ms=5 tid=140449121564352 host=DietPi.local export=/mnt/4TBS relative=/pics-sport/local choice/FB-LCC/DSC_1250.jpg iteration=5 outcome=ok bytes=524288 timedout_delta=0 retransmitted_delta=0 reconnects_delta=0
PIC_NFS stage=rpc_read elapsed_ms=2 tid=140449121564352 host=DietPi.local export=/mnt/4TBS relative=/pics-sport/local choice/FB-LCC/DSC_1250.jpg iteration=6 outcome=ok bytes=143257 timedout_delta=0 retransmitted_delta=0 reconnects_delta=0
PIC_NFS stage=rpc_read elapsed_ms=1 tid=140449121564352 host=DietPi.local export=/mnt/4TBS relative=/pics-sport/local choice/FB-LCC/DSC_1250.jpg iteration=7 outcome=ok bytes=0 timedout_delta=0 retransmitted_delta=0 reconnects_delta=0
PIC_NFS stage=file_read_complete elapsed_ms=15 tid=140449121564352 host=DietPi.local export=/mnt/4TBS relative=/pics-sport/local choice/FB-LCC/DSC_1250.jpg outcome=ok bytes=1191833 calls=7
PIC_NETWORK tid=ThreadId(45) PRIVATE_NFS read_done bytes=1191833 elapsed_ms=17 uri=nfs://DietPi.local/mnt/4TBS/pics-sport/local%20choice/FB-LCC/DSC_1250.jpg
PIC_VIEWER source_cache action=insert bytes=1191833 uri=nfs://DietPi.local/mnt/4TBS/pics-sport/local%20choice/FB-LCC/DSC_1250.jpg
PIC_VIEWER source_cache action=evict bytes=1577192 uri=nfs://DietPi.local/mnt/4TBS/pics-sport/local%20choice/FB-LCC/DSC_1211.jpg
PIC_VIEWER network_done lane=foreground read_ms=17 bytes=1191833 source=network outcome=ok uri=nfs://DietPi.local/mnt/4TBS/pics-sport/local%20choice/FB-LCC/DSC_1250.jpg
PIC_VIEWER decode_stage source_ms=17 cpu_ms=35 uri=nfs://DietPi.local/mnt/4TBS/pics-sport/local%20choice/FB-LCC/DSC_1250.jpg
PIC_VIEWER t_ms=3466 tid=ThreadId(45) decode_done uri=nfs://DietPi.local/mnt/4TBS/pics-sport/local%20choice/FB-LCC/DSC_1250.jpg variant=1124x794 elapsed_ms=55 outcome=ok
PIC_VIEWER t_ms=3468 tid=ThreadId(1) display_apply elapsed_ms=1 uri=nfs://DietPi.local/mnt/4TBS/pics-sport/local%20choice/FB-LCC/DSC_1250.jpg
PIC_VIEWER t_ms=3468 tid=ThreadId(1) display_done lane=foreground source=decode navigation_ms=57 uri=nfs://DietPi.local/mnt/4TBS/pics-sport/local%20choice/FB-LCC/DSC_1250.jpg
PIC_VIEWER t_ms=3475 tid=ThreadId(1) show_photo_request generation=24 index=28 uri=nfs://DietPi.local/mnt/4TBS/pics-sport/local%20choice/FB-LCC/DSC_1252.jpg
PIC_VIEWER t_ms=3475 tid=ThreadId(1) request lane=foreground action=new uri=nfs://DietPi.local/mnt/4TBS/pics-sport/local%20choice/FB-LCC/DSC_1252.jpg variant=1124x794
PIC_VIEWER t_ms=3475 tid=ThreadId(46) decode_start uri=nfs://DietPi.local/mnt/4TBS/pics-sport/local%20choice/FB-LCC/DSC_1252.jpg variant=1124x794 queue_ms=0
PIC_VIEWER source_cache lane=foreground action=miss uri=nfs://DietPi.local/mnt/4TBS/pics-sport/local%20choice/FB-LCC/DSC_1252.jpg
PIC_VIEWER network_slot lane=foreground wait_ms=0 uri=nfs://DietPi.local/mnt/4TBS/pics-sport/local%20choice/FB-LCC/DSC_1252.jpg
PIC_NETWORK tid=ThreadId(46) PRIVATE_NFS export_cache_hit host=DietPi.local count=5
PIC_NETWORK tid=ThreadId(46) PRIVATE_NFS read_start uri=nfs://DietPi.local/mnt/4TBS/pics-sport/local%20choice/FB-LCC/DSC_1252.jpg max_bytes=134217728
PIC_NFS stage=read_session_lock elapsed_ms=0 tid=140449121564352 host=DietPi.local export=/mnt/4TBS relative=/pics-sport/local choice/FB-LCC/DSC_1252.jpg outcome=acquired
PIC_NFS_CONNECT reuse host=DietPi.local export=/mnt/4TBS
PIC_NFS stage=file_open elapsed_ms=2 tid=140449121564352 host=DietPi.local export=/mnt/4TBS relative=/pics-sport/local choice/FB-LCC/DSC_1252.jpg outcome=ok
PIC_NFS stage=rpc_read elapsed_ms=1 tid=140449121564352 host=DietPi.local export=/mnt/4TBS relative=/pics-sport/local choice/FB-LCC/DSC_1252.jpg iteration=1 outcome=ok bytes=65536 timedout_delta=0 retransmitted_delta=0 reconnects_delta=0
PIC_NFS stage=first_read elapsed_ms=1 tid=140449121564352 host=DietPi.local export=/mnt/4TBS relative=/pics-sport/local choice/FB-LCC/DSC_1252.jpg outcome=ok bytes=65536
PIC_NFS stage=rpc_read elapsed_ms=1 tid=140449121564352 host=DietPi.local export=/mnt/4TBS relative=/pics-sport/local choice/FB-LCC/DSC_1252.jpg iteration=2 outcome=ok bytes=65536 timedout_delta=0 retransmitted_delta=0 reconnects_delta=0
PIC_NFS stage=rpc_read elapsed_ms=2 tid=140449121564352 host=DietPi.local export=/mnt/4TBS relative=/pics-sport/local choice/FB-LCC/DSC_1252.jpg iteration=3 outcome=ok bytes=131072 timedout_delta=0 retransmitted_delta=0 reconnects_delta=0
PIC_NFS stage=rpc_read elapsed_ms=3 tid=140449121564352 host=DietPi.local export=/mnt/4TBS relative=/pics-sport/local choice/FB-LCC/DSC_1252.jpg iteration=4 outcome=ok bytes=262144 timedout_delta=0 retransmitted_delta=0 reconnects_delta=0
PIC_NFS stage=rpc_read elapsed_ms=5 tid=140449121564352 host=DietPi.local export=/mnt/4TBS relative=/pics-sport/local choice/FB-LCC/DSC_1252.jpg iteration=5 outcome=ok bytes=524288 timedout_delta=0 retransmitted_delta=0 reconnects_delta=0
PIC_NFS stage=rpc_read elapsed_ms=5 tid=140449121564352 host=DietPi.local export=/mnt/4TBS relative=/pics-sport/local choice/FB-LCC/DSC_1252.jpg iteration=6 outcome=ok bytes=357295 timedout_delta=0 retransmitted_delta=0 reconnects_delta=0
PIC_NFS stage=rpc_read elapsed_ms=0 tid=140449121564352 host=DietPi.local export=/mnt/4TBS relative=/pics-sport/local choice/FB-LCC/DSC_1252.jpg iteration=7 outcome=ok bytes=0 timedout_delta=0 retransmitted_delta=0 reconnects_delta=0
PIC_NFS stage=file_read_complete elapsed_ms=17 tid=140449121564352 host=DietPi.local export=/mnt/4TBS relative=/pics-sport/local choice/FB-LCC/DSC_1252.jpg outcome=ok bytes=1405871 calls=7
PIC_NETWORK tid=ThreadId(46) PRIVATE_NFS read_done bytes=1405871 elapsed_ms=18 uri=nfs://DietPi.local/mnt/4TBS/pics-sport/local%20choice/FB-LCC/DSC_1252.jpg
PIC_VIEWER source_cache action=insert bytes=1405871 uri=nfs://DietPi.local/mnt/4TBS/pics-sport/local%20choice/FB-LCC/DSC_1252.jpg
PIC_VIEWER source_cache action=evict bytes=1048064 uri=nfs://DietPi.local/mnt/4TBS/pics-sport/local%20choice/FB-LCC/DSC_1212.jpg
PIC_VIEWER network_done lane=foreground read_ms=19 bytes=1405871 source=network outcome=ok uri=nfs://DietPi.local/mnt/4TBS/pics-sport/local%20choice/FB-LCC/DSC_1252.jpg
PIC_VIEWER decode_stage source_ms=19 cpu_ms=36 uri=nfs://DietPi.local/mnt/4TBS/pics-sport/local%20choice/FB-LCC/DSC_1252.jpg
PIC_VIEWER t_ms=3533 tid=ThreadId(46) decode_done uri=nfs://DietPi.local/mnt/4TBS/pics-sport/local%20choice/FB-LCC/DSC_1252.jpg variant=1124x794 elapsed_ms=58 outcome=ok
PIC_VIEWER t_ms=3535 tid=ThreadId(1) display_apply elapsed_ms=1 uri=nfs://DietPi.local/mnt/4TBS/pics-sport/local%20choice/FB-LCC/DSC_1252.jpg
PIC_VIEWER t_ms=3535 tid=ThreadId(1) display_done lane=foreground source=decode navigation_ms=60 uri=nfs://DietPi.local/mnt/4TBS/pics-sport/local%20choice/FB-LCC/DSC_1252.jpg
PIC_VIEWER t_ms=3561 tid=ThreadId(1) show_photo_request generation=25 index=29 uri=nfs://DietPi.local/mnt/4TBS/pics-sport/local%20choice/FB-LCC/DSC_1253.jpg
PIC_VIEWER t_ms=3561 tid=ThreadId(1) request lane=foreground action=new uri=nfs://DietPi.local/mnt/4TBS/pics-sport/local%20choice/FB-LCC/DSC_1253.jpg variant=1124x794
PIC_VIEWER t_ms=3561 tid=ThreadId(47) decode_start uri=nfs://DietPi.local/mnt/4TBS/pics-sport/local%20choice/FB-LCC/DSC_1253.jpg variant=1124x794 queue_ms=0
PIC_VIEWER source_cache lane=foreground action=miss uri=nfs://DietPi.local/mnt/4TBS/pics-sport/local%20choice/FB-LCC/DSC_1253.jpg
PIC_VIEWER network_slot lane=foreground wait_ms=0 uri=nfs://DietPi.local/mnt/4TBS/pics-sport/local%20choice/FB-LCC/DSC_1253.jpg
PIC_NETWORK tid=ThreadId(47) PRIVATE_NFS export_cache_hit host=DietPi.local count=5
PIC_NETWORK tid=ThreadId(47) PRIVATE_NFS read_start uri=nfs://DietPi.local/mnt/4TBS/pics-sport/local%20choice/FB-LCC/DSC_1253.jpg max_bytes=134217728
PIC_NFS stage=read_session_lock elapsed_ms=0 tid=140449121564352 host=DietPi.local export=/mnt/4TBS relative=/pics-sport/local choice/FB-LCC/DSC_1253.jpg outcome=acquired
PIC_NFS_CONNECT reuse host=DietPi.local export=/mnt/4TBS
PIC_NFS stage=file_open elapsed_ms=2 tid=140449121564352 host=DietPi.local export=/mnt/4TBS relative=/pics-sport/local choice/FB-LCC/DSC_1253.jpg outcome=ok
PIC_NFS stage=rpc_read elapsed_ms=1 tid=140449121564352 host=DietPi.local export=/mnt/4TBS relative=/pics-sport/local choice/FB-LCC/DSC_1253.jpg iteration=1 outcome=ok bytes=65536 timedout_delta=0 retransmitted_delta=0 reconnects_delta=0
PIC_NFS stage=first_read elapsed_ms=1 tid=140449121564352 host=DietPi.local export=/mnt/4TBS relative=/pics-sport/local choice/FB-LCC/DSC_1253.jpg outcome=ok bytes=65536
PIC_NFS stage=rpc_read elapsed_ms=1 tid=140449121564352 host=DietPi.local export=/mnt/4TBS relative=/pics-sport/local choice/FB-LCC/DSC_1253.jpg iteration=2 outcome=ok bytes=65536 timedout_delta=0 retransmitted_delta=0 reconnects_delta=0
PIC_NFS stage=rpc_read elapsed_ms=2 tid=140449121564352 host=DietPi.local export=/mnt/4TBS relative=/pics-sport/local choice/FB-LCC/DSC_1253.jpg iteration=3 outcome=ok bytes=131072 timedout_delta=0 retransmitted_delta=0 reconnects_delta=0
PIC_NFS stage=rpc_read elapsed_ms=3 tid=140449121564352 host=DietPi.local export=/mnt/4TBS relative=/pics-sport/local choice/FB-LCC/DSC_1253.jpg iteration=4 outcome=ok bytes=262144 timedout_delta=0 retransmitted_delta=0 reconnects_delta=0
PIC_NFS stage=rpc_read elapsed_ms=6 tid=140449121564352 host=DietPi.local export=/mnt/4TBS relative=/pics-sport/local choice/FB-LCC/DSC_1253.jpg iteration=5 outcome=ok bytes=524288 timedout_delta=0 retransmitted_delta=0 reconnects_delta=0
PIC_NFS stage=rpc_read elapsed_ms=4 tid=140449121564352 host=DietPi.local export=/mnt/4TBS relative=/pics-sport/local choice/FB-LCC/DSC_1253.jpg iteration=6 outcome=ok bytes=461124 timedout_delta=0 retransmitted_delta=0 reconnects_delta=0
PIC_NFS stage=rpc_read elapsed_ms=1 tid=140449121564352 host=DietPi.local export=/mnt/4TBS relative=/pics-sport/local choice/FB-LCC/DSC_1253.jpg iteration=7 outcome=ok bytes=0 timedout_delta=0 retransmitted_delta=0 reconnects_delta=0
PIC_NFS stage=file_read_complete elapsed_ms=18 tid=140449121564352 host=DietPi.local export=/mnt/4TBS relative=/pics-sport/local choice/FB-LCC/DSC_1253.jpg outcome=ok bytes=1509700 calls=7
PIC_NETWORK tid=ThreadId(47) PRIVATE_NFS read_done bytes=1509700 elapsed_ms=19 uri=nfs://DietPi.local/mnt/4TBS/pics-sport/local%20choice/FB-LCC/DSC_1253.jpg
PIC_VIEWER source_cache action=insert bytes=1509700 uri=nfs://DietPi.local/mnt/4TBS/pics-sport/local%20choice/FB-LCC/DSC_1253.jpg
PIC_VIEWER source_cache action=evict bytes=1007839 uri=nfs://DietPi.local/mnt/4TBS/pics-sport/local%20choice/FB-LCC/DSC_1213.jpg
PIC_VIEWER network_done lane=foreground read_ms=20 bytes=1509700 source=network outcome=ok uri=nfs://DietPi.local/mnt/4TBS/pics-sport/local%20choice/FB-LCC/DSC_1253.jpg
PIC_VIEWER decode_stage source_ms=20 cpu_ms=37 uri=nfs://DietPi.local/mnt/4TBS/pics-sport/local%20choice/FB-LCC/DSC_1253.jpg
PIC_VIEWER t_ms=3621 tid=ThreadId(47) decode_done uri=nfs://DietPi.local/mnt/4TBS/pics-sport/local%20choice/FB-LCC/DSC_1253.jpg variant=1124x794 elapsed_ms=60 outcome=ok
PIC_VIEWER t_ms=3623 tid=ThreadId(1) display_apply elapsed_ms=1 uri=nfs://DietPi.local/mnt/4TBS/pics-sport/local%20choice/FB-LCC/DSC_1253.jpg
PIC_VIEWER t_ms=3623 tid=ThreadId(1) display_done lane=foreground source=decode navigation_ms=62 uri=nfs://DietPi.local/mnt/4TBS/pics-sport/local%20choice/FB-LCC/DSC_1253.jpg
PIC_VIEWER t_ms=3651 tid=ThreadId(1) show_photo_request generation=26 index=30 uri=nfs://DietPi.local/mnt/4TBS/pics-sport/local%20choice/FB-LCC/DSC_1255.jpg
PIC_VIEWER t_ms=3651 tid=ThreadId(1) request lane=foreground action=new uri=nfs://DietPi.local/mnt/4TBS/pics-sport/local%20choice/FB-LCC/DSC_1255.jpg variant=1124x794
PIC_VIEWER t_ms=3651 tid=ThreadId(48) decode_start uri=nfs://DietPi.local/mnt/4TBS/pics-sport/local%20choice/FB-LCC/DSC_1255.jpg variant=1124x794 queue_ms=0
PIC_VIEWER source_cache lane=foreground action=miss uri=nfs://DietPi.local/mnt/4TBS/pics-sport/local%20choice/FB-LCC/DSC_1255.jpg
PIC_VIEWER network_slot lane=foreground wait_ms=0 uri=nfs://DietPi.local/mnt/4TBS/pics-sport/local%20choice/FB-LCC/DSC_1255.jpg
PIC_NETWORK tid=ThreadId(48) PRIVATE_NFS export_cache_hit host=DietPi.local count=5
PIC_NETWORK tid=ThreadId(48) PRIVATE_NFS read_start uri=nfs://DietPi.local/mnt/4TBS/pics-sport/local%20choice/FB-LCC/DSC_1255.jpg max_bytes=134217728
PIC_NFS stage=read_session_lock elapsed_ms=0 tid=140449121564352 host=DietPi.local export=/mnt/4TBS relative=/pics-sport/local choice/FB-LCC/DSC_1255.jpg outcome=acquired
PIC_NFS_CONNECT reuse host=DietPi.local export=/mnt/4TBS
PIC_NFS stage=file_open elapsed_ms=2 tid=140449121564352 host=DietPi.local export=/mnt/4TBS relative=/pics-sport/local choice/FB-LCC/DSC_1255.jpg outcome=ok
PIC_NFS stage=rpc_read elapsed_ms=1 tid=140449121564352 host=DietPi.local export=/mnt/4TBS relative=/pics-sport/local choice/FB-LCC/DSC_1255.jpg iteration=1 outcome=ok bytes=65536 timedout_delta=0 retransmitted_delta=0 reconnects_delta=0
PIC_NFS stage=first_read elapsed_ms=1 tid=140449121564352 host=DietPi.local export=/mnt/4TBS relative=/pics-sport/local choice/FB-LCC/DSC_1255.jpg outcome=ok bytes=65536
PIC_NFS stage=rpc_read elapsed_ms=1 tid=140449121564352 host=DietPi.local export=/mnt/4TBS relative=/pics-sport/local choice/FB-LCC/DSC_1255.jpg iteration=2 outcome=ok bytes=65536 timedout_delta=0 retransmitted_delta=0 reconnects_delta=0
PIC_NFS stage=rpc_read elapsed_ms=2 tid=140449121564352 host=DietPi.local export=/mnt/4TBS relative=/pics-sport/local choice/FB-LCC/DSC_1255.jpg iteration=3 outcome=ok bytes=131072 timedout_delta=0 retransmitted_delta=0 reconnects_delta=0
PIC_NFS stage=rpc_read elapsed_ms=3 tid=140449121564352 host=DietPi.local export=/mnt/4TBS relative=/pics-sport/local choice/FB-LCC/DSC_1255.jpg iteration=4 outcome=ok bytes=262144 timedout_delta=0 retransmitted_delta=0 reconnects_delta=0
PIC_NFS stage=rpc_read elapsed_ms=5 tid=140449121564352 host=DietPi.local export=/mnt/4TBS relative=/pics-sport/local choice/FB-LCC/DSC_1255.jpg iteration=5 outcome=ok bytes=524288 timedout_delta=0 retransmitted_delta=0 reconnects_delta=0
PIC_NFS stage=rpc_read elapsed_ms=3 tid=140449121564352 host=DietPi.local export=/mnt/4TBS relative=/pics-sport/local choice/FB-LCC/DSC_1255.jpg iteration=6 outcome=ok bytes=288991 timedout_delta=0 retransmitted_delta=0 reconnects_delta=0
PIC_NFS stage=rpc_read elapsed_ms=1 tid=140449121564352 host=DietPi.local export=/mnt/4TBS relative=/pics-sport/local choice/FB-LCC/DSC_1255.jpg iteration=7 outcome=ok bytes=0 timedout_delta=0 retransmitted_delta=0 reconnects_delta=0
PIC_NFS stage=file_read_complete elapsed_ms=16 tid=140449121564352 host=DietPi.local export=/mnt/4TBS relative=/pics-sport/local choice/FB-LCC/DSC_1255.jpg outcome=ok bytes=1337567 calls=7
PIC_NETWORK tid=ThreadId(48) PRIVATE_NFS read_done bytes=1337567 elapsed_ms=17 uri=nfs://DietPi.local/mnt/4TBS/pics-sport/local%20choice/FB-LCC/DSC_1255.jpg
PIC_VIEWER source_cache action=insert bytes=1337567 uri=nfs://DietPi.local/mnt/4TBS/pics-sport/local%20choice/FB-LCC/DSC_1255.jpg
PIC_VIEWER source_cache action=evict bytes=1215029 uri=nfs://DietPi.local/mnt/4TBS/pics-sport/local%20choice/FB-LCC/DSC_1217.jpg
PIC_VIEWER network_done lane=foreground read_ms=17 bytes=1337567 source=network outcome=ok uri=nfs://DietPi.local/mnt/4TBS/pics-sport/local%20choice/FB-LCC/DSC_1255.jpg
PIC_VIEWER decode_stage source_ms=17 cpu_ms=36 uri=nfs://DietPi.local/mnt/4TBS/pics-sport/local%20choice/FB-LCC/DSC_1255.jpg
PIC_VIEWER t_ms=3707 tid=ThreadId(48) decode_done uri=nfs://DietPi.local/mnt/4TBS/pics-sport/local%20choice/FB-LCC/DSC_1255.jpg variant=1124x794 elapsed_ms=56 outcome=ok
PIC_VIEWER t_ms=3709 tid=ThreadId(1) display_apply elapsed_ms=1 uri=nfs://DietPi.local/mnt/4TBS/pics-sport/local%20choice/FB-LCC/DSC_1255.jpg
PIC_VIEWER t_ms=3709 tid=ThreadId(1) display_done lane=foreground source=decode navigation_ms=58 uri=nfs://DietPi.local/mnt/4TBS/pics-sport/local%20choice/FB-LCC/DSC_1255.jpg
PIC_VIEWER t_ms=3711 tid=ThreadId(1) show_photo_request generation=27 index=31 uri=nfs://DietPi.local/mnt/4TBS/pics-sport/local%20choice/FB-LCC/DSC_1257.jpg
PIC_VIEWER t_ms=3711 tid=ThreadId(1) request lane=foreground action=new uri=nfs://DietPi.local/mnt/4TBS/pics-sport/local%20choice/FB-LCC/DSC_1257.jpg variant=1124x794
PIC_VIEWER t_ms=3711 tid=ThreadId(49) decode_start uri=nfs://DietPi.local/mnt/4TBS/pics-sport/local%20choice/FB-LCC/DSC_1257.jpg variant=1124x794 queue_ms=0
PIC_VIEWER source_cache lane=foreground action=miss uri=nfs://DietPi.local/mnt/4TBS/pics-sport/local%20choice/FB-LCC/DSC_1257.jpg
PIC_VIEWER network_slot lane=foreground wait_ms=0 uri=nfs://DietPi.local/mnt/4TBS/pics-sport/local%20choice/FB-LCC/DSC_1257.jpg
PIC_NETWORK tid=ThreadId(49) PRIVATE_NFS export_cache_hit host=DietPi.local count=5
PIC_NETWORK tid=ThreadId(49) PRIVATE_NFS read_start uri=nfs://DietPi.local/mnt/4TBS/pics-sport/local%20choice/FB-LCC/DSC_1257.jpg max_bytes=134217728
PIC_NFS stage=read_session_lock elapsed_ms=0 tid=140449121564352 host=DietPi.local export=/mnt/4TBS relative=/pics-sport/local choice/FB-LCC/DSC_1257.jpg outcome=acquired
PIC_NFS_CONNECT reuse host=DietPi.local export=/mnt/4TBS
PIC_NFS stage=file_open elapsed_ms=2 tid=140449121564352 host=DietPi.local export=/mnt/4TBS relative=/pics-sport/local choice/FB-LCC/DSC_1257.jpg outcome=ok
PIC_NFS stage=rpc_read elapsed_ms=1 tid=140449121564352 host=DietPi.local export=/mnt/4TBS relative=/pics-sport/local choice/FB-LCC/DSC_1257.jpg iteration=1 outcome=ok bytes=65536 timedout_delta=0 retransmitted_delta=0 reconnects_delta=0
PIC_NFS stage=first_read elapsed_ms=1 tid=140449121564352 host=DietPi.local export=/mnt/4TBS relative=/pics-sport/local choice/FB-LCC/DSC_1257.jpg outcome=ok bytes=65536
PIC_NFS stage=rpc_read elapsed_ms=1 tid=140449121564352 host=DietPi.local export=/mnt/4TBS relative=/pics-sport/local choice/FB-LCC/DSC_1257.jpg iteration=2 outcome=ok bytes=65536 timedout_delta=0 retransmitted_delta=0 reconnects_delta=0
PIC_NFS stage=rpc_read elapsed_ms=2 tid=140449121564352 host=DietPi.local export=/mnt/4TBS relative=/pics-sport/local choice/FB-LCC/DSC_1257.jpg iteration=3 outcome=ok bytes=131072 timedout_delta=0 retransmitted_delta=0 reconnects_delta=0
PIC_NFS stage=rpc_read elapsed_ms=3 tid=140449121564352 host=DietPi.local export=/mnt/4TBS relative=/pics-sport/local choice/FB-LCC/DSC_1257.jpg iteration=4 outcome=ok bytes=262144 timedout_delta=0 retransmitted_delta=0 reconnects_delta=0
PIC_NFS stage=rpc_read elapsed_ms=5 tid=140449121564352 host=DietPi.local export=/mnt/4TBS relative=/pics-sport/local choice/FB-LCC/DSC_1257.jpg iteration=5 outcome=ok bytes=524288 timedout_delta=0 retransmitted_delta=0 reconnects_delta=0
PIC_NFS stage=rpc_read elapsed_ms=3 tid=140449121564352 host=DietPi.local export=/mnt/4TBS relative=/pics-sport/local choice/FB-LCC/DSC_1257.jpg iteration=6 outcome=ok bytes=303277 timedout_delta=0 retransmitted_delta=0 reconnects_delta=0
PIC_NFS stage=rpc_read elapsed_ms=0 tid=140449121564352 host=DietPi.local export=/mnt/4TBS relative=/pics-sport/local choice/FB-LCC/DSC_1257.jpg iteration=7 outcome=ok bytes=0 timedout_delta=0 retransmitted_delta=0 reconnects_delta=0
PIC_NFS stage=file_read_complete elapsed_ms=16 tid=140449121564352 host=DietPi.local export=/mnt/4TBS relative=/pics-sport/local choice/FB-LCC/DSC_1257.jpg outcome=ok bytes=1351853 calls=7
PIC_NETWORK tid=ThreadId(49) PRIVATE_NFS read_done bytes=1351853 elapsed_ms=18 uri=nfs://DietPi.local/mnt/4TBS/pics-sport/local%20choice/FB-LCC/DSC_1257.jpg
PIC_VIEWER source_cache action=insert bytes=1351853 uri=nfs://DietPi.local/mnt/4TBS/pics-sport/local%20choice/FB-LCC/DSC_1257.jpg
PIC_VIEWER source_cache action=evict bytes=1080039 uri=nfs://DietPi.local/mnt/4TBS/pics-sport/local%20choice/FB-LCC/DSC_1223.jpg
PIC_VIEWER network_done lane=foreground read_ms=18 bytes=1351853 source=network outcome=ok uri=nfs://DietPi.local/mnt/4TBS/pics-sport/local%20choice/FB-LCC/DSC_1257.jpg
PIC_VIEWER decode_stage source_ms=18 cpu_ms=37 uri=nfs://DietPi.local/mnt/4TBS/pics-sport/local%20choice/FB-LCC/DSC_1257.jpg
PIC_VIEWER t_ms=3769 tid=ThreadId(49) decode_done uri=nfs://DietPi.local/mnt/4TBS/pics-sport/local%20choice/FB-LCC/DSC_1257.jpg variant=1124x794 elapsed_ms=58 outcome=ok
PIC_VIEWER t_ms=3771 tid=ThreadId(1) display_apply elapsed_ms=1 uri=nfs://DietPi.local/mnt/4TBS/pics-sport/local%20choice/FB-LCC/DSC_1257.jpg
PIC_VIEWER t_ms=3771 tid=ThreadId(1) display_done lane=foreground source=decode navigation_ms=60 uri=nfs://DietPi.local/mnt/4TBS/pics-sport/local%20choice/FB-LCC/DSC_1257.jpg
PIC_VIEWER t_ms=3771 tid=ThreadId(1) show_photo_request generation=28 index=32 uri=nfs://DietPi.local/mnt/4TBS/pics-sport/local%20choice/FB-LCC/DSC_1259.jpg
PIC_VIEWER t_ms=3771 tid=ThreadId(1) request lane=foreground action=new uri=nfs://DietPi.local/mnt/4TBS/pics-sport/local%20choice/FB-LCC/DSC_1259.jpg variant=1124x794
PIC_VIEWER t_ms=3772 tid=ThreadId(50) decode_start uri=nfs://DietPi.local/mnt/4TBS/pics-sport/local%20choice/FB-LCC/DSC_1259.jpg variant=1124x794 queue_ms=0
PIC_VIEWER source_cache lane=foreground action=miss uri=nfs://DietPi.local/mnt/4TBS/pics-sport/local%20choice/FB-LCC/DSC_1259.jpg
PIC_VIEWER network_slot lane=foreground wait_ms=0 uri=nfs://DietPi.local/mnt/4TBS/pics-sport/local%20choice/FB-LCC/DSC_1259.jpg
PIC_NETWORK tid=ThreadId(50) PRIVATE_NFS export_cache_hit host=DietPi.local count=5
PIC_NETWORK tid=ThreadId(50) PRIVATE_NFS read_start uri=nfs://DietPi.local/mnt/4TBS/pics-sport/local%20choice/FB-LCC/DSC_1259.jpg max_bytes=134217728
PIC_NFS stage=read_session_lock elapsed_ms=0 tid=140449121564352 host=DietPi.local export=/mnt/4TBS relative=/pics-sport/local choice/FB-LCC/DSC_1259.jpg outcome=acquired
PIC_NFS_CONNECT reuse host=DietPi.local export=/mnt/4TBS
PIC_NFS stage=file_open elapsed_ms=2 tid=140449121564352 host=DietPi.local export=/mnt/4TBS relative=/pics-sport/local choice/FB-LCC/DSC_1259.jpg outcome=ok
PIC_NFS stage=rpc_read elapsed_ms=1 tid=140449121564352 host=DietPi.local export=/mnt/4TBS relative=/pics-sport/local choice/FB-LCC/DSC_1259.jpg iteration=1 outcome=ok bytes=65536 timedout_delta=0 retransmitted_delta=0 reconnects_delta=0
PIC_NFS stage=first_read elapsed_ms=1 tid=140449121564352 host=DietPi.local export=/mnt/4TBS relative=/pics-sport/local choice/FB-LCC/DSC_1259.jpg outcome=ok bytes=65536
PIC_NFS stage=rpc_read elapsed_ms=1 tid=140449121564352 host=DietPi.local export=/mnt/4TBS relative=/pics-sport/local choice/FB-LCC/DSC_1259.jpg iteration=2 outcome=ok bytes=65536 timedout_delta=0 retransmitted_delta=0 reconnects_delta=0
PIC_NFS stage=rpc_read elapsed_ms=2 tid=140449121564352 host=DietPi.local export=/mnt/4TBS relative=/pics-sport/local choice/FB-LCC/DSC_1259.jpg iteration=3 outcome=ok bytes=131072 timedout_delta=0 retransmitted_delta=0 reconnects_delta=0
PIC_NFS stage=rpc_read elapsed_ms=3 tid=140449121564352 host=DietPi.local export=/mnt/4TBS relative=/pics-sport/local choice/FB-LCC/DSC_1259.jpg iteration=4 outcome=ok bytes=262144 timedout_delta=0 retransmitted_delta=0 reconnects_delta=0
PIC_NFS stage=rpc_read elapsed_ms=5 tid=140449121564352 host=DietPi.local export=/mnt/4TBS relative=/pics-sport/local choice/FB-LCC/DSC_1259.jpg iteration=5 outcome=ok bytes=524288 timedout_delta=0 retransmitted_delta=0 reconnects_delta=0
PIC_NFS stage=rpc_read elapsed_ms=4 tid=140449121564352 host=DietPi.local export=/mnt/4TBS relative=/pics-sport/local choice/FB-LCC/DSC_1259.jpg iteration=6 outcome=ok bytes=332579 timedout_delta=0 retransmitted_delta=0 reconnects_delta=0
PIC_NFS stage=rpc_read elapsed_ms=0 tid=140449121564352 host=DietPi.local export=/mnt/4TBS relative=/pics-sport/local choice/FB-LCC/DSC_1259.jpg iteration=7 outcome=ok bytes=0 timedout_delta=0 retransmitted_delta=0 reconnects_delta=0
PIC_NFS stage=file_read_complete elapsed_ms=16 tid=140449121564352 host=DietPi.local export=/mnt/4TBS relative=/pics-sport/local choice/FB-LCC/DSC_1259.jpg outcome=ok bytes=1381155 calls=7
PIC_NETWORK tid=ThreadId(50) PRIVATE_NFS read_done bytes=1381155 elapsed_ms=18 uri=nfs://DietPi.local/mnt/4TBS/pics-sport/local%20choice/FB-LCC/DSC_1259.jpg
PIC_VIEWER source_cache action=insert bytes=1381155 uri=nfs://DietPi.local/mnt/4TBS/pics-sport/local%20choice/FB-LCC/DSC_1259.jpg
PIC_VIEWER source_cache action=evict bytes=1040104 uri=nfs://DietPi.local/mnt/4TBS/pics-sport/local%20choice/FB-LCC/DSC_1224.jpg
PIC_VIEWER network_done lane=foreground read_ms=18 bytes=1381155 source=network outcome=ok uri=nfs://DietPi.local/mnt/4TBS/pics-sport/local%20choice/FB-LCC/DSC_1259.jpg
PIC_VIEWER decode_stage source_ms=18 cpu_ms=36 uri=nfs://DietPi.local/mnt/4TBS/pics-sport/local%20choice/FB-LCC/DSC_1259.jpg
PIC_VIEWER t_ms=3829 tid=ThreadId(50) decode_done uri=nfs://DietPi.local/mnt/4TBS/pics-sport/local%20choice/FB-LCC/DSC_1259.jpg variant=1124x794 elapsed_ms=57 outcome=ok
PIC_VIEWER t_ms=3831 tid=ThreadId(1) display_apply elapsed_ms=1 uri=nfs://DietPi.local/mnt/4TBS/pics-sport/local%20choice/FB-LCC/DSC_1259.jpg
PIC_VIEWER t_ms=3831 tid=ThreadId(1) display_done lane=foreground source=decode navigation_ms=59 uri=nfs://DietPi.local/mnt/4TBS/pics-sport/local%20choice/FB-LCC/DSC_1259.jpg
PIC_VIEWER t_ms=3831 tid=ThreadId(1) show_photo_request generation=29 index=33 uri=nfs://DietPi.local/mnt/4TBS/pics-sport/local%20choice/FB-LCC/DSC_1260.jpg
PIC_VIEWER t_ms=3831 tid=ThreadId(1) request lane=foreground action=new uri=nfs://DietPi.local/mnt/4TBS/pics-sport/local%20choice/FB-LCC/DSC_1260.jpg variant=1124x794
PIC_VIEWER t_ms=3832 tid=ThreadId(51) decode_start uri=nfs://DietPi.local/mnt/4TBS/pics-sport/local%20choice/FB-LCC/DSC_1260.jpg variant=1124x794 queue_ms=0
PIC_VIEWER source_cache lane=foreground action=miss uri=nfs://DietPi.local/mnt/4TBS/pics-sport/local%20choice/FB-LCC/DSC_1260.jpg
PIC_VIEWER network_slot lane=foreground wait_ms=0 uri=nfs://DietPi.local/mnt/4TBS/pics-sport/local%20choice/FB-LCC/DSC_1260.jpg
PIC_NETWORK tid=ThreadId(51) PRIVATE_NFS export_cache_hit host=DietPi.local count=5
PIC_NETWORK tid=ThreadId(51) PRIVATE_NFS read_start uri=nfs://DietPi.local/mnt/4TBS/pics-sport/local%20choice/FB-LCC/DSC_1260.jpg max_bytes=134217728
PIC_NFS stage=read_session_lock elapsed_ms=0 tid=140449121564352 host=DietPi.local export=/mnt/4TBS relative=/pics-sport/local choice/FB-LCC/DSC_1260.jpg outcome=acquired
PIC_NFS_CONNECT reuse host=DietPi.local export=/mnt/4TBS
PIC_NFS stage=file_open elapsed_ms=2 tid=140449121564352 host=DietPi.local export=/mnt/4TBS relative=/pics-sport/local choice/FB-LCC/DSC_1260.jpg outcome=ok
PIC_NFS stage=rpc_read elapsed_ms=1 tid=140449121564352 host=DietPi.local export=/mnt/4TBS relative=/pics-sport/local choice/FB-LCC/DSC_1260.jpg iteration=1 outcome=ok bytes=65536 timedout_delta=0 retransmitted_delta=0 reconnects_delta=0
PIC_NFS stage=first_read elapsed_ms=1 tid=140449121564352 host=DietPi.local export=/mnt/4TBS relative=/pics-sport/local choice/FB-LCC/DSC_1260.jpg outcome=ok bytes=65536
PIC_NFS stage=rpc_read elapsed_ms=1 tid=140449121564352 host=DietPi.local export=/mnt/4TBS relative=/pics-sport/local choice/FB-LCC/DSC_1260.jpg iteration=2 outcome=ok bytes=65536 timedout_delta=0 retransmitted_delta=0 reconnects_delta=0
PIC_NFS stage=rpc_read elapsed_ms=2 tid=140449121564352 host=DietPi.local export=/mnt/4TBS relative=/pics-sport/local choice/FB-LCC/DSC_1260.jpg iteration=3 outcome=ok bytes=131072 timedout_delta=0 retransmitted_delta=0 reconnects_delta=0
PIC_NFS stage=rpc_read elapsed_ms=3 tid=140449121564352 host=DietPi.local export=/mnt/4TBS relative=/pics-sport/local choice/FB-LCC/DSC_1260.jpg iteration=4 outcome=ok bytes=262144 timedout_delta=0 retransmitted_delta=0 reconnects_delta=0
PIC_NFS stage=rpc_read elapsed_ms=5 tid=140449121564352 host=DietPi.local export=/mnt/4TBS relative=/pics-sport/local choice/FB-LCC/DSC_1260.jpg iteration=5 outcome=ok bytes=524288 timedout_delta=0 retransmitted_delta=0 reconnects_delta=0
PIC_NFS stage=rpc_read elapsed_ms=2 tid=140449121564352 host=DietPi.local export=/mnt/4TBS relative=/pics-sport/local choice/FB-LCC/DSC_1260.jpg iteration=6 outcome=ok bytes=93450 timedout_delta=0 retransmitted_delta=0 reconnects_delta=0
PIC_NFS stage=rpc_read elapsed_ms=0 tid=140449121564352 host=DietPi.local export=/mnt/4TBS relative=/pics-sport/local choice/FB-LCC/DSC_1260.jpg iteration=7 outcome=ok bytes=0 timedout_delta=0 retransmitted_delta=0 reconnects_delta=0
PIC_NFS stage=file_read_complete elapsed_ms=14 tid=140449121564352 host=DietPi.local export=/mnt/4TBS relative=/pics-sport/local choice/FB-LCC/DSC_1260.jpg outcome=ok bytes=1142026 calls=7
PIC_NETWORK tid=ThreadId(51) PRIVATE_NFS read_done bytes=1142026 elapsed_ms=16 uri=nfs://DietPi.local/mnt/4TBS/pics-sport/local%20choice/FB-LCC/DSC_1260.jpg
PIC_VIEWER source_cache action=insert bytes=1142026 uri=nfs://DietPi.local/mnt/4TBS/pics-sport/local%20choice/FB-LCC/DSC_1260.jpg
PIC_VIEWER source_cache action=evict bytes=1100619 uri=nfs://DietPi.local/mnt/4TBS/pics-sport/local%20choice/FB-LCC/DSC_1229.jpg
PIC_VIEWER network_done lane=foreground read_ms=16 bytes=1142026 source=network outcome=ok uri=nfs://DietPi.local/mnt/4TBS/pics-sport/local%20choice/FB-LCC/DSC_1260.jpg
PIC_VIEWER decode_stage source_ms=16 cpu_ms=33 uri=nfs://DietPi.local/mnt/4TBS/pics-sport/local%20choice/FB-LCC/DSC_1260.jpg
PIC_VIEWER t_ms=3884 tid=ThreadId(51) decode_done uri=nfs://DietPi.local/mnt/4TBS/pics-sport/local%20choice/FB-LCC/DSC_1260.jpg variant=1124x794 elapsed_ms=52 outcome=ok
PIC_VIEWER t_ms=3886 tid=ThreadId(1) display_apply elapsed_ms=1 uri=nfs://DietPi.local/mnt/4TBS/pics-sport/local%20choice/FB-LCC/DSC_1260.jpg
PIC_VIEWER t_ms=3886 tid=ThreadId(1) display_done lane=foreground source=decode navigation_ms=54 uri=nfs://DietPi.local/mnt/4TBS/pics-sport/local%20choice/FB-LCC/DSC_1260.jpg
PIC_VIEWER t_ms=3951 tid=ThreadId(1) show_photo_request generation=30 index=32 uri=nfs://DietPi.local/mnt/4TBS/pics-sport/local%20choice/FB-LCC/DSC_1259.jpg
PIC_VIEWER t_ms=3951 tid=ThreadId(1) cache_hit lane=foreground uri=nfs://DietPi.local/mnt/4TBS/pics-sport/local%20choice/FB-LCC/DSC_1259.jpg
PIC_VIEWER t_ms=3951 tid=ThreadId(1) display_done lane=foreground source=texture_cache navigation_ms=0 uri=nfs://DietPi.local/mnt/4TBS/pics-sport/local%20choice/FB-LCC/DSC_1259.jpg
PIC_VIEWER t_ms=4201 tid=ThreadId(1) cache_hit lane=prefetch uri=nfs://DietPi.local/mnt/4TBS/pics-sport/local%20choice/FB-LCC/DSC_1257.jpg
PIC_VIEWER t_ms=4201 tid=ThreadId(1) cache_hit lane=prefetch uri=nfs://DietPi.local/mnt/4TBS/pics-sport/local%20choice/FB-LCC/DSC_1260.jpg
PIC_VIEWER t_ms=4451 tid=ThreadId(1) show_photo_request generation=31 index=31 uri=nfs://DietPi.local/mnt/4TBS/pics-sport/local%20choice/FB-LCC/DSC_1257.jpg
PIC_VIEWER t_ms=4451 tid=ThreadId(1) cache_hit lane=foreground uri=nfs://DietPi.local/mnt/4TBS/pics-sport/local%20choice/FB-LCC/DSC_1257.jpg
PIC_VIEWER t_ms=4451 tid=ThreadId(1) display_done lane=foreground source=texture_cache navigation_ms=0 uri=nfs://DietPi.local/mnt/4TBS/pics-sport/local%20choice/FB-LCC/DSC_1257.jpg
PIC_VIEWER t_ms=4481 tid=ThreadId(1) show_photo_request generation=32 index=30 uri=nfs://DietPi.local/mnt/4TBS/pics-sport/local%20choice/FB-LCC/DSC_1255.jpg
PIC_VIEWER t_ms=4481 tid=ThreadId(1) cache_hit lane=foreground uri=nfs://DietPi.local/mnt/4TBS/pics-sport/local%20choice/FB-LCC/DSC_1255.jpg
PIC_VIEWER t_ms=4481 tid=ThreadId(1) display_done lane=foreground source=texture_cache navigation_ms=0 uri=nfs://DietPi.local/mnt/4TBS/pics-sport/local%20choice/FB-LCC/DSC_1255.jpg
PIC_VIEWER t_ms=4511 tid=ThreadId(1) show_photo_request generation=33 index=29 uri=nfs://DietPi.local/mnt/4TBS/pics-sport/local%20choice/FB-LCC/DSC_1253.jpg
PIC_VIEWER t_ms=4511 tid=ThreadId(1) cache_hit lane=foreground uri=nfs://DietPi.local/mnt/4TBS/pics-sport/local%20choice/FB-LCC/DSC_1253.jpg
PIC_VIEWER t_ms=4511 tid=ThreadId(1) display_done lane=foreground source=texture_cache navigation_ms=0 uri=nfs://DietPi.local/mnt/4TBS/pics-sport/local%20choice/FB-LCC/DSC_1253.jpg
PIC_VIEWER t_ms=4541 tid=ThreadId(1) show_photo_request generation=34 index=28 uri=nfs://DietPi.local/mnt/4TBS/pics-sport/local%20choice/FB-LCC/DSC_1252.jpg
PIC_VIEWER t_ms=4541 tid=ThreadId(1) cache_hit lane=foreground uri=nfs://DietPi.local/mnt/4TBS/pics-sport/local%20choice/FB-LCC/DSC_1252.jpg
PIC_VIEWER t_ms=4541 tid=ThreadId(1) display_done lane=foreground source=texture_cache navigation_ms=0 uri=nfs://DietPi.local/mnt/4TBS/pics-sport/local%20choice/FB-LCC/DSC_1252.jpg
PIC_VIEWER t_ms=4571 tid=ThreadId(1) show_photo_request generation=35 index=27 uri=nfs://DietPi.local/mnt/4TBS/pics-sport/local%20choice/FB-LCC/DSC_1250.jpg
PIC_VIEWER t_ms=4571 tid=ThreadId(1) cache_hit lane=foreground uri=nfs://DietPi.local/mnt/4TBS/pics-sport/local%20choice/FB-LCC/DSC_1250.jpg
PIC_VIEWER t_ms=4571 tid=ThreadId(1) display_done lane=foreground source=texture_cache navigation_ms=0 uri=nfs://DietPi.local/mnt/4TBS/pics-sport/local%20choice/FB-LCC/DSC_1250.jpg
PIC_VIEWER t_ms=4601 tid=ThreadId(1) show_photo_request generation=36 index=26 uri=nfs://DietPi.local/mnt/4TBS/pics-sport/local%20choice/FB-LCC/DSC_1249.jpg
PIC_VIEWER t_ms=4601 tid=ThreadId(1) cache_hit lane=foreground uri=nfs://DietPi.local/mnt/4TBS/pics-sport/local%20choice/FB-LCC/DSC_1249.jpg
PIC_VIEWER t_ms=4601 tid=ThreadId(1) display_done lane=foreground source=texture_cache navigation_ms=0 uri=nfs://DietPi.local/mnt/4TBS/pics-sport/local%20choice/FB-LCC/DSC_1249.jpg
PIC_VIEWER t_ms=4631 tid=ThreadId(1) show_photo_request generation=37 index=25 uri=nfs://DietPi.local/mnt/4TBS/pics-sport/local%20choice/FB-LCC/DSC_1245.jpg
PIC_VIEWER t_ms=4631 tid=ThreadId(1) cache_hit lane=foreground uri=nfs://DietPi.local/mnt/4TBS/pics-sport/local%20choice/FB-LCC/DSC_1245.jpg
PIC_VIEWER t_ms=4631 tid=ThreadId(1) display_done lane=foreground source=texture_cache navigation_ms=0 uri=nfs://DietPi.local/mnt/4TBS/pics-sport/local%20choice/FB-LCC/DSC_1245.jpg
PIC_VIEWER t_ms=4661 tid=ThreadId(1) show_photo_request generation=38 index=24 uri=nfs://DietPi.local/mnt/4TBS/pics-sport/local%20choice/FB-LCC/DSC_1240.jpg
PIC_VIEWER t_ms=4661 tid=ThreadId(1) cache_hit lane=foreground uri=nfs://DietPi.local/mnt/4TBS/pics-sport/local%20choice/FB-LCC/DSC_1240.jpg
PIC_VIEWER t_ms=4661 tid=ThreadId(1) display_done lane=foreground source=texture_cache navigation_ms=0 uri=nfs://DietPi.local/mnt/4TBS/pics-sport/local%20choice/FB-LCC/DSC_1240.jpg
PIC_VIEWER t_ms=4692 tid=ThreadId(1) show_photo_request generation=39 index=23 uri=nfs://DietPi.local/mnt/4TBS/pics-sport/local%20choice/FB-LCC/DSC_1239.jpg
PIC_VIEWER t_ms=4692 tid=ThreadId(1) cache_hit lane=foreground uri=nfs://DietPi.local/mnt/4TBS/pics-sport/local%20choice/FB-LCC/DSC_1239.jpg
PIC_VIEWER t_ms=4692 tid=ThreadId(1) display_done lane=foreground source=texture_cache navigation_ms=0 uri=nfs://DietPi.local/mnt/4TBS/pics-sport/local%20choice/FB-LCC/DSC_1239.jpg
PIC_VIEWER t_ms=4721 tid=ThreadId(1) show_photo_request generation=40 index=22 uri=nfs://DietPi.local/mnt/4TBS/pics-sport/local%20choice/FB-LCC/DSC_1238.jpg
PIC_VIEWER t_ms=4721 tid=ThreadId(1) cache_hit lane=foreground uri=nfs://DietPi.local/mnt/4TBS/pics-sport/local%20choice/FB-LCC/DSC_1238.jpg
PIC_VIEWER t_ms=4721 tid=ThreadId(1) display_done lane=foreground source=texture_cache navigation_ms=0 uri=nfs://DietPi.local/mnt/4TBS/pics-sport/local%20choice/FB-LCC/DSC_1238.jpg
PIC_VIEWER t_ms=4751 tid=ThreadId(1) show_photo_request generation=41 index=21 uri=nfs://DietPi.local/mnt/4TBS/pics-sport/local%20choice/FB-LCC/DSC_1237.jpg
PIC_VIEWER t_ms=4751 tid=ThreadId(1) cache_hit lane=foreground uri=nfs://DietPi.local/mnt/4TBS/pics-sport/local%20choice/FB-LCC/DSC_1237.jpg
PIC_VIEWER t_ms=4751 tid=ThreadId(1) display_done lane=foreground source=texture_cache navigation_ms=0 uri=nfs://DietPi.local/mnt/4TBS/pics-sport/local%20choice/FB-LCC/DSC_1237.jpg
PIC_VIEWER t_ms=4782 tid=ThreadId(1) show_photo_request generation=42 index=20 uri=nfs://DietPi.local/mnt/4TBS/pics-sport/local%20choice/FB-LCC/DSC_1236.jpg
PIC_VIEWER t_ms=4782 tid=ThreadId(1) cache_hit lane=foreground uri=nfs://DietPi.local/mnt/4TBS/pics-sport/local%20choice/FB-LCC/DSC_1236.jpg
PIC_VIEWER t_ms=4782 tid=ThreadId(1) display_done lane=foreground source=texture_cache navigation_ms=0 uri=nfs://DietPi.local/mnt/4TBS/pics-sport/local%20choice/FB-LCC/DSC_1236.jpg
PIC_VIEWER t_ms=4812 tid=ThreadId(1) show_photo_request generation=43 index=19 uri=nfs://DietPi.local/mnt/4TBS/pics-sport/local%20choice/FB-LCC/DSC_1235.jpg
PIC_VIEWER t_ms=4812 tid=ThreadId(1) cache_hit lane=foreground uri=nfs://DietPi.local/mnt/4TBS/pics-sport/local%20choice/FB-LCC/DSC_1235.jpg
PIC_VIEWER t_ms=4812 tid=ThreadId(1) display_done lane=foreground source=texture_cache navigation_ms=0 uri=nfs://DietPi.local/mnt/4TBS/pics-sport/local%20choice/FB-LCC/DSC_1235.jpg
PIC_VIEWER t_ms=4842 tid=ThreadId(1) show_photo_request generation=44 index=18 uri=nfs://DietPi.local/mnt/4TBS/pics-sport/local%20choice/FB-LCC/DSC_1234.jpg
PIC_VIEWER t_ms=4842 tid=ThreadId(1) cache_hit lane=foreground uri=nfs://DietPi.local/mnt/4TBS/pics-sport/local%20choice/FB-LCC/DSC_1234.jpg
PIC_VIEWER t_ms=4842 tid=ThreadId(1) display_done lane=foreground source=texture_cache navigation_ms=0 uri=nfs://DietPi.local/mnt/4TBS/pics-sport/local%20choice/FB-LCC/DSC_1234.jpg
PIC_VIEWER t_ms=4872 tid=ThreadId(1) show_photo_request generation=45 index=17 uri=nfs://DietPi.local/mnt/4TBS/pics-sport/local%20choice/FB-LCC/DSC_1232.jpg
PIC_VIEWER t_ms=4872 tid=ThreadId(1) request lane=foreground action=new uri=nfs://DietPi.local/mnt/4TBS/pics-sport/local%20choice/FB-LCC/DSC_1232.jpg variant=1124x794
PIC_VIEWER t_ms=4872 tid=ThreadId(52) decode_start uri=nfs://DietPi.local/mnt/4TBS/pics-sport/local%20choice/FB-LCC/DSC_1232.jpg variant=1124x794 queue_ms=0
PIC_VIEWER source_cache lane=foreground action=miss uri=nfs://DietPi.local/mnt/4TBS/pics-sport/local%20choice/FB-LCC/DSC_1232.jpg
PIC_VIEWER network_slot lane=foreground wait_ms=0 uri=nfs://DietPi.local/mnt/4TBS/pics-sport/local%20choice/FB-LCC/DSC_1232.jpg
PIC_NETWORK tid=ThreadId(52) PRIVATE_NFS export_cache_hit host=DietPi.local count=5
PIC_NETWORK tid=ThreadId(52) PRIVATE_NFS read_start uri=nfs://DietPi.local/mnt/4TBS/pics-sport/local%20choice/FB-LCC/DSC_1232.jpg max_bytes=134217728
PIC_NFS stage=read_session_lock elapsed_ms=0 tid=140449121564352 host=DietPi.local export=/mnt/4TBS relative=/pics-sport/local choice/FB-LCC/DSC_1232.jpg outcome=acquired
PIC_NFS_CONNECT reuse host=DietPi.local export=/mnt/4TBS
PIC_NFS stage=file_open elapsed_ms=2 tid=140449121564352 host=DietPi.local export=/mnt/4TBS relative=/pics-sport/local choice/FB-LCC/DSC_1232.jpg outcome=ok
PIC_NFS stage=rpc_read elapsed_ms=2 tid=140449121564352 host=DietPi.local export=/mnt/4TBS relative=/pics-sport/local choice/FB-LCC/DSC_1232.jpg iteration=1 outcome=ok bytes=65536 timedout_delta=0 retransmitted_delta=0 reconnects_delta=0
PIC_NFS stage=first_read elapsed_ms=2 tid=140449121564352 host=DietPi.local export=/mnt/4TBS relative=/pics-sport/local choice/FB-LCC/DSC_1232.jpg outcome=ok bytes=65536
PIC_NFS stage=rpc_read elapsed_ms=1 tid=140449121564352 host=DietPi.local export=/mnt/4TBS relative=/pics-sport/local choice/FB-LCC/DSC_1232.jpg iteration=2 outcome=ok bytes=65536 timedout_delta=0 retransmitted_delta=0 reconnects_delta=0
PIC_NFS stage=rpc_read elapsed_ms=2 tid=140449121564352 host=DietPi.local export=/mnt/4TBS relative=/pics-sport/local choice/FB-LCC/DSC_1232.jpg iteration=3 outcome=ok bytes=131072 timedout_delta=0 retransmitted_delta=0 reconnects_delta=0
PIC_NFS stage=rpc_read elapsed_ms=3 tid=140449121564352 host=DietPi.local export=/mnt/4TBS relative=/pics-sport/local choice/FB-LCC/DSC_1232.jpg iteration=4 outcome=ok bytes=262144 timedout_delta=0 retransmitted_delta=0 reconnects_delta=0
PIC_NFS stage=rpc_read elapsed_ms=5 tid=140449121564352 host=DietPi.local export=/mnt/4TBS relative=/pics-sport/local choice/FB-LCC/DSC_1232.jpg iteration=5 outcome=ok bytes=524288 timedout_delta=0 retransmitted_delta=0 reconnects_delta=0
PIC_NFS stage=rpc_read elapsed_ms=2 tid=140449121564352 host=DietPi.local export=/mnt/4TBS relative=/pics-sport/local choice/FB-LCC/DSC_1232.jpg iteration=6 outcome=ok bytes=103684 timedout_delta=0 retransmitted_delta=0 reconnects_delta=0
PIC_NFS stage=rpc_read elapsed_ms=0 tid=140449121564352 host=DietPi.local export=/mnt/4TBS relative=/pics-sport/local choice/FB-LCC/DSC_1232.jpg iteration=7 outcome=ok bytes=0 timedout_delta=0 retransmitted_delta=0 reconnects_delta=0
PIC_NFS stage=file_read_complete elapsed_ms=15 tid=140449121564352 host=DietPi.local export=/mnt/4TBS relative=/pics-sport/local choice/FB-LCC/DSC_1232.jpg outcome=ok bytes=1152260 calls=7
PIC_NETWORK tid=ThreadId(52) PRIVATE_NFS read_done bytes=1152260 elapsed_ms=17 uri=nfs://DietPi.local/mnt/4TBS/pics-sport/local%20choice/FB-LCC/DSC_1232.jpg
PIC_VIEWER source_cache action=insert bytes=1152260 uri=nfs://DietPi.local/mnt/4TBS/pics-sport/local%20choice/FB-LCC/DSC_1232.jpg
PIC_VIEWER source_cache action=evict bytes=1376550 uri=nfs://DietPi.local/mnt/4TBS/pics-sport/local%20choice/FB-LCC/DSC_1234.jpg
PIC_VIEWER network_done lane=foreground read_ms=17 bytes=1152260 source=network outcome=ok uri=nfs://DietPi.local/mnt/4TBS/pics-sport/local%20choice/FB-LCC/DSC_1232.jpg
PIC_VIEWER decode_stage source_ms=17 cpu_ms=34 uri=nfs://DietPi.local/mnt/4TBS/pics-sport/local%20choice/FB-LCC/DSC_1232.jpg
PIC_VIEWER t_ms=4927 tid=ThreadId(52) decode_done uri=nfs://DietPi.local/mnt/4TBS/pics-sport/local%20choice/FB-LCC/DSC_1232.jpg variant=1124x794 elapsed_ms=54 outcome=ok
PIC_VIEWER t_ms=4928 tid=ThreadId(1) display_apply elapsed_ms=1 uri=nfs://DietPi.local/mnt/4TBS/pics-sport/local%20choice/FB-LCC/DSC_1232.jpg
PIC_VIEWER t_ms=4928 tid=ThreadId(1) display_done lane=foreground source=decode navigation_ms=56 uri=nfs://DietPi.local/mnt/4TBS/pics-sport/local%20choice/FB-LCC/DSC_1232.jpg
PIC_VIEWER t_ms=4932 tid=ThreadId(1) show_photo_request generation=46 index=16 uri=nfs://DietPi.local/mnt/4TBS/pics-sport/local%20choice/FB-LCC/DSC_1229.jpg
PIC_VIEWER t_ms=4932 tid=ThreadId(1) cache_hit lane=foreground uri=nfs://DietPi.local/mnt/4TBS/pics-sport/local%20choice/FB-LCC/DSC_1229.jpg
PIC_VIEWER t_ms=4932 tid=ThreadId(1) display_done lane=foreground source=texture_cache navigation_ms=0 uri=nfs://DietPi.local/mnt/4TBS/pics-sport/local%20choice/FB-LCC/DSC_1229.jpg
PIC_VIEWER t_ms=4962 tid=ThreadId(1) show_photo_request generation=47 index=15 uri=nfs://DietPi.local/mnt/4TBS/pics-sport/local%20choice/FB-LCC/DSC_1228.jpg
PIC_VIEWER t_ms=4962 tid=ThreadId(1) request lane=foreground action=new uri=nfs://DietPi.local/mnt/4TBS/pics-sport/local%20choice/FB-LCC/DSC_1228.jpg variant=1124x794
PIC_VIEWER t_ms=4962 tid=ThreadId(53) decode_start uri=nfs://DietPi.local/mnt/4TBS/pics-sport/local%20choice/FB-LCC/DSC_1228.jpg variant=1124x794 queue_ms=0
PIC_VIEWER source_cache lane=foreground action=miss uri=nfs://DietPi.local/mnt/4TBS/pics-sport/local%20choice/FB-LCC/DSC_1228.jpg
PIC_VIEWER network_slot lane=foreground wait_ms=0 uri=nfs://DietPi.local/mnt/4TBS/pics-sport/local%20choice/FB-LCC/DSC_1228.jpg
PIC_NETWORK tid=ThreadId(53) PRIVATE_NFS export_cache_hit host=DietPi.local count=5
PIC_NETWORK tid=ThreadId(53) PRIVATE_NFS read_start uri=nfs://DietPi.local/mnt/4TBS/pics-sport/local%20choice/FB-LCC/DSC_1228.jpg max_bytes=134217728
PIC_NFS stage=read_session_lock elapsed_ms=0 tid=140449121564352 host=DietPi.local export=/mnt/4TBS relative=/pics-sport/local choice/FB-LCC/DSC_1228.jpg outcome=acquired
PIC_NFS_CONNECT reuse host=DietPi.local export=/mnt/4TBS
PIC_NFS stage=file_open elapsed_ms=2 tid=140449121564352 host=DietPi.local export=/mnt/4TBS relative=/pics-sport/local choice/FB-LCC/DSC_1228.jpg outcome=ok
PIC_NFS stage=rpc_read elapsed_ms=2 tid=140449121564352 host=DietPi.local export=/mnt/4TBS relative=/pics-sport/local choice/FB-LCC/DSC_1228.jpg iteration=1 outcome=ok bytes=65536 timedout_delta=0 retransmitted_delta=0 reconnects_delta=0
PIC_NFS stage=first_read elapsed_ms=2 tid=140449121564352 host=DietPi.local export=/mnt/4TBS relative=/pics-sport/local choice/FB-LCC/DSC_1228.jpg outcome=ok bytes=65536
PIC_NFS stage=rpc_read elapsed_ms=1 tid=140449121564352 host=DietPi.local export=/mnt/4TBS relative=/pics-sport/local choice/FB-LCC/DSC_1228.jpg iteration=2 outcome=ok bytes=65536 timedout_delta=0 retransmitted_delta=0 reconnects_delta=0
PIC_NFS stage=rpc_read elapsed_ms=2 tid=140449121564352 host=DietPi.local export=/mnt/4TBS relative=/pics-sport/local choice/FB-LCC/DSC_1228.jpg iteration=3 outcome=ok bytes=131072 timedout_delta=0 retransmitted_delta=0 reconnects_delta=0
PIC_NFS stage=rpc_read elapsed_ms=3 tid=140449121564352 host=DietPi.local export=/mnt/4TBS relative=/pics-sport/local choice/FB-LCC/DSC_1228.jpg iteration=4 outcome=ok bytes=262144 timedout_delta=0 retransmitted_delta=0 reconnects_delta=0
PIC_NFS stage=rpc_read elapsed_ms=5 tid=140449121564352 host=DietPi.local export=/mnt/4TBS relative=/pics-sport/local choice/FB-LCC/DSC_1228.jpg iteration=5 outcome=ok bytes=524288 timedout_delta=0 retransmitted_delta=0 reconnects_delta=0
PIC_NFS stage=rpc_read elapsed_ms=1 tid=140449121564352 host=DietPi.local export=/mnt/4TBS relative=/pics-sport/local choice/FB-LCC/DSC_1228.jpg iteration=6 outcome=ok bytes=11087 timedout_delta=0 retransmitted_delta=0 reconnects_delta=0
PIC_NFS stage=rpc_read elapsed_ms=0 tid=140449121564352 host=DietPi.local export=/mnt/4TBS relative=/pics-sport/local choice/FB-LCC/DSC_1228.jpg iteration=7 outcome=ok bytes=0 timedout_delta=0 retransmitted_delta=0 reconnects_delta=0
PIC_NFS stage=file_read_complete elapsed_ms=14 tid=140449121564352 host=DietPi.local export=/mnt/4TBS relative=/pics-sport/local choice/FB-LCC/DSC_1228.jpg outcome=ok bytes=1059663 calls=7
PIC_NETWORK tid=ThreadId(53) PRIVATE_NFS read_done bytes=1059663 elapsed_ms=16 uri=nfs://DietPi.local/mnt/4TBS/pics-sport/local%20choice/FB-LCC/DSC_1228.jpg
PIC_VIEWER source_cache action=insert bytes=1059663 uri=nfs://DietPi.local/mnt/4TBS/pics-sport/local%20choice/FB-LCC/DSC_1228.jpg
PIC_VIEWER source_cache action=evict bytes=1380416 uri=nfs://DietPi.local/mnt/4TBS/pics-sport/local%20choice/FB-LCC/DSC_1235.jpg
PIC_VIEWER network_done lane=foreground read_ms=16 bytes=1059663 source=network outcome=ok uri=nfs://DietPi.local/mnt/4TBS/pics-sport/local%20choice/FB-LCC/DSC_1228.jpg
PIC_VIEWER decode_stage source_ms=16 cpu_ms=30 uri=nfs://DietPi.local/mnt/4TBS/pics-sport/local%20choice/FB-LCC/DSC_1228.jpg
PIC_VIEWER t_ms=5010 tid=ThreadId(53) decode_done uri=nfs://DietPi.local/mnt/4TBS/pics-sport/local%20choice/FB-LCC/DSC_1228.jpg variant=1124x794 elapsed_ms=48 outcome=ok
PIC_VIEWER t_ms=5011 tid=ThreadId(1) display_apply elapsed_ms=0 uri=nfs://DietPi.local/mnt/4TBS/pics-sport/local%20choice/FB-LCC/DSC_1228.jpg
PIC_VIEWER t_ms=5011 tid=ThreadId(1) display_done lane=foreground source=decode navigation_ms=49 uri=nfs://DietPi.local/mnt/4TBS/pics-sport/local%20choice/FB-LCC/DSC_1228.jpg
PIC_VIEWER t_ms=5022 tid=ThreadId(1) show_photo_request generation=48 index=14 uri=nfs://DietPi.local/mnt/4TBS/pics-sport/local%20choice/FB-LCC/DSC_1224.jpg
PIC_VIEWER t_ms=5022 tid=ThreadId(1) cache_hit lane=foreground uri=nfs://DietPi.local/mnt/4TBS/pics-sport/local%20choice/FB-LCC/DSC_1224.jpg
PIC_VIEWER t_ms=5022 tid=ThreadId(1) display_done lane=foreground source=texture_cache navigation_ms=0 uri=nfs://DietPi.local/mnt/4TBS/pics-sport/local%20choice/FB-LCC/DSC_1224.jpg
PIC_VIEWER t_ms=5052 tid=ThreadId(1) show_photo_request generation=49 index=13 uri=nfs://DietPi.local/mnt/4TBS/pics-sport/local%20choice/FB-LCC/DSC_1223.jpg
PIC_VIEWER t_ms=5052 tid=ThreadId(1) cache_hit lane=foreground uri=nfs://DietPi.local/mnt/4TBS/pics-sport/local%20choice/FB-LCC/DSC_1223.jpg
PIC_VIEWER t_ms=5052 tid=ThreadId(1) display_done lane=foreground source=texture_cache navigation_ms=0 uri=nfs://DietPi.local/mnt/4TBS/pics-sport/local%20choice/FB-LCC/DSC_1223.jpg
PIC_VIEWER t_ms=5082 tid=ThreadId(1) show_photo_request generation=50 index=12 uri=nfs://DietPi.local/mnt/4TBS/pics-sport/local%20choice/FB-LCC/DSC_1217.jpg
PIC_VIEWER t_ms=5082 tid=ThreadId(1) cache_hit lane=foreground uri=nfs://DietPi.local/mnt/4TBS/pics-sport/local%20choice/FB-LCC/DSC_1217.jpg
PIC_VIEWER t_ms=5082 tid=ThreadId(1) display_done lane=foreground source=texture_cache navigation_ms=0 uri=nfs://DietPi.local/mnt/4TBS/pics-sport/local%20choice/FB-LCC/DSC_1217.jpg
PIC_VIEWER t_ms=5112 tid=ThreadId(1) show_photo_request generation=51 index=11 uri=nfs://DietPi.local/mnt/4TBS/pics-sport/local%20choice/FB-LCC/DSC_1213.jpg
PIC_VIEWER t_ms=5112 tid=ThreadId(1) cache_hit lane=foreground uri=nfs://DietPi.local/mnt/4TBS/pics-sport/local%20choice/FB-LCC/DSC_1213.jpg
PIC_VIEWER t_ms=5112 tid=ThreadId(1) display_done lane=foreground source=texture_cache navigation_ms=0 uri=nfs://DietPi.local/mnt/4TBS/pics-sport/local%20choice/FB-LCC/DSC_1213.jpg
PIC_VIEWER t_ms=5142 tid=ThreadId(1) show_photo_request generation=52 index=10 uri=nfs://DietPi.local/mnt/4TBS/pics-sport/local%20choice/FB-LCC/DSC_1212.jpg
PIC_VIEWER t_ms=5142 tid=ThreadId(1) cache_hit lane=foreground uri=nfs://DietPi.local/mnt/4TBS/pics-sport/local%20choice/FB-LCC/DSC_1212.jpg
PIC_VIEWER t_ms=5142 tid=ThreadId(1) display_done lane=foreground source=texture_cache navigation_ms=0 uri=nfs://DietPi.local/mnt/4TBS/pics-sport/local%20choice/FB-LCC/DSC_1212.jpg
PIC_VIEWER t_ms=5172 tid=ThreadId(1) show_photo_request generation=53 index=9 uri=nfs://DietPi.local/mnt/4TBS/pics-sport/local%20choice/FB-LCC/DSC_1211.jpg
PIC_VIEWER t_ms=5172 tid=ThreadId(1) cache_hit lane=foreground uri=nfs://DietPi.local/mnt/4TBS/pics-sport/local%20choice/FB-LCC/DSC_1211.jpg
PIC_VIEWER t_ms=5173 tid=ThreadId(1) display_done lane=foreground source=texture_cache navigation_ms=0 uri=nfs://DietPi.local/mnt/4TBS/pics-sport/local%20choice/FB-LCC/DSC_1211.jpg
PIC_VIEWER t_ms=5203 tid=ThreadId(1) show_photo_request generation=54 index=8 uri=nfs://DietPi.local/mnt/4TBS/pics-sport/local%20choice/FB-LCC/DSC_1205.jpg
PIC_VIEWER t_ms=5203 tid=ThreadId(1) cache_hit lane=foreground uri=nfs://DietPi.local/mnt/4TBS/pics-sport/local%20choice/FB-LCC/DSC_1205.jpg
PIC_VIEWER t_ms=5203 tid=ThreadId(1) display_done lane=foreground source=texture_cache navigation_ms=0 uri=nfs://DietPi.local/mnt/4TBS/pics-sport/local%20choice/FB-LCC/DSC_1205.jpg
PIC_VIEWER t_ms=5233 tid=ThreadId(1) show_photo_request generation=55 index=7 uri=nfs://DietPi.local/mnt/4TBS/pics-sport/local%20choice/FB-LCC/DSC_1203.jpg
PIC_VIEWER t_ms=5233 tid=ThreadId(1) cache_hit lane=foreground uri=nfs://DietPi.local/mnt/4TBS/pics-sport/local%20choice/FB-LCC/DSC_1203.jpg
PIC_VIEWER t_ms=5233 tid=ThreadId(1) display_done lane=foreground source=texture_cache navigation_ms=0 uri=nfs://DietPi.local/mnt/4TBS/pics-sport/local%20choice/FB-LCC/DSC_1203.jpg
PIC_VIEWER t_ms=5263 tid=ThreadId(1) show_photo_request generation=56 index=6 uri=nfs://DietPi.local/mnt/4TBS/pics-sport/local%20choice/FB-LCC/DSC_1200.jpg
PIC_VIEWER t_ms=5263 tid=ThreadId(1) cache_hit lane=foreground uri=nfs://DietPi.local/mnt/4TBS/pics-sport/local%20choice/FB-LCC/DSC_1200.jpg
PIC_VIEWER t_ms=5263 tid=ThreadId(1) display_done lane=foreground source=texture_cache navigation_ms=0 uri=nfs://DietPi.local/mnt/4TBS/pics-sport/local%20choice/FB-LCC/DSC_1200.jpg
PIC_VIEWER t_ms=5293 tid=ThreadId(1) show_photo_request generation=57 index=5 uri=nfs://DietPi.local/mnt/4TBS/pics-sport/local%20choice/FB-LCC/DSC_1199.jpg
PIC_VIEWER t_ms=5293 tid=ThreadId(1) cache_hit lane=foreground uri=nfs://DietPi.local/mnt/4TBS/pics-sport/local%20choice/FB-LCC/DSC_1199.jpg
PIC_VIEWER t_ms=5293 tid=ThreadId(1) display_done lane=foreground source=texture_cache navigation_ms=0 uri=nfs://DietPi.local/mnt/4TBS/pics-sport/local%20choice/FB-LCC/DSC_1199.jpg
PIC_VIEWER t_ms=5323 tid=ThreadId(1) show_photo_request generation=58 index=4 uri=nfs://DietPi.local/mnt/4TBS/pics-sport/local%20choice/FB-LCC/DSC_1197.jpg
PIC_VIEWER t_ms=5323 tid=ThreadId(1) cache_hit lane=foreground uri=nfs://DietPi.local/mnt/4TBS/pics-sport/local%20choice/FB-LCC/DSC_1197.jpg
PIC_VIEWER t_ms=5323 tid=ThreadId(1) display_done lane=foreground source=texture_cache navigation_ms=0 uri=nfs://DietPi.local/mnt/4TBS/pics-sport/local%20choice/FB-LCC/DSC_1197.jpg
PIC_VIEWER t_ms=5353 tid=ThreadId(1) show_photo_request generation=59 index=3 uri=nfs://DietPi.local/mnt/4TBS/pics-sport/local%20choice/FB-LCC/DSC_1194.jpg
PIC_VIEWER t_ms=5353 tid=ThreadId(1) request lane=foreground action=new uri=nfs://DietPi.local/mnt/4TBS/pics-sport/local%20choice/FB-LCC/DSC_1194.jpg variant=1124x794
PIC_VIEWER t_ms=5353 tid=ThreadId(54) decode_start uri=nfs://DietPi.local/mnt/4TBS/pics-sport/local%20choice/FB-LCC/DSC_1194.jpg variant=1124x794 queue_ms=0
PIC_VIEWER source_cache lane=foreground action=miss uri=nfs://DietPi.local/mnt/4TBS/pics-sport/local%20choice/FB-LCC/DSC_1194.jpg
PIC_VIEWER network_slot lane=foreground wait_ms=0 uri=nfs://DietPi.local/mnt/4TBS/pics-sport/local%20choice/FB-LCC/DSC_1194.jpg
PIC_NETWORK tid=ThreadId(54) PRIVATE_NFS export_cache_hit host=DietPi.local count=5
PIC_NETWORK tid=ThreadId(54) PRIVATE_NFS read_start uri=nfs://DietPi.local/mnt/4TBS/pics-sport/local%20choice/FB-LCC/DSC_1194.jpg max_bytes=134217728
PIC_NFS stage=read_session_lock elapsed_ms=0 tid=140449121564352 host=DietPi.local export=/mnt/4TBS relative=/pics-sport/local choice/FB-LCC/DSC_1194.jpg outcome=acquired
PIC_NFS_CONNECT reuse host=DietPi.local export=/mnt/4TBS
PIC_NFS stage=file_open elapsed_ms=2 tid=140449121564352 host=DietPi.local export=/mnt/4TBS relative=/pics-sport/local choice/FB-LCC/DSC_1194.jpg outcome=ok
PIC_NFS stage=rpc_read elapsed_ms=1 tid=140449121564352 host=DietPi.local export=/mnt/4TBS relative=/pics-sport/local choice/FB-LCC/DSC_1194.jpg iteration=1 outcome=ok bytes=65536 timedout_delta=0 retransmitted_delta=0 reconnects_delta=0
PIC_NFS stage=first_read elapsed_ms=1 tid=140449121564352 host=DietPi.local export=/mnt/4TBS relative=/pics-sport/local choice/FB-LCC/DSC_1194.jpg outcome=ok bytes=65536
PIC_NFS stage=rpc_read elapsed_ms=1 tid=140449121564352 host=DietPi.local export=/mnt/4TBS relative=/pics-sport/local choice/FB-LCC/DSC_1194.jpg iteration=2 outcome=ok bytes=65536 timedout_delta=0 retransmitted_delta=0 reconnects_delta=0
PIC_NFS stage=rpc_read elapsed_ms=2 tid=140449121564352 host=DietPi.local export=/mnt/4TBS relative=/pics-sport/local choice/FB-LCC/DSC_1194.jpg iteration=3 outcome=ok bytes=131072 timedout_delta=0 retransmitted_delta=0 reconnects_delta=0
PIC_NFS stage=rpc_read elapsed_ms=3 tid=140449121564352 host=DietPi.local export=/mnt/4TBS relative=/pics-sport/local choice/FB-LCC/DSC_1194.jpg iteration=4 outcome=ok bytes=262144 timedout_delta=0 retransmitted_delta=0 reconnects_delta=0
PIC_NFS stage=rpc_read elapsed_ms=5 tid=140449121564352 host=DietPi.local export=/mnt/4TBS relative=/pics-sport/local choice/FB-LCC/DSC_1194.jpg iteration=5 outcome=ok bytes=524288 timedout_delta=0 retransmitted_delta=0 reconnects_delta=0
PIC_NFS stage=rpc_read elapsed_ms=3 tid=140449121564352 host=DietPi.local export=/mnt/4TBS relative=/pics-sport/local choice/FB-LCC/DSC_1194.jpg iteration=6 outcome=ok bytes=291935 timedout_delta=0 retransmitted_delta=0 reconnects_delta=0
PIC_NFS stage=rpc_read elapsed_ms=1 tid=140449121564352 host=DietPi.local export=/mnt/4TBS relative=/pics-sport/local choice/FB-LCC/DSC_1194.jpg iteration=7 outcome=ok bytes=0 timedout_delta=0 retransmitted_delta=0 reconnects_delta=0
PIC_NFS stage=file_read_complete elapsed_ms=16 tid=140449121564352 host=DietPi.local export=/mnt/4TBS relative=/pics-sport/local choice/FB-LCC/DSC_1194.jpg outcome=ok bytes=1340511 calls=7
PIC_NETWORK tid=ThreadId(54) PRIVATE_NFS read_done bytes=1340511 elapsed_ms=17 uri=nfs://DietPi.local/mnt/4TBS/pics-sport/local%20choice/FB-LCC/DSC_1194.jpg
PIC_VIEWER source_cache action=insert bytes=1340511 uri=nfs://DietPi.local/mnt/4TBS/pics-sport/local%20choice/FB-LCC/DSC_1194.jpg
PIC_VIEWER source_cache action=evict bytes=1009828 uri=nfs://DietPi.local/mnt/4TBS/pics-sport/local%20choice/FB-LCC/DSC_1236.jpg
PIC_VIEWER network_done lane=foreground read_ms=17 bytes=1340511 source=network outcome=ok uri=nfs://DietPi.local/mnt/4TBS/pics-sport/local%20choice/FB-LCC/DSC_1194.jpg
PIC_VIEWER decode_stage source_ms=17 cpu_ms=36 uri=nfs://DietPi.local/mnt/4TBS/pics-sport/local%20choice/FB-LCC/DSC_1194.jpg
PIC_VIEWER t_ms=5410 tid=ThreadId(54) decode_done uri=nfs://DietPi.local/mnt/4TBS/pics-sport/local%20choice/FB-LCC/DSC_1194.jpg variant=1124x794 elapsed_ms=57 outcome=ok
PIC_VIEWER t_ms=5412 tid=ThreadId(1) display_apply elapsed_ms=1 uri=nfs://DietPi.local/mnt/4TBS/pics-sport/local%20choice/FB-LCC/DSC_1194.jpg
PIC_VIEWER t_ms=5412 tid=ThreadId(1) display_done lane=foreground source=decode navigation_ms=58 uri=nfs://DietPi.local/mnt/4TBS/pics-sport/local%20choice/FB-LCC/DSC_1194.jpg
PIC_VIEWER t_ms=5413 tid=ThreadId(1) show_photo_request generation=60 index=2 uri=nfs://DietPi.local/mnt/4TBS/pics-sport/local%20choice/FB-LCC/DSC_1190.jpg
PIC_VIEWER t_ms=5413 tid=ThreadId(1) request lane=foreground action=new uri=nfs://DietPi.local/mnt/4TBS/pics-sport/local%20choice/FB-LCC/DSC_1190.jpg variant=1124x794
PIC_VIEWER t_ms=5413 tid=ThreadId(55) decode_start uri=nfs://DietPi.local/mnt/4TBS/pics-sport/local%20choice/FB-LCC/DSC_1190.jpg variant=1124x794 queue_ms=0
PIC_VIEWER source_cache lane=foreground action=miss uri=nfs://DietPi.local/mnt/4TBS/pics-sport/local%20choice/FB-LCC/DSC_1190.jpg
PIC_VIEWER network_slot lane=foreground wait_ms=0 uri=nfs://DietPi.local/mnt/4TBS/pics-sport/local%20choice/FB-LCC/DSC_1190.jpg
PIC_NETWORK tid=ThreadId(55) PRIVATE_NFS export_cache_hit host=DietPi.local count=5
PIC_NETWORK tid=ThreadId(55) PRIVATE_NFS read_start uri=nfs://DietPi.local/mnt/4TBS/pics-sport/local%20choice/FB-LCC/DSC_1190.jpg max_bytes=134217728
PIC_NFS stage=read_session_lock elapsed_ms=0 tid=140449121564352 host=DietPi.local export=/mnt/4TBS relative=/pics-sport/local choice/FB-LCC/DSC_1190.jpg outcome=acquired
PIC_NFS_CONNECT reuse host=DietPi.local export=/mnt/4TBS
PIC_NFS stage=file_open elapsed_ms=2 tid=140449121564352 host=DietPi.local export=/mnt/4TBS relative=/pics-sport/local choice/FB-LCC/DSC_1190.jpg outcome=ok
PIC_NFS stage=rpc_read elapsed_ms=17 tid=140449121564352 host=DietPi.local export=/mnt/4TBS relative=/pics-sport/local choice/FB-LCC/DSC_1190.jpg iteration=1 outcome=ok bytes=65536 timedout_delta=0 retransmitted_delta=0 reconnects_delta=0
PIC_NFS stage=first_read elapsed_ms=17 tid=140449121564352 host=DietPi.local export=/mnt/4TBS relative=/pics-sport/local choice/FB-LCC/DSC_1190.jpg outcome=ok bytes=65536
PIC_NFS stage=rpc_read elapsed_ms=1 tid=140449121564352 host=DietPi.local export=/mnt/4TBS relative=/pics-sport/local choice/FB-LCC/DSC_1190.jpg iteration=2 outcome=ok bytes=65536 timedout_delta=0 retransmitted_delta=0 reconnects_delta=0
PIC_NFS stage=rpc_read elapsed_ms=2 tid=140449121564352 host=DietPi.local export=/mnt/4TBS relative=/pics-sport/local choice/FB-LCC/DSC_1190.jpg iteration=3 outcome=ok bytes=131072 timedout_delta=0 retransmitted_delta=0 reconnects_delta=0
PIC_NFS stage=rpc_read elapsed_ms=3 tid=140449121564352 host=DietPi.local export=/mnt/4TBS relative=/pics-sport/local choice/FB-LCC/DSC_1190.jpg iteration=4 outcome=ok bytes=262144 timedout_delta=0 retransmitted_delta=0 reconnects_delta=0
PIC_NFS stage=rpc_read elapsed_ms=1 tid=140449121564352 host=DietPi.local export=/mnt/4TBS relative=/pics-sport/local choice/FB-LCC/DSC_1190.jpg iteration=5 outcome=ok bytes=41251 timedout_delta=0 retransmitted_delta=0 reconnects_delta=0
PIC_NFS stage=rpc_read elapsed_ms=1 tid=140449121564352 host=DietPi.local export=/mnt/4TBS relative=/pics-sport/local choice/FB-LCC/DSC_1190.jpg iteration=6 outcome=ok bytes=0 timedout_delta=0 retransmitted_delta=0 reconnects_delta=0
PIC_NFS stage=file_read_complete elapsed_ms=25 tid=140449121564352 host=DietPi.local export=/mnt/4TBS relative=/pics-sport/local choice/FB-LCC/DSC_1190.jpg outcome=ok bytes=565539 calls=6
PIC_NETWORK tid=ThreadId(55) PRIVATE_NFS read_done bytes=565539 elapsed_ms=26 uri=nfs://DietPi.local/mnt/4TBS/pics-sport/local%20choice/FB-LCC/DSC_1190.jpg
PIC_VIEWER source_cache action=insert bytes=565539 uri=nfs://DietPi.local/mnt/4TBS/pics-sport/local%20choice/FB-LCC/DSC_1190.jpg
PIC_VIEWER source_cache action=evict bytes=981862 uri=nfs://DietPi.local/mnt/4TBS/pics-sport/local%20choice/FB-LCC/DSC_1237.jpg
PIC_VIEWER network_done lane=foreground read_ms=27 bytes=565539 source=network outcome=ok uri=nfs://DietPi.local/mnt/4TBS/pics-sport/local%20choice/FB-LCC/DSC_1190.jpg
PIC_VIEWER decode_stage source_ms=27 cpu_ms=23 uri=nfs://DietPi.local/mnt/4TBS/pics-sport/local%20choice/FB-LCC/DSC_1190.jpg
PIC_VIEWER t_ms=5466 tid=ThreadId(55) decode_done uri=nfs://DietPi.local/mnt/4TBS/pics-sport/local%20choice/FB-LCC/DSC_1190.jpg variant=1124x794 elapsed_ms=52 outcome=ok
PIC_VIEWER t_ms=5468 tid=ThreadId(1) display_apply elapsed_ms=1 uri=nfs://DietPi.local/mnt/4TBS/pics-sport/local%20choice/FB-LCC/DSC_1190.jpg
PIC_VIEWER t_ms=5468 tid=ThreadId(1) display_done lane=foreground source=decode navigation_ms=54 uri=nfs://DietPi.local/mnt/4TBS/pics-sport/local%20choice/FB-LCC/DSC_1190.jpg
PIC_VIEWER t_ms=5473 tid=ThreadId(1) show_photo_request generation=61 index=1 uri=nfs://DietPi.local/mnt/4TBS/pics-sport/local%20choice/FB-LCC/DSC_1161.jpg
PIC_VIEWER t_ms=5473 tid=ThreadId(1) request lane=foreground action=new uri=nfs://DietPi.local/mnt/4TBS/pics-sport/local%20choice/FB-LCC/DSC_1161.jpg variant=1124x794
PIC_VIEWER t_ms=5473 tid=ThreadId(56) decode_start uri=nfs://DietPi.local/mnt/4TBS/pics-sport/local%20choice/FB-LCC/DSC_1161.jpg variant=1124x794 queue_ms=0
PIC_VIEWER source_cache lane=foreground action=miss uri=nfs://DietPi.local/mnt/4TBS/pics-sport/local%20choice/FB-LCC/DSC_1161.jpg
PIC_VIEWER network_slot lane=foreground wait_ms=0 uri=nfs://DietPi.local/mnt/4TBS/pics-sport/local%20choice/FB-LCC/DSC_1161.jpg
PIC_NETWORK tid=ThreadId(56) PRIVATE_NFS export_cache_hit host=DietPi.local count=5
PIC_NETWORK tid=ThreadId(56) PRIVATE_NFS read_start uri=nfs://DietPi.local/mnt/4TBS/pics-sport/local%20choice/FB-LCC/DSC_1161.jpg max_bytes=134217728
PIC_NFS stage=read_session_lock elapsed_ms=0 tid=140449121564352 host=DietPi.local export=/mnt/4TBS relative=/pics-sport/local choice/FB-LCC/DSC_1161.jpg outcome=acquired
PIC_NFS_CONNECT reuse host=DietPi.local export=/mnt/4TBS
PIC_NFS stage=file_open elapsed_ms=2 tid=140449121564352 host=DietPi.local export=/mnt/4TBS relative=/pics-sport/local choice/FB-LCC/DSC_1161.jpg outcome=ok
PIC_NFS stage=rpc_read elapsed_ms=1 tid=140449121564352 host=DietPi.local export=/mnt/4TBS relative=/pics-sport/local choice/FB-LCC/DSC_1161.jpg iteration=1 outcome=ok bytes=65536 timedout_delta=0 retransmitted_delta=0 reconnects_delta=0
PIC_NFS stage=first_read elapsed_ms=1 tid=140449121564352 host=DietPi.local export=/mnt/4TBS relative=/pics-sport/local choice/FB-LCC/DSC_1161.jpg outcome=ok bytes=65536
PIC_NFS stage=rpc_read elapsed_ms=2 tid=140449121564352 host=DietPi.local export=/mnt/4TBS relative=/pics-sport/local choice/FB-LCC/DSC_1161.jpg iteration=2 outcome=ok bytes=65536 timedout_delta=0 retransmitted_delta=0 reconnects_delta=0
PIC_NFS stage=rpc_read elapsed_ms=1 tid=140449121564352 host=DietPi.local export=/mnt/4TBS relative=/pics-sport/local choice/FB-LCC/DSC_1161.jpg iteration=3 outcome=ok bytes=131072 timedout_delta=0 retransmitted_delta=0 reconnects_delta=0
PIC_NFS stage=rpc_read elapsed_ms=3 tid=140449121564352 host=DietPi.local export=/mnt/4TBS relative=/pics-sport/local choice/FB-LCC/DSC_1161.jpg iteration=4 outcome=ok bytes=262144 timedout_delta=0 retransmitted_delta=0 reconnects_delta=0
PIC_NFS stage=rpc_read elapsed_ms=6 tid=140449121564352 host=DietPi.local export=/mnt/4TBS relative=/pics-sport/local choice/FB-LCC/DSC_1161.jpg iteration=5 outcome=ok bytes=524288 timedout_delta=0 retransmitted_delta=0 reconnects_delta=0
PIC_NFS stage=rpc_read elapsed_ms=0 tid=140449121564352 host=DietPi.local export=/mnt/4TBS relative=/pics-sport/local choice/FB-LCC/DSC_1161.jpg iteration=6 outcome=ok bytes=27270 timedout_delta=0 retransmitted_delta=0 reconnects_delta=0
PIC_NFS stage=rpc_read elapsed_ms=1 tid=140449121564352 host=DietPi.local export=/mnt/4TBS relative=/pics-sport/local choice/FB-LCC/DSC_1161.jpg iteration=7 outcome=ok bytes=0 timedout_delta=0 retransmitted_delta=0 reconnects_delta=0
PIC_NFS stage=file_read_complete elapsed_ms=14 tid=140449121564352 host=DietPi.local export=/mnt/4TBS relative=/pics-sport/local choice/FB-LCC/DSC_1161.jpg outcome=ok bytes=1075846 calls=7
PIC_NETWORK tid=ThreadId(56) PRIVATE_NFS read_done bytes=1075846 elapsed_ms=15 uri=nfs://DietPi.local/mnt/4TBS/pics-sport/local%20choice/FB-LCC/DSC_1161.jpg
PIC_VIEWER source_cache action=insert bytes=1075846 uri=nfs://DietPi.local/mnt/4TBS/pics-sport/local%20choice/FB-LCC/DSC_1161.jpg
PIC_VIEWER source_cache action=evict bytes=1060025 uri=nfs://DietPi.local/mnt/4TBS/pics-sport/local%20choice/FB-LCC/DSC_1238.jpg
PIC_VIEWER network_done lane=foreground read_ms=15 bytes=1075846 source=network outcome=ok uri=nfs://DietPi.local/mnt/4TBS/pics-sport/local%20choice/FB-LCC/DSC_1161.jpg
PIC_VIEWER decode_stage source_ms=15 cpu_ms=33 uri=nfs://DietPi.local/mnt/4TBS/pics-sport/local%20choice/FB-LCC/DSC_1161.jpg
PIC_VIEWER t_ms=5525 tid=ThreadId(56) decode_done uri=nfs://DietPi.local/mnt/4TBS/pics-sport/local%20choice/FB-LCC/DSC_1161.jpg variant=1124x794 elapsed_ms=51 outcome=ok
PIC_VIEWER t_ms=5527 tid=ThreadId(1) display_apply elapsed_ms=1 uri=nfs://DietPi.local/mnt/4TBS/pics-sport/local%20choice/FB-LCC/DSC_1161.jpg
PIC_VIEWER t_ms=5527 tid=ThreadId(1) display_done lane=foreground source=decode navigation_ms=53 uri=nfs://DietPi.local/mnt/4TBS/pics-sport/local%20choice/FB-LCC/DSC_1161.jpg
PIC_VIEWER t_ms=5527 tid=ThreadId(1) cache_evict uri=nfs://DietPi.local/mnt/4TBS/pics-sport/local%20choice/FB-LCC/DSC_1259.jpg bytes=3367504 remaining_entries=32 remaining_bytes=104466256
PIC_VIEWER t_ms=5533 tid=ThreadId(1) show_photo_request generation=62 index=0 uri=nfs://DietPi.local/mnt/4TBS/pics-sport/local%20choice/FB-LCC/DSC_1137.jpg
PIC_VIEWER t_ms=5533 tid=ThreadId(1) request lane=foreground action=new uri=nfs://DietPi.local/mnt/4TBS/pics-sport/local%20choice/FB-LCC/DSC_1137.jpg variant=1124x794
PIC_VIEWER t_ms=5533 tid=ThreadId(57) decode_start uri=nfs://DietPi.local/mnt/4TBS/pics-sport/local%20choice/FB-LCC/DSC_1137.jpg variant=1124x794 queue_ms=0
PIC_VIEWER source_cache lane=foreground action=miss uri=nfs://DietPi.local/mnt/4TBS/pics-sport/local%20choice/FB-LCC/DSC_1137.jpg
PIC_VIEWER network_slot lane=foreground wait_ms=0 uri=nfs://DietPi.local/mnt/4TBS/pics-sport/local%20choice/FB-LCC/DSC_1137.jpg
PIC_NETWORK tid=ThreadId(57) PRIVATE_NFS export_cache_hit host=DietPi.local count=5
PIC_NETWORK tid=ThreadId(57) PRIVATE_NFS read_start uri=nfs://DietPi.local/mnt/4TBS/pics-sport/local%20choice/FB-LCC/DSC_1137.jpg max_bytes=134217728
PIC_NFS stage=read_session_lock elapsed_ms=0 tid=140449121564352 host=DietPi.local export=/mnt/4TBS relative=/pics-sport/local choice/FB-LCC/DSC_1137.jpg outcome=acquired
PIC_NFS_CONNECT reuse host=DietPi.local export=/mnt/4TBS
PIC_NFS stage=file_open elapsed_ms=1 tid=140449121564352 host=DietPi.local export=/mnt/4TBS relative=/pics-sport/local choice/FB-LCC/DSC_1137.jpg outcome=ok
PIC_NFS stage=rpc_read elapsed_ms=1 tid=140449121564352 host=DietPi.local export=/mnt/4TBS relative=/pics-sport/local choice/FB-LCC/DSC_1137.jpg iteration=1 outcome=ok bytes=65536 timedout_delta=0 retransmitted_delta=0 reconnects_delta=0
PIC_NFS stage=first_read elapsed_ms=1 tid=140449121564352 host=DietPi.local export=/mnt/4TBS relative=/pics-sport/local choice/FB-LCC/DSC_1137.jpg outcome=ok bytes=65536
PIC_NFS stage=rpc_read elapsed_ms=2 tid=140449121564352 host=DietPi.local export=/mnt/4TBS relative=/pics-sport/local choice/FB-LCC/DSC_1137.jpg iteration=2 outcome=ok bytes=65536 timedout_delta=0 retransmitted_delta=0 reconnects_delta=0
PIC_NFS stage=rpc_read elapsed_ms=1 tid=140449121564352 host=DietPi.local export=/mnt/4TBS relative=/pics-sport/local choice/FB-LCC/DSC_1137.jpg iteration=3 outcome=ok bytes=131072 timedout_delta=0 retransmitted_delta=0 reconnects_delta=0
PIC_NFS stage=rpc_read elapsed_ms=3 tid=140449121564352 host=DietPi.local export=/mnt/4TBS relative=/pics-sport/local choice/FB-LCC/DSC_1137.jpg iteration=4 outcome=ok bytes=262144 timedout_delta=0 retransmitted_delta=0 reconnects_delta=0
PIC_NFS stage=rpc_read elapsed_ms=5 tid=140449121564352 host=DietPi.local export=/mnt/4TBS relative=/pics-sport/local choice/FB-LCC/DSC_1137.jpg iteration=5 outcome=ok bytes=503167 timedout_delta=0 retransmitted_delta=0 reconnects_delta=0
PIC_NFS stage=rpc_read elapsed_ms=1 tid=140449121564352 host=DietPi.local export=/mnt/4TBS relative=/pics-sport/local choice/FB-LCC/DSC_1137.jpg iteration=6 outcome=ok bytes=0 timedout_delta=0 retransmitted_delta=0 reconnects_delta=0
PIC_NFS stage=file_read_complete elapsed_ms=13 tid=140449121564352 host=DietPi.local export=/mnt/4TBS relative=/pics-sport/local choice/FB-LCC/DSC_1137.jpg outcome=ok bytes=1027455 calls=6
PIC_NETWORK tid=ThreadId(57) PRIVATE_NFS read_done bytes=1027455 elapsed_ms=14 uri=nfs://DietPi.local/mnt/4TBS/pics-sport/local%20choice/FB-LCC/DSC_1137.jpg
PIC_VIEWER source_cache action=insert bytes=1027455 uri=nfs://DietPi.local/mnt/4TBS/pics-sport/local%20choice/FB-LCC/DSC_1137.jpg
PIC_VIEWER source_cache action=evict bytes=1211783 uri=nfs://DietPi.local/mnt/4TBS/pics-sport/local%20choice/FB-LCC/DSC_1239.jpg
PIC_VIEWER network_done lane=foreground read_ms=14 bytes=1027455 source=network outcome=ok uri=nfs://DietPi.local/mnt/4TBS/pics-sport/local%20choice/FB-LCC/DSC_1137.jpg
PIC_VIEWER decode_stage source_ms=14 cpu_ms=32 uri=nfs://DietPi.local/mnt/4TBS/pics-sport/local%20choice/FB-LCC/DSC_1137.jpg
PIC_VIEWER t_ms=5583 tid=ThreadId(57) decode_done uri=nfs://DietPi.local/mnt/4TBS/pics-sport/local%20choice/FB-LCC/DSC_1137.jpg variant=1124x794 elapsed_ms=49 outcome=ok
PIC_VIEWER t_ms=5585 tid=ThreadId(1) display_apply elapsed_ms=1 uri=nfs://DietPi.local/mnt/4TBS/pics-sport/local%20choice/FB-LCC/DSC_1137.jpg
PIC_VIEWER t_ms=5585 tid=ThreadId(1) display_done lane=foreground source=decode navigation_ms=51 uri=nfs://DietPi.local/mnt/4TBS/pics-sport/local%20choice/FB-LCC/DSC_1137.jpg
PIC_VIEWER t_ms=5585 tid=ThreadId(1) cache_evict uri=nfs://DietPi.local/mnt/4TBS/pics-sport/local%20choice/FB-LCC/DSC_1260.jpg bytes=3372000 remaining_entries=32 remaining_bytes=104466256
PIC_VIEWER t_ms=5783 tid=ThreadId(1) cache_hit lane=prefetch uri=nfs://DietPi.local/mnt/4TBS/pics-sport/local%20choice/FB-LCC/DSC_1161.jpg
PIC_VIEWER t_ms=6572 tid=ThreadId(1) wheel_event dy=1
PIC_VIEWER t_ms=6572 tid=ThreadId(1) navigation_dispatch source=wheel from_index=0 to_index=1 direction=1
PIC_VIEWER t_ms=6572 tid=ThreadId(1) infobar_update source=wheel index=1 uri=nfs://DietPi.local/mnt/4TBS/pics-sport/local%20choice/FB-LCC/DSC_1161.jpg
PIC_VIEWER t_ms=6572 tid=ThreadId(1) show_photo_request generation=63 index=1 uri=nfs://DietPi.local/mnt/4TBS/pics-sport/local%20choice/FB-LCC/DSC_1161.jpg
PIC_VIEWER t_ms=6572 tid=ThreadId(1) cache_hit lane=foreground uri=nfs://DietPi.local/mnt/4TBS/pics-sport/local%20choice/FB-LCC/DSC_1161.jpg
PIC_VIEWER t_ms=6572 tid=ThreadId(1) display_done lane=foreground source=texture_cache navigation_ms=0 uri=nfs://DietPi.local/mnt/4TBS/pics-sport/local%20choice/FB-LCC/DSC_1161.jpg
PIC_VIEWER t_ms=6579 tid=ThreadId(1) wheel_event dy=1
PIC_VIEWER t_ms=6579 tid=ThreadId(1) navigation_dispatch source=wheel from_index=1 to_index=2 direction=1
PIC_VIEWER t_ms=6579 tid=ThreadId(1) infobar_update source=wheel index=2 uri=nfs://DietPi.local/mnt/4TBS/pics-sport/local%20choice/FB-LCC/DSC_1190.jpg
PIC_VIEWER t_ms=6580 tid=ThreadId(1) show_photo_request generation=64 index=2 uri=nfs://DietPi.local/mnt/4TBS/pics-sport/local%20choice/FB-LCC/DSC_1190.jpg
PIC_VIEWER t_ms=6580 tid=ThreadId(1) cache_hit lane=foreground uri=nfs://DietPi.local/mnt/4TBS/pics-sport/local%20choice/FB-LCC/DSC_1190.jpg
PIC_VIEWER t_ms=6580 tid=ThreadId(1) display_done lane=foreground source=texture_cache navigation_ms=0 uri=nfs://DietPi.local/mnt/4TBS/pics-sport/local%20choice/FB-LCC/DSC_1190.jpg
PIC_VIEWER t_ms=6587 tid=ThreadId(1) wheel_event dy=1
PIC_VIEWER t_ms=6587 tid=ThreadId(1) navigation_dispatch source=wheel from_index=2 to_index=3 direction=1
PIC_VIEWER t_ms=6587 tid=ThreadId(1) infobar_update source=wheel index=3 uri=nfs://DietPi.local/mnt/4TBS/pics-sport/local%20choice/FB-LCC/DSC_1194.jpg
PIC_VIEWER t_ms=6588 tid=ThreadId(1) show_photo_request generation=65 index=3 uri=nfs://DietPi.local/mnt/4TBS/pics-sport/local%20choice/FB-LCC/DSC_1194.jpg
PIC_VIEWER t_ms=6588 tid=ThreadId(1) cache_hit lane=foreground uri=nfs://DietPi.local/mnt/4TBS/pics-sport/local%20choice/FB-LCC/DSC_1194.jpg
PIC_VIEWER t_ms=6588 tid=ThreadId(1) display_done lane=foreground source=texture_cache navigation_ms=0 uri=nfs://DietPi.local/mnt/4TBS/pics-sport/local%20choice/FB-LCC/DSC_1194.jpg
PIC_VIEWER t_ms=6603 tid=ThreadId(1) wheel_event dy=1
PIC_VIEWER t_ms=6603 tid=ThreadId(1) navigation_dispatch source=wheel from_index=3 to_index=4 direction=1
PIC_VIEWER t_ms=6603 tid=ThreadId(1) infobar_update source=wheel index=4 uri=nfs://DietPi.local/mnt/4TBS/pics-sport/local%20choice/FB-LCC/DSC_1197.jpg
PIC_VIEWER t_ms=6604 tid=ThreadId(1) show_photo_request generation=66 index=4 uri=nfs://DietPi.local/mnt/4TBS/pics-sport/local%20choice/FB-LCC/DSC_1197.jpg
PIC_VIEWER t_ms=6604 tid=ThreadId(1) cache_hit lane=foreground uri=nfs://DietPi.local/mnt/4TBS/pics-sport/local%20choice/FB-LCC/DSC_1197.jpg
PIC_VIEWER t_ms=6604 tid=ThreadId(1) display_done lane=foreground source=texture_cache navigation_ms=0 uri=nfs://DietPi.local/mnt/4TBS/pics-sport/local%20choice/FB-LCC/DSC_1197.jpg
PIC_VIEWER t_ms=6619 tid=ThreadId(1) wheel_event dy=1
PIC_VIEWER t_ms=6619 tid=ThreadId(1) navigation_dispatch source=wheel from_index=4 to_index=5 direction=1
PIC_VIEWER t_ms=6619 tid=ThreadId(1) infobar_update source=wheel index=5 uri=nfs://DietPi.local/mnt/4TBS/pics-sport/local%20choice/FB-LCC/DSC_1199.jpg
PIC_VIEWER t_ms=6620 tid=ThreadId(1) show_photo_request generation=67 index=5 uri=nfs://DietPi.local/mnt/4TBS/pics-sport/local%20choice/FB-LCC/DSC_1199.jpg
PIC_VIEWER t_ms=6620 tid=ThreadId(1) cache_hit lane=foreground uri=nfs://DietPi.local/mnt/4TBS/pics-sport/local%20choice/FB-LCC/DSC_1199.jpg
PIC_VIEWER t_ms=6620 tid=ThreadId(1) display_done lane=foreground source=texture_cache navigation_ms=0 uri=nfs://DietPi.local/mnt/4TBS/pics-sport/local%20choice/FB-LCC/DSC_1199.jpg
PIC_VIEWER t_ms=6635 tid=ThreadId(1) wheel_event dy=1
PIC_VIEWER t_ms=6635 tid=ThreadId(1) navigation_dispatch source=wheel from_index=5 to_index=6 direction=1
PIC_VIEWER t_ms=6635 tid=ThreadId(1) infobar_update source=wheel index=6 uri=nfs://DietPi.local/mnt/4TBS/pics-sport/local%20choice/FB-LCC/DSC_1200.jpg
PIC_VIEWER t_ms=6636 tid=ThreadId(1) show_photo_request generation=68 index=6 uri=nfs://DietPi.local/mnt/4TBS/pics-sport/local%20choice/FB-LCC/DSC_1200.jpg
PIC_VIEWER t_ms=6636 tid=ThreadId(1) cache_hit lane=foreground uri=nfs://DietPi.local/mnt/4TBS/pics-sport/local%20choice/FB-LCC/DSC_1200.jpg
PIC_VIEWER t_ms=6636 tid=ThreadId(1) display_done lane=foreground source=texture_cache navigation_ms=0 uri=nfs://DietPi.local/mnt/4TBS/pics-sport/local%20choice/FB-LCC/DSC_1200.jpg
PIC_VIEWER t_ms=6886 tid=ThreadId(1) cache_hit lane=prefetch uri=nfs://DietPi.local/mnt/4TBS/pics-sport/local%20choice/FB-LCC/DSC_1203.jpg
PIC_VIEWER t_ms=6886 tid=ThreadId(1) cache_hit lane=prefetch uri=nfs://DietPi.local/mnt/4TBS/pics-sport/local%20choice/FB-LCC/DSC_1199.jpg
PIC_VIEWER t_ms=10689 tid=ThreadId(1) show_photo_request generation=70 index=1701 uri=nfs://DietPi.local/mnt/4TBS/Spar%20Ladies%202025/FB-Spar%20Womens-ToUpload/DSC_6965.jpg
PIC_VIEWER t_ms=10689 tid=ThreadId(1) request lane=foreground action=new uri=nfs://DietPi.local/mnt/4TBS/Spar%20Ladies%202025/FB-Spar%20Womens-ToUpload/DSC_6965.jpg variant=1124x794
PIC_VIEWER t_ms=10689 tid=ThreadId(58) decode_start uri=nfs://DietPi.local/mnt/4TBS/Spar%20Ladies%202025/FB-Spar%20Womens-ToUpload/DSC_6965.jpg variant=1124x794 queue_ms=0
PIC_VIEWER source_cache lane=foreground action=miss uri=nfs://DietPi.local/mnt/4TBS/Spar%20Ladies%202025/FB-Spar%20Womens-ToUpload/DSC_6965.jpg
PIC_VIEWER network_slot lane=foreground wait_ms=0 uri=nfs://DietPi.local/mnt/4TBS/Spar%20Ladies%202025/FB-Spar%20Womens-ToUpload/DSC_6965.jpg
PIC_NETWORK tid=ThreadId(58) PRIVATE_NFS export_cache_hit host=DietPi.local count=5
PIC_NETWORK tid=ThreadId(58) PRIVATE_NFS read_start uri=nfs://DietPi.local/mnt/4TBS/Spar%20Ladies%202025/FB-Spar%20Womens-ToUpload/DSC_6965.jpg max_bytes=134217728
PIC_NFS stage=read_session_lock elapsed_ms=0 tid=140449121564352 host=DietPi.local export=/mnt/4TBS relative=/Spar Ladies 2025/FB-Spar Womens-ToUpload/DSC_6965.jpg outcome=acquired
PIC_NFS_CONNECT reuse host=DietPi.local export=/mnt/4TBS
PIC_NFS stage=file_open elapsed_ms=2 tid=140449121564352 host=DietPi.local export=/mnt/4TBS relative=/Spar Ladies 2025/FB-Spar Womens-ToUpload/DSC_6965.jpg outcome=ok
PIC_NFS stage=rpc_read elapsed_ms=12 tid=140449121564352 host=DietPi.local export=/mnt/4TBS relative=/Spar Ladies 2025/FB-Spar Womens-ToUpload/DSC_6965.jpg iteration=1 outcome=ok bytes=65536 timedout_delta=0 retransmitted_delta=0 reconnects_delta=0
PIC_NFS stage=first_read elapsed_ms=12 tid=140449121564352 host=DietPi.local export=/mnt/4TBS relative=/Spar Ladies 2025/FB-Spar Womens-ToUpload/DSC_6965.jpg outcome=ok bytes=65536
PIC_NFS stage=rpc_read elapsed_ms=1 tid=140449121564352 host=DietPi.local export=/mnt/4TBS relative=/Spar Ladies 2025/FB-Spar Womens-ToUpload/DSC_6965.jpg iteration=2 outcome=ok bytes=65536 timedout_delta=0 retransmitted_delta=0 reconnects_delta=0
PIC_NFS stage=rpc_read elapsed_ms=2 tid=140449121564352 host=DietPi.local export=/mnt/4TBS relative=/Spar Ladies 2025/FB-Spar Womens-ToUpload/DSC_6965.jpg iteration=3 outcome=ok bytes=131072 timedout_delta=0 retransmitted_delta=0 reconnects_delta=0
PIC_NFS stage=rpc_read elapsed_ms=4 tid=140449121564352 host=DietPi.local export=/mnt/4TBS relative=/Spar Ladies 2025/FB-Spar Womens-ToUpload/DSC_6965.jpg iteration=4 outcome=ok bytes=262144 timedout_delta=0 retransmitted_delta=0 reconnects_delta=0
PIC_NFS stage=rpc_read elapsed_ms=7 tid=140449121564352 host=DietPi.local export=/mnt/4TBS relative=/Spar Ladies 2025/FB-Spar Womens-ToUpload/DSC_6965.jpg iteration=5 outcome=ok bytes=492275 timedout_delta=0 retransmitted_delta=0 reconnects_delta=0
PIC_NFS stage=rpc_read elapsed_ms=0 tid=140449121564352 host=DietPi.local export=/mnt/4TBS relative=/Spar Ladies 2025/FB-Spar Womens-ToUpload/DSC_6965.jpg iteration=6 outcome=ok bytes=0 timedout_delta=0 retransmitted_delta=0 reconnects_delta=0
PIC_NFS stage=file_read_complete elapsed_ms=26 tid=140449121564352 host=DietPi.local export=/mnt/4TBS relative=/Spar Ladies 2025/FB-Spar Womens-ToUpload/DSC_6965.jpg outcome=ok bytes=1016563 calls=6
PIC_NETWORK tid=ThreadId(58) PRIVATE_NFS read_done bytes=1016563 elapsed_ms=28 uri=nfs://DietPi.local/mnt/4TBS/Spar%20Ladies%202025/FB-Spar%20Womens-ToUpload/DSC_6965.jpg
PIC_VIEWER source_cache action=insert bytes=1016563 uri=nfs://DietPi.local/mnt/4TBS/Spar%20Ladies%202025/FB-Spar%20Womens-ToUpload/DSC_6965.jpg
PIC_VIEWER source_cache action=evict bytes=1063885 uri=nfs://DietPi.local/mnt/4TBS/pics-sport/local%20choice/FB-LCC/DSC_1240.jpg
PIC_VIEWER network_done lane=foreground read_ms=28 bytes=1016563 source=network outcome=ok uri=nfs://DietPi.local/mnt/4TBS/Spar%20Ladies%202025/FB-Spar%20Womens-ToUpload/DSC_6965.jpg
PIC_VIEWER decode_stage source_ms=28 cpu_ms=34 uri=nfs://DietPi.local/mnt/4TBS/Spar%20Ladies%202025/FB-Spar%20Womens-ToUpload/DSC_6965.jpg
PIC_VIEWER t_ms=10755 tid=ThreadId(58) decode_done uri=nfs://DietPi.local/mnt/4TBS/Spar%20Ladies%202025/FB-Spar%20Womens-ToUpload/DSC_6965.jpg variant=1124x794 elapsed_ms=65 outcome=ok
PIC_VIEWER t_ms=10756 tid=ThreadId(1) display_apply elapsed_ms=0 uri=nfs://DietPi.local/mnt/4TBS/Spar%20Ladies%202025/FB-Spar%20Womens-ToUpload/DSC_6965.jpg
PIC_VIEWER t_ms=10756 tid=ThreadId(1) display_done lane=foreground source=decode navigation_ms=66 uri=nfs://DietPi.local/mnt/4TBS/Spar%20Ladies%202025/FB-Spar%20Womens-ToUpload/DSC_6965.jpg
PIC_VIEWER t_ms=10756 tid=ThreadId(1) cache_evict uri=nfs://DietPi.local/mnt/4TBS/pics-sport/local%20choice/FB-LCC/DSC_1257.jpg bytes=3367504 remaining_entries=32 remaining_bytes=104470752
PIC_VIEWER t_ms=11091 tid=ThreadId(1) wheel_event dy=1
PIC_VIEWER t_ms=11091 tid=ThreadId(1) navigation_dispatch source=wheel from_index=1701 to_index=1702 direction=1
PIC_VIEWER t_ms=11091 tid=ThreadId(1) infobar_update source=wheel index=1702 uri=nfs://DietPi.local/mnt/4TBS/Spar%20Ladies%202025/FB-Spar%20Womens-ToUpload/DSC_6966.jpg
PIC_VIEWER t_ms=11092 tid=ThreadId(1) show_photo_request generation=71 index=1702 uri=nfs://DietPi.local/mnt/4TBS/Spar%20Ladies%202025/FB-Spar%20Womens-ToUpload/DSC_6966.jpg
PIC_VIEWER t_ms=11092 tid=ThreadId(1) request lane=foreground action=new uri=nfs://DietPi.local/mnt/4TBS/Spar%20Ladies%202025/FB-Spar%20Womens-ToUpload/DSC_6966.jpg variant=1124x794
PIC_VIEWER t_ms=11092 tid=ThreadId(59) decode_start uri=nfs://DietPi.local/mnt/4TBS/Spar%20Ladies%202025/FB-Spar%20Womens-ToUpload/DSC_6966.jpg variant=1124x794 queue_ms=0
PIC_VIEWER source_cache lane=foreground action=miss uri=nfs://DietPi.local/mnt/4TBS/Spar%20Ladies%202025/FB-Spar%20Womens-ToUpload/DSC_6966.jpg
PIC_VIEWER network_slot lane=foreground wait_ms=0 uri=nfs://DietPi.local/mnt/4TBS/Spar%20Ladies%202025/FB-Spar%20Womens-ToUpload/DSC_6966.jpg
PIC_NETWORK tid=ThreadId(59) PRIVATE_NFS export_cache_hit host=DietPi.local count=5
PIC_NETWORK tid=ThreadId(59) PRIVATE_NFS read_start uri=nfs://DietPi.local/mnt/4TBS/Spar%20Ladies%202025/FB-Spar%20Womens-ToUpload/DSC_6966.jpg max_bytes=134217728
PIC_NFS stage=read_session_lock elapsed_ms=0 tid=140449121564352 host=DietPi.local export=/mnt/4TBS relative=/Spar Ladies 2025/FB-Spar Womens-ToUpload/DSC_6966.jpg outcome=acquired
PIC_NFS_CONNECT reuse host=DietPi.local export=/mnt/4TBS
PIC_NFS stage=file_open elapsed_ms=2 tid=140449121564352 host=DietPi.local export=/mnt/4TBS relative=/Spar Ladies 2025/FB-Spar Womens-ToUpload/DSC_6966.jpg outcome=ok
PIC_NFS stage=rpc_read elapsed_ms=2 tid=140449121564352 host=DietPi.local export=/mnt/4TBS relative=/Spar Ladies 2025/FB-Spar Womens-ToUpload/DSC_6966.jpg iteration=1 outcome=ok bytes=65536 timedout_delta=0 retransmitted_delta=0 reconnects_delta=0
PIC_NFS stage=first_read elapsed_ms=2 tid=140449121564352 host=DietPi.local export=/mnt/4TBS relative=/Spar Ladies 2025/FB-Spar Womens-ToUpload/DSC_6966.jpg outcome=ok bytes=65536
PIC_NFS stage=rpc_read elapsed_ms=1 tid=140449121564352 host=DietPi.local export=/mnt/4TBS relative=/Spar Ladies 2025/FB-Spar Womens-ToUpload/DSC_6966.jpg iteration=2 outcome=ok bytes=65536 timedout_delta=0 retransmitted_delta=0 reconnects_delta=0
PIC_NFS stage=rpc_read elapsed_ms=2 tid=140449121564352 host=DietPi.local export=/mnt/4TBS relative=/Spar Ladies 2025/FB-Spar Womens-ToUpload/DSC_6966.jpg iteration=3 outcome=ok bytes=131072 timedout_delta=0 retransmitted_delta=0 reconnects_delta=0
PIC_NFS stage=rpc_read elapsed_ms=3 tid=140449121564352 host=DietPi.local export=/mnt/4TBS relative=/Spar Ladies 2025/FB-Spar Womens-ToUpload/DSC_6966.jpg iteration=4 outcome=ok bytes=262144 timedout_delta=0 retransmitted_delta=0 reconnects_delta=0
PIC_NFS stage=rpc_read elapsed_ms=5 tid=140449121564352 host=DietPi.local export=/mnt/4TBS relative=/Spar Ladies 2025/FB-Spar Womens-ToUpload/DSC_6966.jpg iteration=5 outcome=ok bytes=425030 timedout_delta=0 retransmitted_delta=0 reconnects_delta=0
PIC_NFS stage=rpc_read elapsed_ms=0 tid=140449121564352 host=DietPi.local export=/mnt/4TBS relative=/Spar Ladies 2025/FB-Spar Womens-ToUpload/DSC_6966.jpg iteration=6 outcome=ok bytes=0 timedout_delta=0 retransmitted_delta=0 reconnects_delta=0
PIC_NFS stage=file_read_complete elapsed_ms=14 tid=140449121564352 host=DietPi.local export=/mnt/4TBS relative=/Spar Ladies 2025/FB-Spar Womens-ToUpload/DSC_6966.jpg outcome=ok bytes=949318 calls=6
PIC_NETWORK tid=ThreadId(59) PRIVATE_NFS read_done bytes=949318 elapsed_ms=16 uri=nfs://DietPi.local/mnt/4TBS/Spar%20Ladies%202025/FB-Spar%20Womens-ToUpload/DSC_6966.jpg
PIC_VIEWER source_cache action=insert bytes=949318 uri=nfs://DietPi.local/mnt/4TBS/Spar%20Ladies%202025/FB-Spar%20Womens-ToUpload/DSC_6966.jpg
PIC_VIEWER source_cache action=evict bytes=1048745 uri=nfs://DietPi.local/mnt/4TBS/pics-sport/local%20choice/FB-LCC/DSC_1245.jpg
PIC_VIEWER network_done lane=foreground read_ms=16 bytes=949318 source=network outcome=ok uri=nfs://DietPi.local/mnt/4TBS/Spar%20Ladies%202025/FB-Spar%20Womens-ToUpload/DSC_6966.jpg
PIC_VIEWER t_ms=11109 tid=ThreadId(1) wheel_event dy=1
PIC_VIEWER t_ms=11109 tid=ThreadId(1) wheel_accumulate current_index=1702 target_index=1703 direction=1
PIC_VIEWER t_ms=11123 tid=ThreadId(1) wheel_event dy=1
PIC_VIEWER t_ms=11123 tid=ThreadId(1) wheel_accumulate current_index=1702 target_index=1704 direction=1
PIC_VIEWER t_ms=11140 tid=ThreadId(1) wheel_event dy=1
PIC_VIEWER t_ms=11140 tid=ThreadId(1) wheel_accumulate current_index=1702 target_index=1705 direction=1
PIC_VIEWER decode_stage source_ms=16 cpu_ms=33 uri=nfs://DietPi.local/mnt/4TBS/Spar%20Ladies%202025/FB-Spar%20Womens-ToUpload/DSC_6966.jpg
PIC_VIEWER t_ms=11144 tid=ThreadId(59) decode_done uri=nfs://DietPi.local/mnt/4TBS/Spar%20Ladies%202025/FB-Spar%20Womens-ToUpload/DSC_6966.jpg variant=1124x794 elapsed_ms=52 outcome=ok
PIC_VIEWER t_ms=11146 tid=ThreadId(1) display_apply elapsed_ms=1 uri=nfs://DietPi.local/mnt/4TBS/Spar%20Ladies%202025/FB-Spar%20Womens-ToUpload/DSC_6966.jpg
PIC_VIEWER t_ms=11146 tid=ThreadId(1) display_done lane=foreground source=decode navigation_ms=54 uri=nfs://DietPi.local/mnt/4TBS/Spar%20Ladies%202025/FB-Spar%20Womens-ToUpload/DSC_6966.jpg
PIC_VIEWER t_ms=11146 tid=ThreadId(1) cache_evict uri=nfs://DietPi.local/mnt/4TBS/pics-sport/local%20choice/FB-LCC/DSC_1255.jpg bytes=3372000 remaining_entries=32 remaining_bytes=104470752
PIC_VIEWER t_ms=11146 tid=ThreadId(1) navigation_dispatch source=wheel_coalesced from_index=1702 to_index=1705 direction=1
PIC_VIEWER t_ms=11146 tid=ThreadId(1) infobar_update source=wheel index=1705 uri=nfs://DietPi.local/mnt/4TBS/Spar%20Ladies%202025/FB-Spar%20Womens-ToUpload/DSC_6969.jpg
PIC_VIEWER t_ms=11146 tid=ThreadId(1) show_photo_request generation=72 index=1705 uri=nfs://DietPi.local/mnt/4TBS/Spar%20Ladies%202025/FB-Spar%20Womens-ToUpload/DSC_6969.jpg
PIC_VIEWER t_ms=11146 tid=ThreadId(1) request lane=foreground action=new uri=nfs://DietPi.local/mnt/4TBS/Spar%20Ladies%202025/FB-Spar%20Womens-ToUpload/DSC_6969.jpg variant=1124x794
PIC_VIEWER t_ms=11146 tid=ThreadId(60) decode_start uri=nfs://DietPi.local/mnt/4TBS/Spar%20Ladies%202025/FB-Spar%20Womens-ToUpload/DSC_6969.jpg variant=1124x794 queue_ms=0
PIC_VIEWER source_cache lane=foreground action=miss uri=nfs://DietPi.local/mnt/4TBS/Spar%20Ladies%202025/FB-Spar%20Womens-ToUpload/DSC_6969.jpg
PIC_VIEWER network_slot lane=foreground wait_ms=0 uri=nfs://DietPi.local/mnt/4TBS/Spar%20Ladies%202025/FB-Spar%20Womens-ToUpload/DSC_6969.jpg
PIC_NETWORK tid=ThreadId(60) PRIVATE_NFS export_cache_hit host=DietPi.local count=5
PIC_NETWORK tid=ThreadId(60) PRIVATE_NFS read_start uri=nfs://DietPi.local/mnt/4TBS/Spar%20Ladies%202025/FB-Spar%20Womens-ToUpload/DSC_6969.jpg max_bytes=134217728
PIC_NFS stage=read_session_lock elapsed_ms=0 tid=140449121564352 host=DietPi.local export=/mnt/4TBS relative=/Spar Ladies 2025/FB-Spar Womens-ToUpload/DSC_6969.jpg outcome=acquired
PIC_NFS_CONNECT reuse host=DietPi.local export=/mnt/4TBS
PIC_NFS stage=file_open elapsed_ms=1 tid=140449121564352 host=DietPi.local export=/mnt/4TBS relative=/Spar Ladies 2025/FB-Spar Womens-ToUpload/DSC_6969.jpg outcome=ok
PIC_VIEWER t_ms=11148 tid=ThreadId(1) wheel_event dy=1
PIC_VIEWER t_ms=11148 tid=ThreadId(1) wheel_accumulate current_index=1705 target_index=1706 direction=1
PIC_NFS stage=rpc_read elapsed_ms=3 tid=140449121564352 host=DietPi.local export=/mnt/4TBS relative=/Spar Ladies 2025/FB-Spar Womens-ToUpload/DSC_6969.jpg iteration=1 outcome=ok bytes=65536 timedout_delta=0 retransmitted_delta=0 reconnects_delta=0
PIC_NFS stage=first_read elapsed_ms=3 tid=140449121564352 host=DietPi.local export=/mnt/4TBS relative=/Spar Ladies 2025/FB-Spar Womens-ToUpload/DSC_6969.jpg outcome=ok bytes=65536
PIC_NFS stage=rpc_read elapsed_ms=1 tid=140449121564352 host=DietPi.local export=/mnt/4TBS relative=/Spar Ladies 2025/FB-Spar Womens-ToUpload/DSC_6969.jpg iteration=2 outcome=ok bytes=65536 timedout_delta=0 retransmitted_delta=0 reconnects_delta=0
PIC_NFS stage=rpc_read elapsed_ms=2 tid=140449121564352 host=DietPi.local export=/mnt/4TBS relative=/Spar Ladies 2025/FB-Spar Womens-ToUpload/DSC_6969.jpg iteration=3 outcome=ok bytes=131072 timedout_delta=0 retransmitted_delta=0 reconnects_delta=0
PIC_VIEWER t_ms=11155 tid=ThreadId(1) wheel_event dy=1
PIC_VIEWER t_ms=11155 tid=ThreadId(1) wheel_accumulate current_index=1705 target_index=1707 direction=1
PIC_NFS stage=rpc_read elapsed_ms=3 tid=140449121564352 host=DietPi.local export=/mnt/4TBS relative=/Spar Ladies 2025/FB-Spar Womens-ToUpload/DSC_6969.jpg iteration=4 outcome=ok bytes=262144 timedout_delta=0 retransmitted_delta=0 reconnects_delta=0
PIC_NFS stage=rpc_read elapsed_ms=7 tid=140449121564352 host=DietPi.local export=/mnt/4TBS relative=/Spar Ladies 2025/FB-Spar Womens-ToUpload/DSC_6969.jpg iteration=5 outcome=ok bytes=524288 timedout_delta=0 retransmitted_delta=0 reconnects_delta=0
PIC_NFS stage=rpc_read elapsed_ms=4 tid=140449121564352 host=DietPi.local export=/mnt/4TBS relative=/Spar Ladies 2025/FB-Spar Womens-ToUpload/DSC_6969.jpg iteration=6 outcome=ok bytes=287938 timedout_delta=0 retransmitted_delta=0 reconnects_delta=0
PIC_NFS stage=rpc_read elapsed_ms=1 tid=140449121564352 host=DietPi.local export=/mnt/4TBS relative=/Spar Ladies 2025/FB-Spar Womens-ToUpload/DSC_6969.jpg iteration=7 outcome=ok bytes=0 timedout_delta=0 retransmitted_delta=0 reconnects_delta=0
PIC_NFS stage=file_read_complete elapsed_ms=21 tid=140449121564352 host=DietPi.local export=/mnt/4TBS relative=/Spar Ladies 2025/FB-Spar Womens-ToUpload/DSC_6969.jpg outcome=ok bytes=1336514 calls=7
PIC_NETWORK tid=ThreadId(60) PRIVATE_NFS read_done bytes=1336514 elapsed_ms=22 uri=nfs://DietPi.local/mnt/4TBS/Spar%20Ladies%202025/FB-Spar%20Womens-ToUpload/DSC_6969.jpg
PIC_VIEWER source_cache action=insert bytes=1336514 uri=nfs://DietPi.local/mnt/4TBS/Spar%20Ladies%202025/FB-Spar%20Womens-ToUpload/DSC_6969.jpg
PIC_VIEWER source_cache action=evict bytes=1281462 uri=nfs://DietPi.local/mnt/4TBS/pics-sport/local%20choice/FB-LCC/DSC_1249.jpg
PIC_VIEWER network_done lane=foreground read_ms=22 bytes=1336514 source=network outcome=ok uri=nfs://DietPi.local/mnt/4TBS/Spar%20Ladies%202025/FB-Spar%20Womens-ToUpload/DSC_6969.jpg
PIC_VIEWER t_ms=11171 tid=ThreadId(1) wheel_event dy=1
PIC_VIEWER t_ms=11171 tid=ThreadId(1) wheel_accumulate current_index=1705 target_index=1708 direction=1
PIC_VIEWER decode_stage source_ms=22 cpu_ms=36 uri=nfs://DietPi.local/mnt/4TBS/Spar%20Ladies%202025/FB-Spar%20Womens-ToUpload/DSC_6969.jpg
PIC_VIEWER t_ms=11208 tid=ThreadId(60) decode_done uri=nfs://DietPi.local/mnt/4TBS/Spar%20Ladies%202025/FB-Spar%20Womens-ToUpload/DSC_6969.jpg variant=1124x794 elapsed_ms=61 outcome=ok
PIC_VIEWER t_ms=11208 tid=ThreadId(1) display_apply elapsed_ms=0 uri=nfs://DietPi.local/mnt/4TBS/Spar%20Ladies%202025/FB-Spar%20Womens-ToUpload/DSC_6969.jpg
PIC_VIEWER t_ms=11208 tid=ThreadId(1) display_done lane=foreground source=decode navigation_ms=61 uri=nfs://DietPi.local/mnt/4TBS/Spar%20Ladies%202025/FB-Spar%20Womens-ToUpload/DSC_6969.jpg
PIC_VIEWER t_ms=11208 tid=ThreadId(1) cache_evict uri=nfs://DietPi.local/mnt/4TBS/pics-sport/local%20choice/FB-LCC/DSC_1253.jpg bytes=3372000 remaining_entries=32 remaining_bytes=104470752
PIC_VIEWER t_ms=11208 tid=ThreadId(1) navigation_dispatch source=wheel_coalesced from_index=1705 to_index=1708 direction=1
PIC_VIEWER t_ms=11208 tid=ThreadId(1) infobar_update source=wheel index=1708 uri=nfs://DietPi.local/mnt/4TBS/Spar%20Ladies%202025/FB-Spar%20Womens-ToUpload/DSC_6972.jpg
PIC_VIEWER t_ms=11209 tid=ThreadId(1) show_photo_request generation=73 index=1708 uri=nfs://DietPi.local/mnt/4TBS/Spar%20Ladies%202025/FB-Spar%20Womens-ToUpload/DSC_6972.jpg
PIC_VIEWER t_ms=11209 tid=ThreadId(1) request lane=foreground action=new uri=nfs://DietPi.local/mnt/4TBS/Spar%20Ladies%202025/FB-Spar%20Womens-ToUpload/DSC_6972.jpg variant=1124x794
PIC_VIEWER t_ms=11209 tid=ThreadId(61) decode_start uri=nfs://DietPi.local/mnt/4TBS/Spar%20Ladies%202025/FB-Spar%20Womens-ToUpload/DSC_6972.jpg variant=1124x794 queue_ms=0
PIC_VIEWER source_cache lane=foreground action=miss uri=nfs://DietPi.local/mnt/4TBS/Spar%20Ladies%202025/FB-Spar%20Womens-ToUpload/DSC_6972.jpg
PIC_VIEWER network_slot lane=foreground wait_ms=0 uri=nfs://DietPi.local/mnt/4TBS/Spar%20Ladies%202025/FB-Spar%20Womens-ToUpload/DSC_6972.jpg
PIC_NETWORK tid=ThreadId(61) PRIVATE_NFS export_cache_hit host=DietPi.local count=5
PIC_NETWORK tid=ThreadId(61) PRIVATE_NFS read_start uri=nfs://DietPi.local/mnt/4TBS/Spar%20Ladies%202025/FB-Spar%20Womens-ToUpload/DSC_6972.jpg max_bytes=134217728
PIC_NFS stage=read_session_lock elapsed_ms=0 tid=140449121564352 host=DietPi.local export=/mnt/4TBS relative=/Spar Ladies 2025/FB-Spar Womens-ToUpload/DSC_6972.jpg outcome=acquired
PIC_NFS_CONNECT reuse host=DietPi.local export=/mnt/4TBS
PIC_NFS stage=file_open elapsed_ms=2 tid=140449121564352 host=DietPi.local export=/mnt/4TBS relative=/Spar Ladies 2025/FB-Spar Womens-ToUpload/DSC_6972.jpg outcome=ok
PIC_NFS stage=rpc_read elapsed_ms=2 tid=140449121564352 host=DietPi.local export=/mnt/4TBS relative=/Spar Ladies 2025/FB-Spar Womens-ToUpload/DSC_6972.jpg iteration=1 outcome=ok bytes=65536 timedout_delta=0 retransmitted_delta=0 reconnects_delta=0
PIC_NFS stage=first_read elapsed_ms=2 tid=140449121564352 host=DietPi.local export=/mnt/4TBS relative=/Spar Ladies 2025/FB-Spar Womens-ToUpload/DSC_6972.jpg outcome=ok bytes=65536
PIC_NFS stage=rpc_read elapsed_ms=1 tid=140449121564352 host=DietPi.local export=/mnt/4TBS relative=/Spar Ladies 2025/FB-Spar Womens-ToUpload/DSC_6972.jpg iteration=2 outcome=ok bytes=65536 timedout_delta=0 retransmitted_delta=0 reconnects_delta=0
PIC_NFS stage=rpc_read elapsed_ms=2 tid=140449121564352 host=DietPi.local export=/mnt/4TBS relative=/Spar Ladies 2025/FB-Spar Womens-ToUpload/DSC_6972.jpg iteration=3 outcome=ok bytes=131072 timedout_delta=0 retransmitted_delta=0 reconnects_delta=0
PIC_NFS stage=rpc_read elapsed_ms=4 tid=140449121564352 host=DietPi.local export=/mnt/4TBS relative=/Spar Ladies 2025/FB-Spar Womens-ToUpload/DSC_6972.jpg iteration=4 outcome=ok bytes=262144 timedout_delta=0 retransmitted_delta=0 reconnects_delta=0
PIC_NFS stage=rpc_read elapsed_ms=7 tid=140449121564352 host=DietPi.local export=/mnt/4TBS relative=/Spar Ladies 2025/FB-Spar Womens-ToUpload/DSC_6972.jpg iteration=5 outcome=ok bytes=524288 timedout_delta=0 retransmitted_delta=0 reconnects_delta=0
PIC_NFS stage=rpc_read elapsed_ms=4 tid=140449121564352 host=DietPi.local export=/mnt/4TBS relative=/Spar Ladies 2025/FB-Spar Womens-ToUpload/DSC_6972.jpg iteration=6 outcome=ok bytes=308913 timedout_delta=0 retransmitted_delta=0 reconnects_delta=0
PIC_NFS stage=rpc_read elapsed_ms=1 tid=140449121564352 host=DietPi.local export=/mnt/4TBS relative=/Spar Ladies 2025/FB-Spar Womens-ToUpload/DSC_6972.jpg iteration=7 outcome=ok bytes=0 timedout_delta=0 retransmitted_delta=0 reconnects_delta=0
PIC_NFS stage=file_read_complete elapsed_ms=21 tid=140449121564352 host=DietPi.local export=/mnt/4TBS relative=/Spar Ladies 2025/FB-Spar Womens-ToUpload/DSC_6972.jpg outcome=ok bytes=1357489 calls=7
PIC_NETWORK tid=ThreadId(61) PRIVATE_NFS read_done bytes=1357489 elapsed_ms=22 uri=nfs://DietPi.local/mnt/4TBS/Spar%20Ladies%202025/FB-Spar%20Womens-ToUpload/DSC_6972.jpg
PIC_VIEWER source_cache action=insert bytes=1357489 uri=nfs://DietPi.local/mnt/4TBS/Spar%20Ladies%202025/FB-Spar%20Womens-ToUpload/DSC_6972.jpg
PIC_VIEWER source_cache action=evict bytes=1191833 uri=nfs://DietPi.local/mnt/4TBS/pics-sport/local%20choice/FB-LCC/DSC_1250.jpg
PIC_VIEWER network_done lane=foreground read_ms=22 bytes=1357489 source=network outcome=ok uri=nfs://DietPi.local/mnt/4TBS/Spar%20Ladies%202025/FB-Spar%20Womens-ToUpload/DSC_6972.jpg
PIC_VIEWER decode_stage source_ms=23 cpu_ms=37 uri=nfs://DietPi.local/mnt/4TBS/Spar%20Ladies%202025/FB-Spar%20Womens-ToUpload/DSC_6972.jpg
PIC_VIEWER t_ms=11272 tid=ThreadId(61) decode_done uri=nfs://DietPi.local/mnt/4TBS/Spar%20Ladies%202025/FB-Spar%20Womens-ToUpload/DSC_6972.jpg variant=1124x794 elapsed_ms=63 outcome=ok
PIC_VIEWER t_ms=11273 tid=ThreadId(1) display_apply elapsed_ms=0 uri=nfs://DietPi.local/mnt/4TBS/Spar%20Ladies%202025/FB-Spar%20Womens-ToUpload/DSC_6972.jpg
PIC_VIEWER t_ms=11273 tid=ThreadId(1) display_done lane=foreground source=decode navigation_ms=64 uri=nfs://DietPi.local/mnt/4TBS/Spar%20Ladies%202025/FB-Spar%20Womens-ToUpload/DSC_6972.jpg
PIC_VIEWER t_ms=11273 tid=ThreadId(1) cache_evict uri=nfs://DietPi.local/mnt/4TBS/pics-sport/local%20choice/FB-LCC/DSC_1252.jpg bytes=3372000 remaining_entries=32 remaining_bytes=104470752
PIC_VIEWER t_ms=11459 tid=ThreadId(1) request lane=prefetch action=new uri=nfs://DietPi.local/mnt/4TBS/Spar%20Ladies%202025/FB-Spar%20Womens-ToUpload/DSC_6973.jpg variant=1124x794
PIC_VIEWER t_ms=11459 tid=ThreadId(1) request lane=prefetch action=new uri=nfs://DietPi.local/mnt/4TBS/Spar%20Ladies%202025/FB-Spar%20Womens-ToUpload/DSC_6971.jpg variant=1124x794
PIC_VIEWER t_ms=11459 tid=ThreadId(62) decode_start uri=nfs://DietPi.local/mnt/4TBS/Spar%20Ladies%202025/FB-Spar%20Womens-ToUpload/DSC_6973.jpg variant=1124x794 queue_ms=0
PIC_VIEWER source_cache lane=prefetch action=miss uri=nfs://DietPi.local/mnt/4TBS/Spar%20Ladies%202025/FB-Spar%20Womens-ToUpload/DSC_6973.jpg
PIC_VIEWER network_slot lane=prefetch wait_ms=0 uri=nfs://DietPi.local/mnt/4TBS/Spar%20Ladies%202025/FB-Spar%20Womens-ToUpload/DSC_6973.jpg
PIC_NETWORK tid=ThreadId(62) PRIVATE_NFS export_cache_hit host=DietPi.local count=5
PIC_NETWORK tid=ThreadId(62) PRIVATE_NFS read_start uri=nfs://DietPi.local/mnt/4TBS/Spar%20Ladies%202025/FB-Spar%20Womens-ToUpload/DSC_6973.jpg max_bytes=134217728
PIC_NFS stage=read_session_lock elapsed_ms=0 tid=140449121564352 host=DietPi.local export=/mnt/4TBS relative=/Spar Ladies 2025/FB-Spar Womens-ToUpload/DSC_6973.jpg outcome=acquired
PIC_NFS_CONNECT reuse host=DietPi.local export=/mnt/4TBS
PIC_VIEWER t_ms=11459 tid=ThreadId(63) decode_start uri=nfs://DietPi.local/mnt/4TBS/Spar%20Ladies%202025/FB-Spar%20Womens-ToUpload/DSC_6971.jpg variant=1124x794 queue_ms=0
PIC_VIEWER source_cache lane=prefetch action=miss uri=nfs://DietPi.local/mnt/4TBS/Spar%20Ladies%202025/FB-Spar%20Womens-ToUpload/DSC_6971.jpg
PIC_NFS stage=file_open elapsed_ms=2 tid=140449121564352 host=DietPi.local export=/mnt/4TBS relative=/Spar Ladies 2025/FB-Spar Womens-ToUpload/DSC_6973.jpg outcome=ok
PIC_NFS stage=rpc_read elapsed_ms=2 tid=140449121564352 host=DietPi.local export=/mnt/4TBS relative=/Spar Ladies 2025/FB-Spar Womens-ToUpload/DSC_6973.jpg iteration=1 outcome=ok bytes=65536 timedout_delta=0 retransmitted_delta=0 reconnects_delta=0
PIC_NFS stage=first_read elapsed_ms=2 tid=140449121564352 host=DietPi.local export=/mnt/4TBS relative=/Spar Ladies 2025/FB-Spar Womens-ToUpload/DSC_6973.jpg outcome=ok bytes=65536
PIC_NFS stage=rpc_read elapsed_ms=2 tid=140449121564352 host=DietPi.local export=/mnt/4TBS relative=/Spar Ladies 2025/FB-Spar Womens-ToUpload/DSC_6973.jpg iteration=2 outcome=ok bytes=65536 timedout_delta=0 retransmitted_delta=0 reconnects_delta=0
PIC_NFS stage=rpc_read elapsed_ms=2 tid=140449121564352 host=DietPi.local export=/mnt/4TBS relative=/Spar Ladies 2025/FB-Spar Womens-ToUpload/DSC_6973.jpg iteration=3 outcome=ok bytes=131072 timedout_delta=0 retransmitted_delta=0 reconnects_delta=0
PIC_NFS stage=rpc_read elapsed_ms=3 tid=140449121564352 host=DietPi.local export=/mnt/4TBS relative=/Spar Ladies 2025/FB-Spar Womens-ToUpload/DSC_6973.jpg iteration=4 outcome=ok bytes=262144 timedout_delta=0 retransmitted_delta=0 reconnects_delta=0
PIC_NFS stage=rpc_read elapsed_ms=27 tid=140449121564352 host=DietPi.local export=/mnt/4TBS relative=/Spar Ladies 2025/FB-Spar Womens-ToUpload/DSC_6973.jpg iteration=5 outcome=ok bytes=524288 timedout_delta=0 retransmitted_delta=0 reconnects_delta=0
PIC_NFS stage=rpc_read elapsed_ms=4 tid=140449121564352 host=DietPi.local export=/mnt/4TBS relative=/Spar Ladies 2025/FB-Spar Womens-ToUpload/DSC_6973.jpg iteration=6 outcome=ok bytes=270832 timedout_delta=0 retransmitted_delta=0 reconnects_delta=0
PIC_NFS stage=rpc_read elapsed_ms=0 tid=140449121564352 host=DietPi.local export=/mnt/4TBS relative=/Spar Ladies 2025/FB-Spar Womens-ToUpload/DSC_6973.jpg iteration=7 outcome=ok bytes=0 timedout_delta=0 retransmitted_delta=0 reconnects_delta=0
PIC_NFS stage=file_read_complete elapsed_ms=40 tid=140449121564352 host=DietPi.local export=/mnt/4TBS relative=/Spar Ladies 2025/FB-Spar Womens-ToUpload/DSC_6973.jpg outcome=ok bytes=1319408 calls=7
PIC_NETWORK tid=ThreadId(62) PRIVATE_NFS read_done bytes=1319408 elapsed_ms=42 uri=nfs://DietPi.local/mnt/4TBS/Spar%20Ladies%202025/FB-Spar%20Womens-ToUpload/DSC_6973.jpg
PIC_VIEWER source_cache action=insert bytes=1319408 uri=nfs://DietPi.local/mnt/4TBS/Spar%20Ladies%202025/FB-Spar%20Womens-ToUpload/DSC_6973.jpg
PIC_VIEWER source_cache action=evict bytes=1405871 uri=nfs://DietPi.local/mnt/4TBS/pics-sport/local%20choice/FB-LCC/DSC_1252.jpg
PIC_VIEWER network_done lane=prefetch read_ms=42 bytes=1319408 source=network outcome=ok uri=nfs://DietPi.local/mnt/4TBS/Spar%20Ladies%202025/FB-Spar%20Womens-ToUpload/DSC_6973.jpg
PIC_VIEWER network_slot lane=prefetch wait_ms=42 uri=nfs://DietPi.local/mnt/4TBS/Spar%20Ladies%202025/FB-Spar%20Womens-ToUpload/DSC_6971.jpg
PIC_NETWORK tid=ThreadId(63) PRIVATE_NFS export_cache_hit host=DietPi.local count=5
PIC_NETWORK tid=ThreadId(63) PRIVATE_NFS read_start uri=nfs://DietPi.local/mnt/4TBS/Spar%20Ladies%202025/FB-Spar%20Womens-ToUpload/DSC_6971.jpg max_bytes=134217728
PIC_NFS stage=read_session_lock elapsed_ms=0 tid=140446473631424 host=DietPi.local export=/mnt/4TBS relative=/Spar Ladies 2025/FB-Spar Womens-ToUpload/DSC_6971.jpg outcome=acquired
PIC_NFS_CONNECT reuse host=DietPi.local export=/mnt/4TBS
PIC_NFS stage=file_open elapsed_ms=2 tid=140446473631424 host=DietPi.local export=/mnt/4TBS relative=/Spar Ladies 2025/FB-Spar Womens-ToUpload/DSC_6971.jpg outcome=ok
PIC_NFS stage=rpc_read elapsed_ms=7 tid=140446473631424 host=DietPi.local export=/mnt/4TBS relative=/Spar Ladies 2025/FB-Spar Womens-ToUpload/DSC_6971.jpg iteration=1 outcome=ok bytes=65536 timedout_delta=0 retransmitted_delta=0 reconnects_delta=0
PIC_NFS stage=first_read elapsed_ms=7 tid=140446473631424 host=DietPi.local export=/mnt/4TBS relative=/Spar Ladies 2025/FB-Spar Womens-ToUpload/DSC_6971.jpg outcome=ok bytes=65536
PIC_NFS stage=rpc_read elapsed_ms=1 tid=140446473631424 host=DietPi.local export=/mnt/4TBS relative=/Spar Ladies 2025/FB-Spar Womens-ToUpload/DSC_6971.jpg iteration=2 outcome=ok bytes=65536 timedout_delta=0 retransmitted_delta=0 reconnects_delta=0
PIC_NFS stage=rpc_read elapsed_ms=2 tid=140446473631424 host=DietPi.local export=/mnt/4TBS relative=/Spar Ladies 2025/FB-Spar Womens-ToUpload/DSC_6971.jpg iteration=3 outcome=ok bytes=131072 timedout_delta=0 retransmitted_delta=0 reconnects_delta=0
PIC_NFS stage=rpc_read elapsed_ms=4 tid=140446473631424 host=DietPi.local export=/mnt/4TBS relative=/Spar Ladies 2025/FB-Spar Womens-ToUpload/DSC_6971.jpg iteration=4 outcome=ok bytes=262144 timedout_delta=0 retransmitted_delta=0 reconnects_delta=0
PIC_NFS stage=rpc_read elapsed_ms=7 tid=140446473631424 host=DietPi.local export=/mnt/4TBS relative=/Spar Ladies 2025/FB-Spar Womens-ToUpload/DSC_6971.jpg iteration=5 outcome=ok bytes=524288 timedout_delta=0 retransmitted_delta=0 reconnects_delta=0
PIC_NFS stage=rpc_read elapsed_ms=1 tid=140446473631424 host=DietPi.local export=/mnt/4TBS relative=/Spar Ladies 2025/FB-Spar Womens-ToUpload/DSC_6971.jpg iteration=6 outcome=ok bytes=76223 timedout_delta=0 retransmitted_delta=0 reconnects_delta=0
PIC_NFS stage=rpc_read elapsed_ms=1 tid=140446473631424 host=DietPi.local export=/mnt/4TBS relative=/Spar Ladies 2025/FB-Spar Womens-ToUpload/DSC_6971.jpg iteration=7 outcome=ok bytes=0 timedout_delta=0 retransmitted_delta=0 reconnects_delta=0
PIC_NFS stage=file_read_complete elapsed_ms=23 tid=140446473631424 host=DietPi.local export=/mnt/4TBS relative=/Spar Ladies 2025/FB-Spar Womens-ToUpload/DSC_6971.jpg outcome=ok bytes=1124799 calls=7
PIC_NETWORK tid=ThreadId(63) PRIVATE_NFS read_done bytes=1124799 elapsed_ms=24 uri=nfs://DietPi.local/mnt/4TBS/Spar%20Ladies%202025/FB-Spar%20Womens-ToUpload/DSC_6971.jpg
PIC_VIEWER source_cache action=insert bytes=1124799 uri=nfs://DietPi.local/mnt/4TBS/Spar%20Ladies%202025/FB-Spar%20Womens-ToUpload/DSC_6971.jpg
PIC_VIEWER source_cache action=evict bytes=1509700 uri=nfs://DietPi.local/mnt/4TBS/pics-sport/local%20choice/FB-LCC/DSC_1253.jpg
PIC_VIEWER network_done lane=prefetch read_ms=24 bytes=1124799 source=network outcome=ok uri=nfs://DietPi.local/mnt/4TBS/Spar%20Ladies%202025/FB-Spar%20Womens-ToUpload/DSC_6971.jpg
PIC_VIEWER decode_stage source_ms=42 cpu_ms=38 uri=nfs://DietPi.local/mnt/4TBS/Spar%20Ladies%202025/FB-Spar%20Womens-ToUpload/DSC_6973.jpg
PIC_VIEWER t_ms=11543 tid=ThreadId(62) decode_done uri=nfs://DietPi.local/mnt/4TBS/Spar%20Ladies%202025/FB-Spar%20Womens-ToUpload/DSC_6973.jpg variant=1124x794 elapsed_ms=83 outcome=ok
PIC_VIEWER t_ms=11543 tid=ThreadId(1) cache_evict uri=nfs://DietPi.local/mnt/4TBS/pics-sport/local%20choice/FB-LCC/DSC_1250.jpg bytes=3367504 remaining_entries=32 remaining_bytes=104475248
PIC_VIEWER decode_stage source_ms=67 cpu_ms=36 uri=nfs://DietPi.local/mnt/4TBS/Spar%20Ladies%202025/FB-Spar%20Womens-ToUpload/DSC_6971.jpg
PIC_VIEWER t_ms=11566 tid=ThreadId(63) decode_done uri=nfs://DietPi.local/mnt/4TBS/Spar%20Ladies%202025/FB-Spar%20Womens-ToUpload/DSC_6971.jpg variant=1124x794 elapsed_ms=106 outcome=ok
PIC_VIEWER t_ms=11568 tid=ThreadId(1) cache_evict uri=nfs://DietPi.local/mnt/4TBS/pics-sport/local%20choice/FB-LCC/DSC_1249.jpg bytes=3367504 remaining_entries=32 remaining_bytes=104479744
PIC_VIEWER t_ms=11919 tid=ThreadId(1) show_photo_request generation=74 index=1709 uri=nfs://DietPi.local/mnt/4TBS/Spar%20Ladies%202025/FB-Spar%20Womens-ToUpload/DSC_6973.jpg
PIC_VIEWER t_ms=11919 tid=ThreadId(1) cache_hit lane=foreground uri=nfs://DietPi.local/mnt/4TBS/Spar%20Ladies%202025/FB-Spar%20Womens-ToUpload/DSC_6973.jpg
PIC_VIEWER t_ms=11919 tid=ThreadId(1) display_done lane=foreground source=texture_cache navigation_ms=0 uri=nfs://DietPi.local/mnt/4TBS/Spar%20Ladies%202025/FB-Spar%20Womens-ToUpload/DSC_6973.jpg
PIC_VIEWER t_ms=12170 tid=ThreadId(1) request lane=prefetch action=new uri=nfs://DietPi.local/mnt/4TBS/Spar%20Ladies%202025/FB-Spar%20Womens-ToUpload/DSC_6974.jpg variant=1124x794
PIC_VIEWER t_ms=12170 tid=ThreadId(1) cache_hit lane=prefetch uri=nfs://DietPi.local/mnt/4TBS/Spar%20Ladies%202025/FB-Spar%20Womens-ToUpload/DSC_6972.jpg
PIC_VIEWER t_ms=12170 tid=ThreadId(64) decode_start uri=nfs://DietPi.local/mnt/4TBS/Spar%20Ladies%202025/FB-Spar%20Womens-ToUpload/DSC_6974.jpg variant=1124x794 queue_ms=0
PIC_VIEWER source_cache lane=prefetch action=miss uri=nfs://DietPi.local/mnt/4TBS/Spar%20Ladies%202025/FB-Spar%20Womens-ToUpload/DSC_6974.jpg
PIC_VIEWER network_slot lane=prefetch wait_ms=0 uri=nfs://DietPi.local/mnt/4TBS/Spar%20Ladies%202025/FB-Spar%20Womens-ToUpload/DSC_6974.jpg
PIC_NETWORK tid=ThreadId(64) PRIVATE_NFS export_cache_hit host=DietPi.local count=5
PIC_NETWORK tid=ThreadId(64) PRIVATE_NFS read_start uri=nfs://DietPi.local/mnt/4TBS/Spar%20Ladies%202025/FB-Spar%20Womens-ToUpload/DSC_6974.jpg max_bytes=134217728
PIC_NFS stage=read_session_lock elapsed_ms=0 tid=140446473631424 host=DietPi.local export=/mnt/4TBS relative=/Spar Ladies 2025/FB-Spar Womens-ToUpload/DSC_6974.jpg outcome=acquired
PIC_NFS_CONNECT reuse host=DietPi.local export=/mnt/4TBS
PIC_NFS stage=file_open elapsed_ms=2 tid=140446473631424 host=DietPi.local export=/mnt/4TBS relative=/Spar Ladies 2025/FB-Spar Womens-ToUpload/DSC_6974.jpg outcome=ok
PIC_NFS stage=rpc_read elapsed_ms=2 tid=140446473631424 host=DietPi.local export=/mnt/4TBS relative=/Spar Ladies 2025/FB-Spar Womens-ToUpload/DSC_6974.jpg iteration=1 outcome=ok bytes=65536 timedout_delta=0 retransmitted_delta=0 reconnects_delta=0
PIC_NFS stage=first_read elapsed_ms=2 tid=140446473631424 host=DietPi.local export=/mnt/4TBS relative=/Spar Ladies 2025/FB-Spar Womens-ToUpload/DSC_6974.jpg outcome=ok bytes=65536
PIC_NFS stage=rpc_read elapsed_ms=1 tid=140446473631424 host=DietPi.local export=/mnt/4TBS relative=/Spar Ladies 2025/FB-Spar Womens-ToUpload/DSC_6974.jpg iteration=2 outcome=ok bytes=65536 timedout_delta=0 retransmitted_delta=0 reconnects_delta=0
PIC_NFS stage=rpc_read elapsed_ms=2 tid=140446473631424 host=DietPi.local export=/mnt/4TBS relative=/Spar Ladies 2025/FB-Spar Womens-ToUpload/DSC_6974.jpg iteration=3 outcome=ok bytes=131072 timedout_delta=0 retransmitted_delta=0 reconnects_delta=0
PIC_NFS stage=rpc_read elapsed_ms=4 tid=140446473631424 host=DietPi.local export=/mnt/4TBS relative=/Spar Ladies 2025/FB-Spar Womens-ToUpload/DSC_6974.jpg iteration=4 outcome=ok bytes=262144 timedout_delta=0 retransmitted_delta=0 reconnects_delta=0
PIC_NFS stage=rpc_read elapsed_ms=6 tid=140446473631424 host=DietPi.local export=/mnt/4TBS relative=/Spar Ladies 2025/FB-Spar Womens-ToUpload/DSC_6974.jpg iteration=5 outcome=ok bytes=524288 timedout_delta=0 retransmitted_delta=0 reconnects_delta=0
PIC_NFS stage=rpc_read elapsed_ms=2 tid=140446473631424 host=DietPi.local export=/mnt/4TBS relative=/Spar Ladies 2025/FB-Spar Womens-ToUpload/DSC_6974.jpg iteration=6 outcome=ok bytes=107597 timedout_delta=0 retransmitted_delta=0 reconnects_delta=0
PIC_NFS stage=rpc_read elapsed_ms=0 tid=140446473631424 host=DietPi.local export=/mnt/4TBS relative=/Spar Ladies 2025/FB-Spar Womens-ToUpload/DSC_6974.jpg iteration=7 outcome=ok bytes=0 timedout_delta=0 retransmitted_delta=0 reconnects_delta=0
PIC_NFS stage=file_read_complete elapsed_ms=17 tid=140446473631424 host=DietPi.local export=/mnt/4TBS relative=/Spar Ladies 2025/FB-Spar Womens-ToUpload/DSC_6974.jpg outcome=ok bytes=1156173 calls=7
PIC_NETWORK tid=ThreadId(64) PRIVATE_NFS read_done bytes=1156173 elapsed_ms=19 uri=nfs://DietPi.local/mnt/4TBS/Spar%20Ladies%202025/FB-Spar%20Womens-ToUpload/DSC_6974.jpg
PIC_VIEWER source_cache action=insert bytes=1156173 uri=nfs://DietPi.local/mnt/4TBS/Spar%20Ladies%202025/FB-Spar%20Womens-ToUpload/DSC_6974.jpg
PIC_VIEWER source_cache action=evict bytes=1337567 uri=nfs://DietPi.local/mnt/4TBS/pics-sport/local%20choice/FB-LCC/DSC_1255.jpg
PIC_VIEWER network_done lane=prefetch read_ms=19 bytes=1156173 source=network outcome=ok uri=nfs://DietPi.local/mnt/4TBS/Spar%20Ladies%202025/FB-Spar%20Womens-ToUpload/DSC_6974.jpg
PIC_VIEWER decode_stage source_ms=19 cpu_ms=37 uri=nfs://DietPi.local/mnt/4TBS/Spar%20Ladies%202025/FB-Spar%20Womens-ToUpload/DSC_6974.jpg
PIC_VIEWER t_ms=12229 tid=ThreadId(64) decode_done uri=nfs://DietPi.local/mnt/4TBS/Spar%20Ladies%202025/FB-Spar%20Womens-ToUpload/DSC_6974.jpg variant=1124x794 elapsed_ms=59 outcome=ok
PIC_VIEWER t_ms=12230 tid=ThreadId(1) cache_evict uri=nfs://DietPi.local/mnt/4TBS/pics-sport/local%20choice/FB-LCC/DSC_1245.jpg bytes=3367504 remaining_entries=32 remaining_bytes=104484240
PIC_VIEWER t_ms=12419 tid=ThreadId(1) show_photo_request generation=75 index=1710 uri=nfs://DietPi.local/mnt/4TBS/Spar%20Ladies%202025/FB-Spar%20Womens-ToUpload/DSC_6974.jpg
PIC_VIEWER t_ms=12419 tid=ThreadId(1) cache_hit lane=foreground uri=nfs://DietPi.local/mnt/4TBS/Spar%20Ladies%202025/FB-Spar%20Womens-ToUpload/DSC_6974.jpg
PIC_VIEWER t_ms=12419 tid=ThreadId(1) display_done lane=foreground source=texture_cache navigation_ms=0 uri=nfs://DietPi.local/mnt/4TBS/Spar%20Ladies%202025/FB-Spar%20Womens-ToUpload/DSC_6974.jpg
PIC_VIEWER t_ms=12449 tid=ThreadId(1) show_photo_request generation=76 index=1711 uri=nfs://DietPi.local/mnt/4TBS/Spar%20Ladies%202025/FB-Spar%20Womens-ToUpload/DSC_6975.jpg
PIC_VIEWER t_ms=12449 tid=ThreadId(1) request lane=foreground action=new uri=nfs://DietPi.local/mnt/4TBS/Spar%20Ladies%202025/FB-Spar%20Womens-ToUpload/DSC_6975.jpg variant=1124x794
PIC_VIEWER t_ms=12450 tid=ThreadId(65) decode_start uri=nfs://DietPi.local/mnt/4TBS/Spar%20Ladies%202025/FB-Spar%20Womens-ToUpload/DSC_6975.jpg variant=1124x794 queue_ms=0
PIC_VIEWER source_cache lane=foreground action=miss uri=nfs://DietPi.local/mnt/4TBS/Spar%20Ladies%202025/FB-Spar%20Womens-ToUpload/DSC_6975.jpg
PIC_VIEWER network_slot lane=foreground wait_ms=0 uri=nfs://DietPi.local/mnt/4TBS/Spar%20Ladies%202025/FB-Spar%20Womens-ToUpload/DSC_6975.jpg
PIC_NETWORK tid=ThreadId(65) PRIVATE_NFS export_cache_hit host=DietPi.local count=5
PIC_NETWORK tid=ThreadId(65) PRIVATE_NFS read_start uri=nfs://DietPi.local/mnt/4TBS/Spar%20Ladies%202025/FB-Spar%20Womens-ToUpload/DSC_6975.jpg max_bytes=134217728
PIC_NFS stage=read_session_lock elapsed_ms=0 tid=140446473631424 host=DietPi.local export=/mnt/4TBS relative=/Spar Ladies 2025/FB-Spar Womens-ToUpload/DSC_6975.jpg outcome=acquired
PIC_NFS_CONNECT reuse host=DietPi.local export=/mnt/4TBS
PIC_NFS stage=file_open elapsed_ms=1 tid=140446473631424 host=DietPi.local export=/mnt/4TBS relative=/Spar Ladies 2025/FB-Spar Womens-ToUpload/DSC_6975.jpg outcome=ok
PIC_NFS stage=rpc_read elapsed_ms=1 tid=140446473631424 host=DietPi.local export=/mnt/4TBS relative=/Spar Ladies 2025/FB-Spar Womens-ToUpload/DSC_6975.jpg iteration=1 outcome=ok bytes=65536 timedout_delta=0 retransmitted_delta=0 reconnects_delta=0
PIC_NFS stage=first_read elapsed_ms=1 tid=140446473631424 host=DietPi.local export=/mnt/4TBS relative=/Spar Ladies 2025/FB-Spar Womens-ToUpload/DSC_6975.jpg outcome=ok bytes=65536
PIC_NFS stage=rpc_read elapsed_ms=2 tid=140446473631424 host=DietPi.local export=/mnt/4TBS relative=/Spar Ladies 2025/FB-Spar Womens-ToUpload/DSC_6975.jpg iteration=2 outcome=ok bytes=65536 timedout_delta=0 retransmitted_delta=0 reconnects_delta=0
PIC_NFS stage=rpc_read elapsed_ms=1 tid=140446473631424 host=DietPi.local export=/mnt/4TBS relative=/Spar Ladies 2025/FB-Spar Womens-ToUpload/DSC_6975.jpg iteration=3 outcome=ok bytes=131072 timedout_delta=0 retransmitted_delta=0 reconnects_delta=0
PIC_NFS stage=rpc_read elapsed_ms=4 tid=140446473631424 host=DietPi.local export=/mnt/4TBS relative=/Spar Ladies 2025/FB-Spar Womens-ToUpload/DSC_6975.jpg iteration=4 outcome=ok bytes=262144 timedout_delta=0 retransmitted_delta=0 reconnects_delta=0
PIC_NFS stage=rpc_read elapsed_ms=7 tid=140446473631424 host=DietPi.local export=/mnt/4TBS relative=/Spar Ladies 2025/FB-Spar Womens-ToUpload/DSC_6975.jpg iteration=5 outcome=ok bytes=524288 timedout_delta=0 retransmitted_delta=0 reconnects_delta=0
PIC_NFS stage=rpc_read elapsed_ms=3 tid=140446473631424 host=DietPi.local export=/mnt/4TBS relative=/Spar Ladies 2025/FB-Spar Womens-ToUpload/DSC_6975.jpg iteration=6 outcome=ok bytes=230991 timedout_delta=0 retransmitted_delta=0 reconnects_delta=0
PIC_NFS stage=rpc_read elapsed_ms=0 tid=140446473631424 host=DietPi.local export=/mnt/4TBS relative=/Spar Ladies 2025/FB-Spar Womens-ToUpload/DSC_6975.jpg iteration=7 outcome=ok bytes=0 timedout_delta=0 retransmitted_delta=0 reconnects_delta=0
PIC_NFS stage=file_read_complete elapsed_ms=18 tid=140446473631424 host=DietPi.local export=/mnt/4TBS relative=/Spar Ladies 2025/FB-Spar Womens-ToUpload/DSC_6975.jpg outcome=ok bytes=1279567 calls=7
PIC_NETWORK tid=ThreadId(65) PRIVATE_NFS read_done bytes=1279567 elapsed_ms=19 uri=nfs://DietPi.local/mnt/4TBS/Spar%20Ladies%202025/FB-Spar%20Womens-ToUpload/DSC_6975.jpg
PIC_VIEWER source_cache action=insert bytes=1279567 uri=nfs://DietPi.local/mnt/4TBS/Spar%20Ladies%202025/FB-Spar%20Womens-ToUpload/DSC_6975.jpg
PIC_VIEWER source_cache action=evict bytes=1351853 uri=nfs://DietPi.local/mnt/4TBS/pics-sport/local%20choice/FB-LCC/DSC_1257.jpg
PIC_VIEWER network_done lane=foreground read_ms=20 bytes=1279567 source=network outcome=ok uri=nfs://DietPi.local/mnt/4TBS/Spar%20Ladies%202025/FB-Spar%20Womens-ToUpload/DSC_6975.jpg
PIC_VIEWER decode_stage source_ms=20 cpu_ms=36 uri=nfs://DietPi.local/mnt/4TBS/Spar%20Ladies%202025/FB-Spar%20Womens-ToUpload/DSC_6975.jpg
PIC_VIEWER t_ms=12509 tid=ThreadId(65) decode_done uri=nfs://DietPi.local/mnt/4TBS/Spar%20Ladies%202025/FB-Spar%20Womens-ToUpload/DSC_6975.jpg variant=1124x794 elapsed_ms=59 outcome=ok
PIC_VIEWER t_ms=12511 tid=ThreadId(1) display_apply elapsed_ms=1 uri=nfs://DietPi.local/mnt/4TBS/Spar%20Ladies%202025/FB-Spar%20Womens-ToUpload/DSC_6975.jpg
PIC_VIEWER t_ms=12511 tid=ThreadId(1) display_done lane=foreground source=decode navigation_ms=61 uri=nfs://DietPi.local/mnt/4TBS/Spar%20Ladies%202025/FB-Spar%20Womens-ToUpload/DSC_6975.jpg
PIC_VIEWER t_ms=12511 tid=ThreadId(1) cache_evict uri=nfs://DietPi.local/mnt/4TBS/pics-sport/local%20choice/FB-LCC/DSC_1240.jpg bytes=3367504 remaining_entries=32 remaining_bytes=104488736
PIC_VIEWER t_ms=12540 tid=ThreadId(1) show_photo_request generation=77 index=1712 uri=nfs://DietPi.local/mnt/4TBS/Spar%20Ladies%202025/FB-Spar%20Womens-ToUpload/DSC_6976.jpg
PIC_VIEWER t_ms=12540 tid=ThreadId(1) request lane=foreground action=new uri=nfs://DietPi.local/mnt/4TBS/Spar%20Ladies%202025/FB-Spar%20Womens-ToUpload/DSC_6976.jpg variant=1124x794
PIC_VIEWER t_ms=12540 tid=ThreadId(66) decode_start uri=nfs://DietPi.local/mnt/4TBS/Spar%20Ladies%202025/FB-Spar%20Womens-ToUpload/DSC_6976.jpg variant=1124x794 queue_ms=0
PIC_VIEWER source_cache lane=foreground action=miss uri=nfs://DietPi.local/mnt/4TBS/Spar%20Ladies%202025/FB-Spar%20Womens-ToUpload/DSC_6976.jpg
PIC_VIEWER network_slot lane=foreground wait_ms=0 uri=nfs://DietPi.local/mnt/4TBS/Spar%20Ladies%202025/FB-Spar%20Womens-ToUpload/DSC_6976.jpg
PIC_NETWORK tid=ThreadId(66) PRIVATE_NFS export_cache_hit host=DietPi.local count=5
PIC_NETWORK tid=ThreadId(66) PRIVATE_NFS read_start uri=nfs://DietPi.local/mnt/4TBS/Spar%20Ladies%202025/FB-Spar%20Womens-ToUpload/DSC_6976.jpg max_bytes=134217728
PIC_NFS stage=read_session_lock elapsed_ms=0 tid=140446473631424 host=DietPi.local export=/mnt/4TBS relative=/Spar Ladies 2025/FB-Spar Womens-ToUpload/DSC_6976.jpg outcome=acquired
PIC_NFS_CONNECT reuse host=DietPi.local export=/mnt/4TBS
PIC_NFS stage=file_open elapsed_ms=1 tid=140446473631424 host=DietPi.local export=/mnt/4TBS relative=/Spar Ladies 2025/FB-Spar Womens-ToUpload/DSC_6976.jpg outcome=ok
PIC_NFS stage=rpc_read elapsed_ms=2 tid=140446473631424 host=DietPi.local export=/mnt/4TBS relative=/Spar Ladies 2025/FB-Spar Womens-ToUpload/DSC_6976.jpg iteration=1 outcome=ok bytes=65536 timedout_delta=0 retransmitted_delta=0 reconnects_delta=0
PIC_NFS stage=first_read elapsed_ms=2 tid=140446473631424 host=DietPi.local export=/mnt/4TBS relative=/Spar Ladies 2025/FB-Spar Womens-ToUpload/DSC_6976.jpg outcome=ok bytes=65536
PIC_NFS stage=rpc_read elapsed_ms=1 tid=140446473631424 host=DietPi.local export=/mnt/4TBS relative=/Spar Ladies 2025/FB-Spar Womens-ToUpload/DSC_6976.jpg iteration=2 outcome=ok bytes=65536 timedout_delta=0 retransmitted_delta=0 reconnects_delta=0
PIC_NFS stage=rpc_read elapsed_ms=1 tid=140446473631424 host=DietPi.local export=/mnt/4TBS relative=/Spar Ladies 2025/FB-Spar Womens-ToUpload/DSC_6976.jpg iteration=3 outcome=ok bytes=131072 timedout_delta=0 retransmitted_delta=0 reconnects_delta=0
PIC_NFS stage=rpc_read elapsed_ms=4 tid=140446473631424 host=DietPi.local export=/mnt/4TBS relative=/Spar Ladies 2025/FB-Spar Womens-ToUpload/DSC_6976.jpg iteration=4 outcome=ok bytes=262144 timedout_delta=0 retransmitted_delta=0 reconnects_delta=0
PIC_NFS stage=rpc_read elapsed_ms=6 tid=140446473631424 host=DietPi.local export=/mnt/4TBS relative=/Spar Ladies 2025/FB-Spar Womens-ToUpload/DSC_6976.jpg iteration=5 outcome=ok bytes=524288 timedout_delta=0 retransmitted_delta=0 reconnects_delta=0
PIC_NFS stage=rpc_read elapsed_ms=2 tid=140446473631424 host=DietPi.local export=/mnt/4TBS relative=/Spar Ladies 2025/FB-Spar Womens-ToUpload/DSC_6976.jpg iteration=6 outcome=ok bytes=160772 timedout_delta=0 retransmitted_delta=0 reconnects_delta=0
PIC_NFS stage=rpc_read elapsed_ms=1 tid=140446473631424 host=DietPi.local export=/mnt/4TBS relative=/Spar Ladies 2025/FB-Spar Womens-ToUpload/DSC_6976.jpg iteration=7 outcome=ok bytes=0 timedout_delta=0 retransmitted_delta=0 reconnects_delta=0
PIC_NFS stage=file_read_complete elapsed_ms=17 tid=140446473631424 host=DietPi.local export=/mnt/4TBS relative=/Spar Ladies 2025/FB-Spar Womens-ToUpload/DSC_6976.jpg outcome=ok bytes=1209348 calls=7
PIC_NETWORK tid=ThreadId(66) PRIVATE_NFS read_done bytes=1209348 elapsed_ms=17 uri=nfs://DietPi.local/mnt/4TBS/Spar%20Ladies%202025/FB-Spar%20Womens-ToUpload/DSC_6976.jpg
PIC_VIEWER source_cache action=insert bytes=1209348 uri=nfs://DietPi.local/mnt/4TBS/Spar%20Ladies%202025/FB-Spar%20Womens-ToUpload/DSC_6976.jpg
PIC_VIEWER source_cache action=evict bytes=1381155 uri=nfs://DietPi.local/mnt/4TBS/pics-sport/local%20choice/FB-LCC/DSC_1259.jpg
PIC_VIEWER network_done lane=foreground read_ms=17 bytes=1209348 source=network outcome=ok uri=nfs://DietPi.local/mnt/4TBS/Spar%20Ladies%202025/FB-Spar%20Womens-ToUpload/DSC_6976.jpg
PIC_VIEWER decode_stage source_ms=17 cpu_ms=36 uri=nfs://DietPi.local/mnt/4TBS/Spar%20Ladies%202025/FB-Spar%20Womens-ToUpload/DSC_6976.jpg
PIC_VIEWER t_ms=12596 tid=ThreadId(66) decode_done uri=nfs://DietPi.local/mnt/4TBS/Spar%20Ladies%202025/FB-Spar%20Womens-ToUpload/DSC_6976.jpg variant=1124x794 elapsed_ms=56 outcome=ok
PIC_VIEWER t_ms=12598 tid=ThreadId(1) display_apply elapsed_ms=0 uri=nfs://DietPi.local/mnt/4TBS/Spar%20Ladies%202025/FB-Spar%20Womens-ToUpload/DSC_6976.jpg
PIC_VIEWER t_ms=12598 tid=ThreadId(1) display_done lane=foreground source=decode navigation_ms=57 uri=nfs://DietPi.local/mnt/4TBS/Spar%20Ladies%202025/FB-Spar%20Womens-ToUpload/DSC_6976.jpg
PIC_VIEWER t_ms=12598 tid=ThreadId(1) cache_evict uri=nfs://DietPi.local/mnt/4TBS/pics-sport/local%20choice/FB-LCC/DSC_1239.jpg bytes=3367504 remaining_entries=32 remaining_bytes=104493232
PIC_VIEWER t_ms=12600 tid=ThreadId(1) show_photo_request generation=78 index=1713 uri=nfs://DietPi.local/mnt/4TBS/Spar%20Ladies%202025/FB-Spar%20Womens-ToUpload/DSC_6977.jpg
PIC_VIEWER t_ms=12600 tid=ThreadId(1) request lane=foreground action=new uri=nfs://DietPi.local/mnt/4TBS/Spar%20Ladies%202025/FB-Spar%20Womens-ToUpload/DSC_6977.jpg variant=1124x794
PIC_VIEWER t_ms=12600 tid=ThreadId(67) decode_start uri=nfs://DietPi.local/mnt/4TBS/Spar%20Ladies%202025/FB-Spar%20Womens-ToUpload/DSC_6977.jpg variant=1124x794 queue_ms=0
PIC_VIEWER source_cache lane=foreground action=miss uri=nfs://DietPi.local/mnt/4TBS/Spar%20Ladies%202025/FB-Spar%20Womens-ToUpload/DSC_6977.jpg
PIC_VIEWER network_slot lane=foreground wait_ms=0 uri=nfs://DietPi.local/mnt/4TBS/Spar%20Ladies%202025/FB-Spar%20Womens-ToUpload/DSC_6977.jpg
PIC_NETWORK tid=ThreadId(67) PRIVATE_NFS export_cache_hit host=DietPi.local count=5
PIC_NETWORK tid=ThreadId(67) PRIVATE_NFS read_start uri=nfs://DietPi.local/mnt/4TBS/Spar%20Ladies%202025/FB-Spar%20Womens-ToUpload/DSC_6977.jpg max_bytes=134217728
PIC_NFS stage=read_session_lock elapsed_ms=0 tid=140446473631424 host=DietPi.local export=/mnt/4TBS relative=/Spar Ladies 2025/FB-Spar Womens-ToUpload/DSC_6977.jpg outcome=acquired
PIC_NFS_CONNECT reuse host=DietPi.local export=/mnt/4TBS
PIC_NFS stage=file_open elapsed_ms=2 tid=140446473631424 host=DietPi.local export=/mnt/4TBS relative=/Spar Ladies 2025/FB-Spar Womens-ToUpload/DSC_6977.jpg outcome=ok
PIC_NFS stage=rpc_read elapsed_ms=2 tid=140446473631424 host=DietPi.local export=/mnt/4TBS relative=/Spar Ladies 2025/FB-Spar Womens-ToUpload/DSC_6977.jpg iteration=1 outcome=ok bytes=65536 timedout_delta=0 retransmitted_delta=0 reconnects_delta=0
PIC_NFS stage=first_read elapsed_ms=2 tid=140446473631424 host=DietPi.local export=/mnt/4TBS relative=/Spar Ladies 2025/FB-Spar Womens-ToUpload/DSC_6977.jpg outcome=ok bytes=65536
PIC_NFS stage=rpc_read elapsed_ms=1 tid=140446473631424 host=DietPi.local export=/mnt/4TBS relative=/Spar Ladies 2025/FB-Spar Womens-ToUpload/DSC_6977.jpg iteration=2 outcome=ok bytes=65536 timedout_delta=0 retransmitted_delta=0 reconnects_delta=0
PIC_NFS stage=rpc_read elapsed_ms=2 tid=140446473631424 host=DietPi.local export=/mnt/4TBS relative=/Spar Ladies 2025/FB-Spar Womens-ToUpload/DSC_6977.jpg iteration=3 outcome=ok bytes=131072 timedout_delta=0 retransmitted_delta=0 reconnects_delta=0
PIC_NFS stage=rpc_read elapsed_ms=3 tid=140446473631424 host=DietPi.local export=/mnt/4TBS relative=/Spar Ladies 2025/FB-Spar Womens-ToUpload/DSC_6977.jpg iteration=4 outcome=ok bytes=262144 timedout_delta=0 retransmitted_delta=0 reconnects_delta=0
PIC_NFS stage=rpc_read elapsed_ms=6 tid=140446473631424 host=DietPi.local export=/mnt/4TBS relative=/Spar Ladies 2025/FB-Spar Womens-ToUpload/DSC_6977.jpg iteration=5 outcome=ok bytes=431044 timedout_delta=0 retransmitted_delta=0 reconnects_delta=0
PIC_NFS stage=rpc_read elapsed_ms=0 tid=140446473631424 host=DietPi.local export=/mnt/4TBS relative=/Spar Ladies 2025/FB-Spar Womens-ToUpload/DSC_6977.jpg iteration=6 outcome=ok bytes=0 timedout_delta=0 retransmitted_delta=0 reconnects_delta=0
PIC_NFS stage=file_read_complete elapsed_ms=14 tid=140446473631424 host=DietPi.local export=/mnt/4TBS relative=/Spar Ladies 2025/FB-Spar Womens-ToUpload/DSC_6977.jpg outcome=ok bytes=955332 calls=6
PIC_NETWORK tid=ThreadId(67) PRIVATE_NFS read_done bytes=955332 elapsed_ms=16 uri=nfs://DietPi.local/mnt/4TBS/Spar%20Ladies%202025/FB-Spar%20Womens-ToUpload/DSC_6977.jpg
PIC_VIEWER source_cache action=insert bytes=955332 uri=nfs://DietPi.local/mnt/4TBS/Spar%20Ladies%202025/FB-Spar%20Womens-ToUpload/DSC_6977.jpg
PIC_VIEWER source_cache action=evict bytes=1142026 uri=nfs://DietPi.local/mnt/4TBS/pics-sport/local%20choice/FB-LCC/DSC_1260.jpg
PIC_VIEWER network_done lane=foreground read_ms=16 bytes=955332 source=network outcome=ok uri=nfs://DietPi.local/mnt/4TBS/Spar%20Ladies%202025/FB-Spar%20Womens-ToUpload/DSC_6977.jpg
PIC_VIEWER decode_stage source_ms=16 cpu_ms=33 uri=nfs://DietPi.local/mnt/4TBS/Spar%20Ladies%202025/FB-Spar%20Womens-ToUpload/DSC_6977.jpg
PIC_VIEWER t_ms=12653 tid=ThreadId(67) decode_done uri=nfs://DietPi.local/mnt/4TBS/Spar%20Ladies%202025/FB-Spar%20Womens-ToUpload/DSC_6977.jpg variant=1124x794 elapsed_ms=52 outcome=ok
PIC_VIEWER t_ms=12655 tid=ThreadId(1) display_apply elapsed_ms=1 uri=nfs://DietPi.local/mnt/4TBS/Spar%20Ladies%202025/FB-Spar%20Womens-ToUpload/DSC_6977.jpg
PIC_VIEWER t_ms=12655 tid=ThreadId(1) display_done lane=foreground source=decode navigation_ms=54 uri=nfs://DietPi.local/mnt/4TBS/Spar%20Ladies%202025/FB-Spar%20Womens-ToUpload/DSC_6977.jpg
PIC_VIEWER t_ms=12655 tid=ThreadId(1) cache_evict uri=nfs://DietPi.local/mnt/4TBS/pics-sport/local%20choice/FB-LCC/DSC_1238.jpg bytes=3367504 remaining_entries=32 remaining_bytes=104497728
PIC_VIEWER t_ms=12662 tid=ThreadId(1) show_photo_request generation=79 index=1714 uri=nfs://DietPi.local/mnt/4TBS/Spar%20Ladies%202025/FB-Spar%20Womens-ToUpload/DSC_6978.jpg
PIC_VIEWER t_ms=12662 tid=ThreadId(1) request lane=foreground action=new uri=nfs://DietPi.local/mnt/4TBS/Spar%20Ladies%202025/FB-Spar%20Womens-ToUpload/DSC_6978.jpg variant=1124x794
PIC_VIEWER t_ms=12662 tid=ThreadId(68) decode_start uri=nfs://DietPi.local/mnt/4TBS/Spar%20Ladies%202025/FB-Spar%20Womens-ToUpload/DSC_6978.jpg variant=1124x794 queue_ms=0
PIC_VIEWER source_cache lane=foreground action=miss uri=nfs://DietPi.local/mnt/4TBS/Spar%20Ladies%202025/FB-Spar%20Womens-ToUpload/DSC_6978.jpg
PIC_VIEWER network_slot lane=foreground wait_ms=0 uri=nfs://DietPi.local/mnt/4TBS/Spar%20Ladies%202025/FB-Spar%20Womens-ToUpload/DSC_6978.jpg
PIC_NETWORK tid=ThreadId(68) PRIVATE_NFS export_cache_hit host=DietPi.local count=5
PIC_NETWORK tid=ThreadId(68) PRIVATE_NFS read_start uri=nfs://DietPi.local/mnt/4TBS/Spar%20Ladies%202025/FB-Spar%20Womens-ToUpload/DSC_6978.jpg max_bytes=134217728
PIC_NFS stage=read_session_lock elapsed_ms=0 tid=140446473631424 host=DietPi.local export=/mnt/4TBS relative=/Spar Ladies 2025/FB-Spar Womens-ToUpload/DSC_6978.jpg outcome=acquired
PIC_NFS_CONNECT reuse host=DietPi.local export=/mnt/4TBS
PIC_NFS stage=file_open elapsed_ms=2 tid=140446473631424 host=DietPi.local export=/mnt/4TBS relative=/Spar Ladies 2025/FB-Spar Womens-ToUpload/DSC_6978.jpg outcome=ok
PIC_NFS stage=rpc_read elapsed_ms=2 tid=140446473631424 host=DietPi.local export=/mnt/4TBS relative=/Spar Ladies 2025/FB-Spar Womens-ToUpload/DSC_6978.jpg iteration=1 outcome=ok bytes=65536 timedout_delta=0 retransmitted_delta=0 reconnects_delta=0
PIC_NFS stage=first_read elapsed_ms=2 tid=140446473631424 host=DietPi.local export=/mnt/4TBS relative=/Spar Ladies 2025/FB-Spar Womens-ToUpload/DSC_6978.jpg outcome=ok bytes=65536
PIC_NFS stage=rpc_read elapsed_ms=1 tid=140446473631424 host=DietPi.local export=/mnt/4TBS relative=/Spar Ladies 2025/FB-Spar Womens-ToUpload/DSC_6978.jpg iteration=2 outcome=ok bytes=65536 timedout_delta=0 retransmitted_delta=0 reconnects_delta=0
PIC_NFS stage=rpc_read elapsed_ms=2 tid=140446473631424 host=DietPi.local export=/mnt/4TBS relative=/Spar Ladies 2025/FB-Spar Womens-ToUpload/DSC_6978.jpg iteration=3 outcome=ok bytes=131072 timedout_delta=0 retransmitted_delta=0 reconnects_delta=0
PIC_NFS stage=rpc_read elapsed_ms=3 tid=140446473631424 host=DietPi.local export=/mnt/4TBS relative=/Spar Ladies 2025/FB-Spar Womens-ToUpload/DSC_6978.jpg iteration=4 outcome=ok bytes=262144 timedout_delta=0 retransmitted_delta=0 reconnects_delta=0
PIC_NFS stage=rpc_read elapsed_ms=7 tid=140446473631424 host=DietPi.local export=/mnt/4TBS relative=/Spar Ladies 2025/FB-Spar Womens-ToUpload/DSC_6978.jpg iteration=5 outcome=ok bytes=524288 timedout_delta=0 retransmitted_delta=0 reconnects_delta=0
PIC_NFS stage=rpc_read elapsed_ms=7 tid=140446473631424 host=DietPi.local export=/mnt/4TBS relative=/Spar Ladies 2025/FB-Spar Womens-ToUpload/DSC_6978.jpg iteration=6 outcome=ok bytes=504455 timedout_delta=0 retransmitted_delta=0 reconnects_delta=0
PIC_NFS stage=rpc_read elapsed_ms=0 tid=140446473631424 host=DietPi.local export=/mnt/4TBS relative=/Spar Ladies 2025/FB-Spar Womens-ToUpload/DSC_6978.jpg iteration=7 outcome=ok bytes=0 timedout_delta=0 retransmitted_delta=0 reconnects_delta=0
PIC_NFS stage=file_read_complete elapsed_ms=22 tid=140446473631424 host=DietPi.local export=/mnt/4TBS relative=/Spar Ladies 2025/FB-Spar Womens-ToUpload/DSC_6978.jpg outcome=ok bytes=1553031 calls=7
PIC_NETWORK tid=ThreadId(68) PRIVATE_NFS read_done bytes=1553031 elapsed_ms=24 uri=nfs://DietPi.local/mnt/4TBS/Spar%20Ladies%202025/FB-Spar%20Womens-ToUpload/DSC_6978.jpg
PIC_VIEWER source_cache action=insert bytes=1553031 uri=nfs://DietPi.local/mnt/4TBS/Spar%20Ladies%202025/FB-Spar%20Womens-ToUpload/DSC_6978.jpg
PIC_VIEWER source_cache action=evict bytes=1152260 uri=nfs://DietPi.local/mnt/4TBS/pics-sport/local%20choice/FB-LCC/DSC_1232.jpg
PIC_VIEWER network_done lane=foreground read_ms=24 bytes=1553031 source=network outcome=ok uri=nfs://DietPi.local/mnt/4TBS/Spar%20Ladies%202025/FB-Spar%20Womens-ToUpload/DSC_6978.jpg
PIC_VIEWER decode_stage source_ms=24 cpu_ms=38 uri=nfs://DietPi.local/mnt/4TBS/Spar%20Ladies%202025/FB-Spar%20Womens-ToUpload/DSC_6978.jpg
PIC_VIEWER t_ms=12729 tid=ThreadId(68) decode_done uri=nfs://DietPi.local/mnt/4TBS/Spar%20Ladies%202025/FB-Spar%20Womens-ToUpload/DSC_6978.jpg variant=1124x794 elapsed_ms=66 outcome=ok
PIC_VIEWER t_ms=12729 tid=ThreadId(1) display_apply elapsed_ms=0 uri=nfs://DietPi.local/mnt/4TBS/Spar%20Ladies%202025/FB-Spar%20Womens-ToUpload/DSC_6978.jpg
PIC_VIEWER t_ms=12729 tid=ThreadId(1) display_done lane=foreground source=decode navigation_ms=67 uri=nfs://DietPi.local/mnt/4TBS/Spar%20Ladies%202025/FB-Spar%20Womens-ToUpload/DSC_6978.jpg
PIC_VIEWER t_ms=12729 tid=ThreadId(1) cache_evict uri=nfs://DietPi.local/mnt/4TBS/pics-sport/local%20choice/FB-LCC/DSC_1237.jpg bytes=3367504 remaining_entries=32 remaining_bytes=104502224
PIC_VIEWER t_ms=12752 tid=ThreadId(1) show_photo_request generation=80 index=1715 uri=nfs://DietPi.local/mnt/4TBS/Spar%20Ladies%202025/FB-Spar%20Womens-ToUpload/DSC_6979.jpg
PIC_VIEWER t_ms=12752 tid=ThreadId(1) request lane=foreground action=new uri=nfs://DietPi.local/mnt/4TBS/Spar%20Ladies%202025/FB-Spar%20Womens-ToUpload/DSC_6979.jpg variant=1124x794
PIC_VIEWER t_ms=12752 tid=ThreadId(69) decode_start uri=nfs://DietPi.local/mnt/4TBS/Spar%20Ladies%202025/FB-Spar%20Womens-ToUpload/DSC_6979.jpg variant=1124x794 queue_ms=0
PIC_VIEWER source_cache lane=foreground action=miss uri=nfs://DietPi.local/mnt/4TBS/Spar%20Ladies%202025/FB-Spar%20Womens-ToUpload/DSC_6979.jpg
PIC_VIEWER network_slot lane=foreground wait_ms=0 uri=nfs://DietPi.local/mnt/4TBS/Spar%20Ladies%202025/FB-Spar%20Womens-ToUpload/DSC_6979.jpg
PIC_NETWORK tid=ThreadId(69) PRIVATE_NFS export_cache_hit host=DietPi.local count=5
PIC_NETWORK tid=ThreadId(69) PRIVATE_NFS read_start uri=nfs://DietPi.local/mnt/4TBS/Spar%20Ladies%202025/FB-Spar%20Womens-ToUpload/DSC_6979.jpg max_bytes=134217728
PIC_NFS stage=read_session_lock elapsed_ms=0 tid=140446473631424 host=DietPi.local export=/mnt/4TBS relative=/Spar Ladies 2025/FB-Spar Womens-ToUpload/DSC_6979.jpg outcome=acquired
PIC_NFS_CONNECT reuse host=DietPi.local export=/mnt/4TBS
PIC_NFS stage=file_open elapsed_ms=2 tid=140446473631424 host=DietPi.local export=/mnt/4TBS relative=/Spar Ladies 2025/FB-Spar Womens-ToUpload/DSC_6979.jpg outcome=ok
PIC_NFS stage=rpc_read elapsed_ms=2 tid=140446473631424 host=DietPi.local export=/mnt/4TBS relative=/Spar Ladies 2025/FB-Spar Womens-ToUpload/DSC_6979.jpg iteration=1 outcome=ok bytes=65536 timedout_delta=0 retransmitted_delta=0 reconnects_delta=0
PIC_NFS stage=first_read elapsed_ms=2 tid=140446473631424 host=DietPi.local export=/mnt/4TBS relative=/Spar Ladies 2025/FB-Spar Womens-ToUpload/DSC_6979.jpg outcome=ok bytes=65536
PIC_NFS stage=rpc_read elapsed_ms=1 tid=140446473631424 host=DietPi.local export=/mnt/4TBS relative=/Spar Ladies 2025/FB-Spar Womens-ToUpload/DSC_6979.jpg iteration=2 outcome=ok bytes=65536 timedout_delta=0 retransmitted_delta=0 reconnects_delta=0
PIC_NFS stage=rpc_read elapsed_ms=2 tid=140446473631424 host=DietPi.local export=/mnt/4TBS relative=/Spar Ladies 2025/FB-Spar Womens-ToUpload/DSC_6979.jpg iteration=3 outcome=ok bytes=131072 timedout_delta=0 retransmitted_delta=0 reconnects_delta=0
PIC_NFS stage=rpc_read elapsed_ms=4 tid=140446473631424 host=DietPi.local export=/mnt/4TBS relative=/Spar Ladies 2025/FB-Spar Womens-ToUpload/DSC_6979.jpg iteration=4 outcome=ok bytes=262144 timedout_delta=0 retransmitted_delta=0 reconnects_delta=0
PIC_NFS stage=rpc_read elapsed_ms=7 tid=140446473631424 host=DietPi.local export=/mnt/4TBS relative=/Spar Ladies 2025/FB-Spar Womens-ToUpload/DSC_6979.jpg iteration=5 outcome=ok bytes=524288 timedout_delta=0 retransmitted_delta=0 reconnects_delta=0
PIC_NFS stage=rpc_read elapsed_ms=1 tid=140446473631424 host=DietPi.local export=/mnt/4TBS relative=/Spar Ladies 2025/FB-Spar Womens-ToUpload/DSC_6979.jpg iteration=6 outcome=ok bytes=47978 timedout_delta=0 retransmitted_delta=0 reconnects_delta=0
PIC_NFS stage=rpc_read elapsed_ms=0 tid=140446473631424 host=DietPi.local export=/mnt/4TBS relative=/Spar Ladies 2025/FB-Spar Womens-ToUpload/DSC_6979.jpg iteration=7 outcome=ok bytes=0 timedout_delta=0 retransmitted_delta=0 reconnects_delta=0
PIC_NFS stage=file_read_complete elapsed_ms=17 tid=140446473631424 host=DietPi.local export=/mnt/4TBS relative=/Spar Ladies 2025/FB-Spar Womens-ToUpload/DSC_6979.jpg outcome=ok bytes=1096554 calls=7
PIC_NETWORK tid=ThreadId(69) PRIVATE_NFS read_done bytes=1096554 elapsed_ms=19 uri=nfs://DietPi.local/mnt/4TBS/Spar%20Ladies%202025/FB-Spar%20Womens-ToUpload/DSC_6979.jpg
PIC_VIEWER source_cache action=insert bytes=1096554 uri=nfs://DietPi.local/mnt/4TBS/Spar%20Ladies%202025/FB-Spar%20Womens-ToUpload/DSC_6979.jpg
PIC_VIEWER source_cache action=evict bytes=1059663 uri=nfs://DietPi.local/mnt/4TBS/pics-sport/local%20choice/FB-LCC/DSC_1228.jpg
PIC_VIEWER network_done lane=foreground read_ms=19 bytes=1096554 source=network outcome=ok uri=nfs://DietPi.local/mnt/4TBS/Spar%20Ladies%202025/FB-Spar%20Womens-ToUpload/DSC_6979.jpg
PIC_VIEWER decode_stage source_ms=19 cpu_ms=34 uri=nfs://DietPi.local/mnt/4TBS/Spar%20Ladies%202025/FB-Spar%20Womens-ToUpload/DSC_6979.jpg
PIC_VIEWER t_ms=12810 tid=ThreadId(69) decode_done uri=nfs://DietPi.local/mnt/4TBS/Spar%20Ladies%202025/FB-Spar%20Womens-ToUpload/DSC_6979.jpg variant=1124x794 elapsed_ms=58 outcome=ok
PIC_VIEWER t_ms=12812 tid=ThreadId(1) display_apply elapsed_ms=1 uri=nfs://DietPi.local/mnt/4TBS/Spar%20Ladies%202025/FB-Spar%20Womens-ToUpload/DSC_6979.jpg
PIC_VIEWER t_ms=12812 tid=ThreadId(1) display_done lane=foreground source=decode navigation_ms=59 uri=nfs://DietPi.local/mnt/4TBS/Spar%20Ladies%202025/FB-Spar%20Womens-ToUpload/DSC_6979.jpg
PIC_VIEWER t_ms=12812 tid=ThreadId(1) cache_evict uri=nfs://DietPi.local/mnt/4TBS/pics-sport/local%20choice/FB-LCC/DSC_1236.jpg bytes=3367504 remaining_entries=32 remaining_bytes=104506720
PIC_VIEWER t_ms=12812 tid=ThreadId(1) show_photo_request generation=81 index=1716 uri=nfs://DietPi.local/mnt/4TBS/Spar%20Ladies%202025/FB-Spar%20Womens-ToUpload/DSC_6980.jpg
PIC_VIEWER t_ms=12812 tid=ThreadId(1) request lane=foreground action=new uri=nfs://DietPi.local/mnt/4TBS/Spar%20Ladies%202025/FB-Spar%20Womens-ToUpload/DSC_6980.jpg variant=1124x794
PIC_VIEWER t_ms=12812 tid=ThreadId(70) decode_start uri=nfs://DietPi.local/mnt/4TBS/Spar%20Ladies%202025/FB-Spar%20Womens-ToUpload/DSC_6980.jpg variant=1124x794 queue_ms=0
PIC_VIEWER source_cache lane=foreground action=miss uri=nfs://DietPi.local/mnt/4TBS/Spar%20Ladies%202025/FB-Spar%20Womens-ToUpload/DSC_6980.jpg
PIC_VIEWER network_slot lane=foreground wait_ms=0 uri=nfs://DietPi.local/mnt/4TBS/Spar%20Ladies%202025/FB-Spar%20Womens-ToUpload/DSC_6980.jpg
PIC_NETWORK tid=ThreadId(70) PRIVATE_NFS export_cache_hit host=DietPi.local count=5
PIC_NETWORK tid=ThreadId(70) PRIVATE_NFS read_start uri=nfs://DietPi.local/mnt/4TBS/Spar%20Ladies%202025/FB-Spar%20Womens-ToUpload/DSC_6980.jpg max_bytes=134217728
PIC_NFS stage=read_session_lock elapsed_ms=0 tid=140446473631424 host=DietPi.local export=/mnt/4TBS relative=/Spar Ladies 2025/FB-Spar Womens-ToUpload/DSC_6980.jpg outcome=acquired
PIC_NFS_CONNECT reuse host=DietPi.local export=/mnt/4TBS
PIC_NFS stage=file_open elapsed_ms=2 tid=140446473631424 host=DietPi.local export=/mnt/4TBS relative=/Spar Ladies 2025/FB-Spar Womens-ToUpload/DSC_6980.jpg outcome=ok
PIC_NFS stage=rpc_read elapsed_ms=2 tid=140446473631424 host=DietPi.local export=/mnt/4TBS relative=/Spar Ladies 2025/FB-Spar Womens-ToUpload/DSC_6980.jpg iteration=1 outcome=ok bytes=65536 timedout_delta=0 retransmitted_delta=0 reconnects_delta=0
PIC_NFS stage=first_read elapsed_ms=2 tid=140446473631424 host=DietPi.local export=/mnt/4TBS relative=/Spar Ladies 2025/FB-Spar Womens-ToUpload/DSC_6980.jpg outcome=ok bytes=65536
PIC_NFS stage=rpc_read elapsed_ms=1 tid=140446473631424 host=DietPi.local export=/mnt/4TBS relative=/Spar Ladies 2025/FB-Spar Womens-ToUpload/DSC_6980.jpg iteration=2 outcome=ok bytes=65536 timedout_delta=0 retransmitted_delta=0 reconnects_delta=0
PIC_NFS stage=rpc_read elapsed_ms=2 tid=140446473631424 host=DietPi.local export=/mnt/4TBS relative=/Spar Ladies 2025/FB-Spar Womens-ToUpload/DSC_6980.jpg iteration=3 outcome=ok bytes=131072 timedout_delta=0 retransmitted_delta=0 reconnects_delta=0
PIC_NFS stage=rpc_read elapsed_ms=4 tid=140446473631424 host=DietPi.local export=/mnt/4TBS relative=/Spar Ladies 2025/FB-Spar Womens-ToUpload/DSC_6980.jpg iteration=4 outcome=ok bytes=262144 timedout_delta=0 retransmitted_delta=0 reconnects_delta=0
PIC_NFS stage=rpc_read elapsed_ms=6 tid=140446473631424 host=DietPi.local export=/mnt/4TBS relative=/Spar Ladies 2025/FB-Spar Womens-ToUpload/DSC_6980.jpg iteration=5 outcome=ok bytes=524288 timedout_delta=0 retransmitted_delta=0 reconnects_delta=0
PIC_NFS stage=rpc_read elapsed_ms=2 tid=140446473631424 host=DietPi.local export=/mnt/4TBS relative=/Spar Ladies 2025/FB-Spar Womens-ToUpload/DSC_6980.jpg iteration=6 outcome=ok bytes=108232 timedout_delta=0 retransmitted_delta=0 reconnects_delta=0
PIC_NFS stage=rpc_read elapsed_ms=0 tid=140446473631424 host=DietPi.local export=/mnt/4TBS relative=/Spar Ladies 2025/FB-Spar Womens-ToUpload/DSC_6980.jpg iteration=7 outcome=ok bytes=0 timedout_delta=0 retransmitted_delta=0 reconnects_delta=0
PIC_NFS stage=file_read_complete elapsed_ms=17 tid=140446473631424 host=DietPi.local export=/mnt/4TBS relative=/Spar Ladies 2025/FB-Spar Womens-ToUpload/DSC_6980.jpg outcome=ok bytes=1156808 calls=7
PIC_NETWORK tid=ThreadId(70) PRIVATE_NFS read_done bytes=1156808 elapsed_ms=18 uri=nfs://DietPi.local/mnt/4TBS/Spar%20Ladies%202025/FB-Spar%20Womens-ToUpload/DSC_6980.jpg
PIC_VIEWER source_cache action=insert bytes=1156808 uri=nfs://DietPi.local/mnt/4TBS/Spar%20Ladies%202025/FB-Spar%20Womens-ToUpload/DSC_6980.jpg
PIC_VIEWER source_cache action=evict bytes=1340511 uri=nfs://DietPi.local/mnt/4TBS/pics-sport/local%20choice/FB-LCC/DSC_1194.jpg
PIC_VIEWER network_done lane=foreground read_ms=19 bytes=1156808 source=network outcome=ok uri=nfs://DietPi.local/mnt/4TBS/Spar%20Ladies%202025/FB-Spar%20Womens-ToUpload/DSC_6980.jpg
PIC_VIEWER decode_stage source_ms=19 cpu_ms=35 uri=nfs://DietPi.local/mnt/4TBS/Spar%20Ladies%202025/FB-Spar%20Womens-ToUpload/DSC_6980.jpg
PIC_VIEWER t_ms=12870 tid=ThreadId(70) decode_done uri=nfs://DietPi.local/mnt/4TBS/Spar%20Ladies%202025/FB-Spar%20Womens-ToUpload/DSC_6980.jpg variant=1124x794 elapsed_ms=57 outcome=ok
PIC_VIEWER t_ms=12871 tid=ThreadId(1) display_apply elapsed_ms=0 uri=nfs://DietPi.local/mnt/4TBS/Spar%20Ladies%202025/FB-Spar%20Womens-ToUpload/DSC_6980.jpg
PIC_VIEWER t_ms=12871 tid=ThreadId(1) display_done lane=foreground source=decode navigation_ms=58 uri=nfs://DietPi.local/mnt/4TBS/Spar%20Ladies%202025/FB-Spar%20Womens-ToUpload/DSC_6980.jpg
PIC_VIEWER t_ms=12871 tid=ThreadId(1) cache_evict uri=nfs://DietPi.local/mnt/4TBS/pics-sport/local%20choice/FB-LCC/DSC_1235.jpg bytes=3367504 remaining_entries=32 remaining_bytes=104511216
PIC_VIEWER t_ms=12900 tid=ThreadId(1) show_photo_request generation=82 index=1717 uri=nfs://DietPi.local/mnt/4TBS/Spar%20Ladies%202025/FB-Spar%20Womens-ToUpload/DSC_6981.jpg
PIC_VIEWER t_ms=12900 tid=ThreadId(1) request lane=foreground action=new uri=nfs://DietPi.local/mnt/4TBS/Spar%20Ladies%202025/FB-Spar%20Womens-ToUpload/DSC_6981.jpg variant=1124x794
PIC_VIEWER t_ms=12901 tid=ThreadId(71) decode_start uri=nfs://DietPi.local/mnt/4TBS/Spar%20Ladies%202025/FB-Spar%20Womens-ToUpload/DSC_6981.jpg variant=1124x794 queue_ms=0
PIC_VIEWER source_cache lane=foreground action=miss uri=nfs://DietPi.local/mnt/4TBS/Spar%20Ladies%202025/FB-Spar%20Womens-ToUpload/DSC_6981.jpg
PIC_VIEWER network_slot lane=foreground wait_ms=0 uri=nfs://DietPi.local/mnt/4TBS/Spar%20Ladies%202025/FB-Spar%20Womens-ToUpload/DSC_6981.jpg
PIC_NETWORK tid=ThreadId(71) PRIVATE_NFS export_cache_hit host=DietPi.local count=5
PIC_NETWORK tid=ThreadId(71) PRIVATE_NFS read_start uri=nfs://DietPi.local/mnt/4TBS/Spar%20Ladies%202025/FB-Spar%20Womens-ToUpload/DSC_6981.jpg max_bytes=134217728
PIC_NFS stage=read_session_lock elapsed_ms=0 tid=140446473631424 host=DietPi.local export=/mnt/4TBS relative=/Spar Ladies 2025/FB-Spar Womens-ToUpload/DSC_6981.jpg outcome=acquired
PIC_NFS_CONNECT reuse host=DietPi.local export=/mnt/4TBS
PIC_NFS stage=file_open elapsed_ms=1 tid=140446473631424 host=DietPi.local export=/mnt/4TBS relative=/Spar Ladies 2025/FB-Spar Womens-ToUpload/DSC_6981.jpg outcome=ok
PIC_NFS stage=rpc_read elapsed_ms=2 tid=140446473631424 host=DietPi.local export=/mnt/4TBS relative=/Spar Ladies 2025/FB-Spar Womens-ToUpload/DSC_6981.jpg iteration=1 outcome=ok bytes=65536 timedout_delta=0 retransmitted_delta=0 reconnects_delta=0
PIC_NFS stage=first_read elapsed_ms=2 tid=140446473631424 host=DietPi.local export=/mnt/4TBS relative=/Spar Ladies 2025/FB-Spar Womens-ToUpload/DSC_6981.jpg outcome=ok bytes=65536
PIC_NFS stage=rpc_read elapsed_ms=2 tid=140446473631424 host=DietPi.local export=/mnt/4TBS relative=/Spar Ladies 2025/FB-Spar Womens-ToUpload/DSC_6981.jpg iteration=2 outcome=ok bytes=65536 timedout_delta=0 retransmitted_delta=0 reconnects_delta=0
PIC_NFS stage=rpc_read elapsed_ms=1 tid=140446473631424 host=DietPi.local export=/mnt/4TBS relative=/Spar Ladies 2025/FB-Spar Womens-ToUpload/DSC_6981.jpg iteration=3 outcome=ok bytes=131072 timedout_delta=0 retransmitted_delta=0 reconnects_delta=0
PIC_NFS stage=rpc_read elapsed_ms=4 tid=140446473631424 host=DietPi.local export=/mnt/4TBS relative=/Spar Ladies 2025/FB-Spar Womens-ToUpload/DSC_6981.jpg iteration=4 outcome=ok bytes=262144 timedout_delta=0 retransmitted_delta=0 reconnects_delta=0
PIC_NFS stage=rpc_read elapsed_ms=4 tid=140446473631424 host=DietPi.local export=/mnt/4TBS relative=/Spar Ladies 2025/FB-Spar Womens-ToUpload/DSC_6981.jpg iteration=5 outcome=ok bytes=318225 timedout_delta=0 retransmitted_delta=0 reconnects_delta=0
PIC_NFS stage=rpc_read elapsed_ms=1 tid=140446473631424 host=DietPi.local export=/mnt/4TBS relative=/Spar Ladies 2025/FB-Spar Womens-ToUpload/DSC_6981.jpg iteration=6 outcome=ok bytes=0 timedout_delta=0 retransmitted_delta=0 reconnects_delta=0
PIC_NFS stage=file_read_complete elapsed_ms=14 tid=140446473631424 host=DietPi.local export=/mnt/4TBS relative=/Spar Ladies 2025/FB-Spar Womens-ToUpload/DSC_6981.jpg outcome=ok bytes=842513 calls=6
PIC_NETWORK tid=ThreadId(71) PRIVATE_NFS read_done bytes=842513 elapsed_ms=15 uri=nfs://DietPi.local/mnt/4TBS/Spar%20Ladies%202025/FB-Spar%20Womens-ToUpload/DSC_6981.jpg
PIC_VIEWER source_cache action=insert bytes=842513 uri=nfs://DietPi.local/mnt/4TBS/Spar%20Ladies%202025/FB-Spar%20Womens-ToUpload/DSC_6981.jpg
PIC_VIEWER source_cache action=evict bytes=565539 uri=nfs://DietPi.local/mnt/4TBS/pics-sport/local%20choice/FB-LCC/DSC_1190.jpg
PIC_VIEWER network_done lane=foreground read_ms=15 bytes=842513 source=network outcome=ok uri=nfs://DietPi.local/mnt/4TBS/Spar%20Ladies%202025/FB-Spar%20Womens-ToUpload/DSC_6981.jpg
PIC_VIEWER decode_stage source_ms=15 cpu_ms=31 uri=nfs://DietPi.local/mnt/4TBS/Spar%20Ladies%202025/FB-Spar%20Womens-ToUpload/DSC_6981.jpg
PIC_VIEWER t_ms=12950 tid=ThreadId(71) decode_done uri=nfs://DietPi.local/mnt/4TBS/Spar%20Ladies%202025/FB-Spar%20Womens-ToUpload/DSC_6981.jpg variant=1124x794 elapsed_ms=49 outcome=ok
PIC_VIEWER t_ms=12952 tid=ThreadId(1) display_apply elapsed_ms=1 uri=nfs://DietPi.local/mnt/4TBS/Spar%20Ladies%202025/FB-Spar%20Womens-ToUpload/DSC_6981.jpg
PIC_VIEWER t_ms=12952 tid=ThreadId(1) display_done lane=foreground source=decode navigation_ms=51 uri=nfs://DietPi.local/mnt/4TBS/Spar%20Ladies%202025/FB-Spar%20Womens-ToUpload/DSC_6981.jpg
PIC_VIEWER t_ms=12952 tid=ThreadId(1) cache_evict uri=nfs://DietPi.local/mnt/4TBS/pics-sport/local%20choice/FB-LCC/DSC_1234.jpg bytes=3372000 remaining_entries=32 remaining_bytes=104511216
PIC_VIEWER t_ms=12961 tid=ThreadId(1) show_photo_request generation=83 index=1718 uri=nfs://DietPi.local/mnt/4TBS/Spar%20Ladies%202025/FB-Spar%20Womens-ToUpload/DSC_6982.jpg
PIC_VIEWER t_ms=12961 tid=ThreadId(1) request lane=foreground action=new uri=nfs://DietPi.local/mnt/4TBS/Spar%20Ladies%202025/FB-Spar%20Womens-ToUpload/DSC_6982.jpg variant=1124x794
PIC_VIEWER t_ms=12961 tid=ThreadId(72) decode_start uri=nfs://DietPi.local/mnt/4TBS/Spar%20Ladies%202025/FB-Spar%20Womens-ToUpload/DSC_6982.jpg variant=1124x794 queue_ms=0
PIC_VIEWER source_cache lane=foreground action=miss uri=nfs://DietPi.local/mnt/4TBS/Spar%20Ladies%202025/FB-Spar%20Womens-ToUpload/DSC_6982.jpg
PIC_VIEWER network_slot lane=foreground wait_ms=0 uri=nfs://DietPi.local/mnt/4TBS/Spar%20Ladies%202025/FB-Spar%20Womens-ToUpload/DSC_6982.jpg
PIC_NETWORK tid=ThreadId(72) PRIVATE_NFS export_cache_hit host=DietPi.local count=5
PIC_NETWORK tid=ThreadId(72) PRIVATE_NFS read_start uri=nfs://DietPi.local/mnt/4TBS/Spar%20Ladies%202025/FB-Spar%20Womens-ToUpload/DSC_6982.jpg max_bytes=134217728
PIC_NFS stage=read_session_lock elapsed_ms=0 tid=140446473631424 host=DietPi.local export=/mnt/4TBS relative=/Spar Ladies 2025/FB-Spar Womens-ToUpload/DSC_6982.jpg outcome=acquired
PIC_NFS_CONNECT reuse host=DietPi.local export=/mnt/4TBS
PIC_NFS stage=file_open elapsed_ms=2 tid=140446473631424 host=DietPi.local export=/mnt/4TBS relative=/Spar Ladies 2025/FB-Spar Womens-ToUpload/DSC_6982.jpg outcome=ok
PIC_NFS stage=rpc_read elapsed_ms=1 tid=140446473631424 host=DietPi.local export=/mnt/4TBS relative=/Spar Ladies 2025/FB-Spar Womens-ToUpload/DSC_6982.jpg iteration=1 outcome=ok bytes=65536 timedout_delta=0 retransmitted_delta=0 reconnects_delta=0
PIC_NFS stage=first_read elapsed_ms=1 tid=140446473631424 host=DietPi.local export=/mnt/4TBS relative=/Spar Ladies 2025/FB-Spar Womens-ToUpload/DSC_6982.jpg outcome=ok bytes=65536
PIC_NFS stage=rpc_read elapsed_ms=1 tid=140446473631424 host=DietPi.local export=/mnt/4TBS relative=/Spar Ladies 2025/FB-Spar Womens-ToUpload/DSC_6982.jpg iteration=2 outcome=ok bytes=65536 timedout_delta=0 retransmitted_delta=0 reconnects_delta=0
PIC_NFS stage=rpc_read elapsed_ms=2 tid=140446473631424 host=DietPi.local export=/mnt/4TBS relative=/Spar Ladies 2025/FB-Spar Womens-ToUpload/DSC_6982.jpg iteration=3 outcome=ok bytes=131072 timedout_delta=0 retransmitted_delta=0 reconnects_delta=0
PIC_NFS stage=rpc_read elapsed_ms=4 tid=140446473631424 host=DietPi.local export=/mnt/4TBS relative=/Spar Ladies 2025/FB-Spar Womens-ToUpload/DSC_6982.jpg iteration=4 outcome=ok bytes=262144 timedout_delta=0 retransmitted_delta=0 reconnects_delta=0
PIC_NFS stage=rpc_read elapsed_ms=7 tid=140446473631424 host=DietPi.local export=/mnt/4TBS relative=/Spar Ladies 2025/FB-Spar Womens-ToUpload/DSC_6982.jpg iteration=5 outcome=ok bytes=524288 timedout_delta=0 retransmitted_delta=0 reconnects_delta=0
PIC_NFS stage=rpc_read elapsed_ms=1 tid=140446473631424 host=DietPi.local export=/mnt/4TBS relative=/Spar Ladies 2025/FB-Spar Womens-ToUpload/DSC_6982.jpg iteration=6 outcome=ok bytes=128876 timedout_delta=0 retransmitted_delta=0 reconnects_delta=0
PIC_NFS stage=rpc_read elapsed_ms=1 tid=140446473631424 host=DietPi.local export=/mnt/4TBS relative=/Spar Ladies 2025/FB-Spar Womens-ToUpload/DSC_6982.jpg iteration=7 outcome=ok bytes=0 timedout_delta=0 retransmitted_delta=0 reconnects_delta=0
PIC_NFS stage=file_read_complete elapsed_ms=17 tid=140446473631424 host=DietPi.local export=/mnt/4TBS relative=/Spar Ladies 2025/FB-Spar Womens-ToUpload/DSC_6982.jpg outcome=ok bytes=1177452 calls=7
PIC_NETWORK tid=ThreadId(72) PRIVATE_NFS read_done bytes=1177452 elapsed_ms=18 uri=nfs://DietPi.local/mnt/4TBS/Spar%20Ladies%202025/FB-Spar%20Womens-ToUpload/DSC_6982.jpg
PIC_VIEWER source_cache action=insert bytes=1177452 uri=nfs://DietPi.local/mnt/4TBS/Spar%20Ladies%202025/FB-Spar%20Womens-ToUpload/DSC_6982.jpg
PIC_VIEWER source_cache action=evict bytes=1075846 uri=nfs://DietPi.local/mnt/4TBS/pics-sport/local%20choice/FB-LCC/DSC_1161.jpg
PIC_VIEWER network_done lane=foreground read_ms=18 bytes=1177452 source=network outcome=ok uri=nfs://DietPi.local/mnt/4TBS/Spar%20Ladies%202025/FB-Spar%20Womens-ToUpload/DSC_6982.jpg
PIC_VIEWER decode_stage source_ms=18 cpu_ms=35 uri=nfs://DietPi.local/mnt/4TBS/Spar%20Ladies%202025/FB-Spar%20Womens-ToUpload/DSC_6982.jpg
PIC_VIEWER t_ms=13017 tid=ThreadId(72) decode_done uri=nfs://DietPi.local/mnt/4TBS/Spar%20Ladies%202025/FB-Spar%20Womens-ToUpload/DSC_6982.jpg variant=1124x794 elapsed_ms=56 outcome=ok
PIC_VIEWER t_ms=13019 tid=ThreadId(1) display_apply elapsed_ms=0 uri=nfs://DietPi.local/mnt/4TBS/Spar%20Ladies%202025/FB-Spar%20Womens-ToUpload/DSC_6982.jpg
PIC_VIEWER t_ms=13019 tid=ThreadId(1) display_done lane=foreground source=decode navigation_ms=58 uri=nfs://DietPi.local/mnt/4TBS/Spar%20Ladies%202025/FB-Spar%20Womens-ToUpload/DSC_6982.jpg
PIC_VIEWER t_ms=13019 tid=ThreadId(1) cache_evict uri=nfs://DietPi.local/mnt/4TBS/pics-sport/local%20choice/FB-LCC/DSC_1232.jpg bytes=3367504 remaining_entries=32 remaining_bytes=104515712
PIC_VIEWER t_ms=13024 tid=ThreadId(1) show_photo_request generation=84 index=1719 uri=nfs://DietPi.local/mnt/4TBS/Spar%20Ladies%202025/FB-Spar%20Womens-ToUpload/DSC_6983.jpg
PIC_VIEWER t_ms=13024 tid=ThreadId(1) request lane=foreground action=new uri=nfs://DietPi.local/mnt/4TBS/Spar%20Ladies%202025/FB-Spar%20Womens-ToUpload/DSC_6983.jpg variant=1124x794
PIC_VIEWER t_ms=13024 tid=ThreadId(73) decode_start uri=nfs://DietPi.local/mnt/4TBS/Spar%20Ladies%202025/FB-Spar%20Womens-ToUpload/DSC_6983.jpg variant=1124x794 queue_ms=0
PIC_VIEWER source_cache lane=foreground action=miss uri=nfs://DietPi.local/mnt/4TBS/Spar%20Ladies%202025/FB-Spar%20Womens-ToUpload/DSC_6983.jpg
PIC_VIEWER network_slot lane=foreground wait_ms=0 uri=nfs://DietPi.local/mnt/4TBS/Spar%20Ladies%202025/FB-Spar%20Womens-ToUpload/DSC_6983.jpg
PIC_NETWORK tid=ThreadId(73) PRIVATE_NFS export_cache_hit host=DietPi.local count=5
PIC_NETWORK tid=ThreadId(73) PRIVATE_NFS read_start uri=nfs://DietPi.local/mnt/4TBS/Spar%20Ladies%202025/FB-Spar%20Womens-ToUpload/DSC_6983.jpg max_bytes=134217728
PIC_NFS stage=read_session_lock elapsed_ms=0 tid=140446473631424 host=DietPi.local export=/mnt/4TBS relative=/Spar Ladies 2025/FB-Spar Womens-ToUpload/DSC_6983.jpg outcome=acquired
PIC_NFS_CONNECT reuse host=DietPi.local export=/mnt/4TBS
PIC_NFS stage=file_open elapsed_ms=1 tid=140446473631424 host=DietPi.local export=/mnt/4TBS relative=/Spar Ladies 2025/FB-Spar Womens-ToUpload/DSC_6983.jpg outcome=ok
PIC_NFS stage=rpc_read elapsed_ms=2 tid=140446473631424 host=DietPi.local export=/mnt/4TBS relative=/Spar Ladies 2025/FB-Spar Womens-ToUpload/DSC_6983.jpg iteration=1 outcome=ok bytes=65536 timedout_delta=0 retransmitted_delta=0 reconnects_delta=0
PIC_NFS stage=first_read elapsed_ms=2 tid=140446473631424 host=DietPi.local export=/mnt/4TBS relative=/Spar Ladies 2025/FB-Spar Womens-ToUpload/DSC_6983.jpg outcome=ok bytes=65536
PIC_NFS stage=rpc_read elapsed_ms=1 tid=140446473631424 host=DietPi.local export=/mnt/4TBS relative=/Spar Ladies 2025/FB-Spar Womens-ToUpload/DSC_6983.jpg iteration=2 outcome=ok bytes=65536 timedout_delta=0 retransmitted_delta=0 reconnects_delta=0
PIC_NFS stage=rpc_read elapsed_ms=2 tid=140446473631424 host=DietPi.local export=/mnt/4TBS relative=/Spar Ladies 2025/FB-Spar Womens-ToUpload/DSC_6983.jpg iteration=3 outcome=ok bytes=131072 timedout_delta=0 retransmitted_delta=0 reconnects_delta=0
PIC_NFS stage=rpc_read elapsed_ms=4 tid=140446473631424 host=DietPi.local export=/mnt/4TBS relative=/Spar Ladies 2025/FB-Spar Womens-ToUpload/DSC_6983.jpg iteration=4 outcome=ok bytes=262144 timedout_delta=0 retransmitted_delta=0 reconnects_delta=0
PIC_NFS stage=rpc_read elapsed_ms=6 tid=140446473631424 host=DietPi.local export=/mnt/4TBS relative=/Spar Ladies 2025/FB-Spar Womens-ToUpload/DSC_6983.jpg iteration=5 outcome=ok bytes=524288 timedout_delta=0 retransmitted_delta=0 reconnects_delta=0
PIC_NFS stage=rpc_read elapsed_ms=5 tid=140446473631424 host=DietPi.local export=/mnt/4TBS relative=/Spar Ladies 2025/FB-Spar Womens-ToUpload/DSC_6983.jpg iteration=6 outcome=ok bytes=305396 timedout_delta=0 retransmitted_delta=0 reconnects_delta=0
PIC_NFS stage=rpc_read elapsed_ms=0 tid=140446473631424 host=DietPi.local export=/mnt/4TBS relative=/Spar Ladies 2025/FB-Spar Womens-ToUpload/DSC_6983.jpg iteration=7 outcome=ok bytes=0 timedout_delta=0 retransmitted_delta=0 reconnects_delta=0
PIC_NFS stage=file_read_complete elapsed_ms=20 tid=140446473631424 host=DietPi.local export=/mnt/4TBS relative=/Spar Ladies 2025/FB-Spar Womens-ToUpload/DSC_6983.jpg outcome=ok bytes=1353972 calls=7
PIC_NETWORK tid=ThreadId(73) PRIVATE_NFS read_done bytes=1353972 elapsed_ms=21 uri=nfs://DietPi.local/mnt/4TBS/Spar%20Ladies%202025/FB-Spar%20Womens-ToUpload/DSC_6983.jpg
PIC_VIEWER source_cache action=insert bytes=1353972 uri=nfs://DietPi.local/mnt/4TBS/Spar%20Ladies%202025/FB-Spar%20Womens-ToUpload/DSC_6983.jpg
PIC_VIEWER source_cache action=evict bytes=1027455 uri=nfs://DietPi.local/mnt/4TBS/pics-sport/local%20choice/FB-LCC/DSC_1137.jpg
PIC_VIEWER network_done lane=foreground read_ms=21 bytes=1353972 source=network outcome=ok uri=nfs://DietPi.local/mnt/4TBS/Spar%20Ladies%202025/FB-Spar%20Womens-ToUpload/DSC_6983.jpg
PIC_VIEWER decode_stage source_ms=21 cpu_ms=37 uri=nfs://DietPi.local/mnt/4TBS/Spar%20Ladies%202025/FB-Spar%20Womens-ToUpload/DSC_6983.jpg
PIC_VIEWER t_ms=13085 tid=ThreadId(73) decode_done uri=nfs://DietPi.local/mnt/4TBS/Spar%20Ladies%202025/FB-Spar%20Womens-ToUpload/DSC_6983.jpg variant=1124x794 elapsed_ms=61 outcome=ok
PIC_VIEWER t_ms=13086 tid=ThreadId(1) display_apply elapsed_ms=0 uri=nfs://DietPi.local/mnt/4TBS/Spar%20Ladies%202025/FB-Spar%20Womens-ToUpload/DSC_6983.jpg
PIC_VIEWER t_ms=13086 tid=ThreadId(1) display_done lane=foreground source=decode navigation_ms=62 uri=nfs://DietPi.local/mnt/4TBS/Spar%20Ladies%202025/FB-Spar%20Womens-ToUpload/DSC_6983.jpg
PIC_VIEWER t_ms=13086 tid=ThreadId(1) cache_evict uri=nfs://DietPi.local/mnt/4TBS/pics-sport/local%20choice/FB-LCC/DSC_1229.jpg bytes=1680104 remaining_entries=32 remaining_bytes=106207608
PIC_VIEWER t_ms=13111 tid=ThreadId(1) show_photo_request generation=85 index=1720 uri=nfs://DietPi.local/mnt/4TBS/Spar%20Ladies%202025/FB-Spar%20Womens-ToUpload/DSC_6984.jpg
PIC_VIEWER t_ms=13111 tid=ThreadId(1) request lane=foreground action=new uri=nfs://DietPi.local/mnt/4TBS/Spar%20Ladies%202025/FB-Spar%20Womens-ToUpload/DSC_6984.jpg variant=1124x794
PIC_VIEWER t_ms=13111 tid=ThreadId(74) decode_start uri=nfs://DietPi.local/mnt/4TBS/Spar%20Ladies%202025/FB-Spar%20Womens-ToUpload/DSC_6984.jpg variant=1124x794 queue_ms=0
PIC_VIEWER source_cache lane=foreground action=miss uri=nfs://DietPi.local/mnt/4TBS/Spar%20Ladies%202025/FB-Spar%20Womens-ToUpload/DSC_6984.jpg
PIC_VIEWER network_slot lane=foreground wait_ms=0 uri=nfs://DietPi.local/mnt/4TBS/Spar%20Ladies%202025/FB-Spar%20Womens-ToUpload/DSC_6984.jpg
PIC_NETWORK tid=ThreadId(74) PRIVATE_NFS export_cache_hit host=DietPi.local count=5
PIC_NETWORK tid=ThreadId(74) PRIVATE_NFS read_start uri=nfs://DietPi.local/mnt/4TBS/Spar%20Ladies%202025/FB-Spar%20Womens-ToUpload/DSC_6984.jpg max_bytes=134217728
PIC_NFS stage=read_session_lock elapsed_ms=0 tid=140446473631424 host=DietPi.local export=/mnt/4TBS relative=/Spar Ladies 2025/FB-Spar Womens-ToUpload/DSC_6984.jpg outcome=acquired
PIC_NFS_CONNECT reuse host=DietPi.local export=/mnt/4TBS
PIC_NFS stage=file_open elapsed_ms=2 tid=140446473631424 host=DietPi.local export=/mnt/4TBS relative=/Spar Ladies 2025/FB-Spar Womens-ToUpload/DSC_6984.jpg outcome=ok
PIC_NFS stage=rpc_read elapsed_ms=2 tid=140446473631424 host=DietPi.local export=/mnt/4TBS relative=/Spar Ladies 2025/FB-Spar Womens-ToUpload/DSC_6984.jpg iteration=1 outcome=ok bytes=65536 timedout_delta=0 retransmitted_delta=0 reconnects_delta=0
PIC_NFS stage=first_read elapsed_ms=2 tid=140446473631424 host=DietPi.local export=/mnt/4TBS relative=/Spar Ladies 2025/FB-Spar Womens-ToUpload/DSC_6984.jpg outcome=ok bytes=65536
PIC_NFS stage=rpc_read elapsed_ms=1 tid=140446473631424 host=DietPi.local export=/mnt/4TBS relative=/Spar Ladies 2025/FB-Spar Womens-ToUpload/DSC_6984.jpg iteration=2 outcome=ok bytes=65536 timedout_delta=0 retransmitted_delta=0 reconnects_delta=0
PIC_NFS stage=rpc_read elapsed_ms=2 tid=140446473631424 host=DietPi.local export=/mnt/4TBS relative=/Spar Ladies 2025/FB-Spar Womens-ToUpload/DSC_6984.jpg iteration=3 outcome=ok bytes=131072 timedout_delta=0 retransmitted_delta=0 reconnects_delta=0
PIC_NFS stage=rpc_read elapsed_ms=4 tid=140446473631424 host=DietPi.local export=/mnt/4TBS relative=/Spar Ladies 2025/FB-Spar Womens-ToUpload/DSC_6984.jpg iteration=4 outcome=ok bytes=262144 timedout_delta=0 retransmitted_delta=0 reconnects_delta=0
PIC_NFS stage=rpc_read elapsed_ms=7 tid=140446473631424 host=DietPi.local export=/mnt/4TBS relative=/Spar Ladies 2025/FB-Spar Womens-ToUpload/DSC_6984.jpg iteration=5 outcome=ok bytes=524288 timedout_delta=0 retransmitted_delta=0 reconnects_delta=0
PIC_NFS stage=rpc_read elapsed_ms=1 tid=140446473631424 host=DietPi.local export=/mnt/4TBS relative=/Spar Ladies 2025/FB-Spar Womens-ToUpload/DSC_6984.jpg iteration=6 outcome=ok bytes=9567 timedout_delta=0 retransmitted_delta=0 reconnects_delta=0
PIC_NFS stage=rpc_read elapsed_ms=0 tid=140446473631424 host=DietPi.local export=/mnt/4TBS relative=/Spar Ladies 2025/FB-Spar Womens-ToUpload/DSC_6984.jpg iteration=7 outcome=ok bytes=0 timedout_delta=0 retransmitted_delta=0 reconnects_delta=0
PIC_NFS stage=file_read_complete elapsed_ms=17 tid=140446473631424 host=DietPi.local export=/mnt/4TBS relative=/Spar Ladies 2025/FB-Spar Womens-ToUpload/DSC_6984.jpg outcome=ok bytes=1058143 calls=7
PIC_NETWORK tid=ThreadId(74) PRIVATE_NFS read_done bytes=1058143 elapsed_ms=19 uri=nfs://DietPi.local/mnt/4TBS/Spar%20Ladies%202025/FB-Spar%20Womens-ToUpload/DSC_6984.jpg
PIC_VIEWER source_cache action=insert bytes=1058143 uri=nfs://DietPi.local/mnt/4TBS/Spar%20Ladies%202025/FB-Spar%20Womens-ToUpload/DSC_6984.jpg
PIC_VIEWER source_cache action=evict bytes=1016563 uri=nfs://DietPi.local/mnt/4TBS/Spar%20Ladies%202025/FB-Spar%20Womens-ToUpload/DSC_6965.jpg
PIC_VIEWER network_done lane=foreground read_ms=19 bytes=1058143 source=network outcome=ok uri=nfs://DietPi.local/mnt/4TBS/Spar%20Ladies%202025/FB-Spar%20Womens-ToUpload/DSC_6984.jpg
PIC_VIEWER decode_stage source_ms=19 cpu_ms=34 uri=nfs://DietPi.local/mnt/4TBS/Spar%20Ladies%202025/FB-Spar%20Womens-ToUpload/DSC_6984.jpg
PIC_VIEWER t_ms=13169 tid=ThreadId(74) decode_done uri=nfs://DietPi.local/mnt/4TBS/Spar%20Ladies%202025/FB-Spar%20Womens-ToUpload/DSC_6984.jpg variant=1124x794 elapsed_ms=58 outcome=ok
PIC_VIEWER t_ms=13173 tid=ThreadId(1) display_apply elapsed_ms=1 uri=nfs://DietPi.local/mnt/4TBS/Spar%20Ladies%202025/FB-Spar%20Womens-ToUpload/DSC_6984.jpg
PIC_VIEWER t_ms=13173 tid=ThreadId(1) display_done lane=foreground source=decode navigation_ms=62 uri=nfs://DietPi.local/mnt/4TBS/Spar%20Ladies%202025/FB-Spar%20Womens-ToUpload/DSC_6984.jpg
PIC_VIEWER t_ms=13173 tid=ThreadId(1) cache_evict uri=nfs://DietPi.local/mnt/4TBS/pics-sport/local%20choice/FB-LCC/DSC_1228.jpg bytes=1680104 remaining_entries=32 remaining_bytes=107899504
PIC_VIEWER t_ms=13201 tid=ThreadId(1) show_photo_request generation=86 index=1721 uri=nfs://DietPi.local/mnt/4TBS/Spar%20Ladies%202025/FB-Spar%20Womens-ToUpload/DSC_6985.jpg
PIC_VIEWER t_ms=13201 tid=ThreadId(1) request lane=foreground action=new uri=nfs://DietPi.local/mnt/4TBS/Spar%20Ladies%202025/FB-Spar%20Womens-ToUpload/DSC_6985.jpg variant=1124x794
PIC_VIEWER t_ms=13201 tid=ThreadId(75) decode_start uri=nfs://DietPi.local/mnt/4TBS/Spar%20Ladies%202025/FB-Spar%20Womens-ToUpload/DSC_6985.jpg variant=1124x794 queue_ms=0
PIC_VIEWER source_cache lane=foreground action=miss uri=nfs://DietPi.local/mnt/4TBS/Spar%20Ladies%202025/FB-Spar%20Womens-ToUpload/DSC_6985.jpg
PIC_VIEWER network_slot lane=foreground wait_ms=0 uri=nfs://DietPi.local/mnt/4TBS/Spar%20Ladies%202025/FB-Spar%20Womens-ToUpload/DSC_6985.jpg
PIC_NETWORK tid=ThreadId(75) PRIVATE_NFS export_cache_hit host=DietPi.local count=5
PIC_NETWORK tid=ThreadId(75) PRIVATE_NFS read_start uri=nfs://DietPi.local/mnt/4TBS/Spar%20Ladies%202025/FB-Spar%20Womens-ToUpload/DSC_6985.jpg max_bytes=134217728
PIC_NFS stage=read_session_lock elapsed_ms=0 tid=140446473631424 host=DietPi.local export=/mnt/4TBS relative=/Spar Ladies 2025/FB-Spar Womens-ToUpload/DSC_6985.jpg outcome=acquired
PIC_NFS_CONNECT reuse host=DietPi.local export=/mnt/4TBS
PIC_NFS stage=file_open elapsed_ms=2 tid=140446473631424 host=DietPi.local export=/mnt/4TBS relative=/Spar Ladies 2025/FB-Spar Womens-ToUpload/DSC_6985.jpg outcome=ok
PIC_NFS stage=rpc_read elapsed_ms=2 tid=140446473631424 host=DietPi.local export=/mnt/4TBS relative=/Spar Ladies 2025/FB-Spar Womens-ToUpload/DSC_6985.jpg iteration=1 outcome=ok bytes=65536 timedout_delta=0 retransmitted_delta=0 reconnects_delta=0
PIC_NFS stage=first_read elapsed_ms=2 tid=140446473631424 host=DietPi.local export=/mnt/4TBS relative=/Spar Ladies 2025/FB-Spar Womens-ToUpload/DSC_6985.jpg outcome=ok bytes=65536
PIC_NFS stage=rpc_read elapsed_ms=2 tid=140446473631424 host=DietPi.local export=/mnt/4TBS relative=/Spar Ladies 2025/FB-Spar Womens-ToUpload/DSC_6985.jpg iteration=2 outcome=ok bytes=65536 timedout_delta=0 retransmitted_delta=0 reconnects_delta=0
PIC_NFS stage=rpc_read elapsed_ms=2 tid=140446473631424 host=DietPi.local export=/mnt/4TBS relative=/Spar Ladies 2025/FB-Spar Womens-ToUpload/DSC_6985.jpg iteration=3 outcome=ok bytes=131072 timedout_delta=0 retransmitted_delta=0 reconnects_delta=0
PIC_NFS stage=rpc_read elapsed_ms=3 tid=140446473631424 host=DietPi.local export=/mnt/4TBS relative=/Spar Ladies 2025/FB-Spar Womens-ToUpload/DSC_6985.jpg iteration=4 outcome=ok bytes=262144 timedout_delta=0 retransmitted_delta=0 reconnects_delta=0
PIC_NFS stage=rpc_read elapsed_ms=7 tid=140446473631424 host=DietPi.local export=/mnt/4TBS relative=/Spar Ladies 2025/FB-Spar Womens-ToUpload/DSC_6985.jpg iteration=5 outcome=ok bytes=524288 timedout_delta=0 retransmitted_delta=0 reconnects_delta=0
PIC_NFS stage=rpc_read elapsed_ms=4 tid=140446473631424 host=DietPi.local export=/mnt/4TBS relative=/Spar Ladies 2025/FB-Spar Womens-ToUpload/DSC_6985.jpg iteration=6 outcome=ok bytes=323928 timedout_delta=0 retransmitted_delta=0 reconnects_delta=0
PIC_NFS stage=rpc_read elapsed_ms=1 tid=140446473631424 host=DietPi.local export=/mnt/4TBS relative=/Spar Ladies 2025/FB-Spar Womens-ToUpload/DSC_6985.jpg iteration=7 outcome=ok bytes=0 timedout_delta=0 retransmitted_delta=0 reconnects_delta=0
PIC_NFS stage=file_read_complete elapsed_ms=21 tid=140446473631424 host=DietPi.local export=/mnt/4TBS relative=/Spar Ladies 2025/FB-Spar Womens-ToUpload/DSC_6985.jpg outcome=ok bytes=1372504 calls=7
PIC_NETWORK tid=ThreadId(75) PRIVATE_NFS read_done bytes=1372504 elapsed_ms=22 uri=nfs://DietPi.local/mnt/4TBS/Spar%20Ladies%202025/FB-Spar%20Womens-ToUpload/DSC_6985.jpg
PIC_VIEWER source_cache action=insert bytes=1372504 uri=nfs://DietPi.local/mnt/4TBS/Spar%20Ladies%202025/FB-Spar%20Womens-ToUpload/DSC_6985.jpg
PIC_VIEWER source_cache action=evict bytes=949318 uri=nfs://DietPi.local/mnt/4TBS/Spar%20Ladies%202025/FB-Spar%20Womens-ToUpload/DSC_6966.jpg
PIC_VIEWER network_done lane=foreground read_ms=22 bytes=1372504 source=network outcome=ok uri=nfs://DietPi.local/mnt/4TBS/Spar%20Ladies%202025/FB-Spar%20Womens-ToUpload/DSC_6985.jpg
PIC_VIEWER decode_stage source_ms=22 cpu_ms=38 uri=nfs://DietPi.local/mnt/4TBS/Spar%20Ladies%202025/FB-Spar%20Womens-ToUpload/DSC_6985.jpg
PIC_VIEWER t_ms=13266 tid=ThreadId(75) decode_done uri=nfs://DietPi.local/mnt/4TBS/Spar%20Ladies%202025/FB-Spar%20Womens-ToUpload/DSC_6985.jpg variant=1124x794 elapsed_ms=64 outcome=ok
PIC_VIEWER t_ms=13268 tid=ThreadId(1) display_apply elapsed_ms=1 uri=nfs://DietPi.local/mnt/4TBS/Spar%20Ladies%202025/FB-Spar%20Womens-ToUpload/DSC_6985.jpg
PIC_VIEWER t_ms=13268 tid=ThreadId(1) display_done lane=foreground source=decode navigation_ms=66 uri=nfs://DietPi.local/mnt/4TBS/Spar%20Ladies%202025/FB-Spar%20Womens-ToUpload/DSC_6985.jpg
PIC_VIEWER t_ms=13268 tid=ThreadId(1) cache_evict uri=nfs://DietPi.local/mnt/4TBS/pics-sport/local%20choice/FB-LCC/DSC_1224.jpg bytes=3367504 remaining_entries=32 remaining_bytes=107904000
PIC_VIEWER t_ms=13291 tid=ThreadId(1) show_photo_request generation=87 index=1722 uri=nfs://DietPi.local/mnt/4TBS/Spar%20Ladies%202025/FB-Spar%20Womens-ToUpload/DSC_6986.jpg
PIC_VIEWER t_ms=13291 tid=ThreadId(1) request lane=foreground action=new uri=nfs://DietPi.local/mnt/4TBS/Spar%20Ladies%202025/FB-Spar%20Womens-ToUpload/DSC_6986.jpg variant=1124x794
PIC_VIEWER t_ms=13291 tid=ThreadId(76) decode_start uri=nfs://DietPi.local/mnt/4TBS/Spar%20Ladies%202025/FB-Spar%20Womens-ToUpload/DSC_6986.jpg variant=1124x794 queue_ms=0
PIC_VIEWER source_cache lane=foreground action=miss uri=nfs://DietPi.local/mnt/4TBS/Spar%20Ladies%202025/FB-Spar%20Womens-ToUpload/DSC_6986.jpg
PIC_VIEWER network_slot lane=foreground wait_ms=0 uri=nfs://DietPi.local/mnt/4TBS/Spar%20Ladies%202025/FB-Spar%20Womens-ToUpload/DSC_6986.jpg
PIC_NETWORK tid=ThreadId(76) PRIVATE_NFS export_cache_hit host=DietPi.local count=5
PIC_NETWORK tid=ThreadId(76) PRIVATE_NFS read_start uri=nfs://DietPi.local/mnt/4TBS/Spar%20Ladies%202025/FB-Spar%20Womens-ToUpload/DSC_6986.jpg max_bytes=134217728
PIC_NFS stage=read_session_lock elapsed_ms=0 tid=140446473631424 host=DietPi.local export=/mnt/4TBS relative=/Spar Ladies 2025/FB-Spar Womens-ToUpload/DSC_6986.jpg outcome=acquired
PIC_NFS_CONNECT reuse host=DietPi.local export=/mnt/4TBS
PIC_NFS stage=file_open elapsed_ms=1 tid=140446473631424 host=DietPi.local export=/mnt/4TBS relative=/Spar Ladies 2025/FB-Spar Womens-ToUpload/DSC_6986.jpg outcome=ok
PIC_NFS stage=rpc_read elapsed_ms=2 tid=140446473631424 host=DietPi.local export=/mnt/4TBS relative=/Spar Ladies 2025/FB-Spar Womens-ToUpload/DSC_6986.jpg iteration=1 outcome=ok bytes=65536 timedout_delta=0 retransmitted_delta=0 reconnects_delta=0
PIC_NFS stage=first_read elapsed_ms=2 tid=140446473631424 host=DietPi.local export=/mnt/4TBS relative=/Spar Ladies 2025/FB-Spar Womens-ToUpload/DSC_6986.jpg outcome=ok bytes=65536
PIC_NFS stage=rpc_read elapsed_ms=1 tid=140446473631424 host=DietPi.local export=/mnt/4TBS relative=/Spar Ladies 2025/FB-Spar Womens-ToUpload/DSC_6986.jpg iteration=2 outcome=ok bytes=65536 timedout_delta=0 retransmitted_delta=0 reconnects_delta=0
PIC_NFS stage=rpc_read elapsed_ms=2 tid=140446473631424 host=DietPi.local export=/mnt/4TBS relative=/Spar Ladies 2025/FB-Spar Womens-ToUpload/DSC_6986.jpg iteration=3 outcome=ok bytes=131072 timedout_delta=0 retransmitted_delta=0 reconnects_delta=0
PIC_NFS stage=rpc_read elapsed_ms=4 tid=140446473631424 host=DietPi.local export=/mnt/4TBS relative=/Spar Ladies 2025/FB-Spar Womens-ToUpload/DSC_6986.jpg iteration=4 outcome=ok bytes=262144 timedout_delta=0 retransmitted_delta=0 reconnects_delta=0
PIC_NFS stage=rpc_read elapsed_ms=7 tid=140446473631424 host=DietPi.local export=/mnt/4TBS relative=/Spar Ladies 2025/FB-Spar Womens-ToUpload/DSC_6986.jpg iteration=5 outcome=ok bytes=524288 timedout_delta=0 retransmitted_delta=0 reconnects_delta=0
PIC_NFS stage=rpc_read elapsed_ms=3 tid=140446473631424 host=DietPi.local export=/mnt/4TBS relative=/Spar Ladies 2025/FB-Spar Womens-ToUpload/DSC_6986.jpg iteration=6 outcome=ok bytes=211848 timedout_delta=0 retransmitted_delta=0 reconnects_delta=0
PIC_NFS stage=rpc_read elapsed_ms=0 tid=140446473631424 host=DietPi.local export=/mnt/4TBS relative=/Spar Ladies 2025/FB-Spar Womens-ToUpload/DSC_6986.jpg iteration=7 outcome=ok bytes=0 timedout_delta=0 retransmitted_delta=0 reconnects_delta=0
PIC_NFS stage=file_read_complete elapsed_ms=19 tid=140446473631424 host=DietPi.local export=/mnt/4TBS relative=/Spar Ladies 2025/FB-Spar Womens-ToUpload/DSC_6986.jpg outcome=ok bytes=1260424 calls=7
PIC_NETWORK tid=ThreadId(76) PRIVATE_NFS read_done bytes=1260424 elapsed_ms=20 uri=nfs://DietPi.local/mnt/4TBS/Spar%20Ladies%202025/FB-Spar%20Womens-ToUpload/DSC_6986.jpg
PIC_VIEWER source_cache action=insert bytes=1260424 uri=nfs://DietPi.local/mnt/4TBS/Spar%20Ladies%202025/FB-Spar%20Womens-ToUpload/DSC_6986.jpg
PIC_VIEWER source_cache action=evict bytes=1336514 uri=nfs://DietPi.local/mnt/4TBS/Spar%20Ladies%202025/FB-Spar%20Womens-ToUpload/DSC_6969.jpg
PIC_VIEWER network_done lane=foreground read_ms=20 bytes=1260424 source=network outcome=ok uri=nfs://DietPi.local/mnt/4TBS/Spar%20Ladies%202025/FB-Spar%20Womens-ToUpload/DSC_6986.jpg
PIC_VIEWER decode_stage source_ms=21 cpu_ms=37 uri=nfs://DietPi.local/mnt/4TBS/Spar%20Ladies%202025/FB-Spar%20Womens-ToUpload/DSC_6986.jpg
PIC_VIEWER t_ms=13353 tid=ThreadId(76) decode_done uri=nfs://DietPi.local/mnt/4TBS/Spar%20Ladies%202025/FB-Spar%20Womens-ToUpload/DSC_6986.jpg variant=1124x794 elapsed_ms=61 outcome=ok
PIC_VIEWER t_ms=13353 tid=ThreadId(1) display_apply elapsed_ms=0 uri=nfs://DietPi.local/mnt/4TBS/Spar%20Ladies%202025/FB-Spar%20Womens-ToUpload/DSC_6986.jpg
PIC_VIEWER t_ms=13353 tid=ThreadId(1) display_done lane=foreground source=decode navigation_ms=61 uri=nfs://DietPi.local/mnt/4TBS/Spar%20Ladies%202025/FB-Spar%20Womens-ToUpload/DSC_6986.jpg
PIC_VIEWER t_ms=13353 tid=ThreadId(1) cache_evict uri=nfs://DietPi.local/mnt/4TBS/pics-sport/local%20choice/FB-LCC/DSC_1223.jpg bytes=3367504 remaining_entries=32 remaining_bytes=107908496
PIC_VIEWER t_ms=13381 tid=ThreadId(1) show_photo_request generation=88 index=1723 uri=nfs://DietPi.local/mnt/4TBS/Spar%20Ladies%202025/FB-Spar%20Womens-ToUpload/DSC_6987.jpg
PIC_VIEWER t_ms=13381 tid=ThreadId(1) request lane=foreground action=new uri=nfs://DietPi.local/mnt/4TBS/Spar%20Ladies%202025/FB-Spar%20Womens-ToUpload/DSC_6987.jpg variant=1124x794
PIC_VIEWER t_ms=13382 tid=ThreadId(77) decode_start uri=nfs://DietPi.local/mnt/4TBS/Spar%20Ladies%202025/FB-Spar%20Womens-ToUpload/DSC_6987.jpg variant=1124x794 queue_ms=0
PIC_VIEWER source_cache lane=foreground action=miss uri=nfs://DietPi.local/mnt/4TBS/Spar%20Ladies%202025/FB-Spar%20Womens-ToUpload/DSC_6987.jpg
PIC_VIEWER network_slot lane=foreground wait_ms=0 uri=nfs://DietPi.local/mnt/4TBS/Spar%20Ladies%202025/FB-Spar%20Womens-ToUpload/DSC_6987.jpg
PIC_NETWORK tid=ThreadId(77) PRIVATE_NFS export_cache_hit host=DietPi.local count=5
PIC_NETWORK tid=ThreadId(77) PRIVATE_NFS read_start uri=nfs://DietPi.local/mnt/4TBS/Spar%20Ladies%202025/FB-Spar%20Womens-ToUpload/DSC_6987.jpg max_bytes=134217728
PIC_NFS stage=read_session_lock elapsed_ms=0 tid=140446473631424 host=DietPi.local export=/mnt/4TBS relative=/Spar Ladies 2025/FB-Spar Womens-ToUpload/DSC_6987.jpg outcome=acquired
PIC_NFS_CONNECT reuse host=DietPi.local export=/mnt/4TBS
PIC_NFS stage=file_open elapsed_ms=2 tid=140446473631424 host=DietPi.local export=/mnt/4TBS relative=/Spar Ladies 2025/FB-Spar Womens-ToUpload/DSC_6987.jpg outcome=ok
PIC_NFS stage=rpc_read elapsed_ms=2 tid=140446473631424 host=DietPi.local export=/mnt/4TBS relative=/Spar Ladies 2025/FB-Spar Womens-ToUpload/DSC_6987.jpg iteration=1 outcome=ok bytes=65536 timedout_delta=0 retransmitted_delta=0 reconnects_delta=0
PIC_NFS stage=first_read elapsed_ms=2 tid=140446473631424 host=DietPi.local export=/mnt/4TBS relative=/Spar Ladies 2025/FB-Spar Womens-ToUpload/DSC_6987.jpg outcome=ok bytes=65536
PIC_NFS stage=rpc_read elapsed_ms=1 tid=140446473631424 host=DietPi.local export=/mnt/4TBS relative=/Spar Ladies 2025/FB-Spar Womens-ToUpload/DSC_6987.jpg iteration=2 outcome=ok bytes=65536 timedout_delta=0 retransmitted_delta=0 reconnects_delta=0
PIC_NFS stage=rpc_read elapsed_ms=2 tid=140446473631424 host=DietPi.local export=/mnt/4TBS relative=/Spar Ladies 2025/FB-Spar Womens-ToUpload/DSC_6987.jpg iteration=3 outcome=ok bytes=131072 timedout_delta=0 retransmitted_delta=0 reconnects_delta=0
PIC_NFS stage=rpc_read elapsed_ms=4 tid=140446473631424 host=DietPi.local export=/mnt/4TBS relative=/Spar Ladies 2025/FB-Spar Womens-ToUpload/DSC_6987.jpg iteration=4 outcome=ok bytes=262144 timedout_delta=0 retransmitted_delta=0 reconnects_delta=0
PIC_NFS stage=rpc_read elapsed_ms=5 tid=140446473631424 host=DietPi.local export=/mnt/4TBS relative=/Spar Ladies 2025/FB-Spar Womens-ToUpload/DSC_6987.jpg iteration=5 outcome=ok bytes=371081 timedout_delta=0 retransmitted_delta=0 reconnects_delta=0
PIC_NFS stage=rpc_read elapsed_ms=0 tid=140446473631424 host=DietPi.local export=/mnt/4TBS relative=/Spar Ladies 2025/FB-Spar Womens-ToUpload/DSC_6987.jpg iteration=6 outcome=ok bytes=0 timedout_delta=0 retransmitted_delta=0 reconnects_delta=0
PIC_NFS stage=file_read_complete elapsed_ms=14 tid=140446473631424 host=DietPi.local export=/mnt/4TBS relative=/Spar Ladies 2025/FB-Spar Womens-ToUpload/DSC_6987.jpg outcome=ok bytes=895369 calls=6
PIC_NETWORK tid=ThreadId(77) PRIVATE_NFS read_done bytes=895369 elapsed_ms=16 uri=nfs://DietPi.local/mnt/4TBS/Spar%20Ladies%202025/FB-Spar%20Womens-ToUpload/DSC_6987.jpg
PIC_VIEWER source_cache action=insert bytes=895369 uri=nfs://DietPi.local/mnt/4TBS/Spar%20Ladies%202025/FB-Spar%20Womens-ToUpload/DSC_6987.jpg
PIC_VIEWER source_cache action=evict bytes=1357489 uri=nfs://DietPi.local/mnt/4TBS/Spar%20Ladies%202025/FB-Spar%20Womens-ToUpload/DSC_6972.jpg
PIC_VIEWER network_done lane=foreground read_ms=16 bytes=895369 source=network outcome=ok uri=nfs://DietPi.local/mnt/4TBS/Spar%20Ladies%202025/FB-Spar%20Womens-ToUpload/DSC_6987.jpg
PIC_VIEWER decode_stage source_ms=16 cpu_ms=33 uri=nfs://DietPi.local/mnt/4TBS/Spar%20Ladies%202025/FB-Spar%20Womens-ToUpload/DSC_6987.jpg
PIC_VIEWER t_ms=13434 tid=ThreadId(77) decode_done uri=nfs://DietPi.local/mnt/4TBS/Spar%20Ladies%202025/FB-Spar%20Womens-ToUpload/DSC_6987.jpg variant=1124x794 elapsed_ms=52 outcome=ok
PIC_VIEWER t_ms=13437 tid=ThreadId(1) display_apply elapsed_ms=1 uri=nfs://DietPi.local/mnt/4TBS/Spar%20Ladies%202025/FB-Spar%20Womens-ToUpload/DSC_6987.jpg
PIC_VIEWER t_ms=13437 tid=ThreadId(1) display_done lane=foreground source=decode navigation_ms=55 uri=nfs://DietPi.local/mnt/4TBS/Spar%20Ladies%202025/FB-Spar%20Womens-ToUpload/DSC_6987.jpg
PIC_VIEWER t_ms=13437 tid=ThreadId(1) cache_evict uri=nfs://DietPi.local/mnt/4TBS/pics-sport/local%20choice/FB-LCC/DSC_1217.jpg bytes=3372000 remaining_entries=32 remaining_bytes=107908496
PIC_VIEWER t_ms=13442 tid=ThreadId(1) show_photo_request generation=89 index=1724 uri=nfs://DietPi.local/mnt/4TBS/Spar%20Ladies%202025/FB-Spar%20Womens-ToUpload/DSC_6988.jpg
PIC_VIEWER t_ms=13442 tid=ThreadId(1) request lane=foreground action=new uri=nfs://DietPi.local/mnt/4TBS/Spar%20Ladies%202025/FB-Spar%20Womens-ToUpload/DSC_6988.jpg variant=1124x794
PIC_VIEWER t_ms=13442 tid=ThreadId(78) decode_start uri=nfs://DietPi.local/mnt/4TBS/Spar%20Ladies%202025/FB-Spar%20Womens-ToUpload/DSC_6988.jpg variant=1124x794 queue_ms=0
PIC_VIEWER source_cache lane=foreground action=miss uri=nfs://DietPi.local/mnt/4TBS/Spar%20Ladies%202025/FB-Spar%20Womens-ToUpload/DSC_6988.jpg
PIC_VIEWER network_slot lane=foreground wait_ms=0 uri=nfs://DietPi.local/mnt/4TBS/Spar%20Ladies%202025/FB-Spar%20Womens-ToUpload/DSC_6988.jpg
PIC_NETWORK tid=ThreadId(78) PRIVATE_NFS export_cache_hit host=DietPi.local count=5
PIC_NETWORK tid=ThreadId(78) PRIVATE_NFS read_start uri=nfs://DietPi.local/mnt/4TBS/Spar%20Ladies%202025/FB-Spar%20Womens-ToUpload/DSC_6988.jpg max_bytes=134217728
PIC_NFS stage=read_session_lock elapsed_ms=0 tid=140446473631424 host=DietPi.local export=/mnt/4TBS relative=/Spar Ladies 2025/FB-Spar Womens-ToUpload/DSC_6988.jpg outcome=acquired
PIC_NFS_CONNECT reuse host=DietPi.local export=/mnt/4TBS
PIC_NFS stage=file_open elapsed_ms=2 tid=140446473631424 host=DietPi.local export=/mnt/4TBS relative=/Spar Ladies 2025/FB-Spar Womens-ToUpload/DSC_6988.jpg outcome=ok
PIC_NFS stage=rpc_read elapsed_ms=2 tid=140446473631424 host=DietPi.local export=/mnt/4TBS relative=/Spar Ladies 2025/FB-Spar Womens-ToUpload/DSC_6988.jpg iteration=1 outcome=ok bytes=65536 timedout_delta=0 retransmitted_delta=0 reconnects_delta=0
PIC_NFS stage=first_read elapsed_ms=2 tid=140446473631424 host=DietPi.local export=/mnt/4TBS relative=/Spar Ladies 2025/FB-Spar Womens-ToUpload/DSC_6988.jpg outcome=ok bytes=65536
PIC_NFS stage=rpc_read elapsed_ms=2 tid=140446473631424 host=DietPi.local export=/mnt/4TBS relative=/Spar Ladies 2025/FB-Spar Womens-ToUpload/DSC_6988.jpg iteration=2 outcome=ok bytes=65536 timedout_delta=0 retransmitted_delta=0 reconnects_delta=0
PIC_NFS stage=rpc_read elapsed_ms=2 tid=140446473631424 host=DietPi.local export=/mnt/4TBS relative=/Spar Ladies 2025/FB-Spar Womens-ToUpload/DSC_6988.jpg iteration=3 outcome=ok bytes=131072 timedout_delta=0 retransmitted_delta=0 reconnects_delta=0
PIC_NFS stage=rpc_read elapsed_ms=4 tid=140446473631424 host=DietPi.local export=/mnt/4TBS relative=/Spar Ladies 2025/FB-Spar Womens-ToUpload/DSC_6988.jpg iteration=4 outcome=ok bytes=262144 timedout_delta=0 retransmitted_delta=0 reconnects_delta=0
PIC_NFS stage=rpc_read elapsed_ms=5 tid=140446473631424 host=DietPi.local export=/mnt/4TBS relative=/Spar Ladies 2025/FB-Spar Womens-ToUpload/DSC_6988.jpg iteration=5 outcome=ok bytes=423180 timedout_delta=0 retransmitted_delta=0 reconnects_delta=0
PIC_NFS stage=rpc_read elapsed_ms=1 tid=140446473631424 host=DietPi.local export=/mnt/4TBS relative=/Spar Ladies 2025/FB-Spar Womens-ToUpload/DSC_6988.jpg iteration=6 outcome=ok bytes=0 timedout_delta=0 retransmitted_delta=0 reconnects_delta=0
PIC_NFS stage=file_read_complete elapsed_ms=16 tid=140446473631424 host=DietPi.local export=/mnt/4TBS relative=/Spar Ladies 2025/FB-Spar Womens-ToUpload/DSC_6988.jpg outcome=ok bytes=947468 calls=6
PIC_NETWORK tid=ThreadId(78) PRIVATE_NFS read_done bytes=947468 elapsed_ms=17 uri=nfs://DietPi.local/mnt/4TBS/Spar%20Ladies%202025/FB-Spar%20Womens-ToUpload/DSC_6988.jpg
PIC_VIEWER source_cache action=insert bytes=947468 uri=nfs://DietPi.local/mnt/4TBS/Spar%20Ladies%202025/FB-Spar%20Womens-ToUpload/DSC_6988.jpg
PIC_VIEWER source_cache action=evict bytes=1319408 uri=nfs://DietPi.local/mnt/4TBS/Spar%20Ladies%202025/FB-Spar%20Womens-ToUpload/DSC_6973.jpg
PIC_VIEWER network_done lane=foreground read_ms=18 bytes=947468 source=network outcome=ok uri=nfs://DietPi.local/mnt/4TBS/Spar%20Ladies%202025/FB-Spar%20Womens-ToUpload/DSC_6988.jpg
PIC_VIEWER decode_stage source_ms=18 cpu_ms=32 uri=nfs://DietPi.local/mnt/4TBS/Spar%20Ladies%202025/FB-Spar%20Womens-ToUpload/DSC_6988.jpg
PIC_VIEWER t_ms=13496 tid=ThreadId(78) decode_done uri=nfs://DietPi.local/mnt/4TBS/Spar%20Ladies%202025/FB-Spar%20Womens-ToUpload/DSC_6988.jpg variant=1124x794 elapsed_ms=54 outcome=ok
PIC_VIEWER t_ms=13497 tid=ThreadId(1) display_apply elapsed_ms=0 uri=nfs://DietPi.local/mnt/4TBS/Spar%20Ladies%202025/FB-Spar%20Womens-ToUpload/DSC_6988.jpg
PIC_VIEWER t_ms=13497 tid=ThreadId(1) display_done lane=foreground source=decode navigation_ms=54 uri=nfs://DietPi.local/mnt/4TBS/Spar%20Ladies%202025/FB-Spar%20Womens-ToUpload/DSC_6988.jpg
PIC_VIEWER t_ms=13497 tid=ThreadId(1) cache_evict uri=nfs://DietPi.local/mnt/4TBS/pics-sport/local%20choice/FB-LCC/DSC_1213.jpg bytes=3372000 remaining_entries=32 remaining_bytes=107908496
PIC_VIEWER t_ms=13502 tid=ThreadId(1) show_photo_request generation=90 index=1725 uri=nfs://DietPi.local/mnt/4TBS/Spar%20Ladies%202025/FB-Spar%20Womens-ToUpload/DSC_6989.jpg
PIC_VIEWER t_ms=13502 tid=ThreadId(1) request lane=foreground action=new uri=nfs://DietPi.local/mnt/4TBS/Spar%20Ladies%202025/FB-Spar%20Womens-ToUpload/DSC_6989.jpg variant=1124x794
PIC_VIEWER t_ms=13502 tid=ThreadId(79) decode_start uri=nfs://DietPi.local/mnt/4TBS/Spar%20Ladies%202025/FB-Spar%20Womens-ToUpload/DSC_6989.jpg variant=1124x794 queue_ms=0
PIC_VIEWER source_cache lane=foreground action=miss uri=nfs://DietPi.local/mnt/4TBS/Spar%20Ladies%202025/FB-Spar%20Womens-ToUpload/DSC_6989.jpg
PIC_VIEWER network_slot lane=foreground wait_ms=0 uri=nfs://DietPi.local/mnt/4TBS/Spar%20Ladies%202025/FB-Spar%20Womens-ToUpload/DSC_6989.jpg
PIC_NETWORK tid=ThreadId(79) PRIVATE_NFS export_cache_hit host=DietPi.local count=5
PIC_NETWORK tid=ThreadId(79) PRIVATE_NFS read_start uri=nfs://DietPi.local/mnt/4TBS/Spar%20Ladies%202025/FB-Spar%20Womens-ToUpload/DSC_6989.jpg max_bytes=134217728
PIC_NFS stage=read_session_lock elapsed_ms=0 tid=140446473631424 host=DietPi.local export=/mnt/4TBS relative=/Spar Ladies 2025/FB-Spar Womens-ToUpload/DSC_6989.jpg outcome=acquired
PIC_NFS_CONNECT reuse host=DietPi.local export=/mnt/4TBS
PIC_NFS stage=file_open elapsed_ms=2 tid=140446473631424 host=DietPi.local export=/mnt/4TBS relative=/Spar Ladies 2025/FB-Spar Womens-ToUpload/DSC_6989.jpg outcome=ok
PIC_NFS stage=rpc_read elapsed_ms=2 tid=140446473631424 host=DietPi.local export=/mnt/4TBS relative=/Spar Ladies 2025/FB-Spar Womens-ToUpload/DSC_6989.jpg iteration=1 outcome=ok bytes=65536 timedout_delta=0 retransmitted_delta=0 reconnects_delta=0
PIC_NFS stage=first_read elapsed_ms=2 tid=140446473631424 host=DietPi.local export=/mnt/4TBS relative=/Spar Ladies 2025/FB-Spar Womens-ToUpload/DSC_6989.jpg outcome=ok bytes=65536
PIC_NFS stage=rpc_read elapsed_ms=1 tid=140446473631424 host=DietPi.local export=/mnt/4TBS relative=/Spar Ladies 2025/FB-Spar Womens-ToUpload/DSC_6989.jpg iteration=2 outcome=ok bytes=65536 timedout_delta=0 retransmitted_delta=0 reconnects_delta=0
PIC_NFS stage=rpc_read elapsed_ms=2 tid=140446473631424 host=DietPi.local export=/mnt/4TBS relative=/Spar Ladies 2025/FB-Spar Womens-ToUpload/DSC_6989.jpg iteration=3 outcome=ok bytes=131072 timedout_delta=0 retransmitted_delta=0 reconnects_delta=0
PIC_NFS stage=rpc_read elapsed_ms=4 tid=140446473631424 host=DietPi.local export=/mnt/4TBS relative=/Spar Ladies 2025/FB-Spar Womens-ToUpload/DSC_6989.jpg iteration=4 outcome=ok bytes=262144 timedout_delta=0 retransmitted_delta=0 reconnects_delta=0
PIC_NFS stage=rpc_read elapsed_ms=7 tid=140446473631424 host=DietPi.local export=/mnt/4TBS relative=/Spar Ladies 2025/FB-Spar Womens-ToUpload/DSC_6989.jpg iteration=5 outcome=ok bytes=524288 timedout_delta=0 retransmitted_delta=0 reconnects_delta=0
PIC_NFS stage=rpc_read elapsed_ms=1 tid=140446473631424 host=DietPi.local export=/mnt/4TBS relative=/Spar Ladies 2025/FB-Spar Womens-ToUpload/DSC_6989.jpg iteration=6 outcome=ok bytes=76838 timedout_delta=0 retransmitted_delta=0 reconnects_delta=0
PIC_NFS stage=rpc_read elapsed_ms=0 tid=140446473631424 host=DietPi.local export=/mnt/4TBS relative=/Spar Ladies 2025/FB-Spar Womens-ToUpload/DSC_6989.jpg iteration=7 outcome=ok bytes=0 timedout_delta=0 retransmitted_delta=0 reconnects_delta=0
PIC_NFS stage=file_read_complete elapsed_ms=17 tid=140446473631424 host=DietPi.local export=/mnt/4TBS relative=/Spar Ladies 2025/FB-Spar Womens-ToUpload/DSC_6989.jpg outcome=ok bytes=1125414 calls=7
PIC_NETWORK tid=ThreadId(79) PRIVATE_NFS read_done bytes=1125414 elapsed_ms=19 uri=nfs://DietPi.local/mnt/4TBS/Spar%20Ladies%202025/FB-Spar%20Womens-ToUpload/DSC_6989.jpg
PIC_VIEWER source_cache action=insert bytes=1125414 uri=nfs://DietPi.local/mnt/4TBS/Spar%20Ladies%202025/FB-Spar%20Womens-ToUpload/DSC_6989.jpg
PIC_VIEWER source_cache action=evict bytes=1124799 uri=nfs://DietPi.local/mnt/4TBS/Spar%20Ladies%202025/FB-Spar%20Womens-ToUpload/DSC_6971.jpg
PIC_VIEWER network_done lane=foreground read_ms=19 bytes=1125414 source=network outcome=ok uri=nfs://DietPi.local/mnt/4TBS/Spar%20Ladies%202025/FB-Spar%20Womens-ToUpload/DSC_6989.jpg
PIC_VIEWER decode_stage source_ms=19 cpu_ms=36 uri=nfs://DietPi.local/mnt/4TBS/Spar%20Ladies%202025/FB-Spar%20Womens-ToUpload/DSC_6989.jpg
PIC_VIEWER t_ms=13561 tid=ThreadId(79) decode_done uri=nfs://DietPi.local/mnt/4TBS/Spar%20Ladies%202025/FB-Spar%20Womens-ToUpload/DSC_6989.jpg variant=1124x794 elapsed_ms=58 outcome=ok
PIC_VIEWER t_ms=13561 tid=ThreadId(1) display_apply elapsed_ms=0 uri=nfs://DietPi.local/mnt/4TBS/Spar%20Ladies%202025/FB-Spar%20Womens-ToUpload/DSC_6989.jpg
PIC_VIEWER t_ms=13561 tid=ThreadId(1) display_done lane=foreground source=decode navigation_ms=59 uri=nfs://DietPi.local/mnt/4TBS/Spar%20Ladies%202025/FB-Spar%20Womens-ToUpload/DSC_6989.jpg
PIC_VIEWER t_ms=13561 tid=ThreadId(1) cache_evict uri=nfs://DietPi.local/mnt/4TBS/pics-sport/local%20choice/FB-LCC/DSC_1212.jpg bytes=3372000 remaining_entries=32 remaining_bytes=107908496
PIC_VIEWER t_ms=13562 tid=ThreadId(1) show_photo_request generation=91 index=1726 uri=nfs://DietPi.local/mnt/4TBS/Spar%20Ladies%202025/FB-Spar%20Womens-ToUpload/DSC_6990.jpg
PIC_VIEWER t_ms=13562 tid=ThreadId(1) request lane=foreground action=new uri=nfs://DietPi.local/mnt/4TBS/Spar%20Ladies%202025/FB-Spar%20Womens-ToUpload/DSC_6990.jpg variant=1124x794
PIC_VIEWER t_ms=13562 tid=ThreadId(80) decode_start uri=nfs://DietPi.local/mnt/4TBS/Spar%20Ladies%202025/FB-Spar%20Womens-ToUpload/DSC_6990.jpg variant=1124x794 queue_ms=0
PIC_VIEWER source_cache lane=foreground action=miss uri=nfs://DietPi.local/mnt/4TBS/Spar%20Ladies%202025/FB-Spar%20Womens-ToUpload/DSC_6990.jpg
PIC_VIEWER network_slot lane=foreground wait_ms=0 uri=nfs://DietPi.local/mnt/4TBS/Spar%20Ladies%202025/FB-Spar%20Womens-ToUpload/DSC_6990.jpg
PIC_NETWORK tid=ThreadId(80) PRIVATE_NFS export_cache_hit host=DietPi.local count=5
PIC_NETWORK tid=ThreadId(80) PRIVATE_NFS read_start uri=nfs://DietPi.local/mnt/4TBS/Spar%20Ladies%202025/FB-Spar%20Womens-ToUpload/DSC_6990.jpg max_bytes=134217728
PIC_NFS stage=read_session_lock elapsed_ms=0 tid=140446473631424 host=DietPi.local export=/mnt/4TBS relative=/Spar Ladies 2025/FB-Spar Womens-ToUpload/DSC_6990.jpg outcome=acquired
PIC_NFS_CONNECT reuse host=DietPi.local export=/mnt/4TBS
PIC_NFS stage=file_open elapsed_ms=2 tid=140446473631424 host=DietPi.local export=/mnt/4TBS relative=/Spar Ladies 2025/FB-Spar Womens-ToUpload/DSC_6990.jpg outcome=ok
PIC_NFS stage=rpc_read elapsed_ms=2 tid=140446473631424 host=DietPi.local export=/mnt/4TBS relative=/Spar Ladies 2025/FB-Spar Womens-ToUpload/DSC_6990.jpg iteration=1 outcome=ok bytes=65536 timedout_delta=0 retransmitted_delta=0 reconnects_delta=0
PIC_NFS stage=first_read elapsed_ms=2 tid=140446473631424 host=DietPi.local export=/mnt/4TBS relative=/Spar Ladies 2025/FB-Spar Womens-ToUpload/DSC_6990.jpg outcome=ok bytes=65536
PIC_NFS stage=rpc_read elapsed_ms=1 tid=140446473631424 host=DietPi.local export=/mnt/4TBS relative=/Spar Ladies 2025/FB-Spar Womens-ToUpload/DSC_6990.jpg iteration=2 outcome=ok bytes=65536 timedout_delta=0 retransmitted_delta=0 reconnects_delta=0
PIC_NFS stage=rpc_read elapsed_ms=2 tid=140446473631424 host=DietPi.local export=/mnt/4TBS relative=/Spar Ladies 2025/FB-Spar Womens-ToUpload/DSC_6990.jpg iteration=3 outcome=ok bytes=131072 timedout_delta=0 retransmitted_delta=0 reconnects_delta=0
PIC_NFS stage=rpc_read elapsed_ms=4 tid=140446473631424 host=DietPi.local export=/mnt/4TBS relative=/Spar Ladies 2025/FB-Spar Womens-ToUpload/DSC_6990.jpg iteration=4 outcome=ok bytes=262144 timedout_delta=0 retransmitted_delta=0 reconnects_delta=0
PIC_NFS stage=rpc_read elapsed_ms=7 tid=140446473631424 host=DietPi.local export=/mnt/4TBS relative=/Spar Ladies 2025/FB-Spar Womens-ToUpload/DSC_6990.jpg iteration=5 outcome=ok bytes=524288 timedout_delta=0 retransmitted_delta=0 reconnects_delta=0
PIC_NFS stage=rpc_read elapsed_ms=3 tid=140446473631424 host=DietPi.local export=/mnt/4TBS relative=/Spar Ladies 2025/FB-Spar Womens-ToUpload/DSC_6990.jpg iteration=6 outcome=ok bytes=202649 timedout_delta=0 retransmitted_delta=0 reconnects_delta=0
PIC_NFS stage=rpc_read elapsed_ms=0 tid=140446473631424 host=DietPi.local export=/mnt/4TBS relative=/Spar Ladies 2025/FB-Spar Womens-ToUpload/DSC_6990.jpg iteration=7 outcome=ok bytes=0 timedout_delta=0 retransmitted_delta=0 reconnects_delta=0
PIC_NFS stage=file_read_complete elapsed_ms=19 tid=140446473631424 host=DietPi.local export=/mnt/4TBS relative=/Spar Ladies 2025/FB-Spar Womens-ToUpload/DSC_6990.jpg outcome=ok bytes=1251225 calls=7
PIC_NETWORK tid=ThreadId(80) PRIVATE_NFS read_done bytes=1251225 elapsed_ms=21 uri=nfs://DietPi.local/mnt/4TBS/Spar%20Ladies%202025/FB-Spar%20Womens-ToUpload/DSC_6990.jpg
PIC_VIEWER source_cache action=insert bytes=1251225 uri=nfs://DietPi.local/mnt/4TBS/Spar%20Ladies%202025/FB-Spar%20Womens-ToUpload/DSC_6990.jpg
PIC_VIEWER source_cache action=evict bytes=1156173 uri=nfs://DietPi.local/mnt/4TBS/Spar%20Ladies%202025/FB-Spar%20Womens-ToUpload/DSC_6974.jpg
PIC_VIEWER network_done lane=foreground read_ms=21 bytes=1251225 source=network outcome=ok uri=nfs://DietPi.local/mnt/4TBS/Spar%20Ladies%202025/FB-Spar%20Womens-ToUpload/DSC_6990.jpg
PIC_VIEWER decode_stage source_ms=21 cpu_ms=38 uri=nfs://DietPi.local/mnt/4TBS/Spar%20Ladies%202025/FB-Spar%20Womens-ToUpload/DSC_6990.jpg
PIC_VIEWER t_ms=13624 tid=ThreadId(80) decode_done uri=nfs://DietPi.local/mnt/4TBS/Spar%20Ladies%202025/FB-Spar%20Womens-ToUpload/DSC_6990.jpg variant=1124x794 elapsed_ms=62 outcome=ok
PIC_VIEWER t_ms=13625 tid=ThreadId(1) display_apply elapsed_ms=0 uri=nfs://DietPi.local/mnt/4TBS/Spar%20Ladies%202025/FB-Spar%20Womens-ToUpload/DSC_6990.jpg
PIC_VIEWER t_ms=13625 tid=ThreadId(1) display_done lane=foreground source=decode navigation_ms=63 uri=nfs://DietPi.local/mnt/4TBS/Spar%20Ladies%202025/FB-Spar%20Womens-ToUpload/DSC_6990.jpg
PIC_VIEWER t_ms=13625 tid=ThreadId(1) cache_evict uri=nfs://DietPi.local/mnt/4TBS/pics-sport/local%20choice/FB-LCC/DSC_1211.jpg bytes=3372000 remaining_entries=32 remaining_bytes=107908496
PIC_VIEWER t_ms=13735 tid=ThreadId(1) show_photo_request generation=92 index=1725 uri=nfs://DietPi.local/mnt/4TBS/Spar%20Ladies%202025/FB-Spar%20Womens-ToUpload/DSC_6989.jpg
PIC_VIEWER t_ms=13735 tid=ThreadId(1) cache_hit lane=foreground uri=nfs://DietPi.local/mnt/4TBS/Spar%20Ladies%202025/FB-Spar%20Womens-ToUpload/DSC_6989.jpg
PIC_VIEWER t_ms=13735 tid=ThreadId(1) display_done lane=foreground source=texture_cache navigation_ms=0 uri=nfs://DietPi.local/mnt/4TBS/Spar%20Ladies%202025/FB-Spar%20Womens-ToUpload/DSC_6989.jpg
PIC_VIEWER t_ms=13985 tid=ThreadId(1) cache_hit lane=prefetch uri=nfs://DietPi.local/mnt/4TBS/Spar%20Ladies%202025/FB-Spar%20Womens-ToUpload/DSC_6988.jpg
PIC_VIEWER t_ms=13985 tid=ThreadId(1) cache_hit lane=prefetch uri=nfs://DietPi.local/mnt/4TBS/Spar%20Ladies%202025/FB-Spar%20Womens-ToUpload/DSC_6990.jpg
PIC_VIEWER t_ms=14235 tid=ThreadId(1) show_photo_request generation=93 index=1724 uri=nfs://DietPi.local/mnt/4TBS/Spar%20Ladies%202025/FB-Spar%20Womens-ToUpload/DSC_6988.jpg
PIC_VIEWER t_ms=14235 tid=ThreadId(1) cache_hit lane=foreground uri=nfs://DietPi.local/mnt/4TBS/Spar%20Ladies%202025/FB-Spar%20Womens-ToUpload/DSC_6988.jpg
PIC_VIEWER t_ms=14235 tid=ThreadId(1) display_done lane=foreground source=texture_cache navigation_ms=0 uri=nfs://DietPi.local/mnt/4TBS/Spar%20Ladies%202025/FB-Spar%20Womens-ToUpload/DSC_6988.jpg
PIC_VIEWER t_ms=14265 tid=ThreadId(1) show_photo_request generation=94 index=1723 uri=nfs://DietPi.local/mnt/4TBS/Spar%20Ladies%202025/FB-Spar%20Womens-ToUpload/DSC_6987.jpg
PIC_VIEWER t_ms=14265 tid=ThreadId(1) cache_hit lane=foreground uri=nfs://DietPi.local/mnt/4TBS/Spar%20Ladies%202025/FB-Spar%20Womens-ToUpload/DSC_6987.jpg
PIC_VIEWER t_ms=14265 tid=ThreadId(1) display_done lane=foreground source=texture_cache navigation_ms=0 uri=nfs://DietPi.local/mnt/4TBS/Spar%20Ladies%202025/FB-Spar%20Womens-ToUpload/DSC_6987.jpg
PIC_VIEWER t_ms=14295 tid=ThreadId(1) show_photo_request generation=95 index=1722 uri=nfs://DietPi.local/mnt/4TBS/Spar%20Ladies%202025/FB-Spar%20Womens-ToUpload/DSC_6986.jpg
PIC_VIEWER t_ms=14295 tid=ThreadId(1) cache_hit lane=foreground uri=nfs://DietPi.local/mnt/4TBS/Spar%20Ladies%202025/FB-Spar%20Womens-ToUpload/DSC_6986.jpg
PIC_VIEWER t_ms=14295 tid=ThreadId(1) display_done lane=foreground source=texture_cache navigation_ms=0 uri=nfs://DietPi.local/mnt/4TBS/Spar%20Ladies%202025/FB-Spar%20Womens-ToUpload/DSC_6986.jpg
PIC_VIEWER t_ms=14325 tid=ThreadId(1) show_photo_request generation=96 index=1721 uri=nfs://DietPi.local/mnt/4TBS/Spar%20Ladies%202025/FB-Spar%20Womens-ToUpload/DSC_6985.jpg
PIC_VIEWER t_ms=14325 tid=ThreadId(1) cache_hit lane=foreground uri=nfs://DietPi.local/mnt/4TBS/Spar%20Ladies%202025/FB-Spar%20Womens-ToUpload/DSC_6985.jpg
PIC_VIEWER t_ms=14325 tid=ThreadId(1) display_done lane=foreground source=texture_cache navigation_ms=0 uri=nfs://DietPi.local/mnt/4TBS/Spar%20Ladies%202025/FB-Spar%20Womens-ToUpload/DSC_6985.jpg
PIC_VIEWER t_ms=14355 tid=ThreadId(1) show_photo_request generation=97 index=1720 uri=nfs://DietPi.local/mnt/4TBS/Spar%20Ladies%202025/FB-Spar%20Womens-ToUpload/DSC_6984.jpg
PIC_VIEWER t_ms=14355 tid=ThreadId(1) cache_hit lane=foreground uri=nfs://DietPi.local/mnt/4TBS/Spar%20Ladies%202025/FB-Spar%20Womens-ToUpload/DSC_6984.jpg
PIC_VIEWER t_ms=14355 tid=ThreadId(1) display_done lane=foreground source=texture_cache navigation_ms=0 uri=nfs://DietPi.local/mnt/4TBS/Spar%20Ladies%202025/FB-Spar%20Womens-ToUpload/DSC_6984.jpg
PIC_VIEWER t_ms=14387 tid=ThreadId(1) show_photo_request generation=98 index=1719 uri=nfs://DietPi.local/mnt/4TBS/Spar%20Ladies%202025/FB-Spar%20Womens-ToUpload/DSC_6983.jpg
PIC_VIEWER t_ms=14387 tid=ThreadId(1) cache_hit lane=foreground uri=nfs://DietPi.local/mnt/4TBS/Spar%20Ladies%202025/FB-Spar%20Womens-ToUpload/DSC_6983.jpg
PIC_VIEWER t_ms=14387 tid=ThreadId(1) display_done lane=foreground source=texture_cache navigation_ms=0 uri=nfs://DietPi.local/mnt/4TBS/Spar%20Ladies%202025/FB-Spar%20Womens-ToUpload/DSC_6983.jpg
PIC_VIEWER t_ms=14415 tid=ThreadId(1) show_photo_request generation=99 index=1718 uri=nfs://DietPi.local/mnt/4TBS/Spar%20Ladies%202025/FB-Spar%20Womens-ToUpload/DSC_6982.jpg
PIC_VIEWER t_ms=14415 tid=ThreadId(1) cache_hit lane=foreground uri=nfs://DietPi.local/mnt/4TBS/Spar%20Ladies%202025/FB-Spar%20Womens-ToUpload/DSC_6982.jpg
PIC_VIEWER t_ms=14415 tid=ThreadId(1) display_done lane=foreground source=texture_cache navigation_ms=0 uri=nfs://DietPi.local/mnt/4TBS/Spar%20Ladies%202025/FB-Spar%20Womens-ToUpload/DSC_6982.jpg
PIC_VIEWER t_ms=14446 tid=ThreadId(1) show_photo_request generation=100 index=1717 uri=nfs://DietPi.local/mnt/4TBS/Spar%20Ladies%202025/FB-Spar%20Womens-ToUpload/DSC_6981.jpg
PIC_VIEWER t_ms=14446 tid=ThreadId(1) cache_hit lane=foreground uri=nfs://DietPi.local/mnt/4TBS/Spar%20Ladies%202025/FB-Spar%20Womens-ToUpload/DSC_6981.jpg
PIC_VIEWER t_ms=14446 tid=ThreadId(1) display_done lane=foreground source=texture_cache navigation_ms=0 uri=nfs://DietPi.local/mnt/4TBS/Spar%20Ladies%202025/FB-Spar%20Womens-ToUpload/DSC_6981.jpg
PIC_VIEWER t_ms=14476 tid=ThreadId(1) show_photo_request generation=101 index=1716 uri=nfs://DietPi.local/mnt/4TBS/Spar%20Ladies%202025/FB-Spar%20Womens-ToUpload/DSC_6980.jpg
PIC_VIEWER t_ms=14476 tid=ThreadId(1) cache_hit lane=foreground uri=nfs://DietPi.local/mnt/4TBS/Spar%20Ladies%202025/FB-Spar%20Womens-ToUpload/DSC_6980.jpg
PIC_VIEWER t_ms=14476 tid=ThreadId(1) display_done lane=foreground source=texture_cache navigation_ms=0 uri=nfs://DietPi.local/mnt/4TBS/Spar%20Ladies%202025/FB-Spar%20Womens-ToUpload/DSC_6980.jpg
PIC_VIEWER t_ms=14506 tid=ThreadId(1) show_photo_request generation=102 index=1715 uri=nfs://DietPi.local/mnt/4TBS/Spar%20Ladies%202025/FB-Spar%20Womens-ToUpload/DSC_6979.jpg
PIC_VIEWER t_ms=14506 tid=ThreadId(1) cache_hit lane=foreground uri=nfs://DietPi.local/mnt/4TBS/Spar%20Ladies%202025/FB-Spar%20Womens-ToUpload/DSC_6979.jpg
PIC_VIEWER t_ms=14506 tid=ThreadId(1) display_done lane=foreground source=texture_cache navigation_ms=0 uri=nfs://DietPi.local/mnt/4TBS/Spar%20Ladies%202025/FB-Spar%20Womens-ToUpload/DSC_6979.jpg
PIC_VIEWER t_ms=14536 tid=ThreadId(1) show_photo_request generation=103 index=1714 uri=nfs://DietPi.local/mnt/4TBS/Spar%20Ladies%202025/FB-Spar%20Womens-ToUpload/DSC_6978.jpg
PIC_VIEWER t_ms=14536 tid=ThreadId(1) cache_hit lane=foreground uri=nfs://DietPi.local/mnt/4TBS/Spar%20Ladies%202025/FB-Spar%20Womens-ToUpload/DSC_6978.jpg
PIC_VIEWER t_ms=14536 tid=ThreadId(1) display_done lane=foreground source=texture_cache navigation_ms=0 uri=nfs://DietPi.local/mnt/4TBS/Spar%20Ladies%202025/FB-Spar%20Womens-ToUpload/DSC_6978.jpg
PIC_VIEWER t_ms=14566 tid=ThreadId(1) show_photo_request generation=104 index=1713 uri=nfs://DietPi.local/mnt/4TBS/Spar%20Ladies%202025/FB-Spar%20Womens-ToUpload/DSC_6977.jpg
PIC_VIEWER t_ms=14566 tid=ThreadId(1) cache_hit lane=foreground uri=nfs://DietPi.local/mnt/4TBS/Spar%20Ladies%202025/FB-Spar%20Womens-ToUpload/DSC_6977.jpg
PIC_VIEWER t_ms=14566 tid=ThreadId(1) display_done lane=foreground source=texture_cache navigation_ms=0 uri=nfs://DietPi.local/mnt/4TBS/Spar%20Ladies%202025/FB-Spar%20Womens-ToUpload/DSC_6977.jpg
PIC_VIEWER t_ms=14596 tid=ThreadId(1) show_photo_request generation=105 index=1712 uri=nfs://DietPi.local/mnt/4TBS/Spar%20Ladies%202025/FB-Spar%20Womens-ToUpload/DSC_6976.jpg
PIC_VIEWER t_ms=14596 tid=ThreadId(1) cache_hit lane=foreground uri=nfs://DietPi.local/mnt/4TBS/Spar%20Ladies%202025/FB-Spar%20Womens-ToUpload/DSC_6976.jpg
PIC_VIEWER t_ms=14596 tid=ThreadId(1) display_done lane=foreground source=texture_cache navigation_ms=0 uri=nfs://DietPi.local/mnt/4TBS/Spar%20Ladies%202025/FB-Spar%20Womens-ToUpload/DSC_6976.jpg
PIC_VIEWER t_ms=14626 tid=ThreadId(1) show_photo_request generation=106 index=1711 uri=nfs://DietPi.local/mnt/4TBS/Spar%20Ladies%202025/FB-Spar%20Womens-ToUpload/DSC_6975.jpg
PIC_VIEWER t_ms=14626 tid=ThreadId(1) cache_hit lane=foreground uri=nfs://DietPi.local/mnt/4TBS/Spar%20Ladies%202025/FB-Spar%20Womens-ToUpload/DSC_6975.jpg
PIC_VIEWER t_ms=14626 tid=ThreadId(1) display_done lane=foreground source=texture_cache navigation_ms=0 uri=nfs://DietPi.local/mnt/4TBS/Spar%20Ladies%202025/FB-Spar%20Womens-ToUpload/DSC_6975.jpg
PIC_VIEWER t_ms=14656 tid=ThreadId(1) show_photo_request generation=107 index=1710 uri=nfs://DietPi.local/mnt/4TBS/Spar%20Ladies%202025/FB-Spar%20Womens-ToUpload/DSC_6974.jpg
PIC_VIEWER t_ms=14656 tid=ThreadId(1) cache_hit lane=foreground uri=nfs://DietPi.local/mnt/4TBS/Spar%20Ladies%202025/FB-Spar%20Womens-ToUpload/DSC_6974.jpg
PIC_VIEWER t_ms=14656 tid=ThreadId(1) display_done lane=foreground source=texture_cache navigation_ms=0 uri=nfs://DietPi.local/mnt/4TBS/Spar%20Ladies%202025/FB-Spar%20Womens-ToUpload/DSC_6974.jpg
PIC_VIEWER t_ms=14688 tid=ThreadId(1) show_photo_request generation=108 index=1709 uri=nfs://DietPi.local/mnt/4TBS/Spar%20Ladies%202025/FB-Spar%20Womens-ToUpload/DSC_6973.jpg
PIC_VIEWER t_ms=14688 tid=ThreadId(1) cache_hit lane=foreground uri=nfs://DietPi.local/mnt/4TBS/Spar%20Ladies%202025/FB-Spar%20Womens-ToUpload/DSC_6973.jpg
PIC_VIEWER t_ms=14688 tid=ThreadId(1) display_done lane=foreground source=texture_cache navigation_ms=0 uri=nfs://DietPi.local/mnt/4TBS/Spar%20Ladies%202025/FB-Spar%20Womens-ToUpload/DSC_6973.jpg
PIC_VIEWER t_ms=14717 tid=ThreadId(1) show_photo_request generation=109 index=1708 uri=nfs://DietPi.local/mnt/4TBS/Spar%20Ladies%202025/FB-Spar%20Womens-ToUpload/DSC_6972.jpg
PIC_VIEWER t_ms=14717 tid=ThreadId(1) cache_hit lane=foreground uri=nfs://DietPi.local/mnt/4TBS/Spar%20Ladies%202025/FB-Spar%20Womens-ToUpload/DSC_6972.jpg
PIC_VIEWER t_ms=14717 tid=ThreadId(1) display_done lane=foreground source=texture_cache navigation_ms=0 uri=nfs://DietPi.local/mnt/4TBS/Spar%20Ladies%202025/FB-Spar%20Womens-ToUpload/DSC_6972.jpg
PIC_VIEWER t_ms=14746 tid=ThreadId(1) show_photo_request generation=110 index=1707 uri=nfs://DietPi.local/mnt/4TBS/Spar%20Ladies%202025/FB-Spar%20Womens-ToUpload/DSC_6971.jpg
PIC_VIEWER t_ms=14746 tid=ThreadId(1) cache_hit lane=foreground uri=nfs://DietPi.local/mnt/4TBS/Spar%20Ladies%202025/FB-Spar%20Womens-ToUpload/DSC_6971.jpg
PIC_VIEWER t_ms=14746 tid=ThreadId(1) display_done lane=foreground source=texture_cache navigation_ms=0 uri=nfs://DietPi.local/mnt/4TBS/Spar%20Ladies%202025/FB-Spar%20Womens-ToUpload/DSC_6971.jpg
PIC_VIEWER t_ms=14777 tid=ThreadId(1) show_photo_request generation=111 index=1706 uri=nfs://DietPi.local/mnt/4TBS/Spar%20Ladies%202025/FB-Spar%20Womens-ToUpload/DSC_6970.jpg
PIC_VIEWER t_ms=14777 tid=ThreadId(1) request lane=foreground action=new uri=nfs://DietPi.local/mnt/4TBS/Spar%20Ladies%202025/FB-Spar%20Womens-ToUpload/DSC_6970.jpg variant=1124x794
PIC_VIEWER t_ms=14777 tid=ThreadId(81) decode_start uri=nfs://DietPi.local/mnt/4TBS/Spar%20Ladies%202025/FB-Spar%20Womens-ToUpload/DSC_6970.jpg variant=1124x794 queue_ms=0
PIC_VIEWER source_cache lane=foreground action=miss uri=nfs://DietPi.local/mnt/4TBS/Spar%20Ladies%202025/FB-Spar%20Womens-ToUpload/DSC_6970.jpg
PIC_VIEWER network_slot lane=foreground wait_ms=0 uri=nfs://DietPi.local/mnt/4TBS/Spar%20Ladies%202025/FB-Spar%20Womens-ToUpload/DSC_6970.jpg
PIC_NETWORK tid=ThreadId(81) PRIVATE_NFS export_cache_hit host=DietPi.local count=5
PIC_NETWORK tid=ThreadId(81) PRIVATE_NFS read_start uri=nfs://DietPi.local/mnt/4TBS/Spar%20Ladies%202025/FB-Spar%20Womens-ToUpload/DSC_6970.jpg max_bytes=134217728
PIC_NFS stage=read_session_lock elapsed_ms=0 tid=140446473631424 host=DietPi.local export=/mnt/4TBS relative=/Spar Ladies 2025/FB-Spar Womens-ToUpload/DSC_6970.jpg outcome=acquired
PIC_NFS_CONNECT reuse host=DietPi.local export=/mnt/4TBS
PIC_NFS stage=file_open elapsed_ms=2 tid=140446473631424 host=DietPi.local export=/mnt/4TBS relative=/Spar Ladies 2025/FB-Spar Womens-ToUpload/DSC_6970.jpg outcome=ok
PIC_NFS stage=rpc_read elapsed_ms=2 tid=140446473631424 host=DietPi.local export=/mnt/4TBS relative=/Spar Ladies 2025/FB-Spar Womens-ToUpload/DSC_6970.jpg iteration=1 outcome=ok bytes=65536 timedout_delta=0 retransmitted_delta=0 reconnects_delta=0
PIC_NFS stage=first_read elapsed_ms=2 tid=140446473631424 host=DietPi.local export=/mnt/4TBS relative=/Spar Ladies 2025/FB-Spar Womens-ToUpload/DSC_6970.jpg outcome=ok bytes=65536
PIC_NFS stage=rpc_read elapsed_ms=2 tid=140446473631424 host=DietPi.local export=/mnt/4TBS relative=/Spar Ladies 2025/FB-Spar Womens-ToUpload/DSC_6970.jpg iteration=2 outcome=ok bytes=65536 timedout_delta=0 retransmitted_delta=0 reconnects_delta=0
PIC_NFS stage=rpc_read elapsed_ms=1 tid=140446473631424 host=DietPi.local export=/mnt/4TBS relative=/Spar Ladies 2025/FB-Spar Womens-ToUpload/DSC_6970.jpg iteration=3 outcome=ok bytes=131072 timedout_delta=0 retransmitted_delta=0 reconnects_delta=0
PIC_NFS stage=rpc_read elapsed_ms=4 tid=140446473631424 host=DietPi.local export=/mnt/4TBS relative=/Spar Ladies 2025/FB-Spar Womens-ToUpload/DSC_6970.jpg iteration=4 outcome=ok bytes=262144 timedout_delta=0 retransmitted_delta=0 reconnects_delta=0
PIC_NFS stage=rpc_read elapsed_ms=7 tid=140446473631424 host=DietPi.local export=/mnt/4TBS relative=/Spar Ladies 2025/FB-Spar Womens-ToUpload/DSC_6970.jpg iteration=5 outcome=ok bytes=524288 timedout_delta=0 retransmitted_delta=0 reconnects_delta=0
PIC_NFS stage=rpc_read elapsed_ms=10 tid=140446473631424 host=DietPi.local export=/mnt/4TBS relative=/Spar Ladies 2025/FB-Spar Womens-ToUpload/DSC_6970.jpg iteration=6 outcome=ok bytes=253882 timedout_delta=0 retransmitted_delta=0 reconnects_delta=0
PIC_NFS stage=rpc_read elapsed_ms=1 tid=140446473631424 host=DietPi.local export=/mnt/4TBS relative=/Spar Ladies 2025/FB-Spar Womens-ToUpload/DSC_6970.jpg iteration=7 outcome=ok bytes=0 timedout_delta=0 retransmitted_delta=0 reconnects_delta=0
PIC_NFS stage=file_read_complete elapsed_ms=27 tid=140446473631424 host=DietPi.local export=/mnt/4TBS relative=/Spar Ladies 2025/FB-Spar Womens-ToUpload/DSC_6970.jpg outcome=ok bytes=1302458 calls=7
PIC_NETWORK tid=ThreadId(81) PRIVATE_NFS read_done bytes=1302458 elapsed_ms=28 uri=nfs://DietPi.local/mnt/4TBS/Spar%20Ladies%202025/FB-Spar%20Womens-ToUpload/DSC_6970.jpg
PIC_VIEWER source_cache action=insert bytes=1302458 uri=nfs://DietPi.local/mnt/4TBS/Spar%20Ladies%202025/FB-Spar%20Womens-ToUpload/DSC_6970.jpg
PIC_VIEWER source_cache action=evict bytes=1279567 uri=nfs://DietPi.local/mnt/4TBS/Spar%20Ladies%202025/FB-Spar%20Womens-ToUpload/DSC_6975.jpg
PIC_VIEWER network_done lane=foreground read_ms=28 bytes=1302458 source=network outcome=ok uri=nfs://DietPi.local/mnt/4TBS/Spar%20Ladies%202025/FB-Spar%20Womens-ToUpload/DSC_6970.jpg
PIC_VIEWER decode_stage source_ms=28 cpu_ms=37 uri=nfs://DietPi.local/mnt/4TBS/Spar%20Ladies%202025/FB-Spar%20Womens-ToUpload/DSC_6970.jpg
PIC_VIEWER t_ms=14845 tid=ThreadId(81) decode_done uri=nfs://DietPi.local/mnt/4TBS/Spar%20Ladies%202025/FB-Spar%20Womens-ToUpload/DSC_6970.jpg variant=1124x794 elapsed_ms=68 outcome=ok
PIC_VIEWER t_ms=14845 tid=ThreadId(1) display_apply elapsed_ms=0 uri=nfs://DietPi.local/mnt/4TBS/Spar%20Ladies%202025/FB-Spar%20Womens-ToUpload/DSC_6970.jpg
PIC_VIEWER t_ms=14845 tid=ThreadId(1) display_done lane=foreground source=decode navigation_ms=68 uri=nfs://DietPi.local/mnt/4TBS/Spar%20Ladies%202025/FB-Spar%20Womens-ToUpload/DSC_6970.jpg
PIC_VIEWER t_ms=14846 tid=ThreadId(1) cache_evict uri=nfs://DietPi.local/mnt/4TBS/pics-sport/local%20choice/FB-LCC/DSC_1205.jpg bytes=3372000 remaining_entries=32 remaining_bytes=107908496
PIC_VIEWER t_ms=14866 tid=ThreadId(1) show_photo_request generation=112 index=1705 uri=nfs://DietPi.local/mnt/4TBS/Spar%20Ladies%202025/FB-Spar%20Womens-ToUpload/DSC_6969.jpg
PIC_VIEWER t_ms=14866 tid=ThreadId(1) cache_hit lane=foreground uri=nfs://DietPi.local/mnt/4TBS/Spar%20Ladies%202025/FB-Spar%20Womens-ToUpload/DSC_6969.jpg
PIC_VIEWER t_ms=14866 tid=ThreadId(1) display_done lane=foreground source=texture_cache navigation_ms=0 uri=nfs://DietPi.local/mnt/4TBS/Spar%20Ladies%202025/FB-Spar%20Womens-ToUpload/DSC_6969.jpg
PIC_VIEWER t_ms=14897 tid=ThreadId(1) show_photo_request generation=113 index=1704 uri=nfs://DietPi.local/mnt/4TBS/Spar%20Ladies%202025/FB-Spar%20Womens-ToUpload/DSC_6968.jpg
PIC_VIEWER t_ms=14897 tid=ThreadId(1) request lane=foreground action=new uri=nfs://DietPi.local/mnt/4TBS/Spar%20Ladies%202025/FB-Spar%20Womens-ToUpload/DSC_6968.jpg variant=1124x794
PIC_VIEWER t_ms=14897 tid=ThreadId(82) decode_start uri=nfs://DietPi.local/mnt/4TBS/Spar%20Ladies%202025/FB-Spar%20Womens-ToUpload/DSC_6968.jpg variant=1124x794 queue_ms=0
PIC_VIEWER source_cache lane=foreground action=miss uri=nfs://DietPi.local/mnt/4TBS/Spar%20Ladies%202025/FB-Spar%20Womens-ToUpload/DSC_6968.jpg
PIC_VIEWER network_slot lane=foreground wait_ms=0 uri=nfs://DietPi.local/mnt/4TBS/Spar%20Ladies%202025/FB-Spar%20Womens-ToUpload/DSC_6968.jpg
PIC_NETWORK tid=ThreadId(82) PRIVATE_NFS export_cache_hit host=DietPi.local count=5
PIC_NETWORK tid=ThreadId(82) PRIVATE_NFS read_start uri=nfs://DietPi.local/mnt/4TBS/Spar%20Ladies%202025/FB-Spar%20Womens-ToUpload/DSC_6968.jpg max_bytes=134217728
PIC_NFS stage=read_session_lock elapsed_ms=0 tid=140446473631424 host=DietPi.local export=/mnt/4TBS relative=/Spar Ladies 2025/FB-Spar Womens-ToUpload/DSC_6968.jpg outcome=acquired
PIC_NFS_CONNECT reuse host=DietPi.local export=/mnt/4TBS
PIC_NFS stage=file_open elapsed_ms=1 tid=140446473631424 host=DietPi.local export=/mnt/4TBS relative=/Spar Ladies 2025/FB-Spar Womens-ToUpload/DSC_6968.jpg outcome=ok
PIC_NFS stage=rpc_read elapsed_ms=2 tid=140446473631424 host=DietPi.local export=/mnt/4TBS relative=/Spar Ladies 2025/FB-Spar Womens-ToUpload/DSC_6968.jpg iteration=1 outcome=ok bytes=65536 timedout_delta=0 retransmitted_delta=0 reconnects_delta=0
PIC_NFS stage=first_read elapsed_ms=2 tid=140446473631424 host=DietPi.local export=/mnt/4TBS relative=/Spar Ladies 2025/FB-Spar Womens-ToUpload/DSC_6968.jpg outcome=ok bytes=65536
PIC_NFS stage=rpc_read elapsed_ms=2 tid=140446473631424 host=DietPi.local export=/mnt/4TBS relative=/Spar Ladies 2025/FB-Spar Womens-ToUpload/DSC_6968.jpg iteration=2 outcome=ok bytes=65536 timedout_delta=0 retransmitted_delta=0 reconnects_delta=0
PIC_NFS stage=rpc_read elapsed_ms=1 tid=140446473631424 host=DietPi.local export=/mnt/4TBS relative=/Spar Ladies 2025/FB-Spar Womens-ToUpload/DSC_6968.jpg iteration=3 outcome=ok bytes=131072 timedout_delta=0 retransmitted_delta=0 reconnects_delta=0
PIC_NFS stage=rpc_read elapsed_ms=4 tid=140446473631424 host=DietPi.local export=/mnt/4TBS relative=/Spar Ladies 2025/FB-Spar Womens-ToUpload/DSC_6968.jpg iteration=4 outcome=ok bytes=262144 timedout_delta=0 retransmitted_delta=0 reconnects_delta=0
PIC_NFS stage=rpc_read elapsed_ms=19 tid=140446473631424 host=DietPi.local export=/mnt/4TBS relative=/Spar Ladies 2025/FB-Spar Womens-ToUpload/DSC_6968.jpg iteration=5 outcome=ok bytes=524288 timedout_delta=0 retransmitted_delta=0 reconnects_delta=0
PIC_NFS stage=rpc_read elapsed_ms=3 tid=140446473631424 host=DietPi.local export=/mnt/4TBS relative=/Spar Ladies 2025/FB-Spar Womens-ToUpload/DSC_6968.jpg iteration=6 outcome=ok bytes=245812 timedout_delta=0 retransmitted_delta=0 reconnects_delta=0
PIC_NFS stage=rpc_read elapsed_ms=0 tid=140446473631424 host=DietPi.local export=/mnt/4TBS relative=/Spar Ladies 2025/FB-Spar Womens-ToUpload/DSC_6968.jpg iteration=7 outcome=ok bytes=0 timedout_delta=0 retransmitted_delta=0 reconnects_delta=0
PIC_NFS stage=file_read_complete elapsed_ms=31 tid=140446473631424 host=DietPi.local export=/mnt/4TBS relative=/Spar Ladies 2025/FB-Spar Womens-ToUpload/DSC_6968.jpg outcome=ok bytes=1294388 calls=7
PIC_NETWORK tid=ThreadId(82) PRIVATE_NFS read_done bytes=1294388 elapsed_ms=32 uri=nfs://DietPi.local/mnt/4TBS/Spar%20Ladies%202025/FB-Spar%20Womens-ToUpload/DSC_6968.jpg
PIC_VIEWER source_cache action=insert bytes=1294388 uri=nfs://DietPi.local/mnt/4TBS/Spar%20Ladies%202025/FB-Spar%20Womens-ToUpload/DSC_6968.jpg
PIC_VIEWER source_cache action=evict bytes=1209348 uri=nfs://DietPi.local/mnt/4TBS/Spar%20Ladies%202025/FB-Spar%20Womens-ToUpload/DSC_6976.jpg
PIC_VIEWER network_done lane=foreground read_ms=33 bytes=1294388 source=network outcome=ok uri=nfs://DietPi.local/mnt/4TBS/Spar%20Ladies%202025/FB-Spar%20Womens-ToUpload/DSC_6968.jpg
PIC_VIEWER decode_stage source_ms=33 cpu_ms=38 uri=nfs://DietPi.local/mnt/4TBS/Spar%20Ladies%202025/FB-Spar%20Womens-ToUpload/DSC_6968.jpg
PIC_VIEWER t_ms=14972 tid=ThreadId(82) decode_done uri=nfs://DietPi.local/mnt/4TBS/Spar%20Ladies%202025/FB-Spar%20Womens-ToUpload/DSC_6968.jpg variant=1124x794 elapsed_ms=74 outcome=ok
PIC_VIEWER t_ms=14972 tid=ThreadId(1) display_apply elapsed_ms=0 uri=nfs://DietPi.local/mnt/4TBS/Spar%20Ladies%202025/FB-Spar%20Womens-ToUpload/DSC_6968.jpg
PIC_VIEWER t_ms=14972 tid=ThreadId(1) display_done lane=foreground source=decode navigation_ms=75 uri=nfs://DietPi.local/mnt/4TBS/Spar%20Ladies%202025/FB-Spar%20Womens-ToUpload/DSC_6968.jpg
PIC_VIEWER t_ms=14972 tid=ThreadId(1) cache_evict uri=nfs://DietPi.local/mnt/4TBS/pics-sport/local%20choice/FB-LCC/DSC_1137.jpg bytes=3372000 remaining_entries=32 remaining_bytes=107908496
PIC_VIEWER t_ms=14987 tid=ThreadId(1) show_photo_request generation=114 index=1703 uri=nfs://DietPi.local/mnt/4TBS/Spar%20Ladies%202025/FB-Spar%20Womens-ToUpload/DSC_6967.jpg
PIC_VIEWER t_ms=14987 tid=ThreadId(1) request lane=foreground action=new uri=nfs://DietPi.local/mnt/4TBS/Spar%20Ladies%202025/FB-Spar%20Womens-ToUpload/DSC_6967.jpg variant=1124x794
PIC_VIEWER t_ms=14987 tid=ThreadId(83) decode_start uri=nfs://DietPi.local/mnt/4TBS/Spar%20Ladies%202025/FB-Spar%20Womens-ToUpload/DSC_6967.jpg variant=1124x794 queue_ms=0
PIC_VIEWER source_cache lane=foreground action=miss uri=nfs://DietPi.local/mnt/4TBS/Spar%20Ladies%202025/FB-Spar%20Womens-ToUpload/DSC_6967.jpg
PIC_VIEWER network_slot lane=foreground wait_ms=0 uri=nfs://DietPi.local/mnt/4TBS/Spar%20Ladies%202025/FB-Spar%20Womens-ToUpload/DSC_6967.jpg
PIC_NETWORK tid=ThreadId(83) PRIVATE_NFS export_cache_hit host=DietPi.local count=5
PIC_NETWORK tid=ThreadId(83) PRIVATE_NFS read_start uri=nfs://DietPi.local/mnt/4TBS/Spar%20Ladies%202025/FB-Spar%20Womens-ToUpload/DSC_6967.jpg max_bytes=134217728
PIC_NFS stage=read_session_lock elapsed_ms=0 tid=140446473631424 host=DietPi.local export=/mnt/4TBS relative=/Spar Ladies 2025/FB-Spar Womens-ToUpload/DSC_6967.jpg outcome=acquired
PIC_NFS_CONNECT reuse host=DietPi.local export=/mnt/4TBS
PIC_NFS stage=file_open elapsed_ms=1 tid=140446473631424 host=DietPi.local export=/mnt/4TBS relative=/Spar Ladies 2025/FB-Spar Womens-ToUpload/DSC_6967.jpg outcome=ok
PIC_NFS stage=rpc_read elapsed_ms=2 tid=140446473631424 host=DietPi.local export=/mnt/4TBS relative=/Spar Ladies 2025/FB-Spar Womens-ToUpload/DSC_6967.jpg iteration=1 outcome=ok bytes=65536 timedout_delta=0 retransmitted_delta=0 reconnects_delta=0
PIC_NFS stage=first_read elapsed_ms=2 tid=140446473631424 host=DietPi.local export=/mnt/4TBS relative=/Spar Ladies 2025/FB-Spar Womens-ToUpload/DSC_6967.jpg outcome=ok bytes=65536
PIC_NFS stage=rpc_read elapsed_ms=1 tid=140446473631424 host=DietPi.local export=/mnt/4TBS relative=/Spar Ladies 2025/FB-Spar Womens-ToUpload/DSC_6967.jpg iteration=2 outcome=ok bytes=65536 timedout_delta=0 retransmitted_delta=0 reconnects_delta=0
PIC_NFS stage=rpc_read elapsed_ms=2 tid=140446473631424 host=DietPi.local export=/mnt/4TBS relative=/Spar Ladies 2025/FB-Spar Womens-ToUpload/DSC_6967.jpg iteration=3 outcome=ok bytes=131072 timedout_delta=0 retransmitted_delta=0 reconnects_delta=0
PIC_NFS stage=rpc_read elapsed_ms=4 tid=140446473631424 host=DietPi.local export=/mnt/4TBS relative=/Spar Ladies 2025/FB-Spar Womens-ToUpload/DSC_6967.jpg iteration=4 outcome=ok bytes=262144 timedout_delta=0 retransmitted_delta=0 reconnects_delta=0
PIC_NFS stage=rpc_read elapsed_ms=4 tid=140446473631424 host=DietPi.local export=/mnt/4TBS relative=/Spar Ladies 2025/FB-Spar Womens-ToUpload/DSC_6967.jpg iteration=5 outcome=ok bytes=290956 timedout_delta=0 retransmitted_delta=0 reconnects_delta=0
PIC_NFS stage=rpc_read elapsed_ms=1 tid=140446473631424 host=DietPi.local export=/mnt/4TBS relative=/Spar Ladies 2025/FB-Spar Womens-ToUpload/DSC_6967.jpg iteration=6 outcome=ok bytes=0 timedout_delta=0 retransmitted_delta=0 reconnects_delta=0
PIC_NFS stage=file_read_complete elapsed_ms=14 tid=140446473631424 host=DietPi.local export=/mnt/4TBS relative=/Spar Ladies 2025/FB-Spar Womens-ToUpload/DSC_6967.jpg outcome=ok bytes=815244 calls=6
PIC_NETWORK tid=ThreadId(83) PRIVATE_NFS read_done bytes=815244 elapsed_ms=15 uri=nfs://DietPi.local/mnt/4TBS/Spar%20Ladies%202025/FB-Spar%20Womens-ToUpload/DSC_6967.jpg
PIC_VIEWER source_cache action=insert bytes=815244 uri=nfs://DietPi.local/mnt/4TBS/Spar%20Ladies%202025/FB-Spar%20Womens-ToUpload/DSC_6967.jpg
PIC_VIEWER source_cache action=evict bytes=955332 uri=nfs://DietPi.local/mnt/4TBS/Spar%20Ladies%202025/FB-Spar%20Womens-ToUpload/DSC_6977.jpg
PIC_VIEWER network_done lane=foreground read_ms=15 bytes=815244 source=network outcome=ok uri=nfs://DietPi.local/mnt/4TBS/Spar%20Ladies%202025/FB-Spar%20Womens-ToUpload/DSC_6967.jpg
PIC_VIEWER decode_stage source_ms=15 cpu_ms=31 uri=nfs://DietPi.local/mnt/4TBS/Spar%20Ladies%202025/FB-Spar%20Womens-ToUpload/DSC_6967.jpg
PIC_VIEWER t_ms=15036 tid=ThreadId(83) decode_done uri=nfs://DietPi.local/mnt/4TBS/Spar%20Ladies%202025/FB-Spar%20Womens-ToUpload/DSC_6967.jpg variant=1124x794 elapsed_ms=49 outcome=ok
PIC_VIEWER t_ms=15037 tid=ThreadId(1) display_apply elapsed_ms=0 uri=nfs://DietPi.local/mnt/4TBS/Spar%20Ladies%202025/FB-Spar%20Womens-ToUpload/DSC_6967.jpg
PIC_VIEWER t_ms=15037 tid=ThreadId(1) display_done lane=foreground source=decode navigation_ms=50 uri=nfs://DietPi.local/mnt/4TBS/Spar%20Ladies%202025/FB-Spar%20Womens-ToUpload/DSC_6967.jpg
PIC_VIEWER t_ms=15037 tid=ThreadId(1) cache_evict uri=nfs://DietPi.local/mnt/4TBS/pics-sport/local%20choice/FB-LCC/DSC_1161.jpg bytes=3372000 remaining_entries=32 remaining_bytes=107908496
PIC_VIEWER t_ms=15047 tid=ThreadId(1) show_photo_request generation=115 index=1702 uri=nfs://DietPi.local/mnt/4TBS/Spar%20Ladies%202025/FB-Spar%20Womens-ToUpload/DSC_6966.jpg
PIC_VIEWER t_ms=15047 tid=ThreadId(1) cache_hit lane=foreground uri=nfs://DietPi.local/mnt/4TBS/Spar%20Ladies%202025/FB-Spar%20Womens-ToUpload/DSC_6966.jpg
PIC_VIEWER t_ms=15047 tid=ThreadId(1) display_done lane=foreground source=texture_cache navigation_ms=0 uri=nfs://DietPi.local/mnt/4TBS/Spar%20Ladies%202025/FB-Spar%20Womens-ToUpload/DSC_6966.jpg
PIC_VIEWER t_ms=15077 tid=ThreadId(1) show_photo_request generation=116 index=1701 uri=nfs://DietPi.local/mnt/4TBS/Spar%20Ladies%202025/FB-Spar%20Womens-ToUpload/DSC_6965.jpg
PIC_VIEWER t_ms=15077 tid=ThreadId(1) cache_hit lane=foreground uri=nfs://DietPi.local/mnt/4TBS/Spar%20Ladies%202025/FB-Spar%20Womens-ToUpload/DSC_6965.jpg
PIC_VIEWER t_ms=15077 tid=ThreadId(1) display_done lane=foreground source=texture_cache navigation_ms=0 uri=nfs://DietPi.local/mnt/4TBS/Spar%20Ladies%202025/FB-Spar%20Womens-ToUpload/DSC_6965.jpg
PIC_VIEWER t_ms=15107 tid=ThreadId(1) show_photo_request generation=117 index=1700 uri=nfs://DietPi.local/mnt/4TBS/Spar%20Ladies%202025/FB-Spar%20Womens-ToUpload/DSC_6964.jpg
PIC_VIEWER t_ms=15107 tid=ThreadId(1) request lane=foreground action=new uri=nfs://DietPi.local/mnt/4TBS/Spar%20Ladies%202025/FB-Spar%20Womens-ToUpload/DSC_6964.jpg variant=1124x794
PIC_VIEWER t_ms=15107 tid=ThreadId(84) decode_start uri=nfs://DietPi.local/mnt/4TBS/Spar%20Ladies%202025/FB-Spar%20Womens-ToUpload/DSC_6964.jpg variant=1124x794 queue_ms=0
PIC_VIEWER source_cache lane=foreground action=miss uri=nfs://DietPi.local/mnt/4TBS/Spar%20Ladies%202025/FB-Spar%20Womens-ToUpload/DSC_6964.jpg
PIC_VIEWER network_slot lane=foreground wait_ms=0 uri=nfs://DietPi.local/mnt/4TBS/Spar%20Ladies%202025/FB-Spar%20Womens-ToUpload/DSC_6964.jpg
PIC_NETWORK tid=ThreadId(84) PRIVATE_NFS export_cache_hit host=DietPi.local count=5
PIC_NETWORK tid=ThreadId(84) PRIVATE_NFS read_start uri=nfs://DietPi.local/mnt/4TBS/Spar%20Ladies%202025/FB-Spar%20Womens-ToUpload/DSC_6964.jpg max_bytes=134217728
PIC_NFS stage=read_session_lock elapsed_ms=0 tid=140446473631424 host=DietPi.local export=/mnt/4TBS relative=/Spar Ladies 2025/FB-Spar Womens-ToUpload/DSC_6964.jpg outcome=acquired
PIC_NFS_CONNECT reuse host=DietPi.local export=/mnt/4TBS
PIC_NFS stage=file_open elapsed_ms=2 tid=140446473631424 host=DietPi.local export=/mnt/4TBS relative=/Spar Ladies 2025/FB-Spar Womens-ToUpload/DSC_6964.jpg outcome=ok
PIC_NFS stage=rpc_read elapsed_ms=11 tid=140446473631424 host=DietPi.local export=/mnt/4TBS relative=/Spar Ladies 2025/FB-Spar Womens-ToUpload/DSC_6964.jpg iteration=1 outcome=ok bytes=65536 timedout_delta=0 retransmitted_delta=0 reconnects_delta=0
PIC_NFS stage=first_read elapsed_ms=11 tid=140446473631424 host=DietPi.local export=/mnt/4TBS relative=/Spar Ladies 2025/FB-Spar Womens-ToUpload/DSC_6964.jpg outcome=ok bytes=65536
PIC_NFS stage=rpc_read elapsed_ms=2 tid=140446473631424 host=DietPi.local export=/mnt/4TBS relative=/Spar Ladies 2025/FB-Spar Womens-ToUpload/DSC_6964.jpg iteration=2 outcome=ok bytes=65536 timedout_delta=0 retransmitted_delta=0 reconnects_delta=0
PIC_NFS stage=rpc_read elapsed_ms=2 tid=140446473631424 host=DietPi.local export=/mnt/4TBS relative=/Spar Ladies 2025/FB-Spar Womens-ToUpload/DSC_6964.jpg iteration=3 outcome=ok bytes=131072 timedout_delta=0 retransmitted_delta=0 reconnects_delta=0
PIC_NFS stage=rpc_read elapsed_ms=3 tid=140446473631424 host=DietPi.local export=/mnt/4TBS relative=/Spar Ladies 2025/FB-Spar Womens-ToUpload/DSC_6964.jpg iteration=4 outcome=ok bytes=262144 timedout_delta=0 retransmitted_delta=0 reconnects_delta=0
PIC_NFS stage=rpc_read elapsed_ms=7 tid=140446473631424 host=DietPi.local export=/mnt/4TBS relative=/Spar Ladies 2025/FB-Spar Womens-ToUpload/DSC_6964.jpg iteration=5 outcome=ok bytes=441271 timedout_delta=0 retransmitted_delta=0 reconnects_delta=0
PIC_NFS stage=rpc_read elapsed_ms=0 tid=140446473631424 host=DietPi.local export=/mnt/4TBS relative=/Spar Ladies 2025/FB-Spar Womens-ToUpload/DSC_6964.jpg iteration=6 outcome=ok bytes=0 timedout_delta=0 retransmitted_delta=0 reconnects_delta=0
PIC_NFS stage=file_read_complete elapsed_ms=25 tid=140446473631424 host=DietPi.local export=/mnt/4TBS relative=/Spar Ladies 2025/FB-Spar Womens-ToUpload/DSC_6964.jpg outcome=ok bytes=965559 calls=6
PIC_NETWORK tid=ThreadId(84) PRIVATE_NFS read_done bytes=965559 elapsed_ms=27 uri=nfs://DietPi.local/mnt/4TBS/Spar%20Ladies%202025/FB-Spar%20Womens-ToUpload/DSC_6964.jpg
PIC_VIEWER source_cache action=insert bytes=965559 uri=nfs://DietPi.local/mnt/4TBS/Spar%20Ladies%202025/FB-Spar%20Womens-ToUpload/DSC_6964.jpg
PIC_VIEWER source_cache action=evict bytes=1553031 uri=nfs://DietPi.local/mnt/4TBS/Spar%20Ladies%202025/FB-Spar%20Womens-ToUpload/DSC_6978.jpg
PIC_VIEWER network_done lane=foreground read_ms=27 bytes=965559 source=network outcome=ok uri=nfs://DietPi.local/mnt/4TBS/Spar%20Ladies%202025/FB-Spar%20Womens-ToUpload/DSC_6964.jpg
PIC_VIEWER decode_stage source_ms=27 cpu_ms=33 uri=nfs://DietPi.local/mnt/4TBS/Spar%20Ladies%202025/FB-Spar%20Womens-ToUpload/DSC_6964.jpg
PIC_VIEWER t_ms=15170 tid=ThreadId(84) decode_done uri=nfs://DietPi.local/mnt/4TBS/Spar%20Ladies%202025/FB-Spar%20Womens-ToUpload/DSC_6964.jpg variant=1124x794 elapsed_ms=63 outcome=ok
PIC_VIEWER t_ms=15171 tid=ThreadId(1) display_apply elapsed_ms=0 uri=nfs://DietPi.local/mnt/4TBS/Spar%20Ladies%202025/FB-Spar%20Womens-ToUpload/DSC_6964.jpg
PIC_VIEWER t_ms=15171 tid=ThreadId(1) display_done lane=foreground source=decode navigation_ms=63 uri=nfs://DietPi.local/mnt/4TBS/Spar%20Ladies%202025/FB-Spar%20Womens-ToUpload/DSC_6964.jpg
PIC_VIEWER t_ms=15171 tid=ThreadId(1) cache_evict uri=nfs://DietPi.local/mnt/4TBS/pics-sport/local%20choice/FB-LCC/DSC_1190.jpg bytes=3376496 remaining_entries=32 remaining_bytes=107904000
PIC_VIEWER t_ms=15197 tid=ThreadId(1) show_photo_request generation=118 index=1699 uri=nfs://DietPi.local/mnt/4TBS/Spar%20Ladies%202025/FB-Spar%20Womens-ToUpload/DSC_6963.jpg
PIC_VIEWER t_ms=15197 tid=ThreadId(1) request lane=foreground action=new uri=nfs://DietPi.local/mnt/4TBS/Spar%20Ladies%202025/FB-Spar%20Womens-ToUpload/DSC_6963.jpg variant=1124x794
PIC_VIEWER t_ms=15197 tid=ThreadId(85) decode_start uri=nfs://DietPi.local/mnt/4TBS/Spar%20Ladies%202025/FB-Spar%20Womens-ToUpload/DSC_6963.jpg variant=1124x794 queue_ms=0
PIC_VIEWER source_cache lane=foreground action=miss uri=nfs://DietPi.local/mnt/4TBS/Spar%20Ladies%202025/FB-Spar%20Womens-ToUpload/DSC_6963.jpg
PIC_VIEWER network_slot lane=foreground wait_ms=0 uri=nfs://DietPi.local/mnt/4TBS/Spar%20Ladies%202025/FB-Spar%20Womens-ToUpload/DSC_6963.jpg
PIC_NETWORK tid=ThreadId(85) PRIVATE_NFS export_cache_hit host=DietPi.local count=5
PIC_NETWORK tid=ThreadId(85) PRIVATE_NFS read_start uri=nfs://DietPi.local/mnt/4TBS/Spar%20Ladies%202025/FB-Spar%20Womens-ToUpload/DSC_6963.jpg max_bytes=134217728
PIC_NFS stage=read_session_lock elapsed_ms=0 tid=140446473631424 host=DietPi.local export=/mnt/4TBS relative=/Spar Ladies 2025/FB-Spar Womens-ToUpload/DSC_6963.jpg outcome=acquired
PIC_NFS_CONNECT reuse host=DietPi.local export=/mnt/4TBS
PIC_NFS stage=file_open elapsed_ms=2 tid=140446473631424 host=DietPi.local export=/mnt/4TBS relative=/Spar Ladies 2025/FB-Spar Womens-ToUpload/DSC_6963.jpg outcome=ok
PIC_NFS stage=rpc_read elapsed_ms=4 tid=140446473631424 host=DietPi.local export=/mnt/4TBS relative=/Spar Ladies 2025/FB-Spar Womens-ToUpload/DSC_6963.jpg iteration=1 outcome=ok bytes=65536 timedout_delta=0 retransmitted_delta=0 reconnects_delta=0
PIC_NFS stage=first_read elapsed_ms=4 tid=140446473631424 host=DietPi.local export=/mnt/4TBS relative=/Spar Ladies 2025/FB-Spar Womens-ToUpload/DSC_6963.jpg outcome=ok bytes=65536
PIC_NFS stage=rpc_read elapsed_ms=2 tid=140446473631424 host=DietPi.local export=/mnt/4TBS relative=/Spar Ladies 2025/FB-Spar Womens-ToUpload/DSC_6963.jpg iteration=2 outcome=ok bytes=65536 timedout_delta=0 retransmitted_delta=0 reconnects_delta=0
PIC_NFS stage=rpc_read elapsed_ms=2 tid=140446473631424 host=DietPi.local export=/mnt/4TBS relative=/Spar Ladies 2025/FB-Spar Womens-ToUpload/DSC_6963.jpg iteration=3 outcome=ok bytes=131072 timedout_delta=0 retransmitted_delta=0 reconnects_delta=0
PIC_NFS stage=rpc_read elapsed_ms=4 tid=140446473631424 host=DietPi.local export=/mnt/4TBS relative=/Spar Ladies 2025/FB-Spar Womens-ToUpload/DSC_6963.jpg iteration=4 outcome=ok bytes=262144 timedout_delta=0 retransmitted_delta=0 reconnects_delta=0
PIC_NFS stage=rpc_read elapsed_ms=7 tid=140446473631424 host=DietPi.local export=/mnt/4TBS relative=/Spar Ladies 2025/FB-Spar Womens-ToUpload/DSC_6963.jpg iteration=5 outcome=ok bytes=524288 timedout_delta=0 retransmitted_delta=0 reconnects_delta=0
PIC_NFS stage=rpc_read elapsed_ms=1 tid=140446473631424 host=DietPi.local export=/mnt/4TBS relative=/Spar Ladies 2025/FB-Spar Womens-ToUpload/DSC_6963.jpg iteration=6 outcome=ok bytes=11875 timedout_delta=0 retransmitted_delta=0 reconnects_delta=0
PIC_NFS stage=rpc_read elapsed_ms=0 tid=140446473631424 host=DietPi.local export=/mnt/4TBS relative=/Spar Ladies 2025/FB-Spar Womens-ToUpload/DSC_6963.jpg iteration=7 outcome=ok bytes=0 timedout_delta=0 retransmitted_delta=0 reconnects_delta=0
PIC_NFS stage=file_read_complete elapsed_ms=20 tid=140446473631424 host=DietPi.local export=/mnt/4TBS relative=/Spar Ladies 2025/FB-Spar Womens-ToUpload/DSC_6963.jpg outcome=ok bytes=1060451 calls=7
PIC_NETWORK tid=ThreadId(85) PRIVATE_NFS read_done bytes=1060451 elapsed_ms=22 uri=nfs://DietPi.local/mnt/4TBS/Spar%20Ladies%202025/FB-Spar%20Womens-ToUpload/DSC_6963.jpg
PIC_VIEWER source_cache action=insert bytes=1060451 uri=nfs://DietPi.local/mnt/4TBS/Spar%20Ladies%202025/FB-Spar%20Womens-ToUpload/DSC_6963.jpg
PIC_VIEWER source_cache action=evict bytes=1096554 uri=nfs://DietPi.local/mnt/4TBS/Spar%20Ladies%202025/FB-Spar%20Womens-ToUpload/DSC_6979.jpg
PIC_VIEWER network_done lane=foreground read_ms=22 bytes=1060451 source=network outcome=ok uri=nfs://DietPi.local/mnt/4TBS/Spar%20Ladies%202025/FB-Spar%20Womens-ToUpload/DSC_6963.jpg
PIC_VIEWER decode_stage source_ms=22 cpu_ms=33 uri=nfs://DietPi.local/mnt/4TBS/Spar%20Ladies%202025/FB-Spar%20Womens-ToUpload/DSC_6963.jpg
PIC_VIEWER t_ms=15255 tid=ThreadId(85) decode_done uri=nfs://DietPi.local/mnt/4TBS/Spar%20Ladies%202025/FB-Spar%20Womens-ToUpload/DSC_6963.jpg variant=1124x794 elapsed_ms=58 outcome=ok
PIC_VIEWER t_ms=15257 tid=ThreadId(1) display_apply elapsed_ms=0 uri=nfs://DietPi.local/mnt/4TBS/Spar%20Ladies%202025/FB-Spar%20Womens-ToUpload/DSC_6963.jpg
PIC_VIEWER t_ms=15257 tid=ThreadId(1) display_done lane=foreground source=decode navigation_ms=59 uri=nfs://DietPi.local/mnt/4TBS/Spar%20Ladies%202025/FB-Spar%20Womens-ToUpload/DSC_6963.jpg
PIC_VIEWER t_ms=15257 tid=ThreadId(1) cache_evict uri=nfs://DietPi.local/mnt/4TBS/pics-sport/local%20choice/FB-LCC/DSC_1194.jpg bytes=3372000 remaining_entries=32 remaining_bytes=107904000
PIC_VIEWER t_ms=15447 tid=ThreadId(1) request lane=prefetch action=new uri=nfs://DietPi.local/mnt/4TBS/Spar%20Ladies%202025/FB-Spar%20Womens-ToUpload/DSC_6962.jpg variant=1124x794
PIC_VIEWER t_ms=15447 tid=ThreadId(1) cache_hit lane=prefetch uri=nfs://DietPi.local/mnt/4TBS/Spar%20Ladies%202025/FB-Spar%20Womens-ToUpload/DSC_6964.jpg
PIC_VIEWER t_ms=15447 tid=ThreadId(86) decode_start uri=nfs://DietPi.local/mnt/4TBS/Spar%20Ladies%202025/FB-Spar%20Womens-ToUpload/DSC_6962.jpg variant=1124x794 queue_ms=0
PIC_VIEWER source_cache lane=prefetch action=miss uri=nfs://DietPi.local/mnt/4TBS/Spar%20Ladies%202025/FB-Spar%20Womens-ToUpload/DSC_6962.jpg
PIC_VIEWER network_slot lane=prefetch wait_ms=0 uri=nfs://DietPi.local/mnt/4TBS/Spar%20Ladies%202025/FB-Spar%20Womens-ToUpload/DSC_6962.jpg
PIC_NETWORK tid=ThreadId(86) PRIVATE_NFS export_cache_hit host=DietPi.local count=5
PIC_NETWORK tid=ThreadId(86) PRIVATE_NFS read_start uri=nfs://DietPi.local/mnt/4TBS/Spar%20Ladies%202025/FB-Spar%20Womens-ToUpload/DSC_6962.jpg max_bytes=134217728
PIC_NFS stage=read_session_lock elapsed_ms=0 tid=140446473631424 host=DietPi.local export=/mnt/4TBS relative=/Spar Ladies 2025/FB-Spar Womens-ToUpload/DSC_6962.jpg outcome=acquired
PIC_NFS_CONNECT reuse host=DietPi.local export=/mnt/4TBS
PIC_NFS stage=file_open elapsed_ms=1 tid=140446473631424 host=DietPi.local export=/mnt/4TBS relative=/Spar Ladies 2025/FB-Spar Womens-ToUpload/DSC_6962.jpg outcome=ok
PIC_NFS stage=rpc_read elapsed_ms=5 tid=140446473631424 host=DietPi.local export=/mnt/4TBS relative=/Spar Ladies 2025/FB-Spar Womens-ToUpload/DSC_6962.jpg iteration=1 outcome=ok bytes=65536 timedout_delta=0 retransmitted_delta=0 reconnects_delta=0
PIC_NFS stage=first_read elapsed_ms=5 tid=140446473631424 host=DietPi.local export=/mnt/4TBS relative=/Spar Ladies 2025/FB-Spar Womens-ToUpload/DSC_6962.jpg outcome=ok bytes=65536
PIC_NFS stage=rpc_read elapsed_ms=1 tid=140446473631424 host=DietPi.local export=/mnt/4TBS relative=/Spar Ladies 2025/FB-Spar Womens-ToUpload/DSC_6962.jpg iteration=2 outcome=ok bytes=65536 timedout_delta=0 retransmitted_delta=0 reconnects_delta=0
PIC_NFS stage=rpc_read elapsed_ms=1 tid=140446473631424 host=DietPi.local export=/mnt/4TBS relative=/Spar Ladies 2025/FB-Spar Womens-ToUpload/DSC_6962.jpg iteration=3 outcome=ok bytes=131072 timedout_delta=0 retransmitted_delta=0 reconnects_delta=0
PIC_NFS stage=rpc_read elapsed_ms=4 tid=140446473631424 host=DietPi.local export=/mnt/4TBS relative=/Spar Ladies 2025/FB-Spar Womens-ToUpload/DSC_6962.jpg iteration=4 outcome=ok bytes=262144 timedout_delta=0 retransmitted_delta=0 reconnects_delta=0
PIC_NFS stage=rpc_read elapsed_ms=7 tid=140446473631424 host=DietPi.local export=/mnt/4TBS relative=/Spar Ladies 2025/FB-Spar Womens-ToUpload/DSC_6962.jpg iteration=5 outcome=ok bytes=524288 timedout_delta=0 retransmitted_delta=0 reconnects_delta=0
PIC_NFS stage=rpc_read elapsed_ms=1 tid=140446473631424 host=DietPi.local export=/mnt/4TBS relative=/Spar Ladies 2025/FB-Spar Womens-ToUpload/DSC_6962.jpg iteration=6 outcome=ok bytes=10033 timedout_delta=0 retransmitted_delta=0 reconnects_delta=0
PIC_NFS stage=rpc_read elapsed_ms=0 tid=140446473631424 host=DietPi.local export=/mnt/4TBS relative=/Spar Ladies 2025/FB-Spar Womens-ToUpload/DSC_6962.jpg iteration=7 outcome=ok bytes=0 timedout_delta=0 retransmitted_delta=0 reconnects_delta=0
PIC_NFS stage=file_read_complete elapsed_ms=19 tid=140446473631424 host=DietPi.local export=/mnt/4TBS relative=/Spar Ladies 2025/FB-Spar Womens-ToUpload/DSC_6962.jpg outcome=ok bytes=1058609 calls=7
PIC_NETWORK tid=ThreadId(86) PRIVATE_NFS read_done bytes=1058609 elapsed_ms=19 uri=nfs://DietPi.local/mnt/4TBS/Spar%20Ladies%202025/FB-Spar%20Womens-ToUpload/DSC_6962.jpg
PIC_VIEWER source_cache action=insert bytes=1058609 uri=nfs://DietPi.local/mnt/4TBS/Spar%20Ladies%202025/FB-Spar%20Womens-ToUpload/DSC_6962.jpg
PIC_VIEWER source_cache action=evict bytes=1156808 uri=nfs://DietPi.local/mnt/4TBS/Spar%20Ladies%202025/FB-Spar%20Womens-ToUpload/DSC_6980.jpg
PIC_VIEWER network_done lane=prefetch read_ms=19 bytes=1058609 source=network outcome=ok uri=nfs://DietPi.local/mnt/4TBS/Spar%20Ladies%202025/FB-Spar%20Womens-ToUpload/DSC_6962.jpg
PIC_VIEWER decode_stage source_ms=19 cpu_ms=35 uri=nfs://DietPi.local/mnt/4TBS/Spar%20Ladies%202025/FB-Spar%20Womens-ToUpload/DSC_6962.jpg
PIC_VIEWER t_ms=15504 tid=ThreadId(86) decode_done uri=nfs://DietPi.local/mnt/4TBS/Spar%20Ladies%202025/FB-Spar%20Womens-ToUpload/DSC_6962.jpg variant=1124x794 elapsed_ms=57 outcome=ok
PIC_VIEWER t_ms=15505 tid=ThreadId(1) cache_evict uri=nfs://DietPi.local/mnt/4TBS/pics-sport/local%20choice/FB-LCC/DSC_1197.jpg bytes=3372000 remaining_entries=32 remaining_bytes=107904000
PIC_VIEWER t_ms=15731 tid=ThreadId(1) wheel_event dy=1
PIC_VIEWER t_ms=15731 tid=ThreadId(1) navigation_dispatch source=wheel from_index=1699 to_index=1700 direction=1
PIC_VIEWER t_ms=15731 tid=ThreadId(1) infobar_update source=wheel index=1700 uri=nfs://DietPi.local/mnt/4TBS/Spar%20Ladies%202025/FB-Spar%20Womens-ToUpload/DSC_6964.jpg
PIC_VIEWER t_ms=15732 tid=ThreadId(1) show_photo_request generation=119 index=1700 uri=nfs://DietPi.local/mnt/4TBS/Spar%20Ladies%202025/FB-Spar%20Womens-ToUpload/DSC_6964.jpg
PIC_VIEWER t_ms=15732 tid=ThreadId(1) cache_hit lane=foreground uri=nfs://DietPi.local/mnt/4TBS/Spar%20Ladies%202025/FB-Spar%20Womens-ToUpload/DSC_6964.jpg
PIC_VIEWER t_ms=15732 tid=ThreadId(1) display_done lane=foreground source=texture_cache navigation_ms=0 uri=nfs://DietPi.local/mnt/4TBS/Spar%20Ladies%202025/FB-Spar%20Womens-ToUpload/DSC_6964.jpg
PIC_VIEWER t_ms=15749 tid=ThreadId(1) wheel_event dy=1
PIC_VIEWER t_ms=15749 tid=ThreadId(1) navigation_dispatch source=wheel from_index=1700 to_index=1701 direction=1
PIC_VIEWER t_ms=15749 tid=ThreadId(1) infobar_update source=wheel index=1701 uri=nfs://DietPi.local/mnt/4TBS/Spar%20Ladies%202025/FB-Spar%20Womens-ToUpload/DSC_6965.jpg
PIC_VIEWER t_ms=15749 tid=ThreadId(1) show_photo_request generation=120 index=1701 uri=nfs://DietPi.local/mnt/4TBS/Spar%20Ladies%202025/FB-Spar%20Womens-ToUpload/DSC_6965.jpg
PIC_VIEWER t_ms=15749 tid=ThreadId(1) cache_hit lane=foreground uri=nfs://DietPi.local/mnt/4TBS/Spar%20Ladies%202025/FB-Spar%20Womens-ToUpload/DSC_6965.jpg
PIC_VIEWER t_ms=15749 tid=ThreadId(1) display_done lane=foreground source=texture_cache navigation_ms=0 uri=nfs://DietPi.local/mnt/4TBS/Spar%20Ladies%202025/FB-Spar%20Womens-ToUpload/DSC_6965.jpg
PIC_VIEWER t_ms=15763 tid=ThreadId(1) wheel_event dy=1
PIC_VIEWER t_ms=15763 tid=ThreadId(1) navigation_dispatch source=wheel from_index=1701 to_index=1702 direction=1
PIC_VIEWER t_ms=15763 tid=ThreadId(1) infobar_update source=wheel index=1702 uri=nfs://DietPi.local/mnt/4TBS/Spar%20Ladies%202025/FB-Spar%20Womens-ToUpload/DSC_6966.jpg
PIC_VIEWER t_ms=15764 tid=ThreadId(1) show_photo_request generation=121 index=1702 uri=nfs://DietPi.local/mnt/4TBS/Spar%20Ladies%202025/FB-Spar%20Womens-ToUpload/DSC_6966.jpg
PIC_VIEWER t_ms=15764 tid=ThreadId(1) cache_hit lane=foreground uri=nfs://DietPi.local/mnt/4TBS/Spar%20Ladies%202025/FB-Spar%20Womens-ToUpload/DSC_6966.jpg
PIC_VIEWER t_ms=15764 tid=ThreadId(1) display_done lane=foreground source=texture_cache navigation_ms=0 uri=nfs://DietPi.local/mnt/4TBS/Spar%20Ladies%202025/FB-Spar%20Womens-ToUpload/DSC_6966.jpg
PIC_VIEWER t_ms=15772 tid=ThreadId(1) wheel_event dy=1
PIC_VIEWER t_ms=15772 tid=ThreadId(1) navigation_dispatch source=wheel from_index=1702 to_index=1703 direction=1
PIC_VIEWER t_ms=15772 tid=ThreadId(1) infobar_update source=wheel index=1703 uri=nfs://DietPi.local/mnt/4TBS/Spar%20Ladies%202025/FB-Spar%20Womens-ToUpload/DSC_6967.jpg
PIC_VIEWER t_ms=15772 tid=ThreadId(1) show_photo_request generation=122 index=1703 uri=nfs://DietPi.local/mnt/4TBS/Spar%20Ladies%202025/FB-Spar%20Womens-ToUpload/DSC_6967.jpg
PIC_VIEWER t_ms=15772 tid=ThreadId(1) cache_hit lane=foreground uri=nfs://DietPi.local/mnt/4TBS/Spar%20Ladies%202025/FB-Spar%20Womens-ToUpload/DSC_6967.jpg
PIC_VIEWER t_ms=15772 tid=ThreadId(1) display_done lane=foreground source=texture_cache navigation_ms=0 uri=nfs://DietPi.local/mnt/4TBS/Spar%20Ladies%202025/FB-Spar%20Womens-ToUpload/DSC_6967.jpg
PIC_VIEWER t_ms=15780 tid=ThreadId(1) wheel_event dy=1
PIC_VIEWER t_ms=15780 tid=ThreadId(1) navigation_dispatch source=wheel from_index=1703 to_index=1704 direction=1
PIC_VIEWER t_ms=15780 tid=ThreadId(1) infobar_update source=wheel index=1704 uri=nfs://DietPi.local/mnt/4TBS/Spar%20Ladies%202025/FB-Spar%20Womens-ToUpload/DSC_6968.jpg
PIC_VIEWER t_ms=15781 tid=ThreadId(1) show_photo_request generation=123 index=1704 uri=nfs://DietPi.local/mnt/4TBS/Spar%20Ladies%202025/FB-Spar%20Womens-ToUpload/DSC_6968.jpg
PIC_VIEWER t_ms=15781 tid=ThreadId(1) cache_hit lane=foreground uri=nfs://DietPi.local/mnt/4TBS/Spar%20Ladies%202025/FB-Spar%20Womens-ToUpload/DSC_6968.jpg
PIC_VIEWER t_ms=15781 tid=ThreadId(1) display_done lane=foreground source=texture_cache navigation_ms=0 uri=nfs://DietPi.local/mnt/4TBS/Spar%20Ladies%202025/FB-Spar%20Womens-ToUpload/DSC_6968.jpg
PIC_VIEWER t_ms=15787 tid=ThreadId(1) wheel_event dy=1
PIC_VIEWER t_ms=15787 tid=ThreadId(1) navigation_dispatch source=wheel from_index=1704 to_index=1705 direction=1
PIC_VIEWER t_ms=15787 tid=ThreadId(1) infobar_update source=wheel index=1705 uri=nfs://DietPi.local/mnt/4TBS/Spar%20Ladies%202025/FB-Spar%20Womens-ToUpload/DSC_6969.jpg
PIC_VIEWER t_ms=15788 tid=ThreadId(1) show_photo_request generation=124 index=1705 uri=nfs://DietPi.local/mnt/4TBS/Spar%20Ladies%202025/FB-Spar%20Womens-ToUpload/DSC_6969.jpg
PIC_VIEWER t_ms=15788 tid=ThreadId(1) cache_hit lane=foreground uri=nfs://DietPi.local/mnt/4TBS/Spar%20Ladies%202025/FB-Spar%20Womens-ToUpload/DSC_6969.jpg
PIC_VIEWER t_ms=15788 tid=ThreadId(1) display_done lane=foreground source=texture_cache navigation_ms=0 uri=nfs://DietPi.local/mnt/4TBS/Spar%20Ladies%202025/FB-Spar%20Womens-ToUpload/DSC_6969.jpg
PIC_VIEWER t_ms=15795 tid=ThreadId(1) wheel_event dy=1
PIC_VIEWER t_ms=15795 tid=ThreadId(1) navigation_dispatch source=wheel from_index=1705 to_index=1706 direction=1
PIC_VIEWER t_ms=15795 tid=ThreadId(1) infobar_update source=wheel index=1706 uri=nfs://DietPi.local/mnt/4TBS/Spar%20Ladies%202025/FB-Spar%20Womens-ToUpload/DSC_6970.jpg
PIC_VIEWER t_ms=15796 tid=ThreadId(1) show_photo_request generation=125 index=1706 uri=nfs://DietPi.local/mnt/4TBS/Spar%20Ladies%202025/FB-Spar%20Womens-ToUpload/DSC_6970.jpg
PIC_VIEWER t_ms=15796 tid=ThreadId(1) cache_hit lane=foreground uri=nfs://DietPi.local/mnt/4TBS/Spar%20Ladies%202025/FB-Spar%20Womens-ToUpload/DSC_6970.jpg
PIC_VIEWER t_ms=15796 tid=ThreadId(1) display_done lane=foreground source=texture_cache navigation_ms=0 uri=nfs://DietPi.local/mnt/4TBS/Spar%20Ladies%202025/FB-Spar%20Womens-ToUpload/DSC_6970.jpg
PIC_VIEWER t_ms=15803 tid=ThreadId(1) wheel_event dy=1
PIC_VIEWER t_ms=15803 tid=ThreadId(1) navigation_dispatch source=wheel from_index=1706 to_index=1707 direction=1
PIC_VIEWER t_ms=15803 tid=ThreadId(1) infobar_update source=wheel index=1707 uri=nfs://DietPi.local/mnt/4TBS/Spar%20Ladies%202025/FB-Spar%20Womens-ToUpload/DSC_6971.jpg
PIC_VIEWER t_ms=15804 tid=ThreadId(1) show_photo_request generation=126 index=1707 uri=nfs://DietPi.local/mnt/4TBS/Spar%20Ladies%202025/FB-Spar%20Womens-ToUpload/DSC_6971.jpg
PIC_VIEWER t_ms=15804 tid=ThreadId(1) cache_hit lane=foreground uri=nfs://DietPi.local/mnt/4TBS/Spar%20Ladies%202025/FB-Spar%20Womens-ToUpload/DSC_6971.jpg
PIC_VIEWER t_ms=15804 tid=ThreadId(1) display_done lane=foreground source=texture_cache navigation_ms=0 uri=nfs://DietPi.local/mnt/4TBS/Spar%20Ladies%202025/FB-Spar%20Womens-ToUpload/DSC_6971.jpg
PIC_VIEWER t_ms=15811 tid=ThreadId(1) wheel_event dy=1
PIC_VIEWER t_ms=15811 tid=ThreadId(1) navigation_dispatch source=wheel from_index=1707 to_index=1708 direction=1
PIC_VIEWER t_ms=15811 tid=ThreadId(1) infobar_update source=wheel index=1708 uri=nfs://DietPi.local/mnt/4TBS/Spar%20Ladies%202025/FB-Spar%20Womens-ToUpload/DSC_6972.jpg
PIC_VIEWER t_ms=15812 tid=ThreadId(1) show_photo_request generation=127 index=1708 uri=nfs://DietPi.local/mnt/4TBS/Spar%20Ladies%202025/FB-Spar%20Womens-ToUpload/DSC_6972.jpg
PIC_VIEWER t_ms=15812 tid=ThreadId(1) cache_hit lane=foreground uri=nfs://DietPi.local/mnt/4TBS/Spar%20Ladies%202025/FB-Spar%20Womens-ToUpload/DSC_6972.jpg
PIC_VIEWER t_ms=15812 tid=ThreadId(1) display_done lane=foreground source=texture_cache navigation_ms=0 uri=nfs://DietPi.local/mnt/4TBS/Spar%20Ladies%202025/FB-Spar%20Womens-ToUpload/DSC_6972.jpg
PIC_VIEWER t_ms=16055 tid=ThreadId(1) wheel_event dy=1
PIC_VIEWER t_ms=16056 tid=ThreadId(1) navigation_dispatch source=wheel from_index=1708 to_index=1709 direction=1
PIC_VIEWER t_ms=16056 tid=ThreadId(1) infobar_update source=wheel index=1709 uri=nfs://DietPi.local/mnt/4TBS/Spar%20Ladies%202025/FB-Spar%20Womens-ToUpload/DSC_6973.jpg
PIC_VIEWER t_ms=16056 tid=ThreadId(1) show_photo_request generation=128 index=1709 uri=nfs://DietPi.local/mnt/4TBS/Spar%20Ladies%202025/FB-Spar%20Womens-ToUpload/DSC_6973.jpg
PIC_VIEWER t_ms=16056 tid=ThreadId(1) cache_hit lane=foreground uri=nfs://DietPi.local/mnt/4TBS/Spar%20Ladies%202025/FB-Spar%20Womens-ToUpload/DSC_6973.jpg
PIC_VIEWER t_ms=16056 tid=ThreadId(1) display_done lane=foreground source=texture_cache navigation_ms=0 uri=nfs://DietPi.local/mnt/4TBS/Spar%20Ladies%202025/FB-Spar%20Womens-ToUpload/DSC_6973.jpg
PIC_VIEWER t_ms=16072 tid=ThreadId(1) wheel_event dy=1
PIC_VIEWER t_ms=16072 tid=ThreadId(1) navigation_dispatch source=wheel from_index=1709 to_index=1710 direction=1
PIC_VIEWER t_ms=16072 tid=ThreadId(1) infobar_update source=wheel index=1710 uri=nfs://DietPi.local/mnt/4TBS/Spar%20Ladies%202025/FB-Spar%20Womens-ToUpload/DSC_6974.jpg
PIC_VIEWER t_ms=16072 tid=ThreadId(1) show_photo_request generation=129 index=1710 uri=nfs://DietPi.local/mnt/4TBS/Spar%20Ladies%202025/FB-Spar%20Womens-ToUpload/DSC_6974.jpg
PIC_VIEWER t_ms=16072 tid=ThreadId(1) cache_hit lane=foreground uri=nfs://DietPi.local/mnt/4TBS/Spar%20Ladies%202025/FB-Spar%20Womens-ToUpload/DSC_6974.jpg
PIC_VIEWER t_ms=16072 tid=ThreadId(1) display_done lane=foreground source=texture_cache navigation_ms=0 uri=nfs://DietPi.local/mnt/4TBS/Spar%20Ladies%202025/FB-Spar%20Womens-ToUpload/DSC_6974.jpg
PIC_VIEWER t_ms=16079 tid=ThreadId(1) wheel_event dy=1
PIC_VIEWER t_ms=16079 tid=ThreadId(1) navigation_dispatch source=wheel from_index=1710 to_index=1711 direction=1
PIC_VIEWER t_ms=16079 tid=ThreadId(1) infobar_update source=wheel index=1711 uri=nfs://DietPi.local/mnt/4TBS/Spar%20Ladies%202025/FB-Spar%20Womens-ToUpload/DSC_6975.jpg
PIC_VIEWER t_ms=16080 tid=ThreadId(1) show_photo_request generation=130 index=1711 uri=nfs://DietPi.local/mnt/4TBS/Spar%20Ladies%202025/FB-Spar%20Womens-ToUpload/DSC_6975.jpg
PIC_VIEWER t_ms=16080 tid=ThreadId(1) cache_hit lane=foreground uri=nfs://DietPi.local/mnt/4TBS/Spar%20Ladies%202025/FB-Spar%20Womens-ToUpload/DSC_6975.jpg
PIC_VIEWER t_ms=16080 tid=ThreadId(1) display_done lane=foreground source=texture_cache navigation_ms=0 uri=nfs://DietPi.local/mnt/4TBS/Spar%20Ladies%202025/FB-Spar%20Womens-ToUpload/DSC_6975.jpg
PIC_VIEWER t_ms=16087 tid=ThreadId(1) wheel_event dy=1
PIC_VIEWER t_ms=16087 tid=ThreadId(1) navigation_dispatch source=wheel from_index=1711 to_index=1712 direction=1
PIC_VIEWER t_ms=16087 tid=ThreadId(1) infobar_update source=wheel index=1712 uri=nfs://DietPi.local/mnt/4TBS/Spar%20Ladies%202025/FB-Spar%20Womens-ToUpload/DSC_6976.jpg
PIC_VIEWER t_ms=16088 tid=ThreadId(1) show_photo_request generation=131 index=1712 uri=nfs://DietPi.local/mnt/4TBS/Spar%20Ladies%202025/FB-Spar%20Womens-ToUpload/DSC_6976.jpg
PIC_VIEWER t_ms=16088 tid=ThreadId(1) cache_hit lane=foreground uri=nfs://DietPi.local/mnt/4TBS/Spar%20Ladies%202025/FB-Spar%20Womens-ToUpload/DSC_6976.jpg
PIC_VIEWER t_ms=16088 tid=ThreadId(1) display_done lane=foreground source=texture_cache navigation_ms=0 uri=nfs://DietPi.local/mnt/4TBS/Spar%20Ladies%202025/FB-Spar%20Womens-ToUpload/DSC_6976.jpg
PIC_VIEWER t_ms=16095 tid=ThreadId(1) wheel_event dy=1
PIC_VIEWER t_ms=16095 tid=ThreadId(1) navigation_dispatch source=wheel from_index=1712 to_index=1713 direction=1
PIC_VIEWER t_ms=16095 tid=ThreadId(1) infobar_update source=wheel index=1713 uri=nfs://DietPi.local/mnt/4TBS/Spar%20Ladies%202025/FB-Spar%20Womens-ToUpload/DSC_6977.jpg
PIC_VIEWER t_ms=16096 tid=ThreadId(1) show_photo_request generation=132 index=1713 uri=nfs://DietPi.local/mnt/4TBS/Spar%20Ladies%202025/FB-Spar%20Womens-ToUpload/DSC_6977.jpg
PIC_VIEWER t_ms=16096 tid=ThreadId(1) cache_hit lane=foreground uri=nfs://DietPi.local/mnt/4TBS/Spar%20Ladies%202025/FB-Spar%20Womens-ToUpload/DSC_6977.jpg
PIC_VIEWER t_ms=16096 tid=ThreadId(1) display_done lane=foreground source=texture_cache navigation_ms=0 uri=nfs://DietPi.local/mnt/4TBS/Spar%20Ladies%202025/FB-Spar%20Womens-ToUpload/DSC_6977.jpg
PIC_VIEWER t_ms=16103 tid=ThreadId(1) wheel_event dy=1
PIC_VIEWER t_ms=16103 tid=ThreadId(1) navigation_dispatch source=wheel from_index=1713 to_index=1714 direction=1
PIC_VIEWER t_ms=16103 tid=ThreadId(1) infobar_update source=wheel index=1714 uri=nfs://DietPi.local/mnt/4TBS/Spar%20Ladies%202025/FB-Spar%20Womens-ToUpload/DSC_6978.jpg
PIC_VIEWER t_ms=16104 tid=ThreadId(1) show_photo_request generation=133 index=1714 uri=nfs://DietPi.local/mnt/4TBS/Spar%20Ladies%202025/FB-Spar%20Womens-ToUpload/DSC_6978.jpg
PIC_VIEWER t_ms=16104 tid=ThreadId(1) cache_hit lane=foreground uri=nfs://DietPi.local/mnt/4TBS/Spar%20Ladies%202025/FB-Spar%20Womens-ToUpload/DSC_6978.jpg
PIC_VIEWER t_ms=16104 tid=ThreadId(1) display_done lane=foreground source=texture_cache navigation_ms=0 uri=nfs://DietPi.local/mnt/4TBS/Spar%20Ladies%202025/FB-Spar%20Womens-ToUpload/DSC_6978.jpg
PIC_VIEWER t_ms=16111 tid=ThreadId(1) wheel_event dy=1
PIC_VIEWER t_ms=16111 tid=ThreadId(1) navigation_dispatch source=wheel from_index=1714 to_index=1715 direction=1
PIC_VIEWER t_ms=16111 tid=ThreadId(1) infobar_update source=wheel index=1715 uri=nfs://DietPi.local/mnt/4TBS/Spar%20Ladies%202025/FB-Spar%20Womens-ToUpload/DSC_6979.jpg
PIC_VIEWER t_ms=16112 tid=ThreadId(1) show_photo_request generation=134 index=1715 uri=nfs://DietPi.local/mnt/4TBS/Spar%20Ladies%202025/FB-Spar%20Womens-ToUpload/DSC_6979.jpg
PIC_VIEWER t_ms=16112 tid=ThreadId(1) cache_hit lane=foreground uri=nfs://DietPi.local/mnt/4TBS/Spar%20Ladies%202025/FB-Spar%20Womens-ToUpload/DSC_6979.jpg
PIC_VIEWER t_ms=16112 tid=ThreadId(1) display_done lane=foreground source=texture_cache navigation_ms=0 uri=nfs://DietPi.local/mnt/4TBS/Spar%20Ladies%202025/FB-Spar%20Womens-ToUpload/DSC_6979.jpg
PIC_VIEWER t_ms=16311 tid=ThreadId(1) wheel_event dy=1
PIC_VIEWER t_ms=16311 tid=ThreadId(1) navigation_dispatch source=wheel from_index=1715 to_index=1716 direction=1
PIC_VIEWER t_ms=16311 tid=ThreadId(1) infobar_update source=wheel index=1716 uri=nfs://DietPi.local/mnt/4TBS/Spar%20Ladies%202025/FB-Spar%20Womens-ToUpload/DSC_6980.jpg
PIC_VIEWER t_ms=16312 tid=ThreadId(1) show_photo_request generation=135 index=1716 uri=nfs://DietPi.local/mnt/4TBS/Spar%20Ladies%202025/FB-Spar%20Womens-ToUpload/DSC_6980.jpg
PIC_VIEWER t_ms=16312 tid=ThreadId(1) cache_hit lane=foreground uri=nfs://DietPi.local/mnt/4TBS/Spar%20Ladies%202025/FB-Spar%20Womens-ToUpload/DSC_6980.jpg
PIC_VIEWER t_ms=16312 tid=ThreadId(1) display_done lane=foreground source=texture_cache navigation_ms=0 uri=nfs://DietPi.local/mnt/4TBS/Spar%20Ladies%202025/FB-Spar%20Womens-ToUpload/DSC_6980.jpg
PIC_VIEWER t_ms=16319 tid=ThreadId(1) wheel_event dy=1
PIC_VIEWER t_ms=16319 tid=ThreadId(1) navigation_dispatch source=wheel from_index=1716 to_index=1717 direction=1
PIC_VIEWER t_ms=16319 tid=ThreadId(1) infobar_update source=wheel index=1717 uri=nfs://DietPi.local/mnt/4TBS/Spar%20Ladies%202025/FB-Spar%20Womens-ToUpload/DSC_6981.jpg
PIC_VIEWER t_ms=16320 tid=ThreadId(1) show_photo_request generation=136 index=1717 uri=nfs://DietPi.local/mnt/4TBS/Spar%20Ladies%202025/FB-Spar%20Womens-ToUpload/DSC_6981.jpg
PIC_VIEWER t_ms=16320 tid=ThreadId(1) cache_hit lane=foreground uri=nfs://DietPi.local/mnt/4TBS/Spar%20Ladies%202025/FB-Spar%20Womens-ToUpload/DSC_6981.jpg
PIC_VIEWER t_ms=16320 tid=ThreadId(1) display_done lane=foreground source=texture_cache navigation_ms=0 uri=nfs://DietPi.local/mnt/4TBS/Spar%20Ladies%202025/FB-Spar%20Womens-ToUpload/DSC_6981.jpg
PIC_VIEWER t_ms=16327 tid=ThreadId(1) wheel_event dy=1
PIC_VIEWER t_ms=16327 tid=ThreadId(1) navigation_dispatch source=wheel from_index=1717 to_index=1718 direction=1
PIC_VIEWER t_ms=16327 tid=ThreadId(1) infobar_update source=wheel index=1718 uri=nfs://DietPi.local/mnt/4TBS/Spar%20Ladies%202025/FB-Spar%20Womens-ToUpload/DSC_6982.jpg
PIC_VIEWER t_ms=16328 tid=ThreadId(1) show_photo_request generation=137 index=1718 uri=nfs://DietPi.local/mnt/4TBS/Spar%20Ladies%202025/FB-Spar%20Womens-ToUpload/DSC_6982.jpg
PIC_VIEWER t_ms=16328 tid=ThreadId(1) cache_hit lane=foreground uri=nfs://DietPi.local/mnt/4TBS/Spar%20Ladies%202025/FB-Spar%20Womens-ToUpload/DSC_6982.jpg
PIC_VIEWER t_ms=16328 tid=ThreadId(1) display_done lane=foreground source=texture_cache navigation_ms=0 uri=nfs://DietPi.local/mnt/4TBS/Spar%20Ladies%202025/FB-Spar%20Womens-ToUpload/DSC_6982.jpg
PIC_VIEWER t_ms=16335 tid=ThreadId(1) wheel_event dy=1
PIC_VIEWER t_ms=16335 tid=ThreadId(1) navigation_dispatch source=wheel from_index=1718 to_index=1719 direction=1
PIC_VIEWER t_ms=16335 tid=ThreadId(1) infobar_update source=wheel index=1719 uri=nfs://DietPi.local/mnt/4TBS/Spar%20Ladies%202025/FB-Spar%20Womens-ToUpload/DSC_6983.jpg
PIC_VIEWER t_ms=16336 tid=ThreadId(1) show_photo_request generation=138 index=1719 uri=nfs://DietPi.local/mnt/4TBS/Spar%20Ladies%202025/FB-Spar%20Womens-ToUpload/DSC_6983.jpg
PIC_VIEWER t_ms=16336 tid=ThreadId(1) cache_hit lane=foreground uri=nfs://DietPi.local/mnt/4TBS/Spar%20Ladies%202025/FB-Spar%20Womens-ToUpload/DSC_6983.jpg
PIC_VIEWER t_ms=16336 tid=ThreadId(1) display_done lane=foreground source=texture_cache navigation_ms=0 uri=nfs://DietPi.local/mnt/4TBS/Spar%20Ladies%202025/FB-Spar%20Womens-ToUpload/DSC_6983.jpg
PIC_VIEWER t_ms=16343 tid=ThreadId(1) wheel_event dy=1
PIC_VIEWER t_ms=16343 tid=ThreadId(1) navigation_dispatch source=wheel from_index=1719 to_index=1720 direction=1
PIC_VIEWER t_ms=16343 tid=ThreadId(1) infobar_update source=wheel index=1720 uri=nfs://DietPi.local/mnt/4TBS/Spar%20Ladies%202025/FB-Spar%20Womens-ToUpload/DSC_6984.jpg
PIC_VIEWER t_ms=16344 tid=ThreadId(1) show_photo_request generation=139 index=1720 uri=nfs://DietPi.local/mnt/4TBS/Spar%20Ladies%202025/FB-Spar%20Womens-ToUpload/DSC_6984.jpg
PIC_VIEWER t_ms=16344 tid=ThreadId(1) cache_hit lane=foreground uri=nfs://DietPi.local/mnt/4TBS/Spar%20Ladies%202025/FB-Spar%20Womens-ToUpload/DSC_6984.jpg
PIC_VIEWER t_ms=16344 tid=ThreadId(1) display_done lane=foreground source=texture_cache navigation_ms=0 uri=nfs://DietPi.local/mnt/4TBS/Spar%20Ladies%202025/FB-Spar%20Womens-ToUpload/DSC_6984.jpg
PIC_VIEWER t_ms=16351 tid=ThreadId(1) wheel_event dy=1
PIC_VIEWER t_ms=16351 tid=ThreadId(1) navigation_dispatch source=wheel from_index=1720 to_index=1721 direction=1
PIC_VIEWER t_ms=16351 tid=ThreadId(1) infobar_update source=wheel index=1721 uri=nfs://DietPi.local/mnt/4TBS/Spar%20Ladies%202025/FB-Spar%20Womens-ToUpload/DSC_6985.jpg
PIC_VIEWER t_ms=16352 tid=ThreadId(1) show_photo_request generation=140 index=1721 uri=nfs://DietPi.local/mnt/4TBS/Spar%20Ladies%202025/FB-Spar%20Womens-ToUpload/DSC_6985.jpg
PIC_VIEWER t_ms=16352 tid=ThreadId(1) cache_hit lane=foreground uri=nfs://DietPi.local/mnt/4TBS/Spar%20Ladies%202025/FB-Spar%20Womens-ToUpload/DSC_6985.jpg
PIC_VIEWER t_ms=16352 tid=ThreadId(1) display_done lane=foreground source=texture_cache navigation_ms=0 uri=nfs://DietPi.local/mnt/4TBS/Spar%20Ladies%202025/FB-Spar%20Womens-ToUpload/DSC_6985.jpg
PIC_VIEWER t_ms=16359 tid=ThreadId(1) wheel_event dy=1
PIC_VIEWER t_ms=16359 tid=ThreadId(1) navigation_dispatch source=wheel from_index=1721 to_index=1722 direction=1
PIC_VIEWER t_ms=16359 tid=ThreadId(1) infobar_update source=wheel index=1722 uri=nfs://DietPi.local/mnt/4TBS/Spar%20Ladies%202025/FB-Spar%20Womens-ToUpload/DSC_6986.jpg
PIC_VIEWER t_ms=16360 tid=ThreadId(1) show_photo_request generation=141 index=1722 uri=nfs://DietPi.local/mnt/4TBS/Spar%20Ladies%202025/FB-Spar%20Womens-ToUpload/DSC_6986.jpg
PIC_VIEWER t_ms=16360 tid=ThreadId(1) cache_hit lane=foreground uri=nfs://DietPi.local/mnt/4TBS/Spar%20Ladies%202025/FB-Spar%20Womens-ToUpload/DSC_6986.jpg
PIC_VIEWER t_ms=16360 tid=ThreadId(1) display_done lane=foreground source=texture_cache navigation_ms=0 uri=nfs://DietPi.local/mnt/4TBS/Spar%20Ladies%202025/FB-Spar%20Womens-ToUpload/DSC_6986.jpg
PIC_VIEWER t_ms=16551 tid=ThreadId(1) wheel_event dy=1
PIC_VIEWER t_ms=16552 tid=ThreadId(1) navigation_dispatch source=wheel from_index=1722 to_index=1723 direction=1
PIC_VIEWER t_ms=16552 tid=ThreadId(1) infobar_update source=wheel index=1723 uri=nfs://DietPi.local/mnt/4TBS/Spar%20Ladies%202025/FB-Spar%20Womens-ToUpload/DSC_6987.jpg
PIC_VIEWER t_ms=16552 tid=ThreadId(1) show_photo_request generation=142 index=1723 uri=nfs://DietPi.local/mnt/4TBS/Spar%20Ladies%202025/FB-Spar%20Womens-ToUpload/DSC_6987.jpg
PIC_VIEWER t_ms=16552 tid=ThreadId(1) cache_hit lane=foreground uri=nfs://DietPi.local/mnt/4TBS/Spar%20Ladies%202025/FB-Spar%20Womens-ToUpload/DSC_6987.jpg
PIC_VIEWER t_ms=16552 tid=ThreadId(1) display_done lane=foreground source=texture_cache navigation_ms=0 uri=nfs://DietPi.local/mnt/4TBS/Spar%20Ladies%202025/FB-Spar%20Womens-ToUpload/DSC_6987.jpg
PIC_VIEWER t_ms=16567 tid=ThreadId(1) wheel_event dy=1
PIC_VIEWER t_ms=16567 tid=ThreadId(1) navigation_dispatch source=wheel from_index=1723 to_index=1724 direction=1
PIC_VIEWER t_ms=16567 tid=ThreadId(1) infobar_update source=wheel index=1724 uri=nfs://DietPi.local/mnt/4TBS/Spar%20Ladies%202025/FB-Spar%20Womens-ToUpload/DSC_6988.jpg
PIC_VIEWER t_ms=16568 tid=ThreadId(1) show_photo_request generation=143 index=1724 uri=nfs://DietPi.local/mnt/4TBS/Spar%20Ladies%202025/FB-Spar%20Womens-ToUpload/DSC_6988.jpg
PIC_VIEWER t_ms=16568 tid=ThreadId(1) cache_hit lane=foreground uri=nfs://DietPi.local/mnt/4TBS/Spar%20Ladies%202025/FB-Spar%20Womens-ToUpload/DSC_6988.jpg
PIC_VIEWER t_ms=16568 tid=ThreadId(1) display_done lane=foreground source=texture_cache navigation_ms=0 uri=nfs://DietPi.local/mnt/4TBS/Spar%20Ladies%202025/FB-Spar%20Womens-ToUpload/DSC_6988.jpg
PIC_VIEWER t_ms=16575 tid=ThreadId(1) wheel_event dy=2
PIC_VIEWER t_ms=16575 tid=ThreadId(1) navigation_dispatch source=wheel from_index=1724 to_index=1725 direction=1
PIC_VIEWER t_ms=16575 tid=ThreadId(1) infobar_update source=wheel index=1725 uri=nfs://DietPi.local/mnt/4TBS/Spar%20Ladies%202025/FB-Spar%20Womens-ToUpload/DSC_6989.jpg
PIC_VIEWER t_ms=16576 tid=ThreadId(1) show_photo_request generation=144 index=1725 uri=nfs://DietPi.local/mnt/4TBS/Spar%20Ladies%202025/FB-Spar%20Womens-ToUpload/DSC_6989.jpg
PIC_VIEWER t_ms=16576 tid=ThreadId(1) cache_hit lane=foreground uri=nfs://DietPi.local/mnt/4TBS/Spar%20Ladies%202025/FB-Spar%20Womens-ToUpload/DSC_6989.jpg
PIC_VIEWER t_ms=16576 tid=ThreadId(1) display_done lane=foreground source=texture_cache navigation_ms=0 uri=nfs://DietPi.local/mnt/4TBS/Spar%20Ladies%202025/FB-Spar%20Womens-ToUpload/DSC_6989.jpg
PIC_VIEWER t_ms=16583 tid=ThreadId(1) wheel_event dy=1
PIC_VIEWER t_ms=16583 tid=ThreadId(1) navigation_dispatch source=wheel from_index=1725 to_index=1726 direction=1
PIC_VIEWER t_ms=16583 tid=ThreadId(1) infobar_update source=wheel index=1726 uri=nfs://DietPi.local/mnt/4TBS/Spar%20Ladies%202025/FB-Spar%20Womens-ToUpload/DSC_6990.jpg
PIC_VIEWER t_ms=16584 tid=ThreadId(1) show_photo_request generation=145 index=1726 uri=nfs://DietPi.local/mnt/4TBS/Spar%20Ladies%202025/FB-Spar%20Womens-ToUpload/DSC_6990.jpg
PIC_VIEWER t_ms=16584 tid=ThreadId(1) cache_hit lane=foreground uri=nfs://DietPi.local/mnt/4TBS/Spar%20Ladies%202025/FB-Spar%20Womens-ToUpload/DSC_6990.jpg
PIC_VIEWER t_ms=16584 tid=ThreadId(1) display_done lane=foreground source=texture_cache navigation_ms=0 uri=nfs://DietPi.local/mnt/4TBS/Spar%20Ladies%202025/FB-Spar%20Womens-ToUpload/DSC_6990.jpg
PIC_VIEWER t_ms=16591 tid=ThreadId(1) wheel_event dy=1
PIC_VIEWER t_ms=16591 tid=ThreadId(1) navigation_dispatch source=wheel from_index=1726 to_index=1727 direction=1
PIC_VIEWER t_ms=16591 tid=ThreadId(1) infobar_update source=wheel index=1727 uri=nfs://DietPi.local/mnt/4TBS/Spar%20Ladies%202025/FB-Spar%20Womens-ToUpload/DSC_6991.jpg
PIC_VIEWER t_ms=16592 tid=ThreadId(1) show_photo_request generation=146 index=1727 uri=nfs://DietPi.local/mnt/4TBS/Spar%20Ladies%202025/FB-Spar%20Womens-ToUpload/DSC_6991.jpg
PIC_VIEWER t_ms=16592 tid=ThreadId(1) request lane=foreground action=new uri=nfs://DietPi.local/mnt/4TBS/Spar%20Ladies%202025/FB-Spar%20Womens-ToUpload/DSC_6991.jpg variant=1124x794
PIC_VIEWER t_ms=16592 tid=ThreadId(87) decode_start uri=nfs://DietPi.local/mnt/4TBS/Spar%20Ladies%202025/FB-Spar%20Womens-ToUpload/DSC_6991.jpg variant=1124x794 queue_ms=0
PIC_VIEWER source_cache lane=foreground action=miss uri=nfs://DietPi.local/mnt/4TBS/Spar%20Ladies%202025/FB-Spar%20Womens-ToUpload/DSC_6991.jpg
PIC_VIEWER network_slot lane=foreground wait_ms=0 uri=nfs://DietPi.local/mnt/4TBS/Spar%20Ladies%202025/FB-Spar%20Womens-ToUpload/DSC_6991.jpg
PIC_NETWORK tid=ThreadId(87) PRIVATE_NFS export_cache_hit host=DietPi.local count=5
PIC_NETWORK tid=ThreadId(87) PRIVATE_NFS read_start uri=nfs://DietPi.local/mnt/4TBS/Spar%20Ladies%202025/FB-Spar%20Womens-ToUpload/DSC_6991.jpg max_bytes=134217728
PIC_NFS stage=read_session_lock elapsed_ms=0 tid=140446473631424 host=DietPi.local export=/mnt/4TBS relative=/Spar Ladies 2025/FB-Spar Womens-ToUpload/DSC_6991.jpg outcome=acquired
PIC_NFS_CONNECT reuse host=DietPi.local export=/mnt/4TBS
PIC_NFS stage=file_open elapsed_ms=1 tid=140446473631424 host=DietPi.local export=/mnt/4TBS relative=/Spar Ladies 2025/FB-Spar Womens-ToUpload/DSC_6991.jpg outcome=ok
PIC_NFS stage=rpc_read elapsed_ms=2 tid=140446473631424 host=DietPi.local export=/mnt/4TBS relative=/Spar Ladies 2025/FB-Spar Womens-ToUpload/DSC_6991.jpg iteration=1 outcome=ok bytes=65536 timedout_delta=0 retransmitted_delta=0 reconnects_delta=0
PIC_NFS stage=first_read elapsed_ms=2 tid=140446473631424 host=DietPi.local export=/mnt/4TBS relative=/Spar Ladies 2025/FB-Spar Womens-ToUpload/DSC_6991.jpg outcome=ok bytes=65536
PIC_NFS stage=rpc_read elapsed_ms=1 tid=140446473631424 host=DietPi.local export=/mnt/4TBS relative=/Spar Ladies 2025/FB-Spar Womens-ToUpload/DSC_6991.jpg iteration=2 outcome=ok bytes=65536 timedout_delta=0 retransmitted_delta=0 reconnects_delta=0
PIC_NFS stage=rpc_read elapsed_ms=2 tid=140446473631424 host=DietPi.local export=/mnt/4TBS relative=/Spar Ladies 2025/FB-Spar Womens-ToUpload/DSC_6991.jpg iteration=3 outcome=ok bytes=131072 timedout_delta=0 retransmitted_delta=0 reconnects_delta=0
PIC_NFS stage=rpc_read elapsed_ms=4 tid=140446473631424 host=DietPi.local export=/mnt/4TBS relative=/Spar Ladies 2025/FB-Spar Womens-ToUpload/DSC_6991.jpg iteration=4 outcome=ok bytes=262144 timedout_delta=0 retransmitted_delta=0 reconnects_delta=0
PIC_NFS stage=rpc_read elapsed_ms=7 tid=140446473631424 host=DietPi.local export=/mnt/4TBS relative=/Spar Ladies 2025/FB-Spar Womens-ToUpload/DSC_6991.jpg iteration=5 outcome=ok bytes=524288 timedout_delta=0 retransmitted_delta=0 reconnects_delta=0
PIC_NFS stage=rpc_read elapsed_ms=5 tid=140446473631424 host=DietPi.local export=/mnt/4TBS relative=/Spar Ladies 2025/FB-Spar Womens-ToUpload/DSC_6991.jpg iteration=6 outcome=ok bytes=373293 timedout_delta=0 retransmitted_delta=0 reconnects_delta=0
PIC_NFS stage=rpc_read elapsed_ms=1 tid=140446473631424 host=DietPi.local export=/mnt/4TBS relative=/Spar Ladies 2025/FB-Spar Womens-ToUpload/DSC_6991.jpg iteration=7 outcome=ok bytes=0 timedout_delta=0 retransmitted_delta=0 reconnects_delta=0
PIC_NFS stage=file_read_complete elapsed_ms=22 tid=140446473631424 host=DietPi.local export=/mnt/4TBS relative=/Spar Ladies 2025/FB-Spar Womens-ToUpload/DSC_6991.jpg outcome=ok bytes=1421869 calls=7
PIC_NETWORK tid=ThreadId(87) PRIVATE_NFS read_done bytes=1421869 elapsed_ms=23 uri=nfs://DietPi.local/mnt/4TBS/Spar%20Ladies%202025/FB-Spar%20Womens-ToUpload/DSC_6991.jpg
PIC_VIEWER source_cache action=insert bytes=1421869 uri=nfs://DietPi.local/mnt/4TBS/Spar%20Ladies%202025/FB-Spar%20Womens-ToUpload/DSC_6991.jpg
PIC_VIEWER source_cache action=evict bytes=842513 uri=nfs://DietPi.local/mnt/4TBS/Spar%20Ladies%202025/FB-Spar%20Womens-ToUpload/DSC_6981.jpg
PIC_VIEWER network_done lane=foreground read_ms=24 bytes=1421869 source=network outcome=ok uri=nfs://DietPi.local/mnt/4TBS/Spar%20Ladies%202025/FB-Spar%20Womens-ToUpload/DSC_6991.jpg
PIC_VIEWER decode_stage source_ms=24 cpu_ms=35 uri=nfs://DietPi.local/mnt/4TBS/Spar%20Ladies%202025/FB-Spar%20Womens-ToUpload/DSC_6991.jpg
PIC_VIEWER t_ms=16654 tid=ThreadId(87) decode_done uri=nfs://DietPi.local/mnt/4TBS/Spar%20Ladies%202025/FB-Spar%20Womens-ToUpload/DSC_6991.jpg variant=1124x794 elapsed_ms=62 outcome=ok
PIC_VIEWER t_ms=16655 tid=ThreadId(1) display_apply elapsed_ms=0 uri=nfs://DietPi.local/mnt/4TBS/Spar%20Ladies%202025/FB-Spar%20Womens-ToUpload/DSC_6991.jpg
PIC_VIEWER t_ms=16655 tid=ThreadId(1) display_done lane=foreground source=decode navigation_ms=62 uri=nfs://DietPi.local/mnt/4TBS/Spar%20Ladies%202025/FB-Spar%20Womens-ToUpload/DSC_6991.jpg
PIC_VIEWER t_ms=16655 tid=ThreadId(1) cache_evict uri=nfs://DietPi.local/mnt/4TBS/pics-sport/local%20choice/FB-LCC/DSC_1200.jpg bytes=3372000 remaining_entries=32 remaining_bytes=107904000
PIC_VIEWER t_ms=16743 tid=ThreadId(1) wheel_event dy=1
PIC_VIEWER t_ms=16743 tid=ThreadId(1) navigation_dispatch source=wheel from_index=1727 to_index=1728 direction=1
PIC_VIEWER t_ms=16743 tid=ThreadId(1) infobar_update source=wheel index=1728 uri=nfs://DietPi.local/mnt/4TBS/Spar%20Ladies%202025/FB-Spar%20Womens-ToUpload/DSC_6992.jpg
PIC_VIEWER t_ms=16744 tid=ThreadId(1) show_photo_request generation=147 index=1728 uri=nfs://DietPi.local/mnt/4TBS/Spar%20Ladies%202025/FB-Spar%20Womens-ToUpload/DSC_6992.jpg
PIC_VIEWER t_ms=16744 tid=ThreadId(1) request lane=foreground action=new uri=nfs://DietPi.local/mnt/4TBS/Spar%20Ladies%202025/FB-Spar%20Womens-ToUpload/DSC_6992.jpg variant=1124x794
PIC_VIEWER t_ms=16744 tid=ThreadId(88) decode_start uri=nfs://DietPi.local/mnt/4TBS/Spar%20Ladies%202025/FB-Spar%20Womens-ToUpload/DSC_6992.jpg variant=1124x794 queue_ms=0
PIC_VIEWER source_cache lane=foreground action=miss uri=nfs://DietPi.local/mnt/4TBS/Spar%20Ladies%202025/FB-Spar%20Womens-ToUpload/DSC_6992.jpg
PIC_VIEWER network_slot lane=foreground wait_ms=0 uri=nfs://DietPi.local/mnt/4TBS/Spar%20Ladies%202025/FB-Spar%20Womens-ToUpload/DSC_6992.jpg
PIC_NETWORK tid=ThreadId(88) PRIVATE_NFS export_cache_hit host=DietPi.local count=5
PIC_NETWORK tid=ThreadId(88) PRIVATE_NFS read_start uri=nfs://DietPi.local/mnt/4TBS/Spar%20Ladies%202025/FB-Spar%20Womens-ToUpload/DSC_6992.jpg max_bytes=134217728
PIC_NFS stage=read_session_lock elapsed_ms=0 tid=140446473631424 host=DietPi.local export=/mnt/4TBS relative=/Spar Ladies 2025/FB-Spar Womens-ToUpload/DSC_6992.jpg outcome=acquired
PIC_NFS_CONNECT reuse host=DietPi.local export=/mnt/4TBS
PIC_NFS stage=file_open elapsed_ms=2 tid=140446473631424 host=DietPi.local export=/mnt/4TBS relative=/Spar Ladies 2025/FB-Spar Womens-ToUpload/DSC_6992.jpg outcome=ok
PIC_NFS stage=rpc_read elapsed_ms=2 tid=140446473631424 host=DietPi.local export=/mnt/4TBS relative=/Spar Ladies 2025/FB-Spar Womens-ToUpload/DSC_6992.jpg iteration=1 outcome=ok bytes=65536 timedout_delta=0 retransmitted_delta=0 reconnects_delta=0
PIC_NFS stage=first_read elapsed_ms=2 tid=140446473631424 host=DietPi.local export=/mnt/4TBS relative=/Spar Ladies 2025/FB-Spar Womens-ToUpload/DSC_6992.jpg outcome=ok bytes=65536
PIC_NFS stage=rpc_read elapsed_ms=1 tid=140446473631424 host=DietPi.local export=/mnt/4TBS relative=/Spar Ladies 2025/FB-Spar Womens-ToUpload/DSC_6992.jpg iteration=2 outcome=ok bytes=65536 timedout_delta=0 retransmitted_delta=0 reconnects_delta=0
PIC_NFS stage=rpc_read elapsed_ms=2 tid=140446473631424 host=DietPi.local export=/mnt/4TBS relative=/Spar Ladies 2025/FB-Spar Womens-ToUpload/DSC_6992.jpg iteration=3 outcome=ok bytes=131072 timedout_delta=0 retransmitted_delta=0 reconnects_delta=0
PIC_NFS stage=rpc_read elapsed_ms=4 tid=140446473631424 host=DietPi.local export=/mnt/4TBS relative=/Spar Ladies 2025/FB-Spar Womens-ToUpload/DSC_6992.jpg iteration=4 outcome=ok bytes=262144 timedout_delta=0 retransmitted_delta=0 reconnects_delta=0
PIC_VIEWER t_ms=16759 tid=ThreadId(1) wheel_event dy=1
PIC_VIEWER t_ms=16759 tid=ThreadId(1) wheel_accumulate current_index=1728 target_index=1729 direction=1
PIC_NFS stage=rpc_read elapsed_ms=7 tid=140446473631424 host=DietPi.local export=/mnt/4TBS relative=/Spar Ladies 2025/FB-Spar Womens-ToUpload/DSC_6992.jpg iteration=5 outcome=ok bytes=524288 timedout_delta=0 retransmitted_delta=0 reconnects_delta=0
PIC_NFS stage=rpc_read elapsed_ms=5 tid=140446473631424 host=DietPi.local export=/mnt/4TBS relative=/Spar Ladies 2025/FB-Spar Womens-ToUpload/DSC_6992.jpg iteration=6 outcome=ok bytes=343234 timedout_delta=0 retransmitted_delta=0 reconnects_delta=0
PIC_NFS stage=rpc_read elapsed_ms=0 tid=140446473631424 host=DietPi.local export=/mnt/4TBS relative=/Spar Ladies 2025/FB-Spar Womens-ToUpload/DSC_6992.jpg iteration=7 outcome=ok bytes=0 timedout_delta=0 retransmitted_delta=0 reconnects_delta=0
PIC_NFS stage=file_read_complete elapsed_ms=21 tid=140446473631424 host=DietPi.local export=/mnt/4TBS relative=/Spar Ladies 2025/FB-Spar Womens-ToUpload/DSC_6992.jpg outcome=ok bytes=1391810 calls=7
PIC_NETWORK tid=ThreadId(88) PRIVATE_NFS read_done bytes=1391810 elapsed_ms=23 uri=nfs://DietPi.local/mnt/4TBS/Spar%20Ladies%202025/FB-Spar%20Womens-ToUpload/DSC_6992.jpg
PIC_VIEWER source_cache action=insert bytes=1391810 uri=nfs://DietPi.local/mnt/4TBS/Spar%20Ladies%202025/FB-Spar%20Womens-ToUpload/DSC_6992.jpg
PIC_VIEWER source_cache action=evict bytes=1177452 uri=nfs://DietPi.local/mnt/4TBS/Spar%20Ladies%202025/FB-Spar%20Womens-ToUpload/DSC_6982.jpg
PIC_VIEWER network_done lane=foreground read_ms=23 bytes=1391810 source=network outcome=ok uri=nfs://DietPi.local/mnt/4TBS/Spar%20Ladies%202025/FB-Spar%20Womens-ToUpload/DSC_6992.jpg
PIC_VIEWER t_ms=16767 tid=ThreadId(1) wheel_event dy=1
PIC_VIEWER t_ms=16767 tid=ThreadId(1) wheel_accumulate current_index=1728 target_index=1730 direction=1
PIC_VIEWER t_ms=16775 tid=ThreadId(1) wheel_event dy=1
PIC_VIEWER t_ms=16775 tid=ThreadId(1) wheel_accumulate current_index=1728 target_index=1731 direction=1
PIC_VIEWER t_ms=16783 tid=ThreadId(1) wheel_event dy=1
PIC_VIEWER t_ms=16783 tid=ThreadId(1) wheel_accumulate current_index=1728 target_index=1732 direction=1
PIC_VIEWER t_ms=16791 tid=ThreadId(1) wheel_event dy=1
PIC_VIEWER t_ms=16791 tid=ThreadId(1) wheel_accumulate current_index=1728 target_index=1733 direction=1
PIC_VIEWER t_ms=16799 tid=ThreadId(1) wheel_event dy=1
PIC_VIEWER t_ms=16799 tid=ThreadId(1) wheel_accumulate current_index=1728 target_index=1734 direction=1
PIC_VIEWER decode_stage source_ms=23 cpu_ms=36 uri=nfs://DietPi.local/mnt/4TBS/Spar%20Ladies%202025/FB-Spar%20Womens-ToUpload/DSC_6992.jpg
PIC_VIEWER t_ms=16807 tid=ThreadId(88) decode_done uri=nfs://DietPi.local/mnt/4TBS/Spar%20Ladies%202025/FB-Spar%20Womens-ToUpload/DSC_6992.jpg variant=1124x794 elapsed_ms=62 outcome=ok
PIC_VIEWER t_ms=16807 tid=ThreadId(1) display_apply elapsed_ms=0 uri=nfs://DietPi.local/mnt/4TBS/Spar%20Ladies%202025/FB-Spar%20Womens-ToUpload/DSC_6992.jpg
PIC_VIEWER t_ms=16807 tid=ThreadId(1) display_done lane=foreground source=decode navigation_ms=63 uri=nfs://DietPi.local/mnt/4TBS/Spar%20Ladies%202025/FB-Spar%20Womens-ToUpload/DSC_6992.jpg
PIC_VIEWER t_ms=16807 tid=ThreadId(1) cache_evict uri=nfs://DietPi.local/mnt/4TBS/pics-sport/local%20choice/FB-LCC/DSC_1203.jpg bytes=3372000 remaining_entries=32 remaining_bytes=107904000
PIC_VIEWER t_ms=16807 tid=ThreadId(1) navigation_dispatch source=wheel_coalesced from_index=1728 to_index=1734 direction=1
PIC_VIEWER t_ms=16807 tid=ThreadId(1) infobar_update source=wheel index=1734 uri=nfs://DietPi.local/mnt/4TBS/Spar%20Ladies%202025/FB-Spar%20Womens-ToUpload/DSC_6998.jpg
PIC_VIEWER t_ms=16808 tid=ThreadId(1) show_photo_request generation=148 index=1734 uri=nfs://DietPi.local/mnt/4TBS/Spar%20Ladies%202025/FB-Spar%20Womens-ToUpload/DSC_6998.jpg
PIC_VIEWER t_ms=16808 tid=ThreadId(1) request lane=foreground action=new uri=nfs://DietPi.local/mnt/4TBS/Spar%20Ladies%202025/FB-Spar%20Womens-ToUpload/DSC_6998.jpg variant=1124x794
PIC_VIEWER t_ms=16808 tid=ThreadId(89) decode_start uri=nfs://DietPi.local/mnt/4TBS/Spar%20Ladies%202025/FB-Spar%20Womens-ToUpload/DSC_6998.jpg variant=1124x794 queue_ms=0
PIC_VIEWER source_cache lane=foreground action=miss uri=nfs://DietPi.local/mnt/4TBS/Spar%20Ladies%202025/FB-Spar%20Womens-ToUpload/DSC_6998.jpg
PIC_VIEWER network_slot lane=foreground wait_ms=0 uri=nfs://DietPi.local/mnt/4TBS/Spar%20Ladies%202025/FB-Spar%20Womens-ToUpload/DSC_6998.jpg
PIC_NETWORK tid=ThreadId(89) PRIVATE_NFS export_cache_hit host=DietPi.local count=5
PIC_NETWORK tid=ThreadId(89) PRIVATE_NFS read_start uri=nfs://DietPi.local/mnt/4TBS/Spar%20Ladies%202025/FB-Spar%20Womens-ToUpload/DSC_6998.jpg max_bytes=134217728
PIC_NFS stage=read_session_lock elapsed_ms=0 tid=140446473631424 host=DietPi.local export=/mnt/4TBS relative=/Spar Ladies 2025/FB-Spar Womens-ToUpload/DSC_6998.jpg outcome=acquired
PIC_NFS_CONNECT reuse host=DietPi.local export=/mnt/4TBS
PIC_NFS stage=file_open elapsed_ms=2 tid=140446473631424 host=DietPi.local export=/mnt/4TBS relative=/Spar Ladies 2025/FB-Spar Womens-ToUpload/DSC_6998.jpg outcome=ok
PIC_NFS stage=rpc_read elapsed_ms=9 tid=140446473631424 host=DietPi.local export=/mnt/4TBS relative=/Spar Ladies 2025/FB-Spar Womens-ToUpload/DSC_6998.jpg iteration=1 outcome=ok bytes=65536 timedout_delta=0 retransmitted_delta=0 reconnects_delta=0
PIC_NFS stage=first_read elapsed_ms=9 tid=140446473631424 host=DietPi.local export=/mnt/4TBS relative=/Spar Ladies 2025/FB-Spar Womens-ToUpload/DSC_6998.jpg outcome=ok bytes=65536
PIC_NFS stage=rpc_read elapsed_ms=1 tid=140446473631424 host=DietPi.local export=/mnt/4TBS relative=/Spar Ladies 2025/FB-Spar Womens-ToUpload/DSC_6998.jpg iteration=2 outcome=ok bytes=65536 timedout_delta=0 retransmitted_delta=0 reconnects_delta=0
PIC_NFS stage=rpc_read elapsed_ms=2 tid=140446473631424 host=DietPi.local export=/mnt/4TBS relative=/Spar Ladies 2025/FB-Spar Womens-ToUpload/DSC_6998.jpg iteration=3 outcome=ok bytes=131072 timedout_delta=0 retransmitted_delta=0 reconnects_delta=0
PIC_NFS stage=rpc_read elapsed_ms=4 tid=140446473631424 host=DietPi.local export=/mnt/4TBS relative=/Spar Ladies 2025/FB-Spar Womens-ToUpload/DSC_6998.jpg iteration=4 outcome=ok bytes=262144 timedout_delta=0 retransmitted_delta=0 reconnects_delta=0
PIC_NFS stage=rpc_read elapsed_ms=7 tid=140446473631424 host=DietPi.local export=/mnt/4TBS relative=/Spar Ladies 2025/FB-Spar Womens-ToUpload/DSC_6998.jpg iteration=5 outcome=ok bytes=524288 timedout_delta=0 retransmitted_delta=0 reconnects_delta=0
PIC_NFS stage=rpc_read elapsed_ms=3 tid=140446473631424 host=DietPi.local export=/mnt/4TBS relative=/Spar Ladies 2025/FB-Spar Womens-ToUpload/DSC_6998.jpg iteration=6 outcome=ok bytes=209525 timedout_delta=0 retransmitted_delta=0 reconnects_delta=0
PIC_NFS stage=rpc_read elapsed_ms=1 tid=140446473631424 host=DietPi.local export=/mnt/4TBS relative=/Spar Ladies 2025/FB-Spar Womens-ToUpload/DSC_6998.jpg iteration=7 outcome=ok bytes=0 timedout_delta=0 retransmitted_delta=0 reconnects_delta=0
PIC_NFS stage=file_read_complete elapsed_ms=27 tid=140446473631424 host=DietPi.local export=/mnt/4TBS relative=/Spar Ladies 2025/FB-Spar Womens-ToUpload/DSC_6998.jpg outcome=ok bytes=1258101 calls=7
PIC_NETWORK tid=ThreadId(89) PRIVATE_NFS read_done bytes=1258101 elapsed_ms=29 uri=nfs://DietPi.local/mnt/4TBS/Spar%20Ladies%202025/FB-Spar%20Womens-ToUpload/DSC_6998.jpg
PIC_VIEWER source_cache action=insert bytes=1258101 uri=nfs://DietPi.local/mnt/4TBS/Spar%20Ladies%202025/FB-Spar%20Womens-ToUpload/DSC_6998.jpg
PIC_VIEWER source_cache action=evict bytes=1353972 uri=nfs://DietPi.local/mnt/4TBS/Spar%20Ladies%202025/FB-Spar%20Womens-ToUpload/DSC_6983.jpg
PIC_VIEWER network_done lane=foreground read_ms=29 bytes=1258101 source=network outcome=ok uri=nfs://DietPi.local/mnt/4TBS/Spar%20Ladies%202025/FB-Spar%20Womens-ToUpload/DSC_6998.jpg
PIC_VIEWER decode_stage source_ms=29 cpu_ms=35 uri=nfs://DietPi.local/mnt/4TBS/Spar%20Ladies%202025/FB-Spar%20Womens-ToUpload/DSC_6998.jpg
PIC_VIEWER t_ms=16875 tid=ThreadId(89) decode_done uri=nfs://DietPi.local/mnt/4TBS/Spar%20Ladies%202025/FB-Spar%20Womens-ToUpload/DSC_6998.jpg variant=1124x794 elapsed_ms=67 outcome=ok
PIC_VIEWER t_ms=16875 tid=ThreadId(1) display_apply elapsed_ms=0 uri=nfs://DietPi.local/mnt/4TBS/Spar%20Ladies%202025/FB-Spar%20Womens-ToUpload/DSC_6998.jpg
PIC_VIEWER t_ms=16875 tid=ThreadId(1) display_done lane=foreground source=decode navigation_ms=67 uri=nfs://DietPi.local/mnt/4TBS/Spar%20Ladies%202025/FB-Spar%20Womens-ToUpload/DSC_6998.jpg
PIC_VIEWER t_ms=16875 tid=ThreadId(1) cache_evict uri=nfs://DietPi.local/mnt/4TBS/pics-sport/local%20choice/FB-LCC/DSC_1199.jpg bytes=3372000 remaining_entries=32 remaining_bytes=107904000
PIC_VIEWER t_ms=17061 tid=ThreadId(1) request lane=prefetch action=new uri=nfs://DietPi.local/mnt/4TBS/Spar%20Ladies%202025/FB-Spar%20Womens-ToUpload/DSC_6999.jpg variant=1124x794
PIC_VIEWER t_ms=17061 tid=ThreadId(1) request lane=prefetch action=new uri=nfs://DietPi.local/mnt/4TBS/Spar%20Ladies%202025/FB-Spar%20Womens-ToUpload/DSC_6997.jpg variant=1124x794
PIC_VIEWER t_ms=17061 tid=ThreadId(90) decode_start uri=nfs://DietPi.local/mnt/4TBS/Spar%20Ladies%202025/FB-Spar%20Womens-ToUpload/DSC_6999.jpg variant=1124x794 queue_ms=0
PIC_VIEWER t_ms=17061 tid=ThreadId(91) decode_start uri=nfs://DietPi.local/mnt/4TBS/Spar%20Ladies%202025/FB-Spar%20Womens-ToUpload/DSC_6997.jpg variant=1124x794 queue_ms=0
PIC_VIEWER source_cache lane=prefetch action=miss uri=nfs://DietPi.local/mnt/4TBS/Spar%20Ladies%202025/FB-Spar%20Womens-ToUpload/DSC_6997.jpg
PIC_VIEWER network_slot lane=prefetch wait_ms=0 uri=nfs://DietPi.local/mnt/4TBS/Spar%20Ladies%202025/FB-Spar%20Womens-ToUpload/DSC_6997.jpg
PIC_NETWORK tid=ThreadId(91) PRIVATE_NFS export_cache_hit host=DietPi.local count=5
PIC_NETWORK tid=ThreadId(91) PRIVATE_NFS read_start uri=nfs://DietPi.local/mnt/4TBS/Spar%20Ladies%202025/FB-Spar%20Womens-ToUpload/DSC_6997.jpg max_bytes=134217728
PIC_NFS stage=read_session_lock elapsed_ms=0 tid=140449121564352 host=DietPi.local export=/mnt/4TBS relative=/Spar Ladies 2025/FB-Spar Womens-ToUpload/DSC_6997.jpg outcome=acquired
PIC_NFS_CONNECT reuse host=DietPi.local export=/mnt/4TBS
PIC_VIEWER source_cache lane=prefetch action=miss uri=nfs://DietPi.local/mnt/4TBS/Spar%20Ladies%202025/FB-Spar%20Womens-ToUpload/DSC_6999.jpg
PIC_NFS stage=file_open elapsed_ms=1 tid=140449121564352 host=DietPi.local export=/mnt/4TBS relative=/Spar Ladies 2025/FB-Spar Womens-ToUpload/DSC_6997.jpg outcome=ok
PIC_NFS stage=rpc_read elapsed_ms=2 tid=140449121564352 host=DietPi.local export=/mnt/4TBS relative=/Spar Ladies 2025/FB-Spar Womens-ToUpload/DSC_6997.jpg iteration=1 outcome=ok bytes=65536 timedout_delta=0 retransmitted_delta=0 reconnects_delta=0
PIC_NFS stage=first_read elapsed_ms=2 tid=140449121564352 host=DietPi.local export=/mnt/4TBS relative=/Spar Ladies 2025/FB-Spar Womens-ToUpload/DSC_6997.jpg outcome=ok bytes=65536
PIC_NFS stage=rpc_read elapsed_ms=2 tid=140449121564352 host=DietPi.local export=/mnt/4TBS relative=/Spar Ladies 2025/FB-Spar Womens-ToUpload/DSC_6997.jpg iteration=2 outcome=ok bytes=65536 timedout_delta=0 retransmitted_delta=0 reconnects_delta=0
PIC_NFS stage=rpc_read elapsed_ms=2 tid=140449121564352 host=DietPi.local export=/mnt/4TBS relative=/Spar Ladies 2025/FB-Spar Womens-ToUpload/DSC_6997.jpg iteration=3 outcome=ok bytes=131072 timedout_delta=0 retransmitted_delta=0 reconnects_delta=0
PIC_NFS stage=rpc_read elapsed_ms=14 tid=140449121564352 host=DietPi.local export=/mnt/4TBS relative=/Spar Ladies 2025/FB-Spar Womens-ToUpload/DSC_6997.jpg iteration=4 outcome=ok bytes=262144 timedout_delta=0 retransmitted_delta=0 reconnects_delta=0
PIC_NFS stage=rpc_read elapsed_ms=7 tid=140449121564352 host=DietPi.local export=/mnt/4TBS relative=/Spar Ladies 2025/FB-Spar Womens-ToUpload/DSC_6997.jpg iteration=5 outcome=ok bytes=524288 timedout_delta=0 retransmitted_delta=0 reconnects_delta=0
PIC_NFS stage=rpc_read elapsed_ms=2 tid=140449121564352 host=DietPi.local export=/mnt/4TBS relative=/Spar Ladies 2025/FB-Spar Womens-ToUpload/DSC_6997.jpg iteration=6 outcome=ok bytes=127959 timedout_delta=0 retransmitted_delta=0 reconnects_delta=0
PIC_NFS stage=rpc_read elapsed_ms=1 tid=140449121564352 host=DietPi.local export=/mnt/4TBS relative=/Spar Ladies 2025/FB-Spar Womens-ToUpload/DSC_6997.jpg iteration=7 outcome=ok bytes=0 timedout_delta=0 retransmitted_delta=0 reconnects_delta=0
PIC_NFS stage=file_read_complete elapsed_ms=30 tid=140449121564352 host=DietPi.local export=/mnt/4TBS relative=/Spar Ladies 2025/FB-Spar Womens-ToUpload/DSC_6997.jpg outcome=ok bytes=1176535 calls=7
PIC_NETWORK tid=ThreadId(91) PRIVATE_NFS read_done bytes=1176535 elapsed_ms=31 uri=nfs://DietPi.local/mnt/4TBS/Spar%20Ladies%202025/FB-Spar%20Womens-ToUpload/DSC_6997.jpg
PIC_VIEWER source_cache action=insert bytes=1176535 uri=nfs://DietPi.local/mnt/4TBS/Spar%20Ladies%202025/FB-Spar%20Womens-ToUpload/DSC_6997.jpg
PIC_VIEWER source_cache action=evict bytes=1058143 uri=nfs://DietPi.local/mnt/4TBS/Spar%20Ladies%202025/FB-Spar%20Womens-ToUpload/DSC_6984.jpg
PIC_VIEWER network_done lane=prefetch read_ms=31 bytes=1176535 source=network outcome=ok uri=nfs://DietPi.local/mnt/4TBS/Spar%20Ladies%202025/FB-Spar%20Womens-ToUpload/DSC_6997.jpg
PIC_VIEWER network_slot lane=prefetch wait_ms=31 uri=nfs://DietPi.local/mnt/4TBS/Spar%20Ladies%202025/FB-Spar%20Womens-ToUpload/DSC_6999.jpg
PIC_NETWORK tid=ThreadId(90) PRIVATE_NFS export_cache_hit host=DietPi.local count=5
PIC_NETWORK tid=ThreadId(90) PRIVATE_NFS read_start uri=nfs://DietPi.local/mnt/4TBS/Spar%20Ladies%202025/FB-Spar%20Womens-ToUpload/DSC_6999.jpg max_bytes=134217728
PIC_NFS stage=read_session_lock elapsed_ms=0 tid=140446473631424 host=DietPi.local export=/mnt/4TBS relative=/Spar Ladies 2025/FB-Spar Womens-ToUpload/DSC_6999.jpg outcome=acquired
PIC_NFS_CONNECT reuse host=DietPi.local export=/mnt/4TBS
PIC_NFS stage=file_open elapsed_ms=2 tid=140446473631424 host=DietPi.local export=/mnt/4TBS relative=/Spar Ladies 2025/FB-Spar Womens-ToUpload/DSC_6999.jpg outcome=ok
PIC_NFS stage=rpc_read elapsed_ms=2 tid=140446473631424 host=DietPi.local export=/mnt/4TBS relative=/Spar Ladies 2025/FB-Spar Womens-ToUpload/DSC_6999.jpg iteration=1 outcome=ok bytes=65536 timedout_delta=0 retransmitted_delta=0 reconnects_delta=0
PIC_NFS stage=first_read elapsed_ms=2 tid=140446473631424 host=DietPi.local export=/mnt/4TBS relative=/Spar Ladies 2025/FB-Spar Womens-ToUpload/DSC_6999.jpg outcome=ok bytes=65536
PIC_NFS stage=rpc_read elapsed_ms=1 tid=140446473631424 host=DietPi.local export=/mnt/4TBS relative=/Spar Ladies 2025/FB-Spar Womens-ToUpload/DSC_6999.jpg iteration=2 outcome=ok bytes=65536 timedout_delta=0 retransmitted_delta=0 reconnects_delta=0
PIC_NFS stage=rpc_read elapsed_ms=2 tid=140446473631424 host=DietPi.local export=/mnt/4TBS relative=/Spar Ladies 2025/FB-Spar Womens-ToUpload/DSC_6999.jpg iteration=3 outcome=ok bytes=131072 timedout_delta=0 retransmitted_delta=0 reconnects_delta=0
PIC_NFS stage=rpc_read elapsed_ms=4 tid=140446473631424 host=DietPi.local export=/mnt/4TBS relative=/Spar Ladies 2025/FB-Spar Womens-ToUpload/DSC_6999.jpg iteration=4 outcome=ok bytes=262144 timedout_delta=0 retransmitted_delta=0 reconnects_delta=0
PIC_NFS stage=rpc_read elapsed_ms=7 tid=140446473631424 host=DietPi.local export=/mnt/4TBS relative=/Spar Ladies 2025/FB-Spar Womens-ToUpload/DSC_6999.jpg iteration=5 outcome=ok bytes=524288 timedout_delta=0 retransmitted_delta=0 reconnects_delta=0
PIC_NFS stage=rpc_read elapsed_ms=3 tid=140446473631424 host=DietPi.local export=/mnt/4TBS relative=/Spar Ladies 2025/FB-Spar Womens-ToUpload/DSC_6999.jpg iteration=6 outcome=ok bytes=204788 timedout_delta=0 retransmitted_delta=0 reconnects_delta=0
PIC_NFS stage=rpc_read elapsed_ms=1 tid=140446473631424 host=DietPi.local export=/mnt/4TBS relative=/Spar Ladies 2025/FB-Spar Womens-ToUpload/DSC_6999.jpg iteration=7 outcome=ok bytes=0 timedout_delta=0 retransmitted_delta=0 reconnects_delta=0
PIC_NFS stage=file_read_complete elapsed_ms=20 tid=140446473631424 host=DietPi.local export=/mnt/4TBS relative=/Spar Ladies 2025/FB-Spar Womens-ToUpload/DSC_6999.jpg outcome=ok bytes=1253364 calls=7
PIC_NETWORK tid=ThreadId(90) PRIVATE_NFS read_done bytes=1253364 elapsed_ms=21 uri=nfs://DietPi.local/mnt/4TBS/Spar%20Ladies%202025/FB-Spar%20Womens-ToUpload/DSC_6999.jpg
PIC_VIEWER source_cache action=insert bytes=1253364 uri=nfs://DietPi.local/mnt/4TBS/Spar%20Ladies%202025/FB-Spar%20Womens-ToUpload/DSC_6999.jpg
PIC_VIEWER source_cache action=evict bytes=1372504 uri=nfs://DietPi.local/mnt/4TBS/Spar%20Ladies%202025/FB-Spar%20Womens-ToUpload/DSC_6985.jpg
PIC_VIEWER network_done lane=prefetch read_ms=21 bytes=1253364 source=network outcome=ok uri=nfs://DietPi.local/mnt/4TBS/Spar%20Ladies%202025/FB-Spar%20Womens-ToUpload/DSC_6999.jpg
PIC_VIEWER decode_stage source_ms=31 cpu_ms=37 uri=nfs://DietPi.local/mnt/4TBS/Spar%20Ladies%202025/FB-Spar%20Womens-ToUpload/DSC_6997.jpg
PIC_VIEWER t_ms=17134 tid=ThreadId(91) decode_done uri=nfs://DietPi.local/mnt/4TBS/Spar%20Ladies%202025/FB-Spar%20Womens-ToUpload/DSC_6997.jpg variant=1124x794 elapsed_ms=73 outcome=ok
PIC_VIEWER t_ms=17134 tid=ThreadId(1) cache_evict uri=nfs://DietPi.local/mnt/4TBS/Spar%20Ladies%202025/FB-Spar%20Womens-ToUpload/DSC_6963.jpg bytes=3372000 remaining_entries=32 remaining_bytes=107904000
PIC_VIEWER decode_stage source_ms=52 cpu_ms=38 uri=nfs://DietPi.local/mnt/4TBS/Spar%20Ladies%202025/FB-Spar%20Womens-ToUpload/DSC_6999.jpg
PIC_VIEWER t_ms=17154 tid=ThreadId(90) decode_done uri=nfs://DietPi.local/mnt/4TBS/Spar%20Ladies%202025/FB-Spar%20Womens-ToUpload/DSC_6999.jpg variant=1124x794 elapsed_ms=93 outcome=ok
PIC_VIEWER t_ms=17155 tid=ThreadId(1) cache_evict uri=nfs://DietPi.local/mnt/4TBS/Spar%20Ladies%202025/FB-Spar%20Womens-ToUpload/DSC_6962.jpg bytes=3372000 remaining_entries=32 remaining_bytes=107904000
PIC_VIEWER t_ms=23977 tid=ThreadId(1) show_photo_request generation=154 index=12 uri=nfs://DietPi.local/mnt/4TBS/pics-sport/local%20choice/FB-LCC/DSC_1217.jpg
PIC_VIEWER t_ms=23977 tid=ThreadId(1) request lane=foreground action=new uri=nfs://DietPi.local/mnt/4TBS/pics-sport/local%20choice/FB-LCC/DSC_1217.jpg variant=1124x794
PIC_VIEWER t_ms=23977 tid=ThreadId(93) decode_start uri=nfs://DietPi.local/mnt/4TBS/pics-sport/local%20choice/FB-LCC/DSC_1217.jpg variant=1124x794 queue_ms=0
PIC_VIEWER source_cache lane=foreground action=miss uri=nfs://DietPi.local/mnt/4TBS/pics-sport/local%20choice/FB-LCC/DSC_1217.jpg
PIC_VIEWER network_slot lane=foreground wait_ms=0 uri=nfs://DietPi.local/mnt/4TBS/pics-sport/local%20choice/FB-LCC/DSC_1217.jpg
PIC_NETWORK tid=ThreadId(93) PRIVATE_NFS export_cache_hit host=DietPi.local count=5
PIC_NETWORK tid=ThreadId(93) PRIVATE_NFS read_start uri=nfs://DietPi.local/mnt/4TBS/pics-sport/local%20choice/FB-LCC/DSC_1217.jpg max_bytes=134217728
PIC_NFS stage=read_session_lock elapsed_ms=0 tid=140446473631424 host=DietPi.local export=/mnt/4TBS relative=/pics-sport/local choice/FB-LCC/DSC_1217.jpg outcome=acquired
PIC_NFS_CONNECT reuse host=DietPi.local export=/mnt/4TBS
PIC_NFS stage=file_open elapsed_ms=2 tid=140446473631424 host=DietPi.local export=/mnt/4TBS relative=/pics-sport/local choice/FB-LCC/DSC_1217.jpg outcome=ok
PIC_NFS stage=rpc_read elapsed_ms=2 tid=140446473631424 host=DietPi.local export=/mnt/4TBS relative=/pics-sport/local choice/FB-LCC/DSC_1217.jpg iteration=1 outcome=ok bytes=65536 timedout_delta=0 retransmitted_delta=0 reconnects_delta=0
PIC_NFS stage=first_read elapsed_ms=2 tid=140446473631424 host=DietPi.local export=/mnt/4TBS relative=/pics-sport/local choice/FB-LCC/DSC_1217.jpg outcome=ok bytes=65536
PIC_NFS stage=rpc_read elapsed_ms=1 tid=140446473631424 host=DietPi.local export=/mnt/4TBS relative=/pics-sport/local choice/FB-LCC/DSC_1217.jpg iteration=2 outcome=ok bytes=65536 timedout_delta=0 retransmitted_delta=0 reconnects_delta=0
PIC_NFS stage=rpc_read elapsed_ms=2 tid=140446473631424 host=DietPi.local export=/mnt/4TBS relative=/pics-sport/local choice/FB-LCC/DSC_1217.jpg iteration=3 outcome=ok bytes=131072 timedout_delta=0 retransmitted_delta=0 reconnects_delta=0
PIC_NFS stage=rpc_read elapsed_ms=3 tid=140446473631424 host=DietPi.local export=/mnt/4TBS relative=/pics-sport/local choice/FB-LCC/DSC_1217.jpg iteration=4 outcome=ok bytes=262144 timedout_delta=0 retransmitted_delta=0 reconnects_delta=0
PIC_NFS stage=rpc_read elapsed_ms=5 tid=140446473631424 host=DietPi.local export=/mnt/4TBS relative=/pics-sport/local choice/FB-LCC/DSC_1217.jpg iteration=5 outcome=ok bytes=524288 timedout_delta=0 retransmitted_delta=0 reconnects_delta=0
PIC_NFS stage=rpc_read elapsed_ms=2 tid=140446473631424 host=DietPi.local export=/mnt/4TBS relative=/pics-sport/local choice/FB-LCC/DSC_1217.jpg iteration=6 outcome=ok bytes=166453 timedout_delta=0 retransmitted_delta=0 reconnects_delta=0
PIC_NFS stage=rpc_read elapsed_ms=1 tid=140446473631424 host=DietPi.local export=/mnt/4TBS relative=/pics-sport/local choice/FB-LCC/DSC_1217.jpg iteration=7 outcome=ok bytes=0 timedout_delta=0 retransmitted_delta=0 reconnects_delta=0
PIC_NFS stage=file_read_complete elapsed_ms=16 tid=140446473631424 host=DietPi.local export=/mnt/4TBS relative=/pics-sport/local choice/FB-LCC/DSC_1217.jpg outcome=ok bytes=1215029 calls=7
PIC_NETWORK tid=ThreadId(93) PRIVATE_NFS read_done bytes=1215029 elapsed_ms=17 uri=nfs://DietPi.local/mnt/4TBS/pics-sport/local%20choice/FB-LCC/DSC_1217.jpg
PIC_VIEWER source_cache action=insert bytes=1215029 uri=nfs://DietPi.local/mnt/4TBS/pics-sport/local%20choice/FB-LCC/DSC_1217.jpg
PIC_VIEWER source_cache action=evict bytes=1260424 uri=nfs://DietPi.local/mnt/4TBS/Spar%20Ladies%202025/FB-Spar%20Womens-ToUpload/DSC_6986.jpg
PIC_VIEWER network_done lane=foreground read_ms=17 bytes=1215029 source=network outcome=ok uri=nfs://DietPi.local/mnt/4TBS/pics-sport/local%20choice/FB-LCC/DSC_1217.jpg
PIC_VIEWER decode_stage source_ms=17 cpu_ms=37 uri=nfs://DietPi.local/mnt/4TBS/pics-sport/local%20choice/FB-LCC/DSC_1217.jpg
PIC_VIEWER t_ms=24035 tid=ThreadId(93) decode_done uri=nfs://DietPi.local/mnt/4TBS/pics-sport/local%20choice/FB-LCC/DSC_1217.jpg variant=1124x794 elapsed_ms=57 outcome=ok
PIC_VIEWER t_ms=24036 tid=ThreadId(1) display_apply elapsed_ms=0 uri=nfs://DietPi.local/mnt/4TBS/pics-sport/local%20choice/FB-LCC/DSC_1217.jpg
PIC_VIEWER t_ms=24036 tid=ThreadId(1) display_done lane=foreground source=decode navigation_ms=59 uri=nfs://DietPi.local/mnt/4TBS/pics-sport/local%20choice/FB-LCC/DSC_1217.jpg
PIC_VIEWER t_ms=24036 tid=ThreadId(1) cache_evict uri=nfs://DietPi.local/mnt/4TBS/Spar%20Ladies%202025/FB-Spar%20Womens-ToUpload/DSC_6964.jpg bytes=3372000 remaining_entries=32 remaining_bytes=107904000
PIC_VIEWER t_ms=24281 tid=ThreadId(1) wheel_event dy=1
PIC_VIEWER t_ms=24281 tid=ThreadId(1) navigation_dispatch source=wheel from_index=12 to_index=13 direction=1
PIC_VIEWER t_ms=24281 tid=ThreadId(1) infobar_update source=wheel index=13 uri=nfs://DietPi.local/mnt/4TBS/pics-sport/local%20choice/FB-LCC/DSC_1223.jpg
PIC_VIEWER t_ms=24281 tid=ThreadId(1) show_photo_request generation=155 index=13 uri=nfs://DietPi.local/mnt/4TBS/pics-sport/local%20choice/FB-LCC/DSC_1223.jpg
PIC_VIEWER t_ms=24281 tid=ThreadId(1) request lane=foreground action=new uri=nfs://DietPi.local/mnt/4TBS/pics-sport/local%20choice/FB-LCC/DSC_1223.jpg variant=1124x794
PIC_VIEWER t_ms=24282 tid=ThreadId(94) decode_start uri=nfs://DietPi.local/mnt/4TBS/pics-sport/local%20choice/FB-LCC/DSC_1223.jpg variant=1124x794 queue_ms=0
PIC_VIEWER source_cache lane=foreground action=miss uri=nfs://DietPi.local/mnt/4TBS/pics-sport/local%20choice/FB-LCC/DSC_1223.jpg
PIC_VIEWER network_slot lane=foreground wait_ms=0 uri=nfs://DietPi.local/mnt/4TBS/pics-sport/local%20choice/FB-LCC/DSC_1223.jpg
PIC_NETWORK tid=ThreadId(94) PRIVATE_NFS export_cache_hit host=DietPi.local count=5
PIC_NETWORK tid=ThreadId(94) PRIVATE_NFS read_start uri=nfs://DietPi.local/mnt/4TBS/pics-sport/local%20choice/FB-LCC/DSC_1223.jpg max_bytes=134217728
PIC_NFS stage=read_session_lock elapsed_ms=0 tid=140446473631424 host=DietPi.local export=/mnt/4TBS relative=/pics-sport/local choice/FB-LCC/DSC_1223.jpg outcome=acquired
PIC_NFS_CONNECT reuse host=DietPi.local export=/mnt/4TBS
PIC_NFS stage=file_open elapsed_ms=2 tid=140446473631424 host=DietPi.local export=/mnt/4TBS relative=/pics-sport/local choice/FB-LCC/DSC_1223.jpg outcome=ok
PIC_NFS stage=rpc_read elapsed_ms=1 tid=140446473631424 host=DietPi.local export=/mnt/4TBS relative=/pics-sport/local choice/FB-LCC/DSC_1223.jpg iteration=1 outcome=ok bytes=65536 timedout_delta=0 retransmitted_delta=0 reconnects_delta=0
PIC_NFS stage=first_read elapsed_ms=1 tid=140446473631424 host=DietPi.local export=/mnt/4TBS relative=/pics-sport/local choice/FB-LCC/DSC_1223.jpg outcome=ok bytes=65536
PIC_NFS stage=rpc_read elapsed_ms=1 tid=140446473631424 host=DietPi.local export=/mnt/4TBS relative=/pics-sport/local choice/FB-LCC/DSC_1223.jpg iteration=2 outcome=ok bytes=65536 timedout_delta=0 retransmitted_delta=0 reconnects_delta=0
PIC_NFS stage=rpc_read elapsed_ms=2 tid=140446473631424 host=DietPi.local export=/mnt/4TBS relative=/pics-sport/local choice/FB-LCC/DSC_1223.jpg iteration=3 outcome=ok bytes=131072 timedout_delta=0 retransmitted_delta=0 reconnects_delta=0
PIC_NFS stage=rpc_read elapsed_ms=3 tid=140446473631424 host=DietPi.local export=/mnt/4TBS relative=/pics-sport/local choice/FB-LCC/DSC_1223.jpg iteration=4 outcome=ok bytes=262144 timedout_delta=0 retransmitted_delta=0 reconnects_delta=0
PIC_VIEWER t_ms=24295 tid=ThreadId(1) wheel_event dy=1
PIC_VIEWER t_ms=24295 tid=ThreadId(1) wheel_accumulate current_index=13 target_index=14 direction=1
PIC_NFS stage=rpc_read elapsed_ms=6 tid=140446473631424 host=DietPi.local export=/mnt/4TBS relative=/pics-sport/local choice/FB-LCC/DSC_1223.jpg iteration=5 outcome=ok bytes=524288 timedout_delta=0 retransmitted_delta=0 reconnects_delta=0
PIC_NFS stage=rpc_read elapsed_ms=0 tid=140446473631424 host=DietPi.local export=/mnt/4TBS relative=/pics-sport/local choice/FB-LCC/DSC_1223.jpg iteration=6 outcome=ok bytes=31463 timedout_delta=0 retransmitted_delta=0 reconnects_delta=0
PIC_NFS stage=rpc_read elapsed_ms=1 tid=140446473631424 host=DietPi.local export=/mnt/4TBS relative=/pics-sport/local choice/FB-LCC/DSC_1223.jpg iteration=7 outcome=ok bytes=0 timedout_delta=0 retransmitted_delta=0 reconnects_delta=0
PIC_NFS stage=file_read_complete elapsed_ms=14 tid=140446473631424 host=DietPi.local export=/mnt/4TBS relative=/pics-sport/local choice/FB-LCC/DSC_1223.jpg outcome=ok bytes=1080039 calls=7
PIC_NETWORK tid=ThreadId(94) PRIVATE_NFS read_done bytes=1080039 elapsed_ms=16 uri=nfs://DietPi.local/mnt/4TBS/pics-sport/local%20choice/FB-LCC/DSC_1223.jpg
PIC_VIEWER source_cache action=insert bytes=1080039 uri=nfs://DietPi.local/mnt/4TBS/pics-sport/local%20choice/FB-LCC/DSC_1223.jpg
PIC_VIEWER source_cache action=evict bytes=895369 uri=nfs://DietPi.local/mnt/4TBS/Spar%20Ladies%202025/FB-Spar%20Womens-ToUpload/DSC_6987.jpg
PIC_VIEWER network_done lane=foreground read_ms=16 bytes=1080039 source=network outcome=ok uri=nfs://DietPi.local/mnt/4TBS/pics-sport/local%20choice/FB-LCC/DSC_1223.jpg
PIC_VIEWER t_ms=24312 tid=ThreadId(1) wheel_event dy=1
PIC_VIEWER t_ms=24312 tid=ThreadId(1) wheel_accumulate current_index=13 target_index=15 direction=1
PIC_VIEWER t_ms=24328 tid=ThreadId(1) wheel_event dy=1
PIC_VIEWER t_ms=24328 tid=ThreadId(1) wheel_accumulate current_index=13 target_index=16 direction=1
PIC_VIEWER decode_stage source_ms=16 cpu_ms=36 uri=nfs://DietPi.local/mnt/4TBS/pics-sport/local%20choice/FB-LCC/DSC_1223.jpg
PIC_VIEWER t_ms=24335 tid=ThreadId(1) wheel_event dy=1
PIC_VIEWER t_ms=24335 tid=ThreadId(1) wheel_accumulate current_index=13 target_index=17 direction=1
PIC_VIEWER t_ms=24337 tid=ThreadId(94) decode_done uri=nfs://DietPi.local/mnt/4TBS/pics-sport/local%20choice/FB-LCC/DSC_1223.jpg variant=1124x794 elapsed_ms=55 outcome=ok
PIC_VIEWER t_ms=24339 tid=ThreadId(1) display_apply elapsed_ms=0 uri=nfs://DietPi.local/mnt/4TBS/pics-sport/local%20choice/FB-LCC/DSC_1223.jpg
PIC_VIEWER t_ms=24339 tid=ThreadId(1) display_done lane=foreground source=decode navigation_ms=57 uri=nfs://DietPi.local/mnt/4TBS/pics-sport/local%20choice/FB-LCC/DSC_1223.jpg
PIC_VIEWER t_ms=24339 tid=ThreadId(1) cache_evict uri=nfs://DietPi.local/mnt/4TBS/Spar%20Ladies%202025/FB-Spar%20Womens-ToUpload/DSC_6965.jpg bytes=3372000 remaining_entries=32 remaining_bytes=107899504
PIC_VIEWER t_ms=24339 tid=ThreadId(1) navigation_dispatch source=wheel_coalesced from_index=13 to_index=17 direction=1
PIC_VIEWER t_ms=24339 tid=ThreadId(1) infobar_update source=wheel index=17 uri=nfs://DietPi.local/mnt/4TBS/pics-sport/local%20choice/FB-LCC/DSC_1232.jpg
PIC_VIEWER t_ms=24340 tid=ThreadId(1) show_photo_request generation=156 index=17 uri=nfs://DietPi.local/mnt/4TBS/pics-sport/local%20choice/FB-LCC/DSC_1232.jpg
PIC_VIEWER t_ms=24340 tid=ThreadId(1) request lane=foreground action=new uri=nfs://DietPi.local/mnt/4TBS/pics-sport/local%20choice/FB-LCC/DSC_1232.jpg variant=1124x794
PIC_VIEWER t_ms=24340 tid=ThreadId(95) decode_start uri=nfs://DietPi.local/mnt/4TBS/pics-sport/local%20choice/FB-LCC/DSC_1232.jpg variant=1124x794 queue_ms=0
PIC_VIEWER source_cache lane=foreground action=miss uri=nfs://DietPi.local/mnt/4TBS/pics-sport/local%20choice/FB-LCC/DSC_1232.jpg
PIC_VIEWER network_slot lane=foreground wait_ms=0 uri=nfs://DietPi.local/mnt/4TBS/pics-sport/local%20choice/FB-LCC/DSC_1232.jpg
PIC_NETWORK tid=ThreadId(95) PRIVATE_NFS export_cache_hit host=DietPi.local count=5
PIC_NETWORK tid=ThreadId(95) PRIVATE_NFS read_start uri=nfs://DietPi.local/mnt/4TBS/pics-sport/local%20choice/FB-LCC/DSC_1232.jpg max_bytes=134217728
PIC_NFS stage=read_session_lock elapsed_ms=0 tid=140446473631424 host=DietPi.local export=/mnt/4TBS relative=/pics-sport/local choice/FB-LCC/DSC_1232.jpg outcome=acquired
PIC_NFS_CONNECT reuse host=DietPi.local export=/mnt/4TBS
PIC_NFS stage=file_open elapsed_ms=2 tid=140446473631424 host=DietPi.local export=/mnt/4TBS relative=/pics-sport/local choice/FB-LCC/DSC_1232.jpg outcome=ok
PIC_NFS stage=rpc_read elapsed_ms=1 tid=140446473631424 host=DietPi.local export=/mnt/4TBS relative=/pics-sport/local choice/FB-LCC/DSC_1232.jpg iteration=1 outcome=ok bytes=65536 timedout_delta=0 retransmitted_delta=0 reconnects_delta=0
PIC_NFS stage=first_read elapsed_ms=1 tid=140446473631424 host=DietPi.local export=/mnt/4TBS relative=/pics-sport/local choice/FB-LCC/DSC_1232.jpg outcome=ok bytes=65536
PIC_VIEWER t_ms=24344 tid=ThreadId(1) wheel_event dy=1
PIC_VIEWER t_ms=24344 tid=ThreadId(1) wheel_accumulate current_index=17 target_index=18 direction=1
PIC_NFS stage=rpc_read elapsed_ms=1 tid=140446473631424 host=DietPi.local export=/mnt/4TBS relative=/pics-sport/local choice/FB-LCC/DSC_1232.jpg iteration=2 outcome=ok bytes=65536 timedout_delta=0 retransmitted_delta=0 reconnects_delta=0
PIC_NFS stage=rpc_read elapsed_ms=2 tid=140446473631424 host=DietPi.local export=/mnt/4TBS relative=/pics-sport/local choice/FB-LCC/DSC_1232.jpg iteration=3 outcome=ok bytes=131072 timedout_delta=0 retransmitted_delta=0 reconnects_delta=0
PIC_NFS stage=rpc_read elapsed_ms=3 tid=140446473631424 host=DietPi.local export=/mnt/4TBS relative=/pics-sport/local choice/FB-LCC/DSC_1232.jpg iteration=4 outcome=ok bytes=262144 timedout_delta=0 retransmitted_delta=0 reconnects_delta=0
PIC_NFS stage=rpc_read elapsed_ms=6 tid=140446473631424 host=DietPi.local export=/mnt/4TBS relative=/pics-sport/local choice/FB-LCC/DSC_1232.jpg iteration=5 outcome=ok bytes=524288 timedout_delta=0 retransmitted_delta=0 reconnects_delta=0
PIC_NFS stage=rpc_read elapsed_ms=1 tid=140446473631424 host=DietPi.local export=/mnt/4TBS relative=/pics-sport/local choice/FB-LCC/DSC_1232.jpg iteration=6 outcome=ok bytes=103684 timedout_delta=0 retransmitted_delta=0 reconnects_delta=0
PIC_NFS stage=rpc_read elapsed_ms=1 tid=140446473631424 host=DietPi.local export=/mnt/4TBS relative=/pics-sport/local choice/FB-LCC/DSC_1232.jpg iteration=7 outcome=ok bytes=0 timedout_delta=0 retransmitted_delta=0 reconnects_delta=0
PIC_NFS stage=file_read_complete elapsed_ms=15 tid=140446473631424 host=DietPi.local export=/mnt/4TBS relative=/pics-sport/local choice/FB-LCC/DSC_1232.jpg outcome=ok bytes=1152260 calls=7
PIC_NETWORK tid=ThreadId(95) PRIVATE_NFS read_done bytes=1152260 elapsed_ms=16 uri=nfs://DietPi.local/mnt/4TBS/pics-sport/local%20choice/FB-LCC/DSC_1232.jpg
PIC_VIEWER source_cache action=insert bytes=1152260 uri=nfs://DietPi.local/mnt/4TBS/pics-sport/local%20choice/FB-LCC/DSC_1232.jpg
PIC_VIEWER source_cache action=evict bytes=947468 uri=nfs://DietPi.local/mnt/4TBS/Spar%20Ladies%202025/FB-Spar%20Womens-ToUpload/DSC_6988.jpg
PIC_VIEWER network_done lane=foreground read_ms=16 bytes=1152260 source=network outcome=ok uri=nfs://DietPi.local/mnt/4TBS/pics-sport/local%20choice/FB-LCC/DSC_1232.jpg
PIC_VIEWER t_ms=24376 tid=ThreadId(1) wheel_event dy=1
PIC_VIEWER t_ms=24376 tid=ThreadId(1) wheel_accumulate current_index=17 target_index=19 direction=1
PIC_VIEWER decode_stage source_ms=16 cpu_ms=35 uri=nfs://DietPi.local/mnt/4TBS/pics-sport/local%20choice/FB-LCC/DSC_1232.jpg
PIC_VIEWER t_ms=24394 tid=ThreadId(95) decode_done uri=nfs://DietPi.local/mnt/4TBS/pics-sport/local%20choice/FB-LCC/DSC_1232.jpg variant=1124x794 elapsed_ms=54 outcome=ok
PIC_VIEWER t_ms=24399 tid=ThreadId(1) display_apply elapsed_ms=0 uri=nfs://DietPi.local/mnt/4TBS/pics-sport/local%20choice/FB-LCC/DSC_1232.jpg
PIC_VIEWER t_ms=24399 tid=ThreadId(1) display_done lane=foreground source=decode navigation_ms=58 uri=nfs://DietPi.local/mnt/4TBS/pics-sport/local%20choice/FB-LCC/DSC_1232.jpg
PIC_VIEWER t_ms=24399 tid=ThreadId(1) cache_evict uri=nfs://DietPi.local/mnt/4TBS/Spar%20Ladies%202025/FB-Spar%20Womens-ToUpload/DSC_6966.jpg bytes=3372000 remaining_entries=32 remaining_bytes=107895008
PIC_VIEWER t_ms=24399 tid=ThreadId(1) navigation_dispatch source=wheel_coalesced from_index=17 to_index=19 direction=1
PIC_VIEWER t_ms=24399 tid=ThreadId(1) infobar_update source=wheel index=19 uri=nfs://DietPi.local/mnt/4TBS/pics-sport/local%20choice/FB-LCC/DSC_1235.jpg
PIC_VIEWER t_ms=24399 tid=ThreadId(1) show_photo_request generation=157 index=19 uri=nfs://DietPi.local/mnt/4TBS/pics-sport/local%20choice/FB-LCC/DSC_1235.jpg
PIC_VIEWER t_ms=24399 tid=ThreadId(1) request lane=foreground action=new uri=nfs://DietPi.local/mnt/4TBS/pics-sport/local%20choice/FB-LCC/DSC_1235.jpg variant=1124x794
PIC_VIEWER t_ms=24399 tid=ThreadId(96) decode_start uri=nfs://DietPi.local/mnt/4TBS/pics-sport/local%20choice/FB-LCC/DSC_1235.jpg variant=1124x794 queue_ms=0
PIC_VIEWER source_cache lane=foreground action=miss uri=nfs://DietPi.local/mnt/4TBS/pics-sport/local%20choice/FB-LCC/DSC_1235.jpg
PIC_VIEWER network_slot lane=foreground wait_ms=0 uri=nfs://DietPi.local/mnt/4TBS/pics-sport/local%20choice/FB-LCC/DSC_1235.jpg
PIC_NETWORK tid=ThreadId(96) PRIVATE_NFS export_cache_hit host=DietPi.local count=5
PIC_NETWORK tid=ThreadId(96) PRIVATE_NFS read_start uri=nfs://DietPi.local/mnt/4TBS/pics-sport/local%20choice/FB-LCC/DSC_1235.jpg max_bytes=134217728
PIC_NFS stage=read_session_lock elapsed_ms=0 tid=140446473631424 host=DietPi.local export=/mnt/4TBS relative=/pics-sport/local choice/FB-LCC/DSC_1235.jpg outcome=acquired
PIC_NFS_CONNECT reuse host=DietPi.local export=/mnt/4TBS
PIC_NFS stage=file_open elapsed_ms=2 tid=140446473631424 host=DietPi.local export=/mnt/4TBS relative=/pics-sport/local choice/FB-LCC/DSC_1235.jpg outcome=ok
PIC_NFS stage=rpc_read elapsed_ms=1 tid=140446473631424 host=DietPi.local export=/mnt/4TBS relative=/pics-sport/local choice/FB-LCC/DSC_1235.jpg iteration=1 outcome=ok bytes=65536 timedout_delta=0 retransmitted_delta=0 reconnects_delta=0
PIC_NFS stage=first_read elapsed_ms=1 tid=140446473631424 host=DietPi.local export=/mnt/4TBS relative=/pics-sport/local choice/FB-LCC/DSC_1235.jpg outcome=ok bytes=65536
PIC_NFS stage=rpc_read elapsed_ms=1 tid=140446473631424 host=DietPi.local export=/mnt/4TBS relative=/pics-sport/local choice/FB-LCC/DSC_1235.jpg iteration=2 outcome=ok bytes=65536 timedout_delta=0 retransmitted_delta=0 reconnects_delta=0
PIC_NFS stage=rpc_read elapsed_ms=2 tid=140446473631424 host=DietPi.local export=/mnt/4TBS relative=/pics-sport/local choice/FB-LCC/DSC_1235.jpg iteration=3 outcome=ok bytes=131072 timedout_delta=0 retransmitted_delta=0 reconnects_delta=0
PIC_NFS stage=rpc_read elapsed_ms=3 tid=140446473631424 host=DietPi.local export=/mnt/4TBS relative=/pics-sport/local choice/FB-LCC/DSC_1235.jpg iteration=4 outcome=ok bytes=262144 timedout_delta=0 retransmitted_delta=0 reconnects_delta=0
PIC_NFS stage=rpc_read elapsed_ms=6 tid=140446473631424 host=DietPi.local export=/mnt/4TBS relative=/pics-sport/local choice/FB-LCC/DSC_1235.jpg iteration=5 outcome=ok bytes=524288 timedout_delta=0 retransmitted_delta=0 reconnects_delta=0
PIC_NFS stage=rpc_read elapsed_ms=4 tid=140446473631424 host=DietPi.local export=/mnt/4TBS relative=/pics-sport/local choice/FB-LCC/DSC_1235.jpg iteration=6 outcome=ok bytes=331840 timedout_delta=0 retransmitted_delta=0 reconnects_delta=0
PIC_NFS stage=rpc_read elapsed_ms=0 tid=140446473631424 host=DietPi.local export=/mnt/4TBS relative=/pics-sport/local choice/FB-LCC/DSC_1235.jpg iteration=7 outcome=ok bytes=0 timedout_delta=0 retransmitted_delta=0 reconnects_delta=0
PIC_NFS stage=file_read_complete elapsed_ms=17 tid=140446473631424 host=DietPi.local export=/mnt/4TBS relative=/pics-sport/local choice/FB-LCC/DSC_1235.jpg outcome=ok bytes=1380416 calls=7
PIC_NETWORK tid=ThreadId(96) PRIVATE_NFS read_done bytes=1380416 elapsed_ms=19 uri=nfs://DietPi.local/mnt/4TBS/pics-sport/local%20choice/FB-LCC/DSC_1235.jpg
PIC_VIEWER source_cache action=insert bytes=1380416 uri=nfs://DietPi.local/mnt/4TBS/pics-sport/local%20choice/FB-LCC/DSC_1235.jpg
PIC_VIEWER source_cache action=evict bytes=1125414 uri=nfs://DietPi.local/mnt/4TBS/Spar%20Ladies%202025/FB-Spar%20Womens-ToUpload/DSC_6989.jpg
PIC_VIEWER network_done lane=foreground read_ms=19 bytes=1380416 source=network outcome=ok uri=nfs://DietPi.local/mnt/4TBS/pics-sport/local%20choice/FB-LCC/DSC_1235.jpg
PIC_VIEWER decode_stage source_ms=19 cpu_ms=43 uri=nfs://DietPi.local/mnt/4TBS/pics-sport/local%20choice/FB-LCC/DSC_1235.jpg
PIC_VIEWER t_ms=24465 tid=ThreadId(96) decode_done uri=nfs://DietPi.local/mnt/4TBS/pics-sport/local%20choice/FB-LCC/DSC_1235.jpg variant=1124x794 elapsed_ms=65 outcome=ok
PIC_VIEWER t_ms=24466 tid=ThreadId(1) display_apply elapsed_ms=0 uri=nfs://DietPi.local/mnt/4TBS/pics-sport/local%20choice/FB-LCC/DSC_1235.jpg
PIC_VIEWER t_ms=24466 tid=ThreadId(1) display_done lane=foreground source=decode navigation_ms=67 uri=nfs://DietPi.local/mnt/4TBS/pics-sport/local%20choice/FB-LCC/DSC_1235.jpg
PIC_VIEWER t_ms=24466 tid=ThreadId(1) cache_evict uri=nfs://DietPi.local/mnt/4TBS/Spar%20Ladies%202025/FB-Spar%20Womens-ToUpload/DSC_6967.jpg bytes=3372000 remaining_entries=32 remaining_bytes=107890512
PIC_VIEWER t_ms=24649 tid=ThreadId(1) request lane=prefetch action=new uri=nfs://DietPi.local/mnt/4TBS/pics-sport/local%20choice/FB-LCC/DSC_1236.jpg variant=1124x794
PIC_VIEWER t_ms=24649 tid=ThreadId(1) request lane=prefetch action=new uri=nfs://DietPi.local/mnt/4TBS/pics-sport/local%20choice/FB-LCC/DSC_1234.jpg variant=1124x794
PIC_VIEWER t_ms=24649 tid=ThreadId(97) decode_start uri=nfs://DietPi.local/mnt/4TBS/pics-sport/local%20choice/FB-LCC/DSC_1236.jpg variant=1124x794 queue_ms=0
PIC_VIEWER source_cache lane=prefetch action=miss uri=nfs://DietPi.local/mnt/4TBS/pics-sport/local%20choice/FB-LCC/DSC_1236.jpg
PIC_VIEWER network_slot lane=prefetch wait_ms=0 uri=nfs://DietPi.local/mnt/4TBS/pics-sport/local%20choice/FB-LCC/DSC_1236.jpg
PIC_VIEWER t_ms=24650 tid=ThreadId(98) decode_start uri=nfs://DietPi.local/mnt/4TBS/pics-sport/local%20choice/FB-LCC/DSC_1234.jpg variant=1124x794 queue_ms=0
PIC_VIEWER source_cache lane=prefetch action=miss uri=nfs://DietPi.local/mnt/4TBS/pics-sport/local%20choice/FB-LCC/DSC_1234.jpg
PIC_NETWORK tid=ThreadId(97) PRIVATE_NFS export_cache_hit host=DietPi.local count=5
PIC_NETWORK tid=ThreadId(97) PRIVATE_NFS read_start uri=nfs://DietPi.local/mnt/4TBS/pics-sport/local%20choice/FB-LCC/DSC_1236.jpg max_bytes=134217728
PIC_NFS stage=read_session_lock elapsed_ms=0 tid=140446473631424 host=DietPi.local export=/mnt/4TBS relative=/pics-sport/local choice/FB-LCC/DSC_1236.jpg outcome=acquired
PIC_NFS_CONNECT reuse host=DietPi.local export=/mnt/4TBS
PIC_NFS stage=file_open elapsed_ms=2 tid=140446473631424 host=DietPi.local export=/mnt/4TBS relative=/pics-sport/local choice/FB-LCC/DSC_1236.jpg outcome=ok
PIC_NFS stage=rpc_read elapsed_ms=1 tid=140446473631424 host=DietPi.local export=/mnt/4TBS relative=/pics-sport/local choice/FB-LCC/DSC_1236.jpg iteration=1 outcome=ok bytes=65536 timedout_delta=0 retransmitted_delta=0 reconnects_delta=0
PIC_NFS stage=first_read elapsed_ms=1 tid=140446473631424 host=DietPi.local export=/mnt/4TBS relative=/pics-sport/local choice/FB-LCC/DSC_1236.jpg outcome=ok bytes=65536
PIC_NFS stage=rpc_read elapsed_ms=1 tid=140446473631424 host=DietPi.local export=/mnt/4TBS relative=/pics-sport/local choice/FB-LCC/DSC_1236.jpg iteration=2 outcome=ok bytes=65536 timedout_delta=0 retransmitted_delta=0 reconnects_delta=0
PIC_NFS stage=rpc_read elapsed_ms=2 tid=140446473631424 host=DietPi.local export=/mnt/4TBS relative=/pics-sport/local choice/FB-LCC/DSC_1236.jpg iteration=3 outcome=ok bytes=131072 timedout_delta=0 retransmitted_delta=0 reconnects_delta=0
PIC_NFS stage=rpc_read elapsed_ms=3 tid=140446473631424 host=DietPi.local export=/mnt/4TBS relative=/pics-sport/local choice/FB-LCC/DSC_1236.jpg iteration=4 outcome=ok bytes=262144 timedout_delta=0 retransmitted_delta=0 reconnects_delta=0
PIC_NFS stage=rpc_read elapsed_ms=5 tid=140446473631424 host=DietPi.local export=/mnt/4TBS relative=/pics-sport/local choice/FB-LCC/DSC_1236.jpg iteration=5 outcome=ok bytes=485540 timedout_delta=0 retransmitted_delta=0 reconnects_delta=0
PIC_NFS stage=rpc_read elapsed_ms=1 tid=140446473631424 host=DietPi.local export=/mnt/4TBS relative=/pics-sport/local choice/FB-LCC/DSC_1236.jpg iteration=6 outcome=ok bytes=0 timedout_delta=0 retransmitted_delta=0 reconnects_delta=0
PIC_NFS stage=file_read_complete elapsed_ms=13 tid=140446473631424 host=DietPi.local export=/mnt/4TBS relative=/pics-sport/local choice/FB-LCC/DSC_1236.jpg outcome=ok bytes=1009828 calls=6
PIC_NETWORK tid=ThreadId(97) PRIVATE_NFS read_done bytes=1009828 elapsed_ms=14 uri=nfs://DietPi.local/mnt/4TBS/pics-sport/local%20choice/FB-LCC/DSC_1236.jpg
PIC_VIEWER source_cache action=insert bytes=1009828 uri=nfs://DietPi.local/mnt/4TBS/pics-sport/local%20choice/FB-LCC/DSC_1236.jpg
PIC_VIEWER source_cache action=evict bytes=1251225 uri=nfs://DietPi.local/mnt/4TBS/Spar%20Ladies%202025/FB-Spar%20Womens-ToUpload/DSC_6990.jpg
PIC_VIEWER network_done lane=prefetch read_ms=15 bytes=1009828 source=network outcome=ok uri=nfs://DietPi.local/mnt/4TBS/pics-sport/local%20choice/FB-LCC/DSC_1236.jpg
PIC_VIEWER network_slot lane=prefetch wait_ms=15 uri=nfs://DietPi.local/mnt/4TBS/pics-sport/local%20choice/FB-LCC/DSC_1234.jpg
PIC_NETWORK tid=ThreadId(98) PRIVATE_NFS export_cache_hit host=DietPi.local count=5
PIC_NETWORK tid=ThreadId(98) PRIVATE_NFS read_start uri=nfs://DietPi.local/mnt/4TBS/pics-sport/local%20choice/FB-LCC/DSC_1234.jpg max_bytes=134217728
PIC_NFS stage=read_session_lock elapsed_ms=0 tid=140449121564352 host=DietPi.local export=/mnt/4TBS relative=/pics-sport/local choice/FB-LCC/DSC_1234.jpg outcome=acquired
PIC_NFS_CONNECT reuse host=DietPi.local export=/mnt/4TBS
PIC_NFS stage=file_open elapsed_ms=2 tid=140449121564352 host=DietPi.local export=/mnt/4TBS relative=/pics-sport/local choice/FB-LCC/DSC_1234.jpg outcome=ok
PIC_NFS stage=rpc_read elapsed_ms=1 tid=140449121564352 host=DietPi.local export=/mnt/4TBS relative=/pics-sport/local choice/FB-LCC/DSC_1234.jpg iteration=1 outcome=ok bytes=65536 timedout_delta=0 retransmitted_delta=0 reconnects_delta=0
PIC_NFS stage=first_read elapsed_ms=1 tid=140449121564352 host=DietPi.local export=/mnt/4TBS relative=/pics-sport/local choice/FB-LCC/DSC_1234.jpg outcome=ok bytes=65536
PIC_NFS stage=rpc_read elapsed_ms=1 tid=140449121564352 host=DietPi.local export=/mnt/4TBS relative=/pics-sport/local choice/FB-LCC/DSC_1234.jpg iteration=2 outcome=ok bytes=65536 timedout_delta=0 retransmitted_delta=0 reconnects_delta=0
PIC_NFS stage=rpc_read elapsed_ms=2 tid=140449121564352 host=DietPi.local export=/mnt/4TBS relative=/pics-sport/local choice/FB-LCC/DSC_1234.jpg iteration=3 outcome=ok bytes=131072 timedout_delta=0 retransmitted_delta=0 reconnects_delta=0
PIC_NFS stage=rpc_read elapsed_ms=3 tid=140449121564352 host=DietPi.local export=/mnt/4TBS relative=/pics-sport/local choice/FB-LCC/DSC_1234.jpg iteration=4 outcome=ok bytes=262144 timedout_delta=0 retransmitted_delta=0 reconnects_delta=0
PIC_NFS stage=rpc_read elapsed_ms=5 tid=140449121564352 host=DietPi.local export=/mnt/4TBS relative=/pics-sport/local choice/FB-LCC/DSC_1234.jpg iteration=5 outcome=ok bytes=524288 timedout_delta=0 retransmitted_delta=0 reconnects_delta=0
PIC_NFS stage=rpc_read elapsed_ms=3 tid=140449121564352 host=DietPi.local export=/mnt/4TBS relative=/pics-sport/local choice/FB-LCC/DSC_1234.jpg iteration=6 outcome=ok bytes=327974 timedout_delta=0 retransmitted_delta=0 reconnects_delta=0
PIC_NFS stage=rpc_read elapsed_ms=1 tid=140449121564352 host=DietPi.local export=/mnt/4TBS relative=/pics-sport/local choice/FB-LCC/DSC_1234.jpg iteration=7 outcome=ok bytes=0 timedout_delta=0 retransmitted_delta=0 reconnects_delta=0
PIC_NFS stage=file_read_complete elapsed_ms=16 tid=140449121564352 host=DietPi.local export=/mnt/4TBS relative=/pics-sport/local choice/FB-LCC/DSC_1234.jpg outcome=ok bytes=1376550 calls=7
PIC_NETWORK tid=ThreadId(98) PRIVATE_NFS read_done bytes=1376550 elapsed_ms=18 uri=nfs://DietPi.local/mnt/4TBS/pics-sport/local%20choice/FB-LCC/DSC_1234.jpg
PIC_VIEWER source_cache action=insert bytes=1376550 uri=nfs://DietPi.local/mnt/4TBS/pics-sport/local%20choice/FB-LCC/DSC_1234.jpg
PIC_VIEWER source_cache action=evict bytes=1302458 uri=nfs://DietPi.local/mnt/4TBS/Spar%20Ladies%202025/FB-Spar%20Womens-ToUpload/DSC_6970.jpg
PIC_VIEWER network_done lane=prefetch read_ms=18 bytes=1376550 source=network outcome=ok uri=nfs://DietPi.local/mnt/4TBS/pics-sport/local%20choice/FB-LCC/DSC_1234.jpg
PIC_VIEWER decode_stage source_ms=15 cpu_ms=38 uri=nfs://DietPi.local/mnt/4TBS/pics-sport/local%20choice/FB-LCC/DSC_1236.jpg
PIC_VIEWER t_ms=24706 tid=ThreadId(97) decode_done uri=nfs://DietPi.local/mnt/4TBS/pics-sport/local%20choice/FB-LCC/DSC_1236.jpg variant=1124x794 elapsed_ms=56 outcome=ok
PIC_VIEWER t_ms=24706 tid=ThreadId(1) cache_evict uri=nfs://DietPi.local/mnt/4TBS/Spar%20Ladies%202025/FB-Spar%20Womens-ToUpload/DSC_6968.jpg bytes=3372000 remaining_entries=32 remaining_bytes=107886016
PIC_VIEWER decode_stage source_ms=33 cpu_ms=38 uri=nfs://DietPi.local/mnt/4TBS/pics-sport/local%20choice/FB-LCC/DSC_1234.jpg
PIC_VIEWER t_ms=24724 tid=ThreadId(98) decode_done uri=nfs://DietPi.local/mnt/4TBS/pics-sport/local%20choice/FB-LCC/DSC_1234.jpg variant=1124x794 elapsed_ms=74 outcome=ok
PIC_VIEWER t_ms=24725 tid=ThreadId(1) cache_evict uri=nfs://DietPi.local/mnt/4TBS/Spar%20Ladies%202025/FB-Spar%20Womens-ToUpload/DSC_6969.jpg bytes=3372000 remaining_entries=32 remaining_bytes=107886016
PIC_VIEWER t_ms=27923 tid=ThreadId(1) show_photo_request generation=160 index=428 uri=nfs://DietPi.local/mnt/4TBS/pics-sport/local%20choice/FB-LCC/DSC_1681.jpg
PIC_VIEWER t_ms=27923 tid=ThreadId(1) request lane=foreground action=new uri=nfs://DietPi.local/mnt/4TBS/pics-sport/local%20choice/FB-LCC/DSC_1681.jpg variant=1124x794
PIC_VIEWER t_ms=27923 tid=ThreadId(99) decode_start uri=nfs://DietPi.local/mnt/4TBS/pics-sport/local%20choice/FB-LCC/DSC_1681.jpg variant=1124x794 queue_ms=0
PIC_VIEWER source_cache lane=foreground action=miss uri=nfs://DietPi.local/mnt/4TBS/pics-sport/local%20choice/FB-LCC/DSC_1681.jpg
PIC_VIEWER network_slot lane=foreground wait_ms=0 uri=nfs://DietPi.local/mnt/4TBS/pics-sport/local%20choice/FB-LCC/DSC_1681.jpg
PIC_NETWORK tid=ThreadId(99) PRIVATE_NFS export_cache_hit host=DietPi.local count=5
PIC_NETWORK tid=ThreadId(99) PRIVATE_NFS read_start uri=nfs://DietPi.local/mnt/4TBS/pics-sport/local%20choice/FB-LCC/DSC_1681.jpg max_bytes=134217728
PIC_NFS stage=read_session_lock elapsed_ms=0 tid=140446473631424 host=DietPi.local export=/mnt/4TBS relative=/pics-sport/local choice/FB-LCC/DSC_1681.jpg outcome=acquired
PIC_NFS_CONNECT reuse host=DietPi.local export=/mnt/4TBS
PIC_NFS stage=file_open elapsed_ms=2 tid=140446473631424 host=DietPi.local export=/mnt/4TBS relative=/pics-sport/local choice/FB-LCC/DSC_1681.jpg outcome=ok
PIC_NFS stage=rpc_read elapsed_ms=2 tid=140446473631424 host=DietPi.local export=/mnt/4TBS relative=/pics-sport/local choice/FB-LCC/DSC_1681.jpg iteration=1 outcome=ok bytes=65536 timedout_delta=0 retransmitted_delta=0 reconnects_delta=0
PIC_NFS stage=first_read elapsed_ms=2 tid=140446473631424 host=DietPi.local export=/mnt/4TBS relative=/pics-sport/local choice/FB-LCC/DSC_1681.jpg outcome=ok bytes=65536
PIC_NFS stage=rpc_read elapsed_ms=1 tid=140446473631424 host=DietPi.local export=/mnt/4TBS relative=/pics-sport/local choice/FB-LCC/DSC_1681.jpg iteration=2 outcome=ok bytes=65536 timedout_delta=0 retransmitted_delta=0 reconnects_delta=0
PIC_NFS stage=rpc_read elapsed_ms=2 tid=140446473631424 host=DietPi.local export=/mnt/4TBS relative=/pics-sport/local choice/FB-LCC/DSC_1681.jpg iteration=3 outcome=ok bytes=131072 timedout_delta=0 retransmitted_delta=0 reconnects_delta=0
PIC_NFS stage=rpc_read elapsed_ms=3 tid=140446473631424 host=DietPi.local export=/mnt/4TBS relative=/pics-sport/local choice/FB-LCC/DSC_1681.jpg iteration=4 outcome=ok bytes=262144 timedout_delta=0 retransmitted_delta=0 reconnects_delta=0
PIC_NFS stage=rpc_read elapsed_ms=5 tid=140446473631424 host=DietPi.local export=/mnt/4TBS relative=/pics-sport/local choice/FB-LCC/DSC_1681.jpg iteration=5 outcome=ok bytes=499792 timedout_delta=0 retransmitted_delta=0 reconnects_delta=0
PIC_NFS stage=rpc_read elapsed_ms=0 tid=140446473631424 host=DietPi.local export=/mnt/4TBS relative=/pics-sport/local choice/FB-LCC/DSC_1681.jpg iteration=6 outcome=ok bytes=0 timedout_delta=0 retransmitted_delta=0 reconnects_delta=0
PIC_NFS stage=file_read_complete elapsed_ms=13 tid=140446473631424 host=DietPi.local export=/mnt/4TBS relative=/pics-sport/local choice/FB-LCC/DSC_1681.jpg outcome=ok bytes=1024080 calls=6
PIC_NETWORK tid=ThreadId(99) PRIVATE_NFS read_done bytes=1024080 elapsed_ms=14 uri=nfs://DietPi.local/mnt/4TBS/pics-sport/local%20choice/FB-LCC/DSC_1681.jpg
PIC_VIEWER source_cache action=insert bytes=1024080 uri=nfs://DietPi.local/mnt/4TBS/pics-sport/local%20choice/FB-LCC/DSC_1681.jpg
PIC_VIEWER source_cache action=evict bytes=1294388 uri=nfs://DietPi.local/mnt/4TBS/Spar%20Ladies%202025/FB-Spar%20Womens-ToUpload/DSC_6968.jpg
PIC_VIEWER network_done lane=foreground read_ms=14 bytes=1024080 source=network outcome=ok uri=nfs://DietPi.local/mnt/4TBS/pics-sport/local%20choice/FB-LCC/DSC_1681.jpg
PIC_VIEWER decode_stage source_ms=15 cpu_ms=34 uri=nfs://DietPi.local/mnt/4TBS/pics-sport/local%20choice/FB-LCC/DSC_1681.jpg
PIC_VIEWER t_ms=27978 tid=ThreadId(99) decode_done uri=nfs://DietPi.local/mnt/4TBS/pics-sport/local%20choice/FB-LCC/DSC_1681.jpg variant=1124x794 elapsed_ms=54 outcome=ok
PIC_VIEWER t_ms=27980 tid=ThreadId(1) display_apply elapsed_ms=0 uri=nfs://DietPi.local/mnt/4TBS/pics-sport/local%20choice/FB-LCC/DSC_1681.jpg
PIC_VIEWER t_ms=27980 tid=ThreadId(1) display_done lane=foreground source=decode navigation_ms=57 uri=nfs://DietPi.local/mnt/4TBS/pics-sport/local%20choice/FB-LCC/DSC_1681.jpg
PIC_VIEWER t_ms=27980 tid=ThreadId(1) cache_evict uri=nfs://DietPi.local/mnt/4TBS/Spar%20Ladies%202025/FB-Spar%20Womens-ToUpload/DSC_6970.jpg bytes=3372000 remaining_entries=32 remaining_bytes=107890512
PIC_VIEWER t_ms=28847 tid=ThreadId(1) show_photo_request generation=161 index=427 uri=nfs://DietPi.local/mnt/4TBS/pics-sport/local%20choice/FB-LCC/DSC_1680.jpg
PIC_VIEWER t_ms=28847 tid=ThreadId(1) request lane=foreground action=new uri=nfs://DietPi.local/mnt/4TBS/pics-sport/local%20choice/FB-LCC/DSC_1680.jpg variant=1124x794
PIC_VIEWER t_ms=28847 tid=ThreadId(100) decode_start uri=nfs://DietPi.local/mnt/4TBS/pics-sport/local%20choice/FB-LCC/DSC_1680.jpg variant=1124x794 queue_ms=0
PIC_VIEWER source_cache lane=foreground action=miss uri=nfs://DietPi.local/mnt/4TBS/pics-sport/local%20choice/FB-LCC/DSC_1680.jpg
PIC_VIEWER network_slot lane=foreground wait_ms=0 uri=nfs://DietPi.local/mnt/4TBS/pics-sport/local%20choice/FB-LCC/DSC_1680.jpg
PIC_NETWORK tid=ThreadId(100) PRIVATE_NFS export_cache_hit host=DietPi.local count=5
PIC_NETWORK tid=ThreadId(100) PRIVATE_NFS read_start uri=nfs://DietPi.local/mnt/4TBS/pics-sport/local%20choice/FB-LCC/DSC_1680.jpg max_bytes=134217728
PIC_NFS stage=read_session_lock elapsed_ms=0 tid=140446473631424 host=DietPi.local export=/mnt/4TBS relative=/pics-sport/local choice/FB-LCC/DSC_1680.jpg outcome=acquired
PIC_NFS_CONNECT reuse host=DietPi.local export=/mnt/4TBS
PIC_NFS stage=file_open elapsed_ms=2 tid=140446473631424 host=DietPi.local export=/mnt/4TBS relative=/pics-sport/local choice/FB-LCC/DSC_1680.jpg outcome=ok
PIC_NFS stage=rpc_read elapsed_ms=1 tid=140446473631424 host=DietPi.local export=/mnt/4TBS relative=/pics-sport/local choice/FB-LCC/DSC_1680.jpg iteration=1 outcome=ok bytes=65536 timedout_delta=0 retransmitted_delta=0 reconnects_delta=0
PIC_NFS stage=first_read elapsed_ms=1 tid=140446473631424 host=DietPi.local export=/mnt/4TBS relative=/pics-sport/local choice/FB-LCC/DSC_1680.jpg outcome=ok bytes=65536
PIC_NFS stage=rpc_read elapsed_ms=1 tid=140446473631424 host=DietPi.local export=/mnt/4TBS relative=/pics-sport/local choice/FB-LCC/DSC_1680.jpg iteration=2 outcome=ok bytes=65536 timedout_delta=0 retransmitted_delta=0 reconnects_delta=0
PIC_NFS stage=rpc_read elapsed_ms=2 tid=140446473631424 host=DietPi.local export=/mnt/4TBS relative=/pics-sport/local choice/FB-LCC/DSC_1680.jpg iteration=3 outcome=ok bytes=131072 timedout_delta=0 retransmitted_delta=0 reconnects_delta=0
PIC_NFS stage=rpc_read elapsed_ms=3 tid=140446473631424 host=DietPi.local export=/mnt/4TBS relative=/pics-sport/local choice/FB-LCC/DSC_1680.jpg iteration=4 outcome=ok bytes=262144 timedout_delta=0 retransmitted_delta=0 reconnects_delta=0
PIC_NFS stage=rpc_read elapsed_ms=3 tid=140446473631424 host=DietPi.local export=/mnt/4TBS relative=/pics-sport/local choice/FB-LCC/DSC_1680.jpg iteration=5 outcome=ok bytes=290671 timedout_delta=0 retransmitted_delta=0 reconnects_delta=0
PIC_NFS stage=rpc_read elapsed_ms=1 tid=140446473631424 host=DietPi.local export=/mnt/4TBS relative=/pics-sport/local choice/FB-LCC/DSC_1680.jpg iteration=6 outcome=ok bytes=0 timedout_delta=0 retransmitted_delta=0 reconnects_delta=0
PIC_NFS stage=file_read_complete elapsed_ms=11 tid=140446473631424 host=DietPi.local export=/mnt/4TBS relative=/pics-sport/local choice/FB-LCC/DSC_1680.jpg outcome=ok bytes=814959 calls=6
PIC_NETWORK tid=ThreadId(100) PRIVATE_NFS read_done bytes=814959 elapsed_ms=13 uri=nfs://DietPi.local/mnt/4TBS/pics-sport/local%20choice/FB-LCC/DSC_1680.jpg
PIC_VIEWER source_cache action=insert bytes=814959 uri=nfs://DietPi.local/mnt/4TBS/pics-sport/local%20choice/FB-LCC/DSC_1680.jpg
PIC_VIEWER source_cache action=evict bytes=815244 uri=nfs://DietPi.local/mnt/4TBS/Spar%20Ladies%202025/FB-Spar%20Womens-ToUpload/DSC_6967.jpg
PIC_VIEWER network_done lane=foreground read_ms=13 bytes=814959 source=network outcome=ok uri=nfs://DietPi.local/mnt/4TBS/pics-sport/local%20choice/FB-LCC/DSC_1680.jpg
PIC_VIEWER decode_stage source_ms=13 cpu_ms=34 uri=nfs://DietPi.local/mnt/4TBS/pics-sport/local%20choice/FB-LCC/DSC_1680.jpg
PIC_VIEWER t_ms=28898 tid=ThreadId(100) decode_done uri=nfs://DietPi.local/mnt/4TBS/pics-sport/local%20choice/FB-LCC/DSC_1680.jpg variant=1124x794 elapsed_ms=50 outcome=ok
PIC_VIEWER t_ms=28900 tid=ThreadId(1) display_apply elapsed_ms=0 uri=nfs://DietPi.local/mnt/4TBS/pics-sport/local%20choice/FB-LCC/DSC_1680.jpg
PIC_VIEWER t_ms=28900 tid=ThreadId(1) display_done lane=foreground source=decode navigation_ms=53 uri=nfs://DietPi.local/mnt/4TBS/pics-sport/local%20choice/FB-LCC/DSC_1680.jpg
PIC_VIEWER t_ms=28900 tid=ThreadId(1) cache_evict uri=nfs://DietPi.local/mnt/4TBS/Spar%20Ladies%202025/FB-Spar%20Womens-ToUpload/DSC_6971.jpg bytes=3372000 remaining_entries=32 remaining_bytes=107895008
PIC_VIEWER t_ms=29097 tid=ThreadId(1) request lane=prefetch action=new uri=nfs://DietPi.local/mnt/4TBS/pics-sport/local%20choice/FB-LCC/DSC_1679.jpg variant=1124x794
PIC_VIEWER t_ms=29097 tid=ThreadId(1) cache_hit lane=prefetch uri=nfs://DietPi.local/mnt/4TBS/pics-sport/local%20choice/FB-LCC/DSC_1681.jpg
PIC_VIEWER t_ms=29097 tid=ThreadId(101) decode_start uri=nfs://DietPi.local/mnt/4TBS/pics-sport/local%20choice/FB-LCC/DSC_1679.jpg variant=1124x794 queue_ms=0
PIC_VIEWER source_cache lane=prefetch action=miss uri=nfs://DietPi.local/mnt/4TBS/pics-sport/local%20choice/FB-LCC/DSC_1679.jpg
PIC_VIEWER network_slot lane=prefetch wait_ms=0 uri=nfs://DietPi.local/mnt/4TBS/pics-sport/local%20choice/FB-LCC/DSC_1679.jpg
PIC_NETWORK tid=ThreadId(101) PRIVATE_NFS export_cache_hit host=DietPi.local count=5
PIC_NETWORK tid=ThreadId(101) PRIVATE_NFS read_start uri=nfs://DietPi.local/mnt/4TBS/pics-sport/local%20choice/FB-LCC/DSC_1679.jpg max_bytes=134217728
PIC_NFS stage=read_session_lock elapsed_ms=0 tid=140446473631424 host=DietPi.local export=/mnt/4TBS relative=/pics-sport/local choice/FB-LCC/DSC_1679.jpg outcome=acquired
PIC_NFS_CONNECT reuse host=DietPi.local export=/mnt/4TBS
PIC_NFS stage=file_open elapsed_ms=2 tid=140446473631424 host=DietPi.local export=/mnt/4TBS relative=/pics-sport/local choice/FB-LCC/DSC_1679.jpg outcome=ok
PIC_NFS stage=rpc_read elapsed_ms=1 tid=140446473631424 host=DietPi.local export=/mnt/4TBS relative=/pics-sport/local choice/FB-LCC/DSC_1679.jpg iteration=1 outcome=ok bytes=65536 timedout_delta=0 retransmitted_delta=0 reconnects_delta=0
PIC_NFS stage=first_read elapsed_ms=1 tid=140446473631424 host=DietPi.local export=/mnt/4TBS relative=/pics-sport/local choice/FB-LCC/DSC_1679.jpg outcome=ok bytes=65536
PIC_NFS stage=rpc_read elapsed_ms=1 tid=140446473631424 host=DietPi.local export=/mnt/4TBS relative=/pics-sport/local choice/FB-LCC/DSC_1679.jpg iteration=2 outcome=ok bytes=65536 timedout_delta=0 retransmitted_delta=0 reconnects_delta=0
PIC_NFS stage=rpc_read elapsed_ms=2 tid=140446473631424 host=DietPi.local export=/mnt/4TBS relative=/pics-sport/local choice/FB-LCC/DSC_1679.jpg iteration=3 outcome=ok bytes=131072 timedout_delta=0 retransmitted_delta=0 reconnects_delta=0
PIC_NFS stage=rpc_read elapsed_ms=3 tid=140446473631424 host=DietPi.local export=/mnt/4TBS relative=/pics-sport/local choice/FB-LCC/DSC_1679.jpg iteration=4 outcome=ok bytes=262144 timedout_delta=0 retransmitted_delta=0 reconnects_delta=0
PIC_NFS stage=rpc_read elapsed_ms=3 tid=140446473631424 host=DietPi.local export=/mnt/4TBS relative=/pics-sport/local choice/FB-LCC/DSC_1679.jpg iteration=5 outcome=ok bytes=263049 timedout_delta=0 retransmitted_delta=0 reconnects_delta=0
PIC_NFS stage=rpc_read elapsed_ms=0 tid=140446473631424 host=DietPi.local export=/mnt/4TBS relative=/pics-sport/local choice/FB-LCC/DSC_1679.jpg iteration=6 outcome=ok bytes=0 timedout_delta=0 retransmitted_delta=0 reconnects_delta=0
PIC_NFS stage=file_read_complete elapsed_ms=10 tid=140446473631424 host=DietPi.local export=/mnt/4TBS relative=/pics-sport/local choice/FB-LCC/DSC_1679.jpg outcome=ok bytes=787337 calls=6
PIC_NETWORK tid=ThreadId(101) PRIVATE_NFS read_done bytes=787337 elapsed_ms=13 uri=nfs://DietPi.local/mnt/4TBS/pics-sport/local%20choice/FB-LCC/DSC_1679.jpg
PIC_VIEWER source_cache action=insert bytes=787337 uri=nfs://DietPi.local/mnt/4TBS/pics-sport/local%20choice/FB-LCC/DSC_1679.jpg
PIC_VIEWER source_cache action=evict bytes=965559 uri=nfs://DietPi.local/mnt/4TBS/Spar%20Ladies%202025/FB-Spar%20Womens-ToUpload/DSC_6964.jpg
PIC_VIEWER network_done lane=prefetch read_ms=13 bytes=787337 source=network outcome=ok uri=nfs://DietPi.local/mnt/4TBS/pics-sport/local%20choice/FB-LCC/DSC_1679.jpg
PIC_VIEWER decode_stage source_ms=13 cpu_ms=34 uri=nfs://DietPi.local/mnt/4TBS/pics-sport/local%20choice/FB-LCC/DSC_1679.jpg
PIC_VIEWER t_ms=29147 tid=ThreadId(101) decode_done uri=nfs://DietPi.local/mnt/4TBS/pics-sport/local%20choice/FB-LCC/DSC_1679.jpg variant=1124x794 elapsed_ms=49 outcome=ok
PIC_VIEWER t_ms=29148 tid=ThreadId(1) cache_evict uri=nfs://DietPi.local/mnt/4TBS/Spar%20Ladies%202025/FB-Spar%20Womens-ToUpload/DSC_6972.jpg bytes=3372000 remaining_entries=32 remaining_bytes=107899504
PIC_VIEWER t_ms=29347 tid=ThreadId(1) show_photo_request generation=162 index=426 uri=nfs://DietPi.local/mnt/4TBS/pics-sport/local%20choice/FB-LCC/DSC_1679.jpg
PIC_VIEWER t_ms=29347 tid=ThreadId(1) cache_hit lane=foreground uri=nfs://DietPi.local/mnt/4TBS/pics-sport/local%20choice/FB-LCC/DSC_1679.jpg
PIC_VIEWER t_ms=29347 tid=ThreadId(1) display_done lane=foreground source=texture_cache navigation_ms=0 uri=nfs://DietPi.local/mnt/4TBS/pics-sport/local%20choice/FB-LCC/DSC_1679.jpg
PIC_VIEWER t_ms=29377 tid=ThreadId(1) show_photo_request generation=163 index=425 uri=nfs://DietPi.local/mnt/4TBS/pics-sport/local%20choice/FB-LCC/DSC_1678.jpg
PIC_VIEWER t_ms=29377 tid=ThreadId(1) request lane=foreground action=new uri=nfs://DietPi.local/mnt/4TBS/pics-sport/local%20choice/FB-LCC/DSC_1678.jpg variant=1124x794
PIC_VIEWER t_ms=29377 tid=ThreadId(102) decode_start uri=nfs://DietPi.local/mnt/4TBS/pics-sport/local%20choice/FB-LCC/DSC_1678.jpg variant=1124x794 queue_ms=0
PIC_VIEWER source_cache lane=foreground action=miss uri=nfs://DietPi.local/mnt/4TBS/pics-sport/local%20choice/FB-LCC/DSC_1678.jpg
PIC_VIEWER network_slot lane=foreground wait_ms=0 uri=nfs://DietPi.local/mnt/4TBS/pics-sport/local%20choice/FB-LCC/DSC_1678.jpg
PIC_NETWORK tid=ThreadId(102) PRIVATE_NFS export_cache_hit host=DietPi.local count=5
PIC_NETWORK tid=ThreadId(102) PRIVATE_NFS read_start uri=nfs://DietPi.local/mnt/4TBS/pics-sport/local%20choice/FB-LCC/DSC_1678.jpg max_bytes=134217728
PIC_NFS stage=read_session_lock elapsed_ms=0 tid=140446473631424 host=DietPi.local export=/mnt/4TBS relative=/pics-sport/local choice/FB-LCC/DSC_1678.jpg outcome=acquired
PIC_NFS_CONNECT reuse host=DietPi.local export=/mnt/4TBS
PIC_NFS stage=file_open elapsed_ms=2 tid=140446473631424 host=DietPi.local export=/mnt/4TBS relative=/pics-sport/local choice/FB-LCC/DSC_1678.jpg outcome=ok
PIC_NFS stage=rpc_read elapsed_ms=1 tid=140446473631424 host=DietPi.local export=/mnt/4TBS relative=/pics-sport/local choice/FB-LCC/DSC_1678.jpg iteration=1 outcome=ok bytes=65536 timedout_delta=0 retransmitted_delta=0 reconnects_delta=0
PIC_NFS stage=first_read elapsed_ms=1 tid=140446473631424 host=DietPi.local export=/mnt/4TBS relative=/pics-sport/local choice/FB-LCC/DSC_1678.jpg outcome=ok bytes=65536
PIC_NFS stage=rpc_read elapsed_ms=1 tid=140446473631424 host=DietPi.local export=/mnt/4TBS relative=/pics-sport/local choice/FB-LCC/DSC_1678.jpg iteration=2 outcome=ok bytes=65536 timedout_delta=0 retransmitted_delta=0 reconnects_delta=0
PIC_NFS stage=rpc_read elapsed_ms=2 tid=140446473631424 host=DietPi.local export=/mnt/4TBS relative=/pics-sport/local choice/FB-LCC/DSC_1678.jpg iteration=3 outcome=ok bytes=131072 timedout_delta=0 retransmitted_delta=0 reconnects_delta=0
PIC_NFS stage=rpc_read elapsed_ms=3 tid=140446473631424 host=DietPi.local export=/mnt/4TBS relative=/pics-sport/local choice/FB-LCC/DSC_1678.jpg iteration=4 outcome=ok bytes=262144 timedout_delta=0 retransmitted_delta=0 reconnects_delta=0
PIC_NFS stage=rpc_read elapsed_ms=2 tid=140446473631424 host=DietPi.local export=/mnt/4TBS relative=/pics-sport/local choice/FB-LCC/DSC_1678.jpg iteration=5 outcome=ok bytes=165913 timedout_delta=0 retransmitted_delta=0 reconnects_delta=0
PIC_NFS stage=rpc_read elapsed_ms=0 tid=140446473631424 host=DietPi.local export=/mnt/4TBS relative=/pics-sport/local choice/FB-LCC/DSC_1678.jpg iteration=6 outcome=ok bytes=0 timedout_delta=0 retransmitted_delta=0 reconnects_delta=0
PIC_NFS stage=file_read_complete elapsed_ms=9 tid=140446473631424 host=DietPi.local export=/mnt/4TBS relative=/pics-sport/local choice/FB-LCC/DSC_1678.jpg outcome=ok bytes=690201 calls=6
PIC_NETWORK tid=ThreadId(102) PRIVATE_NFS read_done bytes=690201 elapsed_ms=11 uri=nfs://DietPi.local/mnt/4TBS/pics-sport/local%20choice/FB-LCC/DSC_1678.jpg
PIC_VIEWER source_cache action=insert bytes=690201 uri=nfs://DietPi.local/mnt/4TBS/pics-sport/local%20choice/FB-LCC/DSC_1678.jpg
PIC_VIEWER source_cache action=evict bytes=1060451 uri=nfs://DietPi.local/mnt/4TBS/Spar%20Ladies%202025/FB-Spar%20Womens-ToUpload/DSC_6963.jpg
PIC_VIEWER network_done lane=foreground read_ms=11 bytes=690201 source=network outcome=ok uri=nfs://DietPi.local/mnt/4TBS/pics-sport/local%20choice/FB-LCC/DSC_1678.jpg
PIC_VIEWER decode_stage source_ms=12 cpu_ms=32 uri=nfs://DietPi.local/mnt/4TBS/pics-sport/local%20choice/FB-LCC/DSC_1678.jpg
PIC_VIEWER t_ms=29427 tid=ThreadId(102) decode_done uri=nfs://DietPi.local/mnt/4TBS/pics-sport/local%20choice/FB-LCC/DSC_1678.jpg variant=1124x794 elapsed_ms=49 outcome=ok
PIC_VIEWER t_ms=29427 tid=ThreadId(1) display_apply elapsed_ms=0 uri=nfs://DietPi.local/mnt/4TBS/pics-sport/local%20choice/FB-LCC/DSC_1678.jpg
PIC_VIEWER t_ms=29427 tid=ThreadId(1) display_done lane=foreground source=decode navigation_ms=49 uri=nfs://DietPi.local/mnt/4TBS/pics-sport/local%20choice/FB-LCC/DSC_1678.jpg
PIC_VIEWER t_ms=29427 tid=ThreadId(1) cache_evict uri=nfs://DietPi.local/mnt/4TBS/Spar%20Ladies%202025/FB-Spar%20Womens-ToUpload/DSC_6973.jpg bytes=3372000 remaining_entries=32 remaining_bytes=107904000
PIC_VIEWER t_ms=29441 tid=ThreadId(1) show_photo_request generation=164 index=424 uri=nfs://DietPi.local/mnt/4TBS/pics-sport/local%20choice/FB-LCC/DSC_1677.jpg
PIC_VIEWER t_ms=29441 tid=ThreadId(1) request lane=foreground action=new uri=nfs://DietPi.local/mnt/4TBS/pics-sport/local%20choice/FB-LCC/DSC_1677.jpg variant=1124x794
PIC_VIEWER t_ms=29441 tid=ThreadId(103) decode_start uri=nfs://DietPi.local/mnt/4TBS/pics-sport/local%20choice/FB-LCC/DSC_1677.jpg variant=1124x794 queue_ms=0
PIC_VIEWER source_cache lane=foreground action=miss uri=nfs://DietPi.local/mnt/4TBS/pics-sport/local%20choice/FB-LCC/DSC_1677.jpg
PIC_VIEWER network_slot lane=foreground wait_ms=0 uri=nfs://DietPi.local/mnt/4TBS/pics-sport/local%20choice/FB-LCC/DSC_1677.jpg
PIC_NETWORK tid=ThreadId(103) PRIVATE_NFS export_cache_hit host=DietPi.local count=5
PIC_NETWORK tid=ThreadId(103) PRIVATE_NFS read_start uri=nfs://DietPi.local/mnt/4TBS/pics-sport/local%20choice/FB-LCC/DSC_1677.jpg max_bytes=134217728
PIC_NFS stage=read_session_lock elapsed_ms=0 tid=140446473631424 host=DietPi.local export=/mnt/4TBS relative=/pics-sport/local choice/FB-LCC/DSC_1677.jpg outcome=acquired
PIC_NFS_CONNECT reuse host=DietPi.local export=/mnt/4TBS
PIC_NFS stage=file_open elapsed_ms=2 tid=140446473631424 host=DietPi.local export=/mnt/4TBS relative=/pics-sport/local choice/FB-LCC/DSC_1677.jpg outcome=ok
PIC_NFS stage=rpc_read elapsed_ms=1 tid=140446473631424 host=DietPi.local export=/mnt/4TBS relative=/pics-sport/local choice/FB-LCC/DSC_1677.jpg iteration=1 outcome=ok bytes=65536 timedout_delta=0 retransmitted_delta=0 reconnects_delta=0
PIC_NFS stage=first_read elapsed_ms=1 tid=140446473631424 host=DietPi.local export=/mnt/4TBS relative=/pics-sport/local choice/FB-LCC/DSC_1677.jpg outcome=ok bytes=65536
PIC_NFS stage=rpc_read elapsed_ms=1 tid=140446473631424 host=DietPi.local export=/mnt/4TBS relative=/pics-sport/local choice/FB-LCC/DSC_1677.jpg iteration=2 outcome=ok bytes=65536 timedout_delta=0 retransmitted_delta=0 reconnects_delta=0
PIC_NFS stage=rpc_read elapsed_ms=2 tid=140446473631424 host=DietPi.local export=/mnt/4TBS relative=/pics-sport/local choice/FB-LCC/DSC_1677.jpg iteration=3 outcome=ok bytes=131072 timedout_delta=0 retransmitted_delta=0 reconnects_delta=0
PIC_NFS stage=rpc_read elapsed_ms=4 tid=140446473631424 host=DietPi.local export=/mnt/4TBS relative=/pics-sport/local choice/FB-LCC/DSC_1677.jpg iteration=4 outcome=ok bytes=262144 timedout_delta=0 retransmitted_delta=0 reconnects_delta=0
PIC_NFS stage=rpc_read elapsed_ms=5 tid=140446473631424 host=DietPi.local export=/mnt/4TBS relative=/pics-sport/local choice/FB-LCC/DSC_1677.jpg iteration=5 outcome=ok bytes=524288 timedout_delta=0 retransmitted_delta=0 reconnects_delta=0
PIC_NFS stage=rpc_read elapsed_ms=1 tid=140446473631424 host=DietPi.local export=/mnt/4TBS relative=/pics-sport/local choice/FB-LCC/DSC_1677.jpg iteration=6 outcome=ok bytes=20143 timedout_delta=0 retransmitted_delta=0 reconnects_delta=0
PIC_NFS stage=rpc_read elapsed_ms=0 tid=140446473631424 host=DietPi.local export=/mnt/4TBS relative=/pics-sport/local choice/FB-LCC/DSC_1677.jpg iteration=7 outcome=ok bytes=0 timedout_delta=0 retransmitted_delta=0 reconnects_delta=0
PIC_NFS stage=file_read_complete elapsed_ms=14 tid=140446473631424 host=DietPi.local export=/mnt/4TBS relative=/pics-sport/local choice/FB-LCC/DSC_1677.jpg outcome=ok bytes=1068719 calls=7
PIC_NETWORK tid=ThreadId(103) PRIVATE_NFS read_done bytes=1068719 elapsed_ms=16 uri=nfs://DietPi.local/mnt/4TBS/pics-sport/local%20choice/FB-LCC/DSC_1677.jpg
PIC_VIEWER source_cache action=insert bytes=1068719 uri=nfs://DietPi.local/mnt/4TBS/pics-sport/local%20choice/FB-LCC/DSC_1677.jpg
PIC_VIEWER source_cache action=evict bytes=1058609 uri=nfs://DietPi.local/mnt/4TBS/Spar%20Ladies%202025/FB-Spar%20Womens-ToUpload/DSC_6962.jpg
PIC_VIEWER network_done lane=foreground read_ms=16 bytes=1068719 source=network outcome=ok uri=nfs://DietPi.local/mnt/4TBS/pics-sport/local%20choice/FB-LCC/DSC_1677.jpg
PIC_VIEWER decode_stage source_ms=16 cpu_ms=38 uri=nfs://DietPi.local/mnt/4TBS/pics-sport/local%20choice/FB-LCC/DSC_1677.jpg
PIC_VIEWER t_ms=29499 tid=ThreadId(103) decode_done uri=nfs://DietPi.local/mnt/4TBS/pics-sport/local%20choice/FB-LCC/DSC_1677.jpg variant=1124x794 elapsed_ms=57 outcome=ok
PIC_VIEWER t_ms=29499 tid=ThreadId(1) display_apply elapsed_ms=0 uri=nfs://DietPi.local/mnt/4TBS/pics-sport/local%20choice/FB-LCC/DSC_1677.jpg
PIC_VIEWER t_ms=29499 tid=ThreadId(1) display_done lane=foreground source=decode navigation_ms=58 uri=nfs://DietPi.local/mnt/4TBS/pics-sport/local%20choice/FB-LCC/DSC_1677.jpg
PIC_VIEWER t_ms=29499 tid=ThreadId(1) cache_evict uri=nfs://DietPi.local/mnt/4TBS/Spar%20Ladies%202025/FB-Spar%20Womens-ToUpload/DSC_6974.jpg bytes=3372000 remaining_entries=32 remaining_bytes=107908496
PIC_VIEWER t_ms=29529 tid=ThreadId(1) show_photo_request generation=165 index=423 uri=nfs://DietPi.local/mnt/4TBS/pics-sport/local%20choice/FB-LCC/DSC_1676.jpg
PIC_VIEWER t_ms=29529 tid=ThreadId(1) request lane=foreground action=new uri=nfs://DietPi.local/mnt/4TBS/pics-sport/local%20choice/FB-LCC/DSC_1676.jpg variant=1124x794
PIC_VIEWER t_ms=29529 tid=ThreadId(104) decode_start uri=nfs://DietPi.local/mnt/4TBS/pics-sport/local%20choice/FB-LCC/DSC_1676.jpg variant=1124x794 queue_ms=0
PIC_VIEWER source_cache lane=foreground action=miss uri=nfs://DietPi.local/mnt/4TBS/pics-sport/local%20choice/FB-LCC/DSC_1676.jpg
PIC_VIEWER network_slot lane=foreground wait_ms=0 uri=nfs://DietPi.local/mnt/4TBS/pics-sport/local%20choice/FB-LCC/DSC_1676.jpg
PIC_NETWORK tid=ThreadId(104) PRIVATE_NFS export_cache_hit host=DietPi.local count=5
PIC_NETWORK tid=ThreadId(104) PRIVATE_NFS read_start uri=nfs://DietPi.local/mnt/4TBS/pics-sport/local%20choice/FB-LCC/DSC_1676.jpg max_bytes=134217728
PIC_NFS stage=read_session_lock elapsed_ms=0 tid=140446473631424 host=DietPi.local export=/mnt/4TBS relative=/pics-sport/local choice/FB-LCC/DSC_1676.jpg outcome=acquired
PIC_NFS_CONNECT reuse host=DietPi.local export=/mnt/4TBS
PIC_NFS stage=file_open elapsed_ms=3 tid=140446473631424 host=DietPi.local export=/mnt/4TBS relative=/pics-sport/local choice/FB-LCC/DSC_1676.jpg outcome=ok
PIC_NFS stage=rpc_read elapsed_ms=1 tid=140446473631424 host=DietPi.local export=/mnt/4TBS relative=/pics-sport/local choice/FB-LCC/DSC_1676.jpg iteration=1 outcome=ok bytes=65536 timedout_delta=0 retransmitted_delta=0 reconnects_delta=0
PIC_NFS stage=first_read elapsed_ms=1 tid=140446473631424 host=DietPi.local export=/mnt/4TBS relative=/pics-sport/local choice/FB-LCC/DSC_1676.jpg outcome=ok bytes=65536
PIC_NFS stage=rpc_read elapsed_ms=1 tid=140446473631424 host=DietPi.local export=/mnt/4TBS relative=/pics-sport/local choice/FB-LCC/DSC_1676.jpg iteration=2 outcome=ok bytes=65536 timedout_delta=0 retransmitted_delta=0 reconnects_delta=0
PIC_NFS stage=rpc_read elapsed_ms=2 tid=140446473631424 host=DietPi.local export=/mnt/4TBS relative=/pics-sport/local choice/FB-LCC/DSC_1676.jpg iteration=3 outcome=ok bytes=131072 timedout_delta=0 retransmitted_delta=0 reconnects_delta=0
PIC_NFS stage=rpc_read elapsed_ms=3 tid=140446473631424 host=DietPi.local export=/mnt/4TBS relative=/pics-sport/local choice/FB-LCC/DSC_1676.jpg iteration=4 outcome=ok bytes=262144 timedout_delta=0 retransmitted_delta=0 reconnects_delta=0
PIC_NFS stage=rpc_read elapsed_ms=3 tid=140446473631424 host=DietPi.local export=/mnt/4TBS relative=/pics-sport/local choice/FB-LCC/DSC_1676.jpg iteration=5 outcome=ok bytes=331613 timedout_delta=0 retransmitted_delta=0 reconnects_delta=0
PIC_NFS stage=rpc_read elapsed_ms=1 tid=140446473631424 host=DietPi.local export=/mnt/4TBS relative=/pics-sport/local choice/FB-LCC/DSC_1676.jpg iteration=6 outcome=ok bytes=0 timedout_delta=0 retransmitted_delta=0 reconnects_delta=0
PIC_NFS stage=file_read_complete elapsed_ms=11 tid=140446473631424 host=DietPi.local export=/mnt/4TBS relative=/pics-sport/local choice/FB-LCC/DSC_1676.jpg outcome=ok bytes=855901 calls=6
PIC_NETWORK tid=ThreadId(104) PRIVATE_NFS read_done bytes=855901 elapsed_ms=13 uri=nfs://DietPi.local/mnt/4TBS/pics-sport/local%20choice/FB-LCC/DSC_1676.jpg
PIC_VIEWER source_cache action=insert bytes=855901 uri=nfs://DietPi.local/mnt/4TBS/pics-sport/local%20choice/FB-LCC/DSC_1676.jpg
PIC_VIEWER source_cache action=evict bytes=1421869 uri=nfs://DietPi.local/mnt/4TBS/Spar%20Ladies%202025/FB-Spar%20Womens-ToUpload/DSC_6991.jpg
PIC_VIEWER network_done lane=foreground read_ms=13 bytes=855901 source=network outcome=ok uri=nfs://DietPi.local/mnt/4TBS/pics-sport/local%20choice/FB-LCC/DSC_1676.jpg
PIC_VIEWER decode_stage source_ms=13 cpu_ms=34 uri=nfs://DietPi.local/mnt/4TBS/pics-sport/local%20choice/FB-LCC/DSC_1676.jpg
PIC_VIEWER t_ms=29580 tid=ThreadId(104) decode_done uri=nfs://DietPi.local/mnt/4TBS/pics-sport/local%20choice/FB-LCC/DSC_1676.jpg variant=1124x794 elapsed_ms=50 outcome=ok
PIC_VIEWER t_ms=29580 tid=ThreadId(1) display_apply elapsed_ms=0 uri=nfs://DietPi.local/mnt/4TBS/pics-sport/local%20choice/FB-LCC/DSC_1676.jpg
PIC_VIEWER t_ms=29580 tid=ThreadId(1) display_done lane=foreground source=decode navigation_ms=51 uri=nfs://DietPi.local/mnt/4TBS/pics-sport/local%20choice/FB-LCC/DSC_1676.jpg
PIC_VIEWER t_ms=29580 tid=ThreadId(1) cache_evict uri=nfs://DietPi.local/mnt/4TBS/Spar%20Ladies%202025/FB-Spar%20Womens-ToUpload/DSC_6975.jpg bytes=3372000 remaining_entries=32 remaining_bytes=107912992
PIC_VIEWER t_ms=29589 tid=ThreadId(1) show_photo_request generation=166 index=422 uri=nfs://DietPi.local/mnt/4TBS/pics-sport/local%20choice/FB-LCC/DSC_1675.jpg
PIC_VIEWER t_ms=29589 tid=ThreadId(1) request lane=foreground action=new uri=nfs://DietPi.local/mnt/4TBS/pics-sport/local%20choice/FB-LCC/DSC_1675.jpg variant=1124x794
PIC_VIEWER t_ms=29589 tid=ThreadId(105) decode_start uri=nfs://DietPi.local/mnt/4TBS/pics-sport/local%20choice/FB-LCC/DSC_1675.jpg variant=1124x794 queue_ms=0
PIC_VIEWER source_cache lane=foreground action=miss uri=nfs://DietPi.local/mnt/4TBS/pics-sport/local%20choice/FB-LCC/DSC_1675.jpg
PIC_VIEWER network_slot lane=foreground wait_ms=0 uri=nfs://DietPi.local/mnt/4TBS/pics-sport/local%20choice/FB-LCC/DSC_1675.jpg
PIC_NETWORK tid=ThreadId(105) PRIVATE_NFS export_cache_hit host=DietPi.local count=5
PIC_NETWORK tid=ThreadId(105) PRIVATE_NFS read_start uri=nfs://DietPi.local/mnt/4TBS/pics-sport/local%20choice/FB-LCC/DSC_1675.jpg max_bytes=134217728
PIC_NFS stage=read_session_lock elapsed_ms=0 tid=140446473631424 host=DietPi.local export=/mnt/4TBS relative=/pics-sport/local choice/FB-LCC/DSC_1675.jpg outcome=acquired
PIC_NFS_CONNECT reuse host=DietPi.local export=/mnt/4TBS
PIC_NFS stage=file_open elapsed_ms=3 tid=140446473631424 host=DietPi.local export=/mnt/4TBS relative=/pics-sport/local choice/FB-LCC/DSC_1675.jpg outcome=ok
PIC_NFS stage=rpc_read elapsed_ms=1 tid=140446473631424 host=DietPi.local export=/mnt/4TBS relative=/pics-sport/local choice/FB-LCC/DSC_1675.jpg iteration=1 outcome=ok bytes=65536 timedout_delta=0 retransmitted_delta=0 reconnects_delta=0
PIC_NFS stage=first_read elapsed_ms=1 tid=140446473631424 host=DietPi.local export=/mnt/4TBS relative=/pics-sport/local choice/FB-LCC/DSC_1675.jpg outcome=ok bytes=65536
PIC_NFS stage=rpc_read elapsed_ms=1 tid=140446473631424 host=DietPi.local export=/mnt/4TBS relative=/pics-sport/local choice/FB-LCC/DSC_1675.jpg iteration=2 outcome=ok bytes=65536 timedout_delta=0 retransmitted_delta=0 reconnects_delta=0
PIC_NFS stage=rpc_read elapsed_ms=2 tid=140446473631424 host=DietPi.local export=/mnt/4TBS relative=/pics-sport/local choice/FB-LCC/DSC_1675.jpg iteration=3 outcome=ok bytes=131072 timedout_delta=0 retransmitted_delta=0 reconnects_delta=0
PIC_NFS stage=rpc_read elapsed_ms=3 tid=140446473631424 host=DietPi.local export=/mnt/4TBS relative=/pics-sport/local choice/FB-LCC/DSC_1675.jpg iteration=4 outcome=ok bytes=262144 timedout_delta=0 retransmitted_delta=0 reconnects_delta=0
PIC_NFS stage=rpc_read elapsed_ms=3 tid=140446473631424 host=DietPi.local export=/mnt/4TBS relative=/pics-sport/local choice/FB-LCC/DSC_1675.jpg iteration=5 outcome=ok bytes=294520 timedout_delta=0 retransmitted_delta=0 reconnects_delta=0
PIC_NFS stage=rpc_read elapsed_ms=1 tid=140446473631424 host=DietPi.local export=/mnt/4TBS relative=/pics-sport/local choice/FB-LCC/DSC_1675.jpg iteration=6 outcome=ok bytes=0 timedout_delta=0 retransmitted_delta=0 reconnects_delta=0
PIC_NFS stage=file_read_complete elapsed_ms=11 tid=140446473631424 host=DietPi.local export=/mnt/4TBS relative=/pics-sport/local choice/FB-LCC/DSC_1675.jpg outcome=ok bytes=818808 calls=6
PIC_NETWORK tid=ThreadId(105) PRIVATE_NFS read_done bytes=818808 elapsed_ms=13 uri=nfs://DietPi.local/mnt/4TBS/pics-sport/local%20choice/FB-LCC/DSC_1675.jpg
PIC_VIEWER source_cache action=insert bytes=818808 uri=nfs://DietPi.local/mnt/4TBS/pics-sport/local%20choice/FB-LCC/DSC_1675.jpg
PIC_VIEWER source_cache action=evict bytes=1391810 uri=nfs://DietPi.local/mnt/4TBS/Spar%20Ladies%202025/FB-Spar%20Womens-ToUpload/DSC_6992.jpg
PIC_VIEWER network_done lane=foreground read_ms=15 bytes=818808 source=network outcome=ok uri=nfs://DietPi.local/mnt/4TBS/pics-sport/local%20choice/FB-LCC/DSC_1675.jpg
PIC_VIEWER decode_stage source_ms=15 cpu_ms=34 uri=nfs://DietPi.local/mnt/4TBS/pics-sport/local%20choice/FB-LCC/DSC_1675.jpg
PIC_VIEWER t_ms=29641 tid=ThreadId(105) decode_done uri=nfs://DietPi.local/mnt/4TBS/pics-sport/local%20choice/FB-LCC/DSC_1675.jpg variant=1124x794 elapsed_ms=52 outcome=ok
PIC_VIEWER t_ms=29642 tid=ThreadId(1) display_apply elapsed_ms=0 uri=nfs://DietPi.local/mnt/4TBS/pics-sport/local%20choice/FB-LCC/DSC_1675.jpg
PIC_VIEWER t_ms=29642 tid=ThreadId(1) display_done lane=foreground source=decode navigation_ms=52 uri=nfs://DietPi.local/mnt/4TBS/pics-sport/local%20choice/FB-LCC/DSC_1675.jpg
PIC_VIEWER t_ms=29642 tid=ThreadId(1) cache_evict uri=nfs://DietPi.local/mnt/4TBS/Spar%20Ladies%202025/FB-Spar%20Womens-ToUpload/DSC_6976.jpg bytes=3372000 remaining_entries=32 remaining_bytes=107917488
PIC_VIEWER t_ms=29649 tid=ThreadId(1) show_photo_request generation=167 index=421 uri=nfs://DietPi.local/mnt/4TBS/pics-sport/local%20choice/FB-LCC/DSC_1674.jpg
PIC_VIEWER t_ms=29649 tid=ThreadId(1) request lane=foreground action=new uri=nfs://DietPi.local/mnt/4TBS/pics-sport/local%20choice/FB-LCC/DSC_1674.jpg variant=1124x794
PIC_VIEWER t_ms=29649 tid=ThreadId(106) decode_start uri=nfs://DietPi.local/mnt/4TBS/pics-sport/local%20choice/FB-LCC/DSC_1674.jpg variant=1124x794 queue_ms=0
PIC_VIEWER source_cache lane=foreground action=miss uri=nfs://DietPi.local/mnt/4TBS/pics-sport/local%20choice/FB-LCC/DSC_1674.jpg
PIC_VIEWER network_slot lane=foreground wait_ms=0 uri=nfs://DietPi.local/mnt/4TBS/pics-sport/local%20choice/FB-LCC/DSC_1674.jpg
PIC_NETWORK tid=ThreadId(106) PRIVATE_NFS export_cache_hit host=DietPi.local count=5
PIC_NETWORK tid=ThreadId(106) PRIVATE_NFS read_start uri=nfs://DietPi.local/mnt/4TBS/pics-sport/local%20choice/FB-LCC/DSC_1674.jpg max_bytes=134217728
PIC_NFS stage=read_session_lock elapsed_ms=0 tid=140446473631424 host=DietPi.local export=/mnt/4TBS relative=/pics-sport/local choice/FB-LCC/DSC_1674.jpg outcome=acquired
PIC_NFS_CONNECT reuse host=DietPi.local export=/mnt/4TBS
PIC_NFS stage=file_open elapsed_ms=2 tid=140446473631424 host=DietPi.local export=/mnt/4TBS relative=/pics-sport/local choice/FB-LCC/DSC_1674.jpg outcome=ok
PIC_NFS stage=rpc_read elapsed_ms=1 tid=140446473631424 host=DietPi.local export=/mnt/4TBS relative=/pics-sport/local choice/FB-LCC/DSC_1674.jpg iteration=1 outcome=ok bytes=65536 timedout_delta=0 retransmitted_delta=0 reconnects_delta=0
PIC_NFS stage=first_read elapsed_ms=1 tid=140446473631424 host=DietPi.local export=/mnt/4TBS relative=/pics-sport/local choice/FB-LCC/DSC_1674.jpg outcome=ok bytes=65536
PIC_NFS stage=rpc_read elapsed_ms=1 tid=140446473631424 host=DietPi.local export=/mnt/4TBS relative=/pics-sport/local choice/FB-LCC/DSC_1674.jpg iteration=2 outcome=ok bytes=65536 timedout_delta=0 retransmitted_delta=0 reconnects_delta=0
PIC_NFS stage=rpc_read elapsed_ms=2 tid=140446473631424 host=DietPi.local export=/mnt/4TBS relative=/pics-sport/local choice/FB-LCC/DSC_1674.jpg iteration=3 outcome=ok bytes=131072 timedout_delta=0 retransmitted_delta=0 reconnects_delta=0
PIC_NFS stage=rpc_read elapsed_ms=3 tid=140446473631424 host=DietPi.local export=/mnt/4TBS relative=/pics-sport/local choice/FB-LCC/DSC_1674.jpg iteration=4 outcome=ok bytes=262144 timedout_delta=0 retransmitted_delta=0 reconnects_delta=0
PIC_NFS stage=rpc_read elapsed_ms=3 tid=140446473631424 host=DietPi.local export=/mnt/4TBS relative=/pics-sport/local choice/FB-LCC/DSC_1674.jpg iteration=5 outcome=ok bytes=336824 timedout_delta=0 retransmitted_delta=0 reconnects_delta=0
PIC_NFS stage=rpc_read elapsed_ms=1 tid=140446473631424 host=DietPi.local export=/mnt/4TBS relative=/pics-sport/local choice/FB-LCC/DSC_1674.jpg iteration=6 outcome=ok bytes=0 timedout_delta=0 retransmitted_delta=0 reconnects_delta=0
PIC_NFS stage=file_read_complete elapsed_ms=11 tid=140446473631424 host=DietPi.local export=/mnt/4TBS relative=/pics-sport/local choice/FB-LCC/DSC_1674.jpg outcome=ok bytes=861112 calls=6
PIC_NETWORK tid=ThreadId(106) PRIVATE_NFS read_done bytes=861112 elapsed_ms=13 uri=nfs://DietPi.local/mnt/4TBS/pics-sport/local%20choice/FB-LCC/DSC_1674.jpg
PIC_VIEWER source_cache action=insert bytes=861112 uri=nfs://DietPi.local/mnt/4TBS/pics-sport/local%20choice/FB-LCC/DSC_1674.jpg
PIC_VIEWER source_cache action=evict bytes=1258101 uri=nfs://DietPi.local/mnt/4TBS/Spar%20Ladies%202025/FB-Spar%20Womens-ToUpload/DSC_6998.jpg
PIC_VIEWER network_done lane=foreground read_ms=13 bytes=861112 source=network outcome=ok uri=nfs://DietPi.local/mnt/4TBS/pics-sport/local%20choice/FB-LCC/DSC_1674.jpg
PIC_VIEWER decode_stage source_ms=13 cpu_ms=34 uri=nfs://DietPi.local/mnt/4TBS/pics-sport/local%20choice/FB-LCC/DSC_1674.jpg
PIC_VIEWER t_ms=29699 tid=ThreadId(106) decode_done uri=nfs://DietPi.local/mnt/4TBS/pics-sport/local%20choice/FB-LCC/DSC_1674.jpg variant=1124x794 elapsed_ms=50 outcome=ok
PIC_VIEWER t_ms=29701 tid=ThreadId(1) display_apply elapsed_ms=0 uri=nfs://DietPi.local/mnt/4TBS/pics-sport/local%20choice/FB-LCC/DSC_1674.jpg
PIC_VIEWER t_ms=29701 tid=ThreadId(1) display_done lane=foreground source=decode navigation_ms=51 uri=nfs://DietPi.local/mnt/4TBS/pics-sport/local%20choice/FB-LCC/DSC_1674.jpg
PIC_VIEWER t_ms=29701 tid=ThreadId(1) cache_evict uri=nfs://DietPi.local/mnt/4TBS/Spar%20Ladies%202025/FB-Spar%20Womens-ToUpload/DSC_6977.jpg bytes=3372000 remaining_entries=32 remaining_bytes=107921984
PIC_VIEWER t_ms=29711 tid=ThreadId(1) show_photo_request generation=168 index=420 uri=nfs://DietPi.local/mnt/4TBS/pics-sport/local%20choice/FB-LCC/DSC_1673.jpg
PIC_VIEWER t_ms=29711 tid=ThreadId(1) request lane=foreground action=new uri=nfs://DietPi.local/mnt/4TBS/pics-sport/local%20choice/FB-LCC/DSC_1673.jpg variant=1124x794
PIC_VIEWER t_ms=29711 tid=ThreadId(107) decode_start uri=nfs://DietPi.local/mnt/4TBS/pics-sport/local%20choice/FB-LCC/DSC_1673.jpg variant=1124x794 queue_ms=0
PIC_VIEWER source_cache lane=foreground action=miss uri=nfs://DietPi.local/mnt/4TBS/pics-sport/local%20choice/FB-LCC/DSC_1673.jpg
PIC_VIEWER network_slot lane=foreground wait_ms=0 uri=nfs://DietPi.local/mnt/4TBS/pics-sport/local%20choice/FB-LCC/DSC_1673.jpg
PIC_NETWORK tid=ThreadId(107) PRIVATE_NFS export_cache_hit host=DietPi.local count=5
PIC_NETWORK tid=ThreadId(107) PRIVATE_NFS read_start uri=nfs://DietPi.local/mnt/4TBS/pics-sport/local%20choice/FB-LCC/DSC_1673.jpg max_bytes=134217728
PIC_NFS stage=read_session_lock elapsed_ms=0 tid=140446473631424 host=DietPi.local export=/mnt/4TBS relative=/pics-sport/local choice/FB-LCC/DSC_1673.jpg outcome=acquired
PIC_NFS_CONNECT reuse host=DietPi.local export=/mnt/4TBS
PIC_NFS stage=file_open elapsed_ms=1 tid=140446473631424 host=DietPi.local export=/mnt/4TBS relative=/pics-sport/local choice/FB-LCC/DSC_1673.jpg outcome=ok
PIC_NFS stage=rpc_read elapsed_ms=2 tid=140446473631424 host=DietPi.local export=/mnt/4TBS relative=/pics-sport/local choice/FB-LCC/DSC_1673.jpg iteration=1 outcome=ok bytes=65536 timedout_delta=0 retransmitted_delta=0 reconnects_delta=0
PIC_NFS stage=first_read elapsed_ms=2 tid=140446473631424 host=DietPi.local export=/mnt/4TBS relative=/pics-sport/local choice/FB-LCC/DSC_1673.jpg outcome=ok bytes=65536
PIC_NFS stage=rpc_read elapsed_ms=1 tid=140446473631424 host=DietPi.local export=/mnt/4TBS relative=/pics-sport/local choice/FB-LCC/DSC_1673.jpg iteration=2 outcome=ok bytes=65536 timedout_delta=0 retransmitted_delta=0 reconnects_delta=0
PIC_NFS stage=rpc_read elapsed_ms=1 tid=140446473631424 host=DietPi.local export=/mnt/4TBS relative=/pics-sport/local choice/FB-LCC/DSC_1673.jpg iteration=3 outcome=ok bytes=131072 timedout_delta=0 retransmitted_delta=0 reconnects_delta=0
PIC_NFS stage=rpc_read elapsed_ms=3 tid=140446473631424 host=DietPi.local export=/mnt/4TBS relative=/pics-sport/local choice/FB-LCC/DSC_1673.jpg iteration=4 outcome=ok bytes=262144 timedout_delta=0 retransmitted_delta=0 reconnects_delta=0
PIC_NFS stage=rpc_read elapsed_ms=3 tid=140446473631424 host=DietPi.local export=/mnt/4TBS relative=/pics-sport/local choice/FB-LCC/DSC_1673.jpg iteration=5 outcome=ok bytes=247711 timedout_delta=0 retransmitted_delta=0 reconnects_delta=0
PIC_NFS stage=rpc_read elapsed_ms=1 tid=140446473631424 host=DietPi.local export=/mnt/4TBS relative=/pics-sport/local choice/FB-LCC/DSC_1673.jpg iteration=6 outcome=ok bytes=0 timedout_delta=0 retransmitted_delta=0 reconnects_delta=0
PIC_NFS stage=file_read_complete elapsed_ms=11 tid=140446473631424 host=DietPi.local export=/mnt/4TBS relative=/pics-sport/local choice/FB-LCC/DSC_1673.jpg outcome=ok bytes=771999 calls=6
PIC_NETWORK tid=ThreadId(107) PRIVATE_NFS read_done bytes=771999 elapsed_ms=12 uri=nfs://DietPi.local/mnt/4TBS/pics-sport/local%20choice/FB-LCC/DSC_1673.jpg
PIC_VIEWER source_cache action=insert bytes=771999 uri=nfs://DietPi.local/mnt/4TBS/pics-sport/local%20choice/FB-LCC/DSC_1673.jpg
PIC_VIEWER source_cache action=evict bytes=1176535 uri=nfs://DietPi.local/mnt/4TBS/Spar%20Ladies%202025/FB-Spar%20Womens-ToUpload/DSC_6997.jpg
PIC_VIEWER network_done lane=foreground read_ms=12 bytes=771999 source=network outcome=ok uri=nfs://DietPi.local/mnt/4TBS/pics-sport/local%20choice/FB-LCC/DSC_1673.jpg
PIC_VIEWER decode_stage source_ms=12 cpu_ms=32 uri=nfs://DietPi.local/mnt/4TBS/pics-sport/local%20choice/FB-LCC/DSC_1673.jpg
PIC_VIEWER t_ms=29759 tid=ThreadId(107) decode_done uri=nfs://DietPi.local/mnt/4TBS/pics-sport/local%20choice/FB-LCC/DSC_1673.jpg variant=1124x794 elapsed_ms=48 outcome=ok
PIC_VIEWER t_ms=29760 tid=ThreadId(1) display_apply elapsed_ms=0 uri=nfs://DietPi.local/mnt/4TBS/pics-sport/local%20choice/FB-LCC/DSC_1673.jpg
PIC_VIEWER t_ms=29760 tid=ThreadId(1) display_done lane=foreground source=decode navigation_ms=48 uri=nfs://DietPi.local/mnt/4TBS/pics-sport/local%20choice/FB-LCC/DSC_1673.jpg
PIC_VIEWER t_ms=29760 tid=ThreadId(1) cache_evict uri=nfs://DietPi.local/mnt/4TBS/Spar%20Ladies%202025/FB-Spar%20Womens-ToUpload/DSC_6978.jpg bytes=3372000 remaining_entries=32 remaining_bytes=107926480
PIC_VIEWER t_ms=29769 tid=ThreadId(1) show_photo_request generation=169 index=419 uri=nfs://DietPi.local/mnt/4TBS/pics-sport/local%20choice/FB-LCC/DSC_1672.jpg
PIC_VIEWER t_ms=29769 tid=ThreadId(1) request lane=foreground action=new uri=nfs://DietPi.local/mnt/4TBS/pics-sport/local%20choice/FB-LCC/DSC_1672.jpg variant=1124x794
PIC_VIEWER t_ms=29770 tid=ThreadId(108) decode_start uri=nfs://DietPi.local/mnt/4TBS/pics-sport/local%20choice/FB-LCC/DSC_1672.jpg variant=1124x794 queue_ms=0
PIC_VIEWER source_cache lane=foreground action=miss uri=nfs://DietPi.local/mnt/4TBS/pics-sport/local%20choice/FB-LCC/DSC_1672.jpg
PIC_VIEWER network_slot lane=foreground wait_ms=0 uri=nfs://DietPi.local/mnt/4TBS/pics-sport/local%20choice/FB-LCC/DSC_1672.jpg
PIC_NETWORK tid=ThreadId(108) PRIVATE_NFS export_cache_hit host=DietPi.local count=5
PIC_NETWORK tid=ThreadId(108) PRIVATE_NFS read_start uri=nfs://DietPi.local/mnt/4TBS/pics-sport/local%20choice/FB-LCC/DSC_1672.jpg max_bytes=134217728
PIC_NFS stage=read_session_lock elapsed_ms=0 tid=140446473631424 host=DietPi.local export=/mnt/4TBS relative=/pics-sport/local choice/FB-LCC/DSC_1672.jpg outcome=acquired
PIC_NFS_CONNECT reuse host=DietPi.local export=/mnt/4TBS
PIC_NFS stage=file_open elapsed_ms=2 tid=140446473631424 host=DietPi.local export=/mnt/4TBS relative=/pics-sport/local choice/FB-LCC/DSC_1672.jpg outcome=ok
PIC_NFS stage=rpc_read elapsed_ms=1 tid=140446473631424 host=DietPi.local export=/mnt/4TBS relative=/pics-sport/local choice/FB-LCC/DSC_1672.jpg iteration=1 outcome=ok bytes=65536 timedout_delta=0 retransmitted_delta=0 reconnects_delta=0
PIC_NFS stage=first_read elapsed_ms=1 tid=140446473631424 host=DietPi.local export=/mnt/4TBS relative=/pics-sport/local choice/FB-LCC/DSC_1672.jpg outcome=ok bytes=65536
PIC_NFS stage=rpc_read elapsed_ms=1 tid=140446473631424 host=DietPi.local export=/mnt/4TBS relative=/pics-sport/local choice/FB-LCC/DSC_1672.jpg iteration=2 outcome=ok bytes=65536 timedout_delta=0 retransmitted_delta=0 reconnects_delta=0
PIC_NFS stage=rpc_read elapsed_ms=2 tid=140446473631424 host=DietPi.local export=/mnt/4TBS relative=/pics-sport/local choice/FB-LCC/DSC_1672.jpg iteration=3 outcome=ok bytes=131072 timedout_delta=0 retransmitted_delta=0 reconnects_delta=0
PIC_NFS stage=rpc_read elapsed_ms=3 tid=140446473631424 host=DietPi.local export=/mnt/4TBS relative=/pics-sport/local choice/FB-LCC/DSC_1672.jpg iteration=4 outcome=ok bytes=262144 timedout_delta=0 retransmitted_delta=0 reconnects_delta=0
PIC_NFS stage=rpc_read elapsed_ms=5 tid=140446473631424 host=DietPi.local export=/mnt/4TBS relative=/pics-sport/local choice/FB-LCC/DSC_1672.jpg iteration=5 outcome=ok bytes=482012 timedout_delta=0 retransmitted_delta=0 reconnects_delta=0
PIC_NFS stage=rpc_read elapsed_ms=0 tid=140446473631424 host=DietPi.local export=/mnt/4TBS relative=/pics-sport/local choice/FB-LCC/DSC_1672.jpg iteration=6 outcome=ok bytes=0 timedout_delta=0 retransmitted_delta=0 reconnects_delta=0
PIC_NFS stage=file_read_complete elapsed_ms=12 tid=140446473631424 host=DietPi.local export=/mnt/4TBS relative=/pics-sport/local choice/FB-LCC/DSC_1672.jpg outcome=ok bytes=1006300 calls=6
PIC_NETWORK tid=ThreadId(108) PRIVATE_NFS read_done bytes=1006300 elapsed_ms=14 uri=nfs://DietPi.local/mnt/4TBS/pics-sport/local%20choice/FB-LCC/DSC_1672.jpg
PIC_VIEWER source_cache action=insert bytes=1006300 uri=nfs://DietPi.local/mnt/4TBS/pics-sport/local%20choice/FB-LCC/DSC_1672.jpg
PIC_VIEWER source_cache action=evict bytes=1253364 uri=nfs://DietPi.local/mnt/4TBS/Spar%20Ladies%202025/FB-Spar%20Womens-ToUpload/DSC_6999.jpg
PIC_VIEWER network_done lane=foreground read_ms=14 bytes=1006300 source=network outcome=ok uri=nfs://DietPi.local/mnt/4TBS/pics-sport/local%20choice/FB-LCC/DSC_1672.jpg
PIC_VIEWER decode_stage source_ms=14 cpu_ms=38 uri=nfs://DietPi.local/mnt/4TBS/pics-sport/local%20choice/FB-LCC/DSC_1672.jpg
PIC_VIEWER t_ms=29825 tid=ThreadId(108) decode_done uri=nfs://DietPi.local/mnt/4TBS/pics-sport/local%20choice/FB-LCC/DSC_1672.jpg variant=1124x794 elapsed_ms=55 outcome=ok
PIC_VIEWER t_ms=29825 tid=ThreadId(1) display_apply elapsed_ms=0 uri=nfs://DietPi.local/mnt/4TBS/pics-sport/local%20choice/FB-LCC/DSC_1672.jpg
PIC_VIEWER t_ms=29825 tid=ThreadId(1) display_done lane=foreground source=decode navigation_ms=55 uri=nfs://DietPi.local/mnt/4TBS/pics-sport/local%20choice/FB-LCC/DSC_1672.jpg
PIC_VIEWER t_ms=29825 tid=ThreadId(1) cache_evict uri=nfs://DietPi.local/mnt/4TBS/Spar%20Ladies%202025/FB-Spar%20Womens-ToUpload/DSC_6979.jpg bytes=3372000 remaining_entries=32 remaining_bytes=107930976
PIC_VIEWER t_ms=29830 tid=ThreadId(1) show_photo_request generation=170 index=418 uri=nfs://DietPi.local/mnt/4TBS/pics-sport/local%20choice/FB-LCC/DSC_1671.jpg
PIC_VIEWER t_ms=29830 tid=ThreadId(1) request lane=foreground action=new uri=nfs://DietPi.local/mnt/4TBS/pics-sport/local%20choice/FB-LCC/DSC_1671.jpg variant=1124x794
PIC_VIEWER t_ms=29830 tid=ThreadId(109) decode_start uri=nfs://DietPi.local/mnt/4TBS/pics-sport/local%20choice/FB-LCC/DSC_1671.jpg variant=1124x794 queue_ms=0
PIC_VIEWER source_cache lane=foreground action=miss uri=nfs://DietPi.local/mnt/4TBS/pics-sport/local%20choice/FB-LCC/DSC_1671.jpg
PIC_VIEWER network_slot lane=foreground wait_ms=0 uri=nfs://DietPi.local/mnt/4TBS/pics-sport/local%20choice/FB-LCC/DSC_1671.jpg
PIC_NETWORK tid=ThreadId(109) PRIVATE_NFS export_cache_hit host=DietPi.local count=5
PIC_NETWORK tid=ThreadId(109) PRIVATE_NFS read_start uri=nfs://DietPi.local/mnt/4TBS/pics-sport/local%20choice/FB-LCC/DSC_1671.jpg max_bytes=134217728
PIC_NFS stage=read_session_lock elapsed_ms=0 tid=140446473631424 host=DietPi.local export=/mnt/4TBS relative=/pics-sport/local choice/FB-LCC/DSC_1671.jpg outcome=acquired
PIC_NFS_CONNECT reuse host=DietPi.local export=/mnt/4TBS
PIC_NFS stage=file_open elapsed_ms=2 tid=140446473631424 host=DietPi.local export=/mnt/4TBS relative=/pics-sport/local choice/FB-LCC/DSC_1671.jpg outcome=ok
PIC_NFS stage=rpc_read elapsed_ms=1 tid=140446473631424 host=DietPi.local export=/mnt/4TBS relative=/pics-sport/local choice/FB-LCC/DSC_1671.jpg iteration=1 outcome=ok bytes=65536 timedout_delta=0 retransmitted_delta=0 reconnects_delta=0
PIC_NFS stage=first_read elapsed_ms=1 tid=140446473631424 host=DietPi.local export=/mnt/4TBS relative=/pics-sport/local choice/FB-LCC/DSC_1671.jpg outcome=ok bytes=65536
PIC_NFS stage=rpc_read elapsed_ms=1 tid=140446473631424 host=DietPi.local export=/mnt/4TBS relative=/pics-sport/local choice/FB-LCC/DSC_1671.jpg iteration=2 outcome=ok bytes=65536 timedout_delta=0 retransmitted_delta=0 reconnects_delta=0
PIC_NFS stage=rpc_read elapsed_ms=2 tid=140446473631424 host=DietPi.local export=/mnt/4TBS relative=/pics-sport/local choice/FB-LCC/DSC_1671.jpg iteration=3 outcome=ok bytes=131072 timedout_delta=0 retransmitted_delta=0 reconnects_delta=0
PIC_NFS stage=rpc_read elapsed_ms=3 tid=140446473631424 host=DietPi.local export=/mnt/4TBS relative=/pics-sport/local choice/FB-LCC/DSC_1671.jpg iteration=4 outcome=ok bytes=262144 timedout_delta=0 retransmitted_delta=0 reconnects_delta=0
PIC_NFS stage=rpc_read elapsed_ms=5 tid=140446473631424 host=DietPi.local export=/mnt/4TBS relative=/pics-sport/local choice/FB-LCC/DSC_1671.jpg iteration=5 outcome=ok bytes=484874 timedout_delta=0 retransmitted_delta=0 reconnects_delta=0
PIC_NFS stage=rpc_read elapsed_ms=0 tid=140446473631424 host=DietPi.local export=/mnt/4TBS relative=/pics-sport/local choice/FB-LCC/DSC_1671.jpg iteration=6 outcome=ok bytes=0 timedout_delta=0 retransmitted_delta=0 reconnects_delta=0
PIC_NFS stage=file_read_complete elapsed_ms=12 tid=140446473631424 host=DietPi.local export=/mnt/4TBS relative=/pics-sport/local choice/FB-LCC/DSC_1671.jpg outcome=ok bytes=1009162 calls=6
PIC_NETWORK tid=ThreadId(109) PRIVATE_NFS read_done bytes=1009162 elapsed_ms=14 uri=nfs://DietPi.local/mnt/4TBS/pics-sport/local%20choice/FB-LCC/DSC_1671.jpg
PIC_VIEWER source_cache action=insert bytes=1009162 uri=nfs://DietPi.local/mnt/4TBS/pics-sport/local%20choice/FB-LCC/DSC_1671.jpg
PIC_VIEWER source_cache action=evict bytes=1215029 uri=nfs://DietPi.local/mnt/4TBS/pics-sport/local%20choice/FB-LCC/DSC_1217.jpg
PIC_VIEWER network_done lane=foreground read_ms=14 bytes=1009162 source=network outcome=ok uri=nfs://DietPi.local/mnt/4TBS/pics-sport/local%20choice/FB-LCC/DSC_1671.jpg
PIC_VIEWER decode_stage source_ms=14 cpu_ms=36 uri=nfs://DietPi.local/mnt/4TBS/pics-sport/local%20choice/FB-LCC/DSC_1671.jpg
PIC_VIEWER t_ms=29883 tid=ThreadId(109) decode_done uri=nfs://DietPi.local/mnt/4TBS/pics-sport/local%20choice/FB-LCC/DSC_1671.jpg variant=1124x794 elapsed_ms=53 outcome=ok
PIC_VIEWER t_ms=29883 tid=ThreadId(1) display_apply elapsed_ms=0 uri=nfs://DietPi.local/mnt/4TBS/pics-sport/local%20choice/FB-LCC/DSC_1671.jpg
PIC_VIEWER t_ms=29883 tid=ThreadId(1) display_done lane=foreground source=decode navigation_ms=53 uri=nfs://DietPi.local/mnt/4TBS/pics-sport/local%20choice/FB-LCC/DSC_1671.jpg
PIC_VIEWER t_ms=29883 tid=ThreadId(1) cache_evict uri=nfs://DietPi.local/mnt/4TBS/Spar%20Ladies%202025/FB-Spar%20Womens-ToUpload/DSC_6980.jpg bytes=3372000 remaining_entries=32 remaining_bytes=107935472
PIC_VIEWER t_ms=29890 tid=ThreadId(1) show_photo_request generation=171 index=417 uri=nfs://DietPi.local/mnt/4TBS/pics-sport/local%20choice/FB-LCC/DSC_1670.jpg
PIC_VIEWER t_ms=29890 tid=ThreadId(1) request lane=foreground action=new uri=nfs://DietPi.local/mnt/4TBS/pics-sport/local%20choice/FB-LCC/DSC_1670.jpg variant=1124x794
PIC_VIEWER t_ms=29890 tid=ThreadId(110) decode_start uri=nfs://DietPi.local/mnt/4TBS/pics-sport/local%20choice/FB-LCC/DSC_1670.jpg variant=1124x794 queue_ms=0
PIC_VIEWER source_cache lane=foreground action=miss uri=nfs://DietPi.local/mnt/4TBS/pics-sport/local%20choice/FB-LCC/DSC_1670.jpg
PIC_VIEWER network_slot lane=foreground wait_ms=0 uri=nfs://DietPi.local/mnt/4TBS/pics-sport/local%20choice/FB-LCC/DSC_1670.jpg
PIC_NETWORK tid=ThreadId(110) PRIVATE_NFS export_cache_hit host=DietPi.local count=5
PIC_NETWORK tid=ThreadId(110) PRIVATE_NFS read_start uri=nfs://DietPi.local/mnt/4TBS/pics-sport/local%20choice/FB-LCC/DSC_1670.jpg max_bytes=134217728
PIC_NFS stage=read_session_lock elapsed_ms=0 tid=140446473631424 host=DietPi.local export=/mnt/4TBS relative=/pics-sport/local choice/FB-LCC/DSC_1670.jpg outcome=acquired
PIC_NFS_CONNECT reuse host=DietPi.local export=/mnt/4TBS
PIC_NFS stage=file_open elapsed_ms=2 tid=140446473631424 host=DietPi.local export=/mnt/4TBS relative=/pics-sport/local choice/FB-LCC/DSC_1670.jpg outcome=ok
PIC_NFS stage=rpc_read elapsed_ms=1 tid=140446473631424 host=DietPi.local export=/mnt/4TBS relative=/pics-sport/local choice/FB-LCC/DSC_1670.jpg iteration=1 outcome=ok bytes=65536 timedout_delta=0 retransmitted_delta=0 reconnects_delta=0
PIC_NFS stage=first_read elapsed_ms=1 tid=140446473631424 host=DietPi.local export=/mnt/4TBS relative=/pics-sport/local choice/FB-LCC/DSC_1670.jpg outcome=ok bytes=65536
PIC_NFS stage=rpc_read elapsed_ms=2 tid=140446473631424 host=DietPi.local export=/mnt/4TBS relative=/pics-sport/local choice/FB-LCC/DSC_1670.jpg iteration=2 outcome=ok bytes=65536 timedout_delta=0 retransmitted_delta=0 reconnects_delta=0
PIC_NFS stage=rpc_read elapsed_ms=1 tid=140446473631424 host=DietPi.local export=/mnt/4TBS relative=/pics-sport/local choice/FB-LCC/DSC_1670.jpg iteration=3 outcome=ok bytes=131072 timedout_delta=0 retransmitted_delta=0 reconnects_delta=0
PIC_NFS stage=rpc_read elapsed_ms=3 tid=140446473631424 host=DietPi.local export=/mnt/4TBS relative=/pics-sport/local choice/FB-LCC/DSC_1670.jpg iteration=4 outcome=ok bytes=262144 timedout_delta=0 retransmitted_delta=0 reconnects_delta=0
PIC_NFS stage=rpc_read elapsed_ms=4 tid=140446473631424 host=DietPi.local export=/mnt/4TBS relative=/pics-sport/local choice/FB-LCC/DSC_1670.jpg iteration=5 outcome=ok bytes=310765 timedout_delta=0 retransmitted_delta=0 reconnects_delta=0
PIC_NFS stage=rpc_read elapsed_ms=0 tid=140446473631424 host=DietPi.local export=/mnt/4TBS relative=/pics-sport/local choice/FB-LCC/DSC_1670.jpg iteration=6 outcome=ok bytes=0 timedout_delta=0 retransmitted_delta=0 reconnects_delta=0
PIC_NFS stage=file_read_complete elapsed_ms=11 tid=140446473631424 host=DietPi.local export=/mnt/4TBS relative=/pics-sport/local choice/FB-LCC/DSC_1670.jpg outcome=ok bytes=835053 calls=6
PIC_NETWORK tid=ThreadId(110) PRIVATE_NFS read_done bytes=835053 elapsed_ms=13 uri=nfs://DietPi.local/mnt/4TBS/pics-sport/local%20choice/FB-LCC/DSC_1670.jpg
PIC_VIEWER source_cache action=insert bytes=835053 uri=nfs://DietPi.local/mnt/4TBS/pics-sport/local%20choice/FB-LCC/DSC_1670.jpg
PIC_VIEWER source_cache action=evict bytes=1080039 uri=nfs://DietPi.local/mnt/4TBS/pics-sport/local%20choice/FB-LCC/DSC_1223.jpg
PIC_VIEWER network_done lane=foreground read_ms=13 bytes=835053 source=network outcome=ok uri=nfs://DietPi.local/mnt/4TBS/pics-sport/local%20choice/FB-LCC/DSC_1670.jpg
PIC_VIEWER decode_stage source_ms=13 cpu_ms=34 uri=nfs://DietPi.local/mnt/4TBS/pics-sport/local%20choice/FB-LCC/DSC_1670.jpg
PIC_VIEWER t_ms=29940 tid=ThreadId(110) decode_done uri=nfs://DietPi.local/mnt/4TBS/pics-sport/local%20choice/FB-LCC/DSC_1670.jpg variant=1124x794 elapsed_ms=50 outcome=ok
PIC_VIEWER t_ms=29941 tid=ThreadId(1) display_apply elapsed_ms=0 uri=nfs://DietPi.local/mnt/4TBS/pics-sport/local%20choice/FB-LCC/DSC_1670.jpg
PIC_VIEWER t_ms=29941 tid=ThreadId(1) display_done lane=foreground source=decode navigation_ms=51 uri=nfs://DietPi.local/mnt/4TBS/pics-sport/local%20choice/FB-LCC/DSC_1670.jpg
PIC_VIEWER t_ms=29941 tid=ThreadId(1) cache_evict uri=nfs://DietPi.local/mnt/4TBS/Spar%20Ladies%202025/FB-Spar%20Womens-ToUpload/DSC_6981.jpg bytes=3372000 remaining_entries=32 remaining_bytes=107939968
PIC_VIEWER t_ms=29950 tid=ThreadId(1) show_photo_request generation=172 index=416 uri=nfs://DietPi.local/mnt/4TBS/pics-sport/local%20choice/FB-LCC/DSC_1669.jpg
PIC_VIEWER t_ms=29950 tid=ThreadId(1) request lane=foreground action=new uri=nfs://DietPi.local/mnt/4TBS/pics-sport/local%20choice/FB-LCC/DSC_1669.jpg variant=1124x794
PIC_VIEWER t_ms=29950 tid=ThreadId(111) decode_start uri=nfs://DietPi.local/mnt/4TBS/pics-sport/local%20choice/FB-LCC/DSC_1669.jpg variant=1124x794 queue_ms=0
PIC_VIEWER source_cache lane=foreground action=miss uri=nfs://DietPi.local/mnt/4TBS/pics-sport/local%20choice/FB-LCC/DSC_1669.jpg
PIC_VIEWER network_slot lane=foreground wait_ms=0 uri=nfs://DietPi.local/mnt/4TBS/pics-sport/local%20choice/FB-LCC/DSC_1669.jpg
PIC_NETWORK tid=ThreadId(111) PRIVATE_NFS export_cache_hit host=DietPi.local count=5
PIC_NETWORK tid=ThreadId(111) PRIVATE_NFS read_start uri=nfs://DietPi.local/mnt/4TBS/pics-sport/local%20choice/FB-LCC/DSC_1669.jpg max_bytes=134217728
PIC_NFS stage=read_session_lock elapsed_ms=0 tid=140446473631424 host=DietPi.local export=/mnt/4TBS relative=/pics-sport/local choice/FB-LCC/DSC_1669.jpg outcome=acquired
PIC_NFS_CONNECT reuse host=DietPi.local export=/mnt/4TBS
PIC_NFS stage=file_open elapsed_ms=2 tid=140446473631424 host=DietPi.local export=/mnt/4TBS relative=/pics-sport/local choice/FB-LCC/DSC_1669.jpg outcome=ok
PIC_NFS stage=rpc_read elapsed_ms=24 tid=140446473631424 host=DietPi.local export=/mnt/4TBS relative=/pics-sport/local choice/FB-LCC/DSC_1669.jpg iteration=1 outcome=ok bytes=65536 timedout_delta=0 retransmitted_delta=0 reconnects_delta=0
PIC_NFS stage=first_read elapsed_ms=24 tid=140446473631424 host=DietPi.local export=/mnt/4TBS relative=/pics-sport/local choice/FB-LCC/DSC_1669.jpg outcome=ok bytes=65536
PIC_NFS stage=rpc_read elapsed_ms=1 tid=140446473631424 host=DietPi.local export=/mnt/4TBS relative=/pics-sport/local choice/FB-LCC/DSC_1669.jpg iteration=2 outcome=ok bytes=65536 timedout_delta=0 retransmitted_delta=0 reconnects_delta=0
PIC_NFS stage=rpc_read elapsed_ms=2 tid=140446473631424 host=DietPi.local export=/mnt/4TBS relative=/pics-sport/local choice/FB-LCC/DSC_1669.jpg iteration=3 outcome=ok bytes=131072 timedout_delta=0 retransmitted_delta=0 reconnects_delta=0
PIC_NFS stage=rpc_read elapsed_ms=4 tid=140446473631424 host=DietPi.local export=/mnt/4TBS relative=/pics-sport/local choice/FB-LCC/DSC_1669.jpg iteration=4 outcome=ok bytes=262144 timedout_delta=0 retransmitted_delta=0 reconnects_delta=0
PIC_NFS stage=rpc_read elapsed_ms=5 tid=140446473631424 host=DietPi.local export=/mnt/4TBS relative=/pics-sport/local choice/FB-LCC/DSC_1669.jpg iteration=5 outcome=ok bytes=326325 timedout_delta=0 retransmitted_delta=0 reconnects_delta=0
PIC_NFS stage=rpc_read elapsed_ms=0 tid=140446473631424 host=DietPi.local export=/mnt/4TBS relative=/pics-sport/local choice/FB-LCC/DSC_1669.jpg iteration=6 outcome=ok bytes=0 timedout_delta=0 retransmitted_delta=0 reconnects_delta=0
PIC_NFS stage=file_read_complete elapsed_ms=36 tid=140446473631424 host=DietPi.local export=/mnt/4TBS relative=/pics-sport/local choice/FB-LCC/DSC_1669.jpg outcome=ok bytes=850613 calls=6
PIC_NETWORK tid=ThreadId(111) PRIVATE_NFS read_done bytes=850613 elapsed_ms=38 uri=nfs://DietPi.local/mnt/4TBS/pics-sport/local%20choice/FB-LCC/DSC_1669.jpg
PIC_VIEWER source_cache action=insert bytes=850613 uri=nfs://DietPi.local/mnt/4TBS/pics-sport/local%20choice/FB-LCC/DSC_1669.jpg
PIC_VIEWER source_cache action=evict bytes=1152260 uri=nfs://DietPi.local/mnt/4TBS/pics-sport/local%20choice/FB-LCC/DSC_1232.jpg
PIC_VIEWER network_done lane=foreground read_ms=38 bytes=850613 source=network outcome=ok uri=nfs://DietPi.local/mnt/4TBS/pics-sport/local%20choice/FB-LCC/DSC_1669.jpg
PIC_VIEWER decode_stage source_ms=38 cpu_ms=33 uri=nfs://DietPi.local/mnt/4TBS/pics-sport/local%20choice/FB-LCC/DSC_1669.jpg
PIC_VIEWER t_ms=30026 tid=ThreadId(111) decode_done uri=nfs://DietPi.local/mnt/4TBS/pics-sport/local%20choice/FB-LCC/DSC_1669.jpg variant=1124x794 elapsed_ms=76 outcome=ok
PIC_VIEWER t_ms=30028 tid=ThreadId(1) display_apply elapsed_ms=0 uri=nfs://DietPi.local/mnt/4TBS/pics-sport/local%20choice/FB-LCC/DSC_1669.jpg
PIC_VIEWER t_ms=30028 tid=ThreadId(1) display_done lane=foreground source=decode navigation_ms=78 uri=nfs://DietPi.local/mnt/4TBS/pics-sport/local%20choice/FB-LCC/DSC_1669.jpg
PIC_VIEWER t_ms=30028 tid=ThreadId(1) cache_evict uri=nfs://DietPi.local/mnt/4TBS/Spar%20Ladies%202025/FB-Spar%20Womens-ToUpload/DSC_6982.jpg bytes=3372000 remaining_entries=32 remaining_bytes=107944464
PIC_VIEWER t_ms=30200 tid=ThreadId(1) request lane=prefetch action=new uri=nfs://DietPi.local/mnt/4TBS/pics-sport/local%20choice/FB-LCC/DSC_1668.jpg variant=1124x794
PIC_VIEWER t_ms=30200 tid=ThreadId(1) cache_hit lane=prefetch uri=nfs://DietPi.local/mnt/4TBS/pics-sport/local%20choice/FB-LCC/DSC_1670.jpg
PIC_VIEWER t_ms=30200 tid=ThreadId(112) decode_start uri=nfs://DietPi.local/mnt/4TBS/pics-sport/local%20choice/FB-LCC/DSC_1668.jpg variant=1124x794 queue_ms=0
PIC_VIEWER source_cache lane=prefetch action=miss uri=nfs://DietPi.local/mnt/4TBS/pics-sport/local%20choice/FB-LCC/DSC_1668.jpg
PIC_VIEWER network_slot lane=prefetch wait_ms=0 uri=nfs://DietPi.local/mnt/4TBS/pics-sport/local%20choice/FB-LCC/DSC_1668.jpg
PIC_NETWORK tid=ThreadId(112) PRIVATE_NFS export_cache_hit host=DietPi.local count=5
PIC_NETWORK tid=ThreadId(112) PRIVATE_NFS read_start uri=nfs://DietPi.local/mnt/4TBS/pics-sport/local%20choice/FB-LCC/DSC_1668.jpg max_bytes=134217728
PIC_NFS stage=read_session_lock elapsed_ms=0 tid=140446473631424 host=DietPi.local export=/mnt/4TBS relative=/pics-sport/local choice/FB-LCC/DSC_1668.jpg outcome=acquired
PIC_NFS_CONNECT reuse host=DietPi.local export=/mnt/4TBS
PIC_NFS stage=file_open elapsed_ms=2 tid=140446473631424 host=DietPi.local export=/mnt/4TBS relative=/pics-sport/local choice/FB-LCC/DSC_1668.jpg outcome=ok
PIC_NFS stage=rpc_read elapsed_ms=2 tid=140446473631424 host=DietPi.local export=/mnt/4TBS relative=/pics-sport/local choice/FB-LCC/DSC_1668.jpg iteration=1 outcome=ok bytes=65536 timedout_delta=0 retransmitted_delta=0 reconnects_delta=0
PIC_NFS stage=first_read elapsed_ms=2 tid=140446473631424 host=DietPi.local export=/mnt/4TBS relative=/pics-sport/local choice/FB-LCC/DSC_1668.jpg outcome=ok bytes=65536
PIC_NFS stage=rpc_read elapsed_ms=2 tid=140446473631424 host=DietPi.local export=/mnt/4TBS relative=/pics-sport/local choice/FB-LCC/DSC_1668.jpg iteration=2 outcome=ok bytes=65536 timedout_delta=0 retransmitted_delta=0 reconnects_delta=0
PIC_NFS stage=rpc_read elapsed_ms=2 tid=140446473631424 host=DietPi.local export=/mnt/4TBS relative=/pics-sport/local choice/FB-LCC/DSC_1668.jpg iteration=3 outcome=ok bytes=131072 timedout_delta=0 retransmitted_delta=0 reconnects_delta=0
PIC_NFS stage=rpc_read elapsed_ms=3 tid=140446473631424 host=DietPi.local export=/mnt/4TBS relative=/pics-sport/local choice/FB-LCC/DSC_1668.jpg iteration=4 outcome=ok bytes=262144 timedout_delta=0 retransmitted_delta=0 reconnects_delta=0
PIC_NFS stage=rpc_read elapsed_ms=6 tid=140446473631424 host=DietPi.local export=/mnt/4TBS relative=/pics-sport/local choice/FB-LCC/DSC_1668.jpg iteration=5 outcome=ok bytes=493401 timedout_delta=0 retransmitted_delta=0 reconnects_delta=0
PIC_NFS stage=rpc_read elapsed_ms=1 tid=140446473631424 host=DietPi.local export=/mnt/4TBS relative=/pics-sport/local choice/FB-LCC/DSC_1668.jpg iteration=6 outcome=ok bytes=0 timedout_delta=0 retransmitted_delta=0 reconnects_delta=0
PIC_NFS stage=file_read_complete elapsed_ms=17 tid=140446473631424 host=DietPi.local export=/mnt/4TBS relative=/pics-sport/local choice/FB-LCC/DSC_1668.jpg outcome=ok bytes=1017689 calls=6
PIC_NETWORK tid=ThreadId(112) PRIVATE_NFS read_done bytes=1017689 elapsed_ms=18 uri=nfs://DietPi.local/mnt/4TBS/pics-sport/local%20choice/FB-LCC/DSC_1668.jpg
PIC_VIEWER source_cache action=insert bytes=1017689 uri=nfs://DietPi.local/mnt/4TBS/pics-sport/local%20choice/FB-LCC/DSC_1668.jpg
PIC_VIEWER source_cache action=evict bytes=1380416 uri=nfs://DietPi.local/mnt/4TBS/pics-sport/local%20choice/FB-LCC/DSC_1235.jpg
PIC_VIEWER network_done lane=prefetch read_ms=19 bytes=1017689 source=network outcome=ok uri=nfs://DietPi.local/mnt/4TBS/pics-sport/local%20choice/FB-LCC/DSC_1668.jpg
PIC_VIEWER decode_stage source_ms=19 cpu_ms=36 uri=nfs://DietPi.local/mnt/4TBS/pics-sport/local%20choice/FB-LCC/DSC_1668.jpg
PIC_VIEWER t_ms=30259 tid=ThreadId(112) decode_done uri=nfs://DietPi.local/mnt/4TBS/pics-sport/local%20choice/FB-LCC/DSC_1668.jpg variant=1124x794 elapsed_ms=58 outcome=ok
PIC_VIEWER t_ms=30259 tid=ThreadId(1) cache_evict uri=nfs://DietPi.local/mnt/4TBS/Spar%20Ladies%202025/FB-Spar%20Womens-ToUpload/DSC_6983.jpg bytes=3372000 remaining_entries=32 remaining_bytes=107948960
PIC_VIEWER t_ms=31771 tid=ThreadId(1) show_photo_request generation=173 index=416 uri=nfs://DietPi.local/mnt/4TBS/pics-sport/local%20choice/FB-LCC/DSC_1669.jpg
PIC_VIEWER t_ms=31771 tid=ThreadId(1) request lane=foreground action=new uri=nfs://DietPi.local/mnt/4TBS/pics-sport/local%20choice/FB-LCC/DSC_1669.jpg variant=4294967295x4294967295
PIC_VIEWER t_ms=31771 tid=ThreadId(113) decode_start uri=nfs://DietPi.local/mnt/4TBS/pics-sport/local%20choice/FB-LCC/DSC_1669.jpg variant=4294967295x4294967295 queue_ms=0
PIC_VIEWER source_cache lane=foreground action=hit bytes=850613 uri=nfs://DietPi.local/mnt/4TBS/pics-sport/local%20choice/FB-LCC/DSC_1669.jpg
PIC_VIEWER decode_stage source_ms=0 cpu_ms=56 uri=nfs://DietPi.local/mnt/4TBS/pics-sport/local%20choice/FB-LCC/DSC_1669.jpg
PIC_VIEWER t_ms=31844 tid=ThreadId(113) decode_done uri=nfs://DietPi.local/mnt/4TBS/pics-sport/local%20choice/FB-LCC/DSC_1669.jpg variant=4294967295x4294967295 elapsed_ms=72 outcome=ok
PIC_VIEWER t_ms=31853 tid=ThreadId(1) display_apply elapsed_ms=8 uri=nfs://DietPi.local/mnt/4TBS/pics-sport/local%20choice/FB-LCC/DSC_1669.jpg
PIC_VIEWER t_ms=31853 tid=ThreadId(1) display_done lane=foreground source=decode navigation_ms=82 uri=nfs://DietPi.local/mnt/4TBS/pics-sport/local%20choice/FB-LCC/DSC_1669.jpg
PIC_VIEWER t_ms=39792 tid=ThreadId(1) show_photo_request generation=177 index=3890 uri=smb://dietpi.local/4tbp/Work/Arise2014/fonts/fonts/Moi%20Non%20Plus%20Poster.png
PIC_VIEWER t_ms=39792 tid=ThreadId(1) request lane=foreground action=new uri=smb://dietpi.local/4tbp/Work/Arise2014/fonts/fonts/Moi%20Non%20Plus%20Poster.png variant=1124x794
PIC_VIEWER t_ms=39793 tid=ThreadId(115) decode_start uri=smb://dietpi.local/4tbp/Work/Arise2014/fonts/fonts/Moi%20Non%20Plus%20Poster.png variant=1124x794 queue_ms=0
PIC_VIEWER source_cache lane=foreground action=miss uri=smb://dietpi.local/4tbp/Work/Arise2014/fonts/fonts/Moi%20Non%20Plus%20Poster.png
PIC_VIEWER network_slot lane=foreground wait_ms=0 uri=smb://dietpi.local/4tbp/Work/Arise2014/fonts/fonts/Moi%20Non%20Plus%20Poster.png
PIC_SMB_CONNECT create_start
PIC_SMB_CONNECT create_ok
PIC_SMB_READ start
PIC_SMB_READ done bytes=452211
PIC_VIEWER source_cache action=insert bytes=452211 uri=smb://dietpi.local/4tbp/Work/Arise2014/fonts/fonts/Moi%20Non%20Plus%20Poster.png
PIC_VIEWER source_cache action=evict bytes=1009828 uri=nfs://DietPi.local/mnt/4TBS/pics-sport/local%20choice/FB-LCC/DSC_1236.jpg
PIC_VIEWER network_done lane=foreground read_ms=85 bytes=452211 source=network outcome=ok uri=smb://dietpi.local/4tbp/Work/Arise2014/fonts/fonts/Moi%20Non%20Plus%20Poster.png
PIC_VIEWER decode_stage source_ms=85 cpu_ms=3 uri=smb://dietpi.local/4tbp/Work/Arise2014/fonts/fonts/Moi%20Non%20Plus%20Poster.png
PIC_VIEWER t_ms=39883 tid=ThreadId(115) decode_done uri=smb://dietpi.local/4tbp/Work/Arise2014/fonts/fonts/Moi%20Non%20Plus%20Poster.png variant=1124x794 elapsed_ms=90 outcome=ok
PIC_VIEWER t_ms=39883 tid=ThreadId(1) display_apply elapsed_ms=0 uri=smb://dietpi.local/4tbp/Work/Arise2014/fonts/fonts/Moi%20Non%20Plus%20Poster.png
PIC_VIEWER t_ms=39883 tid=ThreadId(1) display_done lane=foreground source=decode navigation_ms=90 uri=smb://dietpi.local/4tbp/Work/Arise2014/fonts/fonts/Moi%20Non%20Plus%20Poster.png
PIC_VIEWER t_ms=39883 tid=ThreadId(1) cache_evict uri=nfs://DietPi.local/mnt/4TBS/Spar%20Ladies%202025/FB-Spar%20Womens-ToUpload/DSC_6984.jpg bytes=3372000 remaining_entries=32 remaining_bytes=105613760
PIC_VIEWER t_ms=40159 tid=ThreadId(1) wheel_event dy=1
PIC_VIEWER t_ms=40159 tid=ThreadId(1) navigation_dispatch source=wheel from_index=3890 to_index=3891 direction=1
PIC_VIEWER t_ms=40159 tid=ThreadId(1) infobar_update source=wheel index=3891 uri=smb://dietpi.local/4tbp/Work/Arise2014/fonts/fonts/Monsieur%20Le%20Chat%20Poster%201.png
PIC_VIEWER t_ms=40160 tid=ThreadId(1) show_photo_request generation=178 index=3891 uri=smb://dietpi.local/4tbp/Work/Arise2014/fonts/fonts/Monsieur%20Le%20Chat%20Poster%201.png
PIC_VIEWER t_ms=40160 tid=ThreadId(1) request lane=foreground action=new uri=smb://dietpi.local/4tbp/Work/Arise2014/fonts/fonts/Monsieur%20Le%20Chat%20Poster%201.png variant=1124x794
PIC_VIEWER t_ms=40160 tid=ThreadId(116) decode_start uri=smb://dietpi.local/4tbp/Work/Arise2014/fonts/fonts/Monsieur%20Le%20Chat%20Poster%201.png variant=1124x794 queue_ms=0
PIC_VIEWER source_cache lane=foreground action=miss uri=smb://dietpi.local/4tbp/Work/Arise2014/fonts/fonts/Monsieur%20Le%20Chat%20Poster%201.png
PIC_VIEWER network_slot lane=foreground wait_ms=0 uri=smb://dietpi.local/4tbp/Work/Arise2014/fonts/fonts/Monsieur%20Le%20Chat%20Poster%201.png
PIC_SMB_CONNECT reuse
PIC_SMB_READ start
PIC_SMB_READ done bytes=228600
PIC_VIEWER source_cache action=insert bytes=228600 uri=smb://dietpi.local/4tbp/Work/Arise2014/fonts/fonts/Monsieur%20Le%20Chat%20Poster%201.png
PIC_VIEWER source_cache action=evict bytes=1376550 uri=nfs://DietPi.local/mnt/4TBS/pics-sport/local%20choice/FB-LCC/DSC_1234.jpg
PIC_VIEWER network_done lane=foreground read_ms=9 bytes=228600 source=network outcome=ok uri=smb://dietpi.local/4tbp/Work/Arise2014/fonts/fonts/Monsieur%20Le%20Chat%20Poster%201.png
PIC_VIEWER decode_stage source_ms=9 cpu_ms=2 uri=smb://dietpi.local/4tbp/Work/Arise2014/fonts/fonts/Monsieur%20Le%20Chat%20Poster%201.png
PIC_VIEWER t_ms=40173 tid=ThreadId(116) decode_done uri=smb://dietpi.local/4tbp/Work/Arise2014/fonts/fonts/Monsieur%20Le%20Chat%20Poster%201.png variant=1124x794 elapsed_ms=13 outcome=ok
PIC_VIEWER t_ms=40176 tid=ThreadId(1) wheel_event dy=1
PIC_VIEWER t_ms=40176 tid=ThreadId(1) wheel_accumulate current_index=3891 target_index=3892 direction=1
PIC_VIEWER t_ms=40177 tid=ThreadId(1) display_apply elapsed_ms=0 uri=smb://dietpi.local/4tbp/Work/Arise2014/fonts/fonts/Monsieur%20Le%20Chat%20Poster%201.png
PIC_VIEWER t_ms=40177 tid=ThreadId(1) display_done lane=foreground source=decode navigation_ms=17 uri=smb://dietpi.local/4tbp/Work/Arise2014/fonts/fonts/Monsieur%20Le%20Chat%20Poster%201.png
PIC_VIEWER t_ms=40177 tid=ThreadId(1) cache_evict uri=nfs://DietPi.local/mnt/4TBS/Spar%20Ladies%202025/FB-Spar%20Womens-ToUpload/DSC_6985.jpg bytes=3372000 remaining_entries=32 remaining_bytes=103278560
PIC_VIEWER t_ms=40177 tid=ThreadId(1) navigation_dispatch source=wheel_coalesced from_index=3891 to_index=3892 direction=1
PIC_VIEWER t_ms=40177 tid=ThreadId(1) infobar_update source=wheel index=3892 uri=smb://dietpi.local/4tbp/Work/Arise2014/fonts/fonts/Moonlight%20Shadow%20Image.png
PIC_VIEWER t_ms=40177 tid=ThreadId(1) show_photo_request generation=179 index=3892 uri=smb://dietpi.local/4tbp/Work/Arise2014/fonts/fonts/Moonlight%20Shadow%20Image.png
PIC_VIEWER t_ms=40177 tid=ThreadId(1) request lane=foreground action=new uri=smb://dietpi.local/4tbp/Work/Arise2014/fonts/fonts/Moonlight%20Shadow%20Image.png variant=1124x794
PIC_VIEWER t_ms=40177 tid=ThreadId(117) decode_start uri=smb://dietpi.local/4tbp/Work/Arise2014/fonts/fonts/Moonlight%20Shadow%20Image.png variant=1124x794 queue_ms=0
PIC_VIEWER source_cache lane=foreground action=miss uri=smb://dietpi.local/4tbp/Work/Arise2014/fonts/fonts/Moonlight%20Shadow%20Image.png
PIC_VIEWER network_slot lane=foreground wait_ms=0 uri=smb://dietpi.local/4tbp/Work/Arise2014/fonts/fonts/Moonlight%20Shadow%20Image.png
PIC_SMB_CONNECT reuse
PIC_SMB_READ start
PIC_VIEWER t_ms=40191 tid=ThreadId(1) wheel_event dy=1
PIC_VIEWER t_ms=40191 tid=ThreadId(1) wheel_accumulate current_index=3892 target_index=3893 direction=1
PIC_SMB_READ done bytes=546090
PIC_VIEWER source_cache action=insert bytes=546090 uri=smb://dietpi.local/4tbp/Work/Arise2014/fonts/fonts/Moonlight%20Shadow%20Image.png
PIC_VIEWER source_cache action=evict bytes=1024080 uri=nfs://DietPi.local/mnt/4TBS/pics-sport/local%20choice/FB-LCC/DSC_1681.jpg
PIC_VIEWER network_done lane=foreground read_ms=13 bytes=546090 source=network outcome=ok uri=smb://dietpi.local/4tbp/Work/Arise2014/fonts/fonts/Moonlight%20Shadow%20Image.png
PIC_VIEWER decode_stage source_ms=14 cpu_ms=3 uri=smb://dietpi.local/4tbp/Work/Arise2014/fonts/fonts/Moonlight%20Shadow%20Image.png
PIC_VIEWER t_ms=40197 tid=ThreadId(117) decode_done uri=smb://dietpi.local/4tbp/Work/Arise2014/fonts/fonts/Moonlight%20Shadow%20Image.png variant=1124x794 elapsed_ms=19 outcome=ok
PIC_VIEWER t_ms=40197 tid=ThreadId(1) display_apply elapsed_ms=0 uri=smb://dietpi.local/4tbp/Work/Arise2014/fonts/fonts/Moonlight%20Shadow%20Image.png
PIC_VIEWER t_ms=40197 tid=ThreadId(1) display_done lane=foreground source=decode navigation_ms=19 uri=smb://dietpi.local/4tbp/Work/Arise2014/fonts/fonts/Moonlight%20Shadow%20Image.png
PIC_VIEWER t_ms=40197 tid=ThreadId(1) cache_evict uri=nfs://DietPi.local/mnt/4TBS/Spar%20Ladies%202025/FB-Spar%20Womens-ToUpload/DSC_6986.jpg bytes=3372000 remaining_entries=32 remaining_bytes=101288960
PIC_VIEWER t_ms=40197 tid=ThreadId(1) navigation_dispatch source=wheel_coalesced from_index=3892 to_index=3893 direction=1
PIC_VIEWER t_ms=40197 tid=ThreadId(1) infobar_update source=wheel index=3893 uri=smb://dietpi.local/4tbp/Work/Arise2014/fonts/fonts/MyValentineLover_fontscafe-dot-com.png
PIC_VIEWER t_ms=40198 tid=ThreadId(1) show_photo_request generation=180 index=3893 uri=smb://dietpi.local/4tbp/Work/Arise2014/fonts/fonts/MyValentineLover_fontscafe-dot-com.png
PIC_VIEWER t_ms=40198 tid=ThreadId(1) request lane=foreground action=new uri=smb://dietpi.local/4tbp/Work/Arise2014/fonts/fonts/MyValentineLover_fontscafe-dot-com.png variant=1124x794
PIC_VIEWER t_ms=40198 tid=ThreadId(118) decode_start uri=smb://dietpi.local/4tbp/Work/Arise2014/fonts/fonts/MyValentineLover_fontscafe-dot-com.png variant=1124x794 queue_ms=0
PIC_VIEWER source_cache lane=foreground action=miss uri=smb://dietpi.local/4tbp/Work/Arise2014/fonts/fonts/MyValentineLover_fontscafe-dot-com.png
PIC_VIEWER network_slot lane=foreground wait_ms=0 uri=smb://dietpi.local/4tbp/Work/Arise2014/fonts/fonts/MyValentineLover_fontscafe-dot-com.png
PIC_SMB_CONNECT reuse
PIC_SMB_READ start
PIC_VIEWER t_ms=40208 tid=ThreadId(1) wheel_event dy=1
PIC_VIEWER t_ms=40208 tid=ThreadId(1) wheel_accumulate current_index=3893 target_index=3894 direction=1
PIC_VIEWER t_ms=40215 tid=ThreadId(1) wheel_event dy=1
PIC_VIEWER t_ms=40215 tid=ThreadId(1) wheel_accumulate current_index=3893 target_index=3895 direction=1
PIC_VIEWER t_ms=40223 tid=ThreadId(1) wheel_event dy=1
PIC_VIEWER t_ms=40223 tid=ThreadId(1) wheel_accumulate current_index=3893 target_index=3896 direction=1
PIC_VIEWER t_ms=40239 tid=ThreadId(1) wheel_event dy=1
PIC_VIEWER t_ms=40239 tid=ThreadId(1) wheel_accumulate current_index=3893 target_index=3897 direction=1
PIC_SMB_READ done bytes=1469033
PIC_VIEWER source_cache action=insert bytes=1469033 uri=smb://dietpi.local/4tbp/Work/Arise2014/fonts/fonts/MyValentineLover_fontscafe-dot-com.png
PIC_VIEWER source_cache action=evict bytes=814959 uri=nfs://DietPi.local/mnt/4TBS/pics-sport/local%20choice/FB-LCC/DSC_1680.jpg
PIC_VIEWER network_done lane=foreground read_ms=48 bytes=1469033 source=network outcome=ok uri=smb://dietpi.local/4tbp/Work/Arise2014/fonts/fonts/MyValentineLover_fontscafe-dot-com.png
PIC_VIEWER t_ms=40248 tid=ThreadId(1) wheel_event dy=1
PIC_VIEWER t_ms=40248 tid=ThreadId(1) wheel_accumulate current_index=3893 target_index=3898 direction=1
PIC_VIEWER decode_stage source_ms=48 cpu_ms=16 uri=smb://dietpi.local/4tbp/Work/Arise2014/fonts/fonts/MyValentineLover_fontscafe-dot-com.png
PIC_VIEWER t_ms=40263 tid=ThreadId(118) decode_done uri=smb://dietpi.local/4tbp/Work/Arise2014/fonts/fonts/MyValentineLover_fontscafe-dot-com.png variant=1124x794 elapsed_ms=65 outcome=ok
PIC_VIEWER t_ms=40264 tid=ThreadId(1) display_apply elapsed_ms=0 uri=smb://dietpi.local/4tbp/Work/Arise2014/fonts/fonts/MyValentineLover_fontscafe-dot-com.png
PIC_VIEWER t_ms=40264 tid=ThreadId(1) display_done lane=foreground source=decode navigation_ms=66 uri=smb://dietpi.local/4tbp/Work/Arise2014/fonts/fonts/MyValentineLover_fontscafe-dot-com.png
PIC_VIEWER t_ms=40264 tid=ThreadId(1) cache_evict uri=nfs://DietPi.local/mnt/4TBS/Spar%20Ladies%202025/FB-Spar%20Womens-ToUpload/DSC_6987.jpg bytes=3372000 remaining_entries=32 remaining_bytes=99181008
PIC_VIEWER t_ms=40264 tid=ThreadId(1) navigation_dispatch source=wheel_coalesced from_index=3893 to_index=3898 direction=1
PIC_VIEWER t_ms=40264 tid=ThreadId(1) infobar_update source=wheel index=3898 uri=smb://dietpi.local/4tbp/Work/Arise2014/fonts/fonts/Quid%20Pro%20Quo%20Image.png
PIC_VIEWER t_ms=40264 tid=ThreadId(1) show_photo_request generation=181 index=3898 uri=smb://dietpi.local/4tbp/Work/Arise2014/fonts/fonts/Quid%20Pro%20Quo%20Image.png
PIC_VIEWER t_ms=40264 tid=ThreadId(1) request lane=foreground action=new uri=smb://dietpi.local/4tbp/Work/Arise2014/fonts/fonts/Quid%20Pro%20Quo%20Image.png variant=1124x794
PIC_VIEWER t_ms=40264 tid=ThreadId(119) decode_start uri=smb://dietpi.local/4tbp/Work/Arise2014/fonts/fonts/Quid%20Pro%20Quo%20Image.png variant=1124x794 queue_ms=0
PIC_VIEWER source_cache lane=foreground action=miss uri=smb://dietpi.local/4tbp/Work/Arise2014/fonts/fonts/Quid%20Pro%20Quo%20Image.png
PIC_VIEWER network_slot lane=foreground wait_ms=0 uri=smb://dietpi.local/4tbp/Work/Arise2014/fonts/fonts/Quid%20Pro%20Quo%20Image.png
PIC_SMB_CONNECT reuse
PIC_SMB_READ start
PIC_SMB_READ done bytes=556446
PIC_VIEWER source_cache action=insert bytes=556446 uri=smb://dietpi.local/4tbp/Work/Arise2014/fonts/fonts/Quid%20Pro%20Quo%20Image.png
PIC_VIEWER source_cache action=evict bytes=787337 uri=nfs://DietPi.local/mnt/4TBS/pics-sport/local%20choice/FB-LCC/DSC_1679.jpg
PIC_VIEWER network_done lane=foreground read_ms=14 bytes=556446 source=network outcome=ok uri=smb://dietpi.local/4tbp/Work/Arise2014/fonts/fonts/Quid%20Pro%20Quo%20Image.png
PIC_VIEWER decode_stage source_ms=14 cpu_ms=3 uri=smb://dietpi.local/4tbp/Work/Arise2014/fonts/fonts/Quid%20Pro%20Quo%20Image.png
PIC_VIEWER t_ms=40284 tid=ThreadId(119) decode_done uri=smb://dietpi.local/4tbp/Work/Arise2014/fonts/fonts/Quid%20Pro%20Quo%20Image.png variant=1124x794 elapsed_ms=19 outcome=ok
PIC_VIEWER t_ms=40284 tid=ThreadId(1) display_apply elapsed_ms=0 uri=smb://dietpi.local/4tbp/Work/Arise2014/fonts/fonts/Quid%20Pro%20Quo%20Image.png
PIC_VIEWER t_ms=40284 tid=ThreadId(1) display_done lane=foreground source=decode navigation_ms=19 uri=smb://dietpi.local/4tbp/Work/Arise2014/fonts/fonts/Quid%20Pro%20Quo%20Image.png
PIC_VIEWER t_ms=40284 tid=ThreadId(1) cache_evict uri=nfs://DietPi.local/mnt/4TBS/Spar%20Ladies%202025/FB-Spar%20Womens-ToUpload/DSC_6988.jpg bytes=3372000 remaining_entries=32 remaining_bytes=97205808
PIC_VIEWER t_ms=40497 tid=ThreadId(1) wheel_event dy=1
PIC_VIEWER t_ms=40497 tid=ThreadId(1) navigation_dispatch source=wheel from_index=3898 to_index=3899 direction=1
PIC_VIEWER t_ms=40497 tid=ThreadId(1) infobar_update source=wheel index=3899 uri=smb://dietpi.local/4tbp/Work/Arise2014/fonts/fonts/Quilted%20Butterfly%20Image.png
PIC_VIEWER t_ms=40498 tid=ThreadId(1) show_photo_request generation=182 index=3899 uri=smb://dietpi.local/4tbp/Work/Arise2014/fonts/fonts/Quilted%20Butterfly%20Image.png
PIC_VIEWER t_ms=40498 tid=ThreadId(1) request lane=foreground action=new uri=smb://dietpi.local/4tbp/Work/Arise2014/fonts/fonts/Quilted%20Butterfly%20Image.png variant=1124x794
PIC_VIEWER t_ms=40498 tid=ThreadId(120) decode_start uri=smb://dietpi.local/4tbp/Work/Arise2014/fonts/fonts/Quilted%20Butterfly%20Image.png variant=1124x794 queue_ms=0
PIC_VIEWER source_cache lane=foreground action=miss uri=smb://dietpi.local/4tbp/Work/Arise2014/fonts/fonts/Quilted%20Butterfly%20Image.png
PIC_VIEWER network_slot lane=foreground wait_ms=0 uri=smb://dietpi.local/4tbp/Work/Arise2014/fonts/fonts/Quilted%20Butterfly%20Image.png
PIC_SMB_CONNECT reuse
PIC_SMB_READ start
PIC_VIEWER t_ms=40512 tid=ThreadId(1) wheel_event dy=1
PIC_VIEWER t_ms=40512 tid=ThreadId(1) wheel_accumulate current_index=3899 target_index=3900 direction=1
PIC_SMB_READ done bytes=702857
PIC_VIEWER source_cache action=insert bytes=702857 uri=smb://dietpi.local/4tbp/Work/Arise2014/fonts/fonts/Quilted%20Butterfly%20Image.png
PIC_VIEWER source_cache action=evict bytes=690201 uri=nfs://DietPi.local/mnt/4TBS/pics-sport/local%20choice/FB-LCC/DSC_1678.jpg
PIC_VIEWER network_done lane=foreground read_ms=15 bytes=702857 source=network outcome=ok uri=smb://dietpi.local/4tbp/Work/Arise2014/fonts/fonts/Quilted%20Butterfly%20Image.png
PIC_VIEWER decode_stage source_ms=15 cpu_ms=5 uri=smb://dietpi.local/4tbp/Work/Arise2014/fonts/fonts/Quilted%20Butterfly%20Image.png
PIC_VIEWER t_ms=40519 tid=ThreadId(1) wheel_event dy=1
PIC_VIEWER t_ms=40520 tid=ThreadId(1) wheel_accumulate current_index=3899 target_index=3901 direction=1
PIC_VIEWER t_ms=40520 tid=ThreadId(120) decode_done uri=smb://dietpi.local/4tbp/Work/Arise2014/fonts/fonts/Quilted%20Butterfly%20Image.png variant=1124x794 elapsed_ms=21 outcome=ok
PIC_VIEWER t_ms=40520 tid=ThreadId(1) display_apply elapsed_ms=0 uri=smb://dietpi.local/4tbp/Work/Arise2014/fonts/fonts/Quilted%20Butterfly%20Image.png
PIC_VIEWER t_ms=40520 tid=ThreadId(1) display_done lane=foreground source=decode navigation_ms=22 uri=smb://dietpi.local/4tbp/Work/Arise2014/fonts/fonts/Quilted%20Butterfly%20Image.png
PIC_VIEWER t_ms=40520 tid=ThreadId(1) cache_evict uri=nfs://DietPi.local/mnt/4TBS/Spar%20Ladies%202025/FB-Spar%20Womens-ToUpload/DSC_6989.jpg bytes=3372000 remaining_entries=32 remaining_bytes=95429328
PIC_VIEWER t_ms=40520 tid=ThreadId(1) navigation_dispatch source=wheel_coalesced from_index=3899 to_index=3901 direction=1
PIC_VIEWER t_ms=40520 tid=ThreadId(1) infobar_update source=wheel index=3901 uri=smb://dietpi.local/4tbp/Work/Arise2014/fonts/fonts/remachine_poster.png
PIC_VIEWER t_ms=40521 tid=ThreadId(1) show_photo_request generation=183 index=3901 uri=smb://dietpi.local/4tbp/Work/Arise2014/fonts/fonts/remachine_poster.png
PIC_VIEWER t_ms=40521 tid=ThreadId(1) request lane=foreground action=new uri=smb://dietpi.local/4tbp/Work/Arise2014/fonts/fonts/remachine_poster.png variant=1124x794
PIC_VIEWER t_ms=40521 tid=ThreadId(121) decode_start uri=smb://dietpi.local/4tbp/Work/Arise2014/fonts/fonts/remachine_poster.png variant=1124x794 queue_ms=0
PIC_VIEWER source_cache lane=foreground action=miss uri=smb://dietpi.local/4tbp/Work/Arise2014/fonts/fonts/remachine_poster.png
PIC_VIEWER network_slot lane=foreground wait_ms=0 uri=smb://dietpi.local/4tbp/Work/Arise2014/fonts/fonts/remachine_poster.png
PIC_SMB_CONNECT reuse
PIC_SMB_READ start
PIC_VIEWER t_ms=40528 tid=ThreadId(1) wheel_event dy=1
PIC_VIEWER t_ms=40528 tid=ThreadId(1) wheel_accumulate current_index=3901 target_index=3902 direction=1
PIC_SMB_READ done bytes=1229600
PIC_VIEWER source_cache action=insert bytes=1229600 uri=smb://dietpi.local/4tbp/Work/Arise2014/fonts/fonts/remachine_poster.png
PIC_VIEWER source_cache action=evict bytes=1068719 uri=nfs://DietPi.local/mnt/4TBS/pics-sport/local%20choice/FB-LCC/DSC_1677.jpg
PIC_VIEWER network_done lane=foreground read_ms=22 bytes=1229600 source=network outcome=ok uri=smb://dietpi.local/4tbp/Work/Arise2014/fonts/fonts/remachine_poster.png
PIC_VIEWER t_ms=40543 tid=ThreadId(1) wheel_event dy=1
PIC_VIEWER t_ms=40543 tid=ThreadId(1) wheel_accumulate current_index=3901 target_index=3903 direction=1
PIC_VIEWER t_ms=40560 tid=ThreadId(1) wheel_event dy=1
PIC_VIEWER t_ms=40560 tid=ThreadId(1) wheel_accumulate current_index=3901 target_index=3904 direction=1
PIC_VIEWER decode_stage source_ms=22 cpu_ms=17 uri=smb://dietpi.local/4tbp/Work/Arise2014/fonts/fonts/remachine_poster.png
PIC_VIEWER t_ms=40562 tid=ThreadId(121) decode_done uri=smb://dietpi.local/4tbp/Work/Arise2014/fonts/fonts/remachine_poster.png variant=1124x794 elapsed_ms=41 outcome=ok
PIC_VIEWER t_ms=40564 tid=ThreadId(1) display_apply elapsed_ms=0 uri=smb://dietpi.local/4tbp/Work/Arise2014/fonts/fonts/remachine_poster.png
PIC_VIEWER t_ms=40564 tid=ThreadId(1) display_done lane=foreground source=decode navigation_ms=43 uri=smb://dietpi.local/4tbp/Work/Arise2014/fonts/fonts/remachine_poster.png
PIC_VIEWER t_ms=40564 tid=ThreadId(1) cache_evict uri=nfs://DietPi.local/mnt/4TBS/Spar%20Ladies%202025/FB-Spar%20Womens-ToUpload/DSC_6990.jpg bytes=3372000 remaining_entries=32 remaining_bytes=94584080
PIC_VIEWER t_ms=40564 tid=ThreadId(1) navigation_dispatch source=wheel_coalesced from_index=3901 to_index=3904 direction=1
PIC_VIEWER t_ms=40564 tid=ThreadId(1) infobar_update source=wheel index=3904 uri=smb://dietpi.local/4tbp/Work/Arise2014/fonts/fonts/show.png
PIC_VIEWER t_ms=40564 tid=ThreadId(1) show_photo_request generation=184 index=3904 uri=smb://dietpi.local/4tbp/Work/Arise2014/fonts/fonts/show.png
PIC_VIEWER t_ms=40564 tid=ThreadId(1) request lane=foreground action=new uri=smb://dietpi.local/4tbp/Work/Arise2014/fonts/fonts/show.png variant=1124x794
PIC_VIEWER t_ms=40564 tid=ThreadId(122) decode_start uri=smb://dietpi.local/4tbp/Work/Arise2014/fonts/fonts/show.png variant=1124x794 queue_ms=0
PIC_VIEWER source_cache lane=foreground action=miss uri=smb://dietpi.local/4tbp/Work/Arise2014/fonts/fonts/show.png
PIC_VIEWER network_slot lane=foreground wait_ms=0 uri=smb://dietpi.local/4tbp/Work/Arise2014/fonts/fonts/show.png
PIC_SMB_CONNECT reuse
PIC_SMB_READ start
PIC_SMB_READ done bytes=19393
PIC_VIEWER source_cache action=insert bytes=19393 uri=smb://dietpi.local/4tbp/Work/Arise2014/fonts/fonts/show.png
PIC_VIEWER source_cache action=evict bytes=855901 uri=nfs://DietPi.local/mnt/4TBS/pics-sport/local%20choice/FB-LCC/DSC_1676.jpg
PIC_VIEWER network_done lane=foreground read_ms=4 bytes=19393 source=network outcome=ok uri=smb://dietpi.local/4tbp/Work/Arise2014/fonts/fonts/show.png
PIC_VIEWER decode_stage source_ms=4 cpu_ms=1 uri=smb://dietpi.local/4tbp/Work/Arise2014/fonts/fonts/show.png
PIC_VIEWER t_ms=40570 tid=ThreadId(122) decode_done uri=smb://dietpi.local/4tbp/Work/Arise2014/fonts/fonts/show.png variant=1124x794 elapsed_ms=5 outcome=ok
PIC_VIEWER t_ms=40570 tid=ThreadId(1) display_apply elapsed_ms=0 uri=smb://dietpi.local/4tbp/Work/Arise2014/fonts/fonts/show.png
PIC_VIEWER t_ms=40570 tid=ThreadId(1) display_done lane=foreground source=decode navigation_ms=5 uri=smb://dietpi.local/4tbp/Work/Arise2014/fonts/fonts/show.png
PIC_VIEWER t_ms=40570 tid=ThreadId(1) cache_evict uri=nfs://DietPi.local/mnt/4TBS/Spar%20Ladies%202025/FB-Spar%20Womens-ToUpload/DSC_6991.jpg bytes=3372000 remaining_entries=32 remaining_bytes=91414688
PIC_VIEWER t_ms=40814 tid=ThreadId(1) request lane=prefetch action=new uri=smb://dietpi.local/4tbp/Work/Arise2014/fonts/fonts/show2.png variant=1124x794
PIC_VIEWER t_ms=40814 tid=ThreadId(1) request lane=prefetch action=new uri=smb://dietpi.local/4tbp/Work/Arise2014/fonts/fonts/Rumpelstiltskin%20Image.png variant=1124x794
PIC_VIEWER t_ms=40814 tid=ThreadId(123) decode_start uri=smb://dietpi.local/4tbp/Work/Arise2014/fonts/fonts/show2.png variant=1124x794 queue_ms=0
PIC_VIEWER source_cache lane=prefetch action=miss uri=smb://dietpi.local/4tbp/Work/Arise2014/fonts/fonts/show2.png
PIC_VIEWER network_slot lane=prefetch wait_ms=0 uri=smb://dietpi.local/4tbp/Work/Arise2014/fonts/fonts/show2.png
PIC_SMB_CONNECT reuse
PIC_SMB_READ start
PIC_VIEWER t_ms=40814 tid=ThreadId(124) decode_start uri=smb://dietpi.local/4tbp/Work/Arise2014/fonts/fonts/Rumpelstiltskin%20Image.png variant=1124x794 queue_ms=0
PIC_VIEWER source_cache lane=prefetch action=miss uri=smb://dietpi.local/4tbp/Work/Arise2014/fonts/fonts/Rumpelstiltskin%20Image.png
PIC_SMB_READ done bytes=108854
PIC_VIEWER source_cache action=insert bytes=108854 uri=smb://dietpi.local/4tbp/Work/Arise2014/fonts/fonts/show2.png
PIC_VIEWER source_cache action=evict bytes=818808 uri=nfs://DietPi.local/mnt/4TBS/pics-sport/local%20choice/FB-LCC/DSC_1675.jpg
PIC_VIEWER network_done lane=prefetch read_ms=6 bytes=108854 source=network outcome=ok uri=smb://dietpi.local/4tbp/Work/Arise2014/fonts/fonts/show2.png
PIC_VIEWER network_slot lane=prefetch wait_ms=6 uri=smb://dietpi.local/4tbp/Work/Arise2014/fonts/fonts/Rumpelstiltskin%20Image.png
PIC_SMB_CONNECT reuse
PIC_SMB_READ start
PIC_VIEWER decode_stage source_ms=6 cpu_ms=2 uri=smb://dietpi.local/4tbp/Work/Arise2014/fonts/fonts/show2.png
PIC_VIEWER t_ms=40824 tid=ThreadId(123) decode_done uri=smb://dietpi.local/4tbp/Work/Arise2014/fonts/fonts/show2.png variant=1124x794 elapsed_ms=9 outcome=ok
PIC_VIEWER t_ms=40824 tid=ThreadId(1) cache_evict uri=nfs://DietPi.local/mnt/4TBS/Spar%20Ladies%202025/FB-Spar%20Womens-ToUpload/DSC_6992.jpg bytes=3372000 remaining_entries=32 remaining_bytes=89018752
PIC_SMB_READ done bytes=624206
PIC_VIEWER source_cache action=insert bytes=624206 uri=smb://dietpi.local/4tbp/Work/Arise2014/fonts/fonts/Rumpelstiltskin%20Image.png
PIC_VIEWER source_cache action=evict bytes=861112 uri=nfs://DietPi.local/mnt/4TBS/pics-sport/local%20choice/FB-LCC/DSC_1674.jpg
PIC_VIEWER network_done lane=prefetch read_ms=14 bytes=624206 source=network outcome=ok uri=smb://dietpi.local/4tbp/Work/Arise2014/fonts/fonts/Rumpelstiltskin%20Image.png
PIC_VIEWER decode_stage source_ms=20 cpu_ms=5 uri=smb://dietpi.local/4tbp/Work/Arise2014/fonts/fonts/Rumpelstiltskin%20Image.png
PIC_VIEWER t_ms=40842 tid=ThreadId(124) decode_done uri=smb://dietpi.local/4tbp/Work/Arise2014/fonts/fonts/Rumpelstiltskin%20Image.png variant=1124x794 elapsed_ms=27 outcome=ok
PIC_VIEWER t_ms=40842 tid=ThreadId(1) cache_evict uri=nfs://DietPi.local/mnt/4TBS/Spar%20Ladies%202025/FB-Spar%20Womens-ToUpload/DSC_6998.jpg bytes=3372000 remaining_entries=32 remaining_bytes=87271072
PIC_VIEWER t_ms=49422 tid=ThreadId(1) show_photo_request generation=186 index=4864 uri=smb://dietpi.local/4tbp/Work/Willow%20Web/images/DSC_3527.JPG
PIC_VIEWER t_ms=49423 tid=ThreadId(1) request lane=foreground action=new uri=smb://dietpi.local/4tbp/Work/Willow%20Web/images/DSC_3527.JPG variant=1124x794
PIC_VIEWER t_ms=49423 tid=ThreadId(125) decode_start uri=smb://dietpi.local/4tbp/Work/Willow%20Web/images/DSC_3527.JPG variant=1124x794 queue_ms=0
PIC_VIEWER source_cache lane=foreground action=miss uri=smb://dietpi.local/4tbp/Work/Willow%20Web/images/DSC_3527.JPG
PIC_VIEWER network_slot lane=foreground wait_ms=0 uri=smb://dietpi.local/4tbp/Work/Willow%20Web/images/DSC_3527.JPG
PIC_SMB_CONNECT reuse
PIC_SMB_READ start
PIC_SMB_READ done bytes=218529
PIC_VIEWER source_cache action=insert bytes=218529 uri=smb://dietpi.local/4tbp/Work/Willow%20Web/images/DSC_3527.JPG
PIC_VIEWER source_cache action=evict bytes=771999 uri=nfs://DietPi.local/mnt/4TBS/pics-sport/local%20choice/FB-LCC/DSC_1673.jpg
PIC_VIEWER network_done lane=foreground read_ms=10 bytes=218529 source=network outcome=ok uri=smb://dietpi.local/4tbp/Work/Willow%20Web/images/DSC_3527.JPG
PIC_VIEWER decode_stage source_ms=10 cpu_ms=19 uri=smb://dietpi.local/4tbp/Work/Willow%20Web/images/DSC_3527.JPG
PIC_VIEWER t_ms=49454 tid=ThreadId(125) decode_done uri=smb://dietpi.local/4tbp/Work/Willow%20Web/images/DSC_3527.JPG variant=1124x794 elapsed_ms=31 outcome=ok
PIC_VIEWER t_ms=49455 tid=ThreadId(1) display_apply elapsed_ms=0 uri=smb://dietpi.local/4tbp/Work/Willow%20Web/images/DSC_3527.JPG
PIC_VIEWER t_ms=49455 tid=ThreadId(1) display_done lane=foreground source=decode navigation_ms=32 uri=smb://dietpi.local/4tbp/Work/Willow%20Web/images/DSC_3527.JPG
PIC_VIEWER t_ms=49455 tid=ThreadId(1) cache_evict uri=nfs://DietPi.local/mnt/4TBS/Spar%20Ladies%202025/FB-Spar%20Womens-ToUpload/DSC_6997.jpg bytes=3372000 remaining_entries=32 remaining_bytes=86416832
PIC_VIEWER t_ms=49760 tid=ThreadId(1) wheel_event dy=1
PIC_VIEWER t_ms=49760 tid=ThreadId(1) navigation_dispatch source=wheel from_index=4864 to_index=4865 direction=1
PIC_VIEWER t_ms=49760 tid=ThreadId(1) infobar_update source=wheel index=4865 uri=smb://dietpi.local/4tbp/Work/Willow%20Web/images/DSC_6997.jpg
PIC_VIEWER t_ms=49760 tid=ThreadId(1) show_photo_request generation=187 index=4865 uri=smb://dietpi.local/4tbp/Work/Willow%20Web/images/DSC_6997.jpg
PIC_VIEWER t_ms=49760 tid=ThreadId(1) request lane=foreground action=new uri=smb://dietpi.local/4tbp/Work/Willow%20Web/images/DSC_6997.jpg variant=1124x794
PIC_VIEWER t_ms=49760 tid=ThreadId(126) decode_start uri=smb://dietpi.local/4tbp/Work/Willow%20Web/images/DSC_6997.jpg variant=1124x794 queue_ms=0
PIC_VIEWER source_cache lane=foreground action=miss uri=smb://dietpi.local/4tbp/Work/Willow%20Web/images/DSC_6997.jpg
PIC_VIEWER network_slot lane=foreground wait_ms=0 uri=smb://dietpi.local/4tbp/Work/Willow%20Web/images/DSC_6997.jpg
PIC_SMB_CONNECT reuse
PIC_SMB_READ start
PIC_SMB_READ done bytes=242535
PIC_VIEWER source_cache action=insert bytes=242535 uri=smb://dietpi.local/4tbp/Work/Willow%20Web/images/DSC_6997.jpg
PIC_VIEWER source_cache action=evict bytes=1006300 uri=nfs://DietPi.local/mnt/4TBS/pics-sport/local%20choice/FB-LCC/DSC_1672.jpg
PIC_VIEWER network_done lane=foreground read_ms=8 bytes=242535 source=network outcome=ok uri=smb://dietpi.local/4tbp/Work/Willow%20Web/images/DSC_6997.jpg
PIC_VIEWER t_ms=49776 tid=ThreadId(1) wheel_event dy=1
PIC_VIEWER t_ms=49776 tid=ThreadId(1) wheel_accumulate current_index=4865 target_index=4866 direction=1
PIC_VIEWER decode_stage source_ms=8 cpu_ms=13 uri=smb://dietpi.local/4tbp/Work/Willow%20Web/images/DSC_6997.jpg
PIC_VIEWER t_ms=49784 tid=ThreadId(126) decode_done uri=smb://dietpi.local/4tbp/Work/Willow%20Web/images/DSC_6997.jpg variant=1124x794 elapsed_ms=23 outcome=ok
PIC_VIEWER t_ms=49785 tid=ThreadId(1) display_apply elapsed_ms=0 uri=smb://dietpi.local/4tbp/Work/Willow%20Web/images/DSC_6997.jpg
PIC_VIEWER t_ms=49785 tid=ThreadId(1) display_done lane=foreground source=decode navigation_ms=24 uri=smb://dietpi.local/4tbp/Work/Willow%20Web/images/DSC_6997.jpg
PIC_VIEWER t_ms=49785 tid=ThreadId(1) cache_evict uri=nfs://DietPi.local/mnt/4TBS/Spar%20Ladies%202025/FB-Spar%20Womens-ToUpload/DSC_6999.jpg bytes=3372000 remaining_entries=32 remaining_bytes=85958240
PIC_VIEWER t_ms=49785 tid=ThreadId(1) navigation_dispatch source=wheel_coalesced from_index=4865 to_index=4866 direction=1
PIC_VIEWER t_ms=49785 tid=ThreadId(1) infobar_update source=wheel index=4866 uri=smb://dietpi.local/4tbp/Work/Willow%20Web/images/DSC_7011.jpg
PIC_VIEWER t_ms=49785 tid=ThreadId(1) show_photo_request generation=188 index=4866 uri=smb://dietpi.local/4tbp/Work/Willow%20Web/images/DSC_7011.jpg
PIC_VIEWER t_ms=49785 tid=ThreadId(1) request lane=foreground action=new uri=smb://dietpi.local/4tbp/Work/Willow%20Web/images/DSC_7011.jpg variant=1124x794
PIC_VIEWER t_ms=49785 tid=ThreadId(127) decode_start uri=smb://dietpi.local/4tbp/Work/Willow%20Web/images/DSC_7011.jpg variant=1124x794 queue_ms=0
PIC_VIEWER source_cache lane=foreground action=miss uri=smb://dietpi.local/4tbp/Work/Willow%20Web/images/DSC_7011.jpg
PIC_VIEWER network_slot lane=foreground wait_ms=0 uri=smb://dietpi.local/4tbp/Work/Willow%20Web/images/DSC_7011.jpg
PIC_SMB_CONNECT reuse
PIC_SMB_READ start
PIC_VIEWER t_ms=49792 tid=ThreadId(1) wheel_event dy=1
PIC_VIEWER t_ms=49792 tid=ThreadId(1) wheel_accumulate current_index=4866 target_index=4867 direction=1
PIC_SMB_READ done bytes=180535
PIC_VIEWER source_cache action=insert bytes=180535 uri=smb://dietpi.local/4tbp/Work/Willow%20Web/images/DSC_7011.jpg
PIC_VIEWER source_cache action=evict bytes=1009162 uri=nfs://DietPi.local/mnt/4TBS/pics-sport/local%20choice/FB-LCC/DSC_1671.jpg
PIC_VIEWER network_done lane=foreground read_ms=8 bytes=180535 source=network outcome=ok uri=smb://dietpi.local/4tbp/Work/Willow%20Web/images/DSC_7011.jpg
PIC_VIEWER decode_stage source_ms=8 cpu_ms=10 uri=smb://dietpi.local/4tbp/Work/Willow%20Web/images/DSC_7011.jpg
PIC_VIEWER t_ms=49807 tid=ThreadId(127) decode_done uri=smb://dietpi.local/4tbp/Work/Willow%20Web/images/DSC_7011.jpg variant=1124x794 elapsed_ms=21 outcome=ok
PIC_VIEWER t_ms=49807 tid=ThreadId(1) display_apply elapsed_ms=0 uri=smb://dietpi.local/4tbp/Work/Willow%20Web/images/DSC_7011.jpg
PIC_VIEWER t_ms=49807 tid=ThreadId(1) display_done lane=foreground source=decode navigation_ms=22 uri=smb://dietpi.local/4tbp/Work/Willow%20Web/images/DSC_7011.jpg
PIC_VIEWER t_ms=49807 tid=ThreadId(1) cache_evict uri=nfs://DietPi.local/mnt/4TBS/pics-sport/local%20choice/FB-LCC/DSC_1217.jpg bytes=3372000 remaining_entries=32 remaining_bytes=85247872
PIC_VIEWER t_ms=49807 tid=ThreadId(1) navigation_dispatch source=wheel_coalesced from_index=4866 to_index=4867 direction=1
PIC_VIEWER t_ms=49808 tid=ThreadId(1) infobar_update source=wheel index=4867 uri=smb://dietpi.local/4tbp/Work/Willow%20Web/images/DSC_7031.jpg
PIC_VIEWER t_ms=49808 tid=ThreadId(1) show_photo_request generation=189 index=4867 uri=smb://dietpi.local/4tbp/Work/Willow%20Web/images/DSC_7031.jpg
PIC_VIEWER t_ms=49808 tid=ThreadId(1) request lane=foreground action=new uri=smb://dietpi.local/4tbp/Work/Willow%20Web/images/DSC_7031.jpg variant=1124x794
PIC_VIEWER t_ms=49808 tid=ThreadId(128) decode_start uri=smb://dietpi.local/4tbp/Work/Willow%20Web/images/DSC_7031.jpg variant=1124x794 queue_ms=0
PIC_VIEWER source_cache lane=foreground action=miss uri=smb://dietpi.local/4tbp/Work/Willow%20Web/images/DSC_7031.jpg
PIC_VIEWER t_ms=49808 tid=ThreadId(1) wheel_event dy=1
PIC_VIEWER t_ms=49808 tid=ThreadId(1) wheel_accumulate current_index=4867 target_index=4868 direction=1
PIC_VIEWER network_slot lane=foreground wait_ms=0 uri=smb://dietpi.local/4tbp/Work/Willow%20Web/images/DSC_7031.jpg
PIC_SMB_CONNECT reuse
PIC_SMB_READ start
PIC_SMB_READ done bytes=195323
PIC_VIEWER source_cache action=insert bytes=195323 uri=smb://dietpi.local/4tbp/Work/Willow%20Web/images/DSC_7031.jpg
PIC_VIEWER source_cache action=evict bytes=835053 uri=nfs://DietPi.local/mnt/4TBS/pics-sport/local%20choice/FB-LCC/DSC_1670.jpg
PIC_VIEWER network_done lane=foreground read_ms=8 bytes=195323 source=network outcome=ok uri=smb://dietpi.local/4tbp/Work/Willow%20Web/images/DSC_7031.jpg
PIC_VIEWER t_ms=49824 tid=ThreadId(1) wheel_event dy=1
PIC_VIEWER t_ms=49824 tid=ThreadId(1) wheel_accumulate current_index=4867 target_index=4869 direction=1
PIC_VIEWER decode_stage source_ms=8 cpu_ms=9 uri=smb://dietpi.local/4tbp/Work/Willow%20Web/images/DSC_7031.jpg
PIC_VIEWER t_ms=49828 tid=ThreadId(128) decode_done uri=smb://dietpi.local/4tbp/Work/Willow%20Web/images/DSC_7031.jpg variant=1124x794 elapsed_ms=19 outcome=ok
PIC_VIEWER t_ms=49830 tid=ThreadId(1) display_apply elapsed_ms=0 uri=smb://dietpi.local/4tbp/Work/Willow%20Web/images/DSC_7031.jpg
PIC_VIEWER t_ms=49830 tid=ThreadId(1) display_done lane=foreground source=decode navigation_ms=21 uri=smb://dietpi.local/4tbp/Work/Willow%20Web/images/DSC_7031.jpg
PIC_VIEWER t_ms=49830 tid=ThreadId(1) cache_evict uri=nfs://DietPi.local/mnt/4TBS/pics-sport/local%20choice/FB-LCC/DSC_1223.jpg bytes=3367504 remaining_entries=32 remaining_bytes=84137360
PIC_VIEWER t_ms=49830 tid=ThreadId(1) navigation_dispatch source=wheel_coalesced from_index=4867 to_index=4869 direction=1
PIC_VIEWER t_ms=49830 tid=ThreadId(1) infobar_update source=wheel index=4869 uri=smb://dietpi.local/4tbp/Work/Willow%20Web/images/DSC_7141.jpg
PIC_VIEWER t_ms=49830 tid=ThreadId(1) show_photo_request generation=190 index=4869 uri=smb://dietpi.local/4tbp/Work/Willow%20Web/images/DSC_7141.jpg
PIC_VIEWER t_ms=49830 tid=ThreadId(1) request lane=foreground action=new uri=smb://dietpi.local/4tbp/Work/Willow%20Web/images/DSC_7141.jpg variant=1124x794
PIC_VIEWER t_ms=49830 tid=ThreadId(129) decode_start uri=smb://dietpi.local/4tbp/Work/Willow%20Web/images/DSC_7141.jpg variant=1124x794 queue_ms=0
PIC_VIEWER source_cache lane=foreground action=miss uri=smb://dietpi.local/4tbp/Work/Willow%20Web/images/DSC_7141.jpg
PIC_VIEWER network_slot lane=foreground wait_ms=0 uri=smb://dietpi.local/4tbp/Work/Willow%20Web/images/DSC_7141.jpg
PIC_SMB_CONNECT reuse
PIC_SMB_READ start
PIC_VIEWER t_ms=49856 tid=ThreadId(1) wheel_event dy=1
PIC_VIEWER t_ms=49856 tid=ThreadId(1) wheel_accumulate current_index=4869 target_index=4870 direction=1
PIC_SMB_READ done bytes=154666
PIC_VIEWER source_cache action=insert bytes=154666 uri=smb://dietpi.local/4tbp/Work/Willow%20Web/images/DSC_7141.jpg
PIC_VIEWER source_cache action=evict bytes=1017689 uri=nfs://DietPi.local/mnt/4TBS/pics-sport/local%20choice/FB-LCC/DSC_1668.jpg
PIC_VIEWER network_done lane=foreground read_ms=28 bytes=154666 source=network outcome=ok uri=smb://dietpi.local/4tbp/Work/Willow%20Web/images/DSC_7141.jpg
PIC_VIEWER decode_stage source_ms=28 cpu_ms=9 uri=smb://dietpi.local/4tbp/Work/Willow%20Web/images/DSC_7141.jpg
PIC_VIEWER t_ms=49870 tid=ThreadId(129) decode_done uri=smb://dietpi.local/4tbp/Work/Willow%20Web/images/DSC_7141.jpg variant=1124x794 elapsed_ms=40 outcome=ok
PIC_VIEWER t_ms=49873 tid=ThreadId(1) display_apply elapsed_ms=0 uri=smb://dietpi.local/4tbp/Work/Willow%20Web/images/DSC_7141.jpg
PIC_VIEWER t_ms=49873 tid=ThreadId(1) display_done lane=foreground source=decode navigation_ms=43 uri=smb://dietpi.local/4tbp/Work/Willow%20Web/images/DSC_7141.jpg
PIC_VIEWER t_ms=49873 tid=ThreadId(1) cache_evict uri=nfs://DietPi.local/mnt/4TBS/pics-sport/local%20choice/FB-LCC/DSC_1232.jpg bytes=3367504 remaining_entries=32 remaining_bytes=83539392
PIC_VIEWER t_ms=49873 tid=ThreadId(1) navigation_dispatch source=wheel_coalesced from_index=4869 to_index=4870 direction=1
PIC_VIEWER t_ms=49873 tid=ThreadId(1) infobar_update source=wheel index=4870 uri=smb://dietpi.local/4tbp/Work/Willow%20Web/images/DSC_7154.jpg
PIC_VIEWER t_ms=49874 tid=ThreadId(1) show_photo_request generation=191 index=4870 uri=smb://dietpi.local/4tbp/Work/Willow%20Web/images/DSC_7154.jpg
PIC_VIEWER t_ms=49874 tid=ThreadId(1) request lane=foreground action=new uri=smb://dietpi.local/4tbp/Work/Willow%20Web/images/DSC_7154.jpg variant=1124x794
PIC_VIEWER t_ms=49874 tid=ThreadId(130) decode_start uri=smb://dietpi.local/4tbp/Work/Willow%20Web/images/DSC_7154.jpg variant=1124x794 queue_ms=0
PIC_VIEWER source_cache lane=foreground action=miss uri=smb://dietpi.local/4tbp/Work/Willow%20Web/images/DSC_7154.jpg
PIC_VIEWER network_slot lane=foreground wait_ms=0 uri=smb://dietpi.local/4tbp/Work/Willow%20Web/images/DSC_7154.jpg
PIC_SMB_CONNECT reuse
PIC_SMB_READ start
PIC_SMB_READ done bytes=130744
PIC_VIEWER source_cache action=insert bytes=130744 uri=smb://dietpi.local/4tbp/Work/Willow%20Web/images/DSC_7154.jpg
PIC_VIEWER source_cache action=evict bytes=850613 uri=nfs://DietPi.local/mnt/4TBS/pics-sport/local%20choice/FB-LCC/DSC_1669.jpg
PIC_VIEWER network_done lane=foreground read_ms=11 bytes=130744 source=network outcome=ok uri=smb://dietpi.local/4tbp/Work/Willow%20Web/images/DSC_7154.jpg
PIC_VIEWER decode_stage source_ms=11 cpu_ms=9 uri=smb://dietpi.local/4tbp/Work/Willow%20Web/images/DSC_7154.jpg
PIC_VIEWER t_ms=49897 tid=ThreadId(130) decode_done uri=smb://dietpi.local/4tbp/Work/Willow%20Web/images/DSC_7154.jpg variant=1124x794 elapsed_ms=23 outcome=ok
PIC_VIEWER t_ms=49900 tid=ThreadId(1) display_apply elapsed_ms=0 uri=smb://dietpi.local/4tbp/Work/Willow%20Web/images/DSC_7154.jpg
PIC_VIEWER t_ms=49900 tid=ThreadId(1) display_done lane=foreground source=decode navigation_ms=26 uri=smb://dietpi.local/4tbp/Work/Willow%20Web/images/DSC_7154.jpg
PIC_VIEWER t_ms=49900 tid=ThreadId(1) cache_evict uri=nfs://DietPi.local/mnt/4TBS/pics-sport/local%20choice/FB-LCC/DSC_1235.jpg bytes=3367504 remaining_entries=32 remaining_bytes=82873984
PIC_VIEWER t_ms=49904 tid=ThreadId(1) wheel_event dy=1
PIC_VIEWER t_ms=49904 tid=ThreadId(1) navigation_dispatch source=wheel from_index=4870 to_index=4871 direction=1
PIC_VIEWER t_ms=49904 tid=ThreadId(1) infobar_update source=wheel index=4871 uri=smb://dietpi.local/4tbp/Work/Willow%20Web/images/DSC_7567.JPG
PIC_VIEWER t_ms=49904 tid=ThreadId(1) show_photo_request generation=192 index=4871 uri=smb://dietpi.local/4tbp/Work/Willow%20Web/images/DSC_7567.JPG
PIC_VIEWER t_ms=49904 tid=ThreadId(1) request lane=foreground action=new uri=smb://dietpi.local/4tbp/Work/Willow%20Web/images/DSC_7567.JPG variant=1124x794
PIC_VIEWER t_ms=49904 tid=ThreadId(131) decode_start uri=smb://dietpi.local/4tbp/Work/Willow%20Web/images/DSC_7567.JPG variant=1124x794 queue_ms=0
PIC_VIEWER source_cache lane=foreground action=miss uri=smb://dietpi.local/4tbp/Work/Willow%20Web/images/DSC_7567.JPG
PIC_VIEWER network_slot lane=foreground wait_ms=0 uri=smb://dietpi.local/4tbp/Work/Willow%20Web/images/DSC_7567.JPG
PIC_SMB_CONNECT reuse
PIC_SMB_READ start
PIC_SMB_READ done bytes=1715824
PIC_VIEWER source_cache action=insert bytes=1715824 uri=smb://dietpi.local/4tbp/Work/Willow%20Web/images/DSC_7567.JPG
PIC_VIEWER source_cache action=evict bytes=452211 uri=smb://dietpi.local/4tbp/Work/Arise2014/fonts/fonts/Moi%20Non%20Plus%20Poster.png
PIC_VIEWER network_done lane=foreground read_ms=26 bytes=1715824 source=network outcome=ok uri=smb://dietpi.local/4tbp/Work/Willow%20Web/images/DSC_7567.JPG
PIC_VIEWER decode_stage source_ms=26 cpu_ms=36 uri=smb://dietpi.local/4tbp/Work/Willow%20Web/images/DSC_7567.JPG
PIC_VIEWER t_ms=49970 tid=ThreadId(131) decode_done uri=smb://dietpi.local/4tbp/Work/Willow%20Web/images/DSC_7567.JPG variant=1124x794 elapsed_ms=65 outcome=ok
PIC_VIEWER t_ms=49975 tid=ThreadId(1) display_apply elapsed_ms=1 uri=smb://dietpi.local/4tbp/Work/Willow%20Web/images/DSC_7567.JPG
PIC_VIEWER t_ms=49975 tid=ThreadId(1) display_done lane=foreground source=decode navigation_ms=70 uri=smb://dietpi.local/4tbp/Work/Willow%20Web/images/DSC_7567.JPG
PIC_VIEWER t_ms=49975 tid=ThreadId(1) cache_evict uri=nfs://DietPi.local/mnt/4TBS/pics-sport/local%20choice/FB-LCC/DSC_1236.jpg bytes=3367504 remaining_entries=32 remaining_bytes=82864992
PIC_VIEWER t_ms=50154 tid=ThreadId(1) request lane=prefetch action=new uri=smb://dietpi.local/4tbp/Work/Willow%20Web/images/My-Communication.jpg variant=1124x794
PIC_VIEWER t_ms=50154 tid=ThreadId(1) cache_hit lane=prefetch uri=smb://dietpi.local/4tbp/Work/Willow%20Web/images/DSC_7154.jpg
PIC_VIEWER t_ms=50154 tid=ThreadId(132) decode_start uri=smb://dietpi.local/4tbp/Work/Willow%20Web/images/My-Communication.jpg variant=1124x794 queue_ms=0
PIC_VIEWER source_cache lane=prefetch action=miss uri=smb://dietpi.local/4tbp/Work/Willow%20Web/images/My-Communication.jpg
PIC_VIEWER network_slot lane=prefetch wait_ms=0 uri=smb://dietpi.local/4tbp/Work/Willow%20Web/images/My-Communication.jpg
PIC_SMB_CONNECT reuse
PIC_SMB_READ start
PIC_SMB_READ done bytes=46603
PIC_VIEWER source_cache action=insert bytes=46603 uri=smb://dietpi.local/4tbp/Work/Willow%20Web/images/My-Communication.jpg
PIC_VIEWER source_cache action=evict bytes=228600 uri=smb://dietpi.local/4tbp/Work/Arise2014/fonts/fonts/Monsieur%20Le%20Chat%20Poster%201.png
PIC_VIEWER network_done lane=prefetch read_ms=5 bytes=46603 source=network outcome=ok uri=smb://dietpi.local/4tbp/Work/Willow%20Web/images/My-Communication.jpg
PIC_VIEWER decode_stage source_ms=5 cpu_ms=6 uri=smb://dietpi.local/4tbp/Work/Willow%20Web/images/My-Communication.jpg
PIC_VIEWER t_ms=50168 tid=ThreadId(132) decode_done uri=smb://dietpi.local/4tbp/Work/Willow%20Web/images/My-Communication.jpg variant=1124x794 elapsed_ms=13 outcome=ok
PIC_VIEWER t_ms=50169 tid=ThreadId(1) cache_evict uri=nfs://DietPi.local/mnt/4TBS/pics-sport/local%20choice/FB-LCC/DSC_1234.jpg bytes=3372000 remaining_entries=32 remaining_bytes=81601616
PIC_VIEWER t_ms=50176 tid=ThreadId(1) wheel_event dy=1
PIC_VIEWER t_ms=50176 tid=ThreadId(1) navigation_dispatch source=wheel from_index=4871 to_index=4872 direction=1
PIC_VIEWER t_ms=50176 tid=ThreadId(1) infobar_update source=wheel index=4872 uri=smb://dietpi.local/4tbp/Work/Willow%20Web/images/My-Communication.jpg
PIC_VIEWER t_ms=50176 tid=ThreadId(1) show_photo_request generation=193 index=4872 uri=smb://dietpi.local/4tbp/Work/Willow%20Web/images/My-Communication.jpg
PIC_VIEWER t_ms=50176 tid=ThreadId(1) cache_hit lane=foreground uri=smb://dietpi.local/4tbp/Work/Willow%20Web/images/My-Communication.jpg
PIC_VIEWER t_ms=50176 tid=ThreadId(1) display_done lane=foreground source=texture_cache navigation_ms=0 uri=smb://dietpi.local/4tbp/Work/Willow%20Web/images/My-Communication.jpg
PIC_VIEWER t_ms=50192 tid=ThreadId(1) wheel_event dy=1
PIC_VIEWER t_ms=50192 tid=ThreadId(1) navigation_dispatch source=wheel from_index=4872 to_index=4873 direction=1
PIC_VIEWER t_ms=50192 tid=ThreadId(1) infobar_update source=wheel index=4873 uri=smb://dietpi.local/4tbp/Work/Willow%20Web/images/Willow-Teachers.jpg
PIC_VIEWER t_ms=50192 tid=ThreadId(1) show_photo_request generation=194 index=4873 uri=smb://dietpi.local/4tbp/Work/Willow%20Web/images/Willow-Teachers.jpg
PIC_VIEWER t_ms=50192 tid=ThreadId(1) request lane=foreground action=new uri=smb://dietpi.local/4tbp/Work/Willow%20Web/images/Willow-Teachers.jpg variant=1124x794
PIC_VIEWER t_ms=50192 tid=ThreadId(133) decode_start uri=smb://dietpi.local/4tbp/Work/Willow%20Web/images/Willow-Teachers.jpg variant=1124x794 queue_ms=0
PIC_VIEWER source_cache lane=foreground action=miss uri=smb://dietpi.local/4tbp/Work/Willow%20Web/images/Willow-Teachers.jpg
PIC_VIEWER network_slot lane=foreground wait_ms=0 uri=smb://dietpi.local/4tbp/Work/Willow%20Web/images/Willow-Teachers.jpg
PIC_SMB_CONNECT reuse
PIC_SMB_READ start
PIC_SMB_READ done bytes=106460
PIC_VIEWER source_cache action=insert bytes=106460 uri=smb://dietpi.local/4tbp/Work/Willow%20Web/images/Willow-Teachers.jpg
PIC_VIEWER source_cache action=evict bytes=546090 uri=smb://dietpi.local/4tbp/Work/Arise2014/fonts/fonts/Moonlight%20Shadow%20Image.png
PIC_VIEWER network_done lane=foreground read_ms=7 bytes=106460 source=network outcome=ok uri=smb://dietpi.local/4tbp/Work/Willow%20Web/images/Willow-Teachers.jpg
PIC_VIEWER t_ms=50208 tid=ThreadId(1) wheel_event dy=1
PIC_VIEWER t_ms=50208 tid=ThreadId(1) wheel_accumulate current_index=4873 target_index=4874 direction=1
PIC_VIEWER decode_stage source_ms=7 cpu_ms=11 uri=smb://dietpi.local/4tbp/Work/Willow%20Web/images/Willow-Teachers.jpg
PIC_VIEWER t_ms=50213 tid=ThreadId(133) decode_done uri=smb://dietpi.local/4tbp/Work/Willow%20Web/images/Willow-Teachers.jpg variant=1124x794 elapsed_ms=20 outcome=ok
PIC_VIEWER t_ms=50213 tid=ThreadId(1) display_apply elapsed_ms=0 uri=smb://dietpi.local/4tbp/Work/Willow%20Web/images/Willow-Teachers.jpg
PIC_VIEWER t_ms=50213 tid=ThreadId(1) display_done lane=foreground source=decode navigation_ms=21 uri=smb://dietpi.local/4tbp/Work/Willow%20Web/images/Willow-Teachers.jpg
PIC_VIEWER t_ms=50213 tid=ThreadId(1) cache_evict uri=nfs://DietPi.local/mnt/4TBS/pics-sport/local%20choice/FB-LCC/DSC_1680.jpg bytes=3376496 remaining_entries=32 remaining_bytes=80198864
PIC_VIEWER t_ms=50213 tid=ThreadId(1) navigation_dispatch source=wheel_coalesced from_index=4873 to_index=4874 direction=1
PIC_VIEWER t_ms=50213 tid=ThreadId(1) infobar_update source=wheel index=4874 uri=smb://dietpi.local/4tbp/Work/Willow%20Web/images/Willow1c_01.jpg
PIC_VIEWER t_ms=50214 tid=ThreadId(1) show_photo_request generation=195 index=4874 uri=smb://dietpi.local/4tbp/Work/Willow%20Web/images/Willow1c_01.jpg
PIC_VIEWER t_ms=50214 tid=ThreadId(1) request lane=foreground action=new uri=smb://dietpi.local/4tbp/Work/Willow%20Web/images/Willow1c_01.jpg variant=1124x794
PIC_VIEWER t_ms=50214 tid=ThreadId(134) decode_start uri=smb://dietpi.local/4tbp/Work/Willow%20Web/images/Willow1c_01.jpg variant=1124x794 queue_ms=0
PIC_VIEWER source_cache lane=foreground action=miss uri=smb://dietpi.local/4tbp/Work/Willow%20Web/images/Willow1c_01.jpg
PIC_VIEWER network_slot lane=foreground wait_ms=0 uri=smb://dietpi.local/4tbp/Work/Willow%20Web/images/Willow1c_01.jpg
PIC_SMB_CONNECT reuse
PIC_SMB_READ start
PIC_SMB_READ done bytes=6501
PIC_VIEWER source_cache action=insert bytes=6501 uri=smb://dietpi.local/4tbp/Work/Willow%20Web/images/Willow1c_01.jpg
PIC_VIEWER source_cache action=evict bytes=1469033 uri=smb://dietpi.local/4tbp/Work/Arise2014/fonts/fonts/MyValentineLover_fontscafe-dot-com.png
PIC_VIEWER network_done lane=foreground read_ms=4 bytes=6501 source=network outcome=ok uri=smb://dietpi.local/4tbp/Work/Willow%20Web/images/Willow1c_01.jpg
PIC_VIEWER decode_stage source_ms=4 cpu_ms=0 uri=smb://dietpi.local/4tbp/Work/Willow%20Web/images/Willow1c_01.jpg
PIC_VIEWER t_ms=50219 tid=ThreadId(134) decode_done uri=smb://dietpi.local/4tbp/Work/Willow%20Web/images/Willow1c_01.jpg variant=1124x794 elapsed_ms=5 outcome=ok
PIC_VIEWER t_ms=50219 tid=ThreadId(1) display_apply elapsed_ms=0 uri=smb://dietpi.local/4tbp/Work/Willow%20Web/images/Willow1c_01.jpg
PIC_VIEWER t_ms=50219 tid=ThreadId(1) display_done lane=foreground source=decode navigation_ms=5 uri=smb://dietpi.local/4tbp/Work/Willow%20Web/images/Willow1c_01.jpg
PIC_VIEWER t_ms=50219 tid=ThreadId(1) cache_evict uri=nfs://DietPi.local/mnt/4TBS/pics-sport/local%20choice/FB-LCC/DSC_1681.jpg bytes=3376496 remaining_entries=32 remaining_bytes=77086368
PIC_VIEWER t_ms=50224 tid=ThreadId(1) wheel_event dy=1
PIC_VIEWER t_ms=50224 tid=ThreadId(1) navigation_dispatch source=wheel from_index=4874 to_index=4875 direction=1
PIC_VIEWER t_ms=50224 tid=ThreadId(1) infobar_update source=wheel index=4875 uri=smb://dietpi.local/4tbp/Work/Willow%20Web/images/Willow1c_02.jpg
PIC_VIEWER t_ms=50224 tid=ThreadId(1) show_photo_request generation=196 index=4875 uri=smb://dietpi.local/4tbp/Work/Willow%20Web/images/Willow1c_02.jpg
PIC_VIEWER t_ms=50224 tid=ThreadId(1) request lane=foreground action=new uri=smb://dietpi.local/4tbp/Work/Willow%20Web/images/Willow1c_02.jpg variant=1124x794
PIC_VIEWER t_ms=50224 tid=ThreadId(135) decode_start uri=smb://dietpi.local/4tbp/Work/Willow%20Web/images/Willow1c_02.jpg variant=1124x794 queue_ms=0
PIC_VIEWER source_cache lane=foreground action=miss uri=smb://dietpi.local/4tbp/Work/Willow%20Web/images/Willow1c_02.jpg
PIC_VIEWER network_slot lane=foreground wait_ms=0 uri=smb://dietpi.local/4tbp/Work/Willow%20Web/images/Willow1c_02.jpg
PIC_SMB_CONNECT reuse
PIC_SMB_READ start
PIC_SMB_READ done bytes=94111
PIC_VIEWER source_cache action=insert bytes=94111 uri=smb://dietpi.local/4tbp/Work/Willow%20Web/images/Willow1c_02.jpg
PIC_VIEWER source_cache action=evict bytes=556446 uri=smb://dietpi.local/4tbp/Work/Arise2014/fonts/fonts/Quid%20Pro%20Quo%20Image.png
PIC_VIEWER network_done lane=foreground read_ms=6 bytes=94111 source=network outcome=ok uri=smb://dietpi.local/4tbp/Work/Willow%20Web/images/Willow1c_02.jpg
PIC_VIEWER decode_stage source_ms=6 cpu_ms=5 uri=smb://dietpi.local/4tbp/Work/Willow%20Web/images/Willow1c_02.jpg
PIC_VIEWER t_ms=50237 tid=ThreadId(135) decode_done uri=smb://dietpi.local/4tbp/Work/Willow%20Web/images/Willow1c_02.jpg variant=1124x794 elapsed_ms=12 outcome=ok
PIC_VIEWER t_ms=50237 tid=ThreadId(1) display_apply elapsed_ms=0 uri=smb://dietpi.local/4tbp/Work/Willow%20Web/images/Willow1c_02.jpg
PIC_VIEWER t_ms=50237 tid=ThreadId(1) display_done lane=foreground source=decode navigation_ms=13 uri=smb://dietpi.local/4tbp/Work/Willow%20Web/images/Willow1c_02.jpg
PIC_VIEWER t_ms=50237 tid=ThreadId(1) cache_evict uri=nfs://DietPi.local/mnt/4TBS/pics-sport/local%20choice/FB-LCC/DSC_1679.jpg bytes=3376496 remaining_entries=32 remaining_bytes=74684904
PIC_VIEWER t_ms=50241 tid=ThreadId(1) wheel_event dy=1
PIC_VIEWER t_ms=50241 tid=ThreadId(1) navigation_dispatch source=wheel from_index=4875 to_index=4876 direction=1
PIC_VIEWER t_ms=50241 tid=ThreadId(1) infobar_update source=wheel index=4876 uri=smb://dietpi.local/4tbp/Work/Willow%20Web/inDesign/Brochure/Links/DSC_2477.JPG
PIC_VIEWER t_ms=50242 tid=ThreadId(1) show_photo_request generation=197 index=4876 uri=smb://dietpi.local/4tbp/Work/Willow%20Web/inDesign/Brochure/Links/DSC_2477.JPG
PIC_VIEWER t_ms=50242 tid=ThreadId(1) request lane=foreground action=new uri=smb://dietpi.local/4tbp/Work/Willow%20Web/inDesign/Brochure/Links/DSC_2477.JPG variant=1124x794
PIC_VIEWER t_ms=50242 tid=ThreadId(136) decode_start uri=smb://dietpi.local/4tbp/Work/Willow%20Web/inDesign/Brochure/Links/DSC_2477.JPG variant=1124x794 queue_ms=0
PIC_VIEWER source_cache lane=foreground action=miss uri=smb://dietpi.local/4tbp/Work/Willow%20Web/inDesign/Brochure/Links/DSC_2477.JPG
PIC_VIEWER network_slot lane=foreground wait_ms=0 uri=smb://dietpi.local/4tbp/Work/Willow%20Web/inDesign/Brochure/Links/DSC_2477.JPG
PIC_SMB_CONNECT reuse
PIC_SMB_READ start
PIC_SMB_READ done bytes=459861
PIC_VIEWER source_cache action=insert bytes=459861 uri=smb://dietpi.local/4tbp/Work/Willow%20Web/inDesign/Brochure/Links/DSC_2477.JPG
PIC_VIEWER source_cache action=evict bytes=702857 uri=smb://dietpi.local/4tbp/Work/Arise2014/fonts/fonts/Quilted%20Butterfly%20Image.png
PIC_VIEWER network_done lane=foreground read_ms=12 bytes=459861 source=network outcome=ok uri=smb://dietpi.local/4tbp/Work/Willow%20Web/inDesign/Brochure/Links/DSC_2477.JPG
PIC_VIEWER decode_stage source_ms=12 cpu_ms=24 uri=smb://dietpi.local/4tbp/Work/Willow%20Web/inDesign/Brochure/Links/DSC_2477.JPG
PIC_VIEWER t_ms=50281 tid=ThreadId(136) decode_done uri=smb://dietpi.local/4tbp/Work/Willow%20Web/inDesign/Brochure/Links/DSC_2477.JPG variant=1124x794 elapsed_ms=39 outcome=ok
PIC_VIEWER t_ms=50285 tid=ThreadId(1) display_apply elapsed_ms=0 uri=smb://dietpi.local/4tbp/Work/Willow%20Web/inDesign/Brochure/Links/DSC_2477.JPG
PIC_VIEWER t_ms=50285 tid=ThreadId(1) display_done lane=foreground source=decode navigation_ms=43 uri=smb://dietpi.local/4tbp/Work/Willow%20Web/inDesign/Brochure/Links/DSC_2477.JPG
PIC_VIEWER t_ms=50285 tid=ThreadId(1) cache_evict uri=nfs://DietPi.local/mnt/4TBS/pics-sport/local%20choice/FB-LCC/DSC_1678.jpg bytes=3376496 remaining_entries=32 remaining_bytes=74666920
PIC_VIEWER t_ms=50492 tid=ThreadId(1) request lane=prefetch action=new uri=smb://dietpi.local/4tbp/Work/Willow%20Web/inDesign/Brochure/Links/DSC_6997.jpg variant=1124x794
PIC_VIEWER t_ms=50492 tid=ThreadId(1) cache_hit lane=prefetch uri=smb://dietpi.local/4tbp/Work/Willow%20Web/images/Willow1c_02.jpg
PIC_VIEWER t_ms=50492 tid=ThreadId(137) decode_start uri=smb://dietpi.local/4tbp/Work/Willow%20Web/inDesign/Brochure/Links/DSC_6997.jpg variant=1124x794 queue_ms=0
PIC_VIEWER source_cache lane=prefetch action=miss uri=smb://dietpi.local/4tbp/Work/Willow%20Web/inDesign/Brochure/Links/DSC_6997.jpg
PIC_VIEWER network_slot lane=prefetch wait_ms=0 uri=smb://dietpi.local/4tbp/Work/Willow%20Web/inDesign/Brochure/Links/DSC_6997.jpg
PIC_SMB_CONNECT reuse
PIC_SMB_READ start
PIC_SMB_READ done bytes=2017721
PIC_VIEWER source_cache action=insert bytes=2017721 uri=smb://dietpi.local/4tbp/Work/Willow%20Web/inDesign/Brochure/Links/DSC_6997.jpg
PIC_VIEWER source_cache action=evict bytes=1229600 uri=smb://dietpi.local/4tbp/Work/Arise2014/fonts/fonts/remachine_poster.png
PIC_VIEWER network_done lane=prefetch read_ms=28 bytes=2017721 source=network outcome=ok uri=smb://dietpi.local/4tbp/Work/Willow%20Web/inDesign/Brochure/Links/DSC_6997.jpg
PIC_VIEWER t_ms=50592 tid=ThreadId(1) wheel_event dy=1
PIC_VIEWER t_ms=50592 tid=ThreadId(1) navigation_dispatch source=wheel from_index=4876 to_index=4877 direction=1
PIC_VIEWER t_ms=50592 tid=ThreadId(1) infobar_update source=wheel index=4877 uri=smb://dietpi.local/4tbp/Work/Willow%20Web/inDesign/Brochure/Links/DSC_6997.jpg
PIC_VIEWER t_ms=50592 tid=ThreadId(1) show_photo_request generation=198 index=4877 uri=smb://dietpi.local/4tbp/Work/Willow%20Web/inDesign/Brochure/Links/DSC_6997.jpg
PIC_VIEWER decode_stage source_ms=28 cpu_ms=73 uri=smb://dietpi.local/4tbp/Work/Willow%20Web/inDesign/Brochure/Links/DSC_6997.jpg
PIC_VIEWER t_ms=50594 tid=ThreadId(1) request lane=foreground action=promote uri=smb://dietpi.local/4tbp/Work/Willow%20Web/inDesign/Brochure/Links/DSC_6997.jpg variant=1124x794
PIC_VIEWER t_ms=50597 tid=ThreadId(137) decode_done uri=smb://dietpi.local/4tbp/Work/Willow%20Web/inDesign/Brochure/Links/DSC_6997.jpg variant=1124x794 elapsed_ms=104 outcome=ok
PIC_VIEWER t_ms=50597 tid=ThreadId(1) display_discard lane=prefetch uri=smb://dietpi.local/4tbp/Work/Willow%20Web/inDesign/Brochure/Links/DSC_6997.jpg reason=cancelled
PIC_VIEWER t_ms=50598 tid=ThreadId(1) display_apply elapsed_ms=0 uri=smb://dietpi.local/4tbp/Work/Willow%20Web/inDesign/Brochure/Links/DSC_6997.jpg
PIC_VIEWER t_ms=50598 tid=ThreadId(1) display_done lane=foreground source=decode navigation_ms=5 uri=smb://dietpi.local/4tbp/Work/Willow%20Web/inDesign/Brochure/Links/DSC_6997.jpg
PIC_VIEWER t_ms=50598 tid=ThreadId(1) cache_evict uri=nfs://DietPi.local/mnt/4TBS/pics-sport/local%20choice/FB-LCC/DSC_1677.jpg bytes=3376496 remaining_entries=32 remaining_bytes=74648936
PIC_VIEWER t_ms=50608 tid=ThreadId(1) wheel_event dy=1
PIC_VIEWER t_ms=50608 tid=ThreadId(1) navigation_dispatch source=wheel from_index=4877 to_index=4878 direction=1
PIC_VIEWER t_ms=50608 tid=ThreadId(1) infobar_update source=wheel index=4878 uri=smb://dietpi.local/4tbp/Work/Willow%20Web/inDesign/Brochure/Links/DSC_7011.jpg
PIC_VIEWER t_ms=50608 tid=ThreadId(1) show_photo_request generation=199 index=4878 uri=smb://dietpi.local/4tbp/Work/Willow%20Web/inDesign/Brochure/Links/DSC_7011.jpg
PIC_VIEWER t_ms=50608 tid=ThreadId(1) request lane=foreground action=new uri=smb://dietpi.local/4tbp/Work/Willow%20Web/inDesign/Brochure/Links/DSC_7011.jpg variant=1124x794
PIC_VIEWER t_ms=50608 tid=ThreadId(138) decode_start uri=smb://dietpi.local/4tbp/Work/Willow%20Web/inDesign/Brochure/Links/DSC_7011.jpg variant=1124x794 queue_ms=0
PIC_VIEWER source_cache lane=foreground action=miss uri=smb://dietpi.local/4tbp/Work/Willow%20Web/inDesign/Brochure/Links/DSC_7011.jpg
PIC_VIEWER network_slot lane=foreground wait_ms=0 uri=smb://dietpi.local/4tbp/Work/Willow%20Web/inDesign/Brochure/Links/DSC_7011.jpg
PIC_SMB_CONNECT reuse
PIC_SMB_READ start
PIC_VIEWER t_ms=50624 tid=ThreadId(1) wheel_event dy=1
PIC_VIEWER t_ms=50624 tid=ThreadId(1) wheel_accumulate current_index=4878 target_index=4879 direction=1
PIC_VIEWER t_ms=50641 tid=ThreadId(1) wheel_event dy=1
PIC_VIEWER t_ms=50641 tid=ThreadId(1) wheel_accumulate current_index=4878 target_index=4880 direction=1
PIC_SMB_READ done bytes=2533582
PIC_VIEWER source_cache action=insert bytes=2533582 uri=smb://dietpi.local/4tbp/Work/Willow%20Web/inDesign/Brochure/Links/DSC_7011.jpg
PIC_VIEWER source_cache action=evict bytes=19393 uri=smb://dietpi.local/4tbp/Work/Arise2014/fonts/fonts/show.png
PIC_VIEWER network_done lane=foreground read_ms=34 bytes=2533582 source=network outcome=ok uri=smb://dietpi.local/4tbp/Work/Willow%20Web/inDesign/Brochure/Links/DSC_7011.jpg
PIC_VIEWER t_ms=50656 tid=ThreadId(1) wheel_event dy=1
PIC_VIEWER t_ms=50656 tid=ThreadId(1) wheel_accumulate current_index=4878 target_index=4881 direction=1
PIC_VIEWER t_ms=50672 tid=ThreadId(1) wheel_event dy=1
PIC_VIEWER t_ms=50672 tid=ThreadId(1) wheel_accumulate current_index=4878 target_index=4882 direction=1
PIC_VIEWER decode_stage source_ms=34 cpu_ms=87 uri=smb://dietpi.local/4tbp/Work/Willow%20Web/inDesign/Brochure/Links/DSC_7011.jpg
PIC_VIEWER t_ms=50732 tid=ThreadId(138) decode_done uri=smb://dietpi.local/4tbp/Work/Willow%20Web/inDesign/Brochure/Links/DSC_7011.jpg variant=1124x794 elapsed_ms=124 outcome=ok
PIC_VIEWER t_ms=50733 tid=ThreadId(1) display_apply elapsed_ms=0 uri=smb://dietpi.local/4tbp/Work/Willow%20Web/inDesign/Brochure/Links/DSC_7011.jpg
PIC_VIEWER t_ms=50733 tid=ThreadId(1) display_done lane=foreground source=decode navigation_ms=125 uri=smb://dietpi.local/4tbp/Work/Willow%20Web/inDesign/Brochure/Links/DSC_7011.jpg
PIC_VIEWER t_ms=50734 tid=ThreadId(1) cache_evict uri=nfs://DietPi.local/mnt/4TBS/pics-sport/local%20choice/FB-LCC/DSC_1676.jpg bytes=3376496 remaining_entries=32 remaining_bytes=74630952
PIC_VIEWER t_ms=50734 tid=ThreadId(1) navigation_dispatch source=wheel_coalesced from_index=4878 to_index=4882 direction=1
PIC_VIEWER t_ms=50734 tid=ThreadId(1) infobar_update source=wheel index=4882 uri=smb://dietpi.local/4tbp/Work/Willow%20Web/inDesign/Brochure/Links/DSC_7142.jpg
PIC_VIEWER t_ms=50734 tid=ThreadId(1) show_photo_request generation=200 index=4882 uri=smb://dietpi.local/4tbp/Work/Willow%20Web/inDesign/Brochure/Links/DSC_7142.jpg
PIC_VIEWER t_ms=50734 tid=ThreadId(1) request lane=foreground action=new uri=smb://dietpi.local/4tbp/Work/Willow%20Web/inDesign/Brochure/Links/DSC_7142.jpg variant=1124x794
PIC_VIEWER t_ms=50734 tid=ThreadId(139) decode_start uri=smb://dietpi.local/4tbp/Work/Willow%20Web/inDesign/Brochure/Links/DSC_7142.jpg variant=1124x794 queue_ms=0
PIC_VIEWER source_cache lane=foreground action=miss uri=smb://dietpi.local/4tbp/Work/Willow%20Web/inDesign/Brochure/Links/DSC_7142.jpg
PIC_VIEWER network_slot lane=foreground wait_ms=0 uri=smb://dietpi.local/4tbp/Work/Willow%20Web/inDesign/Brochure/Links/DSC_7142.jpg
PIC_SMB_CONNECT reuse
PIC_SMB_READ start
PIC_SMB_READ done bytes=2633164
PIC_VIEWER source_cache action=insert bytes=2633164 uri=smb://dietpi.local/4tbp/Work/Willow%20Web/inDesign/Brochure/Links/DSC_7142.jpg
PIC_VIEWER source_cache action=evict bytes=108854 uri=smb://dietpi.local/4tbp/Work/Arise2014/fonts/fonts/show2.png
PIC_VIEWER network_done lane=foreground read_ms=47 bytes=2633164 source=network outcome=ok uri=smb://dietpi.local/4tbp/Work/Willow%20Web/inDesign/Brochure/Links/DSC_7142.jpg
PIC_VIEWER decode_stage source_ms=47 cpu_ms=48 uri=smb://dietpi.local/4tbp/Work/Willow%20Web/inDesign/Brochure/Links/DSC_7142.jpg
PIC_VIEWER t_ms=50832 tid=ThreadId(139) decode_done uri=smb://dietpi.local/4tbp/Work/Willow%20Web/inDesign/Brochure/Links/DSC_7142.jpg variant=1124x794 elapsed_ms=97 outcome=ok
PIC_VIEWER t_ms=50834 tid=ThreadId(1) display_apply elapsed_ms=0 uri=smb://dietpi.local/4tbp/Work/Willow%20Web/inDesign/Brochure/Links/DSC_7142.jpg
PIC_VIEWER t_ms=50834 tid=ThreadId(1) display_done lane=foreground source=decode navigation_ms=99 uri=smb://dietpi.local/4tbp/Work/Willow%20Web/inDesign/Brochure/Links/DSC_7142.jpg
PIC_VIEWER t_ms=50834 tid=ThreadId(1) cache_evict uri=nfs://DietPi.local/mnt/4TBS/pics-sport/local%20choice/FB-LCC/DSC_1675.jpg bytes=3376496 remaining_entries=32 remaining_bytes=72928208
PIC_VIEWER t_ms=50984 tid=ThreadId(1) request lane=prefetch action=new uri=smb://dietpi.local/4tbp/Work/Willow%20Web/inDesign/Brochure/Links/DSC_7155.jpg variant=1124x794
PIC_VIEWER t_ms=50984 tid=ThreadId(1) request lane=prefetch action=new uri=smb://dietpi.local/4tbp/Work/Willow%20Web/inDesign/Brochure/Links/DSC_7102.jpg variant=1124x794
PIC_VIEWER t_ms=50984 tid=ThreadId(140) decode_start uri=smb://dietpi.local/4tbp/Work/Willow%20Web/inDesign/Brochure/Links/DSC_7155.jpg variant=1124x794 queue_ms=0
PIC_VIEWER source_cache lane=prefetch action=miss uri=smb://dietpi.local/4tbp/Work/Willow%20Web/inDesign/Brochure/Links/DSC_7155.jpg
PIC_VIEWER network_slot lane=prefetch wait_ms=0 uri=smb://dietpi.local/4tbp/Work/Willow%20Web/inDesign/Brochure/Links/DSC_7155.jpg
PIC_SMB_CONNECT reuse
PIC_VIEWER t_ms=PIC_SMB_READ start
50984 tid=ThreadId(141) decode_start uri=smb://dietpi.local/4tbp/Work/Willow%20Web/inDesign/Brochure/Links/DSC_7102.jpg variant=1124x794 queue_ms=0
PIC_VIEWER source_cache lane=prefetch action=miss uri=smb://dietpi.local/4tbp/Work/Willow%20Web/inDesign/Brochure/Links/DSC_7102.jpg
PIC_SMB_READ done bytes=2793504
PIC_VIEWER source_cache action=insert bytes=2793504 uri=smb://dietpi.local/4tbp/Work/Willow%20Web/inDesign/Brochure/Links/DSC_7155.jpg
PIC_VIEWER source_cache action=evict bytes=624206 uri=smb://dietpi.local/4tbp/Work/Arise2014/fonts/fonts/Rumpelstiltskin%20Image.png
PIC_VIEWER network_done lane=prefetch read_ms=65 bytes=2793504 source=network outcome=ok uri=smb://dietpi.local/4tbp/Work/Willow%20Web/inDesign/Brochure/Links/DSC_7155.jpg
PIC_VIEWER network_slot lane=prefetch wait_ms=65 uri=smb://dietpi.local/4tbp/Work/Willow%20Web/inDesign/Brochure/Links/DSC_7102.jpg
PIC_SMB_CONNECT reuse
PIC_SMB_READ start
PIC_SMB_READ done bytes=2246204
PIC_VIEWER source_cache action=insert bytes=2246204 uri=smb://dietpi.local/4tbp/Work/Willow%20Web/inDesign/Brochure/Links/DSC_7102.jpg
PIC_VIEWER source_cache action=evict bytes=218529 uri=smb://dietpi.local/4tbp/Work/Willow%20Web/images/DSC_3527.JPG
PIC_VIEWER network_done lane=prefetch read_ms=30 bytes=2246204 source=network outcome=ok uri=smb://dietpi.local/4tbp/Work/Willow%20Web/inDesign/Brochure/Links/DSC_7102.jpg
PIC_VIEWER decode_stage source_ms=65 cpu_ms=50 uri=smb://dietpi.local/4tbp/Work/Willow%20Web/inDesign/Brochure/Links/DSC_7155.jpg
PIC_VIEWER t_ms=51101 tid=ThreadId(140) decode_done uri=smb://dietpi.local/4tbp/Work/Willow%20Web/inDesign/Brochure/Links/DSC_7155.jpg variant=1124x794 elapsed_ms=117 outcome=ok
PIC_VIEWER t_ms=51102 tid=ThreadId(1) cache_evict uri=nfs://DietPi.local/mnt/4TBS/pics-sport/local%20choice/FB-LCC/DSC_1674.jpg bytes=3376496 remaining_entries=32 remaining_bytes=71225464
PIC_VIEWER decode_stage source_ms=95 cpu_ms=73 uri=smb://dietpi.local/4tbp/Work/Willow%20Web/inDesign/Brochure/Links/DSC_7102.jpg
PIC_VIEWER t_ms=51155 tid=ThreadId(141) decode_done uri=smb://dietpi.local/4tbp/Work/Willow%20Web/inDesign/Brochure/Links/DSC_7102.jpg variant=1124x794 elapsed_ms=171 outcome=ok
PIC_VIEWER t_ms=51157 tid=ThreadId(1) cache_evict uri=nfs://DietPi.local/mnt/4TBS/pics-sport/local%20choice/FB-LCC/DSC_1673.jpg bytes=3376496 remaining_entries=32 remaining_bytes=71207480
PIC_VIEWER t_ms=52566 tid=ThreadId(1) show_photo_request generation=202 index=4886 uri=smb://dietpi.local/4tbp/Work/Willow%20Web/inDesign/PullUpBanner/Links/DSC_7031.jpg
PIC_VIEWER t_ms=52566 tid=ThreadId(1) request lane=foreground action=new uri=smb://dietpi.local/4tbp/Work/Willow%20Web/inDesign/PullUpBanner/Links/DSC_7031.jpg variant=1124x794
PIC_VIEWER t_ms=52566 tid=ThreadId(142) decode_start uri=smb://dietpi.local/4tbp/Work/Willow%20Web/inDesign/PullUpBanner/Links/DSC_7031.jpg variant=1124x794 queue_ms=0
PIC_VIEWER source_cache lane=foreground action=miss uri=smb://dietpi.local/4tbp/Work/Willow%20Web/inDesign/PullUpBanner/Links/DSC_7031.jpg
PIC_VIEWER network_slot lane=foreground wait_ms=0 uri=smb://dietpi.local/4tbp/Work/Willow%20Web/inDesign/PullUpBanner/Links/DSC_7031.jpg
PIC_SMB_CONNECT reuse
PIC_SMB_READ start
PIC_SMB_READ done bytes=2174053
PIC_VIEWER source_cache action=insert bytes=2174053 uri=smb://dietpi.local/4tbp/Work/Willow%20Web/inDesign/PullUpBanner/Links/DSC_7031.jpg
PIC_VIEWER source_cache action=evict bytes=242535 uri=smb://dietpi.local/4tbp/Work/Willow%20Web/images/DSC_6997.jpg
PIC_VIEWER network_done lane=foreground read_ms=31 bytes=2174053 source=network outcome=ok uri=smb://dietpi.local/4tbp/Work/Willow%20Web/inDesign/PullUpBanner/Links/DSC_7031.jpg
PIC_VIEWER decode_stage source_ms=31 cpu_ms=84 uri=smb://dietpi.local/4tbp/Work/Willow%20Web/inDesign/PullUpBanner/Links/DSC_7031.jpg
PIC_VIEWER t_ms=52685 tid=ThreadId(142) decode_done uri=smb://dietpi.local/4tbp/Work/Willow%20Web/inDesign/PullUpBanner/Links/DSC_7031.jpg variant=1124x794 elapsed_ms=118 outcome=ok
PIC_VIEWER t_ms=52686 tid=ThreadId(1) display_apply elapsed_ms=1 uri=smb://dietpi.local/4tbp/Work/Willow%20Web/inDesign/PullUpBanner/Links/DSC_7031.jpg
PIC_VIEWER t_ms=52686 tid=ThreadId(1) display_done lane=foreground source=decode navigation_ms=119 uri=smb://dietpi.local/4tbp/Work/Willow%20Web/inDesign/PullUpBanner/Links/DSC_7031.jpg
PIC_VIEWER t_ms=52686 tid=ThreadId(1) cache_evict uri=nfs://DietPi.local/mnt/4TBS/pics-sport/local%20choice/FB-LCC/DSC_1672.jpg bytes=3376496 remaining_entries=32 remaining_bytes=71189496
PIC_VIEWER t_ms=52828 tid=ThreadId(1) wheel_event dy=1
PIC_VIEWER t_ms=52828 tid=ThreadId(1) navigation_dispatch source=wheel from_index=4886 to_index=4887 direction=1
PIC_VIEWER t_ms=52828 tid=ThreadId(1) infobar_update source=wheel index=4887 uri=smb://dietpi.local/4tbp/Work/Willow%20Web/inDesign/PullUpBanner/Links/DSC_7102.jpg
PIC_VIEWER t_ms=52829 tid=ThreadId(1) show_photo_request generation=203 index=4887 uri=smb://dietpi.local/4tbp/Work/Willow%20Web/inDesign/PullUpBanner/Links/DSC_7102.jpg
PIC_VIEWER t_ms=52829 tid=ThreadId(1) request lane=foreground action=new uri=smb://dietpi.local/4tbp/Work/Willow%20Web/inDesign/PullUpBanner/Links/DSC_7102.jpg variant=1124x794
PIC_VIEWER t_ms=52829 tid=ThreadId(143) decode_start uri=smb://dietpi.local/4tbp/Work/Willow%20Web/inDesign/PullUpBanner/Links/DSC_7102.jpg variant=1124x794 queue_ms=0
PIC_VIEWER source_cache lane=foreground action=miss uri=smb://dietpi.local/4tbp/Work/Willow%20Web/inDesign/PullUpBanner/Links/DSC_7102.jpg
PIC_VIEWER network_slot lane=foreground wait_ms=0 uri=smb://dietpi.local/4tbp/Work/Willow%20Web/inDesign/PullUpBanner/Links/DSC_7102.jpg
PIC_SMB_CONNECT reuse
PIC_SMB_READ start
PIC_VIEWER t_ms=52844 tid=ThreadId(1) wheel_event dy=1
PIC_VIEWER t_ms=52844 tid=ThreadId(1) wheel_accumulate current_index=4887 target_index=4888 direction=1
PIC_VIEWER t_ms=52852 tid=ThreadId(1) wheel_event dy=1
PIC_VIEWER t_ms=52852 tid=ThreadId(1) wheel_accumulate current_index=4887 target_index=4889 direction=1
PIC_VIEWER t_ms=52860 tid=ThreadId(1) wheel_event dy=1
PIC_VIEWER t_ms=52860 tid=ThreadId(1) wheel_accumulate current_index=4887 target_index=4890 direction=1
PIC_VIEWER t_ms=52876 tid=ThreadId(1) wheel_event dy=1
PIC_VIEWER t_ms=52876 tid=ThreadId(1) wheel_accumulate current_index=4887 target_index=4891 direction=1
PIC_VIEWER t_ms=52884 tid=ThreadId(1) wheel_event dy=1
PIC_VIEWER t_ms=52884 tid=ThreadId(1) wheel_accumulate current_index=4887 target_index=4892 direction=1
PIC_SMB_READ done bytes=2246204
PIC_VIEWER source_cache action=insert bytes=2246204 uri=smb://dietpi.local/4tbp/Work/Willow%20Web/inDesign/PullUpBanner/Links/DSC_7102.jpg
PIC_VIEWER source_cache action=evict bytes=180535 uri=smb://dietpi.local/4tbp/Work/Willow%20Web/images/DSC_7011.jpg
PIC_VIEWER network_done lane=foreground read_ms=60 bytes=2246204 source=network outcome=ok uri=smb://dietpi.local/4tbp/Work/Willow%20Web/inDesign/PullUpBanner/Links/DSC_7102.jpg
PIC_VIEWER t_ms=52908 tid=ThreadId(1) wheel_event dy=1
PIC_VIEWER t_ms=52908 tid=ThreadId(1) wheel_accumulate current_index=4887 target_index=4893 direction=1
PIC_VIEWER decode_stage source_ms=60 cpu_ms=81 uri=smb://dietpi.local/4tbp/Work/Willow%20Web/inDesign/PullUpBanner/Links/DSC_7102.jpg
PIC_VIEWER t_ms=52973 tid=ThreadId(143) decode_done uri=smb://dietpi.local/4tbp/Work/Willow%20Web/inDesign/PullUpBanner/Links/DSC_7102.jpg variant=1124x794 elapsed_ms=144 outcome=ok
PIC_VIEWER t_ms=52974 tid=ThreadId(1) display_apply elapsed_ms=1 uri=smb://dietpi.local/4tbp/Work/Willow%20Web/inDesign/PullUpBanner/Links/DSC_7102.jpg
PIC_VIEWER t_ms=52974 tid=ThreadId(1) display_done lane=foreground source=decode navigation_ms=145 uri=smb://dietpi.local/4tbp/Work/Willow%20Web/inDesign/PullUpBanner/Links/DSC_7102.jpg
PIC_VIEWER t_ms=52974 tid=ThreadId(1) cache_evict uri=nfs://DietPi.local/mnt/4TBS/pics-sport/local%20choice/FB-LCC/DSC_1671.jpg bytes=3376496 remaining_entries=32 remaining_bytes=71171512
PIC_VIEWER t_ms=52974 tid=ThreadId(1) navigation_dispatch source=wheel_coalesced from_index=4887 to_index=4893 direction=1
PIC_VIEWER t_ms=52974 tid=ThreadId(1) infobar_update source=wheel index=4893 uri=smb://dietpi.local/4tbp/Work/Willow%20Web/inDesign/PullUpBanner/Links/Compress/Willow-Grade2.jpg
PIC_VIEWER t_ms=52974 tid=ThreadId(1) show_photo_request generation=204 index=4893 uri=smb://dietpi.local/4tbp/Work/Willow%20Web/inDesign/PullUpBanner/Links/Compress/Willow-Grade2.jpg
PIC_VIEWER t_ms=52974 tid=ThreadId(1) request lane=foreground action=new uri=smb://dietpi.local/4tbp/Work/Willow%20Web/inDesign/PullUpBanner/Links/Compress/Willow-Grade2.jpg variant=1124x794
PIC_VIEWER t_ms=52975 tid=ThreadId(144) decode_start uri=smb://dietpi.local/4tbp/Work/Willow%20Web/inDesign/PullUpBanner/Links/Compress/Willow-Grade2.jpg variant=1124x794 queue_ms=0
PIC_VIEWER source_cache lane=foreground action=miss uri=smb://dietpi.local/4tbp/Work/Willow%20Web/inDesign/PullUpBanner/Links/Compress/Willow-Grade2.jpg
PIC_VIEWER network_slot lane=foreground wait_ms=0 uri=smb://dietpi.local/4tbp/Work/Willow%20Web/inDesign/PullUpBanner/Links/Compress/Willow-Grade2.jpg
PIC_SMB_CONNECT reuse
PIC_SMB_READ start
PIC_SMB_READ done bytes=474857
PIC_VIEWER source_cache action=insert bytes=474857 uri=smb://dietpi.local/4tbp/Work/Willow%20Web/inDesign/PullUpBanner/Links/Compress/Willow-Grade2.jpg
PIC_VIEWER source_cache action=evict bytes=195323 uri=smb://dietpi.local/4tbp/Work/Willow%20Web/images/DSC_7031.jpg
PIC_VIEWER network_done lane=foreground read_ms=11 bytes=474857 source=network outcome=ok uri=smb://dietpi.local/4tbp/Work/Willow%20Web/inDesign/PullUpBanner/Links/Compress/Willow-Grade2.jpg
PIC_VIEWER decode_stage source_ms=11 cpu_ms=25 uri=smb://dietpi.local/4tbp/Work/Willow%20Web/inDesign/PullUpBanner/Links/Compress/Willow-Grade2.jpg
PIC_VIEWER t_ms=53013 tid=ThreadId(144) decode_done uri=smb://dietpi.local/4tbp/Work/Willow%20Web/inDesign/PullUpBanner/Links/Compress/Willow-Grade2.jpg variant=1124x794 elapsed_ms=38 outcome=ok
PIC_VIEWER t_ms=53014 tid=ThreadId(1) display_apply elapsed_ms=0 uri=smb://dietpi.local/4tbp/Work/Willow%20Web/inDesign/PullUpBanner/Links/Compress/Willow-Grade2.jpg
PIC_VIEWER t_ms=53014 tid=ThreadId(1) display_done lane=foreground source=decode navigation_ms=39 uri=smb://dietpi.local/4tbp/Work/Willow%20Web/inDesign/PullUpBanner/Links/Compress/Willow-Grade2.jpg
PIC_VIEWER t_ms=53014 tid=ThreadId(1) cache_evict uri=nfs://DietPi.local/mnt/4TBS/pics-sport/local%20choice/FB-LCC/DSC_1669.jpg bytes=3376496 remaining_entries=32 remaining_bytes=70640984
PIC_VIEWER t_ms=53225 tid=ThreadId(1) request lane=prefetch action=new uri=smb://dietpi.local/4tbp/Work/Willow%20Web/inDesign/PullUpBanner/Links/Compress/Willow-Grade3-1.jpg variant=1124x794
PIC_VIEWER t_ms=53225 tid=ThreadId(1) request lane=prefetch action=new uri=smb://dietpi.local/4tbp/Work/Willow%20Web/inDesign/PullUpBanner/Links/Compress/Willow-Grade12.jpg variant=1124x794
PIC_VIEWER t_ms=53225 tid=ThreadId(145) decode_start uri=smb://dietpi.local/4tbp/Work/Willow%20Web/inDesign/PullUpBanner/Links/Compress/Willow-Grade3-1.jpg variant=1124x794 queue_ms=0
PIC_VIEWER source_cache lane=prefetch action=miss uri=smb://dietpi.local/4tbp/Work/Willow%20Web/inDesign/PullUpBanner/Links/Compress/Willow-Grade3-1.jpg
PIC_VIEWER network_slot lane=prefetch wait_ms=0 uri=smb://dietpi.local/4tbp/Work/Willow%20Web/inDesign/PullUpBanner/Links/Compress/Willow-Grade3-1.jpg
PIC_SMB_CONNECT reuse
PIC_SMB_READ start
PIC_VIEWER t_ms=53225 tid=ThreadId(146) decode_start uri=smb://dietpi.local/4tbp/Work/Willow%20Web/inDesign/PullUpBanner/Links/Compress/Willow-Grade12.jpg variant=1124x794 queue_ms=0
PIC_VIEWER source_cache lane=prefetch action=miss uri=smb://dietpi.local/4tbp/Work/Willow%20Web/inDesign/PullUpBanner/Links/Compress/Willow-Grade12.jpg
PIC_SMB_READ done bytes=614459
PIC_VIEWER source_cache action=insert bytes=614459 uri=smb://dietpi.local/4tbp/Work/Willow%20Web/inDesign/PullUpBanner/Links/Compress/Willow-Grade3-1.jpg
PIC_VIEWER source_cache action=evict bytes=154666 uri=smb://dietpi.local/4tbp/Work/Willow%20Web/images/DSC_7141.jpg
PIC_VIEWER network_done lane=prefetch read_ms=13 bytes=614459 source=network outcome=ok uri=smb://dietpi.local/4tbp/Work/Willow%20Web/inDesign/PullUpBanner/Links/Compress/Willow-Grade3-1.jpg
PIC_VIEWER network_slot lane=prefetch wait_ms=13 uri=smb://dietpi.local/4tbp/Work/Willow%20Web/inDesign/PullUpBanner/Links/Compress/Willow-Grade12.jpg
PIC_SMB_CONNECT reuse
PIC_SMB_READ start
PIC_SMB_READ done bytes=617200
PIC_VIEWER source_cache action=insert bytes=617200 uri=smb://dietpi.local/4tbp/Work/Willow%20Web/inDesign/PullUpBanner/Links/Compress/Willow-Grade12.jpg
PIC_VIEWER source_cache action=evict bytes=130744 uri=smb://dietpi.local/4tbp/Work/Willow%20Web/images/DSC_7154.jpg
PIC_VIEWER network_done lane=prefetch read_ms=14 bytes=617200 source=network outcome=ok uri=smb://dietpi.local/4tbp/Work/Willow%20Web/inDesign/PullUpBanner/Links/Compress/Willow-Grade12.jpg
PIC_VIEWER decode_stage source_ms=13 cpu_ms=23 uri=smb://dietpi.local/4tbp/Work/Willow%20Web/inDesign/PullUpBanner/Links/Compress/Willow-Grade3-1.jpg
PIC_VIEWER t_ms=53265 tid=ThreadId(145) decode_done uri=smb://dietpi.local/4tbp/Work/Willow%20Web/inDesign/PullUpBanner/Links/Compress/Willow-Grade3-1.jpg variant=1124x794 elapsed_ms=39 outcome=ok
PIC_VIEWER t_ms=53267 tid=ThreadId(1) cache_evict uri=nfs://DietPi.local/mnt/4TBS/pics-sport/local%20choice/FB-LCC/DSC_1670.jpg bytes=3376496 remaining_entries=32 remaining_bytes=70110456
PIC_VIEWER decode_stage source_ms=28 cpu_ms=23 uri=smb://dietpi.local/4tbp/Work/Willow%20Web/inDesign/PullUpBanner/Links/Compress/Willow-Grade12.jpg
PIC_VIEWER t_ms=53279 tid=ThreadId(146) decode_done uri=smb://dietpi.local/4tbp/Work/Willow%20Web/inDesign/PullUpBanner/Links/Compress/Willow-Grade12.jpg variant=1124x794 elapsed_ms=54 outcome=ok
PIC_VIEWER t_ms=53280 tid=ThreadId(1) cache_evict uri=nfs://DietPi.local/mnt/4TBS/pics-sport/local%20choice/FB-LCC/DSC_1668.jpg bytes=3376496 remaining_entries=32 remaining_bytes=69579928
PIC_VIEWER t_ms=53348 tid=ThreadId(1) wheel_event dy=-1
PIC_VIEWER t_ms=53348 tid=ThreadId(1) navigation_dispatch source=wheel from_index=4893 to_index=4892 direction=-1
PIC_VIEWER t_ms=53348 tid=ThreadId(1) infobar_update source=wheel index=4892 uri=smb://dietpi.local/4tbp/Work/Willow%20Web/inDesign/PullUpBanner/Links/Compress/Willow-Grade12.jpg
PIC_VIEWER t_ms=53348 tid=ThreadId(1) show_photo_request generation=205 index=4892 uri=smb://dietpi.local/4tbp/Work/Willow%20Web/inDesign/PullUpBanner/Links/Compress/Willow-Grade12.jpg
PIC_VIEWER t_ms=53348 tid=ThreadId(1) cache_hit lane=foreground uri=smb://dietpi.local/4tbp/Work/Willow%20Web/inDesign/PullUpBanner/Links/Compress/Willow-Grade12.jpg
PIC_VIEWER t_ms=53348 tid=ThreadId(1) display_done lane=foreground source=texture_cache navigation_ms=0 uri=smb://dietpi.local/4tbp/Work/Willow%20Web/inDesign/PullUpBanner/Links/Compress/Willow-Grade12.jpg
PIC_VIEWER t_ms=53369 tid=ThreadId(1) wheel_event dy=-1
PIC_VIEWER t_ms=53369 tid=ThreadId(1) navigation_dispatch source=wheel from_index=4892 to_index=4891 direction=-1
PIC_VIEWER t_ms=53369 tid=ThreadId(1) infobar_update source=wheel index=4891 uri=smb://dietpi.local/4tbp/Work/Willow%20Web/inDesign/PullUpBanner/Links/Compress/Willow-Academy-Badge.png
PIC_VIEWER t_ms=53370 tid=ThreadId(1) show_photo_request generation=206 index=4891 uri=smb://dietpi.local/4tbp/Work/Willow%20Web/inDesign/PullUpBanner/Links/Compress/Willow-Academy-Badge.png
PIC_VIEWER t_ms=53370 tid=ThreadId(1) request lane=foreground action=new uri=smb://dietpi.local/4tbp/Work/Willow%20Web/inDesign/PullUpBanner/Links/Compress/Willow-Academy-Badge.png variant=1124x794
PIC_VIEWER t_ms=53370 tid=ThreadId(147) decode_start uri=smb://dietpi.local/4tbp/Work/Willow%20Web/inDesign/PullUpBanner/Links/Compress/Willow-Academy-Badge.png variant=1124x794 queue_ms=0
PIC_VIEWER source_cache lane=foreground action=miss uri=smb://dietpi.local/4tbp/Work/Willow%20Web/inDesign/PullUpBanner/Links/Compress/Willow-Academy-Badge.png
PIC_VIEWER network_slot lane=foreground wait_ms=0 uri=smb://dietpi.local/4tbp/Work/Willow%20Web/inDesign/PullUpBanner/Links/Compress/Willow-Academy-Badge.png
PIC_SMB_CONNECT reuse
PIC_SMB_READ start
PIC_SMB_READ done bytes=54162
PIC_VIEWER source_cache action=insert bytes=54162 uri=smb://dietpi.local/4tbp/Work/Willow%20Web/inDesign/PullUpBanner/Links/Compress/Willow-Academy-Badge.png
PIC_VIEWER source_cache action=evict bytes=1715824 uri=smb://dietpi.local/4tbp/Work/Willow%20Web/images/DSC_7567.JPG
PIC_VIEWER network_done lane=foreground read_ms=5 bytes=54162 source=network outcome=ok uri=smb://dietpi.local/4tbp/Work/Willow%20Web/inDesign/PullUpBanner/Links/Compress/Willow-Academy-Badge.png
PIC_VIEWER decode_stage source_ms=5 cpu_ms=1 uri=smb://dietpi.local/4tbp/Work/Willow%20Web/inDesign/PullUpBanner/Links/Compress/Willow-Academy-Badge.png
PIC_VIEWER t_ms=53378 tid=ThreadId(147) decode_done uri=smb://dietpi.local/4tbp/Work/Willow%20Web/inDesign/PullUpBanner/Links/Compress/Willow-Academy-Badge.png variant=1124x794 elapsed_ms=8 outcome=ok
PIC_VIEWER t_ms=53378 tid=ThreadId(1) display_apply elapsed_ms=0 uri=smb://dietpi.local/4tbp/Work/Willow%20Web/inDesign/PullUpBanner/Links/Compress/Willow-Academy-Badge.png
PIC_VIEWER t_ms=53378 tid=ThreadId(1) display_done lane=foreground source=decode navigation_ms=8 uri=smb://dietpi.local/4tbp/Work/Willow%20Web/inDesign/PullUpBanner/Links/Compress/Willow-Academy-Badge.png
PIC_VIEWER t_ms=53378 tid=ThreadId(1) cache_evict uri=smb://dietpi.local/4tbp/Work/Arise2014/fonts/fonts/Moi%20Non%20Plus%20Poster.png bytes=1036800 remaining_entries=32 remaining_bytes=69431904
PIC_VIEWER t_ms=53380 tid=ThreadId(1) wheel_event dy=-1
PIC_VIEWER t_ms=53380 tid=ThreadId(1) navigation_dispatch source=wheel from_index=4891 to_index=4890 direction=-1
PIC_VIEWER t_ms=53380 tid=ThreadId(1) infobar_update source=wheel index=4890 uri=smb://dietpi.local/4tbp/Work/Willow%20Web/inDesign/PullUpBanner/Links/Compress/DSC_7102.jpg
PIC_VIEWER t_ms=53380 tid=ThreadId(1) show_photo_request generation=207 index=4890 uri=smb://dietpi.local/4tbp/Work/Willow%20Web/inDesign/PullUpBanner/Links/Compress/DSC_7102.jpg
PIC_VIEWER t_ms=53380 tid=ThreadId(1) request lane=foreground action=new uri=smb://dietpi.local/4tbp/Work/Willow%20Web/inDesign/PullUpBanner/Links/Compress/DSC_7102.jpg variant=1124x794
PIC_VIEWER t_ms=53380 tid=ThreadId(148) decode_start uri=smb://dietpi.local/4tbp/Work/Willow%20Web/inDesign/PullUpBanner/Links/Compress/DSC_7102.jpg variant=1124x794 queue_ms=0
PIC_VIEWER source_cache lane=foreground action=miss uri=smb://dietpi.local/4tbp/Work/Willow%20Web/inDesign/PullUpBanner/Links/Compress/DSC_7102.jpg
PIC_VIEWER network_slot lane=foreground wait_ms=0 uri=smb://dietpi.local/4tbp/Work/Willow%20Web/inDesign/PullUpBanner/Links/Compress/DSC_7102.jpg
PIC_SMB_CONNECT reuse
PIC_SMB_READ start
PIC_VIEWER t_ms=53396 tid=ThreadId(1) wheel_event dy=-1
PIC_VIEWER t_ms=53396 tid=ThreadId(1) wheel_accumulate current_index=4890 target_index=4889 direction=-1
PIC_SMB_READ done bytes=1957129
PIC_VIEWER source_cache action=insert bytes=1957129 uri=smb://dietpi.local/4tbp/Work/Willow%20Web/inDesign/PullUpBanner/Links/Compress/DSC_7102.jpg
PIC_VIEWER source_cache action=evict bytes=46603 uri=smb://dietpi.local/4tbp/Work/Willow%20Web/images/My-Communication.jpg
PIC_VIEWER network_done lane=foreground read_ms=28 bytes=1957129 source=network outcome=ok uri=smb://dietpi.local/4tbp/Work/Willow%20Web/inDesign/PullUpBanner/Links/Compress/DSC_7102.jpg
PIC_VIEWER t_ms=53412 tid=ThreadId(1) wheel_event dy=-1
PIC_VIEWER t_ms=53412 tid=ThreadId(1) wheel_accumulate current_index=4890 target_index=4888 direction=-1
PIC_VIEWER decode_stage source_ms=28 cpu_ms=72 uri=smb://dietpi.local/4tbp/Work/Willow%20Web/inDesign/PullUpBanner/Links/Compress/DSC_7102.jpg
PIC_VIEWER t_ms=53483 tid=ThreadId(148) decode_done uri=smb://dietpi.local/4tbp/Work/Willow%20Web/inDesign/PullUpBanner/Links/Compress/DSC_7102.jpg variant=1124x794 elapsed_ms=103 outcome=ok
PIC_VIEWER t_ms=53484 tid=ThreadId(1) display_apply elapsed_ms=0 uri=smb://dietpi.local/4tbp/Work/Willow%20Web/inDesign/PullUpBanner/Links/Compress/DSC_7102.jpg
PIC_VIEWER t_ms=53484 tid=ThreadId(1) display_done lane=foreground source=decode navigation_ms=104 uri=smb://dietpi.local/4tbp/Work/Willow%20Web/inDesign/PullUpBanner/Links/Compress/DSC_7102.jpg
PIC_VIEWER t_ms=53484 tid=ThreadId(1) cache_evict uri=smb://dietpi.local/4tbp/Work/Arise2014/fonts/fonts/Monsieur%20Le%20Chat%20Poster%201.png bytes=1036800 remaining_entries=32 remaining_bytes=71753616
PIC_VIEWER t_ms=53485 tid=ThreadId(1) navigation_dispatch source=wheel_coalesced from_index=4890 to_index=4888 direction=-1
PIC_VIEWER t_ms=53485 tid=ThreadId(1) infobar_update source=wheel index=4888 uri=smb://dietpi.local/4tbp/Work/Willow%20Web/inDesign/PullUpBanner/Links/Sabrina.png
PIC_VIEWER t_ms=53485 tid=ThreadId(1) show_photo_request generation=208 index=4888 uri=smb://dietpi.local/4tbp/Work/Willow%20Web/inDesign/PullUpBanner/Links/Sabrina.png
PIC_VIEWER t_ms=53485 tid=ThreadId(1) request lane=foreground action=new uri=smb://dietpi.local/4tbp/Work/Willow%20Web/inDesign/PullUpBanner/Links/Sabrina.png variant=1124x794
PIC_VIEWER t_ms=53485 tid=ThreadId(149) decode_start uri=smb://dietpi.local/4tbp/Work/Willow%20Web/inDesign/PullUpBanner/Links/Sabrina.png variant=1124x794 queue_ms=0
PIC_VIEWER source_cache lane=foreground action=miss uri=smb://dietpi.local/4tbp/Work/Willow%20Web/inDesign/PullUpBanner/Links/Sabrina.png
PIC_VIEWER network_slot lane=foreground wait_ms=0 uri=smb://dietpi.local/4tbp/Work/Willow%20Web/inDesign/PullUpBanner/Links/Sabrina.png
PIC_SMB_CONNECT reuse
PIC_SMB_READ start
PIC_SMB_READ done bytes=2775647
PIC_VIEWER source_cache action=insert bytes=2775647 uri=smb://dietpi.local/4tbp/Work/Willow%20Web/inDesign/PullUpBanner/Links/Sabrina.png
PIC_VIEWER source_cache action=evict bytes=106460 uri=smb://dietpi.local/4tbp/Work/Willow%20Web/images/Willow-Teachers.jpg
PIC_VIEWER network_done lane=foreground read_ms=36 bytes=2775647 source=network outcome=ok uri=smb://dietpi.local/4tbp/Work/Willow%20Web/inDesign/PullUpBanner/Links/Sabrina.png
PIC_VIEWER decode_stage source_ms=36 cpu_ms=42 uri=smb://dietpi.local/4tbp/Work/Willow%20Web/inDesign/PullUpBanner/Links/Sabrina.png
PIC_VIEWER t_ms=53564 tid=ThreadId(149) decode_done uri=smb://dietpi.local/4tbp/Work/Willow%20Web/inDesign/PullUpBanner/Links/Sabrina.png variant=1124x794 elapsed_ms=79 outcome=ok
PIC_VIEWER t_ms=53566 tid=ThreadId(1) display_apply elapsed_ms=0 uri=smb://dietpi.local/4tbp/Work/Willow%20Web/inDesign/PullUpBanner/Links/Sabrina.png
PIC_VIEWER t_ms=53566 tid=ThreadId(1) display_done lane=foreground source=decode navigation_ms=81 uri=smb://dietpi.local/4tbp/Work/Willow%20Web/inDesign/PullUpBanner/Links/Sabrina.png
PIC_VIEWER t_ms=53566 tid=ThreadId(1) cache_evict uri=smb://dietpi.local/4tbp/Work/Arise2014/fonts/fonts/Moonlight%20Shadow%20Image.png bytes=1382400 remaining_entries=32 remaining_bytes=71425648
PIC_VIEWER t_ms=53700 tid=ThreadId(1) wheel_event dy=-1
PIC_VIEWER t_ms=53700 tid=ThreadId(1) navigation_dispatch source=wheel from_index=4888 to_index=4887 direction=-1
PIC_VIEWER t_ms=53700 tid=ThreadId(1) infobar_update source=wheel index=4887 uri=smb://dietpi.local/4tbp/Work/Willow%20Web/inDesign/PullUpBanner/Links/DSC_7102.jpg
PIC_VIEWER t_ms=53700 tid=ThreadId(1) show_photo_request generation=209 index=4887 uri=smb://dietpi.local/4tbp/Work/Willow%20Web/inDesign/PullUpBanner/Links/DSC_7102.jpg
PIC_VIEWER t_ms=53700 tid=ThreadId(1) cache_hit lane=foreground uri=smb://dietpi.local/4tbp/Work/Willow%20Web/inDesign/PullUpBanner/Links/DSC_7102.jpg
PIC_VIEWER t_ms=53700 tid=ThreadId(1) display_done lane=foreground source=texture_cache navigation_ms=0 uri=smb://dietpi.local/4tbp/Work/Willow%20Web/inDesign/PullUpBanner/Links/DSC_7102.jpg
PIC_VIEWER t_ms=53716 tid=ThreadId(1) wheel_event dy=-1
PIC_VIEWER t_ms=53716 tid=ThreadId(1) navigation_dispatch source=wheel from_index=4887 to_index=4886 direction=-1
PIC_VIEWER t_ms=53716 tid=ThreadId(1) infobar_update source=wheel index=4886 uri=smb://dietpi.local/4tbp/Work/Willow%20Web/inDesign/PullUpBanner/Links/DSC_7031.jpg
PIC_VIEWER t_ms=53716 tid=ThreadId(1) show_photo_request generation=210 index=4886 uri=smb://dietpi.local/4tbp/Work/Willow%20Web/inDesign/PullUpBanner/Links/DSC_7031.jpg
PIC_VIEWER t_ms=53716 tid=ThreadId(1) cache_hit lane=foreground uri=smb://dietpi.local/4tbp/Work/Willow%20Web/inDesign/PullUpBanner/Links/DSC_7031.jpg
PIC_VIEWER t_ms=53716 tid=ThreadId(1) display_done lane=foreground source=texture_cache navigation_ms=0 uri=smb://dietpi.local/4tbp/Work/Willow%20Web/inDesign/PullUpBanner/Links/DSC_7031.jpg
PIC_VIEWER t_ms=53732 tid=ThreadId(1) wheel_event dy=-1
PIC_VIEWER t_ms=53732 tid=ThreadId(1) navigation_dispatch source=wheel from_index=4886 to_index=4885 direction=-1
PIC_VIEWER t_ms=53732 tid=ThreadId(1) infobar_update source=wheel index=4885 uri=smb://dietpi.local/4tbp/Work/Willow%20Web/inDesign/PullUpBanner/Links/DSC_6997.jpg
PIC_VIEWER t_ms=53732 tid=ThreadId(1) show_photo_request generation=211 index=4885 uri=smb://dietpi.local/4tbp/Work/Willow%20Web/inDesign/PullUpBanner/Links/DSC_6997.jpg
PIC_VIEWER t_ms=53732 tid=ThreadId(1) request lane=foreground action=new uri=smb://dietpi.local/4tbp/Work/Willow%20Web/inDesign/PullUpBanner/Links/DSC_6997.jpg variant=1124x794
PIC_VIEWER t_ms=53732 tid=ThreadId(150) decode_start uri=smb://dietpi.local/4tbp/Work/Willow%20Web/inDesign/PullUpBanner/Links/DSC_6997.jpg variant=1124x794 queue_ms=0
PIC_VIEWER source_cache lane=foreground action=miss uri=smb://dietpi.local/4tbp/Work/Willow%20Web/inDesign/PullUpBanner/Links/DSC_6997.jpg
PIC_VIEWER network_slot lane=foreground wait_ms=0 uri=smb://dietpi.local/4tbp/Work/Willow%20Web/inDesign/PullUpBanner/Links/DSC_6997.jpg
PIC_SMB_CONNECT reuse
PIC_SMB_READ start
PIC_VIEWER t_ms=53748 tid=ThreadId(1) wheel_event dy=-1
PIC_VIEWER t_ms=53748 tid=ThreadId(1) wheel_accumulate current_index=4885 target_index=4884 direction=-1
PIC_VIEWER t_ms=53756 tid=ThreadId(1) wheel_event dy=-1
PIC_VIEWER t_ms=53756 tid=ThreadId(1) wheel_accumulate current_index=4885 target_index=4883 direction=-1
PIC_VIEWER t_ms=53764 tid=ThreadId(1) wheel_event dy=-1
PIC_VIEWER t_ms=53764 tid=ThreadId(1) wheel_accumulate current_index=4885 target_index=4882 direction=-1
PIC_SMB_READ done bytes=2017721
PIC_VIEWER source_cache action=insert bytes=2017721 uri=smb://dietpi.local/4tbp/Work/Willow%20Web/inDesign/PullUpBanner/Links/DSC_6997.jpg
PIC_VIEWER source_cache action=evict bytes=6501 uri=smb://dietpi.local/4tbp/Work/Willow%20Web/images/Willow1c_01.jpg
PIC_VIEWER network_done lane=foreground read_ms=37 bytes=2017721 source=network outcome=ok uri=smb://dietpi.local/4tbp/Work/Willow%20Web/inDesign/PullUpBanner/Links/DSC_6997.jpg
PIC_VIEWER t_ms=53780 tid=ThreadId(1) wheel_event dy=-1
PIC_VIEWER t_ms=53780 tid=ThreadId(1) wheel_accumulate current_index=4885 target_index=4881 direction=-1
PIC_VIEWER decode_stage source_ms=37 cpu_ms=70 uri=smb://dietpi.local/4tbp/Work/Willow%20Web/inDesign/PullUpBanner/Links/DSC_6997.jpg
PIC_VIEWER t_ms=53842 tid=ThreadId(150) decode_done uri=smb://dietpi.local/4tbp/Work/Willow%20Web/inDesign/PullUpBanner/Links/DSC_6997.jpg variant=1124x794 elapsed_ms=110 outcome=ok
PIC_VIEWER t_ms=53843 tid=ThreadId(1) display_apply elapsed_ms=0 uri=smb://dietpi.local/4tbp/Work/Willow%20Web/inDesign/PullUpBanner/Links/DSC_6997.jpg
PIC_VIEWER t_ms=53843 tid=ThreadId(1) display_done lane=foreground source=decode navigation_ms=111 uri=smb://dietpi.local/4tbp/Work/Willow%20Web/inDesign/PullUpBanner/Links/DSC_6997.jpg
PIC_VIEWER t_ms=53843 tid=ThreadId(1) cache_evict uri=smb://dietpi.local/4tbp/Work/Arise2014/fonts/fonts/MyValentineLover_fontscafe-dot-com.png bytes=1264048 remaining_entries=32 remaining_bytes=73520112
PIC_VIEWER t_ms=53843 tid=ThreadId(1) navigation_dispatch source=wheel_coalesced from_index=4885 to_index=4881 direction=-1
PIC_VIEWER t_ms=53843 tid=ThreadId(1) infobar_update source=wheel index=4881 uri=smb://dietpi.local/4tbp/Work/Willow%20Web/inDesign/Brochure/Links/DSC_7102.jpg
PIC_VIEWER t_ms=53844 tid=ThreadId(1) show_photo_request generation=212 index=4881 uri=smb://dietpi.local/4tbp/Work/Willow%20Web/inDesign/Brochure/Links/DSC_7102.jpg
PIC_VIEWER t_ms=53844 tid=ThreadId(1) cache_hit lane=foreground uri=smb://dietpi.local/4tbp/Work/Willow%20Web/inDesign/Brochure/Links/DSC_7102.jpg
PIC_VIEWER t_ms=53844 tid=ThreadId(1) display_done lane=foreground source=texture_cache navigation_ms=0 uri=smb://dietpi.local/4tbp/Work/Willow%20Web/inDesign/Brochure/Links/DSC_7102.jpg
PIC_VIEWER t_ms=54094 tid=ThreadId(1) request lane=prefetch action=new uri=smb://dietpi.local/4tbp/Work/Willow%20Web/inDesign/Brochure/Links/DSC_7049.jpg variant=1124x794
PIC_VIEWER t_ms=54094 tid=ThreadId(1) cache_hit lane=prefetch uri=smb://dietpi.local/4tbp/Work/Willow%20Web/inDesign/Brochure/Links/DSC_7142.jpg
PIC_VIEWER t_ms=54094 tid=ThreadId(151) decode_start uri=smb://dietpi.local/4tbp/Work/Willow%20Web/inDesign/Brochure/Links/DSC_7049.jpg variant=1124x794 queue_ms=0
PIC_VIEWER source_cache lane=prefetch action=miss uri=smb://dietpi.local/4tbp/Work/Willow%20Web/inDesign/Brochure/Links/DSC_7049.jpg
PIC_VIEWER network_slot lane=prefetch wait_ms=0 uri=smb://dietpi.local/4tbp/Work/Willow%20Web/inDesign/Brochure/Links/DSC_7049.jpg
PIC_SMB_CONNECT reuse
PIC_SMB_READ start
PIC_SMB_READ done bytes=2741384
PIC_VIEWER source_cache action=insert bytes=2741384 uri=smb://dietpi.local/4tbp/Work/Willow%20Web/inDesign/Brochure/Links/DSC_7049.jpg
PIC_VIEWER source_cache action=evict bytes=94111 uri=smb://dietpi.local/4tbp/Work/Willow%20Web/images/Willow1c_02.jpg
PIC_VIEWER network_done lane=prefetch read_ms=35 bytes=2741384 source=network outcome=ok uri=smb://dietpi.local/4tbp/Work/Willow%20Web/inDesign/Brochure/Links/DSC_7049.jpg
PIC_VIEWER decode_stage source_ms=35 cpu_ms=86 uri=smb://dietpi.local/4tbp/Work/Willow%20Web/inDesign/Brochure/Links/DSC_7049.jpg
PIC_VIEWER t_ms=54218 tid=ThreadId(151) decode_done uri=smb://dietpi.local/4tbp/Work/Willow%20Web/inDesign/Brochure/Links/DSC_7049.jpg variant=1124x794 elapsed_ms=124 outcome=ok
PIC_VIEWER t_ms=54219 tid=ThreadId(1) cache_evict uri=smb://dietpi.local/4tbp/Work/Arise2014/fonts/fonts/Quid%20Pro%20Quo%20Image.png bytes=1396800 remaining_entries=32 remaining_bytes=75481824
