warning: pic-rs@1.0.0: native/private_smb.c: In function 'init_smb':
warning: pic-rs@1.0.0: native/private_smb.c:31:9: warning: 'smbc_init' is deprecated [-Wdeprecated-declarations]
warning: pic-rs@1.0.0:    31 |         if (smbc_init(guest_auth, 0) != 0) {
warning: pic-rs@1.0.0:       |         ^~
warning: pic-rs@1.0.0: In file included from native/private_smb.c:2:
warning: pic-rs@1.0.0: /usr/include/samba-4.0/libsmbclient.h:1301:5: note: declared here
warning: pic-rs@1.0.0:  1301 | int smbc_init(smbc_get_auth_data_fn fn, int debug);
warning: pic-rs@1.0.0:       |     ^~~~~~~~~
warning: unused import: `Instant`
 --> src/edit/editor.rs:4:27
  |
4 | use std::time::{Duration, Instant};
  |                           ^^^^^^^
  |
  = note: `#[warn(unused_imports)]` (part of `#[warn(unused)]`) on by default

warning: use of deprecated struct `gtk4::MessageDialog`: Since 4.10
  --> src/main.rs:74:35
   |
74 |                 let dialog = gtk::MessageDialog::builder()
   |                                   ^^^^^^^^^^^^^
   |
   = note: `#[warn(deprecated)]` on by default

warning: use of deprecated struct `gtk4::Dialog`: Since 4.10
    --> src/collage/editor.rs:1344:23
     |
1344 |     let dialog = gtk::Dialog::new();
     |                       ^^^^^^

warning: use of deprecated struct `gtk4::FileChooserNative`: Since 4.10
    --> src/collage/editor.rs:1462:23
     |
1462 |     let dialog = gtk::FileChooserNative::new(
     |                       ^^^^^^^^^^^^^^^^^

warning: use of deprecated struct `gtk4::FileChooserNative`: Since 4.10
  --> src/edit/export.rs:11:27
   |
11 |         let dialog = gtk::FileChooserNative::new(
   |                           ^^^^^^^^^^^^^^^^^

warning: use of deprecated struct `gtk4::Dialog`: Since 4.10
  --> src/network_picker.rs:12:21
   |
12 |     let dialog=gtk::Dialog::with_buttons(
   |                     ^^^^^^

warning: use of deprecated struct `gtk4::MessageDialog`: Since 4.10
   --> src/settings.rs:604:23
    |
604 |     let dialog = gtk::MessageDialog::builder()
    |                       ^^^^^^^^^^^^^

warning: use of deprecated struct `gtk4::FileChooserNative`: Since 4.10
    --> src/window/build.rs:2354:27
     |
2354 |         let dialog = gtk::FileChooserNative::new(
     |                           ^^^^^^^^^^^^^^^^^

warning: use of deprecated struct `gtk4::FileChooserNative`: Since 4.10
    --> src/window/build.rs:2777:25
     |
2777 |         let dialog=gtk::FileChooserNative::new(
     |                         ^^^^^^^^^^^^^^^^^

warning: use of deprecated method `gtk4::prelude::WidgetExt::style_context`: Since 4.10
  --> src/albums/view.rs:20:10
   |
20 |         .style_context()
   |          ^^^^^^^^^^^^^

warning: use of deprecated method `gtk4::prelude::StyleContextExt::add_provider`: Since 4.10
  --> src/albums/view.rs:21:10
   |
21 |         .add_provider(&background, gtk::STYLE_PROVIDER_PRIORITY_APPLICATION + 2);
   |          ^^^^^^^^^^^^

warning: use of deprecated method `gtk4::prelude::WidgetExt::style_context`: Since 4.10
  --> src/albums/view.rs:92:10
   |
92 |         .style_context()
   |          ^^^^^^^^^^^^^

warning: use of deprecated method `gtk4::prelude::StyleContextExt::add_provider`: Since 4.10
  --> src/albums/view.rs:93:10
   |
93 |         .add_provider(&background, gtk::STYLE_PROVIDER_PRIORITY_APPLICATION + 2);
   |          ^^^^^^^^^^^^

warning: use of deprecated method `gtk4::CssProvider::load_from_data`: Since 4.12
   --> src/collage/editor.rs:175:13
    |
175 |         css.load_from_data(&css_data);
    |             ^^^^^^^^^^^^^^

warning: use of deprecated associated function `gtk4::Dialog::new`: Since 4.10
    --> src/collage/editor.rs:1344:31
     |
1344 |     let dialog = gtk::Dialog::new();
     |                               ^^^

warning: use of deprecated method `gtk4::prelude::DialogExt::add_button`: Since 4.10
    --> src/collage/editor.rs:1348:12
     |
1348 |     dialog.add_button("Cancel", gtk::ResponseType::Cancel);
     |            ^^^^^^^^^^

warning: use of deprecated method `gtk4::prelude::DialogExt::add_button`: Since 4.10
    --> src/collage/editor.rs:1349:32
     |
1349 |     let export_button = dialog.add_button("Export", gtk::ResponseType::Ok);
     |                                ^^^^^^^^^^

warning: use of deprecated method `gtk4::prelude::DialogExt::set_default_response`: Since 4.10
    --> src/collage/editor.rs:1351:12
     |
1351 |     dialog.set_default_response(gtk::ResponseType::Ok);
     |            ^^^^^^^^^^^^^^^^^^^^

warning: use of deprecated method `gtk4::prelude::DialogExt::content_area`: Since 4.10
    --> src/collage/editor.rs:1353:26
     |
1353 |     let content = dialog.content_area();
     |                          ^^^^^^^^^^^^

warning: use of deprecated method `gtk4::prelude::DialogExt::connect_response`: Since 4.10
    --> src/collage/editor.rs:1427:16
     |
1427 |         dialog.connect_response(move |_, response| {
     |                ^^^^^^^^^^^^^^^^

warning: use of deprecated method `gtk4::prelude::WidgetExt::show`: Since 4.10
    --> src/collage/editor.rs:1450:12
     |
1450 |     dialog.show();
     |            ^^^^

warning: use of deprecated associated function `gtk4::FileChooserNative::new`: Since 4.10
    --> src/collage/editor.rs:1462:42
     |
1462 |     let dialog = gtk::FileChooserNative::new(
     |                                          ^^^

warning: use of deprecated method `gtk4::prelude::FileChooserExt::set_current_name`: Since 4.10
    --> src/collage/editor.rs:1469:12
     |
1469 |     dialog.set_current_name(&format!("collage.{extension}"));
     |            ^^^^^^^^^^^^^^^^

warning: use of deprecated method `gtk4::prelude::FileChooserExt::add_filter`: Since 4.10
    --> src/collage/editor.rs:1476:12
     |
1476 |     dialog.add_filter(&filter);
     |            ^^^^^^^^^^

warning: use of deprecated method `gtk4::prelude::FileChooserExt::file`: Since 4.10
    --> src/collage/editor.rs:1482:33
     |
1482 |         let Some(path) = dialog.file().and_then(|file| file.path()) else {
     |                                 ^^^^

warning: use of deprecated method `gtk4::CssProvider::load_from_data`: Since 4.12
  --> src/css/mod.rs:46:10
   |
46 |     base.load_from_data(BASE);
   |          ^^^^^^^^^^^^^^

warning: use of deprecated method `gtk4::CssProvider::load_from_data`: Since 4.12
  --> src/css/mod.rs:54:14
   |
54 |     platform.load_from_data(PLATFORM);
   |              ^^^^^^^^^^^^^^

warning: use of deprecated method `gtk4::CssProvider::load_from_data`: Since 4.12
  --> src/css/mod.rs:65:20
   |
65 |     square_corners.load_from_data(SQUARE_CORNERS);
   |                    ^^^^^^^^^^^^^^

warning: use of deprecated associated function `gtk4::FileChooserNative::new`: Since 4.10
  --> src/edit/export.rs:11:46
   |
11 |         let dialog = gtk::FileChooserNative::new(
   |                                              ^^^

warning: use of deprecated method `gtk4::prelude::FileChooserExt::set_current_name`: Since 4.10
  --> src/edit/export.rs:23:16
   |
23 |         dialog.set_current_name(&filename);
   |                ^^^^^^^^^^^^^^^^

warning: use of deprecated method `gtk4::prelude::FileChooserExt::file`: Since 4.10
  --> src/edit/export.rs:32:51
   |
32 |                 if let Some(destination) = dialog.file().and_then(|file| file.path()) {
   |                                                   ^^^^

warning: use of deprecated associated function `gtk4::dialog::<impl gtk4::Dialog>::with_buttons`: Since 4.10
  --> src/network_picker.rs:12:29
   |
12 |     let dialog=gtk::Dialog::with_buttons(
   |                             ^^^^^^^^^^^^

warning: use of deprecated method `gtk4::prelude::DialogExt::set_default_response`: Since 4.10
  --> src/network_picker.rs:18:12
   |
18 |     dialog.set_default_response(gtk::ResponseType::Accept);
   |            ^^^^^^^^^^^^^^^^^^^^

warning: use of deprecated method `gtk4::prelude::DialogExt::content_area`: Since 4.10
  --> src/network_picker.rs:19:24
   |
19 |     let content=dialog.content_area();
   |                        ^^^^^^^^^^^^

warning: use of deprecated method `gtk4::prelude::DialogExt::connect_response`: Since 4.10
   --> src/network_picker.rs:139:12
    |
139 |     dialog.connect_response(move |dlg,reply|{
    |            ^^^^^^^^^^^^^^^^

warning: use of deprecated method `gtk4::prelude::WidgetExt::hide`: Since 4.10
  --> src/settings.rs:67:24
   |
67 |                 window.hide();
   |                        ^^^^

warning: use of deprecated associated function `gtk4::MessageDialog::builder`: Since 4.10
   --> src/settings.rs:604:38
    |
604 |     let dialog = gtk::MessageDialog::builder()
    |                                      ^^^^^^^

warning: use of deprecated method `gtk4::builders::MessageDialogBuilder::transient_for`: Since 4.10
   --> src/settings.rs:605:10
    |
605 |         .transient_for(parent)
    |          ^^^^^^^^^^^^^

warning: use of deprecated method `gtk4::builders::MessageDialogBuilder::modal`: Since 4.10
   --> src/settings.rs:606:10
    |
606 |         .modal(true)
    |          ^^^^^

warning: use of deprecated method `gtk4::builders::MessageDialogBuilder::message_type`: Since 4.10
   --> src/settings.rs:607:10
    |
607 |         .message_type(gtk::MessageType::Warning)
    |          ^^^^^^^^^^^^

warning: use of deprecated method `gtk4::builders::MessageDialogBuilder::buttons`: Since 4.10
   --> src/settings.rs:608:10
    |
608 |         .buttons(gtk::ButtonsType::Cancel)
    |          ^^^^^^^

warning: use of deprecated method `gtk4::builders::MessageDialogBuilder::text`: Since 4.10
   --> src/settings.rs:609:10
    |
609 |         .text(title)
    |          ^^^^

warning: use of deprecated method `gtk4::builders::MessageDialogBuilder::secondary_text`: Since 4.10
   --> src/settings.rs:610:10
    |
610 |         .secondary_text(message)
    |          ^^^^^^^^^^^^^^

warning: use of deprecated method `gtk4::builders::MessageDialogBuilder::build`: Since 4.10
   --> src/settings.rs:611:10
    |
611 |         .build();
    |          ^^^^^

warning: use of deprecated method `gtk4::prelude::DialogExt::add_button`: Since 4.10
   --> src/settings.rs:612:12
    |
612 |     dialog.add_button("Continue", gtk::ResponseType::Accept);
    |            ^^^^^^^^^^

warning: use of deprecated method `gtk4::prelude::DialogExt::connect_response`: Since 4.10
   --> src/settings.rs:613:12
    |
613 |     dialog.connect_response(move |dialog, response| {
    |            ^^^^^^^^^^^^^^^^

warning: use of deprecated method `gtk4::prelude::WidgetExt::allocation`: Since 4.12
    --> src/sidebar.rs:1748:58
     |
1748 |                         .unwrap_or_else(|| f64::from(row.allocation().y()));
     |                                                          ^^^^^^^^^^

warning: use of deprecated method `gtk4::CssProvider::load_from_data`: Since 4.12
   --> src/window/theme.rs:151:22
    |
151 |             provider.load_from_data(base.css.as_str());
    |                      ^^^^^^^^^^^^^^

warning: use of deprecated method `gtk4::CssProvider::load_from_data`: Since 4.12
   --> src/window/theme.rs:204:22
    |
204 |             provider.load_from_data(theme.css.as_str());
    |                      ^^^^^^^^^^^^^^

warning: use of deprecated associated function `gtk4::FileChooserNative::new`: Since 4.10
    --> src/window/build.rs:2354:46
     |
2354 |         let dialog = gtk::FileChooserNative::new(
     |                                              ^^^

warning: use of deprecated method `gtk4::prelude::FileChooserExt::set_current_name`: Since 4.10
    --> src/window/build.rs:2367:16
     |
2367 |         dialog.set_current_name(&filename);
     |                ^^^^^^^^^^^^^^^^

warning: use of deprecated method `gtk4::prelude::FileChooserExt::file`: Since 4.10
    --> src/window/build.rs:2371:44
     |
2371 |                 if let Some(file) = dialog.file() {
     |                                            ^^^^

warning: use of deprecated associated function `gtk4::FileChooserNative::new`: Since 4.10
    --> src/window/build.rs:2777:44
     |
2777 |         let dialog=gtk::FileChooserNative::new(
     |                                            ^^^

warning: use of deprecated method `gtk4::prelude::FileChooserExt::file`: Since 4.10
    --> src/window/build.rs:2782:39
     |
2782 |                 if let Some(file)=dlg.file(){ selected_for_local(crate::source::reference(&file)); }
     |                                       ^^^^

warning: use of deprecated method `gtk4::CssProvider::load_from_data`: Since 4.12
  --> src/window/photo_actions.rs:16:9
   |
16 |     css.load_from_data(crate::css::PHOTO_CONTEXT_MENU);
   |         ^^^^^^^^^^^^^^

warning: use of deprecated associated function `gtk4::MessageDialog::builder`: Since 4.10
  --> src/main.rs:74:50
   |
74 |                 let dialog = gtk::MessageDialog::builder()
   |                                                  ^^^^^^^

warning: use of deprecated method `gtk4::builders::MessageDialogBuilder::message_type`: Since 4.10
  --> src/main.rs:75:22
   |
75 |                     .message_type(gtk::MessageType::Error)
   |                      ^^^^^^^^^^^^

warning: use of deprecated method `gtk4::builders::MessageDialogBuilder::buttons`: Since 4.10
  --> src/main.rs:76:22
   |
76 |                     .buttons(gtk::ButtonsType::Close)
   |                      ^^^^^^^

warning: use of deprecated method `gtk4::builders::MessageDialogBuilder::text`: Since 4.10
  --> src/main.rs:77:22
   |
77 |                     .text("Could not open the photo library")
   |                      ^^^^

warning: use of deprecated method `gtk4::builders::MessageDialogBuilder::secondary_text`: Since 4.10
  --> src/main.rs:78:22
   |
78 |                     .secondary_text(error.to_string())
   |                      ^^^^^^^^^^^^^^

warning: use of deprecated method `gtk4::builders::MessageDialogBuilder::build`: Since 4.10
  --> src/main.rs:79:22
   |
79 |                     .build();
   |                      ^^^^^

warning: use of deprecated method `gtk4::prelude::DialogExt::connect_response`: Since 4.10
  --> src/main.rs:80:24
   |
80 |                 dialog.connect_response(|dialog, _| dialog.close());
   |                        ^^^^^^^^^^^^^^^^

warning: unused import: `gtk::prelude`
 --> src/css/mod.rs:3:5
  |
3 | use gtk::prelude::*;
  |     ^^^^^^^^^^^^

warning: unreachable pattern
   --> src/css/theme_discovery.rs:200:39
    |
200 |                     "traffic-light" | "traffic-light" | "trafficlights" => {
    |                     ---------------   ^^^^^^^^^^^^^^^ no value can reach this
    |                     |
    |                     matches all the relevant values
    |
    = note: `#[warn(unreachable_patterns)]` (part of `#[warn(unused)]`) on by default

warning: unused variable: `window_for_close`
  --> src/settings.rs:64:17
   |
64 |             let window_for_close = window.clone();
   |                 ^^^^^^^^^^^^^^^^ help: if this is intentional, prefix it with an underscore: `_window_for_close`
   |
   = note: `#[warn(unused_variables)]` (part of `#[warn(unused)]`) on by default

warning: unused variable: `set_expanded`
   --> src/sidebar.rs:710:13
    |
710 |         let set_expanded = set_folders_expanded.clone();
    |             ^^^^^^^^^^^^ help: if this is intentional, prefix it with an underscore: `_set_expanded`

warning: unused variable: `error`
   --> src/thumbnail_display.rs:374:13
    |
374 |         Err(error) => {
    |             ^^^^^ help: if this is intentional, prefix it with an underscore: `_error`

warning: unused variable: `path`
    --> src/window/build.rs:3093:21
     |
3093 |                     path,
     |                     ^^^^ help: try ignoring the field: `path: _`

warning: unused variable: `count`
    --> src/window/build.rs:2863:17
     |
2863 |             let count = roots.as_ref().map(|roots| roots.len()).unwrap_or(0);
     |                 ^^^^^ help: if this is intentional, prefix it with an underscore: `_count`

warning: unused variable: `kind`
    --> src/window/build.rs:2562:41
     |
2562 |             let Some((root, generation, kind)) = next else {
     |                                         ^^^^ help: if this is intentional, prefix it with an underscore: `_kind`

warning: unused variable: `mount`
   --> src/window/layout.rs:479:51
    |
479 |     volume_monitor.connect_mount_changed(move |_, mount| {
    |                                                   ^^^^^ help: if this is intentional, prefix it with an underscore: `_mount`

warning: unused variable: `mount`
   --> src/window/layout.rs:474:51
    |
474 |     volume_monitor.connect_mount_removed(move |_, mount| {
    |                                                   ^^^^^ help: if this is intentional, prefix it with an underscore: `_mount`

warning: unused variable: `mount`
   --> src/window/layout.rs:469:49
    |
469 |     volume_monitor.connect_mount_added(move |_, mount| {
    |                                                 ^^^^^ help: if this is intentional, prefix it with an underscore: `_mount`

warning: unused variable: `changed`
   --> src/window/layout.rs:296:24
    |
296 |                     Ok(changed) => {
    |                        ^^^^^^^ help: if this is intentional, prefix it with an underscore: `_changed`

warning: unused variable: `file`
   --> src/window/build.rs:218:50
    |
218 |                 monitor.connect_changed(move |_, file, other_file, event| {
    |                                                  ^^^^ help: if this is intentional, prefix it with an underscore: `_file`

warning: unused variable: `other_file`
   --> src/window/build.rs:218:56
    |
218 |                 monitor.connect_changed(move |_, file, other_file, event| {
    |                                                        ^^^^^^^^^^ help: if this is intentional, prefix it with an underscore: `_other_file`

warning: unused variable: `search`
    --> src/window/build.rs:2453:9
     |
2453 |         search,
     |         ^^^^^^ help: if this is intentional, prefix it with an underscore: `_search`

warning: unused variable: `search`
   --> src/window/search.rs:207:22
    |
207 |         if let (Some(search), Some(popup)) = (search_weak.upgrade(), popup_weak.upgrade()) {
    |                      ^^^^^^ help: if this is intentional, prefix it with an underscore: `_search`

warning: function `bookshelf_background_path` is never used
   --> src/albums/bookshelf.rs:135:4
    |
135 | fn bookshelf_background_path(directory: &Path, index: usize) -> Option<PathBuf> {
    |    ^^^^^^^^^^^^^^^^^^^^^^^^^
    |
    = note: `#[warn(dead_code)]` (part of `#[warn(unused)]`) on by default

warning: method `add_photos` is never used
   --> src/collage/editor.rs:136:12
    |
126 | impl CollageEditor {
    | ------------------ method in this implementation
...
136 |     pub fn add_photos(&self, photos: Vec<crate::photo_object::PhotoObject>) {
    |            ^^^^^^^^^^

warning: method `add_photos` is never used
   --> src/collage/model.rs:153:12
    |
102 | impl CollageProject {
    | ------------------- method in this implementation
...
153 |     pub fn add_photos(&mut self, photos: Vec<PhotoObject>) {
    |            ^^^^^^^^^^

warning: function `folder_path_by_id` is never used
   --> src/db/photos.rs:265:8
    |
265 | pub fn folder_path_by_id(connection: &Connection, folder_id: i64) -> Result<Option<String>> {
    |        ^^^^^^^^^^^^^^^^^

warning: field `interactive` is never read
  --> src/edit/preview.rs:94:5
   |
84 | struct PreviewJob {
   |        ---------- field in this struct
...
94 |     interactive: bool,
   |     ^^^^^^^^^^^

warning: function `pointer_over_content` is never used
  --> src/edit/zoom.rs:54:4
   |
54 | fn pointer_over_content(pointer: f64, viewport: f64, content: f64) -> bool {
   |    ^^^^^^^^^^^^^^^^^^^^

warning: function `apply_recipe_without_crop` is never used
  --> src/edit/render.rs:31:8
   |
31 | pub fn apply_recipe_without_crop(mut image: RgbaImage, recipe: &EditRecipe) -> RgbaImage {
   |        ^^^^^^^^^^^^^^^^^^^^^^^^^

warning: method `clear_photo` is never used
   --> src/grid/tile.rs:656:8
    |
164 | impl SquareTile {
    | --------------- method in this implementation
...
656 |     fn clear_photo(&self) {
    |        ^^^^^^^^^^^

warning: method `visible_folder_id` is never used
   --> src/grid/grouping.rs:269:12
    |
 27 | impl Gallery {
    | ------------ method in this implementation
...
269 |     pub fn visible_folder_id(&self) -> Option<i64> {
    |            ^^^^^^^^^^^^^^^^^

warning: function `folder_row_offset` is never used
  --> src/grid/virtualization.rs:60:4
   |
60 | fn folder_row_offset(rows: &[FolderVirtualRow], target_row: usize, tile_height: i32) -> f64 {
   |    ^^^^^^^^^^^^^^^^^

warning: struct `FolderVirtualRow` is never constructed
  --> src/grid/virtualization.rs:83:8
   |
83 | struct FolderVirtualRow {
   |        ^^^^^^^^^^^^^^^^

warning: function `folder_virtual_rows` is never used
  --> src/grid/virtualization.rs:92:4
   |
92 | fn folder_virtual_rows(ranges: &[GroupRange], chunk_size: usize) -> Vec<FolderVirtualRow> {
   |    ^^^^^^^^^^^^^^^^^^^

warning: method `refresh_availability` is never used
    --> src/grid/virtualization.rs:1183:12
     |
 209 | impl Gallery {
     | ------------ method in this implementation
...
1183 |     pub fn refresh_availability(&self) {
     |            ^^^^^^^^^^^^^^^^^^^^

warning: methods `selected_position` and `is_at_vertical_boundary` are never used
   --> src/grid/selection.rs:30:12
    |
 26 | impl Gallery {
    | ------------ methods in this implementation
...
 30 |     pub fn selected_position(&self) -> Option<usize> {
    |            ^^^^^^^^^^^^^^^^^
...
173 |     pub fn is_at_vertical_boundary(&self, direction: i32) -> bool {
    |            ^^^^^^^^^^^^^^^^^^^^^^^

warning: function `folder_id_from_named_ancestor` is never used
   --> src/grid/selection.rs:950:4
    |
950 | fn folder_id_from_named_ancestor(widget: &gtk::Widget) -> Option<i64> {
    |    ^^^^^^^^^^^^^^^^^^^^^^^^^^^^^

warning: field `grid_zoom_menu` is never read
  --> src/infobar.rs:24:9
   |
10 | pub struct InfoBar {
   |            ------- field in this struct
...
24 |     pub grid_zoom_menu: gtk::MenuButton,
   |         ^^^^^^^^^^^^^^

warning: function `rotated_thumbnail` is never used
  --> src/photo_texture.rs:52:8
   |
52 | pub fn rotated_thumbnail(path: &str, rotation: i32) -> Option<gtk::gdk::Paintable> {
   |        ^^^^^^^^^^^^^^^^^

warning: field `id` is never read
  --> src/scanner.rs:27:9
   |
25 |     PhotoIndexed {
   |     ------------ field in this variant
26 |         path: PathBuf,
27 |         id: i64,
   |         ^^
   |
   = note: `ScanEvent` has derived impls for the traits `Clone` and `Debug`, but these are intentionally ignored during dead code analysis

warning: function `scan` is never used
  --> src/scanner.rs:79:8
   |
79 | pub fn scan(root: &str, events: Option<&Sender<ScanEvent>>) -> Result<usize> {
   |        ^^^^

warning: function `wait_for_priority_requests` is never used
   --> src/thumbnail.rs:182:8
    |
182 | pub fn wait_for_priority_requests() {
    |        ^^^^^^^^^^^^^^^^^^^^^^^^^^

warning: field `scale` is never read
 --> src/thumbnail/viewer.rs:5:5
  |
1 | struct DecodedThumbnailSource {
  |        ---------------------- field in this struct
...
5 |     scale: &'static str,
  |     ^^^^^

warning: function `create_many` is never used
 --> src/thumbnail/batch.rs:1:8
  |
1 | pub fn create_many(
  |        ^^^^^^^^^^^

warning: constant `EDIT_PANEL_CSS` is never used
  --> src/window.rs:24:18
   |
24 | pub(crate) const EDIT_PANEL_CSS: &str = crate::css::BASE;
   |                  ^^^^^^^^^^^^^^

warning: variants `FilesystemNotification` and `ProgrammaticSidebarSelection` are never constructed
   --> src/window.rs:182:5
    |
178 | enum PhotoScanRequestReason {
    |      ---------------------- variants in this enum
...
182 |     FilesystemNotification,
    |     ^^^^^^^^^^^^^^^^^^^^^^
...
185 |     ProgrammaticSidebarSelection,
    |     ^^^^^^^^^^^^^^^^^^^^^^^^^^^^
    |
    = note: `PhotoScanRequestReason` has derived impls for the traits `Debug` and `Clone`, but these are intentionally ignored during dead code analysis

warning: function `install_gallery_zoom_scroll` is never used
   --> src/window/navigation.rs:506:4
    |
506 | fn install_gallery_zoom_scroll(scrolled: &gtk::ScrolledWindow, gallery: Rc<grid::Gallery>) {
    |    ^^^^^^^^^^^^^^^^^^^^^^^^^^^

warning: field `mounted` is never read
  --> src/window/availability.rs:24:5
   |
23 | struct ReconnectedSources {
   |        ------------------ field in this struct
24 |     mounted: std::collections::HashSet<String>,
   |     ^^^^^^^

warning: method `update` is never used
  --> src/window/availability.rs:29:8
   |
28 | impl ReconnectedSources {
   | ----------------------- method in this implementation
29 |     fn update(&mut self, mounted: std::collections::HashSet<String>) {
   |        ^^^^^^

warning: method `active_window_controls` is never used
   --> src/window/theme.rs:128:19
    |
 55 | impl ThemeEngine {
    | ---------------- method in this implementation
...
128 |     pub(crate) fn active_window_controls(&self) -> WindowControls {
    |                   ^^^^^^^^^^^^^^^^^^^^^^

warning: `pic-rs` (bin "pic-rs") generated 106 warnings (run `cargo fix --bin "pic-rs" -p pic-rs` to apply 15 suggestions)
    Finished `dev` profile [optimized + debuginfo] target(s) in 0.12s
     Running `target/debug/pic-rs`
STARTUP cold_start_ms=17 photos=5002 displayed=10 folders=246 albums=3 scan=disabled rss_mb=64

(pic-rs:489669): Gtk-WARNING **: 19:09:02.503: Theme parser error: <data>:26:1-2: Expected a valid selector
WARNING: radv is not a conformant Vulkan implementation, testing use only.
===== SCAN COMPLETE: imported=0 failed=0 | progressive gallery updates complete =====
PIC_NETWORK tid=ThreadId(12) PRIVATE_NFS export_discovery_start host=DietPi.local
PIC_NFS stage=hostname_resolution elapsed_ms=3 tid=140342605641408 host=DietPi.local export=- relative=- status=0 addresses=1
PIC_NFS stage=export_discovery elapsed_ms=13 tid=140342605641408 host=DietPi.local export=- relative=- outcome=ok exports=5
PIC_NETWORK tid=ThreadId(12) PRIVATE_NFS export_discovery_done host=DietPi.local count=5 elapsed_ms=15 paths=["/exports/Work", "/mnt/4TBM", "/mnt/4TBP", "/mnt/4TBS", "/mnt/dietpi_userdata"]
PIC_NETWORK tid=ThreadId(12) PRIVATE_NFS exports_display host=DietPi.local advertised_path=/mnt count=5
PIC_NETWORK tid=ThreadId(13) PRIVATE_NFS export_cache_hit host=DietPi.local count=5
PIC_NETWORK tid=ThreadId(13) PRIVATE_NFS export_cache_hit host=DietPi.local count=5
PIC_NETWORK tid=ThreadId(13) PRIVATE_NFS list_start host=DietPi.local export=/mnt/4TBP relative=/
PIC_NFS stage=context_creation elapsed_ms=0 tid=140342605641408 host=DietPi.local export=/mnt/4TBP relative=- outcome=ok
PIC_NFS_CONNECT create_start host=DietPi.local export=/mnt/4TBP version=3 tid=140342605641408
PIC_NFS stage=connection_establishment elapsed_ms=18 tid=140342605641408 host=DietPi.local export=/mnt/4TBP relative=- version=3 outcome=error status=-1
PIC_NFS_CONNECT create_failed host=DietPi.local export=/mnt/4TBP v3 status=-1 (Operation not permitted)
PIC_NFS stage=context_creation elapsed_ms=0 tid=140342605641408 host=DietPi.local export=/mnt/4TBP relative=- outcome=ok
PIC_NFS_CONNECT create_start host=DietPi.local export=/mnt/4TBP version=4 tid=140342605641408
PIC_NFS stage=connection_establishment elapsed_ms=4 tid=140342605641408 host=DietPi.local export=/mnt/4TBP relative=- version=4 outcome=ok status=0
PIC_NFS_CONNECT create_ok host=DietPi.local export=/mnt/4TBP version=4
PIC_NETWORK tid=ThreadId(14) PRIVATE_NFS export_cache_hit host=DietPi.local count=5
PIC_NETWORK tid=ThreadId(14) PRIVATE_NFS export_cache_hit host=DietPi.local count=5
PIC_NETWORK tid=ThreadId(14) PRIVATE_NFS list_start host=DietPi.local export=/mnt/4TBM relative=/
PIC_NFS stage=context_creation elapsed_ms=0 tid=140342605641408 host=DietPi.local export=/mnt/4TBM relative=- outcome=ok
PIC_NFS_CONNECT create_start host=DietPi.local export=/mnt/4TBM version=3 tid=140342605641408
PIC_NFS stage=connection_establishment elapsed_ms=6 tid=140342605641408 host=DietPi.local export=/mnt/4TBM relative=- version=3 outcome=error status=-13
PIC_NFS_CONNECT create_failed host=DietPi.local export=/mnt/4TBM v3 status=-13 (Permission denied)
PIC_NFS stage=context_creation elapsed_ms=0 tid=140342605641408 host=DietPi.local export=/mnt/4TBM relative=- outcome=ok
PIC_NFS_CONNECT create_start host=DietPi.local export=/mnt/4TBM version=4 tid=140342605641408
PIC_NFS stage=connection_establishment elapsed_ms=6 tid=140342605641408 host=DietPi.local export=/mnt/4TBM relative=- version=4 outcome=error status=-1
PIC_NFS_CONNECT create_failed host=DietPi.local export=/mnt/4TBM ; v4 status=-1 (Operation not permitted)
PIC_NETWORK tid=ThreadId(15) PRIVATE_NFS export_cache_hit host=DietPi.local count=5
PIC_NETWORK tid=ThreadId(15) PRIVATE_NFS export_cache_hit host=DietPi.local count=5
PIC_NETWORK tid=ThreadId(15) PRIVATE_NFS list_start host=DietPi.local export=/mnt/4TBS relative=/
PIC_NFS stage=context_creation elapsed_ms=0 tid=140342605641408 host=DietPi.local export=/mnt/4TBS relative=- outcome=ok
PIC_NFS_CONNECT create_start host=DietPi.local export=/mnt/4TBS version=3 tid=140342605641408
PIC_NFS stage=connection_establishment elapsed_ms=15 tid=140342605641408 host=DietPi.local export=/mnt/4TBS relative=- version=3 outcome=ok status=0
PIC_NFS_CONNECT create_ok host=DietPi.local export=/mnt/4TBS version=3
PIC_NETWORK tid=ThreadId(15) PRIVATE_NFS list_done raw=9 displayed=9
PIC_NETWORK tid=ThreadId(16) PRIVATE_NFS export_cache_hit host=DietPi.local count=5
PIC_NETWORK tid=ThreadId(16) PRIVATE_NFS export_cache_hit host=DietPi.local count=5
PIC_NETWORK tid=ThreadId(16) PRIVATE_NFS list_start host=DietPi.local export=/mnt/4TBS relative=/pics-sport
PIC_NFS stage=context_creation elapsed_ms=0 tid=140342605641408 host=DietPi.local export=/mnt/4TBS relative=- outcome=ok
PIC_NFS_CONNECT create_start host=DietPi.local export=/mnt/4TBS version=3 tid=140342605641408
PIC_NFS stage=connection_establishment elapsed_ms=16 tid=140342605641408 host=DietPi.local export=/mnt/4TBS relative=- version=3 outcome=ok status=0
PIC_NFS_CONNECT create_ok host=DietPi.local export=/mnt/4TBS version=3
PIC_NETWORK tid=ThreadId(16) PRIVATE_NFS list_done raw=6 displayed=6
PIC_NETWORK tid=ThreadId(17) PRIVATE_NFS export_cache_hit host=DietPi.local count=5
PIC_NETWORK tid=ThreadId(17) PRIVATE_NFS export_cache_hit host=DietPi.local count=5
PIC_NETWORK tid=ThreadId(17) PRIVATE_NFS list_start host=DietPi.local export=/mnt/4TBS relative=/pics-sport/XCC 2026
PIC_NFS stage=context_creation elapsed_ms=0 tid=140342605641408 host=DietPi.local export=/mnt/4TBS relative=- outcome=ok
PIC_NFS_CONNECT create_start host=DietPi.local export=/mnt/4TBS version=3 tid=140342605641408
PIC_NFS stage=connection_establishment elapsed_ms=17 tid=140342605641408 host=DietPi.local export=/mnt/4TBS relative=- version=3 outcome=ok status=0
PIC_NFS_CONNECT create_ok host=DietPi.local export=/mnt/4TBS version=3
PIC_NETWORK tid=ThreadId(17) PRIVATE_NFS list_done raw=5 displayed=4
PIC_NETWORK tid=ThreadId(18) PRIVATE_NFS export_cache_hit host=DietPi.local count=5
PIC_NETWORK tid=ThreadId(18) PRIVATE_NFS export_cache_hit host=DietPi.local count=5
PIC_NETWORK tid=ThreadId(18) PRIVATE_NFS list_start host=DietPi.local export=/mnt/4TBS relative=/pics-sport/XCC 2026/XCC EP Champs 2026
PIC_NFS stage=context_creation elapsed_ms=0 tid=140342254884544 host=DietPi.local export=/mnt/4TBS relative=- outcome=ok
PIC_NFS_CONNECT create_start host=DietPi.local export=/mnt/4TBS version=3 tid=140342254884544
PIC_NFS stage=connection_establishment elapsed_ms=16 tid=140342254884544 host=DietPi.local export=/mnt/4TBS relative=- version=3 outcome=ok status=0
PIC_NFS_CONNECT create_ok host=DietPi.local export=/mnt/4TBS version=3
PIC_NETWORK tid=ThreadId(18) PRIVATE_NFS list_done raw=7 displayed=5
PIC_NETWORK tid=ThreadId(19) PRIVATE_NFS export_cache_hit host=DietPi.local count=5
PIC_NETWORK tid=ThreadId(19) PRIVATE_NFS export_cache_hit host=DietPi.local count=5
PIC_NETWORK tid=ThreadId(19) PRIVATE_NFS list_start host=DietPi.local export=/mnt/4TBS relative=/pics-sport/XCC 2026/XCC EP Champs 2026/Starred Photos
PIC_NFS stage=context_creation elapsed_ms=0 tid=140342254884544 host=DietPi.local export=/mnt/4TBS relative=- outcome=ok
PIC_NFS_CONNECT create_start host=DietPi.local export=/mnt/4TBS version=3 tid=140342254884544
PIC_NFS stage=connection_establishment elapsed_ms=17 tid=140342254884544 host=DietPi.local export=/mnt/4TBS relative=- version=3 outcome=ok status=0
PIC_NFS_CONNECT create_ok host=DietPi.local export=/mnt/4TBS version=3
PIC_NETWORK tid=ThreadId(19) PRIVATE_NFS list_done raw=81 displayed=80
PIC_NETWORK tid=ThreadId(21) PRIVATE_NFS export_cache_hit host=DietPi.local count=5
PIC_NFS stage=context_creation elapsed_ms=0 tid=140342026294976 host=DietPi.local export=/mnt/4TBS relative=- outcome=ok
PIC_NFS_CONNECT create_start host=DietPi.local export=/mnt/4TBS version=3 tid=140342026294976
PIC_NETWORK tid=ThreadId(20) PRIVATE_NFS export_cache_hit host=DietPi.local count=5
PIC_NFS stage=context_creation elapsed_ms=0 tid=140342254884544 host=DietPi.local export=/mnt/4TBS relative=- outcome=ok
PIC_NFS_CONNECT create_start host=DietPi.local export=/mnt/4TBS version=3 tid=140342254884544
PIC_NFS stage=connection_establishment elapsed_ms=16 tid=140342026294976 host=DietPi.local export=/mnt/4TBS relative=- version=3 outcome=ok status=0
PIC_NFS_CONNECT create_ok host=DietPi.local export=/mnt/4TBS version=3
PIC_NFS stage=connection_establishment elapsed_ms=14 tid=140342254884544 host=DietPi.local export=/mnt/4TBS relative=- version=3 outcome=ok status=0
PIC_NFS_CONNECT create_ok host=DietPi.local export=/mnt/4TBS version=3
PIC_NETWORK tid=ThreadId(20) PRIVATE_NFS export_cache_hit host=DietPi.local count=5
PIC_NETWORK tid=ThreadId(20) PRIVATE_NFS export_cache_hit host=DietPi.local count=5
PIC_NETWORK tid=ThreadId(20) PRIVATE_NFS export_cache_hit host=DietPi.local count=5
PIC_NETWORK tid=ThreadId(20) PRIVATE_NFS export_cache_hit host=DietPi.local count=5
PIC_SMB_CONNECT create_start
PIC_SMB_CONNECT create_ok
PIC_NETWORK tid=ThreadId(21) PRIVATE_NFS export_cache_hit host=DietPi.local count=5
PIC_NETWORK tid=ThreadId(21) PRIVATE_NFS export_cache_hit host=DietPi.local count=5
PIC_NETWORK tid=ThreadId(21) PRIVATE_NFS list_start host=DietPi.local export=/mnt/4TBS relative=/pics-sport/XCC 2026/XCC EP Champs 2026/Starred Photos
PIC_NFS stage=context_creation elapsed_ms=0 tid=140342026294976 host=DietPi.local export=/mnt/4TBS relative=- outcome=ok
PIC_NFS_CONNECT create_start host=DietPi.local export=/mnt/4TBS version=3 tid=140342026294976
PIC_NFS stage=connection_establishment elapsed_ms=10 tid=140342026294976 host=DietPi.local export=/mnt/4TBS relative=- version=3 outcome=ok status=0
PIC_NFS_CONNECT create_ok host=DietPi.local export=/mnt/4TBS version=3
PIC_NETWORK tid=ThreadId(21) PRIVATE_NFS list_done raw=81 displayed=80
PIC_NETWORK tid=ThreadId(21) PRIVATE_NFS export_cache_hit host=DietPi.local count=5
PIC_NETWORK tid=ThreadId(21) PRIVATE_NFS export_cache_hit host=DietPi.local count=5
PIC_NETWORK tid=ThreadId(21) PRIVATE_NFS export_cache_hit host=DietPi.local count=5
PIC_NETWORK tid=ThreadId(21) PRIVATE_NFS export_cache_hit host=DietPi.local count=5
PIC_NETWORK tid=ThreadId(21) PRIVATE_NFS export_cache_hit host=DietPi.local count=5
PIC_NETWORK tid=ThreadId(21) PRIVATE_NFS export_cache_hit host=DietPi.local count=5
PIC_NETWORK tid=ThreadId(21) PRIVATE_NFS export_cache_hit host=DietPi.local count=5
PIC_NETWORK tid=ThreadId(21) PRIVATE_NFS export_cache_hit host=DietPi.local count=5
PIC_NETWORK tid=ThreadId(21) PRIVATE_NFS export_cache_hit host=DietPi.local count=5
PIC_NETWORK tid=ThreadId(21) PRIVATE_NFS export_cache_hit host=DietPi.local count=5
PIC_NETWORK tid=ThreadId(21) PRIVATE_NFS export_cache_hit host=DietPi.local count=5
PIC_NETWORK tid=ThreadId(21) PRIVATE_NFS export_cache_hit host=DietPi.local count=5
PIC_NETWORK tid=ThreadId(21) PRIVATE_NFS export_cache_hit host=DietPi.local count=5
PIC_NETWORK tid=ThreadId(21) PRIVATE_NFS export_cache_hit host=DietPi.local count=5
PIC_NETWORK tid=ThreadId(21) PRIVATE_NFS export_cache_hit host=DietPi.local count=5
PIC_NETWORK tid=ThreadId(21) PRIVATE_NFS export_cache_hit host=DietPi.local count=5
PIC_NETWORK tid=ThreadId(21) PRIVATE_NFS export_cache_hit host=DietPi.local count=5
PIC_NETWORK tid=ThreadId(21) PRIVATE_NFS export_cache_hit host=DietPi.local count=5
PIC_NETWORK tid=ThreadId(21) PRIVATE_NFS export_cache_hit host=DietPi.local count=5
PIC_NETWORK tid=ThreadId(21) PRIVATE_NFS export_cache_hit host=DietPi.local count=5
PIC_NETWORK tid=ThreadId(21) PRIVATE_NFS export_cache_hit host=DietPi.local count=5
PIC_NETWORK tid=ThreadId(21) PRIVATE_NFS export_cache_hit host=DietPi.local count=5
PIC_NETWORK tid=ThreadId(21) PRIVATE_NFS export_cache_hit host=DietPi.local count=5
PIC_NETWORK tid=ThreadId(21) PRIVATE_NFS export_cache_hit host=DietPi.local count=5
PIC_NETWORK tid=ThreadId(21) PRIVATE_NFS export_cache_hit host=DietPi.local count=5
PIC_NETWORK tid=ThreadId(21) PRIVATE_NFS export_cache_hit host=DietPi.local count=5
PIC_NETWORK tid=ThreadId(21) PRIVATE_NFS export_cache_hit host=DietPi.local count=5
PIC_NETWORK tid=ThreadId(21) PRIVATE_NFS export_cache_hit host=DietPi.local count=5
PIC_NETWORK tid=ThreadId(21) PRIVATE_NFS export_cache_hit host=DietPi.local count=5
PIC_NETWORK tid=ThreadId(21) PRIVATE_NFS export_cache_hit host=DietPi.local count=5
PIC_NETWORK tid=ThreadId(21) PRIVATE_NFS export_cache_hit host=DietPi.local count=5
PIC_NETWORK tid=ThreadId(21) PRIVATE_NFS export_cache_hit host=DietPi.local count=5
PIC_NETWORK tid=ThreadId(21) PRIVATE_NFS export_cache_hit host=DietPi.local count=5
PIC_NETWORK tid=ThreadId(21) PRIVATE_NFS export_cache_hit host=DietPi.local count=5
PIC_NETWORK tid=ThreadId(21) PRIVATE_NFS export_cache_hit host=DietPi.local count=5
PIC_NETWORK tid=ThreadId(21) PRIVATE_NFS export_cache_hit host=DietPi.local count=5
PIC_NETWORK tid=ThreadId(21) PRIVATE_NFS export_cache_hit host=DietPi.local count=5
PIC_NETWORK tid=ThreadId(21) PRIVATE_NFS export_cache_hit host=DietPi.local count=5
PIC_NETWORK tid=ThreadId(21) PRIVATE_NFS export_cache_hit host=DietPi.local count=5
PIC_NETWORK tid=ThreadId(21) PRIVATE_NFS export_cache_hit host=DietPi.local count=5
PIC_NETWORK tid=ThreadId(21) PRIVATE_NFS export_cache_hit host=DietPi.local count=5
PIC_NETWORK tid=ThreadId(21) PRIVATE_NFS export_cache_hit host=DietPi.local count=5
PIC_NETWORK tid=ThreadId(21) PRIVATE_NFS export_cache_hit host=DietPi.local count=5
PIC_NETWORK tid=ThreadId(21) PRIVATE_NFS export_cache_hit host=DietPi.local count=5
PIC_NETWORK tid=ThreadId(21) PRIVATE_NFS export_cache_hit host=DietPi.local count=5
PIC_NETWORK tid=ThreadId(21) PRIVATE_NFS export_cache_hit host=DietPi.local count=5
PIC_NETWORK tid=ThreadId(21) PRIVATE_NFS export_cache_hit host=DietPi.local count=5
PIC_NETWORK tid=ThreadId(21) PRIVATE_NFS export_cache_hit host=DietPi.local count=5
PIC_NETWORK tid=ThreadId(21) PRIVATE_NFS export_cache_hit host=DietPi.local count=5
PIC_NETWORK tid=ThreadId(21) PRIVATE_NFS export_cache_hit host=DietPi.local count=5
PIC_NETWORK tid=ThreadId(21) PRIVATE_NFS export_cache_hit host=DietPi.local count=5
PIC_NETWORK tid=ThreadId(21) PRIVATE_NFS export_cache_hit host=DietPi.local count=5
PIC_NETWORK tid=ThreadId(21) PRIVATE_NFS export_cache_hit host=DietPi.local count=5
PIC_NETWORK tid=ThreadId(21) PRIVATE_NFS export_cache_hit host=DietPi.local count=5
PIC_NETWORK tid=ThreadId(21) PRIVATE_NFS export_cache_hit host=DietPi.local count=5
PIC_NETWORK tid=ThreadId(21) PRIVATE_NFS export_cache_hit host=DietPi.local count=5
PIC_NETWORK tid=ThreadId(21) PRIVATE_NFS export_cache_hit host=DietPi.local count=5
PIC_NETWORK tid=ThreadId(21) PRIVATE_NFS export_cache_hit host=DietPi.local count=5
PIC_NETWORK tid=ThreadId(21) PRIVATE_NFS export_cache_hit host=DietPi.local count=5
PIC_NETWORK tid=ThreadId(21) PRIVATE_NFS export_cache_hit host=DietPi.local count=5
PIC_NETWORK tid=ThreadId(21) PRIVATE_NFS export_cache_hit host=DietPi.local count=5
PIC_NETWORK tid=ThreadId(21) PRIVATE_NFS export_cache_hit host=DietPi.local count=5
PIC_NETWORK tid=ThreadId(21) PRIVATE_NFS export_cache_hit host=DietPi.local count=5
PIC_NETWORK tid=ThreadId(21) PRIVATE_NFS export_cache_hit host=DietPi.local count=5
PIC_NETWORK tid=ThreadId(21) PRIVATE_NFS export_cache_hit host=DietPi.local count=5
PIC_NETWORK tid=ThreadId(21) PRIVATE_NFS export_cache_hit host=DietPi.local count=5
PIC_NETWORK tid=ThreadId(21) PRIVATE_NFS export_cache_hit host=DietPi.local count=5
PIC_NETWORK tid=ThreadId(21) PRIVATE_NFS export_cache_hit host=DietPi.local count=5
PIC_NETWORK tid=ThreadId(21) PRIVATE_NFS export_cache_hit host=DietPi.local count=5
PIC_NETWORK tid=ThreadId(21) PRIVATE_NFS export_cache_hit host=DietPi.local count=5
PIC_NETWORK tid=ThreadId(21) PRIVATE_NFS export_cache_hit host=DietPi.local count=5
PIC_NETWORK tid=ThreadId(21) PRIVATE_NFS export_cache_hit host=DietPi.local count=5
PIC_NETWORK tid=ThreadId(21) PRIVATE_NFS export_cache_hit host=DietPi.local count=5
PIC_NETWORK tid=ThreadId(21) PRIVATE_NFS export_cache_hit host=DietPi.local count=5
PIC_NETWORK tid=ThreadId(21) PRIVATE_NFS export_cache_hit host=DietPi.local count=5
PIC_NETWORK tid=ThreadId(21) PRIVATE_NFS export_cache_hit host=DietPi.local count=5
PIC_NETWORK tid=ThreadId(21) PRIVATE_NFS export_cache_hit host=DietPi.local count=5
PIC_NETWORK tid=ThreadId(21) PRIVATE_NFS export_cache_hit host=DietPi.local count=5
PIC_NETWORK tid=ThreadId(21) PRIVATE_NFS export_cache_hit host=DietPi.local count=5
PIC_NETWORK tid=ThreadId(21) PRIVATE_NFS export_cache_hit host=DietPi.local count=5
PIC_NETWORK tid=ThreadId(21) PRIVATE_NFS export_cache_hit host=DietPi.local count=5
PIC_NETWORK tid=ThreadId(26) PRIVATE_NFS export_cache_hit host=DietPi.local count=5
PIC_NETWORK tid=ThreadId(26) PRIVATE_NFS read_start uri=nfs://DietPi.local/mnt/4TBS/pics-sport/XCC%202026/XCC%20EP%20Champs%202026/Starred%20Photos/DSC_2448_result.jpg max_bytes=134217728
PIC_NETWORK tid=ThreadIdPIC_NFS stage=read_session_lock elapsed_ms=0 tid=140342605641408 host=DietPi.local export=/mnt/4TBS relative=/pics-sport/XCC 202(6/XCC EP Champs 2026/Starred Photos/DSC_2448_result.jpg outcome=acquired
24) PRIVATE_NFS export_cache_hit host=DietPi.local count=5
PIC_NETWORK tid=ThreadId(24) PRIVATE_NFS read_start uri=nfs://DietPi.local/mnt/4TBS/pics-sport/XCC%202026/XCC%20EP%20Champs%202026/Starred%20Photos/DSC_1626_result.jpg max_bytes=134217728
PIC_NETWORK tid=ThreadId(25) PRIVATE_NFS export_cache_hit host=DietPi.local count=5
PIC_NETWORK tid=ThreadId(25) PRIVATE_NFS read_start uri=nfs://DietPi.local/mnt/4TBS/pics-sport/XCC%202026/XCC%20EP%20Champs%202026/Starred%20Photos/DSC_0005_result.jpg max_bytes=134217728
PIC_NETWORK tid=ThreadId(27) PRIVATE_NFS export_cache_hit host=DietPi.local count=5
PIC_NFS stage=context_creation elapsed_ms=0 tid=140342605641408 host=DietPi.local export=/mnt/4TBS relative=- outcome=ok
PIC_NFS_CONNECT create_start host=DietPi.local export=/mnt/4TBS version=3 tid=140342605641408
PIC_NETWORK tid=ThreadId(27) PRIVATE_NFS read_start uri=nfs://DietPi.local/mnt/4TBS/pics-sport/XCC%202026/XCC%20EP%20Champs%202026/Starred%20Photos/DSC_2848_result.jpg max_bytes=134217728
PIC_NFS stage=connection_establishment elapsed_ms=13 tid=140342605641408 host=DietPi.local export=/mnt/4TBS relative=- version=3 outcome=ok status=0
PIC_NFS_CONNECT create_ok host=DietPi.local export=/mnt/4TBS version=3
PIC_NFS stage=file_open elapsed_ms=1 tid=140342605641408 host=DietPi.local export=/mnt/4TBS relative=/pics-sport/XCC 2026/XCC EP Champs 2026/Starred Photos/DSC_2448_result.jpg outcome=ok
PIC_NFS stage=rpc_read elapsed_ms=9 tid=140342605641408 host=DietPi.local export=/mnt/4TBS relative=/pics-sport/XCC 2026/XCC EP Champs 2026/Starred Photos/DSC_2448_result.jpg iteration=1 outcome=ok bytes=65536 timedout_delta=0 retransmitted_delta=0 reconnects_delta=0
PIC_NFS stage=first_read elapsed_ms=9 tid=140342605641408 host=DietPi.local export=/mnt/4TBS relative=/pics-sport/XCC 2026/XCC EP Champs 2026/Starred Photos/DSC_2448_result.jpg outcome=ok bytes=65536
PIC_NFS stage=rpc_read elapsed_ms=1 tid=140342605641408 host=DietPi.local export=/mnt/4TBS relative=/pics-sport/XCC 2026/XCC EP Champs 2026/Starred Photos/DSC_2448_result.jpg iteration=2 outcome=ok bytes=65536 timedout_delta=0 retransmitted_delta=0 reconnects_delta=0
PIC_NFS stage=rpc_read elapsed_ms=2 tid=140342605641408 host=DietPi.local export=/mnt/4TBS relative=/pics-sport/XCC 2026/XCC EP Champs 2026/Starred Photos/DSC_2448_result.jpg iteration=3 outcome=ok bytes=131072 timedout_delta=0 retransmitted_delta=0 reconnects_delta=0
PIC_NFS stage=rpc_read elapsed_ms=4 tid=140342605641408 host=DietPi.local export=/mnt/4TBS relative=/pics-sport/XCC 2026/XCC EP Champs 2026/Starred Photos/DSC_2448_result.jpg iteration=4 outcome=ok bytes=262144 timedout_delta=0 retransmitted_delta=0 reconnects_delta=0
PIC_NFS stage=rpc_read elapsed_ms=7 tid=140342605641408 host=DietPi.local export=/mnt/4TBS relative=/pics-sport/XCC 2026/XCC EP Champs 2026/Starred Photos/DSC_2448_result.jpg iteration=5 outcome=ok bytes=524288 timedout_delta=0 retransmitted_delta=0 reconnects_delta=0
PIC_NFS stage=rpc_read elapsed_ms=7 tid=140342605641408 host=DietPi.local export=/mnt/4TBS relative=/pics-sport/XCC 2026/XCC EP Champs 2026/Starred Photos/DSC_2448_result.jpg iteration=6 outcome=ok bytes=587536 timedout_delta=0 retransmitted_delta=0 reconnects_delta=0
PIC_NFS stage=rpc_read elapsed_ms=0 tid=140342605641408 host=DietPi.local export=/mnt/4TBS relative=/pics-sport/XCC 2026/XCC EP Champs 2026/Starred Photos/DSC_2448_result.jpg iteration=7 outcome=ok bytes=0 timedout_delta=0 retransmitted_delta=0 reconnects_delta=0
PIC_NFS stage=file_read_complete elapsed_ms=30 tid=140342605641408 host=DietPi.local export=/mnt/4TBS relative=/pics-sport/XCC 2026/XCC EP Champs 2026/Starred Photos/DSC_2448_result.jpg outcome=ok bytes=1636112 calls=7
PIC_NFS stage=read_session_lock elapsed_ms=44 tid=140342978635456 host=DietPi.local export=/mnt/4TBS relative=/pics-sport/XCC 2026/XCC EP Champs 2026/Starred Photos/DSC_1626_result.jpg outcome=acquired
PIC_NFS_CONNECT reuse host=DietPi.local export=/mnt/4TBS
PIC_NETWORK tid=ThreadId(26) PRIVATE_NFS read_done bytes=1636112 elapsed_ms=45 uri=nfs://DietPi.local/mnt/4TBS/pics-sport/XCC%202026/XCC%20EP%20Champs%202026/Starred%20Photos/DSC_2448_result.jpg
PIC_NFS stage=file_open elapsed_ms=2 tid=140342978635456 host=DietPi.local export=/mnt/4TBS relative=/pics-sport/XCC 2026/XCC EP Champs 2026/Starred Photos/DSC_1626_result.jpg outcome=ok
PIC_NFS stage=rpc_read elapsed_ms=15 tid=140342978635456 host=DietPi.local export=/mnt/4TBS relative=/pics-sport/XCC 2026/XCC EP Champs 2026/Starred Photos/DSC_1626_result.jpg iteration=1 outcome=ok bytes=65536 timedout_delta=0 retransmitted_delta=0 reconnects_delta=0
PIC_NFS stage=first_read elapsed_ms=15 tid=140342978635456 host=DietPi.local export=/mnt/4TBS relative=/pics-sport/XCC 2026/XCC EP Champs 2026/Starred Photos/DSC_1626_result.jpg outcome=ok bytes=65536
PIC_NFS stage=rpc_read elapsed_ms=2 tid=140342978635456 host=DietPi.local export=/mnt/4TBS relative=/pics-sport/XCC 2026/XCC EP Champs 2026/Starred Photos/DSC_1626_result.jpg iteration=2 outcome=ok bytes=65536 timedout_delta=0 retransmitted_delta=0 reconnects_delta=0
PIC_NETWORK tid=ThreadId(26) PRIVATE_NFS export_cache_hit host=DietPi.local count=5
PIC_NETWORK tid=ThreadId(26) PRIVATE_NFS read_start uri=nfs://DietPi.local/mnt/4TBS/pics-sport/XCC%202026/XCC%20EP%20Champs%202026/Starred%20Photos/DSC_2484_result.jpg max_bytes=134217728
PIC_NFS stage=rpc_read elapsed_ms=1 tid=140342978635456 host=DietPi.local export=/mnt/4TBS relative=/pics-sport/XCC 2026/XCC EP Champs 2026/Starred Photos/DSC_1626_result.jpg iteration=3 outcome=ok bytes=131072 timedout_delta=0 retransmitted_delta=0 reconnects_delta=0
PIC_NFS stage=rpc_read elapsed_ms=4 tid=140342978635456 host=DietPi.local export=/mnt/4TBS relative=/pics-sport/XCC 2026/XCC EP Champs 2026/Starred Photos/DSC_1626_result.jpg iteration=4 outcome=ok bytes=262144 timedout_delta=0 retransmitted_delta=0 reconnects_delta=0
PIC_NFS stage=rpc_read elapsed_ms=7 tid=140342978635456 host=DietPi.local export=/mnt/4TBS relative=/pics-sport/XCC 2026/XCC EP Champs 2026/Starred Photos/DSC_1626_result.jpg iteration=5 outcome=ok bytes=524288 timedout_delta=0 retransmitted_delta=0 reconnects_delta=0
PIC_NFS stage=rpc_read elapsed_ms=11 tid=140342978635456 host=DietPi.local export=/mnt/4TBS relative=/pics-sport/XCC 2026/XCC EP Champs 2026/Starred Photos/DSC_1626_result.jpg iteration=6 outcome=ok bytes=868426 timedout_delta=0 retransmitted_delta=0 reconnects_delta=0
PIC_NFS stage=rpc_read elapsed_ms=0 tid=140342978635456 host=DietPi.local export=/mnt/4TBS relative=/pics-sport/XCC 2026/XCC EP Champs 2026/Starred Photos/DSC_1626_result.jpg iteration=7 outcome=ok bytes=0 timedout_delta=0 retransmitted_delta=0 reconnects_delta=0
PIC_NFS stage=file_read_complete elapsed_ms=40 tid=140342978635456 host=DietPi.local export=/mnt/4TBS relative=/pics-sport/XCC 2026/XCC EP Champs 2026/Starred Photos/DSC_1626_result.jpg outcome=ok bytes=1917002 calls=7
PIC_NFS stage=read_session_lock elapsed_ms=86 tid=140342976534208 host=DietPi.local export=/mnt/4TBS relative=/pics-sport/XCC 2026/XCC EP Champs 2026/Starred Photos/DSC_0005_result.jpg outcome=acquired
PIC_NFS_CONNECT reuse host=DietPi.local export=/mnt/4TBS
PIC_NETWORK tid=ThreadId(24) PRIVATE_NFS read_done bytes=1917002 elapsed_ms=86 uri=nfs://DietPi.local/mnt/4TBS/pics-sport/XCC%202026/XCC%20EP%20Champs%202026/Starred%20Photos/DSC_1626_result.jpg
PIC_NFS stage=file_open elapsed_ms=1 tid=140342976534208 host=DietPi.local export=/mnt/4TBS relative=/pics-sport/XCC 2026/XCC EP Champs 2026/Starred Photos/DSC_0005_result.jpg outcome=ok
PIC_NFS stage=rpc_read elapsed_ms=13 tid=140342976534208 host=DietPi.local export=/mnt/4TBS relative=/pics-sport/XCC 2026/XCC EP Champs 2026/Starred Photos/DSC_0005_result.jpg iteration=1 outcome=ok bytes=65536 timedout_delta=0 retransmitted_delta=0 reconnects_delta=0
PIC_NFS stage=first_read elapsed_ms=13 tid=140342976534208 host=DietPi.local export=/mnt/4TBS relative=/pics-sport/XCC 2026/XCC EP Champs 2026/Starred Photos/DSC_0005_result.jpg outcome=ok bytes=65536
PIC_NFS stage=rpc_read elapsed_ms=2 tid=140342976534208 host=DietPi.local export=/mnt/4TBS relative=/pics-sport/XCC 2026/XCC EP Champs 2026/Starred Photos/DSC_0005_result.jpg iteration=2 outcome=ok bytes=65536 timedout_delta=0 retransmitted_delta=0 reconnects_delta=0
PIC_NFS stage=rpc_read elapsed_ms=2 tid=140342976534208 host=DietPi.local export=/mnt/4TBS relative=/pics-sport/XCC 2026/XCC EP Champs 2026/Starred Photos/DSC_0005_result.jpg iteration=3 outcome=ok bytes=131072 timedout_delta=0 retransmitted_delta=0 reconnects_delta=0
PIC_NETWORK tid=ThreadId(24) PRIVATE_NFS export_cache_hit host=DietPi.local count=5
PIC_NETWORK tid=ThreadId(24) PRIVATE_NFS read_start uri=nfs://DietPi.local/mnt/4TBS/pics-sport/XCC%202026/XCC%20EP%20Champs%202026/Starred%20Photos/DSC_1632_result.jpg max_bytes=134217728
PIC_NFS stage=rpc_read elapsed_ms=4 tid=140342976534208 host=DietPi.local export=/mnt/4TBS relative=/pics-sport/XCC 2026/XCC EP Champs 2026/Starred Photos/DSC_0005_result.jpg iteration=4 outcome=ok bytes=262144 timedout_delta=0 retransmitted_delta=0 reconnects_delta=0
PIC_NFS stage=rpc_read elapsed_ms=7 tid=140342976534208 host=DietPi.local export=/mnt/4TBS relative=/pics-sport/XCC 2026/XCC EP Champs 2026/Starred Photos/DSC_0005_result.jpg iteration=5 outcome=ok bytes=524288 timedout_delta=0 retransmitted_delta=0 reconnects_delta=0
PIC_NFS stage=rpc_read elapsed_ms=2 tid=140342976534208 host=DietPi.local export=/mnt/4TBS relative=/pics-sport/XCC 2026/XCC EP Champs 2026/Starred Photos/DSC_0005_result.jpg iteration=6 outcome=ok bytes=153453 timedout_delta=0 retransmitted_delta=0 reconnects_delta=0
PIC_NFS stage=rpc_read elapsed_ms=0 tid=140342976534208 host=DietPi.local export=/mnt/4TBS relative=/pics-sport/XCC 2026/XCC EP Champs 2026/Starred Photos/DSC_0005_result.jpg iteration=7 outcome=ok bytes=0 timedout_delta=0 retransmitted_delta=0 reconnects_delta=0
PIC_NFS stage=file_read_complete elapsed_ms=30 tid=140342976534208 host=DietPi.local export=/mnt/4TBS relative=/pics-sport/XCC 2026/XCC EP Champs 2026/Starred Photos/DSC_0005_result.jpg outcome=ok bytes=1202029 calls=7
PIC_NFS stage=read_session_lock elapsed_ms=118 tid=140342603540160 host=DietPi.local export=/mnt/4TBS relative=/pics-sport/XCC 2026/XCC EP Champs 2026/Starred Photos/DSC_2848_result.jpg outcome=acquired
PIC_NFS_CONNECT reuse host=DietPi.local export=/mnt/4TBS
PIC_NETWORK tid=ThreadId(25) PRIVATE_NFS read_done bytes=1202029 elapsed_ms=118 uri=nfs://DietPi.local/mnt/4TBS/pics-sport/XCC%202026/XCC%20EP%20Champs%202026/Starred%20Photos/DSC_0005_result.jpg
PIC_NFS stage=file_open elapsed_ms=2 tid=140342603540160 host=DietPi.local export=/mnt/4TBS relative=/pics-sport/XCC 2026/XCC EP Champs 2026/Starred Photos/DSC_2848_result.jpg outcome=ok
PIC_NETWORK tid=ThreadId(25) PRIVATE_NFS export_cache_hit host=DietPi.local count=5
PIC_NETWORK tid=ThreadId(25) PRIVATE_NFS read_start uri=nfs://DietPi.local/mnt/4TBS/pics-sport/XCC%202026/XCC%20EP%20Champs%202026/Starred%20Photos/DSC_0008_result.jpg max_bytes=134217728
PIC_NFS stage=rpc_read elapsed_ms=19 tid=140342603540160 host=DietPi.local export=/mnt/4TBS relative=/pics-sport/XCC 2026/XCC EP Champs 2026/Starred Photos/DSC_2848_result.jpg iteration=1 outcome=ok bytes=65536 timedout_delta=0 retransmitted_delta=0 reconnects_delta=0
PIC_NFS stage=first_read elapsed_ms=19 tid=140342603540160 host=DietPi.local export=/mnt/4TBS relative=/pics-sport/XCC 2026/XCC EP Champs 2026/Starred Photos/DSC_2848_result.jpg outcome=ok bytes=65536
PIC_NFS stage=rpc_read elapsed_ms=2 tid=140342603540160 host=DietPi.local export=/mnt/4TBS relative=/pics-sport/XCC 2026/XCC EP Champs 2026/Starred Photos/DSC_2848_result.jpg iteration=2 outcome=ok bytes=65536 timedout_delta=0 retransmitted_delta=0 reconnects_delta=0
PIC_NFS stage=rpc_read elapsed_ms=1 tid=140342603540160 host=DietPi.local export=/mnt/4TBS relative=/pics-sport/XCC 2026/XCC EP Champs 2026/Starred Photos/DSC_2848_result.jpg iteration=3 outcome=ok bytes=131072 timedout_delta=0 retransmitted_delta=0 reconnects_delta=0
PIC_NFS stage=rpc_read elapsed_ms=3 tid=140342603540160 host=DietPi.local export=/mnt/4TBS relative=/pics-sport/XCC 2026/XCC EP Champs 2026/Starred Photos/DSC_2848_result.jpg iteration=4 outcome=ok bytes=262144 timedout_delta=0 retransmitted_delta=0 reconnects_delta=0
PIC_NFS stage=rpc_read elapsed_ms=8 tid=140342603540160 host=DietPi.local export=/mnt/4TBS relative=/pics-sport/XCC 2026/XCC EP Champs 2026/Starred Photos/DSC_2848_result.jpg iteration=5 outcome=ok bytes=524288 timedout_delta=0 retransmitted_delta=0 reconnects_delta=0
PIC_NFS stage=rpc_read elapsed_ms=6 tid=140342603540160 host=DietPi.local export=/mnt/4TBS relative=/pics-sport/XCC 2026/XCC EP Champs 2026/Starred Photos/DSC_2848_result.jpg iteration=6 outcome=ok bytes=511202 timedout_delta=0 retransmitted_delta=0 reconnects_delta=0
PIC_NFS stage=rpc_read elapsed_ms=0 tid=140342603540160 host=DietPi.local export=/mnt/4TBS relative=/pics-sport/XCC 2026/XCC EP Champs 2026/Starred Photos/DSC_2848_result.jpg iteration=7 outcome=ok bytes=0 timedout_delta=0 retransmitted_delta=0 reconnects_delta=0
PIC_NFS stage=file_read_complete elapsed_ms=40 tid=140342603540160 host=DietPi.local export=/mnt/4TBS relative=/pics-sport/XCC 2026/XCC EP Champs 2026/Starred Photos/DSC_2848_result.jpg outcome=ok bytes=1559778 calls=7
PIC_NFS stage=read_session_lock elapsed_ms=98 tid=140342605641408 host=DietPi.local export=/mnt/4TBS relative=/pics-sport/XCC 2026/XCC EP Champs 2026/Starred Photos/DSC_2484_result.jpg outcome=acquired
PIC_NFS_CONNECT reuse host=DietPi.local export=/mnt/4TBS
PIC_NETWORK tid=ThreadId(27) PRIVATE_NFS read_done bytes=1559778 elapsed_ms=161 uri=nfs://DietPi.local/mnt/4TBS/pics-sport/XCC%202026/XCC%20EP%20Champs%202026/Starred%20Photos/DSC_2848_result.jpg
PIC_NFS stage=file_open elapsed_ms=1 tid=140342605641408 host=DietPi.local export=/mnt/4TBS relative=/pics-sport/XCC 2026/XCC EP Champs 2026/Starred Photos/DSC_2484_result.jpg outcome=ok
PIC_NFS stage=rpc_read elapsed_ms=2 tid=140342605641408 host=DietPi.local export=/mnt/4TBS relative=/pics-sport/XCC 2026/XCC EP Champs 2026/Starred Photos/DSC_2484_result.jpg iteration=1 outcome=ok bytes=65536 timedout_delta=0 retransmitted_delta=0 reconnects_delta=0
PIC_NFS stage=first_read elapsed_ms=2 tid=140342605641408 host=DietPi.local export=/mnt/4TBS relative=/pics-sport/XCC 2026/XCC EP Champs 2026/Starred Photos/DSC_2484_result.jpg outcome=ok bytes=65536
PIC_NFS stage=rpc_read elapsed_ms=1 tid=140342605641408 host=DietPi.local export=/mnt/4TBS relative=/pics-sport/XCC 2026/XCC EP Champs 2026/Starred Photos/DSC_2484_result.jpg iteration=2 outcome=ok bytes=65536 timedout_delta=0 retransmitted_delta=0 reconnects_delta=0
PIC_NFS stage=rpc_read elapsed_ms=2 tid=140342605641408 host=DietPi.local export=/mnt/4TBS relative=/pics-sport/XCC 2026/XCC EP Champs 2026/Starred Photos/DSC_2484_result.jpg iteration=3 outcome=ok bytes=131072 timedout_delta=0 retransmitted_delta=0 reconnects_delta=0
PIC_NFS stage=rpc_read elapsed_ms=4 tid=140342605641408 host=DietPi.local export=/mnt/4TBS relative=/pics-sport/XCC 2026/XCC EP Champs 2026/Starred Photos/DSC_2484_result.jpg iteration=4 outcome=ok bytes=262144 timedout_delta=0 retransmitted_delta=0 reconnects_delta=0
PIC_NETWORK tid=ThreadId(27) PRIVATE_NFS export_cache_hit host=DietPi.local count=5
PIC_NETWORK tid=ThreadId(27) PRIVATE_NFS read_start uri=nfs://DietPi.local/mnt/4TBS/pics-sport/XCC%202026/XCC%20EP%20Champs%202026/Starred%20Photos/DSC_2860_result.jpg max_bytes=134217728
PIC_NFS stage=rpc_read elapsed_ms=6 tid=140342605641408 host=DietPi.local export=/mnt/4TBS relative=/pics-sport/XCC 2026/XCC EP Champs 2026/Starred Photos/DSC_2484_result.jpg iteration=5 outcome=ok bytes=524288 timedout_delta=0 retransmitted_delta=0 reconnects_delta=0
PIC_NFS stage=rpc_read elapsed_ms=8 tid=140342605641408 host=DietPi.local export=/mnt/4TBS relative=/pics-sport/XCC 2026/XCC EP Champs 2026/Starred Photos/DSC_2484_result.jpg iteration=6 outcome=ok bytes=565341 timedout_delta=0 retransmitted_delta=0 reconnects_delta=0
PIC_NFS stage=rpc_read elapsed_ms=0 tid=140342605641408 host=DietPi.local export=/mnt/4TBS relative=/pics-sport/XCC 2026/XCC EP Champs 2026/Starred Photos/DSC_2484_result.jpg iteration=7 outcome=ok bytes=0 timedout_delta=0 retransmitted_delta=0 reconnects_delta=0
PIC_NFS stage=file_read_complete elapsed_ms=23 tid=140342605641408 host=DietPi.local export=/mnt/4TBS relative=/pics-sport/XCC 2026/XCC EP Champs 2026/Starred Photos/DSC_2484_result.jpg outcome=ok bytes=1613917 calls=7
PIC_NFS stage=read_session_lock elapsed_ms=79 tid=140342978635456 host=DietPi.local export=/mnt/4TBS relative=/pics-sport/XCC 2026/XCC EP Champs 2026/Starred Photos/DSC_1632_result.jpg outcome=acquired
PIC_NFS_CONNECT reuse host=DietPi.local export=/mnt/4TBS
PIC_NETWORK tid=ThreadId(26) PRIVATE_NFS read_done bytes=1613917 elapsed_ms=122 uri=nfs://DietPi.local/mnt/4TBS/pics-sport/XCC%202026/XCC%20EP%20Champs%202026/Starred%20Photos/DSC_2484_result.jpg
PIC_NFS stage=file_open elapsed_ms=2 tid=140342978635456 host=DietPi.local export=/mnt/4TBS relative=/pics-sport/XCC 2026/XCC EP Champs 2026/Starred Photos/DSC_1632_result.jpg outcome=ok
PIC_NFS stage=rpc_read elapsed_ms=2 tid=140342978635456 host=DietPi.local export=/mnt/4TBS relative=/pics-sport/XCC 2026/XCC EP Champs 2026/Starred Photos/DSC_1632_result.jpg iteration=1 outcome=ok bytes=65536 timedout_delta=0 retransmitted_delta=0 reconnects_delta=0
PIC_NFS stage=first_read elapsed_ms=2 tid=140342978635456 host=DietPi.local export=/mnt/4TBS relative=/pics-sport/XCC 2026/XCC EP Champs 2026/Starred Photos/DSC_1632_result.jpg outcome=ok bytes=65536
PIC_NFS stage=rpc_read elapsed_ms=1 tid=140342978635456 host=DietPi.local export=/mnt/4TBS relative=/pics-sport/XCC 2026/XCC EP Champs 2026/Starred Photos/DSC_1632_result.jpg iteration=2 outcome=ok bytes=65536 timedout_delta=0 retransmitted_delta=0 reconnects_delta=0
PIC_NFS stage=rpc_read elapsed_ms=2 tid=140342978635456 host=DietPi.local export=/mnt/4TBS relative=/pics-sport/XCC 2026/XCC EP Champs 2026/Starred Photos/DSC_1632_result.jpg iteration=3 outcome=ok bytes=131072 timedout_delta=0 retransmitted_delta=0 reconnects_delta=0
PIC_NFS stage=rpc_read elapsed_ms=4 tid=140342978635456 host=DietPi.local export=/mnt/4TBS relative=/pics-sport/XCC 2026/XCC EP Champs 2026/Starred Photos/DSC_1632_result.jpg iteration=4 outcome=ok bytes=262144 timedout_delta=0 retransmitted_delta=0 reconnects_delta=0
PIC_NFS stage=rpc_read elapsed_ms=7 tid=140342978635456 host=DietPi.local export=/mnt/4TBS relative=/pics-sport/XCC 2026/XCC EP Champs 2026/Starred Photos/DSC_1632_result.jpg iteration=5 outcome=ok bytes=524288 timedout_delta=0 retransmitted_delta=0 reconnects_delta=0
PIC_NETWORK tid=ThreadId(26) PRIVATE_NFS export_cache_hit host=DietPi.local count=5
PIC_NETWORK tid=ThreadId(26) PRIVATE_NFS read_start uri=nfs://DietPi.local/mnt/4TBS/pics-sport/XCC%202026/XCC%20EP%20Champs%202026/Starred%20Photos/DSC_2652_result.jpg max_bytes=134217728
PIC_NFS stage=rpc_read elapsed_ms=7 tid=140342978635456 host=DietPi.local export=/mnt/4TBS relative=/pics-sport/XCC 2026/XCC EP Champs 2026/Starred Photos/DSC_1632_result.jpg iteration=6 outcome=ok bytes=578438 timedout_delta=0 retransmitted_delta=0 reconnects_delta=0
PIC_NFS stage=rpc_read elapsed_ms=1 tid=140342978635456 host=DietPi.local export=/mnt/4TBS relative=/pics-sport/XCC 2026/XCC EP Champs 2026/Starred Photos/DSC_1632_result.jpg iteration=7 outcome=ok bytes=0 timedout_delta=0 retransmitted_delta=0 reconnects_delta=0
PIC_NFS stage=file_read_complete elapsed_ms=24 tid=140342978635456 host=DietPi.local export=/mnt/4TBS relative=/pics-sport/XCC 2026/XCC EP Champs 2026/Starred Photos/DSC_1632_result.jpg outcome=ok bytes=1627014 calls=7
PIC_NFS stage=read_session_lock elapsed_ms=78 tid=140342976534208 host=DietPi.local export=/mnt/4TBS relative=/pics-sport/XCC 2026/XCC EP Champs 2026/Starred Photos/DSC_0008_result.jpg outcome=acquired
PIC_NFS_CONNECT reuse host=DietPi.local export=/mnt/4TBS
PIC_NETWORK tid=ThreadId(24) PRIVATE_NFS read_done bytes=1627014 elapsed_ms=105 uri=nfs://DietPi.local/mnt/4TBS/pics-sport/XCC%202026/XCC%20EP%20Champs%202026/Starred%20Photos/DSC_1632_result.jpg
PIC_NFS stage=file_open elapsed_ms=2 tid=140342976534208 host=DietPi.local export=/mnt/4TBS relative=/pics-sport/XCC 2026/XCC EP Champs 2026/Starred Photos/DSC_0008_result.jpg outcome=ok
PIC_NFS stage=rpc_read elapsed_ms=14 tid=140342976534208 host=DietPi.local export=/mnt/4TBS relative=/pics-sport/XCC 2026/XCC EP Champs 2026/Starred Photos/DSC_0008_result.jpg iteration=1 outcome=ok bytes=65536 timedout_delta=0 retransmitted_delta=0 reconnects_delta=0
PIC_NFS stage=first_read elapsed_ms=14 tid=140342976534208 host=DietPi.local export=/mnt/4TBS relative=/pics-sport/XCC 2026/XCC EP Champs 2026/Starred Photos/DSC_0008_result.jpg outcome=ok bytes=65536
PIC_NETWORK tid=ThreadId(24) PRIVATE_NFS export_cache_hit host=DietPi.local count=5
PIC_NETWORK tid=ThreadId(24) PRIVATE_NFS read_start uri=nfs://DietPi.local/mnt/4TBS/pics-sport/XCC%202026/XCC%20EP%20Champs%202026/Starred%20Photos/DSC_1636_result.jpg max_bytes=134217728
PIC_NFS stage=rpc_read elapsed_ms=1 tid=140342976534208 host=DietPi.local export=/mnt/4TBS relative=/pics-sport/XCC 2026/XCC EP Champs 2026/Starred Photos/DSC_0008_result.jpg iteration=2 outcome=ok bytes=65536 timedout_delta=0 retransmitted_delta=0 reconnects_delta=0
PIC_NFS stage=rpc_read elapsed_ms=2 tid=140342976534208 host=DietPi.local export=/mnt/4TBS relative=/pics-sport/XCC 2026/XCC EP Champs 2026/Starred Photos/DSC_0008_result.jpg iteration=3 outcome=ok bytes=131072 timedout_delta=0 retransmitted_delta=0 reconnects_delta=0
PIC_NFS stage=rpc_read elapsed_ms=4 tid=140342976534208 host=DietPi.local export=/mnt/4TBS relative=/pics-sport/XCC 2026/XCC EP Champs 2026/Starred Photos/DSC_0008_result.jpg iteration=4 outcome=ok bytes=262144 timedout_delta=0 retransmitted_delta=0 reconnects_delta=0
PIC_NFS stage=rpc_read elapsed_ms=7 tid=140342976534208 host=DietPi.local export=/mnt/4TBS relative=/pics-sport/XCC 2026/XCC EP Champs 2026/Starred Photos/DSC_0008_result.jpg iteration=5 outcome=ok bytes=524288 timedout_delta=0 retransmitted_delta=0 reconnects_delta=0
PIC_NFS stage=rpc_read elapsed_ms=1 tid=140342976534208 host=DietPi.local export=/mnt/4TBS relative=/pics-sport/XCC 2026/XCC EP Champs 2026/Starred Photos/DSC_0008_result.jpg iteration=6 outcome=ok bytes=33371 timedout_delta=0 retransmitted_delta=0 reconnects_delta=0
PIC_NFS stage=rpc_read elapsed_ms=1 tid=140342976534208 host=DietPi.local export=/mnt/4TBS relative=/pics-sport/XCC 2026/XCC EP Champs 2026/Starred Photos/DSC_0008_result.jpg iteration=7 outcome=ok bytes=0 timedout_delta=0 retransmitted_delta=0 reconnects_delta=0
PIC_NFS stage=file_read_complete elapsed_ms=30 tid=140342976534208 host=DietPi.local export=/mnt/4TBS relative=/pics-sport/XCC 2026/XCC EP Champs 2026/Starred Photos/DSC_0008_result.jpg outcome=ok bytes=1081947 calls=7
PIC_NFS stage=read_session_lock elapsed_ms=66 tid=140342603540160 host=DietPi.local export=/mnt/4TBS relative=/pics-sport/XCC 2026/XCC EP Champs 2026/Starred Photos/DSC_2860_result.jpg outcome=acquired
PIC_NFS_CONNECT reuse host=DietPi.local export=/mnt/4TBS
PIC_NETWORK tid=ThreadId(25) PRIVATE_NFS read_done bytes=1081947 elapsed_ms=109 uri=nfs://DietPi.local/mnt/4TBS/pics-sport/XCC%202026/XCC%20EP%20Champs%202026/Starred%20Photos/DSC_0008_result.jpg
PIC_NFS stage=file_open elapsed_ms=2 tid=140342603540160 host=DietPi.local export=/mnt/4TBS relative=/pics-sport/XCC 2026/XCC EP Champs 2026/Starred Photos/DSC_2860_result.jpg outcome=ok
PIC_NETWORK tid=ThreadId(25) PRIVATE_NFS export_cache_hit host=DietPi.local count=5
PIC_NETWORK tid=ThreadId(25) PRIVATE_NFS read_start uri=nfs://DietPi.local/mnt/4TBS/pics-sport/XCC%202026/XCC%20EP%20Champs%202026/Starred%20Photos/DSC_0009_result.jpg max_bytes=134217728
PIC_NFS stage=rpc_read elapsed_ms=22 tid=140342603540160 host=DietPi.local export=/mnt/4TBS relative=/pics-sport/XCC 2026/XCC EP Champs 2026/Starred Photos/DSC_2860_result.jpg iteration=1 outcome=ok bytes=65536 timedout_delta=0 retransmitted_delta=0 reconnects_delta=0
PIC_NFS stage=first_read elapsed_ms=22 tid=140342603540160 host=DietPi.local export=/mnt/4TBS relative=/pics-sport/XCC 2026/XCC EP Champs 2026/Starred Photos/DSC_2860_result.jpg outcome=ok bytes=65536
PIC_NFS stage=rpc_read elapsed_ms=2 tid=140342603540160 host=DietPi.local export=/mnt/4TBS relative=/pics-sport/XCC 2026/XCC EP Champs 2026/Starred Photos/DSC_2860_result.jpg iteration=2 outcome=ok bytes=65536 timedout_delta=0 retransmitted_delta=0 reconnects_delta=0
PIC_NFS stage=rpc_read elapsed_ms=2 tid=140342603540160 host=DietPi.local export=/mnt/4TBS relative=/pics-sport/XCC 2026/XCC EP Champs 2026/Starred Photos/DSC_2860_result.jpg iteration=3 outcome=ok bytes=131072 timedout_delta=0 retransmitted_delta=0 reconnects_delta=0
PIC_NFS stage=rpc_read elapsed_ms=4 tid=140342603540160 host=DietPi.local export=/mnt/4TBS relative=/pics-sport/XCC 2026/XCC EP Champs 2026/Starred Photos/DSC_2860_result.jpg iteration=4 outcome=ok bytes=262144 timedout_delta=0 retransmitted_delta=0 reconnects_delta=0
PIC_NFS stage=rpc_read elapsed_ms=7 tid=140342603540160 host=DietPi.local export=/mnt/4TBS relative=/pics-sport/XCC 2026/XCC EP Champs 2026/Starred Photos/DSC_2860_result.jpg iteration=5 outcome=ok bytes=524288 timedout_delta=0 retransmitted_delta=0 reconnects_delta=0
PIC_NFS stage=rpc_read elapsed_ms=5 tid=140342603540160 host=DietPi.local export=/mnt/4TBS relative=/pics-sport/XCC 2026/XCC EP Champs 2026/Starred Photos/DSC_2860_result.jpg iteration=6 outcome=ok bytes=274536 timedout_delta=0 retransmitted_delta=0 reconnects_delta=0
PIC_NFS stage=rpc_read elapsed_ms=0 tid=140342603540160 host=DietPi.local export=/mnt/4TBS relative=/pics-sport/XCC 2026/XCC EP Champs 2026/Starred Photos/DSC_2860_result.jpg iteration=7 outcome=ok bytes=0 timedout_delta=0 retransmitted_delta=0 reconnects_delta=0
PIC_NFS stage=file_read_complete elapsed_ms=42 tid=140342603540160 host=DietPi.local export=/mnt/4TBS relative=/pics-sport/XCC 2026/XCC EP Champs 2026/Starred Photos/DSC_2860_result.jpg outcome=ok bytes=1323112 calls=7
PIC_NFS stage=read_session_lock elapsed_ms=84 tid=140342605641408 host=DietPi.local export=/mnt/4TBS relative=/pics-sport/XCC 2026/XCC EP Champs 2026/Starred Photos/DSC_2652_result.jpg outcome=acquired
PIC_NFS_CONNECT reuse host=DietPi.local export=/mnt/4TBS
PIC_NETWORK tid=ThreadId(27) PRIVATE_NFS read_done bytes=1323112 elapsed_ms=110 uri=nfs://DietPi.local/mnt/4TBS/pics-sport/XCC%202026/XCC%20EP%20Champs%202026/Starred%20Photos/DSC_2860_result.jpg
PIC_NFS stage=file_open elapsed_ms=2 tid=140342605641408 host=DietPi.local export=/mnt/4TBS relative=/pics-sport/XCC 2026/XCC EP Champs 2026/Starred Photos/DSC_2652_result.jpg outcome=ok
PIC_NFS stage=rpc_read elapsed_ms=2 tid=140342605641408 host=DietPi.local export=/mnt/4TBS relative=/pics-sport/XCC 2026/XCC EP Champs 2026/Starred Photos/DSC_2652_result.jpg iteration=1 outcome=ok bytes=65536 timedout_delta=0 retransmitted_delta=0 reconnects_delta=0
PIC_NFS stage=first_read elapsed_ms=2 tid=140342605641408 host=DietPi.local export=/mnt/4TBS relative=/pics-sport/XCC 2026/XCC EP Champs 2026/Starred Photos/DSC_2652_result.jpg outcome=ok bytes=65536
PIC_NFS stage=rpc_read elapsed_ms=1 tid=140342605641408 host=DietPi.local export=/mnt/4TBS relative=/pics-sport/XCC 2026/XCC EP Champs 2026/Starred Photos/DSC_2652_result.jpg iteration=2 outcome=ok bytes=65536 timedout_delta=0 retransmitted_delta=0 reconnects_delta=0
PIC_NFS stage=rpc_read elapsed_ms=2 tid=140342605641408 host=DietPi.local export=/mnt/4TBS relative=/pics-sport/XCC 2026/XCC EP Champs 2026/Starred Photos/DSC_2652_result.jpg iteration=3 outcome=ok bytes=131072 timedout_delta=0 retransmitted_delta=0 reconnects_delta=0
PIC_NFS stage=rpc_read elapsed_ms=3 tid=140342605641408 host=DietPi.local export=/mnt/4TBS relative=/pics-sport/XCC 2026/XCC EP Champs 2026/Starred Photos/DSC_2652_result.jpg iteration=4 outcome=ok bytes=262144 timedout_delta=0 retransmitted_delta=0 reconnects_delta=0
PIC_NETWORK tid=ThreadId(27) PRIVATE_NFS export_cache_hit host=DietPi.local count=5
PIC_NETWORK tid=ThreadId(27) PRIVATE_NFS read_start uri=nfs://DietPi.local/mnt/4TBS/pics-sport/XCC%202026/XCC%20EP%20Champs%202026/Starred%20Photos/DSC_2905_result.jpg max_bytes=134217728
PIC_NFS stage=rpc_read elapsed_ms=7 tid=140342605641408 host=DietPi.local export=/mnt/4TBS relative=/pics-sport/XCC 2026/XCC EP Champs 2026/Starred Photos/DSC_2652_result.jpg iteration=5 outcome=ok bytes=524288 timedout_delta=0 retransmitted_delta=0 reconnects_delta=0
PIC_NFS stage=rpc_read elapsed_ms=41 tid=140342605641408 host=DietPi.local export=/mnt/4TBS relative=/pics-sport/XCC 2026/XCC EP Champs 2026/Starred Photos/DSC_2652_result.jpg iteration=6 outcome=ok bytes=1048576 timedout_delta=0 retransmitted_delta=0 reconnects_delta=0
PIC_NFS stage=rpc_read elapsed_ms=1 tid=140342605641408 host=DietPi.local export=/mnt/4TBS relative=/pics-sport/XCC 2026/XCC EP Champs 2026/Starred Photos/DSC_2652_result.jpg iteration=7 outcome=ok bytes=47877 timedout_delta=0 retransmitted_delta=0 reconnects_delta=0
PIC_NFS stage=rpc_read elapsed_ms=1 tid=140342605641408 host=DietPi.local export=/mnt/4TBS relative=/pics-sport/XCC 2026/XCC EP Champs 2026/Starred Photos/DSC_2652_result.jpg iteration=8 outcome=ok bytes=0 timedout_delta=0 retransmitted_delta=0 reconnects_delta=0
PIC_NFS stage=file_read_complete elapsed_ms=59 tid=140342605641408 host=DietPi.local export=/mnt/4TBS relative=/pics-sport/XCC 2026/XCC EP Champs 2026/Starred Photos/DSC_2652_result.jpg outcome=ok bytes=2145029 calls=8
PIC_NFS stage=read_session_lock elapsed_ms=120 tid=140342978635456 host=DietPi.local export=/mnt/4TBS relative=/pics-sport/XCC 2026/XCC EP Champs 2026/Starred Photos/DSC_1636_result.jpg outcome=acquired
PIC_NFS_CONNECT reuse host=DietPi.local export=/mnt/4TBS
PIC_NETWORK tid=ThreadId(26) PRIVATE_NFS read_done bytes=2145029 elapsed_ms=145 uri=nfs://DietPi.local/mnt/4TBS/pics-sport/XCC%202026/XCC%20EP%20Champs%202026/Starred%20Photos/DSC_2652_result.jpg
PIC_NFS stage=file_open elapsed_ms=2 tid=140342978635456 host=DietPi.local export=/mnt/4TBS relative=/pics-sport/XCC 2026/XCC EP Champs 2026/Starred Photos/DSC_1636_result.jpg outcome=ok
PIC_NFS stage=rpc_read elapsed_ms=1 tid=140342978635456 host=DietPi.local export=/mnt/4TBS relative=/pics-sport/XCC 2026/XCC EP Champs 2026/Starred Photos/DSC_1636_result.jpg iteration=1 outcome=ok bytes=65536 timedout_delta=0 retransmitted_delta=0 reconnects_delta=0
PIC_NFS stage=first_read elapsed_ms=1 tid=140342978635456 host=DietPi.local export=/mnt/4TBS relative=/pics-sport/XCC 2026/XCC EP Champs 2026/Starred Photos/DSC_1636_result.jpg outcome=ok bytes=65536
PIC_NFS stage=rpc_read elapsed_ms=2 tid=140342978635456 host=DietPi.local export=/mnt/4TBS relative=/pics-sport/XCC 2026/XCC EP Champs 2026/Starred Photos/DSC_1636_result.jpg iteration=2 outcome=ok bytes=65536 timedout_delta=0 retransmitted_delta=0 reconnects_delta=0
PIC_NFS stage=rpc_read elapsed_ms=2 tid=140342978635456 host=DietPi.local export=/mnt/4TBS relative=/pics-sport/XCC 2026/XCC EP Champs 2026/Starred Photos/DSC_1636_result.jpg iteration=3 outcome=ok bytes=131072 timedout_delta=0 retransmitted_delta=0 reconnects_delta=0
PIC_NFS stage=rpc_read elapsed_ms=3 tid=140342978635456 host=DietPi.local export=/mnt/4TBS relative=/pics-sport/XCC 2026/XCC EP Champs 2026/Starred Photos/DSC_1636_result.jpg iteration=4 outcome=ok bytes=262144 timedout_delta=0 retransmitted_delta=0 reconnects_delta=0
PIC_NFS stage=rpc_read elapsed_ms=7 tid=140342978635456 host=DietPi.local export=/mnt/4TBS relative=/pics-sport/XCC 2026/XCC EP Champs 2026/Starred Photos/DSC_1636_result.jpg iteration=5 outcome=ok bytes=524288 timedout_delta=0 retransmitted_delta=0 reconnects_delta=0
PIC_NETWORK tid=ThreadId(26) PRIVATE_NFS export_cache_hit host=DietPi.local count=5
PIC_NETWORK tid=ThreadId(26) PRIVATE_NFS read_start uri=nfs://DietPi.local/mnt/4TBS/pics-sport/XCC%202026/XCC%20EP%20Champs%202026/Starred%20Photos/DSC_2663_result.jpg max_bytes=134217728
PIC_NFS stage=rpc_read elapsed_ms=16 tid=140342978635456 host=DietPi.local export=/mnt/4TBS relative=/pics-sport/XCC 2026/XCC EP Champs 2026/Starred Photos/DSC_1636_result.jpg iteration=6 outcome=ok bytes=694585 timedout_delta=0 retransmitted_delta=0 reconnects_delta=0
PIC_NFS stage=rpc_read elapsed_ms=0 tid=140342978635456 host=DietPi.local export=/mnt/4TBS relative=/pics-sport/XCC 2026/XCC EP Champs 2026/Starred Photos/DSC_1636_result.jpg iteration=7 outcome=ok bytes=0 timedout_delta=0 retransmitted_delta=0 reconnects_delta=0
PIC_NFS stage=file_read_complete elapsed_ms=31 tid=140342978635456 host=DietPi.local export=/mnt/4TBS relative=/pics-sport/XCC 2026/XCC EP Champs 2026/Starred Photos/DSC_1636_result.jpg outcome=ok bytes=1743161 calls=7
PIC_NFS stage=read_session_lock elapsed_ms=124 tid=140342976534208 host=DietPi.local export=/mnt/4TBS relative=/pics-sport/XCC 2026/XCC EP Champs 2026/Starred Photos/DSC_0009_result.jpg outcome=acquired
PIC_NFS_CONNECT reuse host=DietPi.local export=/mnt/4TBS
PIC_NETWORK tid=ThreadId(24) PRIVATE_NFS read_done bytes=1743161 elapsed_ms=153 uri=nfs://DietPi.local/mnt/4TBS/pics-sport/XCC%202026/XCC%20EP%20Champs%202026/Starred%20Photos/DSC_1636_result.jpg
PIC_NFS stage=file_open elapsed_ms=2 tid=140342976534208 host=DietPi.local export=/mnt/4TBS relative=/pics-sport/XCC 2026/XCC EP Champs 2026/Starred Photos/DSC_0009_result.jpg outcome=ok
PIC_NFS stage=rpc_read elapsed_ms=10 tid=140342976534208 host=DietPi.local export=/mnt/4TBS relative=/pics-sport/XCC 2026/XCC EP Champs 2026/Starred Photos/DSC_0009_result.jpg iteration=1 outcome=ok bytes=65536 timedout_delta=0 retransmitted_delta=0 reconnects_delta=0
PIC_NFS stage=first_read elapsed_ms=10 tid=140342976534208 host=DietPi.local export=/mnt/4TBS relative=/pics-sport/XCC 2026/XCC EP Champs 2026/Starred Photos/DSC_0009_result.jpg outcome=ok bytes=65536
PIC_NFS stage=rpc_read elapsed_ms=2 tid=140342976534208 host=DietPi.local export=/mnt/4TBS relative=/pics-sport/XCC 2026/XCC EP Champs 2026/Starred Photos/DSC_0009_result.jpg iteration=2 outcome=ok bytes=65536 timedout_delta=0 retransmitted_delta=0 reconnects_delta=0
PIC_NFS stage=rpc_read elapsed_ms=2 tid=140342976534208 host=DietPi.local export=/mnt/4TBS relative=/pics-sport/XCC 2026/XCC EP Champs 2026/Starred Photos/DSC_0009_result.jpg iteration=3 outcome=ok bytes=131072 timedout_delta=0 retransmitted_delta=0 reconnects_delta=0
PIC_NETWORK tid=ThreadId(24) PRIVATE_NFS export_cache_hit host=DietPi.local count=5
PIC_NETWORK tid=ThreadId(24) PRIVATE_NFS read_start uri=nfs://DietPi.local/mnt/4TBS/pics-sport/XCC%202026/XCC%20EP%20Champs%202026/Starred%20Photos/DSC_1638_result.jpg max_bytes=134217728
PIC_NFS stage=rpc_read elapsed_ms=4 tid=140342976534208 host=DietPi.local export=/mnt/4TBS relative=/pics-sport/XCC 2026/XCC EP Champs 2026/Starred Photos/DSC_0009_result.jpg iteration=4 outcome=ok bytes=262144 timedout_delta=0 retransmitted_delta=0 reconnects_delta=0
PIC_NFS stage=rpc_read elapsed_ms=7 tid=140342976534208 host=DietPi.local export=/mnt/4TBS relative=/pics-sport/XCC 2026/XCC EP Champs 2026/Starred Photos/DSC_0009_result.jpg iteration=5 outcome=ok bytes=524288 timedout_delta=0 retransmitted_delta=0 reconnects_delta=0
PIC_NFS stage=rpc_read elapsed_ms=9 tid=140342976534208 host=DietPi.local export=/mnt/4TBS relative=/pics-sport/XCC 2026/XCC EP Champs 2026/Starred Photos/DSC_0009_result.jpg iteration=6 outcome=ok bytes=783349 timedout_delta=0 retransmitted_delta=0 reconnects_delta=0
PIC_NFS stage=rpc_read elapsed_ms=1 tid=140342976534208 host=DietPi.local export=/mnt/4TBS relative=/pics-sport/XCC 2026/XCC EP Champs 2026/Starred Photos/DSC_0009_result.jpg iteration=7 outcome=ok bytes=0 timedout_delta=0 retransmitted_delta=0 reconnects_delta=0
PIC_NFS stage=file_read_complete elapsed_ms=35 tid=140342976534208 host=DietPi.local export=/mnt/4TBS relative=/pics-sport/XCC 2026/XCC EP Champs 2026/Starred Photos/DSC_0009_result.jpg outcome=ok bytes=1831925 calls=7
PIC_NFS stage=read_session_lock elapsed_ms=117 tid=140342603540160 host=DietPi.local export=/mnt/4TBS relative=/pics-sport/XCC 2026/XCC EP Champs 2026/Starred Photos/DSC_2905_result.jpg outcome=acquired
PIC_NFS_CONNECT reuse host=DietPi.local export=/mnt/4TBS
PIC_NETWORK tid=ThreadId(25) PRIVATE_NFS read_done bytes=1831925 elapsed_ms=161 uri=nfs://DietPi.local/mnt/4TBS/pics-sport/XCC%202026/XCC%20EP%20Champs%202026/Starred%20Photos/DSC_0009_result.jpg
PIC_NFS stage=file_open elapsed_ms=1 tid=140342603540160 host=DietPi.local export=/mnt/4TBS relative=/pics-sport/XCC 2026/XCC EP Champs 2026/Starred Photos/DSC_2905_result.jpg outcome=ok
PIC_NFS stage=rpc_read elapsed_ms=2 tid=140342603540160 host=DietPi.local export=/mnt/4TBS relative=/pics-sport/XCC 2026/XCC EP Champs 2026/Starred Photos/DSC_2905_result.jpg iteration=1 outcome=ok bytes=65536 timedout_delta=0 retransmitted_delta=0 reconnects_delta=0
PIC_NFS stage=first_read elapsed_ms=2 tid=140342603540160 host=DietPi.local export=/mnt/4TBS relative=/pics-sport/XCC 2026/XCC EP Champs 2026/Starred Photos/DSC_2905_result.jpg outcome=ok bytes=65536
PIC_NFS stage=rpc_read elapsed_ms=2 tid=140342603540160 host=DietPi.local export=/mnt/4TBS relative=/pics-sport/XCC 2026/XCC EP Champs 2026/Starred Photos/DSC_2905_result.jpg iteration=2 outcome=ok bytes=65536 timedout_delta=0 retransmitted_delta=0 reconnects_delta=0
PIC_NFS stage=rpc_read elapsed_ms=1 tid=140342603540160 host=DietPi.local export=/mnt/4TBS relative=/pics-sport/XCC 2026/XCC EP Champs 2026/Starred Photos/DSC_2905_result.jpg iteration=3 outcome=ok bytes=131072 timedout_delta=0 retransmitted_delta=0 reconnects_delta=0
PIC_NFS stage=rpc_read elapsed_ms=4 tid=140342603540160 host=DietPi.local export=/mnt/4TBS relative=/pics-sport/XCC 2026/XCC EP Champs 2026/Starred Photos/DSC_2905_result.jpg iteration=4 outcome=ok bytes=262144 timedout_delta=0 retransmitted_delta=0 reconnects_delta=0
PIC_NFS stage=rpc_read elapsed_ms=7 tid=140342603540160 host=DietPi.local export=/mnt/4TBS relative=/pics-sport/XCC 2026/XCC EP Champs 2026/Starred Photos/DSC_2905_result.jpg iteration=5 outcome=ok bytes=524288 timedout_delta=0 retransmitted_delta=0 reconnects_delta=0
PIC_NETWORK tid=ThreadId(25) PRIVATE_NFS export_cache_hit host=DietPi.local count=5
PIC_NETWORK tid=ThreadId(25) PRIVATE_NFS read_start uri=nfs://DietPi.local/mnt/4TBS/pics-sport/XCC%202026/XCC%20EP%20Champs%202026/Starred%20Photos/DSC_0036_result.jpg max_bytes=134217728
PIC_NFS stage=rpc_read elapsed_ms=7 tid=140342603540160 host=DietPi.local export=/mnt/4TBS relative=/pics-sport/XCC 2026/XCC EP Champs 2026/Starred Photos/DSC_2905_result.jpg iteration=6 outcome=ok bytes=558893 timedout_delta=0 retransmitted_delta=0 reconnects_delta=0
PIC_NFS stage=rpc_read elapsed_ms=0 tid=140342603540160 host=DietPi.local export=/mnt/4TBS relative=/pics-sport/XCC 2026/XCC EP Champs 2026/Starred Photos/DSC_2905_result.jpg iteration=7 outcome=ok bytes=0 timedout_delta=0 retransmitted_delta=0 reconnects_delta=0
PIC_NFS stage=file_read_complete elapsed_ms=23 tid=140342603540160 host=DietPi.local export=/mnt/4TBS relative=/pics-sport/XCC 2026/XCC EP Champs 2026/Starred Photos/DSC_2905_result.jpg outcome=ok bytes=1607469 calls=7
PIC_NFS stage=read_session_lock elapsed_ms=74 tid=140342605641408 host=DietPi.local export=/mnt/4TBS relative=/pics-sport/XCC 2026/XCC EP Champs 2026/Starred Photos/DSC_2663_result.jpg outcome=acquired
PIC_NFS_CONNECT reuse host=DietPi.local export=/mnt/4TBS
PIC_NETWORK tid=ThreadId(27) PRIVATE_NFS read_done bytes=1607469 elapsed_ms=141 uri=nfs://DietPi.local/mnt/4TBS/pics-sport/XCC%202026/XCC%20EP%20Champs%202026/Starred%20Photos/DSC_2905_result.jpg
PIC_NFS stage=file_open elapsed_ms=2 tid=140342605641408 host=DietPi.local export=/mnt/4TBS relative=/pics-sport/XCC 2026/XCC EP Champs 2026/Starred Photos/DSC_2663_result.jpg outcome=ok
PIC_NFS stage=rpc_read elapsed_ms=2 tid=140342605641408 host=DietPi.local export=/mnt/4TBS relative=/pics-sport/XCC 2026/XCC EP Champs 2026/Starred Photos/DSC_2663_result.jpg iteration=1 outcome=ok bytes=65536 timedout_delta=0 retransmitted_delta=0 reconnects_delta=0
PIC_NFS stage=first_read elapsed_ms=2 tid=140342605641408 host=DietPi.local export=/mnt/4TBS relative=/pics-sport/XCC 2026/XCC EP Champs 2026/Starred Photos/DSC_2663_result.jpg outcome=ok bytes=65536
PIC_NFS stage=rpc_read elapsed_ms=1 tid=140342605641408 host=DietPi.local export=/mnt/4TBS relative=/pics-sport/XCC 2026/XCC EP Champs 2026/Starred Photos/DSC_2663_result.jpg iteration=2 outcome=ok bytes=65536 timedout_delta=0 retransmitted_delta=0 reconnects_delta=0
PIC_NFS stage=rpc_read elapsed_ms=2 tid=140342605641408 host=DietPi.local export=/mnt/4TBS relative=/pics-sport/XCC 2026/XCC EP Champs 2026/Starred Photos/DSC_2663_result.jpg iteration=3 outcome=ok bytes=131072 timedout_delta=0 retransmitted_delta=0 reconnects_delta=0
PIC_NFS stage=rpc_read elapsed_ms=3 tid=140342605641408 host=DietPi.local export=/mnt/4TBS relative=/pics-sport/XCC 2026/XCC EP Champs 2026/Starred Photos/DSC_2663_result.jpg iteration=4 outcome=ok bytes=262144 timedout_delta=0 retransmitted_delta=0 reconnects_delta=0
PIC_NFS stage=rpc_read elapsed_ms=7 tid=140342605641408 host=DietPi.local export=/mnt/4TBS relative=/pics-sport/XCC 2026/XCC EP Champs 2026/Starred Photos/DSC_2663_result.jpg iteration=5 outcome=ok bytes=524288 timedout_delta=0 retransmitted_delta=0 reconnects_delta=0
PIC_NETWORK tid=ThreadId(27) PRIVATE_NFS export_cache_hit host=DietPi.local count=5
PIC_NETWORK tid=ThreadId(27) PRIVATE_NFS read_start uri=nfs://DietPi.local/mnt/4TBS/pics-sport/XCC%202026/XCC%20EP%20Champs%202026/Starred%20Photos/DSC_2909_result.jpg max_bytes=134217728
PIC_NFS stage=rpc_read elapsed_ms=10 tid=140342605641408 host=DietPi.local export=/mnt/4TBS relative=/pics-sport/XCC 2026/XCC EP Champs 2026/Starred Photos/DSC_2663_result.jpg iteration=6 outcome=ok bytes=758796 timedout_delta=0 retransmitted_delta=0 reconnects_delta=0
PIC_NFS stage=rpc_read elapsed_ms=0 tid=140342605641408 host=DietPi.local export=/mnt/4TBS relative=/pics-sport/XCC 2026/XCC EP Champs 2026/Starred Photos/DSC_2663_result.jpg iteration=7 outcome=ok bytes=0 timedout_delta=0 retransmitted_delta=0 reconnects_delta=0
PIC_NFS stage=file_read_complete elapsed_ms=25 tid=140342605641408 host=DietPi.local export=/mnt/4TBS relative=/pics-sport/XCC 2026/XCC EP Champs 2026/Starred Photos/DSC_2663_result.jpg outcome=ok bytes=1807372 calls=7
PIC_NFS stage=read_session_lock elapsed_ms=70 tid=140342978635456 host=DietPi.local export=/mnt/4TBS relative=/pics-sport/XCC 2026/XCC EP Champs 2026/Starred Photos/DSC_1638_result.jpg outcome=acquired
PIC_NFS_CONNECT reuse host=DietPi.local export=/mnt/4TBS
PIC_NETWORK tid=ThreadId(26) PRIVATE_NFS read_done bytes=1807372 elapsed_ms=100 uri=nfs://DietPi.local/mnt/4TBS/pics-sport/XCC%202026/XCC%20EP%20Champs%202026/Starred%20Photos/DSC_2663_result.jpg
PIC_NFS stage=file_open elapsed_ms=2 tid=140342978635456 host=DietPi.local export=/mnt/4TBS relative=/pics-sport/XCC 2026/XCC EP Champs 2026/Starred Photos/DSC_1638_result.jpg outcome=ok
PIC_NFS stage=rpc_read elapsed_ms=1 tid=140342978635456 host=DietPi.local export=/mnt/4TBS relative=/pics-sport/XCC 2026/XCC EP Champs 2026/Starred Photos/DSC_1638_result.jpg iteration=1 outcome=ok bytes=65536 timedout_delta=0 retransmitted_delta=0 reconnects_delta=0
PIC_NFS stage=first_read elapsed_ms=1 tid=140342978635456 host=DietPi.local export=/mnt/4TBS relative=/pics-sport/XCC 2026/XCC EP Champs 2026/Starred Photos/DSC_1638_result.jpg outcome=ok bytes=65536
PIC_NFS stage=rpc_read elapsed_ms=1 tid=140342978635456 host=DietPi.local export=/mnt/4TBS relative=/pics-sport/XCC 2026/XCC EP Champs 2026/Starred Photos/DSC_1638_result.jpg iteration=2 outcome=ok bytes=65536 timedout_delta=0 retransmitted_delta=0 reconnects_delta=0
PIC_NFS stage=rpc_read elapsed_ms=3 tid=140342978635456 host=DietPi.local export=/mnt/4TBS relative=/pics-sport/XCC 2026/XCC EP Champs 2026/Starred Photos/DSC_1638_result.jpg iteration=3 outcome=ok bytes=131072 timedout_delta=0 retransmitted_delta=0 reconnects_delta=0
PIC_NFS stage=rpc_read elapsed_ms=3 tid=140342978635456 host=DietPi.local export=/mnt/4TBS relative=/pics-sport/XCC 2026/XCC EP Champs 2026/Starred Photos/DSC_1638_result.jpg iteration=4 outcome=ok bytes=262144 timedout_delta=0 retransmitted_delta=0 reconnects_delta=0
PIC_NFS stage=rpc_read elapsed_ms=7 tid=140342978635456 host=DietPi.local export=/mnt/4TBS relative=/pics-sport/XCC 2026/XCC EP Champs 2026/Starred Photos/DSC_1638_result.jpg iteration=5 outcome=ok bytes=524288 timedout_delta=0 retransmitted_delta=0 reconnects_delta=0
PIC_NETWORK tid=ThreadId(26) PRIVATE_NFS export_cache_hit host=DietPi.local count=5
PIC_NETWORK tid=ThreadId(26) PRIVATE_NFS read_start uri=nfs://DietPi.local/mnt/4TBS/pics-sport/XCC%202026/XCC%20EP%20Champs%202026/Starred%20Photos/DSC_2674_result.jpg max_bytes=134217728
PIC_NFS stage=rpc_read elapsed_ms=6 tid=140342978635456 host=DietPi.local export=/mnt/4TBS relative=/pics-sport/XCC 2026/XCC EP Champs 2026/Starred Photos/DSC_1638_result.jpg iteration=6 outcome=ok bytes=473219 timedout_delta=0 retransmitted_delta=0 reconnects_delta=0
PIC_NFS stage=rpc_read elapsed_ms=0 tid=140342978635456 host=DietPi.local export=/mnt/4TBS relative=/pics-sport/XCC 2026/XCC EP Champs 2026/Starred Photos/DSC_1638_result.jpg iteration=7 outcome=ok bytes=0 timedout_delta=0 retransmitted_delta=0 reconnects_delta=0
PIC_NFS stage=file_read_complete elapsed_ms=21 tid=140342978635456 host=DietPi.local export=/mnt/4TBS relative=/pics-sport/XCC 2026/XCC EP Champs 2026/Starred Photos/DSC_1638_result.jpg outcome=ok bytes=1521795 calls=7
PIC_NFS stage=read_session_lock elapsed_ms=56 tid=140342976534208 host=DietPi.local export=/mnt/4TBS relative=/pics-sport/XCC 2026/XCC EP Champs 2026/Starred Photos/DSC_0036_result.jpg outcome=acquired
PIC_NFS_CONNECT reuse host=DietPi.local export=/mnt/4TBS
PIC_NETWORK tid=ThreadId(24) PRIVATE_NFS read_done bytes=1521795 elapsed_ms=93 uri=nfs://DietPi.local/mnt/4TBS/pics-sport/XCC%202026/XCC%20EP%20Champs%202026/Starred%20Photos/DSC_1638_result.jpg
PIC_NFS stage=file_open elapsed_ms=2 tid=140342976534208 host=DietPi.local export=/mnt/4TBS relative=/pics-sport/XCC 2026/XCC EP Champs 2026/Starred Photos/DSC_0036_result.jpg outcome=ok
PIC_NETWORK tid=ThreadId(24) PRIVATE_NFS export_cache_hit host=DietPi.local count=5
PIC_NETWORK tid=ThreadId(24) PRIVATE_NFS read_start uri=nfs://DietPi.local/mnt/4TBS/pics-sport/XCC%202026/XCC%20EP%20Champs%202026/Starred%20Photos/DSC_1662_result.jpg max_bytes=134217728
PIC_NFS stage=rpc_read elapsed_ms=15 tid=140342976534208 host=DietPi.local export=/mnt/4TBS relative=/pics-sport/XCC 2026/XCC EP Champs 2026/Starred Photos/DSC_0036_result.jpg iteration=1 outcome=ok bytes=65536 timedout_delta=0 retransmitted_delta=0 reconnects_delta=0
PIC_NFS stage=first_read elapsed_ms=15 tid=140342976534208 host=DietPi.local export=/mnt/4TBS relative=/pics-sport/XCC 2026/XCC EP Champs 2026/Starred Photos/DSC_0036_result.jpg outcome=ok bytes=65536
PIC_NFS stage=rpc_read elapsed_ms=2 tid=140342976534208 host=DietPi.local export=/mnt/4TBS relative=/pics-sport/XCC 2026/XCC EP Champs 2026/Starred Photos/DSC_0036_result.jpg iteration=2 outcome=ok bytes=65536 timedout_delta=0 retransmitted_delta=0 reconnects_delta=0
PIC_NFS stage=rpc_read elapsed_ms=2 tid=140342976534208 host=DietPi.local export=/mnt/4TBS relative=/pics-sport/XCC 2026/XCC EP Champs 2026/Starred Photos/DSC_0036_result.jpg iteration=3 outcome=ok bytes=131072 timedout_delta=0 retransmitted_delta=0 reconnects_delta=0
PIC_NFS stage=rpc_read elapsed_ms=4 tid=140342976534208 host=DietPi.local export=/mnt/4TBS relative=/pics-sport/XCC 2026/XCC EP Champs 2026/Starred Photos/DSC_0036_result.jpg iteration=4 outcome=ok bytes=262144 timedout_delta=0 retransmitted_delta=0 reconnects_delta=0
PIC_NFS stage=rpc_read elapsed_ms=7 tid=140342976534208 host=DietPi.local export=/mnt/4TBS relative=/pics-sport/XCC 2026/XCC EP Champs 2026/Starred Photos/DSC_0036_result.jpg iteration=5 outcome=ok bytes=524288 timedout_delta=0 retransmitted_delta=0 reconnects_delta=0
PIC_NFS stage=rpc_read elapsed_ms=2 tid=140342976534208 host=DietPi.local export=/mnt/4TBS relative=/pics-sport/XCC 2026/XCC EP Champs 2026/Starred Photos/DSC_0036_result.jpg iteration=6 outcome=ok bytes=90275 timedout_delta=0 retransmitted_delta=0 reconnects_delta=0
PIC_NFS stage=rpc_read elapsed_ms=0 tid=140342976534208 host=DietPi.local export=/mnt/4TBS relative=/pics-sport/XCC 2026/XCC EP Champs 2026/Starred Photos/DSC_0036_result.jpg iteration=7 outcome=ok bytes=0 timedout_delta=0 retransmitted_delta=0 reconnects_delta=0
PIC_NFS stage=file_read_complete elapsed_ms=32 tid=140342976534208 host=DietPi.local export=/mnt/4TBS relative=/pics-sport/XCC 2026/XCC EP Champs 2026/Starred Photos/DSC_0036_result.jpg outcome=ok bytes=1138851 calls=7
PIC_NFS stage=read_session_lock elapsed_ms=66 tid=140342603540160 host=DietPi.local export=/mnt/4TBS relative=/pics-sport/XCC 2026/XCC EP Champs 2026/Starred Photos/DSC_2909_result.jpg outcome=acquired
PIC_NFS_CONNECT reuse host=DietPi.local export=/mnt/4TBS
PIC_NETWORK tid=ThreadId(25) PRIVATE_NFS read_done bytes=1138851 elapsed_ms=90 uri=nfs://DietPi.local/mnt/4TBS/pics-sport/XCC%202026/XCC%20EP%20Champs%202026/Starred%20Photos/DSC_0036_result.jpg
PIC_NFS stage=file_open elapsed_ms=2 tid=140342603540160 host=DietPi.local export=/mnt/4TBS relative=/pics-sport/XCC 2026/XCC EP Champs 2026/Starred Photos/DSC_2909_result.jpg outcome=ok
PIC_NFS stage=rpc_read elapsed_ms=1 tid=140342603540160 host=DietPi.local export=/mnt/4TBS relative=/pics-sport/XCC 2026/XCC EP Champs 2026/Starred Photos/DSC_2909_result.jpg iteration=1 outcome=ok bytes=65536 timedout_delta=0 retransmitted_delta=0 reconnects_delta=0
PIC_NFS stage=first_read elapsed_ms=2 tid=140342603540160 host=DietPi.local export=/mnt/4TBS relative=/pics-sport/XCC 2026/XCC EP Champs 2026/Starred Photos/DSC_2909_result.jpg outcome=ok bytes=65536
PIC_NFS stage=rpc_read elapsed_ms=1 tid=140342603540160 host=DietPi.local export=/mnt/4TBS relative=/pics-sport/XCC 2026/XCC EP Champs 2026/Starred Photos/DSC_2909_result.jpg iteration=2 outcome=ok bytes=65536 timedout_delta=0 retransmitted_delta=0 reconnects_delta=0
PIC_NFS stage=rpc_read elapsed_ms=2 tid=140342603540160 host=DietPi.local export=/mnt/4TBS relative=/pics-sport/XCC 2026/XCC EP Champs 2026/Starred Photos/DSC_2909_result.jpg iteration=3 outcome=ok bytes=131072 timedout_delta=0 retransmitted_delta=0 reconnects_delta=0
PIC_NFS stage=rpc_read elapsed_ms=3 tid=140342603540160 host=DietPi.local export=/mnt/4TBS relative=/pics-sport/XCC 2026/XCC EP Champs 2026/Starred Photos/DSC_2909_result.jpg iteration=4 outcome=ok bytes=262144 timedout_delta=0 retransmitted_delta=0 reconnects_delta=0
PIC_NETWORK tid=ThreadId(25) PRIVATE_NFS export_cache_hit host=DietPi.local count=5
PIC_NETWORK tid=ThreadId(25) PRIVATE_NFS read_start uri=nfs://DietPi.local/mnt/4TBS/pics-sport/XCC%202026/XCC%20EP%20Champs%202026/Starred%20Photos/DSC_0054_result.jpg max_bytes=134217728
PIC_NFS stage=rpc_read elapsed_ms=7 tid=140342603540160 host=DietPi.local export=/mnt/4TBS relative=/pics-sport/XCC 2026/XCC EP Champs 2026/Starred Photos/DSC_2909_result.jpg iteration=5 outcome=ok bytes=524288 timedout_delta=0 retransmitted_delta=0 reconnects_delta=0
PIC_NFS stage=rpc_read elapsed_ms=5 tid=140342603540160 host=DietPi.local export=/mnt/4TBS relative=/pics-sport/XCC 2026/XCC EP Champs 2026/Starred Photos/DSC_2909_result.jpg iteration=6 outcome=ok bytes=376681 timedout_delta=0 retransmitted_delta=0 reconnects_delta=0
PIC_NFS stage=rpc_read elapsed_ms=0 tid=140342603540160 host=DietPi.local export=/mnt/4TBS relative=/pics-sport/XCC 2026/XCC EP Champs 2026/Starred Photos/DSC_2909_result.jpg iteration=7 outcome=ok bytes=0 timedout_delta=0 retransmitted_delta=0 reconnects_delta=0
PIC_NFS stage=file_read_complete elapsed_ms=20 tid=140342603540160 host=DietPi.local export=/mnt/4TBS relative=/pics-sport/XCC 2026/XCC EP Champs 2026/Starred Photos/DSC_2909_result.jpg outcome=ok bytes=1425257 calls=7
PIC_NFS stage=read_session_lock elapsed_ms=61 tid=140342605641408 host=DietPi.local export=/mnt/4TBS relative=/pics-sport/XCC 2026/XCC EP Champs 2026/Starred Photos/DSC_2674_result.jpg outcome=acquired
PIC_NFS_CONNECT reuse host=DietPi.local export=/mnt/4TBS
PIC_NETWORK tid=ThreadId(27) PRIVATE_NFS read_done bytes=1425257 elapsed_ms=88 uri=nfs://DietPi.local/mnt/4TBS/pics-sport/XCC%202026/XCC%20EP%20Champs%202026/Starred%20Photos/DSC_2909_result.jpg
PIC_NFS stage=file_open elapsed_ms=2 tid=140342605641408 host=DietPi.local export=/mnt/4TBS relative=/pics-sport/XCC 2026/XCC EP Champs 2026/Starred Photos/DSC_2674_result.jpg outcome=ok
PIC_NFS stage=rpc_read elapsed_ms=2 tid=140342605641408 host=DietPi.local export=/mnt/4TBS relative=/pics-sport/XCC 2026/XCC EP Champs 2026/Starred Photos/DSC_2674_result.jpg iteration=1 outcome=ok bytes=65536 timedout_delta=0 retransmitted_delta=0 reconnects_delta=0
PIC_NFS stage=first_read elapsed_ms=2 tid=140342605641408 host=DietPi.local export=/mnt/4TBS relative=/pics-sport/XCC 2026/XCC EP Champs 2026/Starred Photos/DSC_2674_result.jpg outcome=ok bytes=65536
PIC_NFS stage=rpc_read elapsed_ms=1 tid=140342605641408 host=DietPi.local export=/mnt/4TBS relative=/pics-sport/XCC 2026/XCC EP Champs 2026/Starred Photos/DSC_2674_result.jpg iteration=2 outcome=ok bytes=65536 timedout_delta=0 retransmitted_delta=0 reconnects_delta=0
PIC_NFS stage=rpc_read elapsed_ms=2 tid=140342605641408 host=DietPi.local export=/mnt/4TBS relative=/pics-sport/XCC 2026/XCC EP Champs 2026/Starred Photos/DSC_2674_result.jpg iteration=3 outcome=ok bytes=131072 timedout_delta=0 retransmitted_delta=0 reconnects_delta=0
PIC_NETWORK tid=ThreadId(27) PRIVATE_NFS export_cache_hit host=DietPi.local count=5
PIC_NETWORK tid=ThreadId(27) PRIVATE_NFS read_start uri=nfs://DietPi.local/mnt/4TBS/pics-sport/XCC%202026/XCC%20EP%20Champs%202026/Starred%20Photos/DSC_2958_result.jpg max_bytes=134217728
PIC_NFS stage=rpc_read elapsed_ms=17 tid=140342605641408 host=DietPi.local export=/mnt/4TBS relative=/pics-sport/XCC 2026/XCC EP Champs 2026/Starred Photos/DSC_2674_result.jpg iteration=4 outcome=ok bytes=262144 timedout_delta=0 retransmitted_delta=0 reconnects_delta=0
PIC_NFS stage=rpc_read elapsed_ms=8 tid=140342605641408 host=DietPi.local export=/mnt/4TBS relative=/pics-sport/XCC 2026/XCC EP Champs 2026/Starred Photos/DSC_2674_result.jpg iteration=5 outcome=ok bytes=524288 timedout_delta=0 retransmitted_delta=0 reconnects_delta=0
PIC_NFS stage=rpc_read elapsed_ms=8 tid=140342605641408 host=DietPi.local export=/mnt/4TBS relative=/pics-sport/XCC 2026/XCC EP Champs 2026/Starred Photos/DSC_2674_result.jpg iteration=6 outcome=ok bytes=725700 timedout_delta=0 retransmitted_delta=0 reconnects_delta=0
PIC_NFS stage=rpc_read elapsed_ms=0 tid=140342605641408 host=DietPi.local export=/mnt/4TBS relative=/pics-sport/XCC 2026/XCC EP Champs 2026/Starred Photos/DSC_2674_result.jpg iteration=7 outcome=ok bytes=0 timedout_delta=0 retransmitted_delta=0 reconnects_delta=0
PIC_NFS stage=file_read_complete elapsed_ms=38 tid=140342605641408 host=DietPi.local export=/mnt/4TBS relative=/pics-sport/XCC 2026/XCC EP Champs 2026/Starred Photos/DSC_2674_result.jpg outcome=ok bytes=1774276 calls=7
PIC_NFS stage=read_session_lock elapsed_ms=80 tid=140342978635456 host=DietPi.local export=/mnt/4TBS relative=/pics-sport/XCC 2026/XCC EP Champs 2026/Starred Photos/DSC_1662_result.jpg outcome=acquired
PIC_NFS_CONNECT reuse host=DietPi.local export=/mnt/4TBS
PIC_NETWORK tid=ThreadId(26) PRIVATE_NFS read_done bytes=1774276 elapsed_ms=101 uri=nfs://DietPi.local/mnt/4TBS/pics-sport/XCC%202026/XCC%20EP%20Champs%202026/Starred%20Photos/DSC_2674_result.jpg
PIC_NFS stage=file_open elapsed_ms=2 tid=140342978635456 host=DietPi.local export=/mnt/4TBS relative=/pics-sport/XCC 2026/XCC EP Champs 2026/Starred Photos/DSC_1662_result.jpg outcome=ok
PIC_NFS stage=rpc_read elapsed_ms=2 tid=140342978635456 host=DietPi.local export=/mnt/4TBS relative=/pics-sport/XCC 2026/XCC EP Champs 2026/Starred Photos/DSC_1662_result.jpg iteration=1 outcome=ok bytes=65536 timedout_delta=0 retransmitted_delta=0 reconnects_delta=0
PIC_NFS stage=first_read elapsed_ms=2 tid=140342978635456 host=DietPi.local export=/mnt/4TBS relative=/pics-sport/XCC 2026/XCC EP Champs 2026/Starred Photos/DSC_1662_result.jpg outcome=ok bytes=65536
PIC_NFS stage=rpc_read elapsed_ms=1 tid=140342978635456 host=DietPi.local export=/mnt/4TBS relative=/pics-sport/XCC 2026/XCC EP Champs 2026/Starred Photos/DSC_1662_result.jpg iteration=2 outcome=ok bytes=65536 timedout_delta=0 retransmitted_delta=0 reconnects_delta=0
PIC_NFS stage=rpc_read elapsed_ms=2 tid=140342978635456 host=DietPi.local export=/mnt/4TBS relative=/pics-sport/XCC 2026/XCC EP Champs 2026/Starred Photos/DSC_1662_result.jpg iteration=3 outcome=ok bytes=131072 timedout_delta=0 retransmitted_delta=0 reconnects_delta=0
PIC_NETWORK tid=ThreadId(26) PRIVATE_NFS export_cache_hit host=DietPi.local count=5
PIC_NETWORK tid=ThreadId(26) PRIVATE_NFS read_start uri=nfs://DietPi.local/mnt/4TBS/pics-sport/XCC%202026/XCC%20EP%20Champs%202026/Starred%20Photos/DSC_2724_result.jpg max_bytes=134217728
PIC_NFS stage=rpc_read elapsed_ms=14 tid=140342978635456 host=DietPi.local export=/mnt/4TBS relative=/pics-sport/XCC 2026/XCC EP Champs 2026/Starred Photos/DSC_1662_result.jpg iteration=4 outcome=ok bytes=262144 timedout_delta=0 retransmitted_delta=0 reconnects_delta=0
PIC_NFS stage=rpc_read elapsed_ms=7 tid=140342978635456 host=DietPi.local export=/mnt/4TBS relative=/pics-sport/XCC 2026/XCC EP Champs 2026/Starred Photos/DSC_1662_result.jpg iteration=5 outcome=ok bytes=524288 timedout_delta=0 retransmitted_delta=0 reconnects_delta=0
PIC_NFS stage=rpc_read elapsed_ms=10 tid=140342978635456 host=DietPi.local export=/mnt/4TBS relative=/pics-sport/XCC 2026/XCC EP Champs 2026/Starred Photos/DSC_1662_result.jpg iteration=6 outcome=ok bytes=776612 timedout_delta=0 retransmitted_delta=0 reconnects_delta=0
PIC_NFS stage=rpc_read elapsed_ms=0 tid=140342978635456 host=DietPi.local export=/mnt/4TBS relative=/pics-sport/XCC 2026/XCC EP Champs 2026/Starred Photos/DSC_1662_result.jpg iteration=7 outcome=ok bytes=0 timedout_delta=0 retransmitted_delta=0 reconnects_delta=0
PIC_NFS stage=file_read_complete elapsed_ms=36 tid=140342978635456 host=DietPi.local export=/mnt/4TBS relative=/pics-sport/XCC 2026/XCC EP Champs 2026/Starred Photos/DSC_1662_result.jpg outcome=ok bytes=1825188 calls=7
PIC_NFS stage=read_session_lock elapsed_ms=86 tid=140342976534208 host=DietPi.local export=/mnt/4TBS relative=/pics-sport/XCC 2026/XCC EP Champs 2026/Starred Photos/DSC_0054_result.jpg outcome=acquired
PIC_NFS_CONNECT reuse host=DietPi.local export=/mnt/4TBS
PIC_NETWORK tid=ThreadId(24) PRIVATE_NFS read_done bytes=1825188 elapsed_ms=117 uri=nfs://DietPi.local/mnt/4TBS/pics-sport/XCC%202026/XCC%20EP%20Champs%202026/Starred%20Photos/DSC_1662_result.jpg
PIC_NFS stage=file_open elapsed_ms=1 tid=140342976534208 host=DietPi.local export=/mnt/4TBS relative=/pics-sport/XCC 2026/XCC EP Champs 2026/Starred Photos/DSC_0054_result.jpg outcome=ok
PIC_NFS stage=rpc_read elapsed_ms=2 tid=140342976534208 host=DietPi.local export=/mnt/4TBS relative=/pics-sport/XCC 2026/XCC EP Champs 2026/Starred Photos/DSC_0054_result.jpg iteration=1 outcome=ok bytes=65536 timedout_delta=0 retransmitted_delta=0 reconnects_delta=0
PIC_NFS stage=first_read elapsed_ms=2 tid=140342976534208 host=DietPi.local export=/mnt/4TBS relative=/pics-sport/XCC 2026/XCC EP Champs 2026/Starred Photos/DSC_0054_result.jpg outcome=ok bytes=65536
PIC_NFS stage=rpc_read elapsed_ms=2 tid=140342976534208 host=DietPi.local export=/mnt/4TBS relative=/pics-sport/XCC 2026/XCC EP Champs 2026/Starred Photos/DSC_0054_result.jpg iteration=2 outcome=ok bytes=65536 timedout_delta=0 retransmitted_delta=0 reconnects_delta=0
PIC_NFS stage=rpc_read elapsed_ms=1 tid=140342976534208 host=DietPi.local export=/mnt/4TBS relative=/pics-sport/XCC 2026/XCC EP Champs 2026/Starred Photos/DSC_0054_result.jpg iteration=3 outcome=ok bytes=131072 timedout_delta=0 retransmitted_delta=0 reconnects_delta=0
PIC_NFS stage=rpc_read elapsed_ms=4 tid=140342976534208 host=DietPi.local export=/mnt/4TBS relative=/pics-sport/XCC 2026/XCC EP Champs 2026/Starred Photos/DSC_0054_result.jpg iteration=4 outcome=ok bytes=262144 timedout_delta=0 retransmitted_delta=0 reconnects_delta=0
PIC_NFS stage=rpc_read elapsed_ms=6 tid=140342976534208 host=DietPi.local export=/mnt/4TBS relative=/pics-sport/XCC 2026/XCC EP Champs 2026/Starred Photos/DSC_0054_result.jpg iteration=5 outcome=ok bytes=524288 timedout_delta=0 retransmitted_delta=0 reconnects_delta=0
PIC_NETWORK tid=ThreadId(24) PRIVATE_NFS export_cache_hit host=DietPi.local count=5
PIC_NETWORK tid=ThreadId(24) PRIVATE_NFS read_start uri=nfs://DietPi.local/mnt/4TBS/pics-sport/XCC%202026/XCC%20EP%20Champs%202026/Starred%20Photos/DSC_1667_result.jpg max_bytes=134217728
PIC_NFS stage=rpc_read elapsed_ms=8 tid=140342976534208 host=DietPi.local export=/mnt/4TBS relative=/pics-sport/XCC 2026/XCC EP Champs 2026/Starred Photos/DSC_0054_result.jpg iteration=6 outcome=ok bytes=575526 timedout_delta=0 retransmitted_delta=0 reconnects_delta=0
PIC_NFS stage=rpc_read elapsed_ms=0 tid=140342976534208 host=DietPi.local export=/mnt/4TBS relative=/pics-sport/XCC 2026/XCC EP Champs 2026/Starred Photos/DSC_0054_result.jpg iteration=7 outcome=ok bytes=0 timedout_delta=0 retransmitted_delta=0 reconnects_delta=0
PIC_NFS stage=file_read_complete elapsed_ms=23 tid=140342976534208 host=DietPi.local export=/mnt/4TBS relative=/pics-sport/XCC 2026/XCC EP Champs 2026/Starred Photos/DSC_0054_result.jpg outcome=ok bytes=1624102 calls=7
PIC_NFS stage=read_session_lock elapsed_ms=86 tid=140342603540160 host=DietPi.local export=/mnt/4TBS relative=/pics-sport/XCC 2026/XCC EP Champs 2026/Starred Photos/DSC_2958_result.jpg outcome=acquired
PIC_NFS_CONNECT reuse host=DietPi.local export=/mnt/4TBS
PIC_NETWORK tid=ThreadId(25) PRIVATE_NFS read_done bytes=1624102 elapsed_ms=110 uri=nfs://DietPi.local/mnt/4TBS/pics-sport/XCC%202026/XCC%20EP%20Champs%202026/Starred%20Photos/DSC_0054_result.jpg
PIC_NFS stage=file_open elapsed_ms=2 tid=140342603540160 host=DietPi.local export=/mnt/4TBS relative=/pics-sport/XCC 2026/XCC EP Champs 2026/Starred Photos/DSC_2958_result.jpg outcome=ok
PIC_NFS stage=rpc_read elapsed_ms=8 tid=140342603540160 host=DietPi.local export=/mnt/4TBS relative=/pics-sport/XCC 2026/XCC EP Champs 2026/Starred Photos/DSC_2958_result.jpg iteration=1 outcome=ok bytes=65536 timedout_delta=0 retransmitted_delta=0 reconnects_delta=0
PIC_NFS stage=first_read elapsed_ms=8 tid=140342603540160 host=DietPi.local export=/mnt/4TBS relative=/pics-sport/XCC 2026/XCC EP Champs 2026/Starred Photos/DSC_2958_result.jpg outcome=ok bytes=65536
PIC_NFS stage=rpc_read elapsed_ms=1 tid=140342603540160 host=DietPi.local export=/mnt/4TBS relative=/pics-sport/XCC 2026/XCC EP Champs 2026/Starred Photos/DSC_2958_result.jpg iteration=2 outcome=ok bytes=65536 timedout_delta=0 retransmitted_delta=0 reconnects_delta=0
PIC_NFS stage=rpc_read elapsed_ms=2 tid=140342603540160 host=DietPi.local export=/mnt/4TBS relative=/pics-sport/XCC 2026/XCC EP Champs 2026/Starred Photos/DSC_2958_result.jpg iteration=3 outcome=ok bytes=131072 timedout_delta=0 retransmitted_delta=0 reconnects_delta=0
PIC_NFS stage=rpc_read elapsed_ms=4 tid=140342603540160 host=DietPi.local export=/mnt/4TBS relative=/pics-sport/XCC 2026/XCC EP Champs 2026/Starred Photos/DSC_2958_result.jpg iteration=4 outcome=ok bytes=262144 timedout_delta=0 retransmitted_delta=0 reconnects_delta=0
PIC_NETWORK tid=ThreadId(25) PRIVATE_NFS export_cache_hit host=DietPi.local count=5
PIC_NETWORK tid=ThreadId(25) PRIVATE_NFS read_start uri=nfs://DietPi.local/mnt/4TBS/pics-sport/XCC%202026/XCC%20EP%20Champs%202026/Starred%20Photos/DSC_0068_result.jpg max_bytes=134217728
PIC_NFS stage=rpc_read elapsed_ms=7 tid=140342603540160 host=DietPi.local export=/mnt/4TBS relative=/pics-sport/XCC 2026/XCC EP Champs 2026/Starred Photos/DSC_2958_result.jpg iteration=5 outcome=ok bytes=524288 timedout_delta=0 retransmitted_delta=0 reconnects_delta=0
PIC_NFS stage=rpc_read elapsed_ms=1 tid=140342603540160 host=DietPi.local export=/mnt/4TBS relative=/pics-sport/XCC 2026/XCC EP Champs 2026/Starred Photos/DSC_2958_result.jpg iteration=6 outcome=ok bytes=5834 timedout_delta=0 retransmitted_delta=0 reconnects_delta=0
PIC_NFS stage=rpc_read elapsed_ms=0 tid=140342603540160 host=DietPi.local export=/mnt/4TBS relative=/pics-sport/XCC 2026/XCC EP Champs 2026/Starred Photos/DSC_2958_result.jpg iteration=7 outcome=ok bytes=0 timedout_delta=0 retransmitted_delta=0 reconnects_delta=0
PIC_NFS stage=file_read_complete elapsed_ms=23 tid=140342603540160 host=DietPi.local export=/mnt/4TBS relative=/pics-sport/XCC 2026/XCC EP Champs 2026/Starred Photos/DSC_2958_result.jpg outcome=ok bytes=1054410 calls=7
PIC_NFS stage=read_session_lock elapsed_ms=69 tid=140342605641408 host=DietPi.local export=/mnt/4TBS relative=/pics-sport/XCC 2026/XCC EP Champs 2026/Starred Photos/DSC_2724_result.jpg outcome=acquired
PIC_NFS_CONNECT reuse host=DietPi.local export=/mnt/4TBS
PIC_NETWORK tid=ThreadId(27) PRIVATE_NFS read_done bytes=1054410 elapsed_ms=111 uri=nfs://DietPi.local/mnt/4TBS/pics-sport/XCC%202026/XCC%20EP%20Champs%202026/Starred%20Photos/DSC_2958_result.jpg
PIC_NFS stage=file_open elapsed_ms=2 tid=140342605641408 host=DietPi.local export=/mnt/4TBS relative=/pics-sport/XCC 2026/XCC EP Champs 2026/Starred Photos/DSC_2724_result.jpg outcome=ok
PIC_NFS stage=rpc_read elapsed_ms=2 tid=140342605641408 host=DietPi.local export=/mnt/4TBS relative=/pics-sport/XCC 2026/XCC EP Champs 2026/Starred Photos/DSC_2724_result.jpg iteration=1 outcome=ok bytes=65536 timedout_delta=0 retransmitted_delta=0 reconnects_delta=0
PIC_NFS stage=first_read elapsed_ms=2 tid=140342605641408 host=DietPi.local export=/mnt/4TBS relative=/pics-sport/XCC 2026/XCC EP Champs 2026/Starred Photos/DSC_2724_result.jpg outcome=ok bytes=65536
PIC_NFS stage=rpc_read elapsed_ms=1 tid=140342605641408 host=DietPi.local export=/mnt/4TBS relative=/pics-sport/XCC 2026/XCC EP Champs 2026/Starred Photos/DSC_2724_result.jpg iteration=2 outcome=ok bytes=65536 timedout_delta=0 retransmitted_delta=0 reconnects_delta=0
PIC_NFS stage=rpc_read elapsed_ms=2 tid=140342605641408 host=DietPi.local export=/mnt/4TBS relative=/pics-sport/XCC 2026/XCC EP Champs 2026/Starred Photos/DSC_2724_result.jpg iteration=3 outcome=ok bytes=131072 timedout_delta=0 retransmitted_delta=0 reconnects_delta=0
PIC_NFS stage=rpc_read elapsed_ms=4 tid=140342605641408 host=DietPi.local export=/mnt/4TBS relative=/pics-sport/XCC 2026/XCC EP Champs 2026/Starred Photos/DSC_2724_result.jpg iteration=4 outcome=ok bytes=262144 timedout_delta=0 retransmitted_delta=0 reconnects_delta=0
PIC_NETWORK tid=ThreadId(27) PRIVATE_NFS export_cache_hit host=DietPi.local count=5
PIC_NETWORK tid=ThreadId(27) PRIVATE_NFS read_start uri=nfs://DietPi.local/mnt/4TBS/pics-sport/XCC%202026/XCC%20EP%20Champs%202026/Starred%20Photos/DSC_2964_result.jpg max_bytes=134217728
PIC_NFS stage=rpc_read elapsed_ms=6 tid=140342605641408 host=DietPi.local export=/mnt/4TBS relative=/pics-sport/XCC 2026/XCC EP Champs 2026/Starred Photos/DSC_2724_result.jpg iteration=5 outcome=ok bytes=524288 timedout_delta=0 retransmitted_delta=0 reconnects_delta=0
PIC_NFS stage=rpc_read elapsed_ms=9 tid=140342605641408 host=DietPi.local export=/mnt/4TBS relative=/pics-sport/XCC 2026/XCC EP Champs 2026/Starred Photos/DSC_2724_result.jpg iteration=6 outcome=ok bytes=557618 timedout_delta=0 retransmitted_delta=0 reconnects_delta=0
PIC_NFS stage=rpc_read elapsed_ms=0 tid=140342605641408 host=DietPi.local export=/mnt/4TBS relative=/pics-sport/XCC 2026/XCC EP Champs 2026/Starred Photos/DSC_2724_result.jpg iteration=7 outcome=ok bytes=0 timedout_delta=0 retransmitted_delta=0 reconnects_delta=0
PIC_NFS stage=file_read_complete elapsed_ms=24 tid=140342605641408 host=DietPi.local export=/mnt/4TBS relative=/pics-sport/XCC 2026/XCC EP Champs 2026/Starred Photos/DSC_2724_result.jpg outcome=ok bytes=1606194 calls=7
PIC_NFS stage=read_session_lock elapsed_ms=57 tid=140342978635456 host=DietPi.local export=/mnt/4TBS relative=/pics-sport/XCC 2026/XCC EP Champs 2026/Starred Photos/DSC_1667_result.jpg outcome=acquired
PIC_NFS_CONNECT reuse host=DietPi.local export=/mnt/4TBS
PIC_NETWORK tid=ThreadId(26) PRIVATE_NFS read_done bytes=1606194 elapsed_ms=95 uri=nfs://DietPi.local/mnt/4TBS/pics-sport/XCC%202026/XCC%20EP%20Champs%202026/Starred%20Photos/DSC_2724_result.jpg
PIC_NFS stage=file_open elapsed_ms=2 tid=140342978635456 host=DietPi.local export=/mnt/4TBS relative=/pics-sport/XCC 2026/XCC EP Champs 2026/Starred Photos/DSC_1667_result.jpg outcome=ok
PIC_NFS stage=rpc_read elapsed_ms=2 tid=140342978635456 host=DietPi.local export=/mnt/4TBS relative=/pics-sport/XCC 2026/XCC EP Champs 2026/Starred Photos/DSC_1667_result.jpg iteration=1 outcome=ok bytes=65536 timedout_delta=0 retransmitted_delta=0 reconnects_delta=0
PIC_NFS stage=first_read elapsed_ms=2 tid=140342978635456 host=DietPi.local export=/mnt/4TBS relative=/pics-sport/XCC 2026/XCC EP Champs 2026/Starred Photos/DSC_1667_result.jpg outcome=ok bytes=65536
PIC_NFS stage=rpc_read elapsed_ms=1 tid=140342978635456 host=DietPi.local export=/mnt/4TBS relative=/pics-sport/XCC 2026/XCC EP Champs 2026/Starred Photos/DSC_1667_result.jpg iteration=2 outcome=ok bytes=65536 timedout_delta=0 retransmitted_delta=0 reconnects_delta=0
PIC_NFS stage=rpc_read elapsed_ms=2 tid=140342978635456 host=DietPi.local export=/mnt/4TBS relative=/pics-sport/XCC 2026/XCC EP Champs 2026/Starred Photos/DSC_1667_result.jpg iteration=3 outcome=ok bytes=131072 timedout_delta=0 retransmitted_delta=0 reconnects_delta=0
PIC_NFS stage=rpc_read elapsed_ms=4 tid=140342978635456 host=DietPi.local export=/mnt/4TBS relative=/pics-sport/XCC 2026/XCC EP Champs 2026/Starred Photos/DSC_1667_result.jpg iteration=4 outcome=ok bytes=262144 timedout_delta=0 retransmitted_delta=0 reconnects_delta=0
PIC_NETWORK tid=ThreadId(26) PRIVATE_NFS export_cache_hit host=DietPi.local count=5
PIC_NETWORK tid=ThreadId(26) PRIVATE_NFS read_start uri=nfs://DietPi.local/mnt/4TBS/pics-sport/XCC%202026/XCC%20EP%20Champs%202026/Starred%20Photos/DSC_2759_result.jpg max_bytes=134217728
PIC_NFS stage=rpc_read elapsed_ms=7 tid=140342978635456 host=DietPi.local export=/mnt/4TBS relative=/pics-sport/XCC 2026/XCC EP Champs 2026/Starred Photos/DSC_1667_result.jpg iteration=5 outcome=ok bytes=524288 timedout_delta=0 retransmitted_delta=0 reconnects_delta=0
PIC_NFS stage=rpc_read elapsed_ms=6 tid=140342978635456 host=DietPi.local export=/mnt/4TBS relative=/pics-sport/XCC 2026/XCC EP Champs 2026/Starred Photos/DSC_1667_result.jpg iteration=6 outcome=ok bytes=505989 timedout_delta=0 retransmitted_delta=0 reconnects_delta=0
PIC_NFS stage=rpc_read elapsed_ms=1 tid=140342978635456 host=DietPi.local export=/mnt/4TBS relative=/pics-sport/XCC 2026/XCC EP Champs 2026/Starred Photos/DSC_1667_result.jpg iteration=7 outcome=ok bytes=0 timedout_delta=0 retransmitted_delta=0 reconnects_delta=0
PIC_NFS stage=file_read_complete elapsed_ms=23 tid=140342978635456 host=DietPi.local export=/mnt/4TBS relative=/pics-sport/XCC 2026/XCC EP Champs 2026/Starred Photos/DSC_1667_result.jpg outcome=ok bytes=1554565 calls=7
PIC_NFS stage=read_session_lock elapsed_ms=59 tid=140342976534208 host=DietPi.local export=/mnt/4TBS relative=/pics-sport/XCC 2026/XCC EP Champs 2026/Starred Photos/DSC_0068_result.jpg outcome=acquired
PIC_NFS_CONNECT reuse host=DietPi.local export=/mnt/4TBS
PIC_NETWORK tid=ThreadId(24) PRIVATE_NFS read_done bytes=1554565 elapsed_ms=82 uri=nfs://DietPi.local/mnt/4TBS/pics-sport/XCC%202026/XCC%20EP%20Champs%202026/Starred%20Photos/DSC_1667_result.jpg
PIC_NFS stage=file_open elapsed_ms=2 tid=140342976534208 host=DietPi.local export=/mnt/4TBS relative=/pics-sport/XCC 2026/XCC EP Champs 2026/Starred Photos/DSC_0068_result.jpg outcome=ok
PIC_NFS stage=rpc_read elapsed_ms=2 tid=140342976534208 host=DietPi.local export=/mnt/4TBS relative=/pics-sport/XCC 2026/XCC EP Champs 2026/Starred Photos/DSC_0068_result.jpg iteration=1 outcome=ok bytes=65536 timedout_delta=0 retransmitted_delta=0 reconnects_delta=0
PIC_NFS stage=first_read elapsed_ms=2 tid=140342976534208 host=DietPi.local export=/mnt/4TBS relative=/pics-sport/XCC 2026/XCC EP Champs 2026/Starred Photos/DSC_0068_result.jpg outcome=ok bytes=65536
PIC_NFS stage=rpc_read elapsed_ms=1 tid=140342976534208 host=DietPi.local export=/mnt/4TBS relative=/pics-sport/XCC 2026/XCC EP Champs 2026/Starred Photos/DSC_0068_result.jpg iteration=2 outcome=ok bytes=65536 timedout_delta=0 retransmitted_delta=0 reconnects_delta=0
PIC_NFS stage=rpc_read elapsed_ms=2 tid=140342976534208 host=DietPi.local export=/mnt/4TBS relative=/pics-sport/XCC 2026/XCC EP Champs 2026/Starred Photos/DSC_0068_result.jpg iteration=3 outcome=ok bytes=131072 timedout_delta=0 retransmitted_delta=0 reconnects_delta=0
PIC_NFS stage=rpc_read elapsed_ms=4 tid=140342976534208 host=DietPi.local export=/mnt/4TBS relative=/pics-sport/XCC 2026/XCC EP Champs 2026/Starred Photos/DSC_0068_result.jpg iteration=4 outcome=ok bytes=262144 timedout_delta=0 retransmitted_delta=0 reconnects_delta=0
PIC_NETWORK tid=ThreadId(24) PRIVATE_NFS export_cache_hit host=DietPi.local count=5
PIC_NETWORK tid=ThreadId(24) PRIVATE_NFS read_start uri=nfs://DietPi.local/mnt/4TBS/pics-sport/XCC%202026/XCC%20EP%20Champs%202026/Starred%20Photos/DSC_1706_result.jpg max_bytes=134217728
PIC_NFS stage=rpc_read elapsed_ms=7 tid=140342976534208 host=DietPi.local export=/mnt/4TBS relative=/pics-sport/XCC 2026/XCC EP Champs 2026/Starred Photos/DSC_0068_result.jpg iteration=5 outcome=ok bytes=524288 timedout_delta=0 retransmitted_delta=0 reconnects_delta=0
PIC_NFS stage=rpc_read elapsed_ms=6 tid=140342976534208 host=DietPi.local export=/mnt/4TBS relative=/pics-sport/XCC 2026/XCC EP Champs 2026/Starred Photos/DSC_0068_result.jpg iteration=6 outcome=ok bytes=455552 timedout_delta=0 retransmitted_delta=0 reconnects_delta=0
PIC_NFS stage=rpc_read elapsed_ms=0 tid=140342976534208 host=DietPi.local export=/mnt/4TBS relative=/pics-sport/XCC 2026/XCC EP Champs 2026/Starred Photos/DSC_0068_result.jpg iteration=7 outcome=ok bytes=0 timedout_delta=0 retransmitted_delta=0 reconnects_delta=0
PIC_NFS stage=file_read_complete elapsed_ms=22 tid=140342976534208 host=DietPi.local export=/mnt/4TBS relative=/pics-sport/XCC 2026/XCC EP Champs 2026/Starred Photos/DSC_0068_result.jpg outcome=ok bytes=1504128 calls=7
PIC_NFS stage=read_session_lock elapsed_ms=62 tid=140342603540160 host=DietPi.local export=/mnt/4TBS relative=/pics-sport/XCC 2026/XCC EP Champs 2026/Starred Photos/DSC_2964_result.jpg outcome=acquired
PIC_NFS_CONNECT reuse host=DietPi.local export=/mnt/4TBS
PIC_NETWORK tid=ThreadId(25) PRIVATE_NFS read_done bytes=1504128 elapsed_ms=83 uri=nfs://DietPi.local/mnt/4TBS/pics-sport/XCC%202026/XCC%20EP%20Champs%202026/Starred%20Photos/DSC_0068_result.jpg
PIC_NFS stage=file_open elapsed_ms=2 tid=140342603540160 host=DietPi.local export=/mnt/4TBS relative=/pics-sport/XCC 2026/XCC EP Champs 2026/Starred Photos/DSC_2964_result.jpg outcome=ok
PIC_NFS stage=rpc_read elapsed_ms=8 tid=140342603540160 host=DietPi.local export=/mnt/4TBS relative=/pics-sport/XCC 2026/XCC EP Champs 2026/Starred Photos/DSC_2964_result.jpg iteration=1 outcome=ok bytes=65536 timedout_delta=0 retransmitted_delta=0 reconnects_delta=0
PIC_NFS stage=first_read elapsed_ms=8 tid=140342603540160 host=DietPi.local export=/mnt/4TBS relative=/pics-sport/XCC 2026/XCC EP Champs 2026/Starred Photos/DSC_2964_result.jpg outcome=ok bytes=65536
PIC_NFS stage=rpc_read elapsed_ms=1 tid=140342603540160 host=DietPi.local export=/mnt/4TBS relative=/pics-sport/XCC 2026/XCC EP Champs 2026/Starred Photos/DSC_2964_result.jpg iteration=2 outcome=ok bytes=65536 timedout_delta=0 retransmitted_delta=0 reconnects_delta=0
PIC_NFS stage=rpc_read elapsed_ms=2 tid=140342603540160 host=DietPi.local export=/mnt/4TBS relative=/pics-sport/XCC 2026/XCC EP Champs 2026/Starred Photos/DSC_2964_result.jpg iteration=3 outcome=ok bytes=131072 timedout_delta=0 retransmitted_delta=0 reconnects_delta=0
PIC_NETWORK tid=ThreadId(25) PRIVATE_NFS export_cache_hit host=DietPi.local count=5
PIC_NETWORK tid=ThreadId(25) PRIVATE_NFS read_start uri=nfs://DietPi.local/mnt/4TBS/pics-sport/XCC%202026/XCC%20EP%20Champs%202026/Starred%20Photos/DSC_0078_result.jpg max_bytes=134217728
PIC_NFS stage=rpc_read elapsed_ms=4 tid=140342603540160 host=DietPi.local export=/mnt/4TBS relative=/pics-sport/XCC 2026/XCC EP Champs 2026/Starred Photos/DSC_2964_result.jpg iteration=4 outcome=ok bytes=262144 timedout_delta=0 retransmitted_delta=0 reconnects_delta=0
PIC_NFS stage=rpc_read elapsed_ms=8 tid=140342603540160 host=DietPi.local export=/mnt/4TBS relative=/pics-sport/XCC 2026/XCC EP Champs 2026/Starred Photos/DSC_2964_result.jpg iteration=5 outcome=ok bytes=524288 timedout_delta=0 retransmitted_delta=0 reconnects_delta=0
PIC_NFS stage=rpc_read elapsed_ms=5 tid=140342603540160 host=DietPi.local export=/mnt/4TBS relative=/pics-sport/XCC 2026/XCC EP Champs 2026/Starred Photos/DSC_2964_result.jpg iteration=6 outcome=ok bytes=382503 timedout_delta=0 retransmitted_delta=0 reconnects_delta=0
PIC_NFS stage=rpc_read elapsed_ms=0 tid=140342603540160 host=DietPi.local export=/mnt/4TBS relative=/pics-sport/XCC 2026/XCC EP Champs 2026/Starred Photos/DSC_2964_result.jpg iteration=7 outcome=ok bytes=0 timedout_delta=0 retransmitted_delta=0 reconnects_delta=0
PIC_NFS stage=file_read_complete elapsed_ms=28 tid=140342603540160 host=DietPi.local export=/mnt/4TBS relative=/pics-sport/XCC 2026/XCC EP Champs 2026/Starred Photos/DSC_2964_result.jpg outcome=ok bytes=1431079 calls=7
PIC_NFS stage=read_session_lock elapsed_ms=62 tid=140342605641408 host=DietPi.local export=/mnt/4TBS relative=/pics-sport/XCC 2026/XCC EP Champs 2026/Starred Photos/DSC_2759_result.jpg outcome=acquired
PIC_NFS_CONNECT reuse host=DietPi.local export=/mnt/4TBS
PIC_NETWORK tid=ThreadId(27) PRIVATE_NFS read_done bytes=1431079 elapsed_ms=92 uri=nfs://DietPi.local/mnt/4TBS/pics-sport/XCC%202026/XCC%20EP%20Champs%202026/Starred%20Photos/DSC_2964_result.jpg
PIC_NFS stage=file_open elapsed_ms=2 tid=140342605641408 host=DietPi.local export=/mnt/4TBS relative=/pics-sport/XCC 2026/XCC EP Champs 2026/Starred Photos/DSC_2759_result.jpg outcome=ok
PIC_NFS stage=rpc_read elapsed_ms=2 tid=140342605641408 host=DietPi.local export=/mnt/4TBS relative=/pics-sport/XCC 2026/XCC EP Champs 2026/Starred Photos/DSC_2759_result.jpg iteration=1 outcome=ok bytes=65536 timedout_delta=0 retransmitted_delta=0 reconnects_delta=0
PIC_NFS stage=first_read elapsed_ms=2 tid=140342605641408 host=DietPi.local export=/mnt/4TBS relative=/pics-sport/XCC 2026/XCC EP Champs 2026/Starred Photos/DSC_2759_result.jpg outcome=ok bytes=65536
PIC_NFS stage=rpc_read elapsed_ms=2 tid=140342605641408 host=DietPi.local export=/mnt/4TBS relative=/pics-sport/XCC 2026/XCC EP Champs 2026/Starred Photos/DSC_2759_result.jpg iteration=2 outcome=ok bytes=65536 timedout_delta=0 retransmitted_delta=0 reconnects_delta=0
PIC_NFS stage=rpc_read elapsed_ms=2 tid=140342605641408 host=DietPi.local export=/mnt/4TBS relative=/pics-sport/XCC 2026/XCC EP Champs 2026/Starred Photos/DSC_2759_result.jpg iteration=3 outcome=ok bytes=131072 timedout_delta=0 retransmitted_delta=0 reconnects_delta=0
PIC_NFS stage=rpc_read elapsed_ms=3 tid=140342605641408 host=DietPi.local export=/mnt/4TBS relative=/pics-sport/XCC 2026/XCC EP Champs 2026/Starred Photos/DSC_2759_result.jpg iteration=4 outcome=ok bytes=262144 timedout_delta=0 retransmitted_delta=0 reconnects_delta=0
PIC_NETWORK tid=ThreadId(27) PRIVATE_NFS export_cache_hit host=DietPi.local count=5
PIC_NETWORK tid=ThreadId(27) PRIVATE_NFS read_start uri=nfs://DietPi.local/mnt/4TBS/pics-sport/XCC%202026/XCC%20EP%20Champs%202026/Starred%20Photos/DSC_3065_result.jpg max_bytes=134217728
PIC_NFS stage=rpc_read elapsed_ms=7 tid=140342605641408 host=DietPi.local export=/mnt/4TBS relative=/pics-sport/XCC 2026/XCC EP Champs 2026/Starred Photos/DSC_2759_result.jpg iteration=5 outcome=ok bytes=524288 timedout_delta=0 retransmitted_delta=0 reconnects_delta=0
PIC_NFS stage=rpc_read elapsed_ms=26 tid=140342605641408 host=DietPi.local export=/mnt/4TBS relative=/pics-sport/XCC 2026/XCC EP Champs 2026/Starred Photos/DSC_2759_result.jpg iteration=6 outcome=ok bytes=910859 timedout_delta=0 retransmitted_delta=0 reconnects_delta=0
PIC_NFS stage=rpc_read elapsed_ms=0 tid=140342605641408 host=DietPi.local export=/mnt/4TBS relative=/pics-sport/XCC 2026/XCC EP Champs 2026/Starred Photos/DSC_2759_result.jpg iteration=7 outcome=ok bytes=0 timedout_delta=0 retransmitted_delta=0 reconnects_delta=0
PIC_NFS stage=file_read_complete elapsed_ms=42 tid=140342605641408 host=DietPi.local export=/mnt/4TBS relative=/pics-sport/XCC 2026/XCC EP Champs 2026/Starred Photos/DSC_2759_result.jpg outcome=ok bytes=1959435 calls=7
PIC_NFS stage=read_session_lock elapsed_ms=82 tid=140342978635456 host=DietPi.local export=/mnt/4TBS relative=/pics-sport/XCC 2026/XCC EP Champs 2026/Starred Photos/DSC_1706_result.jpg outcome=acquired
PIC_NFS_CONNECT reuse host=DietPi.local export=/mnt/4TBS
PIC_NETWORK tid=ThreadId(26) PRIVATE_NFS read_done bytes=1959435 elapsed_ms=106 uri=nfs://DietPi.local/mnt/4TBS/pics-sport/XCC%202026/XCC%20EP%20Champs%202026/Starred%20Photos/DSC_2759_result.jpg
PIC_NFS stage=file_open elapsed_ms=2 tid=140342978635456 host=DietPi.local export=/mnt/4TBS relative=/pics-sport/XCC 2026/XCC EP Champs 2026/Starred Photos/DSC_1706_result.jpg outcome=ok
PIC_NETWORK tid=ThreadId(26) PRIVATE_NFS export_cache_hit host=DietPi.local count=5
PIC_NETWORK tid=ThreadId(26) PRIVATE_NFS read_start uri=nfs://DietPi.local/mnt/4TBS/pics-sport/XCC%202026/XCC%20EP%20Champs%202026/Starred%20Photos/DSC_2814_result.jpg max_bytes=134217728
PIC_NFS stage=rpc_read elapsed_ms=27 tid=140342978635456 host=DietPi.local export=/mnt/4TBS relative=/pics-sport/XCC 2026/XCC EP Champs 2026/Starred Photos/DSC_1706_result.jpg iteration=1 outcome=ok bytes=65536 timedout_delta=0 retransmitted_delta=0 reconnects_delta=0
PIC_NFS stage=first_read elapsed_ms=27 tid=140342978635456 host=DietPi.local export=/mnt/4TBS relative=/pics-sport/XCC 2026/XCC EP Champs 2026/Starred Photos/DSC_1706_result.jpg outcome=ok bytes=65536
PIC_NFS stage=rpc_read elapsed_ms=2 tid=140342978635456 host=DietPi.local export=/mnt/4TBS relative=/pics-sport/XCC 2026/XCC EP Champs 2026/Starred Photos/DSC_1706_result.jpg iteration=2 outcome=ok bytes=65536 timedout_delta=0 retransmitted_delta=0 reconnects_delta=0
PIC_NFS stage=rpc_read elapsed_ms=12 tid=140342978635456 host=DietPi.local export=/mnt/4TBS relative=/pics-sport/XCC 2026/XCC EP Champs 2026/Starred Photos/DSC_1706_result.jpg iteration=3 outcome=ok bytes=131072 timedout_delta=0 retransmitted_delta=0 reconnects_delta=0
PIC_NFS stage=rpc_read elapsed_ms=6 tid=140342978635456 host=DietPi.local export=/mnt/4TBS relative=/pics-sport/XCC 2026/XCC EP Champs 2026/Starred Photos/DSC_1706_result.jpg iteration=4 outcome=ok bytes=262144 timedout_delta=0 retransmitted_delta=0 reconnects_delta=0
PIC_NFS stage=rpc_read elapsed_ms=72 tid=140342978635456 host=DietPi.local export=/mnt/4TBS relative=/pics-sport/XCC 2026/XCC EP Champs 2026/Starred Photos/DSC_1706_result.jpg iteration=5 outcome=ok bytes=524288 timedout_delta=0 retransmitted_delta=0 reconnects_delta=0
PIC_NFS stage=rpc_read elapsed_ms=5 tid=140342978635456 host=DietPi.local export=/mnt/4TBS relative=/pics-sport/XCC 2026/XCC EP Champs 2026/Starred Photos/DSC_1706_result.jpg iteration=6 outcome=ok bytes=407661 timedout_delta=0 retransmitted_delta=0 reconnects_delta=0
PIC_NFS stage=rpc_read elapsed_ms=0 tid=140342978635456 host=DietPi.local export=/mnt/4TBS relative=/pics-sport/XCC 2026/XCC EP Champs 2026/Starred Photos/DSC_1706_result.jpg iteration=7 outcome=ok bytes=0 timedout_delta=0 retransmitted_delta=0 reconnects_delta=0
PIC_NFS stage=file_read_complete elapsed_ms=124 tid=140342978635456 host=DietPi.local export=/mnt/4TBS relative=/pics-sport/XCC 2026/XCC EP Champs 2026/Starred Photos/DSC_1706_result.jpg outcome=ok bytes=1456237 calls=7
PIC_NFS stage=read_session_lock elapsed_ms=184 tid=140342976534208 host=DietPi.local export=/mnt/4TBS relative=/pics-sport/XCC 2026/XCC EP Champs 2026/Starred Photos/DSC_0078_result.jpg outcome=acquired
PIC_NFS_CONNECT reuse host=DietPi.local export=/mnt/4TBS
PIC_NETWORK tid=ThreadId(24) PRIVATE_NFS read_done bytes=1456237 elapsed_ms=208 uri=nfs://DietPi.local/mnt/4TBS/pics-sport/XCC%202026/XCC%20EP%20Champs%202026/Starred%20Photos/DSC_1706_result.jpg
PIC_NFS stage=file_open elapsed_ms=2 tid=140342976534208 host=DietPi.local export=/mnt/4TBS relative=/pics-sport/XCC 2026/XCC EP Champs 2026/Starred Photos/DSC_0078_result.jpg outcome=ok
PIC_NETWORK tid=ThreadId(24) PRIVATE_NFS export_cache_hit host=DietPi.local count=5
PIC_NETWORK tid=ThreadId(24) PRIVATE_NFS read_start uri=nfs://DietPi.local/mnt/4TBS/pics-sport/XCC%202026/XCC%20EP%20Champs%202026/Starred%20Photos/DSC_1918_result.jpg max_bytes=134217728
PIC_NFS stage=rpc_read elapsed_ms=25 tid=140342976534208 host=DietPi.local export=/mnt/4TBS relative=/pics-sport/XCC 2026/XCC EP Champs 2026/Starred Photos/DSC_0078_result.jpg iteration=1 outcome=ok bytes=65536 timedout_delta=0 retransmitted_delta=0 reconnects_delta=0
PIC_NFS stage=first_read elapsed_ms=25 tid=140342976534208 host=DietPi.local export=/mnt/4TBS relative=/pics-sport/XCC 2026/XCC EP Champs 2026/Starred Photos/DSC_0078_result.jpg outcome=ok bytes=65536
PIC_NFS stage=rpc_read elapsed_ms=2 tid=140342976534208 host=DietPi.local export=/mnt/4TBS relative=/pics-sport/XCC 2026/XCC EP Champs 2026/Starred Photos/DSC_0078_result.jpg iteration=2 outcome=ok bytes=65536 timedout_delta=0 retransmitted_delta=0 reconnects_delta=0
PIC_NFS stage=rpc_read elapsed_ms=2 tid=140342976534208 host=DietPi.local export=/mnt/4TBS relative=/pics-sport/XCC 2026/XCC EP Champs 2026/Starred Photos/DSC_0078_result.jpg iteration=3 outcome=ok bytes=131072 timedout_delta=0 retransmitted_delta=0 reconnects_delta=0
PIC_NFS stage=rpc_read elapsed_ms=4 tid=140342976534208 host=DietPi.local export=/mnt/4TBS relative=/pics-sport/XCC 2026/XCC EP Champs 2026/Starred Photos/DSC_0078_result.jpg iteration=4 outcome=ok bytes=262144 timedout_delta=0 retransmitted_delta=0 reconnects_delta=0
PIC_NFS stage=rpc_read elapsed_ms=3 tid=140342976534208 host=DietPi.local export=/mnt/4TBS relative=/pics-sport/XCC 2026/XCC EP Champs 2026/Starred Photos/DSC_0078_result.jpg iteration=5 outcome=ok bytes=174469 timedout_delta=0 retransmitted_delta=0 reconnects_delta=0
PIC_NFS stage=rpc_read elapsed_ms=1 tid=140342976534208 host=DietPi.local export=/mnt/4TBS relative=/pics-sport/XCC 2026/XCC EP Champs 2026/Starred Photos/DSC_0078_result.jpg iteration=6 outcome=ok bytes=0 timedout_delta=0 retransmitted_delta=0 reconnects_delta=0
PIC_NFS stage=file_read_complete elapsed_ms=37 tid=140342976534208 host=DietPi.local export=/mnt/4TBS relative=/pics-sport/XCC 2026/XCC EP Champs 2026/Starred Photos/DSC_0078_result.jpg outcome=ok bytes=698757 calls=6
PIC_NFS stage=read_session_lock elapsed_ms=193 tid=140342603540160 host=DietPi.local export=/mnt/4TBS relative=/pics-sport/XCC 2026/XCC EP Champs 2026/Starred Photos/DSC_3065_result.jpg outcome=acquired
PIC_NFS_CONNECT reuse host=DietPi.local export=/mnt/4TBS
PIC_NETWORK tid=ThreadId(25) PRIVATE_NFS read_done bytes=698757 elapsed_ms=223 uri=nfs://DietPi.local/mnt/4TBS/pics-sport/XCC%202026/XCC%20EP%20Champs%202026/Starred%20Photos/DSC_0078_result.jpg
PIC_NFS stage=file_open elapsed_ms=2 tid=140342603540160 host=DietPi.local export=/mnt/4TBS relative=/pics-sport/XCC 2026/XCC EP Champs 2026/Starred Photos/DSC_3065_result.jpg outcome=ok
PIC_NETWORK tid=ThreadId(25) PRIVATE_NFS export_cache_hit host=DietPi.local count=5
PIC_NETWORK tid=ThreadId(25) PRIVATE_NFS read_start uri=nfs://DietPi.local/mnt/4TBS/pics-sport/XCC%202026/XCC%20EP%20Champs%202026/Starred%20Photos/DSC_0084_result.jpg max_bytes=134217728
PIC_NFS stage=rpc_read elapsed_ms=12 tid=140342603540160 host=DietPi.local export=/mnt/4TBS relative=/pics-sport/XCC 2026/XCC EP Champs 2026/Starred Photos/DSC_3065_result.jpg iteration=1 outcome=ok bytes=65536 timedout_delta=0 retransmitted_delta=0 reconnects_delta=0
PIC_NFS stage=first_read elapsed_ms=12 tid=140342603540160 host=DietPi.local export=/mnt/4TBS relative=/pics-sport/XCC 2026/XCC EP Champs 2026/Starred Photos/DSC_3065_result.jpg outcome=ok bytes=65536
PIC_NFS stage=rpc_read elapsed_ms=2 tid=140342603540160 host=DietPi.local export=/mnt/4TBS relative=/pics-sport/XCC 2026/XCC EP Champs 2026/Starred Photos/DSC_3065_result.jpg iteration=2 outcome=ok bytes=65536 timedout_delta=0 retransmitted_delta=0 reconnects_delta=0
PIC_NFS stage=rpc_read elapsed_ms=2 tid=140342603540160 host=DietPi.local export=/mnt/4TBS relative=/pics-sport/XCC 2026/XCC EP Champs 2026/Starred Photos/DSC_3065_result.jpg iteration=3 outcome=ok bytes=131072 timedout_delta=0 retransmitted_delta=0 reconnects_delta=0
PIC_NFS stage=rpc_read elapsed_ms=11 tid=140342603540160 host=DietPi.local export=/mnt/4TBS relative=/pics-sport/XCC 2026/XCC EP Champs 2026/Starred Photos/DSC_3065_result.jpg iteration=4 outcome=ok bytes=262144 timedout_delta=0 retransmitted_delta=0 reconnects_delta=0
PIC_NFS stage=rpc_read elapsed_ms=6 tid=140342603540160 host=DietPi.local export=/mnt/4TBS relative=/pics-sport/XCC 2026/XCC EP Champs 2026/Starred Photos/DSC_3065_result.jpg iteration=5 outcome=ok bytes=406643 timedout_delta=0 retransmitted_delta=0 reconnects_delta=0
PIC_NFS stage=rpc_read elapsed_ms=1 tid=140342603540160 host=DietPi.local export=/mnt/4TBS relative=/pics-sport/XCC 2026/XCC EP Champs 2026/Starred Photos/DSC_3065_result.jpg iteration=6 outcome=ok bytes=0 timedout_delta=0 retransmitted_delta=0 reconnects_delta=0
PIC_NFS stage=file_read_complete elapsed_ms=34 tid=140342603540160 host=DietPi.local export=/mnt/4TBS relative=/pics-sport/XCC 2026/XCC EP Champs 2026/Starred Photos/DSC_3065_result.jpg outcome=ok bytes=930931 calls=6
PIC_NFS stage=read_session_lock elapsed_ms=182 tid=140342605641408 host=DietPi.local export=/mnt/4TBS relative=/pics-sport/XCC 2026/XCC EP Champs 2026/Starred Photos/DSC_2814_result.jpg outcome=acquired
PIC_NFS_CONNECT reuse host=DietPi.local export=/mnt/4TBS
PIC_NETWORK tid=ThreadId(27) PRIVATE_NFS read_done bytes=930931 elapsed_ms=229 uri=nfs://DietPi.local/mnt/4TBS/pics-sport/XCC%202026/XCC%20EP%20Champs%202026/Starred%20Photos/DSC_3065_result.jpg
PIC_NFS stage=file_open elapsed_ms=2 tid=140342605641408 host=DietPi.local export=/mnt/4TBS relative=/pics-sport/XCC 2026/XCC EP Champs 2026/Starred Photos/DSC_2814_result.jpg outcome=ok
PIC_NFS stage=rpc_read elapsed_ms=2 tid=140342605641408 host=DietPi.local export=/mnt/4TBS relative=/pics-sport/XCC 2026/XCC EP Champs 2026/Starred Photos/DSC_2814_result.jpg iteration=1 outcome=ok bytes=65536 timedout_delta=0 retransmitted_delta=0 reconnects_delta=0
PIC_NFS stage=first_read elapsed_ms=2 tid=140342605641408 host=DietPi.local export=/mnt/4TBS relative=/pics-sport/XCC 2026/XCC EP Champs 2026/Starred Photos/DSC_2814_result.jpg outcome=ok bytes=65536
PIC_NFS stage=rpc_read elapsed_ms=1 tid=140342605641408 host=DietPi.local export=/mnt/4TBS relative=/pics-sport/XCC 2026/XCC EP Champs 2026/Starred Photos/DSC_2814_result.jpg iteration=2 outcome=ok bytes=65536 timedout_delta=0 retransmitted_delta=0 reconnects_delta=0
PIC_NFS stage=rpc_read elapsed_ms=2 tid=140342605641408 host=DietPi.local export=/mnt/4TBS relative=/pics-sport/XCC 2026/XCC EP Champs 2026/Starred Photos/DSC_2814_result.jpg iteration=3 outcome=ok bytes=131072 timedout_delta=0 retransmitted_delta=0 reconnects_delta=0
PIC_NFS stage=rpc_read elapsed_ms=4 tid=140342605641408 host=DietPi.local export=/mnt/4TBS relative=/pics-sport/XCC 2026/XCC EP Champs 2026/Starred Photos/DSC_2814_result.jpg iteration=4 outcome=ok bytes=262144 timedout_delta=0 retransmitted_delta=0 reconnects_delta=0
PIC_NETWORK tid=ThreadId(27) PRIVATE_NFS export_cache_hit host=DietPi.local count=5
PIC_NETWORK tid=ThreadId(27) PRIVATE_NFS read_start uri=nfs://DietPi.local/mnt/4TBS/pics-sport/XCC%202026/XCC%20EP%20Champs%202026/Starred%20Photos/DSC_3143_result.jpg max_bytes=134217728
PIC_NFS stage=rpc_read elapsed_ms=6 tid=140342605641408 host=DietPi.local export=/mnt/4TBS relative=/pics-sport/XCC 2026/XCC EP Champs 2026/Starred Photos/DSC_2814_result.jpg iteration=5 outcome=ok bytes=524288 timedout_delta=0 retransmitted_delta=0 reconnects_delta=0
PIC_NFS stage=rpc_read elapsed_ms=10 tid=140342605641408 host=DietPi.local export=/mnt/4TBS relative=/pics-sport/XCC 2026/XCC EP Champs 2026/Starred Photos/DSC_2814_result.jpg iteration=6 outcome=ok bytes=764826 timedout_delta=0 retransmitted_delta=0 reconnects_delta=0
PIC_NFS stage=rpc_read elapsed_ms=1 tid=140342605641408 host=DietPi.local export=/mnt/4TBS relative=/pics-sport/XCC 2026/XCC EP Champs 2026/Starred Photos/DSC_2814_result.jpg iteration=7 outcome=ok bytes=0 timedout_delta=0 retransmitted_delta=0 reconnects_delta=0
PIC_NFS stage=file_read_complete elapsed_ms=26 tid=140342605641408 host=DietPi.local export=/mnt/4TBS relative=/pics-sport/XCC 2026/XCC EP Champs 2026/Starred Photos/DSC_2814_result.jpg outcome=ok bytes=1813402 calls=7
PIC_NFS stage=read_session_lock elapsed_ms=87 tid=140342978635456 host=DietPi.local export=/mnt/4TBS relative=/pics-sport/XCC 2026/XCC EP Champs 2026/Starred Photos/DSC_1918_result.jpg outcome=acquired
PIC_NFS_CONNECT reuse host=DietPi.local export=/mnt/4TBS
PIC_NETWORK tid=ThreadId(26) PRIVATE_NFS read_done bytes=1813402 elapsed_ms=209 uri=nfs://DietPi.local/mnt/4TBS/pics-sport/XCC%202026/XCC%20EP%20Champs%202026/Starred%20Photos/DSC_2814_result.jpg
PIC_NFS stage=file_open elapsed_ms=1 tid=140342978635456 host=DietPi.local export=/mnt/4TBS relative=/pics-sport/XCC 2026/XCC EP Champs 2026/Starred Photos/DSC_1918_result.jpg outcome=ok
PIC_NFS stage=rpc_read elapsed_ms=2 tid=140342978635456 host=DietPi.local export=/mnt/4TBS relative=/pics-sport/XCC 2026/XCC EP Champs 2026/Starred Photos/DSC_1918_result.jpg iteration=1 outcome=ok bytes=65536 timedout_delta=0 retransmitted_delta=0 reconnects_delta=0
PIC_NFS stage=first_read elapsed_ms=2 tid=140342978635456 host=DietPi.local export=/mnt/4TBS relative=/pics-sport/XCC 2026/XCC EP Champs 2026/Starred Photos/DSC_1918_result.jpg outcome=ok bytes=65536
PIC_NFS stage=rpc_read elapsed_ms=1 tid=140342978635456 host=DietPi.local export=/mnt/4TBS relative=/pics-sport/XCC 2026/XCC EP Champs 2026/Starred Photos/DSC_1918_result.jpg iteration=2 outcome=ok bytes=65536 timedout_delta=0 retransmitted_delta=0 reconnects_delta=0
PIC_NFS stage=rpc_read elapsed_ms=2 tid=140342978635456 host=DietPi.local export=/mnt/4TBS relative=/pics-sport/XCC 2026/XCC EP Champs 2026/Starred Photos/DSC_1918_result.jpg iteration=3 outcome=ok bytes=131072 timedout_delta=0 retransmitted_delta=0 reconnects_delta=0
PIC_NFS stage=rpc_read elapsed_ms=3 tid=140342978635456 host=DietPi.local export=/mnt/4TBS relative=/pics-sport/XCC 2026/XCC EP Champs 2026/Starred Photos/DSC_1918_result.jpg iteration=4 outcome=ok bytes=262144 timedout_delta=0 retransmitted_delta=0 reconnects_delta=0
PIC_NFS stage=rpc_read elapsed_ms=7 tid=140342978635456 host=DietPi.local export=/mnt/4TBS relative=/pics-sport/XCC 2026/XCC EP Champs 2026/Starred Photos/DSC_1918_result.jpg iteration=5 outcome=ok bytes=524288 timedout_delta=0 retransmitted_delta=0 reconnects_delta=0
PIC_NETWORK tid=ThreadId(26) PRIVATE_NFS export_cache_hit host=DietPi.local count=5
PIC_NETWORK tid=ThreadId(26) PRIVATE_NFS read_start uri=nfs://DietPi.local/mnt/4TBS/pics-sport/XCC%202026/XCC%20EP%20Champs%202026/Starred%20Photos/DSC_2824_result.jpg max_bytes=134217728
PIC_NFS stage=rpc_read elapsed_ms=21 tid=140342978635456 host=DietPi.local export=/mnt/4TBS relative=/pics-sport/XCC 2026/XCC EP Champs 2026/Starred Photos/DSC_1918_result.jpg iteration=6 outcome=ok bytes=659323 timedout_delta=0 retransmitted_delta=0 reconnects_delta=0
PIC_NFS stage=rpc_read elapsed_ms=0 tid=140342978635456 host=DietPi.local export=/mnt/4TBS relative=/pics-sport/XCC 2026/XCC EP Champs 2026/Starred Photos/DSC_1918_result.jpg iteration=7 outcome=ok bytes=0 timedout_delta=0 retransmitted_delta=0 reconnects_delta=0
PIC_NFS stage=file_read_complete elapsed_ms=36 tid=140342978635456 host=DietPi.local export=/mnt/4TBS relative=/pics-sport/XCC 2026/XCC EP Champs 2026/Starred Photos/DSC_1918_result.jpg outcome=ok bytes=1707899 calls=7
PIC_NFS stage=read_session_lock elapsed_ms=90 tid=140342976534208 host=DietPi.local export=/mnt/4TBS relative=/pics-sport/XCC 2026/XCC EP Champs 2026/Starred Photos/DSC_0084_result.jpg outcome=acquired
PIC_NFS_CONNECT reuse host=DietPi.local export=/mnt/4TBS
PIC_NETWORK tid=ThreadId(24) PRIVATE_NFS read_done bytes=1707899 elapsed_ms=124 uri=nfs://DietPi.local/mnt/4TBS/pics-sport/XCC%202026/XCC%20EP%20Champs%202026/Starred%20Photos/DSC_1918_result.jpg
PIC_NFS stage=file_open elapsed_ms=2 tid=140342976534208 host=DietPi.local export=/mnt/4TBS relative=/pics-sport/XCC 2026/XCC EP Champs 2026/Starred Photos/DSC_0084_result.jpg outcome=ok
PIC_NFS stage=rpc_read elapsed_ms=12 tid=140342976534208 host=DietPi.local export=/mnt/4TBS relative=/pics-sport/XCC 2026/XCC EP Champs 2026/Starred Photos/DSC_0084_result.jpg iteration=1 outcome=ok bytes=65536 timedout_delta=0 retransmitted_delta=0 reconnects_delta=0
PIC_NFS stage=first_read elapsed_ms=12 tid=140342976534208 host=DietPi.local export=/mnt/4TBS relative=/pics-sport/XCC 2026/XCC EP Champs 2026/Starred Photos/DSC_0084_result.jpg outcome=ok bytes=65536
PIC_NFS stage=rpc_read elapsed_ms=2 tid=140342976534208 host=DietPi.local export=/mnt/4TBS relative=/pics-sport/XCC 2026/XCC EP Champs 2026/Starred Photos/DSC_0084_result.jpg iteration=2 outcome=ok bytes=65536 timedout_delta=0 retransmitted_delta=0 reconnects_delta=0
PIC_NETWORK tid=ThreadId(24) PRIVATE_NFS export_cache_hit host=DietPi.local count=5
PIC_NETWORK tid=ThreadId(24) PRIVATE_NFS read_start uri=nfs://DietPi.local/mnt/4TBS/pics-sport/XCC%202026/XCC%20EP%20Champs%202026/Starred%20Photos/DSC_1930_result.jpg max_bytes=134217728
PIC_NFS stage=rpc_read elapsed_ms=2 tid=140342976534208 host=DietPi.local export=/mnt/4TBS relative=/pics-sport/XCC 2026/XCC EP Champs 2026/Starred Photos/DSC_0084_result.jpg iteration=3 outcome=ok bytes=131072 timedout_delta=0 retransmitted_delta=0 reconnects_delta=0
PIC_NFS stage=rpc_read elapsed_ms=4 tid=140342976534208 host=DietPi.local export=/mnt/4TBS relative=/pics-sport/XCC 2026/XCC EP Champs 2026/Starred Photos/DSC_0084_result.jpg iteration=4 outcome=ok bytes=262144 timedout_delta=0 retransmitted_delta=0 reconnects_delta=0
PIC_NFS stage=rpc_read elapsed_ms=35 tid=140342976534208 host=DietPi.local export=/mnt/4TBS relative=/pics-sport/XCC 2026/XCC EP Champs 2026/Starred Photos/DSC_0084_result.jpg iteration=5 outcome=ok bytes=524288 timedout_delta=0 retransmitted_delta=0 reconnects_delta=0
PIC_NFS stage=rpc_read elapsed_ms=8 tid=140342976534208 host=DietPi.local export=/mnt/4TBS relative=/pics-sport/XCC 2026/XCC EP Champs 2026/Starred Photos/DSC_0084_result.jpg iteration=6 outcome=ok bytes=594751 timedout_delta=0 retransmitted_delta=0 reconnects_delta=0
PIC_NFS stage=rpc_read elapsed_ms=0 tid=140342976534208 host=DietPi.local export=/mnt/4TBS relative=/pics-sport/XCC 2026/XCC EP Champs 2026/Starred Photos/DSC_0084_result.jpg iteration=7 outcome=ok bytes=0 timedout_delta=0 retransmitted_delta=0 reconnects_delta=0
PIC_NFS stage=file_read_complete elapsed_ms=63 tid=140342976534208 host=DietPi.local export=/mnt/4TBS relative=/pics-sport/XCC 2026/XCC EP Champs 2026/Starred Photos/DSC_0084_result.jpg outcome=ok bytes=1643327 calls=7
PIC_NFS stage=read_session_lock elapsed_ms=118 tid=140342603540160 host=DietPi.local export=/mnt/4TBS relative=/pics-sport/XCC 2026/XCC EP Champs 2026/Starred Photos/DSC_3143_result.jpg outcome=acquired
PIC_NFS_CONNECT reuse host=DietPi.local export=/mnt/4TBS
PIC_NETWORK tid=ThreadId(25) PRIVATE_NFS read_done bytes=1643327 elapsed_ms=155 uri=nfs://DietPi.local/mnt/4TBS/pics-sport/XCC%202026/XCC%20EP%20Champs%202026/Starred%20Photos/DSC_0084_result.jpg
PIC_NFS stage=file_open elapsed_ms=2 tid=140342603540160 host=DietPi.local export=/mnt/4TBS relative=/pics-sport/XCC 2026/XCC EP Champs 2026/Starred Photos/DSC_3143_result.jpg outcome=ok
PIC_NFS stage=rpc_read elapsed_ms=3 tid=140342603540160 host=DietPi.local export=/mnt/4TBS relative=/pics-sport/XCC 2026/XCC EP Champs 2026/Starred Photos/DSC_3143_result.jpg iteration=1 outcome=ok bytes=65536 timedout_delta=0 retransmitted_delta=0 reconnects_delta=0
PIC_NFS stage=first_read elapsed_ms=3 tid=140342603540160 host=DietPi.local export=/mnt/4TBS relative=/pics-sport/XCC 2026/XCC EP Champs 2026/Starred Photos/DSC_3143_result.jpg outcome=ok bytes=65536
PIC_NFS stage=rpc_read elapsed_ms=1 tid=140342603540160 host=DietPi.local export=/mnt/4TBS relative=/pics-sport/XCC 2026/XCC EP Champs 2026/Starred Photos/DSC_3143_result.jpg iteration=2 outcome=ok bytes=65536 timedout_delta=0 retransmitted_delta=0 reconnects_delta=0
PIC_NFS stage=rpc_read elapsed_ms=2 tid=140342603540160 host=DietPi.local export=/mnt/4TBS relative=/pics-sport/XCC 2026/XCC EP Champs 2026/Starred Photos/DSC_3143_result.jpg iteration=3 outcome=ok bytes=131072 timedout_delta=0 retransmitted_delta=0 reconnects_delta=0
PIC_NFS stage=rpc_read elapsed_ms=4 tid=140342603540160 host=DietPi.local export=/mnt/4TBS relative=/pics-sport/XCC 2026/XCC EP Champs 2026/Starred Photos/DSC_3143_result.jpg iteration=4 outcome=ok bytes=262144 timedout_delta=0 retransmitted_delta=0 reconnects_delta=0
PIC_NETWORK tid=ThreadId(25) PRIVATE_NFS export_cache_hit host=DietPi.local count=5
PIC_NETWORK tid=ThreadId(25) PRIVATE_NFS read_start uri=nfs://DietPi.local/mnt/4TBS/pics-sport/XCC%202026/XCC%20EP%20Champs%202026/Starred%20Photos/DSC_0126_result.jpg max_bytes=134217728
PIC_NFS stage=rpc_read elapsed_ms=7 tid=140342603540160 host=DietPi.local export=/mnt/4TBS relative=/pics-sport/XCC 2026/XCC EP Champs 2026/Starred Photos/DSC_3143_result.jpg iteration=5 outcome=ok bytes=524288 timedout_delta=0 retransmitted_delta=0 reconnects_delta=0
PIC_NFS stage=rpc_read elapsed_ms=7 tid=140342603540160 host=DietPi.local export=/mnt/4TBS relative=/pics-sport/XCC 2026/XCC EP Champs 2026/Starred Photos/DSC_3143_result.jpg iteration=6 outcome=ok bytes=473795 timedout_delta=0 retransmitted_delta=0 reconnects_delta=0
PIC_NFS stage=rpc_read elapsed_ms=0 tid=140342603540160 host=DietPi.local export=/mnt/4TBS relative=/pics-sport/XCC 2026/XCC EP Champs 2026/Starred Photos/DSC_3143_result.jpg iteration=7 outcome=ok bytes=0 timedout_delta=0 retransmitted_delta=0 reconnects_delta=0
PIC_NFS stage=file_read_complete elapsed_ms=24 tid=140342603540160 host=DietPi.local export=/mnt/4TBS relative=/pics-sport/XCC 2026/XCC EP Champs 2026/Starred Photos/DSC_3143_result.jpg outcome=ok bytes=1522371 calls=7
PIC_NFS stage=read_session_lock elapsed_ms=110 tid=140342605641408 host=DietPi.local export=/mnt/4TBS relative=/pics-sport/XCC 2026/XCC EP Champs 2026/Starred Photos/DSC_2824_result.jpg outcome=acquired
PIC_NFS_CONNECT reuse host=DietPi.local export=/mnt/4TBS
PIC_NETWORK tid=ThreadId(27) PRIVATE_NFS read_done bytes=1522371 elapsed_ms=144 uri=nfs://DietPi.local/mnt/4TBS/pics-sport/XCC%202026/XCC%20EP%20Champs%202026/Starred%20Photos/DSC_3143_result.jpg
PIC_NFS stage=file_open elapsed_ms=2 tid=140342605641408 host=DietPi.local export=/mnt/4TBS relative=/pics-sport/XCC 2026/XCC EP Champs 2026/Starred Photos/DSC_2824_result.jpg outcome=ok
PIC_NFS stage=rpc_read elapsed_ms=2 tid=140342605641408 host=DietPi.local export=/mnt/4TBS relative=/pics-sport/XCC 2026/XCC EP Champs 2026/Starred Photos/DSC_2824_result.jpg iteration=1 outcome=ok bytes=65536 timedout_delta=0 retransmitted_delta=0 reconnects_delta=0
PIC_NFS stage=first_read elapsed_ms=2 tid=140342605641408 host=DietPi.local export=/mnt/4TBS relative=/pics-sport/XCC 2026/XCC EP Champs 2026/Starred Photos/DSC_2824_result.jpg outcome=ok bytes=65536
PIC_NFS stage=rpc_read elapsed_ms=2 tid=140342605641408 host=DietPi.local export=/mnt/4TBS relative=/pics-sport/XCC 2026/XCC EP Champs 2026/Starred Photos/DSC_2824_result.jpg iteration=2 outcome=ok bytes=65536 timedout_delta=0 retransmitted_delta=0 reconnects_delta=0
PIC_NFS stage=rpc_read elapsed_ms=1 tid=140342605641408 host=DietPi.local export=/mnt/4TBS relative=/pics-sport/XCC 2026/XCC EP Champs 2026/Starred Photos/DSC_2824_result.jpg iteration=3 outcome=ok bytes=131072 timedout_delta=0 retransmitted_delta=0 reconnects_delta=0
PIC_NFS stage=rpc_read elapsed_ms=4 tid=140342605641408 host=DietPi.local export=/mnt/4TBS relative=/pics-sport/XCC 2026/XCC EP Champs 2026/Starred Photos/DSC_2824_result.jpg iteration=4 outcome=ok bytes=262144 timedout_delta=0 retransmitted_delta=0 reconnects_delta=0
PIC_NETWORK tid=ThreadId(27) PRIVATE_NFS export_cache_hit host=DietPi.local count=5
PIC_NETWORK tid=ThreadId(27) PRIVATE_NFS read_start uri=nfs://DietPi.local/mnt/4TBS/pics-sport/XCC%202026/XCC%20EP%20Champs%202026/Starred%20Photos/DSC_3150_result.jpg max_bytes=134217728
PIC_NFS stage=rpc_read elapsed_ms=20 tid=140342605641408 host=DietPi.local export=/mnt/4TBS relative=/pics-sport/XCC 2026/XCC EP Champs 2026/Starred Photos/DSC_2824_result.jpg iteration=5 outcome=ok bytes=524288 timedout_delta=0 retransmitted_delta=0 reconnects_delta=0
PIC_NFS stage=rpc_read elapsed_ms=8 tid=140342605641408 host=DietPi.local export=/mnt/4TBS relative=/pics-sport/XCC 2026/XCC EP Champs 2026/Starred Photos/DSC_2824_result.jpg iteration=6 outcome=ok bytes=647909 timedout_delta=0 retransmitted_delta=0 reconnects_delta=0
PIC_NFS stage=rpc_read elapsed_ms=0 tid=140342605641408 host=DietPi.local export=/mnt/4TBS relative=/pics-sport/XCC 2026/XCC EP Champs 2026/Starred Photos/DSC_2824_result.jpg iteration=7 outcome=ok bytes=0 timedout_delta=0 retransmitted_delta=0 reconnects_delta=0
PIC_NFS stage=file_read_complete elapsed_ms=37 tid=140342605641408 host=DietPi.local export=/mnt/4TBS relative=/pics-sport/XCC 2026/XCC EP Champs 2026/Starred Photos/DSC_2824_result.jpg outcome=ok bytes=1696485 calls=7
PIC_NFS stage=read_session_lock elapsed_ms=113 tid=140342978635456 host=DietPi.local export=/mnt/4TBS relative=/pics-sport/XCC 2026/XCC EP Champs 2026/Starred Photos/DSC_1930_result.jpg outcome=acquired
PIC_NFS_CONNECT reuse host=DietPi.local export=/mnt/4TBS
PIC_NETWORK tid=ThreadId(26) PRIVATE_NFS read_done bytes=1696485 elapsed_ms=149 uri=nfs://DietPi.local/mnt/4TBS/pics-sport/XCC%202026/XCC%20EP%20Champs%202026/Starred%20Photos/DSC_2824_result.jpg
PIC_NFS stage=file_open elapsed_ms=2 tid=140342978635456 host=DietPi.local export=/mnt/4TBS relative=/pics-sport/XCC 2026/XCC EP Champs 2026/Starred Photos/DSC_1930_result.jpg outcome=ok
PIC_NETWORK tid=ThreadId(26) PRIVATE_NFS export_cache_hit host=DietPi.local count=5
PIC_NETWORK tid=ThreadId(26) PRIVATE_NFS read_start uri=nfs://DietPi.local/mnt/4TBS/pics-sport/XCC%202026/XCC%20EP%20Champs%202026/Starred%20Photos/DSC_2840_result.jpg max_bytes=134217728
PIC_NFS stage=rpc_read elapsed_ms=19 tid=140342978635456 host=DietPi.local export=/mnt/4TBS relative=/pics-sport/XCC 2026/XCC EP Champs 2026/Starred Photos/DSC_1930_result.jpg iteration=1 outcome=ok bytes=65536 timedout_delta=0 retransmitted_delta=0 reconnects_delta=0
PIC_NFS stage=first_read elapsed_ms=19 tid=140342978635456 host=DietPi.local export=/mnt/4TBS relative=/pics-sport/XCC 2026/XCC EP Champs 2026/Starred Photos/DSC_1930_result.jpg outcome=ok bytes=65536
PIC_NFS stage=rpc_read elapsed_ms=2 tid=140342978635456 host=DietPi.local export=/mnt/4TBS relative=/pics-sport/XCC 2026/XCC EP Champs 2026/Starred Photos/DSC_1930_result.jpg iteration=2 outcome=ok bytes=65536 timedout_delta=0 retransmitted_delta=0 reconnects_delta=0
PIC_NFS stage=rpc_read elapsed_ms=2 tid=140342978635456 host=DietPi.local export=/mnt/4TBS relative=/pics-sport/XCC 2026/XCC EP Champs 2026/Starred Photos/DSC_1930_result.jpg iteration=3 outcome=ok bytes=131072 timedout_delta=0 retransmitted_delta=0 reconnects_delta=0
PIC_NFS stage=rpc_read elapsed_ms=4 tid=140342978635456 host=DietPi.local export=/mnt/4TBS relative=/pics-sport/XCC 2026/XCC EP Champs 2026/Starred Photos/DSC_1930_result.jpg iteration=4 outcome=ok bytes=262144 timedout_delta=0 retransmitted_delta=0 reconnects_delta=0
PIC_NFS stage=rpc_read elapsed_ms=7 tid=140342978635456 host=DietPi.local export=/mnt/4TBS relative=/pics-sport/XCC 2026/XCC EP Champs 2026/Starred Photos/DSC_1930_result.jpg iteration=5 outcome=ok bytes=524288 timedout_delta=0 retransmitted_delta=0 reconnects_delta=0
PIC_NFS stage=rpc_read elapsed_ms=4 tid=140342978635456 host=DietPi.local export=/mnt/4TBS relative=/pics-sport/XCC 2026/XCC EP Champs 2026/Starred Photos/DSC_1930_result.jpg iteration=6 outcome=ok bytes=313517 timedout_delta=0 retransmitted_delta=0 reconnects_delta=0
PIC_NFS stage=rpc_read elapsed_ms=1 tid=140342978635456 host=DietPi.local export=/mnt/4TBS relative=/pics-sport/XCC 2026/XCC EP Champs 2026/Starred Photos/DSC_1930_result.jpg iteration=7 outcome=ok bytes=0 timedout_delta=0 retransmitted_delta=0 reconnects_delta=0
PIC_NFS stage=file_read_complete elapsed_ms=39 tid=140342978635456 host=DietPi.local export=/mnt/4TBS relative=/pics-sport/XCC 2026/XCC EP Champs 2026/Starred Photos/DSC_1930_result.jpg outcome=ok bytes=1362093 calls=7
PIC_NFS stage=read_session_lock elapsed_ms=89 tid=140342976534208 host=DietPi.local export=/mnt/4TBS relative=/pics-sport/XCC 2026/XCC EP Champs 2026/Starred Photos/DSC_0126_result.jpg outcome=acquired
PIC_NFS_CONNECT reuse host=DietPi.local export=/mnt/4TBS
PIC_NETWORK tid=ThreadId(24) PRIVATE_NFS read_done bytes=1362093 elapsed_ms=153 uri=nfs://DietPi.local/mnt/4TBS/pics-sport/XCC%202026/XCC%20EP%20Champs%202026/Starred%20Photos/DSC_1930_result.jpg
PIC_NFS stage=file_open elapsed_ms=2 tid=140342976534208 host=DietPi.local export=/mnt/4TBS relative=/pics-sport/XCC 2026/XCC EP Champs 2026/Starred Photos/DSC_0126_result.jpg outcome=ok
PIC_NETWORK tid=ThreadId(24) PRIVATE_NFS export_cache_hit host=DietPi.local count=5
PIC_NETWORK tid=ThreadId(24) PRIVATE_NFS read_start uri=nfs://DietPi.local/mnt/4TBS/pics-sport/XCC%202026/XCC%20EP%20Champs%202026/Starred%20Photos/DSC_1952_result.jpg max_bytes=134217728
PIC_NFS stage=rpc_read elapsed_ms=18 tid=140342976534208 host=DietPi.local export=/mnt/4TBS relative=/pics-sport/XCC 2026/XCC EP Champs 2026/Starred Photos/DSC_0126_result.jpg iteration=1 outcome=ok bytes=65536 timedout_delta=0 retransmitted_delta=0 reconnects_delta=0
PIC_NFS stage=first_read elapsed_ms=18 tid=140342976534208 host=DietPi.local export=/mnt/4TBS relative=/pics-sport/XCC 2026/XCC EP Champs 2026/Starred Photos/DSC_0126_result.jpg outcome=ok bytes=65536
PIC_NFS stage=rpc_read elapsed_ms=2 tid=140342976534208 host=DietPi.local export=/mnt/4TBS relative=/pics-sport/XCC 2026/XCC EP Champs 2026/Starred Photos/DSC_0126_result.jpg iteration=2 outcome=ok bytes=65536 timedout_delta=0 retransmitted_delta=0 reconnects_delta=0
PIC_NFS stage=rpc_read elapsed_ms=2 tid=140342976534208 host=DietPi.local export=/mnt/4TBS relative=/pics-sport/XCC 2026/XCC EP Champs 2026/Starred Photos/DSC_0126_result.jpg iteration=3 outcome=ok bytes=131072 timedout_delta=0 retransmitted_delta=0 reconnects_delta=0
PIC_NFS stage=rpc_read elapsed_ms=4 tid=140342976534208 host=DietPi.local export=/mnt/4TBS relative=/pics-sport/XCC 2026/XCC EP Champs 2026/Starred Photos/DSC_0126_result.jpg iteration=4 outcome=ok bytes=262144 timedout_delta=0 retransmitted_delta=0 reconnects_delta=0
PIC_NFS stage=rpc_read elapsed_ms=8 tid=140342976534208 host=DietPi.local export=/mnt/4TBS relative=/pics-sport/XCC 2026/XCC EP Champs 2026/Starred Photos/DSC_0126_result.jpg iteration=5 outcome=ok bytes=524288 timedout_delta=0 retransmitted_delta=0 reconnects_delta=0
PIC_NFS stage=rpc_read elapsed_ms=2 tid=140342976534208 host=DietPi.local export=/mnt/4TBS relative=/pics-sport/XCC 2026/XCC EP Champs 2026/Starred Photos/DSC_0126_result.jpg iteration=6 outcome=ok bytes=209306 timedout_delta=0 retransmitted_delta=0 reconnects_delta=0
PIC_NFS stage=rpc_read elapsed_ms=1 tid=140342976534208 host=DietPi.local export=/mnt/4TBS relative=/pics-sport/XCC 2026/XCC EP Champs 2026/Starred Photos/DSC_0126_result.jpg iteration=7 outcome=ok bytes=0 timedout_delta=0 retransmitted_delta=0 reconnects_delta=0
PIC_NFS stage=file_read_complete elapsed_ms=37 tid=140342976534208 host=DietPi.local export=/mnt/4TBS relative=/pics-sport/XCC 2026/XCC EP Champs 2026/Starred Photos/DSC_0126_result.jpg outcome=ok bytes=1257882 calls=7
PIC_NFS stage=read_session_lock elapsed_ms=103 tid=140342603540160 host=DietPi.local export=/mnt/4TBS relative=/pics-sport/XCC 2026/XCC EP Champs 2026/Starred Photos/DSC_3150_result.jpg outcome=acquired
PIC_NFS_CONNECT reuse host=DietPi.local export=/mnt/4TBS
PIC_NETWORK tid=ThreadId(25) PRIVATE_NFS read_done bytes=1257882 elapsed_ms=127 uri=nfs://DietPi.local/mnt/4TBS/pics-sport/XCC%202026/XCC%20EP%20Champs%202026/Starred%20Photos/DSC_0126_result.jpg
PIC_NFS stage=file_open elapsed_ms=2 tid=140342603540160 host=DietPi.local export=/mnt/4TBS relative=/pics-sport/XCC 2026/XCC EP Champs 2026/Starred Photos/DSC_3150_result.jpg outcome=ok
PIC_NFS stage=rpc_read elapsed_ms=2 tid=140342603540160 host=DietPi.local export=/mnt/4TBS relative=/pics-sport/XCC 2026/XCC EP Champs 2026/Starred Photos/DSC_3150_result.jpg iteration=1 outcome=ok bytes=65536 timedout_delta=0 retransmitted_delta=0 reconnects_delta=0
PIC_NFS stage=first_read elapsed_ms=2 tid=140342603540160 host=DietPi.local export=/mnt/4TBS relative=/pics-sport/XCC 2026/XCC EP Champs 2026/Starred Photos/DSC_3150_result.jpg outcome=ok bytes=65536
PIC_NFS stage=rpc_read elapsed_ms=1 tid=140342603540160 host=DietPi.local export=/mnt/4TBS relative=/pics-sport/XCC 2026/XCC EP Champs 2026/Starred Photos/DSC_3150_result.jpg iteration=2 outcome=ok bytes=65536 timedout_delta=0 retransmitted_delta=0 reconnects_delta=0
PIC_NFS stage=rpc_read elapsed_ms=2 tid=140342603540160 host=DietPi.local export=/mnt/4TBS relative=/pics-sport/XCC 2026/XCC EP Champs 2026/Starred Photos/DSC_3150_result.jpg iteration=3 outcome=ok bytes=131072 timedout_delta=0 retransmitted_delta=0 reconnects_delta=0
PIC_NFS stage=rpc_read elapsed_ms=4 tid=140342603540160 host=DietPi.local export=/mnt/4TBS relative=/pics-sport/XCC 2026/XCC EP Champs 2026/Starred Photos/DSC_3150_result.jpg iteration=4 outcome=ok bytes=262144 timedout_delta=0 retransmitted_delta=0 reconnects_delta=0
PIC_NETWORK tid=ThreadId(25) PRIVATE_NFS export_cache_hit host=DietPi.local count=5
PIC_NETWORK tid=ThreadId(25) PRIVATE_NFS read_start uri=nfs://DietPi.local/mnt/4TBS/pics-sport/XCC%202026/XCC%20EP%20Champs%202026/Starred%20Photos/DSC_0160_result.jpg max_bytes=134217728
PIC_NFS stage=rpc_read elapsed_ms=7 tid=140342603540160 host=DietPi.local export=/mnt/4TBS relative=/pics-sport/XCC 2026/XCC EP Champs 2026/Starred Photos/DSC_3150_result.jpg iteration=5 outcome=ok bytes=524288 timedout_delta=0 retransmitted_delta=0 reconnects_delta=0
PIC_NFS stage=rpc_read elapsed_ms=24 tid=140342603540160 host=DietPi.local export=/mnt/4TBS relative=/pics-sport/XCC 2026/XCC EP Champs 2026/Starred Photos/DSC_3150_result.jpg iteration=6 outcome=ok bytes=627266 timedout_delta=0 retransmitted_delta=0 reconnects_delta=0
PIC_NFS stage=rpc_read elapsed_ms=0 tid=140342603540160 host=DietPi.local export=/mnt/4TBS relative=/pics-sport/XCC 2026/XCC EP Champs 2026/Starred Photos/DSC_3150_result.jpg iteration=7 outcome=ok bytes=0 timedout_delta=0 retransmitted_delta=0 reconnects_delta=0
PIC_NFS stage=file_read_complete elapsed_ms=40 tid=140342603540160 host=DietPi.local export=/mnt/4TBS relative=/pics-sport/XCC 2026/XCC EP Champs 2026/Starred Photos/DSC_3150_result.jpg outcome=ok bytes=1675842 calls=7
PIC_NFS stage=read_session_lock elapsed_ms=105 tid=140342605641408 host=DietPi.local export=/mnt/4TBS relative=/pics-sport/XCC 2026/XCC EP Champs 2026/Starred Photos/DSC_2840_result.jpg outcome=acquired
PIC_NFS_CONNECT reuse host=DietPi.local export=/mnt/4TBS
PIC_NETWORK tid=ThreadId(27) PRIVATE_NFS read_done bytes=1675842 elapsed_ms=145 uri=nfs://DietPi.local/mnt/4TBS/pics-sport/XCC%202026/XCC%20EP%20Champs%202026/Starred%20Photos/DSC_3150_result.jpg
PIC_NFS stage=file_open elapsed_ms=2 tid=140342605641408 host=DietPi.local export=/mnt/4TBS relative=/pics-sport/XCC 2026/XCC EP Champs 2026/Starred Photos/DSC_2840_result.jpg outcome=ok
PIC_NETWORK tid=ThreadId(30) PRIVATE_NFS export_cache_hit host=DietPi.local count=5
PIC_NETWORK tid=ThreadId(30) PRIVATE_NFS read_start uri=nfs://DietPi.local/mnt/4TBS/pics-sport/XCC%202026/XCC%20EP%20Champs%202026/Starred%20Photos/DSC_3292_result.jpg max_bytes=134217728
PIC_NFS stage=rpc_read elapsed_ms=23 tid=140342605641408 host=DietPi.local export=/mnt/4TBS relative=/pics-sport/XCC 2026/XCC EP Champs 2026/Starred Photos/DSC_2840_result.jpg iteration=1 outcome=ok bytes=65536 timedout_delta=0 retransmitted_delta=0 reconnects_delta=0
PIC_NFS stage=first_read elapsed_ms=23 tid=140342605641408 host=DietPi.local export=/mnt/4TBS relative=/pics-sport/XCC 2026/XCC EP Champs 2026/Starred Photos/DSC_2840_result.jpg outcome=ok bytes=65536
PIC_NFS stage=rpc_read elapsed_ms=2 tid=140342605641408 host=DietPi.local export=/mnt/4TBS relative=/pics-sport/XCC 2026/XCC EP Champs 2026/Starred Photos/DSC_2840_result.jpg iteration=2 outcome=ok bytes=65536 timedout_delta=0 retransmitted_delta=0 reconnects_delta=0
PIC_NFS stage=rpc_read elapsed_ms=1 tid=140342605641408 host=DietPi.local export=/mnt/4TBS relative=/pics-sport/XCC 2026/XCC EP Champs 2026/Starred Photos/DSC_2840_result.jpg iteration=3 outcome=ok bytes=131072 timedout_delta=0 retransmitted_delta=0 reconnects_delta=0
PIC_NFS stage=rpc_read elapsed_ms=4 tid=140342605641408 host=DietPi.local export=/mnt/4TBS relative=/pics-sport/XCC 2026/XCC EP Champs 2026/Starred Photos/DSC_2840_result.jpg iteration=4 outcome=ok bytes=262144 timedout_delta=0 retransmitted_delta=0 reconnects_delta=0
PIC_NFS stage=rpc_read elapsed_ms=8 tid=140342605641408 host=DietPi.local export=/mnt/4TBS relative=/pics-sport/XCC 2026/XCC EP Champs 2026/Starred Photos/DSC_2840_result.jpg iteration=5 outcome=ok bytes=524288 timedout_delta=0 retransmitted_delta=0 reconnects_delta=0
PIC_NFS stage=rpc_read elapsed_ms=3 tid=140342605641408 host=DietPi.local export=/mnt/4TBS relative=/pics-sport/XCC 2026/XCC EP Champs 2026/Starred Photos/DSC_2840_result.jpg iteration=6 outcome=ok bytes=267451 timedout_delta=0 retransmitted_delta=0 reconnects_delta=0
PIC_NFS stage=rpc_read elapsed_ms=1 tid=140342605641408 host=DietPi.local export=/mnt/4TBS relative=/pics-sport/XCC 2026/XCC EP Champs 2026/Starred Photos/DSC_2840_result.jpg iteration=7 outcome=ok bytes=0 timedout_delta=0 retransmitted_delta=0 reconnects_delta=0
PIC_NFS stage=file_read_complete elapsed_ms=42 tid=140342605641408 host=DietPi.local export=/mnt/4TBS relative=/pics-sport/XCC 2026/XCC EP Champs 2026/Starred Photos/DSC_2840_result.jpg outcome=ok bytes=1316027 calls=7
PIC_NFS stage=read_session_lock elapsed_ms=110 tid=140342978635456 host=DietPi.local export=/mnt/4TBS relative=/pics-sport/XCC 2026/XCC EP Champs 2026/Starred Photos/DSC_1952_result.jpg outcome=acquired
PIC_NFS_CONNECT reuse host=DietPi.local export=/mnt/4TBS
PIC_NETWORK tid=ThreadId(26) PRIVATE_NFS read_done bytes=1316027 elapsed_ms=148 uri=nfs://DietPi.local/mnt/4TBS/pics-sport/XCC%202026/XCC%20EP%20Champs%202026/Starred%20Photos/DSC_2840_result.jpg
PIC_NFS stage=file_open elapsed_ms=2 tid=140342978635456 host=DietPi.local export=/mnt/4TBS relative=/pics-sport/XCC 2026/XCC EP Champs 2026/Starred Photos/DSC_1952_result.jpg outcome=ok
PIC_NFS stage=rpc_read elapsed_ms=2 tid=140342978635456 host=DietPi.local export=/mnt/4TBS relative=/pics-sport/XCC 2026/XCC EP Champs 2026/Starred Photos/DSC_1952_result.jpg iteration=1 outcome=ok bytes=65536 timedout_delta=0 retransmitted_delta=0 reconnects_delta=0
PIC_NFS stage=first_read elapsed_ms=2 tid=140342978635456 host=DietPi.local export=/mnt/4TBS relative=/pics-sport/XCC 2026/XCC EP Champs 2026/Starred Photos/DSC_1952_result.jpg outcome=ok bytes=65536
PIC_NFS stage=rpc_read elapsed_ms=2 tid=140342978635456 host=DietPi.local export=/mnt/4TBS relative=/pics-sport/XCC 2026/XCC EP Champs 2026/Starred Photos/DSC_1952_result.jpg iteration=2 outcome=ok bytes=65536 timedout_delta=0 retransmitted_delta=0 reconnects_delta=0
PIC_NFS stage=rpc_read elapsed_ms=2 tid=140342978635456 host=DietPi.local export=/mnt/4TBS relative=/pics-sport/XCC 2026/XCC EP Champs 2026/Starred Photos/DSC_1952_result.jpg iteration=3 outcome=ok bytes=131072 timedout_delta=0 retransmitted_delta=0 reconnects_delta=0
PIC_NFS stage=rpc_read elapsed_ms=3 tid=140342978635456 host=DietPi.local export=/mnt/4TBS relative=/pics-sport/XCC 2026/XCC EP Champs 2026/Starred Photos/DSC_1952_result.jpg iteration=4 outcome=ok bytes=262144 timedout_delta=0 retransmitted_delta=0 reconnects_delta=0
PIC_NFS stage=rpc_read elapsed_ms=7 tid=140342978635456 host=DietPi.local export=/mnt/4TBS relative=/pics-sport/XCC 2026/XCC EP Champs 2026/Starred Photos/DSC_1952_result.jpg iteration=5 outcome=ok bytes=524288 timedout_delta=0 retransmitted_delta=0 reconnects_delta=0
PIC_NFS stage=rpc_read elapsed_ms=9 tid=140342978635456 host=DietPi.local export=/mnt/4TBS relative=/pics-sport/XCC 2026/XCC EP Champs 2026/Starred Photos/DSC_1952_result.jpg iteration=6 outcome=ok bytes=654595 timedout_delta=0 retransmitted_delta=0 reconnects_delta=0
PIC_NFS stage=rpc_read elapsed_ms=0 tid=140342978635456 host=DietPi.local export=/mnt/4TBS relative=/pics-sport/XCC 2026/XCC EP Champs 2026/Starred Photos/DSC_1952_result.jpg iteration=7 outcome=ok bytes=0 timedout_delta=0 retransmitted_delta=0 reconnects_delta=0
PIC_NFS stage=file_read_complete elapsed_ms=25 tid=140342978635456 host=DietPi.local export=/mnt/4TBS relative=/pics-sport/XCC 2026/XCC EP Champs 2026/Starred Photos/DSC_1952_result.jpg outcome=ok bytes=1703171 calls=7
PIC_NFS stage=read_session_lock elapsed_ms=98 tid=140342976534208 host=DietPi.local export=/mnt/4TBS relative=/pics-sport/XCC 2026/XCC EP Champs 2026/Starred Photos/DSC_0160_result.jpg outcome=acquired
PIC_NFS_CONNECT reuse host=DietPi.local export=/mnt/4TBS
PIC_NETWORK tid=ThreadId(24) PRIVATE_NFS read_done bytes=1703171 elapsed_ms=137 uri=nfs://DietPi.local/mnt/4TBS/pics-sport/XCC%202026/XCC%20EP%20Champs%202026/Starred%20Photos/DSC_1952_result.jpg
PIC_NFS stage=file_open elapsed_ms=2 tid=140342976534208 host=DietPi.local export=/mnt/4TBS relative=/pics-sport/XCC 2026/XCC EP Champs 2026/Starred Photos/DSC_0160_result.jpg outcome=ok
PIC_NFS stage=rpc_read elapsed_ms=23 tid=140342976534208 host=DietPi.local export=/mnt/4TBS relative=/pics-sport/XCC 2026/XCC EP Champs 2026/Starred Photos/DSC_0160_result.jpg iteration=1 outcome=ok bytes=65536 timedout_delta=0 retransmitted_delta=0 reconnects_delta=0
PIC_NFS stage=first_read elapsed_ms=23 tid=140342976534208 host=DietPi.local export=/mnt/4TBS relative=/pics-sport/XCC 2026/XCC EP Champs 2026/Starred Photos/DSC_0160_result.jpg outcome=ok bytes=65536
PIC_NFS stage=rpc_read elapsed_ms=1 tid=140342976534208 host=DietPi.local export=/mnt/4TBS relative=/pics-sport/XCC 2026/XCC EP Champs 2026/Starred Photos/DSC_0160_result.jpg iteration=2 outcome=ok bytes=65536 timedout_delta=0 retransmitted_delta=0 reconnects_delta=0
PIC_NFS stage=rpc_read elapsed_ms=2 tid=140342976534208 host=DietPi.local export=/mnt/4TBS relative=/pics-sport/XCC 2026/XCC EP Champs 2026/Starred Photos/DSC_0160_result.jpg iteration=3 outcome=ok bytes=131072 timedout_delta=0 retransmitted_delta=0 reconnects_delta=0
PIC_NFS stage=rpc_read elapsed_ms=4 tid=140342976534208 host=DietPi.local export=/mnt/4TBS relative=/pics-sport/XCC 2026/XCC EP Champs 2026/Starred Photos/DSC_0160_result.jpg iteration=4 outcome=ok bytes=262144 timedout_delta=0 retransmitted_delta=0 reconnects_delta=0
PIC_NFS stage=rpc_read elapsed_ms=7 tid=140342976534208 host=DietPi.local export=/mnt/4TBS relative=/pics-sport/XCC 2026/XCC EP Champs 2026/Starred Photos/DSC_0160_result.jpg iteration=5 outcome=ok bytes=524288 timedout_delta=0 retransmitted_delta=0 reconnects_delta=0
PIC_NFS stage=rpc_read elapsed_ms=3 tid=140342976534208 host=DietPi.local export=/mnt/4TBS relative=/pics-sport/XCC 2026/XCC EP Champs 2026/Starred Photos/DSC_0160_result.jpg iteration=6 outcome=ok bytes=143862 timedout_delta=0 retransmitted_delta=0 reconnects_delta=0
PIC_NFS stage=rpc_read elapsed_ms=0 tid=140342976534208 host=DietPi.local export=/mnt/4TBS relative=/pics-sport/XCC 2026/XCC EP Champs 2026/Starred Photos/DSC_0160_result.jpg iteration=7 outcome=ok bytes=0 timedout_delta=0 retransmitted_delta=0 reconnects_delta=0
PIC_NFS stage=file_read_complete elapsed_ms=40 tid=140342976534208 host=DietPi.local export=/mnt/4TBS relative=/pics-sport/XCC 2026/XCC EP Champs 2026/Starred Photos/DSC_0160_result.jpg outcome=ok bytes=1192438 calls=7
PIC_NFS stage=read_session_lock elapsed_ms=96 tid=140342601438912 host=DietPi.local export=/mnt/4TBS relative=/pics-sport/XCC 2026/XCC EP Champs 2026/Starred Photos/DSC_3292_result.jpg outcome=acquired
PIC_NFS_CONNECT reuse host=DietPi.local export=/mnt/4TBS
PIC_NETWORK tid=ThreadId(25) PRIVATE_NFS read_done bytes=1192438 elapsed_ms=140 uri=nfs://DietPi.local/mnt/4TBS/pics-sport/XCC%202026/XCC%20EP%20Champs%202026/Starred%20Photos/DSC_0160_result.jpg
PIC_NFS stage=file_open elapsed_ms=2 tid=140342601438912 host=DietPi.local export=/mnt/4TBS relative=/pics-sport/XCC 2026/XCC EP Champs 2026/Starred Photos/DSC_3292_result.jpg outcome=ok
PIC_NFS stage=rpc_read elapsed_ms=21 tid=140342601438912 host=DietPi.local export=/mnt/4TBS relative=/pics-sport/XCC 2026/XCC EP Champs 2026/Starred Photos/DSC_3292_result.jpg iteration=1 outcome=ok bytes=65536 timedout_delta=0 retransmitted_delta=0 reconnects_delta=0
PIC_NFS stage=first_read elapsed_ms=21 tid=140342601438912 host=DietPi.local export=/mnt/4TBS relative=/pics-sport/XCC 2026/XCC EP Champs 2026/Starred Photos/DSC_3292_result.jpg outcome=ok bytes=65536
PIC_NFS stage=rpc_read elapsed_ms=2 tid=140342601438912 host=DietPi.local export=/mnt/4TBS relative=/pics-sport/XCC 2026/XCC EP Champs 2026/Starred Photos/DSC_3292_result.jpg iteration=2 outcome=ok bytes=65536 timedout_delta=0 retransmitted_delta=0 reconnects_delta=0
PIC_NFS stage=rpc_read elapsed_ms=2 tid=140342601438912 host=DietPi.local export=/mnt/4TBS relative=/pics-sport/XCC 2026/XCC EP Champs 2026/Starred Photos/DSC_3292_result.jpg iteration=3 outcome=ok bytes=131072 timedout_delta=0 retransmitted_delta=0 reconnects_delta=0
PIC_NFS stage=rpc_read elapsed_ms=4 tid=140342601438912 host=DietPi.local export=/mnt/4TBS relative=/pics-sport/XCC 2026/XCC EP Champs 2026/Starred Photos/DSC_3292_result.jpg iteration=4 outcome=ok bytes=262144 timedout_delta=0 retransmitted_delta=0 reconnects_delta=0
PIC_NFS stage=rpc_read elapsed_ms=7 tid=140342601438912 host=DietPi.local export=/mnt/4TBS relative=/pics-sport/XCC 2026/XCC EP Champs 2026/Starred Photos/DSC_3292_result.jpg iteration=5 outcome=ok bytes=524288 timedout_delta=0 retransmitted_delta=0 reconnects_delta=0
PIC_NFS stage=rpc_read elapsed_ms=5 tid=140342601438912 host=DietPi.local export=/mnt/4TBS relative=/pics-sport/XCC 2026/XCC EP Champs 2026/Starred Photos/DSC_3292_result.jpg iteration=6 outcome=ok bytes=409503 timedout_delta=0 retransmitted_delta=0 reconnects_delta=0
PIC_NFS stage=rpc_read elapsed_ms=1 tid=140342601438912 host=DietPi.local export=/mnt/4TBS relative=/pics-sport/XCC 2026/XCC EP Champs 2026/Starred Photos/DSC_3292_result.jpg iteration=7 outcome=ok bytes=0 timedout_delta=0 retransmitted_delta=0 reconnects_delta=0
PIC_NFS stage=file_read_complete elapsed_ms=42 tid=140342601438912 host=DietPi.local export=/mnt/4TBS relative=/pics-sport/XCC 2026/XCC EP Champs 2026/Starred Photos/DSC_3292_result.jpg outcome=ok bytes=1458079 calls=7
PIC_NETWORK tid=ThreadId(30) PRIVATE_NFS read_done bytes=1458079 elapsed_ms=140 uri=nfs://DietPi.local/mnt/4TBS/pics-sport/XCC%202026/XCC%20EP%20Champs%202026/Starred%20Photos/DSC_3292_result.jpg
PIC_NETWORK tid=ThreadId(25) PRIVATE_NFS export_cache_hit host=DietPi.local count=5
PIC_NETWORK tid=ThreadId(25) PRIVATE_NFS read_start uri=nfs://DietPi.local/mnt/4TBS/pics-sport/XCC%202026/XCC%20EP%20Champs%202026/Starred%20Photos/DSC_0169_result.jpg max_bytes=134217728
PIC_NFS stage=read_session_lock elapsed_ms=0 tid=140342976534208 host=DietPi.local export=/mnt/4TBS relative=/pics-sport/XCC 2026/XCC EP Champs 2026/Starred Photos/DSC_0169_result.jpg outcome=acquired
PIC_NFS_CONNECT reuse host=DietPi.local export=/mnt/4TBS
PIC_NETWORK tid=ThreadId(27) PRIVATE_NFS export_cache_hit host=DietPi.local count=5
PIC_NETWORK tid=ThreadId(27) PRIVATE_NFS read_start uri=nfs://DietPi.local/mnt/4TBS/pics-sport/XCC%202026/XCC%20EP%20Champs%202026/Starred%20Photos/DSC_1186_result.jpg max_bytes=134217728
PIC_NETWORK tid=ThreadId(24) PRIVATE_NFS export_cache_hit host=DietPi.local count=5
PIC_NETWORK tid=ThreadId(24) PRIVATE_NFS read_start uri=nfs://DietPi.local/mnt/4TBS/pics-sport/XCC%202026/XCC%20EP%20Champs%202026/Starred%20Photos/DSC_0535_result.jpg max_bytes=134217728
PIC_NETWORK tid=ThreadId(26) PRIVATE_NFS export_cache_hit host=DietPi.local count=5
PIC_NETWORK tid=ThreadId(26) PRIVATE_NFS read_start uri=nfs://DietPi.local/mnt/4TBS/pics-sport/XCC%202026/XCC%20EP%20Champs%202026/Starred%20Photos/DSC_1955_result.jpg max_bytes=134217728
PIC_NFS stage=file_open elapsed_ms=2 tid=140342976534208 host=DietPi.local export=/mnt/4TBS relative=/pics-sport/XCC 2026/XCC EP Champs 2026/Starred Photos/DSC_0169_result.jpg outcome=ok
PIC_NFS stage=rpc_read elapsed_ms=24 tid=140342976534208 host=DietPi.local export=/mnt/4TBS relative=/pics-sport/XCC 2026/XCC EP Champs 2026/Starred Photos/DSC_0169_result.jpg iteration=1 outcome=ok bytes=65536 timedout_delta=0 retransmitted_delta=0 reconnects_delta=0
PIC_NFS stage=first_read elapsed_ms=24 tid=140342976534208 host=DietPi.local export=/mnt/4TBS relative=/pics-sport/XCC 2026/XCC EP Champs 2026/Starred Photos/DSC_0169_result.jpg outcome=ok bytes=65536
PIC_NFS stage=rpc_read elapsed_ms=2 tid=140342976534208 host=DietPi.local export=/mnt/4TBS relative=/pics-sport/XCC 2026/XCC EP Champs 2026/Starred Photos/DSC_0169_result.jpg iteration=2 outcome=ok bytes=65536 timedout_delta=0 retransmitted_delta=0 reconnects_delta=0
PIC_NFS stage=rpc_read elapsed_ms=2 tid=140342976534208 host=DietPi.local export=/mnt/4TBS relative=/pics-sport/XCC 2026/XCC EP Champs 2026/Starred Photos/DSC_0169_result.jpg iteration=3 outcome=ok bytes=131072 timedout_delta=0 retransmitted_delta=0 reconnects_delta=0
PIC_NFS stage=rpc_read elapsed_ms=4 tid=140342976534208 host=DietPi.local export=/mnt/4TBS relative=/pics-sport/XCC 2026/XCC EP Champs 2026/Starred Photos/DSC_0169_result.jpg iteration=4 outcome=ok bytes=262144 timedout_delta=0 retransmitted_delta=0 reconnects_delta=0
PIC_NFS stage=rpc_read elapsed_ms=3 tid=140342976534208 host=DietPi.local export=/mnt/4TBS relative=/pics-sport/XCC 2026/XCC EP Champs 2026/Starred Photos/DSC_0169_result.jpg iteration=5 outcome=ok bytes=227912 timedout_delta=0 retransmitted_delta=0 reconnects_delta=0
PIC_NFS stage=rpc_read elapsed_ms=1 tid=140342976534208 host=DietPi.local export=/mnt/4TBS relative=/pics-sport/XCC 2026/XCC EP Champs 2026/Starred Photos/DSC_0169_result.jpg iteration=6 outcome=ok bytes=0 timedout_delta=0 retransmitted_delta=0 reconnects_delta=0
PIC_NFS stage=file_read_complete elapsed_ms=36 tid=140342976534208 host=DietPi.local export=/mnt/4TBS relative=/pics-sport/XCC 2026/XCC EP Champs 2026/Starred Photos/DSC_0169_result.jpg outcome=ok bytes=752200 calls=6
PIC_NFS stage=read_session_lock elapsed_ms=37 tid=140342603540160 host=DietPi.local export=/mnt/4TBS relative=/pics-sport/XCC 2026/XCC EP Champs 2026/Starred Photos/DSC_1186_result.jpg outcome=acquired
PIC_NFS_CONNECT reuse host=DietPi.local export=/mnt/4TBS
PIC_NETWORK tid=ThreadId(25) PRIVATE_NFS read_done bytes=752200 elapsed_ms=37 uri=nfs://DietPi.local/mnt/4TBS/pics-sport/XCC%202026/XCC%20EP%20Champs%202026/Starred%20Photos/DSC_0169_result.jpg
PIC_NFS stage=file_open elapsed_ms=2 tid=140342603540160 host=DietPi.local export=/mnt/4TBS relative=/pics-sport/XCC 2026/XCC EP Champs 2026/Starred Photos/DSC_1186_result.jpg outcome=ok
PIC_NETWORK tid=ThreadId(25) PRIVATE_NFS export_cache_hit host=DietPi.local count=5
PIC_NETWORK tid=ThreadId(25) PRIVATE_NFS read_start uri=nfs://DietPi.local/mnt/4TBS/pics-sport/XCC%202026/XCC%20EP%20Champs%202026/Starred%20Photos/DSC_0221_result.jpg max_bytes=134217728
PIC_NFS stage=rpc_read elapsed_ms=15 tid=140342603540160 host=DietPi.local export=/mnt/4TBS relative=/pics-sport/XCC 2026/XCC EP Champs 2026/Starred Photos/DSC_1186_result.jpg iteration=1 outcome=ok bytes=65536 timedout_delta=0 retransmitted_delta=0 reconnects_delta=0
PIC_NFS stage=first_read elapsed_ms=15 tid=140342603540160 host=DietPi.local export=/mnt/4TBS relative=/pics-sport/XCC 2026/XCC EP Champs 2026/Starred Photos/DSC_1186_result.jpg outcome=ok bytes=65536
PIC_NFS stage=rpc_read elapsed_ms=1 tid=140342603540160 host=DietPi.local export=/mnt/4TBS relative=/pics-sport/XCC 2026/XCC EP Champs 2026/Starred Photos/DSC_1186_result.jpg iteration=2 outcome=ok bytes=65536 timedout_delta=0 retransmitted_delta=0 reconnects_delta=0
PIC_NFS stage=rpc_read elapsed_ms=2 tid=140342603540160 host=DietPi.local export=/mnt/4TBS relative=/pics-sport/XCC 2026/XCC EP Champs 2026/Starred Photos/DSC_1186_result.jpg iteration=3 outcome=ok bytes=131072 timedout_delta=0 retransmitted_delta=0 reconnects_delta=0
PIC_NFS stage=rpc_read elapsed_ms=4 tid=140342603540160 host=DietPi.local export=/mnt/4TBS relative=/pics-sport/XCC 2026/XCC EP Champs 2026/Starred Photos/DSC_1186_result.jpg iteration=4 outcome=ok bytes=262144 timedout_delta=0 retransmitted_delta=0 reconnects_delta=0
PIC_NFS stage=rpc_read elapsed_ms=7 tid=140342603540160 host=DietPi.local export=/mnt/4TBS relative=/pics-sport/XCC 2026/XCC EP Champs 2026/Starred Photos/DSC_1186_result.jpg iteration=5 outcome=ok bytes=524288 timedout_delta=0 retransmitted_delta=0 reconnects_delta=0
PIC_NFS stage=rpc_read elapsed_ms=6 tid=140342603540160 host=DietPi.local export=/mnt/4TBS relative=/pics-sport/XCC 2026/XCC EP Champs 2026/Starred Photos/DSC_1186_result.jpg iteration=6 outcome=ok bytes=499489 timedout_delta=0 retransmitted_delta=0 reconnects_delta=0
PIC_NFS stage=rpc_read elapsed_ms=1 tid=140342603540160 host=DietPi.local export=/mnt/4TBS relative=/pics-sport/XCC 2026/XCC EP Champs 2026/Starred Photos/DSC_1186_result.jpg iteration=7 outcome=ok bytes=0 timedout_delta=0 retransmitted_delta=0 reconnects_delta=0
PIC_NFS stage=file_read_complete elapsed_ms=36 tid=140342603540160 host=DietPi.local export=/mnt/4TBS relative=/pics-sport/XCC 2026/XCC EP Champs 2026/Starred Photos/DSC_1186_result.jpg outcome=ok bytes=1548065 calls=7
PIC_NFS stage=read_session_lock elapsed_ms=74 tid=140342978635456 host=DietPi.local export=/mnt/4TBS relative=/pics-sport/XCC 2026/XCC EP Champs 2026/Starred Photos/DSC_0535_result.jpg outcome=acquired
PIC_NFS_CONNECT reuse host=DietPi.local export=/mnt/4TBS
PIC_NETWORK tid=ThreadId(27) PRIVATE_NFS read_done bytes=1548065 elapsed_ms=74 uri=nfs://DietPi.local/mnt/4TBS/pics-sport/XCC%202026/XCC%20EP%20Champs%202026/Starred%20Photos/DSC_1186_result.jpg
PIC_NFS stage=file_open elapsed_ms=1 tid=140342978635456 host=DietPi.local export=/mnt/4TBS relative=/pics-sport/XCC 2026/XCC EP Champs 2026/Starred Photos/DSC_0535_result.jpg outcome=ok
PIC_NETWORK tid=ThreadId(27) PRIVATE_NFS export_cache_hit host=DietPi.local count=5
PIC_NETWORK tid=ThreadId(27) PRIVATE_NFS read_start uri=nfs://DietPi.local/mnt/4TBS/pics-sport/XCC%202026/XCC%20EP%20Champs%202026/Starred%20Photos/DSC_1234_result.jpg max_bytes=134217728
PIC_NFS stage=rpc_read elapsed_ms=22 tid=140342978635456 host=DietPi.local export=/mnt/4TBS relative=/pics-sport/XCC 2026/XCC EP Champs 2026/Starred Photos/DSC_0535_result.jpg iteration=1 outcome=ok bytes=65536 timedout_delta=0 retransmitted_delta=0 reconnects_delta=0
PIC_NFS stage=first_read elapsed_ms=22 tid=140342978635456 host=DietPi.local export=/mnt/4TBS relative=/pics-sport/XCC 2026/XCC EP Champs 2026/Starred Photos/DSC_0535_result.jpg outcome=ok bytes=65536
PIC_NFS stage=rpc_read elapsed_ms=2 tid=140342978635456 host=DietPi.local export=/mnt/4TBS relative=/pics-sport/XCC 2026/XCC EP Champs 2026/Starred Photos/DSC_0535_result.jpg iteration=2 outcome=ok bytes=65536 timedout_delta=0 retransmitted_delta=0 reconnects_delta=0
PIC_NFS stage=rpc_read elapsed_ms=2 tid=140342978635456 host=DietPi.local export=/mnt/4TBS relative=/pics-sport/XCC 2026/XCC EP Champs 2026/Starred Photos/DSC_0535_result.jpg iteration=3 outcome=ok bytes=131072 timedout_delta=0 retransmitted_delta=0 reconnects_delta=0
PIC_NFS stage=rpc_read elapsed_ms=4 tid=140342978635456 host=DietPi.local export=/mnt/4TBS relative=/pics-sport/XCC 2026/XCC EP Champs 2026/Starred Photos/DSC_0535_result.jpg iteration=4 outcome=ok bytes=262144 timedout_delta=0 retransmitted_delta=0 reconnects_delta=0
PIC_NFS stage=rpc_read elapsed_ms=7 tid=140342978635456 host=DietPi.local export=/mnt/4TBS relative=/pics-sport/XCC 2026/XCC EP Champs 2026/Starred Photos/DSC_0535_result.jpg iteration=5 outcome=ok bytes=524288 timedout_delta=0 retransmitted_delta=0 reconnects_delta=0
PIC_NFS stage=rpc_read elapsed_ms=3 tid=140342978635456 host=DietPi.local export=/mnt/4TBS relative=/pics-sport/XCC 2026/XCC EP Champs 2026/Starred Photos/DSC_0535_result.jpg iteration=6 outcome=ok bytes=229728 timedout_delta=0 retransmitted_delta=0 reconnects_delta=0
PIC_NFS stage=rpc_read elapsed_ms=1 tid=140342978635456 host=DietPi.local export=/mnt/4TBS relative=/pics-sport/XCC 2026/XCC EP Champs 2026/Starred Photos/DSC_0535_result.jpg iteration=7 outcome=ok bytes=0 timedout_delta=0 retransmitted_delta=0 reconnects_delta=0
PIC_NFS stage=file_read_complete elapsed_ms=41 tid=140342978635456 host=DietPi.local export=/mnt/4TBS relative=/pics-sport/XCC 2026/XCC EP Champs 2026/Starred Photos/DSC_0535_result.jpg outcome=ok bytes=1278304 calls=7
PIC_NFS stage=read_session_lock elapsed_ms=116 tid=140342605641408 host=DietPi.local export=/mnt/4TBS relative=/pics-sport/XCC 2026/XCC EP Champs 2026/Starred Photos/DSC_1955_result.jpg outcome=acquired
PIC_NFS_CONNECT reuse host=DietPi.local export=/mnt/4TBS
PIC_NETWORK tid=ThreadId(24) PRIVATE_NFS read_done bytes=1278304 elapsed_ms=116 uri=nfs://DietPi.local/mnt/4TBS/pics-sport/XCC%202026/XCC%20EP%20Champs%202026/Starred%20Photos/DSC_0535_result.jpg
PIC_NFS stage=file_open elapsed_ms=2 tid=140342605641408 host=DietPi.local export=/mnt/4TBS relative=/pics-sport/XCC 2026/XCC EP Champs 2026/Starred Photos/DSC_1955_result.jpg outcome=ok
PIC_NFS stage=rpc_read elapsed_ms=2 tid=140342605641408 host=DietPi.local export=/mnt/4TBS relative=/pics-sport/XCC 2026/XCC EP Champs 2026/Starred Photos/DSC_1955_result.jpg iteration=1 outcome=ok bytes=65536 timedout_delta=0 retransmitted_delta=0 reconnects_delta=0
PIC_NFS stage=first_read elapsed_ms=2 tid=140342605641408 host=DietPi.local export=/mnt/4TBS relative=/pics-sport/XCC 2026/XCC EP Champs 2026/Starred Photos/DSC_1955_result.jpg outcome=ok bytes=65536
PIC_NFS stage=rpc_read elapsed_ms=1 tid=140342605641408 host=DietPi.local export=/mnt/4TBS relative=/pics-sport/XCC 2026/XCC EP Champs 2026/Starred Photos/DSC_1955_result.jpg iteration=2 outcome=ok bytes=65536 timedout_delta=0 retransmitted_delta=0 reconnects_delta=0
PIC_NFS stage=rpc_read elapsed_ms=2 tid=140342605641408 host=DietPi.local export=/mnt/4TBS relative=/pics-sport/XCC 2026/XCC EP Champs 2026/Starred Photos/DSC_1955_result.jpg iteration=3 outcome=ok bytes=131072 timedout_delta=0 retransmitted_delta=0 reconnects_delta=0
PIC_NFS stage=rpc_read elapsed_ms=4 tid=140342605641408 host=DietPi.local export=/mnt/4TBS relative=/pics-sport/XCC 2026/XCC EP Champs 2026/Starred Photos/DSC_1955_result.jpg iteration=4 outcome=ok bytes=262144 timedout_delta=0 retransmitted_delta=0 reconnects_delta=0
PIC_NETWORK tid=ThreadId(24) PRIVATE_NFS export_cache_hit host=DietPi.local count=5
PIC_NETWORK tid=ThreadId(24) PRIVATE_NFS read_start uri=nfs://DietPi.local/mnt/4TBS/pics-sport/XCC%202026/XCC%20EP%20Champs%202026/Starred%20Photos/DSC_0559_result.jpg max_bytes=134217728
PIC_NFS stage=rpc_read elapsed_ms=7 tid=140342605641408 host=DietPi.local export=/mnt/4TBS relative=/pics-sport/XCC 2026/XCC EP Champs 2026/Starred Photos/DSC_1955_result.jpg iteration=5 outcome=ok bytes=524288 timedout_delta=0 retransmitted_delta=0 reconnects_delta=0
PIC_NFS stage=rpc_read elapsed_ms=26 tid=140342605641408 host=DietPi.local export=/mnt/4TBS relative=/pics-sport/XCC 2026/XCC EP Champs 2026/Starred Photos/DSC_1955_result.jpg iteration=6 outcome=ok bytes=650217 timedout_delta=0 retransmitted_delta=0 reconnects_delta=0
PIC_NFS stage=rpc_read elapsed_ms=1 tid=140342605641408 host=DietPi.local export=/mnt/4TBS relative=/pics-sport/XCC 2026/XCC EP Champs 2026/Starred Photos/DSC_1955_result.jpg iteration=7 outcome=ok bytes=0 timedout_delta=0 retransmitted_delta=0 reconnects_delta=0
PIC_NFS stage=file_read_complete elapsed_ms=43 tid=140342605641408 host=DietPi.local export=/mnt/4TBS relative=/pics-sport/XCC 2026/XCC EP Champs 2026/Starred Photos/DSC_1955_result.jpg outcome=ok bytes=1698793 calls=7
PIC_NFS stage=read_session_lock elapsed_ms=114 tid=140342976534208 host=DietPi.local export=/mnt/4TBS relative=/pics-sport/XCC 2026/XCC EP Champs 2026/Starred Photos/DSC_0221_result.jpg outcome=acquired
PIC_NFS_CONNECT reuse host=DietPi.local export=/mnt/4TBS
PIC_NETWORK tid=ThreadId(26) PRIVATE_NFS read_done bytes=1698793 elapsed_ms=160 uri=nfs://DietPi.local/mnt/4TBS/pics-sport/XCC%202026/XCC%20EP%20Champs%202026/Starred%20Photos/DSC_1955_result.jpg
PIC_NFS stage=file_open elapsed_ms=2 tid=140342976534208 host=DietPi.local export=/mnt/4TBS relative=/pics-sport/XCC 2026/XCC EP Champs 2026/Starred Photos/DSC_0221_result.jpg outcome=ok
PIC_NETWORK tid=ThreadId(26) PRIVATE_NFS export_cache_hit host=DietPi.local count=5
PIC_NETWORK tid=ThreadId(26) PRIVATE_NFS read_start uri=nfs://DietPi.local/mnt/4TBS/pics-sport/XCC%202026/XCC%20EP%20Champs%202026/Starred%20Photos/DSC_2114_result.jpg max_bytes=134217728
PIC_NFS stage=rpc_read elapsed_ms=28 tid=140342976534208 host=DietPi.local export=/mnt/4TBS relative=/pics-sport/XCC 2026/XCC EP Champs 2026/Starred Photos/DSC_0221_result.jpg iteration=1 outcome=ok bytes=65536 timedout_delta=0 retransmitted_delta=0 reconnects_delta=0
PIC_NFS stage=first_read elapsed_ms=28 tid=140342976534208 host=DietPi.local export=/mnt/4TBS relative=/pics-sport/XCC 2026/XCC EP Champs 2026/Starred Photos/DSC_0221_result.jpg outcome=ok bytes=65536
PIC_NFS stage=rpc_read elapsed_ms=2 tid=140342976534208 host=DietPi.local export=/mnt/4TBS relative=/pics-sport/XCC 2026/XCC EP Champs 2026/Starred Photos/DSC_0221_result.jpg iteration=2 outcome=ok bytes=65536 timedout_delta=0 retransmitted_delta=0 reconnects_delta=0
PIC_NFS stage=rpc_read elapsed_ms=2 tid=140342976534208 host=DietPi.local export=/mnt/4TBS relative=/pics-sport/XCC 2026/XCC EP Champs 2026/Starred Photos/DSC_0221_result.jpg iteration=3 outcome=ok bytes=131072 timedout_delta=0 retransmitted_delta=0 reconnects_delta=0
PIC_NFS stage=rpc_read elapsed_ms=3 tid=140342976534208 host=DietPi.local export=/mnt/4TBS relative=/pics-sport/XCC 2026/XCC EP Champs 2026/Starred Photos/DSC_0221_result.jpg iteration=4 outcome=ok bytes=262144 timedout_delta=0 retransmitted_delta=0 reconnects_delta=0
PIC_NFS stage=rpc_read elapsed_ms=8 tid=140342976534208 host=DietPi.local export=/mnt/4TBS relative=/pics-sport/XCC 2026/XCC EP Champs 2026/Starred Photos/DSC_0221_result.jpg iteration=5 outcome=ok bytes=524288 timedout_delta=0 retransmitted_delta=0 reconnects_delta=0
PIC_NFS stage=rpc_read elapsed_ms=2 tid=140342976534208 host=DietPi.local export=/mnt/4TBS relative=/pics-sport/XCC 2026/XCC EP Champs 2026/Starred Photos/DSC_0221_result.jpg iteration=6 outcome=ok bytes=166322 timedout_delta=0 retransmitted_delta=0 reconnects_delta=0
PIC_NFS stage=rpc_read elapsed_ms=0 tid=140342976534208 host=DietPi.local export=/mnt/4TBS relative=/pics-sport/XCC 2026/XCC EP Champs 2026/Starred Photos/DSC_0221_result.jpg iteration=7 outcome=ok bytes=0 timedout_delta=0 retransmitted_delta=0 reconnects_delta=0
PIC_NFS stage=file_read_complete elapsed_ms=45 tid=140342976534208 host=DietPi.local export=/mnt/4TBS relative=/pics-sport/XCC 2026/XCC EP Champs 2026/Starred Photos/DSC_0221_result.jpg outcome=ok bytes=1214898 calls=7
PIC_NFS stage=read_session_lock elapsed_ms=118 tid=140342603540160 host=DietPi.local export=/mnt/4TBS relative=/pics-sport/XCC 2026/XCC EP Champs 2026/Starred Photos/DSC_1234_result.jpg outcome=acquired
PIC_NFS_CONNECT reuse host=DietPi.local export=/mnt/4TBS
PIC_NETWORK tid=ThreadId(25) PRIVATE_NFS read_done bytes=1214898 elapsed_ms=161 uri=nfs://DietPi.local/mnt/4TBS/pics-sport/XCC%202026/XCC%20EP%20Champs%202026/Starred%20Photos/DSC_0221_result.jpg
PIC_NFS stage=file_open elapsed_ms=2 tid=140342603540160 host=DietPi.local export=/mnt/4TBS relative=/pics-sport/XCC 2026/XCC EP Champs 2026/Starred Photos/DSC_1234_result.jpg outcome=ok
PIC_NETWORK tid=ThreadId(25) PRIVATE_NFS export_cache_hit host=DietPi.local count=5
PIC_NETWORK tid=ThreadId(25) PRIVATE_NFS read_start uri=nfs://DietPi.local/mnt/4TBS/pics-sport/XCC%202026/XCC%20EP%20Champs%202026/Starred%20Photos/DSC_0229_result.jpg max_bytes=134217728
PIC_NFS stage=rpc_read elapsed_ms=37 tid=140342603540160 host=DietPi.local export=/mnt/4TBS relative=/pics-sport/XCC 2026/XCC EP Champs 2026/Starred Photos/DSC_1234_result.jpg iteration=1 outcome=ok bytes=65536 timedout_delta=0 retransmitted_delta=0 reconnects_delta=0
PIC_NFS stage=first_read elapsed_ms=37 tid=140342603540160 host=DietPi.local export=/mnt/4TBS relative=/pics-sport/XCC 2026/XCC EP Champs 2026/Starred Photos/DSC_1234_result.jpg outcome=ok bytes=65536
PIC_NFS stage=rpc_read elapsed_ms=1 tid=140342603540160 host=DietPi.local export=/mnt/4TBS relative=/pics-sport/XCC 2026/XCC EP Champs 2026/Starred Photos/DSC_1234_result.jpg iteration=2 outcome=ok bytes=65536 timedout_delta=0 retransmitted_delta=0 reconnects_delta=0
PIC_NFS stage=rpc_read elapsed_ms=2 tid=140342603540160 host=DietPi.local export=/mnt/4TBS relative=/pics-sport/XCC 2026/XCC EP Champs 2026/Starred Photos/DSC_1234_result.jpg iteration=3 outcome=ok bytes=131072 timedout_delta=0 retransmitted_delta=0 reconnects_delta=0
PIC_NFS stage=rpc_read elapsed_ms=3 tid=140342603540160 host=DietPi.local export=/mnt/4TBS relative=/pics-sport/XCC 2026/XCC EP Champs 2026/Starred Photos/DSC_1234_result.jpg iteration=4 outcome=ok bytes=262144 timedout_delta=0 retransmitted_delta=0 reconnects_delta=0
PIC_NFS stage=rpc_read elapsed_ms=4 tid=140342603540160 host=DietPi.local export=/mnt/4TBS relative=/pics-sport/XCC 2026/XCC EP Champs 2026/Starred Photos/DSC_1234_result.jpg iteration=5 outcome=ok bytes=246327 timedout_delta=0 retransmitted_delta=0 reconnects_delta=0
PIC_NFS stage=rpc_read elapsed_ms=0 tid=140342603540160 host=DietPi.local export=/mnt/4TBS relative=/pics-sport/XCC 2026/XCC EP Champs 2026/Starred Photos/DSC_1234_result.jpg iteration=6 outcome=ok bytes=0 timedout_delta=0 retransmitted_delta=0 reconnects_delta=0
PIC_NFS stage=file_read_complete elapsed_ms=48 tid=140342603540160 host=DietPi.local export=/mnt/4TBS relative=/pics-sport/XCC 2026/XCC EP Champs 2026/Starred Photos/DSC_1234_result.jpg outcome=ok bytes=770615 calls=6
PIC_NFS stage=read_session_lock elapsed_ms=127 tid=140342978635456 host=DietPi.local export=/mnt/4TBS relative=/pics-sport/XCC 2026/XCC EP Champs 2026/Starred Photos/DSC_0559_result.jpg outcome=acquired
PIC_NFS_CONNECT reuse host=DietPi.local export=/mnt/4TBS
PIC_NETWORK tid=ThreadId(27) PRIVATE_NFS read_done bytes=770615 elapsed_ms=168 uri=nfs://DietPi.local/mnt/4TBS/pics-sport/XCC%202026/XCC%20EP%20Champs%202026/Starred%20Photos/DSC_1234_result.jpg
PIC_NFS stage=file_open elapsed_ms=1 tid=140342978635456 host=DietPi.local export=/mnt/4TBS relative=/pics-sport/XCC 2026/XCC EP Champs 2026/Starred Photos/DSC_0559_result.jpg outcome=ok
PIC_NETWORK tid=ThreadId(27) PRIVATE_NFS export_cache_hit host=DietPi.local count=5
PIC_NETWORK tid=ThreadId(27) PRIVATE_NFS read_start uri=nfs://DietPi.local/mnt/4TBS/pics-sport/XCC%202026/XCC%20EP%20Champs%202026/Starred%20Photos/DSC_1242_result.jpg max_bytes=134217728
PIC_NFS stage=rpc_read elapsed_ms=21 tid=140342978635456 host=DietPi.local export=/mnt/4TBS relative=/pics-sport/XCC 2026/XCC EP Champs 2026/Starred Photos/DSC_0559_result.jpg iteration=1 outcome=ok bytes=65536 timedout_delta=0 retransmitted_delta=0 reconnects_delta=0
PIC_NFS stage=first_read elapsed_ms=21 tid=140342978635456 host=DietPi.local export=/mnt/4TBS relative=/pics-sport/XCC 2026/XCC EP Champs 2026/Starred Photos/DSC_0559_result.jpg outcome=ok bytes=65536
PIC_NFS stage=rpc_read elapsed_ms=2 tid=140342978635456 host=DietPi.local export=/mnt/4TBS relative=/pics-sport/XCC 2026/XCC EP Champs 2026/Starred Photos/DSC_0559_result.jpg iteration=2 outcome=ok bytes=65536 timedout_delta=0 retransmitted_delta=0 reconnects_delta=0
PIC_NFS stage=rpc_read elapsed_ms=2 tid=140342978635456 host=DietPi.local export=/mnt/4TBS relative=/pics-sport/XCC 2026/XCC EP Champs 2026/Starred Photos/DSC_0559_result.jpg iteration=3 outcome=ok bytes=131072 timedout_delta=0 retransmitted_delta=0 reconnects_delta=0
PIC_NFS stage=rpc_read elapsed_ms=12 tid=140342978635456 host=DietPi.local export=/mnt/4TBS relative=/pics-sport/XCC 2026/XCC EP Champs 2026/Starred Photos/DSC_0559_result.jpg iteration=4 outcome=ok bytes=262144 timedout_delta=0 retransmitted_delta=0 reconnects_delta=0
PIC_NFS stage=rpc_read elapsed_ms=16 tid=140342978635456 host=DietPi.local export=/mnt/4TBS relative=/pics-sport/XCC 2026/XCC EP Champs 2026/Starred Photos/DSC_0559_result.jpg iteration=5 outcome=ok bytes=524288 timedout_delta=0 retransmitted_delta=0 reconnects_delta=0
PIC_NFS stage=rpc_read elapsed_ms=4 tid=140342978635456 host=DietPi.local export=/mnt/4TBS relative=/pics-sport/XCC 2026/XCC EP Champs 2026/Starred Photos/DSC_0559_result.jpg iteration=6 outcome=ok bytes=279674 timedout_delta=0 retransmitted_delta=0 reconnects_delta=0
PIC_NFS stage=rpc_read elapsed_ms=1 tid=140342978635456 host=DietPi.local export=/mnt/4TBS relative=/pics-sport/XCC 2026/XCC EP Champs 2026/Starred Photos/DSC_0559_result.jpg iteration=7 outcome=ok bytes=0 timedout_delta=0 retransmitted_delta=0 reconnects_delta=0
PIC_NFS stage=file_read_complete elapsed_ms=58 tid=140342978635456 host=DietPi.local export=/mnt/4TBS relative=/pics-sport/XCC 2026/XCC EP Champs 2026/Starred Photos/DSC_0559_result.jpg outcome=ok bytes=1328250 calls=7
PIC_NFS stage=read_session_lock elapsed_ms=140 tid=140342605641408 host=DietPi.local export=/mnt/4TBS relative=/pics-sport/XCC 2026/XCC EP Champs 2026/Starred Photos/DSC_2114_result.jpg outcome=acquired
PIC_NFS_CONNECT reuse host=DietPi.local export=/mnt/4TBS
PIC_NETWORK tid=ThreadId(24) PRIVATE_NFS read_done bytes=1328250 elapsed_ms=187 uri=nfs://DietPi.local/mnt/4TBS/pics-sport/XCC%202026/XCC%20EP%20Champs%202026/Starred%20Photos/DSC_0559_result.jpg
PIC_NFS stage=file_open elapsed_ms=2 tid=140342605641408 host=DietPi.local export=/mnt/4TBS relative=/pics-sport/XCC 2026/XCC EP Champs 2026/Starred Photos/DSC_2114_result.jpg outcome=ok
PIC_NETWORK tid=ThreadId(24) PRIVATE_NFS export_cache_hit host=DietPi.local count=5
PIC_NETWORK tid=ThreadId(24) PRIVATE_NFS read_start uri=nfs://DietPi.local/mnt/4TBS/pics-sport/XCC%202026/XCC%20EP%20Champs%202026/Starred%20Photos/DSC_0880_result.jpg max_bytes=134217728
PIC_NFS stage=rpc_read elapsed_ms=16 tid=140342605641408 host=DietPi.local export=/mnt/4TBS relative=/pics-sport/XCC 2026/XCC EP Champs 2026/Starred Photos/DSC_2114_result.jpg iteration=1 outcome=ok bytes=65536 timedout_delta=0 retransmitted_delta=0 reconnects_delta=0
PIC_NFS stage=first_read elapsed_ms=16 tid=140342605641408 host=DietPi.local export=/mnt/4TBS relative=/pics-sport/XCC 2026/XCC EP Champs 2026/Starred Photos/DSC_2114_result.jpg outcome=ok bytes=65536
PIC_NFS stage=rpc_read elapsed_ms=2 tid=140342605641408 host=DietPi.local export=/mnt/4TBS relative=/pics-sport/XCC 2026/XCC EP Champs 2026/Starred Photos/DSC_2114_result.jpg iteration=2 outcome=ok bytes=65536 timedout_delta=0 retransmitted_delta=0 reconnects_delta=0
PIC_NFS stage=rpc_read elapsed_ms=2 tid=140342605641408 host=DietPi.local export=/mnt/4TBS relative=/pics-sport/XCC 2026/XCC EP Champs 2026/Starred Photos/DSC_2114_result.jpg iteration=3 outcome=ok bytes=131072 timedout_delta=0 retransmitted_delta=0 reconnects_delta=0
PIC_NFS stage=rpc_read elapsed_ms=4 tid=140342605641408 host=DietPi.local export=/mnt/4TBS relative=/pics-sport/XCC 2026/XCC EP Champs 2026/Starred Photos/DSC_2114_result.jpg iteration=4 outcome=ok bytes=262144 timedout_delta=0 retransmitted_delta=0 reconnects_delta=0
PIC_NFS stage=rpc_read elapsed_ms=7 tid=140342605641408 host=DietPi.local export=/mnt/4TBS relative=/pics-sport/XCC 2026/XCC EP Champs 2026/Starred Photos/DSC_2114_result.jpg iteration=5 outcome=ok bytes=524288 timedout_delta=0 retransmitted_delta=0 reconnects_delta=0
PIC_NFS stage=rpc_read elapsed_ms=4 tid=140342605641408 host=DietPi.local export=/mnt/4TBS relative=/pics-sport/XCC 2026/XCC EP Champs 2026/Starred Photos/DSC_2114_result.jpg iteration=6 outcome=ok bytes=306565 timedout_delta=0 retransmitted_delta=0 reconnects_delta=0
PIC_NFS stage=rpc_read elapsed_ms=0 tid=140342605641408 host=DietPi.local export=/mnt/4TBS relative=/pics-sport/XCC 2026/XCC EP Champs 2026/Starred Photos/DSC_2114_result.jpg iteration=7 outcome=ok bytes=0 timedout_delta=0 retransmitted_delta=0 reconnects_delta=0
PIC_NFS stage=file_read_complete elapsed_ms=35 tid=140342605641408 host=DietPi.local export=/mnt/4TBS relative=/pics-sport/XCC 2026/XCC EP Champs 2026/Starred Photos/DSC_2114_result.jpg outcome=ok bytes=1355141 calls=7
PIC_NFS stage=read_session_lock elapsed_ms=132 tid=140342976534208 host=DietPi.local export=/mnt/4TBS relative=/pics-sport/XCC 2026/XCC EP Champs 2026/Starred Photos/DSC_0229_result.jpg outcome=acquired
PIC_NFS_CONNECT reuse host=DietPi.local export=/mnt/4TBS
PIC_NETWORK tid=ThreadId(26) PRIVATE_NFS read_done bytes=1355141 elapsed_ms=177 uri=nfs://DietPi.local/mnt/4TBS/pics-sport/XCC%202026/XCC%20EP%20Champs%202026/Starred%20Photos/DSC_2114_result.jpg
PIC_NFS stage=file_open elapsed_ms=2 tid=140342976534208 host=DietPi.local export=/mnt/4TBS relative=/pics-sport/XCC 2026/XCC EP Champs 2026/Starred Photos/DSC_0229_result.jpg outcome=ok
PIC_NETWORK tid=ThreadId(26) PRIVATE_NFS export_cache_hit host=DietPi.local count=5
PIC_NETWORK tid=ThreadId(26) PRIVATE_NFS read_start uri=nfs://DietPi.local/mnt/4TBS/pics-sport/XCC%202026/XCC%20EP%20Champs%202026/Starred%20Photos/DSC_2119_result.jpg max_bytes=134217728
PIC_NFS stage=rpc_read elapsed_ms=22 tid=140342976534208 host=DietPi.local export=/mnt/4TBS relative=/pics-sport/XCC 2026/XCC EP Champs 2026/Starred Photos/DSC_0229_result.jpg iteration=1 outcome=ok bytes=65536 timedout_delta=0 retransmitted_delta=0 reconnects_delta=0
PIC_NFS stage=first_read elapsed_ms=22 tid=140342976534208 host=DietPi.local export=/mnt/4TBS relative=/pics-sport/XCC 2026/XCC EP Champs 2026/Starred Photos/DSC_0229_result.jpg outcome=ok bytes=65536
PIC_NFS stage=rpc_read elapsed_ms=1 tid=140342976534208 host=DietPi.local export=/mnt/4TBS relative=/pics-sport/XCC 2026/XCC EP Champs 2026/Starred Photos/DSC_0229_result.jpg iteration=2 outcome=ok bytes=65536 timedout_delta=0 retransmitted_delta=0 reconnects_delta=0
PIC_NFS stage=rpc_read elapsed_ms=2 tid=140342976534208 host=DietPi.local export=/mnt/4TBS relative=/pics-sport/XCC 2026/XCC EP Champs 2026/Starred Photos/DSC_0229_result.jpg iteration=3 outcome=ok bytes=131072 timedout_delta=0 retransmitted_delta=0 reconnects_delta=0
PIC_NFS stage=rpc_read elapsed_ms=4 tid=140342976534208 host=DietPi.local export=/mnt/4TBS relative=/pics-sport/XCC 2026/XCC EP Champs 2026/Starred Photos/DSC_0229_result.jpg iteration=4 outcome=ok bytes=262144 timedout_delta=0 retransmitted_delta=0 reconnects_delta=0
PIC_NFS stage=rpc_read elapsed_ms=7 tid=140342976534208 host=DietPi.local export=/mnt/4TBS relative=/pics-sport/XCC 2026/XCC EP Champs 2026/Starred Photos/DSC_0229_result.jpg iteration=5 outcome=ok bytes=497793 timedout_delta=0 retransmitted_delta=0 reconnects_delta=0
PIC_NFS stage=rpc_read elapsed_ms=1 tid=140342976534208 host=DietPi.local export=/mnt/4TBS relative=/pics-sport/XCC 2026/XCC EP Champs 2026/Starred Photos/DSC_0229_result.jpg iteration=6 outcome=ok bytes=0 timedout_delta=0 retransmitted_delta=0 reconnects_delta=0
PIC_NFS stage=file_read_complete elapsed_ms=37 tid=140342976534208 host=DietPi.local export=/mnt/4TBS relative=/pics-sport/XCC 2026/XCC EP Champs 2026/Starred Photos/DSC_0229_result.jpg outcome=ok bytes=1022081 calls=6
PIC_NFS stage=read_session_lock elapsed_ms=123 tid=140342603540160 host=DietPi.local export=/mnt/4TBS relative=/pics-sport/XCC 2026/XCC EP Champs 2026/Starred Photos/DSC_1242_result.jpg outcome=acquired
PIC_NFS_CONNECT reuse host=DietPi.local export=/mnt/4TBS
PIC_NETWORK tid=ThreadId(25) PRIVATE_NFS read_done bytes=1022081 elapsed_ms=171 uri=nfs://DietPi.local/mnt/4TBS/pics-sport/XCC%202026/XCC%20EP%20Champs%202026/Starred%20Photos/DSC_0229_result.jpg
PIC_NFS stage=file_open elapsed_ms=2 tid=140342603540160 host=DietPi.local export=/mnt/4TBS relative=/pics-sport/XCC 2026/XCC EP Champs 2026/Starred Photos/DSC_1242_result.jpg outcome=ok
PIC_NFS stage=rpc_read elapsed_ms=2 tid=140342603540160 host=DietPi.local export=/mnt/4TBS relative=/pics-sport/XCC 2026/XCC EP Champs 2026/Starred Photos/DSC_1242_result.jpg iteration=1 outcome=ok bytes=65536 timedout_delta=0 retransmitted_delta=0 reconnects_delta=0
PIC_NFS stage=first_read elapsed_ms=2 tid=140342603540160 host=DietPi.local export=/mnt/4TBS relative=/pics-sport/XCC 2026/XCC EP Champs 2026/Starred Photos/DSC_1242_result.jpg outcome=ok bytes=65536
PIC_NFS stage=rpc_read elapsed_ms=1 tid=140342603540160 host=DietPi.local export=/mnt/4TBS relative=/pics-sport/XCC 2026/XCC EP Champs 2026/Starred Photos/DSC_1242_result.jpg iteration=2 outcome=ok bytes=65536 timedout_delta=0 retransmitted_delta=0 reconnects_delta=0
PIC_NFS stage=rpc_read elapsed_ms=2 tid=140342603540160 host=DietPi.local export=/mnt/4TBS relative=/pics-sport/XCC 2026/XCC EP Champs 2026/Starred Photos/DSC_1242_result.jpg iteration=3 outcome=ok bytes=131072 timedout_delta=0 retransmitted_delta=0 reconnects_delta=0
PIC_NFS stage=rpc_read elapsed_ms=4 tid=140342603540160 host=DietPi.local export=/mnt/4TBS relative=/pics-sport/XCC 2026/XCC EP Champs 2026/Starred Photos/DSC_1242_result.jpg iteration=4 outcome=ok bytes=262144 timedout_delta=0 retransmitted_delta=0 reconnects_delta=0
PIC_NETWORK tid=ThreadId(25) PRIVATE_NFS export_cache_hit host=DietPi.local count=5
PIC_NETWORK tid=ThreadId(25) PRIVATE_NFS read_start uri=nfs://DietPi.local/mnt/4TBS/pics-sport/XCC%202026/XCC%20EP%20Champs%202026/Starred%20Photos/DSC_0276_result.jpg max_bytes=134217728
PIC_NFS stage=rpc_read elapsed_ms=7 tid=140342603540160 host=DietPi.local export=/mnt/4TBS relative=/pics-sport/XCC 2026/XCC EP Champs 2026/Starred Photos/DSC_1242_result.jpg iteration=5 outcome=ok bytes=524288 timedout_delta=0 retransmitted_delta=0 reconnects_delta=0
PIC_NFS stage=rpc_read elapsed_ms=6 tid=140342603540160 host=DietPi.local export=/mnt/4TBS relative=/pics-sport/XCC 2026/XCC EP Champs 2026/Starred Photos/DSC_1242_result.jpg iteration=6 outcome=ok bytes=520899 timedout_delta=0 retransmitted_delta=0 reconnects_delta=0
PIC_NFS stage=rpc_read elapsed_ms=1 tid=140342603540160 host=DietPi.local export=/mnt/4TBS relative=/pics-sport/XCC 2026/XCC EP Champs 2026/Starred Photos/DSC_1242_result.jpg iteration=7 outcome=ok bytes=0 timedout_delta=0 retransmitted_delta=0 reconnects_delta=0
PIC_NFS stage=file_read_complete elapsed_ms=23 tid=140342603540160 host=DietPi.local export=/mnt/4TBS relative=/pics-sport/XCC 2026/XCC EP Champs 2026/Starred Photos/DSC_1242_result.jpg outcome=ok bytes=1569475 calls=7
PIC_NFS stage=read_session_lock elapsed_ms=87 tid=140342978635456 host=DietPi.local export=/mnt/4TBS relative=/pics-sport/XCC 2026/XCC EP Champs 2026/Starred Photos/DSC_0880_result.jpg outcome=acquired
PIC_NFS_CONNECT reuse host=DietPi.local export=/mnt/4TBS
PIC_NETWORK tid=ThreadId(27) PRIVATE_NFS read_done bytes=1569475 elapsed_ms=147 uri=nfs://DietPi.local/mnt/4TBS/pics-sport/XCC%202026/XCC%20EP%20Champs%202026/Starred%20Photos/DSC_1242_result.jpg
PIC_NFS stage=file_open elapsed_ms=2 tid=140342978635456 host=DietPi.local export=/mnt/4TBS relative=/pics-sport/XCC 2026/XCC EP Champs 2026/Starred Photos/DSC_0880_result.jpg outcome=ok
PIC_NETWORK tid=ThreadId(27) PRIVATE_NFS export_cache_hit host=DietPi.local count=5
PIC_NETWORK tid=ThreadId(27) PRIVATE_NFS read_start uri=nfs://DietPi.local/mnt/4TBS/pics-sport/XCC%202026/XCC%20EP%20Champs%202026/Starred%20Photos/DSC_1486_result.jpg max_bytes=134217728
PIC_NFS stage=rpc_read elapsed_ms=14 tid=140342978635456 host=DietPi.local export=/mnt/4TBS relative=/pics-sport/XCC 2026/XCC EP Champs 2026/Starred Photos/DSC_0880_result.jpg iteration=1 outcome=ok bytes=65536 timedout_delta=0 retransmitted_delta=0 reconnects_delta=0
PIC_NFS stage=first_read elapsed_ms=14 tid=140342978635456 host=DietPi.local export=/mnt/4TBS relative=/pics-sport/XCC 2026/XCC EP Champs 2026/Starred Photos/DSC_0880_result.jpg outcome=ok bytes=65536
PIC_NFS stage=rpc_read elapsed_ms=1 tid=140342978635456 host=DietPi.local export=/mnt/4TBS relative=/pics-sport/XCC 2026/XCC EP Champs 2026/Starred Photos/DSC_0880_result.jpg iteration=2 outcome=ok bytes=65536 timedout_delta=0 retransmitted_delta=0 reconnects_delta=0
PIC_NFS stage=rpc_read elapsed_ms=2 tid=140342978635456 host=DietPi.local export=/mnt/4TBS relative=/pics-sport/XCC 2026/XCC EP Champs 2026/Starred Photos/DSC_0880_result.jpg iteration=3 outcome=ok bytes=131072 timedout_delta=0 retransmitted_delta=0 reconnects_delta=0
PIC_NFS stage=rpc_read elapsed_ms=4 tid=140342978635456 host=DietPi.local export=/mnt/4TBS relative=/pics-sport/XCC 2026/XCC EP Champs 2026/Starred Photos/DSC_0880_result.jpg iteration=4 outcome=ok bytes=262144 timedout_delta=0 retransmitted_delta=0 reconnects_delta=0
PIC_NFS stage=rpc_read elapsed_ms=7 tid=140342978635456 host=DietPi.local export=/mnt/4TBS relative=/pics-sport/XCC 2026/XCC EP Champs 2026/Starred Photos/DSC_0880_result.jpg iteration=5 outcome=ok bytes=524288 timedout_delta=0 retransmitted_delta=0 reconnects_delta=0
PIC_NFS stage=rpc_read elapsed_ms=3 tid=140342978635456 host=DietPi.local export=/mnt/4TBS relative=/pics-sport/XCC 2026/XCC EP Champs 2026/Starred Photos/DSC_0880_result.jpg iteration=6 outcome=ok bytes=165338 timedout_delta=0 retransmitted_delta=0 reconnects_delta=0
PIC_NFS stage=rpc_read elapsed_ms=0 tid=140342978635456 host=DietPi.local export=/mnt/4TBS relative=/pics-sport/XCC 2026/XCC EP Champs 2026/Starred Photos/DSC_0880_result.jpg iteration=7 outcome=ok bytes=0 timedout_delta=0 retransmitted_delta=0 reconnects_delta=0
PIC_NFS stage=file_read_complete elapsed_ms=31 tid=140342978635456 host=DietPi.local export=/mnt/4TBS relative=/pics-sport/XCC 2026/XCC EP Champs 2026/Starred Photos/DSC_0880_result.jpg outcome=ok bytes=1213914 calls=7
PIC_NFS stage=read_session_lock elapsed_ms=82 tid=140342605641408 host=DietPi.local export=/mnt/4TBS relative=/pics-sport/XCC 2026/XCC EP Champs 2026/Starred Photos/DSC_2119_result.jpg outcome=acquired
PIC_NFS_CONNECT reuse host=DietPi.local export=/mnt/4TBS
PIC_NETWORK tid=ThreadId(24) PRIVATE_NFS read_done bytes=1213914 elapsed_ms=119 uri=nfs://DietPi.local/mnt/4TBS/pics-sport/XCC%202026/XCC%20EP%20Champs%202026/Starred%20Photos/DSC_0880_result.jpg
PIC_NFS stage=file_open elapsed_ms=2 tid=140342605641408 host=DietPi.local export=/mnt/4TBS relative=/pics-sport/XCC 2026/XCC EP Champs 2026/Starred Photos/DSC_2119_result.jpg outcome=ok
PIC_NETWORK tid=ThreadId(24) PRIVATE_NFS export_cache_hit host=DietPi.local count=5
PIC_NETWORK tid=ThreadId(24) PRIVATE_NFS read_start uri=nfs://DietPi.local/mnt/4TBS/pics-sport/XCC%202026/XCC%20EP%20Champs%202026/Starred%20Photos/DSC_0886_result.jpg max_bytes=134217728
PIC_NFS stage=rpc_read elapsed_ms=17 tid=140342605641408 host=DietPi.local export=/mnt/4TBS relative=/pics-sport/XCC 2026/XCC EP Champs 2026/Starred Photos/DSC_2119_result.jpg iteration=1 outcome=ok bytes=65536 timedout_delta=0 retransmitted_delta=0 reconnects_delta=0
PIC_NFS stage=first_read elapsed_ms=17 tid=140342605641408 host=DietPi.local export=/mnt/4TBS relative=/pics-sport/XCC 2026/XCC EP Champs 2026/Starred Photos/DSC_2119_result.jpg outcome=ok bytes=65536
PIC_NFS stage=rpc_read elapsed_ms=2 tid=140342605641408 host=DietPi.local export=/mnt/4TBS relative=/pics-sport/XCC 2026/XCC EP Champs 2026/Starred Photos/DSC_2119_result.jpg iteration=2 outcome=ok bytes=65536 timedout_delta=0 retransmitted_delta=0 reconnects_delta=0
PIC_NFS stage=rpc_read elapsed_ms=2 tid=140342605641408 host=DietPi.local export=/mnt/4TBS relative=/pics-sport/XCC 2026/XCC EP Champs 2026/Starred Photos/DSC_2119_result.jpg iteration=3 outcome=ok bytes=131072 timedout_delta=0 retransmitted_delta=0 reconnects_delta=0
PIC_NFS stage=rpc_read elapsed_ms=4 tid=140342605641408 host=DietPi.local export=/mnt/4TBS relative=/pics-sport/XCC 2026/XCC EP Champs 2026/Starred Photos/DSC_2119_result.jpg iteration=4 outcome=ok bytes=262144 timedout_delta=0 retransmitted_delta=0 reconnects_delta=0
PIC_NFS stage=rpc_read elapsed_ms=7 tid=140342605641408 host=DietPi.local export=/mnt/4TBS relative=/pics-sport/XCC 2026/XCC EP Champs 2026/Starred Photos/DSC_2119_result.jpg iteration=5 outcome=ok bytes=524288 timedout_delta=0 retransmitted_delta=0 reconnects_delta=0
PIC_NFS stage=rpc_read elapsed_ms=5 tid=140342605641408 host=DietPi.local export=/mnt/4TBS relative=/pics-sport/XCC 2026/XCC EP Champs 2026/Starred Photos/DSC_2119_result.jpg iteration=6 outcome=ok bytes=390130 timedout_delta=0 retransmitted_delta=0 reconnects_delta=0
PIC_NFS stage=rpc_read elapsed_ms=1 tid=140342605641408 host=DietPi.local export=/mnt/4TBS relative=/pics-sport/XCC 2026/XCC EP Champs 2026/Starred Photos/DSC_2119_result.jpg iteration=7 outcome=ok bytes=0 timedout_delta=0 retransmitted_delta=0 reconnects_delta=0
PIC_NFS stage=file_read_complete elapsed_ms=38 tid=140342605641408 host=DietPi.local export=/mnt/4TBS relative=/pics-sport/XCC 2026/XCC EP Champs 2026/Starred Photos/DSC_2119_result.jpg outcome=ok bytes=1438706 calls=7
PIC_NFS stage=read_session_lock elapsed_ms=85 tid=140342976534208 host=DietPi.local export=/mnt/4TBS relative=/pics-sport/XCC 2026/XCC EP Champs 2026/Starred Photos/DSC_0276_result.jpg outcome=acquired
PIC_NFS_CONNECT reuse host=DietPi.local export=/mnt/4TBS
PIC_NETWORK tid=ThreadId(26) PRIVATE_NFS read_done bytes=1438706 elapsed_ms=122 uri=nfs://DietPi.local/mnt/4TBS/pics-sport/XCC%202026/XCC%20EP%20Champs%202026/Starred%20Photos/DSC_2119_result.jpg
PIC_NFS stage=file_open elapsed_ms=2 tid=140342976534208 host=DietPi.local export=/mnt/4TBS relative=/pics-sport/XCC 2026/XCC EP Champs 2026/Starred Photos/DSC_0276_result.jpg outcome=ok
PIC_NFS stage=rpc_read elapsed_ms=2 tid=140342976534208 host=DietPi.local export=/mnt/4TBS relative=/pics-sport/XCC 2026/XCC EP Champs 2026/Starred Photos/DSC_0276_result.jpg iteration=1 outcome=ok bytes=65536 timedout_delta=0 retransmitted_delta=0 reconnects_delta=0
PIC_NFS stage=first_read elapsed_ms=2 tid=140342976534208 host=DietPi.local export=/mnt/4TBS relative=/pics-sport/XCC 2026/XCC EP Champs 2026/Starred Photos/DSC_0276_result.jpg outcome=ok bytes=65536
PIC_NFS stage=rpc_read elapsed_ms=1 tid=140342976534208 host=DietPi.local export=/mnt/4TBS relative=/pics-sport/XCC 2026/XCC EP Champs 2026/Starred Photos/DSC_0276_result.jpg iteration=2 outcome=ok bytes=65536 timedout_delta=0 retransmitted_delta=0 reconnects_delta=0
PIC_NFS stage=rpc_read elapsed_ms=2 tid=140342976534208 host=DietPi.local export=/mnt/4TBS relative=/pics-sport/XCC 2026/XCC EP Champs 2026/Starred Photos/DSC_0276_result.jpg iteration=3 outcome=ok bytes=131072 timedout_delta=0 retransmitted_delta=0 reconnects_delta=0
PIC_NFS stage=rpc_read elapsed_ms=4 tid=140342976534208 host=DietPi.local export=/mnt/4TBS relative=/pics-sport/XCC 2026/XCC EP Champs 2026/Starred Photos/DSC_0276_result.jpg iteration=4 outcome=ok bytes=262144 timedout_delta=0 retransmitted_delta=0 reconnects_delta=0
PIC_NETWORK tid=ThreadId(26) PRIVATE_NFS export_cache_hit host=DietPi.local count=5
PIC_NETWORK tid=ThreadId(26) PRIVATE_NFS read_start uri=nfs://DietPi.local/mnt/4TBS/pics-sport/XCC%202026/XCC%20EP%20Champs%202026/Starred%20Photos/DSC_2130_result.jpg max_bytes=134217728
PIC_NFS stage=rpc_read elapsed_ms=7 tid=140342976534208 host=DietPi.local export=/mnt/4TBS relative=/pics-sport/XCC 2026/XCC EP Champs 2026/Starred Photos/DSC_0276_result.jpg iteration=5 outcome=ok bytes=524288 timedout_delta=0 retransmitted_delta=0 reconnects_delta=0
PIC_NFS stage=rpc_read elapsed_ms=6 tid=140342976534208 host=DietPi.local export=/mnt/4TBS relative=/pics-sport/XCC 2026/XCC EP Champs 2026/Starred Photos/DSC_0276_result.jpg iteration=6 outcome=ok bytes=484468 timedout_delta=0 retransmitted_delta=0 reconnects_delta=0
PIC_NFS stage=rpc_read elapsed_ms=1 tid=140342976534208 host=DietPi.local export=/mnt/4TBS relative=/pics-sport/XCC 2026/XCC EP Champs 2026/Starred Photos/DSC_0276_result.jpg iteration=7 outcome=ok bytes=0 timedout_delta=0 retransmitted_delta=0 reconnects_delta=0
PIC_NFS stage=file_read_complete elapsed_ms=23 tid=140342976534208 host=DietPi.local export=/mnt/4TBS relative=/pics-sport/XCC 2026/XCC EP Champs 2026/Starred Photos/DSC_0276_result.jpg outcome=ok bytes=1533044 calls=7
PIC_NFS stage=read_session_lock elapsed_ms=82 tid=140342603540160 host=DietPi.local export=/mnt/4TBS relative=/pics-sport/XCC 2026/XCC EP Champs 2026/Starred Photos/DSC_1486_result.jpg outcome=acquired
PIC_NFS_CONNECT reuse host=DietPi.local export=/mnt/4TBS
PIC_NETWORK tid=ThreadId(25) PRIVATE_NFS read_done bytes=1533044 elapsed_ms=109 uri=nfs://DietPi.local/mnt/4TBS/pics-sport/XCC%202026/XCC%20EP%20Champs%202026/Starred%20Photos/DSC_0276_result.jpg
PIC_NFS stage=file_open elapsed_ms=1 tid=140342603540160 host=DietPi.local export=/mnt/4TBS relative=/pics-sport/XCC 2026/XCC EP Champs 2026/Starred Photos/DSC_1486_result.jpg outcome=ok
PIC_NETWORK tid=ThreadId(25) PRIVATE_NFS export_cache_hit host=DietPi.local count=5
PIC_NETWORK tid=ThreadId(25) PRIVATE_NFS read_start uri=nfs://DietPi.local/mnt/4TBS/pics-sport/XCC%202026/XCC%20EP%20Champs%202026/Starred%20Photos/DSC_0372_result.jpg max_bytes=134217728
PIC_NFS stage=rpc_read elapsed_ms=21 tid=140342603540160 host=DietPi.local export=/mnt/4TBS relative=/pics-sport/XCC 2026/XCC EP Champs 2026/Starred Photos/DSC_1486_result.jpg iteration=1 outcome=ok bytes=65536 timedout_delta=0 retransmitted_delta=0 reconnects_delta=0
PIC_NFS stage=first_read elapsed_ms=21 tid=140342603540160 host=DietPi.local export=/mnt/4TBS relative=/pics-sport/XCC 2026/XCC EP Champs 2026/Starred Photos/DSC_1486_result.jpg outcome=ok bytes=65536
PIC_NFS stage=rpc_read elapsed_ms=2 tid=140342603540160 host=DietPi.local export=/mnt/4TBS relative=/pics-sport/XCC 2026/XCC EP Champs 2026/Starred Photos/DSC_1486_result.jpg iteration=2 outcome=ok bytes=65536 timedout_delta=0 retransmitted_delta=0 reconnects_delta=0
PIC_NFS stage=rpc_read elapsed_ms=2 tid=140342603540160 host=DietPi.local export=/mnt/4TBS relative=/pics-sport/XCC 2026/XCC EP Champs 2026/Starred Photos/DSC_1486_result.jpg iteration=3 outcome=ok bytes=131072 timedout_delta=0 retransmitted_delta=0 reconnects_delta=0
PIC_NFS stage=rpc_read elapsed_ms=3 tid=140342603540160 host=DietPi.local export=/mnt/4TBS relative=/pics-sport/XCC 2026/XCC EP Champs 2026/Starred Photos/DSC_1486_result.jpg iteration=4 outcome=ok bytes=262144 timedout_delta=0 retransmitted_delta=0 reconnects_delta=0
PIC_NFS stage=rpc_read elapsed_ms=8 tid=140342603540160 host=DietPi.local export=/mnt/4TBS relative=/pics-sport/XCC 2026/XCC EP Champs 2026/Starred Photos/DSC_1486_result.jpg iteration=5 outcome=ok bytes=524288 timedout_delta=0 retransmitted_delta=0 reconnects_delta=0
PIC_NFS stage=rpc_read elapsed_ms=6 tid=140342603540160 host=DietPi.local export=/mnt/4TBS relative=/pics-sport/XCC 2026/XCC EP Champs 2026/Starred Photos/DSC_1486_result.jpg iteration=6 outcome=ok bytes=552829 timedout_delta=0 retransmitted_delta=0 reconnects_delta=0
PIC_NFS stage=rpc_read elapsed_ms=1 tid=140342603540160 host=DietPi.local export=/mnt/4TBS relative=/pics-sport/XCC 2026/XCC EP Champs 2026/Starred Photos/DSC_1486_result.jpg iteration=7 outcome=ok bytes=0 timedout_delta=0 retransmitted_delta=0 reconnects_delta=0
PIC_NFS stage=file_read_complete elapsed_ms=43 tid=140342603540160 host=DietPi.local export=/mnt/4TBS relative=/pics-sport/XCC 2026/XCC EP Champs 2026/Starred Photos/DSC_1486_result.jpg outcome=ok bytes=1601405 calls=7
PIC_NFS stage=read_session_lock elapsed_ms=95 tid=140342978635456 host=DietPi.local export=/mnt/4TBS relative=/pics-sport/XCC 2026/XCC EP Champs 2026/Starred Photos/DSC_0886_result.jpg outcome=acquired
PIC_NFS_CONNECT reuse host=DietPi.local export=/mnt/4TBS
PIC_NETWORK tid=ThreadId(27) PRIVATE_NFS read_done bytes=1601405 elapsed_ms=125 uri=nfs://DietPi.local/mnt/4TBS/pics-sport/XCC%202026/XCC%20EP%20Champs%202026/Starred%20Photos/DSC_1486_result.jpg
PIC_NFS stage=file_open elapsed_ms=2 tid=140342978635456 host=DietPi.local export=/mnt/4TBS relative=/pics-sport/XCC 2026/XCC EP Champs 2026/Starred Photos/DSC_0886_result.jpg outcome=ok
PIC_NETWORK tid=ThreadId(27) PRIVATE_NFS export_cache_hit host=DietPi.local count=5
PIC_NETWORK tid=ThreadId(27) PRIVATE_NFS read_start uri=nfs://DietPi.local/mnt/4TBS/pics-sport/XCC%202026/XCC%20EP%20Champs%202026/Starred%20Photos/DSC_1492_result.jpg max_bytes=134217728
PIC_NFS stage=rpc_read elapsed_ms=23 tid=140342978635456 host=DietPi.local export=/mnt/4TBS relative=/pics-sport/XCC 2026/XCC EP Champs 2026/Starred Photos/DSC_0886_result.jpg iteration=1 outcome=ok bytes=65536 timedout_delta=0 retransmitted_delta=0 reconnects_delta=0
PIC_NFS stage=first_read elapsed_ms=23 tid=140342978635456 host=DietPi.local export=/mnt/4TBS relative=/pics-sport/XCC 2026/XCC EP Champs 2026/Starred Photos/DSC_0886_result.jpg outcome=ok bytes=65536
PIC_NFS stage=rpc_read elapsed_ms=1 tid=140342978635456 host=DietPi.local export=/mnt/4TBS relative=/pics-sport/XCC 2026/XCC EP Champs 2026/Starred Photos/DSC_0886_result.jpg iteration=2 outcome=ok bytes=65536 timedout_delta=0 retransmitted_delta=0 reconnects_delta=0
PIC_NFS stage=rpc_read elapsed_ms=2 tid=140342978635456 host=DietPi.local export=/mnt/4TBS relative=/pics-sport/XCC 2026/XCC EP Champs 2026/Starred Photos/DSC_0886_result.jpg iteration=3 outcome=ok bytes=131072 timedout_delta=0 retransmitted_delta=0 reconnects_delta=0
PIC_NFS stage=rpc_read elapsed_ms=5 tid=140342978635456 host=DietPi.local export=/mnt/4TBS relative=/pics-sport/XCC 2026/XCC EP Champs 2026/Starred Photos/DSC_0886_result.jpg iteration=4 outcome=ok bytes=262144 timedout_delta=0 retransmitted_delta=0 reconnects_delta=0
PIC_NFS stage=rpc_read elapsed_ms=7 tid=140342978635456 host=DietPi.local export=/mnt/4TBS relative=/pics-sport/XCC 2026/XCC EP Champs 2026/Starred Photos/DSC_0886_result.jpg iteration=5 outcome=ok bytes=524288 timedout_delta=0 retransmitted_delta=0 reconnects_delta=0
PIC_NFS stage=rpc_read elapsed_ms=4 tid=140342978635456 host=DietPi.local export=/mnt/4TBS relative=/pics-sport/XCC 2026/XCC EP Champs 2026/Starred Photos/DSC_0886_result.jpg iteration=6 outcome=ok bytes=246912 timedout_delta=0 retransmitted_delta=0 reconnects_delta=0
PIC_NFS stage=rpc_read elapsed_ms=0 tid=140342978635456 host=DietPi.local export=/mnt/4TBS relative=/pics-sport/XCC 2026/XCC EP Champs 2026/Starred Photos/DSC_0886_result.jpg iteration=7 outcome=ok bytes=0 timedout_delta=0 retransmitted_delta=0 reconnects_delta=0
PIC_NFS stage=file_read_complete elapsed_ms=42 tid=140342978635456 host=DietPi.local export=/mnt/4TBS relative=/pics-sport/XCC 2026/XCC EP Champs 2026/Starred Photos/DSC_0886_result.jpg outcome=ok bytes=1295488 calls=7
PIC_NFS stage=read_session_lock elapsed_ms=98 tid=140342605641408 host=DietPi.local export=/mnt/4TBS relative=/pics-sport/XCC 2026/XCC EP Champs 2026/Starred Photos/DSC_2130_result.jpg outcome=acquired
PIC_NFS_CONNECT reuse host=DietPi.local export=/mnt/4TBS
PIC_NETWORK tid=ThreadId(24) PRIVATE_NFS read_done bytes=1295488 elapsed_ms=138 uri=nfs://DietPi.local/mnt/4TBS/pics-sport/XCC%202026/XCC%20EP%20Champs%202026/Starred%20Photos/DSC_0886_result.jpg
PIC_NFS stage=file_open elapsed_ms=2 tid=140342605641408 host=DietPi.local export=/mnt/4TBS relative=/pics-sport/XCC 2026/XCC EP Champs 2026/Starred Photos/DSC_2130_result.jpg outcome=ok
PIC_NFS stage=rpc_read elapsed_ms=2 tid=140342605641408 host=DietPi.local export=/mnt/4TBS relative=/pics-sport/XCC 2026/XCC EP Champs 2026/Starred Photos/DSC_2130_result.jpg iteration=1 outcome=ok bytes=65536 timedout_delta=0 retransmitted_delta=0 reconnects_delta=0
PIC_NFS stage=first_read elapsed_ms=2 tid=140342605641408 host=DietPi.local export=/mnt/4TBS relative=/pics-sport/XCC 2026/XCC EP Champs 2026/Starred Photos/DSC_2130_result.jpg outcome=ok bytes=65536
PIC_NFS stage=rpc_read elapsed_ms=1 tid=140342605641408 host=DietPi.local export=/mnt/4TBS relative=/pics-sport/XCC 2026/XCC EP Champs 2026/Starred Photos/DSC_2130_result.jpg iteration=2 outcome=ok bytes=65536 timedout_delta=0 retransmitted_delta=0 reconnects_delta=0
PIC_NFS stage=rpc_read elapsed_ms=2 tid=140342605641408 host=DietPi.local export=/mnt/4TBS relative=/pics-sport/XCC 2026/XCC EP Champs 2026/Starred Photos/DSC_2130_result.jpg iteration=3 outcome=ok bytes=131072 timedout_delta=0 retransmitted_delta=0 reconnects_delta=0
PIC_NFS stage=rpc_read elapsed_ms=4 tid=140342605641408 host=DietPi.local export=/mnt/4TBS relative=/pics-sport/XCC 2026/XCC EP Champs 2026/Starred Photos/DSC_2130_result.jpg iteration=4 outcome=ok bytes=262144 timedout_delta=0 retransmitted_delta=0 reconnects_delta=0
PIC_NETWORK tid=ThreadId(24) PRIVATE_NFS export_cache_hit host=DietPi.local count=5
PIC_NETWORK tid=ThreadId(24) PRIVATE_NFS read_start uri=nfs://DietPi.local/mnt/4TBS/pics-sport/XCC%202026/XCC%20EP%20Champs%202026/Starred%20Photos/DSC_0897_result.jpg max_bytes=134217728
PIC_NFS stage=rpc_read elapsed_ms=7 tid=140342605641408 host=DietPi.local export=/mnt/4TBS relative=/pics-sport/XCC 2026/XCC EP Champs 2026/Starred Photos/DSC_2130_result.jpg iteration=5 outcome=ok bytes=524288 timedout_delta=0 retransmitted_delta=0 reconnects_delta=0
PIC_NFS stage=rpc_read elapsed_ms=13 tid=140342605641408 host=DietPi.local export=/mnt/4TBS relative=/pics-sport/XCC 2026/XCC EP Champs 2026/Starred Photos/DSC_2130_result.jpg iteration=6 outcome=ok bytes=1048576 timedout_delta=0 retransmitted_delta=0 reconnects_delta=0
PIC_NFS stage=rpc_read elapsed_ms=2 tid=140342605641408 host=DietPi.local export=/mnt/4TBS relative=/pics-sport/XCC 2026/XCC EP Champs 2026/Starred Photos/DSC_2130_result.jpg iteration=7 outcome=ok bytes=85331 timedout_delta=0 retransmitted_delta=0 reconnects_delta=0
PIC_NFS stage=rpc_read elapsed_ms=0 tid=140342605641408 host=DietPi.local export=/mnt/4TBS relative=/pics-sport/XCC 2026/XCC EP Champs 2026/Starred Photos/DSC_2130_result.jpg iteration=8 outcome=ok bytes=0 timedout_delta=0 retransmitted_delta=0 reconnects_delta=0
PIC_NFS stage=file_read_complete elapsed_ms=31 tid=140342605641408 host=DietPi.local export=/mnt/4TBS relative=/pics-sport/XCC 2026/XCC EP Champs 2026/Starred Photos/DSC_2130_result.jpg outcome=ok bytes=2182483 calls=8
PIC_NFS stage=read_session_lock elapsed_ms=105 tid=140342976534208 host=DietPi.local export=/mnt/4TBS relative=/pics-sport/XCC 2026/XCC EP Champs 2026/Starred Photos/DSC_0372_result.jpg outcome=acquired
PIC_NFS_CONNECT reuse host=DietPi.local export=/mnt/4TBS
PIC_NETWORK tid=ThreadId(26) PRIVATE_NFS read_done bytes=2182483 elapsed_ms=132 uri=nfs://DietPi.local/mnt/4TBS/pics-sport/XCC%202026/XCC%20EP%20Champs%202026/Starred%20Photos/DSC_2130_result.jpg
PIC_NFS stage=file_open elapsed_ms=2 tid=140342976534208 host=DietPi.local export=/mnt/4TBS relative=/pics-sport/XCC 2026/XCC EP Champs 2026/Starred Photos/DSC_0372_result.jpg outcome=ok
PIC_NETWORK tid=ThreadId(26) PRIVATE_NFS export_cache_hit host=DietPi.local count=5
PIC_NETWORK tid=ThreadId(26) PRIVATE_NFS read_start uri=nfs://DietPi.local/mnt/4TBS/pics-sport/XCC%202026/XCC%20EP%20Champs%202026/Starred%20Photos/DSC_2188_result.jpg max_bytes=134217728
PIC_NFS stage=rpc_read elapsed_ms=54 tid=140342976534208 host=DietPi.local export=/mnt/4TBS relative=/pics-sport/XCC 2026/XCC EP Champs 2026/Starred Photos/DSC_0372_result.jpg iteration=1 outcome=ok bytes=65536 timedout_delta=0 retransmitted_delta=0 reconnects_delta=0
PIC_NFS stage=first_read elapsed_ms=54 tid=140342976534208 host=DietPi.local export=/mnt/4TBS relative=/pics-sport/XCC 2026/XCC EP Champs 2026/Starred Photos/DSC_0372_result.jpg outcome=ok bytes=65536
PIC_NFS stage=rpc_read elapsed_ms=2 tid=140342976534208 host=DietPi.local export=/mnt/4TBS relative=/pics-sport/XCC 2026/XCC EP Champs 2026/Starred Photos/DSC_0372_result.jpg iteration=2 outcome=ok bytes=65536 timedout_delta=0 retransmitted_delta=0 reconnects_delta=0
PIC_NFS stage=rpc_read elapsed_ms=2 tid=140342976534208 host=DietPi.local export=/mnt/4TBS relative=/pics-sport/XCC 2026/XCC EP Champs 2026/Starred Photos/DSC_0372_result.jpg iteration=3 outcome=ok bytes=131072 timedout_delta=0 retransmitted_delta=0 reconnects_delta=0
PIC_NFS stage=rpc_read elapsed_ms=4 tid=140342976534208 host=DietPi.local export=/mnt/4TBS relative=/pics-sport/XCC 2026/XCC EP Champs 2026/Starred Photos/DSC_0372_result.jpg iteration=4 outcome=ok bytes=262144 timedout_delta=0 retransmitted_delta=0 reconnects_delta=0
PIC_NFS stage=rpc_read elapsed_ms=7 tid=140342976534208 host=DietPi.local export=/mnt/4TBS relative=/pics-sport/XCC 2026/XCC EP Champs 2026/Starred Photos/DSC_0372_result.jpg iteration=5 outcome=ok bytes=483652 timedout_delta=0 retransmitted_delta=0 reconnects_delta=0
PIC_NFS stage=rpc_read elapsed_ms=0 tid=140342976534208 host=DietPi.local export=/mnt/4TBS relative=/pics-sport/XCC 2026/XCC EP Champs 2026/Starred Photos/DSC_0372_result.jpg iteration=6 outcome=ok bytes=0 timedout_delta=0 retransmitted_delta=0 reconnects_delta=0
PIC_NFS stage=file_read_complete elapsed_ms=69 tid=140342976534208 host=DietPi.local export=/mnt/4TBS relative=/pics-sport/XCC 2026/XCC EP Champs 2026/Starred Photos/DSC_0372_result.jpg outcome=ok bytes=1007940 calls=6
PIC_NFS stage=read_session_lock elapsed_ms=131 tid=140342603540160 host=DietPi.local export=/mnt/4TBS relative=/pics-sport/XCC 2026/XCC EP Champs 2026/Starred Photos/DSC_1492_result.jpg outcome=acquired
PIC_NFS_CONNECT reuse host=DietPi.local export=/mnt/4TBS
PIC_NETWORK tid=ThreadId(25) PRIVATE_NFS read_done bytes=1007940 elapsed_ms=176 uri=nfs://DietPi.local/mnt/4TBS/pics-sport/XCC%202026/XCC%20EP%20Champs%202026/Starred%20Photos/DSC_0372_result.jpg
PIC_NFS stage=file_open elapsed_ms=3 tid=140342603540160 host=DietPi.local export=/mnt/4TBS relative=/pics-sport/XCC 2026/XCC EP Champs 2026/Starred Photos/DSC_1492_result.jpg outcome=ok
PIC_NETWORK tid=ThreadId(25) PRIVATE_NFS export_cache_hit host=DietPi.local count=5
PIC_NETWORK tid=ThreadId(25) PRIVATE_NFS read_start uri=nfs://DietPi.local/mnt/4TBS/pics-sport/XCC%202026/XCC%20EP%20Champs%202026/Starred%20Photos/DSC_0399_result.jpg max_bytes=134217728
PIC_NFS stage=rpc_read elapsed_ms=24 tid=140342603540160 host=DietPi.local export=/mnt/4TBS relative=/pics-sport/XCC 2026/XCC EP Champs 2026/Starred Photos/DSC_1492_result.jpg iteration=1 outcome=ok bytes=65536 timedout_delta=0 retransmitted_delta=0 reconnects_delta=0
PIC_NFS stage=first_read elapsed_ms=24 tid=140342603540160 host=DietPi.local export=/mnt/4TBS relative=/pics-sport/XCC 2026/XCC EP Champs 2026/Starred Photos/DSC_1492_result.jpg outcome=ok bytes=65536
PIC_NFS stage=rpc_read elapsed_ms=1 tid=140342603540160 host=DietPi.local export=/mnt/4TBS relative=/pics-sport/XCC 2026/XCC EP Champs 2026/Starred Photos/DSC_1492_result.jpg iteration=2 outcome=ok bytes=65536 timedout_delta=0 retransmitted_delta=0 reconnects_delta=0
PIC_NFS stage=rpc_read elapsed_ms=3 tid=140342603540160 host=DietPi.local export=/mnt/4TBS relative=/pics-sport/XCC 2026/XCC EP Champs 2026/Starred Photos/DSC_1492_result.jpg iteration=3 outcome=ok bytes=131072 timedout_delta=0 retransmitted_delta=0 reconnects_delta=0
PIC_NFS stage=rpc_read elapsed_ms=4 tid=140342603540160 host=DietPi.local export=/mnt/4TBS relative=/pics-sport/XCC 2026/XCC EP Champs 2026/Starred Photos/DSC_1492_result.jpg iteration=4 outcome=ok bytes=262144 timedout_delta=0 retransmitted_delta=0 reconnects_delta=0
PIC_NFS stage=rpc_read elapsed_ms=7 tid=140342603540160 host=DietPi.local export=/mnt/4TBS relative=/pics-sport/XCC 2026/XCC EP Champs 2026/Starred Photos/DSC_1492_result.jpg iteration=5 outcome=ok bytes=524288 timedout_delta=0 retransmitted_delta=0 reconnects_delta=0
PIC_NFS stage=rpc_read elapsed_ms=6 tid=140342603540160 host=DietPi.local export=/mnt/4TBS relative=/pics-sport/XCC 2026/XCC EP Champs 2026/Starred Photos/DSC_1492_result.jpg iteration=6 outcome=ok bytes=408669 timedout_delta=0 retransmitted_delta=0 reconnects_delta=0
PIC_NFS stage=rpc_read elapsed_ms=0 tid=140342603540160 host=DietPi.local export=/mnt/4TBS relative=/pics-sport/XCC 2026/XCC EP Champs 2026/Starred Photos/DSC_1492_result.jpg iteration=7 outcome=ok bytes=0 timedout_delta=0 retransmitted_delta=0 reconnects_delta=0
PIC_NFS stage=file_read_complete elapsed_ms=45 tid=140342603540160 host=DietPi.local export=/mnt/4TBS relative=/pics-sport/XCC 2026/XCC EP Champs 2026/Starred Photos/DSC_1492_result.jpg outcome=ok bytes=1457245 calls=7
PIC_NFS stage=read_session_lock elapsed_ms=136 tid=140342978635456 host=DietPi.local export=/mnt/4TBS relative=/pics-sport/XCC 2026/XCC EP Champs 2026/Starred Photos/DSC_0897_result.jpg outcome=acquired
PIC_NFS_CONNECT reuse host=DietPi.local export=/mnt/4TBS
PIC_NETWORK tid=ThreadId(27) PRIVATE_NFS read_done bytes=1457245 elapsed_ms=179 uri=nfs://DietPi.local/mnt/4TBS/pics-sport/XCC%202026/XCC%20EP%20Champs%202026/Starred%20Photos/DSC_1492_result.jpg
PIC_NFS stage=file_open elapsed_ms=2 tid=140342978635456 host=DietPi.local export=/mnt/4TBS relative=/pics-sport/XCC 2026/XCC EP Champs 2026/Starred Photos/DSC_0897_result.jpg outcome=ok
PIC_NFS stage=rpc_read elapsed_ms=2 tid=140342978635456 host=DietPi.local export=/mnt/4TBS relative=/pics-sport/XCC 2026/XCC EP Champs 2026/Starred Photos/DSC_0897_result.jpg iteration=1 outcome=ok bytes=65536 timedout_delta=0 retransmitted_delta=0 reconnects_delta=0
PIC_NFS stage=first_read elapsed_ms=2 tid=140342978635456 host=DietPi.local export=/mnt/4TBS relative=/pics-sport/XCC 2026/XCC EP Champs 2026/Starred Photos/DSC_0897_result.jpg outcome=ok bytes=65536
PIC_NFS stage=rpc_read elapsed_ms=2 tid=140342978635456 host=DietPi.local export=/mnt/4TBS relative=/pics-sport/XCC 2026/XCC EP Champs 2026/Starred Photos/DSC_0897_result.jpg iteration=2 outcome=ok bytes=65536 timedout_delta=0 retransmitted_delta=0 reconnects_delta=0
PIC_NFS stage=rpc_read elapsed_ms=2 tid=140342978635456 host=DietPi.local export=/mnt/4TBS relative=/pics-sport/XCC 2026/XCC EP Champs 2026/Starred Photos/DSC_0897_result.jpg iteration=3 outcome=ok bytes=131072 timedout_delta=0 retransmitted_delta=0 reconnects_delta=0
PIC_NFS stage=rpc_read elapsed_ms=3 tid=140342978635456 host=DietPi.local export=/mnt/4TBS relative=/pics-sport/XCC 2026/XCC EP Champs 2026/Starred Photos/DSC_0897_result.jpg iteration=4 outcome=ok bytes=262144 timedout_delta=0 retransmitted_delta=0 reconnects_delta=0
PIC_NETWORK tid=ThreadId(27) PRIVATE_NFS export_cache_hit host=DietPi.local count=5
PIC_NETWORK tid=ThreadId(27) PRIVATE_NFS read_start uri=nfs://DietPi.local/mnt/4TBS/pics-sport/XCC%202026/XCC%20EP%20Champs%202026/Starred%20Photos/DSC_1499_result.jpg max_bytes=134217728
PIC_NFS stage=rpc_read elapsed_ms=7 tid=140342978635456 host=DietPi.local export=/mnt/4TBS relative=/pics-sport/XCC 2026/XCC EP Champs 2026/Starred Photos/DSC_0897_result.jpg iteration=5 outcome=ok bytes=524288 timedout_delta=0 retransmitted_delta=0 reconnects_delta=0
PIC_NFS stage=rpc_read elapsed_ms=7 tid=140342978635456 host=DietPi.local export=/mnt/4TBS relative=/pics-sport/XCC 2026/XCC EP Champs 2026/Starred Photos/DSC_0897_result.jpg iteration=6 outcome=ok bytes=504597 timedout_delta=0 retransmitted_delta=0 reconnects_delta=0
PIC_NFS stage=rpc_read elapsed_ms=0 tid=140342978635456 host=DietPi.local export=/mnt/4TBS relative=/pics-sport/XCC 2026/XCC EP Champs 2026/Starred Photos/DSC_0897_result.jpg iteration=7 outcome=ok bytes=0 timedout_delta=0 retransmitted_delta=0 reconnects_delta=0
PIC_NFS stage=file_read_complete elapsed_ms=23 tid=140342978635456 host=DietPi.local export=/mnt/4TBS relative=/pics-sport/XCC 2026/XCC EP Champs 2026/Starred Photos/DSC_0897_result.jpg outcome=ok bytes=1553173 calls=7
PIC_NFS stage=read_session_lock elapsed_ms=122 tid=140342605641408 host=DietPi.local export=/mnt/4TBS relative=/pics-sport/XCC 2026/XCC EP Champs 2026/Starred Photos/DSC_2188_result.jpg outcome=acquired
PIC_NFS_CONNECT reuse host=DietPi.local export=/mnt/4TBS
PIC_NETWORK tid=ThreadId(24) PRIVATE_NFS read_done bytes=1553173 elapsed_ms=161 uri=nfs://DietPi.local/mnt/4TBS/pics-sport/XCC%202026/XCC%20EP%20Champs%202026/Starred%20Photos/DSC_0897_result.jpg
PIC_NFS stage=file_open elapsed_ms=2 tid=140342605641408 host=DietPi.local export=/mnt/4TBS relative=/pics-sport/XCC 2026/XCC EP Champs 2026/Starred Photos/DSC_2188_result.jpg outcome=ok
PIC_NETWORK tid=ThreadId(24) PRIVATE_NFS export_cache_hit host=DietPi.local count=5
PIC_NETWORK tid=ThreadId(24) PRIVATE_NFS read_start uri=nfs://DietPi.local/mnt/4TBS/pics-sport/XCC%202026/XCC%20EP%20Champs%202026/Starred%20Photos/DSC_0990_result.jpg max_bytes=134217728
PIC_NFS stage=rpc_read elapsed_ms=24 tid=140342605641408 host=DietPi.local export=/mnt/4TBS relative=/pics-sport/XCC 2026/XCC EP Champs 2026/Starred Photos/DSC_2188_result.jpg iteration=1 outcome=ok bytes=65536 timedout_delta=0 retransmitted_delta=0 reconnects_delta=0
PIC_NFS stage=first_read elapsed_ms=24 tid=140342605641408 host=DietPi.local export=/mnt/4TBS relative=/pics-sport/XCC 2026/XCC EP Champs 2026/Starred Photos/DSC_2188_result.jpg outcome=ok bytes=65536
PIC_NFS stage=rpc_read elapsed_ms=2 tid=140342605641408 host=DietPi.local export=/mnt/4TBS relative=/pics-sport/XCC 2026/XCC EP Champs 2026/Starred Photos/DSC_2188_result.jpg iteration=2 outcome=ok bytes=65536 timedout_delta=0 retransmitted_delta=0 reconnects_delta=0
PIC_NFS stage=rpc_read elapsed_ms=2 tid=140342605641408 host=DietPi.local export=/mnt/4TBS relative=/pics-sport/XCC 2026/XCC EP Champs 2026/Starred Photos/DSC_2188_result.jpg iteration=3 outcome=ok bytes=131072 timedout_delta=0 retransmitted_delta=0 reconnects_delta=0
PIC_NFS stage=rpc_read elapsed_ms=4 tid=140342605641408 host=DietPi.local export=/mnt/4TBS relative=/pics-sport/XCC 2026/XCC EP Champs 2026/Starred Photos/DSC_2188_result.jpg iteration=4 outcome=ok bytes=262144 timedout_delta=0 retransmitted_delta=0 reconnects_delta=0
PIC_NFS stage=rpc_read elapsed_ms=7 tid=140342605641408 host=DietPi.local export=/mnt/4TBS relative=/pics-sport/XCC 2026/XCC EP Champs 2026/Starred Photos/DSC_2188_result.jpg iteration=5 outcome=ok bytes=524288 timedout_delta=0 retransmitted_delta=0 reconnects_delta=0
PIC_NFS stage=rpc_read elapsed_ms=7 tid=140342605641408 host=DietPi.local export=/mnt/4TBS relative=/pics-sport/XCC 2026/XCC EP Champs 2026/Starred Photos/DSC_2188_result.jpg iteration=6 outcome=ok bytes=576251 timedout_delta=0 retransmitted_delta=0 reconnects_delta=0
PIC_NFS stage=rpc_read elapsed_ms=0 tid=140342605641408 host=DietPi.local export=/mnt/4TBS relative=/pics-sport/XCC 2026/XCC EP Champs 2026/Starred Photos/DSC_2188_result.jpg iteration=7 outcome=ok bytes=0 timedout_delta=0 retransmitted_delta=0 reconnects_delta=0
PIC_NFS stage=file_read_complete elapsed_ms=46 tid=140342605641408 host=DietPi.local export=/mnt/4TBS relative=/pics-sport/XCC 2026/XCC EP Champs 2026/Starred Photos/DSC_2188_result.jpg outcome=ok bytes=1624827 calls=7
PIC_NFS stage=read_session_lock elapsed_ms=107 tid=140342976534208 host=DietPi.local export=/mnt/4TBS relative=/pics-sport/XCC 2026/XCC EP Champs 2026/Starred Photos/DSC_0399_result.jpg outcome=acquired
PIC_NFS_CONNECT reuse host=DietPi.local export=/mnt/4TBS
PIC_NETWORK tid=ThreadId(26) PRIVATE_NFS read_done bytes=1624827 elapsed_ms=170 uri=nfs://DietPi.local/mnt/4TBS/pics-sport/XCC%202026/XCC%20EP%20Champs%202026/Starred%20Photos/DSC_2188_result.jpg
PIC_NFS stage=file_open elapsed_ms=2 tid=140342976534208 host=DietPi.local export=/mnt/4TBS relative=/pics-sport/XCC 2026/XCC EP Champs 2026/Starred Photos/DSC_0399_result.jpg outcome=ok
PIC_NFS stage=rpc_read elapsed_ms=15 tid=140342976534208 host=DietPi.local export=/mnt/4TBS relative=/pics-sport/XCC 2026/XCC EP Champs 2026/Starred Photos/DSC_0399_result.jpg iteration=1 outcome=ok bytes=65536 timedout_delta=0 retransmitted_delta=0 reconnects_delta=0
PIC_NFS stage=first_read elapsed_ms=15 tid=140342976534208 host=DietPi.local export=/mnt/4TBS relative=/pics-sport/XCC 2026/XCC EP Champs 2026/Starred Photos/DSC_0399_result.jpg outcome=ok bytes=65536
PIC_NFS stage=rpc_read elapsed_ms=1 tid=140342976534208 host=DietPi.local export=/mnt/4TBS relative=/pics-sport/XCC 2026/XCC EP Champs 2026/Starred Photos/DSC_0399_result.jpg iteration=2 outcome=ok bytes=65536 timedout_delta=0 retransmitted_delta=0 reconnects_delta=0
PIC_NFS stage=rpc_read elapsed_ms=2 tid=140342976534208 host=DietPi.local export=/mnt/4TBS relative=/pics-sport/XCC 2026/XCC EP Champs 2026/Starred Photos/DSC_0399_result.jpg iteration=3 outcome=ok bytes=131072 timedout_delta=0 retransmitted_delta=0 reconnects_delta=0
PIC_NETWORK tid=ThreadId(30) PRIVATE_NFS export_cache_hit host=DietPi.local count=5
PIC_NETWORK tid=ThreadId(30) PRIVATE_NFS read_start uri=nfs://DietPi.local/mnt/4TBS/pics-sport/XCC%202026/XCC%20EP%20Champs%202026/Starred%20Photos/DSC_0439_result.jpg max_bytes=134217728
PIC_NETWORK tid=ThreadId(29) PRIVATE_NFS export_cache_hit host=DietPi.local count=5
PIC_NETWORK tid=ThreadId(29) PRIVATE_NFS read_start uri=nfs://DietPi.local/mnt/4TBS/pics-sport/XCC%202026/XCC%20EP%20Champs%202026/Starred%20Photos/DSC_0418_result.jpg max_bytes=134217728
PIC_NFS stage=rpc_read elapsed_ms=4 tid=140342976534208 host=DietPi.local export=/mnt/4TBS relative=/pics-sport/XCC 2026/XCC EP Champs 2026/Starred Photos/DSC_0399_result.jpg iteration=4 outcome=ok bytes=262144 timedout_delta=0 retransmitted_delta=0 reconnects_delta=0
PIC_NFS stage=rpc_read elapsed_ms=6 tid=140342976534208 host=DietPi.local export=/mnt/4TBS relative=/pics-sport/XCC 2026/XCC EP Champs 2026/Starred Photos/DSC_0399_result.jpg iteration=5 outcome=ok bytes=401830 timedout_delta=0 retransmitted_delta=0 reconnects_delta=0
PIC_NFS stage=rpc_read elapsed_ms=0 tid=140342976534208 host=DietPi.local export=/mnt/4TBS relative=/pics-sport/XCC 2026/XCC EP Champs 2026/Starred Photos/DSC_0399_result.jpg iteration=6 outcome=ok bytes=0 timedout_delta=0 retransmitted_delta=0 reconnects_delta=0
PIC_NFS stage=file_read_complete elapsed_ms=28 tid=140342976534208 host=DietPi.local export=/mnt/4TBS relative=/pics-sport/XCC 2026/XCC EP Champs 2026/Starred Photos/DSC_0399_result.jpg outcome=ok bytes=926118 calls=6
PIC_NFS stage=read_session_lock elapsed_ms=87 tid=140342603540160 host=DietPi.local export=/mnt/4TBS relative=/pics-sport/XCC 2026/XCC EP Champs 2026/Starred Photos/DSC_1499_result.jpg outcome=acquired
PIC_NFS_CONNECT reuse host=DietPi.local export=/mnt/4TBS
PIC_NETWORK tid=ThreadId(25) PRIVATE_NFS read_done bytes=926118 elapsed_ms=136 uri=nfs://DietPi.local/mnt/4TBS/pics-sport/XCC%202026/XCC%20EP%20Champs%202026/Starred%20Photos/DSC_0399_result.jpg
PIC_NFS stage=file_open elapsed_ms=3 tid=140342603540160 host=DietPi.local export=/mnt/4TBS relative=/pics-sport/XCC 2026/XCC EP Champs 2026/Starred Photos/DSC_1499_result.jpg outcome=ok
PIC_NFS stage=rpc_read elapsed_ms=21 tid=140342603540160 host=DietPi.local export=/mnt/4TBS relative=/pics-sport/XCC 2026/XCC EP Champs 2026/Starred Photos/DSC_1499_result.jpg iteration=1 outcome=ok bytes=65536 timedout_delta=0 retransmitted_delta=0 reconnects_delta=0
PIC_NFS stage=first_read elapsed_ms=21 tid=140342603540160 host=DietPi.local export=/mnt/4TBS relative=/pics-sport/XCC 2026/XCC EP Champs 2026/Starred Photos/DSC_1499_result.jpg outcome=ok bytes=65536
PIC_NFS stage=rpc_read elapsed_ms=1 tid=140342603540160 host=DietPi.local export=/mnt/4TBS relative=/pics-sport/XCC 2026/XCC EP Champs 2026/Starred Photos/DSC_1499_result.jpg iteration=2 outcome=ok bytes=65536 timedout_delta=0 retransmitted_delta=0 reconnects_delta=0
PIC_NFS stage=rpc_read elapsed_ms=2 tid=140342603540160 host=DietPi.local export=/mnt/4TBS relative=/pics-sport/XCC 2026/XCC EP Champs 2026/Starred Photos/DSC_1499_result.jpg iteration=3 outcome=ok bytes=131072 timedout_delta=0 retransmitted_delta=0 reconnects_delta=0
PIC_NFS stage=rpc_read elapsed_ms=4 tid=140342603540160 host=DietPi.local export=/mnt/4TBS relative=/pics-sport/XCC 2026/XCC EP Champs 2026/Starred Photos/DSC_1499_result.jpg iteration=4 outcome=ok bytes=262144 timedout_delta=0 retransmitted_delta=0 reconnects_delta=0
PIC_NFS stage=rpc_read elapsed_ms=8 tid=140342603540160 host=DietPi.local export=/mnt/4TBS relative=/pics-sport/XCC 2026/XCC EP Champs 2026/Starred Photos/DSC_1499_result.jpg iteration=5 outcome=ok bytes=524288 timedout_delta=0 retransmitted_delta=0 reconnects_delta=0
PIC_NFS stage=rpc_read elapsed_ms=5 tid=140342603540160 host=DietPi.local export=/mnt/4TBS relative=/pics-sport/XCC 2026/XCC EP Champs 2026/Starred Photos/DSC_1499_result.jpg iteration=6 outcome=ok bytes=421004 timedout_delta=0 retransmitted_delta=0 reconnects_delta=0
PIC_NFS stage=rpc_read elapsed_ms=1 tid=140342603540160 host=DietPi.local export=/mnt/4TBS relative=/pics-sport/XCC 2026/XCC EP Champs 2026/Starred Photos/DSC_1499_result.jpg iteration=7 outcome=ok bytes=0 timedout_delta=0 retransmitted_delta=0 reconnects_delta=0
PIC_NFS stage=file_read_complete elapsed_ms=42 tid=140342603540160 host=DietPi.local export=/mnt/4TBS relative=/pics-sport/XCC 2026/XCC EP Champs 2026/Starred Photos/DSC_1499_result.jpg outcome=ok bytes=1469580 calls=7
PIC_NFS stage=read_session_lock elapsed_ms=105 tid=140342978635456 host=DietPi.local export=/mnt/4TBS relative=/pics-sport/XCC 2026/XCC EP Champs 2026/Starred Photos/DSC_0990_result.jpg outcome=acquired
PIC_NFS_CONNECT reuse host=DietPi.local export=/mnt/4TBS
PIC_NETWORK tid=ThreadId(27) PRIVATE_NFS read_done bytes=1469580 elapsed_ms=131 uri=nfs://DietPi.local/mnt/4TBS/pics-sport/XCC%202026/XCC%20EP%20Champs%202026/Starred%20Photos/DSC_1499_result.jpg
PIC_NFS stage=file_open elapsed_ms=2 tid=140342978635456 host=DietPi.local export=/mnt/4TBS relative=/pics-sport/XCC 2026/XCC EP Champs 2026/Starred Photos/DSC_0990_result.jpg outcome=ok
PIC_NFS stage=rpc_read elapsed_ms=20 tid=140342978635456 host=DietPi.local export=/mnt/4TBS relative=/pics-sport/XCC 2026/XCC EP Champs 2026/Starred Photos/DSC_0990_result.jpg iteration=1 outcome=ok bytes=65536 timedout_delta=0 retransmitted_delta=0 reconnects_delta=0
PIC_NFS stage=first_read elapsed_ms=20 tid=140342978635456 host=DietPi.local export=/mnt/4TBS relative=/pics-sport/XCC 2026/XCC EP Champs 2026/Starred Photos/DSC_0990_result.jpg outcome=ok bytes=65536
PIC_NFS stage=rpc_read elapsed_ms=1 tid=140342978635456 host=DietPi.local export=/mnt/4TBS relative=/pics-sport/XCC 2026/XCC EP Champs 2026/Starred Photos/DSC_0990_result.jpg iteration=2 outcome=ok bytes=65536 timedout_delta=0 retransmitted_delta=0 reconnects_delta=0
PIC_NFS stage=rpc_read elapsed_ms=2 tid=140342978635456 host=DietPi.local export=/mnt/4TBS relative=/pics-sport/XCC 2026/XCC EP Champs 2026/Starred Photos/DSC_0990_result.jpg iteration=3 outcome=ok bytes=131072 timedout_delta=0 retransmitted_delta=0 reconnects_delta=0
PIC_NFS stage=rpc_read elapsed_ms=4 tid=140342978635456 host=DietPi.local export=/mnt/4TBS relative=/pics-sport/XCC 2026/XCC EP Champs 2026/Starred Photos/DSC_0990_result.jpg iteration=4 outcome=ok bytes=262144 timedout_delta=0 retransmitted_delta=0 reconnects_delta=0
PIC_NFS stage=rpc_read elapsed_ms=8 tid=140342978635456 host=DietPi.local export=/mnt/4TBS relative=/pics-sport/XCC 2026/XCC EP Champs 2026/Starred Photos/DSC_0990_result.jpg iteration=5 outcome=ok bytes=524288 timedout_delta=0 retransmitted_delta=0 reconnects_delta=0
PIC_NFS stage=rpc_read elapsed_ms=4 tid=140342978635456 host=DietPi.local export=/mnt/4TBS relative=/pics-sport/XCC 2026/XCC EP Champs 2026/Starred Photos/DSC_0990_result.jpg iteration=6 outcome=ok bytes=368392 timedout_delta=0 retransmitted_delta=0 reconnects_delta=0
PIC_NFS stage=rpc_read elapsed_ms=1 tid=140342978635456 host=DietPi.local export=/mnt/4TBS relative=/pics-sport/XCC 2026/XCC EP Champs 2026/Starred Photos/DSC_0990_result.jpg iteration=7 outcome=ok bytes=0 timedout_delta=0 retransmitted_delta=0 reconnects_delta=0
PIC_NFS stage=file_read_complete elapsed_ms=40 tid=140342978635456 host=DietPi.local export=/mnt/4TBS relative=/pics-sport/XCC 2026/XCC EP Champs 2026/Starred Photos/DSC_0990_result.jpg outcome=ok bytes=1416968 calls=7
PIC_NFS stage=read_session_lock elapsed_ms=95 tid=140342601438912 host=DietPi.local export=/mnt/4TBS relative=/pics-sport/XCC 2026/XCC EP Champs 2026/Starred Photos/DSC_0439_result.jpg outcome=acquired
PIC_NFS_CONNECT reuse host=DietPi.local export=/mnt/4TBS
PIC_NETWORK tid=ThreadId(24) PRIVATE_NFS read_done bytes=1416968 elapsed_ms=147 uri=nfs://DietPi.local/mnt/4TBS/pics-sport/XCC%202026/XCC%20EP%20Champs%202026/Starred%20Photos/DSC_0990_result.jpg
PIC_NFS stage=file_open elapsed_ms=2 tid=140342601438912 host=DietPi.local export=/mnt/4TBS relative=/pics-sport/XCC 2026/XCC EP Champs 2026/Starred Photos/DSC_0439_result.jpg outcome=ok
PIC_NFS stage=rpc_read elapsed_ms=14 tid=140342601438912 host=DietPi.local export=/mnt/4TBS relative=/pics-sport/XCC 2026/XCC EP Champs 2026/Starred Photos/DSC_0439_result.jpg iteration=1 outcome=ok bytes=65536 timedout_delta=0 retransmitted_delta=0 reconnects_delta=0
PIC_NFS stage=first_read elapsed_ms=14 tid=140342601438912 host=DietPi.local export=/mnt/4TBS relative=/pics-sport/XCC 2026/XCC EP Champs 2026/Starred Photos/DSC_0439_result.jpg outcome=ok bytes=65536
PIC_NFS stage=rpc_read elapsed_ms=2 tid=140342601438912 host=DietPi.local export=/mnt/4TBS relative=/pics-sport/XCC 2026/XCC EP Champs 2026/Starred Photos/DSC_0439_result.jpg iteration=2 outcome=ok bytes=65536 timedout_delta=0 retransmitted_delta=0 reconnects_delta=0
PIC_NFS stage=rpc_read elapsed_ms=2 tid=140342601438912 host=DietPi.local export=/mnt/4TBS relative=/pics-sport/XCC 2026/XCC EP Champs 2026/Starred Photos/DSC_0439_result.jpg iteration=3 outcome=ok bytes=131072 timedout_delta=0 retransmitted_delta=0 reconnects_delta=0
PIC_NFS stage=rpc_read elapsed_ms=3 tid=140342601438912 host=DietPi.local export=/mnt/4TBS relative=/pics-sport/XCC 2026/XCC EP Champs 2026/Starred Photos/DSC_0439_result.jpg iteration=4 outcome=ok bytes=262144 timedout_delta=0 retransmitted_delta=0 reconnects_delta=0
PIC_NFS stage=rpc_read elapsed_ms=9 tid=140342601438912 host=DietPi.local export=/mnt/4TBS relative=/pics-sport/XCC 2026/XCC EP Champs 2026/Starred Photos/DSC_0439_result.jpg iteration=5 outcome=ok bytes=524288 timedout_delta=0 retransmitted_delta=0 reconnects_delta=0
PIC_NFS stage=rpc_read elapsed_ms=3 tid=140342601438912 host=DietPi.local export=/mnt/4TBS relative=/pics-sport/XCC 2026/XCC EP Champs 2026/Starred Photos/DSC_0439_result.jpg iteration=6 outcome=ok bytes=206916 timedout_delta=0 retransmitted_delta=0 reconnects_delta=0
PIC_NFS stage=rpc_read elapsed_ms=0 tid=140342601438912 host=DietPi.local export=/mnt/4TBS relative=/pics-sport/XCC 2026/XCC EP Champs 2026/Starred Photos/DSC_0439_result.jpg iteration=7 outcome=ok bytes=0 timedout_delta=0 retransmitted_delta=0 reconnects_delta=0
PIC_NFS stage=file_read_complete elapsed_ms=33 tid=140342601438912 host=DietPi.local export=/mnt/4TBS relative=/pics-sport/XCC 2026/XCC EP Champs 2026/Starred Photos/DSC_0439_result.jpg outcome=ok bytes=1255492 calls=7
PIC_NFS stage=read_session_lock elapsed_ms=130 tid=140342026294976 host=DietPi.local export=/mnt/4TBS relative=/pics-sport/XCC 2026/XCC EP Champs 2026/Starred Photos/DSC_0418_result.jpg outcome=acquired
PIC_NFS_CONNECT reuse host=DietPi.local export=/mnt/4TBS
PIC_NETWORK tid=ThreadId(30) PRIVATE_NFS read_done bytes=1255492 elapsed_ms=130 uri=nfs://DietPi.local/mnt/4TBS/pics-sport/XCC%202026/XCC%20EP%20Champs%202026/Starred%20Photos/DSC_0439_result.jpg
PIC_NFS stage=file_open elapsed_ms=2 tid=140342026294976 host=DietPi.local export=/mnt/4TBS relative=/pics-sport/XCC 2026/XCC EP Champs 2026/Starred Photos/DSC_0418_result.jpg outcome=ok
PIC_NETWORK tid=ThreadId(30) PRIVATE_NFS export_cache_hit host=DietPi.local count=5
PIC_NETWORK tid=ThreadId(30) PRIVATE_NFS read_start uri=nfs://DietPi.local/mnt/4TBS/pics-sport/XCC%202026/XCC%20EP%20Champs%202026/Starred%20Photos/DSC_1524_result.jpg max_bytes=134217728
PIC_NFS stage=rpc_read elapsed_ms=19 tid=140342026294976 host=DietPi.local export=/mnt/4TBS relative=/pics-sport/XCC 2026/XCC EP Champs 2026/Starred Photos/DSC_0418_result.jpg iteration=1 outcome=ok bytes=65536 timedout_delta=0 retransmitted_delta=0 reconnects_delta=0
PIC_NFS stage=first_read elapsed_ms=19 tid=140342026294976 host=DietPi.local export=/mnt/4TBS relative=/pics-sport/XCC 2026/XCC EP Champs 2026/Starred Photos/DSC_0418_result.jpg outcome=ok bytes=65536
PIC_NFS stage=rpc_read elapsed_ms=1 tid=140342026294976 host=DietPi.local export=/mnt/4TBS relative=/pics-sport/XCC 2026/XCC EP Champs 2026/Starred Photos/DSC_0418_result.jpg iteration=2 outcome=ok bytes=65536 timedout_delta=0 retransmitted_delta=0 reconnects_delta=0
PIC_NFS stage=rpc_read elapsed_ms=2 tid=140342026294976 host=DietPi.local export=/mnt/4TBS relative=/pics-sport/XCC 2026/XCC EP Champs 2026/Starred Photos/DSC_0418_result.jpg iteration=3 outcome=ok bytes=131072 timedout_delta=0 retransmitted_delta=0 reconnects_delta=0
PIC_NFS stage=rpc_read elapsed_ms=4 tid=140342026294976 host=DietPi.local export=/mnt/4TBS relative=/pics-sport/XCC 2026/XCC EP Champs 2026/Starred Photos/DSC_0418_result.jpg iteration=4 outcome=ok bytes=262144 timedout_delta=0 retransmitted_delta=0 reconnects_delta=0
PIC_NFS stage=rpc_read elapsed_ms=7 tid=140342026294976 host=DietPi.local export=/mnt/4TBS relative=/pics-sport/XCC 2026/XCC EP Champs 2026/Starred Photos/DSC_0418_result.jpg iteration=5 outcome=ok bytes=524288 timedout_delta=0 retransmitted_delta=0 reconnects_delta=0
PIC_NFS stage=rpc_read elapsed_ms=3 tid=140342026294976 host=DietPi.local export=/mnt/4TBS relative=/pics-sport/XCC 2026/XCC EP Champs 2026/Starred Photos/DSC_0418_result.jpg iteration=6 outcome=ok bytes=170172 timedout_delta=0 retransmitted_delta=0 reconnects_delta=0
PIC_NFS stage=rpc_read elapsed_ms=0 tid=140342026294976 host=DietPi.local export=/mnt/4TBS relative=/pics-sport/XCC 2026/XCC EP Champs 2026/Starred Photos/DSC_0418_result.jpg iteration=7 outcome=ok bytes=0 timedout_delta=0 retransmitted_delta=0 reconnects_delta=0
PIC_NFS stage=file_read_complete elapsed_ms=36 tid=140342026294976 host=DietPi.local export=/mnt/4TBS relative=/pics-sport/XCC 2026/XCC EP Champs 2026/Starred Photos/DSC_0418_result.jpg outcome=ok bytes=1218748 calls=7
PIC_NFS stage=read_session_lock elapsed_ms=23 tid=140342601438912 host=DietPi.local export=/mnt/4TBS relative=/pics-sport/XCC 2026/XCC EP Champs 2026/Starred Photos/DSC_1524_result.jpg outcome=acquired
PIC_NFS_CONNECT reuse host=DietPi.local export=/mnt/4TBS
PIC_NETWORK tid=ThreadId(29) PRIVATE_NFS read_done bytes=1218748 elapsed_ms=168 uri=nfs://DietPi.local/mnt/4TBS/pics-sport/XCC%202026/XCC%20EP%20Champs%202026/Starred%20Photos/DSC_0418_result.jpg
PIC_NFS stage=file_open elapsed_ms=2 tid=140342601438912 host=DietPi.local export=/mnt/4TBS relative=/pics-sport/XCC 2026/XCC EP Champs 2026/Starred Photos/DSC_1524_result.jpg outcome=ok
PIC_NFS stage=rpc_read elapsed_ms=2 tid=140342601438912 host=DietPi.local export=/mnt/4TBS relative=/pics-sport/XCC 2026/XCC EP Champs 2026/Starred Photos/DSC_1524_result.jpg iteration=1 outcome=ok bytes=65536 timedout_delta=0 retransmitted_delta=0 reconnects_delta=0
PIC_NFS stage=first_read elapsed_ms=2 tid=140342601438912 host=DietPi.local export=/mnt/4TBS relative=/pics-sport/XCC 2026/XCC EP Champs 2026/Starred Photos/DSC_1524_result.jpg outcome=ok bytes=65536
PIC_NFS stage=rpc_read elapsed_ms=1 tid=140342601438912 host=DietPi.local export=/mnt/4TBS relative=/pics-sport/XCC 2026/XCC EP Champs 2026/Starred Photos/DSC_1524_result.jpg iteration=2 outcome=ok bytes=65536 timedout_delta=0 retransmitted_delta=0 reconnects_delta=0
PIC_NFS stage=rpc_read elapsed_ms=2 tid=140342601438912 host=DietPi.local export=/mnt/4TBS relative=/pics-sport/XCC 2026/XCC EP Champs 2026/Starred Photos/DSC_1524_result.jpg iteration=3 outcome=ok bytes=131072 timedout_delta=0 retransmitted_delta=0 reconnects_delta=0
PIC_NFS stage=rpc_read elapsed_ms=4 tid=140342601438912 host=DietPi.local export=/mnt/4TBS relative=/pics-sport/XCC 2026/XCC EP Champs 2026/Starred Photos/DSC_1524_result.jpg iteration=4 outcome=ok bytes=262144 timedout_delta=0 retransmitted_delta=0 reconnects_delta=0
PIC_NETWORK tid=ThreadId(29) PRIVATE_NFS export_cache_hit host=DietPi.local count=5
PIC_NETWORK tid=ThreadId(29) PRIVATE_NFS read_start uri=nfs://DietPi.local/mnt/4TBS/pics-sport/XCC%202026/XCC%20EP%20Champs%202026/Starred%20Photos/DSC_2440_result.jpg max_bytes=134217728
PIC_NFS stage=rpc_read elapsed_ms=6 tid=140342601438912 host=DietPi.local export=/mnt/4TBS relative=/pics-sport/XCC 2026/XCC EP Champs 2026/Starred Photos/DSC_1524_result.jpg iteration=5 outcome=ok bytes=524288 timedout_delta=0 retransmitted_delta=0 reconnects_delta=0
PIC_NFS stage=rpc_read elapsed_ms=8 tid=140342601438912 host=DietPi.local export=/mnt/4TBS relative=/pics-sport/XCC 2026/XCC EP Champs 2026/Starred Photos/DSC_1524_result.jpg iteration=6 outcome=ok bytes=559852 timedout_delta=0 retransmitted_delta=0 reconnects_delta=0
PIC_NFS stage=rpc_read elapsed_ms=0 tid=140342601438912 host=DietPi.local export=/mnt/4TBS relative=/pics-sport/XCC 2026/XCC EP Champs 2026/Starred Photos/DSC_1524_result.jpg iteration=7 outcome=ok bytes=0 timedout_delta=0 retransmitted_delta=0 reconnects_delta=0
PIC_NFS stage=file_read_complete elapsed_ms=23 tid=140342601438912 host=DietPi.local export=/mnt/4TBS relative=/pics-sport/XCC 2026/XCC EP Champs 2026/Starred Photos/DSC_1524_result.jpg outcome=ok bytes=1608428 calls=7
PIC_NFS stage=read_session_lock elapsed_ms=10 tid=140342026294976 host=DietPi.local export=/mnt/4TBS relative=/pics-sport/XCC 2026/XCC EP Champs 2026/Starred Photos/DSC_2440_result.jpg outcome=acquired
PIC_NFS_CONNECT reuse host=DietPi.local export=/mnt/4TBS
PIC_NETWORK tid=ThreadId(30) PRIVATE_NFS read_done bytes=1608428 elapsed_ms=49 uri=nfs://DietPi.local/mnt/4TBS/pics-sport/XCC%202026/XCC%20EP%20Champs%202026/Starred%20Photos/DSC_1524_result.jpg
PIC_NFS stage=file_open elapsed_ms=3 tid=140342026294976 host=DietPi.local export=/mnt/4TBS relative=/pics-sport/XCC 2026/XCC EP Champs 2026/Starred Photos/DSC_2440_result.jpg outcome=ok
PIC_NETWORK tid=ThreadId(30) PRIVATE_NFS export_cache_hit host=DietPi.local count=5
PIC_NETWORK tid=ThreadId(30) PRIVATE_NFS read_start uri=nfs://DietPi.local/mnt/4TBS/pics-sport/XCC%202026/XCC%20EP%20Champs%202026/Starred%20Photos/DSC_2367_result.jpg max_bytes=134217728
PIC_NFS stage=rpc_read elapsed_ms=18 tid=140342026294976 host=DietPi.local export=/mnt/4TBS relative=/pics-sport/XCC 2026/XCC EP Champs 2026/Starred Photos/DSC_2440_result.jpg iteration=1 outcome=ok bytes=65536 timedout_delta=0 retransmitted_delta=0 reconnects_delta=0
PIC_NFS stage=first_read elapsed_ms=18 tid=140342026294976 host=DietPi.local export=/mnt/4TBS relative=/pics-sport/XCC 2026/XCC EP Champs 2026/Starred Photos/DSC_2440_result.jpg outcome=ok bytes=65536
PIC_NFS stage=rpc_read elapsed_ms=2 tid=140342026294976 host=DietPi.local export=/mnt/4TBS relative=/pics-sport/XCC 2026/XCC EP Champs 2026/Starred Photos/DSC_2440_result.jpg iteration=2 outcome=ok bytes=65536 timedout_delta=0 retransmitted_delta=0 reconnects_delta=0
PIC_NFS stage=rpc_read elapsed_ms=2 tid=140342026294976 host=DietPi.local export=/mnt/4TBS relative=/pics-sport/XCC 2026/XCC EP Champs 2026/Starred Photos/DSC_2440_result.jpg iteration=3 outcome=ok bytes=131072 timedout_delta=0 retransmitted_delta=0 reconnects_delta=0
PIC_NFS stage=rpc_read elapsed_ms=4 tid=140342026294976 host=DietPi.local export=/mnt/4TBS relative=/pics-sport/XCC 2026/XCC EP Champs 2026/Starred Photos/DSC_2440_result.jpg iteration=4 outcome=ok bytes=262144 timedout_delta=0 retransmitted_delta=0 reconnects_delta=0
PIC_NFS stage=rpc_read elapsed_ms=7 tid=140342026294976 host=DietPi.local export=/mnt/4TBS relative=/pics-sport/XCC 2026/XCC EP Champs 2026/Starred Photos/DSC_2440_result.jpg iteration=5 outcome=ok bytes=524288 timedout_delta=0 retransmitted_delta=0 reconnects_delta=0
PIC_NFS stage=rpc_read elapsed_ms=9 tid=140342026294976 host=DietPi.local export=/mnt/4TBS relative=/pics-sport/XCC 2026/XCC EP Champs 2026/Starred Photos/DSC_2440_result.jpg iteration=6 outcome=ok bytes=687823 timedout_delta=0 retransmitted_delta=0 reconnects_delta=0
PIC_NFS stage=rpc_read elapsed_ms=0 tid=140342026294976 host=DietPi.local export=/mnt/4TBS relative=/pics-sport/XCC 2026/XCC EP Champs 2026/Starred Photos/DSC_2440_result.jpg iteration=7 outcome=ok bytes=0 timedout_delta=0 retransmitted_delta=0 reconnects_delta=0
PIC_NFS stage=file_read_complete elapsed_ms=42 tid=140342026294976 host=DietPi.local export=/mnt/4TBS relative=/pics-sport/XCC 2026/XCC EP Champs 2026/Starred Photos/DSC_2440_result.jpg outcome=ok bytes=1736399 calls=7
PIC_NFS stage=read_session_lock elapsed_ms=28 tid=140342601438912 host=DietPi.local export=/mnt/4TBS relative=/pics-sport/XCC 2026/XCC EP Champs 2026/Starred Photos/DSC_2367_result.jpg outcome=acquired
PIC_NFS_CONNECT reuse host=DietPi.local export=/mnt/4TBS
PIC_NETWORK tid=ThreadId(29) PRIVATE_NFS read_done bytes=1736399 elapsed_ms=55 uri=nfs://DietPi.local/mnt/4TBS/pics-sport/XCC%202026/XCC%20EP%20Champs%202026/Starred%20Photos/DSC_2440_result.jpg
PIC_NFS stage=file_open elapsed_ms=2 tid=140342601438912 host=DietPi.local export=/mnt/4TBS relative=/pics-sport/XCC 2026/XCC EP Champs 2026/Starred Photos/DSC_2367_result.jpg outcome=ok
PIC_NFS stage=rpc_read elapsed_ms=2 tid=140342601438912 host=DietPi.local export=/mnt/4TBS relative=/pics-sport/XCC 2026/XCC EP Champs 2026/Starred Photos/DSC_2367_result.jpg iteration=1 outcome=ok bytes=65536 timedout_delta=0 retransmitted_delta=0 reconnects_delta=0
PIC_NFS stage=first_read elapsed_ms=2 tid=140342601438912 host=DietPi.local export=/mnt/4TBS relative=/pics-sport/XCC 2026/XCC EP Champs 2026/Starred Photos/DSC_2367_result.jpg outcome=ok bytes=65536
PIC_NFS stage=rpc_read elapsed_ms=1 tid=140342601438912 host=DietPi.local export=/mnt/4TBS relative=/pics-sport/XCC 2026/XCC EP Champs 2026/Starred Photos/DSC_2367_result.jpg iteration=2 outcome=ok bytes=65536 timedout_delta=0 retransmitted_delta=0 reconnects_delta=0
PIC_NFS stage=rpc_read elapsed_ms=2 tid=140342601438912 host=DietPi.local export=/mnt/4TBS relative=/pics-sport/XCC 2026/XCC EP Champs 2026/Starred Photos/DSC_2367_result.jpg iteration=3 outcome=ok bytes=131072 timedout_delta=0 retransmitted_delta=0 reconnects_delta=0
PIC_NFS stage=rpc_read elapsed_ms=3 tid=140342601438912 host=DietPi.local export=/mnt/4TBS relative=/pics-sport/XCC 2026/XCC EP Champs 2026/Starred Photos/DSC_2367_result.jpg iteration=4 outcome=ok bytes=262144 timedout_delta=0 retransmitted_delta=0 reconnects_delta=0
PIC_NFS stage=rpc_read elapsed_ms=7 tid=140342601438912 host=DietPi.local export=/mnt/4TBS relative=/pics-sport/XCC 2026/XCC EP Champs 2026/Starred Photos/DSC_2367_result.jpg iteration=5 outcome=ok bytes=524288 timedout_delta=0 retransmitted_delta=0 reconnects_delta=0
PIC_NETWORK tid=ThreadId(29) PRIVATE_NFS export_cache_hit host=DietPi.local count=5
PIC_NETWORK tid=ThreadId(29) PRIVATE_NFS read_start uri=nfs://DietPi.local/mnt/4TBS/pics-sport/XCC%202026/XCC%20EP%20Champs%202026/Starred%20Photos/DSC_0527_result.jpg max_bytes=134217728
PIC_NFS stage=rpc_read elapsed_ms=19 tid=140342601438912 host=DietPi.local export=/mnt/4TBS relative=/pics-sport/XCC 2026/XCC EP Champs 2026/Starred Photos/DSC_2367_result.jpg iteration=6 outcome=ok bytes=676483 timedout_delta=0 retransmitted_delta=0 reconnects_delta=0
PIC_NFS stage=rpc_read elapsed_ms=1 tid=140342601438912 host=DietPi.local export=/mnt/4TBS relative=/pics-sport/XCC 2026/XCC EP Champs 2026/Starred Photos/DSC_2367_result.jpg iteration=7 outcome=ok bytes=0 timedout_delta=0 retransmitted_delta=0 reconnects_delta=0
PIC_NFS stage=file_read_complete elapsed_ms=35 tid=140342601438912 host=DietPi.local export=/mnt/4TBS relative=/pics-sport/XCC 2026/XCC EP Champs 2026/Starred Photos/DSC_2367_result.jpg outcome=ok bytes=1725059 calls=7
PIC_NFS stage=read_session_lock elapsed_ms=19 tid=140342026294976 host=DietPi.local export=/mnt/4TBS relative=/pics-sport/XCC 2026/XCC EP Champs 2026/Starred Photos/DSC_0527_result.jpg outcome=acquired
PIC_NFS_CONNECT reuse host=DietPi.local export=/mnt/4TBS
PIC_NETWORK tid=ThreadId(30) PRIVATE_NFS read_done bytes=1725059 elapsed_ms=65 uri=nfs://DietPi.local/mnt/4TBS/pics-sport/XCC%202026/XCC%20EP%20Champs%202026/Starred%20Photos/DSC_2367_result.jpg
PIC_NFS stage=file_open elapsed_ms=2 tid=140342026294976 host=DietPi.local export=/mnt/4TBS relative=/pics-sport/XCC 2026/XCC EP Champs 2026/Starred Photos/DSC_0527_result.jpg outcome=ok
PIC_NETWORK tid=ThreadId(30) PRIVATE_NFS export_cache_hit host=DietPi.local count=5
PIC_NETWORK tid=ThreadId(30) PRIVATE_NFS read_start uri=nfs://DietPi.local/mnt/4TBS/pics-sport/XCC%202026/XCC%20EP%20Champs%202026/Starred%20Photos/DSC_2352_result.jpg max_bytes=134217728
PIC_NFS stage=rpc_read elapsed_ms=27 tid=140342026294976 host=DietPi.local export=/mnt/4TBS relative=/pics-sport/XCC 2026/XCC EP Champs 2026/Starred Photos/DSC_0527_result.jpg iteration=1 outcome=ok bytes=65536 timedout_delta=0 retransmitted_delta=0 reconnects_delta=0
PIC_NFS stage=first_read elapsed_ms=27 tid=140342026294976 host=DietPi.local export=/mnt/4TBS relative=/pics-sport/XCC 2026/XCC EP Champs 2026/Starred Photos/DSC_0527_result.jpg outcome=ok bytes=65536
PIC_NFS stage=rpc_read elapsed_ms=2 tid=140342026294976 host=DietPi.local export=/mnt/4TBS relative=/pics-sport/XCC 2026/XCC EP Champs 2026/Starred Photos/DSC_0527_result.jpg iteration=2 outcome=ok bytes=65536 timedout_delta=0 retransmitted_delta=0 reconnects_delta=0
PIC_NFS stage=rpc_read elapsed_ms=2 tid=140342026294976 host=DietPi.local export=/mnt/4TBS relative=/pics-sport/XCC 2026/XCC EP Champs 2026/Starred Photos/DSC_0527_result.jpg iteration=3 outcome=ok bytes=131072 timedout_delta=0 retransmitted_delta=0 reconnects_delta=0
PIC_NFS stage=rpc_read elapsed_ms=12 tid=140342026294976 host=DietPi.local export=/mnt/4TBS relative=/pics-sport/XCC 2026/XCC EP Champs 2026/Starred Photos/DSC_0527_result.jpg iteration=4 outcome=ok bytes=262144 timedout_delta=0 retransmitted_delta=0 reconnects_delta=0
PIC_NFS stage=rpc_read elapsed_ms=7 tid=140342026294976 host=DietPi.local export=/mnt/4TBS relative=/pics-sport/XCC 2026/XCC EP Champs 2026/Starred Photos/DSC_0527_result.jpg iteration=5 outcome=ok bytes=524288 timedout_delta=0 retransmitted_delta=0 reconnects_delta=0
PIC_NFS stage=rpc_read elapsed_ms=5 tid=140342026294976 host=DietPi.local export=/mnt/4TBS relative=/pics-sport/XCC 2026/XCC EP Champs 2026/Starred Photos/DSC_0527_result.jpg iteration=6 outcome=ok bytes=383844 timedout_delta=0 retransmitted_delta=0 reconnects_delta=0
PIC_NFS stage=rpc_read elapsed_ms=0 tid=140342026294976 host=DietPi.local export=/mnt/4TBS relative=/pics-sport/XCC 2026/XCC EP Champs 2026/Starred Photos/DSC_0527_result.jpg iteration=7 outcome=ok bytes=0 timedout_delta=0 retransmitted_delta=0 reconnects_delta=0
PIC_NFS stage=file_read_complete elapsed_ms=55 tid=140342026294976 host=DietPi.local export=/mnt/4TBS relative=/pics-sport/XCC 2026/XCC EP Champs 2026/Starred Photos/DSC_0527_result.jpg outcome=ok bytes=1432420 calls=7
PIC_NFS stage=read_session_lock elapsed_ms=39 tid=140342601438912 host=DietPi.local export=/mnt/4TBS relative=/pics-sport/XCC 2026/XCC EP Champs 2026/Starred Photos/DSC_2352_result.jpg outcome=acquired
PIC_NFS_CONNECT reuse host=DietPi.local export=/mnt/4TBS
PIC_NETWORK tid=ThreadId(29) PRIVATE_NFS read_done bytes=1432420 elapsed_ms=76 uri=nfs://DietPi.local/mnt/4TBS/pics-sport/XCC%202026/XCC%20EP%20Champs%202026/Starred%20Photos/DSC_0527_result.jpg
PIC_NFS stage=file_open elapsed_ms=1 tid=140342601438912 host=DietPi.local export=/mnt/4TBS relative=/pics-sport/XCC 2026/XCC EP Champs 2026/Starred Photos/DSC_2352_result.jpg outcome=ok
PIC_NFS stage=rpc_read elapsed_ms=14 tid=140342601438912 host=DietPi.local export=/mnt/4TBS relative=/pics-sport/XCC 2026/XCC EP Champs 2026/Starred Photos/DSC_2352_result.jpg iteration=1 outcome=ok bytes=65536 timedout_delta=0 retransmitted_delta=0 reconnects_delta=0
PIC_NFS stage=first_read elapsed_ms=14 tid=140342601438912 host=DietPi.local export=/mnt/4TBS relative=/pics-sport/XCC 2026/XCC EP Champs 2026/Starred Photos/DSC_2352_result.jpg outcome=ok bytes=65536
PIC_NFS stage=rpc_read elapsed_ms=1 tid=140342601438912 host=DietPi.local export=/mnt/4TBS relative=/pics-sport/XCC 2026/XCC EP Champs 2026/Starred Photos/DSC_2352_result.jpg iteration=2 outcome=ok bytes=65536 timedout_delta=0 retransmitted_delta=0 reconnects_delta=0
PIC_NETWORK tid=ThreadId(29) PRIVATE_NFS export_cache_hit host=DietPi.local count=5
PIC_NETWORK tid=ThreadId(29) PRIVATE_NFS read_start uri=nfs://DietPi.local/mnt/4TBS/pics-sport/XCC%202026/XCC%20EP%20Champs%202026/Starred%20Photos/DSC_2277_result.jpg max_bytes=134217728
PIC_NFS stage=rpc_read elapsed_ms=2 tid=140342601438912 host=DietPi.local export=/mnt/4TBS relative=/pics-sport/XCC 2026/XCC EP Champs 2026/Starred Photos/DSC_2352_result.jpg iteration=3 outcome=ok bytes=131072 timedout_delta=0 retransmitted_delta=0 reconnects_delta=0
PIC_NFS stage=rpc_read elapsed_ms=4 tid=140342601438912 host=DietPi.local export=/mnt/4TBS relative=/pics-sport/XCC 2026/XCC EP Champs 2026/Starred Photos/DSC_2352_result.jpg iteration=4 outcome=ok bytes=262144 timedout_delta=0 retransmitted_delta=0 reconnects_delta=0
PIC_NFS stage=rpc_read elapsed_ms=72 tid=140342601438912 host=DietPi.local export=/mnt/4TBS relative=/pics-sport/XCC 2026/XCC EP Champs 2026/Starred Photos/DSC_2352_result.jpg iteration=5 outcome=ok bytes=524288 timedout_delta=0 retransmitted_delta=0 reconnects_delta=0
PIC_NFS stage=rpc_read elapsed_ms=5 tid=140342601438912 host=DietPi.local export=/mnt/4TBS relative=/pics-sport/XCC 2026/XCC EP Champs 2026/Starred Photos/DSC_2352_result.jpg iteration=6 outcome=ok bytes=412253 timedout_delta=0 retransmitted_delta=0 reconnects_delta=0
PIC_NFS stage=rpc_read elapsed_ms=1 tid=140342601438912 host=DietPi.local export=/mnt/4TBS relative=/pics-sport/XCC 2026/XCC EP Champs 2026/Starred Photos/DSC_2352_result.jpg iteration=7 outcome=ok bytes=0 timedout_delta=0 retransmitted_delta=0 reconnects_delta=0
PIC_NFS stage=file_read_complete elapsed_ms=99 tid=140342601438912 host=DietPi.local export=/mnt/4TBS relative=/pics-sport/XCC 2026/XCC EP Champs 2026/Starred Photos/DSC_2352_result.jpg outcome=ok bytes=1460829 calls=7
PIC_NFS stage=read_session_lock elapsed_ms=83 tid=140342026294976 host=DietPi.local export=/mnt/4TBS relative=/pics-sport/XCC 2026/XCC EP Champs 2026/Starred Photos/DSC_2277_result.jpg outcome=acquired
PIC_NFS_CONNECT reuse host=DietPi.local export=/mnt/4TBS
PIC_NETWORK tid=ThreadId(30) PRIVATE_NFS read_done bytes=1460829 elapsed_ms=138 uri=nfs://DietPi.local/mnt/4TBS/pics-sport/XCC%202026/XCC%20EP%20Champs%202026/Starred%20Photos/DSC_2352_result.jpg
PIC_NFS stage=file_open elapsed_ms=1 tid=140342026294976 host=DietPi.local export=/mnt/4TBS relative=/pics-sport/XCC 2026/XCC EP Champs 2026/Starred Photos/DSC_2277_result.jpg outcome=ok
PIC_NFS stage=rpc_read elapsed_ms=9 tid=140342026294976 host=DietPi.local export=/mnt/4TBS relative=/pics-sport/XCC 2026/XCC EP Champs 2026/Starred Photos/DSC_2277_result.jpg iteration=1 outcome=ok bytes=65536 timedout_delta=0 retransmitted_delta=0 reconnects_delta=0
PIC_NFS stage=first_read elapsed_ms=9 tid=140342026294976 host=DietPi.local export=/mnt/4TBS relative=/pics-sport/XCC 2026/XCC EP Champs 2026/Starred Photos/DSC_2277_result.jpg outcome=ok bytes=65536
PIC_NFS stage=rpc_read elapsed_ms=2 tid=140342026294976 host=DietPi.local export=/mnt/4TBS relative=/pics-sport/XCC 2026/XCC EP Champs 2026/Starred Photos/DSC_2277_result.jpg iteration=2 outcome=ok bytes=65536 timedout_delta=0 retransmitted_delta=0 reconnects_delta=0
PIC_NFS stage=rpc_read elapsed_ms=1 tid=140342026294976 host=DietPi.local export=/mnt/4TBS relative=/pics-sport/XCC 2026/XCC EP Champs 2026/Starred Photos/DSC_2277_result.jpg iteration=3 outcome=ok bytes=131072 timedout_delta=0 retransmitted_delta=0 reconnects_delta=0
PIC_NETWORK tid=ThreadId(30) PRIVATE_NFS export_cache_hit host=DietPi.local count=5
PIC_NETWORK tid=ThreadId(30) PRIVATE_NFS read_start uri=nfs://DietPi.local/mnt/4TBS/pics-sport/XCC%202026/XCC%20EP%20Champs%202026/Starred%20Photos/DSC_2267_result.jpg max_bytes=134217728
PIC_NFS stage=rpc_read elapsed_ms=4 tid=140342026294976 host=DietPi.local export=/mnt/4TBS relative=/pics-sport/XCC 2026/XCC EP Champs 2026/Starred Photos/DSC_2277_result.jpg iteration=4 outcome=ok bytes=262144 timedout_delta=0 retransmitted_delta=0 reconnects_delta=0
PIC_NFS stage=rpc_read elapsed_ms=7 tid=140342026294976 host=DietPi.local export=/mnt/4TBS relative=/pics-sport/XCC 2026/XCC EP Champs 2026/Starred Photos/DSC_2277_result.jpg iteration=5 outcome=ok bytes=524288 timedout_delta=0 retransmitted_delta=0 reconnects_delta=0
PIC_NFS stage=rpc_read elapsed_ms=6 tid=140342026294976 host=DietPi.local export=/mnt/4TBS relative=/pics-sport/XCC 2026/XCC EP Champs 2026/Starred Photos/DSC_2277_result.jpg iteration=6 outcome=ok bytes=364736 timedout_delta=0 retransmitted_delta=0 reconnects_delta=0
PIC_NFS stage=rpc_read elapsed_ms=0 tid=140342026294976 host=DietPi.local export=/mnt/4TBS relative=/pics-sport/XCC 2026/XCC EP Champs 2026/Starred Photos/DSC_2277_result.jpg iteration=7 outcome=ok bytes=0 timedout_delta=0 retransmitted_delta=0 reconnects_delta=0
PIC_NFS stage=file_read_complete elapsed_ms=29 tid=140342026294976 host=DietPi.local export=/mnt/4TBS relative=/pics-sport/XCC 2026/XCC EP Champs 2026/Starred Photos/DSC_2277_result.jpg outcome=ok bytes=1413312 calls=7
PIC_NFS stage=read_session_lock elapsed_ms=14 tid=140342601438912 host=DietPi.local export=/mnt/4TBS relative=/pics-sport/XCC 2026/XCC EP Champs 2026/Starred Photos/DSC_2267_result.jpg outcome=acquired
PIC_NFS_CONNECT reuse host=DietPi.local export=/mnt/4TBS
PIC_NETWORK tid=ThreadId(29) PRIVATE_NFS read_done bytes=1413312 elapsed_ms=113 uri=nfs://DietPi.local/mnt/4TBS/pics-sport/XCC%202026/XCC%20EP%20Champs%202026/Starred%20Photos/DSC_2277_result.jpg
PIC_NFS stage=file_open elapsed_ms=2 tid=140342601438912 host=DietPi.local export=/mnt/4TBS relative=/pics-sport/XCC 2026/XCC EP Champs 2026/Starred Photos/DSC_2267_result.jpg outcome=ok
PIC_NETWORK tid=ThreadId(29) PRIVATE_NFS export_cache_hit host=DietPi.local count=5
PIC_NETWORK tid=ThreadId(29) PRIVATE_NFS read_start uri=nfs://DietPi.local/mnt/4TBS/pics-sport/XCC%202026/XCC%20EP%20Champs%202026/Starred%20Photos/DSC_1527_result.jpg max_bytes=134217728
PIC_NFS stage=rpc_read elapsed_ms=20 tid=140342601438912 host=DietPi.local export=/mnt/4TBS relative=/pics-sport/XCC 2026/XCC EP Champs 2026/Starred Photos/DSC_2267_result.jpg iteration=1 outcome=ok bytes=65536 timedout_delta=0 retransmitted_delta=0 reconnects_delta=0
PIC_NFS stage=first_read elapsed_ms=20 tid=140342601438912 host=DietPi.local export=/mnt/4TBS relative=/pics-sport/XCC 2026/XCC EP Champs 2026/Starred Photos/DSC_2267_result.jpg outcome=ok bytes=65536
PIC_NFS stage=rpc_read elapsed_ms=1 tid=140342601438912 host=DietPi.local export=/mnt/4TBS relative=/pics-sport/XCC 2026/XCC EP Champs 2026/Starred Photos/DSC_2267_result.jpg iteration=2 outcome=ok bytes=65536 timedout_delta=0 retransmitted_delta=0 reconnects_delta=0
PIC_NFS stage=rpc_read elapsed_ms=2 tid=140342601438912 host=DietPi.local export=/mnt/4TBS relative=/pics-sport/XCC 2026/XCC EP Champs 2026/Starred Photos/DSC_2267_result.jpg iteration=3 outcome=ok bytes=131072 timedout_delta=0 retransmitted_delta=0 reconnects_delta=0
PIC_NFS stage=rpc_read elapsed_ms=4 tid=140342601438912 host=DietPi.local export=/mnt/4TBS relative=/pics-sport/XCC 2026/XCC EP Champs 2026/Starred Photos/DSC_2267_result.jpg iteration=4 outcome=ok bytes=262144 timedout_delta=0 retransmitted_delta=0 reconnects_delta=0
PIC_NFS stage=rpc_read elapsed_ms=7 tid=140342601438912 host=DietPi.local export=/mnt/4TBS relative=/pics-sport/XCC 2026/XCC EP Champs 2026/Starred Photos/DSC_2267_result.jpg iteration=5 outcome=ok bytes=524288 timedout_delta=0 retransmitted_delta=0 reconnects_delta=0
PIC_NFS stage=rpc_read elapsed_ms=10 tid=140342601438912 host=DietPi.local export=/mnt/4TBS relative=/pics-sport/XCC 2026/XCC EP Champs 2026/Starred Photos/DSC_2267_result.jpg iteration=6 outcome=ok bytes=790170 timedout_delta=0 retransmitted_delta=0 reconnects_delta=0
PIC_NFS stage=rpc_read elapsed_ms=0 tid=140342601438912 host=DietPi.local export=/mnt/4TBS relative=/pics-sport/XCC 2026/XCC EP Champs 2026/Starred Photos/DSC_2267_result.jpg iteration=7 outcome=ok bytes=0 timedout_delta=0 retransmitted_delta=0 reconnects_delta=0
PIC_NFS stage=file_read_complete elapsed_ms=44 tid=140342601438912 host=DietPi.local export=/mnt/4TBS relative=/pics-sport/XCC 2026/XCC EP Champs 2026/Starred Photos/DSC_2267_result.jpg outcome=ok bytes=1838746 calls=7
PIC_NFS stage=read_session_lock elapsed_ms=30 tid=140342026294976 host=DietPi.local export=/mnt/4TBS relative=/pics-sport/XCC 2026/XCC EP Champs 2026/Starred Photos/DSC_1527_result.jpg outcome=acquired
PIC_NFS_CONNECT reuse host=DietPi.local export=/mnt/4TBS
PIC_NETWORK tid=ThreadId(30) PRIVATE_NFS read_done bytes=1838746 elapsed_ms=60 uri=nfs://DietPi.local/mnt/4TBS/pics-sport/XCC%202026/XCC%20EP%20Champs%202026/Starred%20Photos/DSC_2267_result.jpg
PIC_NFS stage=file_open elapsed_ms=2 tid=140342026294976 host=DietPi.local export=/mnt/4TBS relative=/pics-sport/XCC 2026/XCC EP Champs 2026/Starred Photos/DSC_1527_result.jpg outcome=ok
PIC_NFS stage=rpc_read elapsed_ms=2 tid=140342026294976 host=DietPi.local export=/mnt/4TBS relative=/pics-sport/XCC 2026/XCC EP Champs 2026/Starred Photos/DSC_1527_result.jpg iteration=1 outcome=ok bytes=65536 timedout_delta=0 retransmitted_delta=0 reconnects_delta=0
PIC_NFS stage=first_read elapsed_ms=2 tid=140342026294976 host=DietPi.local export=/mnt/4TBS relative=/pics-sport/XCC 2026/XCC EP Champs 2026/Starred Photos/DSC_1527_result.jpg outcome=ok bytes=65536
PIC_NFS stage=rpc_read elapsed_ms=1 tid=140342026294976 host=DietPi.local export=/mnt/4TBS relative=/pics-sport/XCC 2026/XCC EP Champs 2026/Starred Photos/DSC_1527_result.jpg iteration=2 outcome=ok bytes=65536 timedout_delta=0 retransmitted_delta=0 reconnects_delta=0
PIC_NFS stage=rpc_read elapsed_ms=2 tid=140342026294976 host=DietPi.local export=/mnt/4TBS relative=/pics-sport/XCC 2026/XCC EP Champs 2026/Starred Photos/DSC_1527_result.jpg iteration=3 outcome=ok bytes=131072 timedout_delta=0 retransmitted_delta=0 reconnects_delta=0
PIC_NFS stage=rpc_read elapsed_ms=4 tid=140342026294976 host=DietPi.local export=/mnt/4TBS relative=/pics-sport/XCC 2026/XCC EP Champs 2026/Starred Photos/DSC_1527_result.jpg iteration=4 outcome=ok bytes=262144 timedout_delta=0 retransmitted_delta=0 reconnects_delta=0
PIC_NFS stage=rpc_read elapsed_ms=6 tid=140342026294976 host=DietPi.local export=/mnt/4TBS relative=/pics-sport/XCC 2026/XCC EP Champs 2026/Starred Photos/DSC_1527_result.jpg iteration=5 outcome=ok bytes=524288 timedout_delta=0 retransmitted_delta=0 reconnects_delta=0
PIC_NETWORK tid=ThreadId(30) PRIVATE_NFS export_cache_hit host=DietPi.local count=5
PIC_NETWORK tid=ThreadId(30) PRIVATE_NFS read_start uri=nfs://DietPi.local/mnt/4TBS/pics-sport/XCC%202026/XCC%20EP%20Champs%202026/Starred%20Photos/DSC_1558_result.jpg max_bytes=134217728
PIC_NFS stage=rpc_read elapsed_ms=21 tid=140342026294976 host=DietPi.local export=/mnt/4TBS relative=/pics-sport/XCC 2026/XCC EP Champs 2026/Starred Photos/DSC_1527_result.jpg iteration=6 outcome=ok bytes=668032 timedout_delta=0 retransmitted_delta=0 reconnects_delta=0
PIC_NFS stage=rpc_read elapsed_ms=0 tid=140342026294976 host=DietPi.local export=/mnt/4TBS relative=/pics-sport/XCC 2026/XCC EP Champs 2026/Starred Photos/DSC_1527_result.jpg iteration=7 outcome=ok bytes=0 timedout_delta=0 retransmitted_delta=0 reconnects_delta=0
PIC_NFS stage=file_read_complete elapsed_ms=36 tid=140342026294976 host=DietPi.local export=/mnt/4TBS relative=/pics-sport/XCC 2026/XCC EP Champs 2026/Starred Photos/DSC_1527_result.jpg outcome=ok bytes=1716608 calls=7
PIC_NFS stage=read_session_lock elapsed_ms=19 tid=140342601438912 host=DietPi.local export=/mnt/4TBS relative=/pics-sport/XCC 2026/XCC EP Champs 2026/Starred Photos/DSC_1558_result.jpg outcome=acquired
PIC_NFS_CONNECT reuse host=DietPi.local export=/mnt/4TBS
PIC_NETWORK tid=ThreadId(29) PRIVATE_NFS read_done bytes=1716608 elapsed_ms=68 uri=nfs://DietPi.local/mnt/4TBS/pics-sport/XCC%202026/XCC%20EP%20Champs%202026/Starred%20Photos/DSC_1527_result.jpg
PIC_NFS stage=file_open elapsed_ms=2 tid=140342601438912 host=DietPi.local export=/mnt/4TBS relative=/pics-sport/XCC 2026/XCC EP Champs 2026/Starred Photos/DSC_1558_result.jpg outcome=ok
PIC_NETWORK tid=ThreadId(29) PRIVATE_NFS export_cache_hit host=DietPi.local count=5
PIC_NETWORK tid=ThreadId(29) PRIVATE_NFS read_start uri=nfs://DietPi.local/mnt/4TBS/pics-sport/XCC%202026/XCC%20EP%20Champs%202026/Starred%20Photos/DSC_1599_result.jpg max_bytes=134217728
PIC_NFS stage=rpc_read elapsed_ms=22 tid=140342601438912 host=DietPi.local export=/mnt/4TBS relative=/pics-sport/XCC 2026/XCC EP Champs 2026/Starred Photos/DSC_1558_result.jpg iteration=1 outcome=ok bytes=65536 timedout_delta=0 retransmitted_delta=0 reconnects_delta=0
PIC_NFS stage=first_read elapsed_ms=22 tid=140342601438912 host=DietPi.local export=/mnt/4TBS relative=/pics-sport/XCC 2026/XCC EP Champs 2026/Starred Photos/DSC_1558_result.jpg outcome=ok bytes=65536
PIC_NFS stage=rpc_read elapsed_ms=1 tid=140342601438912 host=DietPi.local export=/mnt/4TBS relative=/pics-sport/XCC 2026/XCC EP Champs 2026/Starred Photos/DSC_1558_result.jpg iteration=2 outcome=ok bytes=65536 timedout_delta=0 retransmitted_delta=0 reconnects_delta=0
PIC_NFS stage=rpc_read elapsed_ms=2 tid=140342601438912 host=DietPi.local export=/mnt/4TBS relative=/pics-sport/XCC 2026/XCC EP Champs 2026/Starred Photos/DSC_1558_result.jpg iteration=3 outcome=ok bytes=131072 timedout_delta=0 retransmitted_delta=0 reconnects_delta=0
PIC_NFS stage=rpc_read elapsed_ms=12 tid=140342601438912 host=DietPi.local export=/mnt/4TBS relative=/pics-sport/XCC 2026/XCC EP Champs 2026/Starred Photos/DSC_1558_result.jpg iteration=4 outcome=ok bytes=262144 timedout_delta=0 retransmitted_delta=0 reconnects_delta=0
PIC_NFS stage=rpc_read elapsed_ms=8 tid=140342601438912 host=DietPi.local export=/mnt/4TBS relative=/pics-sport/XCC 2026/XCC EP Champs 2026/Starred Photos/DSC_1558_result.jpg iteration=5 outcome=ok bytes=524288 timedout_delta=0 retransmitted_delta=0 reconnects_delta=0
PIC_NFS stage=rpc_read elapsed_ms=3 tid=140342601438912 host=DietPi.local export=/mnt/4TBS relative=/pics-sport/XCC 2026/XCC EP Champs 2026/Starred Photos/DSC_1558_result.jpg iteration=6 outcome=ok bytes=215554 timedout_delta=0 retransmitted_delta=0 reconnects_delta=0
PIC_NFS stage=rpc_read elapsed_ms=0 tid=140342601438912 host=DietPi.local export=/mnt/4TBS relative=/pics-sport/XCC 2026/XCC EP Champs 2026/Starred Photos/DSC_1558_result.jpg iteration=7 outcome=ok bytes=0 timedout_delta=0 retransmitted_delta=0 reconnects_delta=0
PIC_NFS stage=file_read_complete elapsed_ms=48 tid=140342601438912 host=DietPi.local export=/mnt/4TBS relative=/pics-sport/XCC 2026/XCC EP Champs 2026/Starred Photos/DSC_1558_result.jpg outcome=ok bytes=1264130 calls=7
PIC_NFS stage=read_session_lock elapsed_ms=33 tid=140342026294976 host=DietPi.local export=/mnt/4TBS relative=/pics-sport/XCC 2026/XCC EP Champs 2026/Starred Photos/DSC_1599_result.jpg outcome=acquired
PIC_NFS_CONNECT reuse host=DietPi.local export=/mnt/4TBS
PIC_NETWORK tid=ThreadId(30) PRIVATE_NFS read_done bytes=1264130 elapsed_ms=69 uri=nfs://DietPi.local/mnt/4TBS/pics-sport/XCC%202026/XCC%20EP%20Champs%202026/Starred%20Photos/DSC_1558_result.jpg
PIC_NFS stage=file_open elapsed_ms=2 tid=140342026294976 host=DietPi.local export=/mnt/4TBS relative=/pics-sport/XCC 2026/XCC EP Champs 2026/Starred Photos/DSC_1599_result.jpg outcome=ok
PIC_NETWORK tid=ThreadId(30) PRIVATE_NFS export_cache_hit host=DietPi.local count=5
PIC_NETWORK tid=ThreadId(30) PRIVATE_NFS read_start uri=nfs://DietPi.local/mnt/4TBS/pics-sport/XCC%202026/XCC%20EP%20Champs%202026/Starred%20Photos/DSC_0467_result.jpg max_bytes=134217728
PIC_NFS stage=rpc_read elapsed_ms=20 tid=140342026294976 host=DietPi.local export=/mnt/4TBS relative=/pics-sport/XCC 2026/XCC EP Champs 2026/Starred Photos/DSC_1599_result.jpg iteration=1 outcome=ok bytes=65536 timedout_delta=0 retransmitted_delta=0 reconnects_delta=0
PIC_NFS stage=first_read elapsed_ms=20 tid=140342026294976 host=DietPi.local export=/mnt/4TBS relative=/pics-sport/XCC 2026/XCC EP Champs 2026/Starred Photos/DSC_1599_result.jpg outcome=ok bytes=65536
PIC_NFS stage=rpc_read elapsed_ms=2 tid=140342026294976 host=DietPi.local export=/mnt/4TBS relative=/pics-sport/XCC 2026/XCC EP Champs 2026/Starred Photos/DSC_1599_result.jpg iteration=2 outcome=ok bytes=65536 timedout_delta=0 retransmitted_delta=0 reconnects_delta=0
PIC_NFS stage=rpc_read elapsed_ms=2 tid=140342026294976 host=DietPi.local export=/mnt/4TBS relative=/pics-sport/XCC 2026/XCC EP Champs 2026/Starred Photos/DSC_1599_result.jpg iteration=3 outcome=ok bytes=131072 timedout_delta=0 retransmitted_delta=0 reconnects_delta=0
PIC_NFS stage=rpc_read elapsed_ms=4 tid=140342026294976 host=DietPi.local export=/mnt/4TBS relative=/pics-sport/XCC 2026/XCC EP Champs 2026/Starred Photos/DSC_1599_result.jpg iteration=4 outcome=ok bytes=262144 timedout_delta=0 retransmitted_delta=0 reconnects_delta=0
PIC_NFS stage=rpc_read elapsed_ms=7 tid=140342026294976 host=DietPi.local export=/mnt/4TBS relative=/pics-sport/XCC 2026/XCC EP Champs 2026/Starred Photos/DSC_1599_result.jpg iteration=5 outcome=ok bytes=524288 timedout_delta=0 retransmitted_delta=0 reconnects_delta=0
PIC_NFS stage=rpc_read elapsed_ms=8 tid=140342026294976 host=DietPi.local export=/mnt/4TBS relative=/pics-sport/XCC 2026/XCC EP Champs 2026/Starred Photos/DSC_1599_result.jpg iteration=6 outcome=ok bytes=670285 timedout_delta=0 retransmitted_delta=0 reconnects_delta=0
PIC_NFS stage=rpc_read elapsed_ms=0 tid=140342026294976 host=DietPi.local export=/mnt/4TBS relative=/pics-sport/XCC 2026/XCC EP Champs 2026/Starred Photos/DSC_1599_result.jpg iteration=7 outcome=ok bytes=0 timedout_delta=0 retransmitted_delta=0 reconnects_delta=0
PIC_NFS stage=file_read_complete elapsed_ms=44 tid=140342026294976 host=DietPi.local export=/mnt/4TBS relative=/pics-sport/XCC 2026/XCC EP Champs 2026/Starred Photos/DSC_1599_result.jpg outcome=ok bytes=1718861 calls=7
PIC_NFS stage=read_session_lock elapsed_ms=31 tid=140342601438912 host=DietPi.local export=/mnt/4TBS relative=/pics-sport/XCC 2026/XCC EP Champs 2026/Starred Photos/DSC_0467_result.jpg outcome=acquired
PIC_NFS_CONNECT reuse host=DietPi.local export=/mnt/4TBS
PIC_NETWORK tid=ThreadId(29) PRIVATE_NFS read_done bytes=1718861 elapsed_ms=78 uri=nfs://DietPi.local/mnt/4TBS/pics-sport/XCC%202026/XCC%20EP%20Champs%202026/Starred%20Photos/DSC_1599_result.jpg
PIC_NFS stage=file_open elapsed_ms=1 tid=140342601438912 host=DietPi.local export=/mnt/4TBS relative=/pics-sport/XCC 2026/XCC EP Champs 2026/Starred Photos/DSC_0467_result.jpg outcome=ok
PIC_NETWORK tid=ThreadId(29) PRIVATE_NFS export_cache_hit host=DietPi.local count=5
PIC_NETWORK tid=ThreadId(29) PRIVATE_NFS read_start uri=nfs://DietPi.local/mnt/4TBS/pics-sport/XCC%202026/XCC%20EP%20Champs%202026/Starred%20Photos/DSC_1072_result.jpg max_bytes=134217728
PIC_NFS stage=rpc_read elapsed_ms=28 tid=140342601438912 host=DietPi.local export=/mnt/4TBS relative=/pics-sport/XCC 2026/XCC EP Champs 2026/Starred Photos/DSC_0467_result.jpg iteration=1 outcome=ok bytes=65536 timedout_delta=0 retransmitted_delta=0 reconnects_delta=0
PIC_NFS stage=first_read elapsed_ms=28 tid=140342601438912 host=DietPi.local export=/mnt/4TBS relative=/pics-sport/XCC 2026/XCC EP Champs 2026/Starred Photos/DSC_0467_result.jpg outcome=ok bytes=65536
PIC_NFS stage=rpc_read elapsed_ms=1 tid=140342601438912 host=DietPi.local export=/mnt/4TBS relative=/pics-sport/XCC 2026/XCC EP Champs 2026/Starred Photos/DSC_0467_result.jpg iteration=2 outcome=ok bytes=65536 timedout_delta=0 retransmitted_delta=0 reconnects_delta=0
PIC_NFS stage=rpc_read elapsed_ms=2 tid=140342601438912 host=DietPi.local export=/mnt/4TBS relative=/pics-sport/XCC 2026/XCC EP Champs 2026/Starred Photos/DSC_0467_result.jpg iteration=3 outcome=ok bytes=131072 timedout_delta=0 retransmitted_delta=0 reconnects_delta=0
PIC_NFS stage=rpc_read elapsed_ms=4 tid=140342601438912 host=DietPi.local export=/mnt/4TBS relative=/pics-sport/XCC 2026/XCC EP Champs 2026/Starred Photos/DSC_0467_result.jpg iteration=4 outcome=ok bytes=262144 timedout_delta=0 retransmitted_delta=0 reconnects_delta=0
PIC_NFS stage=rpc_read elapsed_ms=7 tid=140342601438912 host=DietPi.local export=/mnt/4TBS relative=/pics-sport/XCC 2026/XCC EP Champs 2026/Starred Photos/DSC_0467_result.jpg iteration=5 outcome=ok bytes=524288 timedout_delta=0 retransmitted_delta=0 reconnects_delta=0
PIC_NFS stage=rpc_read elapsed_ms=3 tid=140342601438912 host=DietPi.local export=/mnt/4TBS relative=/pics-sport/XCC 2026/XCC EP Champs 2026/Starred Photos/DSC_0467_result.jpg iteration=6 outcome=ok bytes=248821 timedout_delta=0 retransmitted_delta=0 reconnects_delta=0
PIC_NFS stage=rpc_read elapsed_ms=1 tid=140342601438912 host=DietPi.local export=/mnt/4TBS relative=/pics-sport/XCC 2026/XCC EP Champs 2026/Starred Photos/DSC_0467_result.jpg iteration=7 outcome=ok bytes=0 timedout_delta=0 retransmitted_delta=0 reconnects_delta=0
PIC_NFS stage=file_read_complete elapsed_ms=46 tid=140342601438912 host=DietPi.local export=/mnt/4TBS relative=/pics-sport/XCC 2026/XCC EP Champs 2026/Starred Photos/DSC_0467_result.jpg outcome=ok bytes=1297397 calls=7
PIC_NFS stage=read_session_lock elapsed_ms=30 tid=140342026294976 host=DietPi.local export=/mnt/4TBS relative=/pics-sport/XCC 2026/XCC EP Champs 2026/Starred Photos/DSC_1072_result.jpg outcome=acquired
PIC_NFS_CONNECT reuse host=DietPi.local export=/mnt/4TBS
PIC_NETWORK tid=ThreadId(30) PRIVATE_NFS read_done bytes=1297397 elapsed_ms=77 uri=nfs://DietPi.local/mnt/4TBS/pics-sport/XCC%202026/XCC%20EP%20Champs%202026/Starred%20Photos/DSC_0467_result.jpg
PIC_NFS stage=file_open elapsed_ms=1 tid=140342026294976 host=DietPi.local export=/mnt/4TBS relative=/pics-sport/XCC 2026/XCC EP Champs 2026/Starred Photos/DSC_1072_result.jpg outcome=ok
PIC_NFS stage=rpc_read elapsed_ms=2 tid=140342026294976 host=DietPi.local export=/mnt/4TBS relative=/pics-sport/XCC 2026/XCC EP Champs 2026/Starred Photos/DSC_1072_result.jpg iteration=1 outcome=ok bytes=65536 timedout_delta=0 retransmitted_delta=0 reconnects_delta=0
PIC_NFS stage=first_read elapsed_ms=2 tid=140342026294976 host=DietPi.local export=/mnt/4TBS relative=/pics-sport/XCC 2026/XCC EP Champs 2026/Starred Photos/DSC_1072_result.jpg outcome=ok bytes=65536
PIC_NFS stage=rpc_read elapsed_ms=2 tid=140342026294976 host=DietPi.local export=/mnt/4TBS relative=/pics-sport/XCC 2026/XCC EP Champs 2026/Starred Photos/DSC_1072_result.jpg iteration=2 outcome=ok bytes=65536 timedout_delta=0 retransmitted_delta=0 reconnects_delta=0
PIC_NFS stage=rpc_read elapsed_ms=1 tid=140342026294976 host=DietPi.local export=/mnt/4TBS relative=/pics-sport/XCC 2026/XCC EP Champs 2026/Starred Photos/DSC_1072_result.jpg iteration=3 outcome=ok bytes=131072 timedout_delta=0 retransmitted_delta=0 reconnects_delta=0
PIC_NETWORK tid=ThreadId(30) PRIVATE_NFS export_cache_hit host=DietPi.local count=5
PIC_NETWORK tid=ThreadId(30) PRIVATE_NFS read_start uri=nfs://DietPi.local/mnt/4TBS/pics-sport/XCC%202026/XCC%20EP%20Champs%202026/Starred%20Photos/DSC_1178_result.jpg max_bytes=134217728
PIC_NFS stage=rpc_read elapsed_ms=23 tid=140342026294976 host=DietPi.local export=/mnt/4TBS relative=/pics-sport/XCC 2026/XCC EP Champs 2026/Starred Photos/DSC_1072_result.jpg iteration=4 outcome=ok bytes=262144 timedout_delta=0 retransmitted_delta=0 reconnects_delta=0
PIC_NFS stage=rpc_read elapsed_ms=7 tid=140342026294976 host=DietPi.local export=/mnt/4TBS relative=/pics-sport/XCC 2026/XCC EP Champs 2026/Starred Photos/DSC_1072_result.jpg iteration=5 outcome=ok bytes=524288 timedout_delta=0 retransmitted_delta=0 reconnects_delta=0
PIC_NFS stage=rpc_read elapsed_ms=6 tid=140342026294976 host=DietPi.local export=/mnt/4TBS relative=/pics-sport/XCC 2026/XCC EP Champs 2026/Starred Photos/DSC_1072_result.jpg iteration=6 outcome=ok bytes=454944 timedout_delta=0 retransmitted_delta=0 reconnects_delta=0
PIC_NFS stage=rpc_read elapsed_ms=0 tid=140342026294976 host=DietPi.local export=/mnt/4TBS relative=/pics-sport/XCC 2026/XCC EP Champs 2026/Starred Photos/DSC_1072_result.jpg iteration=7 outcome=ok bytes=0 timedout_delta=0 retransmitted_delta=0 reconnects_delta=0
PIC_NFS stage=file_read_complete elapsed_ms=41 tid=140342026294976 host=DietPi.local export=/mnt/4TBS relative=/pics-sport/XCC 2026/XCC EP Champs 2026/Starred Photos/DSC_1072_result.jpg outcome=ok bytes=1503520 calls=7
PIC_NFS stage=read_session_lock elapsed_ms=27 tid=140342601438912 host=DietPi.local export=/mnt/4TBS relative=/pics-sport/XCC 2026/XCC EP Champs 2026/Starred Photos/DSC_1178_result.jpg outcome=acquired
PIC_NFS_CONNECT reuse host=DietPi.local export=/mnt/4TBS
PIC_NETWORK tid=ThreadId(29) PRIVATE_NFS read_done bytes=1503520 elapsed_ms=72 uri=nfs://DietPi.local/mnt/4TBS/pics-sport/XCC%202026/XCC%20EP%20Champs%202026/Starred%20Photos/DSC_1072_result.jpg
PIC_NFS stage=file_open elapsed_ms=2 tid=140342601438912 host=DietPi.local export=/mnt/4TBS relative=/pics-sport/XCC 2026/XCC EP Champs 2026/Starred Photos/DSC_1178_result.jpg outcome=ok
PIC_NETWORK tid=ThreadId(29) PRIVATE_NFS export_cache_hit host=DietPi.local count=5
PIC_NETWORK tid=ThreadId(29) PRIVATE_NFS read_start uri=nfs://DietPi.local/mnt/4TBS/pics-sport/XCC%202026/XCC%20EP%20Champs%202026/Starred%20Photos/DSC_1013_result.jpg max_bytes=134217728
PIC_NFS stage=rpc_read elapsed_ms=22 tid=140342601438912 host=DietPi.local export=/mnt/4TBS relative=/pics-sport/XCC 2026/XCC EP Champs 2026/Starred Photos/DSC_1178_result.jpg iteration=1 outcome=ok bytes=65536 timedout_delta=0 retransmitted_delta=0 reconnects_delta=0
PIC_NFS stage=first_read elapsed_ms=22 tid=140342601438912 host=DietPi.local export=/mnt/4TBS relative=/pics-sport/XCC 2026/XCC EP Champs 2026/Starred Photos/DSC_1178_result.jpg outcome=ok bytes=65536
PIC_NFS stage=rpc_read elapsed_ms=1 tid=140342601438912 host=DietPi.local export=/mnt/4TBS relative=/pics-sport/XCC 2026/XCC EP Champs 2026/Starred Photos/DSC_1178_result.jpg iteration=2 outcome=ok bytes=65536 timedout_delta=0 retransmitted_delta=0 reconnects_delta=0
PIC_NFS stage=rpc_read elapsed_ms=2 tid=140342601438912 host=DietPi.local export=/mnt/4TBS relative=/pics-sport/XCC 2026/XCC EP Champs 2026/Starred Photos/DSC_1178_result.jpg iteration=3 outcome=ok bytes=131072 timedout_delta=0 retransmitted_delta=0 reconnects_delta=0
PIC_NFS stage=rpc_read elapsed_ms=4 tid=140342601438912 host=DietPi.local export=/mnt/4TBS relative=/pics-sport/XCC 2026/XCC EP Champs 2026/Starred Photos/DSC_1178_result.jpg iteration=4 outcome=ok bytes=262144 timedout_delta=0 retransmitted_delta=0 reconnects_delta=0
PIC_NFS stage=rpc_read elapsed_ms=7 tid=140342601438912 host=DietPi.local export=/mnt/4TBS relative=/pics-sport/XCC 2026/XCC EP Champs 2026/Starred Photos/DSC_1178_result.jpg iteration=5 outcome=ok bytes=524288 timedout_delta=0 retransmitted_delta=0 reconnects_delta=0
PIC_NFS stage=rpc_read elapsed_ms=5 tid=140342601438912 host=DietPi.local export=/mnt/4TBS relative=/pics-sport/XCC 2026/XCC EP Champs 2026/Starred Photos/DSC_1178_result.jpg iteration=6 outcome=ok bytes=384750 timedout_delta=0 retransmitted_delta=0 reconnects_delta=0
PIC_NFS stage=rpc_read elapsed_ms=1 tid=140342601438912 host=DietPi.local export=/mnt/4TBS relative=/pics-sport/XCC 2026/XCC EP Champs 2026/Starred Photos/DSC_1178_result.jpg iteration=7 outcome=ok bytes=0 timedout_delta=0 retransmitted_delta=0 reconnects_delta=0
PIC_NFS stage=file_read_complete elapsed_ms=42 tid=140342601438912 host=DietPi.local export=/mnt/4TBS relative=/pics-sport/XCC 2026/XCC EP Champs 2026/Starred Photos/DSC_1178_result.jpg outcome=ok bytes=1433326 calls=7
PIC_NFS stage=read_session_lock elapsed_ms=28 tid=140342026294976 host=DietPi.local export=/mnt/4TBS relative=/pics-sport/XCC 2026/XCC EP Champs 2026/Starred Photos/DSC_1013_result.jpg outcome=acquired
PIC_NFS_CONNECT reuse host=DietPi.local export=/mnt/4TBS
PIC_NETWORK tid=ThreadId(30) PRIVATE_NFS read_done bytes=1433326 elapsed_ms=70 uri=nfs://DietPi.local/mnt/4TBS/pics-sport/XCC%202026/XCC%20EP%20Champs%202026/Starred%20Photos/DSC_1178_result.jpg
PIC_NFS stage=file_open elapsed_ms=1 tid=140342026294976 host=DietPi.local export=/mnt/4TBS relative=/pics-sport/XCC 2026/XCC EP Champs 2026/Starred Photos/DSC_1013_result.jpg outcome=ok
PIC_NETWORK tid=ThreadId(30) PRIVATE_NFS export_cache_hit host=DietPi.local count=5
PIC_NETWORK tid=ThreadId(30) PRIVATE_NFS read_start uri=nfs://DietPi.local/mnt/4TBS/pics-sport/XCC%202026/XCC%20EP%20Champs%202026/Starred%20Photos/DSC_1043_result.jpg max_bytes=134217728
PIC_NFS stage=rpc_read elapsed_ms=24 tid=140342026294976 host=DietPi.local export=/mnt/4TBS relative=/pics-sport/XCC 2026/XCC EP Champs 2026/Starred Photos/DSC_1013_result.jpg iteration=1 outcome=ok bytes=65536 timedout_delta=0 retransmitted_delta=0 reconnects_delta=0
PIC_NFS stage=first_read elapsed_ms=24 tid=140342026294976 host=DietPi.local export=/mnt/4TBS relative=/pics-sport/XCC 2026/XCC EP Champs 2026/Starred Photos/DSC_1013_result.jpg outcome=ok bytes=65536
PIC_NFS stage=rpc_read elapsed_ms=2 tid=140342026294976 host=DietPi.local export=/mnt/4TBS relative=/pics-sport/XCC 2026/XCC EP Champs 2026/Starred Photos/DSC_1013_result.jpg iteration=2 outcome=ok bytes=65536 timedout_delta=0 retransmitted_delta=0 reconnects_delta=0
PIC_NFS stage=rpc_read elapsed_ms=2 tid=140342026294976 host=DietPi.local export=/mnt/4TBS relative=/pics-sport/XCC 2026/XCC EP Champs 2026/Starred Photos/DSC_1013_result.jpg iteration=3 outcome=ok bytes=131072 timedout_delta=0 retransmitted_delta=0 reconnects_delta=0
PIC_NFS stage=rpc_read elapsed_ms=3 tid=140342026294976 host=DietPi.local export=/mnt/4TBS relative=/pics-sport/XCC 2026/XCC EP Champs 2026/Starred Photos/DSC_1013_result.jpg iteration=4 outcome=ok bytes=262144 timedout_delta=0 retransmitted_delta=0 reconnects_delta=0
PIC_NFS stage=rpc_read elapsed_ms=8 tid=140342026294976 host=DietPi.local export=/mnt/4TBS relative=/pics-sport/XCC 2026/XCC EP Champs 2026/Starred Photos/DSC_1013_result.jpg iteration=5 outcome=ok bytes=524288 timedout_delta=0 retransmitted_delta=0 reconnects_delta=0
PIC_NFS stage=rpc_read elapsed_ms=6 tid=140342026294976 host=DietPi.local export=/mnt/4TBS relative=/pics-sport/XCC 2026/XCC EP Champs 2026/Starred Photos/DSC_1013_result.jpg iteration=6 outcome=ok bytes=497451 timedout_delta=0 retransmitted_delta=0 reconnects_delta=0
PIC_NFS stage=rpc_read elapsed_ms=1 tid=140342026294976 host=DietPi.local export=/mnt/4TBS relative=/pics-sport/XCC 2026/XCC EP Champs 2026/Starred Photos/DSC_1013_result.jpg iteration=7 outcome=ok bytes=0 timedout_delta=0 retransmitted_delta=0 reconnects_delta=0
PIC_NFS stage=file_read_complete elapsed_ms=46 tid=140342026294976 host=DietPi.local export=/mnt/4TBS relative=/pics-sport/XCC 2026/XCC EP Champs 2026/Starred Photos/DSC_1013_result.jpg outcome=ok bytes=1546027 calls=7
PIC_NFS stage=read_session_lock elapsed_ms=32 tid=140342601438912 host=DietPi.local export=/mnt/4TBS relative=/pics-sport/XCC 2026/XCC EP Champs 2026/Starred Photos/DSC_1043_result.jpg outcome=acquired
PIC_NFS_CONNECT reuse host=DietPi.local export=/mnt/4TBS
PIC_NETWORK tid=ThreadId(29) PRIVATE_NFS read_done bytes=1546027 elapsed_ms=74 uri=nfs://DietPi.local/mnt/4TBS/pics-sport/XCC%202026/XCC%20EP%20Champs%202026/Starred%20Photos/DSC_1013_result.jpg
PIC_NFS stage=file_open elapsed_ms=2 tid=140342601438912 host=DietPi.local export=/mnt/4TBS relative=/pics-sport/XCC 2026/XCC EP Champs 2026/Starred Photos/DSC_1043_result.jpg outcome=ok
PIC_NFS stage=rpc_read elapsed_ms=2 tid=140342601438912 host=DietPi.local export=/mnt/4TBS relative=/pics-sport/XCC 2026/XCC EP Champs 2026/Starred Photos/DSC_1043_result.jpg iteration=1 outcome=ok bytes=65536 timedout_delta=0 retransmitted_delta=0 reconnects_delta=0
PIC_NFS stage=first_read elapsed_ms=2 tid=140342601438912 host=DietPi.local export=/mnt/4TBS relative=/pics-sport/XCC 2026/XCC EP Champs 2026/Starred Photos/DSC_1043_result.jpg outcome=ok bytes=65536
PIC_NFS stage=rpc_read elapsed_ms=1 tid=140342601438912 host=DietPi.local export=/mnt/4TBS relative=/pics-sport/XCC 2026/XCC EP Champs 2026/Starred Photos/DSC_1043_result.jpg iteration=2 outcome=ok bytes=65536 timedout_delta=0 retransmitted_delta=0 reconnects_delta=0
PIC_NFS stage=rpc_read elapsed_ms=2 tid=140342601438912 host=DietPi.local export=/mnt/4TBS relative=/pics-sport/XCC 2026/XCC EP Champs 2026/Starred Photos/DSC_1043_result.jpg iteration=3 outcome=ok bytes=131072 timedout_delta=0 retransmitted_delta=0 reconnects_delta=0
PIC_NFS stage=rpc_read elapsed_ms=4 tid=140342601438912 host=DietPi.local export=/mnt/4TBS relative=/pics-sport/XCC 2026/XCC EP Champs 2026/Starred Photos/DSC_1043_result.jpg iteration=4 outcome=ok bytes=262144 timedout_delta=0 retransmitted_delta=0 reconnects_delta=0
PIC_NFS stage=rpc_read elapsed_ms=6 tid=140342601438912 host=DietPi.local export=/mnt/4TBS relative=/pics-sport/XCC 2026/XCC EP Champs 2026/Starred Photos/DSC_1043_result.jpg iteration=5 outcome=ok bytes=524288 timedout_delta=0 retransmitted_delta=0 reconnects_delta=0
PIC_NFS stage=rpc_read elapsed_ms=6 tid=140342601438912 host=DietPi.local export=/mnt/4TBS relative=/pics-sport/XCC 2026/XCC EP Champs 2026/Starred Photos/DSC_1043_result.jpg iteration=6 outcome=ok bytes=442284 timedout_delta=0 retransmitted_delta=0 reconnects_delta=0
PIC_NFS stage=rpc_read elapsed_ms=0 tid=140342601438912 host=DietPi.local export=/mnt/4TBS relative=/pics-sport/XCC 2026/XCC EP Champs 2026/Starred Photos/DSC_1043_result.jpg iteration=7 outcome=ok bytes=0 timedout_delta=0 retransmitted_delta=0 reconnects_delta=0
PIC_NFS stage=file_read_complete elapsed_ms=21 tid=140342601438912 host=DietPi.local export=/mnt/4TBS relative=/pics-sport/XCC 2026/XCC EP Champs 2026/Starred Photos/DSC_1043_result.jpg outcome=ok bytes=1490860 calls=7
PIC_NETWORK tid=ThreadId(30) PRIVATE_NFS read_done bytes=1490860 elapsed_ms=54 uri=nfs://DietPi.local/mnt/4TBS/pics-sport/XCC%202026/XCC%20EP%20Champs%202026/Starred%20Photos/DSC_1043_result.jpg
===== SCAN COMPLETE: imported=80 failed=0 | progressive gallery updates complete =====
PIC_NETWORK tid=ThreadId(33) PRIVATE_NFS export_cache_hit host=DietPi.local count=5
PIC_NFS stage=context_creation elapsed_ms=0 tid=140342605641408 host=DietPi.local export=/mnt/4TBS relative=- outcome=ok
PIC_NFS_CONNECT create_start host=DietPi.local export=/mnt/4TBS version=3 tid=140342605641408
PIC_NFS stage=connection_establishment elapsed_ms=16 tid=140342605641408 host=DietPi.local export=/mnt/4TBS relative=- version=3 outcome=ok status=0
PIC_NFS_CONNECT create_ok host=DietPi.local export=/mnt/4TBS version=3
PIC_NETWORK tid=ThreadId(33) PRIVATE_NFS export_cache_hit host=DietPi.local count=5
PIC_NETWORK tid=ThreadId(33) PRIVATE_NFS export_cache_hit host=DietPi.local count=5
PIC_NETWORK tid=ThreadId(33) PRIVATE_NFS export_cache_hit host=DietPi.local count=5
PIC_NETWORK tid=ThreadId(33) PRIVATE_NFS export_cache_hit host=DietPi.local count=5
PIC_SMB_CONNECT reuse
PIC_VIEWER t_ms=0 tid=ThreadId(1) show_photo_request generation=2 index=446 uri=nfs://DietPi.local/mnt/4TBS/pics-sport/XCC%202026/XCC%20EP%20Champs%202026/Starred%20Photos/DSC_0005_result.jpg
PIC_VIEWER t_ms=0 tid=ThreadId(1) request lane=foreground action=new uri=nfs://DietPi.local/mnt/4TBS/pics-sport/XCC%202026/XCC%20EP%20Champs%202026/Starred%20Photos/DSC_0005_result.jpg variant=1124x794
PIC_VIEWER t_ms=0 tid=ThreadId(34) decode_start uri=nfs://DietPi.local/mnt/4TBS/pics-sport/XCC%202026/XCC%20EP%20Champs%202026/Starred%20Photos/DSC_0005_result.jpg variant=1124x794 queue_ms=0
PIC_VIEWER source_cache lane=foreground action=miss uri=nfs://DietPi.local/mnt/4TBS/pics-sport/XCC%202026/XCC%20EP%20Champs%202026/Starred%20Photos/DSC_0005_result.jpg
PIC_VIEWER network_slot lane=foreground wait_ms=0 uri=nfs://DietPi.local/mnt/4TBS/pics-sport/XCC%202026/XCC%20EP%20Champs%202026/Starred%20Photos/DSC_0005_result.jpg
PIC_NETWORK tid=ThreadId(34) PRIVATE_NFS export_cache_hit host=DietPi.local count=5
PIC_NETWORK tid=ThreadId(34) PRIVATE_NFS read_start uri=nfs://DietPi.local/mnt/4TBS/pics-sport/XCC%202026/XCC%20EP%20Champs%202026/Starred%20Photos/DSC_0005_result.jpg max_bytes=134217728
PIC_NFS stage=read_session_lock elapsed_ms=0 tid=140342605641408 host=DietPi.local export=/mnt/4TBS relative=/pics-sport/XCC 2026/XCC EP Champs 2026/Starred Photos/DSC_0005_result.jpg outcome=acquired
PIC_NFS_CONNECT reuse host=DietPi.local export=/mnt/4TBS
PIC_NFS stage=file_open elapsed_ms=2 tid=140342605641408 host=DietPi.local export=/mnt/4TBS relative=/pics-sport/XCC 2026/XCC EP Champs 2026/Starred Photos/DSC_0005_result.jpg outcome=ok
PIC_NFS stage=rpc_read elapsed_ms=2 tid=140342605641408 host=DietPi.local export=/mnt/4TBS relative=/pics-sport/XCC 2026/XCC EP Champs 2026/Starred Photos/DSC_0005_result.jpg iteration=1 outcome=ok bytes=65536 timedout_delta=0 retransmitted_delta=0 reconnects_delta=0
PIC_NFS stage=first_read elapsed_ms=2 tid=140342605641408 host=DietPi.local export=/mnt/4TBS relative=/pics-sport/XCC 2026/XCC EP Champs 2026/Starred Photos/DSC_0005_result.jpg outcome=ok bytes=65536
PIC_NFS stage=rpc_read elapsed_ms=1 tid=140342605641408 host=DietPi.local export=/mnt/4TBS relative=/pics-sport/XCC 2026/XCC EP Champs 2026/Starred Photos/DSC_0005_result.jpg iteration=2 outcome=ok bytes=65536 timedout_delta=0 retransmitted_delta=0 reconnects_delta=0
PIC_NFS stage=rpc_read elapsed_ms=2 tid=140342605641408 host=DietPi.local export=/mnt/4TBS relative=/pics-sport/XCC 2026/XCC EP Champs 2026/Starred Photos/DSC_0005_result.jpg iteration=3 outcome=ok bytes=131072 timedout_delta=0 retransmitted_delta=0 reconnects_delta=0
PIC_NFS stage=rpc_read elapsed_ms=4 tid=140342605641408 host=DietPi.local export=/mnt/4TBS relative=/pics-sport/XCC 2026/XCC EP Champs 2026/Starred Photos/DSC_0005_result.jpg iteration=4 outcome=ok bytes=262144 timedout_delta=0 retransmitted_delta=0 reconnects_delta=0
PIC_NFS stage=rpc_read elapsed_ms=5 tid=140342605641408 host=DietPi.local export=/mnt/4TBS relative=/pics-sport/XCC 2026/XCC EP Champs 2026/Starred Photos/DSC_0005_result.jpg iteration=5 outcome=ok bytes=524288 timedout_delta=0 retransmitted_delta=0 reconnects_delta=0
PIC_NFS stage=rpc_read elapsed_ms=2 tid=140342605641408 host=DietPi.local export=/mnt/4TBS relative=/pics-sport/XCC 2026/XCC EP Champs 2026/Starred Photos/DSC_0005_result.jpg iteration=6 outcome=ok bytes=153453 timedout_delta=0 retransmitted_delta=0 reconnects_delta=0
PIC_NFS stage=rpc_read elapsed_ms=0 tid=140342605641408 host=DietPi.local export=/mnt/4TBS relative=/pics-sport/XCC 2026/XCC EP Champs 2026/Starred Photos/DSC_0005_result.jpg iteration=7 outcome=ok bytes=0 timedout_delta=0 retransmitted_delta=0 reconnects_delta=0
PIC_NFS stage=file_read_complete elapsed_ms=16 tid=140342605641408 host=DietPi.local export=/mnt/4TBS relative=/pics-sport/XCC 2026/XCC EP Champs 2026/Starred Photos/DSC_0005_result.jpg outcome=ok bytes=1202029 calls=7
PIC_NETWORK tid=ThreadId(34) PRIVATE_NFS read_done bytes=1202029 elapsed_ms=18 uri=nfs://DietPi.local/mnt/4TBS/pics-sport/XCC%202026/XCC%20EP%20Champs%202026/Starred%20Photos/DSC_0005_result.jpg
PIC_VIEWER source_cache action=insert bytes=1202029 uri=nfs://DietPi.local/mnt/4TBS/pics-sport/XCC%202026/XCC%20EP%20Champs%202026/Starred%20Photos/DSC_0005_result.jpg
PIC_VIEWER network_done lane=foreground read_ms=18 bytes=1202029 source=network outcome=ok uri=nfs://DietPi.local/mnt/4TBS/pics-sport/XCC%202026/XCC%20EP%20Champs%202026/Starred%20Photos/DSC_0005_result.jpg
PIC_VIEWER decode_stage source_ms=18 cpu_ms=35 uri=nfs://DietPi.local/mnt/4TBS/pics-sport/XCC%202026/XCC%20EP%20Champs%202026/Starred%20Photos/DSC_0005_result.jpg
PIC_VIEWER t_ms=57 tid=ThreadId(34) decode_done uri=nfs://DietPi.local/mnt/4TBS/pics-sport/XCC%202026/XCC%20EP%20Champs%202026/Starred%20Photos/DSC_0005_result.jpg variant=1124x794 elapsed_ms=57 outcome=ok
PIC_VIEWER t_ms=59 tid=ThreadId(1) display_apply elapsed_ms=1 uri=nfs://DietPi.local/mnt/4TBS/pics-sport/XCC%202026/XCC%20EP%20Champs%202026/Starred%20Photos/DSC_0005_result.jpg
PIC_VIEWER t_ms=59 tid=ThreadId(1) display_done lane=foreground source=decode navigation_ms=59 uri=nfs://DietPi.local/mnt/4TBS/pics-sport/XCC%202026/XCC%20EP%20Champs%202026/Starred%20Photos/DSC_0005_result.jpg
PIC_VIEWER t_ms=780 tid=ThreadId(1) show_photo_request generation=3 index=447 uri=nfs://DietPi.local/mnt/4TBS/pics-sport/XCC%202026/XCC%20EP%20Champs%202026/Starred%20Photos/DSC_0008_result.jpg
PIC_VIEWER t_ms=780 tid=ThreadId(1) request lane=foreground action=new uri=nfs://DietPi.local/mnt/4TBS/pics-sport/XCC%202026/XCC%20EP%20Champs%202026/Starred%20Photos/DSC_0008_result.jpg variant=1124x794
PIC_VIEWER t_ms=781 tid=ThreadId(47) decode_start uri=nfs://DietPi.local/mnt/4TBS/pics-sport/XCC%202026/XCC%20EP%20Champs%202026/Starred%20Photos/DSC_0008_result.jpg variant=1124x794 queue_ms=0
PIC_VIEWER source_cache lane=foreground action=miss uri=nfs://DietPi.local/mnt/4TBS/pics-sport/XCC%202026/XCC%20EP%20Champs%202026/Starred%20Photos/DSC_0008_result.jpg
PIC_VIEWER network_slot lane=foreground wait_ms=0 uri=nfs://DietPi.local/mnt/4TBS/pics-sport/XCC%202026/XCC%20EP%20Champs%202026/Starred%20Photos/DSC_0008_result.jpg
PIC_NETWORK tid=ThreadId(47) PRIVATE_NFS export_cache_hit host=DietPi.local count=5
PIC_NETWORK tid=ThreadId(47) PRIVATE_NFS read_start uri=nfs://DietPi.local/mnt/4TBS/pics-sport/XCC%202026/XCC%20EP%20Champs%202026/Starred%20Photos/DSC_0008_result.jpg max_bytes=134217728
PIC_NFS stage=read_session_lock elapsed_ms=0 tid=140342605641408 host=DietPi.local export=/mnt/4TBS relative=/pics-sport/XCC 2026/XCC EP Champs 2026/Starred Photos/DSC_0008_result.jpg outcome=acquired
PIC_NFS_CONNECT reuse host=DietPi.local export=/mnt/4TBS
PIC_NFS stage=file_open elapsed_ms=3 tid=140342605641408 host=DietPi.local export=/mnt/4TBS relative=/pics-sport/XCC 2026/XCC EP Champs 2026/Starred Photos/DSC_0008_result.jpg outcome=ok
PIC_NFS stage=rpc_read elapsed_ms=1 tid=140342605641408 host=DietPi.local export=/mnt/4TBS relative=/pics-sport/XCC 2026/XCC EP Champs 2026/Starred Photos/DSC_0008_result.jpg iteration=1 outcome=ok bytes=65536 timedout_delta=0 retransmitted_delta=0 reconnects_delta=0
PIC_NFS stage=first_read elapsed_ms=1 tid=140342605641408 host=DietPi.local export=/mnt/4TBS relative=/pics-sport/XCC 2026/XCC EP Champs 2026/Starred Photos/DSC_0008_result.jpg outcome=ok bytes=65536
PIC_NFS stage=rpc_read elapsed_ms=1 tid=140342605641408 host=DietPi.local export=/mnt/4TBS relative=/pics-sport/XCC 2026/XCC EP Champs 2026/Starred Photos/DSC_0008_result.jpg iteration=2 outcome=ok bytes=65536 timedout_delta=0 retransmitted_delta=0 reconnects_delta=0
PIC_NFS stage=rpc_read elapsed_ms=2 tid=140342605641408 host=DietPi.local export=/mnt/4TBS relative=/pics-sport/XCC 2026/XCC EP Champs 2026/Starred Photos/DSC_0008_result.jpg iteration=3 outcome=ok bytes=131072 timedout_delta=0 retransmitted_delta=0 reconnects_delta=0
PIC_NFS stage=rpc_read elapsed_ms=3 tid=140342605641408 host=DietPi.local export=/mnt/4TBS relative=/pics-sport/XCC 2026/XCC EP Champs 2026/Starred Photos/DSC_0008_result.jpg iteration=4 outcome=ok bytes=262144 timedout_delta=0 retransmitted_delta=0 reconnects_delta=0
PIC_NFS stage=rpc_read elapsed_ms=6 tid=140342605641408 host=DietPi.local export=/mnt/4TBS relative=/pics-sport/XCC 2026/XCC EP Champs 2026/Starred Photos/DSC_0008_result.jpg iteration=5 outcome=ok bytes=524288 timedout_delta=0 retransmitted_delta=0 reconnects_delta=0
PIC_NFS stage=rpc_read elapsed_ms=0 tid=140342605641408 host=DietPi.local export=/mnt/4TBS relative=/pics-sport/XCC 2026/XCC EP Champs 2026/Starred Photos/DSC_0008_result.jpg iteration=6 outcome=ok bytes=33371 timedout_delta=0 retransmitted_delta=0 reconnects_delta=0
PIC_NFS stage=rpc_read elapsed_ms=1 tid=140342605641408 host=DietPi.local export=/mnt/4TBS relative=/pics-sport/XCC 2026/XCC EP Champs 2026/Starred Photos/DSC_0008_result.jpg iteration=7 outcome=ok bytes=0 timedout_delta=0 retransmitted_delta=0 reconnects_delta=0
PIC_NFS stage=file_read_complete elapsed_ms=14 tid=140342605641408 host=DietPi.local export=/mnt/4TBS relative=/pics-sport/XCC 2026/XCC EP Champs 2026/Starred Photos/DSC_0008_result.jpg outcome=ok bytes=1081947 calls=7
PIC_NETWORK tid=ThreadId(47) PRIVATE_NFS read_done bytes=1081947 elapsed_ms=17 uri=nfs://DietPi.local/mnt/4TBS/pics-sport/XCC%202026/XCC%20EP%20Champs%202026/Starred%20Photos/DSC_0008_result.jpg
PIC_VIEWER source_cache action=insert bytes=1081947 uri=nfs://DietPi.local/mnt/4TBS/pics-sport/XCC%202026/XCC%20EP%20Champs%202026/Starred%20Photos/DSC_0008_result.jpg
PIC_VIEWER network_done lane=foreground read_ms=17 bytes=1081947 source=network outcome=ok uri=nfs://DietPi.local/mnt/4TBS/pics-sport/XCC%202026/XCC%20EP%20Champs%202026/Starred%20Photos/DSC_0008_result.jpg
PIC_VIEWER decode_stage source_ms=17 cpu_ms=35 uri=nfs://DietPi.local/mnt/4TBS/pics-sport/XCC%202026/XCC%20EP%20Champs%202026/Starred%20Photos/DSC_0008_result.jpg
PIC_VIEWER t_ms=836 tid=ThreadId(47) decode_done uri=nfs://DietPi.local/mnt/4TBS/pics-sport/XCC%202026/XCC%20EP%20Champs%202026/Starred%20Photos/DSC_0008_result.jpg variant=1124x794 elapsed_ms=55 outcome=ok
PIC_VIEWER t_ms=838 tid=ThreadId(1) display_apply elapsed_ms=1 uri=nfs://DietPi.local/mnt/4TBS/pics-sport/XCC%202026/XCC%20EP%20Champs%202026/Starred%20Photos/DSC_0008_result.jpg
PIC_VIEWER t_ms=838 tid=ThreadId(1) display_done lane=foreground source=decode navigation_ms=57 uri=nfs://DietPi.local/mnt/4TBS/pics-sport/XCC%202026/XCC%20EP%20Champs%202026/Starred%20Photos/DSC_0008_result.jpg
PIC_VIEWER t_ms=1031 tid=ThreadId(1) request lane=prefetch action=new uri=nfs://DietPi.local/mnt/4TBS/pics-sport/XCC%202026/XCC%20EP%20Champs%202026/Starred%20Photos/DSC_0009_result.jpg variant=1124x794
PIC_VIEWER t_ms=1031 tid=ThreadId(1) cache_hit lane=prefetch uri=nfs://DietPi.local/mnt/4TBS/pics-sport/XCC%202026/XCC%20EP%20Champs%202026/Starred%20Photos/DSC_0005_result.jpg
PIC_VIEWER t_ms=1031 tid=ThreadId(48) decode_start uri=nfs://DietPi.local/mnt/4TBS/pics-sport/XCC%202026/XCC%20EP%20Champs%202026/Starred%20Photos/DSC_0009_result.jpg variant=1124x794 queue_ms=0
PIC_VIEWER source_cache lane=prefetch action=miss uri=nfs://DietPi.local/mnt/4TBS/pics-sport/XCC%202026/XCC%20EP%20Champs%202026/Starred%20Photos/DSC_0009_result.jpg
PIC_VIEWER network_slot lane=prefetch wait_ms=0 uri=nfs://DietPi.local/mnt/4TBS/pics-sport/XCC%202026/XCC%20EP%20Champs%202026/Starred%20Photos/DSC_0009_result.jpg
PIC_NETWORK tid=ThreadId(48) PRIVATE_NFS export_cache_hit host=DietPi.local count=5
PIC_NETWORK tid=ThreadId(48) PRIVATE_NFS read_start uri=nfs://DietPi.local/mnt/4TBS/pics-sport/XCC%202026/XCC%20EP%20Champs%202026/Starred%20Photos/DSC_0009_result.jpg max_bytes=134217728
PIC_NFS stage=read_session_lock elapsed_ms=0 tid=140342605641408 host=DietPi.local export=/mnt/4TBS relative=/pics-sport/XCC 2026/XCC EP Champs 2026/Starred Photos/DSC_0009_result.jpg outcome=acquired
PIC_NFS_CONNECT reuse host=DietPi.local export=/mnt/4TBS
PIC_NFS stage=file_open elapsed_ms=2 tid=140342605641408 host=DietPi.local export=/mnt/4TBS relative=/pics-sport/XCC 2026/XCC EP Champs 2026/Starred Photos/DSC_0009_result.jpg outcome=ok
PIC_NFS stage=rpc_read elapsed_ms=1 tid=140342605641408 host=DietPi.local export=/mnt/4TBS relative=/pics-sport/XCC 2026/XCC EP Champs 2026/Starred Photos/DSC_0009_result.jpg iteration=1 outcome=ok bytes=65536 timedout_delta=0 retransmitted_delta=0 reconnects_delta=0
PIC_NFS stage=first_read elapsed_ms=1 tid=140342605641408 host=DietPi.local export=/mnt/4TBS relative=/pics-sport/XCC 2026/XCC EP Champs 2026/Starred Photos/DSC_0009_result.jpg outcome=ok bytes=65536
PIC_NFS stage=rpc_read elapsed_ms=2 tid=140342605641408 host=DietPi.local export=/mnt/4TBS relative=/pics-sport/XCC 2026/XCC EP Champs 2026/Starred Photos/DSC_0009_result.jpg iteration=2 outcome=ok bytes=65536 timedout_delta=0 retransmitted_delta=0 reconnects_delta=0
PIC_NFS stage=rpc_read elapsed_ms=2 tid=140342605641408 host=DietPi.local export=/mnt/4TBS relative=/pics-sport/XCC 2026/XCC EP Champs 2026/Starred Photos/DSC_0009_result.jpg iteration=3 outcome=ok bytes=131072 timedout_delta=0 retransmitted_delta=0 reconnects_delta=0
PIC_NFS stage=rpc_read elapsed_ms=3 tid=140342605641408 host=DietPi.local export=/mnt/4TBS relative=/pics-sport/XCC 2026/XCC EP Champs 2026/Starred Photos/DSC_0009_result.jpg iteration=4 outcome=ok bytes=262144 timedout_delta=0 retransmitted_delta=0 reconnects_delta=0
PIC_NFS stage=rpc_read elapsed_ms=5 tid=140342605641408 host=DietPi.local export=/mnt/4TBS relative=/pics-sport/XCC 2026/XCC EP Champs 2026/Starred Photos/DSC_0009_result.jpg iteration=5 outcome=ok bytes=524288 timedout_delta=0 retransmitted_delta=0 reconnects_delta=0
PIC_NFS stage=rpc_read elapsed_ms=8 tid=140342605641408 host=DietPi.local export=/mnt/4TBS relative=/pics-sport/XCC 2026/XCC EP Champs 2026/Starred Photos/DSC_0009_result.jpg iteration=6 outcome=ok bytes=783349 timedout_delta=0 retransmitted_delta=0 reconnects_delta=0
PIC_NFS stage=rpc_read elapsed_ms=0 tid=140342605641408 host=DietPi.local export=/mnt/4TBS relative=/pics-sport/XCC 2026/XCC EP Champs 2026/Starred Photos/DSC_0009_result.jpg iteration=7 outcome=ok bytes=0 timedout_delta=0 retransmitted_delta=0 reconnects_delta=0
PIC_NFS stage=file_read_complete elapsed_ms=21 tid=140342605641408 host=DietPi.local export=/mnt/4TBS relative=/pics-sport/XCC 2026/XCC EP Champs 2026/Starred Photos/DSC_0009_result.jpg outcome=ok bytes=1831925 calls=7
PIC_NETWORK tid=ThreadId(48) PRIVATE_NFS read_done bytes=1831925 elapsed_ms=24 uri=nfs://DietPi.local/mnt/4TBS/pics-sport/XCC%202026/XCC%20EP%20Champs%202026/Starred%20Photos/DSC_0009_result.jpg
PIC_VIEWER source_cache action=insert bytes=1831925 uri=nfs://DietPi.local/mnt/4TBS/pics-sport/XCC%202026/XCC%20EP%20Champs%202026/Starred%20Photos/DSC_0009_result.jpg
PIC_VIEWER network_done lane=prefetch read_ms=24 bytes=1831925 source=network outcome=ok uri=nfs://DietPi.local/mnt/4TBS/pics-sport/XCC%202026/XCC%20EP%20Champs%202026/Starred%20Photos/DSC_0009_result.jpg
PIC_VIEWER decode_stage source_ms=24 cpu_ms=41 uri=nfs://DietPi.local/mnt/4TBS/pics-sport/XCC%202026/XCC%20EP%20Champs%202026/Starred%20Photos/DSC_0009_result.jpg
PIC_VIEWER t_ms=1099 tid=ThreadId(48) decode_done uri=nfs://DietPi.local/mnt/4TBS/pics-sport/XCC%202026/XCC%20EP%20Champs%202026/Starred%20Photos/DSC_0009_result.jpg variant=1124x794 elapsed_ms=68 outcome=ok
PIC_VIEWER t_ms=1280 tid=ThreadId(1) show_photo_request generation=4 index=448 uri=nfs://DietPi.local/mnt/4TBS/pics-sport/XCC%202026/XCC%20EP%20Champs%202026/Starred%20Photos/DSC_0009_result.jpg
PIC_VIEWER t_ms=1280 tid=ThreadId(1) cache_hit lane=foreground uri=nfs://DietPi.local/mnt/4TBS/pics-sport/XCC%202026/XCC%20EP%20Champs%202026/Starred%20Photos/DSC_0009_result.jpg
PIC_VIEWER t_ms=1281 tid=ThreadId(1) display_done lane=foreground source=texture_cache navigation_ms=0 uri=nfs://DietPi.local/mnt/4TBS/pics-sport/XCC%202026/XCC%20EP%20Champs%202026/Starred%20Photos/DSC_0009_result.jpg
PIC_VIEWER t_ms=1310 tid=ThreadId(1) show_photo_request generation=5 index=449 uri=nfs://DietPi.local/mnt/4TBS/pics-sport/XCC%202026/XCC%20EP%20Champs%202026/Starred%20Photos/DSC_0036_result.jpg
PIC_VIEWER t_ms=1310 tid=ThreadId(1) request lane=foreground action=new uri=nfs://DietPi.local/mnt/4TBS/pics-sport/XCC%202026/XCC%20EP%20Champs%202026/Starred%20Photos/DSC_0036_result.jpg variant=1124x794
PIC_VIEWER t_ms=1310 tid=ThreadId(49) decode_start uri=nfs://DietPi.local/mnt/4TBS/pics-sport/XCC%202026/XCC%20EP%20Champs%202026/Starred%20Photos/DSC_0036_result.jpg variant=1124x794 queue_ms=0
PIC_VIEWER source_cache lane=foreground action=miss uri=nfs://DietPi.local/mnt/4TBS/pics-sport/XCC%202026/XCC%20EP%20Champs%202026/Starred%20Photos/DSC_0036_result.jpg
PIC_VIEWER network_slot lane=foreground wait_ms=0 uri=nfs://DietPi.local/mnt/4TBS/pics-sport/XCC%202026/XCC%20EP%20Champs%202026/Starred%20Photos/DSC_0036_result.jpg
PIC_NETWORK tid=ThreadId(49) PRIVATE_NFS export_cache_hit host=DietPi.local count=5
PIC_NETWORK tid=ThreadId(49) PRIVATE_NFS read_start uri=nfs://DietPi.local/mnt/4TBS/pics-sport/XCC%202026/XCC%20EP%20Champs%202026/Starred%20Photos/DSC_0036_result.jpg max_bytes=134217728
PIC_NFS stage=read_session_lock elapsed_ms=0 tid=140342605641408 host=DietPi.local export=/mnt/4TBS relative=/pics-sport/XCC 2026/XCC EP Champs 2026/Starred Photos/DSC_0036_result.jpg outcome=acquired
PIC_NFS_CONNECT reuse host=DietPi.local export=/mnt/4TBS
PIC_NFS stage=file_open elapsed_ms=3 tid=140342605641408 host=DietPi.local export=/mnt/4TBS relative=/pics-sport/XCC 2026/XCC EP Champs 2026/Starred Photos/DSC_0036_result.jpg outcome=ok
PIC_NFS stage=rpc_read elapsed_ms=1 tid=140342605641408 host=DietPi.local export=/mnt/4TBS relative=/pics-sport/XCC 2026/XCC EP Champs 2026/Starred Photos/DSC_0036_result.jpg iteration=1 outcome=ok bytes=65536 timedout_delta=0 retransmitted_delta=0 reconnects_delta=0
PIC_NFS stage=first_read elapsed_ms=1 tid=140342605641408 host=DietPi.local export=/mnt/4TBS relative=/pics-sport/XCC 2026/XCC EP Champs 2026/Starred Photos/DSC_0036_result.jpg outcome=ok bytes=65536
PIC_NFS stage=rpc_read elapsed_ms=1 tid=140342605641408 host=DietPi.local export=/mnt/4TBS relative=/pics-sport/XCC 2026/XCC EP Champs 2026/Starred Photos/DSC_0036_result.jpg iteration=2 outcome=ok bytes=65536 timedout_delta=0 retransmitted_delta=0 reconnects_delta=0
PIC_NFS stage=rpc_read elapsed_ms=2 tid=140342605641408 host=DietPi.local export=/mnt/4TBS relative=/pics-sport/XCC 2026/XCC EP Champs 2026/Starred Photos/DSC_0036_result.jpg iteration=3 outcome=ok bytes=131072 timedout_delta=0 retransmitted_delta=0 reconnects_delta=0
PIC_NFS stage=rpc_read elapsed_ms=3 tid=140342605641408 host=DietPi.local export=/mnt/4TBS relative=/pics-sport/XCC 2026/XCC EP Champs 2026/Starred Photos/DSC_0036_result.jpg iteration=4 outcome=ok bytes=262144 timedout_delta=0 retransmitted_delta=0 reconnects_delta=0
PIC_NFS stage=rpc_read elapsed_ms=5 tid=140342605641408 host=DietPi.local export=/mnt/4TBS relative=/pics-sport/XCC 2026/XCC EP Champs 2026/Starred Photos/DSC_0036_result.jpg iteration=5 outcome=ok bytes=524288 timedout_delta=0 retransmitted_delta=0 reconnects_delta=0
PIC_NFS stage=rpc_read elapsed_ms=1 tid=140342605641408 host=DietPi.local export=/mnt/4TBS relative=/pics-sport/XCC 2026/XCC EP Champs 2026/Starred Photos/DSC_0036_result.jpg iteration=6 outcome=ok bytes=90275 timedout_delta=0 retransmitted_delta=0 reconnects_delta=0
PIC_NFS stage=rpc_read elapsed_ms=1 tid=140342605641408 host=DietPi.local export=/mnt/4TBS relative=/pics-sport/XCC 2026/XCC EP Champs 2026/Starred Photos/DSC_0036_result.jpg iteration=7 outcome=ok bytes=0 timedout_delta=0 retransmitted_delta=0 reconnects_delta=0
PIC_NFS stage=file_read_complete elapsed_ms=14 tid=140342605641408 host=DietPi.local export=/mnt/4TBS relative=/pics-sport/XCC 2026/XCC EP Champs 2026/Starred Photos/DSC_0036_result.jpg outcome=ok bytes=1138851 calls=7
PIC_NETWORK tid=ThreadId(49) PRIVATE_NFS read_done bytes=1138851 elapsed_ms=16 uri=nfs://DietPi.local/mnt/4TBS/pics-sport/XCC%202026/XCC%20EP%20Champs%202026/Starred%20Photos/DSC_0036_result.jpg
PIC_VIEWER source_cache action=insert bytes=1138851 uri=nfs://DietPi.local/mnt/4TBS/pics-sport/XCC%202026/XCC%20EP%20Champs%202026/Starred%20Photos/DSC_0036_result.jpg
PIC_VIEWER network_done lane=foreground read_ms=16 bytes=1138851 source=network outcome=ok uri=nfs://DietPi.local/mnt/4TBS/pics-sport/XCC%202026/XCC%20EP%20Champs%202026/Starred%20Photos/DSC_0036_result.jpg
PIC_VIEWER decode_stage source_ms=16 cpu_ms=32 uri=nfs://DietPi.local/mnt/4TBS/pics-sport/XCC%202026/XCC%20EP%20Champs%202026/Starred%20Photos/DSC_0036_result.jpg
PIC_VIEWER t_ms=1362 tid=ThreadId(49) decode_done uri=nfs://DietPi.local/mnt/4TBS/pics-sport/XCC%202026/XCC%20EP%20Champs%202026/Starred%20Photos/DSC_0036_result.jpg variant=1124x794 elapsed_ms=51 outcome=ok
PIC_VIEWER t_ms=1364 tid=ThreadId(1) display_apply elapsed_ms=1 uri=nfs://DietPi.local/mnt/4TBS/pics-sport/XCC%202026/XCC%20EP%20Champs%202026/Starred%20Photos/DSC_0036_result.jpg
PIC_VIEWER t_ms=1364 tid=ThreadId(1) display_done lane=foreground source=decode navigation_ms=53 uri=nfs://DietPi.local/mnt/4TBS/pics-sport/XCC%202026/XCC%20EP%20Champs%202026/Starred%20Photos/DSC_0036_result.jpg
PIC_VIEWER t_ms=1370 tid=ThreadId(1) show_photo_request generation=6 index=450 uri=nfs://DietPi.local/mnt/4TBS/pics-sport/XCC%202026/XCC%20EP%20Champs%202026/Starred%20Photos/DSC_0054_result.jpg
PIC_VIEWER t_ms=1371 tid=ThreadId(1) request lane=foreground action=new uri=nfs://DietPi.local/mnt/4TBS/pics-sport/XCC%202026/XCC%20EP%20Champs%202026/Starred%20Photos/DSC_0054_result.jpg variant=1124x794
PIC_VIEWER t_ms=1371 tid=ThreadId(50) decode_start uri=nfs://DietPi.local/mnt/4TBS/pics-sport/XCC%202026/XCC%20EP%20Champs%202026/Starred%20Photos/DSC_0054_result.jpg variant=1124x794 queue_ms=0
PIC_VIEWER source_cache lane=foreground action=miss uri=nfs://DietPi.local/mnt/4TBS/pics-sport/XCC%202026/XCC%20EP%20Champs%202026/Starred%20Photos/DSC_0054_result.jpg
PIC_VIEWER network_slot lane=foreground wait_ms=0 uri=nfs://DietPi.local/mnt/4TBS/pics-sport/XCC%202026/XCC%20EP%20Champs%202026/Starred%20Photos/DSC_0054_result.jpg
PIC_NETWORK tid=ThreadId(50) PRIVATE_NFS export_cache_hit host=DietPi.local count=5
PIC_NETWORK tid=ThreadId(50) PRIVATE_NFS read_start uri=nfs://DietPi.local/mnt/4TBS/pics-sport/XCC%202026/XCC%20EP%20Champs%202026/Starred%20Photos/DSC_0054_result.jpg max_bytes=134217728
PIC_NFS stage=read_session_lock elapsed_ms=0 tid=140342605641408 host=DietPi.local export=/mnt/4TBS relative=/pics-sport/XCC 2026/XCC EP Champs 2026/Starred Photos/DSC_0054_result.jpg outcome=acquired
PIC_NFS_CONNECT reuse host=DietPi.local export=/mnt/4TBS
PIC_NFS stage=file_open elapsed_ms=2 tid=140342605641408 host=DietPi.local export=/mnt/4TBS relative=/pics-sport/XCC 2026/XCC EP Champs 2026/Starred Photos/DSC_0054_result.jpg outcome=ok
PIC_NFS stage=rpc_read elapsed_ms=1 tid=140342605641408 host=DietPi.local export=/mnt/4TBS relative=/pics-sport/XCC 2026/XCC EP Champs 2026/Starred Photos/DSC_0054_result.jpg iteration=1 outcome=ok bytes=65536 timedout_delta=0 retransmitted_delta=0 reconnects_delta=0
PIC_NFS stage=first_read elapsed_ms=1 tid=140342605641408 host=DietPi.local export=/mnt/4TBS relative=/pics-sport/XCC 2026/XCC EP Champs 2026/Starred Photos/DSC_0054_result.jpg outcome=ok bytes=65536
PIC_NFS stage=rpc_read elapsed_ms=1 tid=140342605641408 host=DietPi.local export=/mnt/4TBS relative=/pics-sport/XCC 2026/XCC EP Champs 2026/Starred Photos/DSC_0054_result.jpg iteration=2 outcome=ok bytes=65536 timedout_delta=0 retransmitted_delta=0 reconnects_delta=0
PIC_NFS stage=rpc_read elapsed_ms=2 tid=140342605641408 host=DietPi.local export=/mnt/4TBS relative=/pics-sport/XCC 2026/XCC EP Champs 2026/Starred Photos/DSC_0054_result.jpg iteration=3 outcome=ok bytes=131072 timedout_delta=0 retransmitted_delta=0 reconnects_delta=0
PIC_NFS stage=rpc_read elapsed_ms=3 tid=140342605641408 host=DietPi.local export=/mnt/4TBS relative=/pics-sport/XCC 2026/XCC EP Champs 2026/Starred Photos/DSC_0054_result.jpg iteration=4 outcome=ok bytes=262144 timedout_delta=0 retransmitted_delta=0 reconnects_delta=0
PIC_NFS stage=rpc_read elapsed_ms=5 tid=140342605641408 host=DietPi.local export=/mnt/4TBS relative=/pics-sport/XCC 2026/XCC EP Champs 2026/Starred Photos/DSC_0054_result.jpg iteration=5 outcome=ok bytes=524288 timedout_delta=0 retransmitted_delta=0 reconnects_delta=0
PIC_NFS stage=rpc_read elapsed_ms=6 tid=140342605641408 host=DietPi.local export=/mnt/4TBS relative=/pics-sport/XCC 2026/XCC EP Champs 2026/Starred Photos/DSC_0054_result.jpg iteration=6 outcome=ok bytes=575526 timedout_delta=0 retransmitted_delta=0 reconnects_delta=0
PIC_NFS stage=rpc_read elapsed_ms=1 tid=140342605641408 host=DietPi.local export=/mnt/4TBS relative=/pics-sport/XCC 2026/XCC EP Champs 2026/Starred Photos/DSC_0054_result.jpg iteration=7 outcome=ok bytes=0 timedout_delta=0 retransmitted_delta=0 reconnects_delta=0
PIC_NFS stage=file_read_complete elapsed_ms=19 tid=140342605641408 host=DietPi.local export=/mnt/4TBS relative=/pics-sport/XCC 2026/XCC EP Champs 2026/Starred Photos/DSC_0054_result.jpg outcome=ok bytes=1624102 calls=7
PIC_NETWORK tid=ThreadId(50) PRIVATE_NFS read_done bytes=1624102 elapsed_ms=20 uri=nfs://DietPi.local/mnt/4TBS/pics-sport/XCC%202026/XCC%20EP%20Champs%202026/Starred%20Photos/DSC_0054_result.jpg
PIC_VIEWER source_cache action=insert bytes=1624102 uri=nfs://DietPi.local/mnt/4TBS/pics-sport/XCC%202026/XCC%20EP%20Champs%202026/Starred%20Photos/DSC_0054_result.jpg
PIC_VIEWER network_done lane=foreground read_ms=20 bytes=1624102 source=network outcome=ok uri=nfs://DietPi.local/mnt/4TBS/pics-sport/XCC%202026/XCC%20EP%20Champs%202026/Starred%20Photos/DSC_0054_result.jpg
PIC_VIEWER decode_stage source_ms=20 cpu_ms=38 uri=nfs://DietPi.local/mnt/4TBS/pics-sport/XCC%202026/XCC%20EP%20Champs%202026/Starred%20Photos/DSC_0054_result.jpg
PIC_VIEWER t_ms=1433 tid=ThreadId(50) decode_done uri=nfs://DietPi.local/mnt/4TBS/pics-sport/XCC%202026/XCC%20EP%20Champs%202026/Starred%20Photos/DSC_0054_result.jpg variant=1124x794 elapsed_ms=62 outcome=ok
PIC_VIEWER t_ms=1434 tid=ThreadId(1) display_apply elapsed_ms=1 uri=nfs://DietPi.local/mnt/4TBS/pics-sport/XCC%202026/XCC%20EP%20Champs%202026/Starred%20Photos/DSC_0054_result.jpg
PIC_VIEWER t_ms=1434 tid=ThreadId(1) display_done lane=foreground source=decode navigation_ms=63 uri=nfs://DietPi.local/mnt/4TBS/pics-sport/XCC%202026/XCC%20EP%20Champs%202026/Starred%20Photos/DSC_0054_result.jpg
PIC_VIEWER t_ms=1462 tid=ThreadId(1) show_photo_request generation=7 index=451 uri=nfs://DietPi.local/mnt/4TBS/pics-sport/XCC%202026/XCC%20EP%20Champs%202026/Starred%20Photos/DSC_0068_result.jpg
PIC_VIEWER t_ms=1462 tid=ThreadId(1) request lane=foreground action=new uri=nfs://DietPi.local/mnt/4TBS/pics-sport/XCC%202026/XCC%20EP%20Champs%202026/Starred%20Photos/DSC_0068_result.jpg variant=1124x794
PIC_VIEWER t_ms=1462 tid=ThreadId(51) decode_start uri=nfs://DietPi.local/mnt/4TBS/pics-sport/XCC%202026/XCC%20EP%20Champs%202026/Starred%20Photos/DSC_0068_result.jpg variant=1124x794 queue_ms=0
PIC_VIEWER source_cache lane=foreground action=miss uri=nfs://DietPi.local/mnt/4TBS/pics-sport/XCC%202026/XCC%20EP%20Champs%202026/Starred%20Photos/DSC_0068_result.jpg
PIC_VIEWER network_slot lane=foreground wait_ms=0 uri=nfs://DietPi.local/mnt/4TBS/pics-sport/XCC%202026/XCC%20EP%20Champs%202026/Starred%20Photos/DSC_0068_result.jpg
PIC_NETWORK tid=ThreadId(51) PRIVATE_NFS export_cache_hit host=DietPi.local count=5
PIC_NETWORK tid=ThreadId(51) PRIVATE_NFS read_start uri=nfs://DietPi.local/mnt/4TBS/pics-sport/XCC%202026/XCC%20EP%20Champs%202026/Starred%20Photos/DSC_0068_result.jpg max_bytes=134217728
PIC_NFS stage=read_session_lock elapsed_ms=0 tid=140342605641408 host=DietPi.local export=/mnt/4TBS relative=/pics-sport/XCC 2026/XCC EP Champs 2026/Starred Photos/DSC_0068_result.jpg outcome=acquired
PIC_NFS_CONNECT reuse host=DietPi.local export=/mnt/4TBS
PIC_NFS stage=file_open elapsed_ms=2 tid=140342605641408 host=DietPi.local export=/mnt/4TBS relative=/pics-sport/XCC 2026/XCC EP Champs 2026/Starred Photos/DSC_0068_result.jpg outcome=ok
PIC_NFS stage=rpc_read elapsed_ms=1 tid=140342605641408 host=DietPi.local export=/mnt/4TBS relative=/pics-sport/XCC 2026/XCC EP Champs 2026/Starred Photos/DSC_0068_result.jpg iteration=1 outcome=ok bytes=65536 timedout_delta=0 retransmitted_delta=0 reconnects_delta=0
PIC_NFS stage=first_read elapsed_ms=1 tid=140342605641408 host=DietPi.local export=/mnt/4TBS relative=/pics-sport/XCC 2026/XCC EP Champs 2026/Starred Photos/DSC_0068_result.jpg outcome=ok bytes=65536
PIC_NFS stage=rpc_read elapsed_ms=1 tid=140342605641408 host=DietPi.local export=/mnt/4TBS relative=/pics-sport/XCC 2026/XCC EP Champs 2026/Starred Photos/DSC_0068_result.jpg iteration=2 outcome=ok bytes=65536 timedout_delta=0 retransmitted_delta=0 reconnects_delta=0
PIC_NFS stage=rpc_read elapsed_ms=2 tid=140342605641408 host=DietPi.local export=/mnt/4TBS relative=/pics-sport/XCC 2026/XCC EP Champs 2026/Starred Photos/DSC_0068_result.jpg iteration=3 outcome=ok bytes=131072 timedout_delta=0 retransmitted_delta=0 reconnects_delta=0
PIC_NFS stage=rpc_read elapsed_ms=4 tid=140342605641408 host=DietPi.local export=/mnt/4TBS relative=/pics-sport/XCC 2026/XCC EP Champs 2026/Starred Photos/DSC_0068_result.jpg iteration=4 outcome=ok bytes=262144 timedout_delta=0 retransmitted_delta=0 reconnects_delta=0
PIC_NFS stage=rpc_read elapsed_ms=5 tid=140342605641408 host=DietPi.local export=/mnt/4TBS relative=/pics-sport/XCC 2026/XCC EP Champs 2026/Starred Photos/DSC_0068_result.jpg iteration=5 outcome=ok bytes=524288 timedout_delta=0 retransmitted_delta=0 reconnects_delta=0
PIC_NFS stage=rpc_read elapsed_ms=5 tid=140342605641408 host=DietPi.local export=/mnt/4TBS relative=/pics-sport/XCC 2026/XCC EP Champs 2026/Starred Photos/DSC_0068_result.jpg iteration=6 outcome=ok bytes=455552 timedout_delta=0 retransmitted_delta=0 reconnects_delta=0
PIC_NFS stage=rpc_read elapsed_ms=0 tid=140342605641408 host=DietPi.local export=/mnt/4TBS relative=/pics-sport/XCC 2026/XCC EP Champs 2026/Starred Photos/DSC_0068_result.jpg iteration=7 outcome=ok bytes=0 timedout_delta=0 retransmitted_delta=0 reconnects_delta=0
PIC_NFS stage=file_read_complete elapsed_ms=18 tid=140342605641408 host=DietPi.local export=/mnt/4TBS relative=/pics-sport/XCC 2026/XCC EP Champs 2026/Starred Photos/DSC_0068_result.jpg outcome=ok bytes=1504128 calls=7
PIC_NETWORK tid=ThreadId(51) PRIVATE_NFS read_done bytes=1504128 elapsed_ms=20 uri=nfs://DietPi.local/mnt/4TBS/pics-sport/XCC%202026/XCC%20EP%20Champs%202026/Starred%20Photos/DSC_0068_result.jpg
PIC_VIEWER source_cache action=insert bytes=1504128 uri=nfs://DietPi.local/mnt/4TBS/pics-sport/XCC%202026/XCC%20EP%20Champs%202026/Starred%20Photos/DSC_0068_result.jpg
PIC_VIEWER network_done lane=foreground read_ms=20 bytes=1504128 source=network outcome=ok uri=nfs://DietPi.local/mnt/4TBS/pics-sport/XCC%202026/XCC%20EP%20Champs%202026/Starred%20Photos/DSC_0068_result.jpg
PIC_VIEWER decode_stage source_ms=20 cpu_ms=37 uri=nfs://DietPi.local/mnt/4TBS/pics-sport/XCC%202026/XCC%20EP%20Champs%202026/Starred%20Photos/DSC_0068_result.jpg
PIC_VIEWER t_ms=1523 tid=ThreadId(51) decode_done uri=nfs://DietPi.local/mnt/4TBS/pics-sport/XCC%202026/XCC%20EP%20Champs%202026/Starred%20Photos/DSC_0068_result.jpg variant=1124x794 elapsed_ms=60 outcome=ok
PIC_VIEWER t_ms=1525 tid=ThreadId(1) display_apply elapsed_ms=1 uri=nfs://DietPi.local/mnt/4TBS/pics-sport/XCC%202026/XCC%20EP%20Champs%202026/Starred%20Photos/DSC_0068_result.jpg
PIC_VIEWER t_ms=1525 tid=ThreadId(1) display_done lane=foreground source=decode navigation_ms=62 uri=nfs://DietPi.local/mnt/4TBS/pics-sport/XCC%202026/XCC%20EP%20Champs%202026/Starred%20Photos/DSC_0068_result.jpg
PIC_VIEWER t_ms=1552 tid=ThreadId(1) show_photo_request generation=8 index=452 uri=nfs://DietPi.local/mnt/4TBS/pics-sport/XCC%202026/XCC%20EP%20Champs%202026/Starred%20Photos/DSC_0078_result.jpg
PIC_VIEWER t_ms=1552 tid=ThreadId(1) request lane=foreground action=new uri=nfs://DietPi.local/mnt/4TBS/pics-sport/XCC%202026/XCC%20EP%20Champs%202026/Starred%20Photos/DSC_0078_result.jpg variant=1124x794
PIC_VIEWER t_ms=1552 tid=ThreadId(52) decode_start uri=nfs://DietPi.local/mnt/4TBS/pics-sport/XCC%202026/XCC%20EP%20Champs%202026/Starred%20Photos/DSC_0078_result.jpg variant=1124x794 queue_ms=0
PIC_VIEWER source_cache lane=foreground action=miss uri=nfs://DietPi.local/mnt/4TBS/pics-sport/XCC%202026/XCC%20EP%20Champs%202026/Starred%20Photos/DSC_0078_result.jpg
PIC_VIEWER network_slot lane=foreground wait_ms=0 uri=nfs://DietPi.local/mnt/4TBS/pics-sport/XCC%202026/XCC%20EP%20Champs%202026/Starred%20Photos/DSC_0078_result.jpg
PIC_NETWORK tid=ThreadId(52) PRIVATE_NFS export_cache_hit host=DietPi.local count=5
PIC_NETWORK tid=ThreadId(52) PRIVATE_NFS read_start uri=nfs://DietPi.local/mnt/4TBS/pics-sport/XCC%202026/XCC%20EP%20Champs%202026/Starred%20Photos/DSC_0078_result.jpg max_bytes=134217728
PIC_NFS stage=read_session_lock elapsed_ms=0 tid=140342605641408 host=DietPi.local export=/mnt/4TBS relative=/pics-sport/XCC 2026/XCC EP Champs 2026/Starred Photos/DSC_0078_result.jpg outcome=acquired
PIC_NFS_CONNECT reuse host=DietPi.local export=/mnt/4TBS
PIC_NFS stage=file_open elapsed_ms=3 tid=140342605641408 host=DietPi.local export=/mnt/4TBS relative=/pics-sport/XCC 2026/XCC EP Champs 2026/Starred Photos/DSC_0078_result.jpg outcome=ok
PIC_NFS stage=rpc_read elapsed_ms=1 tid=140342605641408 host=DietPi.local export=/mnt/4TBS relative=/pics-sport/XCC 2026/XCC EP Champs 2026/Starred Photos/DSC_0078_result.jpg iteration=1 outcome=ok bytes=65536 timedout_delta=0 retransmitted_delta=0 reconnects_delta=0
PIC_NFS stage=first_read elapsed_ms=1 tid=140342605641408 host=DietPi.local export=/mnt/4TBS relative=/pics-sport/XCC 2026/XCC EP Champs 2026/Starred Photos/DSC_0078_result.jpg outcome=ok bytes=65536
PIC_NFS stage=rpc_read elapsed_ms=1 tid=140342605641408 host=DietPi.local export=/mnt/4TBS relative=/pics-sport/XCC 2026/XCC EP Champs 2026/Starred Photos/DSC_0078_result.jpg iteration=2 outcome=ok bytes=65536 timedout_delta=0 retransmitted_delta=0 reconnects_delta=0
PIC_NFS stage=rpc_read elapsed_ms=2 tid=140342605641408 host=DietPi.local export=/mnt/4TBS relative=/pics-sport/XCC 2026/XCC EP Champs 2026/Starred Photos/DSC_0078_result.jpg iteration=3 outcome=ok bytes=131072 timedout_delta=0 retransmitted_delta=0 reconnects_delta=0
PIC_NFS stage=rpc_read elapsed_ms=2 tid=140342605641408 host=DietPi.local export=/mnt/4TBS relative=/pics-sport/XCC 2026/XCC EP Champs 2026/Starred Photos/DSC_0078_result.jpg iteration=4 outcome=ok bytes=262144 timedout_delta=0 retransmitted_delta=0 reconnects_delta=0
PIC_NFS stage=rpc_read elapsed_ms=3 tid=140342605641408 host=DietPi.local export=/mnt/4TBS relative=/pics-sport/XCC 2026/XCC EP Champs 2026/Starred Photos/DSC_0078_result.jpg iteration=5 outcome=ok bytes=174469 timedout_delta=0 retransmitted_delta=0 reconnects_delta=0
PIC_NFS stage=rpc_read elapsed_ms=0 tid=140342605641408 host=DietPi.local export=/mnt/4TBS relative=/pics-sport/XCC 2026/XCC EP Champs 2026/Starred Photos/DSC_0078_result.jpg iteration=6 outcome=ok bytes=0 timedout_delta=0 retransmitted_delta=0 reconnects_delta=0
PIC_NFS stage=file_read_complete elapsed_ms=9 tid=140342605641408 host=DietPi.local export=/mnt/4TBS relative=/pics-sport/XCC 2026/XCC EP Champs 2026/Starred Photos/DSC_0078_result.jpg outcome=ok bytes=698757 calls=6
PIC_NETWORK tid=ThreadId(52) PRIVATE_NFS read_done bytes=698757 elapsed_ms=12 uri=nfs://DietPi.local/mnt/4TBS/pics-sport/XCC%202026/XCC%20EP%20Champs%202026/Starred%20Photos/DSC_0078_result.jpg
PIC_VIEWER source_cache action=insert bytes=698757 uri=nfs://DietPi.local/mnt/4TBS/pics-sport/XCC%202026/XCC%20EP%20Champs%202026/Starred%20Photos/DSC_0078_result.jpg
PIC_VIEWER network_done lane=foreground read_ms=12 bytes=698757 source=network outcome=ok uri=nfs://DietPi.local/mnt/4TBS/pics-sport/XCC%202026/XCC%20EP%20Champs%202026/Starred%20Photos/DSC_0078_result.jpg
PIC_VIEWER decode_stage source_ms=12 cpu_ms=30 uri=nfs://DietPi.local/mnt/4TBS/pics-sport/XCC%202026/XCC%20EP%20Champs%202026/Starred%20Photos/DSC_0078_result.jpg
PIC_VIEWER t_ms=1597 tid=ThreadId(52) decode_done uri=nfs://DietPi.local/mnt/4TBS/pics-sport/XCC%202026/XCC%20EP%20Champs%202026/Starred%20Photos/DSC_0078_result.jpg variant=1124x794 elapsed_ms=45 outcome=ok
PIC_VIEWER t_ms=1599 tid=ThreadId(1) display_apply elapsed_ms=1 uri=nfs://DietPi.local/mnt/4TBS/pics-sport/XCC%202026/XCC%20EP%20Champs%202026/Starred%20Photos/DSC_0078_result.jpg
PIC_VIEWER t_ms=1599 tid=ThreadId(1) display_done lane=foreground source=decode navigation_ms=47 uri=nfs://DietPi.local/mnt/4TBS/pics-sport/XCC%202026/XCC%20EP%20Champs%202026/Starred%20Photos/DSC_0078_result.jpg
PIC_VIEWER t_ms=1612 tid=ThreadId(1) show_photo_request generation=9 index=453 uri=nfs://DietPi.local/mnt/4TBS/pics-sport/XCC%202026/XCC%20EP%20Champs%202026/Starred%20Photos/DSC_0084_result.jpg
PIC_VIEWER t_ms=1612 tid=ThreadId(1) request lane=foreground action=new uri=nfs://DietPi.local/mnt/4TBS/pics-sport/XCC%202026/XCC%20EP%20Champs%202026/Starred%20Photos/DSC_0084_result.jpg variant=1124x794
PIC_VIEWER t_ms=1612 tid=ThreadId(53) decode_start uri=nfs://DietPi.local/mnt/4TBS/pics-sport/XCC%202026/XCC%20EP%20Champs%202026/Starred%20Photos/DSC_0084_result.jpg variant=1124x794 queue_ms=0
PIC_VIEWER source_cache lane=foreground action=miss uri=nfs://DietPi.local/mnt/4TBS/pics-sport/XCC%202026/XCC%20EP%20Champs%202026/Starred%20Photos/DSC_0084_result.jpg
PIC_VIEWER network_slot lane=foreground wait_ms=0 uri=nfs://DietPi.local/mnt/4TBS/pics-sport/XCC%202026/XCC%20EP%20Champs%202026/Starred%20Photos/DSC_0084_result.jpg
PIC_NETWORK tid=ThreadId(53) PRIVATE_NFS export_cache_hit host=DietPi.local count=5
PIC_NETWORK tid=ThreadId(53) PRIVATE_NFS read_start uri=nfs://DietPi.local/mnt/4TBS/pics-sport/XCC%202026/XCC%20EP%20Champs%202026/Starred%20Photos/DSC_0084_result.jpg max_bytes=134217728
PIC_NFS stage=read_session_lock elapsed_ms=0 tid=140342605641408 host=DietPi.local export=/mnt/4TBS relative=/pics-sport/XCC 2026/XCC EP Champs 2026/Starred Photos/DSC_0084_result.jpg outcome=acquired
PIC_NFS_CONNECT reuse host=DietPi.local export=/mnt/4TBS
PIC_NFS stage=file_open elapsed_ms=2 tid=140342605641408 host=DietPi.local export=/mnt/4TBS relative=/pics-sport/XCC 2026/XCC EP Champs 2026/Starred Photos/DSC_0084_result.jpg outcome=ok
PIC_NFS stage=rpc_read elapsed_ms=1 tid=140342605641408 host=DietPi.local export=/mnt/4TBS relative=/pics-sport/XCC 2026/XCC EP Champs 2026/Starred Photos/DSC_0084_result.jpg iteration=1 outcome=ok bytes=65536 timedout_delta=0 retransmitted_delta=0 reconnects_delta=0
PIC_NFS stage=first_read elapsed_ms=1 tid=140342605641408 host=DietPi.local export=/mnt/4TBS relative=/pics-sport/XCC 2026/XCC EP Champs 2026/Starred Photos/DSC_0084_result.jpg outcome=ok bytes=65536
PIC_NFS stage=rpc_read elapsed_ms=1 tid=140342605641408 host=DietPi.local export=/mnt/4TBS relative=/pics-sport/XCC 2026/XCC EP Champs 2026/Starred Photos/DSC_0084_result.jpg iteration=2 outcome=ok bytes=65536 timedout_delta=0 retransmitted_delta=0 reconnects_delta=0
PIC_NFS stage=rpc_read elapsed_ms=2 tid=140342605641408 host=DietPi.local export=/mnt/4TBS relative=/pics-sport/XCC 2026/XCC EP Champs 2026/Starred Photos/DSC_0084_result.jpg iteration=3 outcome=ok bytes=131072 timedout_delta=0 retransmitted_delta=0 reconnects_delta=0
PIC_NFS stage=rpc_read elapsed_ms=3 tid=140342605641408 host=DietPi.local export=/mnt/4TBS relative=/pics-sport/XCC 2026/XCC EP Champs 2026/Starred Photos/DSC_0084_result.jpg iteration=4 outcome=ok bytes=262144 timedout_delta=0 retransmitted_delta=0 reconnects_delta=0
PIC_NFS stage=rpc_read elapsed_ms=6 tid=140342605641408 host=DietPi.local export=/mnt/4TBS relative=/pics-sport/XCC 2026/XCC EP Champs 2026/Starred Photos/DSC_0084_result.jpg iteration=5 outcome=ok bytes=524288 timedout_delta=0 retransmitted_delta=0 reconnects_delta=0
PIC_NFS stage=rpc_read elapsed_ms=6 tid=140342605641408 host=DietPi.local export=/mnt/4TBS relative=/pics-sport/XCC 2026/XCC EP Champs 2026/Starred Photos/DSC_0084_result.jpg iteration=6 outcome=ok bytes=594751 timedout_delta=0 retransmitted_delta=0 reconnects_delta=0
PIC_NFS stage=rpc_read elapsed_ms=0 tid=140342605641408 host=DietPi.local export=/mnt/4TBS relative=/pics-sport/XCC 2026/XCC EP Champs 2026/Starred Photos/DSC_0084_result.jpg iteration=7 outcome=ok bytes=0 timedout_delta=0 retransmitted_delta=0 reconnects_delta=0
PIC_NFS stage=file_read_complete elapsed_ms=19 tid=140342605641408 host=DietPi.local export=/mnt/4TBS relative=/pics-sport/XCC 2026/XCC EP Champs 2026/Starred Photos/DSC_0084_result.jpg outcome=ok bytes=1643327 calls=7
PIC_NETWORK tid=ThreadId(53) PRIVATE_NFS read_done bytes=1643327 elapsed_ms=21 uri=nfs://DietPi.local/mnt/4TBS/pics-sport/XCC%202026/XCC%20EP%20Champs%202026/Starred%20Photos/DSC_0084_result.jpg
PIC_VIEWER source_cache action=insert bytes=1643327 uri=nfs://DietPi.local/mnt/4TBS/pics-sport/XCC%202026/XCC%20EP%20Champs%202026/Starred%20Photos/DSC_0084_result.jpg
PIC_VIEWER network_done lane=foreground read_ms=21 bytes=1643327 source=network outcome=ok uri=nfs://DietPi.local/mnt/4TBS/pics-sport/XCC%202026/XCC%20EP%20Champs%202026/Starred%20Photos/DSC_0084_result.jpg
PIC_VIEWER decode_stage source_ms=21 cpu_ms=38 uri=nfs://DietPi.local/mnt/4TBS/pics-sport/XCC%202026/XCC%20EP%20Champs%202026/Starred%20Photos/DSC_0084_result.jpg
PIC_VIEWER t_ms=1675 tid=ThreadId(53) decode_done uri=nfs://DietPi.local/mnt/4TBS/pics-sport/XCC%202026/XCC%20EP%20Champs%202026/Starred%20Photos/DSC_0084_result.jpg variant=1124x794 elapsed_ms=62 outcome=ok
PIC_VIEWER t_ms=1677 tid=ThreadId(1) display_apply elapsed_ms=1 uri=nfs://DietPi.local/mnt/4TBS/pics-sport/XCC%202026/XCC%20EP%20Champs%202026/Starred%20Photos/DSC_0084_result.jpg
PIC_VIEWER t_ms=1677 tid=ThreadId(1) display_done lane=foreground source=decode navigation_ms=64 uri=nfs://DietPi.local/mnt/4TBS/pics-sport/XCC%202026/XCC%20EP%20Champs%202026/Starred%20Photos/DSC_0084_result.jpg
PIC_VIEWER t_ms=1702 tid=ThreadId(1) show_photo_request generation=10 index=454 uri=nfs://DietPi.local/mnt/4TBS/pics-sport/XCC%202026/XCC%20EP%20Champs%202026/Starred%20Photos/DSC_0126_result.jpg
PIC_VIEWER t_ms=1702 tid=ThreadId(1) request lane=foreground action=new uri=nfs://DietPi.local/mnt/4TBS/pics-sport/XCC%202026/XCC%20EP%20Champs%202026/Starred%20Photos/DSC_0126_result.jpg variant=1124x794
PIC_VIEWER t_ms=1702 tid=ThreadId(54) decode_start uri=nfs://DietPi.local/mnt/4TBS/pics-sport/XCC%202026/XCC%20EP%20Champs%202026/Starred%20Photos/DSC_0126_result.jpg variant=1124x794 queue_ms=0
PIC_VIEWER source_cache lane=foreground action=miss uri=nfs://DietPi.local/mnt/4TBS/pics-sport/XCC%202026/XCC%20EP%20Champs%202026/Starred%20Photos/DSC_0126_result.jpg
PIC_VIEWER network_slot lane=foreground wait_ms=0 uri=nfs://DietPi.local/mnt/4TBS/pics-sport/XCC%202026/XCC%20EP%20Champs%202026/Starred%20Photos/DSC_0126_result.jpg
PIC_NETWORK tid=ThreadId(54) PRIVATE_NFS export_cache_hit host=DietPi.local count=5
PIC_NETWORK tid=ThreadId(54) PRIVATE_NFS read_start uri=nfs://DietPi.local/mnt/4TBS/pics-sport/XCC%202026/XCC%20EP%20Champs%202026/Starred%20Photos/DSC_0126_result.jpg max_bytes=134217728
PIC_NFS stage=read_session_lock elapsed_ms=0 tid=140342605641408 host=DietPi.local export=/mnt/4TBS relative=/pics-sport/XCC 2026/XCC EP Champs 2026/Starred Photos/DSC_0126_result.jpg outcome=acquired
PIC_NFS_CONNECT reuse host=DietPi.local export=/mnt/4TBS
PIC_NFS stage=file_open elapsed_ms=2 tid=140342605641408 host=DietPi.local export=/mnt/4TBS relative=/pics-sport/XCC 2026/XCC EP Champs 2026/Starred Photos/DSC_0126_result.jpg outcome=ok
PIC_NFS stage=rpc_read elapsed_ms=1 tid=140342605641408 host=DietPi.local export=/mnt/4TBS relative=/pics-sport/XCC 2026/XCC EP Champs 2026/Starred Photos/DSC_0126_result.jpg iteration=1 outcome=ok bytes=65536 timedout_delta=0 retransmitted_delta=0 reconnects_delta=0
PIC_NFS stage=first_read elapsed_ms=1 tid=140342605641408 host=DietPi.local export=/mnt/4TBS relative=/pics-sport/XCC 2026/XCC EP Champs 2026/Starred Photos/DSC_0126_result.jpg outcome=ok bytes=65536
PIC_NFS stage=rpc_read elapsed_ms=2 tid=140342605641408 host=DietPi.local export=/mnt/4TBS relative=/pics-sport/XCC 2026/XCC EP Champs 2026/Starred Photos/DSC_0126_result.jpg iteration=2 outcome=ok bytes=65536 timedout_delta=0 retransmitted_delta=0 reconnects_delta=0
PIC_NFS stage=rpc_read elapsed_ms=1 tid=140342605641408 host=DietPi.local export=/mnt/4TBS relative=/pics-sport/XCC 2026/XCC EP Champs 2026/Starred Photos/DSC_0126_result.jpg iteration=3 outcome=ok bytes=131072 timedout_delta=0 retransmitted_delta=0 reconnects_delta=0
PIC_NFS stage=rpc_read elapsed_ms=3 tid=140342605641408 host=DietPi.local export=/mnt/4TBS relative=/pics-sport/XCC 2026/XCC EP Champs 2026/Starred Photos/DSC_0126_result.jpg iteration=4 outcome=ok bytes=262144 timedout_delta=0 retransmitted_delta=0 reconnects_delta=0
PIC_NFS stage=rpc_read elapsed_ms=6 tid=140342605641408 host=DietPi.local export=/mnt/4TBS relative=/pics-sport/XCC 2026/XCC EP Champs 2026/Starred Photos/DSC_0126_result.jpg iteration=5 outcome=ok bytes=524288 timedout_delta=0 retransmitted_delta=0 reconnects_delta=0
PIC_NFS stage=rpc_read elapsed_ms=2 tid=140342605641408 host=DietPi.local export=/mnt/4TBS relative=/pics-sport/XCC 2026/XCC EP Champs 2026/Starred Photos/DSC_0126_result.jpg iteration=6 outcome=ok bytes=209306 timedout_delta=0 retransmitted_delta=0 reconnects_delta=0
PIC_NFS stage=rpc_read elapsed_ms=1 tid=140342605641408 host=DietPi.local export=/mnt/4TBS relative=/pics-sport/XCC 2026/XCC EP Champs 2026/Starred Photos/DSC_0126_result.jpg iteration=7 outcome=ok bytes=0 timedout_delta=0 retransmitted_delta=0 reconnects_delta=0
PIC_NFS stage=file_read_complete elapsed_ms=16 tid=140342605641408 host=DietPi.local export=/mnt/4TBS relative=/pics-sport/XCC 2026/XCC EP Champs 2026/Starred Photos/DSC_0126_result.jpg outcome=ok bytes=1257882 calls=7
PIC_NETWORK tid=ThreadId(54) PRIVATE_NFS read_done bytes=1257882 elapsed_ms=17 uri=nfs://DietPi.local/mnt/4TBS/pics-sport/XCC%202026/XCC%20EP%20Champs%202026/Starred%20Photos/DSC_0126_result.jpg
PIC_VIEWER source_cache action=insert bytes=1257882 uri=nfs://DietPi.local/mnt/4TBS/pics-sport/XCC%202026/XCC%20EP%20Champs%202026/Starred%20Photos/DSC_0126_result.jpg
PIC_VIEWER network_done lane=foreground read_ms=17 bytes=1257882 source=network outcome=ok uri=nfs://DietPi.local/mnt/4TBS/pics-sport/XCC%202026/XCC%20EP%20Champs%202026/Starred%20Photos/DSC_0126_result.jpg
PIC_VIEWER decode_stage source_ms=17 cpu_ms=37 uri=nfs://DietPi.local/mnt/4TBS/pics-sport/XCC%202026/XCC%20EP%20Champs%202026/Starred%20Photos/DSC_0126_result.jpg
PIC_VIEWER t_ms=1760 tid=ThreadId(54) decode_done uri=nfs://DietPi.local/mnt/4TBS/pics-sport/XCC%202026/XCC%20EP%20Champs%202026/Starred%20Photos/DSC_0126_result.jpg variant=1124x794 elapsed_ms=57 outcome=ok
PIC_VIEWER t_ms=1762 tid=ThreadId(1) display_apply elapsed_ms=1 uri=nfs://DietPi.local/mnt/4TBS/pics-sport/XCC%202026/XCC%20EP%20Champs%202026/Starred%20Photos/DSC_0126_result.jpg
PIC_VIEWER t_ms=1762 tid=ThreadId(1) display_done lane=foreground source=decode navigation_ms=59 uri=nfs://DietPi.local/mnt/4TBS/pics-sport/XCC%202026/XCC%20EP%20Champs%202026/Starred%20Photos/DSC_0126_result.jpg
PIC_VIEWER t_ms=1762 tid=ThreadId(1) show_photo_request generation=11 index=455 uri=nfs://DietPi.local/mnt/4TBS/pics-sport/XCC%202026/XCC%20EP%20Champs%202026/Starred%20Photos/DSC_0160_result.jpg
PIC_VIEWER t_ms=1762 tid=ThreadId(1) request lane=foreground action=new uri=nfs://DietPi.local/mnt/4TBS/pics-sport/XCC%202026/XCC%20EP%20Champs%202026/Starred%20Photos/DSC_0160_result.jpg variant=1124x794
PIC_VIEWER t_ms=1763 tid=ThreadId(55) decode_start uri=nfs://DietPi.local/mnt/4TBS/pics-sport/XCC%202026/XCC%20EP%20Champs%202026/Starred%20Photos/DSC_0160_result.jpg variant=1124x794 queue_ms=0
PIC_VIEWER source_cache lane=foreground action=miss uri=nfs://DietPi.local/mnt/4TBS/pics-sport/XCC%202026/XCC%20EP%20Champs%202026/Starred%20Photos/DSC_0160_result.jpg
PIC_VIEWER network_slot lane=foreground wait_ms=0 uri=nfs://DietPi.local/mnt/4TBS/pics-sport/XCC%202026/XCC%20EP%20Champs%202026/Starred%20Photos/DSC_0160_result.jpg
PIC_NETWORK tid=ThreadId(55) PRIVATE_NFS export_cache_hit host=DietPi.local count=5
PIC_NETWORK tid=ThreadId(55) PRIVATE_NFS read_start uri=nfs://DietPi.local/mnt/4TBS/pics-sport/XCC%202026/XCC%20EP%20Champs%202026/Starred%20Photos/DSC_0160_result.jpg max_bytes=134217728
PIC_NFS stage=read_session_lock elapsed_ms=0 tid=140342605641408 host=DietPi.local export=/mnt/4TBS relative=/pics-sport/XCC 2026/XCC EP Champs 2026/Starred Photos/DSC_0160_result.jpg outcome=acquired
PIC_NFS_CONNECT reuse host=DietPi.local export=/mnt/4TBS
PIC_NFS stage=file_open elapsed_ms=2 tid=140342605641408 host=DietPi.local export=/mnt/4TBS relative=/pics-sport/XCC 2026/XCC EP Champs 2026/Starred Photos/DSC_0160_result.jpg outcome=ok
PIC_NFS stage=rpc_read elapsed_ms=1 tid=140342605641408 host=DietPi.local export=/mnt/4TBS relative=/pics-sport/XCC 2026/XCC EP Champs 2026/Starred Photos/DSC_0160_result.jpg iteration=1 outcome=ok bytes=65536 timedout_delta=0 retransmitted_delta=0 reconnects_delta=0
PIC_NFS stage=first_read elapsed_ms=1 tid=140342605641408 host=DietPi.local export=/mnt/4TBS relative=/pics-sport/XCC 2026/XCC EP Champs 2026/Starred Photos/DSC_0160_result.jpg outcome=ok bytes=65536
PIC_NFS stage=rpc_read elapsed_ms=2 tid=140342605641408 host=DietPi.local export=/mnt/4TBS relative=/pics-sport/XCC 2026/XCC EP Champs 2026/Starred Photos/DSC_0160_result.jpg iteration=2 outcome=ok bytes=65536 timedout_delta=0 retransmitted_delta=0 reconnects_delta=0
PIC_NFS stage=rpc_read elapsed_ms=2 tid=140342605641408 host=DietPi.local export=/mnt/4TBS relative=/pics-sport/XCC 2026/XCC EP Champs 2026/Starred Photos/DSC_0160_result.jpg iteration=3 outcome=ok bytes=131072 timedout_delta=0 retransmitted_delta=0 reconnects_delta=0
PIC_NFS stage=rpc_read elapsed_ms=3 tid=140342605641408 host=DietPi.local export=/mnt/4TBS relative=/pics-sport/XCC 2026/XCC EP Champs 2026/Starred Photos/DSC_0160_result.jpg iteration=4 outcome=ok bytes=262144 timedout_delta=0 retransmitted_delta=0 reconnects_delta=0
PIC_NFS stage=rpc_read elapsed_ms=5 tid=140342605641408 host=DietPi.local export=/mnt/4TBS relative=/pics-sport/XCC 2026/XCC EP Champs 2026/Starred Photos/DSC_0160_result.jpg iteration=5 outcome=ok bytes=524288 timedout_delta=0 retransmitted_delta=0 reconnects_delta=0
PIC_NFS stage=rpc_read elapsed_ms=2 tid=140342605641408 host=DietPi.local export=/mnt/4TBS relative=/pics-sport/XCC 2026/XCC EP Champs 2026/Starred Photos/DSC_0160_result.jpg iteration=6 outcome=ok bytes=143862 timedout_delta=0 retransmitted_delta=0 reconnects_delta=0
PIC_NFS stage=rpc_read elapsed_ms=0 tid=140342605641408 host=DietPi.local export=/mnt/4TBS relative=/pics-sport/XCC 2026/XCC EP Champs 2026/Starred Photos/DSC_0160_result.jpg iteration=7 outcome=ok bytes=0 timedout_delta=0 retransmitted_delta=0 reconnects_delta=0
PIC_NFS stage=file_read_complete elapsed_ms=15 tid=140342605641408 host=DietPi.local export=/mnt/4TBS relative=/pics-sport/XCC 2026/XCC EP Champs 2026/Starred Photos/DSC_0160_result.jpg outcome=ok bytes=1192438 calls=7
PIC_NETWORK tid=ThreadId(55) PRIVATE_NFS read_done bytes=1192438 elapsed_ms=17 uri=nfs://DietPi.local/mnt/4TBS/pics-sport/XCC%202026/XCC%20EP%20Champs%202026/Starred%20Photos/DSC_0160_result.jpg
PIC_VIEWER source_cache action=insert bytes=1192438 uri=nfs://DietPi.local/mnt/4TBS/pics-sport/XCC%202026/XCC%20EP%20Champs%202026/Starred%20Photos/DSC_0160_result.jpg
PIC_VIEWER network_done lane=foreground read_ms=17 bytes=1192438 source=network outcome=ok uri=nfs://DietPi.local/mnt/4TBS/pics-sport/XCC%202026/XCC%20EP%20Champs%202026/Starred%20Photos/DSC_0160_result.jpg
PIC_VIEWER decode_stage source_ms=17 cpu_ms=34 uri=nfs://DietPi.local/mnt/4TBS/pics-sport/XCC%202026/XCC%20EP%20Champs%202026/Starred%20Photos/DSC_0160_result.jpg
PIC_VIEWER t_ms=1817 tid=ThreadId(55) decode_done uri=nfs://DietPi.local/mnt/4TBS/pics-sport/XCC%202026/XCC%20EP%20Champs%202026/Starred%20Photos/DSC_0160_result.jpg variant=1124x794 elapsed_ms=54 outcome=ok
PIC_VIEWER t_ms=1819 tid=ThreadId(1) display_apply elapsed_ms=1 uri=nfs://DietPi.local/mnt/4TBS/pics-sport/XCC%202026/XCC%20EP%20Champs%202026/Starred%20Photos/DSC_0160_result.jpg
PIC_VIEWER t_ms=1819 tid=ThreadId(1) display_done lane=foreground source=decode navigation_ms=56 uri=nfs://DietPi.local/mnt/4TBS/pics-sport/XCC%202026/XCC%20EP%20Champs%202026/Starred%20Photos/DSC_0160_result.jpg
PIC_VIEWER t_ms=1823 tid=ThreadId(1) show_photo_request generation=12 index=456 uri=nfs://DietPi.local/mnt/4TBS/pics-sport/XCC%202026/XCC%20EP%20Champs%202026/Starred%20Photos/DSC_0169_result.jpg
PIC_VIEWER t_ms=1823 tid=ThreadId(1) request lane=foreground action=new uri=nfs://DietPi.local/mnt/4TBS/pics-sport/XCC%202026/XCC%20EP%20Champs%202026/Starred%20Photos/DSC_0169_result.jpg variant=1124x794
PIC_VIEWER t_ms=1823 tid=ThreadId(56) decode_start uri=nfs://DietPi.local/mnt/4TBS/pics-sport/XCC%202026/XCC%20EP%20Champs%202026/Starred%20Photos/DSC_0169_result.jpg variant=1124x794 queue_ms=0
PIC_VIEWER source_cache lane=foreground action=miss uri=nfs://DietPi.local/mnt/4TBS/pics-sport/XCC%202026/XCC%20EP%20Champs%202026/Starred%20Photos/DSC_0169_result.jpg
PIC_VIEWER network_slot lane=foreground wait_ms=0 uri=nfs://DietPi.local/mnt/4TBS/pics-sport/XCC%202026/XCC%20EP%20Champs%202026/Starred%20Photos/DSC_0169_result.jpg
PIC_NETWORK tid=ThreadId(56) PRIVATE_NFS export_cache_hit host=DietPi.local count=5
PIC_NETWORK tid=ThreadId(56) PRIVATE_NFS read_start uri=nfs://DietPi.local/mnt/4TBS/pics-sport/XCC%202026/XCC%20EP%20Champs%202026/Starred%20Photos/DSC_0169_result.jpg max_bytes=134217728
PIC_NFS stage=read_session_lock elapsed_ms=0 tid=140342605641408 host=DietPi.local export=/mnt/4TBS relative=/pics-sport/XCC 2026/XCC EP Champs 2026/Starred Photos/DSC_0169_result.jpg outcome=acquired
PIC_NFS_CONNECT reuse host=DietPi.local export=/mnt/4TBS
PIC_NFS stage=file_open elapsed_ms=3 tid=140342605641408 host=DietPi.local export=/mnt/4TBS relative=/pics-sport/XCC 2026/XCC EP Champs 2026/Starred Photos/DSC_0169_result.jpg outcome=ok
PIC_NFS stage=rpc_read elapsed_ms=1 tid=140342605641408 host=DietPi.local export=/mnt/4TBS relative=/pics-sport/XCC 2026/XCC EP Champs 2026/Starred Photos/DSC_0169_result.jpg iteration=1 outcome=ok bytes=65536 timedout_delta=0 retransmitted_delta=0 reconnects_delta=0
PIC_NFS stage=first_read elapsed_ms=1 tid=140342605641408 host=DietPi.local export=/mnt/4TBS relative=/pics-sport/XCC 2026/XCC EP Champs 2026/Starred Photos/DSC_0169_result.jpg outcome=ok bytes=65536
PIC_NFS stage=rpc_read elapsed_ms=1 tid=140342605641408 host=DietPi.local export=/mnt/4TBS relative=/pics-sport/XCC 2026/XCC EP Champs 2026/Starred Photos/DSC_0169_result.jpg iteration=2 outcome=ok bytes=65536 timedout_delta=0 retransmitted_delta=0 reconnects_delta=0
PIC_NFS stage=rpc_read elapsed_ms=2 tid=140342605641408 host=DietPi.local export=/mnt/4TBS relative=/pics-sport/XCC 2026/XCC EP Champs 2026/Starred Photos/DSC_0169_result.jpg iteration=3 outcome=ok bytes=131072 timedout_delta=0 retransmitted_delta=0 reconnects_delta=0
PIC_NFS stage=rpc_read elapsed_ms=3 tid=140342605641408 host=DietPi.local export=/mnt/4TBS relative=/pics-sport/XCC 2026/XCC EP Champs 2026/Starred Photos/DSC_0169_result.jpg iteration=4 outcome=ok bytes=262144 timedout_delta=0 retransmitted_delta=0 reconnects_delta=0
PIC_NFS stage=rpc_read elapsed_ms=2 tid=140342605641408 host=DietPi.local export=/mnt/4TBS relative=/pics-sport/XCC 2026/XCC EP Champs 2026/Starred Photos/DSC_0169_result.jpg iteration=5 outcome=ok bytes=227912 timedout_delta=0 retransmitted_delta=0 reconnects_delta=0
PIC_NFS stage=rpc_read elapsed_ms=1 tid=140342605641408 host=DietPi.local export=/mnt/4TBS relative=/pics-sport/XCC 2026/XCC EP Champs 2026/Starred Photos/DSC_0169_result.jpg iteration=6 outcome=ok bytes=0 timedout_delta=0 retransmitted_delta=0 reconnects_delta=0
PIC_NFS stage=file_read_complete elapsed_ms=10 tid=140342605641408 host=DietPi.local export=/mnt/4TBS relative=/pics-sport/XCC 2026/XCC EP Champs 2026/Starred Photos/DSC_0169_result.jpg outcome=ok bytes=752200 calls=6
PIC_NETWORK tid=ThreadId(56) PRIVATE_NFS read_done bytes=752200 elapsed_ms=12 uri=nfs://DietPi.local/mnt/4TBS/pics-sport/XCC%202026/XCC%20EP%20Champs%202026/Starred%20Photos/DSC_0169_result.jpg
PIC_VIEWER source_cache action=insert bytes=752200 uri=nfs://DietPi.local/mnt/4TBS/pics-sport/XCC%202026/XCC%20EP%20Champs%202026/Starred%20Photos/DSC_0169_result.jpg
PIC_VIEWER network_done lane=foreground read_ms=12 bytes=752200 source=network outcome=ok uri=nfs://DietPi.local/mnt/4TBS/pics-sport/XCC%202026/XCC%20EP%20Champs%202026/Starred%20Photos/DSC_0169_result.jpg
PIC_VIEWER decode_stage source_ms=12 cpu_ms=31 uri=nfs://DietPi.local/mnt/4TBS/pics-sport/XCC%202026/XCC%20EP%20Champs%202026/Starred%20Photos/DSC_0169_result.jpg
PIC_VIEWER t_ms=1869 tid=ThreadId(56) decode_done uri=nfs://DietPi.local/mnt/4TBS/pics-sport/XCC%202026/XCC%20EP%20Champs%202026/Starred%20Photos/DSC_0169_result.jpg variant=1124x794 elapsed_ms=46 outcome=ok
PIC_VIEWER t_ms=1871 tid=ThreadId(1) display_apply elapsed_ms=1 uri=nfs://DietPi.local/mnt/4TBS/pics-sport/XCC%202026/XCC%20EP%20Champs%202026/Starred%20Photos/DSC_0169_result.jpg
PIC_VIEWER t_ms=1871 tid=ThreadId(1) display_done lane=foreground source=decode navigation_ms=48 uri=nfs://DietPi.local/mnt/4TBS/pics-sport/XCC%202026/XCC%20EP%20Champs%202026/Starred%20Photos/DSC_0169_result.jpg
PIC_VIEWER t_ms=1883 tid=ThreadId(1) show_photo_request generation=13 index=457 uri=nfs://DietPi.local/mnt/4TBS/pics-sport/XCC%202026/XCC%20EP%20Champs%202026/Starred%20Photos/DSC_0221_result.jpg
PIC_VIEWER t_ms=1883 tid=ThreadId(1) request lane=foreground action=new uri=nfs://DietPi.local/mnt/4TBS/pics-sport/XCC%202026/XCC%20EP%20Champs%202026/Starred%20Photos/DSC_0221_result.jpg variant=1124x794
PIC_VIEWER t_ms=1883 tid=ThreadId(57) decode_start uri=nfs://DietPi.local/mnt/4TBS/pics-sport/XCC%202026/XCC%20EP%20Champs%202026/Starred%20Photos/DSC_0221_result.jpg variant=1124x794 queue_ms=0
PIC_VIEWER source_cache lane=foreground action=miss uri=nfs://DietPi.local/mnt/4TBS/pics-sport/XCC%202026/XCC%20EP%20Champs%202026/Starred%20Photos/DSC_0221_result.jpg
PIC_VIEWER network_slot lane=foreground wait_ms=0 uri=nfs://DietPi.local/mnt/4TBS/pics-sport/XCC%202026/XCC%20EP%20Champs%202026/Starred%20Photos/DSC_0221_result.jpg
PIC_NETWORK tid=ThreadId(57) PRIVATE_NFS export_cache_hit host=DietPi.local count=5
PIC_NETWORK tid=ThreadId(57) PRIVATE_NFS read_start uri=nfs://DietPi.local/mnt/4TBS/pics-sport/XCC%202026/XCC%20EP%20Champs%202026/Starred%20Photos/DSC_0221_result.jpg max_bytes=134217728
PIC_NFS stage=read_session_lock elapsed_ms=0 tid=140342605641408 host=DietPi.local export=/mnt/4TBS relative=/pics-sport/XCC 2026/XCC EP Champs 2026/Starred Photos/DSC_0221_result.jpg outcome=acquired
PIC_NFS_CONNECT reuse host=DietPi.local export=/mnt/4TBS
PIC_NFS stage=file_open elapsed_ms=2 tid=140342605641408 host=DietPi.local export=/mnt/4TBS relative=/pics-sport/XCC 2026/XCC EP Champs 2026/Starred Photos/DSC_0221_result.jpg outcome=ok
PIC_NFS stage=rpc_read elapsed_ms=1 tid=140342605641408 host=DietPi.local export=/mnt/4TBS relative=/pics-sport/XCC 2026/XCC EP Champs 2026/Starred Photos/DSC_0221_result.jpg iteration=1 outcome=ok bytes=65536 timedout_delta=0 retransmitted_delta=0 reconnects_delta=0
PIC_NFS stage=first_read elapsed_ms=1 tid=140342605641408 host=DietPi.local export=/mnt/4TBS relative=/pics-sport/XCC 2026/XCC EP Champs 2026/Starred Photos/DSC_0221_result.jpg outcome=ok bytes=65536
PIC_NFS stage=rpc_read elapsed_ms=1 tid=140342605641408 host=DietPi.local export=/mnt/4TBS relative=/pics-sport/XCC 2026/XCC EP Champs 2026/Starred Photos/DSC_0221_result.jpg iteration=2 outcome=ok bytes=65536 timedout_delta=0 retransmitted_delta=0 reconnects_delta=0
PIC_NFS stage=rpc_read elapsed_ms=1 tid=140342605641408 host=DietPi.local export=/mnt/4TBS relative=/pics-sport/XCC 2026/XCC EP Champs 2026/Starred Photos/DSC_0221_result.jpg iteration=3 outcome=ok bytes=131072 timedout_delta=0 retransmitted_delta=0 reconnects_delta=0
PIC_NFS stage=rpc_read elapsed_ms=3 tid=140342605641408 host=DietPi.local export=/mnt/4TBS relative=/pics-sport/XCC 2026/XCC EP Champs 2026/Starred Photos/DSC_0221_result.jpg iteration=4 outcome=ok bytes=262144 timedout_delta=0 retransmitted_delta=0 reconnects_delta=0
PIC_NFS stage=rpc_read elapsed_ms=6 tid=140342605641408 host=DietPi.local export=/mnt/4TBS relative=/pics-sport/XCC 2026/XCC EP Champs 2026/Starred Photos/DSC_0221_result.jpg iteration=5 outcome=ok bytes=524288 timedout_delta=0 retransmitted_delta=0 reconnects_delta=0
PIC_NFS stage=rpc_read elapsed_ms=2 tid=140342605641408 host=DietPi.local export=/mnt/4TBS relative=/pics-sport/XCC 2026/XCC EP Champs 2026/Starred Photos/DSC_0221_result.jpg iteration=6 outcome=ok bytes=166322 timedout_delta=0 retransmitted_delta=0 reconnects_delta=0
PIC_NFS stage=rpc_read elapsed_ms=0 tid=140342605641408 host=DietPi.local export=/mnt/4TBS relative=/pics-sport/XCC 2026/XCC EP Champs 2026/Starred Photos/DSC_0221_result.jpg iteration=7 outcome=ok bytes=0 timedout_delta=0 retransmitted_delta=0 reconnects_delta=0
PIC_NFS stage=file_read_complete elapsed_ms=14 tid=140342605641408 host=DietPi.local export=/mnt/4TBS relative=/pics-sport/XCC 2026/XCC EP Champs 2026/Starred Photos/DSC_0221_result.jpg outcome=ok bytes=1214898 calls=7
PIC_NETWORK tid=ThreadId(57) PRIVATE_NFS read_done bytes=1214898 elapsed_ms=16 uri=nfs://DietPi.local/mnt/4TBS/pics-sport/XCC%202026/XCC%20EP%20Champs%202026/Starred%20Photos/DSC_0221_result.jpg
PIC_VIEWER source_cache action=insert bytes=1214898 uri=nfs://DietPi.local/mnt/4TBS/pics-sport/XCC%202026/XCC%20EP%20Champs%202026/Starred%20Photos/DSC_0221_result.jpg
PIC_VIEWER network_done lane=foreground read_ms=16 bytes=1214898 source=network outcome=ok uri=nfs://DietPi.local/mnt/4TBS/pics-sport/XCC%202026/XCC%20EP%20Champs%202026/Starred%20Photos/DSC_0221_result.jpg
PIC_VIEWER decode_stage source_ms=16 cpu_ms=35 uri=nfs://DietPi.local/mnt/4TBS/pics-sport/XCC%202026/XCC%20EP%20Champs%202026/Starred%20Photos/DSC_0221_result.jpg
PIC_VIEWER t_ms=1938 tid=ThreadId(57) decode_done uri=nfs://DietPi.local/mnt/4TBS/pics-sport/XCC%202026/XCC%20EP%20Champs%202026/Starred%20Photos/DSC_0221_result.jpg variant=1124x794 elapsed_ms=54 outcome=ok
PIC_VIEWER t_ms=1939 tid=ThreadId(1) display_apply elapsed_ms=1 uri=nfs://DietPi.local/mnt/4TBS/pics-sport/XCC%202026/XCC%20EP%20Champs%202026/Starred%20Photos/DSC_0221_result.jpg
PIC_VIEWER t_ms=1939 tid=ThreadId(1) display_done lane=foreground source=decode navigation_ms=56 uri=nfs://DietPi.local/mnt/4TBS/pics-sport/XCC%202026/XCC%20EP%20Champs%202026/Starred%20Photos/DSC_0221_result.jpg
PIC_VIEWER t_ms=1943 tid=ThreadId(1) show_photo_request generation=14 index=458 uri=nfs://DietPi.local/mnt/4TBS/pics-sport/XCC%202026/XCC%20EP%20Champs%202026/Starred%20Photos/DSC_0229_result.jpg
PIC_VIEWER t_ms=1943 tid=ThreadId(1) request lane=foreground action=new uri=nfs://DietPi.local/mnt/4TBS/pics-sport/XCC%202026/XCC%20EP%20Champs%202026/Starred%20Photos/DSC_0229_result.jpg variant=1124x794
PIC_VIEWER t_ms=1943 tid=ThreadId(58) decode_start uri=nfs://DietPi.local/mnt/4TBS/pics-sport/XCC%202026/XCC%20EP%20Champs%202026/Starred%20Photos/DSC_0229_result.jpg variant=1124x794 queue_ms=0
PIC_VIEWER source_cache lane=foreground action=miss uri=nfs://DietPi.local/mnt/4TBS/pics-sport/XCC%202026/XCC%20EP%20Champs%202026/Starred%20Photos/DSC_0229_result.jpg
PIC_VIEWER network_slot lane=foreground wait_ms=0 uri=nfs://DietPi.local/mnt/4TBS/pics-sport/XCC%202026/XCC%20EP%20Champs%202026/Starred%20Photos/DSC_0229_result.jpg
PIC_NETWORK tid=ThreadId(58) PRIVATE_NFS export_cache_hit host=DietPi.local count=5
PIC_NETWORK tid=ThreadId(58) PRIVATE_NFS read_start uri=nfs://DietPi.local/mnt/4TBS/pics-sport/XCC%202026/XCC%20EP%20Champs%202026/Starred%20Photos/DSC_0229_result.jpg max_bytes=134217728
PIC_NFS stage=read_session_lock elapsed_ms=0 tid=140342605641408 host=DietPi.local export=/mnt/4TBS relative=/pics-sport/XCC 2026/XCC EP Champs 2026/Starred Photos/DSC_0229_result.jpg outcome=acquired
PIC_NFS_CONNECT reuse host=DietPi.local export=/mnt/4TBS
PIC_NFS stage=file_open elapsed_ms=2 tid=140342605641408 host=DietPi.local export=/mnt/4TBS relative=/pics-sport/XCC 2026/XCC EP Champs 2026/Starred Photos/DSC_0229_result.jpg outcome=ok
PIC_NFS stage=rpc_read elapsed_ms=1 tid=140342605641408 host=DietPi.local export=/mnt/4TBS relative=/pics-sport/XCC 2026/XCC EP Champs 2026/Starred Photos/DSC_0229_result.jpg iteration=1 outcome=ok bytes=65536 timedout_delta=0 retransmitted_delta=0 reconnects_delta=0
PIC_NFS stage=first_read elapsed_ms=1 tid=140342605641408 host=DietPi.local export=/mnt/4TBS relative=/pics-sport/XCC 2026/XCC EP Champs 2026/Starred Photos/DSC_0229_result.jpg outcome=ok bytes=65536
PIC_NFS stage=rpc_read elapsed_ms=2 tid=140342605641408 host=DietPi.local export=/mnt/4TBS relative=/pics-sport/XCC 2026/XCC EP Champs 2026/Starred Photos/DSC_0229_result.jpg iteration=2 outcome=ok bytes=65536 timedout_delta=0 retransmitted_delta=0 reconnects_delta=0
PIC_NFS stage=rpc_read elapsed_ms=1 tid=140342605641408 host=DietPi.local export=/mnt/4TBS relative=/pics-sport/XCC 2026/XCC EP Champs 2026/Starred Photos/DSC_0229_result.jpg iteration=3 outcome=ok bytes=131072 timedout_delta=0 retransmitted_delta=0 reconnects_delta=0
PIC_NFS stage=rpc_read elapsed_ms=3 tid=140342605641408 host=DietPi.local export=/mnt/4TBS relative=/pics-sport/XCC 2026/XCC EP Champs 2026/Starred Photos/DSC_0229_result.jpg iteration=4 outcome=ok bytes=262144 timedout_delta=0 retransmitted_delta=0 reconnects_delta=0
PIC_NFS stage=rpc_read elapsed_ms=5 tid=140342605641408 host=DietPi.local export=/mnt/4TBS relative=/pics-sport/XCC 2026/XCC EP Champs 2026/Starred Photos/DSC_0229_result.jpg iteration=5 outcome=ok bytes=497793 timedout_delta=0 retransmitted_delta=0 reconnects_delta=0
PIC_NFS stage=rpc_read elapsed_ms=1 tid=140342605641408 host=DietPi.local export=/mnt/4TBS relative=/pics-sport/XCC 2026/XCC EP Champs 2026/Starred Photos/DSC_0229_result.jpg iteration=6 outcome=ok bytes=0 timedout_delta=0 retransmitted_delta=0 reconnects_delta=0
PIC_NFS stage=file_read_complete elapsed_ms=13 tid=140342605641408 host=DietPi.local export=/mnt/4TBS relative=/pics-sport/XCC 2026/XCC EP Champs 2026/Starred Photos/DSC_0229_result.jpg outcome=ok bytes=1022081 calls=6
PIC_NETWORK tid=ThreadId(58) PRIVATE_NFS read_done bytes=1022081 elapsed_ms=15 uri=nfs://DietPi.local/mnt/4TBS/pics-sport/XCC%202026/XCC%20EP%20Champs%202026/Starred%20Photos/DSC_0229_result.jpg
PIC_VIEWER source_cache action=insert bytes=1022081 uri=nfs://DietPi.local/mnt/4TBS/pics-sport/XCC%202026/XCC%20EP%20Champs%202026/Starred%20Photos/DSC_0229_result.jpg
PIC_VIEWER network_done lane=foreground read_ms=15 bytes=1022081 source=network outcome=ok uri=nfs://DietPi.local/mnt/4TBS/pics-sport/XCC%202026/XCC%20EP%20Champs%202026/Starred%20Photos/DSC_0229_result.jpg
PIC_VIEWER decode_stage source_ms=15 cpu_ms=34 uri=nfs://DietPi.local/mnt/4TBS/pics-sport/XCC%202026/XCC%20EP%20Champs%202026/Starred%20Photos/DSC_0229_result.jpg
PIC_VIEWER t_ms=1995 tid=ThreadId(58) decode_done uri=nfs://DietPi.local/mnt/4TBS/pics-sport/XCC%202026/XCC%20EP%20Champs%202026/Starred%20Photos/DSC_0229_result.jpg variant=1124x794 elapsed_ms=52 outcome=ok
PIC_VIEWER t_ms=1997 tid=ThreadId(1) display_apply elapsed_ms=1 uri=nfs://DietPi.local/mnt/4TBS/pics-sport/XCC%202026/XCC%20EP%20Champs%202026/Starred%20Photos/DSC_0229_result.jpg
PIC_VIEWER t_ms=1997 tid=ThreadId(1) display_done lane=foreground source=decode navigation_ms=54 uri=nfs://DietPi.local/mnt/4TBS/pics-sport/XCC%202026/XCC%20EP%20Champs%202026/Starred%20Photos/DSC_0229_result.jpg
PIC_VIEWER t_ms=2003 tid=ThreadId(1) show_photo_request generation=15 index=459 uri=nfs://DietPi.local/mnt/4TBS/pics-sport/XCC%202026/XCC%20EP%20Champs%202026/Starred%20Photos/DSC_0276_result.jpg
PIC_VIEWER t_ms=2003 tid=ThreadId(1) request lane=foreground action=new uri=nfs://DietPi.local/mnt/4TBS/pics-sport/XCC%202026/XCC%20EP%20Champs%202026/Starred%20Photos/DSC_0276_result.jpg variant=1124x794
PIC_VIEWER t_ms=2003 tid=ThreadId(59) decode_start uri=nfs://DietPi.local/mnt/4TBS/pics-sport/XCC%202026/XCC%20EP%20Champs%202026/Starred%20Photos/DSC_0276_result.jpg variant=1124x794 queue_ms=0
PIC_VIEWER source_cache lane=foreground action=miss uri=nfs://DietPi.local/mnt/4TBS/pics-sport/XCC%202026/XCC%20EP%20Champs%202026/Starred%20Photos/DSC_0276_result.jpg
PIC_VIEWER network_slot lane=foreground wait_ms=0 uri=nfs://DietPi.local/mnt/4TBS/pics-sport/XCC%202026/XCC%20EP%20Champs%202026/Starred%20Photos/DSC_0276_result.jpg
PIC_NETWORK tid=ThreadId(59) PRIVATE_NFS export_cache_hit host=DietPi.local count=5
PIC_NETWORK tid=ThreadId(59) PRIVATE_NFS read_start uri=nfs://DietPi.local/mnt/4TBS/pics-sport/XCC%202026/XCC%20EP%20Champs%202026/Starred%20Photos/DSC_0276_result.jpg max_bytes=134217728
PIC_NFS stage=read_session_lock elapsed_ms=0 tid=140342605641408 host=DietPi.local export=/mnt/4TBS relative=/pics-sport/XCC 2026/XCC EP Champs 2026/Starred Photos/DSC_0276_result.jpg outcome=acquired
PIC_NFS_CONNECT reuse host=DietPi.local export=/mnt/4TBS
PIC_NFS stage=file_open elapsed_ms=2 tid=140342605641408 host=DietPi.local export=/mnt/4TBS relative=/pics-sport/XCC 2026/XCC EP Champs 2026/Starred Photos/DSC_0276_result.jpg outcome=ok
PIC_NFS stage=rpc_read elapsed_ms=1 tid=140342605641408 host=DietPi.local export=/mnt/4TBS relative=/pics-sport/XCC 2026/XCC EP Champs 2026/Starred Photos/DSC_0276_result.jpg iteration=1 outcome=ok bytes=65536 timedout_delta=0 retransmitted_delta=0 reconnects_delta=0
PIC_NFS stage=first_read elapsed_ms=1 tid=140342605641408 host=DietPi.local export=/mnt/4TBS relative=/pics-sport/XCC 2026/XCC EP Champs 2026/Starred Photos/DSC_0276_result.jpg outcome=ok bytes=65536
PIC_NFS stage=rpc_read elapsed_ms=1 tid=140342605641408 host=DietPi.local export=/mnt/4TBS relative=/pics-sport/XCC 2026/XCC EP Champs 2026/Starred Photos/DSC_0276_result.jpg iteration=2 outcome=ok bytes=65536 timedout_delta=0 retransmitted_delta=0 reconnects_delta=0
PIC_NFS stage=rpc_read elapsed_ms=2 tid=140342605641408 host=DietPi.local export=/mnt/4TBS relative=/pics-sport/XCC 2026/XCC EP Champs 2026/Starred Photos/DSC_0276_result.jpg iteration=3 outcome=ok bytes=131072 timedout_delta=0 retransmitted_delta=0 reconnects_delta=0
PIC_NFS stage=rpc_read elapsed_ms=3 tid=140342605641408 host=DietPi.local export=/mnt/4TBS relative=/pics-sport/XCC 2026/XCC EP Champs 2026/Starred Photos/DSC_0276_result.jpg iteration=4 outcome=ok bytes=262144 timedout_delta=0 retransmitted_delta=0 reconnects_delta=0
PIC_NFS stage=rpc_read elapsed_ms=5 tid=140342605641408 host=DietPi.local export=/mnt/4TBS relative=/pics-sport/XCC 2026/XCC EP Champs 2026/Starred Photos/DSC_0276_result.jpg iteration=5 outcome=ok bytes=524288 timedout_delta=0 retransmitted_delta=0 reconnects_delta=0
PIC_NFS stage=rpc_read elapsed_ms=5 tid=140342605641408 host=DietPi.local export=/mnt/4TBS relative=/pics-sport/XCC 2026/XCC EP Champs 2026/Starred Photos/DSC_0276_result.jpg iteration=6 outcome=ok bytes=484468 timedout_delta=0 retransmitted_delta=0 reconnects_delta=0
PIC_NFS stage=rpc_read elapsed_ms=1 tid=140342605641408 host=DietPi.local export=/mnt/4TBS relative=/pics-sport/XCC 2026/XCC EP Champs 2026/Starred Photos/DSC_0276_result.jpg iteration=7 outcome=ok bytes=0 timedout_delta=0 retransmitted_delta=0 reconnects_delta=0
PIC_NFS stage=file_read_complete elapsed_ms=18 tid=140342605641408 host=DietPi.local export=/mnt/4TBS relative=/pics-sport/XCC 2026/XCC EP Champs 2026/Starred Photos/DSC_0276_result.jpg outcome=ok bytes=1533044 calls=7
PIC_NETWORK tid=ThreadId(59) PRIVATE_NFS read_done bytes=1533044 elapsed_ms=20 uri=nfs://DietPi.local/mnt/4TBS/pics-sport/XCC%202026/XCC%20EP%20Champs%202026/Starred%20Photos/DSC_0276_result.jpg
PIC_VIEWER source_cache action=insert bytes=1533044 uri=nfs://DietPi.local/mnt/4TBS/pics-sport/XCC%202026/XCC%20EP%20Champs%202026/Starred%20Photos/DSC_0276_result.jpg
PIC_VIEWER network_done lane=foreground read_ms=20 bytes=1533044 source=network outcome=ok uri=nfs://DietPi.local/mnt/4TBS/pics-sport/XCC%202026/XCC%20EP%20Champs%202026/Starred%20Photos/DSC_0276_result.jpg
PIC_VIEWER decode_stage source_ms=20 cpu_ms=38 uri=nfs://DietPi.local/mnt/4TBS/pics-sport/XCC%202026/XCC%20EP%20Champs%202026/Starred%20Photos/DSC_0276_result.jpg
PIC_VIEWER t_ms=2065 tid=ThreadId(59) decode_done uri=nfs://DietPi.local/mnt/4TBS/pics-sport/XCC%202026/XCC%20EP%20Champs%202026/Starred%20Photos/DSC_0276_result.jpg variant=1124x794 elapsed_ms=61 outcome=ok
PIC_VIEWER t_ms=2067 tid=ThreadId(1) display_apply elapsed_ms=1 uri=nfs://DietPi.local/mnt/4TBS/pics-sport/XCC%202026/XCC%20EP%20Champs%202026/Starred%20Photos/DSC_0276_result.jpg
PIC_VIEWER t_ms=2067 tid=ThreadId(1) display_done lane=foreground source=decode navigation_ms=63 uri=nfs://DietPi.local/mnt/4TBS/pics-sport/XCC%202026/XCC%20EP%20Champs%202026/Starred%20Photos/DSC_0276_result.jpg
PIC_VIEWER t_ms=2095 tid=ThreadId(1) show_photo_request generation=16 index=460 uri=nfs://DietPi.local/mnt/4TBS/pics-sport/XCC%202026/XCC%20EP%20Champs%202026/Starred%20Photos/DSC_0372_result.jpg
PIC_VIEWER t_ms=2095 tid=ThreadId(1) request lane=foreground action=new uri=nfs://DietPi.local/mnt/4TBS/pics-sport/XCC%202026/XCC%20EP%20Champs%202026/Starred%20Photos/DSC_0372_result.jpg variant=1124x794
PIC_VIEWER t_ms=2095 tid=ThreadId(60) decode_start uri=nfs://DietPi.local/mnt/4TBS/pics-sport/XCC%202026/XCC%20EP%20Champs%202026/Starred%20Photos/DSC_0372_result.jpg variant=1124x794 queue_ms=0
PIC_VIEWER source_cache lane=foreground action=miss uri=nfs://DietPi.local/mnt/4TBS/pics-sport/XCC%202026/XCC%20EP%20Champs%202026/Starred%20Photos/DSC_0372_result.jpg
PIC_VIEWER network_slot lane=foreground wait_ms=0 uri=nfs://DietPi.local/mnt/4TBS/pics-sport/XCC%202026/XCC%20EP%20Champs%202026/Starred%20Photos/DSC_0372_result.jpg
PIC_NETWORK tid=ThreadId(60) PRIVATE_NFS export_cache_hit host=DietPi.local count=5
PIC_NETWORK tid=ThreadId(60) PRIVATE_NFS read_start uri=nfs://DietPi.local/mnt/4TBS/pics-sport/XCC%202026/XCC%20EP%20Champs%202026/Starred%20Photos/DSC_0372_result.jpg max_bytes=134217728
PIC_NFS stage=read_session_lock elapsed_ms=0 tid=140342605641408 host=DietPi.local export=/mnt/4TBS relative=/pics-sport/XCC 2026/XCC EP Champs 2026/Starred Photos/DSC_0372_result.jpg outcome=acquired
PIC_NFS_CONNECT reuse host=DietPi.local export=/mnt/4TBS
PIC_NFS stage=file_open elapsed_ms=2 tid=140342605641408 host=DietPi.local export=/mnt/4TBS relative=/pics-sport/XCC 2026/XCC EP Champs 2026/Starred Photos/DSC_0372_result.jpg outcome=ok
PIC_NFS stage=rpc_read elapsed_ms=1 tid=140342605641408 host=DietPi.local export=/mnt/4TBS relative=/pics-sport/XCC 2026/XCC EP Champs 2026/Starred Photos/DSC_0372_result.jpg iteration=1 outcome=ok bytes=65536 timedout_delta=0 retransmitted_delta=0 reconnects_delta=0
PIC_NFS stage=first_read elapsed_ms=1 tid=140342605641408 host=DietPi.local export=/mnt/4TBS relative=/pics-sport/XCC 2026/XCC EP Champs 2026/Starred Photos/DSC_0372_result.jpg outcome=ok bytes=65536
PIC_NFS stage=rpc_read elapsed_ms=1 tid=140342605641408 host=DietPi.local export=/mnt/4TBS relative=/pics-sport/XCC 2026/XCC EP Champs 2026/Starred Photos/DSC_0372_result.jpg iteration=2 outcome=ok bytes=65536 timedout_delta=0 retransmitted_delta=0 reconnects_delta=0
PIC_NFS stage=rpc_read elapsed_ms=2 tid=140342605641408 host=DietPi.local export=/mnt/4TBS relative=/pics-sport/XCC 2026/XCC EP Champs 2026/Starred Photos/DSC_0372_result.jpg iteration=3 outcome=ok bytes=131072 timedout_delta=0 retransmitted_delta=0 reconnects_delta=0
PIC_NFS stage=rpc_read elapsed_ms=3 tid=140342605641408 host=DietPi.local export=/mnt/4TBS relative=/pics-sport/XCC 2026/XCC EP Champs 2026/Starred Photos/DSC_0372_result.jpg iteration=4 outcome=ok bytes=262144 timedout_delta=0 retransmitted_delta=0 reconnects_delta=0
PIC_NFS stage=rpc_read elapsed_ms=5 tid=140342605641408 host=DietPi.local export=/mnt/4TBS relative=/pics-sport/XCC 2026/XCC EP Champs 2026/Starred Photos/DSC_0372_result.jpg iteration=5 outcome=ok bytes=483652 timedout_delta=0 retransmitted_delta=0 reconnects_delta=0
PIC_NFS stage=rpc_read elapsed_ms=1 tid=140342605641408 host=DietPi.local export=/mnt/4TBS relative=/pics-sport/XCC 2026/XCC EP Champs 2026/Starred Photos/DSC_0372_result.jpg iteration=6 outcome=ok bytes=0 timedout_delta=0 retransmitted_delta=0 reconnects_delta=0
PIC_NFS stage=file_read_complete elapsed_ms=13 tid=140342605641408 host=DietPi.local export=/mnt/4TBS relative=/pics-sport/XCC 2026/XCC EP Champs 2026/Starred Photos/DSC_0372_result.jpg outcome=ok bytes=1007940 calls=6
PIC_NETWORK tid=ThreadId(60) PRIVATE_NFS read_done bytes=1007940 elapsed_ms=14 uri=nfs://DietPi.local/mnt/4TBS/pics-sport/XCC%202026/XCC%20EP%20Champs%202026/Starred%20Photos/DSC_0372_result.jpg
PIC_VIEWER source_cache action=insert bytes=1007940 uri=nfs://DietPi.local/mnt/4TBS/pics-sport/XCC%202026/XCC%20EP%20Champs%202026/Starred%20Photos/DSC_0372_result.jpg
PIC_VIEWER network_done lane=foreground read_ms=14 bytes=1007940 source=network outcome=ok uri=nfs://DietPi.local/mnt/4TBS/pics-sport/XCC%202026/XCC%20EP%20Champs%202026/Starred%20Photos/DSC_0372_result.jpg
PIC_VIEWER decode_stage source_ms=14 cpu_ms=34 uri=nfs://DietPi.local/mnt/4TBS/pics-sport/XCC%202026/XCC%20EP%20Champs%202026/Starred%20Photos/DSC_0372_result.jpg
PIC_VIEWER t_ms=2147 tid=ThreadId(60) decode_done uri=nfs://DietPi.local/mnt/4TBS/pics-sport/XCC%202026/XCC%20EP%20Champs%202026/Starred%20Photos/DSC_0372_result.jpg variant=1124x794 elapsed_ms=51 outcome=ok
PIC_VIEWER t_ms=2149 tid=ThreadId(1) display_apply elapsed_ms=1 uri=nfs://DietPi.local/mnt/4TBS/pics-sport/XCC%202026/XCC%20EP%20Champs%202026/Starred%20Photos/DSC_0372_result.jpg
PIC_VIEWER t_ms=2149 tid=ThreadId(1) display_done lane=foreground source=decode navigation_ms=53 uri=nfs://DietPi.local/mnt/4TBS/pics-sport/XCC%202026/XCC%20EP%20Champs%202026/Starred%20Photos/DSC_0372_result.jpg
PIC_VIEWER t_ms=2155 tid=ThreadId(1) show_photo_request generation=17 index=461 uri=nfs://DietPi.local/mnt/4TBS/pics-sport/XCC%202026/XCC%20EP%20Champs%202026/Starred%20Photos/DSC_0399_result.jpg
PIC_VIEWER t_ms=2155 tid=ThreadId(1) request lane=foreground action=new uri=nfs://DietPi.local/mnt/4TBS/pics-sport/XCC%202026/XCC%20EP%20Champs%202026/Starred%20Photos/DSC_0399_result.jpg variant=1124x794
PIC_VIEWER t_ms=2155 tid=ThreadId(61) decode_start uri=nfs://DietPi.local/mnt/4TBS/pics-sport/XCC%202026/XCC%20EP%20Champs%202026/Starred%20Photos/DSC_0399_result.jpg variant=1124x794 queue_ms=0
PIC_VIEWER source_cache lane=foreground action=miss uri=nfs://DietPi.local/mnt/4TBS/pics-sport/XCC%202026/XCC%20EP%20Champs%202026/Starred%20Photos/DSC_0399_result.jpg
PIC_VIEWER network_slot lane=foreground wait_ms=0 uri=nfs://DietPi.local/mnt/4TBS/pics-sport/XCC%202026/XCC%20EP%20Champs%202026/Starred%20Photos/DSC_0399_result.jpg
PIC_NETWORK tid=ThreadId(61) PRIVATE_NFS export_cache_hit host=DietPi.local count=5
PIC_NETWORK tid=ThreadId(61) PRIVATE_NFS read_start uri=nfs://DietPi.local/mnt/4TBS/pics-sport/XCC%202026/XCC%20EP%20Champs%202026/Starred%20Photos/DSC_0399_result.jpg max_bytes=134217728
PIC_NFS stage=read_session_lock elapsed_ms=0 tid=140342605641408 host=DietPi.local export=/mnt/4TBS relative=/pics-sport/XCC 2026/XCC EP Champs 2026/Starred Photos/DSC_0399_result.jpg outcome=acquired
PIC_NFS_CONNECT reuse host=DietPi.local export=/mnt/4TBS
PIC_NFS stage=file_open elapsed_ms=2 tid=140342605641408 host=DietPi.local export=/mnt/4TBS relative=/pics-sport/XCC 2026/XCC EP Champs 2026/Starred Photos/DSC_0399_result.jpg outcome=ok
PIC_NFS stage=rpc_read elapsed_ms=2 tid=140342605641408 host=DietPi.local export=/mnt/4TBS relative=/pics-sport/XCC 2026/XCC EP Champs 2026/Starred Photos/DSC_0399_result.jpg iteration=1 outcome=ok bytes=65536 timedout_delta=0 retransmitted_delta=0 reconnects_delta=0
PIC_NFS stage=first_read elapsed_ms=2 tid=140342605641408 host=DietPi.local export=/mnt/4TBS relative=/pics-sport/XCC 2026/XCC EP Champs 2026/Starred Photos/DSC_0399_result.jpg outcome=ok bytes=65536
PIC_NFS stage=rpc_read elapsed_ms=1 tid=140342605641408 host=DietPi.local export=/mnt/4TBS relative=/pics-sport/XCC 2026/XCC EP Champs 2026/Starred Photos/DSC_0399_result.jpg iteration=2 outcome=ok bytes=65536 timedout_delta=0 retransmitted_delta=0 reconnects_delta=0
PIC_NFS stage=rpc_read elapsed_ms=1 tid=140342605641408 host=DietPi.local export=/mnt/4TBS relative=/pics-sport/XCC 2026/XCC EP Champs 2026/Starred Photos/DSC_0399_result.jpg iteration=3 outcome=ok bytes=131072 timedout_delta=0 retransmitted_delta=0 reconnects_delta=0
PIC_NFS stage=rpc_read elapsed_ms=3 tid=140342605641408 host=DietPi.local export=/mnt/4TBS relative=/pics-sport/XCC 2026/XCC EP Champs 2026/Starred Photos/DSC_0399_result.jpg iteration=4 outcome=ok bytes=262144 timedout_delta=0 retransmitted_delta=0 reconnects_delta=0
PIC_NFS stage=rpc_read elapsed_ms=5 tid=140342605641408 host=DietPi.local export=/mnt/4TBS relative=/pics-sport/XCC 2026/XCC EP Champs 2026/Starred Photos/DSC_0399_result.jpg iteration=5 outcome=ok bytes=401830 timedout_delta=0 retransmitted_delta=0 reconnects_delta=0
PIC_NFS stage=rpc_read elapsed_ms=0 tid=140342605641408 host=DietPi.local export=/mnt/4TBS relative=/pics-sport/XCC 2026/XCC EP Champs 2026/Starred Photos/DSC_0399_result.jpg iteration=6 outcome=ok bytes=0 timedout_delta=0 retransmitted_delta=0 reconnects_delta=0
PIC_NFS stage=file_read_complete elapsed_ms=12 tid=140342605641408 host=DietPi.local export=/mnt/4TBS relative=/pics-sport/XCC 2026/XCC EP Champs 2026/Starred Photos/DSC_0399_result.jpg outcome=ok bytes=926118 calls=6
PIC_NETWORK tid=ThreadId(61) PRIVATE_NFS read_done bytes=926118 elapsed_ms=13 uri=nfs://DietPi.local/mnt/4TBS/pics-sport/XCC%202026/XCC%20EP%20Champs%202026/Starred%20Photos/DSC_0399_result.jpg
PIC_VIEWER source_cache action=insert bytes=926118 uri=nfs://DietPi.local/mnt/4TBS/pics-sport/XCC%202026/XCC%20EP%20Champs%202026/Starred%20Photos/DSC_0399_result.jpg
PIC_VIEWER network_done lane=foreground read_ms=13 bytes=926118 source=network outcome=ok uri=nfs://DietPi.local/mnt/4TBS/pics-sport/XCC%202026/XCC%20EP%20Champs%202026/Starred%20Photos/DSC_0399_result.jpg
PIC_VIEWER decode_stage source_ms=13 cpu_ms=33 uri=nfs://DietPi.local/mnt/4TBS/pics-sport/XCC%202026/XCC%20EP%20Champs%202026/Starred%20Photos/DSC_0399_result.jpg
PIC_VIEWER t_ms=2205 tid=ThreadId(61) decode_done uri=nfs://DietPi.local/mnt/4TBS/pics-sport/XCC%202026/XCC%20EP%20Champs%202026/Starred%20Photos/DSC_0399_result.jpg variant=1124x794 elapsed_ms=49 outcome=ok
PIC_VIEWER t_ms=2206 tid=ThreadId(1) display_apply elapsed_ms=1 uri=nfs://DietPi.local/mnt/4TBS/pics-sport/XCC%202026/XCC%20EP%20Champs%202026/Starred%20Photos/DSC_0399_result.jpg
PIC_VIEWER t_ms=2206 tid=ThreadId(1) display_done lane=foreground source=decode navigation_ms=50 uri=nfs://DietPi.local/mnt/4TBS/pics-sport/XCC%202026/XCC%20EP%20Champs%202026/Starred%20Photos/DSC_0399_result.jpg
PIC_VIEWER t_ms=2215 tid=ThreadId(1) show_photo_request generation=18 index=462 uri=nfs://DietPi.local/mnt/4TBS/pics-sport/XCC%202026/XCC%20EP%20Champs%202026/Starred%20Photos/DSC_0418_result.jpg
PIC_VIEWER t_ms=2215 tid=ThreadId(1) request lane=foreground action=new uri=nfs://DietPi.local/mnt/4TBS/pics-sport/XCC%202026/XCC%20EP%20Champs%202026/Starred%20Photos/DSC_0418_result.jpg variant=1124x794
PIC_VIEWER t_ms=2216 tid=ThreadId(62) decode_start uri=nfs://DietPi.local/mnt/4TBS/pics-sport/XCC%202026/XCC%20EP%20Champs%202026/Starred%20Photos/DSC_0418_result.jpg variant=1124x794 queue_ms=0
PIC_VIEWER source_cache lane=foreground action=miss uri=nfs://DietPi.local/mnt/4TBS/pics-sport/XCC%202026/XCC%20EP%20Champs%202026/Starred%20Photos/DSC_0418_result.jpg
PIC_VIEWER network_slot lane=foreground wait_ms=0 uri=nfs://DietPi.local/mnt/4TBS/pics-sport/XCC%202026/XCC%20EP%20Champs%202026/Starred%20Photos/DSC_0418_result.jpg
PIC_NETWORK tid=ThreadId(62) PRIVATE_NFS export_cache_hit host=DietPi.local count=5
PIC_NETWORK tid=ThreadId(62) PRIVATE_NFS read_start uri=nfs://DietPi.local/mnt/4TBS/pics-sport/XCC%202026/XCC%20EP%20Champs%202026/Starred%20Photos/DSC_0418_result.jpg max_bytes=134217728
PIC_NFS stage=read_session_lock elapsed_ms=0 tid=140342605641408 host=DietPi.local export=/mnt/4TBS relative=/pics-sport/XCC 2026/XCC EP Champs 2026/Starred Photos/DSC_0418_result.jpg outcome=acquired
PIC_NFS_CONNECT reuse host=DietPi.local export=/mnt/4TBS
PIC_NFS stage=file_open elapsed_ms=2 tid=140342605641408 host=DietPi.local export=/mnt/4TBS relative=/pics-sport/XCC 2026/XCC EP Champs 2026/Starred Photos/DSC_0418_result.jpg outcome=ok
PIC_NFS stage=rpc_read elapsed_ms=1 tid=140342605641408 host=DietPi.local export=/mnt/4TBS relative=/pics-sport/XCC 2026/XCC EP Champs 2026/Starred Photos/DSC_0418_result.jpg iteration=1 outcome=ok bytes=65536 timedout_delta=0 retransmitted_delta=0 reconnects_delta=0
PIC_NFS stage=first_read elapsed_ms=1 tid=140342605641408 host=DietPi.local export=/mnt/4TBS relative=/pics-sport/XCC 2026/XCC EP Champs 2026/Starred Photos/DSC_0418_result.jpg outcome=ok bytes=65536
PIC_NFS stage=rpc_read elapsed_ms=2 tid=140342605641408 host=DietPi.local export=/mnt/4TBS relative=/pics-sport/XCC 2026/XCC EP Champs 2026/Starred Photos/DSC_0418_result.jpg iteration=2 outcome=ok bytes=65536 timedout_delta=0 retransmitted_delta=0 reconnects_delta=0
PIC_NFS stage=rpc_read elapsed_ms=2 tid=140342605641408 host=DietPi.local export=/mnt/4TBS relative=/pics-sport/XCC 2026/XCC EP Champs 2026/Starred Photos/DSC_0418_result.jpg iteration=3 outcome=ok bytes=131072 timedout_delta=0 retransmitted_delta=0 reconnects_delta=0
PIC_NFS stage=rpc_read elapsed_ms=3 tid=140342605641408 host=DietPi.local export=/mnt/4TBS relative=/pics-sport/XCC 2026/XCC EP Champs 2026/Starred Photos/DSC_0418_result.jpg iteration=4 outcome=ok bytes=262144 timedout_delta=0 retransmitted_delta=0 reconnects_delta=0
PIC_NFS stage=rpc_read elapsed_ms=5 tid=140342605641408 host=DietPi.local export=/mnt/4TBS relative=/pics-sport/XCC 2026/XCC EP Champs 2026/Starred Photos/DSC_0418_result.jpg iteration=5 outcome=ok bytes=524288 timedout_delta=0 retransmitted_delta=0 reconnects_delta=0
PIC_NFS stage=rpc_read elapsed_ms=2 tid=140342605641408 host=DietPi.local export=/mnt/4TBS relative=/pics-sport/XCC 2026/XCC EP Champs 2026/Starred Photos/DSC_0418_result.jpg iteration=6 outcome=ok bytes=170172 timedout_delta=0 retransmitted_delta=0 reconnects_delta=0
PIC_NFS stage=rpc_read elapsed_ms=0 tid=140342605641408 host=DietPi.local export=/mnt/4TBS relative=/pics-sport/XCC 2026/XCC EP Champs 2026/Starred Photos/DSC_0418_result.jpg iteration=7 outcome=ok bytes=0 timedout_delta=0 retransmitted_delta=0 reconnects_delta=0
PIC_NFS stage=file_read_complete elapsed_ms=15 tid=140342605641408 host=DietPi.local export=/mnt/4TBS relative=/pics-sport/XCC 2026/XCC EP Champs 2026/Starred Photos/DSC_0418_result.jpg outcome=ok bytes=1218748 calls=7
PIC_NETWORK tid=ThreadId(62) PRIVATE_NFS read_done bytes=1218748 elapsed_ms=16 uri=nfs://DietPi.local/mnt/4TBS/pics-sport/XCC%202026/XCC%20EP%20Champs%202026/Starred%20Photos/DSC_0418_result.jpg
PIC_VIEWER source_cache action=insert bytes=1218748 uri=nfs://DietPi.local/mnt/4TBS/pics-sport/XCC%202026/XCC%20EP%20Champs%202026/Starred%20Photos/DSC_0418_result.jpg
PIC_VIEWER source_cache action=evict bytes=1202029 uri=nfs://DietPi.local/mnt/4TBS/pics-sport/XCC%202026/XCC%20EP%20Champs%202026/Starred%20Photos/DSC_0005_result.jpg
PIC_VIEWER network_done lane=foreground read_ms=17 bytes=1218748 source=network outcome=ok uri=nfs://DietPi.local/mnt/4TBS/pics-sport/XCC%202026/XCC%20EP%20Champs%202026/Starred%20Photos/DSC_0418_result.jpg
PIC_VIEWER decode_stage source_ms=17 cpu_ms=35 uri=nfs://DietPi.local/mnt/4TBS/pics-sport/XCC%202026/XCC%20EP%20Champs%202026/Starred%20Photos/DSC_0418_result.jpg
PIC_VIEWER t_ms=2271 tid=ThreadId(62) decode_done uri=nfs://DietPi.local/mnt/4TBS/pics-sport/XCC%202026/XCC%20EP%20Champs%202026/Starred%20Photos/DSC_0418_result.jpg variant=1124x794 elapsed_ms=55 outcome=ok
PIC_VIEWER t_ms=2273 tid=ThreadId(1) display_apply elapsed_ms=1 uri=nfs://DietPi.local/mnt/4TBS/pics-sport/XCC%202026/XCC%20EP%20Champs%202026/Starred%20Photos/DSC_0418_result.jpg
PIC_VIEWER t_ms=2273 tid=ThreadId(1) display_done lane=foreground source=decode navigation_ms=57 uri=nfs://DietPi.local/mnt/4TBS/pics-sport/XCC%202026/XCC%20EP%20Champs%202026/Starred%20Photos/DSC_0418_result.jpg
PIC_VIEWER t_ms=2276 tid=ThreadId(1) show_photo_request generation=19 index=463 uri=nfs://DietPi.local/mnt/4TBS/pics-sport/XCC%202026/XCC%20EP%20Champs%202026/Starred%20Photos/DSC_0439_result.jpg
PIC_VIEWER t_ms=2276 tid=ThreadId(1) request lane=foreground action=new uri=nfs://DietPi.local/mnt/4TBS/pics-sport/XCC%202026/XCC%20EP%20Champs%202026/Starred%20Photos/DSC_0439_result.jpg variant=1124x794
PIC_VIEWER t_ms=2276 tid=ThreadId(63) decode_start uri=nfs://DietPi.local/mnt/4TBS/pics-sport/XCC%202026/XCC%20EP%20Champs%202026/Starred%20Photos/DSC_0439_result.jpg variant=1124x794 queue_ms=0
PIC_VIEWER source_cache lane=foreground action=miss uri=nfs://DietPi.local/mnt/4TBS/pics-sport/XCC%202026/XCC%20EP%20Champs%202026/Starred%20Photos/DSC_0439_result.jpg
PIC_VIEWER network_slot lane=foreground wait_ms=0 uri=nfs://DietPi.local/mnt/4TBS/pics-sport/XCC%202026/XCC%20EP%20Champs%202026/Starred%20Photos/DSC_0439_result.jpg
PIC_NETWORK tid=ThreadId(63) PRIVATE_NFS export_cache_hit host=DietPi.local count=5
PIC_NETWORK tid=ThreadId(63) PRIVATE_NFS read_start uri=nfs://DietPi.local/mnt/4TBS/pics-sport/XCC%202026/XCC%20EP%20Champs%202026/Starred%20Photos/DSC_0439_result.jpg max_bytes=134217728
PIC_NFS stage=read_session_lock elapsed_ms=0 tid=140342605641408 host=DietPi.local export=/mnt/4TBS relative=/pics-sport/XCC 2026/XCC EP Champs 2026/Starred Photos/DSC_0439_result.jpg outcome=acquired
PIC_NFS_CONNECT reuse host=DietPi.local export=/mnt/4TBS
PIC_NFS stage=file_open elapsed_ms=3 tid=140342605641408 host=DietPi.local export=/mnt/4TBS relative=/pics-sport/XCC 2026/XCC EP Champs 2026/Starred Photos/DSC_0439_result.jpg outcome=ok
PIC_NFS stage=rpc_read elapsed_ms=1 tid=140342605641408 host=DietPi.local export=/mnt/4TBS relative=/pics-sport/XCC 2026/XCC EP Champs 2026/Starred Photos/DSC_0439_result.jpg iteration=1 outcome=ok bytes=65536 timedout_delta=0 retransmitted_delta=0 reconnects_delta=0
PIC_NFS stage=first_read elapsed_ms=1 tid=140342605641408 host=DietPi.local export=/mnt/4TBS relative=/pics-sport/XCC 2026/XCC EP Champs 2026/Starred Photos/DSC_0439_result.jpg outcome=ok bytes=65536
PIC_NFS stage=rpc_read elapsed_ms=1 tid=140342605641408 host=DietPi.local export=/mnt/4TBS relative=/pics-sport/XCC 2026/XCC EP Champs 2026/Starred Photos/DSC_0439_result.jpg iteration=2 outcome=ok bytes=65536 timedout_delta=0 retransmitted_delta=0 reconnects_delta=0
PIC_NFS stage=rpc_read elapsed_ms=2 tid=140342605641408 host=DietPi.local export=/mnt/4TBS relative=/pics-sport/XCC 2026/XCC EP Champs 2026/Starred Photos/DSC_0439_result.jpg iteration=3 outcome=ok bytes=131072 timedout_delta=0 retransmitted_delta=0 reconnects_delta=0
PIC_NFS stage=rpc_read elapsed_ms=3 tid=140342605641408 host=DietPi.local export=/mnt/4TBS relative=/pics-sport/XCC 2026/XCC EP Champs 2026/Starred Photos/DSC_0439_result.jpg iteration=4 outcome=ok bytes=262144 timedout_delta=0 retransmitted_delta=0 reconnects_delta=0
PIC_NFS stage=rpc_read elapsed_ms=5 tid=140342605641408 host=DietPi.local export=/mnt/4TBS relative=/pics-sport/XCC 2026/XCC EP Champs 2026/Starred Photos/DSC_0439_result.jpg iteration=5 outcome=ok bytes=524288 timedout_delta=0 retransmitted_delta=0 reconnects_delta=0
PIC_NFS stage=rpc_read elapsed_ms=2 tid=140342605641408 host=DietPi.local export=/mnt/4TBS relative=/pics-sport/XCC 2026/XCC EP Champs 2026/Starred Photos/DSC_0439_result.jpg iteration=6 outcome=ok bytes=206916 timedout_delta=0 retransmitted_delta=0 reconnects_delta=0
PIC_NFS stage=rpc_read elapsed_ms=0 tid=140342605641408 host=DietPi.local export=/mnt/4TBS relative=/pics-sport/XCC 2026/XCC EP Champs 2026/Starred Photos/DSC_0439_result.jpg iteration=7 outcome=ok bytes=0 timedout_delta=0 retransmitted_delta=0 reconnects_delta=0
PIC_NFS stage=file_read_complete elapsed_ms=15 tid=140342605641408 host=DietPi.local export=/mnt/4TBS relative=/pics-sport/XCC 2026/XCC EP Champs 2026/Starred Photos/DSC_0439_result.jpg outcome=ok bytes=1255492 calls=7
PIC_NETWORK tid=ThreadId(63) PRIVATE_NFS read_done bytes=1255492 elapsed_ms=17 uri=nfs://DietPi.local/mnt/4TBS/pics-sport/XCC%202026/XCC%20EP%20Champs%202026/Starred%20Photos/DSC_0439_result.jpg
PIC_VIEWER source_cache action=insert bytes=1255492 uri=nfs://DietPi.local/mnt/4TBS/pics-sport/XCC%202026/XCC%20EP%20Champs%202026/Starred%20Photos/DSC_0439_result.jpg
PIC_VIEWER source_cache action=evict bytes=1081947 uri=nfs://DietPi.local/mnt/4TBS/pics-sport/XCC%202026/XCC%20EP%20Champs%202026/Starred%20Photos/DSC_0008_result.jpg
PIC_VIEWER network_done lane=foreground read_ms=18 bytes=1255492 source=network outcome=ok uri=nfs://DietPi.local/mnt/4TBS/pics-sport/XCC%202026/XCC%20EP%20Champs%202026/Starred%20Photos/DSC_0439_result.jpg
PIC_VIEWER decode_stage source_ms=18 cpu_ms=35 uri=nfs://DietPi.local/mnt/4TBS/pics-sport/XCC%202026/XCC%20EP%20Champs%202026/Starred%20Photos/DSC_0439_result.jpg
PIC_VIEWER t_ms=2332 tid=ThreadId(63) decode_done uri=nfs://DietPi.local/mnt/4TBS/pics-sport/XCC%202026/XCC%20EP%20Champs%202026/Starred%20Photos/DSC_0439_result.jpg variant=1124x794 elapsed_ms=56 outcome=ok
PIC_VIEWER t_ms=2334 tid=ThreadId(1) display_apply elapsed_ms=1 uri=nfs://DietPi.local/mnt/4TBS/pics-sport/XCC%202026/XCC%20EP%20Champs%202026/Starred%20Photos/DSC_0439_result.jpg
PIC_VIEWER t_ms=2334 tid=ThreadId(1) display_done lane=foreground source=decode navigation_ms=58 uri=nfs://DietPi.local/mnt/4TBS/pics-sport/XCC%202026/XCC%20EP%20Champs%202026/Starred%20Photos/DSC_0439_result.jpg
PIC_VIEWER t_ms=2336 tid=ThreadId(1) show_photo_request generation=20 index=464 uri=nfs://DietPi.local/mnt/4TBS/pics-sport/XCC%202026/XCC%20EP%20Champs%202026/Starred%20Photos/DSC_0467_result.jpg
PIC_VIEWER t_ms=2336 tid=ThreadId(1) request lane=foreground action=new uri=nfs://DietPi.local/mnt/4TBS/pics-sport/XCC%202026/XCC%20EP%20Champs%202026/Starred%20Photos/DSC_0467_result.jpg variant=1124x794
PIC_VIEWER t_ms=2336 tid=ThreadId(64) decode_start uri=nfs://DietPi.local/mnt/4TBS/pics-sport/XCC%202026/XCC%20EP%20Champs%202026/Starred%20Photos/DSC_0467_result.jpg variant=1124x794 queue_ms=0
PIC_VIEWER source_cache lane=foreground action=miss uri=nfs://DietPi.local/mnt/4TBS/pics-sport/XCC%202026/XCC%20EP%20Champs%202026/Starred%20Photos/DSC_0467_result.jpg
PIC_VIEWER network_slot lane=foreground wait_ms=0 uri=nfs://DietPi.local/mnt/4TBS/pics-sport/XCC%202026/XCC%20EP%20Champs%202026/Starred%20Photos/DSC_0467_result.jpg
PIC_NETWORK tid=ThreadId(64) PRIVATE_NFS export_cache_hit host=DietPi.local count=5
PIC_NETWORK tid=ThreadId(64) PRIVATE_NFS read_start uri=nfs://DietPi.local/mnt/4TBS/pics-sport/XCC%202026/XCC%20EP%20Champs%202026/Starred%20Photos/DSC_0467_result.jpg max_bytes=134217728
PIC_NFS stage=read_session_lock elapsed_ms=0 tid=140342605641408 host=DietPi.local export=/mnt/4TBS relative=/pics-sport/XCC 2026/XCC EP Champs 2026/Starred Photos/DSC_0467_result.jpg outcome=acquired
PIC_NFS_CONNECT reuse host=DietPi.local export=/mnt/4TBS
PIC_NFS stage=file_open elapsed_ms=2 tid=140342605641408 host=DietPi.local export=/mnt/4TBS relative=/pics-sport/XCC 2026/XCC EP Champs 2026/Starred Photos/DSC_0467_result.jpg outcome=ok
PIC_NFS stage=rpc_read elapsed_ms=1 tid=140342605641408 host=DietPi.local export=/mnt/4TBS relative=/pics-sport/XCC 2026/XCC EP Champs 2026/Starred Photos/DSC_0467_result.jpg iteration=1 outcome=ok bytes=65536 timedout_delta=0 retransmitted_delta=0 reconnects_delta=0
PIC_NFS stage=first_read elapsed_ms=1 tid=140342605641408 host=DietPi.local export=/mnt/4TBS relative=/pics-sport/XCC 2026/XCC EP Champs 2026/Starred Photos/DSC_0467_result.jpg outcome=ok bytes=65536
PIC_NFS stage=rpc_read elapsed_ms=1 tid=140342605641408 host=DietPi.local export=/mnt/4TBS relative=/pics-sport/XCC 2026/XCC EP Champs 2026/Starred Photos/DSC_0467_result.jpg iteration=2 outcome=ok bytes=65536 timedout_delta=0 retransmitted_delta=0 reconnects_delta=0
PIC_NFS stage=rpc_read elapsed_ms=2 tid=140342605641408 host=DietPi.local export=/mnt/4TBS relative=/pics-sport/XCC 2026/XCC EP Champs 2026/Starred Photos/DSC_0467_result.jpg iteration=3 outcome=ok bytes=131072 timedout_delta=0 retransmitted_delta=0 reconnects_delta=0
PIC_NFS stage=rpc_read elapsed_ms=3 tid=140342605641408 host=DietPi.local export=/mnt/4TBS relative=/pics-sport/XCC 2026/XCC EP Champs 2026/Starred Photos/DSC_0467_result.jpg iteration=4 outcome=ok bytes=262144 timedout_delta=0 retransmitted_delta=0 reconnects_delta=0
PIC_NFS stage=rpc_read elapsed_ms=5 tid=140342605641408 host=DietPi.local export=/mnt/4TBS relative=/pics-sport/XCC 2026/XCC EP Champs 2026/Starred Photos/DSC_0467_result.jpg iteration=5 outcome=ok bytes=524288 timedout_delta=0 retransmitted_delta=0 reconnects_delta=0
PIC_NFS stage=rpc_read elapsed_ms=3 tid=140342605641408 host=DietPi.local export=/mnt/4TBS relative=/pics-sport/XCC 2026/XCC EP Champs 2026/Starred Photos/DSC_0467_result.jpg iteration=6 outcome=ok bytes=248821 timedout_delta=0 retransmitted_delta=0 reconnects_delta=0
PIC_NFS stage=rpc_read elapsed_ms=1 tid=140342605641408 host=DietPi.local export=/mnt/4TBS relative=/pics-sport/XCC 2026/XCC EP Champs 2026/Starred Photos/DSC_0467_result.jpg iteration=7 outcome=ok bytes=0 timedout_delta=0 retransmitted_delta=0 reconnects_delta=0
PIC_NFS stage=file_read_complete elapsed_ms=16 tid=140342605641408 host=DietPi.local export=/mnt/4TBS relative=/pics-sport/XCC 2026/XCC EP Champs 2026/Starred Photos/DSC_0467_result.jpg outcome=ok bytes=1297397 calls=7
PIC_NETWORK tid=ThreadId(64) PRIVATE_NFS read_done bytes=1297397 elapsed_ms=18 uri=nfs://DietPi.local/mnt/4TBS/pics-sport/XCC%202026/XCC%20EP%20Champs%202026/Starred%20Photos/DSC_0467_result.jpg
PIC_VIEWER source_cache action=insert bytes=1297397 uri=nfs://DietPi.local/mnt/4TBS/pics-sport/XCC%202026/XCC%20EP%20Champs%202026/Starred%20Photos/DSC_0467_result.jpg
PIC_VIEWER source_cache action=evict bytes=1831925 uri=nfs://DietPi.local/mnt/4TBS/pics-sport/XCC%202026/XCC%20EP%20Champs%202026/Starred%20Photos/DSC_0009_result.jpg
PIC_VIEWER network_done lane=foreground read_ms=18 bytes=1297397 source=network outcome=ok uri=nfs://DietPi.local/mnt/4TBS/pics-sport/XCC%202026/XCC%20EP%20Champs%202026/Starred%20Photos/DSC_0467_result.jpg
PIC_VIEWER decode_stage source_ms=18 cpu_ms=34 uri=nfs://DietPi.local/mnt/4TBS/pics-sport/XCC%202026/XCC%20EP%20Champs%202026/Starred%20Photos/DSC_0467_result.jpg
PIC_VIEWER t_ms=2392 tid=ThreadId(64) decode_done uri=nfs://DietPi.local/mnt/4TBS/pics-sport/XCC%202026/XCC%20EP%20Champs%202026/Starred%20Photos/DSC_0467_result.jpg variant=1124x794 elapsed_ms=56 outcome=ok
PIC_VIEWER t_ms=2394 tid=ThreadId(1) display_apply elapsed_ms=1 uri=nfs://DietPi.local/mnt/4TBS/pics-sport/XCC%202026/XCC%20EP%20Champs%202026/Starred%20Photos/DSC_0467_result.jpg
PIC_VIEWER t_ms=2394 tid=ThreadId(1) display_done lane=foreground source=decode navigation_ms=57 uri=nfs://DietPi.local/mnt/4TBS/pics-sport/XCC%202026/XCC%20EP%20Champs%202026/Starred%20Photos/DSC_0467_result.jpg
PIC_VIEWER t_ms=2396 tid=ThreadId(1) show_photo_request generation=21 index=465 uri=nfs://DietPi.local/mnt/4TBS/pics-sport/XCC%202026/XCC%20EP%20Champs%202026/Starred%20Photos/DSC_0527_result.jpg
PIC_VIEWER t_ms=2396 tid=ThreadId(1) request lane=foreground action=new uri=nfs://DietPi.local/mnt/4TBS/pics-sport/XCC%202026/XCC%20EP%20Champs%202026/Starred%20Photos/DSC_0527_result.jpg variant=1124x794
PIC_VIEWER t_ms=2396 tid=ThreadId(65) decode_start uri=nfs://DietPi.local/mnt/4TBS/pics-sport/XCC%202026/XCC%20EP%20Champs%202026/Starred%20Photos/DSC_0527_result.jpg variant=1124x794 queue_ms=0
PIC_VIEWER source_cache lane=foreground action=miss uri=nfs://DietPi.local/mnt/4TBS/pics-sport/XCC%202026/XCC%20EP%20Champs%202026/Starred%20Photos/DSC_0527_result.jpg
PIC_VIEWER network_slot lane=foreground wait_ms=0 uri=nfs://DietPi.local/mnt/4TBS/pics-sport/XCC%202026/XCC%20EP%20Champs%202026/Starred%20Photos/DSC_0527_result.jpg
PIC_NETWORK tid=ThreadId(65) PRIVATE_NFS export_cache_hit host=DietPi.local count=5
PIC_NETWORK tid=ThreadId(65) PRIVATE_NFS read_start uri=nfs://DietPi.local/mnt/4TBS/pics-sport/XCC%202026/XCC%20EP%20Champs%202026/Starred%20Photos/DSC_0527_result.jpg max_bytes=134217728
PIC_NFS stage=read_session_lock elapsed_ms=0 tid=140342605641408 host=DietPi.local export=/mnt/4TBS relative=/pics-sport/XCC 2026/XCC EP Champs 2026/Starred Photos/DSC_0527_result.jpg outcome=acquired
PIC_NFS_CONNECT reuse host=DietPi.local export=/mnt/4TBS
PIC_NFS stage=file_open elapsed_ms=2 tid=140342605641408 host=DietPi.local export=/mnt/4TBS relative=/pics-sport/XCC 2026/XCC EP Champs 2026/Starred Photos/DSC_0527_result.jpg outcome=ok
PIC_NFS stage=rpc_read elapsed_ms=1 tid=140342605641408 host=DietPi.local export=/mnt/4TBS relative=/pics-sport/XCC 2026/XCC EP Champs 2026/Starred Photos/DSC_0527_result.jpg iteration=1 outcome=ok bytes=65536 timedout_delta=0 retransmitted_delta=0 reconnects_delta=0
PIC_NFS stage=first_read elapsed_ms=1 tid=140342605641408 host=DietPi.local export=/mnt/4TBS relative=/pics-sport/XCC 2026/XCC EP Champs 2026/Starred Photos/DSC_0527_result.jpg outcome=ok bytes=65536
PIC_NFS stage=rpc_read elapsed_ms=1 tid=140342605641408 host=DietPi.local export=/mnt/4TBS relative=/pics-sport/XCC 2026/XCC EP Champs 2026/Starred Photos/DSC_0527_result.jpg iteration=2 outcome=ok bytes=65536 timedout_delta=0 retransmitted_delta=0 reconnects_delta=0
PIC_NFS stage=rpc_read elapsed_ms=2 tid=140342605641408 host=DietPi.local export=/mnt/4TBS relative=/pics-sport/XCC 2026/XCC EP Champs 2026/Starred Photos/DSC_0527_result.jpg iteration=3 outcome=ok bytes=131072 timedout_delta=0 retransmitted_delta=0 reconnects_delta=0
PIC_NFS stage=rpc_read elapsed_ms=3 tid=140342605641408 host=DietPi.local export=/mnt/4TBS relative=/pics-sport/XCC 2026/XCC EP Champs 2026/Starred Photos/DSC_0527_result.jpg iteration=4 outcome=ok bytes=262144 timedout_delta=0 retransmitted_delta=0 reconnects_delta=0
PIC_NFS stage=rpc_read elapsed_ms=6 tid=140342605641408 host=DietPi.local export=/mnt/4TBS relative=/pics-sport/XCC 2026/XCC EP Champs 2026/Starred Photos/DSC_0527_result.jpg iteration=5 outcome=ok bytes=524288 timedout_delta=0 retransmitted_delta=0 reconnects_delta=0
PIC_NFS stage=rpc_read elapsed_ms=4 tid=140342605641408 host=DietPi.local export=/mnt/4TBS relative=/pics-sport/XCC 2026/XCC EP Champs 2026/Starred Photos/DSC_0527_result.jpg iteration=6 outcome=ok bytes=383844 timedout_delta=0 retransmitted_delta=0 reconnects_delta=0
PIC_NFS stage=rpc_read elapsed_ms=0 tid=140342605641408 host=DietPi.local export=/mnt/4TBS relative=/pics-sport/XCC 2026/XCC EP Champs 2026/Starred Photos/DSC_0527_result.jpg iteration=7 outcome=ok bytes=0 timedout_delta=0 retransmitted_delta=0 reconnects_delta=0
PIC_NFS stage=file_read_complete elapsed_ms=17 tid=140342605641408 host=DietPi.local export=/mnt/4TBS relative=/pics-sport/XCC 2026/XCC EP Champs 2026/Starred Photos/DSC_0527_result.jpg outcome=ok bytes=1432420 calls=7
PIC_NETWORK tid=ThreadId(65) PRIVATE_NFS read_done bytes=1432420 elapsed_ms=19 uri=nfs://DietPi.local/mnt/4TBS/pics-sport/XCC%202026/XCC%20EP%20Champs%202026/Starred%20Photos/DSC_0527_result.jpg
PIC_VIEWER source_cache action=insert bytes=1432420 uri=nfs://DietPi.local/mnt/4TBS/pics-sport/XCC%202026/XCC%20EP%20Champs%202026/Starred%20Photos/DSC_0527_result.jpg
PIC_VIEWER source_cache action=evict bytes=1138851 uri=nfs://DietPi.local/mnt/4TBS/pics-sport/XCC%202026/XCC%20EP%20Champs%202026/Starred%20Photos/DSC_0036_result.jpg
PIC_VIEWER network_done lane=foreground read_ms=19 bytes=1432420 source=network outcome=ok uri=nfs://DietPi.local/mnt/4TBS/pics-sport/XCC%202026/XCC%20EP%20Champs%202026/Starred%20Photos/DSC_0527_result.jpg
PIC_VIEWER decode_stage source_ms=19 cpu_ms=36 uri=nfs://DietPi.local/mnt/4TBS/pics-sport/XCC%202026/XCC%20EP%20Champs%202026/Starred%20Photos/DSC_0527_result.jpg
PIC_VIEWER t_ms=2455 tid=ThreadId(65) decode_done uri=nfs://DietPi.local/mnt/4TBS/pics-sport/XCC%202026/XCC%20EP%20Champs%202026/Starred%20Photos/DSC_0527_result.jpg variant=1124x794 elapsed_ms=58 outcome=ok
PIC_VIEWER t_ms=2457 tid=ThreadId(1) display_apply elapsed_ms=1 uri=nfs://DietPi.local/mnt/4TBS/pics-sport/XCC%202026/XCC%20EP%20Champs%202026/Starred%20Photos/DSC_0527_result.jpg
PIC_VIEWER t_ms=2457 tid=ThreadId(1) display_done lane=foreground source=decode navigation_ms=60 uri=nfs://DietPi.local/mnt/4TBS/pics-sport/XCC%202026/XCC%20EP%20Champs%202026/Starred%20Photos/DSC_0527_result.jpg
PIC_VIEWER t_ms=2628 tid=ThreadId(1) show_photo_request generation=22 index=464 uri=nfs://DietPi.local/mnt/4TBS/pics-sport/XCC%202026/XCC%20EP%20Champs%202026/Starred%20Photos/DSC_0467_result.jpg
PIC_VIEWER t_ms=2628 tid=ThreadId(1) cache_hit lane=foreground uri=nfs://DietPi.local/mnt/4TBS/pics-sport/XCC%202026/XCC%20EP%20Champs%202026/Starred%20Photos/DSC_0467_result.jpg
PIC_VIEWER t_ms=2628 tid=ThreadId(1) display_done lane=foreground source=texture_cache navigation_ms=0 uri=nfs://DietPi.local/mnt/4TBS/pics-sport/XCC%202026/XCC%20EP%20Champs%202026/Starred%20Photos/DSC_0467_result.jpg
PIC_VIEWER t_ms=2878 tid=ThreadId(1) cache_hit lane=prefetch uri=nfs://DietPi.local/mnt/4TBS/pics-sport/XCC%202026/XCC%20EP%20Champs%202026/Starred%20Photos/DSC_0439_result.jpg
PIC_VIEWER t_ms=2878 tid=ThreadId(1) cache_hit lane=prefetch uri=nfs://DietPi.local/mnt/4TBS/pics-sport/XCC%202026/XCC%20EP%20Champs%202026/Starred%20Photos/DSC_0527_result.jpg
PIC_VIEWER t_ms=3128 tid=ThreadId(1) show_photo_request generation=23 index=463 uri=nfs://DietPi.local/mnt/4TBS/pics-sport/XCC%202026/XCC%20EP%20Champs%202026/Starred%20Photos/DSC_0439_result.jpg
PIC_VIEWER t_ms=3128 tid=ThreadId(1) cache_hit lane=foreground uri=nfs://DietPi.local/mnt/4TBS/pics-sport/XCC%202026/XCC%20EP%20Champs%202026/Starred%20Photos/DSC_0439_result.jpg
PIC_VIEWER t_ms=3128 tid=ThreadId(1) display_done lane=foreground source=texture_cache navigation_ms=0 uri=nfs://DietPi.local/mnt/4TBS/pics-sport/XCC%202026/XCC%20EP%20Champs%202026/Starred%20Photos/DSC_0439_result.jpg
PIC_VIEWER t_ms=3158 tid=ThreadId(1) show_photo_request generation=24 index=462 uri=nfs://DietPi.local/mnt/4TBS/pics-sport/XCC%202026/XCC%20EP%20Champs%202026/Starred%20Photos/DSC_0418_result.jpg
PIC_VIEWER t_ms=3158 tid=ThreadId(1) cache_hit lane=foreground uri=nfs://DietPi.local/mnt/4TBS/pics-sport/XCC%202026/XCC%20EP%20Champs%202026/Starred%20Photos/DSC_0418_result.jpg
PIC_VIEWER t_ms=3158 tid=ThreadId(1) display_done lane=foreground source=texture_cache navigation_ms=0 uri=nfs://DietPi.local/mnt/4TBS/pics-sport/XCC%202026/XCC%20EP%20Champs%202026/Starred%20Photos/DSC_0418_result.jpg
PIC_VIEWER t_ms=3188 tid=ThreadId(1) show_photo_request generation=25 index=461 uri=nfs://DietPi.local/mnt/4TBS/pics-sport/XCC%202026/XCC%20EP%20Champs%202026/Starred%20Photos/DSC_0399_result.jpg
PIC_VIEWER t_ms=3188 tid=ThreadId(1) cache_hit lane=foreground uri=nfs://DietPi.local/mnt/4TBS/pics-sport/XCC%202026/XCC%20EP%20Champs%202026/Starred%20Photos/DSC_0399_result.jpg
PIC_VIEWER t_ms=3188 tid=ThreadId(1) display_done lane=foreground source=texture_cache navigation_ms=0 uri=nfs://DietPi.local/mnt/4TBS/pics-sport/XCC%202026/XCC%20EP%20Champs%202026/Starred%20Photos/DSC_0399_result.jpg
PIC_VIEWER t_ms=3218 tid=ThreadId(1) show_photo_request generation=26 index=460 uri=nfs://DietPi.local/mnt/4TBS/pics-sport/XCC%202026/XCC%20EP%20Champs%202026/Starred%20Photos/DSC_0372_result.jpg
PIC_VIEWER t_ms=3218 tid=ThreadId(1) cache_hit lane=foreground uri=nfs://DietPi.local/mnt/4TBS/pics-sport/XCC%202026/XCC%20EP%20Champs%202026/Starred%20Photos/DSC_0372_result.jpg
PIC_VIEWER t_ms=3218 tid=ThreadId(1) display_done lane=foreground source=texture_cache navigation_ms=0 uri=nfs://DietPi.local/mnt/4TBS/pics-sport/XCC%202026/XCC%20EP%20Champs%202026/Starred%20Photos/DSC_0372_result.jpg
PIC_VIEWER t_ms=3248 tid=ThreadId(1) show_photo_request generation=27 index=459 uri=nfs://DietPi.local/mnt/4TBS/pics-sport/XCC%202026/XCC%20EP%20Champs%202026/Starred%20Photos/DSC_0276_result.jpg
PIC_VIEWER t_ms=3248 tid=ThreadId(1) cache_hit lane=foreground uri=nfs://DietPi.local/mnt/4TBS/pics-sport/XCC%202026/XCC%20EP%20Champs%202026/Starred%20Photos/DSC_0276_result.jpg
PIC_VIEWER t_ms=3248 tid=ThreadId(1) display_done lane=foreground source=texture_cache navigation_ms=0 uri=nfs://DietPi.local/mnt/4TBS/pics-sport/XCC%202026/XCC%20EP%20Champs%202026/Starred%20Photos/DSC_0276_result.jpg
PIC_VIEWER t_ms=3278 tid=ThreadId(1) show_photo_request generation=28 index=458 uri=nfs://DietPi.local/mnt/4TBS/pics-sport/XCC%202026/XCC%20EP%20Champs%202026/Starred%20Photos/DSC_0229_result.jpg
PIC_VIEWER t_ms=3278 tid=ThreadId(1) cache_hit lane=foreground uri=nfs://DietPi.local/mnt/4TBS/pics-sport/XCC%202026/XCC%20EP%20Champs%202026/Starred%20Photos/DSC_0229_result.jpg
PIC_VIEWER t_ms=3278 tid=ThreadId(1) display_done lane=foreground source=texture_cache navigation_ms=0 uri=nfs://DietPi.local/mnt/4TBS/pics-sport/XCC%202026/XCC%20EP%20Champs%202026/Starred%20Photos/DSC_0229_result.jpg
PIC_VIEWER t_ms=3308 tid=ThreadId(1) show_photo_request generation=29 index=457 uri=nfs://DietPi.local/mnt/4TBS/pics-sport/XCC%202026/XCC%20EP%20Champs%202026/Starred%20Photos/DSC_0221_result.jpg
PIC_VIEWER t_ms=3308 tid=ThreadId(1) cache_hit lane=foreground uri=nfs://DietPi.local/mnt/4TBS/pics-sport/XCC%202026/XCC%20EP%20Champs%202026/Starred%20Photos/DSC_0221_result.jpg
PIC_VIEWER t_ms=3308 tid=ThreadId(1) display_done lane=foreground source=texture_cache navigation_ms=0 uri=nfs://DietPi.local/mnt/4TBS/pics-sport/XCC%202026/XCC%20EP%20Champs%202026/Starred%20Photos/DSC_0221_result.jpg
PIC_VIEWER t_ms=3338 tid=ThreadId(1) show_photo_request generation=30 index=456 uri=nfs://DietPi.local/mnt/4TBS/pics-sport/XCC%202026/XCC%20EP%20Champs%202026/Starred%20Photos/DSC_0169_result.jpg
PIC_VIEWER t_ms=3338 tid=ThreadId(1) cache_hit lane=foreground uri=nfs://DietPi.local/mnt/4TBS/pics-sport/XCC%202026/XCC%20EP%20Champs%202026/Starred%20Photos/DSC_0169_result.jpg
PIC_VIEWER t_ms=3338 tid=ThreadId(1) display_done lane=foreground source=texture_cache navigation_ms=0 uri=nfs://DietPi.local/mnt/4TBS/pics-sport/XCC%202026/XCC%20EP%20Champs%202026/Starred%20Photos/DSC_0169_result.jpg
PIC_VIEWER t_ms=3368 tid=ThreadId(1) show_photo_request generation=31 index=455 uri=nfs://DietPi.local/mnt/4TBS/pics-sport/XCC%202026/XCC%20EP%20Champs%202026/Starred%20Photos/DSC_0160_result.jpg
PIC_VIEWER t_ms=3369 tid=ThreadId(1) cache_hit lane=foreground uri=nfs://DietPi.local/mnt/4TBS/pics-sport/XCC%202026/XCC%20EP%20Champs%202026/Starred%20Photos/DSC_0160_result.jpg
PIC_VIEWER t_ms=3369 tid=ThreadId(1) display_done lane=foreground source=texture_cache navigation_ms=0 uri=nfs://DietPi.local/mnt/4TBS/pics-sport/XCC%202026/XCC%20EP%20Champs%202026/Starred%20Photos/DSC_0160_result.jpg
PIC_VIEWER t_ms=3399 tid=ThreadId(1) show_photo_request generation=32 index=454 uri=nfs://DietPi.local/mnt/4TBS/pics-sport/XCC%202026/XCC%20EP%20Champs%202026/Starred%20Photos/DSC_0126_result.jpg
PIC_VIEWER t_ms=3399 tid=ThreadId(1) cache_hit lane=foreground uri=nfs://DietPi.local/mnt/4TBS/pics-sport/XCC%202026/XCC%20EP%20Champs%202026/Starred%20Photos/DSC_0126_result.jpg
PIC_VIEWER t_ms=3399 tid=ThreadId(1) display_done lane=foreground source=texture_cache navigation_ms=0 uri=nfs://DietPi.local/mnt/4TBS/pics-sport/XCC%202026/XCC%20EP%20Champs%202026/Starred%20Photos/DSC_0126_result.jpg
PIC_VIEWER t_ms=3429 tid=ThreadId(1) show_photo_request generation=33 index=453 uri=nfs://DietPi.local/mnt/4TBS/pics-sport/XCC%202026/XCC%20EP%20Champs%202026/Starred%20Photos/DSC_0084_result.jpg
PIC_VIEWER t_ms=3429 tid=ThreadId(1) cache_hit lane=foreground uri=nfs://DietPi.local/mnt/4TBS/pics-sport/XCC%202026/XCC%20EP%20Champs%202026/Starred%20Photos/DSC_0084_result.jpg
PIC_VIEWER t_ms=3429 tid=ThreadId(1) display_done lane=foreground source=texture_cache navigation_ms=0 uri=nfs://DietPi.local/mnt/4TBS/pics-sport/XCC%202026/XCC%20EP%20Champs%202026/Starred%20Photos/DSC_0084_result.jpg
PIC_VIEWER t_ms=3459 tid=ThreadId(1) show_photo_request generation=34 index=452 uri=nfs://DietPi.local/mnt/4TBS/pics-sport/XCC%202026/XCC%20EP%20Champs%202026/Starred%20Photos/DSC_0078_result.jpg
PIC_VIEWER t_ms=3459 tid=ThreadId(1) cache_hit lane=foreground uri=nfs://DietPi.local/mnt/4TBS/pics-sport/XCC%202026/XCC%20EP%20Champs%202026/Starred%20Photos/DSC_0078_result.jpg
PIC_VIEWER t_ms=3459 tid=ThreadId(1) display_done lane=foreground source=texture_cache navigation_ms=0 uri=nfs://DietPi.local/mnt/4TBS/pics-sport/XCC%202026/XCC%20EP%20Champs%202026/Starred%20Photos/DSC_0078_result.jpg
PIC_VIEWER t_ms=3489 tid=ThreadId(1) show_photo_request generation=35 index=451 uri=nfs://DietPi.local/mnt/4TBS/pics-sport/XCC%202026/XCC%20EP%20Champs%202026/Starred%20Photos/DSC_0068_result.jpg
PIC_VIEWER t_ms=3489 tid=ThreadId(1) cache_hit lane=foreground uri=nfs://DietPi.local/mnt/4TBS/pics-sport/XCC%202026/XCC%20EP%20Champs%202026/Starred%20Photos/DSC_0068_result.jpg
PIC_VIEWER t_ms=3489 tid=ThreadId(1) display_done lane=foreground source=texture_cache navigation_ms=0 uri=nfs://DietPi.local/mnt/4TBS/pics-sport/XCC%202026/XCC%20EP%20Champs%202026/Starred%20Photos/DSC_0068_result.jpg
PIC_VIEWER t_ms=3519 tid=ThreadId(1) show_photo_request generation=36 index=450 uri=nfs://DietPi.local/mnt/4TBS/pics-sport/XCC%202026/XCC%20EP%20Champs%202026/Starred%20Photos/DSC_0054_result.jpg
PIC_VIEWER t_ms=3519 tid=ThreadId(1) cache_hit lane=foreground uri=nfs://DietPi.local/mnt/4TBS/pics-sport/XCC%202026/XCC%20EP%20Champs%202026/Starred%20Photos/DSC_0054_result.jpg
PIC_VIEWER t_ms=3519 tid=ThreadId(1) display_done lane=foreground source=texture_cache navigation_ms=0 uri=nfs://DietPi.local/mnt/4TBS/pics-sport/XCC%202026/XCC%20EP%20Champs%202026/Starred%20Photos/DSC_0054_result.jpg
PIC_VIEWER t_ms=3549 tid=ThreadId(1) show_photo_request generation=37 index=449 uri=nfs://DietPi.local/mnt/4TBS/pics-sport/XCC%202026/XCC%20EP%20Champs%202026/Starred%20Photos/DSC_0036_result.jpg
PIC_VIEWER t_ms=3549 tid=ThreadId(1) cache_hit lane=foreground uri=nfs://DietPi.local/mnt/4TBS/pics-sport/XCC%202026/XCC%20EP%20Champs%202026/Starred%20Photos/DSC_0036_result.jpg
PIC_VIEWER t_ms=3549 tid=ThreadId(1) display_done lane=foreground source=texture_cache navigation_ms=0 uri=nfs://DietPi.local/mnt/4TBS/pics-sport/XCC%202026/XCC%20EP%20Champs%202026/Starred%20Photos/DSC_0036_result.jpg
PIC_VIEWER t_ms=3579 tid=ThreadId(1) show_photo_request generation=38 index=448 uri=nfs://DietPi.local/mnt/4TBS/pics-sport/XCC%202026/XCC%20EP%20Champs%202026/Starred%20Photos/DSC_0009_result.jpg
PIC_VIEWER t_ms=3579 tid=ThreadId(1) cache_hit lane=foreground uri=nfs://DietPi.local/mnt/4TBS/pics-sport/XCC%202026/XCC%20EP%20Champs%202026/Starred%20Photos/DSC_0009_result.jpg
PIC_VIEWER t_ms=3579 tid=ThreadId(1) display_done lane=foreground source=texture_cache navigation_ms=0 uri=nfs://DietPi.local/mnt/4TBS/pics-sport/XCC%202026/XCC%20EP%20Champs%202026/Starred%20Photos/DSC_0009_result.jpg
PIC_VIEWER t_ms=3609 tid=ThreadId(1) show_photo_request generation=39 index=447 uri=nfs://DietPi.local/mnt/4TBS/pics-sport/XCC%202026/XCC%20EP%20Champs%202026/Starred%20Photos/DSC_0008_result.jpg
PIC_VIEWER t_ms=3609 tid=ThreadId(1) cache_hit lane=foreground uri=nfs://DietPi.local/mnt/4TBS/pics-sport/XCC%202026/XCC%20EP%20Champs%202026/Starred%20Photos/DSC_0008_result.jpg
PIC_VIEWER t_ms=3609 tid=ThreadId(1) display_done lane=foreground source=texture_cache navigation_ms=0 uri=nfs://DietPi.local/mnt/4TBS/pics-sport/XCC%202026/XCC%20EP%20Champs%202026/Starred%20Photos/DSC_0008_result.jpg
PIC_VIEWER t_ms=3639 tid=ThreadId(1) show_photo_request generation=40 index=446 uri=nfs://DietPi.local/mnt/4TBS/pics-sport/XCC%202026/XCC%20EP%20Champs%202026/Starred%20Photos/DSC_0005_result.jpg
PIC_VIEWER t_ms=3639 tid=ThreadId(1) cache_hit lane=foreground uri=nfs://DietPi.local/mnt/4TBS/pics-sport/XCC%202026/XCC%20EP%20Champs%202026/Starred%20Photos/DSC_0005_result.jpg
PIC_VIEWER t_ms=3639 tid=ThreadId(1) display_done lane=foreground source=texture_cache navigation_ms=0 uri=nfs://DietPi.local/mnt/4TBS/pics-sport/XCC%202026/XCC%20EP%20Champs%202026/Starred%20Photos/DSC_0005_result.jpg
PIC_VIEWER t_ms=3669 tid=ThreadId(1) show_photo_request generation=41 index=445 uri=nfs://DietPi.local/mnt/4TBS/pics-sport/local%20choice/FB-Timestamp-JPG%20Upates/DSC_1374_result.jpg
PIC_VIEWER t_ms=3669 tid=ThreadId(1) request lane=foreground action=new uri=nfs://DietPi.local/mnt/4TBS/pics-sport/local%20choice/FB-Timestamp-JPG%20Upates/DSC_1374_result.jpg variant=1124x794
PIC_VIEWER t_ms=3669 tid=ThreadId(66) decode_start uri=nfs://DietPi.local/mnt/4TBS/pics-sport/local%20choice/FB-Timestamp-JPG%20Upates/DSC_1374_result.jpg variant=1124x794 queue_ms=0
PIC_VIEWER source_cache lane=foreground action=miss uri=nfs://DietPi.local/mnt/4TBS/pics-sport/local%20choice/FB-Timestamp-JPG%20Upates/DSC_1374_result.jpg
PIC_VIEWER network_slot lane=foreground wait_ms=0 uri=nfs://DietPi.local/mnt/4TBS/pics-sport/local%20choice/FB-Timestamp-JPG%20Upates/DSC_1374_result.jpg
PIC_NETWORK tid=ThreadId(66) PRIVATE_NFS export_cache_hit host=DietPi.local count=5
PIC_NETWORK tid=ThreadId(66) PRIVATE_NFS read_start uri=nfs://DietPi.local/mnt/4TBS/pics-sport/local%20choice/FB-Timestamp-JPG%20Upates/DSC_1374_result.jpg max_bytes=134217728
PIC_NFS stage=read_session_lock elapsed_ms=0 tid=140342605641408 host=DietPi.local export=/mnt/4TBS relative=/pics-sport/local choice/FB-Timestamp-JPG Upates/DSC_1374_result.jpg outcome=acquired
PIC_NFS_CONNECT reuse host=DietPi.local export=/mnt/4TBS
PIC_NFS stage=file_open elapsed_ms=2 tid=140342605641408 host=DietPi.local export=/mnt/4TBS relative=/pics-sport/local choice/FB-Timestamp-JPG Upates/DSC_1374_result.jpg outcome=ok
PIC_NFS stage=rpc_read elapsed_ms=1 tid=140342605641408 host=DietPi.local export=/mnt/4TBS relative=/pics-sport/local choice/FB-Timestamp-JPG Upates/DSC_1374_result.jpg iteration=1 outcome=ok bytes=65536 timedout_delta=0 retransmitted_delta=0 reconnects_delta=0
PIC_NFS stage=first_read elapsed_ms=1 tid=140342605641408 host=DietPi.local export=/mnt/4TBS relative=/pics-sport/local choice/FB-Timestamp-JPG Upates/DSC_1374_result.jpg outcome=ok bytes=65536
PIC_NFS stage=rpc_read elapsed_ms=1 tid=140342605641408 host=DietPi.local export=/mnt/4TBS relative=/pics-sport/local choice/FB-Timestamp-JPG Upates/DSC_1374_result.jpg iteration=2 outcome=ok bytes=65536 timedout_delta=0 retransmitted_delta=0 reconnects_delta=0
PIC_NFS stage=rpc_read elapsed_ms=2 tid=140342605641408 host=DietPi.local export=/mnt/4TBS relative=/pics-sport/local choice/FB-Timestamp-JPG Upates/DSC_1374_result.jpg iteration=3 outcome=ok bytes=131072 timedout_delta=0 retransmitted_delta=0 reconnects_delta=0
PIC_NFS stage=rpc_read elapsed_ms=3 tid=140342605641408 host=DietPi.local export=/mnt/4TBS relative=/pics-sport/local choice/FB-Timestamp-JPG Upates/DSC_1374_result.jpg iteration=4 outcome=ok bytes=262144 timedout_delta=0 retransmitted_delta=0 reconnects_delta=0
PIC_NFS stage=rpc_read elapsed_ms=4 tid=140342605641408 host=DietPi.local export=/mnt/4TBS relative=/pics-sport/local choice/FB-Timestamp-JPG Upates/DSC_1374_result.jpg iteration=5 outcome=ok bytes=417908 timedout_delta=0 retransmitted_delta=0 reconnects_delta=0
PIC_NFS stage=rpc_read elapsed_ms=0 tid=140342605641408 host=DietPi.local export=/mnt/4TBS relative=/pics-sport/local choice/FB-Timestamp-JPG Upates/DSC_1374_result.jpg iteration=6 outcome=ok bytes=0 timedout_delta=0 retransmitted_delta=0 reconnects_delta=0
PIC_NFS stage=file_read_complete elapsed_ms=12 tid=140342605641408 host=DietPi.local export=/mnt/4TBS relative=/pics-sport/local choice/FB-Timestamp-JPG Upates/DSC_1374_result.jpg outcome=ok bytes=942196 calls=6
PIC_NETWORK tid=ThreadId(66) PRIVATE_NFS read_done bytes=942196 elapsed_ms=14 uri=nfs://DietPi.local/mnt/4TBS/pics-sport/local%20choice/FB-Timestamp-JPG%20Upates/DSC_1374_result.jpg
PIC_VIEWER source_cache action=insert bytes=942196 uri=nfs://DietPi.local/mnt/4TBS/pics-sport/local%20choice/FB-Timestamp-JPG%20Upates/DSC_1374_result.jpg
PIC_VIEWER source_cache action=evict bytes=1624102 uri=nfs://DietPi.local/mnt/4TBS/pics-sport/XCC%202026/XCC%20EP%20Champs%202026/Starred%20Photos/DSC_0054_result.jpg
PIC_VIEWER network_done lane=foreground read_ms=14 bytes=942196 source=network outcome=ok uri=nfs://DietPi.local/mnt/4TBS/pics-sport/local%20choice/FB-Timestamp-JPG%20Upates/DSC_1374_result.jpg
PIC_VIEWER decode_stage source_ms=14 cpu_ms=33 uri=nfs://DietPi.local/mnt/4TBS/pics-sport/local%20choice/FB-Timestamp-JPG%20Upates/DSC_1374_result.jpg
PIC_VIEWER t_ms=3720 tid=ThreadId(66) decode_done uri=nfs://DietPi.local/mnt/4TBS/pics-sport/local%20choice/FB-Timestamp-JPG%20Upates/DSC_1374_result.jpg variant=1124x794 elapsed_ms=50 outcome=ok
PIC_VIEWER t_ms=3722 tid=ThreadId(1) display_apply elapsed_ms=1 uri=nfs://DietPi.local/mnt/4TBS/pics-sport/local%20choice/FB-Timestamp-JPG%20Upates/DSC_1374_result.jpg
PIC_VIEWER t_ms=3722 tid=ThreadId(1) display_done lane=foreground source=decode navigation_ms=52 uri=nfs://DietPi.local/mnt/4TBS/pics-sport/local%20choice/FB-Timestamp-JPG%20Upates/DSC_1374_result.jpg
PIC_VIEWER t_ms=3729 tid=ThreadId(1) show_photo_request generation=42 index=444 uri=nfs://DietPi.local/mnt/4TBS/pics-sport/local%20choice/FB-Timestamp-JPG%20Upates/DSC_1373_result.jpg
PIC_VIEWER t_ms=3731 tid=ThreadId(1) request lane=foreground action=new uri=nfs://DietPi.local/mnt/4TBS/pics-sport/local%20choice/FB-Timestamp-JPG%20Upates/DSC_1373_result.jpg variant=1124x794
PIC_VIEWER t_ms=3731 tid=ThreadId(67) decode_start uri=nfs://DietPi.local/mnt/4TBS/pics-sport/local%20choice/FB-Timestamp-JPG%20Upates/DSC_1373_result.jpg variant=1124x794 queue_ms=0
PIC_VIEWER source_cache lane=foreground action=miss uri=nfs://DietPi.local/mnt/4TBS/pics-sport/local%20choice/FB-Timestamp-JPG%20Upates/DSC_1373_result.jpg
PIC_VIEWER network_slot lane=foreground wait_ms=0 uri=nfs://DietPi.local/mnt/4TBS/pics-sport/local%20choice/FB-Timestamp-JPG%20Upates/DSC_1373_result.jpg
PIC_NETWORK tid=ThreadId(67) PRIVATE_NFS export_cache_hit host=DietPi.local count=5
PIC_NETWORK tid=ThreadId(67) PRIVATE_NFS read_start uri=nfs://DietPi.local/mnt/4TBS/pics-sport/local%20choice/FB-Timestamp-JPG%20Upates/DSC_1373_result.jpg max_bytes=134217728
PIC_NFS stage=read_session_lock elapsed_ms=0 tid=140342605641408 host=DietPi.local export=/mnt/4TBS relative=/pics-sport/local choice/FB-Timestamp-JPG Upates/DSC_1373_result.jpg outcome=acquired
PIC_NFS_CONNECT reuse host=DietPi.local export=/mnt/4TBS
PIC_NFS stage=file_open elapsed_ms=2 tid=140342605641408 host=DietPi.local export=/mnt/4TBS relative=/pics-sport/local choice/FB-Timestamp-JPG Upates/DSC_1373_result.jpg outcome=ok
PIC_NFS stage=rpc_read elapsed_ms=1 tid=140342605641408 host=DietPi.local export=/mnt/4TBS relative=/pics-sport/local choice/FB-Timestamp-JPG Upates/DSC_1373_result.jpg iteration=1 outcome=ok bytes=65536 timedout_delta=0 retransmitted_delta=0 reconnects_delta=0
PIC_NFS stage=first_read elapsed_ms=1 tid=140342605641408 host=DietPi.local export=/mnt/4TBS relative=/pics-sport/local choice/FB-Timestamp-JPG Upates/DSC_1373_result.jpg outcome=ok bytes=65536
PIC_NFS stage=rpc_read elapsed_ms=2 tid=140342605641408 host=DietPi.local export=/mnt/4TBS relative=/pics-sport/local choice/FB-Timestamp-JPG Upates/DSC_1373_result.jpg iteration=2 outcome=ok bytes=65536 timedout_delta=0 retransmitted_delta=0 reconnects_delta=0
PIC_NFS stage=rpc_read elapsed_ms=1 tid=140342605641408 host=DietPi.local export=/mnt/4TBS relative=/pics-sport/local choice/FB-Timestamp-JPG Upates/DSC_1373_result.jpg iteration=3 outcome=ok bytes=131072 timedout_delta=0 retransmitted_delta=0 reconnects_delta=0
PIC_NFS stage=rpc_read elapsed_ms=3 tid=140342605641408 host=DietPi.local export=/mnt/4TBS relative=/pics-sport/local choice/FB-Timestamp-JPG Upates/DSC_1373_result.jpg iteration=4 outcome=ok bytes=262144 timedout_delta=0 retransmitted_delta=0 reconnects_delta=0
PIC_NFS stage=rpc_read elapsed_ms=4 tid=140342605641408 host=DietPi.local export=/mnt/4TBS relative=/pics-sport/local choice/FB-Timestamp-JPG Upates/DSC_1373_result.jpg iteration=5 outcome=ok bytes=373279 timedout_delta=0 retransmitted_delta=0 reconnects_delta=0
PIC_NFS stage=rpc_read elapsed_ms=1 tid=140342605641408 host=DietPi.local export=/mnt/4TBS relative=/pics-sport/local choice/FB-Timestamp-JPG Upates/DSC_1373_result.jpg iteration=6 outcome=ok bytes=0 timedout_delta=0 retransmitted_delta=0 reconnects_delta=0
PIC_NFS stage=file_read_complete elapsed_ms=12 tid=140342605641408 host=DietPi.local export=/mnt/4TBS relative=/pics-sport/local choice/FB-Timestamp-JPG Upates/DSC_1373_result.jpg outcome=ok bytes=897567 calls=6
PIC_NETWORK tid=ThreadId(67) PRIVATE_NFS read_done bytes=897567 elapsed_ms=13 uri=nfs://DietPi.local/mnt/4TBS/pics-sport/local%20choice/FB-Timestamp-JPG%20Upates/DSC_1373_result.jpg
PIC_VIEWER source_cache action=insert bytes=897567 uri=nfs://DietPi.local/mnt/4TBS/pics-sport/local%20choice/FB-Timestamp-JPG%20Upates/DSC_1373_result.jpg
PIC_VIEWER source_cache action=evict bytes=1504128 uri=nfs://DietPi.local/mnt/4TBS/pics-sport/XCC%202026/XCC%20EP%20Champs%202026/Starred%20Photos/DSC_0068_result.jpg
PIC_VIEWER network_done lane=foreground read_ms=13 bytes=897567 source=network outcome=ok uri=nfs://DietPi.local/mnt/4TBS/pics-sport/local%20choice/FB-Timestamp-JPG%20Upates/DSC_1373_result.jpg
PIC_VIEWER decode_stage source_ms=13 cpu_ms=32 uri=nfs://DietPi.local/mnt/4TBS/pics-sport/local%20choice/FB-Timestamp-JPG%20Upates/DSC_1373_result.jpg
PIC_VIEWER t_ms=3780 tid=ThreadId(67) decode_done uri=nfs://DietPi.local/mnt/4TBS/pics-sport/local%20choice/FB-Timestamp-JPG%20Upates/DSC_1373_result.jpg variant=1124x794 elapsed_ms=48 outcome=ok
PIC_VIEWER t_ms=3782 tid=ThreadId(1) display_apply elapsed_ms=1 uri=nfs://DietPi.local/mnt/4TBS/pics-sport/local%20choice/FB-Timestamp-JPG%20Upates/DSC_1373_result.jpg
PIC_VIEWER t_ms=3782 tid=ThreadId(1) display_done lane=foreground source=decode navigation_ms=52 uri=nfs://DietPi.local/mnt/4TBS/pics-sport/local%20choice/FB-Timestamp-JPG%20Upates/DSC_1373_result.jpg
PIC_VIEWER t_ms=3790 tid=ThreadId(1) show_photo_request generation=43 index=443 uri=nfs://DietPi.local/mnt/4TBS/pics-sport/local%20choice/FB-Timestamp-JPG%20Upates/DSC_1372_result.jpg
PIC_VIEWER t_ms=3790 tid=ThreadId(1) request lane=foreground action=new uri=nfs://DietPi.local/mnt/4TBS/pics-sport/local%20choice/FB-Timestamp-JPG%20Upates/DSC_1372_result.jpg variant=1124x794
PIC_VIEWER t_ms=3790 tid=ThreadId(68) decode_start uri=nfs://DietPi.local/mnt/4TBS/pics-sport/local%20choice/FB-Timestamp-JPG%20Upates/DSC_1372_result.jpg variant=1124x794 queue_ms=0
PIC_VIEWER source_cache lane=foreground action=miss uri=nfs://DietPi.local/mnt/4TBS/pics-sport/local%20choice/FB-Timestamp-JPG%20Upates/DSC_1372_result.jpg
PIC_VIEWER network_slot lane=foreground wait_ms=0 uri=nfs://DietPi.local/mnt/4TBS/pics-sport/local%20choice/FB-Timestamp-JPG%20Upates/DSC_1372_result.jpg
PIC_NETWORK tid=ThreadId(68) PRIVATE_NFS export_cache_hit host=DietPi.local count=5
PIC_NETWORK tid=ThreadId(68) PRIVATE_NFS read_start uri=nfs://DietPi.local/mnt/4TBS/pics-sport/local%20choice/FB-Timestamp-JPG%20Upates/DSC_1372_result.jpg max_bytes=134217728
PIC_NFS stage=read_session_lock elapsed_ms=0 tid=140342605641408 host=DietPi.local export=/mnt/4TBS relative=/pics-sport/local choice/FB-Timestamp-JPG Upates/DSC_1372_result.jpg outcome=acquired
PIC_NFS_CONNECT reuse host=DietPi.local export=/mnt/4TBS
PIC_NFS stage=file_open elapsed_ms=2 tid=140342605641408 host=DietPi.local export=/mnt/4TBS relative=/pics-sport/local choice/FB-Timestamp-JPG Upates/DSC_1372_result.jpg outcome=ok
PIC_NFS stage=rpc_read elapsed_ms=0 tid=140342605641408 host=DietPi.local export=/mnt/4TBS relative=/pics-sport/local choice/FB-Timestamp-JPG Upates/DSC_1372_result.jpg iteration=1 outcome=ok bytes=65536 timedout_delta=0 retransmitted_delta=0 reconnects_delta=0
PIC_NFS stage=first_read elapsed_ms=0 tid=140342605641408 host=DietPi.local export=/mnt/4TBS relative=/pics-sport/local choice/FB-Timestamp-JPG Upates/DSC_1372_result.jpg outcome=ok bytes=65536
PIC_NFS stage=rpc_read elapsed_ms=1 tid=140342605641408 host=DietPi.local export=/mnt/4TBS relative=/pics-sport/local choice/FB-Timestamp-JPG Upates/DSC_1372_result.jpg iteration=2 outcome=ok bytes=65536 timedout_delta=0 retransmitted_delta=0 reconnects_delta=0
PIC_NFS stage=rpc_read elapsed_ms=2 tid=140342605641408 host=DietPi.local export=/mnt/4TBS relative=/pics-sport/local choice/FB-Timestamp-JPG Upates/DSC_1372_result.jpg iteration=3 outcome=ok bytes=131072 timedout_delta=0 retransmitted_delta=0 reconnects_delta=0
PIC_NFS stage=rpc_read elapsed_ms=3 tid=140342605641408 host=DietPi.local export=/mnt/4TBS relative=/pics-sport/local choice/FB-Timestamp-JPG Upates/DSC_1372_result.jpg iteration=4 outcome=ok bytes=262144 timedout_delta=0 retransmitted_delta=0 reconnects_delta=0
PIC_NFS stage=rpc_read elapsed_ms=5 tid=140342605641408 host=DietPi.local export=/mnt/4TBS relative=/pics-sport/local choice/FB-Timestamp-JPG Upates/DSC_1372_result.jpg iteration=5 outcome=ok bytes=524288 timedout_delta=0 retransmitted_delta=0 reconnects_delta=0
PIC_NFS stage=rpc_read elapsed_ms=2 tid=140342605641408 host=DietPi.local export=/mnt/4TBS relative=/pics-sport/local choice/FB-Timestamp-JPG Upates/DSC_1372_result.jpg iteration=6 outcome=ok bytes=146284 timedout_delta=0 retransmitted_delta=0 reconnects_delta=0
PIC_NFS stage=rpc_read elapsed_ms=0 tid=140342605641408 host=DietPi.local export=/mnt/4TBS relative=/pics-sport/local choice/FB-Timestamp-JPG Upates/DSC_1372_result.jpg iteration=7 outcome=ok bytes=0 timedout_delta=0 retransmitted_delta=0 reconnects_delta=0
PIC_NFS stage=file_read_complete elapsed_ms=13 tid=140342605641408 host=DietPi.local export=/mnt/4TBS relative=/pics-sport/local choice/FB-Timestamp-JPG Upates/DSC_1372_result.jpg outcome=ok bytes=1194860 calls=7
PIC_NETWORK tid=ThreadId(68) PRIVATE_NFS read_done bytes=1194860 elapsed_ms=14 uri=nfs://DietPi.local/mnt/4TBS/pics-sport/local%20choice/FB-Timestamp-JPG%20Upates/DSC_1372_result.jpg
PIC_VIEWER source_cache action=insert bytes=1194860 uri=nfs://DietPi.local/mnt/4TBS/pics-sport/local%20choice/FB-Timestamp-JPG%20Upates/DSC_1372_result.jpg
PIC_VIEWER source_cache action=evict bytes=698757 uri=nfs://DietPi.local/mnt/4TBS/pics-sport/XCC%202026/XCC%20EP%20Champs%202026/Starred%20Photos/DSC_0078_result.jpg
PIC_VIEWER network_done lane=foreground read_ms=14 bytes=1194860 source=network outcome=ok uri=nfs://DietPi.local/mnt/4TBS/pics-sport/local%20choice/FB-Timestamp-JPG%20Upates/DSC_1372_result.jpg
PIC_VIEWER decode_stage source_ms=14 cpu_ms=38 uri=nfs://DietPi.local/mnt/4TBS/pics-sport/local%20choice/FB-Timestamp-JPG%20Upates/DSC_1372_result.jpg
PIC_VIEWER t_ms=3845 tid=ThreadId(68) decode_done uri=nfs://DietPi.local/mnt/4TBS/pics-sport/local%20choice/FB-Timestamp-JPG%20Upates/DSC_1372_result.jpg variant=1124x794 elapsed_ms=55 outcome=ok
PIC_VIEWER t_ms=3847 tid=ThreadId(1) display_apply elapsed_ms=1 uri=nfs://DietPi.local/mnt/4TBS/pics-sport/local%20choice/FB-Timestamp-JPG%20Upates/DSC_1372_result.jpg
PIC_VIEWER t_ms=3847 tid=ThreadId(1) display_done lane=foreground source=decode navigation_ms=57 uri=nfs://DietPi.local/mnt/4TBS/pics-sport/local%20choice/FB-Timestamp-JPG%20Upates/DSC_1372_result.jpg
PIC_VIEWER t_ms=3850 tid=ThreadId(1) show_photo_request generation=44 index=442 uri=nfs://DietPi.local/mnt/4TBS/pics-sport/local%20choice/FB-Timestamp-JPG%20Upates/DSC_1371_result.jpg
PIC_VIEWER t_ms=3851 tid=ThreadId(1) request lane=foreground action=new uri=nfs://DietPi.local/mnt/4TBS/pics-sport/local%20choice/FB-Timestamp-JPG%20Upates/DSC_1371_result.jpg variant=1124x794
PIC_VIEWER t_ms=3851 tid=ThreadId(69) decode_start uri=nfs://DietPi.local/mnt/4TBS/pics-sport/local%20choice/FB-Timestamp-JPG%20Upates/DSC_1371_result.jpg variant=1124x794 queue_ms=0
PIC_VIEWER source_cache lane=foreground action=miss uri=nfs://DietPi.local/mnt/4TBS/pics-sport/local%20choice/FB-Timestamp-JPG%20Upates/DSC_1371_result.jpg
PIC_VIEWER network_slot lane=foreground wait_ms=0 uri=nfs://DietPi.local/mnt/4TBS/pics-sport/local%20choice/FB-Timestamp-JPG%20Upates/DSC_1371_result.jpg
PIC_NETWORK tid=ThreadId(69) PRIVATE_NFS export_cache_hit host=DietPi.local count=5
PIC_NETWORK tid=ThreadId(69) PRIVATE_NFS read_start uri=nfs://DietPi.local/mnt/4TBS/pics-sport/local%20choice/FB-Timestamp-JPG%20Upates/DSC_1371_result.jpg max_bytes=134217728
PIC_NFS stage=read_session_lock elapsed_ms=0 tid=140342605641408 host=DietPi.local export=/mnt/4TBS relative=/pics-sport/local choice/FB-Timestamp-JPG Upates/DSC_1371_result.jpg outcome=acquired
PIC_NFS_CONNECT reuse host=DietPi.local export=/mnt/4TBS
PIC_NFS stage=file_open elapsed_ms=1 tid=140342605641408 host=DietPi.local export=/mnt/4TBS relative=/pics-sport/local choice/FB-Timestamp-JPG Upates/DSC_1371_result.jpg outcome=ok
PIC_NFS stage=rpc_read elapsed_ms=1 tid=140342605641408 host=DietPi.local export=/mnt/4TBS relative=/pics-sport/local choice/FB-Timestamp-JPG Upates/DSC_1371_result.jpg iteration=1 outcome=ok bytes=65536 timedout_delta=0 retransmitted_delta=0 reconnects_delta=0
PIC_NFS stage=first_read elapsed_ms=1 tid=140342605641408 host=DietPi.local export=/mnt/4TBS relative=/pics-sport/local choice/FB-Timestamp-JPG Upates/DSC_1371_result.jpg outcome=ok bytes=65536
PIC_NFS stage=rpc_read elapsed_ms=1 tid=140342605641408 host=DietPi.local export=/mnt/4TBS relative=/pics-sport/local choice/FB-Timestamp-JPG Upates/DSC_1371_result.jpg iteration=2 outcome=ok bytes=65536 timedout_delta=0 retransmitted_delta=0 reconnects_delta=0
PIC_NFS stage=rpc_read elapsed_ms=2 tid=140342605641408 host=DietPi.local export=/mnt/4TBS relative=/pics-sport/local choice/FB-Timestamp-JPG Upates/DSC_1371_result.jpg iteration=3 outcome=ok bytes=131072 timedout_delta=0 retransmitted_delta=0 reconnects_delta=0
PIC_NFS stage=rpc_read elapsed_ms=3 tid=140342605641408 host=DietPi.local export=/mnt/4TBS relative=/pics-sport/local choice/FB-Timestamp-JPG Upates/DSC_1371_result.jpg iteration=4 outcome=ok bytes=262144 timedout_delta=0 retransmitted_delta=0 reconnects_delta=0
PIC_NFS stage=rpc_read elapsed_ms=5 tid=140342605641408 host=DietPi.local export=/mnt/4TBS relative=/pics-sport/local choice/FB-Timestamp-JPG Upates/DSC_1371_result.jpg iteration=5 outcome=ok bytes=524288 timedout_delta=0 retransmitted_delta=0 reconnects_delta=0
PIC_NFS stage=rpc_read elapsed_ms=1 tid=140342605641408 host=DietPi.local export=/mnt/4TBS relative=/pics-sport/local choice/FB-Timestamp-JPG Upates/DSC_1371_result.jpg iteration=6 outcome=ok bytes=122326 timedout_delta=0 retransmitted_delta=0 reconnects_delta=0
PIC_NFS stage=rpc_read elapsed_ms=0 tid=140342605641408 host=DietPi.local export=/mnt/4TBS relative=/pics-sport/local choice/FB-Timestamp-JPG Upates/DSC_1371_result.jpg iteration=7 outcome=ok bytes=0 timedout_delta=0 retransmitted_delta=0 reconnects_delta=0
PIC_NFS stage=file_read_complete elapsed_ms=13 tid=140342605641408 host=DietPi.local export=/mnt/4TBS relative=/pics-sport/local choice/FB-Timestamp-JPG Upates/DSC_1371_result.jpg outcome=ok bytes=1170902 calls=7
PIC_NETWORK tid=ThreadId(69) PRIVATE_NFS read_done bytes=1170902 elapsed_ms=14 uri=nfs://DietPi.local/mnt/4TBS/pics-sport/local%20choice/FB-Timestamp-JPG%20Upates/DSC_1371_result.jpg
PIC_VIEWER source_cache action=insert bytes=1170902 uri=nfs://DietPi.local/mnt/4TBS/pics-sport/local%20choice/FB-Timestamp-JPG%20Upates/DSC_1371_result.jpg
PIC_VIEWER source_cache action=evict bytes=1643327 uri=nfs://DietPi.local/mnt/4TBS/pics-sport/XCC%202026/XCC%20EP%20Champs%202026/Starred%20Photos/DSC_0084_result.jpg
PIC_VIEWER network_done lane=foreground read_ms=14 bytes=1170902 source=network outcome=ok uri=nfs://DietPi.local/mnt/4TBS/pics-sport/local%20choice/FB-Timestamp-JPG%20Upates/DSC_1371_result.jpg
PIC_VIEWER decode_stage source_ms=14 cpu_ms=35 uri=nfs://DietPi.local/mnt/4TBS/pics-sport/local%20choice/FB-Timestamp-JPG%20Upates/DSC_1371_result.jpg
PIC_VIEWER t_ms=3904 tid=ThreadId(69) decode_done uri=nfs://DietPi.local/mnt/4TBS/pics-sport/local%20choice/FB-Timestamp-JPG%20Upates/DSC_1371_result.jpg variant=1124x794 elapsed_ms=52 outcome=ok
PIC_VIEWER t_ms=3906 tid=ThreadId(1) display_apply elapsed_ms=1 uri=nfs://DietPi.local/mnt/4TBS/pics-sport/local%20choice/FB-Timestamp-JPG%20Upates/DSC_1371_result.jpg
PIC_VIEWER t_ms=3906 tid=ThreadId(1) display_done lane=foreground source=decode navigation_ms=56 uri=nfs://DietPi.local/mnt/4TBS/pics-sport/local%20choice/FB-Timestamp-JPG%20Upates/DSC_1371_result.jpg
PIC_VIEWER t_ms=3910 tid=ThreadId(1) show_photo_request generation=45 index=441 uri=nfs://DietPi.local/mnt/4TBS/pics-sport/local%20choice/FB-Timestamp-JPG%20Upates/DSC_1370_result.jpg
PIC_VIEWER t_ms=3910 tid=ThreadId(1) request lane=foreground action=new uri=nfs://DietPi.local/mnt/4TBS/pics-sport/local%20choice/FB-Timestamp-JPG%20Upates/DSC_1370_result.jpg variant=1124x794
PIC_VIEWER t_ms=3910 tid=ThreadId(70) decode_start uri=nfs://DietPi.local/mnt/4TBS/pics-sport/local%20choice/FB-Timestamp-JPG%20Upates/DSC_1370_result.jpg variant=1124x794 queue_ms=0
PIC_VIEWER source_cache lane=foreground action=miss uri=nfs://DietPi.local/mnt/4TBS/pics-sport/local%20choice/FB-Timestamp-JPG%20Upates/DSC_1370_result.jpg
PIC_VIEWER network_slot lane=foreground wait_ms=0 uri=nfs://DietPi.local/mnt/4TBS/pics-sport/local%20choice/FB-Timestamp-JPG%20Upates/DSC_1370_result.jpg
PIC_NETWORK tid=ThreadId(70) PRIVATE_NFS export_cache_hit host=DietPi.local count=5
PIC_NETWORK tid=ThreadId(70) PRIVATE_NFS read_start uri=nfs://DietPi.local/mnt/4TBS/pics-sport/local%20choice/FB-Timestamp-JPG%20Upates/DSC_1370_result.jpg max_bytes=134217728
PIC_NFS stage=read_session_lock elapsed_ms=0 tid=140342605641408 host=DietPi.local export=/mnt/4TBS relative=/pics-sport/local choice/FB-Timestamp-JPG Upates/DSC_1370_result.jpg outcome=acquired
PIC_NFS_CONNECT reuse host=DietPi.local export=/mnt/4TBS
PIC_NFS stage=file_open elapsed_ms=2 tid=140342605641408 host=DietPi.local export=/mnt/4TBS relative=/pics-sport/local choice/FB-Timestamp-JPG Upates/DSC_1370_result.jpg outcome=ok
PIC_NFS stage=rpc_read elapsed_ms=1 tid=140342605641408 host=DietPi.local export=/mnt/4TBS relative=/pics-sport/local choice/FB-Timestamp-JPG Upates/DSC_1370_result.jpg iteration=1 outcome=ok bytes=65536 timedout_delta=0 retransmitted_delta=0 reconnects_delta=0
PIC_NFS stage=first_read elapsed_ms=1 tid=140342605641408 host=DietPi.local export=/mnt/4TBS relative=/pics-sport/local choice/FB-Timestamp-JPG Upates/DSC_1370_result.jpg outcome=ok bytes=65536
PIC_NFS stage=rpc_read elapsed_ms=0 tid=140342605641408 host=DietPi.local export=/mnt/4TBS relative=/pics-sport/local choice/FB-Timestamp-JPG Upates/DSC_1370_result.jpg iteration=2 outcome=ok bytes=65536 timedout_delta=0 retransmitted_delta=0 reconnects_delta=0
PIC_NFS stage=rpc_read elapsed_ms=1 tid=140342605641408 host=DietPi.local export=/mnt/4TBS relative=/pics-sport/local choice/FB-Timestamp-JPG Upates/DSC_1370_result.jpg iteration=3 outcome=ok bytes=131072 timedout_delta=0 retransmitted_delta=0 reconnects_delta=0
PIC_NFS stage=rpc_read elapsed_ms=3 tid=140342605641408 host=DietPi.local export=/mnt/4TBS relative=/pics-sport/local choice/FB-Timestamp-JPG Upates/DSC_1370_result.jpg iteration=4 outcome=ok bytes=262144 timedout_delta=0 retransmitted_delta=0 reconnects_delta=0
PIC_NFS stage=rpc_read elapsed_ms=5 tid=140342605641408 host=DietPi.local export=/mnt/4TBS relative=/pics-sport/local choice/FB-Timestamp-JPG Upates/DSC_1370_result.jpg iteration=5 outcome=ok bytes=524288 timedout_delta=0 retransmitted_delta=0 reconnects_delta=0
PIC_NFS stage=rpc_read elapsed_ms=1 tid=140342605641408 host=DietPi.local export=/mnt/4TBS relative=/pics-sport/local choice/FB-Timestamp-JPG Upates/DSC_1370_result.jpg iteration=6 outcome=ok bytes=97796 timedout_delta=0 retransmitted_delta=0 reconnects_delta=0
PIC_NFS stage=rpc_read elapsed_ms=0 tid=140342605641408 host=DietPi.local export=/mnt/4TBS relative=/pics-sport/local choice/FB-Timestamp-JPG Upates/DSC_1370_result.jpg iteration=7 outcome=ok bytes=0 timedout_delta=0 retransmitted_delta=0 reconnects_delta=0
PIC_NFS stage=file_read_complete elapsed_ms=12 tid=140342605641408 host=DietPi.local export=/mnt/4TBS relative=/pics-sport/local choice/FB-Timestamp-JPG Upates/DSC_1370_result.jpg outcome=ok bytes=1146372 calls=7
PIC_NETWORK tid=ThreadId(70) PRIVATE_NFS read_done bytes=1146372 elapsed_ms=13 uri=nfs://DietPi.local/mnt/4TBS/pics-sport/local%20choice/FB-Timestamp-JPG%20Upates/DSC_1370_result.jpg
PIC_VIEWER source_cache action=insert bytes=1146372 uri=nfs://DietPi.local/mnt/4TBS/pics-sport/local%20choice/FB-Timestamp-JPG%20Upates/DSC_1370_result.jpg
PIC_VIEWER source_cache action=evict bytes=1257882 uri=nfs://DietPi.local/mnt/4TBS/pics-sport/XCC%202026/XCC%20EP%20Champs%202026/Starred%20Photos/DSC_0126_result.jpg
PIC_VIEWER network_done lane=foreground read_ms=14 bytes=1146372 source=network outcome=ok uri=nfs://DietPi.local/mnt/4TBS/pics-sport/local%20choice/FB-Timestamp-JPG%20Upates/DSC_1370_result.jpg
PIC_VIEWER decode_stage source_ms=14 cpu_ms=36 uri=nfs://DietPi.local/mnt/4TBS/pics-sport/local%20choice/FB-Timestamp-JPG%20Upates/DSC_1370_result.jpg
PIC_VIEWER t_ms=3963 tid=ThreadId(70) decode_done uri=nfs://DietPi.local/mnt/4TBS/pics-sport/local%20choice/FB-Timestamp-JPG%20Upates/DSC_1370_result.jpg variant=1124x794 elapsed_ms=53 outcome=ok
PIC_VIEWER t_ms=3964 tid=ThreadId(1) display_apply elapsed_ms=1 uri=nfs://DietPi.local/mnt/4TBS/pics-sport/local%20choice/FB-Timestamp-JPG%20Upates/DSC_1370_result.jpg
PIC_VIEWER t_ms=3964 tid=ThreadId(1) display_done lane=foreground source=decode navigation_ms=54 uri=nfs://DietPi.local/mnt/4TBS/pics-sport/local%20choice/FB-Timestamp-JPG%20Upates/DSC_1370_result.jpg
PIC_VIEWER t_ms=3970 tid=ThreadId(1) show_photo_request generation=46 index=440 uri=nfs://DietPi.local/mnt/4TBS/pics-sport/local%20choice/FB-Timestamp-JPG%20Upates/DSC_1368_result.jpg
PIC_VIEWER t_ms=3970 tid=ThreadId(1) request lane=foreground action=new uri=nfs://DietPi.local/mnt/4TBS/pics-sport/local%20choice/FB-Timestamp-JPG%20Upates/DSC_1368_result.jpg variant=1124x794
PIC_VIEWER t_ms=3970 tid=ThreadId(71) decode_start uri=nfs://DietPi.local/mnt/4TBS/pics-sport/local%20choice/FB-Timestamp-JPG%20Upates/DSC_1368_result.jpg variant=1124x794 queue_ms=0
PIC_VIEWER source_cache lane=foreground action=miss uri=nfs://DietPi.local/mnt/4TBS/pics-sport/local%20choice/FB-Timestamp-JPG%20Upates/DSC_1368_result.jpg
PIC_VIEWER network_slot lane=foreground wait_ms=0 uri=nfs://DietPi.local/mnt/4TBS/pics-sport/local%20choice/FB-Timestamp-JPG%20Upates/DSC_1368_result.jpg
PIC_NETWORK tid=ThreadId(71) PRIVATE_NFS export_cache_hit host=DietPi.local count=5
PIC_NETWORK tid=ThreadId(71) PRIVATE_NFS read_start uri=nfs://DietPi.local/mnt/4TBS/pics-sport/local%20choice/FB-Timestamp-JPG%20Upates/DSC_1368_result.jpg max_bytes=134217728
PIC_NFS stage=read_session_lock elapsed_ms=0 tid=140342605641408 host=DietPi.local export=/mnt/4TBS relative=/pics-sport/local choice/FB-Timestamp-JPG Upates/DSC_1368_result.jpg outcome=acquired
PIC_NFS_CONNECT reuse host=DietPi.local export=/mnt/4TBS
PIC_NFS stage=file_open elapsed_ms=1 tid=140342605641408 host=DietPi.local export=/mnt/4TBS relative=/pics-sport/local choice/FB-Timestamp-JPG Upates/DSC_1368_result.jpg outcome=ok
PIC_NFS stage=rpc_read elapsed_ms=1 tid=140342605641408 host=DietPi.local export=/mnt/4TBS relative=/pics-sport/local choice/FB-Timestamp-JPG Upates/DSC_1368_result.jpg iteration=1 outcome=ok bytes=65536 timedout_delta=0 retransmitted_delta=0 reconnects_delta=0
PIC_NFS stage=first_read elapsed_ms=1 tid=140342605641408 host=DietPi.local export=/mnt/4TBS relative=/pics-sport/local choice/FB-Timestamp-JPG Upates/DSC_1368_result.jpg outcome=ok bytes=65536
PIC_NFS stage=rpc_read elapsed_ms=1 tid=140342605641408 host=DietPi.local export=/mnt/4TBS relative=/pics-sport/local choice/FB-Timestamp-JPG Upates/DSC_1368_result.jpg iteration=2 outcome=ok bytes=65536 timedout_delta=0 retransmitted_delta=0 reconnects_delta=0
PIC_NFS stage=rpc_read elapsed_ms=1 tid=140342605641408 host=DietPi.local export=/mnt/4TBS relative=/pics-sport/local choice/FB-Timestamp-JPG Upates/DSC_1368_result.jpg iteration=3 outcome=ok bytes=131072 timedout_delta=0 retransmitted_delta=0 reconnects_delta=0
PIC_NFS stage=rpc_read elapsed_ms=3 tid=140342605641408 host=DietPi.local export=/mnt/4TBS relative=/pics-sport/local choice/FB-Timestamp-JPG Upates/DSC_1368_result.jpg iteration=4 outcome=ok bytes=262144 timedout_delta=0 retransmitted_delta=0 reconnects_delta=0
PIC_NFS stage=rpc_read elapsed_ms=5 tid=140342605641408 host=DietPi.local export=/mnt/4TBS relative=/pics-sport/local choice/FB-Timestamp-JPG Upates/DSC_1368_result.jpg iteration=5 outcome=ok bytes=524288 timedout_delta=0 retransmitted_delta=0 reconnects_delta=0
PIC_NFS stage=rpc_read elapsed_ms=3 tid=140342605641408 host=DietPi.local export=/mnt/4TBS relative=/pics-sport/local choice/FB-Timestamp-JPG Upates/DSC_1368_result.jpg iteration=6 outcome=ok bytes=245725 timedout_delta=0 retransmitted_delta=0 reconnects_delta=0
PIC_NFS stage=rpc_read elapsed_ms=0 tid=140342605641408 host=DietPi.local export=/mnt/4TBS relative=/pics-sport/local choice/FB-Timestamp-JPG Upates/DSC_1368_result.jpg iteration=7 outcome=ok bytes=0 timedout_delta=0 retransmitted_delta=0 reconnects_delta=0
PIC_NFS stage=file_read_complete elapsed_ms=14 tid=140342605641408 host=DietPi.local export=/mnt/4TBS relative=/pics-sport/local choice/FB-Timestamp-JPG Upates/DSC_1368_result.jpg outcome=ok bytes=1294301 calls=7
PIC_NETWORK tid=ThreadId(71) PRIVATE_NFS read_done bytes=1294301 elapsed_ms=15 uri=nfs://DietPi.local/mnt/4TBS/pics-sport/local%20choice/FB-Timestamp-JPG%20Upates/DSC_1368_result.jpg
PIC_VIEWER source_cache action=insert bytes=1294301 uri=nfs://DietPi.local/mnt/4TBS/pics-sport/local%20choice/FB-Timestamp-JPG%20Upates/DSC_1368_result.jpg
PIC_VIEWER source_cache action=evict bytes=1192438 uri=nfs://DietPi.local/mnt/4TBS/pics-sport/XCC%202026/XCC%20EP%20Champs%202026/Starred%20Photos/DSC_0160_result.jpg
PIC_VIEWER network_done lane=foreground read_ms=15 bytes=1294301 source=network outcome=ok uri=nfs://DietPi.local/mnt/4TBS/pics-sport/local%20choice/FB-Timestamp-JPG%20Upates/DSC_1368_result.jpg
PIC_VIEWER decode_stage source_ms=15 cpu_ms=36 uri=nfs://DietPi.local/mnt/4TBS/pics-sport/local%20choice/FB-Timestamp-JPG%20Upates/DSC_1368_result.jpg
PIC_VIEWER t_ms=4025 tid=ThreadId(71) decode_done uri=nfs://DietPi.local/mnt/4TBS/pics-sport/local%20choice/FB-Timestamp-JPG%20Upates/DSC_1368_result.jpg variant=1124x794 elapsed_ms=54 outcome=ok
PIC_VIEWER t_ms=4026 tid=ThreadId(1) display_apply elapsed_ms=1 uri=nfs://DietPi.local/mnt/4TBS/pics-sport/local%20choice/FB-Timestamp-JPG%20Upates/DSC_1368_result.jpg
PIC_VIEWER t_ms=4026 tid=ThreadId(1) display_done lane=foreground source=decode navigation_ms=56 uri=nfs://DietPi.local/mnt/4TBS/pics-sport/local%20choice/FB-Timestamp-JPG%20Upates/DSC_1368_result.jpg
PIC_VIEWER t_ms=4220 tid=ThreadId(1) request lane=prefetch action=new uri=nfs://DietPi.local/mnt/4TBS/pics-sport/local%20choice/FB-Timestamp-JPG%20Upates/DSC_1367_result.jpg variant=1124x794
PIC_VIEWER t_ms=4220 tid=ThreadId(1) cache_hit lane=prefetch uri=nfs://DietPi.local/mnt/4TBS/pics-sport/local%20choice/FB-Timestamp-JPG%20Upates/DSC_1370_result.jpg
PIC_VIEWER t_ms=4220 tid=ThreadId(72) decode_start uri=nfs://DietPi.local/mnt/4TBS/pics-sport/local%20choice/FB-Timestamp-JPG%20Upates/DSC_1367_result.jpg variant=1124x794 queue_ms=0
PIC_VIEWER source_cache lane=prefetch action=miss uri=nfs://DietPi.local/mnt/4TBS/pics-sport/local%20choice/FB-Timestamp-JPG%20Upates/DSC_1367_result.jpg
PIC_VIEWER network_slot lane=prefetch wait_ms=0 uri=nfs://DietPi.local/mnt/4TBS/pics-sport/local%20choice/FB-Timestamp-JPG%20Upates/DSC_1367_result.jpg
PIC_NETWORK tid=ThreadId(72) PRIVATE_NFS export_cache_hit host=DietPi.local count=5
PIC_NETWORK tid=ThreadId(72) PRIVATE_NFS read_start uri=nfs://DietPi.local/mnt/4TBS/pics-sport/local%20choice/FB-Timestamp-JPG%20Upates/DSC_1367_result.jpg max_bytes=134217728
PIC_NFS stage=read_session_lock elapsed_ms=0 tid=140342605641408 host=DietPi.local export=/mnt/4TBS relative=/pics-sport/local choice/FB-Timestamp-JPG Upates/DSC_1367_result.jpg outcome=acquired
PIC_NFS_CONNECT reuse host=DietPi.local export=/mnt/4TBS
PIC_NFS stage=file_open elapsed_ms=2 tid=140342605641408 host=DietPi.local export=/mnt/4TBS relative=/pics-sport/local choice/FB-Timestamp-JPG Upates/DSC_1367_result.jpg outcome=ok
PIC_NFS stage=rpc_read elapsed_ms=1 tid=140342605641408 host=DietPi.local export=/mnt/4TBS relative=/pics-sport/local choice/FB-Timestamp-JPG Upates/DSC_1367_result.jpg iteration=1 outcome=ok bytes=65536 timedout_delta=0 retransmitted_delta=0 reconnects_delta=0
PIC_NFS stage=first_read elapsed_ms=1 tid=140342605641408 host=DietPi.local export=/mnt/4TBS relative=/pics-sport/local choice/FB-Timestamp-JPG Upates/DSC_1367_result.jpg outcome=ok bytes=65536
PIC_NFS stage=rpc_read elapsed_ms=1 tid=140342605641408 host=DietPi.local export=/mnt/4TBS relative=/pics-sport/local choice/FB-Timestamp-JPG Upates/DSC_1367_result.jpg iteration=2 outcome=ok bytes=65536 timedout_delta=0 retransmitted_delta=0 reconnects_delta=0
PIC_NFS stage=rpc_read elapsed_ms=2 tid=140342605641408 host=DietPi.local export=/mnt/4TBS relative=/pics-sport/local choice/FB-Timestamp-JPG Upates/DSC_1367_result.jpg iteration=3 outcome=ok bytes=131072 timedout_delta=0 retransmitted_delta=0 reconnects_delta=0
PIC_NFS stage=rpc_read elapsed_ms=3 tid=140342605641408 host=DietPi.local export=/mnt/4TBS relative=/pics-sport/local choice/FB-Timestamp-JPG Upates/DSC_1367_result.jpg iteration=4 outcome=ok bytes=262144 timedout_delta=0 retransmitted_delta=0 reconnects_delta=0
PIC_NFS stage=rpc_read elapsed_ms=5 tid=140342605641408 host=DietPi.local export=/mnt/4TBS relative=/pics-sport/local choice/FB-Timestamp-JPG Upates/DSC_1367_result.jpg iteration=5 outcome=ok bytes=524288 timedout_delta=0 retransmitted_delta=0 reconnects_delta=0
PIC_NFS stage=rpc_read elapsed_ms=2 tid=140342605641408 host=DietPi.local export=/mnt/4TBS relative=/pics-sport/local choice/FB-Timestamp-JPG Upates/DSC_1367_result.jpg iteration=6 outcome=ok bytes=129773 timedout_delta=0 retransmitted_delta=0 reconnects_delta=0
PIC_NFS stage=rpc_read elapsed_ms=1 tid=140342605641408 host=DietPi.local export=/mnt/4TBS relative=/pics-sport/local choice/FB-Timestamp-JPG Upates/DSC_1367_result.jpg iteration=7 outcome=ok bytes=0 timedout_delta=0 retransmitted_delta=0 reconnects_delta=0
PIC_NFS stage=file_read_complete elapsed_ms=15 tid=140342605641408 host=DietPi.local export=/mnt/4TBS relative=/pics-sport/local choice/FB-Timestamp-JPG Upates/DSC_1367_result.jpg outcome=ok bytes=1178349 calls=7
PIC_NETWORK tid=ThreadId(72) PRIVATE_NFS read_done bytes=1178349 elapsed_ms=17 uri=nfs://DietPi.local/mnt/4TBS/pics-sport/local%20choice/FB-Timestamp-JPG%20Upates/DSC_1367_result.jpg
PIC_VIEWER source_cache action=insert bytes=1178349 uri=nfs://DietPi.local/mnt/4TBS/pics-sport/local%20choice/FB-Timestamp-JPG%20Upates/DSC_1367_result.jpg
PIC_VIEWER source_cache action=evict bytes=752200 uri=nfs://DietPi.local/mnt/4TBS/pics-sport/XCC%202026/XCC%20EP%20Champs%202026/Starred%20Photos/DSC_0169_result.jpg
PIC_VIEWER network_done lane=prefetch read_ms=17 bytes=1178349 source=network outcome=ok uri=nfs://DietPi.local/mnt/4TBS/pics-sport/local%20choice/FB-Timestamp-JPG%20Upates/DSC_1367_result.jpg
PIC_VIEWER decode_stage source_ms=17 cpu_ms=38 uri=nfs://DietPi.local/mnt/4TBS/pics-sport/local%20choice/FB-Timestamp-JPG%20Upates/DSC_1367_result.jpg
PIC_VIEWER t_ms=4279 tid=ThreadId(72) decode_done uri=nfs://DietPi.local/mnt/4TBS/pics-sport/local%20choice/FB-Timestamp-JPG%20Upates/DSC_1367_result.jpg variant=1124x794 elapsed_ms=58 outcome=ok
PIC_VIEWER t_ms=7541 tid=ThreadId(1) show_photo_request generation=48 index=577 uri=nfs://DietPi.local/mnt/4TBS/Spar%20Ladies%202025/FB-Spar%20Womens-ToUpload/DSC_5711.jpg
PIC_VIEWER t_ms=7541 tid=ThreadId(1) request lane=foreground action=new uri=nfs://DietPi.local/mnt/4TBS/Spar%20Ladies%202025/FB-Spar%20Womens-ToUpload/DSC_5711.jpg variant=1124x794
PIC_VIEWER t_ms=7542 tid=ThreadId(73) decode_start uri=nfs://DietPi.local/mnt/4TBS/Spar%20Ladies%202025/FB-Spar%20Womens-ToUpload/DSC_5711.jpg variant=1124x794 queue_ms=0
PIC_VIEWER source_cache lane=foreground action=miss uri=nfs://DietPi.local/mnt/4TBS/Spar%20Ladies%202025/FB-Spar%20Womens-ToUpload/DSC_5711.jpg
PIC_VIEWER network_slot lane=foreground wait_ms=0 uri=nfs://DietPi.local/mnt/4TBS/Spar%20Ladies%202025/FB-Spar%20Womens-ToUpload/DSC_5711.jpg
PIC_NETWORK tid=ThreadId(73) PRIVATE_NFS export_cache_hit host=DietPi.local count=5
PIC_NETWORK tid=ThreadId(73) PRIVATE_NFS read_start uri=nfs://DietPi.local/mnt/4TBS/Spar%20Ladies%202025/FB-Spar%20Womens-ToUpload/DSC_5711.jpg max_bytes=134217728
PIC_NFS stage=read_session_lock elapsed_ms=0 tid=140342605641408 host=DietPi.local export=/mnt/4TBS relative=/Spar Ladies 2025/FB-Spar Womens-ToUpload/DSC_5711.jpg outcome=acquired
PIC_NFS_CONNECT reuse host=DietPi.local export=/mnt/4TBS
PIC_NFS stage=file_open elapsed_ms=2 tid=140342605641408 host=DietPi.local export=/mnt/4TBS relative=/Spar Ladies 2025/FB-Spar Womens-ToUpload/DSC_5711.jpg outcome=ok
PIC_NFS stage=rpc_read elapsed_ms=2 tid=140342605641408 host=DietPi.local export=/mnt/4TBS relative=/Spar Ladies 2025/FB-Spar Womens-ToUpload/DSC_5711.jpg iteration=1 outcome=ok bytes=65536 timedout_delta=0 retransmitted_delta=0 reconnects_delta=0
PIC_NFS stage=first_read elapsed_ms=2 tid=140342605641408 host=DietPi.local export=/mnt/4TBS relative=/Spar Ladies 2025/FB-Spar Womens-ToUpload/DSC_5711.jpg outcome=ok bytes=65536
PIC_NFS stage=rpc_read elapsed_ms=1 tid=140342605641408 host=DietPi.local export=/mnt/4TBS relative=/Spar Ladies 2025/FB-Spar Womens-ToUpload/DSC_5711.jpg iteration=2 outcome=ok bytes=65536 timedout_delta=0 retransmitted_delta=0 reconnects_delta=0
PIC_NFS stage=rpc_read elapsed_ms=2 tid=140342605641408 host=DietPi.local export=/mnt/4TBS relative=/Spar Ladies 2025/FB-Spar Womens-ToUpload/DSC_5711.jpg iteration=3 outcome=ok bytes=131072 timedout_delta=0 retransmitted_delta=0 reconnects_delta=0
PIC_NFS stage=rpc_read elapsed_ms=3 tid=140342605641408 host=DietPi.local export=/mnt/4TBS relative=/Spar Ladies 2025/FB-Spar Womens-ToUpload/DSC_5711.jpg iteration=4 outcome=ok bytes=262144 timedout_delta=0 retransmitted_delta=0 reconnects_delta=0
PIC_NFS stage=rpc_read elapsed_ms=5 tid=140342605641408 host=DietPi.local export=/mnt/4TBS relative=/Spar Ladies 2025/FB-Spar Womens-ToUpload/DSC_5711.jpg iteration=5 outcome=ok bytes=524288 timedout_delta=0 retransmitted_delta=0 reconnects_delta=0
PIC_NFS stage=rpc_read elapsed_ms=3 tid=140342605641408 host=DietPi.local export=/mnt/4TBS relative=/Spar Ladies 2025/FB-Spar Womens-ToUpload/DSC_5711.jpg iteration=6 outcome=ok bytes=173151 timedout_delta=0 retransmitted_delta=0 reconnects_delta=0
PIC_NFS stage=rpc_read elapsed_ms=0 tid=140342605641408 host=DietPi.local export=/mnt/4TBS relative=/Spar Ladies 2025/FB-Spar Womens-ToUpload/DSC_5711.jpg iteration=7 outcome=ok bytes=0 timedout_delta=0 retransmitted_delta=0 reconnects_delta=0
PIC_NFS stage=file_read_complete elapsed_ms=16 tid=140342605641408 host=DietPi.local export=/mnt/4TBS relative=/Spar Ladies 2025/FB-Spar Womens-ToUpload/DSC_5711.jpg outcome=ok bytes=1221727 calls=7
PIC_NETWORK tid=ThreadId(73) PRIVATE_NFS read_done bytes=1221727 elapsed_ms=17 uri=nfs://DietPi.local/mnt/4TBS/Spar%20Ladies%202025/FB-Spar%20Womens-ToUpload/DSC_5711.jpg
PIC_VIEWER source_cache action=insert bytes=1221727 uri=nfs://DietPi.local/mnt/4TBS/Spar%20Ladies%202025/FB-Spar%20Womens-ToUpload/DSC_5711.jpg
PIC_VIEWER source_cache action=evict bytes=1214898 uri=nfs://DietPi.local/mnt/4TBS/pics-sport/XCC%202026/XCC%20EP%20Champs%202026/Starred%20Photos/DSC_0221_result.jpg
PIC_VIEWER network_done lane=foreground read_ms=18 bytes=1221727 source=network outcome=ok uri=nfs://DietPi.local/mnt/4TBS/Spar%20Ladies%202025/FB-Spar%20Womens-ToUpload/DSC_5711.jpg
PIC_VIEWER decode_stage source_ms=18 cpu_ms=34 uri=nfs://DietPi.local/mnt/4TBS/Spar%20Ladies%202025/FB-Spar%20Womens-ToUpload/DSC_5711.jpg
PIC_VIEWER t_ms=7598 tid=ThreadId(73) decode_done uri=nfs://DietPi.local/mnt/4TBS/Spar%20Ladies%202025/FB-Spar%20Womens-ToUpload/DSC_5711.jpg variant=1124x794 elapsed_ms=56 outcome=ok
PIC_VIEWER t_ms=7599 tid=ThreadId(1) display_apply elapsed_ms=1 uri=nfs://DietPi.local/mnt/4TBS/Spar%20Ladies%202025/FB-Spar%20Womens-ToUpload/DSC_5711.jpg
PIC_VIEWER t_ms=7599 tid=ThreadId(1) display_done lane=foreground source=decode navigation_ms=57 uri=nfs://DietPi.local/mnt/4TBS/Spar%20Ladies%202025/FB-Spar%20Womens-ToUpload/DSC_5711.jpg
PIC_VIEWER t_ms=7869 tid=ThreadId(1) wheel_event dy=1
PIC_VIEWER t_ms=7869 tid=ThreadId(1) navigation_dispatch source=wheel from_index=577 to_index=578 direction=1
PIC_VIEWER t_ms=7869 tid=ThreadId(1) infobar_update source=wheel index=578 uri=nfs://DietPi.local/mnt/4TBS/Spar%20Ladies%202025/FB-Spar%20Womens-ToUpload/DSC_5712.jpg
PIC_VIEWER t_ms=7869 tid=ThreadId(1) show_photo_request generation=49 index=578 uri=nfs://DietPi.local/mnt/4TBS/Spar%20Ladies%202025/FB-Spar%20Womens-ToUpload/DSC_5712.jpg
PIC_VIEWER t_ms=7869 tid=ThreadId(1) request lane=foreground action=new uri=nfs://DietPi.local/mnt/4TBS/Spar%20Ladies%202025/FB-Spar%20Womens-ToUpload/DSC_5712.jpg variant=1124x794
PIC_VIEWER t_ms=7869 tid=ThreadId(74) decode_start uri=nfs://DietPi.local/mnt/4TBS/Spar%20Ladies%202025/FB-Spar%20Womens-ToUpload/DSC_5712.jpg variant=1124x794 queue_ms=0
PIC_VIEWER source_cache lane=foreground action=miss uri=nfs://DietPi.local/mnt/4TBS/Spar%20Ladies%202025/FB-Spar%20Womens-ToUpload/DSC_5712.jpg
PIC_VIEWER network_slot lane=foreground wait_ms=0 uri=nfs://DietPi.local/mnt/4TBS/Spar%20Ladies%202025/FB-Spar%20Womens-ToUpload/DSC_5712.jpg
PIC_NETWORK tid=ThreadId(74) PRIVATE_NFS export_cache_hit host=DietPi.local count=5
PIC_NETWORK tid=ThreadId(74) PRIVATE_NFS read_start uri=nfs://DietPi.local/mnt/4TBS/Spar%20Ladies%202025/FB-Spar%20Womens-ToUpload/DSC_5712.jpg max_bytes=134217728
PIC_NFS stage=read_session_lock elapsed_ms=0 tid=140342605641408 host=DietPi.local export=/mnt/4TBS relative=/Spar Ladies 2025/FB-Spar Womens-ToUpload/DSC_5712.jpg outcome=acquired
PIC_NFS_CONNECT reuse host=DietPi.local export=/mnt/4TBS
PIC_NFS stage=file_open elapsed_ms=1 tid=140342605641408 host=DietPi.local export=/mnt/4TBS relative=/Spar Ladies 2025/FB-Spar Womens-ToUpload/DSC_5712.jpg outcome=ok
PIC_NFS stage=rpc_read elapsed_ms=12 tid=140342605641408 host=DietPi.local export=/mnt/4TBS relative=/Spar Ladies 2025/FB-Spar Womens-ToUpload/DSC_5712.jpg iteration=1 outcome=ok bytes=65536 timedout_delta=0 retransmitted_delta=0 reconnects_delta=0
PIC_NFS stage=first_read elapsed_ms=12 tid=140342605641408 host=DietPi.local export=/mnt/4TBS relative=/Spar Ladies 2025/FB-Spar Womens-ToUpload/DSC_5712.jpg outcome=ok bytes=65536
PIC_NFS stage=rpc_read elapsed_ms=1 tid=140342605641408 host=DietPi.local export=/mnt/4TBS relative=/Spar Ladies 2025/FB-Spar Womens-ToUpload/DSC_5712.jpg iteration=2 outcome=ok bytes=65536 timedout_delta=0 retransmitted_delta=0 reconnects_delta=0
PIC_VIEWER t_ms=7886 tid=ThreadId(1) wheel_event dy=1
PIC_VIEWER t_ms=7886 tid=ThreadId(1) wheel_accumulate current_index=578 target_index=579 direction=1
PIC_NFS stage=rpc_read elapsed_ms=2 tid=140342605641408 host=DietPi.local export=/mnt/4TBS relative=/Spar Ladies 2025/FB-Spar Womens-ToUpload/DSC_5712.jpg iteration=3 outcome=ok bytes=131072 timedout_delta=0 retransmitted_delta=0 reconnects_delta=0
PIC_NFS stage=rpc_read elapsed_ms=4 tid=140342605641408 host=DietPi.local export=/mnt/4TBS relative=/Spar Ladies 2025/FB-Spar Womens-ToUpload/DSC_5712.jpg iteration=4 outcome=ok bytes=262144 timedout_delta=0 retransmitted_delta=0 reconnects_delta=0
PIC_NFS stage=rpc_read elapsed_ms=6 tid=140342605641408 host=DietPi.local export=/mnt/4TBS relative=/Spar Ladies 2025/FB-Spar Womens-ToUpload/DSC_5712.jpg iteration=5 outcome=ok bytes=524288 timedout_delta=0 retransmitted_delta=0 reconnects_delta=0
PIC_NFS stage=rpc_read elapsed_ms=1 tid=140342605641408 host=DietPi.local export=/mnt/4TBS relative=/Spar Ladies 2025/FB-Spar Womens-ToUpload/DSC_5712.jpg iteration=6 outcome=ok bytes=31141 timedout_delta=0 retransmitted_delta=0 reconnects_delta=0
PIC_NFS stage=rpc_read elapsed_ms=0 tid=140342605641408 host=DietPi.local export=/mnt/4TBS relative=/Spar Ladies 2025/FB-Spar Womens-ToUpload/DSC_5712.jpg iteration=7 outcome=ok bytes=0 timedout_delta=0 retransmitted_delta=0 reconnects_delta=0
PIC_NFS stage=file_read_complete elapsed_ms=26 tid=140342605641408 host=DietPi.local export=/mnt/4TBS relative=/Spar Ladies 2025/FB-Spar Womens-ToUpload/DSC_5712.jpg outcome=ok bytes=1079717 calls=7
PIC_NETWORK tid=ThreadId(74) PRIVATE_NFS read_done bytes=1079717 elapsed_ms=27 uri=nfs://DietPi.local/mnt/4TBS/Spar%20Ladies%202025/FB-Spar%20Womens-ToUpload/DSC_5712.jpg
PIC_VIEWER source_cache action=insert bytes=1079717 uri=nfs://DietPi.local/mnt/4TBS/Spar%20Ladies%202025/FB-Spar%20Womens-ToUpload/DSC_5712.jpg
PIC_VIEWER source_cache action=evict bytes=1022081 uri=nfs://DietPi.local/mnt/4TBS/pics-sport/XCC%202026/XCC%20EP%20Champs%202026/Starred%20Photos/DSC_0229_result.jpg
PIC_VIEWER network_done lane=foreground read_ms=27 bytes=1079717 source=network outcome=ok uri=nfs://DietPi.local/mnt/4TBS/Spar%20Ladies%202025/FB-Spar%20Womens-ToUpload/DSC_5712.jpg
PIC_VIEWER t_ms=7902 tid=ThreadId(1) wheel_event dy=1
PIC_VIEWER t_ms=7902 tid=ThreadId(1) wheel_accumulate current_index=578 target_index=580 direction=1
PIC_VIEWER t_ms=7918 tid=ThreadId(1) wheel_event dy=1
PIC_VIEWER t_ms=7918 tid=ThreadId(1) wheel_accumulate current_index=578 target_index=581 direction=1
PIC_VIEWER decode_stage source_ms=27 cpu_ms=36 uri=nfs://DietPi.local/mnt/4TBS/Spar%20Ladies%202025/FB-Spar%20Womens-ToUpload/DSC_5712.jpg
PIC_VIEWER t_ms=7936 tid=ThreadId(1) wheel_event dy=1
PIC_VIEWER t_ms=7936 tid=ThreadId(1) wheel_accumulate current_index=578 target_index=582 direction=1
PIC_VIEWER t_ms=7937 tid=ThreadId(74) decode_done uri=nfs://DietPi.local/mnt/4TBS/Spar%20Ladies%202025/FB-Spar%20Womens-ToUpload/DSC_5712.jpg variant=1124x794 elapsed_ms=68 outcome=ok
PIC_VIEWER t_ms=7941 tid=ThreadId(1) display_apply elapsed_ms=1 uri=nfs://DietPi.local/mnt/4TBS/Spar%20Ladies%202025/FB-Spar%20Womens-ToUpload/DSC_5712.jpg
PIC_VIEWER t_ms=7941 tid=ThreadId(1) display_done lane=foreground source=decode navigation_ms=71 uri=nfs://DietPi.local/mnt/4TBS/Spar%20Ladies%202025/FB-Spar%20Womens-ToUpload/DSC_5712.jpg
PIC_VIEWER t_ms=7941 tid=ThreadId(1) navigation_dispatch source=wheel_coalesced from_index=578 to_index=582 direction=1
PIC_VIEWER t_ms=7941 tid=ThreadId(1) infobar_update source=wheel index=582 uri=nfs://DietPi.local/mnt/4TBS/Spar%20Ladies%202025/FB-Spar%20Womens-ToUpload/DSC_5716.jpg
PIC_VIEWER t_ms=7941 tid=ThreadId(1) show_photo_request generation=50 index=582 uri=nfs://DietPi.local/mnt/4TBS/Spar%20Ladies%202025/FB-Spar%20Womens-ToUpload/DSC_5716.jpg
PIC_VIEWER t_ms=7941 tid=ThreadId(1) request lane=foreground action=new uri=nfs://DietPi.local/mnt/4TBS/Spar%20Ladies%202025/FB-Spar%20Womens-ToUpload/DSC_5716.jpg variant=1124x794
PIC_VIEWER t_ms=7941 tid=ThreadId(75) decode_start uri=nfs://DietPi.local/mnt/4TBS/Spar%20Ladies%202025/FB-Spar%20Womens-ToUpload/DSC_5716.jpg variant=1124x794 queue_ms=0
PIC_VIEWER source_cache lane=foreground action=miss uri=nfs://DietPi.local/mnt/4TBS/Spar%20Ladies%202025/FB-Spar%20Womens-ToUpload/DSC_5716.jpg
PIC_VIEWER network_slot lane=foreground wait_ms=0 uri=nfs://DietPi.local/mnt/4TBS/Spar%20Ladies%202025/FB-Spar%20Womens-ToUpload/DSC_5716.jpg
PIC_NETWORK tid=ThreadId(75) PRIVATE_NFS export_cache_hit host=DietPi.local count=5
PIC_NETWORK tid=ThreadId(75) PRIVATE_NFS read_start uri=nfs://DietPi.local/mnt/4TBS/Spar%20Ladies%202025/FB-Spar%20Womens-ToUpload/DSC_5716.jpg max_bytes=134217728
PIC_NFS stage=read_session_lock elapsed_ms=0 tid=140342605641408 host=DietPi.local export=/mnt/4TBS relative=/Spar Ladies 2025/FB-Spar Womens-ToUpload/DSC_5716.jpg outcome=acquired
PIC_NFS_CONNECT reuse host=DietPi.local export=/mnt/4TBS
PIC_NFS stage=file_open elapsed_ms=2 tid=140342605641408 host=DietPi.local export=/mnt/4TBS relative=/Spar Ladies 2025/FB-Spar Womens-ToUpload/DSC_5716.jpg outcome=ok
PIC_NFS stage=rpc_read elapsed_ms=1 tid=140342605641408 host=DietPi.local export=/mnt/4TBS relative=/Spar Ladies 2025/FB-Spar Womens-ToUpload/DSC_5716.jpg iteration=1 outcome=ok bytes=65536 timedout_delta=0 retransmitted_delta=0 reconnects_delta=0
PIC_NFS stage=first_read elapsed_ms=1 tid=140342605641408 host=DietPi.local export=/mnt/4TBS relative=/Spar Ladies 2025/FB-Spar Womens-ToUpload/DSC_5716.jpg outcome=ok bytes=65536
PIC_NFS stage=rpc_read elapsed_ms=1 tid=140342605641408 host=DietPi.local export=/mnt/4TBS relative=/Spar Ladies 2025/FB-Spar Womens-ToUpload/DSC_5716.jpg iteration=2 outcome=ok bytes=65536 timedout_delta=0 retransmitted_delta=0 reconnects_delta=0
PIC_NFS stage=rpc_read elapsed_ms=2 tid=140342605641408 host=DietPi.local export=/mnt/4TBS relative=/Spar Ladies 2025/FB-Spar Womens-ToUpload/DSC_5716.jpg iteration=3 outcome=ok bytes=131072 timedout_delta=0 retransmitted_delta=0 reconnects_delta=0
PIC_NFS stage=rpc_read elapsed_ms=3 tid=140342605641408 host=DietPi.local export=/mnt/4TBS relative=/Spar Ladies 2025/FB-Spar Womens-ToUpload/DSC_5716.jpg iteration=4 outcome=ok bytes=262144 timedout_delta=0 retransmitted_delta=0 reconnects_delta=0
PIC_NFS stage=rpc_read elapsed_ms=4 tid=140342605641408 host=DietPi.local export=/mnt/4TBS relative=/Spar Ladies 2025/FB-Spar Womens-ToUpload/DSC_5716.jpg iteration=5 outcome=ok bytes=353104 timedout_delta=0 retransmitted_delta=0 reconnects_delta=0
PIC_NFS stage=rpc_read elapsed_ms=0 tid=140342605641408 host=DietPi.local export=/mnt/4TBS relative=/Spar Ladies 2025/FB-Spar Womens-ToUpload/DSC_5716.jpg iteration=6 outcome=ok bytes=0 timedout_delta=0 retransmitted_delta=0 reconnects_delta=0
PIC_NFS stage=file_read_complete elapsed_ms=11 tid=140342605641408 host=DietPi.local export=/mnt/4TBS relative=/Spar Ladies 2025/FB-Spar Womens-ToUpload/DSC_5716.jpg outcome=ok bytes=877392 calls=6
PIC_NETWORK tid=ThreadId(75) PRIVATE_NFS read_done bytes=877392 elapsed_ms=13 uri=nfs://DietPi.local/mnt/4TBS/Spar%20Ladies%202025/FB-Spar%20Womens-ToUpload/DSC_5716.jpg
PIC_VIEWER source_cache action=insert bytes=877392 uri=nfs://DietPi.local/mnt/4TBS/Spar%20Ladies%202025/FB-Spar%20Womens-ToUpload/DSC_5716.jpg
PIC_VIEWER source_cache action=evict bytes=1533044 uri=nfs://DietPi.local/mnt/4TBS/pics-sport/XCC%202026/XCC%20EP%20Champs%202026/Starred%20Photos/DSC_0276_result.jpg
PIC_VIEWER network_done lane=foreground read_ms=13 bytes=877392 source=network outcome=ok uri=nfs://DietPi.local/mnt/4TBS/Spar%20Ladies%202025/FB-Spar%20Womens-ToUpload/DSC_5716.jpg
PIC_VIEWER decode_stage source_ms=13 cpu_ms=35 uri=nfs://DietPi.local/mnt/4TBS/Spar%20Ladies%202025/FB-Spar%20Womens-ToUpload/DSC_5716.jpg
PIC_VIEWER t_ms=7992 tid=ThreadId(75) decode_done uri=nfs://DietPi.local/mnt/4TBS/Spar%20Ladies%202025/FB-Spar%20Womens-ToUpload/DSC_5716.jpg variant=1124x794 elapsed_ms=51 outcome=ok
PIC_VIEWER t_ms=7994 tid=ThreadId(1) display_apply elapsed_ms=1 uri=nfs://DietPi.local/mnt/4TBS/Spar%20Ladies%202025/FB-Spar%20Womens-ToUpload/DSC_5716.jpg
PIC_VIEWER t_ms=7994 tid=ThreadId(1) display_done lane=foreground source=decode navigation_ms=52 uri=nfs://DietPi.local/mnt/4TBS/Spar%20Ladies%202025/FB-Spar%20Womens-ToUpload/DSC_5716.jpg
PIC_VIEWER t_ms=8193 tid=ThreadId(1) request lane=prefetch action=new uri=nfs://DietPi.local/mnt/4TBS/Spar%20Ladies%202025/FB-Spar%20Womens-ToUpload/DSC_5717.jpg variant=1124x794
PIC_VIEWER t_ms=8193 tid=ThreadId(1) request lane=prefetch action=new uri=nfs://DietPi.local/mnt/4TBS/Spar%20Ladies%202025/FB-Spar%20Womens-ToUpload/DSC_5715.jpg variant=1124x794
PIC_VIEWER t_ms=8193 tid=ThreadId(76) decode_start uri=nfs://DietPi.local/mnt/4TBS/Spar%20Ladies%202025/FB-Spar%20Womens-ToUpload/DSC_5717.jpg variant=1124x794 queue_ms=0
PIC_VIEWER source_cache lane=prefetch action=miss uri=nfs://DietPi.local/mnt/4TBS/Spar%20Ladies%202025/FB-Spar%20Womens-ToUpload/DSC_5717.jpg
PIC_VIEWER network_slot lane=prefetch wait_ms=0 uri=nfs://DietPi.local/mnt/4TBS/Spar%20Ladies%202025/FB-Spar%20Womens-ToUpload/DSC_5717.jpg
PIC_NETWORK tid=ThreadId(76) PRIVATE_NFS export_cache_hit host=DietPi.local count=5
PIC_NETWORK tid=ThreadId(76) PRIVATE_NFS read_start uri=nfs://DietPi.local/mnt/4TBS/Spar%20Ladies%202025/FB-Spar%20Womens-ToUpload/DSC_5717.jpg max_bytes=134217728
PIC_NFS stage=read_session_lock elapsed_ms=0 tid=140342605641408 host=DietPi.local export=/mnt/4TBS relative=/Spar Ladies 2025/FB-Spar Womens-ToUpload/DSC_5717.jpg outcome=acquired
PIC_NFS_CONNECT reuse host=DietPi.local export=/mnt/4TBS
PIC_VIEWER t_ms=8193 tid=ThreadId(77) decode_start uri=nfs://DietPi.local/mnt/4TBS/Spar%20Ladies%202025/FB-Spar%20Womens-ToUpload/DSC_5715.jpg variant=1124x794 queue_ms=0
PIC_VIEWER source_cache lane=prefetch action=miss uri=nfs://DietPi.local/mnt/4TBS/Spar%20Ladies%202025/FB-Spar%20Womens-ToUpload/DSC_5715.jpg
PIC_NFS stage=file_open elapsed_ms=2 tid=140342605641408 host=DietPi.local export=/mnt/4TBS relative=/Spar Ladies 2025/FB-Spar Womens-ToUpload/DSC_5717.jpg outcome=ok
PIC_NFS stage=rpc_read elapsed_ms=1 tid=140342605641408 host=DietPi.local export=/mnt/4TBS relative=/Spar Ladies 2025/FB-Spar Womens-ToUpload/DSC_5717.jpg iteration=1 outcome=ok bytes=65536 timedout_delta=0 retransmitted_delta=0 reconnects_delta=0
PIC_NFS stage=first_read elapsed_ms=1 tid=140342605641408 host=DietPi.local export=/mnt/4TBS relative=/Spar Ladies 2025/FB-Spar Womens-ToUpload/DSC_5717.jpg outcome=ok bytes=65536
PIC_NFS stage=rpc_read elapsed_ms=1 tid=140342605641408 host=DietPi.local export=/mnt/4TBS relative=/Spar Ladies 2025/FB-Spar Womens-ToUpload/DSC_5717.jpg iteration=2 outcome=ok bytes=65536 timedout_delta=0 retransmitted_delta=0 reconnects_delta=0
PIC_NFS stage=rpc_read elapsed_ms=2 tid=140342605641408 host=DietPi.local export=/mnt/4TBS relative=/Spar Ladies 2025/FB-Spar Womens-ToUpload/DSC_5717.jpg iteration=3 outcome=ok bytes=131072 timedout_delta=0 retransmitted_delta=0 reconnects_delta=0
PIC_NFS stage=rpc_read elapsed_ms=3 tid=140342605641408 host=DietPi.local export=/mnt/4TBS relative=/Spar Ladies 2025/FB-Spar Womens-ToUpload/DSC_5717.jpg iteration=4 outcome=ok bytes=262144 timedout_delta=0 retransmitted_delta=0 reconnects_delta=0
PIC_NFS stage=rpc_read elapsed_ms=3 tid=140342605641408 host=DietPi.local export=/mnt/4TBS relative=/Spar Ladies 2025/FB-Spar Womens-ToUpload/DSC_5717.jpg iteration=5 outcome=ok bytes=250498 timedout_delta=0 retransmitted_delta=0 reconnects_delta=0
PIC_NFS stage=rpc_read elapsed_ms=0 tid=140342605641408 host=DietPi.local export=/mnt/4TBS relative=/Spar Ladies 2025/FB-Spar Womens-ToUpload/DSC_5717.jpg iteration=6 outcome=ok bytes=0 timedout_delta=0 retransmitted_delta=0 reconnects_delta=0
PIC_NFS stage=file_read_complete elapsed_ms=10 tid=140342605641408 host=DietPi.local export=/mnt/4TBS relative=/Spar Ladies 2025/FB-Spar Womens-ToUpload/DSC_5717.jpg outcome=ok bytes=774786 calls=6
PIC_NETWORK tid=ThreadId(76) PRIVATE_NFS read_done bytes=774786 elapsed_ms=12 uri=nfs://DietPi.local/mnt/4TBS/Spar%20Ladies%202025/FB-Spar%20Womens-ToUpload/DSC_5717.jpg
PIC_VIEWER source_cache action=insert bytes=774786 uri=nfs://DietPi.local/mnt/4TBS/Spar%20Ladies%202025/FB-Spar%20Womens-ToUpload/DSC_5717.jpg
PIC_VIEWER source_cache action=evict bytes=1007940 uri=nfs://DietPi.local/mnt/4TBS/pics-sport/XCC%202026/XCC%20EP%20Champs%202026/Starred%20Photos/DSC_0372_result.jpg
PIC_VIEWER network_done lane=prefetch read_ms=12 bytes=774786 source=network outcome=ok uri=nfs://DietPi.local/mnt/4TBS/Spar%20Ladies%202025/FB-Spar%20Womens-ToUpload/DSC_5717.jpg
PIC_VIEWER network_slot lane=prefetch wait_ms=12 uri=nfs://DietPi.local/mnt/4TBS/Spar%20Ladies%202025/FB-Spar%20Womens-ToUpload/DSC_5715.jpg
PIC_NETWORK tid=ThreadId(77) PRIVATE_NFS export_cache_hit host=DietPi.local count=5
PIC_NETWORK tid=ThreadId(77) PRIVATE_NFS read_start uri=nfs://DietPi.local/mnt/4TBS/Spar%20Ladies%202025/FB-Spar%20Womens-ToUpload/DSC_5715.jpg max_bytes=134217728
PIC_NFS stage=read_session_lock elapsed_ms=0 tid=140339439552192 host=DietPi.local export=/mnt/4TBS relative=/Spar Ladies 2025/FB-Spar Womens-ToUpload/DSC_5715.jpg outcome=acquired
PIC_NFS_CONNECT reuse host=DietPi.local export=/mnt/4TBS
PIC_NFS stage=file_open elapsed_ms=2 tid=140339439552192 host=DietPi.local export=/mnt/4TBS relative=/Spar Ladies 2025/FB-Spar Womens-ToUpload/DSC_5715.jpg outcome=ok
PIC_NFS stage=rpc_read elapsed_ms=1 tid=140339439552192 host=DietPi.local export=/mnt/4TBS relative=/Spar Ladies 2025/FB-Spar Womens-ToUpload/DSC_5715.jpg iteration=1 outcome=ok bytes=65536 timedout_delta=0 retransmitted_delta=0 reconnects_delta=0
PIC_NFS stage=first_read elapsed_ms=1 tid=140339439552192 host=DietPi.local export=/mnt/4TBS relative=/Spar Ladies 2025/FB-Spar Womens-ToUpload/DSC_5715.jpg outcome=ok bytes=65536
PIC_NFS stage=rpc_read elapsed_ms=1 tid=140339439552192 host=DietPi.local export=/mnt/4TBS relative=/Spar Ladies 2025/FB-Spar Womens-ToUpload/DSC_5715.jpg iteration=2 outcome=ok bytes=65536 timedout_delta=0 retransmitted_delta=0 reconnects_delta=0
PIC_NFS stage=rpc_read elapsed_ms=2 tid=140339439552192 host=DietPi.local export=/mnt/4TBS relative=/Spar Ladies 2025/FB-Spar Womens-ToUpload/DSC_5715.jpg iteration=3 outcome=ok bytes=131072 timedout_delta=0 retransmitted_delta=0 reconnects_delta=0
PIC_NFS stage=rpc_read elapsed_ms=3 tid=140339439552192 host=DietPi.local export=/mnt/4TBS relative=/Spar Ladies 2025/FB-Spar Womens-ToUpload/DSC_5715.jpg iteration=4 outcome=ok bytes=262144 timedout_delta=0 retransmitted_delta=0 reconnects_delta=0
PIC_NFS stage=rpc_read elapsed_ms=5 tid=140339439552192 host=DietPi.local export=/mnt/4TBS relative=/Spar Ladies 2025/FB-Spar Womens-ToUpload/DSC_5715.jpg iteration=5 outcome=ok bytes=524288 timedout_delta=0 retransmitted_delta=0 reconnects_delta=0
PIC_VIEWER t_ms=8221 tid=ThreadId(1) wheel_event dy=-1
PIC_VIEWER t_ms=8221 tid=ThreadId(1) navigation_dispatch source=wheel from_index=582 to_index=581 direction=-1
PIC_VIEWER t_ms=8221 tid=ThreadId(1) infobar_update source=wheel index=581 uri=nfs://DietPi.local/mnt/4TBS/Spar%20Ladies%202025/FB-Spar%20Womens-ToUpload/DSC_5715.jpg
PIC_NFS stage=rpc_read elapsed_ms=2 tid=140339439552192 host=DietPi.local export=/mnt/4TBS relative=/Spar Ladies 2025/FB-Spar Womens-ToUpload/DSC_5715.jpg iteration=6 outcome=ok bytes=106289 timedout_delta=0 retransmitted_delta=0 reconnects_delta=0
PIC_VIEWER t_ms=8221 tid=ThreadId(1) show_photo_request generation=51 index=581 uri=nfs://DietPi.local/mnt/4TBS/Spar%20Ladies%202025/FB-Spar%20Womens-ToUpload/DSC_5715.jpg
PIC_VIEWER t_ms=8221 tid=ThreadId(1) request lane=foreground action=promote uri=nfs://DietPi.local/mnt/4TBS/Spar%20Ladies%202025/FB-Spar%20Womens-ToUpload/DSC_5715.jpg variant=1124x794
PIC_NFS stage=rpc_read elapsed_ms=0 tid=140339439552192 host=DietPi.local export=/mnt/4TBS relative=/Spar Ladies 2025/FB-Spar Womens-ToUpload/DSC_5715.jpg iteration=7 outcome=ok bytes=0 timedout_delta=0 retransmitted_delta=0 reconnects_delta=0
PIC_NFS stage=file_read_complete elapsed_ms=14 tid=140339439552192 host=DietPi.local export=/mnt/4TBS relative=/Spar Ladies 2025/FB-Spar Womens-ToUpload/DSC_5715.jpg outcome=ok bytes=1154865 calls=7
PIC_NETWORK tid=ThreadId(77) PRIVATE_NFS read_done bytes=1154865 elapsed_ms=16 uri=nfs://DietPi.local/mnt/4TBS/Spar%20Ladies%202025/FB-Spar%20Womens-ToUpload/DSC_5715.jpg
PIC_VIEWER source_cache action=insert bytes=1154865 uri=nfs://DietPi.local/mnt/4TBS/Spar%20Ladies%202025/FB-Spar%20Womens-ToUpload/DSC_5715.jpg
PIC_VIEWER source_cache action=evict bytes=926118 uri=nfs://DietPi.local/mnt/4TBS/pics-sport/XCC%202026/XCC%20EP%20Champs%202026/Starred%20Photos/DSC_0399_result.jpg
PIC_VIEWER network_done lane=foreground read_ms=16 bytes=1154865 source=network outcome=ok uri=nfs://DietPi.local/mnt/4TBS/Spar%20Ladies%202025/FB-Spar%20Womens-ToUpload/DSC_5715.jpg
PIC_VIEWER t_ms=8227 tid=ThreadId(76) decode_done uri=nfs://DietPi.local/mnt/4TBS/Spar%20Ladies%202025/FB-Spar%20Womens-ToUpload/DSC_5717.jpg variant=1124x794 elapsed_ms=34 outcome=error
PIC_VIEWER t_ms=8227 tid=ThreadId(1) display_discard lane=prefetch uri=nfs://DietPi.local/mnt/4TBS/Spar%20Ladies%202025/FB-Spar%20Womens-ToUpload/DSC_5717.jpg reason=cancelled
PIC_VIEWER t_ms=8238 tid=ThreadId(1) wheel_event dy=-1
PIC_VIEWER t_ms=8238 tid=ThreadId(1) wheel_accumulate current_index=581 target_index=580 direction=-1
PIC_VIEWER t_ms=8252 tid=ThreadId(1) wheel_event dy=-1
PIC_VIEWER t_ms=8252 tid=ThreadId(1) wheel_accumulate current_index=581 target_index=579 direction=-1
PIC_VIEWER decode_stage source_ms=29 cpu_ms=35 uri=nfs://DietPi.local/mnt/4TBS/Spar%20Ladies%202025/FB-Spar%20Womens-ToUpload/DSC_5715.jpg
PIC_VIEWER t_ms=8261 tid=ThreadId(1) wheel_event dy=-1
PIC_VIEWER t_ms=8261 tid=ThreadId(1) wheel_accumulate current_index=581 target_index=578 direction=-1
PIC_VIEWER t_ms=8262 tid=ThreadId(77) decode_done uri=nfs://DietPi.local/mnt/4TBS/Spar%20Ladies%202025/FB-Spar%20Womens-ToUpload/DSC_5715.jpg variant=1124x794 elapsed_ms=69 outcome=ok
PIC_VIEWER t_ms=8264 tid=ThreadId(1) display_discard lane=prefetch uri=nfs://DietPi.local/mnt/4TBS/Spar%20Ladies%202025/FB-Spar%20Womens-ToUpload/DSC_5715.jpg reason=cancelled
PIC_VIEWER t_ms=8265 tid=ThreadId(1) display_apply elapsed_ms=1 uri=nfs://DietPi.local/mnt/4TBS/Spar%20Ladies%202025/FB-Spar%20Womens-ToUpload/DSC_5715.jpg
PIC_VIEWER t_ms=8265 tid=ThreadId(1) display_done lane=foreground source=decode navigation_ms=44 uri=nfs://DietPi.local/mnt/4TBS/Spar%20Ladies%202025/FB-Spar%20Womens-ToUpload/DSC_5715.jpg
PIC_VIEWER t_ms=8265 tid=ThreadId(1) navigation_dispatch source=wheel_coalesced from_index=581 to_index=578 direction=-1
PIC_VIEWER t_ms=8265 tid=ThreadId(1) infobar_update source=wheel index=578 uri=nfs://DietPi.local/mnt/4TBS/Spar%20Ladies%202025/FB-Spar%20Womens-ToUpload/DSC_5712.jpg
PIC_VIEWER t_ms=8266 tid=ThreadId(1) show_photo_request generation=52 index=578 uri=nfs://DietPi.local/mnt/4TBS/Spar%20Ladies%202025/FB-Spar%20Womens-ToUpload/DSC_5712.jpg
PIC_VIEWER t_ms=8266 tid=ThreadId(1) cache_hit lane=foreground uri=nfs://DietPi.local/mnt/4TBS/Spar%20Ladies%202025/FB-Spar%20Womens-ToUpload/DSC_5712.jpg
PIC_VIEWER t_ms=8266 tid=ThreadId(1) display_done lane=foreground source=texture_cache navigation_ms=0 uri=nfs://DietPi.local/mnt/4TBS/Spar%20Ladies%202025/FB-Spar%20Womens-ToUpload/DSC_5712.jpg
PIC_VIEWER t_ms=8268 tid=ThreadId(1) wheel_event dy=-1
PIC_VIEWER t_ms=8268 tid=ThreadId(1) navigation_dispatch source=wheel from_index=578 to_index=577 direction=-1
PIC_VIEWER t_ms=8268 tid=ThreadId(1) infobar_update source=wheel index=577 uri=nfs://DietPi.local/mnt/4TBS/Spar%20Ladies%202025/FB-Spar%20Womens-ToUpload/DSC_5711.jpg
PIC_VIEWER t_ms=8269 tid=ThreadId(1) show_photo_request generation=53 index=577 uri=nfs://DietPi.local/mnt/4TBS/Spar%20Ladies%202025/FB-Spar%20Womens-ToUpload/DSC_5711.jpg
PIC_VIEWER t_ms=8269 tid=ThreadId(1) cache_hit lane=foreground uri=nfs://DietPi.local/mnt/4TBS/Spar%20Ladies%202025/FB-Spar%20Womens-ToUpload/DSC_5711.jpg
PIC_VIEWER t_ms=8269 tid=ThreadId(1) display_done lane=foreground source=texture_cache navigation_ms=0 uri=nfs://DietPi.local/mnt/4TBS/Spar%20Ladies%202025/FB-Spar%20Womens-ToUpload/DSC_5711.jpg
PIC_VIEWER t_ms=8284 tid=ThreadId(1) wheel_event dy=-1
PIC_VIEWER t_ms=8284 tid=ThreadId(1) navigation_dispatch source=wheel from_index=577 to_index=576 direction=-1
PIC_VIEWER t_ms=8284 tid=ThreadId(1) infobar_update source=wheel index=576 uri=nfs://DietPi.local/mnt/4TBS/Spar%20Ladies%202025/FB-Spar%20Womens-ToUpload/DSC_5710.jpg
PIC_VIEWER t_ms=8285 tid=ThreadId(1) show_photo_request generation=54 index=576 uri=nfs://DietPi.local/mnt/4TBS/Spar%20Ladies%202025/FB-Spar%20Womens-ToUpload/DSC_5710.jpg
PIC_VIEWER t_ms=8285 tid=ThreadId(1) request lane=foreground action=new uri=nfs://DietPi.local/mnt/4TBS/Spar%20Ladies%202025/FB-Spar%20Womens-ToUpload/DSC_5710.jpg variant=1124x794
PIC_VIEWER t_ms=8285 tid=ThreadId(78) decode_start uri=nfs://DietPi.local/mnt/4TBS/Spar%20Ladies%202025/FB-Spar%20Womens-ToUpload/DSC_5710.jpg variant=1124x794 queue_ms=0
PIC_VIEWER source_cache lane=foreground action=miss uri=nfs://DietPi.local/mnt/4TBS/Spar%20Ladies%202025/FB-Spar%20Womens-ToUpload/DSC_5710.jpg
PIC_VIEWER network_slot lane=foreground wait_ms=0 uri=nfs://DietPi.local/mnt/4TBS/Spar%20Ladies%202025/FB-Spar%20Womens-ToUpload/DSC_5710.jpg
PIC_NETWORK tid=ThreadId(78) PRIVATE_NFS export_cache_hit host=DietPi.local count=5
PIC_NETWORK tid=ThreadId(78) PRIVATE_NFS read_start uri=nfs://DietPi.local/mnt/4TBS/Spar%20Ladies%202025/FB-Spar%20Womens-ToUpload/DSC_5710.jpg max_bytes=134217728
PIC_NFS stage=read_session_lock elapsed_ms=0 tid=140339439552192 host=DietPi.local export=/mnt/4TBS relative=/Spar Ladies 2025/FB-Spar Womens-ToUpload/DSC_5710.jpg outcome=acquired
PIC_NFS_CONNECT reuse host=DietPi.local export=/mnt/4TBS
PIC_NFS stage=file_open elapsed_ms=1 tid=140339439552192 host=DietPi.local export=/mnt/4TBS relative=/Spar Ladies 2025/FB-Spar Womens-ToUpload/DSC_5710.jpg outcome=ok
PIC_NFS stage=rpc_read elapsed_ms=2 tid=140339439552192 host=DietPi.local export=/mnt/4TBS relative=/Spar Ladies 2025/FB-Spar Womens-ToUpload/DSC_5710.jpg iteration=1 outcome=ok bytes=65536 timedout_delta=0 retransmitted_delta=0 reconnects_delta=0
PIC_NFS stage=first_read elapsed_ms=2 tid=140339439552192 host=DietPi.local export=/mnt/4TBS relative=/Spar Ladies 2025/FB-Spar Womens-ToUpload/DSC_5710.jpg outcome=ok bytes=65536
PIC_NFS stage=rpc_read elapsed_ms=1 tid=140339439552192 host=DietPi.local export=/mnt/4TBS relative=/Spar Ladies 2025/FB-Spar Womens-ToUpload/DSC_5710.jpg iteration=2 outcome=ok bytes=65536 timedout_delta=0 retransmitted_delta=0 reconnects_delta=0
PIC_NFS stage=rpc_read elapsed_ms=2 tid=140339439552192 host=DietPi.local export=/mnt/4TBS relative=/Spar Ladies 2025/FB-Spar Womens-ToUpload/DSC_5710.jpg iteration=3 outcome=ok bytes=131072 timedout_delta=0 retransmitted_delta=0 reconnects_delta=0
PIC_NFS stage=rpc_read elapsed_ms=3 tid=140339439552192 host=DietPi.local export=/mnt/4TBS relative=/Spar Ladies 2025/FB-Spar Womens-ToUpload/DSC_5710.jpg iteration=4 outcome=ok bytes=262144 timedout_delta=0 retransmitted_delta=0 reconnects_delta=0
PIC_NFS stage=rpc_read elapsed_ms=5 tid=140339439552192 host=DietPi.local export=/mnt/4TBS relative=/Spar Ladies 2025/FB-Spar Womens-ToUpload/DSC_5710.jpg iteration=5 outcome=ok bytes=524288 timedout_delta=0 retransmitted_delta=0 reconnects_delta=0
PIC_NFS stage=rpc_read elapsed_ms=1 tid=140339439552192 host=DietPi.local export=/mnt/4TBS relative=/Spar Ladies 2025/FB-Spar Womens-ToUpload/DSC_5710.jpg iteration=6 outcome=ok bytes=76939 timedout_delta=0 retransmitted_delta=0 reconnects_delta=0
PIC_NFS stage=rpc_read elapsed_ms=1 tid=140339439552192 host=DietPi.local export=/mnt/4TBS relative=/Spar Ladies 2025/FB-Spar Womens-ToUpload/DSC_5710.jpg iteration=7 outcome=ok bytes=0 timedout_delta=0 retransmitted_delta=0 reconnects_delta=0
PIC_NFS stage=file_read_complete elapsed_ms=15 tid=140339439552192 host=DietPi.local export=/mnt/4TBS relative=/Spar Ladies 2025/FB-Spar Womens-ToUpload/DSC_5710.jpg outcome=ok bytes=1125515 calls=7
PIC_NETWORK tid=ThreadId(78) PRIVATE_NFS read_done bytes=1125515 elapsed_ms=16 uri=nfs://DietPi.local/mnt/4TBS/Spar%20Ladies%202025/FB-Spar%20Womens-ToUpload/DSC_5710.jpg
PIC_VIEWER source_cache action=insert bytes=1125515 uri=nfs://DietPi.local/mnt/4TBS/Spar%20Ladies%202025/FB-Spar%20Womens-ToUpload/DSC_5710.jpg
PIC_VIEWER source_cache action=evict bytes=1218748 uri=nfs://DietPi.local/mnt/4TBS/pics-sport/XCC%202026/XCC%20EP%20Champs%202026/Starred%20Photos/DSC_0418_result.jpg
PIC_VIEWER network_done lane=foreground read_ms=16 bytes=1125515 source=network outcome=ok uri=nfs://DietPi.local/mnt/4TBS/Spar%20Ladies%202025/FB-Spar%20Womens-ToUpload/DSC_5710.jpg
PIC_VIEWER decode_stage source_ms=16 cpu_ms=35 uri=nfs://DietPi.local/mnt/4TBS/Spar%20Ladies%202025/FB-Spar%20Womens-ToUpload/DSC_5710.jpg
PIC_VIEWER t_ms=8341 tid=ThreadId(78) decode_done uri=nfs://DietPi.local/mnt/4TBS/Spar%20Ladies%202025/FB-Spar%20Womens-ToUpload/DSC_5710.jpg variant=1124x794 elapsed_ms=55 outcome=ok
PIC_VIEWER t_ms=8342 tid=ThreadId(1) display_apply elapsed_ms=1 uri=nfs://DietPi.local/mnt/4TBS/Spar%20Ladies%202025/FB-Spar%20Womens-ToUpload/DSC_5710.jpg
PIC_VIEWER t_ms=8343 tid=ThreadId(1) display_done lane=foreground source=decode navigation_ms=57 uri=nfs://DietPi.local/mnt/4TBS/Spar%20Ladies%202025/FB-Spar%20Womens-ToUpload/DSC_5710.jpg
PIC_VIEWER t_ms=8524 tid=ThreadId(1) wheel_event dy=-1
PIC_VIEWER t_ms=8524 tid=ThreadId(1) navigation_dispatch source=wheel from_index=576 to_index=575 direction=-1
PIC_VIEWER t_ms=8525 tid=ThreadId(1) infobar_update source=wheel index=575 uri=nfs://DietPi.local/mnt/4TBS/Spar%20Ladies%202025/FB-Spar%20Womens-ToUpload/DSC_5709.jpg
PIC_VIEWER t_ms=8525 tid=ThreadId(1) show_photo_request generation=55 index=575 uri=nfs://DietPi.local/mnt/4TBS/Spar%20Ladies%202025/FB-Spar%20Womens-ToUpload/DSC_5709.jpg
PIC_VIEWER t_ms=8525 tid=ThreadId(1) request lane=foreground action=new uri=nfs://DietPi.local/mnt/4TBS/Spar%20Ladies%202025/FB-Spar%20Womens-ToUpload/DSC_5709.jpg variant=1124x794
PIC_VIEWER t_ms=8525 tid=ThreadId(79) decode_start uri=nfs://DietPi.local/mnt/4TBS/Spar%20Ladies%202025/FB-Spar%20Womens-ToUpload/DSC_5709.jpg variant=1124x794 queue_ms=0
PIC_VIEWER source_cache lane=foreground action=miss uri=nfs://DietPi.local/mnt/4TBS/Spar%20Ladies%202025/FB-Spar%20Womens-ToUpload/DSC_5709.jpg
PIC_VIEWER network_slot lane=foreground wait_ms=0 uri=nfs://DietPi.local/mnt/4TBS/Spar%20Ladies%202025/FB-Spar%20Womens-ToUpload/DSC_5709.jpg
PIC_NETWORK tid=ThreadId(79) PRIVATE_NFS export_cache_hit host=DietPi.local count=5
PIC_NETWORK tid=ThreadId(79) PRIVATE_NFS read_start uri=nfs://DietPi.local/mnt/4TBS/Spar%20Ladies%202025/FB-Spar%20Womens-ToUpload/DSC_5709.jpg max_bytes=134217728
PIC_NFS stage=read_session_lock elapsed_ms=0 tid=140339439552192 host=DietPi.local export=/mnt/4TBS relative=/Spar Ladies 2025/FB-Spar Womens-ToUpload/DSC_5709.jpg outcome=acquired
PIC_NFS_CONNECT reuse host=DietPi.local export=/mnt/4TBS
PIC_NFS stage=file_open elapsed_ms=1 tid=140339439552192 host=DietPi.local export=/mnt/4TBS relative=/Spar Ladies 2025/FB-Spar Womens-ToUpload/DSC_5709.jpg outcome=ok
PIC_NFS stage=rpc_read elapsed_ms=2 tid=140339439552192 host=DietPi.local export=/mnt/4TBS relative=/Spar Ladies 2025/FB-Spar Womens-ToUpload/DSC_5709.jpg iteration=1 outcome=ok bytes=65536 timedout_delta=0 retransmitted_delta=0 reconnects_delta=0
PIC_NFS stage=first_read elapsed_ms=2 tid=140339439552192 host=DietPi.local export=/mnt/4TBS relative=/Spar Ladies 2025/FB-Spar Womens-ToUpload/DSC_5709.jpg outcome=ok bytes=65536
PIC_NFS stage=rpc_read elapsed_ms=1 tid=140339439552192 host=DietPi.local export=/mnt/4TBS relative=/Spar Ladies 2025/FB-Spar Womens-ToUpload/DSC_5709.jpg iteration=2 outcome=ok bytes=65536 timedout_delta=0 retransmitted_delta=0 reconnects_delta=0
PIC_NFS stage=rpc_read elapsed_ms=2 tid=140339439552192 host=DietPi.local export=/mnt/4TBS relative=/Spar Ladies 2025/FB-Spar Womens-ToUpload/DSC_5709.jpg iteration=3 outcome=ok bytes=131072 timedout_delta=0 retransmitted_delta=0 reconnects_delta=0
PIC_NFS stage=rpc_read elapsed_ms=3 tid=140339439552192 host=DietPi.local export=/mnt/4TBS relative=/Spar Ladies 2025/FB-Spar Womens-ToUpload/DSC_5709.jpg iteration=4 outcome=ok bytes=262144 timedout_delta=0 retransmitted_delta=0 reconnects_delta=0
PIC_NFS stage=rpc_read elapsed_ms=5 tid=140339439552192 host=DietPi.local export=/mnt/4TBS relative=/Spar Ladies 2025/FB-Spar Womens-ToUpload/DSC_5709.jpg iteration=5 outcome=ok bytes=524288 timedout_delta=0 retransmitted_delta=0 reconnects_delta=0
PIC_NFS stage=rpc_read elapsed_ms=1 tid=140339439552192 host=DietPi.local export=/mnt/4TBS relative=/Spar Ladies 2025/FB-Spar Womens-ToUpload/DSC_5709.jpg iteration=6 outcome=ok bytes=58737 timedout_delta=0 retransmitted_delta=0 reconnects_delta=0
PIC_VIEWER t_ms=8540 tid=ThreadId(1) wheel_event dy=-1
PIC_VIEWER t_ms=8540 tid=ThreadId(1) wheel_accumulate current_index=575 target_index=574 direction=-1
PIC_NFS stage=rpc_read elapsed_ms=0 tid=140339439552192 host=DietPi.local export=/mnt/4TBS relative=/Spar Ladies 2025/FB-Spar Womens-ToUpload/DSC_5709.jpg iteration=7 outcome=ok bytes=0 timedout_delta=0 retransmitted_delta=0 reconnects_delta=0
PIC_NFS stage=file_read_complete elapsed_ms=14 tid=140339439552192 host=DietPi.local export=/mnt/4TBS relative=/Spar Ladies 2025/FB-Spar Womens-ToUpload/DSC_5709.jpg outcome=ok bytes=1107313 calls=7
PIC_NETWORK tid=ThreadId(79) PRIVATE_NFS read_done bytes=1107313 elapsed_ms=15 uri=nfs://DietPi.local/mnt/4TBS/Spar%20Ladies%202025/FB-Spar%20Womens-ToUpload/DSC_5709.jpg
PIC_VIEWER source_cache action=insert bytes=1107313 uri=nfs://DietPi.local/mnt/4TBS/Spar%20Ladies%202025/FB-Spar%20Womens-ToUpload/DSC_5709.jpg
PIC_VIEWER source_cache action=evict bytes=1255492 uri=nfs://DietPi.local/mnt/4TBS/pics-sport/XCC%202026/XCC%20EP%20Champs%202026/Starred%20Photos/DSC_0439_result.jpg
PIC_VIEWER network_done lane=foreground read_ms=15 bytes=1107313 source=network outcome=ok uri=nfs://DietPi.local/mnt/4TBS/Spar%20Ladies%202025/FB-Spar%20Womens-ToUpload/DSC_5709.jpg
PIC_VIEWER t_ms=8556 tid=ThreadId(1) wheel_event dy=-1
PIC_VIEWER t_ms=8556 tid=ThreadId(1) wheel_accumulate current_index=575 target_index=573 direction=-1
PIC_VIEWER t_ms=8564 tid=ThreadId(1) wheel_event dy=-2
PIC_VIEWER t_ms=8564 tid=ThreadId(1) wheel_accumulate current_index=575 target_index=572 direction=-1
PIC_VIEWER t_ms=8573 tid=ThreadId(1) wheel_event dy=-1
PIC_VIEWER t_ms=8573 tid=ThreadId(1) wheel_accumulate current_index=575 target_index=571 direction=-1
PIC_VIEWER decode_stage source_ms=15 cpu_ms=36 uri=nfs://DietPi.local/mnt/4TBS/Spar%20Ladies%202025/FB-Spar%20Womens-ToUpload/DSC_5709.jpg
PIC_VIEWER t_ms=8580 tid=ThreadId(79) decode_done uri=nfs://DietPi.local/mnt/4TBS/Spar%20Ladies%202025/FB-Spar%20Womens-ToUpload/DSC_5709.jpg variant=1124x794 elapsed_ms=55 outcome=ok
PIC_VIEWER t_ms=8580 tid=ThreadId(1) wheel_event dy=-1
PIC_VIEWER t_ms=8580 tid=ThreadId(1) wheel_accumulate current_index=575 target_index=570 direction=-1
PIC_VIEWER t_ms=8584 tid=ThreadId(1) display_apply elapsed_ms=1 uri=nfs://DietPi.local/mnt/4TBS/Spar%20Ladies%202025/FB-Spar%20Womens-ToUpload/DSC_5709.jpg
PIC_VIEWER t_ms=8584 tid=ThreadId(1) display_done lane=foreground source=decode navigation_ms=58 uri=nfs://DietPi.local/mnt/4TBS/Spar%20Ladies%202025/FB-Spar%20Womens-ToUpload/DSC_5709.jpg
PIC_VIEWER t_ms=8584 tid=ThreadId(1) cache_evict uri=nfs://DietPi.local/mnt/4TBS/pics-sport/XCC%202026/XCC%20EP%20Champs%202026/Starred%20Photos/DSC_0467_result.jpg bytes=3367504 remaining_entries=32 remaining_bytes=107886016
PIC_VIEWER t_ms=8584 tid=ThreadId(1) navigation_dispatch source=wheel_coalesced from_index=575 to_index=570 direction=-1
PIC_VIEWER t_ms=8584 tid=ThreadId(1) infobar_update source=wheel index=570 uri=nfs://DietPi.local/mnt/4TBS/Spar%20Ladies%202025/10km/DSC_6717.jpg
PIC_VIEWER t_ms=8584 tid=ThreadId(1) show_photo_request generation=56 index=570 uri=nfs://DietPi.local/mnt/4TBS/Spar%20Ladies%202025/10km/DSC_6717.jpg
PIC_VIEWER t_ms=8584 tid=ThreadId(1) request lane=foreground action=new uri=nfs://DietPi.local/mnt/4TBS/Spar%20Ladies%202025/10km/DSC_6717.jpg variant=1124x794
PIC_VIEWER t_ms=8584 tid=ThreadId(80) decode_start uri=nfs://DietPi.local/mnt/4TBS/Spar%20Ladies%202025/10km/DSC_6717.jpg variant=1124x794 queue_ms=0
PIC_VIEWER source_cache lane=foreground action=miss uri=nfs://DietPi.local/mnt/4TBS/Spar%20Ladies%202025/10km/DSC_6717.jpg
PIC_VIEWER network_slot lane=foreground wait_ms=0 uri=nfs://DietPi.local/mnt/4TBS/Spar%20Ladies%202025/10km/DSC_6717.jpg
PIC_NETWORK tid=ThreadId(80) PRIVATE_NFS export_cache_hit host=DietPi.local count=5
PIC_NETWORK tid=ThreadId(80) PRIVATE_NFS read_start uri=nfs://DietPi.local/mnt/4TBS/Spar%20Ladies%202025/10km/DSC_6717.jpg max_bytes=134217728
PIC_NFS stage=read_session_lock elapsed_ms=0 tid=140339439552192 host=DietPi.local export=/mnt/4TBS relative=/Spar Ladies 2025/10km/DSC_6717.jpg outcome=acquired
PIC_NFS_CONNECT reuse host=DietPi.local export=/mnt/4TBS
PIC_NFS stage=file_open elapsed_ms=1 tid=140339439552192 host=DietPi.local export=/mnt/4TBS relative=/Spar Ladies 2025/10km/DSC_6717.jpg outcome=ok
PIC_VIEWER t_ms=8588 tid=ThreadId(1) wheel_event dy=-1
PIC_VIEWER t_ms=8588 tid=ThreadId(1) wheel_accumulate current_index=570 target_index=569 direction=-1
PIC_NFS stage=rpc_read elapsed_ms=12 tid=140339439552192 host=DietPi.local export=/mnt/4TBS relative=/Spar Ladies 2025/10km/DSC_6717.jpg iteration=1 outcome=ok bytes=65536 timedout_delta=0 retransmitted_delta=0 reconnects_delta=0
PIC_NFS stage=first_read elapsed_ms=12 tid=140339439552192 host=DietPi.local export=/mnt/4TBS relative=/Spar Ladies 2025/10km/DSC_6717.jpg outcome=ok bytes=65536
PIC_NFS stage=rpc_read elapsed_ms=1 tid=140339439552192 host=DietPi.local export=/mnt/4TBS relative=/Spar Ladies 2025/10km/DSC_6717.jpg iteration=2 outcome=ok bytes=65536 timedout_delta=0 retransmitted_delta=0 reconnects_delta=0
PIC_NFS stage=rpc_read elapsed_ms=2 tid=140339439552192 host=DietPi.local export=/mnt/4TBS relative=/Spar Ladies 2025/10km/DSC_6717.jpg iteration=3 outcome=ok bytes=131072 timedout_delta=0 retransmitted_delta=0 reconnects_delta=0
PIC_NFS stage=rpc_read elapsed_ms=4 tid=140339439552192 host=DietPi.local export=/mnt/4TBS relative=/Spar Ladies 2025/10km/DSC_6717.jpg iteration=4 outcome=ok bytes=262144 timedout_delta=0 retransmitted_delta=0 reconnects_delta=0
PIC_NFS stage=rpc_read elapsed_ms=4 tid=140339439552192 host=DietPi.local export=/mnt/4TBS relative=/Spar Ladies 2025/10km/DSC_6717.jpg iteration=5 outcome=ok bytes=392396 timedout_delta=0 retransmitted_delta=0 reconnects_delta=0
PIC_NFS stage=rpc_read elapsed_ms=1 tid=140339439552192 host=DietPi.local export=/mnt/4TBS relative=/Spar Ladies 2025/10km/DSC_6717.jpg iteration=6 outcome=ok bytes=0 timedout_delta=0 retransmitted_delta=0 reconnects_delta=0
PIC_NFS stage=file_read_complete elapsed_ms=24 tid=140339439552192 host=DietPi.local export=/mnt/4TBS relative=/Spar Ladies 2025/10km/DSC_6717.jpg outcome=ok bytes=916684 calls=6
PIC_NETWORK tid=ThreadId(80) PRIVATE_NFS read_done bytes=916684 elapsed_ms=25 uri=nfs://DietPi.local/mnt/4TBS/Spar%20Ladies%202025/10km/DSC_6717.jpg
PIC_VIEWER source_cache action=insert bytes=916684 uri=nfs://DietPi.local/mnt/4TBS/Spar%20Ladies%202025/10km/DSC_6717.jpg
PIC_VIEWER source_cache action=evict bytes=1297397 uri=nfs://DietPi.local/mnt/4TBS/pics-sport/XCC%202026/XCC%20EP%20Champs%202026/Starred%20Photos/DSC_0467_result.jpg
PIC_VIEWER network_done lane=foreground read_ms=25 bytes=916684 source=network outcome=ok uri=nfs://DietPi.local/mnt/4TBS/Spar%20Ladies%202025/10km/DSC_6717.jpg
PIC_VIEWER decode_stage source_ms=25 cpu_ms=32 uri=nfs://DietPi.local/mnt/4TBS/Spar%20Ladies%202025/10km/DSC_6717.jpg
PIC_VIEWER t_ms=8645 tid=ThreadId(80) decode_done uri=nfs://DietPi.local/mnt/4TBS/Spar%20Ladies%202025/10km/DSC_6717.jpg variant=1124x794 elapsed_ms=60 outcome=ok
PIC_VIEWER t_ms=8647 tid=ThreadId(1) display_apply elapsed_ms=1 uri=nfs://DietPi.local/mnt/4TBS/Spar%20Ladies%202025/10km/DSC_6717.jpg
PIC_VIEWER t_ms=8647 tid=ThreadId(1) display_done lane=foreground source=decode navigation_ms=63 uri=nfs://DietPi.local/mnt/4TBS/Spar%20Ladies%202025/10km/DSC_6717.jpg
PIC_VIEWER t_ms=8647 tid=ThreadId(1) cache_evict uri=nfs://DietPi.local/mnt/4TBS/pics-sport/XCC%202026/XCC%20EP%20Champs%202026/Starred%20Photos/DSC_0527_result.jpg bytes=3372000 remaining_entries=32 remaining_bytes=107886016
PIC_VIEWER t_ms=8647 tid=ThreadId(1) navigation_dispatch source=wheel_coalesced from_index=570 to_index=569 direction=-1
PIC_VIEWER t_ms=8647 tid=ThreadId(1) infobar_update source=wheel index=569 uri=nfs://DietPi.local/mnt/4TBS/Spar%20Ladies%202025/10km/DSC_6715.jpg
PIC_VIEWER t_ms=8648 tid=ThreadId(1) show_photo_request generation=57 index=569 uri=nfs://DietPi.local/mnt/4TBS/Spar%20Ladies%202025/10km/DSC_6715.jpg
PIC_VIEWER t_ms=8648 tid=ThreadId(1) request lane=foreground action=new uri=nfs://DietPi.local/mnt/4TBS/Spar%20Ladies%202025/10km/DSC_6715.jpg variant=1124x794
PIC_VIEWER t_ms=8648 tid=ThreadId(81) decode_start uri=nfs://DietPi.local/mnt/4TBS/Spar%20Ladies%202025/10km/DSC_6715.jpg variant=1124x794 queue_ms=0
PIC_VIEWER source_cache lane=foreground action=miss uri=nfs://DietPi.local/mnt/4TBS/Spar%20Ladies%202025/10km/DSC_6715.jpg
PIC_VIEWER network_slot lane=foreground wait_ms=0 uri=nfs://DietPi.local/mnt/4TBS/Spar%20Ladies%202025/10km/DSC_6715.jpg
PIC_NETWORK tid=ThreadId(81) PRIVATE_NFS export_cache_hit host=DietPi.local count=5
PIC_NETWORK tid=ThreadId(81) PRIVATE_NFS read_start uri=nfs://DietPi.local/mnt/4TBS/Spar%20Ladies%202025/10km/DSC_6715.jpg max_bytes=134217728
PIC_NFS stage=read_session_lock elapsed_ms=0 tid=140339439552192 host=DietPi.local export=/mnt/4TBS relative=/Spar Ladies 2025/10km/DSC_6715.jpg outcome=acquired
PIC_NFS_CONNECT reuse host=DietPi.local export=/mnt/4TBS
PIC_NFS stage=file_open elapsed_ms=2 tid=140339439552192 host=DietPi.local export=/mnt/4TBS relative=/Spar Ladies 2025/10km/DSC_6715.jpg outcome=ok
PIC_NFS stage=rpc_read elapsed_ms=1 tid=140339439552192 host=DietPi.local export=/mnt/4TBS relative=/Spar Ladies 2025/10km/DSC_6715.jpg iteration=1 outcome=ok bytes=65536 timedout_delta=0 retransmitted_delta=0 reconnects_delta=0
PIC_NFS stage=first_read elapsed_ms=1 tid=140339439552192 host=DietPi.local export=/mnt/4TBS relative=/Spar Ladies 2025/10km/DSC_6715.jpg outcome=ok bytes=65536
PIC_NFS stage=rpc_read elapsed_ms=2 tid=140339439552192 host=DietPi.local export=/mnt/4TBS relative=/Spar Ladies 2025/10km/DSC_6715.jpg iteration=2 outcome=ok bytes=65536 timedout_delta=0 retransmitted_delta=0 reconnects_delta=0
PIC_NFS stage=rpc_read elapsed_ms=2 tid=140339439552192 host=DietPi.local export=/mnt/4TBS relative=/Spar Ladies 2025/10km/DSC_6715.jpg iteration=3 outcome=ok bytes=131072 timedout_delta=0 retransmitted_delta=0 reconnects_delta=0
PIC_NFS stage=rpc_read elapsed_ms=3 tid=140339439552192 host=DietPi.local export=/mnt/4TBS relative=/Spar Ladies 2025/10km/DSC_6715.jpg iteration=4 outcome=ok bytes=262144 timedout_delta=0 retransmitted_delta=0 reconnects_delta=0
PIC_NFS stage=rpc_read elapsed_ms=4 tid=140339439552192 host=DietPi.local export=/mnt/4TBS relative=/Spar Ladies 2025/10km/DSC_6715.jpg iteration=5 outcome=ok bytes=344115 timedout_delta=0 retransmitted_delta=0 reconnects_delta=0
PIC_NFS stage=rpc_read elapsed_ms=0 tid=140339439552192 host=DietPi.local export=/mnt/4TBS relative=/Spar Ladies 2025/10km/DSC_6715.jpg iteration=6 outcome=ok bytes=0 timedout_delta=0 retransmitted_delta=0 reconnects_delta=0
PIC_NFS stage=file_read_complete elapsed_ms=12 tid=140339439552192 host=DietPi.local export=/mnt/4TBS relative=/Spar Ladies 2025/10km/DSC_6715.jpg outcome=ok bytes=868403 calls=6
PIC_NETWORK tid=ThreadId(81) PRIVATE_NFS read_done bytes=868403 elapsed_ms=13 uri=nfs://DietPi.local/mnt/4TBS/Spar%20Ladies%202025/10km/DSC_6715.jpg
PIC_VIEWER source_cache action=insert bytes=868403 uri=nfs://DietPi.local/mnt/4TBS/Spar%20Ladies%202025/10km/DSC_6715.jpg
PIC_VIEWER source_cache action=evict bytes=1432420 uri=nfs://DietPi.local/mnt/4TBS/pics-sport/XCC%202026/XCC%20EP%20Champs%202026/Starred%20Photos/DSC_0527_result.jpg
PIC_VIEWER network_done lane=foreground read_ms=13 bytes=868403 source=network outcome=ok uri=nfs://DietPi.local/mnt/4TBS/Spar%20Ladies%202025/10km/DSC_6715.jpg
PIC_VIEWER decode_stage source_ms=13 cpu_ms=31 uri=nfs://DietPi.local/mnt/4TBS/Spar%20Ladies%202025/10km/DSC_6715.jpg
PIC_VIEWER t_ms=8696 tid=ThreadId(81) decode_done uri=nfs://DietPi.local/mnt/4TBS/Spar%20Ladies%202025/10km/DSC_6715.jpg variant=1124x794 elapsed_ms=48 outcome=ok
PIC_VIEWER t_ms=8700 tid=ThreadId(1) display_apply elapsed_ms=0 uri=nfs://DietPi.local/mnt/4TBS/Spar%20Ladies%202025/10km/DSC_6715.jpg
PIC_VIEWER t_ms=8700 tid=ThreadId(1) display_done lane=foreground source=decode navigation_ms=52 uri=nfs://DietPi.local/mnt/4TBS/Spar%20Ladies%202025/10km/DSC_6715.jpg
PIC_VIEWER t_ms=8700 tid=ThreadId(1) cache_evict uri=nfs://DietPi.local/mnt/4TBS/pics-sport/XCC%202026/XCC%20EP%20Champs%202026/Starred%20Photos/DSC_0439_result.jpg bytes=3367504 remaining_entries=32 remaining_bytes=107890512
PIC_VIEWER t_ms=8898 tid=ThreadId(1) request lane=prefetch action=new uri=nfs://DietPi.local/mnt/4TBS/Spar%20Ladies%202025/10km/DSC_6699.jpg variant=1124x794
PIC_VIEWER t_ms=8898 tid=ThreadId(1) cache_hit lane=prefetch uri=nfs://DietPi.local/mnt/4TBS/Spar%20Ladies%202025/10km/DSC_6717.jpg
PIC_VIEWER t_ms=8898 tid=ThreadId(82) decode_start uri=nfs://DietPi.local/mnt/4TBS/Spar%20Ladies%202025/10km/DSC_6699.jpg variant=1124x794 queue_ms=0
PIC_VIEWER source_cache lane=prefetch action=miss uri=nfs://DietPi.local/mnt/4TBS/Spar%20Ladies%202025/10km/DSC_6699.jpg
PIC_VIEWER network_slot lane=prefetch wait_ms=0 uri=nfs://DietPi.local/mnt/4TBS/Spar%20Ladies%202025/10km/DSC_6699.jpg
PIC_NETWORK tid=ThreadId(82) PRIVATE_NFS export_cache_hit host=DietPi.local count=5
PIC_NETWORK tid=ThreadId(82) PRIVATE_NFS read_start uri=nfs://DietPi.local/mnt/4TBS/Spar%20Ladies%202025/10km/DSC_6699.jpg max_bytes=134217728
PIC_NFS stage=read_session_lock elapsed_ms=0 tid=140339439552192 host=DietPi.local export=/mnt/4TBS relative=/Spar Ladies 2025/10km/DSC_6699.jpg outcome=acquired
PIC_NFS_CONNECT reuse host=DietPi.local export=/mnt/4TBS
PIC_NFS stage=file_open elapsed_ms=1 tid=140339439552192 host=DietPi.local export=/mnt/4TBS relative=/Spar Ladies 2025/10km/DSC_6699.jpg outcome=ok
PIC_NFS stage=rpc_read elapsed_ms=2 tid=140339439552192 host=DietPi.local export=/mnt/4TBS relative=/Spar Ladies 2025/10km/DSC_6699.jpg iteration=1 outcome=ok bytes=65536 timedout_delta=0 retransmitted_delta=0 reconnects_delta=0
PIC_NFS stage=first_read elapsed_ms=2 tid=140339439552192 host=DietPi.local export=/mnt/4TBS relative=/Spar Ladies 2025/10km/DSC_6699.jpg outcome=ok bytes=65536
PIC_NFS stage=rpc_read elapsed_ms=1 tid=140339439552192 host=DietPi.local export=/mnt/4TBS relative=/Spar Ladies 2025/10km/DSC_6699.jpg iteration=2 outcome=ok bytes=65536 timedout_delta=0 retransmitted_delta=0 reconnects_delta=0
PIC_NFS stage=rpc_read elapsed_ms=2 tid=140339439552192 host=DietPi.local export=/mnt/4TBS relative=/Spar Ladies 2025/10km/DSC_6699.jpg iteration=3 outcome=ok bytes=131072 timedout_delta=0 retransmitted_delta=0 reconnects_delta=0
PIC_NFS stage=rpc_read elapsed_ms=3 tid=140339439552192 host=DietPi.local export=/mnt/4TBS relative=/Spar Ladies 2025/10km/DSC_6699.jpg iteration=4 outcome=ok bytes=262144 timedout_delta=0 retransmitted_delta=0 reconnects_delta=0
PIC_NFS stage=rpc_read elapsed_ms=4 tid=140339439552192 host=DietPi.local export=/mnt/4TBS relative=/Spar Ladies 2025/10km/DSC_6699.jpg iteration=5 outcome=ok bytes=412359 timedout_delta=0 retransmitted_delta=0 reconnects_delta=0
PIC_NFS stage=rpc_read elapsed_ms=1 tid=140339439552192 host=DietPi.local export=/mnt/4TBS relative=/Spar Ladies 2025/10km/DSC_6699.jpg iteration=6 outcome=ok bytes=0 timedout_delta=0 retransmitted_delta=0 reconnects_delta=0
PIC_NFS stage=file_read_complete elapsed_ms=13 tid=140339439552192 host=DietPi.local export=/mnt/4TBS relative=/Spar Ladies 2025/10km/DSC_6699.jpg outcome=ok bytes=936647 calls=6
PIC_NETWORK tid=ThreadId(82) PRIVATE_NFS read_done bytes=936647 elapsed_ms=14 uri=nfs://DietPi.local/mnt/4TBS/Spar%20Ladies%202025/10km/DSC_6699.jpg
PIC_VIEWER source_cache action=insert bytes=936647 uri=nfs://DietPi.local/mnt/4TBS/Spar%20Ladies%202025/10km/DSC_6699.jpg
PIC_VIEWER source_cache action=evict bytes=942196 uri=nfs://DietPi.local/mnt/4TBS/pics-sport/local%20choice/FB-Timestamp-JPG%20Upates/DSC_1374_result.jpg
PIC_VIEWER network_done lane=prefetch read_ms=14 bytes=936647 source=network outcome=ok uri=nfs://DietPi.local/mnt/4TBS/Spar%20Ladies%202025/10km/DSC_6699.jpg
PIC_VIEWER decode_stage source_ms=14 cpu_ms=34 uri=nfs://DietPi.local/mnt/4TBS/Spar%20Ladies%202025/10km/DSC_6699.jpg
PIC_VIEWER t_ms=8950 tid=ThreadId(82) decode_done uri=nfs://DietPi.local/mnt/4TBS/Spar%20Ladies%202025/10km/DSC_6699.jpg variant=1124x794 elapsed_ms=51 outcome=ok
PIC_VIEWER t_ms=8951 tid=ThreadId(1) cache_evict uri=nfs://DietPi.local/mnt/4TBS/pics-sport/XCC%202026/XCC%20EP%20Champs%202026/Starred%20Photos/DSC_0418_result.jpg bytes=3367504 remaining_entries=32 remaining_bytes=107895008
PIC_VIEWER t_ms=10309 tid=ThreadId(1) show_photo_request generation=59 index=539 uri=nfs://DietPi.local/mnt/4TBS/Spar%20Ladies%202025/10km/DSC_6147.jpg
PIC_VIEWER t_ms=10309 tid=ThreadId(1) request lane=foreground action=new uri=nfs://DietPi.local/mnt/4TBS/Spar%20Ladies%202025/10km/DSC_6147.jpg variant=1124x794
PIC_VIEWER t_ms=10309 tid=ThreadId(83) decode_start uri=nfs://DietPi.local/mnt/4TBS/Spar%20Ladies%202025/10km/DSC_6147.jpg variant=1124x794 queue_ms=0
PIC_VIEWER source_cache lane=foreground action=miss uri=nfs://DietPi.local/mnt/4TBS/Spar%20Ladies%202025/10km/DSC_6147.jpg
PIC_VIEWER network_slot lane=foreground wait_ms=0 uri=nfs://DietPi.local/mnt/4TBS/Spar%20Ladies%202025/10km/DSC_6147.jpg
PIC_NETWORK tid=ThreadId(83) PRIVATE_NFS export_cache_hit host=DietPi.local count=5
PIC_NETWORK tid=ThreadId(83) PRIVATE_NFS read_start uri=nfs://DietPi.local/mnt/4TBS/Spar%20Ladies%202025/10km/DSC_6147.jpg max_bytes=134217728
PIC_NFS stage=read_session_lock elapsed_ms=0 tid=140339439552192 host=DietPi.local export=/mnt/4TBS relative=/Spar Ladies 2025/10km/DSC_6147.jpg outcome=acquired
PIC_NFS_CONNECT reuse host=DietPi.local export=/mnt/4TBS
PIC_NFS stage=file_open elapsed_ms=2 tid=140339439552192 host=DietPi.local export=/mnt/4TBS relative=/Spar Ladies 2025/10km/DSC_6147.jpg outcome=ok
PIC_NFS stage=rpc_read elapsed_ms=1 tid=140339439552192 host=DietPi.local export=/mnt/4TBS relative=/Spar Ladies 2025/10km/DSC_6147.jpg iteration=1 outcome=ok bytes=65536 timedout_delta=0 retransmitted_delta=0 reconnects_delta=0
PIC_NFS stage=first_read elapsed_ms=1 tid=140339439552192 host=DietPi.local export=/mnt/4TBS relative=/Spar Ladies 2025/10km/DSC_6147.jpg outcome=ok bytes=65536
PIC_NFS stage=rpc_read elapsed_ms=2 tid=140339439552192 host=DietPi.local export=/mnt/4TBS relative=/Spar Ladies 2025/10km/DSC_6147.jpg iteration=2 outcome=ok bytes=65536 timedout_delta=0 retransmitted_delta=0 reconnects_delta=0
PIC_NFS stage=rpc_read elapsed_ms=1 tid=140339439552192 host=DietPi.local export=/mnt/4TBS relative=/Spar Ladies 2025/10km/DSC_6147.jpg iteration=3 outcome=ok bytes=131072 timedout_delta=0 retransmitted_delta=0 reconnects_delta=0
PIC_NFS stage=rpc_read elapsed_ms=3 tid=140339439552192 host=DietPi.local export=/mnt/4TBS relative=/Spar Ladies 2025/10km/DSC_6147.jpg iteration=4 outcome=ok bytes=262144 timedout_delta=0 retransmitted_delta=0 reconnects_delta=0
PIC_NFS stage=rpc_read elapsed_ms=6 tid=140339439552192 host=DietPi.local export=/mnt/4TBS relative=/Spar Ladies 2025/10km/DSC_6147.jpg iteration=5 outcome=ok bytes=524288 timedout_delta=0 retransmitted_delta=0 reconnects_delta=0
PIC_NFS stage=rpc_read elapsed_ms=2 tid=140339439552192 host=DietPi.local export=/mnt/4TBS relative=/Spar Ladies 2025/10km/DSC_6147.jpg iteration=6 outcome=ok bytes=248870 timedout_delta=0 retransmitted_delta=0 reconnects_delta=0
PIC_NFS stage=rpc_read elapsed_ms=1 tid=140339439552192 host=DietPi.local export=/mnt/4TBS relative=/Spar Ladies 2025/10km/DSC_6147.jpg iteration=7 outcome=ok bytes=0 timedout_delta=0 retransmitted_delta=0 reconnects_delta=0
PIC_NFS stage=file_read_complete elapsed_ms=16 tid=140339439552192 host=DietPi.local export=/mnt/4TBS relative=/Spar Ladies 2025/10km/DSC_6147.jpg outcome=ok bytes=1297446 calls=7
PIC_NETWORK tid=ThreadId(83) PRIVATE_NFS read_done bytes=1297446 elapsed_ms=17 uri=nfs://DietPi.local/mnt/4TBS/Spar%20Ladies%202025/10km/DSC_6147.jpg
PIC_VIEWER source_cache action=insert bytes=1297446 uri=nfs://DietPi.local/mnt/4TBS/Spar%20Ladies%202025/10km/DSC_6147.jpg
PIC_VIEWER source_cache action=evict bytes=897567 uri=nfs://DietPi.local/mnt/4TBS/pics-sport/local%20choice/FB-Timestamp-JPG%20Upates/DSC_1373_result.jpg
PIC_VIEWER network_done lane=foreground read_ms=17 bytes=1297446 source=network outcome=ok uri=nfs://DietPi.local/mnt/4TBS/Spar%20Ladies%202025/10km/DSC_6147.jpg
PIC_VIEWER decode_stage source_ms=18 cpu_ms=33 uri=nfs://DietPi.local/mnt/4TBS/Spar%20Ladies%202025/10km/DSC_6147.jpg
PIC_VIEWER t_ms=10363 tid=ThreadId(83) decode_done uri=nfs://DietPi.local/mnt/4TBS/Spar%20Ladies%202025/10km/DSC_6147.jpg variant=1124x794 elapsed_ms=54 outcome=ok
PIC_VIEWER t_ms=10364 tid=ThreadId(1) display_apply elapsed_ms=0 uri=nfs://DietPi.local/mnt/4TBS/Spar%20Ladies%202025/10km/DSC_6147.jpg
PIC_VIEWER t_ms=10364 tid=ThreadId(1) display_done lane=foreground source=decode navigation_ms=54 uri=nfs://DietPi.local/mnt/4TBS/Spar%20Ladies%202025/10km/DSC_6147.jpg
PIC_VIEWER t_ms=10364 tid=ThreadId(1) cache_evict uri=nfs://DietPi.local/mnt/4TBS/pics-sport/XCC%202026/XCC%20EP%20Champs%202026/Starred%20Photos/DSC_0399_result.jpg bytes=3367504 remaining_entries=32 remaining_bytes=107899504
PIC_VIEWER t_ms=10849 tid=ThreadId(1) wheel_event dy=-1
PIC_VIEWER t_ms=10849 tid=ThreadId(1) navigation_dispatch source=wheel from_index=539 to_index=538 direction=-1
PIC_VIEWER t_ms=10849 tid=ThreadId(1) infobar_update source=wheel index=538 uri=nfs://DietPi.local/mnt/4TBS/Spar%20Ladies%202025/10km/DSC_6074.jpg
PIC_VIEWER t_ms=10849 tid=ThreadId(1) show_photo_request generation=60 index=538 uri=nfs://DietPi.local/mnt/4TBS/Spar%20Ladies%202025/10km/DSC_6074.jpg
PIC_VIEWER t_ms=10849 tid=ThreadId(1) request lane=foreground action=new uri=nfs://DietPi.local/mnt/4TBS/Spar%20Ladies%202025/10km/DSC_6074.jpg variant=1124x794
PIC_VIEWER t_ms=10849 tid=ThreadId(84) decode_start uri=nfs://DietPi.local/mnt/4TBS/Spar%20Ladies%202025/10km/DSC_6074.jpg variant=1124x794 queue_ms=0
PIC_VIEWER source_cache lane=foreground action=miss uri=nfs://DietPi.local/mnt/4TBS/Spar%20Ladies%202025/10km/DSC_6074.jpg
PIC_VIEWER network_slot lane=foreground wait_ms=0 uri=nfs://DietPi.local/mnt/4TBS/Spar%20Ladies%202025/10km/DSC_6074.jpg
PIC_NETWORK tid=ThreadId(84) PRIVATE_NFS export_cache_hit host=DietPi.local count=5
PIC_NETWORK tid=ThreadId(84) PRIVATE_NFS read_start uri=nfs://DietPi.local/mnt/4TBS/Spar%20Ladies%202025/10km/DSC_6074.jpg max_bytes=134217728
PIC_NFS stage=read_session_lock elapsed_ms=0 tid=140339439552192 host=DietPi.local export=/mnt/4TBS relative=/Spar Ladies 2025/10km/DSC_6074.jpg outcome=acquired
PIC_NFS_CONNECT reuse host=DietPi.local export=/mnt/4TBS
PIC_NFS stage=file_open elapsed_ms=2 tid=140339439552192 host=DietPi.local export=/mnt/4TBS relative=/Spar Ladies 2025/10km/DSC_6074.jpg outcome=ok
PIC_NFS stage=rpc_read elapsed_ms=1 tid=140339439552192 host=DietPi.local export=/mnt/4TBS relative=/Spar Ladies 2025/10km/DSC_6074.jpg iteration=1 outcome=ok bytes=65536 timedout_delta=0 retransmitted_delta=0 reconnects_delta=0
PIC_NFS stage=first_read elapsed_ms=1 tid=140339439552192 host=DietPi.local export=/mnt/4TBS relative=/Spar Ladies 2025/10km/DSC_6074.jpg outcome=ok bytes=65536
PIC_NFS stage=rpc_read elapsed_ms=1 tid=140339439552192 host=DietPi.local export=/mnt/4TBS relative=/Spar Ladies 2025/10km/DSC_6074.jpg iteration=2 outcome=ok bytes=65536 timedout_delta=0 retransmitted_delta=0 reconnects_delta=0
PIC_NFS stage=rpc_read elapsed_ms=2 tid=140339439552192 host=DietPi.local export=/mnt/4TBS relative=/Spar Ladies 2025/10km/DSC_6074.jpg iteration=3 outcome=ok bytes=131072 timedout_delta=0 retransmitted_delta=0 reconnects_delta=0
PIC_NFS stage=rpc_read elapsed_ms=3 tid=140339439552192 host=DietPi.local export=/mnt/4TBS relative=/Spar Ladies 2025/10km/DSC_6074.jpg iteration=4 outcome=ok bytes=262144 timedout_delta=0 retransmitted_delta=0 reconnects_delta=0
PIC_NFS stage=rpc_read elapsed_ms=6 tid=140339439552192 host=DietPi.local export=/mnt/4TBS relative=/Spar Ladies 2025/10km/DSC_6074.jpg iteration=5 outcome=ok bytes=524288 timedout_delta=0 retransmitted_delta=0 reconnects_delta=0
PIC_VIEWER t_ms=10864 tid=ThreadId(1) wheel_event dy=-1
PIC_VIEWER t_ms=10864 tid=ThreadId(1) wheel_accumulate current_index=538 target_index=537 direction=-1
PIC_NFS stage=rpc_read elapsed_ms=7 tid=140339439552192 host=DietPi.local export=/mnt/4TBS relative=/Spar Ladies 2025/10km/DSC_6074.jpg iteration=6 outcome=ok bytes=739794 timedout_delta=0 retransmitted_delta=0 reconnects_delta=0
PIC_NFS stage=rpc_read elapsed_ms=0 tid=140339439552192 host=DietPi.local export=/mnt/4TBS relative=/Spar Ladies 2025/10km/DSC_6074.jpg iteration=7 outcome=ok bytes=0 timedout_delta=0 retransmitted_delta=0 reconnects_delta=0
PIC_NFS stage=file_read_complete elapsed_ms=20 tid=140339439552192 host=DietPi.local export=/mnt/4TBS relative=/Spar Ladies 2025/10km/DSC_6074.jpg outcome=ok bytes=1788370 calls=7
PIC_NETWORK tid=ThreadId(84) PRIVATE_NFS read_done bytes=1788370 elapsed_ms=22 uri=nfs://DietPi.local/mnt/4TBS/Spar%20Ladies%202025/10km/DSC_6074.jpg
PIC_VIEWER source_cache action=insert bytes=1788370 uri=nfs://DietPi.local/mnt/4TBS/Spar%20Ladies%202025/10km/DSC_6074.jpg
PIC_VIEWER source_cache action=evict bytes=1194860 uri=nfs://DietPi.local/mnt/4TBS/pics-sport/local%20choice/FB-Timestamp-JPG%20Upates/DSC_1372_result.jpg
PIC_VIEWER network_done lane=foreground read_ms=22 bytes=1788370 source=network outcome=ok uri=nfs://DietPi.local/mnt/4TBS/Spar%20Ladies%202025/10km/DSC_6074.jpg
PIC_VIEWER t_ms=10872 tid=ThreadId(1) wheel_event dy=-1
PIC_VIEWER t_ms=10872 tid=ThreadId(1) wheel_accumulate current_index=538 target_index=536 direction=-1
PIC_VIEWER t_ms=10880 tid=ThreadId(1) wheel_event dy=-1
PIC_VIEWER t_ms=10880 tid=ThreadId(1) wheel_accumulate current_index=538 target_index=535 direction=-1
PIC_VIEWER t_ms=10896 tid=ThreadId(1) wheel_event dy=-1
PIC_VIEWER t_ms=10896 tid=ThreadId(1) wheel_accumulate current_index=538 target_index=534 direction=-1
PIC_VIEWER t_ms=10904 tid=ThreadId(1) wheel_event dy=-1
PIC_VIEWER t_ms=10904 tid=ThreadId(1) wheel_accumulate current_index=538 target_index=533 direction=-1
PIC_VIEWER decode_stage source_ms=22 cpu_ms=38 uri=nfs://DietPi.local/mnt/4TBS/Spar%20Ladies%202025/10km/DSC_6074.jpg
PIC_VIEWER t_ms=10913 tid=ThreadId(84) decode_done uri=nfs://DietPi.local/mnt/4TBS/Spar%20Ladies%202025/10km/DSC_6074.jpg variant=1124x794 elapsed_ms=63 outcome=ok
PIC_VIEWER t_ms=10915 tid=ThreadId(1) display_apply elapsed_ms=1 uri=nfs://DietPi.local/mnt/4TBS/Spar%20Ladies%202025/10km/DSC_6074.jpg
PIC_VIEWER t_ms=10915 tid=ThreadId(1) display_done lane=foreground source=decode navigation_ms=65 uri=nfs://DietPi.local/mnt/4TBS/Spar%20Ladies%202025/10km/DSC_6074.jpg
PIC_VIEWER t_ms=10915 tid=ThreadId(1) cache_evict uri=nfs://DietPi.local/mnt/4TBS/pics-sport/XCC%202026/XCC%20EP%20Champs%202026/Starred%20Photos/DSC_0372_result.jpg bytes=3367504 remaining_entries=32 remaining_bytes=107904000
PIC_VIEWER t_ms=10915 tid=ThreadId(1) navigation_dispatch source=wheel_coalesced from_index=538 to_index=533 direction=-1
PIC_VIEWER t_ms=10915 tid=ThreadId(1) infobar_update source=wheel index=533 uri=nfs://DietPi.local/mnt/4TBS/Spar%20Ladies%202025/10km/DSC_5848.jpg
PIC_VIEWER t_ms=10915 tid=ThreadId(1) show_photo_request generation=61 index=533 uri=nfs://DietPi.local/mnt/4TBS/Spar%20Ladies%202025/10km/DSC_5848.jpg
PIC_VIEWER t_ms=10916 tid=ThreadId(1) request lane=foreground action=new uri=nfs://DietPi.local/mnt/4TBS/Spar%20Ladies%202025/10km/DSC_5848.jpg variant=1124x794
PIC_VIEWER t_ms=10916 tid=ThreadId(85) decode_start uri=nfs://DietPi.local/mnt/4TBS/Spar%20Ladies%202025/10km/DSC_5848.jpg variant=1124x794 queue_ms=0
PIC_VIEWER source_cache lane=foreground action=miss uri=nfs://DietPi.local/mnt/4TBS/Spar%20Ladies%202025/10km/DSC_5848.jpg
PIC_VIEWER network_slot lane=foreground wait_ms=0 uri=nfs://DietPi.local/mnt/4TBS/Spar%20Ladies%202025/10km/DSC_5848.jpg
PIC_NETWORK tid=ThreadId(85) PRIVATE_NFS export_cache_hit host=DietPi.local count=5
PIC_NETWORK tid=ThreadId(85) PRIVATE_NFS read_start uri=nfs://DietPi.local/mnt/4TBS/Spar%20Ladies%202025/10km/DSC_5848.jpg max_bytes=134217728
PIC_NFS stage=read_session_lock elapsed_ms=0 tid=140339439552192 host=DietPi.local export=/mnt/4TBS relative=/Spar Ladies 2025/10km/DSC_5848.jpg outcome=acquired
PIC_NFS_CONNECT reuse host=DietPi.local export=/mnt/4TBS
PIC_NFS stage=file_open elapsed_ms=2 tid=140339439552192 host=DietPi.local export=/mnt/4TBS relative=/Spar Ladies 2025/10km/DSC_5848.jpg outcome=ok
PIC_NFS stage=rpc_read elapsed_ms=1 tid=140339439552192 host=DietPi.local export=/mnt/4TBS relative=/Spar Ladies 2025/10km/DSC_5848.jpg iteration=1 outcome=ok bytes=65536 timedout_delta=0 retransmitted_delta=0 reconnects_delta=0
PIC_NFS stage=first_read elapsed_ms=1 tid=140339439552192 host=DietPi.local export=/mnt/4TBS relative=/Spar Ladies 2025/10km/DSC_5848.jpg outcome=ok bytes=65536
PIC_NFS stage=rpc_read elapsed_ms=1 tid=140339439552192 host=DietPi.local export=/mnt/4TBS relative=/Spar Ladies 2025/10km/DSC_5848.jpg iteration=2 outcome=ok bytes=65536 timedout_delta=0 retransmitted_delta=0 reconnects_delta=0
PIC_NFS stage=rpc_read elapsed_ms=2 tid=140339439552192 host=DietPi.local export=/mnt/4TBS relative=/Spar Ladies 2025/10km/DSC_5848.jpg iteration=3 outcome=ok bytes=131072 timedout_delta=0 retransmitted_delta=0 reconnects_delta=0
PIC_NFS stage=rpc_read elapsed_ms=3 tid=140339439552192 host=DietPi.local export=/mnt/4TBS relative=/Spar Ladies 2025/10km/DSC_5848.jpg iteration=4 outcome=ok bytes=262144 timedout_delta=0 retransmitted_delta=0 reconnects_delta=0
PIC_VIEWER t_ms=10928 tid=ThreadId(1) wheel_event dy=-1
PIC_VIEWER t_ms=10928 tid=ThreadId(1) wheel_accumulate current_index=533 target_index=532 direction=-1
PIC_NFS stage=rpc_read elapsed_ms=5 tid=140339439552192 host=DietPi.local export=/mnt/4TBS relative=/Spar Ladies 2025/10km/DSC_5848.jpg iteration=5 outcome=ok bytes=524288 timedout_delta=0 retransmitted_delta=0 reconnects_delta=0
PIC_NFS stage=rpc_read elapsed_ms=3 tid=140339439552192 host=DietPi.local export=/mnt/4TBS relative=/Spar Ladies 2025/10km/DSC_5848.jpg iteration=6 outcome=ok bytes=252435 timedout_delta=0 retransmitted_delta=0 reconnects_delta=0
PIC_NFS stage=rpc_read elapsed_ms=1 tid=140339439552192 host=DietPi.local export=/mnt/4TBS relative=/Spar Ladies 2025/10km/DSC_5848.jpg iteration=7 outcome=ok bytes=0 timedout_delta=0 retransmitted_delta=0 reconnects_delta=0
PIC_NFS stage=file_read_complete elapsed_ms=16 tid=140339439552192 host=DietPi.local export=/mnt/4TBS relative=/Spar Ladies 2025/10km/DSC_5848.jpg outcome=ok bytes=1301011 calls=7
PIC_NETWORK tid=ThreadId(85) PRIVATE_NFS read_done bytes=1301011 elapsed_ms=17 uri=nfs://DietPi.local/mnt/4TBS/Spar%20Ladies%202025/10km/DSC_5848.jpg
PIC_VIEWER source_cache action=insert bytes=1301011 uri=nfs://DietPi.local/mnt/4TBS/Spar%20Ladies%202025/10km/DSC_5848.jpg
PIC_VIEWER source_cache action=evict bytes=1170902 uri=nfs://DietPi.local/mnt/4TBS/pics-sport/local%20choice/FB-Timestamp-JPG%20Upates/DSC_1371_result.jpg
PIC_VIEWER network_done lane=foreground read_ms=17 bytes=1301011 source=network outcome=ok uri=nfs://DietPi.local/mnt/4TBS/Spar%20Ladies%202025/10km/DSC_5848.jpg
PIC_VIEWER decode_stage source_ms=17 cpu_ms=36 uri=nfs://DietPi.local/mnt/4TBS/Spar%20Ladies%202025/10km/DSC_5848.jpg
PIC_VIEWER t_ms=10972 tid=ThreadId(85) decode_done uri=nfs://DietPi.local/mnt/4TBS/Spar%20Ladies%202025/10km/DSC_5848.jpg variant=1124x794 elapsed_ms=56 outcome=ok
PIC_VIEWER t_ms=10972 tid=ThreadId(1) display_apply elapsed_ms=0 uri=nfs://DietPi.local/mnt/4TBS/Spar%20Ladies%202025/10km/DSC_5848.jpg
PIC_VIEWER t_ms=10972 tid=ThreadId(1) display_done lane=foreground source=decode navigation_ms=56 uri=nfs://DietPi.local/mnt/4TBS/Spar%20Ladies%202025/10km/DSC_5848.jpg
PIC_VIEWER t_ms=10972 tid=ThreadId(1) cache_evict uri=nfs://DietPi.local/mnt/4TBS/pics-sport/XCC%202026/XCC%20EP%20Champs%202026/Starred%20Photos/DSC_0276_result.jpg bytes=3372000 remaining_entries=32 remaining_bytes=107904000
PIC_VIEWER t_ms=10972 tid=ThreadId(1) navigation_dispatch source=wheel_coalesced from_index=533 to_index=532 direction=-1
PIC_VIEWER t_ms=10973 tid=ThreadId(1) infobar_update source=wheel index=532 uri=nfs://DietPi.local/mnt/4TBS/Spar%20Ladies%202025/10km/DSC_5824.jpg
PIC_VIEWER t_ms=10973 tid=ThreadId(1) show_photo_request generation=62 index=532 uri=nfs://DietPi.local/mnt/4TBS/Spar%20Ladies%202025/10km/DSC_5824.jpg
PIC_VIEWER t_ms=10973 tid=ThreadId(1) request lane=foreground action=new uri=nfs://DietPi.local/mnt/4TBS/Spar%20Ladies%202025/10km/DSC_5824.jpg variant=1124x794
PIC_VIEWER t_ms=10973 tid=ThreadId(86) decode_start uri=nfs://DietPi.local/mnt/4TBS/Spar%20Ladies%202025/10km/DSC_5824.jpg variant=1124x794 queue_ms=0
PIC_VIEWER source_cache lane=foreground action=miss uri=nfs://DietPi.local/mnt/4TBS/Spar%20Ladies%202025/10km/DSC_5824.jpg
PIC_VIEWER network_slot lane=foreground wait_ms=0 uri=nfs://DietPi.local/mnt/4TBS/Spar%20Ladies%202025/10km/DSC_5824.jpg
PIC_NETWORK tid=ThreadId(86) PRIVATE_NFS export_cache_hit host=DietPi.local count=5
PIC_NETWORK tid=ThreadId(86) PRIVATE_NFS read_start uri=nfs://DietPi.local/mnt/4TBS/Spar%20Ladies%202025/10km/DSC_5824.jpg max_bytes=134217728
PIC_NFS stage=read_session_lock elapsed_ms=0 tid=140339439552192 host=DietPi.local export=/mnt/4TBS relative=/Spar Ladies 2025/10km/DSC_5824.jpg outcome=acquired
PIC_NFS_CONNECT reuse host=DietPi.local export=/mnt/4TBS
PIC_NFS stage=file_open elapsed_ms=1 tid=140339439552192 host=DietPi.local export=/mnt/4TBS relative=/Spar Ladies 2025/10km/DSC_5824.jpg outcome=ok
PIC_NFS stage=rpc_read elapsed_ms=1 tid=140339439552192 host=DietPi.local export=/mnt/4TBS relative=/Spar Ladies 2025/10km/DSC_5824.jpg iteration=1 outcome=ok bytes=65536 timedout_delta=0 retransmitted_delta=0 reconnects_delta=0
PIC_NFS stage=first_read elapsed_ms=1 tid=140339439552192 host=DietPi.local export=/mnt/4TBS relative=/Spar Ladies 2025/10km/DSC_5824.jpg outcome=ok bytes=65536
PIC_NFS stage=rpc_read elapsed_ms=2 tid=140339439552192 host=DietPi.local export=/mnt/4TBS relative=/Spar Ladies 2025/10km/DSC_5824.jpg iteration=2 outcome=ok bytes=65536 timedout_delta=0 retransmitted_delta=0 reconnects_delta=0
PIC_NFS stage=rpc_read elapsed_ms=1 tid=140339439552192 host=DietPi.local export=/mnt/4TBS relative=/Spar Ladies 2025/10km/DSC_5824.jpg iteration=3 outcome=ok bytes=131072 timedout_delta=0 retransmitted_delta=0 reconnects_delta=0
PIC_NFS stage=rpc_read elapsed_ms=3 tid=140339439552192 host=DietPi.local export=/mnt/4TBS relative=/Spar Ladies 2025/10km/DSC_5824.jpg iteration=4 outcome=ok bytes=262144 timedout_delta=0 retransmitted_delta=0 reconnects_delta=0
PIC_NFS stage=rpc_read elapsed_ms=6 tid=140339439552192 host=DietPi.local export=/mnt/4TBS relative=/Spar Ladies 2025/10km/DSC_5824.jpg iteration=5 outcome=ok bytes=524288 timedout_delta=0 retransmitted_delta=0 reconnects_delta=0
PIC_NFS stage=rpc_read elapsed_ms=4 tid=140339439552192 host=DietPi.local export=/mnt/4TBS relative=/Spar Ladies 2025/10km/DSC_5824.jpg iteration=6 outcome=ok bytes=436279 timedout_delta=0 retransmitted_delta=0 reconnects_delta=0
PIC_NFS stage=rpc_read elapsed_ms=1 tid=140339439552192 host=DietPi.local export=/mnt/4TBS relative=/Spar Ladies 2025/10km/DSC_5824.jpg iteration=7 outcome=ok bytes=0 timedout_delta=0 retransmitted_delta=0 reconnects_delta=0
PIC_NFS stage=file_read_complete elapsed_ms=18 tid=140339439552192 host=DietPi.local export=/mnt/4TBS relative=/Spar Ladies 2025/10km/DSC_5824.jpg outcome=ok bytes=1484855 calls=7
PIC_NETWORK tid=ThreadId(86) PRIVATE_NFS read_done bytes=1484855 elapsed_ms=19 uri=nfs://DietPi.local/mnt/4TBS/Spar%20Ladies%202025/10km/DSC_5824.jpg
PIC_VIEWER source_cache action=insert bytes=1484855 uri=nfs://DietPi.local/mnt/4TBS/Spar%20Ladies%202025/10km/DSC_5824.jpg
PIC_VIEWER source_cache action=evict bytes=1146372 uri=nfs://DietPi.local/mnt/4TBS/pics-sport/local%20choice/FB-Timestamp-JPG%20Upates/DSC_1370_result.jpg
PIC_VIEWER network_done lane=foreground read_ms=19 bytes=1484855 source=network outcome=ok uri=nfs://DietPi.local/mnt/4TBS/Spar%20Ladies%202025/10km/DSC_5824.jpg
PIC_VIEWER decode_stage source_ms=19 cpu_ms=35 uri=nfs://DietPi.local/mnt/4TBS/Spar%20Ladies%202025/10km/DSC_5824.jpg
PIC_VIEWER t_ms=11031 tid=ThreadId(86) decode_done uri=nfs://DietPi.local/mnt/4TBS/Spar%20Ladies%202025/10km/DSC_5824.jpg variant=1124x794 elapsed_ms=58 outcome=ok
PIC_VIEWER t_ms=11031 tid=ThreadId(1) display_apply elapsed_ms=0 uri=nfs://DietPi.local/mnt/4TBS/Spar%20Ladies%202025/10km/DSC_5824.jpg
PIC_VIEWER t_ms=11031 tid=ThreadId(1) display_done lane=foreground source=decode navigation_ms=58 uri=nfs://DietPi.local/mnt/4TBS/Spar%20Ladies%202025/10km/DSC_5824.jpg
PIC_VIEWER t_ms=11031 tid=ThreadId(1) cache_evict uri=nfs://DietPi.local/mnt/4TBS/pics-sport/XCC%202026/XCC%20EP%20Champs%202026/Starred%20Photos/DSC_0229_result.jpg bytes=3372000 remaining_entries=32 remaining_bytes=107904000
PIC_VIEWER t_ms=11223 tid=ThreadId(1) request lane=prefetch action=new uri=nfs://DietPi.local/mnt/4TBS/Spar%20Ladies%202025/10km/DSC_5823.jpg variant=1124x794
PIC_VIEWER t_ms=11223 tid=ThreadId(1) cache_hit lane=prefetch uri=nfs://DietPi.local/mnt/4TBS/Spar%20Ladies%202025/10km/DSC_5848.jpg
PIC_VIEWER t_ms=11223 tid=ThreadId(87) decode_start uri=nfs://DietPi.local/mnt/4TBS/Spar%20Ladies%202025/10km/DSC_5823.jpg variant=1124x794 queue_ms=0
PIC_VIEWER source_cache lane=prefetch action=miss uri=nfs://DietPi.local/mnt/4TBS/Spar%20Ladies%202025/10km/DSC_5823.jpg
PIC_VIEWER network_slot lane=prefetch wait_ms=0 uri=nfs://DietPi.local/mnt/4TBS/Spar%20Ladies%202025/10km/DSC_5823.jpg
PIC_NETWORK tid=ThreadId(87) PRIVATE_NFS export_cache_hit host=DietPi.local count=5
PIC_NETWORK tid=ThreadId(87) PRIVATE_NFS read_start uri=nfs://DietPi.local/mnt/4TBS/Spar%20Ladies%202025/10km/DSC_5823.jpg max_bytes=134217728
PIC_NFS stage=read_session_lock elapsed_ms=0 tid=140339439552192 host=DietPi.local export=/mnt/4TBS relative=/Spar Ladies 2025/10km/DSC_5823.jpg outcome=acquired
PIC_NFS_CONNECT reuse host=DietPi.local export=/mnt/4TBS
PIC_NFS stage=file_open elapsed_ms=2 tid=140339439552192 host=DietPi.local export=/mnt/4TBS relative=/Spar Ladies 2025/10km/DSC_5823.jpg outcome=ok
PIC_NFS stage=rpc_read elapsed_ms=1 tid=140339439552192 host=DietPi.local export=/mnt/4TBS relative=/Spar Ladies 2025/10km/DSC_5823.jpg iteration=1 outcome=ok bytes=65536 timedout_delta=0 retransmitted_delta=0 reconnects_delta=0
PIC_NFS stage=first_read elapsed_ms=1 tid=140339439552192 host=DietPi.local export=/mnt/4TBS relative=/Spar Ladies 2025/10km/DSC_5823.jpg outcome=ok bytes=65536
PIC_NFS stage=rpc_read elapsed_ms=1 tid=140339439552192 host=DietPi.local export=/mnt/4TBS relative=/Spar Ladies 2025/10km/DSC_5823.jpg iteration=2 outcome=ok bytes=65536 timedout_delta=0 retransmitted_delta=0 reconnects_delta=0
PIC_NFS stage=rpc_read elapsed_ms=2 tid=140339439552192 host=DietPi.local export=/mnt/4TBS relative=/Spar Ladies 2025/10km/DSC_5823.jpg iteration=3 outcome=ok bytes=131072 timedout_delta=0 retransmitted_delta=0 reconnects_delta=0
PIC_NFS stage=rpc_read elapsed_ms=3 tid=140339439552192 host=DietPi.local export=/mnt/4TBS relative=/Spar Ladies 2025/10km/DSC_5823.jpg iteration=4 outcome=ok bytes=262144 timedout_delta=0 retransmitted_delta=0 reconnects_delta=0
PIC_NFS stage=rpc_read elapsed_ms=5 tid=140339439552192 host=DietPi.local export=/mnt/4TBS relative=/Spar Ladies 2025/10km/DSC_5823.jpg iteration=5 outcome=ok bytes=492759 timedout_delta=0 retransmitted_delta=0 reconnects_delta=0
PIC_NFS stage=rpc_read elapsed_ms=0 tid=140339439552192 host=DietPi.local export=/mnt/4TBS relative=/Spar Ladies 2025/10km/DSC_5823.jpg iteration=6 outcome=ok bytes=0 timedout_delta=0 retransmitted_delta=0 reconnects_delta=0
PIC_NFS stage=file_read_complete elapsed_ms=12 tid=140339439552192 host=DietPi.local export=/mnt/4TBS relative=/Spar Ladies 2025/10km/DSC_5823.jpg outcome=ok bytes=1017047 calls=6
PIC_NETWORK tid=ThreadId(87) PRIVATE_NFS read_done bytes=1017047 elapsed_ms=14 uri=nfs://DietPi.local/mnt/4TBS/Spar%20Ladies%202025/10km/DSC_5823.jpg
PIC_VIEWER source_cache action=insert bytes=1017047 uri=nfs://DietPi.local/mnt/4TBS/Spar%20Ladies%202025/10km/DSC_5823.jpg
PIC_VIEWER source_cache action=evict bytes=1294301 uri=nfs://DietPi.local/mnt/4TBS/pics-sport/local%20choice/FB-Timestamp-JPG%20Upates/DSC_1368_result.jpg
PIC_VIEWER network_done lane=prefetch read_ms=15 bytes=1017047 source=network outcome=ok uri=nfs://DietPi.local/mnt/4TBS/Spar%20Ladies%202025/10km/DSC_5823.jpg
PIC_VIEWER decode_stage source_ms=15 cpu_ms=32 uri=nfs://DietPi.local/mnt/4TBS/Spar%20Ladies%202025/10km/DSC_5823.jpg
PIC_VIEWER t_ms=11274 tid=ThreadId(87) decode_done uri=nfs://DietPi.local/mnt/4TBS/Spar%20Ladies%202025/10km/DSC_5823.jpg variant=1124x794 elapsed_ms=50 outcome=ok
PIC_VIEWER t_ms=11274 tid=ThreadId(1) cache_evict uri=nfs://DietPi.local/mnt/4TBS/pics-sport/XCC%202026/XCC%20EP%20Champs%202026/Starred%20Photos/DSC_0221_result.jpg bytes=3372000 remaining_entries=32 remaining_bytes=107904000
PIC_VIEWER t_ms=14608 tid=ThreadId(1) show_photo_request generation=67 index=454 uri=nfs://DietPi.local/mnt/4TBS/pics-sport/XCC%202026/XCC%20EP%20Champs%202026/Starred%20Photos/DSC_0126_result.jpg
PIC_VIEWER t_ms=14608 tid=ThreadId(1) cache_hit lane=foreground uri=nfs://DietPi.local/mnt/4TBS/pics-sport/XCC%202026/XCC%20EP%20Champs%202026/Starred%20Photos/DSC_0126_result.jpg
PIC_VIEWER t_ms=14608 tid=ThreadId(1) display_done lane=foreground source=texture_cache navigation_ms=0 uri=nfs://DietPi.local/mnt/4TBS/pics-sport/XCC%202026/XCC%20EP%20Champs%202026/Starred%20Photos/DSC_0126_result.jpg
PIC_VIEWER t_ms=14905 tid=ThreadId(1) wheel_event dy=1
PIC_VIEWER t_ms=14905 tid=ThreadId(1) navigation_dispatch source=wheel from_index=454 to_index=455 direction=1
PIC_VIEWER t_ms=14905 tid=ThreadId(1) infobar_update source=wheel index=455 uri=nfs://DietPi.local/mnt/4TBS/pics-sport/XCC%202026/XCC%20EP%20Champs%202026/Starred%20Photos/DSC_0160_result.jpg
PIC_VIEWER t_ms=14905 tid=ThreadId(1) show_photo_request generation=68 index=455 uri=nfs://DietPi.local/mnt/4TBS/pics-sport/XCC%202026/XCC%20EP%20Champs%202026/Starred%20Photos/DSC_0160_result.jpg
PIC_VIEWER t_ms=14905 tid=ThreadId(1) cache_hit lane=foreground uri=nfs://DietPi.local/mnt/4TBS/pics-sport/XCC%202026/XCC%20EP%20Champs%202026/Starred%20Photos/DSC_0160_result.jpg
PIC_VIEWER t_ms=14905 tid=ThreadId(1) display_done lane=foreground source=texture_cache navigation_ms=0 uri=nfs://DietPi.local/mnt/4TBS/pics-sport/XCC%202026/XCC%20EP%20Champs%202026/Starred%20Photos/DSC_0160_result.jpg
PIC_VIEWER t_ms=14922 tid=ThreadId(1) wheel_event dy=1
PIC_VIEWER t_ms=14922 tid=ThreadId(1) navigation_dispatch source=wheel from_index=455 to_index=456 direction=1
PIC_VIEWER t_ms=14922 tid=ThreadId(1) infobar_update source=wheel index=456 uri=nfs://DietPi.local/mnt/4TBS/pics-sport/XCC%202026/XCC%20EP%20Champs%202026/Starred%20Photos/DSC_0169_result.jpg
PIC_VIEWER t_ms=14923 tid=ThreadId(1) show_photo_request generation=69 index=456 uri=nfs://DietPi.local/mnt/4TBS/pics-sport/XCC%202026/XCC%20EP%20Champs%202026/Starred%20Photos/DSC_0169_result.jpg
PIC_VIEWER t_ms=14923 tid=ThreadId(1) cache_hit lane=foreground uri=nfs://DietPi.local/mnt/4TBS/pics-sport/XCC%202026/XCC%20EP%20Champs%202026/Starred%20Photos/DSC_0169_result.jpg
PIC_VIEWER t_ms=14923 tid=ThreadId(1) display_done lane=foreground source=texture_cache navigation_ms=0 uri=nfs://DietPi.local/mnt/4TBS/pics-sport/XCC%202026/XCC%20EP%20Champs%202026/Starred%20Photos/DSC_0169_result.jpg
PIC_VIEWER t_ms=14937 tid=ThreadId(1) wheel_event dy=1
PIC_VIEWER t_ms=14937 tid=ThreadId(1) navigation_dispatch source=wheel from_index=456 to_index=457 direction=1
PIC_VIEWER t_ms=14937 tid=ThreadId(1) infobar_update source=wheel index=457 uri=nfs://DietPi.local/mnt/4TBS/pics-sport/XCC%202026/XCC%20EP%20Champs%202026/Starred%20Photos/DSC_0221_result.jpg
PIC_VIEWER t_ms=14937 tid=ThreadId(1) show_photo_request generation=70 index=457 uri=nfs://DietPi.local/mnt/4TBS/pics-sport/XCC%202026/XCC%20EP%20Champs%202026/Starred%20Photos/DSC_0221_result.jpg
PIC_VIEWER t_ms=14937 tid=ThreadId(1) request lane=foreground action=new uri=nfs://DietPi.local/mnt/4TBS/pics-sport/XCC%202026/XCC%20EP%20Champs%202026/Starred%20Photos/DSC_0221_result.jpg variant=1124x794
PIC_VIEWER t_ms=14937 tid=ThreadId(88) decode_start uri=nfs://DietPi.local/mnt/4TBS/pics-sport/XCC%202026/XCC%20EP%20Champs%202026/Starred%20Photos/DSC_0221_result.jpg variant=1124x794 queue_ms=0
PIC_VIEWER source_cache lane=foreground action=miss uri=nfs://DietPi.local/mnt/4TBS/pics-sport/XCC%202026/XCC%20EP%20Champs%202026/Starred%20Photos/DSC_0221_result.jpg
PIC_VIEWER network_slot lane=foreground wait_ms=0 uri=nfs://DietPi.local/mnt/4TBS/pics-sport/XCC%202026/XCC%20EP%20Champs%202026/Starred%20Photos/DSC_0221_result.jpg
PIC_NETWORK tid=ThreadId(88) PRIVATE_NFS export_cache_hit host=DietPi.local count=5
PIC_NETWORK tid=ThreadId(88) PRIVATE_NFS read_start uri=nfs://DietPi.local/mnt/4TBS/pics-sport/XCC%202026/XCC%20EP%20Champs%202026/Starred%20Photos/DSC_0221_result.jpg max_bytes=134217728
PIC_NFS stage=read_session_lock elapsed_ms=0 tid=140339439552192 host=DietPi.local export=/mnt/4TBS relative=/pics-sport/XCC 2026/XCC EP Champs 2026/Starred Photos/DSC_0221_result.jpg outcome=acquired
PIC_NFS_CONNECT reuse host=DietPi.local export=/mnt/4TBS
PIC_NFS stage=file_open elapsed_ms=2 tid=140339439552192 host=DietPi.local export=/mnt/4TBS relative=/pics-sport/XCC 2026/XCC EP Champs 2026/Starred Photos/DSC_0221_result.jpg outcome=ok
PIC_NFS stage=rpc_read elapsed_ms=2 tid=140339439552192 host=DietPi.local export=/mnt/4TBS relative=/pics-sport/XCC 2026/XCC EP Champs 2026/Starred Photos/DSC_0221_result.jpg iteration=1 outcome=ok bytes=65536 timedout_delta=0 retransmitted_delta=0 reconnects_delta=0
PIC_NFS stage=first_read elapsed_ms=2 tid=140339439552192 host=DietPi.local export=/mnt/4TBS relative=/pics-sport/XCC 2026/XCC EP Champs 2026/Starred Photos/DSC_0221_result.jpg outcome=ok bytes=65536
PIC_NFS stage=rpc_read elapsed_ms=1 tid=140339439552192 host=DietPi.local export=/mnt/4TBS relative=/pics-sport/XCC 2026/XCC EP Champs 2026/Starred Photos/DSC_0221_result.jpg iteration=2 outcome=ok bytes=65536 timedout_delta=0 retransmitted_delta=0 reconnects_delta=0
PIC_NFS stage=rpc_read elapsed_ms=2 tid=140339439552192 host=DietPi.local export=/mnt/4TBS relative=/pics-sport/XCC 2026/XCC EP Champs 2026/Starred Photos/DSC_0221_result.jpg iteration=3 outcome=ok bytes=131072 timedout_delta=0 retransmitted_delta=0 reconnects_delta=0
PIC_NFS stage=rpc_read elapsed_ms=3 tid=140339439552192 host=DietPi.local export=/mnt/4TBS relative=/pics-sport/XCC 2026/XCC EP Champs 2026/Starred Photos/DSC_0221_result.jpg iteration=4 outcome=ok bytes=262144 timedout_delta=0 retransmitted_delta=0 reconnects_delta=0
PIC_NFS stage=rpc_read elapsed_ms=5 tid=140339439552192 host=DietPi.local export=/mnt/4TBS relative=/pics-sport/XCC 2026/XCC EP Champs 2026/Starred Photos/DSC_0221_result.jpg iteration=5 outcome=ok bytes=524288 timedout_delta=0 retransmitted_delta=0 reconnects_delta=0
PIC_VIEWER t_ms=14953 tid=ThreadId(1) wheel_event dy=1
PIC_VIEWER t_ms=14953 tid=ThreadId(1) wheel_accumulate current_index=457 target_index=458 direction=1
PIC_NFS stage=rpc_read elapsed_ms=2 tid=140339439552192 host=DietPi.local export=/mnt/4TBS relative=/pics-sport/XCC 2026/XCC EP Champs 2026/Starred Photos/DSC_0221_result.jpg iteration=6 outcome=ok bytes=166322 timedout_delta=0 retransmitted_delta=0 reconnects_delta=0
PIC_NFS stage=rpc_read elapsed_ms=0 tid=140339439552192 host=DietPi.local export=/mnt/4TBS relative=/pics-sport/XCC 2026/XCC EP Champs 2026/Starred Photos/DSC_0221_result.jpg iteration=7 outcome=ok bytes=0 timedout_delta=0 retransmitted_delta=0 reconnects_delta=0
PIC_NFS stage=file_read_complete elapsed_ms=15 tid=140339439552192 host=DietPi.local export=/mnt/4TBS relative=/pics-sport/XCC 2026/XCC EP Champs 2026/Starred Photos/DSC_0221_result.jpg outcome=ok bytes=1214898 calls=7
PIC_NETWORK tid=ThreadId(88) PRIVATE_NFS read_done bytes=1214898 elapsed_ms=17 uri=nfs://DietPi.local/mnt/4TBS/pics-sport/XCC%202026/XCC%20EP%20Champs%202026/Starred%20Photos/DSC_0221_result.jpg
PIC_VIEWER source_cache action=insert bytes=1214898 uri=nfs://DietPi.local/mnt/4TBS/pics-sport/XCC%202026/XCC%20EP%20Champs%202026/Starred%20Photos/DSC_0221_result.jpg
PIC_VIEWER source_cache action=evict bytes=1178349 uri=nfs://DietPi.local/mnt/4TBS/pics-sport/local%20choice/FB-Timestamp-JPG%20Upates/DSC_1367_result.jpg
PIC_VIEWER network_done lane=foreground read_ms=19 bytes=1214898 source=network outcome=ok uri=nfs://DietPi.local/mnt/4TBS/pics-sport/XCC%202026/XCC%20EP%20Champs%202026/Starred%20Photos/DSC_0221_result.jpg
PIC_VIEWER t_ms=14968 tid=ThreadId(1) wheel_event dy=1
PIC_VIEWER t_ms=14968 tid=ThreadId(1) wheel_accumulate current_index=457 target_index=459 direction=1
PIC_VIEWER t_ms=14977 tid=ThreadId(1) wheel_event dy=1
PIC_VIEWER t_ms=14977 tid=ThreadId(1) wheel_accumulate current_index=457 target_index=460 direction=1
PIC_VIEWER decode_stage source_ms=19 cpu_ms=35 uri=nfs://DietPi.local/mnt/4TBS/pics-sport/XCC%202026/XCC%20EP%20Champs%202026/Starred%20Photos/DSC_0221_result.jpg
PIC_VIEWER t_ms=14995 tid=ThreadId(88) decode_done uri=nfs://DietPi.local/mnt/4TBS/pics-sport/XCC%202026/XCC%20EP%20Champs%202026/Starred%20Photos/DSC_0221_result.jpg variant=1124x794 elapsed_ms=57 outcome=ok
PIC_VIEWER t_ms=14996 tid=ThreadId(1) display_apply elapsed_ms=0 uri=nfs://DietPi.local/mnt/4TBS/pics-sport/XCC%202026/XCC%20EP%20Champs%202026/Starred%20Photos/DSC_0221_result.jpg
PIC_VIEWER t_ms=14996 tid=ThreadId(1) display_done lane=foreground source=decode navigation_ms=58 uri=nfs://DietPi.local/mnt/4TBS/pics-sport/XCC%202026/XCC%20EP%20Champs%202026/Starred%20Photos/DSC_0221_result.jpg
PIC_VIEWER t_ms=14996 tid=ThreadId(1) cache_evict uri=nfs://DietPi.local/mnt/4TBS/pics-sport/XCC%202026/XCC%20EP%20Champs%202026/Starred%20Photos/DSC_0084_result.jpg bytes=3372000 remaining_entries=32 remaining_bytes=107904000
PIC_VIEWER t_ms=14996 tid=ThreadId(1) navigation_dispatch source=wheel_coalesced from_index=457 to_index=460 direction=1
PIC_VIEWER t_ms=14996 tid=ThreadId(1) infobar_update source=wheel index=460 uri=nfs://DietPi.local/mnt/4TBS/pics-sport/XCC%202026/XCC%20EP%20Champs%202026/Starred%20Photos/DSC_0372_result.jpg
PIC_VIEWER t_ms=14996 tid=ThreadId(1) show_photo_request generation=71 index=460 uri=nfs://DietPi.local/mnt/4TBS/pics-sport/XCC%202026/XCC%20EP%20Champs%202026/Starred%20Photos/DSC_0372_result.jpg
PIC_VIEWER t_ms=14996 tid=ThreadId(1) request lane=foreground action=new uri=nfs://DietPi.local/mnt/4TBS/pics-sport/XCC%202026/XCC%20EP%20Champs%202026/Starred%20Photos/DSC_0372_result.jpg variant=1124x794
PIC_VIEWER t_ms=14996 tid=ThreadId(89) decode_start uri=nfs://DietPi.local/mnt/4TBS/pics-sport/XCC%202026/XCC%20EP%20Champs%202026/Starred%20Photos/DSC_0372_result.jpg variant=1124x794 queue_ms=0
PIC_VIEWER source_cache lane=foreground action=miss uri=nfs://DietPi.local/mnt/4TBS/pics-sport/XCC%202026/XCC%20EP%20Champs%202026/Starred%20Photos/DSC_0372_result.jpg
PIC_VIEWER network_slot lane=foreground wait_ms=0 uri=nfs://DietPi.local/mnt/4TBS/pics-sport/XCC%202026/XCC%20EP%20Champs%202026/Starred%20Photos/DSC_0372_result.jpg
PIC_NETWORK tid=ThreadId(89) PRIVATE_NFS export_cache_hit host=DietPi.local count=5
PIC_NETWORK tid=ThreadId(89) PRIVATE_NFS read_start uri=nfs://DietPi.local/mnt/4TBS/pics-sport/XCC%202026/XCC%20EP%20Champs%202026/Starred%20Photos/DSC_0372_result.jpg max_bytes=134217728
PIC_NFS stage=read_session_lock elapsed_ms=0 tid=140339439552192 host=DietPi.local export=/mnt/4TBS relative=/pics-sport/XCC 2026/XCC EP Champs 2026/Starred Photos/DSC_0372_result.jpg outcome=acquired
PIC_NFS_CONNECT reuse host=DietPi.local export=/mnt/4TBS
PIC_NFS stage=file_open elapsed_ms=2 tid=140339439552192 host=DietPi.local export=/mnt/4TBS relative=/pics-sport/XCC 2026/XCC EP Champs 2026/Starred Photos/DSC_0372_result.jpg outcome=ok
PIC_NFS stage=rpc_read elapsed_ms=1 tid=140339439552192 host=DietPi.local export=/mnt/4TBS relative=/pics-sport/XCC 2026/XCC EP Champs 2026/Starred Photos/DSC_0372_result.jpg iteration=1 outcome=ok bytes=65536 timedout_delta=0 retransmitted_delta=0 reconnects_delta=0
PIC_NFS stage=first_read elapsed_ms=2 tid=140339439552192 host=DietPi.local export=/mnt/4TBS relative=/pics-sport/XCC 2026/XCC EP Champs 2026/Starred Photos/DSC_0372_result.jpg outcome=ok bytes=65536
PIC_NFS stage=rpc_read elapsed_ms=1 tid=140339439552192 host=DietPi.local export=/mnt/4TBS relative=/pics-sport/XCC 2026/XCC EP Champs 2026/Starred Photos/DSC_0372_result.jpg iteration=2 outcome=ok bytes=65536 timedout_delta=0 retransmitted_delta=0 reconnects_delta=0
PIC_VIEWER t_ms=15001 tid=ThreadId(1) wheel_event dy=1
PIC_VIEWER t_ms=15001 tid=ThreadId(1) wheel_accumulate current_index=460 target_index=461 direction=1
PIC_NFS stage=rpc_read elapsed_ms=1 tid=140339439552192 host=DietPi.local export=/mnt/4TBS relative=/pics-sport/XCC 2026/XCC EP Champs 2026/Starred Photos/DSC_0372_result.jpg iteration=3 outcome=ok bytes=131072 timedout_delta=0 retransmitted_delta=0 reconnects_delta=0
PIC_NFS stage=rpc_read elapsed_ms=3 tid=140339439552192 host=DietPi.local export=/mnt/4TBS relative=/pics-sport/XCC 2026/XCC EP Champs 2026/Starred Photos/DSC_0372_result.jpg iteration=4 outcome=ok bytes=262144 timedout_delta=0 retransmitted_delta=0 reconnects_delta=0
PIC_NFS stage=rpc_read elapsed_ms=5 tid=140339439552192 host=DietPi.local export=/mnt/4TBS relative=/pics-sport/XCC 2026/XCC EP Champs 2026/Starred Photos/DSC_0372_result.jpg iteration=5 outcome=ok bytes=483652 timedout_delta=0 retransmitted_delta=0 reconnects_delta=0
PIC_NFS stage=rpc_read elapsed_ms=1 tid=140339439552192 host=DietPi.local export=/mnt/4TBS relative=/pics-sport/XCC 2026/XCC EP Champs 2026/Starred Photos/DSC_0372_result.jpg iteration=6 outcome=ok bytes=0 timedout_delta=0 retransmitted_delta=0 reconnects_delta=0
PIC_NFS stage=file_read_complete elapsed_ms=13 tid=140339439552192 host=DietPi.local export=/mnt/4TBS relative=/pics-sport/XCC 2026/XCC EP Champs 2026/Starred Photos/DSC_0372_result.jpg outcome=ok bytes=1007940 calls=6
PIC_NETWORK tid=ThreadId(89) PRIVATE_NFS read_done bytes=1007940 elapsed_ms=14 uri=nfs://DietPi.local/mnt/4TBS/pics-sport/XCC%202026/XCC%20EP%20Champs%202026/Starred%20Photos/DSC_0372_result.jpg
PIC_VIEWER source_cache action=insert bytes=1007940 uri=nfs://DietPi.local/mnt/4TBS/pics-sport/XCC%202026/XCC%20EP%20Champs%202026/Starred%20Photos/DSC_0372_result.jpg
PIC_VIEWER source_cache action=evict bytes=1221727 uri=nfs://DietPi.local/mnt/4TBS/Spar%20Ladies%202025/FB-Spar%20Womens-ToUpload/DSC_5711.jpg
PIC_VIEWER network_done lane=foreground read_ms=14 bytes=1007940 source=network outcome=ok uri=nfs://DietPi.local/mnt/4TBS/pics-sport/XCC%202026/XCC%20EP%20Champs%202026/Starred%20Photos/DSC_0372_result.jpg
PIC_VIEWER decode_stage source_ms=14 cpu_ms=37 uri=nfs://DietPi.local/mnt/4TBS/pics-sport/XCC%202026/XCC%20EP%20Champs%202026/Starred%20Photos/DSC_0372_result.jpg
PIC_VIEWER t_ms=15050 tid=ThreadId(89) decode_done uri=nfs://DietPi.local/mnt/4TBS/pics-sport/XCC%202026/XCC%20EP%20Champs%202026/Starred%20Photos/DSC_0372_result.jpg variant=1124x794 elapsed_ms=54 outcome=ok
PIC_VIEWER t_ms=15051 tid=ThreadId(1) display_apply elapsed_ms=0 uri=nfs://DietPi.local/mnt/4TBS/pics-sport/XCC%202026/XCC%20EP%20Champs%202026/Starred%20Photos/DSC_0372_result.jpg
PIC_VIEWER t_ms=15051 tid=ThreadId(1) display_done lane=foreground source=decode navigation_ms=54 uri=nfs://DietPi.local/mnt/4TBS/pics-sport/XCC%202026/XCC%20EP%20Champs%202026/Starred%20Photos/DSC_0372_result.jpg
PIC_VIEWER t_ms=15051 tid=ThreadId(1) cache_evict uri=nfs://DietPi.local/mnt/4TBS/pics-sport/XCC%202026/XCC%20EP%20Champs%202026/Starred%20Photos/DSC_0078_result.jpg bytes=3372000 remaining_entries=32 remaining_bytes=107899504
PIC_VIEWER t_ms=15051 tid=ThreadId(1) navigation_dispatch source=wheel_coalesced from_index=460 to_index=461 direction=1
PIC_VIEWER t_ms=15051 tid=ThreadId(1) infobar_update source=wheel index=461 uri=nfs://DietPi.local/mnt/4TBS/pics-sport/XCC%202026/XCC%20EP%20Champs%202026/Starred%20Photos/DSC_0399_result.jpg
PIC_VIEWER t_ms=15051 tid=ThreadId(1) show_photo_request generation=72 index=461 uri=nfs://DietPi.local/mnt/4TBS/pics-sport/XCC%202026/XCC%20EP%20Champs%202026/Starred%20Photos/DSC_0399_result.jpg
PIC_VIEWER t_ms=15051 tid=ThreadId(1) request lane=foreground action=new uri=nfs://DietPi.local/mnt/4TBS/pics-sport/XCC%202026/XCC%20EP%20Champs%202026/Starred%20Photos/DSC_0399_result.jpg variant=1124x794
PIC_VIEWER t_ms=15051 tid=ThreadId(90) decode_start uri=nfs://DietPi.local/mnt/4TBS/pics-sport/XCC%202026/XCC%20EP%20Champs%202026/Starred%20Photos/DSC_0399_result.jpg variant=1124x794 queue_ms=0
PIC_VIEWER source_cache lane=foreground action=miss uri=nfs://DietPi.local/mnt/4TBS/pics-sport/XCC%202026/XCC%20EP%20Champs%202026/Starred%20Photos/DSC_0399_result.jpg
PIC_VIEWER network_slot lane=foreground wait_ms=0 uri=nfs://DietPi.local/mnt/4TBS/pics-sport/XCC%202026/XCC%20EP%20Champs%202026/Starred%20Photos/DSC_0399_result.jpg
PIC_NETWORK tid=ThreadId(90) PRIVATE_NFS export_cache_hit host=DietPi.local count=5
PIC_NETWORK tid=ThreadId(90) PRIVATE_NFS read_start uri=nfs://DietPi.local/mnt/4TBS/pics-sport/XCC%202026/XCC%20EP%20Champs%202026/Starred%20Photos/DSC_0399_result.jpg max_bytes=134217728
PIC_NFS stage=read_session_lock elapsed_ms=0 tid=140339439552192 host=DietPi.local export=/mnt/4TBS relative=/pics-sport/XCC 2026/XCC EP Champs 2026/Starred Photos/DSC_0399_result.jpg outcome=acquired
PIC_NFS_CONNECT reuse host=DietPi.local export=/mnt/4TBS
PIC_NFS stage=file_open elapsed_ms=2 tid=140339439552192 host=DietPi.local export=/mnt/4TBS relative=/pics-sport/XCC 2026/XCC EP Champs 2026/Starred Photos/DSC_0399_result.jpg outcome=ok
PIC_NFS stage=rpc_read elapsed_ms=1 tid=140339439552192 host=DietPi.local export=/mnt/4TBS relative=/pics-sport/XCC 2026/XCC EP Champs 2026/Starred Photos/DSC_0399_result.jpg iteration=1 outcome=ok bytes=65536 timedout_delta=0 retransmitted_delta=0 reconnects_delta=0
PIC_NFS stage=first_read elapsed_ms=1 tid=140339439552192 host=DietPi.local export=/mnt/4TBS relative=/pics-sport/XCC 2026/XCC EP Champs 2026/Starred Photos/DSC_0399_result.jpg outcome=ok bytes=65536
PIC_NFS stage=rpc_read elapsed_ms=1 tid=140339439552192 host=DietPi.local export=/mnt/4TBS relative=/pics-sport/XCC 2026/XCC EP Champs 2026/Starred Photos/DSC_0399_result.jpg iteration=2 outcome=ok bytes=65536 timedout_delta=0 retransmitted_delta=0 reconnects_delta=0
PIC_NFS stage=rpc_read elapsed_ms=2 tid=140339439552192 host=DietPi.local export=/mnt/4TBS relative=/pics-sport/XCC 2026/XCC EP Champs 2026/Starred Photos/DSC_0399_result.jpg iteration=3 outcome=ok bytes=131072 timedout_delta=0 retransmitted_delta=0 reconnects_delta=0
PIC_NFS stage=rpc_read elapsed_ms=3 tid=140339439552192 host=DietPi.local export=/mnt/4TBS relative=/pics-sport/XCC 2026/XCC EP Champs 2026/Starred Photos/DSC_0399_result.jpg iteration=4 outcome=ok bytes=262144 timedout_delta=0 retransmitted_delta=0 reconnects_delta=0
PIC_NFS stage=rpc_read elapsed_ms=4 tid=140339439552192 host=DietPi.local export=/mnt/4TBS relative=/pics-sport/XCC 2026/XCC EP Champs 2026/Starred Photos/DSC_0399_result.jpg iteration=5 outcome=ok bytes=401830 timedout_delta=0 retransmitted_delta=0 reconnects_delta=0
PIC_NFS stage=rpc_read elapsed_ms=1 tid=140339439552192 host=DietPi.local export=/mnt/4TBS relative=/pics-sport/XCC 2026/XCC EP Champs 2026/Starred Photos/DSC_0399_result.jpg iteration=6 outcome=ok bytes=0 timedout_delta=0 retransmitted_delta=0 reconnects_delta=0
PIC_NFS stage=file_read_complete elapsed_ms=12 tid=140339439552192 host=DietPi.local export=/mnt/4TBS relative=/pics-sport/XCC 2026/XCC EP Champs 2026/Starred Photos/DSC_0399_result.jpg outcome=ok bytes=926118 calls=6
PIC_NETWORK tid=ThreadId(90) PRIVATE_NFS read_done bytes=926118 elapsed_ms=13 uri=nfs://DietPi.local/mnt/4TBS/pics-sport/XCC%202026/XCC%20EP%20Champs%202026/Starred%20Photos/DSC_0399_result.jpg
PIC_VIEWER source_cache action=insert bytes=926118 uri=nfs://DietPi.local/mnt/4TBS/pics-sport/XCC%202026/XCC%20EP%20Champs%202026/Starred%20Photos/DSC_0399_result.jpg
PIC_VIEWER source_cache action=evict bytes=1079717 uri=nfs://DietPi.local/mnt/4TBS/Spar%20Ladies%202025/FB-Spar%20Womens-ToUpload/DSC_5712.jpg
PIC_VIEWER network_done lane=foreground read_ms=13 bytes=926118 source=network outcome=ok uri=nfs://DietPi.local/mnt/4TBS/pics-sport/XCC%202026/XCC%20EP%20Champs%202026/Starred%20Photos/DSC_0399_result.jpg
PIC_VIEWER decode_stage source_ms=13 cpu_ms=33 uri=nfs://DietPi.local/mnt/4TBS/pics-sport/XCC%202026/XCC%20EP%20Champs%202026/Starred%20Photos/DSC_0399_result.jpg
PIC_VIEWER t_ms=15101 tid=ThreadId(90) decode_done uri=nfs://DietPi.local/mnt/4TBS/pics-sport/XCC%202026/XCC%20EP%20Champs%202026/Starred%20Photos/DSC_0399_result.jpg variant=1124x794 elapsed_ms=49 outcome=ok
PIC_VIEWER t_ms=15102 tid=ThreadId(1) display_apply elapsed_ms=0 uri=nfs://DietPi.local/mnt/4TBS/pics-sport/XCC%202026/XCC%20EP%20Champs%202026/Starred%20Photos/DSC_0399_result.jpg
PIC_VIEWER t_ms=15102 tid=ThreadId(1) display_done lane=foreground source=decode navigation_ms=50 uri=nfs://DietPi.local/mnt/4TBS/pics-sport/XCC%202026/XCC%20EP%20Champs%202026/Starred%20Photos/DSC_0399_result.jpg
PIC_VIEWER t_ms=15102 tid=ThreadId(1) cache_evict uri=nfs://DietPi.local/mnt/4TBS/pics-sport/XCC%202026/XCC%20EP%20Champs%202026/Starred%20Photos/DSC_0068_result.jpg bytes=3372000 remaining_entries=32 remaining_bytes=107895008
PIC_VIEWER t_ms=15209 tid=ThreadId(1) wheel_event dy=1
PIC_VIEWER t_ms=15209 tid=ThreadId(1) navigation_dispatch source=wheel from_index=461 to_index=462 direction=1
PIC_VIEWER t_ms=15209 tid=ThreadId(1) infobar_update source=wheel index=462 uri=nfs://DietPi.local/mnt/4TBS/pics-sport/XCC%202026/XCC%20EP%20Champs%202026/Starred%20Photos/DSC_0418_result.jpg
PIC_VIEWER t_ms=15209 tid=ThreadId(1) show_photo_request generation=73 index=462 uri=nfs://DietPi.local/mnt/4TBS/pics-sport/XCC%202026/XCC%20EP%20Champs%202026/Starred%20Photos/DSC_0418_result.jpg
PIC_VIEWER t_ms=15209 tid=ThreadId(1) request lane=foreground action=new uri=nfs://DietPi.local/mnt/4TBS/pics-sport/XCC%202026/XCC%20EP%20Champs%202026/Starred%20Photos/DSC_0418_result.jpg variant=1124x794
PIC_VIEWER t_ms=15209 tid=ThreadId(91) decode_start uri=nfs://DietPi.local/mnt/4TBS/pics-sport/XCC%202026/XCC%20EP%20Champs%202026/Starred%20Photos/DSC_0418_result.jpg variant=1124x794 queue_ms=0
PIC_VIEWER source_cache lane=foreground action=miss uri=nfs://DietPi.local/mnt/4TBS/pics-sport/XCC%202026/XCC%20EP%20Champs%202026/Starred%20Photos/DSC_0418_result.jpg
PIC_VIEWER network_slot lane=foreground wait_ms=0 uri=nfs://DietPi.local/mnt/4TBS/pics-sport/XCC%202026/XCC%20EP%20Champs%202026/Starred%20Photos/DSC_0418_result.jpg
PIC_NETWORK tid=ThreadId(91) PRIVATE_NFS export_cache_hit host=DietPi.local count=5
PIC_NETWORK tid=ThreadId(91) PRIVATE_NFS read_start uri=nfs://DietPi.local/mnt/4TBS/pics-sport/XCC%202026/XCC%20EP%20Champs%202026/Starred%20Photos/DSC_0418_result.jpg max_bytes=134217728
PIC_NFS stage=read_session_lock elapsed_ms=0 tid=140339439552192 host=DietPi.local export=/mnt/4TBS relative=/pics-sport/XCC 2026/XCC EP Champs 2026/Starred Photos/DSC_0418_result.jpg outcome=acquired
PIC_NFS_CONNECT reuse host=DietPi.local export=/mnt/4TBS
PIC_NFS stage=file_open elapsed_ms=2 tid=140339439552192 host=DietPi.local export=/mnt/4TBS relative=/pics-sport/XCC 2026/XCC EP Champs 2026/Starred Photos/DSC_0418_result.jpg outcome=ok
PIC_NFS stage=rpc_read elapsed_ms=2 tid=140339439552192 host=DietPi.local export=/mnt/4TBS relative=/pics-sport/XCC 2026/XCC EP Champs 2026/Starred Photos/DSC_0418_result.jpg iteration=1 outcome=ok bytes=65536 timedout_delta=0 retransmitted_delta=0 reconnects_delta=0
PIC_NFS stage=first_read elapsed_ms=2 tid=140339439552192 host=DietPi.local export=/mnt/4TBS relative=/pics-sport/XCC 2026/XCC EP Champs 2026/Starred Photos/DSC_0418_result.jpg outcome=ok bytes=65536
PIC_NFS stage=rpc_read elapsed_ms=1 tid=140339439552192 host=DietPi.local export=/mnt/4TBS relative=/pics-sport/XCC 2026/XCC EP Champs 2026/Starred Photos/DSC_0418_result.jpg iteration=2 outcome=ok bytes=65536 timedout_delta=0 retransmitted_delta=0 reconnects_delta=0
PIC_NFS stage=rpc_read elapsed_ms=2 tid=140339439552192 host=DietPi.local export=/mnt/4TBS relative=/pics-sport/XCC 2026/XCC EP Champs 2026/Starred Photos/DSC_0418_result.jpg iteration=3 outcome=ok bytes=131072 timedout_delta=0 retransmitted_delta=0 reconnects_delta=0
PIC_NFS stage=rpc_read elapsed_ms=3 tid=140339439552192 host=DietPi.local export=/mnt/4TBS relative=/pics-sport/XCC 2026/XCC EP Champs 2026/Starred Photos/DSC_0418_result.jpg iteration=4 outcome=ok bytes=262144 timedout_delta=0 retransmitted_delta=0 reconnects_delta=0
PIC_NFS stage=rpc_read elapsed_ms=5 tid=140339439552192 host=DietPi.local export=/mnt/4TBS relative=/pics-sport/XCC 2026/XCC EP Champs 2026/Starred Photos/DSC_0418_result.jpg iteration=5 outcome=ok bytes=524288 timedout_delta=0 retransmitted_delta=0 reconnects_delta=0
PIC_VIEWER t_ms=15225 tid=ThreadId(1) wheel_event dy=1
PIC_VIEWER t_ms=15225 tid=ThreadId(1) wheel_accumulate current_index=462 target_index=463 direction=1
PIC_NFS stage=rpc_read elapsed_ms=2 tid=140339439552192 host=DietPi.local export=/mnt/4TBS relative=/pics-sport/XCC 2026/XCC EP Champs 2026/Starred Photos/DSC_0418_result.jpg iteration=6 outcome=ok bytes=170172 timedout_delta=0 retransmitted_delta=0 reconnects_delta=0
PIC_NFS stage=rpc_read elapsed_ms=1 tid=140339439552192 host=DietPi.local export=/mnt/4TBS relative=/pics-sport/XCC 2026/XCC EP Champs 2026/Starred Photos/DSC_0418_result.jpg iteration=7 outcome=ok bytes=0 timedout_delta=0 retransmitted_delta=0 reconnects_delta=0
PIC_NFS stage=file_read_complete elapsed_ms=16 tid=140339439552192 host=DietPi.local export=/mnt/4TBS relative=/pics-sport/XCC 2026/XCC EP Champs 2026/Starred Photos/DSC_0418_result.jpg outcome=ok bytes=1218748 calls=7
PIC_NETWORK tid=ThreadId(91) PRIVATE_NFS read_done bytes=1218748 elapsed_ms=17 uri=nfs://DietPi.local/mnt/4TBS/pics-sport/XCC%202026/XCC%20EP%20Champs%202026/Starred%20Photos/DSC_0418_result.jpg
PIC_VIEWER source_cache action=insert bytes=1218748 uri=nfs://DietPi.local/mnt/4TBS/pics-sport/XCC%202026/XCC%20EP%20Champs%202026/Starred%20Photos/DSC_0418_result.jpg
PIC_VIEWER source_cache action=evict bytes=877392 uri=nfs://DietPi.local/mnt/4TBS/Spar%20Ladies%202025/FB-Spar%20Womens-ToUpload/DSC_5716.jpg
PIC_VIEWER network_done lane=foreground read_ms=17 bytes=1218748 source=network outcome=ok uri=nfs://DietPi.local/mnt/4TBS/pics-sport/XCC%202026/XCC%20EP%20Champs%202026/Starred%20Photos/DSC_0418_result.jpg
PIC_VIEWER t_ms=15232 tid=ThreadId(1) wheel_event dy=1
PIC_VIEWER t_ms=15232 tid=ThreadId(1) wheel_accumulate current_index=462 target_index=464 direction=1
PIC_VIEWER t_ms=15240 tid=ThreadId(1) wheel_event dy=1
PIC_VIEWER t_ms=15240 tid=ThreadId(1) wheel_accumulate current_index=462 target_index=465 direction=1
PIC_VIEWER t_ms=15249 tid=ThreadId(1) wheel_event dy=1
PIC_VIEWER t_ms=15249 tid=ThreadId(1) wheel_accumulate current_index=462 target_index=466 direction=1
PIC_VIEWER t_ms=15256 tid=ThreadId(1) wheel_event dy=1
PIC_VIEWER t_ms=15256 tid=ThreadId(1) wheel_accumulate current_index=462 target_index=467 direction=1
PIC_VIEWER decode_stage source_ms=18 cpu_ms=36 uri=nfs://DietPi.local/mnt/4TBS/pics-sport/XCC%202026/XCC%20EP%20Champs%202026/Starred%20Photos/DSC_0418_result.jpg
PIC_VIEWER t_ms=15267 tid=ThreadId(91) decode_done uri=nfs://DietPi.local/mnt/4TBS/pics-sport/XCC%202026/XCC%20EP%20Champs%202026/Starred%20Photos/DSC_0418_result.jpg variant=1124x794 elapsed_ms=58 outcome=ok
PIC_VIEWER t_ms=15268 tid=ThreadId(1) display_apply elapsed_ms=0 uri=nfs://DietPi.local/mnt/4TBS/pics-sport/XCC%202026/XCC%20EP%20Champs%202026/Starred%20Photos/DSC_0418_result.jpg
PIC_VIEWER t_ms=15268 tid=ThreadId(1) display_done lane=foreground source=decode navigation_ms=58 uri=nfs://DietPi.local/mnt/4TBS/pics-sport/XCC%202026/XCC%20EP%20Champs%202026/Starred%20Photos/DSC_0418_result.jpg
PIC_VIEWER t_ms=15268 tid=ThreadId(1) cache_evict uri=nfs://DietPi.local/mnt/4TBS/pics-sport/XCC%202026/XCC%20EP%20Champs%202026/Starred%20Photos/DSC_0054_result.jpg bytes=3372000 remaining_entries=32 remaining_bytes=107890512
PIC_VIEWER t_ms=15268 tid=ThreadId(1) navigation_dispatch source=wheel_coalesced from_index=462 to_index=467 direction=1
PIC_VIEWER t_ms=15268 tid=ThreadId(1) infobar_update source=wheel index=467 uri=nfs://DietPi.local/mnt/4TBS/pics-sport/XCC%202026/XCC%20EP%20Champs%202026/Starred%20Photos/DSC_0559_result.jpg
PIC_VIEWER t_ms=15268 tid=ThreadId(1) show_photo_request generation=74 index=467 uri=nfs://DietPi.local/mnt/4TBS/pics-sport/XCC%202026/XCC%20EP%20Champs%202026/Starred%20Photos/DSC_0559_result.jpg
PIC_VIEWER t_ms=15268 tid=ThreadId(1) request lane=foreground action=new uri=nfs://DietPi.local/mnt/4TBS/pics-sport/XCC%202026/XCC%20EP%20Champs%202026/Starred%20Photos/DSC_0559_result.jpg variant=1124x794
PIC_VIEWER t_ms=15268 tid=ThreadId(92) decode_start uri=nfs://DietPi.local/mnt/4TBS/pics-sport/XCC%202026/XCC%20EP%20Champs%202026/Starred%20Photos/DSC_0559_result.jpg variant=1124x794 queue_ms=0
PIC_VIEWER source_cache lane=foreground action=miss uri=nfs://DietPi.local/mnt/4TBS/pics-sport/XCC%202026/XCC%20EP%20Champs%202026/Starred%20Photos/DSC_0559_result.jpg
PIC_VIEWER network_slot lane=foreground wait_ms=0 uri=nfs://DietPi.local/mnt/4TBS/pics-sport/XCC%202026/XCC%20EP%20Champs%202026/Starred%20Photos/DSC_0559_result.jpg
PIC_NETWORK tid=ThreadId(92) PRIVATE_NFS export_cache_hit host=DietPi.local count=5
PIC_NETWORK tid=ThreadId(92) PRIVATE_NFS read_start uri=nfs://DietPi.local/mnt/4TBS/pics-sport/XCC%202026/XCC%20EP%20Champs%202026/Starred%20Photos/DSC_0559_result.jpg max_bytes=134217728
PIC_NFS stage=read_session_lock elapsed_ms=0 tid=140339439552192 host=DietPi.local export=/mnt/4TBS relative=/pics-sport/XCC 2026/XCC EP Champs 2026/Starred Photos/DSC_0559_result.jpg outcome=acquired
PIC_NFS_CONNECT reuse host=DietPi.local export=/mnt/4TBS
PIC_NFS stage=file_open elapsed_ms=2 tid=140339439552192 host=DietPi.local export=/mnt/4TBS relative=/pics-sport/XCC 2026/XCC EP Champs 2026/Starred Photos/DSC_0559_result.jpg outcome=ok
PIC_NFS stage=rpc_read elapsed_ms=2 tid=140339439552192 host=DietPi.local export=/mnt/4TBS relative=/pics-sport/XCC 2026/XCC EP Champs 2026/Starred Photos/DSC_0559_result.jpg iteration=1 outcome=ok bytes=65536 timedout_delta=0 retransmitted_delta=0 reconnects_delta=0
PIC_NFS stage=first_read elapsed_ms=2 tid=140339439552192 host=DietPi.local export=/mnt/4TBS relative=/pics-sport/XCC 2026/XCC EP Champs 2026/Starred Photos/DSC_0559_result.jpg outcome=ok bytes=65536
PIC_NFS stage=rpc_read elapsed_ms=1 tid=140339439552192 host=DietPi.local export=/mnt/4TBS relative=/pics-sport/XCC 2026/XCC EP Champs 2026/Starred Photos/DSC_0559_result.jpg iteration=2 outcome=ok bytes=65536 timedout_delta=0 retransmitted_delta=0 reconnects_delta=0
PIC_NFS stage=rpc_read elapsed_ms=1 tid=140339439552192 host=DietPi.local export=/mnt/4TBS relative=/pics-sport/XCC 2026/XCC EP Champs 2026/Starred Photos/DSC_0559_result.jpg iteration=3 outcome=ok bytes=131072 timedout_delta=0 retransmitted_delta=0 reconnects_delta=0
PIC_NFS stage=rpc_read elapsed_ms=3 tid=140339439552192 host=DietPi.local export=/mnt/4TBS relative=/pics-sport/XCC 2026/XCC EP Champs 2026/Starred Photos/DSC_0559_result.jpg iteration=4 outcome=ok bytes=262144 timedout_delta=0 retransmitted_delta=0 reconnects_delta=0
PIC_NFS stage=rpc_read elapsed_ms=6 tid=140339439552192 host=DietPi.local export=/mnt/4TBS relative=/pics-sport/XCC 2026/XCC EP Champs 2026/Starred Photos/DSC_0559_result.jpg iteration=5 outcome=ok bytes=524288 timedout_delta=0 retransmitted_delta=0 reconnects_delta=0
PIC_NFS stage=rpc_read elapsed_ms=3 tid=140339439552192 host=DietPi.local export=/mnt/4TBS relative=/pics-sport/XCC 2026/XCC EP Champs 2026/Starred Photos/DSC_0559_result.jpg iteration=6 outcome=ok bytes=279674 timedout_delta=0 retransmitted_delta=0 reconnects_delta=0
PIC_NFS stage=rpc_read elapsed_ms=0 tid=140339439552192 host=DietPi.local export=/mnt/4TBS relative=/pics-sport/XCC 2026/XCC EP Champs 2026/Starred Photos/DSC_0559_result.jpg iteration=7 outcome=ok bytes=0 timedout_delta=0 retransmitted_delta=0 reconnects_delta=0
PIC_NFS stage=file_read_complete elapsed_ms=16 tid=140339439552192 host=DietPi.local export=/mnt/4TBS relative=/pics-sport/XCC 2026/XCC EP Champs 2026/Starred Photos/DSC_0559_result.jpg outcome=ok bytes=1328250 calls=7
PIC_NETWORK tid=ThreadId(92) PRIVATE_NFS read_done bytes=1328250 elapsed_ms=18 uri=nfs://DietPi.local/mnt/4TBS/pics-sport/XCC%202026/XCC%20EP%20Champs%202026/Starred%20Photos/DSC_0559_result.jpg
PIC_VIEWER source_cache action=insert bytes=1328250 uri=nfs://DietPi.local/mnt/4TBS/pics-sport/XCC%202026/XCC%20EP%20Champs%202026/Starred%20Photos/DSC_0559_result.jpg
PIC_VIEWER source_cache action=evict bytes=774786 uri=nfs://DietPi.local/mnt/4TBS/Spar%20Ladies%202025/FB-Spar%20Womens-ToUpload/DSC_5717.jpg
PIC_VIEWER network_done lane=foreground read_ms=19 bytes=1328250 source=network outcome=ok uri=nfs://DietPi.local/mnt/4TBS/pics-sport/XCC%202026/XCC%20EP%20Champs%202026/Starred%20Photos/DSC_0559_result.jpg
PIC_VIEWER decode_stage source_ms=19 cpu_ms=38 uri=nfs://DietPi.local/mnt/4TBS/pics-sport/XCC%202026/XCC%20EP%20Champs%202026/Starred%20Photos/DSC_0559_result.jpg
PIC_VIEWER t_ms=15329 tid=ThreadId(92) decode_done uri=nfs://DietPi.local/mnt/4TBS/pics-sport/XCC%202026/XCC%20EP%20Champs%202026/Starred%20Photos/DSC_0559_result.jpg variant=1124x794 elapsed_ms=61 outcome=ok
PIC_VIEWER t_ms=15330 tid=ThreadId(1) display_apply elapsed_ms=0 uri=nfs://DietPi.local/mnt/4TBS/pics-sport/XCC%202026/XCC%20EP%20Champs%202026/Starred%20Photos/DSC_0559_result.jpg
PIC_VIEWER t_ms=15330 tid=ThreadId(1) display_done lane=foreground source=decode navigation_ms=61 uri=nfs://DietPi.local/mnt/4TBS/pics-sport/XCC%202026/XCC%20EP%20Champs%202026/Starred%20Photos/DSC_0559_result.jpg
PIC_VIEWER t_ms=15330 tid=ThreadId(1) cache_evict uri=nfs://DietPi.local/mnt/4TBS/pics-sport/XCC%202026/XCC%20EP%20Champs%202026/Starred%20Photos/DSC_0036_result.jpg bytes=3372000 remaining_entries=32 remaining_bytes=107890512
PIC_VIEWER t_ms=15465 tid=ThreadId(1) wheel_event dy=1
PIC_VIEWER t_ms=15465 tid=ThreadId(1) navigation_dispatch source=wheel from_index=467 to_index=468 direction=1
PIC_VIEWER t_ms=15465 tid=ThreadId(1) infobar_update source=wheel index=468 uri=nfs://DietPi.local/mnt/4TBS/pics-sport/XCC%202026/XCC%20EP%20Champs%202026/Starred%20Photos/DSC_0880_result.jpg
PIC_VIEWER t_ms=15465 tid=ThreadId(1) show_photo_request generation=75 index=468 uri=nfs://DietPi.local/mnt/4TBS/pics-sport/XCC%202026/XCC%20EP%20Champs%202026/Starred%20Photos/DSC_0880_result.jpg
PIC_VIEWER t_ms=15465 tid=ThreadId(1) request lane=foreground action=new uri=nfs://DietPi.local/mnt/4TBS/pics-sport/XCC%202026/XCC%20EP%20Champs%202026/Starred%20Photos/DSC_0880_result.jpg variant=1124x794
PIC_VIEWER t_ms=15465 tid=ThreadId(93) decode_start uri=nfs://DietPi.local/mnt/4TBS/pics-sport/XCC%202026/XCC%20EP%20Champs%202026/Starred%20Photos/DSC_0880_result.jpg variant=1124x794 queue_ms=0
PIC_VIEWER source_cache lane=foreground action=miss uri=nfs://DietPi.local/mnt/4TBS/pics-sport/XCC%202026/XCC%20EP%20Champs%202026/Starred%20Photos/DSC_0880_result.jpg
PIC_VIEWER network_slot lane=foreground wait_ms=0 uri=nfs://DietPi.local/mnt/4TBS/pics-sport/XCC%202026/XCC%20EP%20Champs%202026/Starred%20Photos/DSC_0880_result.jpg
PIC_NETWORK tid=ThreadId(93) PRIVATE_NFS export_cache_hit host=DietPi.local count=5
PIC_NETWORK tid=ThreadId(93) PRIVATE_NFS read_start uri=nfs://DietPi.local/mnt/4TBS/pics-sport/XCC%202026/XCC%20EP%20Champs%202026/Starred%20Photos/DSC_0880_result.jpg max_bytes=134217728
PIC_NFS stage=read_session_lock elapsed_ms=0 tid=140339439552192 host=DietPi.local export=/mnt/4TBS relative=/pics-sport/XCC 2026/XCC EP Champs 2026/Starred Photos/DSC_0880_result.jpg outcome=acquired
PIC_NFS_CONNECT reuse host=DietPi.local export=/mnt/4TBS
PIC_NFS stage=file_open elapsed_ms=3 tid=140339439552192 host=DietPi.local export=/mnt/4TBS relative=/pics-sport/XCC 2026/XCC EP Champs 2026/Starred Photos/DSC_0880_result.jpg outcome=ok
PIC_NFS stage=rpc_read elapsed_ms=1 tid=140339439552192 host=DietPi.local export=/mnt/4TBS relative=/pics-sport/XCC 2026/XCC EP Champs 2026/Starred Photos/DSC_0880_result.jpg iteration=1 outcome=ok bytes=65536 timedout_delta=0 retransmitted_delta=0 reconnects_delta=0
PIC_NFS stage=first_read elapsed_ms=1 tid=140339439552192 host=DietPi.local export=/mnt/4TBS relative=/pics-sport/XCC 2026/XCC EP Champs 2026/Starred Photos/DSC_0880_result.jpg outcome=ok bytes=65536
PIC_NFS stage=rpc_read elapsed_ms=1 tid=140339439552192 host=DietPi.local export=/mnt/4TBS relative=/pics-sport/XCC 2026/XCC EP Champs 2026/Starred Photos/DSC_0880_result.jpg iteration=2 outcome=ok bytes=65536 timedout_delta=0 retransmitted_delta=0 reconnects_delta=0
PIC_NFS stage=rpc_read elapsed_ms=2 tid=140339439552192 host=DietPi.local export=/mnt/4TBS relative=/pics-sport/XCC 2026/XCC EP Champs 2026/Starred Photos/DSC_0880_result.jpg iteration=3 outcome=ok bytes=131072 timedout_delta=0 retransmitted_delta=0 reconnects_delta=0
PIC_NFS stage=rpc_read elapsed_ms=3 tid=140339439552192 host=DietPi.local export=/mnt/4TBS relative=/pics-sport/XCC 2026/XCC EP Champs 2026/Starred Photos/DSC_0880_result.jpg iteration=4 outcome=ok bytes=262144 timedout_delta=0 retransmitted_delta=0 reconnects_delta=0
PIC_NFS stage=rpc_read elapsed_ms=5 tid=140339439552192 host=DietPi.local export=/mnt/4TBS relative=/pics-sport/XCC 2026/XCC EP Champs 2026/Starred Photos/DSC_0880_result.jpg iteration=5 outcome=ok bytes=524288 timedout_delta=0 retransmitted_delta=0 reconnects_delta=0
PIC_VIEWER t_ms=15481 tid=ThreadId(1) wheel_event dy=1
PIC_VIEWER t_ms=15481 tid=ThreadId(1) wheel_accumulate current_index=468 target_index=469 direction=1
PIC_NFS stage=rpc_read elapsed_ms=2 tid=140339439552192 host=DietPi.local export=/mnt/4TBS relative=/pics-sport/XCC 2026/XCC EP Champs 2026/Starred Photos/DSC_0880_result.jpg iteration=6 outcome=ok bytes=165338 timedout_delta=0 retransmitted_delta=0 reconnects_delta=0
PIC_NFS stage=rpc_read elapsed_ms=0 tid=140339439552192 host=DietPi.local export=/mnt/4TBS relative=/pics-sport/XCC 2026/XCC EP Champs 2026/Starred Photos/DSC_0880_result.jpg iteration=7 outcome=ok bytes=0 timedout_delta=0 retransmitted_delta=0 reconnects_delta=0
PIC_NFS stage=file_read_complete elapsed_ms=14 tid=140339439552192 host=DietPi.local export=/mnt/4TBS relative=/pics-sport/XCC 2026/XCC EP Champs 2026/Starred Photos/DSC_0880_result.jpg outcome=ok bytes=1213914 calls=7
PIC_NETWORK tid=ThreadId(93) PRIVATE_NFS read_done bytes=1213914 elapsed_ms=17 uri=nfs://DietPi.local/mnt/4TBS/pics-sport/XCC%202026/XCC%20EP%20Champs%202026/Starred%20Photos/DSC_0880_result.jpg
PIC_VIEWER source_cache action=insert bytes=1213914 uri=nfs://DietPi.local/mnt/4TBS/pics-sport/XCC%202026/XCC%20EP%20Champs%202026/Starred%20Photos/DSC_0880_result.jpg
PIC_VIEWER source_cache action=evict bytes=1154865 uri=nfs://DietPi.local/mnt/4TBS/Spar%20Ladies%202025/FB-Spar%20Womens-ToUpload/DSC_5715.jpg
PIC_VIEWER network_done lane=foreground read_ms=17 bytes=1213914 source=network outcome=ok uri=nfs://DietPi.local/mnt/4TBS/pics-sport/XCC%202026/XCC%20EP%20Champs%202026/Starred%20Photos/DSC_0880_result.jpg
PIC_VIEWER t_ms=15497 tid=ThreadId(1) wheel_event dy=1
PIC_VIEWER t_ms=15497 tid=ThreadId(1) wheel_accumulate current_index=468 target_index=470 direction=1
PIC_VIEWER t_ms=15504 tid=ThreadId(1) wheel_event dy=1
PIC_VIEWER t_ms=15504 tid=ThreadId(1) wheel_accumulate current_index=468 target_index=471 direction=1
PIC_VIEWER t_ms=15513 tid=ThreadId(1) wheel_event dy=1
PIC_VIEWER t_ms=15513 tid=ThreadId(1) wheel_accumulate current_index=468 target_index=472 direction=1
PIC_VIEWER decode_stage source_ms=17 cpu_ms=37 uri=nfs://DietPi.local/mnt/4TBS/pics-sport/XCC%202026/XCC%20EP%20Champs%202026/Starred%20Photos/DSC_0880_result.jpg
PIC_VIEWER t_ms=15523 tid=ThreadId(93) decode_done uri=nfs://DietPi.local/mnt/4TBS/pics-sport/XCC%202026/XCC%20EP%20Champs%202026/Starred%20Photos/DSC_0880_result.jpg variant=1124x794 elapsed_ms=57 outcome=ok
PIC_VIEWER t_ms=15525 tid=ThreadId(1) display_apply elapsed_ms=0 uri=nfs://DietPi.local/mnt/4TBS/pics-sport/XCC%202026/XCC%20EP%20Champs%202026/Starred%20Photos/DSC_0880_result.jpg
PIC_VIEWER t_ms=15525 tid=ThreadId(1) display_done lane=foreground source=decode navigation_ms=59 uri=nfs://DietPi.local/mnt/4TBS/pics-sport/XCC%202026/XCC%20EP%20Champs%202026/Starred%20Photos/DSC_0880_result.jpg
PIC_VIEWER t_ms=15525 tid=ThreadId(1) cache_evict uri=nfs://DietPi.local/mnt/4TBS/pics-sport/XCC%202026/XCC%20EP%20Champs%202026/Starred%20Photos/DSC_0009_result.jpg bytes=3372000 remaining_entries=32 remaining_bytes=107890512
PIC_VIEWER t_ms=15525 tid=ThreadId(1) navigation_dispatch source=wheel_coalesced from_index=468 to_index=472 direction=1
PIC_VIEWER t_ms=15525 tid=ThreadId(1) infobar_update source=wheel index=472 uri=nfs://DietPi.local/mnt/4TBS/pics-sport/XCC%202026/XCC%20EP%20Champs%202026/Starred%20Photos/DSC_1013_result.jpg
PIC_VIEWER t_ms=15525 tid=ThreadId(1) show_photo_request generation=76 index=472 uri=nfs://DietPi.local/mnt/4TBS/pics-sport/XCC%202026/XCC%20EP%20Champs%202026/Starred%20Photos/DSC_1013_result.jpg
PIC_VIEWER t_ms=15525 tid=ThreadId(1) request lane=foreground action=new uri=nfs://DietPi.local/mnt/4TBS/pics-sport/XCC%202026/XCC%20EP%20Champs%202026/Starred%20Photos/DSC_1013_result.jpg variant=1124x794
PIC_VIEWER t_ms=15525 tid=ThreadId(94) decode_start uri=nfs://DietPi.local/mnt/4TBS/pics-sport/XCC%202026/XCC%20EP%20Champs%202026/Starred%20Photos/DSC_1013_result.jpg variant=1124x794 queue_ms=0
PIC_VIEWER source_cache lane=foreground action=miss uri=nfs://DietPi.local/mnt/4TBS/pics-sport/XCC%202026/XCC%20EP%20Champs%202026/Starred%20Photos/DSC_1013_result.jpg
PIC_VIEWER network_slot lane=foreground wait_ms=0 uri=nfs://DietPi.local/mnt/4TBS/pics-sport/XCC%202026/XCC%20EP%20Champs%202026/Starred%20Photos/DSC_1013_result.jpg
PIC_NETWORK tid=ThreadId(94) PRIVATE_NFS export_cache_hit host=DietPi.local count=5
PIC_NETWORK tid=ThreadId(94) PRIVATE_NFS read_start uri=nfs://DietPi.local/mnt/4TBS/pics-sport/XCC%202026/XCC%20EP%20Champs%202026/Starred%20Photos/DSC_1013_result.jpg max_bytes=134217728
PIC_NFS stage=read_session_lock elapsed_ms=0 tid=140339439552192 host=DietPi.local export=/mnt/4TBS relative=/pics-sport/XCC 2026/XCC EP Champs 2026/Starred Photos/DSC_1013_result.jpg outcome=acquired
PIC_NFS_CONNECT reuse host=DietPi.local export=/mnt/4TBS
PIC_NFS stage=file_open elapsed_ms=2 tid=140339439552192 host=DietPi.local export=/mnt/4TBS relative=/pics-sport/XCC 2026/XCC EP Champs 2026/Starred Photos/DSC_1013_result.jpg outcome=ok
PIC_NFS stage=rpc_read elapsed_ms=1 tid=140339439552192 host=DietPi.local export=/mnt/4TBS relative=/pics-sport/XCC 2026/XCC EP Champs 2026/Starred Photos/DSC_1013_result.jpg iteration=1 outcome=ok bytes=65536 timedout_delta=0 retransmitted_delta=0 reconnects_delta=0
PIC_NFS stage=first_read elapsed_ms=1 tid=140339439552192 host=DietPi.local export=/mnt/4TBS relative=/pics-sport/XCC 2026/XCC EP Champs 2026/Starred Photos/DSC_1013_result.jpg outcome=ok bytes=65536
PIC_NFS stage=rpc_read elapsed_ms=1 tid=140339439552192 host=DietPi.local export=/mnt/4TBS relative=/pics-sport/XCC 2026/XCC EP Champs 2026/Starred Photos/DSC_1013_result.jpg iteration=2 outcome=ok bytes=65536 timedout_delta=0 retransmitted_delta=0 reconnects_delta=0
PIC_NFS stage=rpc_read elapsed_ms=2 tid=140339439552192 host=DietPi.local export=/mnt/4TBS relative=/pics-sport/XCC 2026/XCC EP Champs 2026/Starred Photos/DSC_1013_result.jpg iteration=3 outcome=ok bytes=131072 timedout_delta=0 retransmitted_delta=0 reconnects_delta=0
PIC_NFS stage=rpc_read elapsed_ms=3 tid=140339439552192 host=DietPi.local export=/mnt/4TBS relative=/pics-sport/XCC 2026/XCC EP Champs 2026/Starred Photos/DSC_1013_result.jpg iteration=4 outcome=ok bytes=262144 timedout_delta=0 retransmitted_delta=0 reconnects_delta=0
PIC_NFS stage=rpc_read elapsed_ms=5 tid=140339439552192 host=DietPi.local export=/mnt/4TBS relative=/pics-sport/XCC 2026/XCC EP Champs 2026/Starred Photos/DSC_1013_result.jpg iteration=5 outcome=ok bytes=524288 timedout_delta=0 retransmitted_delta=0 reconnects_delta=0
PIC_NFS stage=rpc_read elapsed_ms=5 tid=140339439552192 host=DietPi.local export=/mnt/4TBS relative=/pics-sport/XCC 2026/XCC EP Champs 2026/Starred Photos/DSC_1013_result.jpg iteration=6 outcome=ok bytes=497451 timedout_delta=0 retransmitted_delta=0 reconnects_delta=0
PIC_NFS stage=rpc_read elapsed_ms=1 tid=140339439552192 host=DietPi.local export=/mnt/4TBS relative=/pics-sport/XCC 2026/XCC EP Champs 2026/Starred Photos/DSC_1013_result.jpg iteration=7 outcome=ok bytes=0 timedout_delta=0 retransmitted_delta=0 reconnects_delta=0
PIC_NFS stage=file_read_complete elapsed_ms=18 tid=140339439552192 host=DietPi.local export=/mnt/4TBS relative=/pics-sport/XCC 2026/XCC EP Champs 2026/Starred Photos/DSC_1013_result.jpg outcome=ok bytes=1546027 calls=7
PIC_NETWORK tid=ThreadId(94) PRIVATE_NFS read_done bytes=1546027 elapsed_ms=20 uri=nfs://DietPi.local/mnt/4TBS/pics-sport/XCC%202026/XCC%20EP%20Champs%202026/Starred%20Photos/DSC_1013_result.jpg
PIC_VIEWER source_cache action=insert bytes=1546027 uri=nfs://DietPi.local/mnt/4TBS/pics-sport/XCC%202026/XCC%20EP%20Champs%202026/Starred%20Photos/DSC_1013_result.jpg
PIC_VIEWER source_cache action=evict bytes=1125515 uri=nfs://DietPi.local/mnt/4TBS/Spar%20Ladies%202025/FB-Spar%20Womens-ToUpload/DSC_5710.jpg
PIC_VIEWER network_done lane=foreground read_ms=20 bytes=1546027 source=network outcome=ok uri=nfs://DietPi.local/mnt/4TBS/pics-sport/XCC%202026/XCC%20EP%20Champs%202026/Starred%20Photos/DSC_1013_result.jpg
PIC_VIEWER decode_stage source_ms=20 cpu_ms=39 uri=nfs://DietPi.local/mnt/4TBS/pics-sport/XCC%202026/XCC%20EP%20Champs%202026/Starred%20Photos/DSC_1013_result.jpg
PIC_VIEWER t_ms=15588 tid=ThreadId(94) decode_done uri=nfs://DietPi.local/mnt/4TBS/pics-sport/XCC%202026/XCC%20EP%20Champs%202026/Starred%20Photos/DSC_1013_result.jpg variant=1124x794 elapsed_ms=62 outcome=ok
PIC_VIEWER t_ms=15588 tid=ThreadId(1) display_apply elapsed_ms=0 uri=nfs://DietPi.local/mnt/4TBS/pics-sport/XCC%202026/XCC%20EP%20Champs%202026/Starred%20Photos/DSC_1013_result.jpg
PIC_VIEWER t_ms=15588 tid=ThreadId(1) display_done lane=foreground source=decode navigation_ms=63 uri=nfs://DietPi.local/mnt/4TBS/pics-sport/XCC%202026/XCC%20EP%20Champs%202026/Starred%20Photos/DSC_1013_result.jpg
PIC_VIEWER t_ms=15588 tid=ThreadId(1) cache_evict uri=nfs://DietPi.local/mnt/4TBS/pics-sport/XCC%202026/XCC%20EP%20Champs%202026/Starred%20Photos/DSC_0008_result.jpg bytes=3372000 remaining_entries=32 remaining_bytes=107890512
PIC_VIEWER t_ms=15722 tid=ThreadId(1) wheel_event dy=1
PIC_VIEWER t_ms=15722 tid=ThreadId(1) navigation_dispatch source=wheel from_index=472 to_index=473 direction=1
PIC_VIEWER t_ms=15722 tid=ThreadId(1) infobar_update source=wheel index=473 uri=nfs://DietPi.local/mnt/4TBS/pics-sport/XCC%202026/XCC%20EP%20Champs%202026/Starred%20Photos/DSC_1043_result.jpg
PIC_VIEWER t_ms=15722 tid=ThreadId(1) show_photo_request generation=77 index=473 uri=nfs://DietPi.local/mnt/4TBS/pics-sport/XCC%202026/XCC%20EP%20Champs%202026/Starred%20Photos/DSC_1043_result.jpg
PIC_VIEWER t_ms=15722 tid=ThreadId(1) request lane=foreground action=new uri=nfs://DietPi.local/mnt/4TBS/pics-sport/XCC%202026/XCC%20EP%20Champs%202026/Starred%20Photos/DSC_1043_result.jpg variant=1124x794
PIC_VIEWER t_ms=15722 tid=ThreadId(95) decode_start uri=nfs://DietPi.local/mnt/4TBS/pics-sport/XCC%202026/XCC%20EP%20Champs%202026/Starred%20Photos/DSC_1043_result.jpg variant=1124x794 queue_ms=0
PIC_VIEWER source_cache lane=foreground action=miss uri=nfs://DietPi.local/mnt/4TBS/pics-sport/XCC%202026/XCC%20EP%20Champs%202026/Starred%20Photos/DSC_1043_result.jpg
PIC_VIEWER network_slot lane=foreground wait_ms=0 uri=nfs://DietPi.local/mnt/4TBS/pics-sport/XCC%202026/XCC%20EP%20Champs%202026/Starred%20Photos/DSC_1043_result.jpg
PIC_NETWORK tid=ThreadId(95) PRIVATE_NFS export_cache_hit host=DietPi.local count=5
PIC_NETWORK tid=ThreadId(95) PRIVATE_NFS read_start uri=nfs://DietPi.local/mnt/4TBS/pics-sport/XCC%202026/XCC%20EP%20Champs%202026/Starred%20Photos/DSC_1043_result.jpg max_bytes=134217728
PIC_NFS stage=read_session_lock elapsed_ms=0 tid=140339439552192 host=DietPi.local export=/mnt/4TBS relative=/pics-sport/XCC 2026/XCC EP Champs 2026/Starred Photos/DSC_1043_result.jpg outcome=acquired
PIC_NFS_CONNECT reuse host=DietPi.local export=/mnt/4TBS
PIC_NFS stage=file_open elapsed_ms=2 tid=140339439552192 host=DietPi.local export=/mnt/4TBS relative=/pics-sport/XCC 2026/XCC EP Champs 2026/Starred Photos/DSC_1043_result.jpg outcome=ok
PIC_NFS stage=rpc_read elapsed_ms=1 tid=140339439552192 host=DietPi.local export=/mnt/4TBS relative=/pics-sport/XCC 2026/XCC EP Champs 2026/Starred Photos/DSC_1043_result.jpg iteration=1 outcome=ok bytes=65536 timedout_delta=0 retransmitted_delta=0 reconnects_delta=0
PIC_NFS stage=first_read elapsed_ms=1 tid=140339439552192 host=DietPi.local export=/mnt/4TBS relative=/pics-sport/XCC 2026/XCC EP Champs 2026/Starred Photos/DSC_1043_result.jpg outcome=ok bytes=65536
PIC_NFS stage=rpc_read elapsed_ms=2 tid=140339439552192 host=DietPi.local export=/mnt/4TBS relative=/pics-sport/XCC 2026/XCC EP Champs 2026/Starred Photos/DSC_1043_result.jpg iteration=2 outcome=ok bytes=65536 timedout_delta=0 retransmitted_delta=0 reconnects_delta=0
PIC_NFS stage=rpc_read elapsed_ms=1 tid=140339439552192 host=DietPi.local export=/mnt/4TBS relative=/pics-sport/XCC 2026/XCC EP Champs 2026/Starred Photos/DSC_1043_result.jpg iteration=3 outcome=ok bytes=131072 timedout_delta=0 retransmitted_delta=0 reconnects_delta=0
PIC_NFS stage=rpc_read elapsed_ms=3 tid=140339439552192 host=DietPi.local export=/mnt/4TBS relative=/pics-sport/XCC 2026/XCC EP Champs 2026/Starred Photos/DSC_1043_result.jpg iteration=4 outcome=ok bytes=262144 timedout_delta=0 retransmitted_delta=0 reconnects_delta=0
PIC_NFS stage=rpc_read elapsed_ms=5 tid=140339439552192 host=DietPi.local export=/mnt/4TBS relative=/pics-sport/XCC 2026/XCC EP Champs 2026/Starred Photos/DSC_1043_result.jpg iteration=5 outcome=ok bytes=524288 timedout_delta=0 retransmitted_delta=0 reconnects_delta=0
PIC_VIEWER t_ms=15739 tid=ThreadId(1) wheel_event dy=1
PIC_VIEWER t_ms=15739 tid=ThreadId(1) wheel_accumulate current_index=473 target_index=474 direction=1
PIC_NFS stage=rpc_read elapsed_ms=5 tid=140339439552192 host=DietPi.local export=/mnt/4TBS relative=/pics-sport/XCC 2026/XCC EP Champs 2026/Starred Photos/DSC_1043_result.jpg iteration=6 outcome=ok bytes=442284 timedout_delta=0 retransmitted_delta=0 reconnects_delta=0
PIC_NFS stage=rpc_read elapsed_ms=0 tid=140339439552192 host=DietPi.local export=/mnt/4TBS relative=/pics-sport/XCC 2026/XCC EP Champs 2026/Starred Photos/DSC_1043_result.jpg iteration=7 outcome=ok bytes=0 timedout_delta=0 retransmitted_delta=0 reconnects_delta=0
PIC_NFS stage=file_read_complete elapsed_ms=17 tid=140339439552192 host=DietPi.local export=/mnt/4TBS relative=/pics-sport/XCC 2026/XCC EP Champs 2026/Starred Photos/DSC_1043_result.jpg outcome=ok bytes=1490860 calls=7
PIC_NETWORK tid=ThreadId(95) PRIVATE_NFS read_done bytes=1490860 elapsed_ms=19 uri=nfs://DietPi.local/mnt/4TBS/pics-sport/XCC%202026/XCC%20EP%20Champs%202026/Starred%20Photos/DSC_1043_result.jpg
PIC_VIEWER source_cache action=insert bytes=1490860 uri=nfs://DietPi.local/mnt/4TBS/pics-sport/XCC%202026/XCC%20EP%20Champs%202026/Starred%20Photos/DSC_1043_result.jpg
PIC_VIEWER source_cache action=evict bytes=1107313 uri=nfs://DietPi.local/mnt/4TBS/Spar%20Ladies%202025/FB-Spar%20Womens-ToUpload/DSC_5709.jpg
PIC_VIEWER network_done lane=foreground read_ms=19 bytes=1490860 source=network outcome=ok uri=nfs://DietPi.local/mnt/4TBS/pics-sport/XCC%202026/XCC%20EP%20Champs%202026/Starred%20Photos/DSC_1043_result.jpg
PIC_VIEWER t_ms=15752 tid=ThreadId(1) wheel_event dy=1
PIC_VIEWER t_ms=15752 tid=ThreadId(1) wheel_accumulate current_index=473 target_index=475 direction=1
PIC_VIEWER t_ms=15760 tid=ThreadId(1) wheel_event dy=1
PIC_VIEWER t_ms=15760 tid=ThreadId(1) wheel_accumulate current_index=473 target_index=476 direction=1
PIC_VIEWER t_ms=15768 tid=ThreadId(1) wheel_event dy=1
PIC_VIEWER t_ms=15768 tid=ThreadId(1) wheel_accumulate current_index=473 target_index=477 direction=1
PIC_VIEWER t_ms=15777 tid=ThreadId(1) wheel_event dy=1
PIC_VIEWER t_ms=15777 tid=ThreadId(1) wheel_accumulate current_index=473 target_index=478 direction=1
PIC_VIEWER decode_stage source_ms=19 cpu_ms=40 uri=nfs://DietPi.local/mnt/4TBS/pics-sport/XCC%202026/XCC%20EP%20Champs%202026/Starred%20Photos/DSC_1043_result.jpg
PIC_VIEWER t_ms=15785 tid=ThreadId(95) decode_done uri=nfs://DietPi.local/mnt/4TBS/pics-sport/XCC%202026/XCC%20EP%20Champs%202026/Starred%20Photos/DSC_1043_result.jpg variant=1124x794 elapsed_ms=62 outcome=ok
PIC_VIEWER t_ms=15785 tid=ThreadId(1) display_apply elapsed_ms=0 uri=nfs://DietPi.local/mnt/4TBS/pics-sport/XCC%202026/XCC%20EP%20Champs%202026/Starred%20Photos/DSC_1043_result.jpg
PIC_VIEWER t_ms=15785 tid=ThreadId(1) display_done lane=foreground source=decode navigation_ms=63 uri=nfs://DietPi.local/mnt/4TBS/pics-sport/XCC%202026/XCC%20EP%20Champs%202026/Starred%20Photos/DSC_1043_result.jpg
PIC_VIEWER t_ms=15785 tid=ThreadId(1) cache_evict uri=nfs://DietPi.local/mnt/4TBS/pics-sport/XCC%202026/XCC%20EP%20Champs%202026/Starred%20Photos/DSC_0005_result.jpg bytes=3372000 remaining_entries=32 remaining_bytes=107890512
PIC_VIEWER t_ms=15785 tid=ThreadId(1) navigation_dispatch source=wheel_coalesced from_index=473 to_index=478 direction=1
PIC_VIEWER t_ms=15785 tid=ThreadId(1) infobar_update source=wheel index=478 uri=nfs://DietPi.local/mnt/4TBS/pics-sport/XCC%202026/XCC%20EP%20Champs%202026/Starred%20Photos/DSC_1242_result.jpg
PIC_VIEWER t_ms=15786 tid=ThreadId(1) show_photo_request generation=78 index=478 uri=nfs://DietPi.local/mnt/4TBS/pics-sport/XCC%202026/XCC%20EP%20Champs%202026/Starred%20Photos/DSC_1242_result.jpg
PIC_VIEWER t_ms=15786 tid=ThreadId(1) request lane=foreground action=new uri=nfs://DietPi.local/mnt/4TBS/pics-sport/XCC%202026/XCC%20EP%20Champs%202026/Starred%20Photos/DSC_1242_result.jpg variant=1124x794
PIC_VIEWER t_ms=15786 tid=ThreadId(96) decode_start uri=nfs://DietPi.local/mnt/4TBS/pics-sport/XCC%202026/XCC%20EP%20Champs%202026/Starred%20Photos/DSC_1242_result.jpg variant=1124x794 queue_ms=0
PIC_VIEWER source_cache lane=foreground action=miss uri=nfs://DietPi.local/mnt/4TBS/pics-sport/XCC%202026/XCC%20EP%20Champs%202026/Starred%20Photos/DSC_1242_result.jpg
PIC_VIEWER network_slot lane=foreground wait_ms=0 uri=nfs://DietPi.local/mnt/4TBS/pics-sport/XCC%202026/XCC%20EP%20Champs%202026/Starred%20Photos/DSC_1242_result.jpg
PIC_NETWORK tid=ThreadId(96) PRIVATE_NFS export_cache_hit host=DietPi.local count=5
PIC_NETWORK tid=ThreadId(96) PRIVATE_NFS read_start uri=nfs://DietPi.local/mnt/4TBS/pics-sport/XCC%202026/XCC%20EP%20Champs%202026/Starred%20Photos/DSC_1242_result.jpg max_bytes=134217728
PIC_NFS stage=read_session_lock elapsed_ms=0 tid=140339439552192 host=DietPi.local export=/mnt/4TBS relative=/pics-sport/XCC 2026/XCC EP Champs 2026/Starred Photos/DSC_1242_result.jpg outcome=acquired
PIC_NFS_CONNECT reuse host=DietPi.local export=/mnt/4TBS
PIC_NFS stage=file_open elapsed_ms=2 tid=140339439552192 host=DietPi.local export=/mnt/4TBS relative=/pics-sport/XCC 2026/XCC EP Champs 2026/Starred Photos/DSC_1242_result.jpg outcome=ok
PIC_NFS stage=rpc_read elapsed_ms=1 tid=140339439552192 host=DietPi.local export=/mnt/4TBS relative=/pics-sport/XCC 2026/XCC EP Champs 2026/Starred Photos/DSC_1242_result.jpg iteration=1 outcome=ok bytes=65536 timedout_delta=0 retransmitted_delta=0 reconnects_delta=0
PIC_NFS stage=first_read elapsed_ms=1 tid=140339439552192 host=DietPi.local export=/mnt/4TBS relative=/pics-sport/XCC 2026/XCC EP Champs 2026/Starred Photos/DSC_1242_result.jpg outcome=ok bytes=65536
PIC_NFS stage=rpc_read elapsed_ms=1 tid=140339439552192 host=DietPi.local export=/mnt/4TBS relative=/pics-sport/XCC 2026/XCC EP Champs 2026/Starred Photos/DSC_1242_result.jpg iteration=2 outcome=ok bytes=65536 timedout_delta=0 retransmitted_delta=0 reconnects_delta=0
PIC_NFS stage=rpc_read elapsed_ms=2 tid=140339439552192 host=DietPi.local export=/mnt/4TBS relative=/pics-sport/XCC 2026/XCC EP Champs 2026/Starred Photos/DSC_1242_result.jpg iteration=3 outcome=ok bytes=131072 timedout_delta=0 retransmitted_delta=0 reconnects_delta=0
PIC_NFS stage=rpc_read elapsed_ms=3 tid=140339439552192 host=DietPi.local export=/mnt/4TBS relative=/pics-sport/XCC 2026/XCC EP Champs 2026/Starred Photos/DSC_1242_result.jpg iteration=4 outcome=ok bytes=262144 timedout_delta=0 retransmitted_delta=0 reconnects_delta=0
PIC_NFS stage=rpc_read elapsed_ms=5 tid=140339439552192 host=DietPi.local export=/mnt/4TBS relative=/pics-sport/XCC 2026/XCC EP Champs 2026/Starred Photos/DSC_1242_result.jpg iteration=5 outcome=ok bytes=524288 timedout_delta=0 retransmitted_delta=0 reconnects_delta=0
PIC_NFS stage=rpc_read elapsed_ms=6 tid=140339439552192 host=DietPi.local export=/mnt/4TBS relative=/pics-sport/XCC 2026/XCC EP Champs 2026/Starred Photos/DSC_1242_result.jpg iteration=6 outcome=ok bytes=520899 timedout_delta=0 retransmitted_delta=0 reconnects_delta=0
PIC_NFS stage=rpc_read elapsed_ms=0 tid=140339439552192 host=DietPi.local export=/mnt/4TBS relative=/pics-sport/XCC 2026/XCC EP Champs 2026/Starred Photos/DSC_1242_result.jpg iteration=7 outcome=ok bytes=0 timedout_delta=0 retransmitted_delta=0 reconnects_delta=0
PIC_NFS stage=file_read_complete elapsed_ms=18 tid=140339439552192 host=DietPi.local export=/mnt/4TBS relative=/pics-sport/XCC 2026/XCC EP Champs 2026/Starred Photos/DSC_1242_result.jpg outcome=ok bytes=1569475 calls=7
PIC_NETWORK tid=ThreadId(96) PRIVATE_NFS read_done bytes=1569475 elapsed_ms=20 uri=nfs://DietPi.local/mnt/4TBS/pics-sport/XCC%202026/XCC%20EP%20Champs%202026/Starred%20Photos/DSC_1242_result.jpg
PIC_VIEWER source_cache action=insert bytes=1569475 uri=nfs://DietPi.local/mnt/4TBS/pics-sport/XCC%202026/XCC%20EP%20Champs%202026/Starred%20Photos/DSC_1242_result.jpg
PIC_VIEWER source_cache action=evict bytes=916684 uri=nfs://DietPi.local/mnt/4TBS/Spar%20Ladies%202025/10km/DSC_6717.jpg
PIC_VIEWER network_done lane=foreground read_ms=20 bytes=1569475 source=network outcome=ok uri=nfs://DietPi.local/mnt/4TBS/pics-sport/XCC%202026/XCC%20EP%20Champs%202026/Starred%20Photos/DSC_1242_result.jpg
PIC_VIEWER decode_stage source_ms=20 cpu_ms=40 uri=nfs://DietPi.local/mnt/4TBS/pics-sport/XCC%202026/XCC%20EP%20Champs%202026/Starred%20Photos/DSC_1242_result.jpg
PIC_VIEWER t_ms=15850 tid=ThreadId(96) decode_done uri=nfs://DietPi.local/mnt/4TBS/pics-sport/XCC%202026/XCC%20EP%20Champs%202026/Starred%20Photos/DSC_1242_result.jpg variant=1124x794 elapsed_ms=63 outcome=ok
PIC_VIEWER t_ms=15850 tid=ThreadId(1) display_apply elapsed_ms=0 uri=nfs://DietPi.local/mnt/4TBS/pics-sport/XCC%202026/XCC%20EP%20Champs%202026/Starred%20Photos/DSC_1242_result.jpg
PIC_VIEWER t_ms=15850 tid=ThreadId(1) display_done lane=foreground source=decode navigation_ms=64 uri=nfs://DietPi.local/mnt/4TBS/pics-sport/XCC%202026/XCC%20EP%20Champs%202026/Starred%20Photos/DSC_1242_result.jpg
PIC_VIEWER t_ms=15850 tid=ThreadId(1) cache_evict uri=nfs://DietPi.local/mnt/4TBS/pics-sport/local%20choice/FB-Timestamp-JPG%20Upates/DSC_1374_result.jpg bytes=3372000 remaining_entries=32 remaining_bytes=107890512
PIC_VIEWER t_ms=16036 tid=ThreadId(1) request lane=prefetch action=new uri=nfs://DietPi.local/mnt/4TBS/pics-sport/XCC%202026/XCC%20EP%20Champs%202026/Starred%20Photos/DSC_1486_result.jpg variant=1124x794
PIC_VIEWER t_ms=16036 tid=ThreadId(1) request lane=prefetch action=new uri=nfs://DietPi.local/mnt/4TBS/pics-sport/XCC%202026/XCC%20EP%20Champs%202026/Starred%20Photos/DSC_1234_result.jpg variant=1124x794
PIC_VIEWER t_ms=16036 tid=ThreadId(97) decode_start uri=nfs://DietPi.local/mnt/4TBS/pics-sport/XCC%202026/XCC%20EP%20Champs%202026/Starred%20Photos/DSC_1486_result.jpg variant=1124x794 queue_ms=0
PIC_VIEWER source_cache lane=prefetch action=miss uri=nfs://DietPi.local/mnt/4TBS/pics-sport/XCC%202026/XCC%20EP%20Champs%202026/Starred%20Photos/DSC_1486_result.jpg
PIC_VIEWER network_slot lane=prefetch wait_ms=0 uri=nfs://DietPi.local/mnt/4TBS/pics-sport/XCC%202026/XCC%20EP%20Champs%202026/Starred%20Photos/DSC_1486_result.jpg
PIC_VIEWER t_ms=16036 tid=ThreadId(98) decode_start uri=nfs://DietPi.local/mnt/4TBS/pics-sport/XCC%202026/XCC%20EP%20Champs%202026/Starred%20Photos/DSC_1234_result.jpg variant=1124x794 queue_ms=0
PIC_NETWORK tid=ThreadId(97) PRIVATE_NFS export_cache_hit host=DietPi.local count=5
PIC_NETWORK tid=ThreadId(97) PRIVATE_NFS read_start uri=nfs://DietPi.local/mnt/4TBS/pics-sport/XCC%202026/XCC%20EP%20Champs%202026/Starred%20Photos/DSC_1486_result.jpg max_bytes=134217728
PIC_VIEWER source_cache lane=PIC_NFS stage=read_session_lock elapsed_ms=0 tid=140339439552192 host=DietPi.local export=/mnt/4TBS relative=/pics-sport/XCC 202prefetch action=6/XCC EP Champs 2026/Starred Photos/DSC_1486_result.jpg outcome=acquired
miss uri=PIC_NFS_CONNECT reuse host=DietPi.local export=/mnt/4TBS
nfs://DietPi.local/mnt/4TBS/pics-sport/XCC%202026/XCC%20EP%20Champs%202026/Starred%20Photos/DSC_1234_result.jpg
PIC_NFS stage=file_open elapsed_ms=3 tid=140339439552192 host=DietPi.local export=/mnt/4TBS relative=/pics-sport/XCC 2026/XCC EP Champs 2026/Starred Photos/DSC_1486_result.jpg outcome=ok
PIC_NFS stage=rpc_read elapsed_ms=1 tid=140339439552192 host=DietPi.local export=/mnt/4TBS relative=/pics-sport/XCC 2026/XCC EP Champs 2026/Starred Photos/DSC_1486_result.jpg iteration=1 outcome=ok bytes=65536 timedout_delta=0 retransmitted_delta=0 reconnects_delta=0
PIC_NFS stage=first_read elapsed_ms=1 tid=140339439552192 host=DietPi.local export=/mnt/4TBS relative=/pics-sport/XCC 2026/XCC EP Champs 2026/Starred Photos/DSC_1486_result.jpg outcome=ok bytes=65536
PIC_NFS stage=rpc_read elapsed_ms=1 tid=140339439552192 host=DietPi.local export=/mnt/4TBS relative=/pics-sport/XCC 2026/XCC EP Champs 2026/Starred Photos/DSC_1486_result.jpg iteration=2 outcome=ok bytes=65536 timedout_delta=0 retransmitted_delta=0 reconnects_delta=0
PIC_NFS stage=rpc_read elapsed_ms=2 tid=140339439552192 host=DietPi.local export=/mnt/4TBS relative=/pics-sport/XCC 2026/XCC EP Champs 2026/Starred Photos/DSC_1486_result.jpg iteration=3 outcome=ok bytes=131072 timedout_delta=0 retransmitted_delta=0 reconnects_delta=0
PIC_NFS stage=rpc_read elapsed_ms=3 tid=140339439552192 host=DietPi.local export=/mnt/4TBS relative=/pics-sport/XCC 2026/XCC EP Champs 2026/Starred Photos/DSC_1486_result.jpg iteration=4 outcome=ok bytes=262144 timedout_delta=0 retransmitted_delta=0 reconnects_delta=0
PIC_NFS stage=rpc_read elapsed_ms=5 tid=140339439552192 host=DietPi.local export=/mnt/4TBS relative=/pics-sport/XCC 2026/XCC EP Champs 2026/Starred Photos/DSC_1486_result.jpg iteration=5 outcome=ok bytes=524288 timedout_delta=0 retransmitted_delta=0 reconnects_delta=0
PIC_NFS stage=rpc_read elapsed_ms=6 tid=140339439552192 host=DietPi.local export=/mnt/4TBS relative=/pics-sport/XCC 2026/XCC EP Champs 2026/Starred Photos/DSC_1486_result.jpg iteration=6 outcome=ok bytes=552829 timedout_delta=0 retransmitted_delta=0 reconnects_delta=0
PIC_NFS stage=rpc_read elapsed_ms=0 tid=140339439552192 host=DietPi.local export=/mnt/4TBS relative=/pics-sport/XCC 2026/XCC EP Champs 2026/Starred Photos/DSC_1486_result.jpg iteration=7 outcome=ok bytes=0 timedout_delta=0 retransmitted_delta=0 reconnects_delta=0
PIC_NFS stage=file_read_complete elapsed_ms=18 tid=140339439552192 host=DietPi.local export=/mnt/4TBS relative=/pics-sport/XCC 2026/XCC EP Champs 2026/Starred Photos/DSC_1486_result.jpg outcome=ok bytes=1601405 calls=7
PIC_NETWORK tid=ThreadId(97) PRIVATE_NFS read_done bytes=1601405 elapsed_ms=21 uri=nfs://DietPi.local/mnt/4TBS/pics-sport/XCC%202026/XCC%20EP%20Champs%202026/Starred%20Photos/DSC_1486_result.jpg
PIC_VIEWER source_cache action=insert bytes=1601405 uri=nfs://DietPi.local/mnt/4TBS/pics-sport/XCC%202026/XCC%20EP%20Champs%202026/Starred%20Photos/DSC_1486_result.jpg
PIC_VIEWER source_cache action=evict bytes=868403 uri=nfs://DietPi.local/mnt/4TBS/Spar%20Ladies%202025/10km/DSC_6715.jpg
PIC_VIEWER network_done lane=prefetch read_ms=22 bytes=1601405 source=network outcome=ok uri=nfs://DietPi.local/mnt/4TBS/pics-sport/XCC%202026/XCC%20EP%20Champs%202026/Starred%20Photos/DSC_1486_result.jpg
PIC_VIEWER network_slot lane=prefetch wait_ms=22 uri=nfs://DietPi.local/mnt/4TBS/pics-sport/XCC%202026/XCC%20EP%20Champs%202026/Starred%20Photos/DSC_1234_result.jpg
PIC_NETWORK tid=ThreadId(98) PRIVATE_NFS export_cache_hit host=DietPi.local count=5
PIC_NETWORK tid=ThreadId(98) PRIVATE_NFS read_start uri=nfs://DietPi.local/mnt/4TBS/pics-sport/XCC%202026/XCC%20EP%20Champs%202026/Starred%20Photos/DSC_1234_result.jpg max_bytes=134217728
PIC_NFS stage=read_session_lock elapsed_ms=0 tid=140342605641408 host=DietPi.local export=/mnt/4TBS relative=/pics-sport/XCC 2026/XCC EP Champs 2026/Starred Photos/DSC_1234_result.jpg outcome=acquired
PIC_NFS_CONNECT reuse host=DietPi.local export=/mnt/4TBS
PIC_NFS stage=file_open elapsed_ms=2 tid=140342605641408 host=DietPi.local export=/mnt/4TBS relative=/pics-sport/XCC 2026/XCC EP Champs 2026/Starred Photos/DSC_1234_result.jpg outcome=ok
PIC_NFS stage=rpc_read elapsed_ms=1 tid=140342605641408 host=DietPi.local export=/mnt/4TBS relative=/pics-sport/XCC 2026/XCC EP Champs 2026/Starred Photos/DSC_1234_result.jpg iteration=1 outcome=ok bytes=65536 timedout_delta=0 retransmitted_delta=0 reconnects_delta=0
PIC_NFS stage=first_read elapsed_ms=1 tid=140342605641408 host=DietPi.local export=/mnt/4TBS relative=/pics-sport/XCC 2026/XCC EP Champs 2026/Starred Photos/DSC_1234_result.jpg outcome=ok bytes=65536
PIC_NFS stage=rpc_read elapsed_ms=1 tid=140342605641408 host=DietPi.local export=/mnt/4TBS relative=/pics-sport/XCC 2026/XCC EP Champs 2026/Starred Photos/DSC_1234_result.jpg iteration=2 outcome=ok bytes=65536 timedout_delta=0 retransmitted_delta=0 reconnects_delta=0
PIC_NFS stage=rpc_read elapsed_ms=2 tid=140342605641408 host=DietPi.local export=/mnt/4TBS relative=/pics-sport/XCC 2026/XCC EP Champs 2026/Starred Photos/DSC_1234_result.jpg iteration=3 outcome=ok bytes=131072 timedout_delta=0 retransmitted_delta=0 reconnects_delta=0
PIC_NFS stage=rpc_read elapsed_ms=2 tid=140342605641408 host=DietPi.local export=/mnt/4TBS relative=/pics-sport/XCC 2026/XCC EP Champs 2026/Starred Photos/DSC_1234_result.jpg iteration=4 outcome=ok bytes=262144 timedout_delta=0 retransmitted_delta=0 reconnects_delta=0
PIC_NFS stage=rpc_read elapsed_ms=3 tid=140342605641408 host=DietPi.local export=/mnt/4TBS relative=/pics-sport/XCC 2026/XCC EP Champs 2026/Starred Photos/DSC_1234_result.jpg iteration=5 outcome=ok bytes=246327 timedout_delta=0 retransmitted_delta=0 reconnects_delta=0
PIC_NFS stage=rpc_read elapsed_ms=1 tid=140342605641408 host=DietPi.local export=/mnt/4TBS relative=/pics-sport/XCC 2026/XCC EP Champs 2026/Starred Photos/DSC_1234_result.jpg iteration=6 outcome=ok bytes=0 timedout_delta=0 retransmitted_delta=0 reconnects_delta=0
PIC_NFS stage=file_read_complete elapsed_ms=10 tid=140342605641408 host=DietPi.local export=/mnt/4TBS relative=/pics-sport/XCC 2026/XCC EP Champs 2026/Starred Photos/DSC_1234_result.jpg outcome=ok bytes=770615 calls=6
PIC_NETWORK tid=ThreadId(98) PRIVATE_NFS read_done bytes=770615 elapsed_ms=11 uri=nfs://DietPi.local/mnt/4TBS/pics-sport/XCC%202026/XCC%20EP%20Champs%202026/Starred%20Photos/DSC_1234_result.jpg
PIC_VIEWER source_cache action=insert bytes=770615 uri=nfs://DietPi.local/mnt/4TBS/pics-sport/XCC%202026/XCC%20EP%20Champs%202026/Starred%20Photos/DSC_1234_result.jpg
PIC_VIEWER source_cache action=evict bytes=936647 uri=nfs://DietPi.local/mnt/4TBS/Spar%20Ladies%202025/10km/DSC_6699.jpg
PIC_VIEWER network_done lane=prefetch read_ms=11 bytes=770615 source=network outcome=ok uri=nfs://DietPi.local/mnt/4TBS/pics-sport/XCC%202026/XCC%20EP%20Champs%202026/Starred%20Photos/DSC_1234_result.jpg
PIC_VIEWER decode_stage source_ms=22 cpu_ms=40 uri=nfs://DietPi.local/mnt/4TBS/pics-sport/XCC%202026/XCC%20EP%20Champs%202026/Starred%20Photos/DSC_1486_result.jpg
PIC_VIEWER t_ms=16104 tid=ThreadId(97) decode_done uri=nfs://DietPi.local/mnt/4TBS/pics-sport/XCC%202026/XCC%20EP%20Champs%202026/Starred%20Photos/DSC_1486_result.jpg variant=1124x794 elapsed_ms=68 outcome=ok
PIC_VIEWER t_ms=16105 tid=ThreadId(1) cache_evict uri=nfs://DietPi.local/mnt/4TBS/pics-sport/local%20choice/FB-Timestamp-JPG%20Upates/DSC_1373_result.jpg bytes=3372000 remaining_entries=32 remaining_bytes=107890512
PIC_VIEWER decode_stage source_ms=34 cpu_ms=35 uri=nfs://DietPi.local/mnt/4TBS/pics-sport/XCC%202026/XCC%20EP%20Champs%202026/Starred%20Photos/DSC_1234_result.jpg
PIC_VIEWER t_ms=16109 tid=ThreadId(98) decode_done uri=nfs://DietPi.local/mnt/4TBS/pics-sport/XCC%202026/XCC%20EP%20Champs%202026/Starred%20Photos/DSC_1234_result.jpg variant=1124x794 elapsed_ms=72 outcome=ok
PIC_VIEWER t_ms=16109 tid=ThreadId(1) cache_evict uri=nfs://DietPi.local/mnt/4TBS/pics-sport/local%20choice/FB-Timestamp-JPG%20Upates/DSC_1372_result.jpg bytes=3372000 remaining_entries=32 remaining_bytes=107890512
PIC_NETWORK tid=ThreadId(100) PRIVATE_SMB list_start uri=smb://DietPi.local:445/
PIC_SMB_CONNECT reuse
PIC_NETWORK tid=ThreadId(100) PRIVATE_SMB list_done count=6 displayed=5
PIC_NETWORK tid=ThreadId(101) PRIVATE_SMB list_start uri=smb://DietPi.local:445/4TBP
PIC_SMB_CONNECT reuse
PIC_NETWORK tid=ThreadId(101) PRIVATE_SMB list_done count=11 displayed=11
PIC_NETWORK tid=ThreadId(102) PRIVATE_SMB list_start uri=smb://DietPi.local:445/4TBP/pics-sport
PIC_SMB_CONNECT reuse
PIC_NETWORK tid=ThreadId(102) PRIVATE_SMB list_done count=23 displayed=20
PIC_NETWORK tid=ThreadId(103) PRIVATE_SMB list_start uri=smb://DietPi.local:445/4TBP/pics-sport/EPA%20Awards%202024
PIC_SMB_CONNECT reuse
PIC_NETWORK tid=ThreadId(103) PRIVATE_SMB list_done count=6 displayed=4
PIC_NETWORK tid=ThreadId(104) PRIVATE_SMB list_start uri=smb://DietPi.local:445/4TBP/pics-sport/EPA%20Awards%202024/FB-EPA-Pt1
PIC_SMB_CONNECT reuse
PIC_NETWORK tid=ThreadId(104) PRIVATE_SMB list_done count=268 displayed=267
PIC_SMB_CONNECT reuse
PIC_NETWORK tid=ThreadId(105) PRIVATE_NFS export_cache_hit host=DietPi.local count=5
PIC_NFS stage=context_creation elapsed_ms=1 tid=140342605641408 host=DietPi.local export=/mnt/4TBS relative=- outcome=ok
PIC_NFS_CONNECT create_start host=DietPi.local export=/mnt/4TBS version=3 tid=140342605641408
PIC_NETWORK tid=ThreadId(106) PRIVATE_SMB list_start uri=smb://dietpi.local/4tbp/pics-sport/EPA%20Awards%202024/FB-EPA-Pt1
PIC_SMB_CONNECT reuse
PIC_NFS stage=connection_establishment elapsed_ms=18 tid=140342605641408 host=DietPi.local export=/mnt/4TBS relative=- version=3 outcome=ok status=0
PIC_NFS_CONNECT create_ok host=DietPi.local export=/mnt/4TBS version=3
PIC_NETWORK tid=ThreadId(105) PRIVATE_NFS export_cache_hit host=DietPi.local count=5
PIC_NETWORK tid=ThreadId(105) PRIVATE_NFS export_cache_hit host=DietPi.local count=5
PIC_NETWORK tid=ThreadId(105) PRIVATE_NFS export_cache_hit host=DietPi.local count=5
PIC_NETWORK tid=ThreadId(105) PRIVATE_NFS export_cache_hit host=DietPi.local count=5
PIC_SMB_CONNECT reuse
PIC_NETWORK tid=ThreadId(106) PRIVATE_SMB list_done count=268 displayed=267
PIC_SMB_CONNECT reuse
PIC_SMB_CONNECT reuse
PIC_SMB_CONNECT reuse
PIC_SMB_CONNECT reuse
PIC_SMB_CONNECT reuse
PIC_SMB_CONNECT reuse
PIC_SMB_CONNECT reuse
PIC_SMB_CONNECT reuse
PIC_SMB_CONNECT reuse
PIC_SMB_CONNECT reuse
PIC_SMB_CONNECT reuse
PIC_SMB_CONNECT reuse
PIC_SMB_CONNECT reuse
PIC_SMB_CONNECT reuse
PIC_SMB_CONNECT reuse
PIC_SMB_CONNECT reuse
PIC_SMB_CONNECT reuse
PIC_SMB_CONNECT reuse
PIC_SMB_CONNECT reuse
PIC_SMB_CONNECT reuse
PIC_SMB_CONNECT reuse
PIC_SMB_CONNECT reuse
PIC_SMB_CONNECT reuse
PIC_SMB_CONNECT reuse
PIC_SMB_CONNECT reuse
PIC_SMB_CONNECT reuse
PIC_SMB_CONNECT reuse
PIC_SMB_CONNECT reuse
PIC_SMB_CONNECT reuse
PIC_SMB_CONNECT reuse
PIC_SMB_CONNECT reuse
PIC_SMB_CONNECT reuse
PIC_SMB_CONNECT reuse
PIC_SMB_CONNECT reuse
PIC_SMB_CONNECT reuse
PIC_SMB_CONNECT reuse
PIC_SMB_CONNECT reuse
PIC_SMB_CONNECT reuse
PIC_SMB_CONNECT reuse
PIC_SMB_CONNECT reuse
PIC_SMB_CONNECT reuse
PIC_SMB_CONNECT reuse
PIC_SMB_CONNECT reuse
PIC_SMB_CONNECT reuse
PIC_SMB_CONNECT reuse
PIC_SMB_CONNECT reuse
PIC_SMB_CONNECT reuse
PIC_SMB_CONNECT reuse
PIC_SMB_CONNECT reuse
PIC_SMB_CONNECT reuse
PIC_SMB_CONNECT reuse
PIC_SMB_CONNECT reuse
PIC_SMB_CONNECT reuse
PIC_SMB_CONNECT reuse
PIC_SMB_CONNECT reuse
PIC_SMB_CONNECT reuse
PIC_SMB_CONNECT reuse
PIC_SMB_CONNECT reuse
PIC_SMB_CONNECT reuse
PIC_SMB_CONNECT reuse
PIC_SMB_CONNECT reuse
PIC_SMB_CONNECT reuse
PIC_SMB_CONNECT reuse
PIC_SMB_CONNECT reuse
PIC_SMB_CONNECT reuse
PIC_SMB_CONNECT reuse
PIC_SMB_CONNECT reuse
PIC_SMB_CONNECT reuse
PIC_SMB_CONNECT reuse
PIC_SMB_CONNECT reuse
PIC_SMB_CONNECT reuse
PIC_SMB_CONNECT reuse
PIC_SMB_CONNECT reuse
PIC_SMB_CONNECT reuse
PIC_SMB_CONNECT reuse
PIC_SMB_CONNECT reuse
PIC_SMB_CONNECT reuse
PIC_SMB_CONNECT reuse
PIC_SMB_CONNECT reuse
PIC_SMB_CONNECT reuse
PIC_SMB_CONNECT reuse
PIC_SMB_CONNECT reuse
PIC_SMB_CONNECT reuse
PIC_SMB_CONNECT reuse
PIC_SMB_CONNECT reuse
PIC_SMB_CONNECT reuse
PIC_SMB_CONNECT reuse
PIC_SMB_CONNECT reuse
PIC_SMB_CONNECT reuse
PIC_SMB_CONNECT reuse
PIC_SMB_CONNECT reuse
PIC_SMB_CONNECT reuse
PIC_SMB_CONNECT reuse
PIC_SMB_CONNECT reuse
PIC_SMB_CONNECT reuse
PIC_SMB_CONNECT reuse
PIC_SMB_CONNECT reuse
PIC_SMB_CONNECT reuse
PIC_SMB_CONNECT reuse
PIC_SMB_CONNECT reuse
PIC_SMB_CONNECT reuse
PIC_SMB_CONNECT reuse
PIC_SMB_CONNECT reuse
PIC_SMB_CONNECT reuse
PIC_SMB_CONNECT reuse
PIC_SMB_CONNECT reuse
PIC_SMB_CONNECT reuse
PIC_SMB_CONNECT reuse
PIC_SMB_CONNECT reuse
PIC_SMB_CONNECT reuse
PIC_SMB_CONNECT reuse
PIC_SMB_CONNECT reuse
PIC_SMB_CONNECT reuse
PIC_SMB_CONNECT reuse
PIC_SMB_CONNECT reuse
PIC_SMB_CONNECT reuse
PIC_SMB_CONNECT reuse
PIC_SMB_CONNECT reuse
PIC_SMB_CONNECT reuse
PIC_SMB_CONNECT reuse
PIC_SMB_CONNECT reuse
PIC_SMB_CONNECT reuse
PIC_SMB_CONNECT reuse
PIC_SMB_CONNECT reuse
PIC_SMB_CONNECT reuse
PIC_SMB_CONNECT reuse
PIC_SMB_CONNECT reuse
PIC_SMB_CONNECT reuse
PIC_SMB_CONNECT reuse
PIC_SMB_CONNECT reuse
PIC_SMB_CONNECT reuse
PIC_SMB_CONNECT reuse
PIC_SMB_CONNECT reuse
PIC_SMB_CONNECT reuse
PIC_SMB_CONNECT reuse
PIC_SMB_CONNECT reuse
PIC_SMB_CONNECT reuse
PIC_SMB_CONNECT reuse
PIC_SMB_CONNECT reuse
PIC_SMB_CONNECT reuse
PIC_SMB_CONNECT reuse
PIC_SMB_CONNECT reuse
PIC_SMB_CONNECT reuse
PIC_SMB_CONNECT reuse
PIC_SMB_CONNECT reuse
PIC_SMB_CONNECT reuse
PIC_SMB_CONNECT reuse
PIC_SMB_CONNECT reuse
PIC_SMB_CONNECT reuse
PIC_SMB_CONNECT reuse
PIC_SMB_CONNECT reuse
PIC_SMB_CONNECT reuse
PIC_SMB_CONNECT reuse
PIC_SMB_CONNECT reuse
PIC_SMB_CONNECT reuse
PIC_SMB_CONNECT reuse
PIC_SMB_CONNECT reuse
PIC_SMB_CONNECT reuse
PIC_SMB_CONNECT reuse
PIC_SMB_CONNECT reuse
PIC_SMB_CONNECT reuse
PIC_SMB_CONNECT reuse
PIC_SMB_CONNECT reuse
PIC_SMB_CONNECT reuse
PIC_SMB_CONNECT reuse
PIC_SMB_CONNECT reuse
PIC_SMB_CONNECT reuse
PIC_SMB_CONNECT reuse
PIC_SMB_CONNECT reuse
PIC_SMB_CONNECT reuse
PIC_SMB_CONNECT reuse
PIC_SMB_CONNECT reuse
PIC_SMB_CONNECT reuse
PIC_SMB_CONNECT reuse
PIC_SMB_CONNECT reuse
PIC_SMB_CONNECT reuse
PIC_SMB_CONNECT reuse
PIC_SMB_CONNECT reuse
PIC_SMB_CONNECT reuse
PIC_SMB_CONNECT reuse
PIC_SMB_CONNECT reuse
PIC_SMB_CONNECT reuse
PIC_SMB_CONNECT reuse
PIC_SMB_CONNECT reuse
PIC_SMB_CONNECT reuse
PIC_SMB_CONNECT reuse
PIC_SMB_CONNECT reuse
PIC_SMB_CONNECT reuse
PIC_SMB_CONNECT reuse
PIC_SMB_CONNECT reuse
PIC_SMB_CONNECT reuse
PIC_SMB_CONNECT reuse
PIC_SMB_CONNECT reuse
PIC_SMB_CONNECT reuse
PIC_SMB_CONNECT reuse
PIC_SMB_CONNECT reuse
PIC_SMB_CONNECT reuse
PIC_SMB_CONNECT reuse
PIC_SMB_CONNECT reuse
PIC_SMB_CONNECT reuse
PIC_SMB_CONNECT reuse
PIC_SMB_CONNECT reuse
PIC_SMB_CONNECT reuse
PIC_SMB_CONNECT reuse
PIC_SMB_CONNECT reuse
PIC_SMB_CONNECT reuse
PIC_SMB_CONNECT reuse
PIC_SMB_CONNECT reuse
PIC_SMB_CONNECT reuse
PIC_SMB_CONNECT reuse
PIC_SMB_CONNECT reuse
PIC_SMB_CONNECT reuse
PIC_SMB_CONNECT reuse
PIC_SMB_CONNECT reuse
PIC_SMB_CONNECT reuse
PIC_SMB_CONNECT reuse
PIC_SMB_CONNECT reuse
PIC_SMB_CONNECT reuse
PIC_SMB_CONNECT reuse
PIC_SMB_CONNECT reuse
PIC_SMB_CONNECT reuse
PIC_SMB_CONNECT reuse
PIC_SMB_CONNECT reuse
PIC_SMB_CONNECT reuse
PIC_SMB_CONNECT reuse
PIC_SMB_CONNECT reuse
PIC_SMB_CONNECT reuse
PIC_SMB_CONNECT reuse
PIC_SMB_CONNECT reuse
PIC_SMB_CONNECT reuse
PIC_SMB_CONNECT reuse
PIC_SMB_CONNECT reuse
PIC_SMB_CONNECT reuse
PIC_SMB_CONNECT reuse
PIC_SMB_CONNECT reuse
PIC_SMB_CONNECT reuse
PIC_SMB_CONNECT reuse
PIC_SMB_CONNECT reuse
PIC_SMB_CONNECT reuse
PIC_SMB_CONNECT reuse
PIC_SMB_CONNECT reuse
PIC_SMB_CONNECT reuse
PIC_SMB_CONNECT reuse
PIC_SMB_CONNECT reuse
PIC_SMB_CONNECT reuse
PIC_SMB_CONNECT reuse
PIC_SMB_CONNECT reuse
PIC_SMB_CONNECT reuse
PIC_SMB_CONNECT reuse
PIC_SMB_CONNECT reuse
PIC_SMB_CONNECT reuse
PIC_SMB_CONNECT reuse
PIC_SMB_CONNECT reuse
PIC_SMB_CONNECT reuse
PIC_SMB_CONNECT reuse
PIC_SMB_CONNECT reuse
PIC_SMB_CONNECT reuse
PIC_SMB_CONNECT reuse
PIC_SMB_CONNECT reuse
PIC_SMB_CONNECT reuse
PIC_SMB_CONNECT reuse
PIC_SMB_CONNECT reuse
PIC_SMB_CONNECT reuse
PIC_SMB_CONNECT reuse
PIC_SMB_CONNECT reuse
PIC_SMB_CONNECT reuse
PIC_SMB_CONNECT reuse
PIC_SMB_CONNECT reuse
PIC_SMB_CONNECT reuse
PIC_SMB_CONNECT reuse
PIC_SMB_READ start
PIC_SMB_READ done bytes=1205415
PIC_SMB_CONNECT reuse
PIC_SMB_READ start
PIC_SMB_READ done bytes=1103657
PIC_SMB_CONNECT reuse
PIC_SMB_READ start
PIC_SMB_READ done bytes=1475978
PIC_SMB_CONNECT reuse
PIC_SMB_READ start
PIC_SMB_READ done bytes=908589
PIC_SMB_CONNECT reuse
PIC_SMB_READ start
PIC_SMB_READ done bytes=1415775
PIC_SMB_CONNECT reuse
PIC_SMB_READ start
PIC_SMB_READ done bytes=1768891
PIC_SMB_CONNECT reuse
PIC_SMB_READ start
PIC_SMB_READ done bytes=1080062
PIC_SMB_CONNECT reuse
PIC_SMB_READ start
PIC_SMB_READ done bytes=1004178
PIC_SMB_CONNECT reuse
PIC_SMB_READ start
PIC_SMB_READ done bytes=1088982
PIC_SMB_CONNECT reuse
PIC_SMB_READ start
PIC_SMB_READ done bytes=1638649
PIC_SMB_CONNECT reuse
PIC_SMB_READ start
PIC_SMB_READ done bytes=1123278
PIC_SMB_CONNECT reuse
PIC_SMB_READ start
PIC_SMB_READ done bytes=1066602
PIC_SMB_CONNECT reuse
PIC_SMB_READ start
PIC_SMB_READ done bytes=1430810
PIC_SMB_CONNECT reuse
PIC_SMB_READ start
PIC_SMB_READ done bytes=1526715
PIC_SMB_CONNECT reuse
PIC_SMB_READ start
PIC_SMB_READ done bytes=1447856
PIC_SMB_CONNECT reuse
PIC_SMB_READ start
PIC_SMB_READ done bytes=921292
PIC_SMB_CONNECT reuse
PIC_SMB_READ start
PIC_SMB_READ done bytes=1230579
PIC_SMB_CONNECT reuse
PIC_SMB_READ start
PIC_SMB_READ done bytes=1680674
PIC_SMB_CONNECT reuse
PIC_SMB_READ start
PIC_SMB_READ done bytes=920255
PIC_SMB_CONNECT reuse
PIC_SMB_READ start
PIC_SMB_READ done bytes=994541
PIC_SMB_CONNECT reuse
PIC_SMB_READ start
PIC_SMB_READ done bytes=1599046
PIC_SMB_CONNECT reuse
PIC_SMB_READ start
PIC_SMB_READ done bytes=1592219
PIC_SMB_CONNECT reuse
PIC_SMB_READ start
PIC_SMB_READ done bytes=1458165
PIC_SMB_CONNECT reuse
PIC_SMB_READ start
PIC_SMB_READ done bytes=1030706
PIC_SMB_CONNECT reuse
PIC_SMB_READ start
PIC_SMB_READ done bytes=1264487
PIC_SMB_CONNECT reuse
PIC_SMB_READ start
PIC_SMB_READ done bytes=1608619
PIC_SMB_CONNECT reuse
PIC_SMB_READ start
PIC_SMB_READ done bytes=1174026
PIC_SMB_CONNECT reuse
PIC_SMB_READ start
PIC_SMB_READ done bytes=955977
PIC_SMB_CONNECT reuse
PIC_SMB_READ start
PIC_SMB_READ done bytes=1641745
PIC_SMB_CONNECT reuse
PIC_SMB_READ start
PIC_SMB_READ done bytes=1115231
PIC_SMB_CONNECT reuse
PIC_SMB_READ start
PIC_SMB_READ done bytes=1219229
PIC_SMB_CONNECT reuse
PIC_SMB_READ start
PIC_SMB_READ done bytes=938535
PIC_SMB_CONNECT reuse
PIC_SMB_READ start
PIC_SMB_READ done bytes=1151113
PIC_SMB_CONNECT reuse
PIC_SMB_READ start
PIC_SMB_READ done bytes=1065677
PIC_SMB_CONNECT reuse
PIC_SMB_READ start
PIC_SMB_READ done bytes=1384644
PIC_SMB_CONNECT reuse
PIC_SMB_READ start
PIC_SMB_READ done bytes=1327664
PIC_SMB_CONNECT reuse
PIC_SMB_READ start
PIC_SMB_READ done bytes=1440187
PIC_SMB_CONNECT reuse
PIC_SMB_READ start
PIC_SMB_READ done bytes=954174
PIC_SMB_CONNECT reuse
PIC_SMB_READ start
PIC_SMB_READ done bytes=1423574
PIC_SMB_CONNECT reuse
PIC_SMB_READ start
PIC_SMB_READ done bytes=1176129
PIC_SMB_CONNECT reuse
PIC_SMB_READ start
PIC_SMB_READ done bytes=1566968
PIC_SMB_CONNECT reuse
PIC_SMB_READ start
PIC_SMB_READ done bytes=1639166
PIC_SMB_CONNECT reuse
PIC_SMB_READ start
PIC_SMB_READ done bytes=1131625
PIC_SMB_CONNECT reuse
PIC_SMB_READ start
PIC_SMB_READ done bytes=1251476
PIC_SMB_CONNECT reuse
PIC_SMB_READ start
PIC_SMB_READ done bytes=1315337
PIC_SMB_CONNECT reuse
PIC_SMB_READ start
PIC_SMB_READ done bytes=1313148
PIC_SMB_CONNECT reuse
PIC_SMB_READ start
PIC_SMB_READ done bytes=1152631
PIC_SMB_CONNECT reuse
PIC_SMB_READ start
PIC_SMB_READ done bytes=1418080
PIC_SMB_CONNECT reuse
PIC_SMB_READ start
PIC_SMB_READ done bytes=1208707
PIC_SMB_CONNECT reuse
PIC_SMB_READ start
PIC_SMB_READ done bytes=1074906
PIC_SMB_CONNECT reuse
PIC_SMB_READ start
PIC_SMB_READ done bytes=1384530
PIC_SMB_CONNECT reuse
PIC_SMB_READ start
PIC_SMB_READ done bytes=900918
PIC_SMB_CONNECT reuse
PIC_SMB_READ start
PIC_SMB_READ done bytes=1637684
PIC_SMB_CONNECT reuse
PIC_SMB_READ start
PIC_SMB_READ done bytes=1151438
PIC_SMB_CONNECT reuse
PIC_SMB_READ start
PIC_SMB_READ done bytes=1048552
PIC_SMB_CONNECT reuse
PIC_SMB_READ start
PIC_SMB_READ done bytes=871539
PIC_SMB_CONNECT reuse
PIC_SMB_READ start
PIC_SMB_READ done bytes=1353720
PIC_SMB_CONNECT reuse
PIC_SMB_READ start
PIC_SMB_READ done bytes=882779
PIC_SMB_CONNECT reuse
PIC_SMB_READ start
PIC_SMB_READ done bytes=1197481
PIC_SMB_CONNECT reuse
PIC_SMB_READ start
PIC_SMB_READ done bytes=1017478
PIC_SMB_CONNECT reuse
PIC_SMB_READ start
PIC_SMB_READ done bytes=1008145
PIC_SMB_CONNECT reuse
PIC_SMB_READ start
PIC_SMB_READ done bytes=1161291
PIC_SMB_CONNECT reuse
PIC_SMB_READ start
PIC_SMB_READ done bytes=1624341
PIC_SMB_CONNECT reuse
PIC_SMB_READ start
PIC_SMB_READ done bytes=1311083
PIC_SMB_CONNECT reuse
PIC_SMB_READ start
PIC_SMB_READ done bytes=1178909
PIC_SMB_CONNECT reuse
PIC_SMB_READ start
PIC_SMB_READ done bytes=1045873
PIC_SMB_CONNECT reuse
PIC_SMB_READ start
PIC_SMB_READ done bytes=1310200
PIC_SMB_CONNECT reuse
PIC_SMB_READ start
PIC_SMB_READ done bytes=1131158
PIC_SMB_CONNECT reuse
PIC_SMB_READ start
PIC_SMB_READ done bytes=1204880
PIC_SMB_CONNECT reuse
PIC_SMB_READ start
PIC_SMB_READ done bytes=1187569
PIC_SMB_CONNECT reuse
PIC_SMB_READ start
PIC_SMB_READ done bytes=1636247
PIC_SMB_CONNECT reuse
PIC_SMB_READ start
PIC_SMB_READ done bytes=1241031
PIC_SMB_CONNECT reuse
PIC_SMB_READ start
PIC_SMB_READ done bytes=924710
PIC_SMB_CONNECT reuse
PIC_SMB_READ start
PIC_SMB_READ done bytes=1029428
PIC_SMB_CONNECT reuse
PIC_SMB_READ start
PIC_SMB_READ done bytes=1466313
PIC_SMB_CONNECT reuse
PIC_SMB_READ start
PIC_SMB_READ done bytes=1342401
PIC_SMB_CONNECT reuse
PIC_SMB_READ start
PIC_SMB_READ done bytes=1043249
PIC_SMB_CONNECT reuse
PIC_SMB_READ start
PIC_SMB_READ done bytes=1075695
PIC_SMB_CONNECT reuse
PIC_SMB_READ start
PIC_SMB_READ done bytes=1113650
PIC_SMB_CONNECT reuse
PIC_SMB_READ start
PIC_SMB_READ done bytes=1008360
PIC_SMB_CONNECT reuse
PIC_SMB_READ start
PIC_SMB_READ done bytes=935055
PIC_SMB_CONNECT reuse
PIC_SMB_READ start
PIC_SMB_READ done bytes=1204036
PIC_SMB_CONNECT reuse
PIC_SMB_READ start
PIC_SMB_READ done bytes=1435070
PIC_SMB_CONNECT reuse
PIC_SMB_READ start
PIC_SMB_READ done bytes=996566
PIC_SMB_CONNECT reuse
PIC_SMB_READ start
PIC_SMB_READ done bytes=1608048
PIC_SMB_CONNECT reuse
PIC_SMB_READ start
PIC_SMB_READ done bytes=1305503
PIC_SMB_CONNECT reuse
PIC_SMB_READ start
PIC_SMB_READ done bytes=1241569
PIC_SMB_CONNECT reuse
PIC_SMB_READ start
PIC_SMB_READ done bytes=865516
PIC_SMB_CONNECT reuse
PIC_SMB_READ start
PIC_SMB_READ done bytes=1274210
PIC_SMB_CONNECT reuse
PIC_SMB_READ start
PIC_SMB_READ done bytes=1606381
PIC_SMB_CONNECT reuse
PIC_SMB_READ start
PIC_SMB_READ done bytes=1292853
PIC_SMB_CONNECT reuse
PIC_SMB_READ start
PIC_SMB_READ done bytes=988686
PIC_SMB_CONNECT reuse
PIC_SMB_READ start
PIC_SMB_READ done bytes=1133671
PIC_SMB_CONNECT reuse
PIC_SMB_READ start
PIC_SMB_READ done bytes=1100411
PIC_SMB_CONNECT reuse
PIC_SMB_READ start
PIC_SMB_READ done bytes=1402969
PIC_SMB_CONNECT reuse
PIC_SMB_READ start
PIC_SMB_READ done bytes=1072585
PIC_SMB_CONNECT reuse
PIC_SMB_READ start
PIC_SMB_READ done bytes=1097248
PIC_SMB_CONNECT reuse
PIC_SMB_READ start
PIC_SMB_READ done bytes=1034421
PIC_SMB_CONNECT reuse
PIC_SMB_READ start
PIC_SMB_READ done bytes=1633662
PIC_SMB_CONNECT reuse
PIC_SMB_READ start
PIC_SMB_READ done bytes=940805
PIC_SMB_CONNECT reuse
PIC_SMB_READ start
PIC_SMB_READ done bytes=1048444
PIC_SMB_CONNECT reuse
PIC_SMB_READ start
PIC_SMB_READ done bytes=725374
PIC_SMB_CONNECT reuse
PIC_SMB_READ start
PIC_SMB_READ done bytes=1249094
PIC_SMB_CONNECT reuse
PIC_SMB_READ start
PIC_SMB_READ done bytes=1142272
PIC_SMB_CONNECT reuse
PIC_SMB_READ start
PIC_SMB_READ done bytes=1115070
PIC_SMB_CONNECT reuse
PIC_SMB_READ start
PIC_SMB_READ done bytes=1503870
PIC_SMB_CONNECT reuse
PIC_SMB_READ start
PIC_SMB_READ done bytes=1470696
PIC_SMB_CONNECT reuse
PIC_SMB_READ start
PIC_SMB_READ done bytes=1158536
PIC_SMB_CONNECT reuse
PIC_SMB_READ start
PIC_SMB_READ done bytes=1148071
PIC_SMB_CONNECT reuse
PIC_SMB_READ start
PIC_SMB_READ done bytes=1078338
PIC_SMB_CONNECT reuse
PIC_SMB_READ start
PIC_SMB_READ done bytes=1489648
PIC_SMB_CONNECT reuse
PIC_SMB_READ start
PIC_SMB_READ done bytes=1032843
PIC_SMB_CONNECT reuse
PIC_SMB_READ start
PIC_SMB_READ done bytes=1107897
PIC_SMB_CONNECT reuse
PIC_SMB_READ start
PIC_SMB_READ done bytes=930721
PIC_SMB_CONNECT reuse
PIC_SMB_READ start
PIC_SMB_READ done bytes=1681162
PIC_SMB_CONNECT reuse
PIC_SMB_READ start
PIC_SMB_READ done bytes=1061902
PIC_SMB_CONNECT reuse
PIC_SMB_READ start
PIC_SMB_READ done bytes=1218213
PIC_SMB_CONNECT reuse
PIC_SMB_READ start
PIC_SMB_READ done bytes=847221
PIC_SMB_CONNECT reuse
PIC_SMB_READ start
PIC_SMB_READ done bytes=1235063
PIC_SMB_CONNECT reuse
PIC_SMB_READ start
PIC_SMB_READ done bytes=1308922
PIC_SMB_CONNECT reuse
PIC_SMB_READ start
PIC_SMB_READ done bytes=1186680
PIC_SMB_CONNECT reuse
PIC_SMB_READ start
PIC_SMB_READ done bytes=1198214
PIC_SMB_CONNECT reuse
PIC_SMB_READ start
PIC_SMB_READ done bytes=1295718
PIC_SMB_CONNECT reuse
PIC_SMB_READ start
PIC_SMB_READ done bytes=1068948
PIC_SMB_CONNECT reuse
PIC_SMB_READ start
PIC_SMB_READ done bytes=1648137
PIC_SMB_CONNECT reuse
PIC_SMB_READ start
PIC_SMB_READ done bytes=1092951
PIC_SMB_CONNECT reuse
PIC_SMB_READ start
PIC_SMB_READ done bytes=1043594
PIC_SMB_CONNECT reuse
PIC_SMB_READ start
PIC_SMB_READ done bytes=1162308
PIC_SMB_CONNECT reuse
PIC_SMB_READ start
PIC_SMB_READ done bytes=1069999
PIC_SMB_CONNECT reuse
PIC_SMB_READ start
PIC_SMB_READ done bytes=1013117
PIC_SMB_CONNECT reuse
PIC_SMB_READ start
PIC_SMB_READ done bytes=1257685
PIC_SMB_CONNECT reuse
PIC_SMB_READ start
PIC_SMB_READ done bytes=928641
PIC_SMB_CONNECT reuse
PIC_SMB_READ start
PIC_SMB_READ done bytes=1009542
PIC_SMB_CONNECT reuse
PIC_SMB_READ start
PIC_SMB_READ done bytes=1065114
PIC_SMB_CONNECT reuse
PIC_SMB_READ start
PIC_SMB_READ done bytes=925991
PIC_SMB_CONNECT reuse
PIC_SMB_READ start
PIC_SMB_READ done bytes=1129335
PIC_SMB_CONNECT reuse
PIC_SMB_READ start
PIC_SMB_READ done bytes=1320563
PIC_SMB_CONNECT reuse
PIC_SMB_READ start
PIC_SMB_READ done bytes=1084199
PIC_SMB_CONNECT reuse
PIC_SMB_READ start
PIC_SMB_READ done bytes=988151
PIC_SMB_CONNECT reuse
PIC_SMB_READ start
PIC_SMB_READ done bytes=827112
PIC_SMB_CONNECT reuse
PIC_SMB_READ start
PIC_SMB_READ done bytes=1015936
PIC_SMB_CONNECT reuse
PIC_SMB_READ start
PIC_SMB_READ done bytes=1084141
PIC_SMB_CONNECT reuse
PIC_SMB_READ start
PIC_SMB_READ done bytes=1321104
PIC_SMB_CONNECT reuse
PIC_SMB_READ start
PIC_SMB_READ done bytes=931079
PIC_SMB_CONNECT reuse
PIC_SMB_READ start
PIC_SMB_READ done bytes=1387834
PIC_SMB_CONNECT reuse
PIC_SMB_READ start
PIC_SMB_READ done bytes=1101861
PIC_SMB_CONNECT reuse
PIC_SMB_READ start
PIC_SMB_READ done bytes=1323572
PIC_SMB_CONNECT reuse
PIC_SMB_READ start
PIC_SMB_READ done bytes=1250892
PIC_SMB_CONNECT reuse
PIC_SMB_READ start
PIC_SMB_READ done bytes=1072555
PIC_SMB_CONNECT reuse
PIC_SMB_READ start
PIC_SMB_READ done bytes=831895
PIC_SMB_CONNECT reuse
PIC_SMB_READ start
PIC_SMB_READ done bytes=1187727
PIC_SMB_CONNECT reuse
PIC_SMB_READ start
PIC_SMB_READ done bytes=986979
PIC_SMB_CONNECT reuse
PIC_SMB_READ start
PIC_SMB_READ done bytes=1163287
PIC_SMB_CONNECT reuse
PIC_SMB_READ start
PIC_SMB_READ done bytes=676161
PIC_SMB_CONNECT reuse
PIC_SMB_READ start
PIC_SMB_READ done bytes=1192257
PIC_SMB_CONNECT reuse
PIC_SMB_READ start
PIC_SMB_READ done bytes=1037071
PIC_SMB_CONNECT reuse
PIC_SMB_READ start
PIC_SMB_READ done bytes=1050506
PIC_SMB_CONNECT reuse
PIC_SMB_READ start
PIC_SMB_READ done bytes=1063574
PIC_SMB_CONNECT reuse
PIC_SMB_READ start
PIC_SMB_READ done bytes=1111883
PIC_SMB_CONNECT reuse
PIC_SMB_READ start
PIC_SMB_READ done bytes=1519375
PIC_SMB_CONNECT reuse
PIC_SMB_READ start
PIC_SMB_READ done bytes=1108479
PIC_SMB_CONNECT reuse
PIC_SMB_READ start
PIC_SMB_READ done bytes=1207168
PIC_SMB_CONNECT reuse
PIC_SMB_READ start
PIC_SMB_READ done bytes=1058210
PIC_SMB_CONNECT reuse
PIC_SMB_READ start
PIC_SMB_READ done bytes=1206047
PIC_SMB_CONNECT reuse
PIC_SMB_READ start
PIC_SMB_READ done bytes=1163436
PIC_SMB_CONNECT reuse
PIC_SMB_READ start
PIC_SMB_READ done bytes=670519
PIC_SMB_CONNECT reuse
PIC_SMB_READ start
PIC_SMB_READ done bytes=1054125
PIC_SMB_CONNECT reuse
PIC_SMB_READ start
PIC_SMB_READ done bytes=916022
PIC_SMB_CONNECT reuse
PIC_SMB_READ start
PIC_SMB_READ done bytes=1101888
PIC_SMB_CONNECT reuse
PIC_SMB_READ start
PIC_SMB_READ done bytes=1178281
PIC_SMB_CONNECT reuse
PIC_SMB_READ start
PIC_SMB_READ done bytes=1071490
PIC_SMB_CONNECT reuse
PIC_SMB_READ start
PIC_SMB_READ done bytes=1097219
PIC_SMB_CONNECT reuse
PIC_SMB_READ start
PIC_SMB_READ done bytes=1233620
PIC_SMB_CONNECT reuse
PIC_SMB_READ start
PIC_SMB_READ done bytes=1055966
PIC_SMB_CONNECT reuse
PIC_SMB_READ start
PIC_SMB_READ done bytes=1321939
PIC_SMB_CONNECT reuse
PIC_SMB_READ start
PIC_SMB_READ done bytes=929311
PIC_SMB_CONNECT reuse
PIC_SMB_READ start
PIC_SMB_READ done bytes=1487542
PIC_SMB_CONNECT reuse
PIC_SMB_READ start
PIC_SMB_READ done bytes=872232
PIC_SMB_CONNECT reuse
PIC_SMB_READ start
PIC_SMB_READ done bytes=1276205
PIC_SMB_CONNECT reuse
PIC_SMB_READ start
PIC_SMB_READ done bytes=1386697
PIC_SMB_CONNECT reuse
PIC_SMB_READ start
PIC_SMB_READ done bytes=1089299
PIC_SMB_CONNECT reuse
PIC_SMB_READ start
PIC_SMB_READ done bytes=489311
PIC_SMB_CONNECT reuse
PIC_SMB_READ start
PIC_SMB_READ done bytes=1299479
PIC_SMB_CONNECT reuse
PIC_SMB_READ start
PIC_SMB_READ done bytes=981047
PIC_SMB_CONNECT reuse
PIC_SMB_READ start
PIC_SMB_READ done bytes=1315149
PIC_SMB_CONNECT reuse
PIC_SMB_READ start
PIC_SMB_READ done bytes=698036
PIC_SMB_CONNECT reuse
PIC_SMB_READ start
PIC_SMB_READ done bytes=1372337
PIC_SMB_CONNECT reuse
PIC_SMB_READ start
PIC_SMB_READ done bytes=921009
PIC_SMB_CONNECT reuse
PIC_SMB_READ start
PIC_SMB_READ done bytes=1259074
PIC_SMB_CONNECT reuse
PIC_SMB_READ start
PIC_SMB_READ done bytes=676065
PIC_SMB_CONNECT reuse
PIC_SMB_READ start
PIC_SMB_READ done bytes=981542
PIC_SMB_CONNECT reuse
PIC_SMB_READ start
PIC_SMB_READ done bytes=1093731
PIC_SMB_CONNECT reuse
PIC_SMB_READ start
PIC_SMB_READ done bytes=1292985
PIC_SMB_CONNECT reuse
PIC_SMB_READ start
PIC_SMB_READ done bytes=1000827
PIC_SMB_CONNECT reuse
PIC_SMB_READ start
PIC_SMB_READ done bytes=1170509
PIC_SMB_CONNECT reuse
PIC_SMB_READ start
PIC_SMB_READ done bytes=862792
PIC_SMB_CONNECT reuse
PIC_SMB_READ start
PIC_SMB_READ done bytes=1121780
PIC_SMB_CONNECT reuse
PIC_SMB_READ start
PIC_SMB_READ done bytes=441680
PIC_SMB_CONNECT reuse
PIC_SMB_READ start
PIC_SMB_READ done bytes=984734
PIC_SMB_CONNECT reuse
PIC_SMB_READ start
PIC_SMB_READ done bytes=1198311
PIC_SMB_CONNECT reuse
PIC_SMB_READ start
PIC_SMB_READ done bytes=1343532
PIC_SMB_CONNECT reuse
PIC_SMB_READ start
PIC_SMB_READ done bytes=891215
PIC_SMB_CONNECT reuse
PIC_SMB_READ start
PIC_SMB_READ done bytes=1453516
PIC_SMB_CONNECT reuse
PIC_SMB_READ start
PIC_SMB_READ done bytes=1491380
PIC_SMB_CONNECT reuse
PIC_SMB_READ start
PIC_SMB_READ done bytes=1594331
PIC_SMB_CONNECT reuse
PIC_SMB_READ start
PIC_SMB_READ done bytes=955379
PIC_SMB_CONNECT reuse
PIC_SMB_READ start
PIC_SMB_READ done bytes=1485889
PIC_SMB_CONNECT reuse
PIC_SMB_READ start
PIC_SMB_READ done bytes=1254587
PIC_SMB_CONNECT reuse
PIC_SMB_READ start
PIC_SMB_READ done bytes=1130990
PIC_SMB_CONNECT reuse
PIC_SMB_READ start
PIC_SMB_READ done bytes=1188783
PIC_SMB_CONNECT reuse
PIC_SMB_READ start
PIC_SMB_READ done bytes=997823
PIC_SMB_CONNECT reuse
PIC_SMB_READ start
PIC_SMB_READ done bytes=831965
PIC_SMB_CONNECT reuse
PIC_SMB_READ start
PIC_SMB_READ done bytes=1069496
PIC_SMB_CONNECT reuse
PIC_SMB_READ start
PIC_SMB_READ done bytes=414226
PIC_SMB_CONNECT reuse
PIC_SMB_READ start
PIC_SMB_READ done bytes=825479
PIC_SMB_CONNECT reuse
PIC_SMB_READ start
PIC_SMB_READ done bytes=1093524
PIC_SMB_CONNECT reuse
PIC_SMB_READ start
PIC_SMB_READ done bytes=1352029
PIC_SMB_CONNECT reuse
PIC_SMB_READ start
PIC_SMB_READ done bytes=1200937
PIC_SMB_CONNECT reuse
PIC_SMB_READ start
PIC_SMB_READ done bytes=1071863
PIC_SMB_CONNECT reuse
PIC_SMB_READ start
PIC_SMB_READ done bytes=1125428
PIC_SMB_CONNECT reuse
PIC_SMB_READ start
PIC_SMB_READ done bytes=1635524
PIC_SMB_CONNECT reuse
PIC_SMB_READ start
PIC_SMB_READ done bytes=747920
PIC_SMB_CONNECT reuse
PIC_SMB_READ start
PIC_SMB_READ done bytes=1299890
PIC_SMB_CONNECT reuse
PIC_SMB_READ start
PIC_SMB_READ done bytes=990337
PIC_SMB_CONNECT reuse
PIC_SMB_READ start
PIC_SMB_READ done bytes=1383321
PIC_SMB_CONNECT reuse
PIC_SMB_READ start
PIC_SMB_READ done bytes=1124440
PIC_SMB_CONNECT reuse
PIC_SMB_READ start
PIC_SMB_READ done bytes=1175443
PIC_SMB_CONNECT reuse
PIC_SMB_READ start
PIC_SMB_READ done bytes=925309
PIC_SMB_CONNECT reuse
PIC_SMB_READ start
PIC_SMB_READ done bytes=1333879
PIC_SMB_CONNECT reuse
PIC_SMB_READ start
PIC_SMB_READ done bytes=1070136
PIC_SMB_CONNECT reuse
PIC_SMB_READ start
PIC_SMB_READ done bytes=1675322
PIC_SMB_CONNECT reuse
PIC_SMB_READ start
PIC_SMB_READ done bytes=957797
PIC_SMB_CONNECT reuse
PIC_SMB_READ start
PIC_SMB_READ done bytes=1422134
PIC_SMB_CONNECT reuse
PIC_SMB_READ start
PIC_SMB_READ done bytes=1145239
PIC_SMB_CONNECT reuse
PIC_SMB_READ start
PIC_SMB_READ done bytes=1200614
PIC_SMB_CONNECT reuse
PIC_SMB_READ start
PIC_SMB_READ done bytes=1050840
PIC_SMB_CONNECT reuse
PIC_SMB_READ start
PIC_SMB_READ done bytes=1165029
PIC_SMB_CONNECT reuse
PIC_SMB_READ start
PIC_SMB_READ done bytes=1161986
PIC_SMB_CONNECT reuse
PIC_SMB_READ start
PIC_SMB_READ done bytes=1416795
PIC_SMB_CONNECT reuse
PIC_SMB_READ start
PIC_SMB_READ done bytes=1184828
PIC_SMB_CONNECT reuse
PIC_SMB_READ start
PIC_SMB_READ done bytes=1372150
PIC_SMB_CONNECT reuse
PIC_SMB_READ start
PIC_SMB_READ done bytes=910178
PIC_SMB_CONNECT reuse
PIC_SMB_READ start
PIC_SMB_READ done bytes=1766780
PIC_SMB_CONNECT reuse
PIC_SMB_READ start
PIC_SMB_READ done bytes=1326613
PIC_SMB_CONNECT reuse
PIC_SMB_READ start
PIC_SMB_READ done bytes=1090278
PIC_SMB_CONNECT reuse
PIC_SMB_READ start
PIC_SMB_READ done bytes=1051023
PIC_SMB_CONNECT reuse
PIC_SMB_READ start
PIC_SMB_READ done bytes=1209964
PIC_SMB_CONNECT reuse
PIC_SMB_READ start
PIC_SMB_READ done bytes=1561967
PIC_SMB_CONNECT reuse
PIC_SMB_READ start
PIC_SMB_READ done bytes=1249200
PIC_SMB_CONNECT reuse
PIC_SMB_READ start
PIC_SMB_READ done bytes=1202624
PIC_SMB_CONNECT reuse
PIC_SMB_READ start
PIC_SMB_READ done bytes=861466
PIC_SMB_CONNECT reuse
PIC_SMB_READ start
PIC_SMB_READ done bytes=1336743
PIC_SMB_CONNECT reuse
PIC_SMB_READ start
PIC_SMB_READ done bytes=1133771
PIC_SMB_CONNECT reuse
PIC_SMB_READ start
PIC_SMB_READ done bytes=1046737
PIC_SMB_CONNECT reuse
PIC_SMB_READ start
PIC_SMB_READ done bytes=1556136
PIC_SMB_CONNECT reuse
PIC_SMB_READ start
PIC_SMB_READ done bytes=1213131
PIC_SMB_CONNECT reuse
PIC_SMB_READ start
PIC_SMB_READ done bytes=1141837
PIC_SMB_CONNECT reuse
PIC_SMB_READ start
PIC_SMB_READ done bytes=1036260
PIC_SMB_CONNECT reuse
PIC_SMB_READ start
PIC_SMB_READ done bytes=1504457
PIC_SMB_CONNECT reuse
PIC_SMB_READ start
PIC_SMB_READ done bytes=1107308
PIC_SMB_CONNECT reuse
PIC_SMB_READ start
PIC_SMB_READ done bytes=1071802
PIC_SMB_CONNECT reuse
PIC_SMB_READ start
PIC_SMB_READ done bytes=1061589
PIC_SMB_CONNECT reuse
PIC_SMB_READ start
PIC_SMB_READ done bytes=918270
PIC_SMB_CONNECT reuse
PIC_SMB_READ start
PIC_SMB_READ done bytes=1046684
PIC_SMB_CONNECT reuse
PIC_SMB_READ start
PIC_SMB_READ done bytes=1339397
PIC_SMB_CONNECT reuse
PIC_SMB_READ start
PIC_SMB_READ done bytes=895800
PIC_SMB_CONNECT reuse
PIC_SMB_READ start
PIC_SMB_READ done bytes=1143714
===== SCAN COMPLETE: imported=267 failed=0 | progressive gallery updates complete =====
PIC_NETWORK tid=ThreadId(116) PRIVATE_NFS export_cache_hit host=DietPi.local count=5
PIC_NFS stage=context_creation elapsed_ms=0 tid=140339499890368 host=DietPi.local export=/mnt/4TBS relative=- outcome=ok
PIC_NFS_CONNECT create_start host=DietPi.local export=/mnt/4TBS version=3 tid=140339499890368
PIC_NFS stage=connection_establishment elapsed_ms=19 tid=140339499890368 host=DietPi.local export=/mnt/4TBS relative=- version=3 outcome=ok status=0
PIC_NFS_CONNECT create_ok host=DietPi.local export=/mnt/4TBS version=3
PIC_NETWORK tid=ThreadId(116) PRIVATE_NFS export_cache_hit host=DietPi.local count=5
PIC_NETWORK tid=ThreadId(116) PRIVATE_NFS export_cache_hit host=DietPi.local count=5
PIC_NETWORK tid=ThreadId(116) PRIVATE_NFS export_cache_hit host=DietPi.local count=5
PIC_NETWORK tid=ThreadId(116) PRIVATE_NFS export_cache_hit host=DietPi.local count=5
PIC_SMB_CONNECT reuse
PIC_SMB_CONNECT reuse
PIC_VIEWER t_ms=42505 tid=ThreadId(1) show_photo_request generation=82 index=3054 uri=smb://dietpi.local/4tbp/pics-sport/EPA%20Awards%202024/FB-EPA-Pt1/DSC_0836.jpg
PIC_VIEWER t_ms=42505 tid=ThreadId(1) request lane=foreground action=new uri=smb://dietpi.local/4tbp/pics-sport/EPA%20Awards%202024/FB-EPA-Pt1/DSC_0836.jpg variant=1124x732
PIC_VIEWER t_ms=42505 tid=ThreadId(117) decode_start uri=smb://dietpi.local/4tbp/pics-sport/EPA%20Awards%202024/FB-EPA-Pt1/DSC_0836.jpg variant=1124x732 queue_ms=0
PIC_VIEWER source_cache lane=foreground action=miss uri=smb://dietpi.local/4tbp/pics-sport/EPA%20Awards%202024/FB-EPA-Pt1/DSC_0836.jpg
PIC_VIEWER network_slot lane=foreground wait_ms=0 uri=smb://dietpi.local/4tbp/pics-sport/EPA%20Awards%202024/FB-EPA-Pt1/DSC_0836.jpg
PIC_SMB_CONNECT reuse
PIC_SMB_READ start
PIC_SMB_READ done bytes=1103657
PIC_VIEWER source_cache action=insert bytes=1103657 uri=smb://dietpi.local/4tbp/pics-sport/EPA%20Awards%202024/FB-EPA-Pt1/DSC_0836.jpg
PIC_VIEWER source_cache action=evict bytes=1297446 uri=nfs://DietPi.local/mnt/4TBS/Spar%20Ladies%202025/10km/DSC_6147.jpg
PIC_VIEWER network_done lane=foreground read_ms=21 bytes=1103657 source=network outcome=ok uri=smb://dietpi.local/4tbp/pics-sport/EPA%20Awards%202024/FB-EPA-Pt1/DSC_0836.jpg
PIC_VIEWER decode_stage source_ms=21 cpu_ms=33 uri=smb://dietpi.local/4tbp/pics-sport/EPA%20Awards%202024/FB-EPA-Pt1/DSC_0836.jpg
PIC_VIEWER t_ms=42563 tid=ThreadId(117) decode_done uri=smb://dietpi.local/4tbp/pics-sport/EPA%20Awards%202024/FB-EPA-Pt1/DSC_0836.jpg variant=1124x732 elapsed_ms=57 outcome=ok
PIC_VIEWER t_ms=42563 tid=ThreadId(1) display_apply elapsed_ms=0 uri=smb://dietpi.local/4tbp/pics-sport/EPA%20Awards%202024/FB-EPA-Pt1/DSC_0836.jpg
PIC_VIEWER t_ms=42563 tid=ThreadId(1) display_done lane=foreground source=decode navigation_ms=58 uri=smb://dietpi.local/4tbp/pics-sport/EPA%20Awards%202024/FB-EPA-Pt1/DSC_0836.jpg
PIC_VIEWER t_ms=42563 tid=ThreadId(1) cache_evict uri=nfs://DietPi.local/mnt/4TBS/pics-sport/local%20choice/FB-Timestamp-JPG%20Upates/DSC_1371_result.jpg bytes=3372000 remaining_entries=32 remaining_bytes=107727600
PIC_VIEWER t_ms=42993 tid=ThreadId(1) wheel_event dy=1
PIC_VIEWER t_ms=42993 tid=ThreadId(1) navigation_dispatch source=wheel from_index=3054 to_index=3055 direction=1
PIC_VIEWER t_ms=42993 tid=ThreadId(1) infobar_update source=wheel index=3055 uri=smb://dietpi.local/4tbp/pics-sport/EPA%20Awards%202024/FB-EPA-Pt1/DSC_0837.jpg
PIC_VIEWER t_ms=42993 tid=ThreadId(1) show_photo_request generation=83 index=3055 uri=smb://dietpi.local/4tbp/pics-sport/EPA%20Awards%202024/FB-EPA-Pt1/DSC_0837.jpg
PIC_VIEWER t_ms=42993 tid=ThreadId(1) request lane=foreground action=new uri=smb://dietpi.local/4tbp/pics-sport/EPA%20Awards%202024/FB-EPA-Pt1/DSC_0837.jpg variant=1124x794
PIC_VIEWER t_ms=42993 tid=ThreadId(118) decode_start uri=smb://dietpi.local/4tbp/pics-sport/EPA%20Awards%202024/FB-EPA-Pt1/DSC_0837.jpg variant=1124x794 queue_ms=0
PIC_VIEWER source_cache lane=foreground action=miss uri=smb://dietpi.local/4tbp/pics-sport/EPA%20Awards%202024/FB-EPA-Pt1/DSC_0837.jpg
PIC_VIEWER network_slot lane=foreground wait_ms=0 uri=smb://dietpi.local/4tbp/pics-sport/EPA%20Awards%202024/FB-EPA-Pt1/DSC_0837.jpg
PIC_SMB_CONNECT reuse
PIC_SMB_READ start
PIC_VIEWER t_ms=43011 tid=ThreadId(1) wheel_event dy=1
PIC_VIEWER t_ms=43011 tid=ThreadId(1) wheel_accumulate current_index=3055 target_index=3056 direction=1
PIC_VIEWER t_ms=43017 tid=ThreadId(1) wheel_event dy=1
PIC_VIEWER t_ms=43017 tid=ThreadId(1) wheel_accumulate current_index=3055 target_index=3057 direction=1
PIC_SMB_READ done bytes=1768891
PIC_VIEWER source_cache action=insert bytes=1768891 uri=smb://dietpi.local/4tbp/pics-sport/EPA%20Awards%202024/FB-EPA-Pt1/DSC_0837.jpg
PIC_VIEWER source_cache action=evict bytes=1788370 uri=nfs://DietPi.local/mnt/4TBS/Spar%20Ladies%202025/10km/DSC_6074.jpg
PIC_VIEWER network_done lane=foreground read_ms=26 bytes=1768891 source=network outcome=ok uri=smb://dietpi.local/4tbp/pics-sport/EPA%20Awards%202024/FB-EPA-Pt1/DSC_0837.jpg
PIC_VIEWER t_ms=43041 tid=ThreadId(1) wheel_event dy=1
PIC_VIEWER t_ms=43041 tid=ThreadId(1) wheel_accumulate current_index=3055 target_index=3058 direction=1
PIC_VIEWER t_ms=43057 tid=ThreadId(1) wheel_event dy=1
PIC_VIEWER t_ms=43057 tid=ThreadId(1) wheel_accumulate current_index=3055 target_index=3059 direction=1
PIC_VIEWER decode_stage source_ms=26 cpu_ms=43 uri=smb://dietpi.local/4tbp/pics-sport/EPA%20Awards%202024/FB-EPA-Pt1/DSC_0837.jpg
PIC_VIEWER t_ms=43066 tid=ThreadId(118) decode_done uri=smb://dietpi.local/4tbp/pics-sport/EPA%20Awards%202024/FB-EPA-Pt1/DSC_0837.jpg variant=1124x794 elapsed_ms=72 outcome=ok
PIC_VIEWER t_ms=43066 tid=ThreadId(1) display_apply elapsed_ms=0 uri=smb://dietpi.local/4tbp/pics-sport/EPA%20Awards%202024/FB-EPA-Pt1/DSC_0837.jpg
PIC_VIEWER t_ms=43066 tid=ThreadId(1) display_done lane=foreground source=decode navigation_ms=73 uri=smb://dietpi.local/4tbp/pics-sport/EPA%20Awards%202024/FB-EPA-Pt1/DSC_0837.jpg
PIC_VIEWER t_ms=43066 tid=ThreadId(1) cache_evict uri=nfs://DietPi.local/mnt/4TBS/pics-sport/local%20choice/FB-Timestamp-JPG%20Upates/DSC_1368_result.jpg bytes=3372000 remaining_entries=32 remaining_bytes=107727600
PIC_VIEWER t_ms=43066 tid=ThreadId(1) navigation_dispatch source=wheel_coalesced from_index=3055 to_index=3059 direction=1
PIC_VIEWER t_ms=43066 tid=ThreadId(1) infobar_update source=wheel index=3059 uri=smb://dietpi.local/4tbp/pics-sport/EPA%20Awards%202024/FB-EPA-Pt1/DSC_0845.jpg
PIC_VIEWER t_ms=43067 tid=ThreadId(1) show_photo_request generation=84 index=3059 uri=smb://dietpi.local/4tbp/pics-sport/EPA%20Awards%202024/FB-EPA-Pt1/DSC_0845.jpg
PIC_VIEWER t_ms=43067 tid=ThreadId(1) request lane=foreground action=new uri=smb://dietpi.local/4tbp/pics-sport/EPA%20Awards%202024/FB-EPA-Pt1/DSC_0845.jpg variant=1124x794
PIC_VIEWER t_ms=43067 tid=ThreadId(119) decode_start uri=smb://dietpi.local/4tbp/pics-sport/EPA%20Awards%202024/FB-EPA-Pt1/DSC_0845.jpg variant=1124x794 queue_ms=0
PIC_VIEWER source_cache lane=foreground action=miss uri=smb://dietpi.local/4tbp/pics-sport/EPA%20Awards%202024/FB-EPA-Pt1/DSC_0845.jpg
PIC_VIEWER network_slot lane=foreground wait_ms=0 uri=smb://dietpi.local/4tbp/pics-sport/EPA%20Awards%202024/FB-EPA-Pt1/DSC_0845.jpg
PIC_SMB_CONNECT reuse
PIC_SMB_READ start
PIC_SMB_READ done bytes=1592219
PIC_VIEWER source_cache action=insert bytes=1592219 uri=smb://dietpi.local/4tbp/pics-sport/EPA%20Awards%202024/FB-EPA-Pt1/DSC_0845.jpg
PIC_VIEWER source_cache action=evict bytes=1301011 uri=nfs://DietPi.local/mnt/4TBS/Spar%20Ladies%202025/10km/DSC_5848.jpg
PIC_VIEWER network_done lane=foreground read_ms=24 bytes=1592219 source=network outcome=ok uri=smb://dietpi.local/4tbp/pics-sport/EPA%20Awards%202024/FB-EPA-Pt1/DSC_0845.jpg
PIC_VIEWER decode_stage source_ms=24 cpu_ms=37 uri=smb://dietpi.local/4tbp/pics-sport/EPA%20Awards%202024/FB-EPA-Pt1/DSC_0845.jpg
PIC_VIEWER t_ms=43130 tid=ThreadId(119) decode_done uri=smb://dietpi.local/4tbp/pics-sport/EPA%20Awards%202024/FB-EPA-Pt1/DSC_0845.jpg variant=1124x794 elapsed_ms=63 outcome=ok
PIC_VIEWER t_ms=43130 tid=ThreadId(1) display_apply elapsed_ms=0 uri=smb://dietpi.local/4tbp/pics-sport/EPA%20Awards%202024/FB-EPA-Pt1/DSC_0845.jpg
PIC_VIEWER t_ms=43130 tid=ThreadId(1) display_done lane=foreground source=decode navigation_ms=63 uri=smb://dietpi.local/4tbp/pics-sport/EPA%20Awards%202024/FB-EPA-Pt1/DSC_0845.jpg
PIC_VIEWER t_ms=43130 tid=ThreadId(1) cache_evict uri=nfs://DietPi.local/mnt/4TBS/pics-sport/local%20choice/FB-Timestamp-JPG%20Upates/DSC_1370_result.jpg bytes=3372000 remaining_entries=32 remaining_bytes=106038880
PIC_VIEWER t_ms=43317 tid=ThreadId(1) request lane=prefetch action=new uri=smb://dietpi.local/4tbp/pics-sport/EPA%20Awards%202024/FB-EPA-Pt1/DSC_0847.jpg variant=1124x794
PIC_VIEWER t_ms=43317 tid=ThreadId(1) request lane=prefetch action=new uri=smb://dietpi.local/4tbp/pics-sport/EPA%20Awards%202024/FB-EPA-Pt1/DSC_0844.jpg variant=1124x794
PIC_VIEWER t_ms=43317 tid=ThreadId(121) decode_start uri=smb://dietpi.local/4tbp/pics-sport/EPA%20Awards%202024/FB-EPA-Pt1/DSC_0844.jpg variant=1124x794 queue_ms=0
PIC_VIEWER source_cache lane=prefetch action=miss uri=smb://dietpi.local/4tbp/pics-sport/EPA%20Awards%202024/FB-EPA-Pt1/DSC_0844.jpg
PIC_VIEWER network_slot lane=prefetch wait_ms=0 uri=smb://dietpi.local/4tbp/pics-sport/EPA%20Awards%202024/FB-EPA-Pt1/DSC_0844.jpg
PIC_SMB_CONNECT reuse
PIC_SMB_READ start
PIC_VIEWER t_ms=43317 tid=ThreadId(120) decode_start uri=smb://dietpi.local/4tbp/pics-sport/EPA%20Awards%202024/FB-EPA-Pt1/DSC_0847.jpg variant=1124x794 queue_ms=0
PIC_VIEWER source_cache lane=prefetch action=miss uri=smb://dietpi.local/4tbp/pics-sport/EPA%20Awards%202024/FB-EPA-Pt1/DSC_0847.jpg
PIC_SMB_READ done bytes=1680674
PIC_VIEWER source_cache action=insert bytes=1680674 uri=smb://dietpi.local/4tbp/pics-sport/EPA%20Awards%202024/FB-EPA-Pt1/DSC_0844.jpg
PIC_VIEWER source_cache action=evict bytes=1484855 uri=nfs://DietPi.local/mnt/4TBS/Spar%20Ladies%202025/10km/DSC_5824.jpg
PIC_VIEWER network_done lane=prefetch read_ms=27 bytes=1680674 source=network outcome=ok uri=smb://dietpi.local/4tbp/pics-sport/EPA%20Awards%202024/FB-EPA-Pt1/DSC_0844.jpg
PIC_VIEWER network_slot lane=prefetch wait_ms=26 uri=smb://dietpi.local/4tbp/pics-sport/EPA%20Awards%202024/FB-EPA-Pt1/DSC_0847.jpg
PIC_SMB_CONNECT reuse
PIC_SMB_READ start
PIC_VIEWER t_ms=43361 tid=ThreadId(1) wheel_event dy=1
PIC_VIEWER t_ms=43361 tid=ThreadId(1) navigation_dispatch source=wheel from_index=3059 to_index=3060 direction=1
PIC_VIEWER t_ms=43361 tid=ThreadId(1) infobar_update source=wheel index=3060 uri=smb://dietpi.local/4tbp/pics-sport/EPA%20Awards%202024/FB-EPA-Pt1/DSC_0847.jpg
PIC_VIEWER t_ms=43361 tid=ThreadId(1) show_photo_request generation=85 index=3060 uri=smb://dietpi.local/4tbp/pics-sport/EPA%20Awards%202024/FB-EPA-Pt1/DSC_0847.jpg
PIC_VIEWER t_ms=43361 tid=ThreadId(1) request lane=foreground action=promote uri=smb://dietpi.local/4tbp/pics-sport/EPA%20Awards%202024/FB-EPA-Pt1/DSC_0847.jpg variant=1124x794
PIC_SMB_READ done bytes=1608619
PIC_VIEWER source_cache action=insert bytes=1608619 uri=smb://dietpi.local/4tbp/pics-sport/EPA%20Awards%202024/FB-EPA-Pt1/DSC_0847.jpg
PIC_VIEWER source_cache action=evict bytes=1017047 uri=nfs://DietPi.local/mnt/4TBS/Spar%20Ladies%202025/10km/DSC_5823.jpg
PIC_VIEWER network_done lane=foreground read_ms=23 bytes=1608619 source=network outcome=ok uri=smb://dietpi.local/4tbp/pics-sport/EPA%20Awards%202024/FB-EPA-Pt1/DSC_0847.jpg
PIC_VIEWER t_ms=43374 tid=ThreadId(121) decode_done uri=smb://dietpi.local/4tbp/pics-sport/EPA%20Awards%202024/FB-EPA-Pt1/DSC_0844.jpg variant=1124x794 elapsed_ms=57 outcome=error
PIC_VIEWER t_ms=43374 tid=ThreadId(1) display_discard lane=prefetch uri=smb://dietpi.local/4tbp/pics-sport/EPA%20Awards%202024/FB-EPA-Pt1/DSC_0844.jpg reason=cancelled
PIC_VIEWER t_ms=43377 tid=ThreadId(1) wheel_event dy=1
PIC_VIEWER t_ms=43377 tid=ThreadId(1) wheel_accumulate current_index=3060 target_index=3061 direction=1
PIC_VIEWER t_ms=43393 tid=ThreadId(1) wheel_event dy=1
PIC_VIEWER t_ms=43393 tid=ThreadId(1) wheel_accumulate current_index=3060 target_index=3062 direction=1
PIC_VIEWER decode_stage source_ms=50 cpu_ms=38 uri=smb://dietpi.local/4tbp/pics-sport/EPA%20Awards%202024/FB-EPA-Pt1/DSC_0847.jpg
PIC_VIEWER t_ms=43407 tid=ThreadId(120) decode_done uri=smb://dietpi.local/4tbp/pics-sport/EPA%20Awards%202024/FB-EPA-Pt1/DSC_0847.jpg variant=1124x794 elapsed_ms=90 outcome=ok
PIC_VIEWER t_ms=43407 tid=ThreadId(1) display_discard lane=prefetch uri=smb://dietpi.local/4tbp/pics-sport/EPA%20Awards%202024/FB-EPA-Pt1/DSC_0847.jpg reason=cancelled
PIC_VIEWER t_ms=43407 tid=ThreadId(1) display_apply elapsed_ms=0 uri=smb://dietpi.local/4tbp/pics-sport/EPA%20Awards%202024/FB-EPA-Pt1/DSC_0847.jpg
PIC_VIEWER t_ms=43407 tid=ThreadId(1) display_done lane=foreground source=decode navigation_ms=46 uri=smb://dietpi.local/4tbp/pics-sport/EPA%20Awards%202024/FB-EPA-Pt1/DSC_0847.jpg
PIC_VIEWER t_ms=43407 tid=ThreadId(1) cache_evict uri=nfs://DietPi.local/mnt/4TBS/pics-sport/local%20choice/FB-Timestamp-JPG%20Upates/DSC_1367_result.jpg bytes=3372000 remaining_entries=32 remaining_bytes=104350160
PIC_VIEWER t_ms=43407 tid=ThreadId(1) navigation_dispatch source=wheel_coalesced from_index=3060 to_index=3062 direction=1
PIC_VIEWER t_ms=43407 tid=ThreadId(1) infobar_update source=wheel index=3062 uri=smb://dietpi.local/4tbp/pics-sport/EPA%20Awards%202024/FB-EPA-Pt1/DSC_0853.jpg
PIC_VIEWER t_ms=43408 tid=ThreadId(1) show_photo_request generation=86 index=3062 uri=smb://dietpi.local/4tbp/pics-sport/EPA%20Awards%202024/FB-EPA-Pt1/DSC_0853.jpg
PIC_VIEWER t_ms=43408 tid=ThreadId(1) request lane=foreground action=new uri=smb://dietpi.local/4tbp/pics-sport/EPA%20Awards%202024/FB-EPA-Pt1/DSC_0853.jpg variant=1124x794
PIC_VIEWER t_ms=43408 tid=ThreadId(122) decode_start uri=smb://dietpi.local/4tbp/pics-sport/EPA%20Awards%202024/FB-EPA-Pt1/DSC_0853.jpg variant=1124x794 queue_ms=0
PIC_VIEWER source_cache lane=foreground action=miss uri=smb://dietpi.local/4tbp/pics-sport/EPA%20Awards%202024/FB-EPA-Pt1/DSC_0853.jpg
PIC_VIEWER network_slot lane=foreground wait_ms=0 uri=smb://dietpi.local/4tbp/pics-sport/EPA%20Awards%202024/FB-EPA-Pt1/DSC_0853.jpg
PIC_SMB_CONNECT reuse
PIC_SMB_READ start
PIC_VIEWER t_ms=43409 tid=ThreadId(1) wheel_event dy=1
PIC_VIEWER t_ms=43409 tid=ThreadId(1) wheel_accumulate current_index=3062 target_index=3063 direction=1
PIC_VIEWER t_ms=43417 tid=ThreadId(1) wheel_event dy=1
PIC_VIEWER t_ms=43417 tid=ThreadId(1) wheel_accumulate current_index=3062 target_index=3064 direction=1
PIC_VIEWER t_ms=43425 tid=ThreadId(1) wheel_event dy=1
PIC_VIEWER t_ms=43425 tid=ThreadId(1) wheel_accumulate current_index=3062 target_index=3065 direction=1
PIC_SMB_READ done bytes=1065677
PIC_VIEWER source_cache action=insert bytes=1065677 uri=smb://dietpi.local/4tbp/pics-sport/EPA%20Awards%202024/FB-EPA-Pt1/DSC_0853.jpg
PIC_VIEWER source_cache action=evict bytes=1214898 uri=nfs://DietPi.local/mnt/4TBS/pics-sport/XCC%202026/XCC%20EP%20Champs%202026/Starred%20Photos/DSC_0221_result.jpg
PIC_VIEWER network_done lane=foreground read_ms=19 bytes=1065677 source=network outcome=ok uri=smb://dietpi.local/4tbp/pics-sport/EPA%20Awards%202024/FB-EPA-Pt1/DSC_0853.jpg
PIC_VIEWER t_ms=43441 tid=ThreadId(1) wheel_event dy=1
PIC_VIEWER t_ms=43441 tid=ThreadId(1) wheel_accumulate current_index=3062 target_index=3066 direction=1
PIC_VIEWER decode_stage source_ms=19 cpu_ms=34 uri=smb://dietpi.local/4tbp/pics-sport/EPA%20Awards%202024/FB-EPA-Pt1/DSC_0853.jpg
PIC_VIEWER t_ms=43465 tid=ThreadId(122) decode_done uri=smb://dietpi.local/4tbp/pics-sport/EPA%20Awards%202024/FB-EPA-Pt1/DSC_0853.jpg variant=1124x794 elapsed_ms=56 outcome=ok
PIC_VIEWER t_ms=43465 tid=ThreadId(1) display_apply elapsed_ms=0 uri=smb://dietpi.local/4tbp/pics-sport/EPA%20Awards%202024/FB-EPA-Pt1/DSC_0853.jpg
PIC_VIEWER t_ms=43465 tid=ThreadId(1) display_done lane=foreground source=decode navigation_ms=56 uri=smb://dietpi.local/4tbp/pics-sport/EPA%20Awards%202024/FB-EPA-Pt1/DSC_0853.jpg
PIC_VIEWER t_ms=43465 tid=ThreadId(1) cache_evict uri=nfs://DietPi.local/mnt/4TBS/Spar%20Ladies%202025/FB-Spar%20Womens-ToUpload/DSC_5716.jpg bytes=3372000 remaining_entries=32 remaining_bytes=104350160
PIC_VIEWER t_ms=43465 tid=ThreadId(1) navigation_dispatch source=wheel_coalesced from_index=3062 to_index=3066 direction=1
PIC_VIEWER t_ms=43465 tid=ThreadId(1) infobar_update source=wheel index=3066 uri=smb://dietpi.local/4tbp/pics-sport/EPA%20Awards%202024/FB-EPA-Pt1/DSC_0865.jpg
PIC_VIEWER t_ms=43465 tid=ThreadId(1) show_photo_request generation=87 index=3066 uri=smb://dietpi.local/4tbp/pics-sport/EPA%20Awards%202024/FB-EPA-Pt1/DSC_0865.jpg
PIC_VIEWER t_ms=43465 tid=ThreadId(1) request lane=foreground action=new uri=smb://dietpi.local/4tbp/pics-sport/EPA%20Awards%202024/FB-EPA-Pt1/DSC_0865.jpg variant=1124x794
PIC_VIEWER t_ms=43465 tid=ThreadId(123) decode_start uri=smb://dietpi.local/4tbp/pics-sport/EPA%20Awards%202024/FB-EPA-Pt1/DSC_0865.jpg variant=1124x794 queue_ms=0
PIC_VIEWER source_cache lane=foreground action=miss uri=smb://dietpi.local/4tbp/pics-sport/EPA%20Awards%202024/FB-EPA-Pt1/DSC_0865.jpg
PIC_VIEWER network_slot lane=foreground wait_ms=0 uri=smb://dietpi.local/4tbp/pics-sport/EPA%20Awards%202024/FB-EPA-Pt1/DSC_0865.jpg
PIC_SMB_CONNECT reuse
PIC_SMB_READ start
PIC_SMB_READ done bytes=1074906
PIC_VIEWER source_cache action=insert bytes=1074906 uri=smb://dietpi.local/4tbp/pics-sport/EPA%20Awards%202024/FB-EPA-Pt1/DSC_0865.jpg
PIC_VIEWER source_cache action=evict bytes=1007940 uri=nfs://DietPi.local/mnt/4TBS/pics-sport/XCC%202026/XCC%20EP%20Champs%202026/Starred%20Photos/DSC_0372_result.jpg
PIC_VIEWER network_done lane=foreground read_ms=18 bytes=1074906 source=network outcome=ok uri=smb://dietpi.local/4tbp/pics-sport/EPA%20Awards%202024/FB-EPA-Pt1/DSC_0865.jpg
PIC_VIEWER decode_stage source_ms=18 cpu_ms=34 uri=smb://dietpi.local/4tbp/pics-sport/EPA%20Awards%202024/FB-EPA-Pt1/DSC_0865.jpg
PIC_VIEWER t_ms=43521 tid=ThreadId(123) decode_done uri=smb://dietpi.local/4tbp/pics-sport/EPA%20Awards%202024/FB-EPA-Pt1/DSC_0865.jpg variant=1124x794 elapsed_ms=55 outcome=ok
PIC_VIEWER t_ms=43521 tid=ThreadId(1) display_apply elapsed_ms=0 uri=smb://dietpi.local/4tbp/pics-sport/EPA%20Awards%202024/FB-EPA-Pt1/DSC_0865.jpg
PIC_VIEWER t_ms=43521 tid=ThreadId(1) display_done lane=foreground source=decode navigation_ms=55 uri=smb://dietpi.local/4tbp/pics-sport/EPA%20Awards%202024/FB-EPA-Pt1/DSC_0865.jpg
PIC_VIEWER t_ms=43521 tid=ThreadId(1) cache_evict uri=nfs://DietPi.local/mnt/4TBS/Spar%20Ladies%202025/FB-Spar%20Womens-ToUpload/DSC_5715.jpg bytes=3372000 remaining_entries=32 remaining_bytes=104350160
PIC_VIEWER t_ms=43716 tid=ThreadId(1) request lane=prefetch action=new uri=smb://dietpi.local/4tbp/pics-sport/EPA%20Awards%202024/FB-EPA-Pt1/DSC_0870.jpg variant=1124x794
PIC_VIEWER t_ms=43716 tid=ThreadId(1) request lane=prefetch action=new uri=smb://dietpi.local/4tbp/pics-sport/EPA%20Awards%202024/FB-EPA-Pt1/DSC_0863.jpg variant=1124x794
PIC_VIEWER t_ms=43716 tid=ThreadId(124) decode_start uri=smb://dietpi.local/4tbp/pics-sport/EPA%20Awards%202024/FB-EPA-Pt1/DSC_0870.jpg variant=1124x794 queue_ms=0
PIC_VIEWER source_cache lane=prefetch action=miss uri=smb://dietpi.local/4tbp/pics-sport/EPA%20Awards%202024/FB-EPA-Pt1/DSC_0870.jpg
PIC_VIEWER network_slot lane=prefetch wait_ms=0 uri=smb://dietpi.local/4tbp/pics-sport/EPA%20Awards%202024/FB-EPA-Pt1/DSC_0870.jpg
PIC_SMB_CONNECT reuse
PIC_SMB_READ start
PIC_VIEWER t_ms=43716 tid=ThreadId(125) decode_start uri=smb://dietpi.local/4tbp/pics-sport/EPA%20Awards%202024/FB-EPA-Pt1/DSC_0863.jpg variant=1124x794 queue_ms=0
PIC_VIEWER source_cache lane=prefetch action=miss uri=smb://dietpi.local/4tbp/pics-sport/EPA%20Awards%202024/FB-EPA-Pt1/DSC_0863.jpg
PIC_SMB_READ done bytes=1151438
PIC_VIEWER source_cache action=insert bytes=1151438 uri=smb://dietpi.local/4tbp/pics-sport/EPA%20Awards%202024/FB-EPA-Pt1/DSC_0870.jpg
PIC_VIEWER source_cache action=evict bytes=926118 uri=nfs://DietPi.local/mnt/4TBS/pics-sport/XCC%202026/XCC%20EP%20Champs%202026/Starred%20Photos/DSC_0399_result.jpg
PIC_VIEWER network_done lane=prefetch read_ms=20 bytes=1151438 source=network outcome=ok uri=smb://dietpi.local/4tbp/pics-sport/EPA%20Awards%202024/FB-EPA-Pt1/DSC_0870.jpg
PIC_VIEWER network_slot lane=prefetch wait_ms=20 uri=smb://dietpi.local/4tbp/pics-sport/EPA%20Awards%202024/FB-EPA-Pt1/DSC_0863.jpg
PIC_SMB_CONNECT reuse
PIC_SMB_READ start
PIC_SMB_READ done bytes=1313148
PIC_VIEWER source_cache action=insert bytes=1313148 uri=smb://dietpi.local/4tbp/pics-sport/EPA%20Awards%202024/FB-EPA-Pt1/DSC_0863.jpg
PIC_VIEWER source_cache action=evict bytes=1218748 uri=nfs://DietPi.local/mnt/4TBS/pics-sport/XCC%202026/XCC%20EP%20Champs%202026/Starred%20Photos/DSC_0418_result.jpg
PIC_VIEWER network_done lane=prefetch read_ms=19 bytes=1313148 source=network outcome=ok uri=smb://dietpi.local/4tbp/pics-sport/EPA%20Awards%202024/FB-EPA-Pt1/DSC_0863.jpg
PIC_VIEWER decode_stage source_ms=20 cpu_ms=34 uri=smb://dietpi.local/4tbp/pics-sport/EPA%20Awards%202024/FB-EPA-Pt1/DSC_0870.jpg
PIC_VIEWER t_ms=43774 tid=ThreadId(124) decode_done uri=smb://dietpi.local/4tbp/pics-sport/EPA%20Awards%202024/FB-EPA-Pt1/DSC_0870.jpg variant=1124x794 elapsed_ms=58 outcome=ok
PIC_VIEWER t_ms=43774 tid=ThreadId(1) cache_evict uri=nfs://DietPi.local/mnt/4TBS/Spar%20Ladies%202025/FB-Spar%20Womens-ToUpload/DSC_5712.jpg bytes=3372000 remaining_entries=32 remaining_bytes=104350160
PIC_VIEWER decode_stage source_ms=39 cpu_ms=33 uri=smb://dietpi.local/4tbp/pics-sport/EPA%20Awards%202024/FB-EPA-Pt1/DSC_0863.jpg
PIC_VIEWER t_ms=43791 tid=ThreadId(125) decode_done uri=smb://dietpi.local/4tbp/pics-sport/EPA%20Awards%202024/FB-EPA-Pt1/DSC_0863.jpg variant=1124x794 elapsed_ms=75 outcome=ok
PIC_VIEWER t_ms=43792 tid=ThreadId(1) cache_evict uri=nfs://DietPi.local/mnt/4TBS/Spar%20Ladies%202025/FB-Spar%20Womens-ToUpload/DSC_5711.jpg bytes=3372000 remaining_entries=32 remaining_bytes=104350160
PIC_VIEWER t_ms=44113 tid=ThreadId(1) wheel_event dy=1
PIC_VIEWER t_ms=44113 tid=ThreadId(1) navigation_dispatch source=wheel from_index=3066 to_index=3067 direction=1
PIC_VIEWER t_ms=44113 tid=ThreadId(1) infobar_update source=wheel index=3067 uri=smb://dietpi.local/4tbp/pics-sport/EPA%20Awards%202024/FB-EPA-Pt1/DSC_0870.jpg
PIC_VIEWER t_ms=44113 tid=ThreadId(1) show_photo_request generation=88 index=3067 uri=smb://dietpi.local/4tbp/pics-sport/EPA%20Awards%202024/FB-EPA-Pt1/DSC_0870.jpg
PIC_VIEWER t_ms=44113 tid=ThreadId(1) cache_hit lane=foreground uri=smb://dietpi.local/4tbp/pics-sport/EPA%20Awards%202024/FB-EPA-Pt1/DSC_0870.jpg
PIC_VIEWER t_ms=44113 tid=ThreadId(1) display_done lane=foreground source=texture_cache navigation_ms=0 uri=smb://dietpi.local/4tbp/pics-sport/EPA%20Awards%202024/FB-EPA-Pt1/DSC_0870.jpg
PIC_VIEWER t_ms=44145 tid=ThreadId(1) wheel_event dy=1
PIC_VIEWER t_ms=44145 tid=ThreadId(1) navigation_dispatch source=wheel from_index=3067 to_index=3068 direction=1
PIC_VIEWER t_ms=44145 tid=ThreadId(1) infobar_update source=wheel index=3068 uri=smb://dietpi.local/4tbp/pics-sport/EPA%20Awards%202024/FB-EPA-Pt1/DSC_0878.jpg
PIC_VIEWER t_ms=44145 tid=ThreadId(1) show_photo_request generation=89 index=3068 uri=smb://dietpi.local/4tbp/pics-sport/EPA%20Awards%202024/FB-EPA-Pt1/DSC_0878.jpg
PIC_VIEWER t_ms=44145 tid=ThreadId(1) request lane=foreground action=new uri=smb://dietpi.local/4tbp/pics-sport/EPA%20Awards%202024/FB-EPA-Pt1/DSC_0878.jpg variant=1124x794
PIC_VIEWER t_ms=44145 tid=ThreadId(126) decode_start uri=smb://dietpi.local/4tbp/pics-sport/EPA%20Awards%202024/FB-EPA-Pt1/DSC_0878.jpg variant=1124x794 queue_ms=0
PIC_VIEWER source_cache lane=foreground action=miss uri=smb://dietpi.local/4tbp/pics-sport/EPA%20Awards%202024/FB-EPA-Pt1/DSC_0878.jpg
PIC_VIEWER network_slot lane=foreground wait_ms=0 uri=smb://dietpi.local/4tbp/pics-sport/EPA%20Awards%202024/FB-EPA-Pt1/DSC_0878.jpg
PIC_SMB_CONNECT reuse
PIC_SMB_READ start
PIC_VIEWER t_ms=44161 tid=ThreadId(1) wheel_event dy=1
PIC_VIEWER t_ms=44161 tid=ThreadId(1) wheel_accumulate current_index=3068 target_index=3069 direction=1
PIC_SMB_READ done bytes=882779
PIC_VIEWER source_cache action=insert bytes=882779 uri=smb://dietpi.local/4tbp/pics-sport/EPA%20Awards%202024/FB-EPA-Pt1/DSC_0878.jpg
PIC_VIEWER source_cache action=evict bytes=1328250 uri=nfs://DietPi.local/mnt/4TBS/pics-sport/XCC%202026/XCC%20EP%20Champs%202026/Starred%20Photos/DSC_0559_result.jpg
PIC_VIEWER network_done lane=foreground read_ms=16 bytes=882779 source=network outcome=ok uri=smb://dietpi.local/4tbp/pics-sport/EPA%20Awards%202024/FB-EPA-Pt1/DSC_0878.jpg
PIC_VIEWER t_ms=44177 tid=ThreadId(1) wheel_event dy=1
PIC_VIEWER t_ms=44177 tid=ThreadId(1) wheel_accumulate current_index=3068 target_index=3070 direction=1
PIC_VIEWER decode_stage source_ms=16 cpu_ms=26 uri=smb://dietpi.local/4tbp/pics-sport/EPA%20Awards%202024/FB-EPA-Pt1/DSC_0878.jpg
PIC_VIEWER t_ms=44191 tid=ThreadId(126) decode_done uri=smb://dietpi.local/4tbp/pics-sport/EPA%20Awards%202024/FB-EPA-Pt1/DSC_0878.jpg variant=1124x794 elapsed_ms=45 outcome=ok
PIC_VIEWER t_ms=44191 tid=ThreadId(1) display_apply elapsed_ms=0 uri=smb://dietpi.local/4tbp/pics-sport/EPA%20Awards%202024/FB-EPA-Pt1/DSC_0878.jpg
PIC_VIEWER t_ms=44191 tid=ThreadId(1) display_done lane=foreground source=decode navigation_ms=45 uri=smb://dietpi.local/4tbp/pics-sport/EPA%20Awards%202024/FB-EPA-Pt1/DSC_0878.jpg
PIC_VIEWER t_ms=44191 tid=ThreadId(1) cache_evict uri=nfs://DietPi.local/mnt/4TBS/Spar%20Ladies%202025/FB-Spar%20Womens-ToUpload/DSC_5710.jpg bytes=3372000 remaining_entries=32 remaining_bytes=104350160
PIC_VIEWER t_ms=44191 tid=ThreadId(1) navigation_dispatch source=wheel_coalesced from_index=3068 to_index=3070 direction=1
PIC_VIEWER t_ms=44191 tid=ThreadId(1) infobar_update source=wheel index=3070 uri=smb://dietpi.local/4tbp/pics-sport/EPA%20Awards%202024/FB-EPA-Pt1/DSC_0884.jpg
PIC_VIEWER t_ms=44191 tid=ThreadId(1) show_photo_request generation=90 index=3070 uri=smb://dietpi.local/4tbp/pics-sport/EPA%20Awards%202024/FB-EPA-Pt1/DSC_0884.jpg
PIC_VIEWER t_ms=44191 tid=ThreadId(1) request lane=foreground action=new uri=smb://dietpi.local/4tbp/pics-sport/EPA%20Awards%202024/FB-EPA-Pt1/DSC_0884.jpg variant=1124x794
PIC_VIEWER t_ms=44192 tid=ThreadId(127) decode_start uri=smb://dietpi.local/4tbp/pics-sport/EPA%20Awards%202024/FB-EPA-Pt1/DSC_0884.jpg variant=1124x794 queue_ms=0
PIC_VIEWER source_cache lane=foreground action=miss uri=smb://dietpi.local/4tbp/pics-sport/EPA%20Awards%202024/FB-EPA-Pt1/DSC_0884.jpg
PIC_VIEWER network_slot lane=foreground wait_ms=0 uri=smb://dietpi.local/4tbp/pics-sport/EPA%20Awards%202024/FB-EPA-Pt1/DSC_0884.jpg
PIC_SMB_CONNECT reuse
PIC_SMB_READ start
PIC_VIEWER t_ms=44193 tid=ThreadId(1) wheel_event dy=1
PIC_VIEWER t_ms=44193 tid=ThreadId(1) wheel_accumulate current_index=3070 target_index=3071 direction=1
PIC_SMB_READ done bytes=1045873
PIC_VIEWER source_cache action=insert bytes=1045873 uri=smb://dietpi.local/4tbp/pics-sport/EPA%20Awards%202024/FB-EPA-Pt1/DSC_0884.jpg
PIC_VIEWER source_cache action=evict bytes=1213914 uri=nfs://DietPi.local/mnt/4TBS/pics-sport/XCC%202026/XCC%20EP%20Champs%202026/Starred%20Photos/DSC_0880_result.jpg
PIC_VIEWER network_done lane=foreground read_ms=17 bytes=1045873 source=network outcome=ok uri=smb://dietpi.local/4tbp/pics-sport/EPA%20Awards%202024/FB-EPA-Pt1/DSC_0884.jpg
PIC_VIEWER decode_stage source_ms=17 cpu_ms=28 uri=smb://dietpi.local/4tbp/pics-sport/EPA%20Awards%202024/FB-EPA-Pt1/DSC_0884.jpg
PIC_VIEWER t_ms=44240 tid=ThreadId(127) decode_done uri=smb://dietpi.local/4tbp/pics-sport/EPA%20Awards%202024/FB-EPA-Pt1/DSC_0884.jpg variant=1124x794 elapsed_ms=48 outcome=ok
PIC_VIEWER t_ms=44240 tid=ThreadId(1) display_apply elapsed_ms=0 uri=smb://dietpi.local/4tbp/pics-sport/EPA%20Awards%202024/FB-EPA-Pt1/DSC_0884.jpg
PIC_VIEWER t_ms=44240 tid=ThreadId(1) display_done lane=foreground source=decode navigation_ms=48 uri=smb://dietpi.local/4tbp/pics-sport/EPA%20Awards%202024/FB-EPA-Pt1/DSC_0884.jpg
PIC_VIEWER t_ms=44240 tid=ThreadId(1) cache_evict uri=nfs://DietPi.local/mnt/4TBS/Spar%20Ladies%202025/FB-Spar%20Womens-ToUpload/DSC_5709.jpg bytes=3372000 remaining_entries=32 remaining_bytes=104350160
PIC_VIEWER t_ms=44240 tid=ThreadId(1) navigation_dispatch source=wheel_coalesced from_index=3070 to_index=3071 direction=1
PIC_VIEWER t_ms=44240 tid=ThreadId(1) infobar_update source=wheel index=3071 uri=smb://dietpi.local/4tbp/pics-sport/EPA%20Awards%202024/FB-EPA-Pt1/DSC_0885.jpg
PIC_VIEWER t_ms=44240 tid=ThreadId(1) show_photo_request generation=91 index=3071 uri=smb://dietpi.local/4tbp/pics-sport/EPA%20Awards%202024/FB-EPA-Pt1/DSC_0885.jpg
PIC_VIEWER t_ms=44240 tid=ThreadId(1) request lane=foreground action=new uri=smb://dietpi.local/4tbp/pics-sport/EPA%20Awards%202024/FB-EPA-Pt1/DSC_0885.jpg variant=1124x794
PIC_VIEWER t_ms=44241 tid=ThreadId(128) decode_start uri=smb://dietpi.local/4tbp/pics-sport/EPA%20Awards%202024/FB-EPA-Pt1/DSC_0885.jpg variant=1124x794 queue_ms=0
PIC_VIEWER source_cache lane=foreground action=miss uri=smb://dietpi.local/4tbp/pics-sport/EPA%20Awards%202024/FB-EPA-Pt1/DSC_0885.jpg
PIC_VIEWER network_slot lane=foreground wait_ms=0 uri=smb://dietpi.local/4tbp/pics-sport/EPA%20Awards%202024/FB-EPA-Pt1/DSC_0885.jpg
PIC_SMB_CONNECT reuse
PIC_SMB_READ start
PIC_SMB_READ done bytes=1187569
PIC_VIEWER source_cache action=insert bytes=1187569 uri=smb://dietpi.local/4tbp/pics-sport/EPA%20Awards%202024/FB-EPA-Pt1/DSC_0885.jpg
PIC_VIEWER source_cache action=evict bytes=1546027 uri=nfs://DietPi.local/mnt/4TBS/pics-sport/XCC%202026/XCC%20EP%20Champs%202026/Starred%20Photos/DSC_1013_result.jpg
PIC_VIEWER network_done lane=foreground read_ms=16 bytes=1187569 source=network outcome=ok uri=smb://dietpi.local/4tbp/pics-sport/EPA%20Awards%202024/FB-EPA-Pt1/DSC_0885.jpg
PIC_VIEWER decode_stage source_ms=16 cpu_ms=29 uri=smb://dietpi.local/4tbp/pics-sport/EPA%20Awards%202024/FB-EPA-Pt1/DSC_0885.jpg
PIC_VIEWER t_ms=44289 tid=ThreadId(128) decode_done uri=smb://dietpi.local/4tbp/pics-sport/EPA%20Awards%202024/FB-EPA-Pt1/DSC_0885.jpg variant=1124x794 elapsed_ms=48 outcome=ok
PIC_VIEWER t_ms=44289 tid=ThreadId(1) display_apply elapsed_ms=0 uri=smb://dietpi.local/4tbp/pics-sport/EPA%20Awards%202024/FB-EPA-Pt1/DSC_0885.jpg
PIC_VIEWER t_ms=44289 tid=ThreadId(1) display_done lane=foreground source=decode navigation_ms=49 uri=smb://dietpi.local/4tbp/pics-sport/EPA%20Awards%202024/FB-EPA-Pt1/DSC_0885.jpg
PIC_VIEWER t_ms=44289 tid=ThreadId(1) cache_evict uri=nfs://DietPi.local/mnt/4TBS/Spar%20Ladies%202025/10km/DSC_6715.jpg bytes=3372000 remaining_entries=32 remaining_bytes=104350160
PIC_VIEWER t_ms=44417 tid=ThreadId(1) wheel_event dy=-1
PIC_VIEWER t_ms=44417 tid=ThreadId(1) navigation_dispatch source=wheel from_index=3071 to_index=3070 direction=-1
PIC_VIEWER t_ms=44417 tid=ThreadId(1) infobar_update source=wheel index=3070 uri=smb://dietpi.local/4tbp/pics-sport/EPA%20Awards%202024/FB-EPA-Pt1/DSC_0884.jpg
PIC_VIEWER t_ms=44417 tid=ThreadId(1) show_photo_request generation=92 index=3070 uri=smb://dietpi.local/4tbp/pics-sport/EPA%20Awards%202024/FB-EPA-Pt1/DSC_0884.jpg
PIC_VIEWER t_ms=44417 tid=ThreadId(1) cache_hit lane=foreground uri=smb://dietpi.local/4tbp/pics-sport/EPA%20Awards%202024/FB-EPA-Pt1/DSC_0884.jpg
PIC_VIEWER t_ms=44417 tid=ThreadId(1) display_done lane=foreground source=texture_cache navigation_ms=0 uri=smb://dietpi.local/4tbp/pics-sport/EPA%20Awards%202024/FB-EPA-Pt1/DSC_0884.jpg
PIC_VIEWER t_ms=44433 tid=ThreadId(1) wheel_event dy=-1
PIC_VIEWER t_ms=44433 tid=ThreadId(1) navigation_dispatch source=wheel from_index=3070 to_index=3069 direction=-1
PIC_VIEWER t_ms=44433 tid=ThreadId(1) infobar_update source=wheel index=3069 uri=smb://dietpi.local/4tbp/pics-sport/EPA%20Awards%202024/FB-EPA-Pt1/DSC_0883.jpg
PIC_VIEWER t_ms=44433 tid=ThreadId(1) show_photo_request generation=93 index=3069 uri=smb://dietpi.local/4tbp/pics-sport/EPA%20Awards%202024/FB-EPA-Pt1/DSC_0883.jpg
PIC_VIEWER t_ms=44433 tid=ThreadId(1) request lane=foreground action=new uri=smb://dietpi.local/4tbp/pics-sport/EPA%20Awards%202024/FB-EPA-Pt1/DSC_0883.jpg variant=1124x794
PIC_VIEWER t_ms=44433 tid=ThreadId(129) decode_start uri=smb://dietpi.local/4tbp/pics-sport/EPA%20Awards%202024/FB-EPA-Pt1/DSC_0883.jpg variant=1124x794 queue_ms=0
PIC_VIEWER source_cache lane=foreground action=miss uri=smb://dietpi.local/4tbp/pics-sport/EPA%20Awards%202024/FB-EPA-Pt1/DSC_0883.jpg
PIC_VIEWER network_slot lane=foreground wait_ms=0 uri=smb://dietpi.local/4tbp/pics-sport/EPA%20Awards%202024/FB-EPA-Pt1/DSC_0883.jpg
PIC_SMB_CONNECT reuse
PIC_SMB_READ start
PIC_VIEWER t_ms=44441 tid=ThreadId(1) wheel_event dy=-1
PIC_VIEWER t_ms=44441 tid=ThreadId(1) wheel_accumulate current_index=3069 target_index=3068 direction=-1
PIC_VIEWER t_ms=44449 tid=ThreadId(1) wheel_event dy=-1
PIC_VIEWER t_ms=44449 tid=ThreadId(1) wheel_accumulate current_index=3069 target_index=3067 direction=-1
PIC_SMB_READ done bytes=1161291
PIC_VIEWER source_cache action=insert bytes=1161291 uri=smb://dietpi.local/4tbp/pics-sport/EPA%20Awards%202024/FB-EPA-Pt1/DSC_0883.jpg
PIC_VIEWER source_cache action=evict bytes=1490860 uri=nfs://DietPi.local/mnt/4TBS/pics-sport/XCC%202026/XCC%20EP%20Champs%202026/Starred%20Photos/DSC_1043_result.jpg
PIC_VIEWER network_done lane=foreground read_ms=19 bytes=1161291 source=network outcome=ok uri=smb://dietpi.local/4tbp/pics-sport/EPA%20Awards%202024/FB-EPA-Pt1/DSC_0883.jpg
PIC_VIEWER t_ms=44465 tid=ThreadId(1) wheel_event dy=-1
PIC_VIEWER t_ms=44465 tid=ThreadId(1) wheel_accumulate current_index=3069 target_index=3066 direction=-1
PIC_VIEWER decode_stage source_ms=19 cpu_ms=30 uri=smb://dietpi.local/4tbp/pics-sport/EPA%20Awards%202024/FB-EPA-Pt1/DSC_0883.jpg
PIC_VIEWER t_ms=44486 tid=ThreadId(129) decode_done uri=smb://dietpi.local/4tbp/pics-sport/EPA%20Awards%202024/FB-EPA-Pt1/DSC_0883.jpg variant=1124x794 elapsed_ms=52 outcome=ok
PIC_VIEWER t_ms=44486 tid=ThreadId(1) display_apply elapsed_ms=0 uri=smb://dietpi.local/4tbp/pics-sport/EPA%20Awards%202024/FB-EPA-Pt1/DSC_0883.jpg
PIC_VIEWER t_ms=44486 tid=ThreadId(1) display_done lane=foreground source=decode navigation_ms=52 uri=smb://dietpi.local/4tbp/pics-sport/EPA%20Awards%202024/FB-EPA-Pt1/DSC_0883.jpg
PIC_VIEWER t_ms=44486 tid=ThreadId(1) cache_evict uri=nfs://DietPi.local/mnt/4TBS/Spar%20Ladies%202025/10km/DSC_6717.jpg bytes=3372000 remaining_entries=32 remaining_bytes=104350160
PIC_VIEWER t_ms=44486 tid=ThreadId(1) navigation_dispatch source=wheel_coalesced from_index=3069 to_index=3066 direction=-1
PIC_VIEWER t_ms=44486 tid=ThreadId(1) infobar_update source=wheel index=3066 uri=smb://dietpi.local/4tbp/pics-sport/EPA%20Awards%202024/FB-EPA-Pt1/DSC_0865.jpg
PIC_VIEWER t_ms=44487 tid=ThreadId(1) show_photo_request generation=94 index=3066 uri=smb://dietpi.local/4tbp/pics-sport/EPA%20Awards%202024/FB-EPA-Pt1/DSC_0865.jpg
PIC_VIEWER t_ms=44487 tid=ThreadId(1) cache_hit lane=foreground uri=smb://dietpi.local/4tbp/pics-sport/EPA%20Awards%202024/FB-EPA-Pt1/DSC_0865.jpg
PIC_VIEWER t_ms=44487 tid=ThreadId(1) display_done lane=foreground source=texture_cache navigation_ms=0 uri=smb://dietpi.local/4tbp/pics-sport/EPA%20Awards%202024/FB-EPA-Pt1/DSC_0865.jpg
PIC_VIEWER t_ms=44737 tid=ThreadId(1) cache_hit lane=prefetch uri=smb://dietpi.local/4tbp/pics-sport/EPA%20Awards%202024/FB-EPA-Pt1/DSC_0863.jpg
PIC_VIEWER t_ms=44737 tid=ThreadId(1) cache_hit lane=prefetch uri=smb://dietpi.local/4tbp/pics-sport/EPA%20Awards%202024/FB-EPA-Pt1/DSC_0870.jpg
PIC_VIEWER t_ms=45196 tid=ThreadId(1) show_photo_request generation=95 index=3067 uri=smb://dietpi.local/4tbp/pics-sport/EPA%20Awards%202024/FB-EPA-Pt1/DSC_0870.jpg
PIC_VIEWER t_ms=45196 tid=ThreadId(1) cache_hit lane=foreground uri=smb://dietpi.local/4tbp/pics-sport/EPA%20Awards%202024/FB-EPA-Pt1/DSC_0870.jpg
PIC_VIEWER t_ms=45196 tid=ThreadId(1) display_done lane=foreground source=texture_cache navigation_ms=0 uri=smb://dietpi.local/4tbp/pics-sport/EPA%20Awards%202024/FB-EPA-Pt1/DSC_0870.jpg
PIC_VIEWER t_ms=45447 tid=ThreadId(1) cache_hit lane=prefetch uri=smb://dietpi.local/4tbp/pics-sport/EPA%20Awards%202024/FB-EPA-Pt1/DSC_0878.jpg
PIC_VIEWER t_ms=45447 tid=ThreadId(1) cache_hit lane=prefetch uri=smb://dietpi.local/4tbp/pics-sport/EPA%20Awards%202024/FB-EPA-Pt1/DSC_0865.jpg
PIC_VIEWER t_ms=45697 tid=ThreadId(1) show_photo_request generation=96 index=3068 uri=smb://dietpi.local/4tbp/pics-sport/EPA%20Awards%202024/FB-EPA-Pt1/DSC_0878.jpg
PIC_VIEWER t_ms=45697 tid=ThreadId(1) cache_hit lane=foreground uri=smb://dietpi.local/4tbp/pics-sport/EPA%20Awards%202024/FB-EPA-Pt1/DSC_0878.jpg
PIC_VIEWER t_ms=45697 tid=ThreadId(1) display_done lane=foreground source=texture_cache navigation_ms=0 uri=smb://dietpi.local/4tbp/pics-sport/EPA%20Awards%202024/FB-EPA-Pt1/DSC_0878.jpg
PIC_VIEWER t_ms=45727 tid=ThreadId(1) show_photo_request generation=97 index=3069 uri=smb://dietpi.local/4tbp/pics-sport/EPA%20Awards%202024/FB-EPA-Pt1/DSC_0883.jpg
PIC_VIEWER t_ms=45727 tid=ThreadId(1) cache_hit lane=foreground uri=smb://dietpi.local/4tbp/pics-sport/EPA%20Awards%202024/FB-EPA-Pt1/DSC_0883.jpg
PIC_VIEWER t_ms=45727 tid=ThreadId(1) display_done lane=foreground source=texture_cache navigation_ms=0 uri=smb://dietpi.local/4tbp/pics-sport/EPA%20Awards%202024/FB-EPA-Pt1/DSC_0883.jpg
PIC_VIEWER t_ms=45757 tid=ThreadId(1) show_photo_request generation=98 index=3070 uri=smb://dietpi.local/4tbp/pics-sport/EPA%20Awards%202024/FB-EPA-Pt1/DSC_0884.jpg
PIC_VIEWER t_ms=45757 tid=ThreadId(1) cache_hit lane=foreground uri=smb://dietpi.local/4tbp/pics-sport/EPA%20Awards%202024/FB-EPA-Pt1/DSC_0884.jpg
PIC_VIEWER t_ms=45757 tid=ThreadId(1) display_done lane=foreground source=texture_cache navigation_ms=0 uri=smb://dietpi.local/4tbp/pics-sport/EPA%20Awards%202024/FB-EPA-Pt1/DSC_0884.jpg
PIC_VIEWER t_ms=45787 tid=ThreadId(1) show_photo_request generation=99 index=3071 uri=smb://dietpi.local/4tbp/pics-sport/EPA%20Awards%202024/FB-EPA-Pt1/DSC_0885.jpg
PIC_VIEWER t_ms=45787 tid=ThreadId(1) cache_hit lane=foreground uri=smb://dietpi.local/4tbp/pics-sport/EPA%20Awards%202024/FB-EPA-Pt1/DSC_0885.jpg
PIC_VIEWER t_ms=45787 tid=ThreadId(1) display_done lane=foreground source=texture_cache navigation_ms=0 uri=smb://dietpi.local/4tbp/pics-sport/EPA%20Awards%202024/FB-EPA-Pt1/DSC_0885.jpg
PIC_VIEWER t_ms=45817 tid=ThreadId(1) show_photo_request generation=100 index=3072 uri=smb://dietpi.local/4tbp/pics-sport/EPA%20Awards%202024/FB-EPA-Pt1/DSC_0886.jpg
PIC_VIEWER t_ms=45817 tid=ThreadId(1) request lane=foreground action=new uri=smb://dietpi.local/4tbp/pics-sport/EPA%20Awards%202024/FB-EPA-Pt1/DSC_0886.jpg variant=1124x794
PIC_VIEWER t_ms=45817 tid=ThreadId(130) decode_start uri=smb://dietpi.local/4tbp/pics-sport/EPA%20Awards%202024/FB-EPA-Pt1/DSC_0886.jpg variant=1124x794 queue_ms=0
PIC_VIEWER source_cache lane=foreground action=miss uri=smb://dietpi.local/4tbp/pics-sport/EPA%20Awards%202024/FB-EPA-Pt1/DSC_0886.jpg
PIC_VIEWER network_slot lane=foreground wait_ms=0 uri=smb://dietpi.local/4tbp/pics-sport/EPA%20Awards%202024/FB-EPA-Pt1/DSC_0886.jpg
PIC_SMB_CONNECT reuse
PIC_SMB_READ start
PIC_SMB_READ done bytes=1029428
PIC_VIEWER source_cache action=insert bytes=1029428 uri=smb://dietpi.local/4tbp/pics-sport/EPA%20Awards%202024/FB-EPA-Pt1/DSC_0886.jpg
PIC_VIEWER source_cache action=evict bytes=1569475 uri=nfs://DietPi.local/mnt/4TBS/pics-sport/XCC%202026/XCC%20EP%20Champs%202026/Starred%20Photos/DSC_1242_result.jpg
PIC_VIEWER network_done lane=foreground read_ms=18 bytes=1029428 source=network outcome=ok uri=smb://dietpi.local/4tbp/pics-sport/EPA%20Awards%202024/FB-EPA-Pt1/DSC_0886.jpg
PIC_VIEWER decode_stage source_ms=18 cpu_ms=27 uri=smb://dietpi.local/4tbp/pics-sport/EPA%20Awards%202024/FB-EPA-Pt1/DSC_0886.jpg
PIC_VIEWER t_ms=45866 tid=ThreadId(130) decode_done uri=smb://dietpi.local/4tbp/pics-sport/EPA%20Awards%202024/FB-EPA-Pt1/DSC_0886.jpg variant=1124x794 elapsed_ms=49 outcome=ok
PIC_VIEWER t_ms=45866 tid=ThreadId(1) display_apply elapsed_ms=0 uri=smb://dietpi.local/4tbp/pics-sport/EPA%20Awards%202024/FB-EPA-Pt1/DSC_0886.jpg
PIC_VIEWER t_ms=45866 tid=ThreadId(1) display_done lane=foreground source=decode navigation_ms=49 uri=smb://dietpi.local/4tbp/pics-sport/EPA%20Awards%202024/FB-EPA-Pt1/DSC_0886.jpg
PIC_VIEWER t_ms=45866 tid=ThreadId(1) cache_evict uri=nfs://DietPi.local/mnt/4TBS/Spar%20Ladies%202025/10km/DSC_6699.jpg bytes=3372000 remaining_entries=32 remaining_bytes=104350160
PIC_VIEWER t_ms=45877 tid=ThreadId(1) show_photo_request generation=101 index=3073 uri=smb://dietpi.local/4tbp/pics-sport/EPA%20Awards%202024/FB-EPA-Pt1/DSC_0888.jpg
PIC_VIEWER t_ms=45877 tid=ThreadId(1) request lane=foreground action=new uri=smb://dietpi.local/4tbp/pics-sport/EPA%20Awards%202024/FB-EPA-Pt1/DSC_0888.jpg variant=1124x794
PIC_VIEWER t_ms=45877 tid=ThreadId(131) decode_start uri=smb://dietpi.local/4tbp/pics-sport/EPA%20Awards%202024/FB-EPA-Pt1/DSC_0888.jpg variant=1124x794 queue_ms=0
PIC_VIEWER source_cache lane=foreground action=miss uri=smb://dietpi.local/4tbp/pics-sport/EPA%20Awards%202024/FB-EPA-Pt1/DSC_0888.jpg
PIC_VIEWER network_slot lane=foreground wait_ms=0 uri=smb://dietpi.local/4tbp/pics-sport/EPA%20Awards%202024/FB-EPA-Pt1/DSC_0888.jpg
PIC_SMB_CONNECT reuse
PIC_SMB_READ start
PIC_SMB_READ done bytes=1075695
PIC_VIEWER source_cache action=insert bytes=1075695 uri=smb://dietpi.local/4tbp/pics-sport/EPA%20Awards%202024/FB-EPA-Pt1/DSC_0888.jpg
PIC_VIEWER source_cache action=evict bytes=1601405 uri=nfs://DietPi.local/mnt/4TBS/pics-sport/XCC%202026/XCC%20EP%20Champs%202026/Starred%20Photos/DSC_1486_result.jpg
PIC_VIEWER network_done lane=foreground read_ms=18 bytes=1075695 source=network outcome=ok uri=smb://dietpi.local/4tbp/pics-sport/EPA%20Awards%202024/FB-EPA-Pt1/DSC_0888.jpg
PIC_VIEWER decode_stage source_ms=19 cpu_ms=34 uri=smb://dietpi.local/4tbp/pics-sport/EPA%20Awards%202024/FB-EPA-Pt1/DSC_0888.jpg
PIC_VIEWER t_ms=45938 tid=ThreadId(131) decode_done uri=smb://dietpi.local/4tbp/pics-sport/EPA%20Awards%202024/FB-EPA-Pt1/DSC_0888.jpg variant=1124x794 elapsed_ms=61 outcome=ok
PIC_VIEWER t_ms=45939 tid=ThreadId(1) display_apply elapsed_ms=0 uri=smb://dietpi.local/4tbp/pics-sport/EPA%20Awards%202024/FB-EPA-Pt1/DSC_0888.jpg
PIC_VIEWER t_ms=45939 tid=ThreadId(1) display_done lane=foreground source=decode navigation_ms=61 uri=smb://dietpi.local/4tbp/pics-sport/EPA%20Awards%202024/FB-EPA-Pt1/DSC_0888.jpg
PIC_VIEWER t_ms=45939 tid=ThreadId(1) cache_evict uri=nfs://DietPi.local/mnt/4TBS/Spar%20Ladies%202025/10km/DSC_6147.jpg bytes=3372000 remaining_entries=32 remaining_bytes=104350160
PIC_VIEWER t_ms=45967 tid=ThreadId(1) show_photo_request generation=102 index=3074 uri=smb://dietpi.local/4tbp/pics-sport/EPA%20Awards%202024/FB-EPA-Pt1/DSC_0889.jpg
PIC_VIEWER t_ms=45967 tid=ThreadId(1) request lane=foreground action=new uri=smb://dietpi.local/4tbp/pics-sport/EPA%20Awards%202024/FB-EPA-Pt1/DSC_0889.jpg variant=1124x794
PIC_VIEWER t_ms=45967 tid=ThreadId(132) decode_start uri=smb://dietpi.local/4tbp/pics-sport/EPA%20Awards%202024/FB-EPA-Pt1/DSC_0889.jpg variant=1124x794 queue_ms=0
PIC_VIEWER source_cache lane=foreground action=miss uri=smb://dietpi.local/4tbp/pics-sport/EPA%20Awards%202024/FB-EPA-Pt1/DSC_0889.jpg
PIC_VIEWER network_slot lane=foreground wait_ms=0 uri=smb://dietpi.local/4tbp/pics-sport/EPA%20Awards%202024/FB-EPA-Pt1/DSC_0889.jpg
PIC_SMB_CONNECT reuse
PIC_SMB_READ start
PIC_SMB_READ done bytes=1204036
PIC_VIEWER source_cache action=insert bytes=1204036 uri=smb://dietpi.local/4tbp/pics-sport/EPA%20Awards%202024/FB-EPA-Pt1/DSC_0889.jpg
PIC_VIEWER source_cache action=evict bytes=770615 uri=nfs://DietPi.local/mnt/4TBS/pics-sport/XCC%202026/XCC%20EP%20Champs%202026/Starred%20Photos/DSC_1234_result.jpg
PIC_VIEWER network_done lane=foreground read_ms=21 bytes=1204036 source=network outcome=ok uri=smb://dietpi.local/4tbp/pics-sport/EPA%20Awards%202024/FB-EPA-Pt1/DSC_0889.jpg
PIC_VIEWER decode_stage source_ms=21 cpu_ms=28 uri=smb://dietpi.local/4tbp/pics-sport/EPA%20Awards%202024/FB-EPA-Pt1/DSC_0889.jpg
PIC_VIEWER t_ms=46020 tid=ThreadId(132) decode_done uri=smb://dietpi.local/4tbp/pics-sport/EPA%20Awards%202024/FB-EPA-Pt1/DSC_0889.jpg variant=1124x794 elapsed_ms=52 outcome=ok
PIC_VIEWER t_ms=46020 tid=ThreadId(1) display_apply elapsed_ms=0 uri=smb://dietpi.local/4tbp/pics-sport/EPA%20Awards%202024/FB-EPA-Pt1/DSC_0889.jpg
PIC_VIEWER t_ms=46020 tid=ThreadId(1) display_done lane=foreground source=decode navigation_ms=53 uri=smb://dietpi.local/4tbp/pics-sport/EPA%20Awards%202024/FB-EPA-Pt1/DSC_0889.jpg
PIC_VIEWER t_ms=46020 tid=ThreadId(1) cache_evict uri=nfs://DietPi.local/mnt/4TBS/Spar%20Ladies%202025/10km/DSC_6074.jpg bytes=3372000 remaining_entries=32 remaining_bytes=104350160
PIC_VIEWER t_ms=46027 tid=ThreadId(1) show_photo_request generation=103 index=3075 uri=smb://dietpi.local/4tbp/pics-sport/EPA%20Awards%202024/FB-EPA-Pt1/DSC_0894.jpg
PIC_VIEWER t_ms=46027 tid=ThreadId(1) request lane=foreground action=new uri=smb://dietpi.local/4tbp/pics-sport/EPA%20Awards%202024/FB-EPA-Pt1/DSC_0894.jpg variant=1124x794
PIC_VIEWER t_ms=46027 tid=ThreadId(133) decode_start uri=smb://dietpi.local/4tbp/pics-sport/EPA%20Awards%202024/FB-EPA-Pt1/DSC_0894.jpg variant=1124x794 queue_ms=0
PIC_VIEWER source_cache lane=foreground action=miss uri=smb://dietpi.local/4tbp/pics-sport/EPA%20Awards%202024/FB-EPA-Pt1/DSC_0894.jpg
PIC_VIEWER network_slot lane=foreground wait_ms=0 uri=smb://dietpi.local/4tbp/pics-sport/EPA%20Awards%202024/FB-EPA-Pt1/DSC_0894.jpg
PIC_SMB_CONNECT reuse
PIC_SMB_READ start
PIC_SMB_READ done bytes=1305503
PIC_VIEWER source_cache action=insert bytes=1305503 uri=smb://dietpi.local/4tbp/pics-sport/EPA%20Awards%202024/FB-EPA-Pt1/DSC_0894.jpg
PIC_VIEWER source_cache action=evict bytes=1103657 uri=smb://dietpi.local/4tbp/pics-sport/EPA%20Awards%202024/FB-EPA-Pt1/DSC_0836.jpg
PIC_VIEWER network_done lane=foreground read_ms=21 bytes=1305503 source=network outcome=ok uri=smb://dietpi.local/4tbp/pics-sport/EPA%20Awards%202024/FB-EPA-Pt1/DSC_0894.jpg
PIC_VIEWER decode_stage source_ms=21 cpu_ms=30 uri=smb://dietpi.local/4tbp/pics-sport/EPA%20Awards%202024/FB-EPA-Pt1/DSC_0894.jpg
PIC_VIEWER t_ms=46082 tid=ThreadId(133) decode_done uri=smb://dietpi.local/4tbp/pics-sport/EPA%20Awards%202024/FB-EPA-Pt1/DSC_0894.jpg variant=1124x794 elapsed_ms=55 outcome=ok
PIC_VIEWER t_ms=46083 tid=ThreadId(1) display_apply elapsed_ms=0 uri=smb://dietpi.local/4tbp/pics-sport/EPA%20Awards%202024/FB-EPA-Pt1/DSC_0894.jpg
PIC_VIEWER t_ms=46083 tid=ThreadId(1) display_done lane=foreground source=decode navigation_ms=55 uri=smb://dietpi.local/4tbp/pics-sport/EPA%20Awards%202024/FB-EPA-Pt1/DSC_0894.jpg
PIC_VIEWER t_ms=46083 tid=ThreadId(1) cache_evict uri=nfs://DietPi.local/mnt/4TBS/Spar%20Ladies%202025/10km/DSC_5824.jpg bytes=3372000 remaining_entries=32 remaining_bytes=104350160
PIC_VIEWER t_ms=46087 tid=ThreadId(1) show_photo_request generation=104 index=3076 uri=smb://dietpi.local/4tbp/pics-sport/EPA%20Awards%202024/FB-EPA-Pt1/DSC_0896.jpg
PIC_VIEWER t_ms=46087 tid=ThreadId(1) request lane=foreground action=new uri=smb://dietpi.local/4tbp/pics-sport/EPA%20Awards%202024/FB-EPA-Pt1/DSC_0896.jpg variant=1124x794
PIC_VIEWER t_ms=46087 tid=ThreadId(134) decode_start uri=smb://dietpi.local/4tbp/pics-sport/EPA%20Awards%202024/FB-EPA-Pt1/DSC_0896.jpg variant=1124x794 queue_ms=0
PIC_VIEWER source_cache lane=foreground action=miss uri=smb://dietpi.local/4tbp/pics-sport/EPA%20Awards%202024/FB-EPA-Pt1/DSC_0896.jpg
PIC_VIEWER network_slot lane=foreground wait_ms=0 uri=smb://dietpi.local/4tbp/pics-sport/EPA%20Awards%202024/FB-EPA-Pt1/DSC_0896.jpg
PIC_SMB_CONNECT reuse
PIC_SMB_READ start
PIC_SMB_READ done bytes=1606381
PIC_VIEWER source_cache action=insert bytes=1606381 uri=smb://dietpi.local/4tbp/pics-sport/EPA%20Awards%202024/FB-EPA-Pt1/DSC_0896.jpg
PIC_VIEWER source_cache action=evict bytes=1768891 uri=smb://dietpi.local/4tbp/pics-sport/EPA%20Awards%202024/FB-EPA-Pt1/DSC_0837.jpg
PIC_VIEWER network_done lane=foreground read_ms=24 bytes=1606381 source=network outcome=ok uri=smb://dietpi.local/4tbp/pics-sport/EPA%20Awards%202024/FB-EPA-Pt1/DSC_0896.jpg
PIC_VIEWER decode_stage source_ms=24 cpu_ms=33 uri=smb://dietpi.local/4tbp/pics-sport/EPA%20Awards%202024/FB-EPA-Pt1/DSC_0896.jpg
PIC_VIEWER t_ms=46148 tid=ThreadId(134) decode_done uri=smb://dietpi.local/4tbp/pics-sport/EPA%20Awards%202024/FB-EPA-Pt1/DSC_0896.jpg variant=1124x794 elapsed_ms=60 outcome=ok
PIC_VIEWER t_ms=46149 tid=ThreadId(1) display_apply elapsed_ms=0 uri=smb://dietpi.local/4tbp/pics-sport/EPA%20Awards%202024/FB-EPA-Pt1/DSC_0896.jpg
PIC_VIEWER t_ms=46149 tid=ThreadId(1) display_done lane=foreground source=decode navigation_ms=61 uri=smb://dietpi.local/4tbp/pics-sport/EPA%20Awards%202024/FB-EPA-Pt1/DSC_0896.jpg
PIC_VIEWER t_ms=46149 tid=ThreadId(1) cache_evict uri=nfs://DietPi.local/mnt/4TBS/Spar%20Ladies%202025/10km/DSC_5848.jpg bytes=3372000 remaining_entries=32 remaining_bytes=104350160
PIC_VIEWER t_ms=46177 tid=ThreadId(1) show_photo_request generation=105 index=3077 uri=smb://dietpi.local/4tbp/pics-sport/EPA%20Awards%202024/FB-EPA-Pt1/DSC_0899.jpg
PIC_VIEWER t_ms=46177 tid=ThreadId(1) request lane=foreground action=new uri=smb://dietpi.local/4tbp/pics-sport/EPA%20Awards%202024/FB-EPA-Pt1/DSC_0899.jpg variant=1124x794
PIC_VIEWER t_ms=46178 tid=ThreadId(135) decode_start uri=smb://dietpi.local/4tbp/pics-sport/EPA%20Awards%202024/FB-EPA-Pt1/DSC_0899.jpg variant=1124x794 queue_ms=0
PIC_VIEWER source_cache lane=foreground action=miss uri=smb://dietpi.local/4tbp/pics-sport/EPA%20Awards%202024/FB-EPA-Pt1/DSC_0899.jpg
PIC_VIEWER network_slot lane=foreground wait_ms=0 uri=smb://dietpi.local/4tbp/pics-sport/EPA%20Awards%202024/FB-EPA-Pt1/DSC_0899.jpg
PIC_SMB_CONNECT reuse
PIC_SMB_READ start
PIC_SMB_READ done bytes=1100411
PIC_VIEWER source_cache action=insert bytes=1100411 uri=smb://dietpi.local/4tbp/pics-sport/EPA%20Awards%202024/FB-EPA-Pt1/DSC_0899.jpg
PIC_VIEWER source_cache action=evict bytes=1592219 uri=smb://dietpi.local/4tbp/pics-sport/EPA%20Awards%202024/FB-EPA-Pt1/DSC_0845.jpg
PIC_VIEWER network_done lane=foreground read_ms=19 bytes=1100411 source=network outcome=ok uri=smb://dietpi.local/4tbp/pics-sport/EPA%20Awards%202024/FB-EPA-Pt1/DSC_0899.jpg
PIC_VIEWER decode_stage source_ms=19 cpu_ms=30 uri=smb://dietpi.local/4tbp/pics-sport/EPA%20Awards%202024/FB-EPA-Pt1/DSC_0899.jpg
PIC_VIEWER t_ms=46230 tid=ThreadId(135) decode_done uri=smb://dietpi.local/4tbp/pics-sport/EPA%20Awards%202024/FB-EPA-Pt1/DSC_0899.jpg variant=1124x794 elapsed_ms=52 outcome=ok
PIC_VIEWER t_ms=46231 tid=ThreadId(1) display_apply elapsed_ms=0 uri=smb://dietpi.local/4tbp/pics-sport/EPA%20Awards%202024/FB-EPA-Pt1/DSC_0899.jpg
PIC_VIEWER t_ms=46231 tid=ThreadId(1) display_done lane=foreground source=decode navigation_ms=53 uri=smb://dietpi.local/4tbp/pics-sport/EPA%20Awards%202024/FB-EPA-Pt1/DSC_0899.jpg
PIC_VIEWER t_ms=46231 tid=ThreadId(1) cache_evict uri=nfs://DietPi.local/mnt/4TBS/Spar%20Ladies%202025/10km/DSC_5823.jpg bytes=3372000 remaining_entries=32 remaining_bytes=104350160
PIC_VIEWER t_ms=46238 tid=ThreadId(1) show_photo_request generation=106 index=3078 uri=smb://dietpi.local/4tbp/pics-sport/EPA%20Awards%202024/FB-EPA-Pt1/DSC_0900.jpg
PIC_VIEWER t_ms=46238 tid=ThreadId(1) request lane=foreground action=new uri=smb://dietpi.local/4tbp/pics-sport/EPA%20Awards%202024/FB-EPA-Pt1/DSC_0900.jpg variant=1124x794
PIC_VIEWER t_ms=46238 tid=ThreadId(136) decode_start uri=smb://dietpi.local/4tbp/pics-sport/EPA%20Awards%202024/FB-EPA-Pt1/DSC_0900.jpg variant=1124x794 queue_ms=0
PIC_VIEWER source_cache lane=foreground action=miss uri=smb://dietpi.local/4tbp/pics-sport/EPA%20Awards%202024/FB-EPA-Pt1/DSC_0900.jpg
PIC_VIEWER network_slot lane=foreground wait_ms=0 uri=smb://dietpi.local/4tbp/pics-sport/EPA%20Awards%202024/FB-EPA-Pt1/DSC_0900.jpg
PIC_SMB_CONNECT reuse
PIC_SMB_READ start
PIC_SMB_READ done bytes=1034421
PIC_VIEWER source_cache action=insert bytes=1034421 uri=smb://dietpi.local/4tbp/pics-sport/EPA%20Awards%202024/FB-EPA-Pt1/DSC_0900.jpg
PIC_VIEWER source_cache action=evict bytes=1680674 uri=smb://dietpi.local/4tbp/pics-sport/EPA%20Awards%202024/FB-EPA-Pt1/DSC_0844.jpg
PIC_VIEWER network_done lane=foreground read_ms=18 bytes=1034421 source=network outcome=ok uri=smb://dietpi.local/4tbp/pics-sport/EPA%20Awards%202024/FB-EPA-Pt1/DSC_0900.jpg
PIC_VIEWER decode_stage source_ms=18 cpu_ms=31 uri=smb://dietpi.local/4tbp/pics-sport/EPA%20Awards%202024/FB-EPA-Pt1/DSC_0900.jpg
PIC_VIEWER t_ms=46290 tid=ThreadId(136) decode_done uri=smb://dietpi.local/4tbp/pics-sport/EPA%20Awards%202024/FB-EPA-Pt1/DSC_0900.jpg variant=1124x794 elapsed_ms=52 outcome=ok
PIC_VIEWER t_ms=46290 tid=ThreadId(1) display_apply elapsed_ms=0 uri=smb://dietpi.local/4tbp/pics-sport/EPA%20Awards%202024/FB-EPA-Pt1/DSC_0900.jpg
PIC_VIEWER t_ms=46290 tid=ThreadId(1) display_done lane=foreground source=decode navigation_ms=52 uri=smb://dietpi.local/4tbp/pics-sport/EPA%20Awards%202024/FB-EPA-Pt1/DSC_0900.jpg
PIC_VIEWER t_ms=46290 tid=ThreadId(1) cache_evict uri=nfs://DietPi.local/mnt/4TBS/pics-sport/XCC%202026/XCC%20EP%20Champs%202026/Starred%20Photos/DSC_0126_result.jpg bytes=3372000 remaining_entries=32 remaining_bytes=104350160
PIC_VIEWER t_ms=46298 tid=ThreadId(1) show_photo_request generation=107 index=3079 uri=smb://dietpi.local/4tbp/pics-sport/EPA%20Awards%202024/FB-EPA-Pt1/DSC_0914.jpg
PIC_VIEWER t_ms=46298 tid=ThreadId(1) request lane=foreground action=new uri=smb://dietpi.local/4tbp/pics-sport/EPA%20Awards%202024/FB-EPA-Pt1/DSC_0914.jpg variant=1124x794
PIC_VIEWER t_ms=46298 tid=ThreadId(137) decode_start uri=smb://dietpi.local/4tbp/pics-sport/EPA%20Awards%202024/FB-EPA-Pt1/DSC_0914.jpg variant=1124x794 queue_ms=0
PIC_VIEWER source_cache lane=foreground action=miss uri=smb://dietpi.local/4tbp/pics-sport/EPA%20Awards%202024/FB-EPA-Pt1/DSC_0914.jpg
PIC_VIEWER network_slot lane=foreground wait_ms=0 uri=smb://dietpi.local/4tbp/pics-sport/EPA%20Awards%202024/FB-EPA-Pt1/DSC_0914.jpg
PIC_SMB_CONNECT reuse
PIC_SMB_READ start
PIC_SMB_READ done bytes=725374
PIC_VIEWER source_cache action=insert bytes=725374 uri=smb://dietpi.local/4tbp/pics-sport/EPA%20Awards%202024/FB-EPA-Pt1/DSC_0914.jpg
PIC_VIEWER source_cache action=evict bytes=1608619 uri=smb://dietpi.local/4tbp/pics-sport/EPA%20Awards%202024/FB-EPA-Pt1/DSC_0847.jpg
PIC_VIEWER network_done lane=foreground read_ms=14 bytes=725374 source=network outcome=ok uri=smb://dietpi.local/4tbp/pics-sport/EPA%20Awards%202024/FB-EPA-Pt1/DSC_0914.jpg
PIC_VIEWER decode_stage source_ms=14 cpu_ms=28 uri=smb://dietpi.local/4tbp/pics-sport/EPA%20Awards%202024/FB-EPA-Pt1/DSC_0914.jpg
PIC_VIEWER t_ms=46344 tid=ThreadId(137) decode_done uri=smb://dietpi.local/4tbp/pics-sport/EPA%20Awards%202024/FB-EPA-Pt1/DSC_0914.jpg variant=1124x794 elapsed_ms=46 outcome=ok
PIC_VIEWER t_ms=46344 tid=ThreadId(1) display_apply elapsed_ms=0 uri=smb://dietpi.local/4tbp/pics-sport/EPA%20Awards%202024/FB-EPA-Pt1/DSC_0914.jpg
PIC_VIEWER t_ms=46344 tid=ThreadId(1) display_done lane=foreground source=decode navigation_ms=46 uri=smb://dietpi.local/4tbp/pics-sport/EPA%20Awards%202024/FB-EPA-Pt1/DSC_0914.jpg
PIC_VIEWER t_ms=46344 tid=ThreadId(1) cache_evict uri=nfs://DietPi.local/mnt/4TBS/pics-sport/XCC%202026/XCC%20EP%20Champs%202026/Starred%20Photos/DSC_0160_result.jpg bytes=3372000 remaining_entries=32 remaining_bytes=104350160
PIC_VIEWER t_ms=46358 tid=ThreadId(1) show_photo_request generation=108 index=3080 uri=smb://dietpi.local/4tbp/pics-sport/EPA%20Awards%202024/FB-EPA-Pt1/DSC_0916.jpg
PIC_VIEWER t_ms=46358 tid=ThreadId(1) request lane=foreground action=new uri=smb://dietpi.local/4tbp/pics-sport/EPA%20Awards%202024/FB-EPA-Pt1/DSC_0916.jpg variant=1124x794
PIC_VIEWER t_ms=46358 tid=ThreadId(138) decode_start uri=smb://dietpi.local/4tbp/pics-sport/EPA%20Awards%202024/FB-EPA-Pt1/DSC_0916.jpg variant=1124x794 queue_ms=0
PIC_VIEWER source_cache lane=foreground action=miss uri=smb://dietpi.local/4tbp/pics-sport/EPA%20Awards%202024/FB-EPA-Pt1/DSC_0916.jpg
PIC_VIEWER network_slot lane=foreground wait_ms=0 uri=smb://dietpi.local/4tbp/pics-sport/EPA%20Awards%202024/FB-EPA-Pt1/DSC_0916.jpg
PIC_SMB_CONNECT reuse
PIC_SMB_READ start
PIC_SMB_READ done bytes=1503870
PIC_VIEWER source_cache action=insert bytes=1503870 uri=smb://dietpi.local/4tbp/pics-sport/EPA%20Awards%202024/FB-EPA-Pt1/DSC_0916.jpg
PIC_VIEWER source_cache action=evict bytes=1065677 uri=smb://dietpi.local/4tbp/pics-sport/EPA%20Awards%202024/FB-EPA-Pt1/DSC_0853.jpg
PIC_VIEWER network_done lane=foreground read_ms=19 bytes=1503870 source=network outcome=ok uri=smb://dietpi.local/4tbp/pics-sport/EPA%20Awards%202024/FB-EPA-Pt1/DSC_0916.jpg
PIC_VIEWER decode_stage source_ms=19 cpu_ms=39 uri=smb://dietpi.local/4tbp/pics-sport/EPA%20Awards%202024/FB-EPA-Pt1/DSC_0916.jpg
PIC_VIEWER t_ms=46419 tid=ThreadId(138) decode_done uri=smb://dietpi.local/4tbp/pics-sport/EPA%20Awards%202024/FB-EPA-Pt1/DSC_0916.jpg variant=1124x794 elapsed_ms=61 outcome=ok
PIC_VIEWER t_ms=46420 tid=ThreadId(1) display_apply elapsed_ms=0 uri=smb://dietpi.local/4tbp/pics-sport/EPA%20Awards%202024/FB-EPA-Pt1/DSC_0916.jpg
PIC_VIEWER t_ms=46420 tid=ThreadId(1) display_done lane=foreground source=decode navigation_ms=61 uri=smb://dietpi.local/4tbp/pics-sport/EPA%20Awards%202024/FB-EPA-Pt1/DSC_0916.jpg
PIC_VIEWER t_ms=46420 tid=ThreadId(1) cache_evict uri=nfs://DietPi.local/mnt/4TBS/pics-sport/XCC%202026/XCC%20EP%20Champs%202026/Starred%20Photos/DSC_0169_result.jpg bytes=3372000 remaining_entries=32 remaining_bytes=104350160
PIC_VIEWER t_ms=46450 tid=ThreadId(1) show_photo_request generation=109 index=3081 uri=smb://dietpi.local/4tbp/pics-sport/EPA%20Awards%202024/FB-EPA-Pt1/DSC_0917.jpg
PIC_VIEWER t_ms=46450 tid=ThreadId(1) request lane=foreground action=new uri=smb://dietpi.local/4tbp/pics-sport/EPA%20Awards%202024/FB-EPA-Pt1/DSC_0917.jpg variant=1124x794
PIC_VIEWER t_ms=46450 tid=ThreadId(139) decode_start uri=smb://dietpi.local/4tbp/pics-sport/EPA%20Awards%202024/FB-EPA-Pt1/DSC_0917.jpg variant=1124x794 queue_ms=0
PIC_VIEWER source_cache lane=foreground action=miss uri=smb://dietpi.local/4tbp/pics-sport/EPA%20Awards%202024/FB-EPA-Pt1/DSC_0917.jpg
PIC_VIEWER network_slot lane=foreground wait_ms=0 uri=smb://dietpi.local/4tbp/pics-sport/EPA%20Awards%202024/FB-EPA-Pt1/DSC_0917.jpg
PIC_SMB_CONNECT reuse
PIC_SMB_READ start
PIC_SMB_READ done bytes=1078338
PIC_VIEWER source_cache action=insert bytes=1078338 uri=smb://dietpi.local/4tbp/pics-sport/EPA%20Awards%202024/FB-EPA-Pt1/DSC_0917.jpg
PIC_VIEWER source_cache action=evict bytes=1074906 uri=smb://dietpi.local/4tbp/pics-sport/EPA%20Awards%202024/FB-EPA-Pt1/DSC_0865.jpg
PIC_VIEWER network_done lane=foreground read_ms=18 bytes=1078338 source=network outcome=ok uri=smb://dietpi.local/4tbp/pics-sport/EPA%20Awards%202024/FB-EPA-Pt1/DSC_0917.jpg
PIC_VIEWER decode_stage source_ms=18 cpu_ms=35 uri=smb://dietpi.local/4tbp/pics-sport/EPA%20Awards%202024/FB-EPA-Pt1/DSC_0917.jpg
PIC_VIEWER t_ms=46507 tid=ThreadId(139) decode_done uri=smb://dietpi.local/4tbp/pics-sport/EPA%20Awards%202024/FB-EPA-Pt1/DSC_0917.jpg variant=1124x794 elapsed_ms=56 outcome=ok
PIC_VIEWER t_ms=46507 tid=ThreadId(1) display_apply elapsed_ms=0 uri=smb://dietpi.local/4tbp/pics-sport/EPA%20Awards%202024/FB-EPA-Pt1/DSC_0917.jpg
PIC_VIEWER t_ms=46507 tid=ThreadId(1) display_done lane=foreground source=decode navigation_ms=57 uri=smb://dietpi.local/4tbp/pics-sport/EPA%20Awards%202024/FB-EPA-Pt1/DSC_0917.jpg
PIC_VIEWER t_ms=46507 tid=ThreadId(1) cache_evict uri=nfs://DietPi.local/mnt/4TBS/pics-sport/XCC%202026/XCC%20EP%20Champs%202026/Starred%20Photos/DSC_0221_result.jpg bytes=3372000 remaining_entries=32 remaining_bytes=104350160
PIC_VIEWER t_ms=46510 tid=ThreadId(1) show_photo_request generation=110 index=3082 uri=smb://dietpi.local/4tbp/pics-sport/EPA%20Awards%202024/FB-EPA-Pt1/DSC_0918.jpg
PIC_VIEWER t_ms=46510 tid=ThreadId(1) request lane=foreground action=new uri=smb://dietpi.local/4tbp/pics-sport/EPA%20Awards%202024/FB-EPA-Pt1/DSC_0918.jpg variant=1124x794
PIC_VIEWER t_ms=46510 tid=ThreadId(140) decode_start uri=smb://dietpi.local/4tbp/pics-sport/EPA%20Awards%202024/FB-EPA-Pt1/DSC_0918.jpg variant=1124x794 queue_ms=0
PIC_VIEWER source_cache lane=foreground action=miss uri=smb://dietpi.local/4tbp/pics-sport/EPA%20Awards%202024/FB-EPA-Pt1/DSC_0918.jpg
PIC_VIEWER network_slot lane=foreground wait_ms=0 uri=smb://dietpi.local/4tbp/pics-sport/EPA%20Awards%202024/FB-EPA-Pt1/DSC_0918.jpg
PIC_SMB_CONNECT reuse
PIC_SMB_READ start
PIC_SMB_READ done bytes=930721
PIC_VIEWER source_cache action=insert bytes=930721 uri=smb://dietpi.local/4tbp/pics-sport/EPA%20Awards%202024/FB-EPA-Pt1/DSC_0918.jpg
PIC_VIEWER source_cache action=evict bytes=1151438 uri=smb://dietpi.local/4tbp/pics-sport/EPA%20Awards%202024/FB-EPA-Pt1/DSC_0870.jpg
PIC_VIEWER network_done lane=foreground read_ms=17 bytes=930721 source=network outcome=ok uri=smb://dietpi.local/4tbp/pics-sport/EPA%20Awards%202024/FB-EPA-Pt1/DSC_0918.jpg
PIC_VIEWER decode_stage source_ms=17 cpu_ms=33 uri=smb://dietpi.local/4tbp/pics-sport/EPA%20Awards%202024/FB-EPA-Pt1/DSC_0918.jpg
PIC_VIEWER t_ms=46564 tid=ThreadId(140) decode_done uri=smb://dietpi.local/4tbp/pics-sport/EPA%20Awards%202024/FB-EPA-Pt1/DSC_0918.jpg variant=1124x794 elapsed_ms=53 outcome=ok
PIC_VIEWER t_ms=46564 tid=ThreadId(1) display_apply elapsed_ms=0 uri=smb://dietpi.local/4tbp/pics-sport/EPA%20Awards%202024/FB-EPA-Pt1/DSC_0918.jpg
PIC_VIEWER t_ms=46564 tid=ThreadId(1) display_done lane=foreground source=decode navigation_ms=54 uri=smb://dietpi.local/4tbp/pics-sport/EPA%20Awards%202024/FB-EPA-Pt1/DSC_0918.jpg
PIC_VIEWER t_ms=46564 tid=ThreadId(1) cache_evict uri=nfs://DietPi.local/mnt/4TBS/pics-sport/XCC%202026/XCC%20EP%20Champs%202026/Starred%20Photos/DSC_0372_result.jpg bytes=3367504 remaining_entries=32 remaining_bytes=104354656
PIC_VIEWER t_ms=46570 tid=ThreadId(1) show_photo_request generation=111 index=3083 uri=smb://dietpi.local/4tbp/pics-sport/EPA%20Awards%202024/FB-EPA-Pt1/DSC_0919.jpg
PIC_VIEWER t_ms=46570 tid=ThreadId(1) request lane=foreground action=new uri=smb://dietpi.local/4tbp/pics-sport/EPA%20Awards%202024/FB-EPA-Pt1/DSC_0919.jpg variant=1124x794
PIC_VIEWER t_ms=46570 tid=ThreadId(141) decode_start uri=smb://dietpi.local/4tbp/pics-sport/EPA%20Awards%202024/FB-EPA-Pt1/DSC_0919.jpg variant=1124x794 queue_ms=0
PIC_VIEWER source_cache lane=foreground action=miss uri=smb://dietpi.local/4tbp/pics-sport/EPA%20Awards%202024/FB-EPA-Pt1/DSC_0919.jpg
PIC_VIEWER network_slot lane=foreground wait_ms=0 uri=smb://dietpi.local/4tbp/pics-sport/EPA%20Awards%202024/FB-EPA-Pt1/DSC_0919.jpg
PIC_SMB_CONNECT reuse
PIC_SMB_READ start
PIC_SMB_READ done bytes=847221
PIC_VIEWER source_cache action=insert bytes=847221 uri=smb://dietpi.local/4tbp/pics-sport/EPA%20Awards%202024/FB-EPA-Pt1/DSC_0919.jpg
PIC_VIEWER source_cache action=evict bytes=1313148 uri=smb://dietpi.local/4tbp/pics-sport/EPA%20Awards%202024/FB-EPA-Pt1/DSC_0863.jpg
PIC_VIEWER network_done lane=foreground read_ms=15 bytes=847221 source=network outcome=ok uri=smb://dietpi.local/4tbp/pics-sport/EPA%20Awards%202024/FB-EPA-Pt1/DSC_0919.jpg
PIC_VIEWER decode_stage source_ms=15 cpu_ms=33 uri=smb://dietpi.local/4tbp/pics-sport/EPA%20Awards%202024/FB-EPA-Pt1/DSC_0919.jpg
PIC_VIEWER t_ms=46622 tid=ThreadId(141) decode_done uri=smb://dietpi.local/4tbp/pics-sport/EPA%20Awards%202024/FB-EPA-Pt1/DSC_0919.jpg variant=1124x794 elapsed_ms=51 outcome=ok
PIC_VIEWER t_ms=46622 tid=ThreadId(1) display_apply elapsed_ms=0 uri=smb://dietpi.local/4tbp/pics-sport/EPA%20Awards%202024/FB-EPA-Pt1/DSC_0919.jpg
PIC_VIEWER t_ms=46622 tid=ThreadId(1) display_done lane=foreground source=decode navigation_ms=51 uri=smb://dietpi.local/4tbp/pics-sport/EPA%20Awards%202024/FB-EPA-Pt1/DSC_0919.jpg
PIC_VIEWER t_ms=46622 tid=ThreadId(1) cache_evict uri=nfs://DietPi.local/mnt/4TBS/pics-sport/XCC%202026/XCC%20EP%20Champs%202026/Starred%20Photos/DSC_0399_result.jpg bytes=3367504 remaining_entries=32 remaining_bytes=104359152
PIC_VIEWER t_ms=46630 tid=ThreadId(1) show_photo_request generation=112 index=3084 uri=smb://dietpi.local/4tbp/pics-sport/EPA%20Awards%202024/FB-EPA-Pt1/DSC_0920.jpg
PIC_VIEWER t_ms=46630 tid=ThreadId(1) request lane=foreground action=new uri=smb://dietpi.local/4tbp/pics-sport/EPA%20Awards%202024/FB-EPA-Pt1/DSC_0920.jpg variant=1124x794
PIC_VIEWER t_ms=46630 tid=ThreadId(142) decode_start uri=smb://dietpi.local/4tbp/pics-sport/EPA%20Awards%202024/FB-EPA-Pt1/DSC_0920.jpg variant=1124x794 queue_ms=0
PIC_VIEWER source_cache lane=foreground action=miss uri=smb://dietpi.local/4tbp/pics-sport/EPA%20Awards%202024/FB-EPA-Pt1/DSC_0920.jpg
PIC_VIEWER network_slot lane=foreground wait_ms=0 uri=smb://dietpi.local/4tbp/pics-sport/EPA%20Awards%202024/FB-EPA-Pt1/DSC_0920.jpg
PIC_SMB_CONNECT reuse
PIC_SMB_READ start
PIC_SMB_READ done bytes=1198214
PIC_VIEWER source_cache action=insert bytes=1198214 uri=smb://dietpi.local/4tbp/pics-sport/EPA%20Awards%202024/FB-EPA-Pt1/DSC_0920.jpg
PIC_VIEWER source_cache action=evict bytes=882779 uri=smb://dietpi.local/4tbp/pics-sport/EPA%20Awards%202024/FB-EPA-Pt1/DSC_0878.jpg
PIC_VIEWER network_done lane=foreground read_ms=19 bytes=1198214 source=network outcome=ok uri=smb://dietpi.local/4tbp/pics-sport/EPA%20Awards%202024/FB-EPA-Pt1/DSC_0920.jpg
PIC_VIEWER decode_stage source_ms=19 cpu_ms=36 uri=smb://dietpi.local/4tbp/pics-sport/EPA%20Awards%202024/FB-EPA-Pt1/DSC_0920.jpg
PIC_VIEWER t_ms=46689 tid=ThreadId(142) decode_done uri=smb://dietpi.local/4tbp/pics-sport/EPA%20Awards%202024/FB-EPA-Pt1/DSC_0920.jpg variant=1124x794 elapsed_ms=58 outcome=ok
PIC_VIEWER t_ms=46691 tid=ThreadId(1) display_apply elapsed_ms=1 uri=smb://dietpi.local/4tbp/pics-sport/EPA%20Awards%202024/FB-EPA-Pt1/DSC_0920.jpg
PIC_VIEWER t_ms=46691 tid=ThreadId(1) display_done lane=foreground source=decode navigation_ms=60 uri=smb://dietpi.local/4tbp/pics-sport/EPA%20Awards%202024/FB-EPA-Pt1/DSC_0920.jpg
PIC_VIEWER t_ms=46691 tid=ThreadId(1) cache_evict uri=nfs://DietPi.local/mnt/4TBS/pics-sport/XCC%202026/XCC%20EP%20Champs%202026/Starred%20Photos/DSC_0418_result.jpg bytes=3367504 remaining_entries=32 remaining_bytes=104363648
PIC_VIEWER t_ms=46691 tid=ThreadId(1) show_photo_request generation=113 index=3085 uri=smb://dietpi.local/4tbp/pics-sport/EPA%20Awards%202024/FB-EPA-Pt1/DSC_0927.jpg
PIC_VIEWER t_ms=46691 tid=ThreadId(1) request lane=foreground action=new uri=smb://dietpi.local/4tbp/pics-sport/EPA%20Awards%202024/FB-EPA-Pt1/DSC_0927.jpg variant=1124x794
PIC_VIEWER t_ms=46691 tid=ThreadId(143) decode_start uri=smb://dietpi.local/4tbp/pics-sport/EPA%20Awards%202024/FB-EPA-Pt1/DSC_0927.jpg variant=1124x794 queue_ms=0
PIC_VIEWER source_cache lane=foreground action=miss uri=smb://dietpi.local/4tbp/pics-sport/EPA%20Awards%202024/FB-EPA-Pt1/DSC_0927.jpg
PIC_VIEWER network_slot lane=foreground wait_ms=0 uri=smb://dietpi.local/4tbp/pics-sport/EPA%20Awards%202024/FB-EPA-Pt1/DSC_0927.jpg
PIC_SMB_CONNECT reuse
PIC_SMB_READ start
PIC_SMB_READ done bytes=1092951
PIC_VIEWER source_cache action=insert bytes=1092951 uri=smb://dietpi.local/4tbp/pics-sport/EPA%20Awards%202024/FB-EPA-Pt1/DSC_0927.jpg
PIC_VIEWER source_cache action=evict bytes=1045873 uri=smb://dietpi.local/4tbp/pics-sport/EPA%20Awards%202024/FB-EPA-Pt1/DSC_0884.jpg
PIC_VIEWER network_done lane=foreground read_ms=18 bytes=1092951 source=network outcome=ok uri=smb://dietpi.local/4tbp/pics-sport/EPA%20Awards%202024/FB-EPA-Pt1/DSC_0927.jpg
PIC_VIEWER decode_stage source_ms=18 cpu_ms=34 uri=smb://dietpi.local/4tbp/pics-sport/EPA%20Awards%202024/FB-EPA-Pt1/DSC_0927.jpg
PIC_VIEWER t_ms=46747 tid=ThreadId(143) decode_done uri=smb://dietpi.local/4tbp/pics-sport/EPA%20Awards%202024/FB-EPA-Pt1/DSC_0927.jpg variant=1124x794 elapsed_ms=55 outcome=ok
PIC_VIEWER t_ms=46749 tid=ThreadId(1) display_apply elapsed_ms=1 uri=smb://dietpi.local/4tbp/pics-sport/EPA%20Awards%202024/FB-EPA-Pt1/DSC_0927.jpg
PIC_VIEWER t_ms=46749 tid=ThreadId(1) display_done lane=foreground source=decode navigation_ms=57 uri=smb://dietpi.local/4tbp/pics-sport/EPA%20Awards%202024/FB-EPA-Pt1/DSC_0927.jpg
PIC_VIEWER t_ms=46749 tid=ThreadId(1) cache_evict uri=nfs://DietPi.local/mnt/4TBS/pics-sport/XCC%202026/XCC%20EP%20Champs%202026/Starred%20Photos/DSC_0559_result.jpg bytes=3372000 remaining_entries=32 remaining_bytes=104363648
PIC_VIEWER t_ms=46750 tid=ThreadId(1) show_photo_request generation=114 index=3086 uri=smb://dietpi.local/4tbp/pics-sport/EPA%20Awards%202024/FB-EPA-Pt1/DSC_0928.jpg
PIC_VIEWER t_ms=46750 tid=ThreadId(1) request lane=foreground action=new uri=smb://dietpi.local/4tbp/pics-sport/EPA%20Awards%202024/FB-EPA-Pt1/DSC_0928.jpg variant=1124x794
PIC_VIEWER t_ms=46750 tid=ThreadId(144) decode_start uri=smb://dietpi.local/4tbp/pics-sport/EPA%20Awards%202024/FB-EPA-Pt1/DSC_0928.jpg variant=1124x794 queue_ms=0
PIC_VIEWER source_cache lane=foreground action=miss uri=smb://dietpi.local/4tbp/pics-sport/EPA%20Awards%202024/FB-EPA-Pt1/DSC_0928.jpg
PIC_VIEWER network_slot lane=foreground wait_ms=0 uri=smb://dietpi.local/4tbp/pics-sport/EPA%20Awards%202024/FB-EPA-Pt1/DSC_0928.jpg
PIC_SMB_CONNECT reuse
PIC_SMB_READ start
PIC_SMB_READ done bytes=1013117
PIC_VIEWER source_cache action=insert bytes=1013117 uri=smb://dietpi.local/4tbp/pics-sport/EPA%20Awards%202024/FB-EPA-Pt1/DSC_0928.jpg
PIC_VIEWER source_cache action=evict bytes=1187569 uri=smb://dietpi.local/4tbp/pics-sport/EPA%20Awards%202024/FB-EPA-Pt1/DSC_0885.jpg
PIC_VIEWER network_done lane=foreground read_ms=17 bytes=1013117 source=network outcome=ok uri=smb://dietpi.local/4tbp/pics-sport/EPA%20Awards%202024/FB-EPA-Pt1/DSC_0928.jpg
PIC_VIEWER decode_stage source_ms=17 cpu_ms=32 uri=smb://dietpi.local/4tbp/pics-sport/EPA%20Awards%202024/FB-EPA-Pt1/DSC_0928.jpg
PIC_VIEWER t_ms=46802 tid=ThreadId(144) decode_done uri=smb://dietpi.local/4tbp/pics-sport/EPA%20Awards%202024/FB-EPA-Pt1/DSC_0928.jpg variant=1124x794 elapsed_ms=52 outcome=ok
PIC_VIEWER t_ms=46803 tid=ThreadId(1) display_apply elapsed_ms=0 uri=smb://dietpi.local/4tbp/pics-sport/EPA%20Awards%202024/FB-EPA-Pt1/DSC_0928.jpg
PIC_VIEWER t_ms=46803 tid=ThreadId(1) display_done lane=foreground source=decode navigation_ms=52 uri=smb://dietpi.local/4tbp/pics-sport/EPA%20Awards%202024/FB-EPA-Pt1/DSC_0928.jpg
PIC_VIEWER t_ms=46803 tid=ThreadId(1) cache_evict uri=nfs://DietPi.local/mnt/4TBS/pics-sport/XCC%202026/XCC%20EP%20Champs%202026/Starred%20Photos/DSC_0880_result.jpg bytes=3372000 remaining_entries=32 remaining_bytes=104363648
PIC_VIEWER t_ms=47000 tid=ThreadId(1) request lane=prefetch action=new uri=smb://dietpi.local/4tbp/pics-sport/EPA%20Awards%202024/FB-EPA-Pt1/DSC_0929.jpg variant=1124x794
PIC_VIEWER t_ms=47000 tid=ThreadId(1) cache_hit lane=prefetch uri=smb://dietpi.local/4tbp/pics-sport/EPA%20Awards%202024/FB-EPA-Pt1/DSC_0927.jpg
PIC_VIEWER t_ms=47001 tid=ThreadId(145) decode_start uri=smb://dietpi.local/4tbp/pics-sport/EPA%20Awards%202024/FB-EPA-Pt1/DSC_0929.jpg variant=1124x794 queue_ms=0
PIC_VIEWER source_cache lane=prefetch action=miss uri=smb://dietpi.local/4tbp/pics-sport/EPA%20Awards%202024/FB-EPA-Pt1/DSC_0929.jpg
PIC_VIEWER network_slot lane=prefetch wait_ms=0 uri=smb://dietpi.local/4tbp/pics-sport/EPA%20Awards%202024/FB-EPA-Pt1/DSC_0929.jpg
PIC_SMB_CONNECT reuse
PIC_SMB_READ start
PIC_SMB_READ done bytes=1065114
PIC_VIEWER source_cache action=insert bytes=1065114 uri=smb://dietpi.local/4tbp/pics-sport/EPA%20Awards%202024/FB-EPA-Pt1/DSC_0929.jpg
PIC_VIEWER source_cache action=evict bytes=1161291 uri=smb://dietpi.local/4tbp/pics-sport/EPA%20Awards%202024/FB-EPA-Pt1/DSC_0883.jpg
PIC_VIEWER network_done lane=prefetch read_ms=19 bytes=1065114 source=network outcome=ok uri=smb://dietpi.local/4tbp/pics-sport/EPA%20Awards%202024/FB-EPA-Pt1/DSC_0929.jpg
PIC_VIEWER decode_stage source_ms=19 cpu_ms=32 uri=smb://dietpi.local/4tbp/pics-sport/EPA%20Awards%202024/FB-EPA-Pt1/DSC_0929.jpg
PIC_VIEWER t_ms=47054 tid=ThreadId(145) decode_done uri=smb://dietpi.local/4tbp/pics-sport/EPA%20Awards%202024/FB-EPA-Pt1/DSC_0929.jpg variant=1124x794 elapsed_ms=53 outcome=ok
PIC_VIEWER t_ms=47054 tid=ThreadId(1) cache_evict uri=nfs://DietPi.local/mnt/4TBS/pics-sport/XCC%202026/XCC%20EP%20Champs%202026/Starred%20Photos/DSC_1013_result.jpg bytes=3372000 remaining_entries=32 remaining_bytes=102674928
PIC_VIEWER t_ms=50044 tid=ThreadId(1) show_photo_request generation=116 index=3187 uri=smb://dietpi.local/4tbp/pics-sport/EPA%20Awards%202024/FB-EPA-Pt1/DSC_1174.jpg
PIC_VIEWER t_ms=50044 tid=ThreadId(1) request lane=foreground action=new uri=smb://dietpi.local/4tbp/pics-sport/EPA%20Awards%202024/FB-EPA-Pt1/DSC_1174.jpg variant=1124x794
PIC_VIEWER t_ms=50044 tid=ThreadId(146) decode_start uri=smb://dietpi.local/4tbp/pics-sport/EPA%20Awards%202024/FB-EPA-Pt1/DSC_1174.jpg variant=1124x794 queue_ms=0
PIC_VIEWER source_cache lane=foreground action=miss uri=smb://dietpi.local/4tbp/pics-sport/EPA%20Awards%202024/FB-EPA-Pt1/DSC_1174.jpg
PIC_VIEWER network_slot lane=foreground wait_ms=0 uri=smb://dietpi.local/4tbp/pics-sport/EPA%20Awards%202024/FB-EPA-Pt1/DSC_1174.jpg
PIC_SMB_CONNECT reuse
PIC_SMB_READ start
PIC_SMB_READ done bytes=1205415
PIC_VIEWER source_cache action=insert bytes=1205415 uri=smb://dietpi.local/4tbp/pics-sport/EPA%20Awards%202024/FB-EPA-Pt1/DSC_1174.jpg
PIC_VIEWER source_cache action=evict bytes=1029428 uri=smb://dietpi.local/4tbp/pics-sport/EPA%20Awards%202024/FB-EPA-Pt1/DSC_0886.jpg
PIC_VIEWER network_done lane=foreground read_ms=20 bytes=1205415 source=network outcome=ok uri=smb://dietpi.local/4tbp/pics-sport/EPA%20Awards%202024/FB-EPA-Pt1/DSC_1174.jpg
PIC_VIEWER decode_stage source_ms=20 cpu_ms=38 uri=smb://dietpi.local/4tbp/pics-sport/EPA%20Awards%202024/FB-EPA-Pt1/DSC_1174.jpg
PIC_VIEWER t_ms=50106 tid=ThreadId(146) decode_done uri=smb://dietpi.local/4tbp/pics-sport/EPA%20Awards%202024/FB-EPA-Pt1/DSC_1174.jpg variant=1124x794 elapsed_ms=61 outcome=ok
PIC_VIEWER t_ms=50106 tid=ThreadId(1) display_apply elapsed_ms=0 uri=smb://dietpi.local/4tbp/pics-sport/EPA%20Awards%202024/FB-EPA-Pt1/DSC_1174.jpg
PIC_VIEWER t_ms=50106 tid=ThreadId(1) display_done lane=foreground source=decode navigation_ms=62 uri=smb://dietpi.local/4tbp/pics-sport/EPA%20Awards%202024/FB-EPA-Pt1/DSC_1174.jpg
PIC_VIEWER t_ms=50106 tid=ThreadId(1) cache_evict uri=nfs://DietPi.local/mnt/4TBS/pics-sport/XCC%202026/XCC%20EP%20Champs%202026/Starred%20Photos/DSC_1043_result.jpg bytes=3372000 remaining_entries=32 remaining_bytes=102674928
PIC_VIEWER t_ms=50493 tid=ThreadId(1) wheel_event dy=1
PIC_VIEWER t_ms=50493 tid=ThreadId(1) navigation_dispatch source=wheel from_index=3187 to_index=3188 direction=1
PIC_VIEWER t_ms=50493 tid=ThreadId(1) infobar_update source=wheel index=3188 uri=smb://dietpi.local/4tbp/pics-sport/EPA%20Awards%202024/FB-EPA-Pt1/DSC_1176.jpg
PIC_VIEWER t_ms=50493 tid=ThreadId(1) show_photo_request generation=117 index=3188 uri=smb://dietpi.local/4tbp/pics-sport/EPA%20Awards%202024/FB-EPA-Pt1/DSC_1176.jpg
PIC_VIEWER t_ms=50493 tid=ThreadId(1) request lane=foreground action=new uri=smb://dietpi.local/4tbp/pics-sport/EPA%20Awards%202024/FB-EPA-Pt1/DSC_1176.jpg variant=1124x794
PIC_VIEWER t_ms=50494 tid=ThreadId(147) decode_start uri=smb://dietpi.local/4tbp/pics-sport/EPA%20Awards%202024/FB-EPA-Pt1/DSC_1176.jpg variant=1124x794 queue_ms=0
PIC_VIEWER source_cache lane=foreground action=miss uri=smb://dietpi.local/4tbp/pics-sport/EPA%20Awards%202024/FB-EPA-Pt1/DSC_1176.jpg
PIC_VIEWER network_slot lane=foreground wait_ms=0 uri=smb://dietpi.local/4tbp/pics-sport/EPA%20Awards%202024/FB-EPA-Pt1/DSC_1176.jpg
PIC_SMB_CONNECT reuse
PIC_SMB_READ start
PIC_SMB_READ done bytes=1415775
PIC_VIEWER source_cache action=insert bytes=1415775 uri=smb://dietpi.local/4tbp/pics-sport/EPA%20Awards%202024/FB-EPA-Pt1/DSC_1176.jpg
PIC_VIEWER source_cache action=evict bytes=1075695 uri=smb://dietpi.local/4tbp/pics-sport/EPA%20Awards%202024/FB-EPA-Pt1/DSC_0888.jpg
PIC_VIEWER network_done lane=foreground read_ms=22 bytes=1415775 source=network outcome=ok uri=smb://dietpi.local/4tbp/pics-sport/EPA%20Awards%202024/FB-EPA-Pt1/DSC_1176.jpg
PIC_VIEWER t_ms=50525 tid=ThreadId(1) wheel_event dy=1
PIC_VIEWER t_ms=50525 tid=ThreadId(1) wheel_accumulate current_index=3188 target_index=3189 direction=1
PIC_VIEWER decode_stage source_ms=22 cpu_ms=39 uri=smb://dietpi.local/4tbp/pics-sport/EPA%20Awards%202024/FB-EPA-Pt1/DSC_1176.jpg
PIC_VIEWER t_ms=50558 tid=ThreadId(147) decode_done uri=smb://dietpi.local/4tbp/pics-sport/EPA%20Awards%202024/FB-EPA-Pt1/DSC_1176.jpg variant=1124x794 elapsed_ms=64 outcome=ok
PIC_VIEWER t_ms=50558 tid=ThreadId(1) display_apply elapsed_ms=0 uri=smb://dietpi.local/4tbp/pics-sport/EPA%20Awards%202024/FB-EPA-Pt1/DSC_1176.jpg
PIC_VIEWER t_ms=50558 tid=ThreadId(1) display_done lane=foreground source=decode navigation_ms=64 uri=smb://dietpi.local/4tbp/pics-sport/EPA%20Awards%202024/FB-EPA-Pt1/DSC_1176.jpg
PIC_VIEWER t_ms=50558 tid=ThreadId(1) cache_evict uri=nfs://DietPi.local/mnt/4TBS/pics-sport/XCC%202026/XCC%20EP%20Champs%202026/Starred%20Photos/DSC_1242_result.jpg bytes=3372000 remaining_entries=32 remaining_bytes=102674928
PIC_VIEWER t_ms=50558 tid=ThreadId(1) navigation_dispatch source=wheel_coalesced from_index=3188 to_index=3189 direction=1
PIC_VIEWER t_ms=50558 tid=ThreadId(1) infobar_update source=wheel index=3189 uri=smb://dietpi.local/4tbp/pics-sport/EPA%20Awards%202024/FB-EPA-Pt1/DSC_1179.jpg
PIC_VIEWER t_ms=50559 tid=ThreadId(1) show_photo_request generation=118 index=3189 uri=smb://dietpi.local/4tbp/pics-sport/EPA%20Awards%202024/FB-EPA-Pt1/DSC_1179.jpg
PIC_VIEWER t_ms=50559 tid=ThreadId(1) request lane=foreground action=new uri=smb://dietpi.local/4tbp/pics-sport/EPA%20Awards%202024/FB-EPA-Pt1/DSC_1179.jpg variant=1124x794
PIC_VIEWER t_ms=50559 tid=ThreadId(148) decode_start uri=smb://dietpi.local/4tbp/pics-sport/EPA%20Awards%202024/FB-EPA-Pt1/DSC_1179.jpg variant=1124x794 queue_ms=0
PIC_VIEWER source_cache lane=foreground action=miss uri=smb://dietpi.local/4tbp/pics-sport/EPA%20Awards%202024/FB-EPA-Pt1/DSC_1179.jpg
PIC_VIEWER network_slot lane=foreground wait_ms=0 uri=smb://dietpi.local/4tbp/pics-sport/EPA%20Awards%202024/FB-EPA-Pt1/DSC_1179.jpg
PIC_SMB_CONNECT reuse
PIC_SMB_READ start
PIC_VIEWER t_ms=50573 tid=ThreadId(1) wheel_event dy=1
PIC_VIEWER t_ms=50573 tid=ThreadId(1) wheel_accumulate current_index=3189 target_index=3190 direction=1
PIC_SMB_READ done bytes=1088982
PIC_VIEWER source_cache action=insert bytes=1088982 uri=smb://dietpi.local/4tbp/pics-sport/EPA%20Awards%202024/FB-EPA-Pt1/DSC_1179.jpg
PIC_VIEWER source_cache action=evict bytes=1204036 uri=smb://dietpi.local/4tbp/pics-sport/EPA%20Awards%202024/FB-EPA-Pt1/DSC_0889.jpg
PIC_VIEWER network_done lane=foreground read_ms=19 bytes=1088982 source=network outcome=ok uri=smb://dietpi.local/4tbp/pics-sport/EPA%20Awards%202024/FB-EPA-Pt1/DSC_1179.jpg
PIC_VIEWER decode_stage source_ms=19 cpu_ms=34 uri=smb://dietpi.local/4tbp/pics-sport/EPA%20Awards%202024/FB-EPA-Pt1/DSC_1179.jpg
PIC_VIEWER t_ms=50616 tid=ThreadId(148) decode_done uri=smb://dietpi.local/4tbp/pics-sport/EPA%20Awards%202024/FB-EPA-Pt1/DSC_1179.jpg variant=1124x794 elapsed_ms=56 outcome=ok
PIC_VIEWER t_ms=50616 tid=ThreadId(1) display_apply elapsed_ms=0 uri=smb://dietpi.local/4tbp/pics-sport/EPA%20Awards%202024/FB-EPA-Pt1/DSC_1179.jpg
PIC_VIEWER t_ms=50616 tid=ThreadId(1) display_done lane=foreground source=decode navigation_ms=57 uri=smb://dietpi.local/4tbp/pics-sport/EPA%20Awards%202024/FB-EPA-Pt1/DSC_1179.jpg
PIC_VIEWER t_ms=50616 tid=ThreadId(1) cache_evict uri=nfs://DietPi.local/mnt/4TBS/pics-sport/XCC%202026/XCC%20EP%20Champs%202026/Starred%20Photos/DSC_1486_result.jpg bytes=3372000 remaining_entries=32 remaining_bytes=102674928
PIC_VIEWER t_ms=50616 tid=ThreadId(1) navigation_dispatch source=wheel_coalesced from_index=3189 to_index=3190 direction=1
PIC_VIEWER t_ms=50616 tid=ThreadId(1) infobar_update source=wheel index=3190 uri=smb://dietpi.local/4tbp/pics-sport/EPA%20Awards%202024/FB-EPA-Pt1/DSC_1180.jpg
PIC_VIEWER t_ms=50616 tid=ThreadId(1) show_photo_request generation=119 index=3190 uri=smb://dietpi.local/4tbp/pics-sport/EPA%20Awards%202024/FB-EPA-Pt1/DSC_1180.jpg
PIC_VIEWER t_ms=50616 tid=ThreadId(1) request lane=foreground action=new uri=smb://dietpi.local/4tbp/pics-sport/EPA%20Awards%202024/FB-EPA-Pt1/DSC_1180.jpg variant=1124x794
PIC_VIEWER t_ms=50617 tid=ThreadId(149) decode_start uri=smb://dietpi.local/4tbp/pics-sport/EPA%20Awards%202024/FB-EPA-Pt1/DSC_1180.jpg variant=1124x794 queue_ms=0
PIC_VIEWER source_cache lane=foreground action=miss uri=smb://dietpi.local/4tbp/pics-sport/EPA%20Awards%202024/FB-EPA-Pt1/DSC_1180.jpg
PIC_VIEWER network_slot lane=foreground wait_ms=0 uri=smb://dietpi.local/4tbp/pics-sport/EPA%20Awards%202024/FB-EPA-Pt1/DSC_1180.jpg
PIC_SMB_CONNECT reuse
PIC_SMB_READ start
PIC_SMB_READ done bytes=1430810
PIC_VIEWER source_cache action=insert bytes=1430810 uri=smb://dietpi.local/4tbp/pics-sport/EPA%20Awards%202024/FB-EPA-Pt1/DSC_1180.jpg
PIC_VIEWER source_cache action=evict bytes=1305503 uri=smb://dietpi.local/4tbp/pics-sport/EPA%20Awards%202024/FB-EPA-Pt1/DSC_0894.jpg
PIC_VIEWER network_done lane=foreground read_ms=22 bytes=1430810 source=network outcome=ok uri=smb://dietpi.local/4tbp/pics-sport/EPA%20Awards%202024/FB-EPA-Pt1/DSC_1180.jpg
PIC_VIEWER decode_stage source_ms=22 cpu_ms=39 uri=smb://dietpi.local/4tbp/pics-sport/EPA%20Awards%202024/FB-EPA-Pt1/DSC_1180.jpg
PIC_VIEWER t_ms=50681 tid=ThreadId(149) decode_done uri=smb://dietpi.local/4tbp/pics-sport/EPA%20Awards%202024/FB-EPA-Pt1/DSC_1180.jpg variant=1124x794 elapsed_ms=64 outcome=ok
PIC_VIEWER t_ms=50684 tid=ThreadId(1) display_apply elapsed_ms=0 uri=smb://dietpi.local/4tbp/pics-sport/EPA%20Awards%202024/FB-EPA-Pt1/DSC_1180.jpg
PIC_VIEWER t_ms=50684 tid=ThreadId(1) display_done lane=foreground source=decode navigation_ms=67 uri=smb://dietpi.local/4tbp/pics-sport/EPA%20Awards%202024/FB-EPA-Pt1/DSC_1180.jpg
PIC_VIEWER t_ms=50684 tid=ThreadId(1) cache_evict uri=nfs://DietPi.local/mnt/4TBS/pics-sport/XCC%202026/XCC%20EP%20Champs%202026/Starred%20Photos/DSC_1234_result.jpg bytes=3372000 remaining_entries=32 remaining_bytes=102674928
PIC_VIEWER t_ms=50717 tid=ThreadId(1) wheel_event dy=1
PIC_VIEWER t_ms=50717 tid=ThreadId(1) navigation_dispatch source=wheel from_index=3190 to_index=3191 direction=1
PIC_VIEWER t_ms=50717 tid=ThreadId(1) infobar_update source=wheel index=3191 uri=smb://dietpi.local/4tbp/pics-sport/EPA%20Awards%202024/FB-EPA-Pt1/DSC_1182.jpg
PIC_VIEWER t_ms=50717 tid=ThreadId(1) show_photo_request generation=120 index=3191 uri=smb://dietpi.local/4tbp/pics-sport/EPA%20Awards%202024/FB-EPA-Pt1/DSC_1182.jpg
PIC_VIEWER t_ms=50717 tid=ThreadId(1) request lane=foreground action=new uri=smb://dietpi.local/4tbp/pics-sport/EPA%20Awards%202024/FB-EPA-Pt1/DSC_1182.jpg variant=1124x794
PIC_VIEWER t_ms=50717 tid=ThreadId(150) decode_start uri=smb://dietpi.local/4tbp/pics-sport/EPA%20Awards%202024/FB-EPA-Pt1/DSC_1182.jpg variant=1124x794 queue_ms=0
PIC_VIEWER source_cache lane=foreground action=miss uri=smb://dietpi.local/4tbp/pics-sport/EPA%20Awards%202024/FB-EPA-Pt1/DSC_1182.jpg
PIC_VIEWER network_slot lane=foreground wait_ms=0 uri=smb://dietpi.local/4tbp/pics-sport/EPA%20Awards%202024/FB-EPA-Pt1/DSC_1182.jpg
PIC_SMB_CONNECT reuse
PIC_SMB_READ start
PIC_SMB_READ done bytes=1230579
PIC_VIEWER source_cache action=insert bytes=1230579 uri=smb://dietpi.local/4tbp/pics-sport/EPA%20Awards%202024/FB-EPA-Pt1/DSC_1182.jpg
PIC_VIEWER source_cache action=evict bytes=1606381 uri=smb://dietpi.local/4tbp/pics-sport/EPA%20Awards%202024/FB-EPA-Pt1/DSC_0896.jpg
PIC_VIEWER network_done lane=foreground read_ms=20 bytes=1230579 source=network outcome=ok uri=smb://dietpi.local/4tbp/pics-sport/EPA%20Awards%202024/FB-EPA-Pt1/DSC_1182.jpg
PIC_VIEWER t_ms=50749 tid=ThreadId(1) wheel_event dy=1
PIC_VIEWER t_ms=50749 tid=ThreadId(1) wheel_accumulate current_index=3191 target_index=3192 direction=1
PIC_VIEWER decode_stage source_ms=20 cpu_ms=37 uri=smb://dietpi.local/4tbp/pics-sport/EPA%20Awards%202024/FB-EPA-Pt1/DSC_1182.jpg
PIC_VIEWER t_ms=50778 tid=ThreadId(150) decode_done uri=smb://dietpi.local/4tbp/pics-sport/EPA%20Awards%202024/FB-EPA-Pt1/DSC_1182.jpg variant=1124x794 elapsed_ms=60 outcome=ok
PIC_VIEWER t_ms=50780 tid=ThreadId(1) display_apply elapsed_ms=1 uri=smb://dietpi.local/4tbp/pics-sport/EPA%20Awards%202024/FB-EPA-Pt1/DSC_1182.jpg
PIC_VIEWER t_ms=50780 tid=ThreadId(1) display_done lane=foreground source=decode navigation_ms=62 uri=smb://dietpi.local/4tbp/pics-sport/EPA%20Awards%202024/FB-EPA-Pt1/DSC_1182.jpg
PIC_VIEWER t_ms=50780 tid=ThreadId(1) cache_evict uri=smb://dietpi.local/4tbp/pics-sport/EPA%20Awards%202024/FB-EPA-Pt1/DSC_0836.jpg bytes=3209088 remaining_entries=32 remaining_bytes=102962616
PIC_VIEWER t_ms=50780 tid=ThreadId(1) navigation_dispatch source=wheel_coalesced from_index=3191 to_index=3192 direction=1
PIC_VIEWER t_ms=50780 tid=ThreadId(1) infobar_update source=wheel index=3192 uri=smb://dietpi.local/4tbp/pics-sport/EPA%20Awards%202024/FB-EPA-Pt1/DSC_1184.jpg
PIC_VIEWER t_ms=50780 tid=ThreadId(1) show_photo_request generation=121 index=3192 uri=smb://dietpi.local/4tbp/pics-sport/EPA%20Awards%202024/FB-EPA-Pt1/DSC_1184.jpg
PIC_VIEWER t_ms=50780 tid=ThreadId(1) request lane=foreground action=new uri=smb://dietpi.local/4tbp/pics-sport/EPA%20Awards%202024/FB-EPA-Pt1/DSC_1184.jpg variant=1124x794
PIC_VIEWER t_ms=50780 tid=ThreadId(151) decode_start uri=smb://dietpi.local/4tbp/pics-sport/EPA%20Awards%202024/FB-EPA-Pt1/DSC_1184.jpg variant=1124x794 queue_ms=0
PIC_VIEWER source_cache lane=foreground action=miss uri=smb://dietpi.local/4tbp/pics-sport/EPA%20Awards%202024/FB-EPA-Pt1/DSC_1184.jpg
PIC_VIEWER network_slot lane=foreground wait_ms=0 uri=smb://dietpi.local/4tbp/pics-sport/EPA%20Awards%202024/FB-EPA-Pt1/DSC_1184.jpg
PIC_SMB_CONNECT reuse
PIC_SMB_READ start
PIC_SMB_READ done bytes=1599046
PIC_VIEWER source_cache action=insert bytes=1599046 uri=smb://dietpi.local/4tbp/pics-sport/EPA%20Awards%202024/FB-EPA-Pt1/DSC_1184.jpg
PIC_VIEWER source_cache action=evict bytes=1100411 uri=smb://dietpi.local/4tbp/pics-sport/EPA%20Awards%202024/FB-EPA-Pt1/DSC_0899.jpg
PIC_VIEWER network_done lane=foreground read_ms=24 bytes=1599046 source=network outcome=ok uri=smb://dietpi.local/4tbp/pics-sport/EPA%20Awards%202024/FB-EPA-Pt1/DSC_1184.jpg
PIC_VIEWER decode_stage source_ms=24 cpu_ms=36 uri=smb://dietpi.local/4tbp/pics-sport/EPA%20Awards%202024/FB-EPA-Pt1/DSC_1184.jpg
PIC_VIEWER t_ms=50844 tid=ThreadId(151) decode_done uri=smb://dietpi.local/4tbp/pics-sport/EPA%20Awards%202024/FB-EPA-Pt1/DSC_1184.jpg variant=1124x794 elapsed_ms=63 outcome=ok
PIC_VIEWER t_ms=50845 tid=ThreadId(1) display_apply elapsed_ms=0 uri=smb://dietpi.local/4tbp/pics-sport/EPA%20Awards%202024/FB-EPA-Pt1/DSC_1184.jpg
PIC_VIEWER t_ms=50845 tid=ThreadId(1) display_done lane=foreground source=decode navigation_ms=64 uri=smb://dietpi.local/4tbp/pics-sport/EPA%20Awards%202024/FB-EPA-Pt1/DSC_1184.jpg
PIC_VIEWER t_ms=50845 tid=ThreadId(1) cache_evict uri=smb://dietpi.local/4tbp/pics-sport/EPA%20Awards%202024/FB-EPA-Pt1/DSC_0837.jpg bytes=3372000 remaining_entries=32 remaining_bytes=102962616
PIC_VIEWER t_ms=51031 tid=ThreadId(1) request lane=prefetch action=new uri=smb://dietpi.local/4tbp/pics-sport/EPA%20Awards%202024/FB-EPA-Pt1/DSC_1187.jpg variant=1124x794
PIC_VIEWER t_ms=51031 tid=ThreadId(1) cache_hit lane=prefetch uri=smb://dietpi.local/4tbp/pics-sport/EPA%20Awards%202024/FB-EPA-Pt1/DSC_1182.jpg
PIC_VIEWER t_ms=51031 tid=ThreadId(152) decode_start uri=smb://dietpi.local/4tbp/pics-sport/EPA%20Awards%202024/FB-EPA-Pt1/DSC_1187.jpg variant=1124x794 queue_ms=0
PIC_VIEWER source_cache lane=prefetch action=miss uri=smb://dietpi.local/4tbp/pics-sport/EPA%20Awards%202024/FB-EPA-Pt1/DSC_1187.jpg
PIC_VIEWER network_slot lane=prefetch wait_ms=0 uri=smb://dietpi.local/4tbp/pics-sport/EPA%20Awards%202024/FB-EPA-Pt1/DSC_1187.jpg
PIC_SMB_CONNECT reuse
PIC_SMB_READ start
PIC_SMB_READ done bytes=1264487
PIC_VIEWER source_cache action=insert bytes=1264487 uri=smb://dietpi.local/4tbp/pics-sport/EPA%20Awards%202024/FB-EPA-Pt1/DSC_1187.jpg
PIC_VIEWER source_cache action=evict bytes=1034421 uri=smb://dietpi.local/4tbp/pics-sport/EPA%20Awards%202024/FB-EPA-Pt1/DSC_0900.jpg
PIC_VIEWER network_done lane=prefetch read_ms=19 bytes=1264487 source=network outcome=ok uri=smb://dietpi.local/4tbp/pics-sport/EPA%20Awards%202024/FB-EPA-Pt1/DSC_1187.jpg
PIC_VIEWER decode_stage source_ms=19 cpu_ms=40 uri=smb://dietpi.local/4tbp/pics-sport/EPA%20Awards%202024/FB-EPA-Pt1/DSC_1187.jpg
PIC_VIEWER t_ms=51093 tid=ThreadId(152) decode_done uri=smb://dietpi.local/4tbp/pics-sport/EPA%20Awards%202024/FB-EPA-Pt1/DSC_1187.jpg variant=1124x794 elapsed_ms=62 outcome=ok
PIC_VIEWER t_ms=51093 tid=ThreadId(1) cache_evict uri=smb://dietpi.local/4tbp/pics-sport/EPA%20Awards%202024/FB-EPA-Pt1/DSC_0845.jpg bytes=1683280 remaining_entries=32 remaining_bytes=104842808
PIC_VIEWER t_ms=51205 tid=ThreadId(1) wheel_event dy=-1
PIC_VIEWER t_ms=51205 tid=ThreadId(1) navigation_dispatch source=wheel from_index=3192 to_index=3191 direction=-1
PIC_VIEWER t_ms=51205 tid=ThreadId(1) infobar_update source=wheel index=3191 uri=smb://dietpi.local/4tbp/pics-sport/EPA%20Awards%202024/FB-EPA-Pt1/DSC_1182.jpg
PIC_VIEWER t_ms=51205 tid=ThreadId(1) show_photo_request generation=122 index=3191 uri=smb://dietpi.local/4tbp/pics-sport/EPA%20Awards%202024/FB-EPA-Pt1/DSC_1182.jpg
PIC_VIEWER t_ms=51205 tid=ThreadId(1) cache_hit lane=foreground uri=smb://dietpi.local/4tbp/pics-sport/EPA%20Awards%202024/FB-EPA-Pt1/DSC_1182.jpg
PIC_VIEWER t_ms=51205 tid=ThreadId(1) display_done lane=foreground source=texture_cache navigation_ms=0 uri=smb://dietpi.local/4tbp/pics-sport/EPA%20Awards%202024/FB-EPA-Pt1/DSC_1182.jpg
PIC_VIEWER t_ms=51237 tid=ThreadId(1) wheel_event dy=-1
PIC_VIEWER t_ms=51237 tid=ThreadId(1) navigation_dispatch source=wheel from_index=3191 to_index=3190 direction=-1
PIC_VIEWER t_ms=51237 tid=ThreadId(1) infobar_update source=wheel index=3190 uri=smb://dietpi.local/4tbp/pics-sport/EPA%20Awards%202024/FB-EPA-Pt1/DSC_1180.jpg
PIC_VIEWER t_ms=51237 tid=ThreadId(1) show_photo_request generation=123 index=3190 uri=smb://dietpi.local/4tbp/pics-sport/EPA%20Awards%202024/FB-EPA-Pt1/DSC_1180.jpg
PIC_VIEWER t_ms=51237 tid=ThreadId(1) cache_hit lane=foreground uri=smb://dietpi.local/4tbp/pics-sport/EPA%20Awards%202024/FB-EPA-Pt1/DSC_1180.jpg
PIC_VIEWER t_ms=51237 tid=ThreadId(1) display_done lane=foreground source=texture_cache navigation_ms=0 uri=smb://dietpi.local/4tbp/pics-sport/EPA%20Awards%202024/FB-EPA-Pt1/DSC_1180.jpg
PIC_VIEWER t_ms=51253 tid=ThreadId(1) wheel_event dy=-1
PIC_VIEWER t_ms=51253 tid=ThreadId(1) navigation_dispatch source=wheel from_index=3190 to_index=3189 direction=-1
PIC_VIEWER t_ms=51253 tid=ThreadId(1) infobar_update source=wheel index=3189 uri=smb://dietpi.local/4tbp/pics-sport/EPA%20Awards%202024/FB-EPA-Pt1/DSC_1179.jpg
PIC_VIEWER t_ms=51253 tid=ThreadId(1) show_photo_request generation=124 index=3189 uri=smb://dietpi.local/4tbp/pics-sport/EPA%20Awards%202024/FB-EPA-Pt1/DSC_1179.jpg
PIC_VIEWER t_ms=51253 tid=ThreadId(1) cache_hit lane=foreground uri=smb://dietpi.local/4tbp/pics-sport/EPA%20Awards%202024/FB-EPA-Pt1/DSC_1179.jpg
PIC_VIEWER t_ms=51253 tid=ThreadId(1) display_done lane=foreground source=texture_cache navigation_ms=0 uri=smb://dietpi.local/4tbp/pics-sport/EPA%20Awards%202024/FB-EPA-Pt1/DSC_1179.jpg
PIC_VIEWER t_ms=51504 tid=ThreadId(1) cache_hit lane=prefetch uri=smb://dietpi.local/4tbp/pics-sport/EPA%20Awards%202024/FB-EPA-Pt1/DSC_1176.jpg
PIC_VIEWER t_ms=51504 tid=ThreadId(1) cache_hit lane=prefetch uri=smb://dietpi.local/4tbp/pics-sport/EPA%20Awards%202024/FB-EPA-Pt1/DSC_1180.jpg
