warning: pic-rs@1.0.0: native/private_smb.c: In function 'init_smb':
warning: pic-rs@1.0.0: native/private_smb.c:31:9: warning: 'smbc_init' is deprecated [-Wdeprecated-declarations]
warning: pic-rs@1.0.0:    31 |         if (smbc_init(guest_auth, 0) != 0) {
warning: pic-rs@1.0.0:       |         ^~
warning: pic-rs@1.0.0: In file included from native/private_smb.c:2:
warning: pic-rs@1.0.0: /usr/include/samba-4.0/libsmbclient.h:1301:5: note: declared here
warning: pic-rs@1.0.0:  1301 | int smbc_init(smbc_get_auth_data_fn fn, int debug);
warning: pic-rs@1.0.0:       |     ^~~~~~~~~
   Compiling pic-rs v1.0.0 (/home/peet/Downloads/picasa/picasa-iphoto-clone)
warning: unused import: `Instant`
 --> src/edit/editor.rs:4:27
  |
4 | use std::time::{Duration, Instant};
  |                           ^^^^^^^
  |
  = note: `#[warn(unused_imports)]` (part of `#[warn(unused)]`) on by default

warning: use of deprecated struct `gtk4::MessageDialog`: Since 4.10
  --> src/main.rs:74:35
   |
74 |                 let dialog = gtk::MessageDialog::builder()
   |                                   ^^^^^^^^^^^^^
   |
   = note: `#[warn(deprecated)]` on by default

warning: use of deprecated struct `gtk4::Dialog`: Since 4.10
    --> src/collage/editor.rs:1344:23
     |
1344 |     let dialog = gtk::Dialog::new();
     |                       ^^^^^^

warning: use of deprecated struct `gtk4::FileChooserNative`: Since 4.10
    --> src/collage/editor.rs:1462:23
     |
1462 |     let dialog = gtk::FileChooserNative::new(
     |                       ^^^^^^^^^^^^^^^^^

warning: use of deprecated struct `gtk4::FileChooserNative`: Since 4.10
  --> src/edit/export.rs:11:27
   |
11 |         let dialog = gtk::FileChooserNative::new(
   |                           ^^^^^^^^^^^^^^^^^

warning: use of deprecated struct `gtk4::Dialog`: Since 4.10
  --> src/network_picker.rs:12:21
   |
12 |     let dialog=gtk::Dialog::with_buttons(
   |                     ^^^^^^

warning: use of deprecated struct `gtk4::MessageDialog`: Since 4.10
   --> src/settings.rs:604:23
    |
604 |     let dialog = gtk::MessageDialog::builder()
    |                       ^^^^^^^^^^^^^

warning: use of deprecated struct `gtk4::FileChooserNative`: Since 4.10
    --> src/window/build.rs:2354:27
     |
2354 |         let dialog = gtk::FileChooserNative::new(
     |                           ^^^^^^^^^^^^^^^^^

warning: use of deprecated struct `gtk4::FileChooserNative`: Since 4.10
    --> src/window/build.rs:2777:25
     |
2777 |         let dialog=gtk::FileChooserNative::new(
     |                         ^^^^^^^^^^^^^^^^^

warning: use of deprecated method `gtk4::prelude::WidgetExt::style_context`: Since 4.10
  --> src/albums/view.rs:20:10
   |
20 |         .style_context()
   |          ^^^^^^^^^^^^^

warning: use of deprecated method `gtk4::prelude::StyleContextExt::add_provider`: Since 4.10
  --> src/albums/view.rs:21:10
   |
21 |         .add_provider(&background, gtk::STYLE_PROVIDER_PRIORITY_APPLICATION + 2);
   |          ^^^^^^^^^^^^

warning: use of deprecated method `gtk4::prelude::WidgetExt::style_context`: Since 4.10
  --> src/albums/view.rs:92:10
   |
92 |         .style_context()
   |          ^^^^^^^^^^^^^

warning: use of deprecated method `gtk4::prelude::StyleContextExt::add_provider`: Since 4.10
  --> src/albums/view.rs:93:10
   |
93 |         .add_provider(&background, gtk::STYLE_PROVIDER_PRIORITY_APPLICATION + 2);
   |          ^^^^^^^^^^^^

warning: use of deprecated method `gtk4::CssProvider::load_from_data`: Since 4.12
   --> src/collage/editor.rs:175:13
    |
175 |         css.load_from_data(&css_data);
    |             ^^^^^^^^^^^^^^

warning: use of deprecated associated function `gtk4::Dialog::new`: Since 4.10
    --> src/collage/editor.rs:1344:31
     |
1344 |     let dialog = gtk::Dialog::new();
     |                               ^^^

warning: use of deprecated method `gtk4::prelude::DialogExt::add_button`: Since 4.10
    --> src/collage/editor.rs:1348:12
     |
1348 |     dialog.add_button("Cancel", gtk::ResponseType::Cancel);
     |            ^^^^^^^^^^

warning: use of deprecated method `gtk4::prelude::DialogExt::add_button`: Since 4.10
    --> src/collage/editor.rs:1349:32
     |
1349 |     let export_button = dialog.add_button("Export", gtk::ResponseType::Ok);
     |                                ^^^^^^^^^^

warning: use of deprecated method `gtk4::prelude::DialogExt::set_default_response`: Since 4.10
    --> src/collage/editor.rs:1351:12
     |
1351 |     dialog.set_default_response(gtk::ResponseType::Ok);
     |            ^^^^^^^^^^^^^^^^^^^^

warning: use of deprecated method `gtk4::prelude::DialogExt::content_area`: Since 4.10
    --> src/collage/editor.rs:1353:26
     |
1353 |     let content = dialog.content_area();
     |                          ^^^^^^^^^^^^

warning: use of deprecated method `gtk4::prelude::DialogExt::connect_response`: Since 4.10
    --> src/collage/editor.rs:1427:16
     |
1427 |         dialog.connect_response(move |_, response| {
     |                ^^^^^^^^^^^^^^^^

warning: use of deprecated method `gtk4::prelude::WidgetExt::show`: Since 4.10
    --> src/collage/editor.rs:1450:12
     |
1450 |     dialog.show();
     |            ^^^^

warning: use of deprecated associated function `gtk4::FileChooserNative::new`: Since 4.10
    --> src/collage/editor.rs:1462:42
     |
1462 |     let dialog = gtk::FileChooserNative::new(
     |                                          ^^^

warning: use of deprecated method `gtk4::prelude::FileChooserExt::set_current_name`: Since 4.10
    --> src/collage/editor.rs:1469:12
     |
1469 |     dialog.set_current_name(&format!("collage.{extension}"));
     |            ^^^^^^^^^^^^^^^^

warning: use of deprecated method `gtk4::prelude::FileChooserExt::add_filter`: Since 4.10
    --> src/collage/editor.rs:1476:12
     |
1476 |     dialog.add_filter(&filter);
     |            ^^^^^^^^^^

warning: use of deprecated method `gtk4::prelude::FileChooserExt::file`: Since 4.10
    --> src/collage/editor.rs:1482:33
     |
1482 |         let Some(path) = dialog.file().and_then(|file| file.path()) else {
     |                                 ^^^^

warning: use of deprecated method `gtk4::CssProvider::load_from_data`: Since 4.12
  --> src/css/mod.rs:46:10
   |
46 |     base.load_from_data(BASE);
   |          ^^^^^^^^^^^^^^

warning: use of deprecated method `gtk4::CssProvider::load_from_data`: Since 4.12
  --> src/css/mod.rs:54:14
   |
54 |     platform.load_from_data(PLATFORM);
   |              ^^^^^^^^^^^^^^

warning: use of deprecated method `gtk4::CssProvider::load_from_data`: Since 4.12
  --> src/css/mod.rs:65:20
   |
65 |     square_corners.load_from_data(SQUARE_CORNERS);
   |                    ^^^^^^^^^^^^^^

warning: use of deprecated associated function `gtk4::FileChooserNative::new`: Since 4.10
  --> src/edit/export.rs:11:46
   |
11 |         let dialog = gtk::FileChooserNative::new(
   |                                              ^^^

warning: use of deprecated method `gtk4::prelude::FileChooserExt::set_current_name`: Since 4.10
  --> src/edit/export.rs:23:16
   |
23 |         dialog.set_current_name(&filename);
   |                ^^^^^^^^^^^^^^^^

warning: use of deprecated method `gtk4::prelude::FileChooserExt::file`: Since 4.10
  --> src/edit/export.rs:32:51
   |
32 |                 if let Some(destination) = dialog.file().and_then(|file| file.path()) {
   |                                                   ^^^^

warning: use of deprecated associated function `gtk4::dialog::<impl gtk4::Dialog>::with_buttons`: Since 4.10
  --> src/network_picker.rs:12:29
   |
12 |     let dialog=gtk::Dialog::with_buttons(
   |                             ^^^^^^^^^^^^

warning: use of deprecated method `gtk4::prelude::DialogExt::set_default_response`: Since 4.10
  --> src/network_picker.rs:18:12
   |
18 |     dialog.set_default_response(gtk::ResponseType::Accept);
   |            ^^^^^^^^^^^^^^^^^^^^

warning: use of deprecated method `gtk4::prelude::DialogExt::content_area`: Since 4.10
  --> src/network_picker.rs:19:24
   |
19 |     let content=dialog.content_area();
   |                        ^^^^^^^^^^^^

warning: use of deprecated method `gtk4::prelude::DialogExt::connect_response`: Since 4.10
   --> src/network_picker.rs:139:12
    |
139 |     dialog.connect_response(move |dlg,reply|{
    |            ^^^^^^^^^^^^^^^^

warning: use of deprecated method `gtk4::prelude::WidgetExt::hide`: Since 4.10
  --> src/settings.rs:67:24
   |
67 |                 window.hide();
   |                        ^^^^

warning: use of deprecated associated function `gtk4::MessageDialog::builder`: Since 4.10
   --> src/settings.rs:604:38
    |
604 |     let dialog = gtk::MessageDialog::builder()
    |                                      ^^^^^^^

warning: use of deprecated method `gtk4::builders::MessageDialogBuilder::transient_for`: Since 4.10
   --> src/settings.rs:605:10
    |
605 |         .transient_for(parent)
    |          ^^^^^^^^^^^^^

warning: use of deprecated method `gtk4::builders::MessageDialogBuilder::modal`: Since 4.10
   --> src/settings.rs:606:10
    |
606 |         .modal(true)
    |          ^^^^^

warning: use of deprecated method `gtk4::builders::MessageDialogBuilder::message_type`: Since 4.10
   --> src/settings.rs:607:10
    |
607 |         .message_type(gtk::MessageType::Warning)
    |          ^^^^^^^^^^^^

warning: use of deprecated method `gtk4::builders::MessageDialogBuilder::buttons`: Since 4.10
   --> src/settings.rs:608:10
    |
608 |         .buttons(gtk::ButtonsType::Cancel)
    |          ^^^^^^^

warning: use of deprecated method `gtk4::builders::MessageDialogBuilder::text`: Since 4.10
   --> src/settings.rs:609:10
    |
609 |         .text(title)
    |          ^^^^

warning: use of deprecated method `gtk4::builders::MessageDialogBuilder::secondary_text`: Since 4.10
   --> src/settings.rs:610:10
    |
610 |         .secondary_text(message)
    |          ^^^^^^^^^^^^^^

warning: use of deprecated method `gtk4::builders::MessageDialogBuilder::build`: Since 4.10
   --> src/settings.rs:611:10
    |
611 |         .build();
    |          ^^^^^

warning: use of deprecated method `gtk4::prelude::DialogExt::add_button`: Since 4.10
   --> src/settings.rs:612:12
    |
612 |     dialog.add_button("Continue", gtk::ResponseType::Accept);
    |            ^^^^^^^^^^

warning: use of deprecated method `gtk4::prelude::DialogExt::connect_response`: Since 4.10
   --> src/settings.rs:613:12
    |
613 |     dialog.connect_response(move |dialog, response| {
    |            ^^^^^^^^^^^^^^^^

warning: use of deprecated method `gtk4::prelude::WidgetExt::allocation`: Since 4.12
    --> src/sidebar.rs:1748:58
     |
1748 |                         .unwrap_or_else(|| f64::from(row.allocation().y()));
     |                                                          ^^^^^^^^^^

warning: use of deprecated method `gtk4::CssProvider::load_from_data`: Since 4.12
   --> src/window/theme.rs:151:22
    |
151 |             provider.load_from_data(base.css.as_str());
    |                      ^^^^^^^^^^^^^^

warning: use of deprecated method `gtk4::CssProvider::load_from_data`: Since 4.12
   --> src/window/theme.rs:204:22
    |
204 |             provider.load_from_data(theme.css.as_str());
    |                      ^^^^^^^^^^^^^^

warning: use of deprecated associated function `gtk4::FileChooserNative::new`: Since 4.10
    --> src/window/build.rs:2354:46
     |
2354 |         let dialog = gtk::FileChooserNative::new(
     |                                              ^^^

warning: use of deprecated method `gtk4::prelude::FileChooserExt::set_current_name`: Since 4.10
    --> src/window/build.rs:2367:16
     |
2367 |         dialog.set_current_name(&filename);
     |                ^^^^^^^^^^^^^^^^

warning: use of deprecated method `gtk4::prelude::FileChooserExt::file`: Since 4.10
    --> src/window/build.rs:2371:44
     |
2371 |                 if let Some(file) = dialog.file() {
     |                                            ^^^^

warning: use of deprecated associated function `gtk4::FileChooserNative::new`: Since 4.10
    --> src/window/build.rs:2777:44
     |
2777 |         let dialog=gtk::FileChooserNative::new(
     |                                            ^^^

warning: use of deprecated method `gtk4::prelude::FileChooserExt::file`: Since 4.10
    --> src/window/build.rs:2782:39
     |
2782 |                 if let Some(file)=dlg.file(){ selected_for_local(crate::source::reference(&file)); }
     |                                       ^^^^

warning: use of deprecated method `gtk4::CssProvider::load_from_data`: Since 4.12
  --> src/window/photo_actions.rs:16:9
   |
16 |     css.load_from_data(crate::css::PHOTO_CONTEXT_MENU);
   |         ^^^^^^^^^^^^^^

warning: use of deprecated associated function `gtk4::MessageDialog::builder`: Since 4.10
  --> src/main.rs:74:50
   |
74 |                 let dialog = gtk::MessageDialog::builder()
   |                                                  ^^^^^^^

warning: use of deprecated method `gtk4::builders::MessageDialogBuilder::message_type`: Since 4.10
  --> src/main.rs:75:22
   |
75 |                     .message_type(gtk::MessageType::Error)
   |                      ^^^^^^^^^^^^

warning: use of deprecated method `gtk4::builders::MessageDialogBuilder::buttons`: Since 4.10
  --> src/main.rs:76:22
   |
76 |                     .buttons(gtk::ButtonsType::Close)
   |                      ^^^^^^^

warning: use of deprecated method `gtk4::builders::MessageDialogBuilder::text`: Since 4.10
  --> src/main.rs:77:22
   |
77 |                     .text("Could not open the photo library")
   |                      ^^^^

warning: use of deprecated method `gtk4::builders::MessageDialogBuilder::secondary_text`: Since 4.10
  --> src/main.rs:78:22
   |
78 |                     .secondary_text(error.to_string())
   |                      ^^^^^^^^^^^^^^

warning: use of deprecated method `gtk4::builders::MessageDialogBuilder::build`: Since 4.10
  --> src/main.rs:79:22
   |
79 |                     .build();
   |                      ^^^^^

warning: use of deprecated method `gtk4::prelude::DialogExt::connect_response`: Since 4.10
  --> src/main.rs:80:24
   |
80 |                 dialog.connect_response(|dialog, _| dialog.close());
   |                        ^^^^^^^^^^^^^^^^

warning: unused import: `gtk::prelude`
 --> src/css/mod.rs:3:5
  |
3 | use gtk::prelude::*;
  |     ^^^^^^^^^^^^

warning: unreachable pattern
   --> src/css/theme_discovery.rs:200:39
    |
200 |                     "traffic-light" | "traffic-light" | "trafficlights" => {
    |                     ---------------   ^^^^^^^^^^^^^^^ no value can reach this
    |                     |
    |                     matches all the relevant values
    |
    = note: `#[warn(unreachable_patterns)]` (part of `#[warn(unused)]`) on by default

warning: unused variable: `window_for_close`
  --> src/settings.rs:64:17
   |
64 |             let window_for_close = window.clone();
   |                 ^^^^^^^^^^^^^^^^ help: if this is intentional, prefix it with an underscore: `_window_for_close`
   |
   = note: `#[warn(unused_variables)]` (part of `#[warn(unused)]`) on by default

warning: unused variable: `set_expanded`
   --> src/sidebar.rs:710:13
    |
710 |         let set_expanded = set_folders_expanded.clone();
    |             ^^^^^^^^^^^^ help: if this is intentional, prefix it with an underscore: `_set_expanded`

warning: unused variable: `error`
   --> src/thumbnail_display.rs:374:13
    |
374 |         Err(error) => {
    |             ^^^^^ help: if this is intentional, prefix it with an underscore: `_error`

warning: unused variable: `path`
    --> src/window/build.rs:3093:21
     |
3093 |                     path,
     |                     ^^^^ help: try ignoring the field: `path: _`

warning: unused variable: `count`
    --> src/window/build.rs:2863:17
     |
2863 |             let count = roots.as_ref().map(|roots| roots.len()).unwrap_or(0);
     |                 ^^^^^ help: if this is intentional, prefix it with an underscore: `_count`

warning: unused variable: `kind`
    --> src/window/build.rs:2562:41
     |
2562 |             let Some((root, generation, kind)) = next else {
     |                                         ^^^^ help: if this is intentional, prefix it with an underscore: `_kind`

warning: unused variable: `mount`
   --> src/window/layout.rs:479:51
    |
479 |     volume_monitor.connect_mount_changed(move |_, mount| {
    |                                                   ^^^^^ help: if this is intentional, prefix it with an underscore: `_mount`

warning: unused variable: `mount`
   --> src/window/layout.rs:474:51
    |
474 |     volume_monitor.connect_mount_removed(move |_, mount| {
    |                                                   ^^^^^ help: if this is intentional, prefix it with an underscore: `_mount`

warning: unused variable: `mount`
   --> src/window/layout.rs:469:49
    |
469 |     volume_monitor.connect_mount_added(move |_, mount| {
    |                                                 ^^^^^ help: if this is intentional, prefix it with an underscore: `_mount`

warning: unused variable: `changed`
   --> src/window/layout.rs:296:24
    |
296 |                     Ok(changed) => {
    |                        ^^^^^^^ help: if this is intentional, prefix it with an underscore: `_changed`

warning: unused variable: `file`
   --> src/window/build.rs:218:50
    |
218 |                 monitor.connect_changed(move |_, file, other_file, event| {
    |                                                  ^^^^ help: if this is intentional, prefix it with an underscore: `_file`

warning: unused variable: `other_file`
   --> src/window/build.rs:218:56
    |
218 |                 monitor.connect_changed(move |_, file, other_file, event| {
    |                                                        ^^^^^^^^^^ help: if this is intentional, prefix it with an underscore: `_other_file`

warning: unused variable: `search`
    --> src/window/build.rs:2453:9
     |
2453 |         search,
     |         ^^^^^^ help: if this is intentional, prefix it with an underscore: `_search`

warning: unused variable: `search`
   --> src/window/search.rs:207:22
    |
207 |         if let (Some(search), Some(popup)) = (search_weak.upgrade(), popup_weak.upgrade()) {
    |                      ^^^^^^ help: if this is intentional, prefix it with an underscore: `_search`

warning: function `bookshelf_background_path` is never used
   --> src/albums/bookshelf.rs:135:4
    |
135 | fn bookshelf_background_path(directory: &Path, index: usize) -> Option<PathBuf> {
    |    ^^^^^^^^^^^^^^^^^^^^^^^^^
    |
    = note: `#[warn(dead_code)]` (part of `#[warn(unused)]`) on by default

warning: method `add_photos` is never used
   --> src/collage/editor.rs:136:12
    |
126 | impl CollageEditor {
    | ------------------ method in this implementation
...
136 |     pub fn add_photos(&self, photos: Vec<crate::photo_object::PhotoObject>) {
    |            ^^^^^^^^^^

warning: method `add_photos` is never used
   --> src/collage/model.rs:153:12
    |
102 | impl CollageProject {
    | ------------------- method in this implementation
...
153 |     pub fn add_photos(&mut self, photos: Vec<PhotoObject>) {
    |            ^^^^^^^^^^

warning: function `folder_path_by_id` is never used
   --> src/db/photos.rs:265:8
    |
265 | pub fn folder_path_by_id(connection: &Connection, folder_id: i64) -> Result<Option<String>> {
    |        ^^^^^^^^^^^^^^^^^

warning: field `interactive` is never read
  --> src/edit/preview.rs:94:5
   |
84 | struct PreviewJob {
   |        ---------- field in this struct
...
94 |     interactive: bool,
   |     ^^^^^^^^^^^

warning: function `pointer_over_content` is never used
  --> src/edit/zoom.rs:54:4
   |
54 | fn pointer_over_content(pointer: f64, viewport: f64, content: f64) -> bool {
   |    ^^^^^^^^^^^^^^^^^^^^

warning: function `apply_recipe_without_crop` is never used
  --> src/edit/render.rs:31:8
   |
31 | pub fn apply_recipe_without_crop(mut image: RgbaImage, recipe: &EditRecipe) -> RgbaImage {
   |        ^^^^^^^^^^^^^^^^^^^^^^^^^

warning: method `clear_photo` is never used
   --> src/grid/tile.rs:656:8
    |
164 | impl SquareTile {
    | --------------- method in this implementation
...
656 |     fn clear_photo(&self) {
    |        ^^^^^^^^^^^

warning: method `visible_folder_id` is never used
   --> src/grid/grouping.rs:269:12
    |
 27 | impl Gallery {
    | ------------ method in this implementation
...
269 |     pub fn visible_folder_id(&self) -> Option<i64> {
    |            ^^^^^^^^^^^^^^^^^

warning: function `folder_row_offset` is never used
  --> src/grid/virtualization.rs:60:4
   |
60 | fn folder_row_offset(rows: &[FolderVirtualRow], target_row: usize, tile_height: i32) -> f64 {
   |    ^^^^^^^^^^^^^^^^^

warning: struct `FolderVirtualRow` is never constructed
  --> src/grid/virtualization.rs:83:8
   |
83 | struct FolderVirtualRow {
   |        ^^^^^^^^^^^^^^^^

warning: function `folder_virtual_rows` is never used
  --> src/grid/virtualization.rs:92:4
   |
92 | fn folder_virtual_rows(ranges: &[GroupRange], chunk_size: usize) -> Vec<FolderVirtualRow> {
   |    ^^^^^^^^^^^^^^^^^^^

warning: method `refresh_availability` is never used
    --> src/grid/virtualization.rs:1183:12
     |
 209 | impl Gallery {
     | ------------ method in this implementation
...
1183 |     pub fn refresh_availability(&self) {
     |            ^^^^^^^^^^^^^^^^^^^^

warning: methods `selected_position` and `is_at_vertical_boundary` are never used
   --> src/grid/selection.rs:30:12
    |
 26 | impl Gallery {
    | ------------ methods in this implementation
...
 30 |     pub fn selected_position(&self) -> Option<usize> {
    |            ^^^^^^^^^^^^^^^^^
...
173 |     pub fn is_at_vertical_boundary(&self, direction: i32) -> bool {
    |            ^^^^^^^^^^^^^^^^^^^^^^^

warning: function `folder_id_from_named_ancestor` is never used
   --> src/grid/selection.rs:950:4
    |
950 | fn folder_id_from_named_ancestor(widget: &gtk::Widget) -> Option<i64> {
    |    ^^^^^^^^^^^^^^^^^^^^^^^^^^^^^

warning: field `grid_zoom_menu` is never read
  --> src/infobar.rs:24:9
   |
10 | pub struct InfoBar {
   |            ------- field in this struct
...
24 |     pub grid_zoom_menu: gtk::MenuButton,
   |         ^^^^^^^^^^^^^^

warning: function `rotated_thumbnail` is never used
  --> src/photo_texture.rs:52:8
   |
52 | pub fn rotated_thumbnail(path: &str, rotation: i32) -> Option<gtk::gdk::Paintable> {
   |        ^^^^^^^^^^^^^^^^^

warning: field `id` is never read
  --> src/scanner.rs:27:9
   |
25 |     PhotoIndexed {
   |     ------------ field in this variant
26 |         path: PathBuf,
27 |         id: i64,
   |         ^^
   |
   = note: `ScanEvent` has derived impls for the traits `Clone` and `Debug`, but these are intentionally ignored during dead code analysis

warning: function `scan` is never used
  --> src/scanner.rs:79:8
   |
79 | pub fn scan(root: &str, events: Option<&Sender<ScanEvent>>) -> Result<usize> {
   |        ^^^^

warning: function `wait_for_priority_requests` is never used
   --> src/thumbnail.rs:182:8
    |
182 | pub fn wait_for_priority_requests() {
    |        ^^^^^^^^^^^^^^^^^^^^^^^^^^

warning: field `scale` is never read
 --> src/thumbnail/viewer.rs:5:5
  |
1 | struct DecodedThumbnailSource {
  |        ---------------------- field in this struct
...
5 |     scale: &'static str,
  |     ^^^^^

warning: function `create_many` is never used
 --> src/thumbnail/batch.rs:1:8
  |
1 | pub fn create_many(
  |        ^^^^^^^^^^^

warning: constant `EDIT_PANEL_CSS` is never used
  --> src/window.rs:24:18
   |
24 | pub(crate) const EDIT_PANEL_CSS: &str = crate::css::BASE;
   |                  ^^^^^^^^^^^^^^

warning: variants `FilesystemNotification` and `ProgrammaticSidebarSelection` are never constructed
   --> src/window.rs:182:5
    |
178 | enum PhotoScanRequestReason {
    |      ---------------------- variants in this enum
...
182 |     FilesystemNotification,
    |     ^^^^^^^^^^^^^^^^^^^^^^
...
185 |     ProgrammaticSidebarSelection,
    |     ^^^^^^^^^^^^^^^^^^^^^^^^^^^^
    |
    = note: `PhotoScanRequestReason` has derived impls for the traits `Debug` and `Clone`, but these are intentionally ignored during dead code analysis

warning: function `install_gallery_zoom_scroll` is never used
   --> src/window/navigation.rs:506:4
    |
506 | fn install_gallery_zoom_scroll(scrolled: &gtk::ScrolledWindow, gallery: Rc<grid::Gallery>) {
    |    ^^^^^^^^^^^^^^^^^^^^^^^^^^^

warning: field `mounted` is never read
  --> src/window/availability.rs:24:5
   |
23 | struct ReconnectedSources {
   |        ------------------ field in this struct
24 |     mounted: std::collections::HashSet<String>,
   |     ^^^^^^^

warning: method `update` is never used
  --> src/window/availability.rs:29:8
   |
28 | impl ReconnectedSources {
   | ----------------------- method in this implementation
29 |     fn update(&mut self, mounted: std::collections::HashSet<String>) {
   |        ^^^^^^

warning: method `active_window_controls` is never used
   --> src/window/theme.rs:128:19
    |
 55 | impl ThemeEngine {
    | ---------------- method in this implementation
...
128 |     pub(crate) fn active_window_controls(&self) -> WindowControls {
    |                   ^^^^^^^^^^^^^^^^^^^^^^

warning: `pic-rs` (bin "pic-rs") generated 106 warnings (run `cargo fix --bin "pic-rs" -p pic-rs` to apply 15 suggestions)
    Finished `dev` profile [optimized + debuginfo] target(s) in 12.68s
     Running `target/debug/pic-rs`
STARTUP cold_start_ms=16 photos=5002 displayed=10 folders=246 albums=3 scan=disabled rss_mb=65

(pic-rs:486214): Gtk-WARNING **: 18:51:41.103: Theme parser error: <data>:26:1-2: Expected a valid selector
WARNING: radv is not a conformant Vulkan implementation, testing use only.
===== SCAN COMPLETE: imported=0 failed=0 | progressive gallery updates complete =====
PIC_VIEWER t_ms=0 tid=ThreadId(1) show_photo_request generation=2 index=0 uri=nfs://DietPi.local/mnt/4TBS/pics-sport/local%20choice/FB-LCC/DSC_1137.jpg
PIC_VIEWER t_ms=0 tid=ThreadId(1) request lane=foreground action=new uri=nfs://DietPi.local/mnt/4TBS/pics-sport/local%20choice/FB-LCC/DSC_1137.jpg variant=1124x794
PIC_VIEWER t_ms=0 tid=ThreadId(12) decode_start uri=nfs://DietPi.local/mnt/4TBS/pics-sport/local%20choice/FB-LCC/DSC_1137.jpg variant=1124x794 queue_ms=0
PIC_VIEWER source_cache lane=foreground action=miss uri=nfs://DietPi.local/mnt/4TBS/pics-sport/local%20choice/FB-LCC/DSC_1137.jpg
PIC_VIEWER network_slot lane=foreground wait_ms=0 uri=nfs://DietPi.local/mnt/4TBS/pics-sport/local%20choice/FB-LCC/DSC_1137.jpg
PIC_NETWORK tid=ThreadId(12) PRIVATE_NFS export_discovery_start host=DietPi.local
PIC_NFS stage=hostname_resolution elapsed_ms=123 tid=140000661116608 host=DietPi.local export=- relative=- status=0 addresses=1
PIC_NFS stage=export_discovery elapsed_ms=7 tid=140000661116608 host=DietPi.local export=- relative=- outcome=ok exports=5
PIC_NETWORK tid=ThreadId(12) PRIVATE_NFS export_discovery_done host=DietPi.local count=5 elapsed_ms=129 paths=["/exports/Work", "/mnt/4TBM", "/mnt/4TBP", "/mnt/4TBS", "/mnt/dietpi_userdata"]
PIC_NETWORK tid=ThreadId(12) PRIVATE_NFS read_start uri=nfs://DietPi.local/mnt/4TBS/pics-sport/local%20choice/FB-LCC/DSC_1137.jpg max_bytes=134217728
PIC_NFS stage=read_session_lock elapsed_ms=0 tid=140000661116608 host=DietPi.local export=/mnt/4TBS relative=/pics-sport/local choice/FB-LCC/DSC_1137.jpg outcome=acquired
PIC_NFS stage=context_creation elapsed_ms=0 tid=140000661116608 host=DietPi.local export=/mnt/4TBS relative=- outcome=ok
PIC_NFS_CONNECT create_start host=DietPi.local export=/mnt/4TBS version=3 tid=140000661116608
PIC_NFS stage=connection_establishment elapsed_ms=14 tid=140000661116608 host=DietPi.local export=/mnt/4TBS relative=- version=3 outcome=ok status=0
PIC_NFS_CONNECT create_ok host=DietPi.local export=/mnt/4TBS version=3
PIC_NFS stage=file_open elapsed_ms=1 tid=140000661116608 host=DietPi.local export=/mnt/4TBS relative=/pics-sport/local choice/FB-LCC/DSC_1137.jpg outcome=ok
PIC_NFS stage=first_read elapsed_ms=2 tid=140000661116608 host=DietPi.local export=/mnt/4TBS relative=/pics-sport/local choice/FB-LCC/DSC_1137.jpg outcome=ok bytes=65536
PIC_NFS stage=file_read_complete elapsed_ms=13 tid=140000661116608 host=DietPi.local export=/mnt/4TBS relative=/pics-sport/local choice/FB-LCC/DSC_1137.jpg outcome=ok bytes=1027455 calls=6
PIC_NETWORK tid=ThreadId(12) PRIVATE_NFS read_done bytes=1027455 elapsed_ms=28 uri=nfs://DietPi.local/mnt/4TBS/pics-sport/local%20choice/FB-LCC/DSC_1137.jpg
PIC_VIEWER source_cache action=insert bytes=1027455 uri=nfs://DietPi.local/mnt/4TBS/pics-sport/local%20choice/FB-LCC/DSC_1137.jpg
PIC_VIEWER network_done lane=foreground read_ms=158 bytes=1027455 source=network outcome=ok uri=nfs://DietPi.local/mnt/4TBS/pics-sport/local%20choice/FB-LCC/DSC_1137.jpg
PIC_VIEWER decode_stage source_ms=158 cpu_ms=36 uri=nfs://DietPi.local/mnt/4TBS/pics-sport/local%20choice/FB-LCC/DSC_1137.jpg
PIC_VIEWER t_ms=198 tid=ThreadId(12) decode_done uri=nfs://DietPi.local/mnt/4TBS/pics-sport/local%20choice/FB-LCC/DSC_1137.jpg variant=1124x794 elapsed_ms=198 outcome=ok
PIC_VIEWER t_ms=200 tid=ThreadId(1) display_apply elapsed_ms=1 uri=nfs://DietPi.local/mnt/4TBS/pics-sport/local%20choice/FB-LCC/DSC_1137.jpg
PIC_VIEWER t_ms=200 tid=ThreadId(1) display_done lane=foreground source=decode navigation_ms=200 uri=nfs://DietPi.local/mnt/4TBS/pics-sport/local%20choice/FB-LCC/DSC_1137.jpg
PIC_VIEWER t_ms=739 tid=ThreadId(1) wheel_event dy=1
PIC_VIEWER t_ms=739 tid=ThreadId(1) navigation_dispatch source=wheel from_index=0 to_index=1 direction=1
PIC_VIEWER t_ms=739 tid=ThreadId(1) infobar_update source=wheel index=1 uri=nfs://DietPi.local/mnt/4TBS/pics-sport/local%20choice/FB-LCC/DSC_1161.jpg
PIC_VIEWER t_ms=739 tid=ThreadId(1) show_photo_request generation=3 index=1 uri=nfs://DietPi.local/mnt/4TBS/pics-sport/local%20choice/FB-LCC/DSC_1161.jpg
PIC_VIEWER t_ms=739 tid=ThreadId(1) request lane=foreground action=new uri=nfs://DietPi.local/mnt/4TBS/pics-sport/local%20choice/FB-LCC/DSC_1161.jpg variant=1124x794
PIC_VIEWER t_ms=739 tid=ThreadId(25) decode_start uri=nfs://DietPi.local/mnt/4TBS/pics-sport/local%20choice/FB-LCC/DSC_1161.jpg variant=1124x794 queue_ms=0
PIC_VIEWER source_cache lane=foreground action=miss uri=nfs://DietPi.local/mnt/4TBS/pics-sport/local%20choice/FB-LCC/DSC_1161.jpg
PIC_VIEWER network_slot lane=foreground wait_ms=0 uri=nfs://DietPi.local/mnt/4TBS/pics-sport/local%20choice/FB-LCC/DSC_1161.jpg
PIC_NETWORK tid=ThreadId(25) PRIVATE_NFS export_cache_hit host=DietPi.local count=5
PIC_NETWORK tid=ThreadId(25) PRIVATE_NFS read_start uri=nfs://DietPi.local/mnt/4TBS/pics-sport/local%20choice/FB-LCC/DSC_1161.jpg max_bytes=134217728
PIC_NFS stage=read_session_lock elapsed_ms=0 tid=140000339424960 host=DietPi.local export=/mnt/4TBS relative=/pics-sport/local choice/FB-LCC/DSC_1161.jpg outcome=acquired
PIC_NFS_CONNECT reuse host=DietPi.local export=/mnt/4TBS
PIC_NFS stage=file_open elapsed_ms=2 tid=140000339424960 host=DietPi.local export=/mnt/4TBS relative=/pics-sport/local choice/FB-LCC/DSC_1161.jpg outcome=ok
PIC_VIEWER t_ms=754 tid=ThreadId(1) wheel_event dy=1
PIC_VIEWER t_ms=754 tid=ThreadId(1) wheel_accumulate current_index=1 target_index=2 direction=1
PIC_VIEWER t_ms=770 tid=ThreadId(1) wheel_event dy=1
PIC_VIEWER t_ms=770 tid=ThreadId(1) wheel_accumulate current_index=1 target_index=3 direction=1
PIC_VIEWER t_ms=802 tid=ThreadId(1) wheel_event dy=1
PIC_VIEWER t_ms=802 tid=ThreadId(1) wheel_accumulate current_index=1 target_index=4 direction=1
PIC_VIEWER t_ms=834 tid=ThreadId(1) wheel_event dy=1
PIC_VIEWER t_ms=834 tid=ThreadId(1) wheel_accumulate current_index=1 target_index=5 direction=1
PIC_VIEWER t_ms=1739 tid=ThreadId(1) show_photo_request generation=4 index=2 uri=nfs://DietPi.local/mnt/4TBS/pics-sport/local%20choice/FB-LCC/DSC_1190.jpg
PIC_VIEWER t_ms=1739 tid=ThreadId(1) request lane=foreground action=new uri=nfs://DietPi.local/mnt/4TBS/pics-sport/local%20choice/FB-LCC/DSC_1190.jpg variant=1124x794
PIC_VIEWER t_ms=1739 tid=ThreadId(26) decode_start uri=nfs://DietPi.local/mnt/4TBS/pics-sport/local%20choice/FB-LCC/DSC_1190.jpg variant=1124x794 queue_ms=0
PIC_VIEWER source_cache lane=foreground action=miss uri=nfs://DietPi.local/mnt/4TBS/pics-sport/local%20choice/FB-LCC/DSC_1190.jpg
PIC_VIEWER t_ms=4638 tid=ThreadId(1) wheel_event dy=1
PIC_VIEWER t_ms=4638 tid=ThreadId(1) navigation_dispatch source=wheel from_index=2 to_index=3 direction=1
PIC_VIEWER t_ms=4638 tid=ThreadId(1) infobar_update source=wheel index=3 uri=nfs://DietPi.local/mnt/4TBS/pics-sport/local%20choice/FB-LCC/DSC_1194.jpg
PIC_VIEWER t_ms=4639 tid=ThreadId(1) show_photo_request generation=5 index=3 uri=nfs://DietPi.local/mnt/4TBS/pics-sport/local%20choice/FB-LCC/DSC_1194.jpg
PIC_VIEWER t_ms=4639 tid=ThreadId(1) request lane=foreground action=new uri=nfs://DietPi.local/mnt/4TBS/pics-sport/local%20choice/FB-LCC/DSC_1194.jpg variant=1124x794
PIC_VIEWER t_ms=4639 tid=ThreadId(27) decode_start uri=nfs://DietPi.local/mnt/4TBS/pics-sport/local%20choice/FB-LCC/DSC_1194.jpg variant=1124x794 queue_ms=0
PIC_VIEWER source_cache lane=foreground action=miss uri=nfs://DietPi.local/mnt/4TBS/pics-sport/local%20choice/FB-LCC/DSC_1194.jpg
PIC_VIEWER t_ms=4643 tid=ThreadId(26) decode_done uri=nfs://DietPi.local/mnt/4TBS/pics-sport/local%20choice/FB-LCC/DSC_1190.jpg variant=1124x794 elapsed_ms=2904 outcome=error
PIC_VIEWER t_ms=4643 tid=ThreadId(1) display_discard lane=foreground uri=nfs://DietPi.local/mnt/4TBS/pics-sport/local%20choice/FB-LCC/DSC_1190.jpg reason=stale
PIC_VIEWER t_ms=4655 tid=ThreadId(1) wheel_event dy=1
PIC_VIEWER t_ms=4655 tid=ThreadId(1) wheel_accumulate current_index=3 target_index=4 direction=1
PIC_VIEWER t_ms=4662 tid=ThreadId(1) wheel_event dy=1
PIC_VIEWER t_ms=4662 tid=ThreadId(1) wheel_accumulate current_index=3 target_index=5 direction=1
PIC_VIEWER t_ms=4671 tid=ThreadId(1) wheel_event dy=1
PIC_VIEWER t_ms=4671 tid=ThreadId(1) wheel_accumulate current_index=3 target_index=6 direction=1
PIC_VIEWER t_ms=4687 tid=ThreadId(1) wheel_event dy=1
PIC_VIEWER t_ms=4687 tid=ThreadId(1) wheel_accumulate current_index=3 target_index=7 direction=1
PIC_VIEWER t_ms=4695 tid=ThreadId(1) wheel_event dy=1
PIC_VIEWER t_ms=4695 tid=ThreadId(1) wheel_accumulate current_index=3 target_index=8 direction=1
PIC_VIEWER t_ms=4734 tid=ThreadId(1) wheel_event dy=1
PIC_VIEWER t_ms=4734 tid=ThreadId(1) wheel_accumulate current_index=3 target_index=9 direction=1
PIC_NFS stage=first_read elapsed_ms=4469 tid=140000339424960 host=DietPi.local export=/mnt/4TBS relative=/pics-sport/local choice/FB-LCC/DSC_1161.jpg outcome=ok bytes=65536
PIC_NFS stage=file_read_complete elapsed_ms=4486 tid=140000339424960 host=DietPi.local export=/mnt/4TBS relative=/pics-sport/local choice/FB-LCC/DSC_1161.jpg outcome=ok bytes=1075846 calls=7
PIC_NETWORK tid=ThreadId(25) PRIVATE_NFS read_done bytes=1075846 elapsed_ms=4488 uri=nfs://DietPi.local/mnt/4TBS/pics-sport/local%20choice/FB-LCC/DSC_1161.jpg
PIC_VIEWER source_cache action=insert bytes=1075846 uri=nfs://DietPi.local/mnt/4TBS/pics-sport/local%20choice/FB-LCC/DSC_1161.jpg
PIC_VIEWER network_done lane=foreground read_ms=4488 bytes=1075846 source=network outcome=ok uri=nfs://DietPi.local/mnt/4TBS/pics-sport/local%20choice/FB-LCC/DSC_1161.jpg
PIC_VIEWER network_slot lane=foreground wait_ms=588 uri=nfs://DietPi.local/mnt/4TBS/pics-sport/local%20choice/FB-LCC/DSC_1194.jpg
PIC_VIEWER t_ms=5228 tid=ThreadId(25) decode_done uri=nfs://DietPi.local/mnt/4TBS/pics-sport/local%20choice/FB-LCC/DSC_1161.jpg variant=1124x794 elapsed_ms=4488 outcome=error
PIC_NETWORK tid=ThreadId(27) PRIVATE_NFS export_cache_hit host=DietPi.local count=5
PIC_NETWORK tid=ThreadId(27) PRIVATE_NFS read_start uri=nfs://DietPi.local/mnt/4TBS/pics-sport/local%20choice/FB-LCC/DSC_1194.jpg max_bytes=134217728
PIC_VIEWER t_ms=5228PIC_NFS stage=read_session_lock elapsed_ms=0 tid=140000213587648 host=DietPi.local export=/mnt/4TBS relative=/pics-sport/local c tid=hoice/FB-LCC/DSC_1194.jpg outcome=acquired
ThreadIdPIC_NFS_CONNECT reuse host=DietPi.local export=/mnt/4TBS
(1) display_discard lane=foreground uri=nfs://DietPi.local/mnt/4TBS/pics-sport/local%20choice/FB-LCC/DSC_1161.jpg reason=stale
PIC_NFS stage=file_open elapsed_ms=2 tid=140000213587648 host=DietPi.local export=/mnt/4TBS relative=/pics-sport/local choice/FB-LCC/DSC_1194.jpg outcome=ok
PIC_NFS stage=first_read elapsed_ms=10 tid=140000213587648 host=DietPi.local export=/mnt/4TBS relative=/pics-sport/local choice/FB-LCC/DSC_1194.jpg outcome=ok bytes=65536
PIC_NFS stage=file_read_complete elapsed_ms=29 tid=140000213587648 host=DietPi.local export=/mnt/4TBS relative=/pics-sport/local choice/FB-LCC/DSC_1194.jpg outcome=ok bytes=1340511 calls=7
PIC_NETWORK tid=ThreadId(27) PRIVATE_NFS read_done bytes=1340511 elapsed_ms=32 uri=nfs://DietPi.local/mnt/4TBS/pics-sport/local%20choice/FB-LCC/DSC_1194.jpg
PIC_VIEWER source_cache action=insert bytes=1340511 uri=nfs://DietPi.local/mnt/4TBS/pics-sport/local%20choice/FB-LCC/DSC_1194.jpg
PIC_VIEWER network_done lane=foreground read_ms=32 bytes=1340511 source=network outcome=ok uri=nfs://DietPi.local/mnt/4TBS/pics-sport/local%20choice/FB-LCC/DSC_1194.jpg
PIC_VIEWER decode_stage source_ms=620 cpu_ms=38 uri=nfs://DietPi.local/mnt/4TBS/pics-sport/local%20choice/FB-LCC/DSC_1194.jpg
PIC_VIEWER t_ms=5300 tid=ThreadId(27) decode_done uri=nfs://DietPi.local/mnt/4TBS/pics-sport/local%20choice/FB-LCC/DSC_1194.jpg variant=1124x794 elapsed_ms=661 outcome=ok
PIC_VIEWER t_ms=5302 tid=ThreadId(1) display_apply elapsed_ms=1 uri=nfs://DietPi.local/mnt/4TBS/pics-sport/local%20choice/FB-LCC/DSC_1194.jpg
PIC_VIEWER t_ms=5302 tid=ThreadId(1) display_done lane=foreground source=decode navigation_ms=662 uri=nfs://DietPi.local/mnt/4TBS/pics-sport/local%20choice/FB-LCC/DSC_1194.jpg
PIC_VIEWER t_ms=5302 tid=ThreadId(1) navigation_dispatch source=wheel_coalesced from_index=3 to_index=9 direction=1
PIC_VIEWER t_ms=5302 tid=ThreadId(1) infobar_update source=wheel index=9 uri=nfs://DietPi.local/mnt/4TBS/pics-sport/local%20choice/FB-LCC/DSC_1211.jpg
PIC_VIEWER t_ms=5302 tid=ThreadId(1) show_photo_request generation=6 index=9 uri=nfs://DietPi.local/mnt/4TBS/pics-sport/local%20choice/FB-LCC/DSC_1211.jpg
PIC_VIEWER t_ms=5302 tid=ThreadId(1) request lane=foreground action=new uri=nfs://DietPi.local/mnt/4TBS/pics-sport/local%20choice/FB-LCC/DSC_1211.jpg variant=1124x794
PIC_VIEWER t_ms=5302 tid=ThreadId(28) decode_start uri=nfs://DietPi.local/mnt/4TBS/pics-sport/local%20choice/FB-LCC/DSC_1211.jpg variant=1124x794 queue_ms=0
PIC_VIEWER source_cache lane=foreground action=miss uri=nfs://DietPi.local/mnt/4TBS/pics-sport/local%20choice/FB-LCC/DSC_1211.jpg
PIC_VIEWER network_slot lane=foreground wait_ms=0 uri=nfs://DietPi.local/mnt/4TBS/pics-sport/local%20choice/FB-LCC/DSC_1211.jpg
PIC_NETWORK tid=ThreadId(28) PRIVATE_NFS export_cache_hit host=DietPi.local count=5
PIC_NETWORK tid=ThreadId(28) PRIVATE_NFS read_start uri=nfs://DietPi.local/mnt/4TBS/pics-sport/local%20choice/FB-LCC/DSC_1211.jpg max_bytes=134217728
PIC_NFS stage=read_session_lock elapsed_ms=0 tid=140000213587648 host=DietPi.local export=/mnt/4TBS relative=/pics-sport/local choice/FB-LCC/DSC_1211.jpg outcome=acquired
PIC_NFS_CONNECT reuse host=DietPi.local export=/mnt/4TBS
PIC_NFS stage=file_open elapsed_ms=2 tid=140000213587648 host=DietPi.local export=/mnt/4TBS relative=/pics-sport/local choice/FB-LCC/DSC_1211.jpg outcome=ok
PIC_NFS stage=first_read elapsed_ms=1 tid=140000213587648 host=DietPi.local export=/mnt/4TBS relative=/pics-sport/local choice/FB-LCC/DSC_1211.jpg outcome=ok bytes=65536
PIC_NFS stage=file_read_complete elapsed_ms=18 tid=140000213587648 host=DietPi.local export=/mnt/4TBS relative=/pics-sport/local choice/FB-LCC/DSC_1211.jpg outcome=ok bytes=1577192 calls=7
PIC_NETWORK tid=ThreadId(28) PRIVATE_NFS read_done bytes=1577192 elapsed_ms=20 uri=nfs://DietPi.local/mnt/4TBS/pics-sport/local%20choice/FB-LCC/DSC_1211.jpg
PIC_VIEWER source_cache action=insert bytes=1577192 uri=nfs://DietPi.local/mnt/4TBS/pics-sport/local%20choice/FB-LCC/DSC_1211.jpg
PIC_VIEWER network_done lane=foreground read_ms=20 bytes=1577192 source=network outcome=ok uri=nfs://DietPi.local/mnt/4TBS/pics-sport/local%20choice/FB-LCC/DSC_1211.jpg
PIC_VIEWER t_ms=5351 tid=ThreadId(28) decode_done uri=nfs://DietPi.local/mnt/4TBS/pics-sport/local%20choice/FB-LCC/DSC_1211.jpg variant=1124x794 elapsed_ms=48 outcome=error
PIC_VIEWER t_ms=5352 tid=ThreadId(1) display_discard lane=foreground uri=nfs://DietPi.local/mnt/4TBS/pics-sport/local%20choice/FB-LCC/DSC_1211.jpg reason=stale
PIC_VIEWER t_ms=6911 tid=ThreadId(1) show_photo_request generation=8 index=4 uri=nfs://DietPi.local/mnt/4TBS/pics-sport/local%20choice/FB-LCC/DSC_1197.jpg
PIC_VIEWER t_ms=6911 tid=ThreadId(1) request lane=foreground action=new uri=nfs://DietPi.local/mnt/4TBS/pics-sport/local%20choice/FB-LCC/DSC_1197.jpg variant=1124x794
PIC_VIEWER t_ms=6911 tid=ThreadId(29) decode_start uri=nfs://DietPi.local/mnt/4TBS/pics-sport/local%20choice/FB-LCC/DSC_1197.jpg variant=1124x794 queue_ms=0
PIC_VIEWER source_cache lane=foreground action=miss uri=nfs://DietPi.local/mnt/4TBS/pics-sport/local%20choice/FB-LCC/DSC_1197.jpg
PIC_VIEWER network_slot lane=foreground wait_ms=0 uri=nfs://DietPi.local/mnt/4TBS/pics-sport/local%20choice/FB-LCC/DSC_1197.jpg
PIC_NETWORK tid=ThreadId(29) PRIVATE_NFS export_cache_hit host=DietPi.local count=5
PIC_NETWORK tid=ThreadId(29) PRIVATE_NFS read_start uri=nfs://DietPi.local/mnt/4TBS/pics-sport/local%20choice/FB-LCC/DSC_1197.jpg max_bytes=134217728
PIC_NFS stage=read_session_lock elapsed_ms=0 tid=140000213587648 host=DietPi.local export=/mnt/4TBS relative=/pics-sport/local choice/FB-LCC/DSC_1197.jpg outcome=acquired
PIC_NFS_CONNECT reuse host=DietPi.local export=/mnt/4TBS
PIC_NFS stage=file_open elapsed_ms=2 tid=140000213587648 host=DietPi.local export=/mnt/4TBS relative=/pics-sport/local choice/FB-LCC/DSC_1197.jpg outcome=ok
PIC_NFS stage=first_read elapsed_ms=1 tid=140000213587648 host=DietPi.local export=/mnt/4TBS relative=/pics-sport/local choice/FB-LCC/DSC_1197.jpg outcome=ok bytes=65536
PIC_NFS stage=file_read_complete elapsed_ms=11 tid=140000213587648 host=DietPi.local export=/mnt/4TBS relative=/pics-sport/local choice/FB-LCC/DSC_1197.jpg outcome=ok bytes=785420 calls=6
PIC_NETWORK tid=ThreadId(29) PRIVATE_NFS read_done bytes=785420 elapsed_ms=13 uri=nfs://DietPi.local/mnt/4TBS/pics-sport/local%20choice/FB-LCC/DSC_1197.jpg
PIC_VIEWER source_cache action=insert bytes=785420 uri=nfs://DietPi.local/mnt/4TBS/pics-sport/local%20choice/FB-LCC/DSC_1197.jpg
PIC_VIEWER network_done lane=foreground read_ms=13 bytes=785420 source=network outcome=ok uri=nfs://DietPi.local/mnt/4TBS/pics-sport/local%20choice/FB-LCC/DSC_1197.jpg
PIC_VIEWER decode_stage source_ms=13 cpu_ms=33 uri=nfs://DietPi.local/mnt/4TBS/pics-sport/local%20choice/FB-LCC/DSC_1197.jpg
PIC_VIEWER t_ms=6961 tid=ThreadId(29) decode_done uri=nfs://DietPi.local/mnt/4TBS/pics-sport/local%20choice/FB-LCC/DSC_1197.jpg variant=1124x794 elapsed_ms=49 outcome=ok
PIC_VIEWER t_ms=6962 tid=ThreadId(1) display_apply elapsed_ms=1 uri=nfs://DietPi.local/mnt/4TBS/pics-sport/local%20choice/FB-LCC/DSC_1197.jpg
PIC_VIEWER t_ms=6962 tid=ThreadId(1) display_done lane=foreground source=decode navigation_ms=50 uri=nfs://DietPi.local/mnt/4TBS/pics-sport/local%20choice/FB-LCC/DSC_1197.jpg
PIC_VIEWER t_ms=7222 tid=ThreadId(1) wheel_event dy=1
PIC_VIEWER t_ms=7222 tid=ThreadId(1) navigation_dispatch source=wheel from_index=4 to_index=5 direction=1
PIC_VIEWER t_ms=7222 tid=ThreadId(1) infobar_update source=wheel index=5 uri=nfs://DietPi.local/mnt/4TBS/pics-sport/local%20choice/FB-LCC/DSC_1199.jpg
PIC_VIEWER t_ms=7223 tid=ThreadId(1) show_photo_request generation=9 index=5 uri=nfs://DietPi.local/mnt/4TBS/pics-sport/local%20choice/FB-LCC/DSC_1199.jpg
PIC_VIEWER t_ms=7223 tid=ThreadId(1) request lane=foreground action=new uri=nfs://DietPi.local/mnt/4TBS/pics-sport/local%20choice/FB-LCC/DSC_1199.jpg variant=1124x794
PIC_VIEWER t_ms=7223 tid=ThreadId(30) decode_start uri=nfs://DietPi.local/mnt/4TBS/pics-sport/local%20choice/FB-LCC/DSC_1199.jpg variant=1124x794 queue_ms=0
PIC_VIEWER source_cache lane=foreground action=miss uri=nfs://DietPi.local/mnt/4TBS/pics-sport/local%20choice/FB-LCC/DSC_1199.jpg
PIC_VIEWER network_slot lane=foreground wait_ms=0 uri=nfs://DietPi.local/mnt/4TBS/pics-sport/local%20choice/FB-LCC/DSC_1199.jpg
PIC_NETWORK tid=ThreadId(30) PRIVATE_NFS export_cache_hit host=DietPi.local count=5
PIC_NETWORK tid=ThreadId(30) PRIVATE_NFS read_start uri=nfs://DietPi.local/mnt/4TBS/pics-sport/local%20choice/FB-LCC/DSC_1199.jpg max_bytes=134217728
PIC_NFS stage=read_session_lock elapsed_ms=0 tid=140000213587648 host=DietPi.local export=/mnt/4TBS relative=/pics-sport/local choice/FB-LCC/DSC_1199.jpg outcome=acquired
PIC_NFS_CONNECT reuse host=DietPi.local export=/mnt/4TBS
PIC_NFS stage=file_open elapsed_ms=3 tid=140000213587648 host=DietPi.local export=/mnt/4TBS relative=/pics-sport/local choice/FB-LCC/DSC_1199.jpg outcome=ok
PIC_VIEWER t_ms=7239 tid=ThreadId(1) wheel_event dy=1
PIC_VIEWER t_ms=7239 tid=ThreadId(1) wheel_accumulate current_index=5 target_index=6 direction=1
PIC_NFS stage=first_read elapsed_ms=19 tid=140000213587648 host=DietPi.local export=/mnt/4TBS relative=/pics-sport/local choice/FB-LCC/DSC_1199.jpg outcome=ok bytes=65536
PIC_VIEWER t_ms=7246 tid=ThreadId(1) wheel_event dy=1
PIC_VIEWER t_ms=7246 tid=ThreadId(1) wheel_accumulate current_index=5 target_index=7 direction=1
PIC_VIEWER t_ms=7255 tid=ThreadId(1) wheel_event dy=1
PIC_VIEWER t_ms=7255 tid=ThreadId(1) wheel_accumulate current_index=5 target_index=8 direction=1
PIC_NFS stage=file_read_complete elapsed_ms=31 tid=140000213587648 host=DietPi.local export=/mnt/4TBS relative=/pics-sport/local choice/FB-LCC/DSC_1199.jpg outcome=ok bytes=827012 calls=6
PIC_NETWORK tid=ThreadId(30) PRIVATE_NFS read_done bytes=827012 elapsed_ms=33 uri=nfs://DietPi.local/mnt/4TBS/pics-sport/local%20choice/FB-LCC/DSC_1199.jpg
PIC_VIEWER source_cache action=insert bytes=827012 uri=nfs://DietPi.local/mnt/4TBS/pics-sport/local%20choice/FB-LCC/DSC_1199.jpg
PIC_VIEWER network_done lane=foreground read_ms=34 bytes=827012 source=network outcome=ok uri=nfs://DietPi.local/mnt/4TBS/pics-sport/local%20choice/FB-LCC/DSC_1199.jpg
PIC_VIEWER t_ms=7262 tid=ThreadId(1) wheel_event dy=1
PIC_VIEWER t_ms=7262 tid=ThreadId(1) wheel_accumulate current_index=5 target_index=9 direction=1
PIC_VIEWER t_ms=7271 tid=ThreadId(1) wheel_event dy=1
PIC_VIEWER t_ms=7271 tid=ThreadId(1) wheel_accumulate current_index=5 target_index=10 direction=1
PIC_VIEWER t_ms=7286 tid=ThreadId(1) wheel_event dy=1
PIC_VIEWER t_ms=7286 tid=ThreadId(1) wheel_accumulate current_index=5 target_index=11 direction=1
PIC_VIEWER decode_stage source_ms=34 cpu_ms=33 uri=nfs://DietPi.local/mnt/4TBS/pics-sport/local%20choice/FB-LCC/DSC_1199.jpg
PIC_VIEWER t_ms=7293 tid=ThreadId(30) decode_done uri=nfs://DietPi.local/mnt/4TBS/pics-sport/local%20choice/FB-LCC/DSC_1199.jpg variant=1124x794 elapsed_ms=69 outcome=ok
PIC_VIEWER t_ms=7295 tid=ThreadId(1) display_apply elapsed_ms=1 uri=nfs://DietPi.local/mnt/4TBS/pics-sport/local%20choice/FB-LCC/DSC_1199.jpg
PIC_VIEWER t_ms=7295 tid=ThreadId(1) display_done lane=foreground source=decode navigation_ms=71 uri=nfs://DietPi.local/mnt/4TBS/pics-sport/local%20choice/FB-LCC/DSC_1199.jpg
PIC_VIEWER t_ms=7295 tid=ThreadId(1) navigation_dispatch source=wheel_coalesced from_index=5 to_index=11 direction=1
PIC_VIEWER t_ms=7295 tid=ThreadId(1) infobar_update source=wheel index=11 uri=nfs://DietPi.local/mnt/4TBS/pics-sport/local%20choice/FB-LCC/DSC_1213.jpg
PIC_VIEWER t_ms=7295 tid=ThreadId(1) show_photo_request generation=10 index=11 uri=nfs://DietPi.local/mnt/4TBS/pics-sport/local%20choice/FB-LCC/DSC_1213.jpg
PIC_VIEWER t_ms=7295 tid=ThreadId(1) request lane=foreground action=new uri=nfs://DietPi.local/mnt/4TBS/pics-sport/local%20choice/FB-LCC/DSC_1213.jpg variant=1124x794
PIC_VIEWER t_ms=7295 tid=ThreadId(31) decode_start uri=nfs://DietPi.local/mnt/4TBS/pics-sport/local%20choice/FB-LCC/DSC_1213.jpg variant=1124x794 queue_ms=0
PIC_VIEWER source_cache lane=foreground action=miss uri=nfs://DietPi.local/mnt/4TBS/pics-sport/local%20choice/FB-LCC/DSC_1213.jpg
PIC_VIEWER network_slot lane=foreground wait_ms=0 uri=nfs://DietPi.local/mnt/4TBS/pics-sport/local%20choice/FB-LCC/DSC_1213.jpg
PIC_NETWORK tid=ThreadId(31) PRIVATE_NFS export_cache_hit host=DietPi.local count=5
PIC_NETWORK tid=ThreadId(31) PRIVATE_NFS read_start uri=nfs://DietPi.local/mnt/4TBS/pics-sport/local%20choice/FB-LCC/DSC_1213.jpg max_bytes=134217728
PIC_NFS stage=read_session_lock elapsed_ms=0 tid=140000213587648 host=DietPi.local export=/mnt/4TBS relative=/pics-sport/local choice/FB-LCC/DSC_1213.jpg outcome=acquired
PIC_NFS_CONNECT reuse host=DietPi.local export=/mnt/4TBS
PIC_NFS stage=file_open elapsed_ms=2 tid=140000213587648 host=DietPi.local export=/mnt/4TBS relative=/pics-sport/local choice/FB-LCC/DSC_1213.jpg outcome=ok
PIC_NFS stage=first_read elapsed_ms=1 tid=140000213587648 host=DietPi.local export=/mnt/4TBS relative=/pics-sport/local choice/FB-LCC/DSC_1213.jpg outcome=ok bytes=65536
PIC_VIEWER t_ms=7302 tid=ThreadId(1) wheel_event dy=1
PIC_VIEWER t_ms=7302 tid=ThreadId(1) wheel_accumulate current_index=11 target_index=12 direction=1
PIC_NFS stage=file_read_complete elapsed_ms=12 tid=140000213587648 host=DietPi.local export=/mnt/4TBS relative=/pics-sport/local choice/FB-LCC/DSC_1213.jpg outcome=ok bytes=1007839 calls=6
PIC_NETWORK tid=ThreadId(31) PRIVATE_NFS read_done bytes=1007839 elapsed_ms=14 uri=nfs://DietPi.local/mnt/4TBS/pics-sport/local%20choice/FB-LCC/DSC_1213.jpg
PIC_VIEWER source_cache action=insert bytes=1007839 uri=nfs://DietPi.local/mnt/4TBS/pics-sport/local%20choice/FB-LCC/DSC_1213.jpg
PIC_VIEWER network_done lane=foreground read_ms=14 bytes=1007839 source=network outcome=ok uri=nfs://DietPi.local/mnt/4TBS/pics-sport/local%20choice/FB-LCC/DSC_1213.jpg
PIC_VIEWER t_ms=7318 tid=ThreadId(1) wheel_event dy=1
PIC_VIEWER t_ms=7318 tid=ThreadId(1) wheel_accumulate current_index=11 target_index=13 direction=1
PIC_VIEWER decode_stage source_ms=14 cpu_ms=32 uri=nfs://DietPi.local/mnt/4TBS/pics-sport/local%20choice/FB-LCC/DSC_1213.jpg
PIC_VIEWER t_ms=7345 tid=ThreadId(31) decode_done uri=nfs://DietPi.local/mnt/4TBS/pics-sport/local%20choice/FB-LCC/DSC_1213.jpg variant=1124x794 elapsed_ms=49 outcome=ok
PIC_VIEWER t_ms=7347 tid=ThreadId(1) display_apply elapsed_ms=1 uri=nfs://DietPi.local/mnt/4TBS/pics-sport/local%20choice/FB-LCC/DSC_1213.jpg
PIC_VIEWER t_ms=7347 tid=ThreadId(1) display_done lane=foreground source=decode navigation_ms=51 uri=nfs://DietPi.local/mnt/4TBS/pics-sport/local%20choice/FB-LCC/DSC_1213.jpg
PIC_VIEWER t_ms=7347 tid=ThreadId(1) navigation_dispatch source=wheel_coalesced from_index=11 to_index=13 direction=1
PIC_VIEWER t_ms=7347 tid=ThreadId(1) infobar_update source=wheel index=13 uri=nfs://DietPi.local/mnt/4TBS/pics-sport/local%20choice/FB-LCC/DSC_1223.jpg
PIC_VIEWER t_ms=7347 tid=ThreadId(1) show_photo_request generation=11 index=13 uri=nfs://DietPi.local/mnt/4TBS/pics-sport/local%20choice/FB-LCC/DSC_1223.jpg
PIC_VIEWER t_ms=7347 tid=ThreadId(1) request lane=foreground action=new uri=nfs://DietPi.local/mnt/4TBS/pics-sport/local%20choice/FB-LCC/DSC_1223.jpg variant=1124x794
PIC_VIEWER t_ms=7347 tid=ThreadId(32) decode_start uri=nfs://DietPi.local/mnt/4TBS/pics-sport/local%20choice/FB-LCC/DSC_1223.jpg variant=1124x794 queue_ms=0
PIC_VIEWER source_cache lane=foreground action=miss uri=nfs://DietPi.local/mnt/4TBS/pics-sport/local%20choice/FB-LCC/DSC_1223.jpg
PIC_VIEWER network_slot lane=foreground wait_ms=0 uri=nfs://DietPi.local/mnt/4TBS/pics-sport/local%20choice/FB-LCC/DSC_1223.jpg
PIC_NETWORK tid=ThreadId(32) PRIVATE_NFS export_cache_hit host=DietPi.local count=5
PIC_NETWORK tid=ThreadId(32) PRIVATE_NFS read_start uri=nfs://DietPi.local/mnt/4TBS/pics-sport/local%20choice/FB-LCC/DSC_1223.jpg max_bytes=134217728
PIC_NFS stage=read_session_lock elapsed_ms=0 tid=140000213587648 host=DietPi.local export=/mnt/4TBS relative=/pics-sport/local choice/FB-LCC/DSC_1223.jpg outcome=acquired
PIC_NFS_CONNECT reuse host=DietPi.local export=/mnt/4TBS
PIC_NFS stage=file_open elapsed_ms=2 tid=140000213587648 host=DietPi.local export=/mnt/4TBS relative=/pics-sport/local choice/FB-LCC/DSC_1223.jpg outcome=ok
PIC_NFS stage=first_read elapsed_ms=1 tid=140000213587648 host=DietPi.local export=/mnt/4TBS relative=/pics-sport/local choice/FB-LCC/DSC_1223.jpg outcome=ok bytes=65536
PIC_NFS stage=file_read_complete elapsed_ms=15 tid=140000213587648 host=DietPi.local export=/mnt/4TBS relative=/pics-sport/local choice/FB-LCC/DSC_1223.jpg outcome=ok bytes=1080039 calls=7
PIC_NETWORK tid=ThreadId(32) PRIVATE_NFS read_done bytes=1080039 elapsed_ms=17 uri=nfs://DietPi.local/mnt/4TBS/pics-sport/local%20choice/FB-LCC/DSC_1223.jpg
PIC_VIEWER source_cache action=insert bytes=1080039 uri=nfs://DietPi.local/mnt/4TBS/pics-sport/local%20choice/FB-LCC/DSC_1223.jpg
PIC_VIEWER network_done lane=foreground read_ms=17 bytes=1080039 source=network outcome=ok uri=nfs://DietPi.local/mnt/4TBS/pics-sport/local%20choice/FB-LCC/DSC_1223.jpg
PIC_VIEWER decode_stage source_ms=17 cpu_ms=35 uri=nfs://DietPi.local/mnt/4TBS/pics-sport/local%20choice/FB-LCC/DSC_1223.jpg
PIC_VIEWER t_ms=7403 tid=ThreadId(32) decode_done uri=nfs://DietPi.local/mnt/4TBS/pics-sport/local%20choice/FB-LCC/DSC_1223.jpg variant=1124x794 elapsed_ms=55 outcome=ok
PIC_VIEWER t_ms=7404 tid=ThreadId(1) display_apply elapsed_ms=1 uri=nfs://DietPi.local/mnt/4TBS/pics-sport/local%20choice/FB-LCC/DSC_1223.jpg
PIC_VIEWER t_ms=7404 tid=ThreadId(1) display_done lane=foreground source=decode navigation_ms=56 uri=nfs://DietPi.local/mnt/4TBS/pics-sport/local%20choice/FB-LCC/DSC_1223.jpg
PIC_VIEWER t_ms=7559 tid=ThreadId(1) wheel_event dy=1
PIC_VIEWER t_ms=7559 tid=ThreadId(1) navigation_dispatch source=wheel from_index=13 to_index=14 direction=1
PIC_VIEWER t_ms=7559 tid=ThreadId(1) infobar_update source=wheel index=14 uri=nfs://DietPi.local/mnt/4TBS/pics-sport/local%20choice/FB-LCC/DSC_1224.jpg
PIC_VIEWER t_ms=7559 tid=ThreadId(1) show_photo_request generation=12 index=14 uri=nfs://DietPi.local/mnt/4TBS/pics-sport/local%20choice/FB-LCC/DSC_1224.jpg
PIC_VIEWER t_ms=7559 tid=ThreadId(1) request lane=foreground action=new uri=nfs://DietPi.local/mnt/4TBS/pics-sport/local%20choice/FB-LCC/DSC_1224.jpg variant=1124x794
PIC_VIEWER t_ms=7559 tid=ThreadId(33) decode_start uri=nfs://DietPi.local/mnt/4TBS/pics-sport/local%20choice/FB-LCC/DSC_1224.jpg variant=1124x794 queue_ms=0
PIC_VIEWER source_cache lane=foreground action=miss uri=nfs://DietPi.local/mnt/4TBS/pics-sport/local%20choice/FB-LCC/DSC_1224.jpg
PIC_VIEWER network_slot lane=foreground wait_ms=0 uri=nfs://DietPi.local/mnt/4TBS/pics-sport/local%20choice/FB-LCC/DSC_1224.jpg
PIC_NETWORK tid=ThreadId(33) PRIVATE_NFS export_cache_hit host=DietPi.local count=5
PIC_NETWORK tid=ThreadId(33) PRIVATE_NFS read_start uri=nfs://DietPi.local/mnt/4TBS/pics-sport/local%20choice/FB-LCC/DSC_1224.jpg max_bytes=134217728
PIC_NFS stage=read_session_lock elapsed_ms=0 tid=140000213587648 host=DietPi.local export=/mnt/4TBS relative=/pics-sport/local choice/FB-LCC/DSC_1224.jpg outcome=acquired
PIC_NFS_CONNECT reuse host=DietPi.local export=/mnt/4TBS
PIC_NFS stage=file_open elapsed_ms=2 tid=140000213587648 host=DietPi.local export=/mnt/4TBS relative=/pics-sport/local choice/FB-LCC/DSC_1224.jpg outcome=ok
PIC_NFS stage=first_read elapsed_ms=1 tid=140000213587648 host=DietPi.local export=/mnt/4TBS relative=/pics-sport/local choice/FB-LCC/DSC_1224.jpg outcome=ok bytes=65536
PIC_VIEWER t_ms=7566 tid=ThreadId(1) wheel_event dy=1
PIC_VIEWER t_ms=7566 tid=ThreadId(1) wheel_accumulate current_index=14 target_index=15 direction=1
PIC_VIEWER t_ms=7574 tid=ThreadId(1) wheel_event dy=1
PIC_VIEWER t_ms=7574 tid=ThreadId(1) wheel_accumulate current_index=14 target_index=16 direction=1
PIC_VIEWER t_ms=7582 tid=ThreadId(1) wheel_event dy=1
PIC_VIEWER t_ms=7582 tid=ThreadId(1) wheel_accumulate current_index=14 target_index=17 direction=1
PIC_NFS stage=file_read_complete elapsed_ms=23 tid=140000213587648 host=DietPi.local export=/mnt/4TBS relative=/pics-sport/local choice/FB-LCC/DSC_1224.jpg outcome=ok bytes=1040104 calls=6
PIC_NETWORK tid=ThreadId(33) PRIVATE_NFS read_done bytes=1040104 elapsed_ms=25 uri=nfs://DietPi.local/mnt/4TBS/pics-sport/local%20choice/FB-LCC/DSC_1224.jpg
PIC_VIEWER source_cache action=insert bytes=1040104 uri=nfs://DietPi.local/mnt/4TBS/pics-sport/local%20choice/FB-LCC/DSC_1224.jpg
PIC_VIEWER network_done lane=foreground read_ms=25 bytes=1040104 source=network outcome=ok uri=nfs://DietPi.local/mnt/4TBS/pics-sport/local%20choice/FB-LCC/DSC_1224.jpg
PIC_VIEWER t_ms=7590 tid=ThreadId(1) wheel_event dy=1
PIC_VIEWER t_ms=7590 tid=ThreadId(1) wheel_accumulate current_index=14 target_index=18 direction=1
PIC_VIEWER t_ms=7598 tid=ThreadId(1) wheel_event dy=2
PIC_VIEWER t_ms=7598 tid=ThreadId(1) wheel_accumulate current_index=14 target_index=19 direction=1
PIC_VIEWER t_ms=7606 tid=ThreadId(1) wheel_event dy=1
PIC_VIEWER t_ms=7606 tid=ThreadId(1) wheel_accumulate current_index=14 target_index=20 direction=1
PIC_VIEWER t_ms=7614 tid=ThreadId(1) wheel_event dy=1
PIC_VIEWER t_ms=7614 tid=ThreadId(1) wheel_accumulate current_index=14 target_index=21 direction=1
PIC_VIEWER decode_stage source_ms=25 cpu_ms=33 uri=nfs://DietPi.local/mnt/4TBS/pics-sport/local%20choice/FB-LCC/DSC_1224.jpg
PIC_VIEWER t_ms=7620 tid=ThreadId(33) decode_done uri=nfs://DietPi.local/mnt/4TBS/pics-sport/local%20choice/FB-LCC/DSC_1224.jpg variant=1124x794 elapsed_ms=61 outcome=ok
PIC_VIEWER t_ms=7622 tid=ThreadId(1) display_apply elapsed_ms=1 uri=nfs://DietPi.local/mnt/4TBS/pics-sport/local%20choice/FB-LCC/DSC_1224.jpg
PIC_VIEWER t_ms=7622 tid=ThreadId(1) display_done lane=foreground source=decode navigation_ms=62 uri=nfs://DietPi.local/mnt/4TBS/pics-sport/local%20choice/FB-LCC/DSC_1224.jpg
PIC_VIEWER t_ms=7622 tid=ThreadId(1) navigation_dispatch source=wheel_coalesced from_index=14 to_index=21 direction=1
PIC_VIEWER t_ms=7622 tid=ThreadId(1) infobar_update source=wheel index=21 uri=nfs://DietPi.local/mnt/4TBS/pics-sport/local%20choice/FB-LCC/DSC_1237.jpg
PIC_VIEWER t_ms=7623 tid=ThreadId(1) show_photo_request generation=13 index=21 uri=nfs://DietPi.local/mnt/4TBS/pics-sport/local%20choice/FB-LCC/DSC_1237.jpg
PIC_VIEWER t_ms=7623 tid=ThreadId(1) request lane=foreground action=new uri=nfs://DietPi.local/mnt/4TBS/pics-sport/local%20choice/FB-LCC/DSC_1237.jpg variant=1124x794
PIC_VIEWER t_ms=7623 tid=ThreadId(34) decode_start uri=nfs://DietPi.local/mnt/4TBS/pics-sport/local%20choice/FB-LCC/DSC_1237.jpg variant=1124x794 queue_ms=0
PIC_VIEWER t_ms=7623 tid=ThreadId(1) wheel_event dy=1
PIC_VIEWER t_ms=7623 tid=ThreadId(1) wheel_accumulate current_index=21 target_index=22 direction=1
PIC_VIEWER source_cache lane=foreground action=miss uri=nfs://DietPi.local/mnt/4TBS/pics-sport/local%20choice/FB-LCC/DSC_1237.jpg
PIC_VIEWER network_slot lane=foreground wait_ms=0 uri=nfs://DietPi.local/mnt/4TBS/pics-sport/local%20choice/FB-LCC/DSC_1237.jpg
PIC_NETWORK tid=ThreadId(34) PRIVATE_NFS export_cache_hit host=DietPi.local count=5
PIC_NETWORK tid=ThreadId(34) PRIVATE_NFS read_start uri=nfs://DietPi.local/mnt/4TBS/pics-sport/local%20choice/FB-LCC/DSC_1237.jpg max_bytes=134217728
PIC_NFS stage=read_session_lock elapsed_ms=0 tid=140000213587648 host=DietPi.local export=/mnt/4TBS relative=/pics-sport/local choice/FB-LCC/DSC_1237.jpg outcome=acquired
PIC_NFS_CONNECT reuse host=DietPi.local export=/mnt/4TBS
PIC_NFS stage=file_open elapsed_ms=2 tid=140000213587648 host=DietPi.local export=/mnt/4TBS relative=/pics-sport/local choice/FB-LCC/DSC_1237.jpg outcome=ok
PIC_NFS stage=first_read elapsed_ms=15 tid=140000213587648 host=DietPi.local export=/mnt/4TBS relative=/pics-sport/local choice/FB-LCC/DSC_1237.jpg outcome=ok bytes=65536
PIC_NFS stage=file_read_complete elapsed_ms=30 tid=140000213587648 host=DietPi.local export=/mnt/4TBS relative=/pics-sport/local choice/FB-LCC/DSC_1237.jpg outcome=ok bytes=981862 calls=6
PIC_NETWORK tid=ThreadId(34) PRIVATE_NFS read_done bytes=981862 elapsed_ms=32 uri=nfs://DietPi.local/mnt/4TBS/pics-sport/local%20choice/FB-LCC/DSC_1237.jpg
PIC_VIEWER source_cache action=insert bytes=981862 uri=nfs://DietPi.local/mnt/4TBS/pics-sport/local%20choice/FB-LCC/DSC_1237.jpg
PIC_VIEWER network_done lane=foreground read_ms=32 bytes=981862 source=network outcome=ok uri=nfs://DietPi.local/mnt/4TBS/pics-sport/local%20choice/FB-LCC/DSC_1237.jpg
PIC_VIEWER decode_stage source_ms=32 cpu_ms=32 uri=nfs://DietPi.local/mnt/4TBS/pics-sport/local%20choice/FB-LCC/DSC_1237.jpg
PIC_VIEWER t_ms=7690 tid=ThreadId(34) decode_done uri=nfs://DietPi.local/mnt/4TBS/pics-sport/local%20choice/FB-LCC/DSC_1237.jpg variant=1124x794 elapsed_ms=67 outcome=ok
PIC_VIEWER t_ms=7692 tid=ThreadId(1) display_apply elapsed_ms=1 uri=nfs://DietPi.local/mnt/4TBS/pics-sport/local%20choice/FB-LCC/DSC_1237.jpg
PIC_VIEWER t_ms=7692 tid=ThreadId(1) display_done lane=foreground source=decode navigation_ms=69 uri=nfs://DietPi.local/mnt/4TBS/pics-sport/local%20choice/FB-LCC/DSC_1237.jpg
PIC_VIEWER t_ms=7692 tid=ThreadId(1) navigation_dispatch source=wheel_coalesced from_index=21 to_index=22 direction=1
PIC_VIEWER t_ms=7692 tid=ThreadId(1) infobar_update source=wheel index=22 uri=nfs://DietPi.local/mnt/4TBS/pics-sport/local%20choice/FB-LCC/DSC_1238.jpg
PIC_VIEWER t_ms=7693 tid=ThreadId(1) show_photo_request generation=14 index=22 uri=nfs://DietPi.local/mnt/4TBS/pics-sport/local%20choice/FB-LCC/DSC_1238.jpg
PIC_VIEWER t_ms=7693 tid=ThreadId(1) request lane=foreground action=new uri=nfs://DietPi.local/mnt/4TBS/pics-sport/local%20choice/FB-LCC/DSC_1238.jpg variant=1124x794
PIC_VIEWER t_ms=7693 tid=ThreadId(35) decode_start uri=nfs://DietPi.local/mnt/4TBS/pics-sport/local%20choice/FB-LCC/DSC_1238.jpg variant=1124x794 queue_ms=0
PIC_VIEWER source_cache lane=foreground action=miss uri=nfs://DietPi.local/mnt/4TBS/pics-sport/local%20choice/FB-LCC/DSC_1238.jpg
PIC_VIEWER network_slot lane=foreground wait_ms=0 uri=nfs://DietPi.local/mnt/4TBS/pics-sport/local%20choice/FB-LCC/DSC_1238.jpg
PIC_NETWORK tid=ThreadId(35) PRIVATE_NFS export_cache_hit host=DietPi.local count=5
PIC_NETWORK tid=ThreadId(35) PRIVATE_NFS read_start uri=nfs://DietPi.local/mnt/4TBS/pics-sport/local%20choice/FB-LCC/DSC_1238.jpg max_bytes=134217728
PIC_NFS stage=read_session_lock elapsed_ms=0 tid=140000213587648 host=DietPi.local export=/mnt/4TBS relative=/pics-sport/local choice/FB-LCC/DSC_1238.jpg outcome=acquired
PIC_NFS_CONNECT reuse host=DietPi.local export=/mnt/4TBS
PIC_NFS stage=file_open elapsed_ms=2 tid=140000213587648 host=DietPi.local export=/mnt/4TBS relative=/pics-sport/local choice/FB-LCC/DSC_1238.jpg outcome=ok
PIC_NFS stage=first_read elapsed_ms=1 tid=140000213587648 host=DietPi.local export=/mnt/4TBS relative=/pics-sport/local choice/FB-LCC/DSC_1238.jpg outcome=ok bytes=65536
PIC_NFS stage=file_read_complete elapsed_ms=26 tid=140000213587648 host=DietPi.local export=/mnt/4TBS relative=/pics-sport/local choice/FB-LCC/DSC_1238.jpg outcome=ok bytes=1060025 calls=7
PIC_NETWORK tid=ThreadId(35) PRIVATE_NFS read_done bytes=1060025 elapsed_ms=27 uri=nfs://DietPi.local/mnt/4TBS/pics-sport/local%20choice/FB-LCC/DSC_1238.jpg
PIC_VIEWER source_cache action=insert bytes=1060025 uri=nfs://DietPi.local/mnt/4TBS/pics-sport/local%20choice/FB-LCC/DSC_1238.jpg
PIC_VIEWER network_done lane=foreground read_ms=27 bytes=1060025 source=network outcome=ok uri=nfs://DietPi.local/mnt/4TBS/pics-sport/local%20choice/FB-LCC/DSC_1238.jpg
PIC_VIEWER decode_stage source_ms=27 cpu_ms=34 uri=nfs://DietPi.local/mnt/4TBS/pics-sport/local%20choice/FB-LCC/DSC_1238.jpg
PIC_VIEWER t_ms=7758 tid=ThreadId(35) decode_done uri=nfs://DietPi.local/mnt/4TBS/pics-sport/local%20choice/FB-LCC/DSC_1238.jpg variant=1124x794 elapsed_ms=65 outcome=ok
PIC_VIEWER t_ms=7759 tid=ThreadId(1) display_apply elapsed_ms=1 uri=nfs://DietPi.local/mnt/4TBS/pics-sport/local%20choice/FB-LCC/DSC_1238.jpg
PIC_VIEWER t_ms=7759 tid=ThreadId(1) display_done lane=foreground source=decode navigation_ms=66 uri=nfs://DietPi.local/mnt/4TBS/pics-sport/local%20choice/FB-LCC/DSC_1238.jpg
PIC_VIEWER t_ms=7943 tid=ThreadId(1) request lane=prefetch action=new uri=nfs://DietPi.local/mnt/4TBS/pics-sport/local%20choice/FB-LCC/DSC_1239.jpg variant=1124x794
PIC_VIEWER t_ms=7943 tid=ThreadId(1) cache_hit lane=prefetch uri=nfs://DietPi.local/mnt/4TBS/pics-sport/local%20choice/FB-LCC/DSC_1237.jpg
PIC_VIEWER t_ms=7943 tid=ThreadId(36) decode_start uri=nfs://DietPi.local/mnt/4TBS/pics-sport/local%20choice/FB-LCC/DSC_1239.jpg variant=1124x794 queue_ms=0
PIC_VIEWER source_cache lane=prefetch action=miss uri=nfs://DietPi.local/mnt/4TBS/pics-sport/local%20choice/FB-LCC/DSC_1239.jpg
PIC_VIEWER network_slot lane=prefetch wait_ms=0 uri=nfs://DietPi.local/mnt/4TBS/pics-sport/local%20choice/FB-LCC/DSC_1239.jpg
PIC_NETWORK tid=ThreadId(36) PRIVATE_NFS export_cache_hit host=DietPi.local count=5
PIC_NETWORK tid=ThreadId(36) PRIVATE_NFS read_start uri=nfs://DietPi.local/mnt/4TBS/pics-sport/local%20choice/FB-LCC/DSC_1239.jpg max_bytes=134217728
PIC_NFS stage=read_session_lock elapsed_ms=0 tid=140000213587648 host=DietPi.local export=/mnt/4TBS relative=/pics-sport/local choice/FB-LCC/DSC_1239.jpg outcome=acquired
PIC_NFS_CONNECT reuse host=DietPi.local export=/mnt/4TBS
PIC_NFS stage=file_open elapsed_ms=2 tid=140000213587648 host=DietPi.local export=/mnt/4TBS relative=/pics-sport/local choice/FB-LCC/DSC_1239.jpg outcome=ok
PIC_NFS stage=first_read elapsed_ms=2 tid=140000213587648 host=DietPi.local export=/mnt/4TBS relative=/pics-sport/local choice/FB-LCC/DSC_1239.jpg outcome=ok bytes=65536
PIC_NFS stage=file_read_complete elapsed_ms=20 tid=140000213587648 host=DietPi.local export=/mnt/4TBS relative=/pics-sport/local choice/FB-LCC/DSC_1239.jpg outcome=ok bytes=1211783 calls=7
PIC_NETWORK tid=ThreadId(36) PRIVATE_NFS read_done bytes=1211783 elapsed_ms=22 uri=nfs://DietPi.local/mnt/4TBS/pics-sport/local%20choice/FB-LCC/DSC_1239.jpg
PIC_VIEWER source_cache action=insert bytes=1211783 uri=nfs://DietPi.local/mnt/4TBS/pics-sport/local%20choice/FB-LCC/DSC_1239.jpg
PIC_VIEWER network_done lane=prefetch read_ms=22 bytes=1211783 source=network outcome=ok uri=nfs://DietPi.local/mnt/4TBS/pics-sport/local%20choice/FB-LCC/DSC_1239.jpg
PIC_VIEWER decode_stage source_ms=22 cpu_ms=36 uri=nfs://DietPi.local/mnt/4TBS/pics-sport/local%20choice/FB-LCC/DSC_1239.jpg
PIC_VIEWER t_ms=8004 tid=ThreadId(36) decode_done uri=nfs://DietPi.local/mnt/4TBS/pics-sport/local%20choice/FB-LCC/DSC_1239.jpg variant=1124x794 elapsed_ms=61 outcome=ok
PIC_VIEWER t_ms=8290 tid=ThreadId(1) show_photo_request generation=15 index=23 uri=nfs://DietPi.local/mnt/4TBS/pics-sport/local%20choice/FB-LCC/DSC_1239.jpg
PIC_VIEWER t_ms=8290 tid=ThreadId(1) cache_hit lane=foreground uri=nfs://DietPi.local/mnt/4TBS/pics-sport/local%20choice/FB-LCC/DSC_1239.jpg
PIC_VIEWER t_ms=8290 tid=ThreadId(1) display_done lane=foreground source=texture_cache navigation_ms=0 uri=nfs://DietPi.local/mnt/4TBS/pics-sport/local%20choice/FB-LCC/DSC_1239.jpg
PIC_VIEWER t_ms=8540 tid=ThreadId(1) request lane=prefetch action=new uri=nfs://DietPi.local/mnt/4TBS/pics-sport/local%20choice/FB-LCC/DSC_1240.jpg variant=1124x794
PIC_VIEWER t_ms=8541 tid=ThreadId(1) cache_hit lane=prefetch uri=nfs://DietPi.local/mnt/4TBS/pics-sport/local%20choice/FB-LCC/DSC_1238.jpg
PIC_VIEWER t_ms=8541 tid=ThreadId(37) decode_start uri=nfs://DietPi.local/mnt/4TBS/pics-sport/local%20choice/FB-LCC/DSC_1240.jpg variant=1124x794 queue_ms=0
PIC_VIEWER source_cache lane=prefetch action=miss uri=nfs://DietPi.local/mnt/4TBS/pics-sport/local%20choice/FB-LCC/DSC_1240.jpg
PIC_VIEWER network_slot lane=prefetch wait_ms=0 uri=nfs://DietPi.local/mnt/4TBS/pics-sport/local%20choice/FB-LCC/DSC_1240.jpg
PIC_NETWORK tid=ThreadId(37) PRIVATE_NFS export_cache_hit host=DietPi.local count=5
PIC_NETWORK tid=ThreadId(37) PRIVATE_NFS read_start uri=nfs://DietPi.local/mnt/4TBS/pics-sport/local%20choice/FB-LCC/DSC_1240.jpg max_bytes=134217728
PIC_NFS stage=read_session_lock elapsed_ms=0 tid=140000213587648 host=DietPi.local export=/mnt/4TBS relative=/pics-sport/local choice/FB-LCC/DSC_1240.jpg outcome=acquired
PIC_NFS_CONNECT reuse host=DietPi.local export=/mnt/4TBS
PIC_NFS stage=file_open elapsed_ms=2 tid=140000213587648 host=DietPi.local export=/mnt/4TBS relative=/pics-sport/local choice/FB-LCC/DSC_1240.jpg outcome=ok
PIC_NFS stage=first_read elapsed_ms=2 tid=140000213587648 host=DietPi.local export=/mnt/4TBS relative=/pics-sport/local choice/FB-LCC/DSC_1240.jpg outcome=ok bytes=65536
PIC_NFS stage=file_read_complete elapsed_ms=20 tid=140000213587648 host=DietPi.local export=/mnt/4TBS relative=/pics-sport/local choice/FB-LCC/DSC_1240.jpg outcome=ok bytes=1063885 calls=7
PIC_NETWORK tid=ThreadId(37) PRIVATE_NFS read_done bytes=1063885 elapsed_ms=21 uri=nfs://DietPi.local/mnt/4TBS/pics-sport/local%20choice/FB-LCC/DSC_1240.jpg
PIC_VIEWER source_cache action=insert bytes=1063885 uri=nfs://DietPi.local/mnt/4TBS/pics-sport/local%20choice/FB-LCC/DSC_1240.jpg
PIC_VIEWER network_done lane=prefetch read_ms=21 bytes=1063885 source=network outcome=ok uri=nfs://DietPi.local/mnt/4TBS/pics-sport/local%20choice/FB-LCC/DSC_1240.jpg
PIC_VIEWER decode_stage source_ms=21 cpu_ms=33 uri=nfs://DietPi.local/mnt/4TBS/pics-sport/local%20choice/FB-LCC/DSC_1240.jpg
PIC_VIEWER t_ms=8598 tid=ThreadId(37) decode_done uri=nfs://DietPi.local/mnt/4TBS/pics-sport/local%20choice/FB-LCC/DSC_1240.jpg variant=1124x794 elapsed_ms=57 outcome=ok
PIC_VIEWER t_ms=8790 tid=ThreadId(1) show_photo_request generation=16 index=24 uri=nfs://DietPi.local/mnt/4TBS/pics-sport/local%20choice/FB-LCC/DSC_1240.jpg
PIC_VIEWER t_ms=8790 tid=ThreadId(1) cache_hit lane=foreground uri=nfs://DietPi.local/mnt/4TBS/pics-sport/local%20choice/FB-LCC/DSC_1240.jpg
PIC_VIEWER t_ms=8790 tid=ThreadId(1) display_done lane=foreground source=texture_cache navigation_ms=0 uri=nfs://DietPi.local/mnt/4TBS/pics-sport/local%20choice/FB-LCC/DSC_1240.jpg
PIC_VIEWER t_ms=8820 tid=ThreadId(1) show_photo_request generation=17 index=25 uri=nfs://DietPi.local/mnt/4TBS/pics-sport/local%20choice/FB-LCC/DSC_1245.jpg
PIC_VIEWER t_ms=8820 tid=ThreadId(1) request lane=foreground action=new uri=nfs://DietPi.local/mnt/4TBS/pics-sport/local%20choice/FB-LCC/DSC_1245.jpg variant=1124x794
PIC_VIEWER t_ms=8820 tid=ThreadId(38) decode_start uri=nfs://DietPi.local/mnt/4TBS/pics-sport/local%20choice/FB-LCC/DSC_1245.jpg variant=1124x794 queue_ms=0
PIC_VIEWER source_cache lane=foreground action=miss uri=nfs://DietPi.local/mnt/4TBS/pics-sport/local%20choice/FB-LCC/DSC_1245.jpg
PIC_VIEWER network_slot lane=foreground wait_ms=0 uri=nfs://DietPi.local/mnt/4TBS/pics-sport/local%20choice/FB-LCC/DSC_1245.jpg
PIC_NETWORK tid=ThreadId(38) PRIVATE_NFS export_cache_hit host=DietPi.local count=5
PIC_NETWORK tid=ThreadId(38) PRIVATE_NFS read_start uri=nfs://DietPi.local/mnt/4TBS/pics-sport/local%20choice/FB-LCC/DSC_1245.jpg max_bytes=134217728
PIC_NFS stage=read_session_lock elapsed_ms=0 tid=140000213587648 host=DietPi.local export=/mnt/4TBS relative=/pics-sport/local choice/FB-LCC/DSC_1245.jpg outcome=acquired
PIC_NFS_CONNECT reuse host=DietPi.local export=/mnt/4TBS
PIC_NFS stage=file_open elapsed_ms=1 tid=140000213587648 host=DietPi.local export=/mnt/4TBS relative=/pics-sport/local choice/FB-LCC/DSC_1245.jpg outcome=ok
PIC_NFS stage=first_read elapsed_ms=1 tid=140000213587648 host=DietPi.local export=/mnt/4TBS relative=/pics-sport/local choice/FB-LCC/DSC_1245.jpg outcome=ok bytes=65536
PIC_NFS stage=file_read_complete elapsed_ms=17 tid=140000213587648 host=DietPi.local export=/mnt/4TBS relative=/pics-sport/local choice/FB-LCC/DSC_1245.jpg outcome=ok bytes=1048745 calls=7
PIC_NETWORK tid=ThreadId(38) PRIVATE_NFS read_done bytes=1048745 elapsed_ms=18 uri=nfs://DietPi.local/mnt/4TBS/pics-sport/local%20choice/FB-LCC/DSC_1245.jpg
PIC_VIEWER source_cache action=insert bytes=1048745 uri=nfs://DietPi.local/mnt/4TBS/pics-sport/local%20choice/FB-LCC/DSC_1245.jpg
PIC_VIEWER network_done lane=foreground read_ms=18 bytes=1048745 source=network outcome=ok uri=nfs://DietPi.local/mnt/4TBS/pics-sport/local%20choice/FB-LCC/DSC_1245.jpg
PIC_VIEWER decode_stage source_ms=18 cpu_ms=33 uri=nfs://DietPi.local/mnt/4TBS/pics-sport/local%20choice/FB-LCC/DSC_1245.jpg
PIC_VIEWER t_ms=8875 tid=ThreadId(38) decode_done uri=nfs://DietPi.local/mnt/4TBS/pics-sport/local%20choice/FB-LCC/DSC_1245.jpg variant=1124x794 elapsed_ms=54 outcome=ok
PIC_VIEWER t_ms=8876 tid=ThreadId(1) display_apply elapsed_ms=1 uri=nfs://DietPi.local/mnt/4TBS/pics-sport/local%20choice/FB-LCC/DSC_1245.jpg
PIC_VIEWER t_ms=8876 tid=ThreadId(1) display_done lane=foreground source=decode navigation_ms=55 uri=nfs://DietPi.local/mnt/4TBS/pics-sport/local%20choice/FB-LCC/DSC_1245.jpg
PIC_VIEWER t_ms=8880 tid=ThreadId(1) show_photo_request generation=18 index=26 uri=nfs://DietPi.local/mnt/4TBS/pics-sport/local%20choice/FB-LCC/DSC_1249.jpg
PIC_VIEWER t_ms=8880 tid=ThreadId(1) request lane=foreground action=new uri=nfs://DietPi.local/mnt/4TBS/pics-sport/local%20choice/FB-LCC/DSC_1249.jpg variant=1124x794
PIC_VIEWER t_ms=8881 tid=ThreadId(39) decode_start uri=nfs://DietPi.local/mnt/4TBS/pics-sport/local%20choice/FB-LCC/DSC_1249.jpg variant=1124x794 queue_ms=0
PIC_VIEWER source_cache lane=foreground action=miss uri=nfs://DietPi.local/mnt/4TBS/pics-sport/local%20choice/FB-LCC/DSC_1249.jpg
PIC_VIEWER network_slot lane=foreground wait_ms=0 uri=nfs://DietPi.local/mnt/4TBS/pics-sport/local%20choice/FB-LCC/DSC_1249.jpg
PIC_NETWORK tid=ThreadId(39) PRIVATE_NFS export_cache_hit host=DietPi.local count=5
PIC_NETWORK tid=ThreadId(39) PRIVATE_NFS read_start uri=nfs://DietPi.local/mnt/4TBS/pics-sport/local%20choice/FB-LCC/DSC_1249.jpg max_bytes=134217728
PIC_NFS stage=read_session_lock elapsed_ms=0 tid=140000213587648 host=DietPi.local export=/mnt/4TBS relative=/pics-sport/local choice/FB-LCC/DSC_1249.jpg outcome=acquired
PIC_NFS_CONNECT reuse host=DietPi.local export=/mnt/4TBS
PIC_NFS stage=file_open elapsed_ms=2 tid=140000213587648 host=DietPi.local export=/mnt/4TBS relative=/pics-sport/local choice/FB-LCC/DSC_1249.jpg outcome=ok
PIC_NFS stage=first_read elapsed_ms=2 tid=140000213587648 host=DietPi.local export=/mnt/4TBS relative=/pics-sport/local choice/FB-LCC/DSC_1249.jpg outcome=ok bytes=65536
PIC_NFS stage=file_read_complete elapsed_ms=19 tid=140000213587648 host=DietPi.local export=/mnt/4TBS relative=/pics-sport/local choice/FB-LCC/DSC_1249.jpg outcome=ok bytes=1281462 calls=7
PIC_NETWORK tid=ThreadId(39) PRIVATE_NFS read_done bytes=1281462 elapsed_ms=21 uri=nfs://DietPi.local/mnt/4TBS/pics-sport/local%20choice/FB-LCC/DSC_1249.jpg
PIC_VIEWER source_cache action=insert bytes=1281462 uri=nfs://DietPi.local/mnt/4TBS/pics-sport/local%20choice/FB-LCC/DSC_1249.jpg
PIC_VIEWER network_done lane=foreground read_ms=21 bytes=1281462 source=network outcome=ok uri=nfs://DietPi.local/mnt/4TBS/pics-sport/local%20choice/FB-LCC/DSC_1249.jpg
PIC_VIEWER decode_stage source_ms=21 cpu_ms=37 uri=nfs://DietPi.local/mnt/4TBS/pics-sport/local%20choice/FB-LCC/DSC_1249.jpg
PIC_VIEWER t_ms=8942 tid=ThreadId(39) decode_done uri=nfs://DietPi.local/mnt/4TBS/pics-sport/local%20choice/FB-LCC/DSC_1249.jpg variant=1124x794 elapsed_ms=61 outcome=ok
PIC_VIEWER t_ms=8944 tid=ThreadId(1) display_apply elapsed_ms=1 uri=nfs://DietPi.local/mnt/4TBS/pics-sport/local%20choice/FB-LCC/DSC_1249.jpg
PIC_VIEWER t_ms=8944 tid=ThreadId(1) display_done lane=foreground source=decode navigation_ms=63 uri=nfs://DietPi.local/mnt/4TBS/pics-sport/local%20choice/FB-LCC/DSC_1249.jpg
PIC_VIEWER t_ms=8944 tid=ThreadId(1) show_photo_request generation=19 index=27 uri=nfs://DietPi.local/mnt/4TBS/pics-sport/local%20choice/FB-LCC/DSC_1250.jpg
PIC_VIEWER t_ms=8944 tid=ThreadId(1) request lane=foreground action=new uri=nfs://DietPi.local/mnt/4TBS/pics-sport/local%20choice/FB-LCC/DSC_1250.jpg variant=1124x794
PIC_VIEWER t_ms=8944 tid=ThreadId(40) decode_start uri=nfs://DietPi.local/mnt/4TBS/pics-sport/local%20choice/FB-LCC/DSC_1250.jpg variant=1124x794 queue_ms=0
PIC_VIEWER source_cache lane=foreground action=miss uri=nfs://DietPi.local/mnt/4TBS/pics-sport/local%20choice/FB-LCC/DSC_1250.jpg
PIC_VIEWER network_slot lane=foreground wait_ms=0 uri=nfs://DietPi.local/mnt/4TBS/pics-sport/local%20choice/FB-LCC/DSC_1250.jpg
PIC_NETWORK tid=ThreadId(40) PRIVATE_NFS export_cache_hit host=DietPi.local count=5
PIC_NETWORK tid=ThreadId(40) PRIVATE_NFS read_start uri=nfs://DietPi.local/mnt/4TBS/pics-sport/local%20choice/FB-LCC/DSC_1250.jpg max_bytes=134217728
PIC_NFS stage=read_session_lock elapsed_ms=0 tid=140000213587648 host=DietPi.local export=/mnt/4TBS relative=/pics-sport/local choice/FB-LCC/DSC_1250.jpg outcome=acquired
PIC_NFS_CONNECT reuse host=DietPi.local export=/mnt/4TBS
PIC_NFS stage=file_open elapsed_ms=1 tid=140000213587648 host=DietPi.local export=/mnt/4TBS relative=/pics-sport/local choice/FB-LCC/DSC_1250.jpg outcome=ok
PIC_NFS stage=first_read elapsed_ms=2 tid=140000213587648 host=DietPi.local export=/mnt/4TBS relative=/pics-sport/local choice/FB-LCC/DSC_1250.jpg outcome=ok bytes=65536
PIC_NFS stage=file_read_complete elapsed_ms=19 tid=140000213587648 host=DietPi.local export=/mnt/4TBS relative=/pics-sport/local choice/FB-LCC/DSC_1250.jpg outcome=ok bytes=1191833 calls=7
PIC_NETWORK tid=ThreadId(40) PRIVATE_NFS read_done bytes=1191833 elapsed_ms=20 uri=nfs://DietPi.local/mnt/4TBS/pics-sport/local%20choice/FB-LCC/DSC_1250.jpg
PIC_VIEWER source_cache action=insert bytes=1191833 uri=nfs://DietPi.local/mnt/4TBS/pics-sport/local%20choice/FB-LCC/DSC_1250.jpg
PIC_VIEWER network_done lane=foreground read_ms=20 bytes=1191833 source=network outcome=ok uri=nfs://DietPi.local/mnt/4TBS/pics-sport/local%20choice/FB-LCC/DSC_1250.jpg
PIC_VIEWER decode_stage source_ms=20 cpu_ms=37 uri=nfs://DietPi.local/mnt/4TBS/pics-sport/local%20choice/FB-LCC/DSC_1250.jpg
PIC_VIEWER t_ms=9005 tid=ThreadId(40) decode_done uri=nfs://DietPi.local/mnt/4TBS/pics-sport/local%20choice/FB-LCC/DSC_1250.jpg variant=1124x794 elapsed_ms=60 outcome=ok
PIC_VIEWER t_ms=9007 tid=ThreadId(1) display_apply elapsed_ms=1 uri=nfs://DietPi.local/mnt/4TBS/pics-sport/local%20choice/FB-LCC/DSC_1250.jpg
PIC_VIEWER t_ms=9007 tid=ThreadId(1) display_done lane=foreground source=decode navigation_ms=62 uri=nfs://DietPi.local/mnt/4TBS/pics-sport/local%20choice/FB-LCC/DSC_1250.jpg
PIC_VIEWER t_ms=9033 tid=ThreadId(1) show_photo_request generation=20 index=28 uri=nfs://DietPi.local/mnt/4TBS/pics-sport/local%20choice/FB-LCC/DSC_1252.jpg
PIC_VIEWER t_ms=9033 tid=ThreadId(1) request lane=foreground action=new uri=nfs://DietPi.local/mnt/4TBS/pics-sport/local%20choice/FB-LCC/DSC_1252.jpg variant=1124x794
PIC_VIEWER t_ms=9033 tid=ThreadId(41) decode_start uri=nfs://DietPi.local/mnt/4TBS/pics-sport/local%20choice/FB-LCC/DSC_1252.jpg variant=1124x794 queue_ms=0
PIC_VIEWER source_cache lane=foreground action=miss uri=nfs://DietPi.local/mnt/4TBS/pics-sport/local%20choice/FB-LCC/DSC_1252.jpg
PIC_VIEWER network_slot lane=foreground wait_ms=0 uri=nfs://DietPi.local/mnt/4TBS/pics-sport/local%20choice/FB-LCC/DSC_1252.jpg
PIC_NETWORK tid=ThreadId(41) PRIVATE_NFS export_cache_hit host=DietPi.local count=5
PIC_NETWORK tid=ThreadId(41) PRIVATE_NFS read_start uri=nfs://DietPi.local/mnt/4TBS/pics-sport/local%20choice/FB-LCC/DSC_1252.jpg max_bytes=134217728
PIC_NFS stage=read_session_lock elapsed_ms=0 tid=140000213587648 host=DietPi.local export=/mnt/4TBS relative=/pics-sport/local choice/FB-LCC/DSC_1252.jpg outcome=acquired
PIC_NFS_CONNECT reuse host=DietPi.local export=/mnt/4TBS
PIC_NFS stage=file_open elapsed_ms=2 tid=140000213587648 host=DietPi.local export=/mnt/4TBS relative=/pics-sport/local choice/FB-LCC/DSC_1252.jpg outcome=ok
PIC_NFS stage=first_read elapsed_ms=2 tid=140000213587648 host=DietPi.local export=/mnt/4TBS relative=/pics-sport/local choice/FB-LCC/DSC_1252.jpg outcome=ok bytes=65536
PIC_NFS stage=file_read_complete elapsed_ms=21 tid=140000213587648 host=DietPi.local export=/mnt/4TBS relative=/pics-sport/local choice/FB-LCC/DSC_1252.jpg outcome=ok bytes=1405871 calls=7
PIC_NETWORK tid=ThreadId(41) PRIVATE_NFS read_done bytes=1405871 elapsed_ms=22 uri=nfs://DietPi.local/mnt/4TBS/pics-sport/local%20choice/FB-LCC/DSC_1252.jpg
PIC_VIEWER source_cache action=insert bytes=1405871 uri=nfs://DietPi.local/mnt/4TBS/pics-sport/local%20choice/FB-LCC/DSC_1252.jpg
PIC_VIEWER source_cache action=evict bytes=1027455 uri=nfs://DietPi.local/mnt/4TBS/pics-sport/local%20choice/FB-LCC/DSC_1137.jpg
PIC_VIEWER network_done lane=foreground read_ms=22 bytes=1405871 source=network outcome=ok uri=nfs://DietPi.local/mnt/4TBS/pics-sport/local%20choice/FB-LCC/DSC_1252.jpg
PIC_VIEWER decode_stage source_ms=22 cpu_ms=37 uri=nfs://DietPi.local/mnt/4TBS/pics-sport/local%20choice/FB-LCC/DSC_1252.jpg
PIC_VIEWER t_ms=9095 tid=ThreadId(41) decode_done uri=nfs://DietPi.local/mnt/4TBS/pics-sport/local%20choice/FB-LCC/DSC_1252.jpg variant=1124x794 elapsed_ms=62 outcome=ok
PIC_VIEWER t_ms=9097 tid=ThreadId(1) display_apply elapsed_ms=1 uri=nfs://DietPi.local/mnt/4TBS/pics-sport/local%20choice/FB-LCC/DSC_1252.jpg
PIC_VIEWER t_ms=9097 tid=ThreadId(1) display_done lane=foreground source=decode navigation_ms=64 uri=nfs://DietPi.local/mnt/4TBS/pics-sport/local%20choice/FB-LCC/DSC_1252.jpg
PIC_VIEWER t_ms=9124 tid=ThreadId(1) show_photo_request generation=21 index=29 uri=nfs://DietPi.local/mnt/4TBS/pics-sport/local%20choice/FB-LCC/DSC_1253.jpg
PIC_VIEWER t_ms=9124 tid=ThreadId(1) request lane=foreground action=new uri=nfs://DietPi.local/mnt/4TBS/pics-sport/local%20choice/FB-LCC/DSC_1253.jpg variant=1124x794
PIC_VIEWER t_ms=9124 tid=ThreadId(42) decode_start uri=nfs://DietPi.local/mnt/4TBS/pics-sport/local%20choice/FB-LCC/DSC_1253.jpg variant=1124x794 queue_ms=0
PIC_VIEWER source_cache lane=foreground action=miss uri=nfs://DietPi.local/mnt/4TBS/pics-sport/local%20choice/FB-LCC/DSC_1253.jpg
PIC_VIEWER network_slot lane=foreground wait_ms=0 uri=nfs://DietPi.local/mnt/4TBS/pics-sport/local%20choice/FB-LCC/DSC_1253.jpg
PIC_NETWORK tid=ThreadId(42) PRIVATE_NFS export_cache_hit host=DietPi.local count=5
PIC_NETWORK tid=ThreadId(42) PRIVATE_NFS read_start uri=nfs://DietPi.local/mnt/4TBS/pics-sport/local%20choice/FB-LCC/DSC_1253.jpg max_bytes=134217728
PIC_NFS stage=read_session_lock elapsed_ms=0 tid=140000213587648 host=DietPi.local export=/mnt/4TBS relative=/pics-sport/local choice/FB-LCC/DSC_1253.jpg outcome=acquired
PIC_NFS_CONNECT reuse host=DietPi.local export=/mnt/4TBS
PIC_NFS stage=file_open elapsed_ms=2 tid=140000213587648 host=DietPi.local export=/mnt/4TBS relative=/pics-sport/local choice/FB-LCC/DSC_1253.jpg outcome=ok
PIC_NFS stage=first_read elapsed_ms=2 tid=140000213587648 host=DietPi.local export=/mnt/4TBS relative=/pics-sport/local choice/FB-LCC/DSC_1253.jpg outcome=ok bytes=65536
PIC_NFS stage=file_read_complete elapsed_ms=23 tid=140000213587648 host=DietPi.local export=/mnt/4TBS relative=/pics-sport/local choice/FB-LCC/DSC_1253.jpg outcome=ok bytes=1509700 calls=7
PIC_NETWORK tid=ThreadId(42) PRIVATE_NFS read_done bytes=1509700 elapsed_ms=25 uri=nfs://DietPi.local/mnt/4TBS/pics-sport/local%20choice/FB-LCC/DSC_1253.jpg
PIC_VIEWER source_cache action=insert bytes=1509700 uri=nfs://DietPi.local/mnt/4TBS/pics-sport/local%20choice/FB-LCC/DSC_1253.jpg
PIC_VIEWER source_cache action=evict bytes=1075846 uri=nfs://DietPi.local/mnt/4TBS/pics-sport/local%20choice/FB-LCC/DSC_1161.jpg
PIC_VIEWER network_done lane=foreground read_ms=25 bytes=1509700 source=network outcome=ok uri=nfs://DietPi.local/mnt/4TBS/pics-sport/local%20choice/FB-LCC/DSC_1253.jpg
PIC_VIEWER decode_stage source_ms=25 cpu_ms=38 uri=nfs://DietPi.local/mnt/4TBS/pics-sport/local%20choice/FB-LCC/DSC_1253.jpg
PIC_VIEWER t_ms=9191 tid=ThreadId(42) decode_done uri=nfs://DietPi.local/mnt/4TBS/pics-sport/local%20choice/FB-LCC/DSC_1253.jpg variant=1124x794 elapsed_ms=66 outcome=ok
PIC_VIEWER t_ms=9193 tid=ThreadId(1) display_apply elapsed_ms=1 uri=nfs://DietPi.local/mnt/4TBS/pics-sport/local%20choice/FB-LCC/DSC_1253.jpg
PIC_VIEWER t_ms=9193 tid=ThreadId(1) display_done lane=foreground source=decode navigation_ms=68 uri=nfs://DietPi.local/mnt/4TBS/pics-sport/local%20choice/FB-LCC/DSC_1253.jpg
PIC_VIEWER t_ms=9217 tid=ThreadId(1) show_photo_request generation=22 index=30 uri=nfs://DietPi.local/mnt/4TBS/pics-sport/local%20choice/FB-LCC/DSC_1255.jpg
PIC_VIEWER t_ms=9217 tid=ThreadId(1) request lane=foreground action=new uri=nfs://DietPi.local/mnt/4TBS/pics-sport/local%20choice/FB-LCC/DSC_1255.jpg variant=1124x794
PIC_VIEWER t_ms=9217 tid=ThreadId(43) decode_start uri=nfs://DietPi.local/mnt/4TBS/pics-sport/local%20choice/FB-LCC/DSC_1255.jpg variant=1124x794 queue_ms=0
PIC_VIEWER source_cache lane=foreground action=miss uri=nfs://DietPi.local/mnt/4TBS/pics-sport/local%20choice/FB-LCC/DSC_1255.jpg
PIC_VIEWER network_slot lane=foreground wait_ms=0 uri=nfs://DietPi.local/mnt/4TBS/pics-sport/local%20choice/FB-LCC/DSC_1255.jpg
PIC_NETWORK tid=ThreadId(43) PRIVATE_NFS export_cache_hit host=DietPi.local count=5
PIC_NETWORK tid=ThreadId(43) PRIVATE_NFS read_start uri=nfs://DietPi.local/mnt/4TBS/pics-sport/local%20choice/FB-LCC/DSC_1255.jpg max_bytes=134217728
PIC_NFS stage=read_session_lock elapsed_ms=0 tid=140000213587648 host=DietPi.local export=/mnt/4TBS relative=/pics-sport/local choice/FB-LCC/DSC_1255.jpg outcome=acquired
PIC_NFS_CONNECT reuse host=DietPi.local export=/mnt/4TBS
PIC_NFS stage=file_open elapsed_ms=2 tid=140000213587648 host=DietPi.local export=/mnt/4TBS relative=/pics-sport/local choice/FB-LCC/DSC_1255.jpg outcome=ok
PIC_NFS stage=first_read elapsed_ms=2 tid=140000213587648 host=DietPi.local export=/mnt/4TBS relative=/pics-sport/local choice/FB-LCC/DSC_1255.jpg outcome=ok bytes=65536
PIC_NFS stage=file_read_complete elapsed_ms=20 tid=140000213587648 host=DietPi.local export=/mnt/4TBS relative=/pics-sport/local choice/FB-LCC/DSC_1255.jpg outcome=ok bytes=1337567 calls=7
PIC_NETWORK tid=ThreadId(43) PRIVATE_NFS read_done bytes=1337567 elapsed_ms=22 uri=nfs://DietPi.local/mnt/4TBS/pics-sport/local%20choice/FB-LCC/DSC_1255.jpg
PIC_VIEWER source_cache action=insert bytes=1337567 uri=nfs://DietPi.local/mnt/4TBS/pics-sport/local%20choice/FB-LCC/DSC_1255.jpg
PIC_VIEWER source_cache action=evict bytes=1340511 uri=nfs://DietPi.local/mnt/4TBS/pics-sport/local%20choice/FB-LCC/DSC_1194.jpg
PIC_VIEWER network_done lane=foreground read_ms=22 bytes=1337567 source=network outcome=ok uri=nfs://DietPi.local/mnt/4TBS/pics-sport/local%20choice/FB-LCC/DSC_1255.jpg
PIC_VIEWER decode_stage source_ms=22 cpu_ms=36 uri=nfs://DietPi.local/mnt/4TBS/pics-sport/local%20choice/FB-LCC/DSC_1255.jpg
PIC_VIEWER t_ms=9279 tid=ThreadId(43) decode_done uri=nfs://DietPi.local/mnt/4TBS/pics-sport/local%20choice/FB-LCC/DSC_1255.jpg variant=1124x794 elapsed_ms=61 outcome=ok
PIC_VIEWER t_ms=9280 tid=ThreadId(1) display_apply elapsed_ms=1 uri=nfs://DietPi.local/mnt/4TBS/pics-sport/local%20choice/FB-LCC/DSC_1255.jpg
PIC_VIEWER t_ms=9280 tid=ThreadId(1) display_done lane=foreground source=decode navigation_ms=63 uri=nfs://DietPi.local/mnt/4TBS/pics-sport/local%20choice/FB-LCC/DSC_1255.jpg
PIC_VIEWER t_ms=9305 tid=ThreadId(1) show_photo_request generation=23 index=31 uri=nfs://DietPi.local/mnt/4TBS/pics-sport/local%20choice/FB-LCC/DSC_1257.jpg
PIC_VIEWER t_ms=9305 tid=ThreadId(1) request lane=foreground action=new uri=nfs://DietPi.local/mnt/4TBS/pics-sport/local%20choice/FB-LCC/DSC_1257.jpg variant=1124x794
PIC_VIEWER t_ms=9305 tid=ThreadId(44) decode_start uri=nfs://DietPi.local/mnt/4TBS/pics-sport/local%20choice/FB-LCC/DSC_1257.jpg variant=1124x794 queue_ms=0
PIC_VIEWER source_cache lane=foreground action=miss uri=nfs://DietPi.local/mnt/4TBS/pics-sport/local%20choice/FB-LCC/DSC_1257.jpg
PIC_VIEWER network_slot lane=foreground wait_ms=0 uri=nfs://DietPi.local/mnt/4TBS/pics-sport/local%20choice/FB-LCC/DSC_1257.jpg
PIC_NETWORK tid=ThreadId(44) PRIVATE_NFS export_cache_hit host=DietPi.local count=5
PIC_NETWORK tid=ThreadId(44) PRIVATE_NFS read_start uri=nfs://DietPi.local/mnt/4TBS/pics-sport/local%20choice/FB-LCC/DSC_1257.jpg max_bytes=134217728
PIC_NFS stage=read_session_lock elapsed_ms=0 tid=140000213587648 host=DietPi.local export=/mnt/4TBS relative=/pics-sport/local choice/FB-LCC/DSC_1257.jpg outcome=acquired
PIC_NFS_CONNECT reuse host=DietPi.local export=/mnt/4TBS
PIC_NFS stage=file_open elapsed_ms=2 tid=140000213587648 host=DietPi.local export=/mnt/4TBS relative=/pics-sport/local choice/FB-LCC/DSC_1257.jpg outcome=ok
PIC_NFS stage=first_read elapsed_ms=2 tid=140000213587648 host=DietPi.local export=/mnt/4TBS relative=/pics-sport/local choice/FB-LCC/DSC_1257.jpg outcome=ok bytes=65536
PIC_NFS stage=file_read_complete elapsed_ms=20 tid=140000213587648 host=DietPi.local export=/mnt/4TBS relative=/pics-sport/local choice/FB-LCC/DSC_1257.jpg outcome=ok bytes=1351853 calls=7
PIC_NETWORK tid=ThreadId(44) PRIVATE_NFS read_done bytes=1351853 elapsed_ms=22 uri=nfs://DietPi.local/mnt/4TBS/pics-sport/local%20choice/FB-LCC/DSC_1257.jpg
PIC_VIEWER source_cache action=insert bytes=1351853 uri=nfs://DietPi.local/mnt/4TBS/pics-sport/local%20choice/FB-LCC/DSC_1257.jpg
PIC_VIEWER source_cache action=evict bytes=1577192 uri=nfs://DietPi.local/mnt/4TBS/pics-sport/local%20choice/FB-LCC/DSC_1211.jpg
PIC_VIEWER network_done lane=foreground read_ms=22 bytes=1351853 source=network outcome=ok uri=nfs://DietPi.local/mnt/4TBS/pics-sport/local%20choice/FB-LCC/DSC_1257.jpg
PIC_VIEWER decode_stage source_ms=22 cpu_ms=36 uri=nfs://DietPi.local/mnt/4TBS/pics-sport/local%20choice/FB-LCC/DSC_1257.jpg
PIC_VIEWER t_ms=9367 tid=ThreadId(44) decode_done uri=nfs://DietPi.local/mnt/4TBS/pics-sport/local%20choice/FB-LCC/DSC_1257.jpg variant=1124x794 elapsed_ms=61 outcome=ok
PIC_VIEWER t_ms=9368 tid=ThreadId(1) display_apply elapsed_ms=1 uri=nfs://DietPi.local/mnt/4TBS/pics-sport/local%20choice/FB-LCC/DSC_1257.jpg
PIC_VIEWER t_ms=9368 tid=ThreadId(1) display_done lane=foreground source=decode navigation_ms=63 uri=nfs://DietPi.local/mnt/4TBS/pics-sport/local%20choice/FB-LCC/DSC_1257.jpg
PIC_VIEWER t_ms=9395 tid=ThreadId(1) show_photo_request generation=24 index=32 uri=nfs://DietPi.local/mnt/4TBS/pics-sport/local%20choice/FB-LCC/DSC_1259.jpg
PIC_VIEWER t_ms=9395 tid=ThreadId(1) request lane=foreground action=new uri=nfs://DietPi.local/mnt/4TBS/pics-sport/local%20choice/FB-LCC/DSC_1259.jpg variant=1124x794
PIC_VIEWER t_ms=9395 tid=ThreadId(45) decode_start uri=nfs://DietPi.local/mnt/4TBS/pics-sport/local%20choice/FB-LCC/DSC_1259.jpg variant=1124x794 queue_ms=0
PIC_VIEWER source_cache lane=foreground action=miss uri=nfs://DietPi.local/mnt/4TBS/pics-sport/local%20choice/FB-LCC/DSC_1259.jpg
PIC_VIEWER network_slot lane=foreground wait_ms=0 uri=nfs://DietPi.local/mnt/4TBS/pics-sport/local%20choice/FB-LCC/DSC_1259.jpg
PIC_NETWORK tid=ThreadId(45) PRIVATE_NFS export_cache_hit host=DietPi.local count=5
PIC_NETWORK tid=ThreadId(45) PRIVATE_NFS read_start uri=nfs://DietPi.local/mnt/4TBS/pics-sport/local%20choice/FB-LCC/DSC_1259.jpg max_bytes=134217728
PIC_NFS stage=read_session_lock elapsed_ms=0 tid=140000213587648 host=DietPi.local export=/mnt/4TBS relative=/pics-sport/local choice/FB-LCC/DSC_1259.jpg outcome=acquired
PIC_NFS_CONNECT reuse host=DietPi.local export=/mnt/4TBS
PIC_NFS stage=file_open elapsed_ms=2 tid=140000213587648 host=DietPi.local export=/mnt/4TBS relative=/pics-sport/local choice/FB-LCC/DSC_1259.jpg outcome=ok
PIC_NFS stage=first_read elapsed_ms=2 tid=140000213587648 host=DietPi.local export=/mnt/4TBS relative=/pics-sport/local choice/FB-LCC/DSC_1259.jpg outcome=ok bytes=65536
PIC_NFS stage=file_read_complete elapsed_ms=22 tid=140000213587648 host=DietPi.local export=/mnt/4TBS relative=/pics-sport/local choice/FB-LCC/DSC_1259.jpg outcome=ok bytes=1381155 calls=7
PIC_NETWORK tid=ThreadId(45) PRIVATE_NFS read_done bytes=1381155 elapsed_ms=24 uri=nfs://DietPi.local/mnt/4TBS/pics-sport/local%20choice/FB-LCC/DSC_1259.jpg
PIC_VIEWER source_cache action=insert bytes=1381155 uri=nfs://DietPi.local/mnt/4TBS/pics-sport/local%20choice/FB-LCC/DSC_1259.jpg
PIC_VIEWER source_cache action=evict bytes=785420 uri=nfs://DietPi.local/mnt/4TBS/pics-sport/local%20choice/FB-LCC/DSC_1197.jpg
PIC_VIEWER network_done lane=foreground read_ms=24 bytes=1381155 source=network outcome=ok uri=nfs://DietPi.local/mnt/4TBS/pics-sport/local%20choice/FB-LCC/DSC_1259.jpg
PIC_VIEWER decode_stage source_ms=24 cpu_ms=36 uri=nfs://DietPi.local/mnt/4TBS/pics-sport/local%20choice/FB-LCC/DSC_1259.jpg
PIC_VIEWER t_ms=9459 tid=ThreadId(45) decode_done uri=nfs://DietPi.local/mnt/4TBS/pics-sport/local%20choice/FB-LCC/DSC_1259.jpg variant=1124x794 elapsed_ms=63 outcome=ok
PIC_VIEWER t_ms=9460 tid=ThreadId(1) display_apply elapsed_ms=1 uri=nfs://DietPi.local/mnt/4TBS/pics-sport/local%20choice/FB-LCC/DSC_1259.jpg
PIC_VIEWER t_ms=9460 tid=ThreadId(1) display_done lane=foreground source=decode navigation_ms=65 uri=nfs://DietPi.local/mnt/4TBS/pics-sport/local%20choice/FB-LCC/DSC_1259.jpg
PIC_VIEWER t_ms=9485 tid=ThreadId(1) show_photo_request generation=25 index=33 uri=nfs://DietPi.local/mnt/4TBS/pics-sport/local%20choice/FB-LCC/DSC_1260.jpg
PIC_VIEWER t_ms=9485 tid=ThreadId(1) request lane=foreground action=new uri=nfs://DietPi.local/mnt/4TBS/pics-sport/local%20choice/FB-LCC/DSC_1260.jpg variant=1124x794
PIC_VIEWER t_ms=9485 tid=ThreadId(46) decode_start uri=nfs://DietPi.local/mnt/4TBS/pics-sport/local%20choice/FB-LCC/DSC_1260.jpg variant=1124x794 queue_ms=0
PIC_VIEWER source_cache lane=foreground action=miss uri=nfs://DietPi.local/mnt/4TBS/pics-sport/local%20choice/FB-LCC/DSC_1260.jpg
PIC_VIEWER network_slot lane=foreground wait_ms=0 uri=nfs://DietPi.local/mnt/4TBS/pics-sport/local%20choice/FB-LCC/DSC_1260.jpg
PIC_NETWORK tid=ThreadId(46) PRIVATE_NFS export_cache_hit host=DietPi.local count=5
PIC_NETWORK tid=ThreadId(46) PRIVATE_NFS read_start uri=nfs://DietPi.local/mnt/4TBS/pics-sport/local%20choice/FB-LCC/DSC_1260.jpg max_bytes=134217728
PIC_NFS stage=read_session_lock elapsed_ms=0 tid=140000213587648 host=DietPi.local export=/mnt/4TBS relative=/pics-sport/local choice/FB-LCC/DSC_1260.jpg outcome=acquired
PIC_NFS_CONNECT reuse host=DietPi.local export=/mnt/4TBS
PIC_NFS stage=file_open elapsed_ms=2 tid=140000213587648 host=DietPi.local export=/mnt/4TBS relative=/pics-sport/local choice/FB-LCC/DSC_1260.jpg outcome=ok
PIC_NFS stage=first_read elapsed_ms=2 tid=140000213587648 host=DietPi.local export=/mnt/4TBS relative=/pics-sport/local choice/FB-LCC/DSC_1260.jpg outcome=ok bytes=65536
PIC_NFS stage=file_read_complete elapsed_ms=18 tid=140000213587648 host=DietPi.local export=/mnt/4TBS relative=/pics-sport/local choice/FB-LCC/DSC_1260.jpg outcome=ok bytes=1142026 calls=7
PIC_NETWORK tid=ThreadId(46) PRIVATE_NFS read_done bytes=1142026 elapsed_ms=19 uri=nfs://DietPi.local/mnt/4TBS/pics-sport/local%20choice/FB-LCC/DSC_1260.jpg
PIC_VIEWER source_cache action=insert bytes=1142026 uri=nfs://DietPi.local/mnt/4TBS/pics-sport/local%20choice/FB-LCC/DSC_1260.jpg
PIC_VIEWER source_cache action=evict bytes=827012 uri=nfs://DietPi.local/mnt/4TBS/pics-sport/local%20choice/FB-LCC/DSC_1199.jpg
PIC_VIEWER network_done lane=foreground read_ms=19 bytes=1142026 source=network outcome=ok uri=nfs://DietPi.local/mnt/4TBS/pics-sport/local%20choice/FB-LCC/DSC_1260.jpg
PIC_VIEWER decode_stage source_ms=19 cpu_ms=33 uri=nfs://DietPi.local/mnt/4TBS/pics-sport/local%20choice/FB-LCC/DSC_1260.jpg
PIC_VIEWER t_ms=9541 tid=ThreadId(46) decode_done uri=nfs://DietPi.local/mnt/4TBS/pics-sport/local%20choice/FB-LCC/DSC_1260.jpg variant=1124x794 elapsed_ms=56 outcome=ok
PIC_VIEWER t_ms=9543 tid=ThreadId(1) display_apply elapsed_ms=1 uri=nfs://DietPi.local/mnt/4TBS/pics-sport/local%20choice/FB-LCC/DSC_1260.jpg
PIC_VIEWER t_ms=9543 tid=ThreadId(1) display_done lane=foreground source=decode navigation_ms=57 uri=nfs://DietPi.local/mnt/4TBS/pics-sport/local%20choice/FB-LCC/DSC_1260.jpg
PIC_VIEWER t_ms=9545 tid=ThreadId(1) show_photo_request generation=26 index=34 uri=nfs://DietPi.local/mnt/4TBS/pics-sport/local%20choice/FB-LCC/DSC_1262.jpg
PIC_VIEWER t_ms=9545 tid=ThreadId(1) request lane=foreground action=new uri=nfs://DietPi.local/mnt/4TBS/pics-sport/local%20choice/FB-LCC/DSC_1262.jpg variant=1124x794
PIC_VIEWER t_ms=9545 tid=ThreadId(47) decode_start uri=nfs://DietPi.local/mnt/4TBS/pics-sport/local%20choice/FB-LCC/DSC_1262.jpg variant=1124x794 queue_ms=0
PIC_VIEWER source_cache lane=foreground action=miss uri=nfs://DietPi.local/mnt/4TBS/pics-sport/local%20choice/FB-LCC/DSC_1262.jpg
PIC_VIEWER network_slot lane=foreground wait_ms=0 uri=nfs://DietPi.local/mnt/4TBS/pics-sport/local%20choice/FB-LCC/DSC_1262.jpg
PIC_NETWORK tid=ThreadId(47) PRIVATE_NFS export_cache_hit host=DietPi.local count=5
PIC_NETWORK tid=ThreadId(47) PRIVATE_NFS read_start uri=nfs://DietPi.local/mnt/4TBS/pics-sport/local%20choice/FB-LCC/DSC_1262.jpg max_bytes=134217728
PIC_NFS stage=read_session_lock elapsed_ms=0 tid=140000213587648 host=DietPi.local export=/mnt/4TBS relative=/pics-sport/local choice/FB-LCC/DSC_1262.jpg outcome=acquired
PIC_NFS_CONNECT reuse host=DietPi.local export=/mnt/4TBS
PIC_NFS stage=file_open elapsed_ms=1 tid=140000213587648 host=DietPi.local export=/mnt/4TBS relative=/pics-sport/local choice/FB-LCC/DSC_1262.jpg outcome=ok
PIC_NFS stage=first_read elapsed_ms=2 tid=140000213587648 host=DietPi.local export=/mnt/4TBS relative=/pics-sport/local choice/FB-LCC/DSC_1262.jpg outcome=ok bytes=65536
PIC_NFS stage=file_read_complete elapsed_ms=21 tid=140000213587648 host=DietPi.local export=/mnt/4TBS relative=/pics-sport/local choice/FB-LCC/DSC_1262.jpg outcome=ok bytes=1360407 calls=7
PIC_NETWORK tid=ThreadId(47) PRIVATE_NFS read_done bytes=1360407 elapsed_ms=22 uri=nfs://DietPi.local/mnt/4TBS/pics-sport/local%20choice/FB-LCC/DSC_1262.jpg
PIC_VIEWER source_cache action=insert bytes=1360407 uri=nfs://DietPi.local/mnt/4TBS/pics-sport/local%20choice/FB-LCC/DSC_1262.jpg
PIC_VIEWER source_cache action=evict bytes=1007839 uri=nfs://DietPi.local/mnt/4TBS/pics-sport/local%20choice/FB-LCC/DSC_1213.jpg
PIC_VIEWER network_done lane=foreground read_ms=22 bytes=1360407 source=network outcome=ok uri=nfs://DietPi.local/mnt/4TBS/pics-sport/local%20choice/FB-LCC/DSC_1262.jpg
PIC_VIEWER decode_stage source_ms=22 cpu_ms=36 uri=nfs://DietPi.local/mnt/4TBS/pics-sport/local%20choice/FB-LCC/DSC_1262.jpg
PIC_VIEWER t_ms=9607 tid=ThreadId(47) decode_done uri=nfs://DietPi.local/mnt/4TBS/pics-sport/local%20choice/FB-LCC/DSC_1262.jpg variant=1124x794 elapsed_ms=61 outcome=ok
PIC_VIEWER t_ms=9608 tid=ThreadId(1) display_apply elapsed_ms=1 uri=nfs://DietPi.local/mnt/4TBS/pics-sport/local%20choice/FB-LCC/DSC_1262.jpg
PIC_VIEWER t_ms=9608 tid=ThreadId(1) display_done lane=foreground source=decode navigation_ms=62 uri=nfs://DietPi.local/mnt/4TBS/pics-sport/local%20choice/FB-LCC/DSC_1262.jpg
PIC_VIEWER t_ms=9636 tid=ThreadId(1) show_photo_request generation=27 index=35 uri=nfs://DietPi.local/mnt/4TBS/pics-sport/local%20choice/FB-LCC/DSC_1263.jpg
PIC_VIEWER t_ms=9636 tid=ThreadId(1) request lane=foreground action=new uri=nfs://DietPi.local/mnt/4TBS/pics-sport/local%20choice/FB-LCC/DSC_1263.jpg variant=1124x794
PIC_VIEWER t_ms=9636 tid=ThreadId(48) decode_start uri=nfs://DietPi.local/mnt/4TBS/pics-sport/local%20choice/FB-LCC/DSC_1263.jpg variant=1124x794 queue_ms=0
PIC_VIEWER source_cache lane=foreground action=miss uri=nfs://DietPi.local/mnt/4TBS/pics-sport/local%20choice/FB-LCC/DSC_1263.jpg
PIC_VIEWER network_slot lane=foreground wait_ms=0 uri=nfs://DietPi.local/mnt/4TBS/pics-sport/local%20choice/FB-LCC/DSC_1263.jpg
PIC_NETWORK tid=ThreadId(48) PRIVATE_NFS export_cache_hit host=DietPi.local count=5
PIC_NETWORK tid=ThreadId(48) PRIVATE_NFS read_start uri=nfs://DietPi.local/mnt/4TBS/pics-sport/local%20choice/FB-LCC/DSC_1263.jpg max_bytes=134217728
PIC_NFS stage=read_session_lock elapsed_ms=0 tid=140000213587648 host=DietPi.local export=/mnt/4TBS relative=/pics-sport/local choice/FB-LCC/DSC_1263.jpg outcome=acquired
PIC_NFS_CONNECT reuse host=DietPi.local export=/mnt/4TBS
PIC_NFS stage=file_open elapsed_ms=2 tid=140000213587648 host=DietPi.local export=/mnt/4TBS relative=/pics-sport/local choice/FB-LCC/DSC_1263.jpg outcome=ok
PIC_NFS stage=first_read elapsed_ms=2 tid=140000213587648 host=DietPi.local export=/mnt/4TBS relative=/pics-sport/local choice/FB-LCC/DSC_1263.jpg outcome=ok bytes=65536
PIC_NFS stage=file_read_complete elapsed_ms=19 tid=140000213587648 host=DietPi.local export=/mnt/4TBS relative=/pics-sport/local choice/FB-LCC/DSC_1263.jpg outcome=ok bytes=1243348 calls=7
PIC_NETWORK tid=ThreadId(48) PRIVATE_NFS read_done bytes=1243348 elapsed_ms=20 uri=nfs://DietPi.local/mnt/4TBS/pics-sport/local%20choice/FB-LCC/DSC_1263.jpg
PIC_VIEWER source_cache action=insert bytes=1243348 uri=nfs://DietPi.local/mnt/4TBS/pics-sport/local%20choice/FB-LCC/DSC_1263.jpg
PIC_VIEWER source_cache action=evict bytes=1080039 uri=nfs://DietPi.local/mnt/4TBS/pics-sport/local%20choice/FB-LCC/DSC_1223.jpg
PIC_VIEWER network_done lane=foreground read_ms=20 bytes=1243348 source=network outcome=ok uri=nfs://DietPi.local/mnt/4TBS/pics-sport/local%20choice/FB-LCC/DSC_1263.jpg
PIC_VIEWER decode_stage source_ms=20 cpu_ms=35 uri=nfs://DietPi.local/mnt/4TBS/pics-sport/local%20choice/FB-LCC/DSC_1263.jpg
PIC_VIEWER t_ms=9694 tid=ThreadId(48) decode_done uri=nfs://DietPi.local/mnt/4TBS/pics-sport/local%20choice/FB-LCC/DSC_1263.jpg variant=1124x794 elapsed_ms=58 outcome=ok
PIC_VIEWER t_ms=9696 tid=ThreadId(1) display_apply elapsed_ms=1 uri=nfs://DietPi.local/mnt/4TBS/pics-sport/local%20choice/FB-LCC/DSC_1263.jpg
PIC_VIEWER t_ms=9696 tid=ThreadId(1) display_done lane=foreground source=decode navigation_ms=60 uri=nfs://DietPi.local/mnt/4TBS/pics-sport/local%20choice/FB-LCC/DSC_1263.jpg
PIC_VIEWER t_ms=9696 tid=ThreadId(1) show_photo_request generation=28 index=36 uri=nfs://DietPi.local/mnt/4TBS/pics-sport/local%20choice/FB-LCC/DSC_1264.jpg
PIC_VIEWER t_ms=9696 tid=ThreadId(1) request lane=foreground action=new uri=nfs://DietPi.local/mnt/4TBS/pics-sport/local%20choice/FB-LCC/DSC_1264.jpg variant=1124x794
PIC_VIEWER t_ms=9696 tid=ThreadId(49) decode_start uri=nfs://DietPi.local/mnt/4TBS/pics-sport/local%20choice/FB-LCC/DSC_1264.jpg variant=1124x794 queue_ms=0
PIC_VIEWER source_cache lane=foreground action=miss uri=nfs://DietPi.local/mnt/4TBS/pics-sport/local%20choice/FB-LCC/DSC_1264.jpg
PIC_VIEWER network_slot lane=foreground wait_ms=0 uri=nfs://DietPi.local/mnt/4TBS/pics-sport/local%20choice/FB-LCC/DSC_1264.jpg
PIC_NETWORK tid=ThreadId(49) PRIVATE_NFS export_cache_hit host=DietPi.local count=5
PIC_NETWORK tid=ThreadId(49) PRIVATE_NFS read_start uri=nfs://DietPi.local/mnt/4TBS/pics-sport/local%20choice/FB-LCC/DSC_1264.jpg max_bytes=134217728
PIC_NFS stage=read_session_lock elapsed_ms=0 tid=140000213587648 host=DietPi.local export=/mnt/4TBS relative=/pics-sport/local choice/FB-LCC/DSC_1264.jpg outcome=acquired
PIC_NFS_CONNECT reuse host=DietPi.local export=/mnt/4TBS
PIC_NFS stage=file_open elapsed_ms=2 tid=140000213587648 host=DietPi.local export=/mnt/4TBS relative=/pics-sport/local choice/FB-LCC/DSC_1264.jpg outcome=ok
PIC_NFS stage=first_read elapsed_ms=1 tid=140000213587648 host=DietPi.local export=/mnt/4TBS relative=/pics-sport/local choice/FB-LCC/DSC_1264.jpg outcome=ok bytes=65536
PIC_NFS stage=file_read_complete elapsed_ms=15 tid=140000213587648 host=DietPi.local export=/mnt/4TBS relative=/pics-sport/local choice/FB-LCC/DSC_1264.jpg outcome=ok bytes=1016788 calls=6
PIC_NETWORK tid=ThreadId(49) PRIVATE_NFS read_done bytes=1016788 elapsed_ms=17 uri=nfs://DietPi.local/mnt/4TBS/pics-sport/local%20choice/FB-LCC/DSC_1264.jpg
PIC_VIEWER source_cache action=insert bytes=1016788 uri=nfs://DietPi.local/mnt/4TBS/pics-sport/local%20choice/FB-LCC/DSC_1264.jpg
PIC_VIEWER source_cache action=evict bytes=1040104 uri=nfs://DietPi.local/mnt/4TBS/pics-sport/local%20choice/FB-LCC/DSC_1224.jpg
PIC_VIEWER network_done lane=foreground read_ms=17 bytes=1016788 source=network outcome=ok uri=nfs://DietPi.local/mnt/4TBS/pics-sport/local%20choice/FB-LCC/DSC_1264.jpg
PIC_VIEWER decode_stage source_ms=18 cpu_ms=32 uri=nfs://DietPi.local/mnt/4TBS/pics-sport/local%20choice/FB-LCC/DSC_1264.jpg
PIC_VIEWER t_ms=9750 tid=ThreadId(49) decode_done uri=nfs://DietPi.local/mnt/4TBS/pics-sport/local%20choice/FB-LCC/DSC_1264.jpg variant=1124x794 elapsed_ms=53 outcome=ok
PIC_VIEWER t_ms=9751 tid=ThreadId(1) display_apply elapsed_ms=1 uri=nfs://DietPi.local/mnt/4TBS/pics-sport/local%20choice/FB-LCC/DSC_1264.jpg
PIC_VIEWER t_ms=9751 tid=ThreadId(1) display_done lane=foreground source=decode navigation_ms=54 uri=nfs://DietPi.local/mnt/4TBS/pics-sport/local%20choice/FB-LCC/DSC_1264.jpg
PIC_VIEWER t_ms=9756 tid=ThreadId(1) show_photo_request generation=29 index=37 uri=nfs://DietPi.local/mnt/4TBS/pics-sport/local%20choice/FB-LCC/DSC_1265.jpg
PIC_VIEWER t_ms=9756 tid=ThreadId(1) request lane=foreground action=new uri=nfs://DietPi.local/mnt/4TBS/pics-sport/local%20choice/FB-LCC/DSC_1265.jpg variant=1124x794
PIC_VIEWER t_ms=9756 tid=ThreadId(50) decode_start uri=nfs://DietPi.local/mnt/4TBS/pics-sport/local%20choice/FB-LCC/DSC_1265.jpg variant=1124x794 queue_ms=0
PIC_VIEWER source_cache lane=foreground action=miss uri=nfs://DietPi.local/mnt/4TBS/pics-sport/local%20choice/FB-LCC/DSC_1265.jpg
PIC_VIEWER network_slot lane=foreground wait_ms=0 uri=nfs://DietPi.local/mnt/4TBS/pics-sport/local%20choice/FB-LCC/DSC_1265.jpg
PIC_NETWORK tid=ThreadId(50) PRIVATE_NFS export_cache_hit host=DietPi.local count=5
PIC_NETWORK tid=ThreadId(50) PRIVATE_NFS read_start uri=nfs://DietPi.local/mnt/4TBS/pics-sport/local%20choice/FB-LCC/DSC_1265.jpg max_bytes=134217728
PIC_NFS stage=read_session_lock elapsed_ms=0 tid=140000213587648 host=DietPi.local export=/mnt/4TBS relative=/pics-sport/local choice/FB-LCC/DSC_1265.jpg outcome=acquired
PIC_NFS_CONNECT reuse host=DietPi.local export=/mnt/4TBS
PIC_NFS stage=file_open elapsed_ms=1 tid=140000213587648 host=DietPi.local export=/mnt/4TBS relative=/pics-sport/local choice/FB-LCC/DSC_1265.jpg outcome=ok
PIC_NFS stage=first_read elapsed_ms=2 tid=140000213587648 host=DietPi.local export=/mnt/4TBS relative=/pics-sport/local choice/FB-LCC/DSC_1265.jpg outcome=ok bytes=65536
PIC_NFS stage=file_read_complete elapsed_ms=18 tid=140000213587648 host=DietPi.local export=/mnt/4TBS relative=/pics-sport/local choice/FB-LCC/DSC_1265.jpg outcome=ok bytes=1161737 calls=7
PIC_NETWORK tid=ThreadId(50) PRIVATE_NFS read_done bytes=1161737 elapsed_ms=20 uri=nfs://DietPi.local/mnt/4TBS/pics-sport/local%20choice/FB-LCC/DSC_1265.jpg
PIC_VIEWER source_cache action=insert bytes=1161737 uri=nfs://DietPi.local/mnt/4TBS/pics-sport/local%20choice/FB-LCC/DSC_1265.jpg
PIC_VIEWER source_cache action=evict bytes=981862 uri=nfs://DietPi.local/mnt/4TBS/pics-sport/local%20choice/FB-LCC/DSC_1237.jpg
PIC_VIEWER network_done lane=foreground read_ms=20 bytes=1161737 source=network outcome=ok uri=nfs://DietPi.local/mnt/4TBS/pics-sport/local%20choice/FB-LCC/DSC_1265.jpg
PIC_VIEWER decode_stage source_ms=20 cpu_ms=35 uri=nfs://DietPi.local/mnt/4TBS/pics-sport/local%20choice/FB-LCC/DSC_1265.jpg
PIC_VIEWER t_ms=9815 tid=ThreadId(50) decode_done uri=nfs://DietPi.local/mnt/4TBS/pics-sport/local%20choice/FB-LCC/DSC_1265.jpg variant=1124x794 elapsed_ms=58 outcome=ok
PIC_VIEWER t_ms=9816 tid=ThreadId(1) display_apply elapsed_ms=1 uri=nfs://DietPi.local/mnt/4TBS/pics-sport/local%20choice/FB-LCC/DSC_1265.jpg
PIC_VIEWER t_ms=9816 tid=ThreadId(1) display_done lane=foreground source=decode navigation_ms=60 uri=nfs://DietPi.local/mnt/4TBS/pics-sport/local%20choice/FB-LCC/DSC_1265.jpg
PIC_VIEWER t_ms=9817 tid=ThreadId(1) show_photo_request generation=30 index=38 uri=nfs://DietPi.local/mnt/4TBS/pics-sport/local%20choice/FB-LCC/DSC_1266.jpg
PIC_VIEWER t_ms=9817 tid=ThreadId(1) request lane=foreground action=new uri=nfs://DietPi.local/mnt/4TBS/pics-sport/local%20choice/FB-LCC/DSC_1266.jpg variant=1124x794
PIC_VIEWER t_ms=9817 tid=ThreadId(51) decode_start uri=nfs://DietPi.local/mnt/4TBS/pics-sport/local%20choice/FB-LCC/DSC_1266.jpg variant=1124x794 queue_ms=0
PIC_VIEWER source_cache lane=foreground action=miss uri=nfs://DietPi.local/mnt/4TBS/pics-sport/local%20choice/FB-LCC/DSC_1266.jpg
PIC_VIEWER network_slot lane=foreground wait_ms=0 uri=nfs://DietPi.local/mnt/4TBS/pics-sport/local%20choice/FB-LCC/DSC_1266.jpg
PIC_NETWORK tid=ThreadId(51) PRIVATE_NFS export_cache_hit host=DietPi.local count=5
PIC_NETWORK tid=ThreadId(51) PRIVATE_NFS read_start uri=nfs://DietPi.local/mnt/4TBS/pics-sport/local%20choice/FB-LCC/DSC_1266.jpg max_bytes=134217728
PIC_NFS stage=read_session_lock elapsed_ms=0 tid=140000213587648 host=DietPi.local export=/mnt/4TBS relative=/pics-sport/local choice/FB-LCC/DSC_1266.jpg outcome=acquired
PIC_NFS_CONNECT reuse host=DietPi.local export=/mnt/4TBS
PIC_NFS stage=file_open elapsed_ms=2 tid=140000213587648 host=DietPi.local export=/mnt/4TBS relative=/pics-sport/local choice/FB-LCC/DSC_1266.jpg outcome=ok
PIC_NFS stage=first_read elapsed_ms=2 tid=140000213587648 host=DietPi.local export=/mnt/4TBS relative=/pics-sport/local choice/FB-LCC/DSC_1266.jpg outcome=ok bytes=65536
PIC_NFS stage=file_read_complete elapsed_ms=18 tid=140000213587648 host=DietPi.local export=/mnt/4TBS relative=/pics-sport/local choice/FB-LCC/DSC_1266.jpg outcome=ok bytes=1159416 calls=7
PIC_NETWORK tid=ThreadId(51) PRIVATE_NFS read_done bytes=1159416 elapsed_ms=19 uri=nfs://DietPi.local/mnt/4TBS/pics-sport/local%20choice/FB-LCC/DSC_1266.jpg
PIC_VIEWER source_cache action=insert bytes=1159416 uri=nfs://DietPi.local/mnt/4TBS/pics-sport/local%20choice/FB-LCC/DSC_1266.jpg
PIC_VIEWER source_cache action=evict bytes=1060025 uri=nfs://DietPi.local/mnt/4TBS/pics-sport/local%20choice/FB-LCC/DSC_1238.jpg
PIC_VIEWER network_done lane=foreground read_ms=20 bytes=1159416 source=network outcome=ok uri=nfs://DietPi.local/mnt/4TBS/pics-sport/local%20choice/FB-LCC/DSC_1266.jpg
PIC_VIEWER decode_stage source_ms=20 cpu_ms=33 uri=nfs://DietPi.local/mnt/4TBS/pics-sport/local%20choice/FB-LCC/DSC_1266.jpg
PIC_VIEWER t_ms=9874 tid=ThreadId(51) decode_done uri=nfs://DietPi.local/mnt/4TBS/pics-sport/local%20choice/FB-LCC/DSC_1266.jpg variant=1124x794 elapsed_ms=56 outcome=ok
PIC_VIEWER t_ms=9875 tid=ThreadId(1) display_apply elapsed_ms=1 uri=nfs://DietPi.local/mnt/4TBS/pics-sport/local%20choice/FB-LCC/DSC_1266.jpg
PIC_VIEWER t_ms=9875 tid=ThreadId(1) display_done lane=foreground source=decode navigation_ms=58 uri=nfs://DietPi.local/mnt/4TBS/pics-sport/local%20choice/FB-LCC/DSC_1266.jpg
PIC_VIEWER t_ms=9876 tid=ThreadId(1) show_photo_request generation=31 index=39 uri=nfs://DietPi.local/mnt/4TBS/pics-sport/local%20choice/FB-LCC/DSC_1267.jpg
PIC_VIEWER t_ms=9876 tid=ThreadId(1) request lane=foreground action=new uri=nfs://DietPi.local/mnt/4TBS/pics-sport/local%20choice/FB-LCC/DSC_1267.jpg variant=1124x794
PIC_VIEWER t_ms=9876 tid=ThreadId(52) decode_start uri=nfs://DietPi.local/mnt/4TBS/pics-sport/local%20choice/FB-LCC/DSC_1267.jpg variant=1124x794 queue_ms=0
PIC_VIEWER source_cache lane=foreground action=miss uri=nfs://DietPi.local/mnt/4TBS/pics-sport/local%20choice/FB-LCC/DSC_1267.jpg
PIC_VIEWER network_slot lane=foreground wait_ms=0 uri=nfs://DietPi.local/mnt/4TBS/pics-sport/local%20choice/FB-LCC/DSC_1267.jpg
PIC_NETWORK tid=ThreadId(52) PRIVATE_NFS export_cache_hit host=DietPi.local count=5
PIC_NETWORK tid=ThreadId(52) PRIVATE_NFS read_start uri=nfs://DietPi.local/mnt/4TBS/pics-sport/local%20choice/FB-LCC/DSC_1267.jpg max_bytes=134217728
PIC_NFS stage=read_session_lock elapsed_ms=0 tid=140000213587648 host=DietPi.local export=/mnt/4TBS relative=/pics-sport/local choice/FB-LCC/DSC_1267.jpg outcome=acquired
PIC_NFS_CONNECT reuse host=DietPi.local export=/mnt/4TBS
PIC_NFS stage=file_open elapsed_ms=2 tid=140000213587648 host=DietPi.local export=/mnt/4TBS relative=/pics-sport/local choice/FB-LCC/DSC_1267.jpg outcome=ok
PIC_NFS stage=first_read elapsed_ms=2 tid=140000213587648 host=DietPi.local export=/mnt/4TBS relative=/pics-sport/local choice/FB-LCC/DSC_1267.jpg outcome=ok bytes=65536
PIC_NFS stage=file_read_complete elapsed_ms=17 tid=140000213587648 host=DietPi.local export=/mnt/4TBS relative=/pics-sport/local choice/FB-LCC/DSC_1267.jpg outcome=ok bytes=1135936 calls=7
PIC_NETWORK tid=ThreadId(52) PRIVATE_NFS read_done bytes=1135936 elapsed_ms=19 uri=nfs://DietPi.local/mnt/4TBS/pics-sport/local%20choice/FB-LCC/DSC_1267.jpg
PIC_VIEWER source_cache action=insert bytes=1135936 uri=nfs://DietPi.local/mnt/4TBS/pics-sport/local%20choice/FB-LCC/DSC_1267.jpg
PIC_VIEWER source_cache action=evict bytes=1211783 uri=nfs://DietPi.local/mnt/4TBS/pics-sport/local%20choice/FB-LCC/DSC_1239.jpg
PIC_VIEWER network_done lane=foreground read_ms=19 bytes=1135936 source=network outcome=ok uri=nfs://DietPi.local/mnt/4TBS/pics-sport/local%20choice/FB-LCC/DSC_1267.jpg
PIC_VIEWER decode_stage source_ms=19 cpu_ms=36 uri=nfs://DietPi.local/mnt/4TBS/pics-sport/local%20choice/FB-LCC/DSC_1267.jpg
PIC_VIEWER t_ms=9935 tid=ThreadId(52) decode_done uri=nfs://DietPi.local/mnt/4TBS/pics-sport/local%20choice/FB-LCC/DSC_1267.jpg variant=1124x794 elapsed_ms=58 outcome=ok
PIC_VIEWER t_ms=9936 tid=ThreadId(1) display_apply elapsed_ms=1 uri=nfs://DietPi.local/mnt/4TBS/pics-sport/local%20choice/FB-LCC/DSC_1267.jpg
PIC_VIEWER t_ms=9936 tid=ThreadId(1) display_done lane=foreground source=decode navigation_ms=59 uri=nfs://DietPi.local/mnt/4TBS/pics-sport/local%20choice/FB-LCC/DSC_1267.jpg
PIC_VIEWER t_ms=10127 tid=ThreadId(1) request lane=prefetch action=new uri=nfs://DietPi.local/mnt/4TBS/pics-sport/local%20choice/FB-LCC/DSC_1270.jpg variant=1124x794
PIC_VIEWER t_ms=10127 tid=ThreadId(1) cache_hit lane=prefetch uri=nfs://DietPi.local/mnt/4TBS/pics-sport/local%20choice/FB-LCC/DSC_1266.jpg
PIC_VIEWER t_ms=10127 tid=ThreadId(53) decode_start uri=nfs://DietPi.local/mnt/4TBS/pics-sport/local%20choice/FB-LCC/DSC_1270.jpg variant=1124x794 queue_ms=0
PIC_VIEWER source_cache lane=prefetch action=miss uri=nfs://DietPi.local/mnt/4TBS/pics-sport/local%20choice/FB-LCC/DSC_1270.jpg
PIC_VIEWER network_slot lane=prefetch wait_ms=0 uri=nfs://DietPi.local/mnt/4TBS/pics-sport/local%20choice/FB-LCC/DSC_1270.jpg
PIC_NETWORK tid=ThreadId(53) PRIVATE_NFS export_cache_hit host=DietPi.local count=5
PIC_NETWORK tid=ThreadId(53) PRIVATE_NFS read_start uri=nfs://DietPi.local/mnt/4TBS/pics-sport/local%20choice/FB-LCC/DSC_1270.jpg max_bytes=134217728
PIC_NFS stage=read_session_lock elapsed_ms=0 tid=140000213587648 host=DietPi.local export=/mnt/4TBS relative=/pics-sport/local choice/FB-LCC/DSC_1270.jpg outcome=acquired
PIC_NFS_CONNECT reuse host=DietPi.local export=/mnt/4TBS
PIC_NFS stage=file_open elapsed_ms=2 tid=140000213587648 host=DietPi.local export=/mnt/4TBS relative=/pics-sport/local choice/FB-LCC/DSC_1270.jpg outcome=ok
PIC_NFS stage=first_read elapsed_ms=3 tid=140000213587648 host=DietPi.local export=/mnt/4TBS relative=/pics-sport/local choice/FB-LCC/DSC_1270.jpg outcome=ok bytes=65536
PIC_NFS stage=file_read_complete elapsed_ms=18 tid=140000213587648 host=DietPi.local export=/mnt/4TBS relative=/pics-sport/local choice/FB-LCC/DSC_1270.jpg outcome=ok bytes=1089756 calls=7
PIC_NETWORK tid=ThreadId(53) PRIVATE_NFS read_done bytes=1089756 elapsed_ms=19 uri=nfs://DietPi.local/mnt/4TBS/pics-sport/local%20choice/FB-LCC/DSC_1270.jpg
PIC_VIEWER source_cache action=insert bytes=1089756 uri=nfs://DietPi.local/mnt/4TBS/pics-sport/local%20choice/FB-LCC/DSC_1270.jpg
PIC_VIEWER source_cache action=evict bytes=1063885 uri=nfs://DietPi.local/mnt/4TBS/pics-sport/local%20choice/FB-LCC/DSC_1240.jpg
PIC_VIEWER network_done lane=prefetch read_ms=19 bytes=1089756 source=network outcome=ok uri=nfs://DietPi.local/mnt/4TBS/pics-sport/local%20choice/FB-LCC/DSC_1270.jpg
PIC_VIEWER decode_stage source_ms=19 cpu_ms=35 uri=nfs://DietPi.local/mnt/4TBS/pics-sport/local%20choice/FB-LCC/DSC_1270.jpg
PIC_VIEWER t_ms=10184 tid=ThreadId(53) decode_done uri=nfs://DietPi.local/mnt/4TBS/pics-sport/local%20choice/FB-LCC/DSC_1270.jpg variant=1124x794 elapsed_ms=57 outcome=ok
PIC_VIEWER t_ms=10390 tid=ThreadId(1) wheel_event dy=1
PIC_VIEWER t_ms=10390 tid=ThreadId(1) navigation_dispatch source=wheel from_index=39 to_index=40 direction=1
PIC_VIEWER t_ms=10391 tid=ThreadId(1) infobar_update source=wheel index=40 uri=nfs://DietPi.local/mnt/4TBS/pics-sport/local%20choice/FB-LCC/DSC_1270.jpg
PIC_VIEWER t_ms=10391 tid=ThreadId(1) show_photo_request generation=32 index=40 uri=nfs://DietPi.local/mnt/4TBS/pics-sport/local%20choice/FB-LCC/DSC_1270.jpg
PIC_VIEWER t_ms=10391 tid=ThreadId(1) cache_hit lane=foreground uri=nfs://DietPi.local/mnt/4TBS/pics-sport/local%20choice/FB-LCC/DSC_1270.jpg
PIC_VIEWER t_ms=10391 tid=ThreadId(1) display_done lane=foreground source=texture_cache navigation_ms=0 uri=nfs://DietPi.local/mnt/4TBS/pics-sport/local%20choice/FB-LCC/DSC_1270.jpg
PIC_VIEWER t_ms=10406 tid=ThreadId(1) wheel_event dy=1
PIC_VIEWER t_ms=10406 tid=ThreadId(1) navigation_dispatch source=wheel from_index=40 to_index=41 direction=1
PIC_VIEWER t_ms=10406 tid=ThreadId(1) infobar_update source=wheel index=41 uri=nfs://DietPi.local/mnt/4TBS/pics-sport/local%20choice/FB-LCC/DSC_1271.jpg
PIC_VIEWER t_ms=10407 tid=ThreadId(1) show_photo_request generation=33 index=41 uri=nfs://DietPi.local/mnt/4TBS/pics-sport/local%20choice/FB-LCC/DSC_1271.jpg
PIC_VIEWER t_ms=10407 tid=ThreadId(1) request lane=foreground action=new uri=nfs://DietPi.local/mnt/4TBS/pics-sport/local%20choice/FB-LCC/DSC_1271.jpg variant=1124x794
PIC_VIEWER t_ms=10407 tid=ThreadId(54) decode_start uri=nfs://DietPi.local/mnt/4TBS/pics-sport/local%20choice/FB-LCC/DSC_1271.jpg variant=1124x794 queue_ms=0
PIC_VIEWER source_cache lane=foreground action=miss uri=nfs://DietPi.local/mnt/4TBS/pics-sport/local%20choice/FB-LCC/DSC_1271.jpg
PIC_VIEWER network_slot lane=foreground wait_ms=0 uri=nfs://DietPi.local/mnt/4TBS/pics-sport/local%20choice/FB-LCC/DSC_1271.jpg
PIC_NETWORK tid=ThreadId(54) PRIVATE_NFS export_cache_hit host=DietPi.local count=5
PIC_NETWORK tid=ThreadId(54) PRIVATE_NFS read_start uri=nfs://DietPi.local/mnt/4TBS/pics-sport/local%20choice/FB-LCC/DSC_1271.jpg max_bytes=134217728
PIC_NFS stage=read_session_lock elapsed_ms=0 tid=140000213587648 host=DietPi.local export=/mnt/4TBS relative=/pics-sport/local choice/FB-LCC/DSC_1271.jpg outcome=acquired
PIC_NFS_CONNECT reuse host=DietPi.local export=/mnt/4TBS
PIC_NFS stage=file_open elapsed_ms=2 tid=140000213587648 host=DietPi.local export=/mnt/4TBS relative=/pics-sport/local choice/FB-LCC/DSC_1271.jpg outcome=ok
PIC_NFS stage=first_read elapsed_ms=2 tid=140000213587648 host=DietPi.local export=/mnt/4TBS relative=/pics-sport/local choice/FB-LCC/DSC_1271.jpg outcome=ok bytes=65536
PIC_VIEWER t_ms=10414 tid=ThreadId(1) wheel_event dy=1
PIC_VIEWER t_ms=10414 tid=ThreadId(1) wheel_accumulate current_index=41 target_index=42 direction=1
PIC_VIEWER t_ms=10423 tid=ThreadId(1) wheel_event dy=1
PIC_VIEWER t_ms=10423 tid=ThreadId(1) wheel_accumulate current_index=41 target_index=43 direction=1
PIC_NFS stage=file_read_complete elapsed_ms=17 tid=140000213587648 host=DietPi.local export=/mnt/4TBS relative=/pics-sport/local choice/FB-LCC/DSC_1271.jpg outcome=ok bytes=1104115 calls=7
PIC_NETWORK tid=ThreadId(54) PRIVATE_NFS read_done bytes=1104115 elapsed_ms=19 uri=nfs://DietPi.local/mnt/4TBS/pics-sport/local%20choice/FB-LCC/DSC_1271.jpg
PIC_VIEWER source_cache action=insert bytes=1104115 uri=nfs://DietPi.local/mnt/4TBS/pics-sport/local%20choice/FB-LCC/DSC_1271.jpg
PIC_VIEWER source_cache action=evict bytes=1048745 uri=nfs://DietPi.local/mnt/4TBS/pics-sport/local%20choice/FB-LCC/DSC_1245.jpg
PIC_VIEWER network_done lane=foreground read_ms=19 bytes=1104115 source=network outcome=ok uri=nfs://DietPi.local/mnt/4TBS/pics-sport/local%20choice/FB-LCC/DSC_1271.jpg
PIC_VIEWER t_ms=10439 tid=ThreadId(1) wheel_event dy=1
PIC_VIEWER t_ms=10439 tid=ThreadId(1) wheel_accumulate current_index=41 target_index=44 direction=1
PIC_VIEWER t_ms=10455 tid=ThreadId(1) wheel_event dy=1
PIC_VIEWER t_ms=10455 tid=ThreadId(1) wheel_accumulate current_index=41 target_index=45 direction=1
PIC_VIEWER decode_stage source_ms=19 cpu_ms=32 uri=nfs://DietPi.local/mnt/4TBS/pics-sport/local%20choice/FB-LCC/DSC_1271.jpg
PIC_VIEWER t_ms=10461 tid=ThreadId(54) decode_done uri=nfs://DietPi.local/mnt/4TBS/pics-sport/local%20choice/FB-LCC/DSC_1271.jpg variant=1124x794 elapsed_ms=54 outcome=ok
PIC_VIEWER t_ms=10463 tid=ThreadId(1) display_apply elapsed_ms=1 uri=nfs://DietPi.local/mnt/4TBS/pics-sport/local%20choice/FB-LCC/DSC_1271.jpg
PIC_VIEWER t_ms=10463 tid=ThreadId(1) display_done lane=foreground source=decode navigation_ms=56 uri=nfs://DietPi.local/mnt/4TBS/pics-sport/local%20choice/FB-LCC/DSC_1271.jpg
PIC_VIEWER t_ms=10463 tid=ThreadId(1) navigation_dispatch source=wheel_coalesced from_index=41 to_index=45 direction=1
PIC_VIEWER t_ms=10463 tid=ThreadId(1) infobar_update source=wheel index=45 uri=nfs://DietPi.local/mnt/4TBS/pics-sport/local%20choice/FB-LCC/DSC_1275.jpg
PIC_VIEWER t_ms=10464 tid=ThreadId(1) show_photo_request generation=34 index=45 uri=nfs://DietPi.local/mnt/4TBS/pics-sport/local%20choice/FB-LCC/DSC_1275.jpg
PIC_VIEWER t_ms=10464 tid=ThreadId(1) request lane=foreground action=new uri=nfs://DietPi.local/mnt/4TBS/pics-sport/local%20choice/FB-LCC/DSC_1275.jpg variant=1124x794
PIC_VIEWER t_ms=10464 tid=ThreadId(55) decode_start uri=nfs://DietPi.local/mnt/4TBS/pics-sport/local%20choice/FB-LCC/DSC_1275.jpg variant=1124x794 queue_ms=0
PIC_VIEWER source_cache lane=foreground action=miss uri=nfs://DietPi.local/mnt/4TBS/pics-sport/local%20choice/FB-LCC/DSC_1275.jpg
PIC_VIEWER network_slot lane=foreground wait_ms=0 uri=nfs://DietPi.local/mnt/4TBS/pics-sport/local%20choice/FB-LCC/DSC_1275.jpg
PIC_NETWORK tid=ThreadId(55) PRIVATE_NFS export_cache_hit host=DietPi.local count=5
PIC_NETWORK tid=ThreadId(55) PRIVATE_NFS read_start uri=nfs://DietPi.local/mnt/4TBS/pics-sport/local%20choice/FB-LCC/DSC_1275.jpg max_bytes=134217728
PIC_NFS stage=read_session_lock elapsed_ms=0 tid=140000213587648 host=DietPi.local export=/mnt/4TBS relative=/pics-sport/local choice/FB-LCC/DSC_1275.jpg outcome=acquired
PIC_NFS_CONNECT reuse host=DietPi.local export=/mnt/4TBS
PIC_NFS stage=file_open elapsed_ms=2 tid=140000213587648 host=DietPi.local export=/mnt/4TBS relative=/pics-sport/local choice/FB-LCC/DSC_1275.jpg outcome=ok
PIC_NFS stage=first_read elapsed_ms=2 tid=140000213587648 host=DietPi.local export=/mnt/4TBS relative=/pics-sport/local choice/FB-LCC/DSC_1275.jpg outcome=ok bytes=65536
PIC_VIEWER t_ms=10470 tid=ThreadId(1) wheel_event dy=1
PIC_VIEWER t_ms=10471 tid=ThreadId(1) wheel_accumulate current_index=45 target_index=46 direction=1
PIC_NFS stage=file_read_complete elapsed_ms=21 tid=140000213587648 host=DietPi.local export=/mnt/4TBS relative=/pics-sport/local choice/FB-LCC/DSC_1275.jpg outcome=ok bytes=1192321 calls=7
PIC_NETWORK tid=ThreadId(55) PRIVATE_NFS read_done bytes=1192321 elapsed_ms=23 uri=nfs://DietPi.local/mnt/4TBS/pics-sport/local%20choice/FB-LCC/DSC_1275.jpg
PIC_VIEWER source_cache action=insert bytes=1192321 uri=nfs://DietPi.local/mnt/4TBS/pics-sport/local%20choice/FB-LCC/DSC_1275.jpg
PIC_VIEWER source_cache action=evict bytes=1281462 uri=nfs://DietPi.local/mnt/4TBS/pics-sport/local%20choice/FB-LCC/DSC_1249.jpg
PIC_VIEWER network_done lane=foreground read_ms=23 bytes=1192321 source=network outcome=ok uri=nfs://DietPi.local/mnt/4TBS/pics-sport/local%20choice/FB-LCC/DSC_1275.jpg
PIC_VIEWER decode_stage source_ms=23 cpu_ms=34 uri=nfs://DietPi.local/mnt/4TBS/pics-sport/local%20choice/FB-LCC/DSC_1275.jpg
PIC_VIEWER t_ms=10524 tid=ThreadId(55) decode_done uri=nfs://DietPi.local/mnt/4TBS/pics-sport/local%20choice/FB-LCC/DSC_1275.jpg variant=1124x794 elapsed_ms=60 outcome=ok
PIC_VIEWER t_ms=10526 tid=ThreadId(1) display_apply elapsed_ms=1 uri=nfs://DietPi.local/mnt/4TBS/pics-sport/local%20choice/FB-LCC/DSC_1275.jpg
PIC_VIEWER t_ms=10526 tid=ThreadId(1) display_done lane=foreground source=decode navigation_ms=62 uri=nfs://DietPi.local/mnt/4TBS/pics-sport/local%20choice/FB-LCC/DSC_1275.jpg
PIC_VIEWER t_ms=10526 tid=ThreadId(1) navigation_dispatch source=wheel_coalesced from_index=45 to_index=46 direction=1
PIC_VIEWER t_ms=10526 tid=ThreadId(1) infobar_update source=wheel index=46 uri=nfs://DietPi.local/mnt/4TBS/pics-sport/local%20choice/FB-LCC/DSC_1276.jpg
PIC_VIEWER t_ms=10526 tid=ThreadId(1) show_photo_request generation=35 index=46 uri=nfs://DietPi.local/mnt/4TBS/pics-sport/local%20choice/FB-LCC/DSC_1276.jpg
PIC_VIEWER t_ms=10526 tid=ThreadId(1) request lane=foreground action=new uri=nfs://DietPi.local/mnt/4TBS/pics-sport/local%20choice/FB-LCC/DSC_1276.jpg variant=1124x794
PIC_VIEWER t_ms=10526 tid=ThreadId(56) decode_start uri=nfs://DietPi.local/mnt/4TBS/pics-sport/local%20choice/FB-LCC/DSC_1276.jpg variant=1124x794 queue_ms=0
PIC_VIEWER source_cache lane=foreground action=miss uri=nfs://DietPi.local/mnt/4TBS/pics-sport/local%20choice/FB-LCC/DSC_1276.jpg
PIC_VIEWER network_slot lane=foreground wait_ms=0 uri=nfs://DietPi.local/mnt/4TBS/pics-sport/local%20choice/FB-LCC/DSC_1276.jpg
PIC_NETWORK tid=ThreadId(56) PRIVATE_NFS export_cache_hit host=DietPi.local count=5
PIC_NETWORK tid=ThreadId(56) PRIVATE_NFS read_start uri=nfs://DietPi.local/mnt/4TBS/pics-sport/local%20choice/FB-LCC/DSC_1276.jpg max_bytes=134217728
PIC_NFS stage=read_session_lock elapsed_ms=0 tid=140000213587648 host=DietPi.local export=/mnt/4TBS relative=/pics-sport/local choice/FB-LCC/DSC_1276.jpg outcome=acquired
PIC_NFS_CONNECT reuse host=DietPi.local export=/mnt/4TBS
PIC_NFS stage=file_open elapsed_ms=2 tid=140000213587648 host=DietPi.local export=/mnt/4TBS relative=/pics-sport/local choice/FB-LCC/DSC_1276.jpg outcome=ok
PIC_NFS stage=first_read elapsed_ms=1 tid=140000213587648 host=DietPi.local export=/mnt/4TBS relative=/pics-sport/local choice/FB-LCC/DSC_1276.jpg outcome=ok bytes=65536
PIC_NFS stage=file_read_complete elapsed_ms=17 tid=140000213587648 host=DietPi.local export=/mnt/4TBS relative=/pics-sport/local choice/FB-LCC/DSC_1276.jpg outcome=ok bytes=1130302 calls=7
PIC_NETWORK tid=ThreadId(56) PRIVATE_NFS read_done bytes=1130302 elapsed_ms=19 uri=nfs://DietPi.local/mnt/4TBS/pics-sport/local%20choice/FB-LCC/DSC_1276.jpg
PIC_VIEWER source_cache action=insert bytes=1130302 uri=nfs://DietPi.local/mnt/4TBS/pics-sport/local%20choice/FB-LCC/DSC_1276.jpg
PIC_VIEWER source_cache action=evict bytes=1191833 uri=nfs://DietPi.local/mnt/4TBS/pics-sport/local%20choice/FB-LCC/DSC_1250.jpg
PIC_VIEWER network_done lane=foreground read_ms=19 bytes=1130302 source=network outcome=ok uri=nfs://DietPi.local/mnt/4TBS/pics-sport/local%20choice/FB-LCC/DSC_1276.jpg
PIC_VIEWER decode_stage source_ms=19 cpu_ms=33 uri=nfs://DietPi.local/mnt/4TBS/pics-sport/local%20choice/FB-LCC/DSC_1276.jpg
PIC_VIEWER t_ms=10582 tid=ThreadId(56) decode_done uri=nfs://DietPi.local/mnt/4TBS/pics-sport/local%20choice/FB-LCC/DSC_1276.jpg variant=1124x794 elapsed_ms=55 outcome=ok
PIC_VIEWER t_ms=10584 tid=ThreadId(1) display_apply elapsed_ms=1 uri=nfs://DietPi.local/mnt/4TBS/pics-sport/local%20choice/FB-LCC/DSC_1276.jpg
PIC_VIEWER t_ms=10584 tid=ThreadId(1) display_done lane=foreground source=decode navigation_ms=57 uri=nfs://DietPi.local/mnt/4TBS/pics-sport/local%20choice/FB-LCC/DSC_1276.jpg
PIC_VIEWER t_ms=10710 tid=ThreadId(1) wheel_event dy=1
PIC_VIEWER t_ms=10710 tid=ThreadId(1) navigation_dispatch source=wheel from_index=46 to_index=47 direction=1
PIC_VIEWER t_ms=10710 tid=ThreadId(1) infobar_update source=wheel index=47 uri=nfs://DietPi.local/mnt/4TBS/pics-sport/local%20choice/FB-LCC/DSC_1277.jpg
PIC_VIEWER t_ms=10711 tid=ThreadId(1) show_photo_request generation=36 index=47 uri=nfs://DietPi.local/mnt/4TBS/pics-sport/local%20choice/FB-LCC/DSC_1277.jpg
PIC_VIEWER t_ms=10711 tid=ThreadId(1) request lane=foreground action=new uri=nfs://DietPi.local/mnt/4TBS/pics-sport/local%20choice/FB-LCC/DSC_1277.jpg variant=1124x794
PIC_VIEWER t_ms=10711 tid=ThreadId(57) decode_start uri=nfs://DietPi.local/mnt/4TBS/pics-sport/local%20choice/FB-LCC/DSC_1277.jpg variant=1124x794 queue_ms=0
PIC_VIEWER source_cache lane=foreground action=miss uri=nfs://DietPi.local/mnt/4TBS/pics-sport/local%20choice/FB-LCC/DSC_1277.jpg
PIC_VIEWER network_slot lane=foreground wait_ms=0 uri=nfs://DietPi.local/mnt/4TBS/pics-sport/local%20choice/FB-LCC/DSC_1277.jpg
PIC_NETWORK tid=ThreadId(57) PRIVATE_NFS export_cache_hit host=DietPi.local count=5
PIC_NETWORK tid=ThreadId(57) PRIVATE_NFS read_start uri=nfs://DietPi.local/mnt/4TBS/pics-sport/local%20choice/FB-LCC/DSC_1277.jpg max_bytes=134217728
PIC_NFS stage=read_session_lock elapsed_ms=0 tid=140000213587648 host=DietPi.local export=/mnt/4TBS relative=/pics-sport/local choice/FB-LCC/DSC_1277.jpg outcome=acquired
PIC_NFS_CONNECT reuse host=DietPi.local export=/mnt/4TBS
PIC_NFS stage=file_open elapsed_ms=2 tid=140000213587648 host=DietPi.local export=/mnt/4TBS relative=/pics-sport/local choice/FB-LCC/DSC_1277.jpg outcome=ok
PIC_NFS stage=first_read elapsed_ms=2 tid=140000213587648 host=DietPi.local export=/mnt/4TBS relative=/pics-sport/local choice/FB-LCC/DSC_1277.jpg outcome=ok bytes=65536
PIC_VIEWER t_ms=10726 tid=ThreadId(1) wheel_event dy=1
PIC_VIEWER t_ms=10726 tid=ThreadId(1) wheel_accumulate current_index=47 target_index=48 direction=1
PIC_NFS stage=file_read_complete elapsed_ms=18 tid=140000213587648 host=DietPi.local export=/mnt/4TBS relative=/pics-sport/local choice/FB-LCC/DSC_1277.jpg outcome=ok bytes=1224901 calls=7
PIC_NETWORK tid=ThreadId(57) PRIVATE_NFS read_done bytes=1224901 elapsed_ms=20 uri=nfs://DietPi.local/mnt/4TBS/pics-sport/local%20choice/FB-LCC/DSC_1277.jpg
PIC_VIEWER source_cache action=insert bytes=1224901 uri=nfs://DietPi.local/mnt/4TBS/pics-sport/local%20choice/FB-LCC/DSC_1277.jpg
PIC_VIEWER source_cache action=evict bytes=1405871 uri=nfs://DietPi.local/mnt/4TBS/pics-sport/local%20choice/FB-LCC/DSC_1252.jpg
PIC_VIEWER network_done lane=foreground read_ms=20 bytes=1224901 source=network outcome=ok uri=nfs://DietPi.local/mnt/4TBS/pics-sport/local%20choice/FB-LCC/DSC_1277.jpg
PIC_VIEWER t_ms=10734 tid=ThreadId(1) wheel_event dy=2
PIC_VIEWER t_ms=10734 tid=ThreadId(1) wheel_accumulate current_index=47 target_index=49 direction=1
PIC_VIEWER t_ms=10743 tid=ThreadId(1) wheel_event dy=1
PIC_VIEWER t_ms=10743 tid=ThreadId(1) wheel_accumulate current_index=47 target_index=50 direction=1
PIC_VIEWER t_ms=10750 tid=ThreadId(1) wheel_event dy=2
PIC_VIEWER t_ms=10750 tid=ThreadId(1) wheel_accumulate current_index=47 target_index=51 direction=1
PIC_VIEWER t_ms=10759 tid=ThreadId(1) wheel_event dy=1
PIC_VIEWER t_ms=10759 tid=ThreadId(1) wheel_accumulate current_index=47 target_index=52 direction=1
PIC_VIEWER decode_stage source_ms=20 cpu_ms=34 uri=nfs://DietPi.local/mnt/4TBS/pics-sport/local%20choice/FB-LCC/DSC_1277.jpg
PIC_VIEWER t_ms=10769 tid=ThreadId(57) decode_done uri=nfs://DietPi.local/mnt/4TBS/pics-sport/local%20choice/FB-LCC/DSC_1277.jpg variant=1124x794 elapsed_ms=57 outcome=ok
PIC_VIEWER t_ms=10771 tid=ThreadId(1) display_apply elapsed_ms=1 uri=nfs://DietPi.local/mnt/4TBS/pics-sport/local%20choice/FB-LCC/DSC_1277.jpg
PIC_VIEWER t_ms=10771 tid=ThreadId(1) display_done lane=foreground source=decode navigation_ms=59 uri=nfs://DietPi.local/mnt/4TBS/pics-sport/local%20choice/FB-LCC/DSC_1277.jpg
PIC_VIEWER t_ms=10771 tid=ThreadId(1) navigation_dispatch source=wheel_coalesced from_index=47 to_index=52 direction=1
PIC_VIEWER t_ms=10771 tid=ThreadId(1) infobar_update source=wheel index=52 uri=nfs://DietPi.local/mnt/4TBS/pics-sport/local%20choice/FB-LCC/DSC_1282.jpg
PIC_VIEWER t_ms=10771 tid=ThreadId(1) show_photo_request generation=37 index=52 uri=nfs://DietPi.local/mnt/4TBS/pics-sport/local%20choice/FB-LCC/DSC_1282.jpg
PIC_VIEWER t_ms=10771 tid=ThreadId(1) request lane=foreground action=new uri=nfs://DietPi.local/mnt/4TBS/pics-sport/local%20choice/FB-LCC/DSC_1282.jpg variant=1124x794
PIC_VIEWER t_ms=10771 tid=ThreadId(58) decode_start uri=nfs://DietPi.local/mnt/4TBS/pics-sport/local%20choice/FB-LCC/DSC_1282.jpg variant=1124x794 queue_ms=0
PIC_VIEWER source_cache lane=foreground action=miss uri=nfs://DietPi.local/mnt/4TBS/pics-sport/local%20choice/FB-LCC/DSC_1282.jpg
PIC_VIEWER network_slot lane=foreground wait_ms=0 uri=nfs://DietPi.local/mnt/4TBS/pics-sport/local%20choice/FB-LCC/DSC_1282.jpg
PIC_NETWORK tid=ThreadId(58) PRIVATE_NFS export_cache_hit host=DietPi.local count=5
PIC_NETWORK tid=ThreadId(58) PRIVATE_NFS read_start uri=nfs://DietPi.local/mnt/4TBS/pics-sport/local%20choice/FB-LCC/DSC_1282.jpg max_bytes=134217728
PIC_NFS stage=read_session_lock elapsed_ms=0 tid=140000213587648 host=DietPi.local export=/mnt/4TBS relative=/pics-sport/local choice/FB-LCC/DSC_1282.jpg outcome=acquired
PIC_NFS_CONNECT reuse host=DietPi.local export=/mnt/4TBS
PIC_NFS stage=file_open elapsed_ms=1 tid=140000213587648 host=DietPi.local export=/mnt/4TBS relative=/pics-sport/local choice/FB-LCC/DSC_1282.jpg outcome=ok
PIC_VIEWER t_ms=10775 tid=ThreadId(1) wheel_event dy=1
PIC_VIEWER t_ms=10775 tid=ThreadId(1) wheel_accumulate current_index=52 target_index=53 direction=1
PIC_NFS stage=first_read elapsed_ms=12 tid=140000213587648 host=DietPi.local export=/mnt/4TBS relative=/pics-sport/local choice/FB-LCC/DSC_1282.jpg outcome=ok bytes=65536
PIC_NFS stage=file_read_complete elapsed_ms=29 tid=140000213587648 host=DietPi.local export=/mnt/4TBS relative=/pics-sport/local choice/FB-LCC/DSC_1282.jpg outcome=ok bytes=1140684 calls=7
PIC_NETWORK tid=ThreadId(58) PRIVATE_NFS read_done bytes=1140684 elapsed_ms=30 uri=nfs://DietPi.local/mnt/4TBS/pics-sport/local%20choice/FB-LCC/DSC_1282.jpg
PIC_VIEWER source_cache action=insert bytes=1140684 uri=nfs://DietPi.local/mnt/4TBS/pics-sport/local%20choice/FB-LCC/DSC_1282.jpg
PIC_VIEWER source_cache action=evict bytes=1509700 uri=nfs://DietPi.local/mnt/4TBS/pics-sport/local%20choice/FB-LCC/DSC_1253.jpg
PIC_VIEWER network_done lane=foreground read_ms=30 bytes=1140684 source=network outcome=ok uri=nfs://DietPi.local/mnt/4TBS/pics-sport/local%20choice/FB-LCC/DSC_1282.jpg
PIC_VIEWER decode_stage source_ms=30 cpu_ms=34 uri=nfs://DietPi.local/mnt/4TBS/pics-sport/local%20choice/FB-LCC/DSC_1282.jpg
PIC_VIEWER t_ms=10839 tid=ThreadId(58) decode_done uri=nfs://DietPi.local/mnt/4TBS/pics-sport/local%20choice/FB-LCC/DSC_1282.jpg variant=1124x794 elapsed_ms=67 outcome=ok
PIC_VIEWER t_ms=10841 tid=ThreadId(1) display_apply elapsed_ms=1 uri=nfs://DietPi.local/mnt/4TBS/pics-sport/local%20choice/FB-LCC/DSC_1282.jpg
PIC_VIEWER t_ms=10841 tid=ThreadId(1) display_done lane=foreground source=decode navigation_ms=69 uri=nfs://DietPi.local/mnt/4TBS/pics-sport/local%20choice/FB-LCC/DSC_1282.jpg
PIC_VIEWER t_ms=10841 tid=ThreadId(1) navigation_dispatch source=wheel_coalesced from_index=52 to_index=53 direction=1
PIC_VIEWER t_ms=10841 tid=ThreadId(1) infobar_update source=wheel index=53 uri=nfs://DietPi.local/mnt/4TBS/pics-sport/local%20choice/FB-LCC/DSC_1283.jpg
PIC_VIEWER t_ms=10841 tid=ThreadId(1) show_photo_request generation=38 index=53 uri=nfs://DietPi.local/mnt/4TBS/pics-sport/local%20choice/FB-LCC/DSC_1283.jpg
PIC_VIEWER t_ms=10841 tid=ThreadId(1) request lane=foreground action=new uri=nfs://DietPi.local/mnt/4TBS/pics-sport/local%20choice/FB-LCC/DSC_1283.jpg variant=1124x794
PIC_VIEWER t_ms=10841 tid=ThreadId(59) decode_start uri=nfs://DietPi.local/mnt/4TBS/pics-sport/local%20choice/FB-LCC/DSC_1283.jpg variant=1124x794 queue_ms=0
PIC_VIEWER source_cache lane=foreground action=miss uri=nfs://DietPi.local/mnt/4TBS/pics-sport/local%20choice/FB-LCC/DSC_1283.jpg
PIC_VIEWER network_slot lane=foreground wait_ms=0 uri=nfs://DietPi.local/mnt/4TBS/pics-sport/local%20choice/FB-LCC/DSC_1283.jpg
PIC_NETWORK tid=ThreadId(59) PRIVATE_NFS export_cache_hit host=DietPi.local count=5
PIC_NETWORK tid=ThreadId(59) PRIVATE_NFS read_start uri=nfs://DietPi.local/mnt/4TBS/pics-sport/local%20choice/FB-LCC/DSC_1283.jpg max_bytes=134217728
PIC_NFS stage=read_session_lock elapsed_ms=0 tid=140000213587648 host=DietPi.local export=/mnt/4TBS relative=/pics-sport/local choice/FB-LCC/DSC_1283.jpg outcome=acquired
PIC_NFS_CONNECT reuse host=DietPi.local export=/mnt/4TBS
PIC_NFS stage=file_open elapsed_ms=2 tid=140000213587648 host=DietPi.local export=/mnt/4TBS relative=/pics-sport/local choice/FB-LCC/DSC_1283.jpg outcome=ok
PIC_NFS stage=first_read elapsed_ms=2 tid=140000213587648 host=DietPi.local export=/mnt/4TBS relative=/pics-sport/local choice/FB-LCC/DSC_1283.jpg outcome=ok bytes=65536
PIC_NFS stage=file_read_complete elapsed_ms=16 tid=140000213587648 host=DietPi.local export=/mnt/4TBS relative=/pics-sport/local choice/FB-LCC/DSC_1283.jpg outcome=ok bytes=1041766 calls=6
PIC_NETWORK tid=ThreadId(59) PRIVATE_NFS read_done bytes=1041766 elapsed_ms=18 uri=nfs://DietPi.local/mnt/4TBS/pics-sport/local%20choice/FB-LCC/DSC_1283.jpg
PIC_VIEWER source_cache action=insert bytes=1041766 uri=nfs://DietPi.local/mnt/4TBS/pics-sport/local%20choice/FB-LCC/DSC_1283.jpg
PIC_VIEWER source_cache action=evict bytes=1337567 uri=nfs://DietPi.local/mnt/4TBS/pics-sport/local%20choice/FB-LCC/DSC_1255.jpg
PIC_VIEWER network_done lane=foreground read_ms=18 bytes=1041766 source=network outcome=ok uri=nfs://DietPi.local/mnt/4TBS/pics-sport/local%20choice/FB-LCC/DSC_1283.jpg
PIC_VIEWER decode_stage source_ms=18 cpu_ms=31 uri=nfs://DietPi.local/mnt/4TBS/pics-sport/local%20choice/FB-LCC/DSC_1283.jpg
PIC_VIEWER t_ms=10894 tid=ThreadId(59) decode_done uri=nfs://DietPi.local/mnt/4TBS/pics-sport/local%20choice/FB-LCC/DSC_1283.jpg variant=1124x794 elapsed_ms=52 outcome=ok
PIC_VIEWER t_ms=10896 tid=ThreadId(1) display_apply elapsed_ms=1 uri=nfs://DietPi.local/mnt/4TBS/pics-sport/local%20choice/FB-LCC/DSC_1283.jpg
PIC_VIEWER t_ms=10896 tid=ThreadId(1) display_done lane=foreground source=decode navigation_ms=54 uri=nfs://DietPi.local/mnt/4TBS/pics-sport/local%20choice/FB-LCC/DSC_1283.jpg
PIC_VIEWER t_ms=10896 tid=ThreadId(1) cache_evict uri=nfs://DietPi.local/mnt/4TBS/pics-sport/local%20choice/FB-LCC/DSC_1137.jpg bytes=3372000 remaining_entries=32 remaining_bytes=107805088
PIC_VIEWER t_ms=11015 tid=ThreadId(1) wheel_event dy=-1
PIC_VIEWER t_ms=11015 tid=ThreadId(1) navigation_dispatch source=wheel from_index=53 to_index=52 direction=-1
PIC_VIEWER t_ms=11015 tid=ThreadId(1) infobar_update source=wheel index=52 uri=nfs://DietPi.local/mnt/4TBS/pics-sport/local%20choice/FB-LCC/DSC_1282.jpg
PIC_VIEWER t_ms=11015 tid=ThreadId(1) show_photo_request generation=39 index=52 uri=nfs://DietPi.local/mnt/4TBS/pics-sport/local%20choice/FB-LCC/DSC_1282.jpg
PIC_VIEWER t_ms=11015 tid=ThreadId(1) cache_hit lane=foreground uri=nfs://DietPi.local/mnt/4TBS/pics-sport/local%20choice/FB-LCC/DSC_1282.jpg
PIC_VIEWER t_ms=11015 tid=ThreadId(1) display_done lane=foreground source=texture_cache navigation_ms=0 uri=nfs://DietPi.local/mnt/4TBS/pics-sport/local%20choice/FB-LCC/DSC_1282.jpg
PIC_VIEWER t_ms=11030 tid=ThreadId(1) wheel_event dy=-1
PIC_VIEWER t_ms=11030 tid=ThreadId(1) navigation_dispatch source=wheel from_index=52 to_index=51 direction=-1
PIC_VIEWER t_ms=11030 tid=ThreadId(1) infobar_update source=wheel index=51 uri=nfs://DietPi.local/mnt/4TBS/pics-sport/local%20choice/FB-LCC/DSC_1281.jpg
PIC_VIEWER t_ms=11031 tid=ThreadId(1) show_photo_request generation=40 index=51 uri=nfs://DietPi.local/mnt/4TBS/pics-sport/local%20choice/FB-LCC/DSC_1281.jpg
PIC_VIEWER t_ms=11031 tid=ThreadId(1) request lane=foreground action=new uri=nfs://DietPi.local/mnt/4TBS/pics-sport/local%20choice/FB-LCC/DSC_1281.jpg variant=1124x794
PIC_VIEWER t_ms=11031 tid=ThreadId(60) decode_start uri=nfs://DietPi.local/mnt/4TBS/pics-sport/local%20choice/FB-LCC/DSC_1281.jpg variant=1124x794 queue_ms=0
PIC_VIEWER source_cache lane=foreground action=miss uri=nfs://DietPi.local/mnt/4TBS/pics-sport/local%20choice/FB-LCC/DSC_1281.jpg
PIC_VIEWER network_slot lane=foreground wait_ms=0 uri=nfs://DietPi.local/mnt/4TBS/pics-sport/local%20choice/FB-LCC/DSC_1281.jpg
PIC_NETWORK tid=ThreadId(60) PRIVATE_NFS export_cache_hit host=DietPi.local count=5
PIC_NETWORK tid=ThreadId(60) PRIVATE_NFS read_start uri=nfs://DietPi.local/mnt/4TBS/pics-sport/local%20choice/FB-LCC/DSC_1281.jpg max_bytes=134217728
PIC_NFS stage=read_session_lock elapsed_ms=0 tid=140000213587648 host=DietPi.local export=/mnt/4TBS relative=/pics-sport/local choice/FB-LCC/DSC_1281.jpg outcome=acquired
PIC_NFS_CONNECT reuse host=DietPi.local export=/mnt/4TBS
PIC_NFS stage=file_open elapsed_ms=3 tid=140000213587648 host=DietPi.local export=/mnt/4TBS relative=/pics-sport/local choice/FB-LCC/DSC_1281.jpg outcome=ok
PIC_VIEWER t_ms=11038 tid=ThreadId(1) wheel_event dy=-2
PIC_VIEWER t_ms=11038 tid=ThreadId(1) wheel_accumulate current_index=51 target_index=50 direction=-1
PIC_NFS stage=first_read elapsed_ms=11 tid=140000213587648 host=DietPi.local export=/mnt/4TBS relative=/pics-sport/local choice/FB-LCC/DSC_1281.jpg outcome=ok bytes=65536
PIC_VIEWER t_ms=11046 tid=ThreadId(1) wheel_event dy=-1
PIC_VIEWER t_ms=11046 tid=ThreadId(1) wheel_accumulate current_index=51 target_index=49 direction=-1
PIC_VIEWER t_ms=11054 tid=ThreadId(1) wheel_event dy=-1
PIC_VIEWER t_ms=11054 tid=ThreadId(1) wheel_accumulate current_index=51 target_index=48 direction=-1
PIC_NFS stage=file_read_complete elapsed_ms=27 tid=140000213587648 host=DietPi.local export=/mnt/4TBS relative=/pics-sport/local choice/FB-LCC/DSC_1281.jpg outcome=ok bytes=1115743 calls=7
PIC_NETWORK tid=ThreadId(60) PRIVATE_NFS read_done bytes=1115743 elapsed_ms=29 uri=nfs://DietPi.local/mnt/4TBS/pics-sport/local%20choice/FB-LCC/DSC_1281.jpg
PIC_VIEWER source_cache action=insert bytes=1115743 uri=nfs://DietPi.local/mnt/4TBS/pics-sport/local%20choice/FB-LCC/DSC_1281.jpg
PIC_VIEWER source_cache action=evict bytes=1351853 uri=nfs://DietPi.local/mnt/4TBS/pics-sport/local%20choice/FB-LCC/DSC_1257.jpg
PIC_VIEWER network_done lane=foreground read_ms=29 bytes=1115743 source=network outcome=ok uri=nfs://DietPi.local/mnt/4TBS/pics-sport/local%20choice/FB-LCC/DSC_1281.jpg
PIC_VIEWER t_ms=11062 tid=ThreadId(1) wheel_event dy=-1
PIC_VIEWER t_ms=11062 tid=ThreadId(1) wheel_accumulate current_index=51 target_index=47 direction=-1
PIC_VIEWER t_ms=11071 tid=ThreadId(1) wheel_event dy=-1
PIC_VIEWER t_ms=11071 tid=ThreadId(1) wheel_accumulate current_index=51 target_index=46 direction=-1
PIC_VIEWER t_ms=11078 tid=ThreadId(1) wheel_event dy=-1
PIC_VIEWER t_ms=11078 tid=ThreadId(1) wheel_accumulate current_index=51 target_index=45 direction=-1
PIC_VIEWER t_ms=11086 tid=ThreadId(1) wheel_event dy=-1
PIC_VIEWER t_ms=11086 tid=ThreadId(1) wheel_accumulate current_index=51 target_index=44 direction=-1
PIC_VIEWER decode_stage source_ms=29 cpu_ms=34 uri=nfs://DietPi.local/mnt/4TBS/pics-sport/local%20choice/FB-LCC/DSC_1281.jpg
PIC_VIEWER t_ms=11097 tid=ThreadId(60) decode_done uri=nfs://DietPi.local/mnt/4TBS/pics-sport/local%20choice/FB-LCC/DSC_1281.jpg variant=1124x794 elapsed_ms=66 outcome=ok
PIC_VIEWER t_ms=11097 tid=ThreadId(1) display_apply elapsed_ms=0 uri=nfs://DietPi.local/mnt/4TBS/pics-sport/local%20choice/FB-LCC/DSC_1281.jpg
PIC_VIEWER t_ms=11097 tid=ThreadId(1) display_done lane=foreground source=decode navigation_ms=66 uri=nfs://DietPi.local/mnt/4TBS/pics-sport/local%20choice/FB-LCC/DSC_1281.jpg
PIC_VIEWER t_ms=11097 tid=ThreadId(1) cache_evict uri=nfs://DietPi.local/mnt/4TBS/pics-sport/local%20choice/FB-LCC/DSC_1194.jpg bytes=3372000 remaining_entries=32 remaining_bytes=107800592
PIC_VIEWER t_ms=11098 tid=ThreadId(1) navigation_dispatch source=wheel_coalesced from_index=51 to_index=44 direction=-1
PIC_VIEWER t_ms=11098 tid=ThreadId(1) infobar_update source=wheel index=44 uri=nfs://DietPi.local/mnt/4TBS/pics-sport/local%20choice/FB-LCC/DSC_1274.jpg
PIC_VIEWER t_ms=11098 tid=ThreadId(1) show_photo_request generation=41 index=44 uri=nfs://DietPi.local/mnt/4TBS/pics-sport/local%20choice/FB-LCC/DSC_1274.jpg
PIC_VIEWER t_ms=11098 tid=ThreadId(1) request lane=foreground action=new uri=nfs://DietPi.local/mnt/4TBS/pics-sport/local%20choice/FB-LCC/DSC_1274.jpg variant=1124x794
PIC_VIEWER t_ms=11098 tid=ThreadId(61) decode_start uri=nfs://DietPi.local/mnt/4TBS/pics-sport/local%20choice/FB-LCC/DSC_1274.jpg variant=1124x794 queue_ms=0
PIC_VIEWER source_cache lane=foreground action=miss uri=nfs://DietPi.local/mnt/4TBS/pics-sport/local%20choice/FB-LCC/DSC_1274.jpg
PIC_VIEWER network_slot lane=foreground wait_ms=0 uri=nfs://DietPi.local/mnt/4TBS/pics-sport/local%20choice/FB-LCC/DSC_1274.jpg
PIC_NETWORK tid=ThreadId(61) PRIVATE_NFS export_cache_hit host=DietPi.local count=5
PIC_NETWORK tid=ThreadId(61) PRIVATE_NFS read_start uri=nfs://DietPi.local/mnt/4TBS/pics-sport/local%20choice/FB-LCC/DSC_1274.jpg max_bytes=134217728
PIC_NFS stage=read_session_lock elapsed_ms=0 tid=140000213587648 host=DietPi.local export=/mnt/4TBS relative=/pics-sport/local choice/FB-LCC/DSC_1274.jpg outcome=acquired
PIC_NFS_CONNECT reuse host=DietPi.local export=/mnt/4TBS
PIC_NFS stage=file_open elapsed_ms=2 tid=140000213587648 host=DietPi.local export=/mnt/4TBS relative=/pics-sport/local choice/FB-LCC/DSC_1274.jpg outcome=ok
PIC_NFS stage=first_read elapsed_ms=2 tid=140000213587648 host=DietPi.local export=/mnt/4TBS relative=/pics-sport/local choice/FB-LCC/DSC_1274.jpg outcome=ok bytes=65536
PIC_NFS stage=file_read_complete elapsed_ms=19 tid=140000213587648 host=DietPi.local export=/mnt/4TBS relative=/pics-sport/local choice/FB-LCC/DSC_1274.jpg outcome=ok bytes=1154206 calls=7
PIC_NETWORK tid=ThreadId(61) PRIVATE_NFS read_done bytes=1154206 elapsed_ms=20 uri=nfs://DietPi.local/mnt/4TBS/pics-sport/local%20choice/FB-LCC/DSC_1274.jpg
PIC_VIEWER source_cache action=insert bytes=1154206 uri=nfs://DietPi.local/mnt/4TBS/pics-sport/local%20choice/FB-LCC/DSC_1274.jpg
PIC_VIEWER source_cache action=evict bytes=1381155 uri=nfs://DietPi.local/mnt/4TBS/pics-sport/local%20choice/FB-LCC/DSC_1259.jpg
PIC_VIEWER network_done lane=foreground read_ms=20 bytes=1154206 source=network outcome=ok uri=nfs://DietPi.local/mnt/4TBS/pics-sport/local%20choice/FB-LCC/DSC_1274.jpg
PIC_VIEWER decode_stage source_ms=20 cpu_ms=34 uri=nfs://DietPi.local/mnt/4TBS/pics-sport/local%20choice/FB-LCC/DSC_1274.jpg
PIC_VIEWER t_ms=11155 tid=ThreadId(61) decode_done uri=nfs://DietPi.local/mnt/4TBS/pics-sport/local%20choice/FB-LCC/DSC_1274.jpg variant=1124x794 elapsed_ms=57 outcome=ok
PIC_VIEWER t_ms=11156 tid=ThreadId(1) display_apply elapsed_ms=0 uri=nfs://DietPi.local/mnt/4TBS/pics-sport/local%20choice/FB-LCC/DSC_1274.jpg
PIC_VIEWER t_ms=11156 tid=ThreadId(1) display_done lane=foreground source=decode navigation_ms=57 uri=nfs://DietPi.local/mnt/4TBS/pics-sport/local%20choice/FB-LCC/DSC_1274.jpg
PIC_VIEWER t_ms=11156 tid=ThreadId(1) cache_evict uri=nfs://DietPi.local/mnt/4TBS/pics-sport/local%20choice/FB-LCC/DSC_1197.jpg bytes=3372000 remaining_entries=32 remaining_bytes=107796096
PIC_VIEWER t_ms=11302 tid=ThreadId(1) wheel_event dy=-1
PIC_VIEWER t_ms=11303 tid=ThreadId(1) navigation_dispatch source=wheel from_index=44 to_index=43 direction=-1
PIC_VIEWER t_ms=11303 tid=ThreadId(1) infobar_update source=wheel index=43 uri=nfs://DietPi.local/mnt/4TBS/pics-sport/local%20choice/FB-LCC/DSC_1273.jpg
PIC_VIEWER t_ms=11303 tid=ThreadId(1) show_photo_request generation=42 index=43 uri=nfs://DietPi.local/mnt/4TBS/pics-sport/local%20choice/FB-LCC/DSC_1273.jpg
PIC_VIEWER t_ms=11303 tid=ThreadId(1) request lane=foreground action=new uri=nfs://DietPi.local/mnt/4TBS/pics-sport/local%20choice/FB-LCC/DSC_1273.jpg variant=1124x794
PIC_VIEWER t_ms=11303 tid=ThreadId(62) decode_start uri=nfs://DietPi.local/mnt/4TBS/pics-sport/local%20choice/FB-LCC/DSC_1273.jpg variant=1124x794 queue_ms=0
PIC_VIEWER source_cache lane=foreground action=miss uri=nfs://DietPi.local/mnt/4TBS/pics-sport/local%20choice/FB-LCC/DSC_1273.jpg
PIC_VIEWER network_slot lane=foreground wait_ms=0 uri=nfs://DietPi.local/mnt/4TBS/pics-sport/local%20choice/FB-LCC/DSC_1273.jpg
PIC_NETWORK tid=ThreadId(62) PRIVATE_NFS export_cache_hit host=DietPi.local count=5
PIC_NETWORK tid=ThreadId(62) PRIVATE_NFS read_start uri=nfs://DietPi.local/mnt/4TBS/pics-sport/local%20choice/FB-LCC/DSC_1273.jpg max_bytes=134217728
PIC_NFS stage=read_session_lock elapsed_ms=0 tid=140000213587648 host=DietPi.local export=/mnt/4TBS relative=/pics-sport/local choice/FB-LCC/DSC_1273.jpg outcome=acquired
PIC_NFS_CONNECT reuse host=DietPi.local export=/mnt/4TBS
PIC_NFS stage=file_open elapsed_ms=3 tid=140000213587648 host=DietPi.local export=/mnt/4TBS relative=/pics-sport/local choice/FB-LCC/DSC_1273.jpg outcome=ok
PIC_VIEWER t_ms=11310 tid=ThreadId(1) wheel_event dy=-1
PIC_VIEWER t_ms=11310 tid=ThreadId(1) wheel_accumulate current_index=43 target_index=42 direction=-1
PIC_NFS stage=first_read elapsed_ms=10 tid=140000213587648 host=DietPi.local export=/mnt/4TBS relative=/pics-sport/local choice/FB-LCC/DSC_1273.jpg outcome=ok bytes=65536
PIC_VIEWER t_ms=11319 tid=ThreadId(1) wheel_event dy=-1
PIC_VIEWER t_ms=11319 tid=ThreadId(1) wheel_accumulate current_index=43 target_index=41 direction=-1
PIC_VIEWER t_ms=11326 tid=ThreadId(1) wheel_event dy=-2
PIC_VIEWER t_ms=11326 tid=ThreadId(1) wheel_accumulate current_index=43 target_index=40 direction=-1
PIC_NFS stage=file_read_complete elapsed_ms=27 tid=140000213587648 host=DietPi.local export=/mnt/4TBS relative=/pics-sport/local choice/FB-LCC/DSC_1273.jpg outcome=ok bytes=1138888 calls=7
PIC_NETWORK tid=ThreadId(62) PRIVATE_NFS read_done bytes=1138888 elapsed_ms=29 uri=nfs://DietPi.local/mnt/4TBS/pics-sport/local%20choice/FB-LCC/DSC_1273.jpg
PIC_VIEWER source_cache action=insert bytes=1138888 uri=nfs://DietPi.local/mnt/4TBS/pics-sport/local%20choice/FB-LCC/DSC_1273.jpg
PIC_VIEWER source_cache action=evict bytes=1142026 uri=nfs://DietPi.local/mnt/4TBS/pics-sport/local%20choice/FB-LCC/DSC_1260.jpg
PIC_VIEWER network_done lane=foreground read_ms=29 bytes=1138888 source=network outcome=ok uri=nfs://DietPi.local/mnt/4TBS/pics-sport/local%20choice/FB-LCC/DSC_1273.jpg
PIC_VIEWER t_ms=11335 tid=ThreadId(1) wheel_event dy=-1
PIC_VIEWER t_ms=11335 tid=ThreadId(1) wheel_accumulate current_index=43 target_index=39 direction=-1
PIC_VIEWER t_ms=11342 tid=ThreadId(1) wheel_event dy=-1
PIC_VIEWER t_ms=11343 tid=ThreadId(1) wheel_accumulate current_index=43 target_index=38 direction=-1
PIC_VIEWER t_ms=11350 tid=ThreadId(1) wheel_event dy=-1
PIC_VIEWER t_ms=11350 tid=ThreadId(1) wheel_accumulate current_index=43 target_index=37 direction=-1
PIC_VIEWER t_ms=11358 tid=ThreadId(1) wheel_event dy=-1
PIC_VIEWER t_ms=11358 tid=ThreadId(1) wheel_accumulate current_index=43 target_index=36 direction=-1
PIC_VIEWER decode_stage source_ms=29 cpu_ms=35 uri=nfs://DietPi.local/mnt/4TBS/pics-sport/local%20choice/FB-LCC/DSC_1273.jpg
PIC_VIEWER t_ms=11371 tid=ThreadId(62) decode_done uri=nfs://DietPi.local/mnt/4TBS/pics-sport/local%20choice/FB-LCC/DSC_1273.jpg variant=1124x794 elapsed_ms=67 outcome=ok
PIC_VIEWER t_ms=11371 tid=ThreadId(1) display_apply elapsed_ms=0 uri=nfs://DietPi.local/mnt/4TBS/pics-sport/local%20choice/FB-LCC/DSC_1273.jpg
PIC_VIEWER t_ms=11371 tid=ThreadId(1) display_done lane=foreground source=decode navigation_ms=68 uri=nfs://DietPi.local/mnt/4TBS/pics-sport/local%20choice/FB-LCC/DSC_1273.jpg
PIC_VIEWER t_ms=11371 tid=ThreadId(1) cache_evict uri=nfs://DietPi.local/mnt/4TBS/pics-sport/local%20choice/FB-LCC/DSC_1199.jpg bytes=3372000 remaining_entries=32 remaining_bytes=107791600
PIC_VIEWER t_ms=11371 tid=ThreadId(1) navigation_dispatch source=wheel_coalesced from_index=43 to_index=36 direction=-1
PIC_VIEWER t_ms=11371 tid=ThreadId(1) infobar_update source=wheel index=36 uri=nfs://DietPi.local/mnt/4TBS/pics-sport/local%20choice/FB-LCC/DSC_1264.jpg
PIC_VIEWER t_ms=11372 tid=ThreadId(1) show_photo_request generation=43 index=36 uri=nfs://DietPi.local/mnt/4TBS/pics-sport/local%20choice/FB-LCC/DSC_1264.jpg
PIC_VIEWER t_ms=11372 tid=ThreadId(1) cache_hit lane=foreground uri=nfs://DietPi.local/mnt/4TBS/pics-sport/local%20choice/FB-LCC/DSC_1264.jpg
PIC_VIEWER t_ms=11372 tid=ThreadId(1) display_done lane=foreground source=texture_cache navigation_ms=0 uri=nfs://DietPi.local/mnt/4TBS/pics-sport/local%20choice/FB-LCC/DSC_1264.jpg
PIC_VIEWER t_ms=11590 tid=ThreadId(1) wheel_event dy=-1
PIC_VIEWER t_ms=11590 tid=ThreadId(1) navigation_dispatch source=wheel from_index=36 to_index=35 direction=-1
PIC_VIEWER t_ms=11590 tid=ThreadId(1) infobar_update source=wheel index=35 uri=nfs://DietPi.local/mnt/4TBS/pics-sport/local%20choice/FB-LCC/DSC_1263.jpg
PIC_VIEWER t_ms=11591 tid=ThreadId(1) show_photo_request generation=44 index=35 uri=nfs://DietPi.local/mnt/4TBS/pics-sport/local%20choice/FB-LCC/DSC_1263.jpg
PIC_VIEWER t_ms=11591 tid=ThreadId(1) cache_hit lane=foreground uri=nfs://DietPi.local/mnt/4TBS/pics-sport/local%20choice/FB-LCC/DSC_1263.jpg
PIC_VIEWER t_ms=11591 tid=ThreadId(1) display_done lane=foreground source=texture_cache navigation_ms=0 uri=nfs://DietPi.local/mnt/4TBS/pics-sport/local%20choice/FB-LCC/DSC_1263.jpg
PIC_VIEWER t_ms=11598 tid=ThreadId(1) wheel_event dy=-1
PIC_VIEWER t_ms=11598 tid=ThreadId(1) navigation_dispatch source=wheel from_index=35 to_index=34 direction=-1
PIC_VIEWER t_ms=11598 tid=ThreadId(1) infobar_update source=wheel index=34 uri=nfs://DietPi.local/mnt/4TBS/pics-sport/local%20choice/FB-LCC/DSC_1262.jpg
PIC_VIEWER t_ms=11599 tid=ThreadId(1) show_photo_request generation=45 index=34 uri=nfs://DietPi.local/mnt/4TBS/pics-sport/local%20choice/FB-LCC/DSC_1262.jpg
PIC_VIEWER t_ms=11599 tid=ThreadId(1) cache_hit lane=foreground uri=nfs://DietPi.local/mnt/4TBS/pics-sport/local%20choice/FB-LCC/DSC_1262.jpg
PIC_VIEWER t_ms=11599 tid=ThreadId(1) display_done lane=foreground source=texture_cache navigation_ms=0 uri=nfs://DietPi.local/mnt/4TBS/pics-sport/local%20choice/FB-LCC/DSC_1262.jpg
PIC_VIEWER t_ms=11606 tid=ThreadId(1) wheel_event dy=-1
PIC_VIEWER t_ms=11606 tid=ThreadId(1) navigation_dispatch source=wheel from_index=34 to_index=33 direction=-1
PIC_VIEWER t_ms=11607 tid=ThreadId(1) infobar_update source=wheel index=33 uri=nfs://DietPi.local/mnt/4TBS/pics-sport/local%20choice/FB-LCC/DSC_1260.jpg
PIC_VIEWER t_ms=11607 tid=ThreadId(1) show_photo_request generation=46 index=33 uri=nfs://DietPi.local/mnt/4TBS/pics-sport/local%20choice/FB-LCC/DSC_1260.jpg
PIC_VIEWER t_ms=11607 tid=ThreadId(1) cache_hit lane=foreground uri=nfs://DietPi.local/mnt/4TBS/pics-sport/local%20choice/FB-LCC/DSC_1260.jpg
PIC_VIEWER t_ms=11607 tid=ThreadId(1) display_done lane=foreground source=texture_cache navigation_ms=0 uri=nfs://DietPi.local/mnt/4TBS/pics-sport/local%20choice/FB-LCC/DSC_1260.jpg
PIC_VIEWER t_ms=11614 tid=ThreadId(1) wheel_event dy=-1
PIC_VIEWER t_ms=11614 tid=ThreadId(1) navigation_dispatch source=wheel from_index=33 to_index=32 direction=-1
PIC_VIEWER t_ms=11614 tid=ThreadId(1) infobar_update source=wheel index=32 uri=nfs://DietPi.local/mnt/4TBS/pics-sport/local%20choice/FB-LCC/DSC_1259.jpg
PIC_VIEWER t_ms=11615 tid=ThreadId(1) show_photo_request generation=47 index=32 uri=nfs://DietPi.local/mnt/4TBS/pics-sport/local%20choice/FB-LCC/DSC_1259.jpg
PIC_VIEWER t_ms=11615 tid=ThreadId(1) cache_hit lane=foreground uri=nfs://DietPi.local/mnt/4TBS/pics-sport/local%20choice/FB-LCC/DSC_1259.jpg
PIC_VIEWER t_ms=11615 tid=ThreadId(1) display_done lane=foreground source=texture_cache navigation_ms=0 uri=nfs://DietPi.local/mnt/4TBS/pics-sport/local%20choice/FB-LCC/DSC_1259.jpg
PIC_VIEWER t_ms=11622 tid=ThreadId(1) wheel_event dy=-1
PIC_VIEWER t_ms=11622 tid=ThreadId(1) navigation_dispatch source=wheel from_index=32 to_index=31 direction=-1
PIC_VIEWER t_ms=11622 tid=ThreadId(1) infobar_update source=wheel index=31 uri=nfs://DietPi.local/mnt/4TBS/pics-sport/local%20choice/FB-LCC/DSC_1257.jpg
PIC_VIEWER t_ms=11623 tid=ThreadId(1) show_photo_request generation=48 index=31 uri=nfs://DietPi.local/mnt/4TBS/pics-sport/local%20choice/FB-LCC/DSC_1257.jpg
PIC_VIEWER t_ms=11623 tid=ThreadId(1) cache_hit lane=foreground uri=nfs://DietPi.local/mnt/4TBS/pics-sport/local%20choice/FB-LCC/DSC_1257.jpg
PIC_VIEWER t_ms=11623 tid=ThreadId(1) display_done lane=foreground source=texture_cache navigation_ms=0 uri=nfs://DietPi.local/mnt/4TBS/pics-sport/local%20choice/FB-LCC/DSC_1257.jpg
PIC_VIEWER t_ms=11630 tid=ThreadId(1) wheel_event dy=-1
PIC_VIEWER t_ms=11630 tid=ThreadId(1) navigation_dispatch source=wheel from_index=31 to_index=30 direction=-1
PIC_VIEWER t_ms=11630 tid=ThreadId(1) infobar_update source=wheel index=30 uri=nfs://DietPi.local/mnt/4TBS/pics-sport/local%20choice/FB-LCC/DSC_1255.jpg
PIC_VIEWER t_ms=11631 tid=ThreadId(1) show_photo_request generation=49 index=30 uri=nfs://DietPi.local/mnt/4TBS/pics-sport/local%20choice/FB-LCC/DSC_1255.jpg
PIC_VIEWER t_ms=11631 tid=ThreadId(1) cache_hit lane=foreground uri=nfs://DietPi.local/mnt/4TBS/pics-sport/local%20choice/FB-LCC/DSC_1255.jpg
PIC_VIEWER t_ms=11631 tid=ThreadId(1) display_done lane=foreground source=texture_cache navigation_ms=0 uri=nfs://DietPi.local/mnt/4TBS/pics-sport/local%20choice/FB-LCC/DSC_1255.jpg
PIC_VIEWER t_ms=11638 tid=ThreadId(1) wheel_event dy=-1
PIC_VIEWER t_ms=11638 tid=ThreadId(1) navigation_dispatch source=wheel from_index=30 to_index=29 direction=-1
PIC_VIEWER t_ms=11638 tid=ThreadId(1) infobar_update source=wheel index=29 uri=nfs://DietPi.local/mnt/4TBS/pics-sport/local%20choice/FB-LCC/DSC_1253.jpg
PIC_VIEWER t_ms=11639 tid=ThreadId(1) show_photo_request generation=50 index=29 uri=nfs://DietPi.local/mnt/4TBS/pics-sport/local%20choice/FB-LCC/DSC_1253.jpg
PIC_VIEWER t_ms=11639 tid=ThreadId(1) cache_hit lane=foreground uri=nfs://DietPi.local/mnt/4TBS/pics-sport/local%20choice/FB-LCC/DSC_1253.jpg
PIC_VIEWER t_ms=11639 tid=ThreadId(1) display_done lane=foreground source=texture_cache navigation_ms=0 uri=nfs://DietPi.local/mnt/4TBS/pics-sport/local%20choice/FB-LCC/DSC_1253.jpg
PIC_VIEWER t_ms=11890 tid=ThreadId(1) cache_hit lane=prefetch uri=nfs://DietPi.local/mnt/4TBS/pics-sport/local%20choice/FB-LCC/DSC_1252.jpg
PIC_VIEWER t_ms=11890 tid=ThreadId(1) cache_hit lane=prefetch uri=nfs://DietPi.local/mnt/4TBS/pics-sport/local%20choice/FB-LCC/DSC_1255.jpg
PIC_VIEWER t_ms=12239 tid=ThreadId(1) show_photo_request generation=51 index=28 uri=nfs://DietPi.local/mnt/4TBS/pics-sport/local%20choice/FB-LCC/DSC_1252.jpg
PIC_VIEWER t_ms=12239 tid=ThreadId(1) cache_hit lane=foreground uri=nfs://DietPi.local/mnt/4TBS/pics-sport/local%20choice/FB-LCC/DSC_1252.jpg
PIC_VIEWER t_ms=12239 tid=ThreadId(1) display_done lane=foreground source=texture_cache navigation_ms=0 uri=nfs://DietPi.local/mnt/4TBS/pics-sport/local%20choice/FB-LCC/DSC_1252.jpg
PIC_VIEWER t_ms=12489 tid=ThreadId(1) cache_hit lane=prefetch uri=nfs://DietPi.local/mnt/4TBS/pics-sport/local%20choice/FB-LCC/DSC_1250.jpg
PIC_VIEWER t_ms=12489 tid=ThreadId(1) cache_hit lane=prefetch uri=nfs://DietPi.local/mnt/4TBS/pics-sport/local%20choice/FB-LCC/DSC_1253.jpg
PIC_VIEWER t_ms=12739 tid=ThreadId(1) show_photo_request generation=52 index=27 uri=nfs://DietPi.local/mnt/4TBS/pics-sport/local%20choice/FB-LCC/DSC_1250.jpg
PIC_VIEWER t_ms=12739 tid=ThreadId(1) cache_hit lane=foreground uri=nfs://DietPi.local/mnt/4TBS/pics-sport/local%20choice/FB-LCC/DSC_1250.jpg
PIC_VIEWER t_ms=12739 tid=ThreadId(1) display_done lane=foreground source=texture_cache navigation_ms=0 uri=nfs://DietPi.local/mnt/4TBS/pics-sport/local%20choice/FB-LCC/DSC_1250.jpg
PIC_VIEWER t_ms=12769 tid=ThreadId(1) show_photo_request generation=53 index=26 uri=nfs://DietPi.local/mnt/4TBS/pics-sport/local%20choice/FB-LCC/DSC_1249.jpg
PIC_VIEWER t_ms=12769 tid=ThreadId(1) cache_hit lane=foreground uri=nfs://DietPi.local/mnt/4TBS/pics-sport/local%20choice/FB-LCC/DSC_1249.jpg
PIC_VIEWER t_ms=12769 tid=ThreadId(1) display_done lane=foreground source=texture_cache navigation_ms=0 uri=nfs://DietPi.local/mnt/4TBS/pics-sport/local%20choice/FB-LCC/DSC_1249.jpg
PIC_VIEWER t_ms=12799 tid=ThreadId(1) show_photo_request generation=54 index=25 uri=nfs://DietPi.local/mnt/4TBS/pics-sport/local%20choice/FB-LCC/DSC_1245.jpg
PIC_VIEWER t_ms=12799 tid=ThreadId(1) cache_hit lane=foreground uri=nfs://DietPi.local/mnt/4TBS/pics-sport/local%20choice/FB-LCC/DSC_1245.jpg
PIC_VIEWER t_ms=12799 tid=ThreadId(1) display_done lane=foreground source=texture_cache navigation_ms=0 uri=nfs://DietPi.local/mnt/4TBS/pics-sport/local%20choice/FB-LCC/DSC_1245.jpg
PIC_VIEWER t_ms=12829 tid=ThreadId(1) show_photo_request generation=55 index=24 uri=nfs://DietPi.local/mnt/4TBS/pics-sport/local%20choice/FB-LCC/DSC_1240.jpg
PIC_VIEWER t_ms=12829 tid=ThreadId(1) cache_hit lane=foreground uri=nfs://DietPi.local/mnt/4TBS/pics-sport/local%20choice/FB-LCC/DSC_1240.jpg
PIC_VIEWER t_ms=12829 tid=ThreadId(1) display_done lane=foreground source=texture_cache navigation_ms=0 uri=nfs://DietPi.local/mnt/4TBS/pics-sport/local%20choice/FB-LCC/DSC_1240.jpg
PIC_VIEWER t_ms=12859 tid=ThreadId(1) show_photo_request generation=56 index=23 uri=nfs://DietPi.local/mnt/4TBS/pics-sport/local%20choice/FB-LCC/DSC_1239.jpg
PIC_VIEWER t_ms=12859 tid=ThreadId(1) cache_hit lane=foreground uri=nfs://DietPi.local/mnt/4TBS/pics-sport/local%20choice/FB-LCC/DSC_1239.jpg
PIC_VIEWER t_ms=12859 tid=ThreadId(1) display_done lane=foreground source=texture_cache navigation_ms=0 uri=nfs://DietPi.local/mnt/4TBS/pics-sport/local%20choice/FB-LCC/DSC_1239.jpg
PIC_VIEWER t_ms=12889 tid=ThreadId(1) show_photo_request generation=57 index=22 uri=nfs://DietPi.local/mnt/4TBS/pics-sport/local%20choice/FB-LCC/DSC_1238.jpg
PIC_VIEWER t_ms=12889 tid=ThreadId(1) cache_hit lane=foreground uri=nfs://DietPi.local/mnt/4TBS/pics-sport/local%20choice/FB-LCC/DSC_1238.jpg
PIC_VIEWER t_ms=12889 tid=ThreadId(1) display_done lane=foreground source=texture_cache navigation_ms=0 uri=nfs://DietPi.local/mnt/4TBS/pics-sport/local%20choice/FB-LCC/DSC_1238.jpg
PIC_VIEWER t_ms=12919 tid=ThreadId(1) show_photo_request generation=58 index=21 uri=nfs://DietPi.local/mnt/4TBS/pics-sport/local%20choice/FB-LCC/DSC_1237.jpg
PIC_VIEWER t_ms=12919 tid=ThreadId(1) cache_hit lane=foreground uri=nfs://DietPi.local/mnt/4TBS/pics-sport/local%20choice/FB-LCC/DSC_1237.jpg
PIC_VIEWER t_ms=12919 tid=ThreadId(1) display_done lane=foreground source=texture_cache navigation_ms=0 uri=nfs://DietPi.local/mnt/4TBS/pics-sport/local%20choice/FB-LCC/DSC_1237.jpg
PIC_VIEWER t_ms=12949 tid=ThreadId(1) show_photo_request generation=59 index=20 uri=nfs://DietPi.local/mnt/4TBS/pics-sport/local%20choice/FB-LCC/DSC_1236.jpg
PIC_VIEWER t_ms=12949 tid=ThreadId(1) request lane=foreground action=new uri=nfs://DietPi.local/mnt/4TBS/pics-sport/local%20choice/FB-LCC/DSC_1236.jpg variant=1124x794
PIC_VIEWER t_ms=12949 tid=ThreadId(63) decode_start uri=nfs://DietPi.local/mnt/4TBS/pics-sport/local%20choice/FB-LCC/DSC_1236.jpg variant=1124x794 queue_ms=0
PIC_VIEWER source_cache lane=foreground action=miss uri=nfs://DietPi.local/mnt/4TBS/pics-sport/local%20choice/FB-LCC/DSC_1236.jpg
PIC_VIEWER network_slot lane=foreground wait_ms=0 uri=nfs://DietPi.local/mnt/4TBS/pics-sport/local%20choice/FB-LCC/DSC_1236.jpg
PIC_NETWORK tid=ThreadId(63) PRIVATE_NFS export_cache_hit host=DietPi.local count=5
PIC_NETWORK tid=ThreadId(63) PRIVATE_NFS read_start uri=nfs://DietPi.local/mnt/4TBS/pics-sport/local%20choice/FB-LCC/DSC_1236.jpg max_bytes=134217728
PIC_NFS stage=read_session_lock elapsed_ms=0 tid=140000213587648 host=DietPi.local export=/mnt/4TBS relative=/pics-sport/local choice/FB-LCC/DSC_1236.jpg outcome=acquired
PIC_NFS_CONNECT reuse host=DietPi.local export=/mnt/4TBS
PIC_NFS stage=file_open elapsed_ms=2 tid=140000213587648 host=DietPi.local export=/mnt/4TBS relative=/pics-sport/local choice/FB-LCC/DSC_1236.jpg outcome=ok
PIC_NFS stage=first_read elapsed_ms=12 tid=140000213587648 host=DietPi.local export=/mnt/4TBS relative=/pics-sport/local choice/FB-LCC/DSC_1236.jpg outcome=ok bytes=65536
PIC_NFS stage=file_read_complete elapsed_ms=27 tid=140000213587648 host=DietPi.local export=/mnt/4TBS relative=/pics-sport/local choice/FB-LCC/DSC_1236.jpg outcome=ok bytes=1009828 calls=6
PIC_NETWORK tid=ThreadId(63) PRIVATE_NFS read_done bytes=1009828 elapsed_ms=29 uri=nfs://DietPi.local/mnt/4TBS/pics-sport/local%20choice/FB-LCC/DSC_1236.jpg
PIC_VIEWER source_cache action=insert bytes=1009828 uri=nfs://DietPi.local/mnt/4TBS/pics-sport/local%20choice/FB-LCC/DSC_1236.jpg
PIC_VIEWER source_cache action=evict bytes=1360407 uri=nfs://DietPi.local/mnt/4TBS/pics-sport/local%20choice/FB-LCC/DSC_1262.jpg
PIC_VIEWER network_done lane=foreground read_ms=29 bytes=1009828 source=network outcome=ok uri=nfs://DietPi.local/mnt/4TBS/pics-sport/local%20choice/FB-LCC/DSC_1236.jpg
PIC_VIEWER decode_stage source_ms=29 cpu_ms=32 uri=nfs://DietPi.local/mnt/4TBS/pics-sport/local%20choice/FB-LCC/DSC_1236.jpg
PIC_VIEWER t_ms=13014 tid=ThreadId(63) decode_done uri=nfs://DietPi.local/mnt/4TBS/pics-sport/local%20choice/FB-LCC/DSC_1236.jpg variant=1124x794 elapsed_ms=64 outcome=ok
PIC_VIEWER t_ms=13015 tid=ThreadId(1) display_apply elapsed_ms=0 uri=nfs://DietPi.local/mnt/4TBS/pics-sport/local%20choice/FB-LCC/DSC_1236.jpg
PIC_VIEWER t_ms=13015 tid=ThreadId(1) display_done lane=foreground source=decode navigation_ms=65 uri=nfs://DietPi.local/mnt/4TBS/pics-sport/local%20choice/FB-LCC/DSC_1236.jpg
PIC_VIEWER t_ms=13015 tid=ThreadId(1) cache_evict uri=nfs://DietPi.local/mnt/4TBS/pics-sport/local%20choice/FB-LCC/DSC_1213.jpg bytes=3372000 remaining_entries=32 remaining_bytes=107787104
PIC_VIEWER t_ms=13040 tid=ThreadId(1) show_photo_request generation=60 index=19 uri=nfs://DietPi.local/mnt/4TBS/pics-sport/local%20choice/FB-LCC/DSC_1235.jpg
PIC_VIEWER t_ms=13040 tid=ThreadId(1) request lane=foreground action=new uri=nfs://DietPi.local/mnt/4TBS/pics-sport/local%20choice/FB-LCC/DSC_1235.jpg variant=1124x794
PIC_VIEWER t_ms=13040 tid=ThreadId(64) decode_start uri=nfs://DietPi.local/mnt/4TBS/pics-sport/local%20choice/FB-LCC/DSC_1235.jpg variant=1124x794 queue_ms=0
PIC_VIEWER source_cache lane=foreground action=miss uri=nfs://DietPi.local/mnt/4TBS/pics-sport/local%20choice/FB-LCC/DSC_1235.jpg
PIC_VIEWER network_slot lane=foreground wait_ms=0 uri=nfs://DietPi.local/mnt/4TBS/pics-sport/local%20choice/FB-LCC/DSC_1235.jpg
PIC_NETWORK tid=ThreadId(64) PRIVATE_NFS export_cache_hit host=DietPi.local count=5
PIC_NETWORK tid=ThreadId(64) PRIVATE_NFS read_start uri=nfs://DietPi.local/mnt/4TBS/pics-sport/local%20choice/FB-LCC/DSC_1235.jpg max_bytes=134217728
PIC_NFS stage=read_session_lock elapsed_ms=0 tid=140000213587648 host=DietPi.local export=/mnt/4TBS relative=/pics-sport/local choice/FB-LCC/DSC_1235.jpg outcome=acquired
PIC_NFS_CONNECT reuse host=DietPi.local export=/mnt/4TBS
PIC_NFS stage=file_open elapsed_ms=2 tid=140000213587648 host=DietPi.local export=/mnt/4TBS relative=/pics-sport/local choice/FB-LCC/DSC_1235.jpg outcome=ok
PIC_NFS stage=first_read elapsed_ms=1 tid=140000213587648 host=DietPi.local export=/mnt/4TBS relative=/pics-sport/local choice/FB-LCC/DSC_1235.jpg outcome=ok bytes=65536
PIC_NFS stage=file_read_complete elapsed_ms=16 tid=140000213587648 host=DietPi.local export=/mnt/4TBS relative=/pics-sport/local choice/FB-LCC/DSC_1235.jpg outcome=ok bytes=1380416 calls=7
PIC_NETWORK tid=ThreadId(64) PRIVATE_NFS read_done bytes=1380416 elapsed_ms=18 uri=nfs://DietPi.local/mnt/4TBS/pics-sport/local%20choice/FB-LCC/DSC_1235.jpg
PIC_VIEWER source_cache action=insert bytes=1380416 uri=nfs://DietPi.local/mnt/4TBS/pics-sport/local%20choice/FB-LCC/DSC_1235.jpg
PIC_VIEWER source_cache action=evict bytes=1243348 uri=nfs://DietPi.local/mnt/4TBS/pics-sport/local%20choice/FB-LCC/DSC_1263.jpg
PIC_VIEWER network_done lane=foreground read_ms=18 bytes=1380416 source=network outcome=ok uri=nfs://DietPi.local/mnt/4TBS/pics-sport/local%20choice/FB-LCC/DSC_1235.jpg
PIC_VIEWER decode_stage source_ms=18 cpu_ms=37 uri=nfs://DietPi.local/mnt/4TBS/pics-sport/local%20choice/FB-LCC/DSC_1235.jpg
PIC_VIEWER t_ms=13098 tid=ThreadId(64) decode_done uri=nfs://DietPi.local/mnt/4TBS/pics-sport/local%20choice/FB-LCC/DSC_1235.jpg variant=1124x794 elapsed_ms=58 outcome=ok
PIC_VIEWER t_ms=13099 tid=ThreadId(1) display_apply elapsed_ms=0 uri=nfs://DietPi.local/mnt/4TBS/pics-sport/local%20choice/FB-LCC/DSC_1235.jpg
PIC_VIEWER t_ms=13099 tid=ThreadId(1) display_done lane=foreground source=decode navigation_ms=59 uri=nfs://DietPi.local/mnt/4TBS/pics-sport/local%20choice/FB-LCC/DSC_1235.jpg
PIC_VIEWER t_ms=13099 tid=ThreadId(1) cache_evict uri=nfs://DietPi.local/mnt/4TBS/pics-sport/local%20choice/FB-LCC/DSC_1223.jpg bytes=3367504 remaining_entries=32 remaining_bytes=107787104
PIC_VIEWER t_ms=13100 tid=ThreadId(1) show_photo_request generation=61 index=18 uri=nfs://DietPi.local/mnt/4TBS/pics-sport/local%20choice/FB-LCC/DSC_1234.jpg
PIC_VIEWER t_ms=13100 tid=ThreadId(1) request lane=foreground action=new uri=nfs://DietPi.local/mnt/4TBS/pics-sport/local%20choice/FB-LCC/DSC_1234.jpg variant=1124x794
PIC_VIEWER t_ms=13100 tid=ThreadId(65) decode_start uri=nfs://DietPi.local/mnt/4TBS/pics-sport/local%20choice/FB-LCC/DSC_1234.jpg variant=1124x794 queue_ms=0
PIC_VIEWER source_cache lane=foreground action=miss uri=nfs://DietPi.local/mnt/4TBS/pics-sport/local%20choice/FB-LCC/DSC_1234.jpg
PIC_VIEWER network_slot lane=foreground wait_ms=0 uri=nfs://DietPi.local/mnt/4TBS/pics-sport/local%20choice/FB-LCC/DSC_1234.jpg
PIC_NETWORK tid=ThreadId(65) PRIVATE_NFS export_cache_hit host=DietPi.local count=5
PIC_NETWORK tid=ThreadId(65) PRIVATE_NFS read_start uri=nfs://DietPi.local/mnt/4TBS/pics-sport/local%20choice/FB-LCC/DSC_1234.jpg max_bytes=134217728
PIC_NFS stage=read_session_lock elapsed_ms=0 tid=140000213587648 host=DietPi.local export=/mnt/4TBS relative=/pics-sport/local choice/FB-LCC/DSC_1234.jpg outcome=acquired
PIC_NFS_CONNECT reuse host=DietPi.local export=/mnt/4TBS
PIC_NFS stage=file_open elapsed_ms=2 tid=140000213587648 host=DietPi.local export=/mnt/4TBS relative=/pics-sport/local choice/FB-LCC/DSC_1234.jpg outcome=ok
PIC_NFS stage=first_read elapsed_ms=1 tid=140000213587648 host=DietPi.local export=/mnt/4TBS relative=/pics-sport/local choice/FB-LCC/DSC_1234.jpg outcome=ok bytes=65536
PIC_NFS stage=file_read_complete elapsed_ms=17 tid=140000213587648 host=DietPi.local export=/mnt/4TBS relative=/pics-sport/local choice/FB-LCC/DSC_1234.jpg outcome=ok bytes=1376550 calls=7
PIC_NETWORK tid=ThreadId(65) PRIVATE_NFS read_done bytes=1376550 elapsed_ms=18 uri=nfs://DietPi.local/mnt/4TBS/pics-sport/local%20choice/FB-LCC/DSC_1234.jpg
PIC_VIEWER source_cache action=insert bytes=1376550 uri=nfs://DietPi.local/mnt/4TBS/pics-sport/local%20choice/FB-LCC/DSC_1234.jpg
PIC_VIEWER source_cache action=evict bytes=1016788 uri=nfs://DietPi.local/mnt/4TBS/pics-sport/local%20choice/FB-LCC/DSC_1264.jpg
PIC_VIEWER network_done lane=foreground read_ms=19 bytes=1376550 source=network outcome=ok uri=nfs://DietPi.local/mnt/4TBS/pics-sport/local%20choice/FB-LCC/DSC_1234.jpg
PIC_VIEWER decode_stage source_ms=19 cpu_ms=34 uri=nfs://DietPi.local/mnt/4TBS/pics-sport/local%20choice/FB-LCC/DSC_1234.jpg
PIC_VIEWER t_ms=13157 tid=ThreadId(65) decode_done uri=nfs://DietPi.local/mnt/4TBS/pics-sport/local%20choice/FB-LCC/DSC_1234.jpg variant=1124x794 elapsed_ms=56 outcome=ok
PIC_VIEWER t_ms=13157 tid=ThreadId(1) display_apply elapsed_ms=0 uri=nfs://DietPi.local/mnt/4TBS/pics-sport/local%20choice/FB-LCC/DSC_1234.jpg
PIC_VIEWER t_ms=13157 tid=ThreadId(1) display_done lane=foreground source=decode navigation_ms=57 uri=nfs://DietPi.local/mnt/4TBS/pics-sport/local%20choice/FB-LCC/DSC_1234.jpg
PIC_VIEWER t_ms=13157 tid=ThreadId(1) cache_evict uri=nfs://DietPi.local/mnt/4TBS/pics-sport/local%20choice/FB-LCC/DSC_1224.jpg bytes=3367504 remaining_entries=32 remaining_bytes=107791600
PIC_VIEWER t_ms=13160 tid=ThreadId(1) show_photo_request generation=62 index=17 uri=nfs://DietPi.local/mnt/4TBS/pics-sport/local%20choice/FB-LCC/DSC_1232.jpg
PIC_VIEWER t_ms=13160 tid=ThreadId(1) request lane=foreground action=new uri=nfs://DietPi.local/mnt/4TBS/pics-sport/local%20choice/FB-LCC/DSC_1232.jpg variant=1124x794
PIC_VIEWER t_ms=13160 tid=ThreadId(66) decode_start uri=nfs://DietPi.local/mnt/4TBS/pics-sport/local%20choice/FB-LCC/DSC_1232.jpg variant=1124x794 queue_ms=0
PIC_VIEWER source_cache lane=foreground action=miss uri=nfs://DietPi.local/mnt/4TBS/pics-sport/local%20choice/FB-LCC/DSC_1232.jpg
PIC_VIEWER network_slot lane=foreground wait_ms=0 uri=nfs://DietPi.local/mnt/4TBS/pics-sport/local%20choice/FB-LCC/DSC_1232.jpg
PIC_NETWORK tid=ThreadId(66) PRIVATE_NFS export_cache_hit host=DietPi.local count=5
PIC_NETWORK tid=ThreadId(66) PRIVATE_NFS read_start uri=nfs://DietPi.local/mnt/4TBS/pics-sport/local%20choice/FB-LCC/DSC_1232.jpg max_bytes=134217728
PIC_NFS stage=read_session_lock elapsed_ms=0 tid=140000213587648 host=DietPi.local export=/mnt/4TBS relative=/pics-sport/local choice/FB-LCC/DSC_1232.jpg outcome=acquired
PIC_NFS_CONNECT reuse host=DietPi.local export=/mnt/4TBS
PIC_NFS stage=file_open elapsed_ms=2 tid=140000213587648 host=DietPi.local export=/mnt/4TBS relative=/pics-sport/local choice/FB-LCC/DSC_1232.jpg outcome=ok
PIC_NFS stage=first_read elapsed_ms=1 tid=140000213587648 host=DietPi.local export=/mnt/4TBS relative=/pics-sport/local choice/FB-LCC/DSC_1232.jpg outcome=ok bytes=65536
PIC_NFS stage=file_read_complete elapsed_ms=23 tid=140000213587648 host=DietPi.local export=/mnt/4TBS relative=/pics-sport/local choice/FB-LCC/DSC_1232.jpg outcome=ok bytes=1152260 calls=7
PIC_NETWORK tid=ThreadId(66) PRIVATE_NFS read_done bytes=1152260 elapsed_ms=24 uri=nfs://DietPi.local/mnt/4TBS/pics-sport/local%20choice/FB-LCC/DSC_1232.jpg
PIC_VIEWER source_cache action=insert bytes=1152260 uri=nfs://DietPi.local/mnt/4TBS/pics-sport/local%20choice/FB-LCC/DSC_1232.jpg
PIC_VIEWER source_cache action=evict bytes=1161737 uri=nfs://DietPi.local/mnt/4TBS/pics-sport/local%20choice/FB-LCC/DSC_1265.jpg
PIC_VIEWER network_done lane=foreground read_ms=24 bytes=1152260 source=network outcome=ok uri=nfs://DietPi.local/mnt/4TBS/pics-sport/local%20choice/FB-LCC/DSC_1232.jpg
PIC_VIEWER decode_stage source_ms=24 cpu_ms=34 uri=nfs://DietPi.local/mnt/4TBS/pics-sport/local%20choice/FB-LCC/DSC_1232.jpg
PIC_VIEWER t_ms=13222 tid=ThreadId(66) decode_done uri=nfs://DietPi.local/mnt/4TBS/pics-sport/local%20choice/FB-LCC/DSC_1232.jpg variant=1124x794 elapsed_ms=61 outcome=ok
PIC_VIEWER t_ms=13222 tid=ThreadId(1) display_apply elapsed_ms=0 uri=nfs://DietPi.local/mnt/4TBS/pics-sport/local%20choice/FB-LCC/DSC_1232.jpg
PIC_VIEWER t_ms=13222 tid=ThreadId(1) display_done lane=foreground source=decode navigation_ms=62 uri=nfs://DietPi.local/mnt/4TBS/pics-sport/local%20choice/FB-LCC/DSC_1232.jpg
PIC_VIEWER t_ms=13222 tid=ThreadId(1) cache_evict uri=nfs://DietPi.local/mnt/4TBS/pics-sport/local%20choice/FB-LCC/DSC_1265.jpg bytes=3367504 remaining_entries=32 remaining_bytes=107791600
PIC_VIEWER t_ms=13251 tid=ThreadId(1) show_photo_request generation=63 index=16 uri=nfs://DietPi.local/mnt/4TBS/pics-sport/local%20choice/FB-LCC/DSC_1229.jpg
PIC_VIEWER t_ms=13251 tid=ThreadId(1) request lane=foreground action=new uri=nfs://DietPi.local/mnt/4TBS/pics-sport/local%20choice/FB-LCC/DSC_1229.jpg variant=1124x794
PIC_VIEWER t_ms=13251 tid=ThreadId(67) decode_start uri=nfs://DietPi.local/mnt/4TBS/pics-sport/local%20choice/FB-LCC/DSC_1229.jpg variant=1124x794 queue_ms=0
PIC_VIEWER source_cache lane=foreground action=miss uri=nfs://DietPi.local/mnt/4TBS/pics-sport/local%20choice/FB-LCC/DSC_1229.jpg
PIC_VIEWER network_slot lane=foreground wait_ms=0 uri=nfs://DietPi.local/mnt/4TBS/pics-sport/local%20choice/FB-LCC/DSC_1229.jpg
PIC_NETWORK tid=ThreadId(67) PRIVATE_NFS export_cache_hit host=DietPi.local count=5
PIC_NETWORK tid=ThreadId(67) PRIVATE_NFS read_start uri=nfs://DietPi.local/mnt/4TBS/pics-sport/local%20choice/FB-LCC/DSC_1229.jpg max_bytes=134217728
PIC_NFS stage=read_session_lock elapsed_ms=0 tid=140000213587648 host=DietPi.local export=/mnt/4TBS relative=/pics-sport/local choice/FB-LCC/DSC_1229.jpg outcome=acquired
PIC_NFS_CONNECT reuse host=DietPi.local export=/mnt/4TBS
PIC_NFS stage=file_open elapsed_ms=1 tid=140000213587648 host=DietPi.local export=/mnt/4TBS relative=/pics-sport/local choice/FB-LCC/DSC_1229.jpg outcome=ok
PIC_NFS stage=first_read elapsed_ms=1 tid=140000213587648 host=DietPi.local export=/mnt/4TBS relative=/pics-sport/local choice/FB-LCC/DSC_1229.jpg outcome=ok bytes=65536
PIC_NFS stage=file_read_complete elapsed_ms=14 tid=140000213587648 host=DietPi.local export=/mnt/4TBS relative=/pics-sport/local choice/FB-LCC/DSC_1229.jpg outcome=ok bytes=1100619 calls=7
PIC_NETWORK tid=ThreadId(67) PRIVATE_NFS read_done bytes=1100619 elapsed_ms=15 uri=nfs://DietPi.local/mnt/4TBS/pics-sport/local%20choice/FB-LCC/DSC_1229.jpg
PIC_VIEWER source_cache action=insert bytes=1100619 uri=nfs://DietPi.local/mnt/4TBS/pics-sport/local%20choice/FB-LCC/DSC_1229.jpg
PIC_VIEWER source_cache action=evict bytes=1159416 uri=nfs://DietPi.local/mnt/4TBS/pics-sport/local%20choice/FB-LCC/DSC_1266.jpg
PIC_VIEWER network_done lane=foreground read_ms=15 bytes=1100619 source=network outcome=ok uri=nfs://DietPi.local/mnt/4TBS/pics-sport/local%20choice/FB-LCC/DSC_1229.jpg
PIC_VIEWER decode_stage source_ms=15 cpu_ms=31 uri=nfs://DietPi.local/mnt/4TBS/pics-sport/local%20choice/FB-LCC/DSC_1229.jpg
PIC_VIEWER t_ms=13300 tid=ThreadId(67) decode_done uri=nfs://DietPi.local/mnt/4TBS/pics-sport/local%20choice/FB-LCC/DSC_1229.jpg variant=1124x794 elapsed_ms=48 outcome=ok
PIC_VIEWER t_ms=13300 tid=ThreadId(1) display_apply elapsed_ms=0 uri=nfs://DietPi.local/mnt/4TBS/pics-sport/local%20choice/FB-LCC/DSC_1229.jpg
PIC_VIEWER t_ms=13300 tid=ThreadId(1) display_done lane=foreground source=decode navigation_ms=48 uri=nfs://DietPi.local/mnt/4TBS/pics-sport/local%20choice/FB-LCC/DSC_1229.jpg
PIC_VIEWER t_ms=13300 tid=ThreadId(1) cache_evict uri=nfs://DietPi.local/mnt/4TBS/pics-sport/local%20choice/FB-LCC/DSC_1267.jpg bytes=3367504 remaining_entries=32 remaining_bytes=106104200
PIC_VIEWER t_ms=13311 tid=ThreadId(1) show_photo_request generation=64 index=15 uri=nfs://DietPi.local/mnt/4TBS/pics-sport/local%20choice/FB-LCC/DSC_1228.jpg
PIC_VIEWER t_ms=13311 tid=ThreadId(1) request lane=foreground action=new uri=nfs://DietPi.local/mnt/4TBS/pics-sport/local%20choice/FB-LCC/DSC_1228.jpg variant=1124x794
PIC_VIEWER t_ms=13311 tid=ThreadId(68) decode_start uri=nfs://DietPi.local/mnt/4TBS/pics-sport/local%20choice/FB-LCC/DSC_1228.jpg variant=1124x794 queue_ms=0
PIC_VIEWER source_cache lane=foreground action=miss uri=nfs://DietPi.local/mnt/4TBS/pics-sport/local%20choice/FB-LCC/DSC_1228.jpg
PIC_VIEWER network_slot lane=foreground wait_ms=0 uri=nfs://DietPi.local/mnt/4TBS/pics-sport/local%20choice/FB-LCC/DSC_1228.jpg
PIC_NETWORK tid=ThreadId(68) PRIVATE_NFS export_cache_hit host=DietPi.local count=5
PIC_NETWORK tid=ThreadId(68) PRIVATE_NFS read_start uri=nfs://DietPi.local/mnt/4TBS/pics-sport/local%20choice/FB-LCC/DSC_1228.jpg max_bytes=134217728
PIC_NFS stage=read_session_lock elapsed_ms=0 tid=140000213587648 host=DietPi.local export=/mnt/4TBS relative=/pics-sport/local choice/FB-LCC/DSC_1228.jpg outcome=acquired
PIC_NFS_CONNECT reuse host=DietPi.local export=/mnt/4TBS
PIC_NFS stage=file_open elapsed_ms=2 tid=140000213587648 host=DietPi.local export=/mnt/4TBS relative=/pics-sport/local choice/FB-LCC/DSC_1228.jpg outcome=ok
PIC_NFS stage=first_read elapsed_ms=12 tid=140000213587648 host=DietPi.local export=/mnt/4TBS relative=/pics-sport/local choice/FB-LCC/DSC_1228.jpg outcome=ok bytes=65536
PIC_NFS stage=file_read_complete elapsed_ms=27 tid=140000213587648 host=DietPi.local export=/mnt/4TBS relative=/pics-sport/local choice/FB-LCC/DSC_1228.jpg outcome=ok bytes=1059663 calls=7
PIC_NETWORK tid=ThreadId(68) PRIVATE_NFS read_done bytes=1059663 elapsed_ms=30 uri=nfs://DietPi.local/mnt/4TBS/pics-sport/local%20choice/FB-LCC/DSC_1228.jpg
PIC_VIEWER source_cache action=insert bytes=1059663 uri=nfs://DietPi.local/mnt/4TBS/pics-sport/local%20choice/FB-LCC/DSC_1228.jpg
PIC_VIEWER source_cache action=evict bytes=1135936 uri=nfs://DietPi.local/mnt/4TBS/pics-sport/local%20choice/FB-LCC/DSC_1267.jpg
PIC_VIEWER network_done lane=foreground read_ms=30 bytes=1059663 source=network outcome=ok uri=nfs://DietPi.local/mnt/4TBS/pics-sport/local%20choice/FB-LCC/DSC_1228.jpg
PIC_VIEWER decode_stage source_ms=30 cpu_ms=31 uri=nfs://DietPi.local/mnt/4TBS/pics-sport/local%20choice/FB-LCC/DSC_1228.jpg
PIC_VIEWER t_ms=13374 tid=ThreadId(68) decode_done uri=nfs://DietPi.local/mnt/4TBS/pics-sport/local%20choice/FB-LCC/DSC_1228.jpg variant=1124x794 elapsed_ms=63 outcome=ok
PIC_VIEWER t_ms=13375 tid=ThreadId(1) display_apply elapsed_ms=0 uri=nfs://DietPi.local/mnt/4TBS/pics-sport/local%20choice/FB-LCC/DSC_1228.jpg
PIC_VIEWER t_ms=13375 tid=ThreadId(1) display_done lane=foreground source=decode navigation_ms=63 uri=nfs://DietPi.local/mnt/4TBS/pics-sport/local%20choice/FB-LCC/DSC_1228.jpg
PIC_VIEWER t_ms=13375 tid=ThreadId(1) cache_evict uri=nfs://DietPi.local/mnt/4TBS/pics-sport/local%20choice/FB-LCC/DSC_1266.jpg bytes=3367504 remaining_entries=32 remaining_bytes=104416800
PIC_VIEWER t_ms=13458 tid=ThreadId(1) show_photo_request generation=65 index=16 uri=nfs://DietPi.local/mnt/4TBS/pics-sport/local%20choice/FB-LCC/DSC_1229.jpg
PIC_VIEWER t_ms=13458 tid=ThreadId(1) cache_hit lane=foreground uri=nfs://DietPi.local/mnt/4TBS/pics-sport/local%20choice/FB-LCC/DSC_1229.jpg
PIC_VIEWER t_ms=13458 tid=ThreadId(1) display_done lane=foreground source=texture_cache navigation_ms=0 uri=nfs://DietPi.local/mnt/4TBS/pics-sport/local%20choice/FB-LCC/DSC_1229.jpg
PIC_VIEWER t_ms=13709 tid=ThreadId(1) cache_hit lane=prefetch uri=nfs://DietPi.local/mnt/4TBS/pics-sport/local%20choice/FB-LCC/DSC_1232.jpg
PIC_VIEWER t_ms=13709 tid=ThreadId(1) cache_hit lane=prefetch uri=nfs://DietPi.local/mnt/4TBS/pics-sport/local%20choice/FB-LCC/DSC_1228.jpg
PIC_VIEWER t_ms=13959 tid=ThreadId(1) show_photo_request generation=66 index=17 uri=nfs://DietPi.local/mnt/4TBS/pics-sport/local%20choice/FB-LCC/DSC_1232.jpg
PIC_VIEWER t_ms=13959 tid=ThreadId(1) cache_hit lane=foreground uri=nfs://DietPi.local/mnt/4TBS/pics-sport/local%20choice/FB-LCC/DSC_1232.jpg
PIC_VIEWER t_ms=13959 tid=ThreadId(1) display_done lane=foreground source=texture_cache navigation_ms=0 uri=nfs://DietPi.local/mnt/4TBS/pics-sport/local%20choice/FB-LCC/DSC_1232.jpg
PIC_VIEWER t_ms=13988 tid=ThreadId(1) show_photo_request generation=67 index=18 uri=nfs://DietPi.local/mnt/4TBS/pics-sport/local%20choice/FB-LCC/DSC_1234.jpg
PIC_VIEWER t_ms=13988 tid=ThreadId(1) cache_hit lane=foreground uri=nfs://DietPi.local/mnt/4TBS/pics-sport/local%20choice/FB-LCC/DSC_1234.jpg
PIC_VIEWER t_ms=13988 tid=ThreadId(1) display_done lane=foreground source=texture_cache navigation_ms=0 uri=nfs://DietPi.local/mnt/4TBS/pics-sport/local%20choice/FB-LCC/DSC_1234.jpg
PIC_VIEWER t_ms=14018 tid=ThreadId(1) show_photo_request generation=68 index=19 uri=nfs://DietPi.local/mnt/4TBS/pics-sport/local%20choice/FB-LCC/DSC_1235.jpg
PIC_VIEWER t_ms=14018 tid=ThreadId(1) cache_hit lane=foreground uri=nfs://DietPi.local/mnt/4TBS/pics-sport/local%20choice/FB-LCC/DSC_1235.jpg
PIC_VIEWER t_ms=14018 tid=ThreadId(1) display_done lane=foreground source=texture_cache navigation_ms=0 uri=nfs://DietPi.local/mnt/4TBS/pics-sport/local%20choice/FB-LCC/DSC_1235.jpg
PIC_VIEWER t_ms=14048 tid=ThreadId(1) show_photo_request generation=69 index=20 uri=nfs://DietPi.local/mnt/4TBS/pics-sport/local%20choice/FB-LCC/DSC_1236.jpg
PIC_VIEWER t_ms=14048 tid=ThreadId(1) cache_hit lane=foreground uri=nfs://DietPi.local/mnt/4TBS/pics-sport/local%20choice/FB-LCC/DSC_1236.jpg
PIC_VIEWER t_ms=14048 tid=ThreadId(1) display_done lane=foreground source=texture_cache navigation_ms=0 uri=nfs://DietPi.local/mnt/4TBS/pics-sport/local%20choice/FB-LCC/DSC_1236.jpg
PIC_VIEWER t_ms=14079 tid=ThreadId(1) show_photo_request generation=70 index=21 uri=nfs://DietPi.local/mnt/4TBS/pics-sport/local%20choice/FB-LCC/DSC_1237.jpg
PIC_VIEWER t_ms=14079 tid=ThreadId(1) cache_hit lane=foreground uri=nfs://DietPi.local/mnt/4TBS/pics-sport/local%20choice/FB-LCC/DSC_1237.jpg
PIC_VIEWER t_ms=14079 tid=ThreadId(1) display_done lane=foreground source=texture_cache navigation_ms=0 uri=nfs://DietPi.local/mnt/4TBS/pics-sport/local%20choice/FB-LCC/DSC_1237.jpg
PIC_VIEWER t_ms=14109 tid=ThreadId(1) show_photo_request generation=71 index=22 uri=nfs://DietPi.local/mnt/4TBS/pics-sport/local%20choice/FB-LCC/DSC_1238.jpg
PIC_VIEWER t_ms=14109 tid=ThreadId(1) cache_hit lane=foreground uri=nfs://DietPi.local/mnt/4TBS/pics-sport/local%20choice/FB-LCC/DSC_1238.jpg
PIC_VIEWER t_ms=14109 tid=ThreadId(1) display_done lane=foreground source=texture_cache navigation_ms=0 uri=nfs://DietPi.local/mnt/4TBS/pics-sport/local%20choice/FB-LCC/DSC_1238.jpg
PIC_VIEWER t_ms=14139 tid=ThreadId(1) show_photo_request generation=72 index=23 uri=nfs://DietPi.local/mnt/4TBS/pics-sport/local%20choice/FB-LCC/DSC_1239.jpg
PIC_VIEWER t_ms=14139 tid=ThreadId(1) cache_hit lane=foreground uri=nfs://DietPi.local/mnt/4TBS/pics-sport/local%20choice/FB-LCC/DSC_1239.jpg
PIC_VIEWER t_ms=14139 tid=ThreadId(1) display_done lane=foreground source=texture_cache navigation_ms=0 uri=nfs://DietPi.local/mnt/4TBS/pics-sport/local%20choice/FB-LCC/DSC_1239.jpg
PIC_VIEWER t_ms=14169 tid=ThreadId(1) show_photo_request generation=73 index=24 uri=nfs://DietPi.local/mnt/4TBS/pics-sport/local%20choice/FB-LCC/DSC_1240.jpg
PIC_VIEWER t_ms=14169 tid=ThreadId(1) cache_hit lane=foreground uri=nfs://DietPi.local/mnt/4TBS/pics-sport/local%20choice/FB-LCC/DSC_1240.jpg
PIC_VIEWER t_ms=14169 tid=ThreadId(1) display_done lane=foreground source=texture_cache navigation_ms=0 uri=nfs://DietPi.local/mnt/4TBS/pics-sport/local%20choice/FB-LCC/DSC_1240.jpg
PIC_VIEWER t_ms=14199 tid=ThreadId(1) show_photo_request generation=74 index=25 uri=nfs://DietPi.local/mnt/4TBS/pics-sport/local%20choice/FB-LCC/DSC_1245.jpg
PIC_VIEWER t_ms=14199 tid=ThreadId(1) cache_hit lane=foreground uri=nfs://DietPi.local/mnt/4TBS/pics-sport/local%20choice/FB-LCC/DSC_1245.jpg
PIC_VIEWER t_ms=14199 tid=ThreadId(1) display_done lane=foreground source=texture_cache navigation_ms=0 uri=nfs://DietPi.local/mnt/4TBS/pics-sport/local%20choice/FB-LCC/DSC_1245.jpg
PIC_VIEWER t_ms=14229 tid=ThreadId(1) show_photo_request generation=75 index=26 uri=nfs://DietPi.local/mnt/4TBS/pics-sport/local%20choice/FB-LCC/DSC_1249.jpg
PIC_VIEWER t_ms=14229 tid=ThreadId(1) cache_hit lane=foreground uri=nfs://DietPi.local/mnt/4TBS/pics-sport/local%20choice/FB-LCC/DSC_1249.jpg
PIC_VIEWER t_ms=14229 tid=ThreadId(1) display_done lane=foreground source=texture_cache navigation_ms=0 uri=nfs://DietPi.local/mnt/4TBS/pics-sport/local%20choice/FB-LCC/DSC_1249.jpg
PIC_VIEWER t_ms=14259 tid=ThreadId(1) show_photo_request generation=76 index=27 uri=nfs://DietPi.local/mnt/4TBS/pics-sport/local%20choice/FB-LCC/DSC_1250.jpg
PIC_VIEWER t_ms=14259 tid=ThreadId(1) cache_hit lane=foreground uri=nfs://DietPi.local/mnt/4TBS/pics-sport/local%20choice/FB-LCC/DSC_1250.jpg
PIC_VIEWER t_ms=14259 tid=ThreadId(1) display_done lane=foreground source=texture_cache navigation_ms=0 uri=nfs://DietPi.local/mnt/4TBS/pics-sport/local%20choice/FB-LCC/DSC_1250.jpg
PIC_VIEWER t_ms=14289 tid=ThreadId(1) show_photo_request generation=77 index=28 uri=nfs://DietPi.local/mnt/4TBS/pics-sport/local%20choice/FB-LCC/DSC_1252.jpg
PIC_VIEWER t_ms=14289 tid=ThreadId(1) cache_hit lane=foreground uri=nfs://DietPi.local/mnt/4TBS/pics-sport/local%20choice/FB-LCC/DSC_1252.jpg
PIC_VIEWER t_ms=14289 tid=ThreadId(1) display_done lane=foreground source=texture_cache navigation_ms=0 uri=nfs://DietPi.local/mnt/4TBS/pics-sport/local%20choice/FB-LCC/DSC_1252.jpg
PIC_VIEWER t_ms=14319 tid=ThreadId(1) show_photo_request generation=78 index=29 uri=nfs://DietPi.local/mnt/4TBS/pics-sport/local%20choice/FB-LCC/DSC_1253.jpg
PIC_VIEWER t_ms=14319 tid=ThreadId(1) cache_hit lane=foreground uri=nfs://DietPi.local/mnt/4TBS/pics-sport/local%20choice/FB-LCC/DSC_1253.jpg
PIC_VIEWER t_ms=14319 tid=ThreadId(1) display_done lane=foreground source=texture_cache navigation_ms=0 uri=nfs://DietPi.local/mnt/4TBS/pics-sport/local%20choice/FB-LCC/DSC_1253.jpg
PIC_VIEWER t_ms=14569 tid=ThreadId(1) cache_hit lane=prefetch uri=nfs://DietPi.local/mnt/4TBS/pics-sport/local%20choice/FB-LCC/DSC_1255.jpg
PIC_VIEWER t_ms=14569 tid=ThreadId(1) cache_hit lane=prefetch uri=nfs://DietPi.local/mnt/4TBS/pics-sport/local%20choice/FB-LCC/DSC_1252.jpg
PIC_VIEWER t_ms=16411 tid=ThreadId(1) show_photo_request generation=80 index=21 uri=nfs://DietPi.local/mnt/4TBS/pics-sport/local%20choice/FB-LCC/DSC_1237.jpg
PIC_VIEWER t_ms=16411 tid=ThreadId(1) cache_hit lane=foreground uri=nfs://DietPi.local/mnt/4TBS/pics-sport/local%20choice/FB-LCC/DSC_1237.jpg
PIC_VIEWER t_ms=16412 tid=ThreadId(1) display_done lane=foreground source=texture_cache navigation_ms=0 uri=nfs://DietPi.local/mnt/4TBS/pics-sport/local%20choice/FB-LCC/DSC_1237.jpg
PIC_VIEWER t_ms=17051 tid=ThreadId(1) wheel_event dy=1
PIC_VIEWER t_ms=17051 tid=ThreadId(1) navigation_dispatch source=wheel from_index=21 to_index=22 direction=1
PIC_VIEWER t_ms=17051 tid=ThreadId(1) infobar_update source=wheel index=22 uri=nfs://DietPi.local/mnt/4TBS/pics-sport/local%20choice/FB-LCC/DSC_1238.jpg
PIC_VIEWER t_ms=17052 tid=ThreadId(1) show_photo_request generation=81 index=22 uri=nfs://DietPi.local/mnt/4TBS/pics-sport/local%20choice/FB-LCC/DSC_1238.jpg
PIC_VIEWER t_ms=17052 tid=ThreadId(1) cache_hit lane=foreground uri=nfs://DietPi.local/mnt/4TBS/pics-sport/local%20choice/FB-LCC/DSC_1238.jpg
PIC_VIEWER t_ms=17052 tid=ThreadId(1) display_done lane=foreground source=texture_cache navigation_ms=0 uri=nfs://DietPi.local/mnt/4TBS/pics-sport/local%20choice/FB-LCC/DSC_1238.jpg
PIC_VIEWER t_ms=17067 tid=ThreadId(1) wheel_event dy=1
PIC_VIEWER t_ms=17067 tid=ThreadId(1) navigation_dispatch source=wheel from_index=22 to_index=23 direction=1
PIC_VIEWER t_ms=17067 tid=ThreadId(1) infobar_update source=wheel index=23 uri=nfs://DietPi.local/mnt/4TBS/pics-sport/local%20choice/FB-LCC/DSC_1239.jpg
PIC_VIEWER t_ms=17067 tid=ThreadId(1) show_photo_request generation=82 index=23 uri=nfs://DietPi.local/mnt/4TBS/pics-sport/local%20choice/FB-LCC/DSC_1239.jpg
PIC_VIEWER t_ms=17067 tid=ThreadId(1) cache_hit lane=foreground uri=nfs://DietPi.local/mnt/4TBS/pics-sport/local%20choice/FB-LCC/DSC_1239.jpg
PIC_VIEWER t_ms=17067 tid=ThreadId(1) display_done lane=foreground source=texture_cache navigation_ms=0 uri=nfs://DietPi.local/mnt/4TBS/pics-sport/local%20choice/FB-LCC/DSC_1239.jpg
PIC_VIEWER t_ms=17083 tid=ThreadId(1) wheel_event dy=1
PIC_VIEWER t_ms=17083 tid=ThreadId(1) navigation_dispatch source=wheel from_index=23 to_index=24 direction=1
PIC_VIEWER t_ms=17083 tid=ThreadId(1) infobar_update source=wheel index=24 uri=nfs://DietPi.local/mnt/4TBS/pics-sport/local%20choice/FB-LCC/DSC_1240.jpg
PIC_VIEWER t_ms=17083 tid=ThreadId(1) show_photo_request generation=83 index=24 uri=nfs://DietPi.local/mnt/4TBS/pics-sport/local%20choice/FB-LCC/DSC_1240.jpg
PIC_VIEWER t_ms=17083 tid=ThreadId(1) cache_hit lane=foreground uri=nfs://DietPi.local/mnt/4TBS/pics-sport/local%20choice/FB-LCC/DSC_1240.jpg
PIC_VIEWER t_ms=17083 tid=ThreadId(1) display_done lane=foreground source=texture_cache navigation_ms=0 uri=nfs://DietPi.local/mnt/4TBS/pics-sport/local%20choice/FB-LCC/DSC_1240.jpg
PIC_VIEWER t_ms=17115 tid=ThreadId(1) wheel_event dy=1
PIC_VIEWER t_ms=17115 tid=ThreadId(1) navigation_dispatch source=wheel from_index=24 to_index=25 direction=1
PIC_VIEWER t_ms=17115 tid=ThreadId(1) infobar_update source=wheel index=25 uri=nfs://DietPi.local/mnt/4TBS/pics-sport/local%20choice/FB-LCC/DSC_1245.jpg
PIC_VIEWER t_ms=17115 tid=ThreadId(1) show_photo_request generation=84 index=25 uri=nfs://DietPi.local/mnt/4TBS/pics-sport/local%20choice/FB-LCC/DSC_1245.jpg
PIC_VIEWER t_ms=17115 tid=ThreadId(1) cache_hit lane=foreground uri=nfs://DietPi.local/mnt/4TBS/pics-sport/local%20choice/FB-LCC/DSC_1245.jpg
PIC_VIEWER t_ms=17115 tid=ThreadId(1) display_done lane=foreground source=texture_cache navigation_ms=0 uri=nfs://DietPi.local/mnt/4TBS/pics-sport/local%20choice/FB-LCC/DSC_1245.jpg
PIC_VIEWER t_ms=17365 tid=ThreadId(1) cache_hit lane=prefetch uri=nfs://DietPi.local/mnt/4TBS/pics-sport/local%20choice/FB-LCC/DSC_1249.jpg
PIC_VIEWER t_ms=17365 tid=ThreadId(1) cache_hit lane=prefetch uri=nfs://DietPi.local/mnt/4TBS/pics-sport/local%20choice/FB-LCC/DSC_1240.jpg
PIC_VIEWER t_ms=19944 tid=ThreadId(1) show_photo_request generation=88 index=458 uri=nfs://DietPi.local/mnt/4TBS/Spar%20Ladies%202025/10km/DSC_6074.jpg
PIC_VIEWER t_ms=19944 tid=ThreadId(1) request lane=foreground action=new uri=nfs://DietPi.local/mnt/4TBS/Spar%20Ladies%202025/10km/DSC_6074.jpg variant=1124x794
PIC_VIEWER t_ms=19944 tid=ThreadId(69) decode_start uri=nfs://DietPi.local/mnt/4TBS/Spar%20Ladies%202025/10km/DSC_6074.jpg variant=1124x794 queue_ms=0
PIC_VIEWER source_cache lane=foreground action=miss uri=nfs://DietPi.local/mnt/4TBS/Spar%20Ladies%202025/10km/DSC_6074.jpg
PIC_VIEWER network_slot lane=foreground wait_ms=0 uri=nfs://DietPi.local/mnt/4TBS/Spar%20Ladies%202025/10km/DSC_6074.jpg
PIC_NETWORK tid=ThreadId(69) PRIVATE_NFS export_cache_hit host=DietPi.local count=5
PIC_NETWORK tid=ThreadId(69) PRIVATE_NFS read_start uri=nfs://DietPi.local/mnt/4TBS/Spar%20Ladies%202025/10km/DSC_6074.jpg max_bytes=134217728
PIC_NFS stage=read_session_lock elapsed_ms=0 tid=140000213587648 host=DietPi.local export=/mnt/4TBS relative=/Spar Ladies 2025/10km/DSC_6074.jpg outcome=acquired
PIC_NFS_CONNECT reuse host=DietPi.local export=/mnt/4TBS
PIC_NFS stage=file_open elapsed_ms=1 tid=140000213587648 host=DietPi.local export=/mnt/4TBS relative=/Spar Ladies 2025/10km/DSC_6074.jpg outcome=ok
PIC_NFS stage=first_read elapsed_ms=2 tid=140000213587648 host=DietPi.local export=/mnt/4TBS relative=/Spar Ladies 2025/10km/DSC_6074.jpg outcome=ok bytes=65536
PIC_NFS stage=file_read_complete elapsed_ms=21 tid=140000213587648 host=DietPi.local export=/mnt/4TBS relative=/Spar Ladies 2025/10km/DSC_6074.jpg outcome=ok bytes=1788370 calls=7
PIC_NETWORK tid=ThreadId(69) PRIVATE_NFS read_done bytes=1788370 elapsed_ms=22 uri=nfs://DietPi.local/mnt/4TBS/Spar%20Ladies%202025/10km/DSC_6074.jpg
PIC_VIEWER source_cache action=insert bytes=1788370 uri=nfs://DietPi.local/mnt/4TBS/Spar%20Ladies%202025/10km/DSC_6074.jpg
PIC_VIEWER source_cache action=evict bytes=1089756 uri=nfs://DietPi.local/mnt/4TBS/pics-sport/local%20choice/FB-LCC/DSC_1270.jpg
PIC_VIEWER network_done lane=foreground read_ms=23 bytes=1788370 source=network outcome=ok uri=nfs://DietPi.local/mnt/4TBS/Spar%20Ladies%202025/10km/DSC_6074.jpg
PIC_VIEWER decode_stage source_ms=23 cpu_ms=40 uri=nfs://DietPi.local/mnt/4TBS/Spar%20Ladies%202025/10km/DSC_6074.jpg
PIC_VIEWER t_ms=20011 tid=ThreadId(69) decode_done uri=nfs://DietPi.local/mnt/4TBS/Spar%20Ladies%202025/10km/DSC_6074.jpg variant=1124x794 elapsed_ms=66 outcome=ok
PIC_VIEWER t_ms=20012 tid=ThreadId(1) display_apply elapsed_ms=1 uri=nfs://DietPi.local/mnt/4TBS/Spar%20Ladies%202025/10km/DSC_6074.jpg
PIC_VIEWER t_ms=20012 tid=ThreadId(1) display_done lane=foreground source=decode navigation_ms=68 uri=nfs://DietPi.local/mnt/4TBS/Spar%20Ladies%202025/10km/DSC_6074.jpg
PIC_VIEWER t_ms=20012 tid=ThreadId(1) cache_evict uri=nfs://DietPi.local/mnt/4TBS/pics-sport/local%20choice/FB-LCC/DSC_1270.jpg bytes=3367504 remaining_entries=32 remaining_bytes=104421296
PIC_VIEWER t_ms=20699 tid=ThreadId(1) show_photo_request generation=89 index=459 uri=nfs://DietPi.local/mnt/4TBS/Spar%20Ladies%202025/10km/DSC_6147.jpg
PIC_VIEWER t_ms=20699 tid=ThreadId(1) request lane=foreground action=new uri=nfs://DietPi.local/mnt/4TBS/Spar%20Ladies%202025/10km/DSC_6147.jpg variant=1124x794
PIC_VIEWER t_ms=20699 tid=ThreadId(70) decode_start uri=nfs://DietPi.local/mnt/4TBS/Spar%20Ladies%202025/10km/DSC_6147.jpg variant=1124x794 queue_ms=0
PIC_VIEWER source_cache lane=foreground action=miss uri=nfs://DietPi.local/mnt/4TBS/Spar%20Ladies%202025/10km/DSC_6147.jpg
PIC_VIEWER network_slot lane=foreground wait_ms=0 uri=nfs://DietPi.local/mnt/4TBS/Spar%20Ladies%202025/10km/DSC_6147.jpg
PIC_NETWORK tid=ThreadId(70) PRIVATE_NFS export_cache_hit host=DietPi.local count=5
PIC_NETWORK tid=ThreadId(70) PRIVATE_NFS read_start uri=nfs://DietPi.local/mnt/4TBS/Spar%20Ladies%202025/10km/DSC_6147.jpg max_bytes=134217728
PIC_NFS stage=read_session_lock elapsed_ms=0 tid=140000001767104 host=DietPi.local export=/mnt/4TBS relative=/Spar Ladies 2025/10km/DSC_6147.jpg outcome=acquired
PIC_NFS_CONNECT reuse host=DietPi.local export=/mnt/4TBS
PIC_NFS stage=file_open elapsed_ms=2 tid=140000001767104 host=DietPi.local export=/mnt/4TBS relative=/Spar Ladies 2025/10km/DSC_6147.jpg outcome=ok
PIC_NFS stage=first_read elapsed_ms=1 tid=140000001767104 host=DietPi.local export=/mnt/4TBS relative=/Spar Ladies 2025/10km/DSC_6147.jpg outcome=ok bytes=65536
PIC_NFS stage=file_read_complete elapsed_ms=15 tid=140000001767104 host=DietPi.local export=/mnt/4TBS relative=/Spar Ladies 2025/10km/DSC_6147.jpg outcome=ok bytes=1297446 calls=7
PIC_NETWORK tid=ThreadId(70) PRIVATE_NFS read_done bytes=1297446 elapsed_ms=18 uri=nfs://DietPi.local/mnt/4TBS/Spar%20Ladies%202025/10km/DSC_6147.jpg
PIC_VIEWER source_cache action=insert bytes=1297446 uri=nfs://DietPi.local/mnt/4TBS/Spar%20Ladies%202025/10km/DSC_6147.jpg
PIC_VIEWER source_cache action=evict bytes=1104115 uri=nfs://DietPi.local/mnt/4TBS/pics-sport/local%20choice/FB-LCC/DSC_1271.jpg
PIC_VIEWER network_done lane=foreground read_ms=18 bytes=1297446 source=network outcome=ok uri=nfs://DietPi.local/mnt/4TBS/Spar%20Ladies%202025/10km/DSC_6147.jpg
PIC_VIEWER decode_stage source_ms=18 cpu_ms=35 uri=nfs://DietPi.local/mnt/4TBS/Spar%20Ladies%202025/10km/DSC_6147.jpg
PIC_VIEWER t_ms=20756 tid=ThreadId(70) decode_done uri=nfs://DietPi.local/mnt/4TBS/Spar%20Ladies%202025/10km/DSC_6147.jpg variant=1124x794 elapsed_ms=57 outcome=ok
PIC_VIEWER t_ms=20756 tid=ThreadId(1) display_apply elapsed_ms=0 uri=nfs://DietPi.local/mnt/4TBS/Spar%20Ladies%202025/10km/DSC_6147.jpg
PIC_VIEWER t_ms=20756 tid=ThreadId(1) display_done lane=foreground source=decode navigation_ms=57 uri=nfs://DietPi.local/mnt/4TBS/Spar%20Ladies%202025/10km/DSC_6147.jpg
PIC_VIEWER t_ms=20756 tid=ThreadId(1) cache_evict uri=nfs://DietPi.local/mnt/4TBS/pics-sport/local%20choice/FB-LCC/DSC_1271.jpg bytes=3367504 remaining_entries=32 remaining_bytes=104425792
PIC_VIEWER t_ms=20949 tid=ThreadId(1) request lane=prefetch action=new uri=nfs://DietPi.local/mnt/4TBS/Spar%20Ladies%202025/10km/DSC_6166.jpg variant=1124x794
PIC_VIEWER t_ms=20949 tid=ThreadId(1) cache_hit lane=prefetch uri=nfs://DietPi.local/mnt/4TBS/Spar%20Ladies%202025/10km/DSC_6074.jpg
PIC_VIEWER t_ms=20949 tid=ThreadId(71) decode_start uri=nfs://DietPi.local/mnt/4TBS/Spar%20Ladies%202025/10km/DSC_6166.jpg variant=1124x794 queue_ms=0
PIC_VIEWER source_cache lane=prefetch action=miss uri=nfs://DietPi.local/mnt/4TBS/Spar%20Ladies%202025/10km/DSC_6166.jpg
PIC_VIEWER network_slot lane=prefetch wait_ms=0 uri=nfs://DietPi.local/mnt/4TBS/Spar%20Ladies%202025/10km/DSC_6166.jpg
PIC_NETWORK tid=ThreadId(71) PRIVATE_NFS export_cache_hit host=DietPi.local count=5
PIC_NETWORK tid=ThreadId(71) PRIVATE_NFS read_start uri=nfs://DietPi.local/mnt/4TBS/Spar%20Ladies%202025/10km/DSC_6166.jpg max_bytes=134217728
PIC_NFS stage=read_session_lock elapsed_ms=0 tid=140000001767104 host=DietPi.local export=/mnt/4TBS relative=/Spar Ladies 2025/10km/DSC_6166.jpg outcome=acquired
PIC_NFS_CONNECT reuse host=DietPi.local export=/mnt/4TBS
PIC_NFS stage=file_open elapsed_ms=2 tid=140000001767104 host=DietPi.local export=/mnt/4TBS relative=/Spar Ladies 2025/10km/DSC_6166.jpg outcome=ok
PIC_NFS stage=first_read elapsed_ms=1 tid=140000001767104 host=DietPi.local export=/mnt/4TBS relative=/Spar Ladies 2025/10km/DSC_6166.jpg outcome=ok bytes=65536
PIC_NFS stage=file_read_complete elapsed_ms=16 tid=140000001767104 host=DietPi.local export=/mnt/4TBS relative=/Spar Ladies 2025/10km/DSC_6166.jpg outcome=ok bytes=1340495 calls=7
PIC_NETWORK tid=ThreadId(71) PRIVATE_NFS read_done bytes=1340495 elapsed_ms=18 uri=nfs://DietPi.local/mnt/4TBS/Spar%20Ladies%202025/10km/DSC_6166.jpg
PIC_VIEWER source_cache action=insert bytes=1340495 uri=nfs://DietPi.local/mnt/4TBS/Spar%20Ladies%202025/10km/DSC_6166.jpg
PIC_VIEWER source_cache action=evict bytes=1192321 uri=nfs://DietPi.local/mnt/4TBS/pics-sport/local%20choice/FB-LCC/DSC_1275.jpg
PIC_VIEWER network_done lane=prefetch read_ms=18 bytes=1340495 source=network outcome=ok uri=nfs://DietPi.local/mnt/4TBS/Spar%20Ladies%202025/10km/DSC_6166.jpg
PIC_VIEWER decode_stage source_ms=18 cpu_ms=39 uri=nfs://DietPi.local/mnt/4TBS/Spar%20Ladies%202025/10km/DSC_6166.jpg
PIC_VIEWER t_ms=21009 tid=ThreadId(71) decode_done uri=nfs://DietPi.local/mnt/4TBS/Spar%20Ladies%202025/10km/DSC_6166.jpg variant=1124x794 elapsed_ms=60 outcome=ok
PIC_VIEWER t_ms=21014 tid=ThreadId(1) cache_evict uri=nfs://DietPi.local/mnt/4TBS/pics-sport/local%20choice/FB-LCC/DSC_1275.jpg bytes=3367504 remaining_entries=32 remaining_bytes=104430288
PIC_VIEWER t_ms=21198 tid=ThreadId(1) show_photo_request generation=90 index=460 uri=nfs://DietPi.local/mnt/4TBS/Spar%20Ladies%202025/10km/DSC_6166.jpg
PIC_VIEWER t_ms=21198 tid=ThreadId(1) cache_hit lane=foreground uri=nfs://DietPi.local/mnt/4TBS/Spar%20Ladies%202025/10km/DSC_6166.jpg
PIC_VIEWER t_ms=21198 tid=ThreadId(1) display_done lane=foreground source=texture_cache navigation_ms=0 uri=nfs://DietPi.local/mnt/4TBS/Spar%20Ladies%202025/10km/DSC_6166.jpg
PIC_VIEWER t_ms=21229 tid=ThreadId(1) show_photo_request generation=91 index=461 uri=nfs://DietPi.local/mnt/4TBS/Spar%20Ladies%202025/10km/DSC_6200.jpg
PIC_VIEWER t_ms=21229 tid=ThreadId(1) request lane=foreground action=new uri=nfs://DietPi.local/mnt/4TBS/Spar%20Ladies%202025/10km/DSC_6200.jpg variant=1124x794
PIC_VIEWER t_ms=21229 tid=ThreadId(72) decode_start uri=nfs://DietPi.local/mnt/4TBS/Spar%20Ladies%202025/10km/DSC_6200.jpg variant=1124x794 queue_ms=0
PIC_VIEWER source_cache lane=foreground action=miss uri=nfs://DietPi.local/mnt/4TBS/Spar%20Ladies%202025/10km/DSC_6200.jpg
PIC_VIEWER network_slot lane=foreground wait_ms=0 uri=nfs://DietPi.local/mnt/4TBS/Spar%20Ladies%202025/10km/DSC_6200.jpg
PIC_NETWORK tid=ThreadId(72) PRIVATE_NFS export_cache_hit host=DietPi.local count=5
PIC_NETWORK tid=ThreadId(72) PRIVATE_NFS read_start uri=nfs://DietPi.local/mnt/4TBS/Spar%20Ladies%202025/10km/DSC_6200.jpg max_bytes=134217728
PIC_NFS stage=read_session_lock elapsed_ms=0 tid=140000001767104 host=DietPi.local export=/mnt/4TBS relative=/Spar Ladies 2025/10km/DSC_6200.jpg outcome=acquired
PIC_NFS_CONNECT reuse host=DietPi.local export=/mnt/4TBS
PIC_NFS stage=file_open elapsed_ms=2 tid=140000001767104 host=DietPi.local export=/mnt/4TBS relative=/Spar Ladies 2025/10km/DSC_6200.jpg outcome=ok
PIC_NFS stage=first_read elapsed_ms=1 tid=140000001767104 host=DietPi.local export=/mnt/4TBS relative=/Spar Ladies 2025/10km/DSC_6200.jpg outcome=ok bytes=65536
PIC_NFS stage=file_read_complete elapsed_ms=16 tid=140000001767104 host=DietPi.local export=/mnt/4TBS relative=/Spar Ladies 2025/10km/DSC_6200.jpg outcome=ok bytes=1292817 calls=7
PIC_NETWORK tid=ThreadId(72) PRIVATE_NFS read_done bytes=1292817 elapsed_ms=17 uri=nfs://DietPi.local/mnt/4TBS/Spar%20Ladies%202025/10km/DSC_6200.jpg
PIC_VIEWER source_cache action=insert bytes=1292817 uri=nfs://DietPi.local/mnt/4TBS/Spar%20Ladies%202025/10km/DSC_6200.jpg
PIC_VIEWER source_cache action=evict bytes=1130302 uri=nfs://DietPi.local/mnt/4TBS/pics-sport/local%20choice/FB-LCC/DSC_1276.jpg
PIC_VIEWER network_done lane=foreground read_ms=17 bytes=1292817 source=network outcome=ok uri=nfs://DietPi.local/mnt/4TBS/Spar%20Ladies%202025/10km/DSC_6200.jpg
PIC_VIEWER decode_stage source_ms=17 cpu_ms=36 uri=nfs://DietPi.local/mnt/4TBS/Spar%20Ladies%202025/10km/DSC_6200.jpg
PIC_VIEWER t_ms=21286 tid=ThreadId(72) decode_done uri=nfs://DietPi.local/mnt/4TBS/Spar%20Ladies%202025/10km/DSC_6200.jpg variant=1124x794 elapsed_ms=56 outcome=ok
PIC_VIEWER t_ms=21286 tid=ThreadId(1) display_apply elapsed_ms=0 uri=nfs://DietPi.local/mnt/4TBS/Spar%20Ladies%202025/10km/DSC_6200.jpg
PIC_VIEWER t_ms=21286 tid=ThreadId(1) display_done lane=foreground source=decode navigation_ms=57 uri=nfs://DietPi.local/mnt/4TBS/Spar%20Ladies%202025/10km/DSC_6200.jpg
PIC_VIEWER t_ms=21286 tid=ThreadId(1) cache_evict uri=nfs://DietPi.local/mnt/4TBS/pics-sport/local%20choice/FB-LCC/DSC_1276.jpg bytes=3367504 remaining_entries=32 remaining_bytes=104434784
PIC_VIEWER t_ms=21289 tid=ThreadId(1) show_photo_request generation=92 index=462 uri=nfs://DietPi.local/mnt/4TBS/Spar%20Ladies%202025/10km/DSC_6224.jpg
PIC_VIEWER t_ms=21289 tid=ThreadId(1) request lane=foreground action=new uri=nfs://DietPi.local/mnt/4TBS/Spar%20Ladies%202025/10km/DSC_6224.jpg variant=1124x794
PIC_VIEWER t_ms=21289 tid=ThreadId(73) decode_start uri=nfs://DietPi.local/mnt/4TBS/Spar%20Ladies%202025/10km/DSC_6224.jpg variant=1124x794 queue_ms=0
PIC_VIEWER source_cache lane=foreground action=miss uri=nfs://DietPi.local/mnt/4TBS/Spar%20Ladies%202025/10km/DSC_6224.jpg
PIC_VIEWER network_slot lane=foreground wait_ms=0 uri=nfs://DietPi.local/mnt/4TBS/Spar%20Ladies%202025/10km/DSC_6224.jpg
PIC_NETWORK tid=ThreadId(73) PRIVATE_NFS export_cache_hit host=DietPi.local count=5
PIC_NETWORK tid=ThreadId(73) PRIVATE_NFS read_start uri=nfs://DietPi.local/mnt/4TBS/Spar%20Ladies%202025/10km/DSC_6224.jpg max_bytes=134217728
PIC_NFS stage=read_session_lock elapsed_ms=0 tid=140000001767104 host=DietPi.local export=/mnt/4TBS relative=/Spar Ladies 2025/10km/DSC_6224.jpg outcome=acquired
PIC_NFS_CONNECT reuse host=DietPi.local export=/mnt/4TBS
PIC_NFS stage=file_open elapsed_ms=2 tid=140000001767104 host=DietPi.local export=/mnt/4TBS relative=/Spar Ladies 2025/10km/DSC_6224.jpg outcome=ok
PIC_NFS stage=first_read elapsed_ms=1 tid=140000001767104 host=DietPi.local export=/mnt/4TBS relative=/Spar Ladies 2025/10km/DSC_6224.jpg outcome=ok bytes=65536
PIC_NFS stage=file_read_complete elapsed_ms=15 tid=140000001767104 host=DietPi.local export=/mnt/4TBS relative=/Spar Ladies 2025/10km/DSC_6224.jpg outcome=ok bytes=1217726 calls=7
PIC_NETWORK tid=ThreadId(73) PRIVATE_NFS read_done bytes=1217726 elapsed_ms=16 uri=nfs://DietPi.local/mnt/4TBS/Spar%20Ladies%202025/10km/DSC_6224.jpg
PIC_VIEWER source_cache action=insert bytes=1217726 uri=nfs://DietPi.local/mnt/4TBS/Spar%20Ladies%202025/10km/DSC_6224.jpg
PIC_VIEWER source_cache action=evict bytes=1224901 uri=nfs://DietPi.local/mnt/4TBS/pics-sport/local%20choice/FB-LCC/DSC_1277.jpg
PIC_VIEWER network_done lane=foreground read_ms=16 bytes=1217726 source=network outcome=ok uri=nfs://DietPi.local/mnt/4TBS/Spar%20Ladies%202025/10km/DSC_6224.jpg
PIC_VIEWER decode_stage source_ms=17 cpu_ms=35 uri=nfs://DietPi.local/mnt/4TBS/Spar%20Ladies%202025/10km/DSC_6224.jpg
PIC_VIEWER t_ms=21344 tid=ThreadId(73) decode_done uri=nfs://DietPi.local/mnt/4TBS/Spar%20Ladies%202025/10km/DSC_6224.jpg variant=1124x794 elapsed_ms=55 outcome=ok
PIC_VIEWER t_ms=21344 tid=ThreadId(1) display_apply elapsed_ms=0 uri=nfs://DietPi.local/mnt/4TBS/Spar%20Ladies%202025/10km/DSC_6224.jpg
PIC_VIEWER t_ms=21344 tid=ThreadId(1) display_done lane=foreground source=decode navigation_ms=55 uri=nfs://DietPi.local/mnt/4TBS/Spar%20Ladies%202025/10km/DSC_6224.jpg
PIC_VIEWER t_ms=21344 tid=ThreadId(1) cache_evict uri=nfs://DietPi.local/mnt/4TBS/pics-sport/local%20choice/FB-LCC/DSC_1277.jpg bytes=3367504 remaining_entries=32 remaining_bytes=104439280
PIC_VIEWER t_ms=21349 tid=ThreadId(1) show_photo_request generation=93 index=463 uri=nfs://DietPi.local/mnt/4TBS/Spar%20Ladies%202025/10km/DSC_6325.jpg
PIC_VIEWER t_ms=21349 tid=ThreadId(1) request lane=foreground action=new uri=nfs://DietPi.local/mnt/4TBS/Spar%20Ladies%202025/10km/DSC_6325.jpg variant=1124x794
PIC_VIEWER t_ms=21349 tid=ThreadId(74) decode_start uri=nfs://DietPi.local/mnt/4TBS/Spar%20Ladies%202025/10km/DSC_6325.jpg variant=1124x794 queue_ms=0
PIC_VIEWER source_cache lane=foreground action=miss uri=nfs://DietPi.local/mnt/4TBS/Spar%20Ladies%202025/10km/DSC_6325.jpg
PIC_VIEWER network_slot lane=foreground wait_ms=0 uri=nfs://DietPi.local/mnt/4TBS/Spar%20Ladies%202025/10km/DSC_6325.jpg
PIC_NETWORK tid=ThreadId(74) PRIVATE_NFS export_cache_hit host=DietPi.local count=5
PIC_NETWORK tid=ThreadId(74) PRIVATE_NFS read_start uri=nfs://DietPi.local/mnt/4TBS/Spar%20Ladies%202025/10km/DSC_6325.jpg max_bytes=134217728
PIC_NFS stage=read_session_lock elapsed_ms=0 tid=140000001767104 host=DietPi.local export=/mnt/4TBS relative=/Spar Ladies 2025/10km/DSC_6325.jpg outcome=acquired
PIC_NFS_CONNECT reuse host=DietPi.local export=/mnt/4TBS
PIC_NFS stage=file_open elapsed_ms=2 tid=140000001767104 host=DietPi.local export=/mnt/4TBS relative=/Spar Ladies 2025/10km/DSC_6325.jpg outcome=ok
PIC_NFS stage=first_read elapsed_ms=1 tid=140000001767104 host=DietPi.local export=/mnt/4TBS relative=/Spar Ladies 2025/10km/DSC_6325.jpg outcome=ok bytes=65536
PIC_NFS stage=file_read_complete elapsed_ms=21 tid=140000001767104 host=DietPi.local export=/mnt/4TBS relative=/Spar Ladies 2025/10km/DSC_6325.jpg outcome=ok bytes=1893682 calls=7
PIC_NETWORK tid=ThreadId(74) PRIVATE_NFS read_done bytes=1893682 elapsed_ms=23 uri=nfs://DietPi.local/mnt/4TBS/Spar%20Ladies%202025/10km/DSC_6325.jpg
PIC_VIEWER source_cache action=insert bytes=1893682 uri=nfs://DietPi.local/mnt/4TBS/Spar%20Ladies%202025/10km/DSC_6325.jpg
PIC_VIEWER source_cache action=evict bytes=1140684 uri=nfs://DietPi.local/mnt/4TBS/pics-sport/local%20choice/FB-LCC/DSC_1282.jpg
PIC_VIEWER network_done lane=foreground read_ms=23 bytes=1893682 source=network outcome=ok uri=nfs://DietPi.local/mnt/4TBS/Spar%20Ladies%202025/10km/DSC_6325.jpg
PIC_VIEWER decode_stage source_ms=23 cpu_ms=41 uri=nfs://DietPi.local/mnt/4TBS/Spar%20Ladies%202025/10km/DSC_6325.jpg
PIC_VIEWER t_ms=21416 tid=ThreadId(74) decode_done uri=nfs://DietPi.local/mnt/4TBS/Spar%20Ladies%202025/10km/DSC_6325.jpg variant=1124x794 elapsed_ms=67 outcome=ok
PIC_VIEWER t_ms=21417 tid=ThreadId(1) display_apply elapsed_ms=0 uri=nfs://DietPi.local/mnt/4TBS/Spar%20Ladies%202025/10km/DSC_6325.jpg
PIC_VIEWER t_ms=21417 tid=ThreadId(1) display_done lane=foreground source=decode navigation_ms=68 uri=nfs://DietPi.local/mnt/4TBS/Spar%20Ladies%202025/10km/DSC_6325.jpg
PIC_VIEWER t_ms=21417 tid=ThreadId(1) cache_evict uri=nfs://DietPi.local/mnt/4TBS/pics-sport/local%20choice/FB-LCC/DSC_1283.jpg bytes=3367504 remaining_entries=32 remaining_bytes=104443776
PIC_VIEWER t_ms=21439 tid=ThreadId(1) show_photo_request generation=94 index=464 uri=nfs://DietPi.local/mnt/4TBS/Spar%20Ladies%202025/10km/DSC_6355.jpg
PIC_VIEWER t_ms=21439 tid=ThreadId(1) request lane=foreground action=new uri=nfs://DietPi.local/mnt/4TBS/Spar%20Ladies%202025/10km/DSC_6355.jpg variant=1124x794
PIC_VIEWER t_ms=21439 tid=ThreadId(75) decode_start uri=nfs://DietPi.local/mnt/4TBS/Spar%20Ladies%202025/10km/DSC_6355.jpg variant=1124x794 queue_ms=0
PIC_VIEWER source_cache lane=foreground action=miss uri=nfs://DietPi.local/mnt/4TBS/Spar%20Ladies%202025/10km/DSC_6355.jpg
PIC_VIEWER network_slot lane=foreground wait_ms=0 uri=nfs://DietPi.local/mnt/4TBS/Spar%20Ladies%202025/10km/DSC_6355.jpg
PIC_NETWORK tid=ThreadId(75) PRIVATE_NFS export_cache_hit host=DietPi.local count=5
PIC_NETWORK tid=ThreadId(75) PRIVATE_NFS read_start uri=nfs://DietPi.local/mnt/4TBS/Spar%20Ladies%202025/10km/DSC_6355.jpg max_bytes=134217728
PIC_NFS stage=read_session_lock elapsed_ms=0 tid=140000001767104 host=DietPi.local export=/mnt/4TBS relative=/Spar Ladies 2025/10km/DSC_6355.jpg outcome=acquired
PIC_NFS_CONNECT reuse host=DietPi.local export=/mnt/4TBS
PIC_NFS stage=file_open elapsed_ms=2 tid=140000001767104 host=DietPi.local export=/mnt/4TBS relative=/Spar Ladies 2025/10km/DSC_6355.jpg outcome=ok
PIC_NFS stage=first_read elapsed_ms=1 tid=140000001767104 host=DietPi.local export=/mnt/4TBS relative=/Spar Ladies 2025/10km/DSC_6355.jpg outcome=ok bytes=65536
PIC_NFS stage=file_read_complete elapsed_ms=21 tid=140000001767104 host=DietPi.local export=/mnt/4TBS relative=/Spar Ladies 2025/10km/DSC_6355.jpg outcome=ok bytes=1877944 calls=7
PIC_NETWORK tid=ThreadId(75) PRIVATE_NFS read_done bytes=1877944 elapsed_ms=23 uri=nfs://DietPi.local/mnt/4TBS/Spar%20Ladies%202025/10km/DSC_6355.jpg
PIC_VIEWER source_cache action=insert bytes=1877944 uri=nfs://DietPi.local/mnt/4TBS/Spar%20Ladies%202025/10km/DSC_6355.jpg
PIC_VIEWER source_cache action=evict bytes=1041766 uri=nfs://DietPi.local/mnt/4TBS/pics-sport/local%20choice/FB-LCC/DSC_1283.jpg
PIC_VIEWER network_done lane=foreground read_ms=23 bytes=1877944 source=network outcome=ok uri=nfs://DietPi.local/mnt/4TBS/Spar%20Ladies%202025/10km/DSC_6355.jpg
PIC_VIEWER decode_stage source_ms=23 cpu_ms=42 uri=nfs://DietPi.local/mnt/4TBS/Spar%20Ladies%202025/10km/DSC_6355.jpg
PIC_VIEWER t_ms=21507 tid=ThreadId(75) decode_done uri=nfs://DietPi.local/mnt/4TBS/Spar%20Ladies%202025/10km/DSC_6355.jpg variant=1124x794 elapsed_ms=68 outcome=ok
PIC_VIEWER t_ms=21509 tid=ThreadId(1) display_apply elapsed_ms=1 uri=nfs://DietPi.local/mnt/4TBS/Spar%20Ladies%202025/10km/DSC_6355.jpg
PIC_VIEWER t_ms=21509 tid=ThreadId(1) display_done lane=foreground source=decode navigation_ms=69 uri=nfs://DietPi.local/mnt/4TBS/Spar%20Ladies%202025/10km/DSC_6355.jpg
PIC_VIEWER t_ms=21509 tid=ThreadId(1) cache_evict uri=nfs://DietPi.local/mnt/4TBS/pics-sport/local%20choice/FB-LCC/DSC_1282.jpg bytes=3367504 remaining_entries=32 remaining_bytes=104448272
PIC_VIEWER t_ms=21529 tid=ThreadId(1) show_photo_request generation=95 index=465 uri=nfs://DietPi.local/mnt/4TBS/Spar%20Ladies%202025/10km/DSC_6401.jpg
PIC_VIEWER t_ms=21529 tid=ThreadId(1) request lane=foreground action=new uri=nfs://DietPi.local/mnt/4TBS/Spar%20Ladies%202025/10km/DSC_6401.jpg variant=1124x794
PIC_VIEWER t_ms=21529 tid=ThreadId(76) decode_start uri=nfs://DietPi.local/mnt/4TBS/Spar%20Ladies%202025/10km/DSC_6401.jpg variant=1124x794 queue_ms=0
PIC_VIEWER source_cache lane=foreground action=miss uri=nfs://DietPi.local/mnt/4TBS/Spar%20Ladies%202025/10km/DSC_6401.jpg
PIC_VIEWER network_slot lane=foreground wait_ms=0 uri=nfs://DietPi.local/mnt/4TBS/Spar%20Ladies%202025/10km/DSC_6401.jpg
PIC_NETWORK tid=ThreadId(76) PRIVATE_NFS export_cache_hit host=DietPi.local count=5
PIC_NETWORK tid=ThreadId(76) PRIVATE_NFS read_start uri=nfs://DietPi.local/mnt/4TBS/Spar%20Ladies%202025/10km/DSC_6401.jpg max_bytes=134217728
PIC_NFS stage=read_session_lock elapsed_ms=0 tid=140000001767104 host=DietPi.local export=/mnt/4TBS relative=/Spar Ladies 2025/10km/DSC_6401.jpg outcome=acquired
PIC_NFS_CONNECT reuse host=DietPi.local export=/mnt/4TBS
PIC_NFS stage=file_open elapsed_ms=2 tid=140000001767104 host=DietPi.local export=/mnt/4TBS relative=/Spar Ladies 2025/10km/DSC_6401.jpg outcome=ok
PIC_NFS stage=first_read elapsed_ms=1 tid=140000001767104 host=DietPi.local export=/mnt/4TBS relative=/Spar Ladies 2025/10km/DSC_6401.jpg outcome=ok bytes=65536
PIC_NFS stage=file_read_complete elapsed_ms=15 tid=140000001767104 host=DietPi.local export=/mnt/4TBS relative=/Spar Ladies 2025/10km/DSC_6401.jpg outcome=ok bytes=1191540 calls=7
PIC_NETWORK tid=ThreadId(76) PRIVATE_NFS read_done bytes=1191540 elapsed_ms=16 uri=nfs://DietPi.local/mnt/4TBS/Spar%20Ladies%202025/10km/DSC_6401.jpg
PIC_VIEWER source_cache action=insert bytes=1191540 uri=nfs://DietPi.local/mnt/4TBS/Spar%20Ladies%202025/10km/DSC_6401.jpg
PIC_VIEWER source_cache action=evict bytes=1115743 uri=nfs://DietPi.local/mnt/4TBS/pics-sport/local%20choice/FB-LCC/DSC_1281.jpg
PIC_VIEWER network_done lane=foreground read_ms=16 bytes=1191540 source=network outcome=ok uri=nfs://DietPi.local/mnt/4TBS/Spar%20Ladies%202025/10km/DSC_6401.jpg
PIC_VIEWER decode_stage source_ms=16 cpu_ms=36 uri=nfs://DietPi.local/mnt/4TBS/Spar%20Ladies%202025/10km/DSC_6401.jpg
PIC_VIEWER t_ms=21584 tid=ThreadId(76) decode_done uri=nfs://DietPi.local/mnt/4TBS/Spar%20Ladies%202025/10km/DSC_6401.jpg variant=1124x794 elapsed_ms=55 outcome=ok
PIC_VIEWER t_ms=21585 tid=ThreadId(1) display_apply elapsed_ms=0 uri=nfs://DietPi.local/mnt/4TBS/Spar%20Ladies%202025/10km/DSC_6401.jpg
PIC_VIEWER t_ms=21585 tid=ThreadId(1) display_done lane=foreground source=decode navigation_ms=56 uri=nfs://DietPi.local/mnt/4TBS/Spar%20Ladies%202025/10km/DSC_6401.jpg
PIC_VIEWER t_ms=21585 tid=ThreadId(1) cache_evict uri=nfs://DietPi.local/mnt/4TBS/pics-sport/local%20choice/FB-LCC/DSC_1281.jpg bytes=3367504 remaining_entries=32 remaining_bytes=104452768
PIC_VIEWER t_ms=21589 tid=ThreadId(1) show_photo_request generation=96 index=466 uri=nfs://DietPi.local/mnt/4TBS/Spar%20Ladies%202025/10km/DSC_6415.jpg
PIC_VIEWER t_ms=21589 tid=ThreadId(1) request lane=foreground action=new uri=nfs://DietPi.local/mnt/4TBS/Spar%20Ladies%202025/10km/DSC_6415.jpg variant=1124x794
PIC_VIEWER t_ms=21589 tid=ThreadId(77) decode_start uri=nfs://DietPi.local/mnt/4TBS/Spar%20Ladies%202025/10km/DSC_6415.jpg variant=1124x794 queue_ms=0
PIC_VIEWER source_cache lane=foreground action=miss uri=nfs://DietPi.local/mnt/4TBS/Spar%20Ladies%202025/10km/DSC_6415.jpg
PIC_VIEWER network_slot lane=foreground wait_ms=0 uri=nfs://DietPi.local/mnt/4TBS/Spar%20Ladies%202025/10km/DSC_6415.jpg
PIC_NETWORK tid=ThreadId(77) PRIVATE_NFS export_cache_hit host=DietPi.local count=5
PIC_NETWORK tid=ThreadId(77) PRIVATE_NFS read_start uri=nfs://DietPi.local/mnt/4TBS/Spar%20Ladies%202025/10km/DSC_6415.jpg max_bytes=134217728
PIC_NFS stage=read_session_lock elapsed_ms=0 tid=140000001767104 host=DietPi.local export=/mnt/4TBS relative=/Spar Ladies 2025/10km/DSC_6415.jpg outcome=acquired
PIC_NFS_CONNECT reuse host=DietPi.local export=/mnt/4TBS
PIC_NFS stage=file_open elapsed_ms=2 tid=140000001767104 host=DietPi.local export=/mnt/4TBS relative=/Spar Ladies 2025/10km/DSC_6415.jpg outcome=ok
PIC_NFS stage=first_read elapsed_ms=1 tid=140000001767104 host=DietPi.local export=/mnt/4TBS relative=/Spar Ladies 2025/10km/DSC_6415.jpg outcome=ok bytes=65536
PIC_NFS stage=file_read_complete elapsed_ms=19 tid=140000001767104 host=DietPi.local export=/mnt/4TBS relative=/Spar Ladies 2025/10km/DSC_6415.jpg outcome=ok bytes=1586993 calls=7
PIC_NETWORK tid=ThreadId(77) PRIVATE_NFS read_done bytes=1586993 elapsed_ms=20 uri=nfs://DietPi.local/mnt/4TBS/Spar%20Ladies%202025/10km/DSC_6415.jpg
PIC_VIEWER source_cache action=insert bytes=1586993 uri=nfs://DietPi.local/mnt/4TBS/Spar%20Ladies%202025/10km/DSC_6415.jpg
PIC_VIEWER source_cache action=evict bytes=1154206 uri=nfs://DietPi.local/mnt/4TBS/pics-sport/local%20choice/FB-LCC/DSC_1274.jpg
PIC_VIEWER network_done lane=foreground read_ms=20 bytes=1586993 source=network outcome=ok uri=nfs://DietPi.local/mnt/4TBS/Spar%20Ladies%202025/10km/DSC_6415.jpg
PIC_VIEWER decode_stage source_ms=20 cpu_ms=38 uri=nfs://DietPi.local/mnt/4TBS/Spar%20Ladies%202025/10km/DSC_6415.jpg
PIC_VIEWER t_ms=21653 tid=ThreadId(77) decode_done uri=nfs://DietPi.local/mnt/4TBS/Spar%20Ladies%202025/10km/DSC_6415.jpg variant=1124x794 elapsed_ms=63 outcome=ok
PIC_VIEWER t_ms=21654 tid=ThreadId(1) display_apply elapsed_ms=0 uri=nfs://DietPi.local/mnt/4TBS/Spar%20Ladies%202025/10km/DSC_6415.jpg
PIC_VIEWER t_ms=21654 tid=ThreadId(1) display_done lane=foreground source=decode navigation_ms=64 uri=nfs://DietPi.local/mnt/4TBS/Spar%20Ladies%202025/10km/DSC_6415.jpg
PIC_VIEWER t_ms=21654 tid=ThreadId(1) cache_evict uri=nfs://DietPi.local/mnt/4TBS/pics-sport/local%20choice/FB-LCC/DSC_1274.jpg bytes=3367504 remaining_entries=32 remaining_bytes=104457264
PIC_VIEWER t_ms=21680 tid=ThreadId(1) show_photo_request generation=97 index=467 uri=nfs://DietPi.local/mnt/4TBS/Spar%20Ladies%202025/10km/DSC_6423.jpg
PIC_VIEWER t_ms=21680 tid=ThreadId(1) request lane=foreground action=new uri=nfs://DietPi.local/mnt/4TBS/Spar%20Ladies%202025/10km/DSC_6423.jpg variant=1124x794
PIC_VIEWER t_ms=21680 tid=ThreadId(78) decode_start uri=nfs://DietPi.local/mnt/4TBS/Spar%20Ladies%202025/10km/DSC_6423.jpg variant=1124x794 queue_ms=0
PIC_VIEWER source_cache lane=foreground action=miss uri=nfs://DietPi.local/mnt/4TBS/Spar%20Ladies%202025/10km/DSC_6423.jpg
PIC_VIEWER network_slot lane=foreground wait_ms=0 uri=nfs://DietPi.local/mnt/4TBS/Spar%20Ladies%202025/10km/DSC_6423.jpg
PIC_NETWORK tid=ThreadId(78) PRIVATE_NFS export_cache_hit host=DietPi.local count=5
PIC_NETWORK tid=ThreadId(78) PRIVATE_NFS read_start uri=nfs://DietPi.local/mnt/4TBS/Spar%20Ladies%202025/10km/DSC_6423.jpg max_bytes=134217728
PIC_NFS stage=read_session_lock elapsed_ms=0 tid=140000001767104 host=DietPi.local export=/mnt/4TBS relative=/Spar Ladies 2025/10km/DSC_6423.jpg outcome=acquired
PIC_NFS_CONNECT reuse host=DietPi.local export=/mnt/4TBS
PIC_NFS stage=file_open elapsed_ms=2 tid=140000001767104 host=DietPi.local export=/mnt/4TBS relative=/Spar Ladies 2025/10km/DSC_6423.jpg outcome=ok
PIC_NFS stage=first_read elapsed_ms=1 tid=140000001767104 host=DietPi.local export=/mnt/4TBS relative=/Spar Ladies 2025/10km/DSC_6423.jpg outcome=ok bytes=65536
PIC_NFS stage=file_read_complete elapsed_ms=17 tid=140000001767104 host=DietPi.local export=/mnt/4TBS relative=/Spar Ladies 2025/10km/DSC_6423.jpg outcome=ok bytes=1351134 calls=7
PIC_NETWORK tid=ThreadId(78) PRIVATE_NFS read_done bytes=1351134 elapsed_ms=18 uri=nfs://DietPi.local/mnt/4TBS/Spar%20Ladies%202025/10km/DSC_6423.jpg
PIC_VIEWER source_cache action=insert bytes=1351134 uri=nfs://DietPi.local/mnt/4TBS/Spar%20Ladies%202025/10km/DSC_6423.jpg
PIC_VIEWER source_cache action=evict bytes=1138888 uri=nfs://DietPi.local/mnt/4TBS/pics-sport/local%20choice/FB-LCC/DSC_1273.jpg
PIC_VIEWER network_done lane=foreground read_ms=18 bytes=1351134 source=network outcome=ok uri=nfs://DietPi.local/mnt/4TBS/Spar%20Ladies%202025/10km/DSC_6423.jpg
PIC_VIEWER decode_stage source_ms=18 cpu_ms=37 uri=nfs://DietPi.local/mnt/4TBS/Spar%20Ladies%202025/10km/DSC_6423.jpg
PIC_VIEWER t_ms=21738 tid=ThreadId(78) decode_done uri=nfs://DietPi.local/mnt/4TBS/Spar%20Ladies%202025/10km/DSC_6423.jpg variant=1124x794 elapsed_ms=58 outcome=ok
PIC_VIEWER t_ms=21739 tid=ThreadId(1) display_apply elapsed_ms=0 uri=nfs://DietPi.local/mnt/4TBS/Spar%20Ladies%202025/10km/DSC_6423.jpg
PIC_VIEWER t_ms=21739 tid=ThreadId(1) display_done lane=foreground source=decode navigation_ms=59 uri=nfs://DietPi.local/mnt/4TBS/Spar%20Ladies%202025/10km/DSC_6423.jpg
PIC_VIEWER t_ms=21739 tid=ThreadId(1) cache_evict uri=nfs://DietPi.local/mnt/4TBS/pics-sport/local%20choice/FB-LCC/DSC_1273.jpg bytes=3367504 remaining_entries=32 remaining_bytes=104461760
PIC_VIEWER t_ms=21740 tid=ThreadId(1) show_photo_request generation=98 index=468 uri=nfs://DietPi.local/mnt/4TBS/Spar%20Ladies%202025/10km/DSC_6424.jpg
PIC_VIEWER t_ms=21740 tid=ThreadId(1) request lane=foreground action=new uri=nfs://DietPi.local/mnt/4TBS/Spar%20Ladies%202025/10km/DSC_6424.jpg variant=1124x794
PIC_VIEWER t_ms=21740 tid=ThreadId(79) decode_start uri=nfs://DietPi.local/mnt/4TBS/Spar%20Ladies%202025/10km/DSC_6424.jpg variant=1124x794 queue_ms=0
PIC_VIEWER source_cache lane=foreground action=miss uri=nfs://DietPi.local/mnt/4TBS/Spar%20Ladies%202025/10km/DSC_6424.jpg
PIC_VIEWER network_slot lane=foreground wait_ms=0 uri=nfs://DietPi.local/mnt/4TBS/Spar%20Ladies%202025/10km/DSC_6424.jpg
PIC_NETWORK tid=ThreadId(79) PRIVATE_NFS export_cache_hit host=DietPi.local count=5
PIC_NETWORK tid=ThreadId(79) PRIVATE_NFS read_start uri=nfs://DietPi.local/mnt/4TBS/Spar%20Ladies%202025/10km/DSC_6424.jpg max_bytes=134217728
PIC_NFS stage=read_session_lock elapsed_ms=0 tid=140000001767104 host=DietPi.local export=/mnt/4TBS relative=/Spar Ladies 2025/10km/DSC_6424.jpg outcome=acquired
PIC_NFS_CONNECT reuse host=DietPi.local export=/mnt/4TBS
PIC_NFS stage=file_open elapsed_ms=2 tid=140000001767104 host=DietPi.local export=/mnt/4TBS relative=/Spar Ladies 2025/10km/DSC_6424.jpg outcome=ok
PIC_NFS stage=first_read elapsed_ms=1 tid=140000001767104 host=DietPi.local export=/mnt/4TBS relative=/Spar Ladies 2025/10km/DSC_6424.jpg outcome=ok bytes=65536
PIC_NFS stage=file_read_complete elapsed_ms=18 tid=140000001767104 host=DietPi.local export=/mnt/4TBS relative=/Spar Ladies 2025/10km/DSC_6424.jpg outcome=ok bytes=1506280 calls=7
PIC_NETWORK tid=ThreadId(79) PRIVATE_NFS read_done bytes=1506280 elapsed_ms=20 uri=nfs://DietPi.local/mnt/4TBS/Spar%20Ladies%202025/10km/DSC_6424.jpg
PIC_VIEWER source_cache action=insert bytes=1506280 uri=nfs://DietPi.local/mnt/4TBS/Spar%20Ladies%202025/10km/DSC_6424.jpg
PIC_VIEWER source_cache action=evict bytes=1009828 uri=nfs://DietPi.local/mnt/4TBS/pics-sport/local%20choice/FB-LCC/DSC_1236.jpg
PIC_VIEWER network_done lane=foreground read_ms=20 bytes=1506280 source=network outcome=ok uri=nfs://DietPi.local/mnt/4TBS/Spar%20Ladies%202025/10km/DSC_6424.jpg
PIC_VIEWER decode_stage source_ms=20 cpu_ms=38 uri=nfs://DietPi.local/mnt/4TBS/Spar%20Ladies%202025/10km/DSC_6424.jpg
PIC_VIEWER t_ms=21802 tid=ThreadId(79) decode_done uri=nfs://DietPi.local/mnt/4TBS/Spar%20Ladies%202025/10km/DSC_6424.jpg variant=1124x794 elapsed_ms=61 outcome=ok
PIC_VIEWER t_ms=21802 tid=ThreadId(1) display_apply elapsed_ms=0 uri=nfs://DietPi.local/mnt/4TBS/Spar%20Ladies%202025/10km/DSC_6424.jpg
PIC_VIEWER t_ms=21802 tid=ThreadId(1) display_done lane=foreground source=decode navigation_ms=62 uri=nfs://DietPi.local/mnt/4TBS/Spar%20Ladies%202025/10km/DSC_6424.jpg
PIC_VIEWER t_ms=21802 tid=ThreadId(1) cache_evict uri=nfs://DietPi.local/mnt/4TBS/pics-sport/local%20choice/FB-LCC/DSC_1264.jpg bytes=3372000 remaining_entries=32 remaining_bytes=104461760
PIC_VIEWER t_ms=21990 tid=ThreadId(1) request lane=prefetch action=new uri=nfs://DietPi.local/mnt/4TBS/Spar%20Ladies%202025/10km/DSC_6454.jpg variant=1124x794
PIC_VIEWER t_ms=21990 tid=ThreadId(1) cache_hit lane=prefetch uri=nfs://DietPi.local/mnt/4TBS/Spar%20Ladies%202025/10km/DSC_6423.jpg
PIC_VIEWER t_ms=21990 tid=ThreadId(80) decode_start uri=nfs://DietPi.local/mnt/4TBS/Spar%20Ladies%202025/10km/DSC_6454.jpg variant=1124x794 queue_ms=0
PIC_VIEWER source_cache lane=prefetch action=miss uri=nfs://DietPi.local/mnt/4TBS/Spar%20Ladies%202025/10km/DSC_6454.jpg
PIC_VIEWER network_slot lane=prefetch wait_ms=0 uri=nfs://DietPi.local/mnt/4TBS/Spar%20Ladies%202025/10km/DSC_6454.jpg
PIC_NETWORK tid=ThreadId(80) PRIVATE_NFS export_cache_hit host=DietPi.local count=5
PIC_NETWORK tid=ThreadId(80) PRIVATE_NFS read_start uri=nfs://DietPi.local/mnt/4TBS/Spar%20Ladies%202025/10km/DSC_6454.jpg max_bytes=134217728
PIC_NFS stage=read_session_lock elapsed_ms=0 tid=140000001767104 host=DietPi.local export=/mnt/4TBS relative=/Spar Ladies 2025/10km/DSC_6454.jpg outcome=acquired
PIC_NFS_CONNECT reuse host=DietPi.local export=/mnt/4TBS
PIC_NFS stage=file_open elapsed_ms=2 tid=140000001767104 host=DietPi.local export=/mnt/4TBS relative=/Spar Ladies 2025/10km/DSC_6454.jpg outcome=ok
PIC_NFS stage=first_read elapsed_ms=1 tid=140000001767104 host=DietPi.local export=/mnt/4TBS relative=/Spar Ladies 2025/10km/DSC_6454.jpg outcome=ok bytes=65536
PIC_NFS stage=file_read_complete elapsed_ms=16 tid=140000001767104 host=DietPi.local export=/mnt/4TBS relative=/Spar Ladies 2025/10km/DSC_6454.jpg outcome=ok bytes=1292690 calls=7
PIC_NETWORK tid=ThreadId(80) PRIVATE_NFS read_done bytes=1292690 elapsed_ms=18 uri=nfs://DietPi.local/mnt/4TBS/Spar%20Ladies%202025/10km/DSC_6454.jpg
PIC_VIEWER source_cache action=insert bytes=1292690 uri=nfs://DietPi.local/mnt/4TBS/Spar%20Ladies%202025/10km/DSC_6454.jpg
PIC_VIEWER source_cache action=evict bytes=1380416 uri=nfs://DietPi.local/mnt/4TBS/pics-sport/local%20choice/FB-LCC/DSC_1235.jpg
PIC_VIEWER network_done lane=prefetch read_ms=18 bytes=1292690 source=network outcome=ok uri=nfs://DietPi.local/mnt/4TBS/Spar%20Ladies%202025/10km/DSC_6454.jpg
PIC_VIEWER decode_stage source_ms=18 cpu_ms=36 uri=nfs://DietPi.local/mnt/4TBS/Spar%20Ladies%202025/10km/DSC_6454.jpg
PIC_VIEWER t_ms=22048 tid=ThreadId(80) decode_done uri=nfs://DietPi.local/mnt/4TBS/Spar%20Ladies%202025/10km/DSC_6454.jpg variant=1124x794 elapsed_ms=57 outcome=ok
PIC_VIEWER t_ms=22048 tid=ThreadId(1) cache_evict uri=nfs://DietPi.local/mnt/4TBS/pics-sport/local%20choice/FB-LCC/DSC_1263.jpg bytes=3367504 remaining_entries=32 remaining_bytes=104466256
